Step,Step Type,"t,s","I,A","U,V"
21,CC DChg,0.0,-1.6985,3.9248
21,CC DChg,0.4242424242402194,-1.6985,3.9248
21,CC DChg,0.8484848484804388,-1.6986,3.9238
21,CC DChg,1.272727272749762,-1.6989,3.9235
21,CC DChg,1.6969696969899815,-1.6991,3.9228
21,CC DChg,2.121212121230201,-1.6992,3.9221
21,CC DChg,2.5454545454704203,-1.6993,3.9216
21,CC DChg,2.9696969697106397,-1.6994,3.9211
21,CC DChg,3.393939393950859,-1.6994,3.9207
21,CC DChg,3.8181818182056304,-1.6994,3.9203
21,CC DChg,4.24242424244585,-1.6995,3.9199
21,CC DChg,4.371900826488854,-1.6995,3.9195
21,CC DChg,4.501377410488203,-1.6995,3.9192
21,CC DChg,4.630853994531208,-1.6995,3.9189
21,CC DChg,4.7603305785305565,-1.6995,3.9186
21,CC DChg,4.889807162559009,-1.6996,3.9183
21,CC DChg,5.01928374657291,-1.6996,3.918
21,CC DChg,5.1487603306013625,-1.6996,3.9177
21,CC DChg,5.278236914600711,-1.6996,3.9175
21,CC DChg,5.407713498643716,-1.6996,3.9173
21,CC DChg,5.537190082643065,-1.6996,3.9171
21,CC DChg,5.6398697721306235,-1.6996,3.9168
21,CC DChg,5.742549461559975,-1.6996,3.9165
21,CC DChg,5.845229151047533,-1.6996,3.9163
21,CC DChg,5.947908840491436,-1.6996,3.9161
21,CC DChg,6.050588529949891,-1.6996,3.9159
21,CC DChg,6.153268219408346,-1.6997,3.9156
21,CC DChg,6.255947908852249,-1.6997,3.9154
21,CC DChg,6.358627598310704,-1.6997,3.9152
21,CC DChg,6.461307287769159,-1.6997,3.915
21,CC DChg,6.563986977227614,-1.6997,3.9148
21,CC DChg,6.664230585360201,-1.6997,3.9147
21,CC DChg,6.764474193492788,-1.6997,3.9145
21,CC DChg,6.864717801625375,-1.6997,3.9143
21,CC DChg,6.964961409772513,-1.6997,3.9141
21,CC DChg,7.065205017890548,-1.6997,3.9139
21,CC DChg,7.165448626023135,-1.6997,3.9137
21,CC DChg,7.265692234170274,-1.6997,3.9136
21,CC DChg,7.365935842288309,-1.6997,3.9133
21,CC DChg,7.466179450406344,-1.6997,3.9132
21,CC DChg,7.566423058568034,-1.6997,3.913
21,CC DChg,7.6664452047261875,-1.6997,3.9128
21,CC DChg,7.766467350942548,-1.6997,3.9127
21,CC DChg,7.866489497129805,-1.6997,3.9125
21,CC DChg,7.966511643331614,-1.6997,3.9123
21,CC DChg,8.066533789518871,-1.6997,3.9122
21,CC DChg,8.16655593572068,-1.6997,3.912
21,CC DChg,8.266578081907937,-1.6997,3.9119
21,CC DChg,8.366600228109746,-1.6997,3.9117
21,CC DChg,8.466622374282451,-1.6997,3.9115
21,CC DChg,8.56664452048426,-1.6997,3.9114
21,CC DChg,8.666646533791209,-1.6997,3.9113
21,CC DChg,8.766648547083605,-1.6997,3.9111
21,CC DChg,8.86665056036145,-1.6997,3.9109
21,CC DChg,8.966652573639294,-1.6998,3.9107
21,CC DChg,9.066654586946242,-1.6998,3.9106
21,CC DChg,9.16665660025319,-1.6998,3.9105
21,CC DChg,9.266658613531035,-1.6998,3.9103
21,CC DChg,9.366660626823432,-1.6998,3.9102
21,CC DChg,9.466662640101276,-1.6998,3.9101
21,CC DChg,9.566664653408225,-1.6998,3.9099
21,CC DChg,9.66666483640438,-1.6998,3.9097
21,CC DChg,9.76666501944419,-1.6998,3.9096
21,CC DChg,9.866665202469449,-1.6998,3.9094
21,CC DChg,9.966665385480155,-1.6998,3.9093
21,CC DChg,10.066665568519966,-1.6998,3.9092
21,CC DChg,10.166665751559776,-1.6998,3.9091
21,CC DChg,10.266665934585035,-1.6998,3.9089
21,CC DChg,10.366666117610293,-1.6998,3.9088
21,CC DChg,10.466666300650104,-1.6998,3.9086
21,CC DChg,10.566666483646259,-1.6998,3.9085
21,CC DChg,10.666666500284919,-1.6998,3.9084
21,CC DChg,10.766666516923578,-1.6998,3.9082
21,CC DChg,10.866666533562238,-1.6998,3.9081
21,CC DChg,10.966666550200898,-1.6998,3.9079
21,CC DChg,11.066666566839558,-1.6998,3.9078
21,CC DChg,11.16666658349277,-1.6998,3.9077
21,CC DChg,11.26666660013143,-1.6998,3.9076
21,CC DChg,11.36666661677009,-1.6998,3.9074
21,CC DChg,11.46666663340875,-1.6998,3.9073
21,CC DChg,11.56666665004741,-1.6998,3.9072
21,CC DChg,11.66666665156663,-1.6998,3.907
21,CC DChg,11.76666665308585,-1.6998,3.9069
21,CC DChg,11.866666654590517,-1.6998,3.9068
21,CC DChg,11.966666656080633,-1.6998,3.9067
21,CC DChg,12.066666657599853,-1.6998,3.9066
21,CC DChg,12.166666659119073,-1.6998,3.9065
21,CC DChg,12.266666660652845,-1.6998,3.9063
21,CC DChg,12.366666662142961,-1.6998,3.9062
21,CC DChg,12.466666663662181,-1.6998,3.906
21,CC DChg,12.56666666516685,-1.6998,3.9059
21,CC DChg,12.666666665303637,-1.6998,3.9058
21,CC DChg,12.766666665440425,-1.6998,3.9057
21,CC DChg,12.866666665562661,-1.6998,3.9056
21,CC DChg,12.966666665728553,-1.6998,3.9055
21,CC DChg,13.06666666585079,-1.6998,3.9054
21,CC DChg,13.16666666600213,-1.6998,3.9053
21,CC DChg,13.266666666124365,-1.6998,3.9051
21,CC DChg,13.366666666290257,-1.6998,3.905
21,CC DChg,13.466666666412493,-1.6998,3.9049
21,CC DChg,13.566666666549281,-1.6998,3.9048
21,CC DChg,13.666666666569654,-1.6998,3.9047
21,CC DChg,13.766666666560923,-1.6998,3.9046
21,CC DChg,13.866666666581295,-1.6998,3.9045
21,CC DChg,13.966666666601668,-1.6998,3.9043
21,CC DChg,14.066666666607489,-1.6998,3.9042
21,CC DChg,14.166666666627862,-1.6998,3.9041
21,CC DChg,14.266666666648234,-1.6998,3.904
21,CC DChg,14.366666666639503,-1.6998,3.9039
21,CC DChg,14.466666666645324,-1.6998,3.9037
21,CC DChg,14.566666666680248,-1.6998,3.9037
21,CC DChg,14.66666666668607,-1.6998,3.9036
21,CC DChg,14.76666666669189,-1.6998,3.9035
21,CC DChg,14.866666666683159,-1.6998,3.9033
21,CC DChg,14.96666666668898,-1.6998,3.9033
21,CC DChg,15.066666666680248,-1.6998,3.9031
21,CC DChg,15.16666666668607,-1.6998,3.903
21,CC DChg,15.26666666669189,-1.6998,3.9029
21,CC DChg,15.366666666683159,-1.6998,3.9029
21,CC DChg,15.46666666668898,-1.6998,3.9027
21,CC DChg,15.566666666680248,-1.6998,3.9026
21,CC DChg,15.66666666668607,-1.6998,3.9025
21,CC DChg,15.76666666669189,-1.6998,3.9024
21,CC DChg,15.866666666683159,-1.6998,3.9023
21,CC DChg,15.96666666668898,-1.6998,3.9022
21,CC DChg,16.06666666668025,-1.6998,3.9021
21,CC DChg,16.16666666668607,-1.6998,3.902
21,CC DChg,16.26666666669189,-1.6998,3.9019
21,CC DChg,16.36666666668316,-1.6998,3.9018
21,CC DChg,16.46666666668898,-1.6998,3.9017
21,CC DChg,16.56666666668025,-1.6998,3.9016
21,CC DChg,16.66666666668607,-1.6999,3.9015
21,CC DChg,16.76666666669189,-1.6999,3.9014
21,CC DChg,16.86666666668316,-1.6999,3.9013
21,CC DChg,16.96666666668898,-1.6999,3.9012
21,CC DChg,17.06666666668025,-1.6999,3.9011
21,CC DChg,17.16666666668607,-1.6999,3.901
21,CC DChg,17.26666666669189,-1.6999,3.9009
21,CC DChg,17.36666666668316,-1.6999,3.9008
21,CC DChg,17.46666666668898,-1.6999,3.9006
21,CC DChg,17.56666666668025,-1.6999,3.9006
21,CC DChg,17.66666666668607,-1.6999,3.9005
21,CC DChg,17.76666666669189,-1.6999,3.9004
21,CC DChg,17.86666666668316,-1.6999,3.9003
21,CC DChg,17.96666666668898,-1.6999,3.9002
21,CC DChg,18.06666666668025,-1.6999,3.9002
21,CC DChg,18.16666666668607,-1.6999,3.9
21,CC DChg,18.26666666669189,-1.6999,3.8999
21,CC DChg,18.36666666668316,-1.6999,3.8999
21,CC DChg,18.46666666668898,-1.6999,3.8997
21,CC DChg,18.56666666668025,-1.6999,3.8997
21,CC DChg,18.66666666668607,-1.6999,3.8996
21,CC DChg,18.76666666669189,-1.6999,3.8995
21,CC DChg,18.86666666668316,-1.6999,3.8994
21,CC DChg,18.96666666668898,-1.6999,3.8993
21,CC DChg,19.06666666668025,-1.6999,3.8992
21,CC DChg,19.16666666668607,-1.6999,3.8991
21,CC DChg,19.26666666669189,-1.6999,3.899
21,CC DChg,19.36666666668316,-1.6999,3.8989
21,CC DChg,19.46666666668898,-1.6999,3.8988
21,CC DChg,19.56666666668025,-1.6999,3.8987
21,CC DChg,19.66666666668607,-1.6999,3.8986
21,CC DChg,19.76666666669189,-1.6999,3.8985
21,CC DChg,19.86666666668316,-1.6999,3.8984
21,CC DChg,19.96666666668898,-1.6999,3.8984
21,CC DChg,20.06666666668025,-1.6999,3.8983
21,CC DChg,20.16666666668607,-1.6999,3.8982
21,CC DChg,20.26666666669189,-1.6999,3.8981
21,CC DChg,20.36666666668316,-1.6999,3.898
21,CC DChg,20.46666666668898,-1.6999,3.8979
21,CC DChg,20.56666666668025,-1.6999,3.8978
21,CC DChg,20.66666666668607,-1.6999,3.8977
21,CC DChg,20.76666666669189,-1.6999,3.8976
21,CC DChg,20.86666666668316,-1.6999,3.8976
21,CC DChg,20.96666666668898,-1.6999,3.8975
21,CC DChg,21.06666666668025,-1.6999,3.8974
21,CC DChg,21.16666666668607,-1.6999,3.8973
21,CC DChg,21.26666666669189,-1.6999,3.8972
21,CC DChg,21.36666666668316,-1.6999,3.8971
21,CC DChg,21.46666666668898,-1.6999,3.897
21,CC DChg,21.56666666668025,-1.6999,3.897
21,CC DChg,21.66666666668607,-1.6999,3.8969
21,CC DChg,21.76666666669189,-1.6999,3.8967
21,CC DChg,21.86666666668316,-1.6999,3.8967
21,CC DChg,21.96666666668898,-1.6999,3.8966
21,CC DChg,22.06666666668025,-1.6999,3.8965
21,CC DChg,22.16666666668607,-1.6999,3.8964
21,CC DChg,22.26666666669189,-1.6999,3.8963
21,CC DChg,22.36666666668316,-1.6999,3.8963
21,CC DChg,22.46666666668898,-1.6999,3.8961
21,CC DChg,22.56666666668025,-1.6999,3.896
21,CC DChg,22.66666666668607,-1.6999,3.896
21,CC DChg,22.76666666669189,-1.6999,3.8959
21,CC DChg,22.86666666668316,-1.6999,3.8958
21,CC DChg,22.96666666668898,-1.6999,3.8957
21,CC DChg,23.06666666668025,-1.6999,3.8956
21,CC DChg,23.16666666668607,-1.6999,3.8956
21,CC DChg,23.26666666669189,-1.6999,3.8955
21,CC DChg,23.36666666668316,-1.6999,3.8954
21,CC DChg,23.46666666668898,-1.6999,3.8953
21,CC DChg,23.56666666668025,-1.6999,3.8952
21,CC DChg,23.66666666668607,-1.6999,3.8951
21,CC DChg,23.76666666669189,-1.6999,3.8951
21,CC DChg,23.86666666668316,-1.6999,3.895
21,CC DChg,23.96666666668898,-1.6999,3.8949
21,CC DChg,24.06666666668025,-1.6999,3.8948
21,CC DChg,24.16666666668607,-1.6999,3.8947
21,CC DChg,24.26666666669189,-1.6999,3.8946
21,CC DChg,24.36666666668316,-1.6999,3.8946
21,CC DChg,24.46666666668898,-1.6999,3.8945
21,CC DChg,24.56666666668025,-1.6999,3.8944
21,CC DChg,24.66666666668607,-1.6999,3.8944
21,CC DChg,24.76666666669189,-1.6999,3.8943
21,CC DChg,24.86666666668316,-1.6999,3.8942
21,CC DChg,24.96666666668898,-1.6999,3.8941
21,CC DChg,25.06666666668025,-1.6999,3.894
21,CC DChg,25.16666666668607,-1.6999,3.894
21,CC DChg,25.26666666669189,-1.6999,3.8938
21,CC DChg,25.36666666668316,-1.6999,3.8938
21,CC DChg,25.46666666668898,-1.6999,3.8937
21,CC DChg,25.56666666668025,-1.6999,3.8936
21,CC DChg,25.66666666668607,-1.6999,3.8936
21,CC DChg,25.76666666669189,-1.6999,3.8935
21,CC DChg,25.86666666668316,-1.6998,3.8933
21,CC DChg,25.96666666668898,-1.6998,3.8933
21,CC DChg,26.06666666668025,-1.6998,3.8932
21,CC DChg,26.16666666668607,-1.6998,3.8931
21,CC DChg,26.26666666669189,-1.6998,3.8931
21,CC DChg,26.36666666668316,-1.6998,3.893
21,CC DChg,26.46666666668898,-1.6998,3.8929
21,CC DChg,26.56666666668025,-1.6998,3.8928
21,CC DChg,26.66666666668607,-1.6998,3.8928
21,CC DChg,26.76666666669189,-1.6998,3.8927
21,CC DChg,26.86666666668316,-1.6998,3.8927
21,CC DChg,26.96666666668898,-1.6998,3.8926
21,CC DChg,27.06666666668025,-1.6998,3.8924
21,CC DChg,27.16666666668607,-1.6998,3.8924
21,CC DChg,27.26666666669189,-1.6998,3.8923
21,CC DChg,27.36666666668316,-1.6999,3.8922
21,CC DChg,27.46666666668898,-1.6999,3.8921
21,CC DChg,27.56666666668025,-1.6999,3.8921
21,CC DChg,27.66666666668607,-1.6999,3.892
21,CC DChg,27.76666666669189,-1.6999,3.8919
21,CC DChg,27.86666666668316,-1.6999,3.8918
21,CC DChg,27.96666666668898,-1.6999,3.8918
21,CC DChg,28.06666666668025,-1.6999,3.8917
21,CC DChg,28.16666666668607,-1.6998,3.8916
21,CC DChg,28.26666666669189,-1.6998,3.8915
21,CC DChg,28.36666666668316,-1.6998,3.8915
21,CC DChg,28.46666666668898,-1.6999,3.8914
21,CC DChg,28.56666666668025,-1.6999,3.8913
21,CC DChg,28.66666666668607,-1.6999,3.8912
21,CC DChg,28.76666666669189,-1.6999,3.8911
21,CC DChg,28.86666666668316,-1.6999,3.8911
21,CC DChg,28.96666666668898,-1.6999,3.891
21,CC DChg,29.06666666668025,-1.6999,3.891
21,CC DChg,29.16666666668607,-1.6999,3.8909
21,CC DChg,29.26666666669189,-1.6999,3.8908
21,CC DChg,29.36666666668316,-1.6999,3.8908
21,CC DChg,29.46666666668898,-1.6999,3.8906
21,CC DChg,29.56666666668025,-1.6999,3.8905
21,CC DChg,29.66666666668607,-1.6999,3.8905
21,CC DChg,29.76666666669189,-1.6999,3.8904
21,CC DChg,29.86666666668316,-1.6999,3.8904
21,CC DChg,29.96666666668898,-1.6998,3.8903
21,CC DChg,30.06666666668025,-1.6998,3.8902
21,CC DChg,30.16666666668607,-1.6998,3.8901
21,CC DChg,30.26666666669189,-1.6998,3.8901
21,CC DChg,30.36666666668316,-1.6998,3.89
21,CC DChg,30.46666666668898,-1.6998,3.8899
21,CC DChg,30.56666666668025,-1.6998,3.8898
21,CC DChg,30.66666666668607,-1.6998,3.8897
21,CC DChg,30.76666666669189,-1.6998,3.8897
21,CC DChg,30.86666666668316,-1.6998,3.8896
21,CC DChg,30.96666666668898,-1.6998,3.8895
21,CC DChg,31.06666666668025,-1.6998,3.8895
21,CC DChg,31.16666666668607,-1.6998,3.8895
21,CC DChg,31.26666666669189,-1.6998,3.8893
21,CC DChg,31.36666666668316,-1.6998,3.8893
21,CC DChg,31.46666666668898,-1.6998,3.8892
21,CC DChg,31.56666666668025,-1.6998,3.8891
21,CC DChg,31.66666666668607,-1.6998,3.8891
21,CC DChg,31.76666666669189,-1.6998,3.889
21,CC DChg,31.86666666668316,-1.6998,3.8889
21,CC DChg,31.96666666668898,-1.6998,3.8888
21,CC DChg,32.06666666668025,-1.6998,3.8887
21,CC DChg,32.16666666668607,-1.6998,3.8887
21,CC DChg,32.26666666669189,-1.6998,3.8886
21,CC DChg,32.36666666668316,-1.6998,3.8886
21,CC DChg,32.46666666668898,-1.6998,3.8885
21,CC DChg,32.56666666668025,-1.6998,3.8884
21,CC DChg,32.66666666668607,-1.6998,3.8884
21,CC DChg,32.76666666669189,-1.6998,3.8883
21,CC DChg,32.86666666668316,-1.6998,3.8882
21,CC DChg,32.96666666668898,-1.6998,3.8882
21,CC DChg,33.06666666668025,-1.6998,3.8881
21,CC DChg,33.16666666668607,-1.6998,3.888
21,CC DChg,33.26666666669189,-1.6998,3.888
21,CC DChg,33.36666666668316,-1.6998,3.8879
21,CC DChg,33.46666666668898,-1.6998,3.8878
21,CC DChg,33.56666666668025,-1.6998,3.8878
21,CC DChg,33.66666666668607,-1.6998,3.8877
21,CC DChg,33.76666666669189,-1.6998,3.8876
21,CC DChg,33.86666666668316,-1.6998,3.8875
21,CC DChg,33.96666666668898,-1.6998,3.8875
21,CC DChg,34.06666666668025,-1.6998,3.8874
21,CC DChg,34.16666666668607,-1.6998,3.8874
21,CC DChg,34.26666666669189,-1.6998,3.8872
21,CC DChg,34.36666666668316,-1.6998,3.8872
21,CC DChg,34.46666666668898,-1.6998,3.8871
21,CC DChg,34.56666666668025,-1.6998,3.8871
21,CC DChg,34.66666666668607,-1.6998,3.887
21,CC DChg,34.76666666669189,-1.6998,3.8869
21,CC DChg,34.86666666668316,-1.6998,3.8868
21,CC DChg,34.96666666668898,-1.6998,3.8868
21,CC DChg,35.06666666668025,-1.6998,3.8867
21,CC DChg,35.16666666668607,-1.6998,3.8867
21,CC DChg,35.26666666669189,-1.6998,3.8867
21,CC DChg,35.36666666668316,-1.6998,3.8865
21,CC DChg,35.46666666668898,-1.6998,3.8865
21,CC DChg,35.56666666668025,-1.6998,3.8864
21,CC DChg,35.66666666668607,-1.6998,3.8863
21,CC DChg,35.76666666669189,-1.6998,3.8863
21,CC DChg,35.86666666668316,-1.6998,3.8862
21,CC DChg,35.96666666668898,-1.6998,3.8861
21,CC DChg,36.06666666668025,-1.6998,3.8861
21,CC DChg,36.16666666668607,-1.6998,3.886
21,CC DChg,36.26666666669189,-1.6998,3.8859
21,CC DChg,36.36666666668316,-1.6998,3.8859
21,CC DChg,36.46666666668898,-1.6998,3.8858
21,CC DChg,36.56666666668025,-1.6998,3.8858
21,CC DChg,36.66666666668607,-1.6998,3.8857
21,CC DChg,36.76666666669189,-1.6998,3.8856
21,CC DChg,36.86666666668316,-1.6998,3.8855
21,CC DChg,36.96666666668898,-1.6998,3.8855
21,CC DChg,37.06666666668025,-1.6998,3.8854
21,CC DChg,37.16666666668607,-1.6998,3.8854
21,CC DChg,37.26666666669189,-1.6998,3.8853
21,CC DChg,37.36666666668316,-1.6998,3.8853
21,CC DChg,37.46666666668898,-1.6998,3.8853
21,CC DChg,37.56666666668025,-1.6998,3.8852
21,CC DChg,37.66666666668607,-1.6998,3.8851
21,CC DChg,37.76666666669189,-1.6998,3.885
21,CC DChg,37.86666666668316,-1.6998,3.885
21,CC DChg,37.96666666668898,-1.6998,3.8849
21,CC DChg,38.06666666668025,-1.6998,3.8848
21,CC DChg,38.16666666668607,-1.6998,3.8848
21,CC DChg,38.26666666669189,-1.6998,3.8847
21,CC DChg,38.36666666668316,-1.6998,3.8846
21,CC DChg,38.46666666668898,-1.6998,3.8846
21,CC DChg,38.56666666668025,-1.6998,3.8845
21,CC DChg,38.66666666668607,-1.6998,3.8844
21,CC DChg,38.76666666669189,-1.6998,3.8844
21,CC DChg,38.86666666668316,-1.6998,3.8843
21,CC DChg,38.96666666668898,-1.6998,3.8843
21,CC DChg,39.06666666668025,-1.6998,3.8842
21,CC DChg,39.16666666668607,-1.6998,3.8841
21,CC DChg,39.26666666669189,-1.6998,3.8841
21,CC DChg,39.36666666668316,-1.6998,3.8841
21,CC DChg,39.46666666668898,-1.6998,3.884
21,CC DChg,39.56666666668025,-1.6998,3.8839
21,CC DChg,39.66666666668607,-1.6998,3.8839
21,CC DChg,39.76666666669189,-1.6998,3.8838
21,CC DChg,39.86666666668316,-1.6998,3.8837
21,CC DChg,39.96666666668898,-1.6998,3.8837
21,CC DChg,40.06666666668025,-1.6998,3.8836
21,CC DChg,40.16666666668607,-1.6998,3.8836
21,CC DChg,40.26666666669189,-1.6998,3.8835
21,CC DChg,40.36666666668316,-1.6998,3.8834
21,CC DChg,40.46666666668898,-1.6998,3.8834
21,CC DChg,40.56666666668025,-1.6998,3.8833
21,CC DChg,40.66666666668607,-1.6998,3.8832
21,CC DChg,40.76666666669189,-1.6998,3.8832
21,CC DChg,40.86666666668316,-1.6998,3.8832
21,CC DChg,40.96666666668898,-1.6998,3.8831
21,CC DChg,41.06666666668025,-1.6998,3.883
21,CC DChg,41.16666666668607,-1.6998,3.8829
21,CC DChg,41.26666666669189,-1.6998,3.8829
21,CC DChg,41.36666666668316,-1.6998,3.8828
21,CC DChg,41.46666666668898,-1.6998,3.8828
21,CC DChg,41.56666666668025,-1.6998,3.8827
21,CC DChg,41.66666666668607,-1.6998,3.8826
21,CC DChg,41.76666666669189,-1.6998,3.8826
21,CC DChg,41.86666666668316,-1.6998,3.8826
21,CC DChg,41.96666666668898,-1.6998,3.8825
21,CC DChg,42.06666666668025,-1.6998,3.8824
21,CC DChg,42.16666666668607,-1.6998,3.8824
21,CC DChg,42.26666666669189,-1.6998,3.8823
21,CC DChg,42.36666666668316,-1.6998,3.8822
21,CC DChg,42.46666666668898,-1.6998,3.8822
21,CC DChg,42.56666666668025,-1.6998,3.8821
21,CC DChg,42.66666666668607,-1.6998,3.882
21,CC DChg,42.76666666669189,-1.6998,3.882
21,CC DChg,42.86666666668316,-1.6998,3.882
21,CC DChg,42.96666666668898,-1.6998,3.8819
21,CC DChg,43.06666666668025,-1.6998,3.8819
21,CC DChg,43.16666666668607,-1.6998,3.8818
21,CC DChg,43.26666666669189,-1.6998,3.8818
21,CC DChg,43.36666666668316,-1.6998,3.8817
21,CC DChg,43.46666666668898,-1.6998,3.8816
21,CC DChg,43.56666666668025,-1.6998,3.8815
21,CC DChg,43.66666666668607,-1.6998,3.8815
21,CC DChg,43.76666666669189,-1.6998,3.8815
21,CC DChg,43.86666666668316,-1.6998,3.8814
21,CC DChg,43.96666666668898,-1.6998,3.8813
21,CC DChg,44.06666666668025,-1.6998,3.8813
21,CC DChg,44.16666666668607,-1.6998,3.8812
21,CC DChg,44.26666666669189,-1.6998,3.8812
21,CC DChg,44.36666666668316,-1.6998,3.8811
21,CC DChg,44.46666666668898,-1.6998,3.881
21,CC DChg,44.56666666668025,-1.6998,3.881
21,CC DChg,44.66666666668607,-1.6998,3.881
21,CC DChg,44.76666666669189,-1.6998,3.8809
21,CC DChg,44.86666666668316,-1.6998,3.8808
21,CC DChg,44.96666666668898,-1.6998,3.8808
21,CC DChg,45.06666666668025,-1.6998,3.8807
21,CC DChg,45.16666666668607,-1.6998,3.8807
21,CC DChg,45.26666666669189,-1.6998,3.8806
21,CC DChg,45.36666666668316,-1.6998,3.8805
21,CC DChg,45.46666666668898,-1.6998,3.8805
21,CC DChg,45.56666666668025,-1.6998,3.8804
21,CC DChg,45.66666666668607,-1.6998,3.8804
21,CC DChg,45.76666666669189,-1.6998,3.8803
21,CC DChg,45.86666666668316,-1.6998,3.8803
21,CC DChg,45.96666666668898,-1.6998,3.8803
21,CC DChg,46.06666666668025,-1.6998,3.8802
21,CC DChg,46.16666666668607,-1.6998,3.8802
21,CC DChg,46.26666666669189,-1.6998,3.8801
21,CC DChg,46.36666666668316,-1.6998,3.8801
21,CC DChg,46.46666666668898,-1.6998,3.88
21,CC DChg,46.56666666668025,-1.6998,3.88
21,CC DChg,46.66666666668607,-1.6998,3.8799
21,CC DChg,46.76666666669189,-1.6998,3.8798
21,CC DChg,46.86666666668316,-1.6998,3.8798
21,CC DChg,46.96666666668898,-1.6998,3.8797
21,CC DChg,47.06666666668025,-1.6998,3.8797
21,CC DChg,47.16666666668607,-1.6998,3.8796
21,CC DChg,47.26666666669189,-1.6998,3.8796
21,CC DChg,47.36666666668316,-1.6998,3.8795
21,CC DChg,47.46666666668898,-1.6998,3.8795
21,CC DChg,47.56666666668025,-1.6998,3.8794
21,CC DChg,47.66666666668607,-1.6998,3.8794
21,CC DChg,47.76666666669189,-1.6998,3.8793
21,CC DChg,47.86666666668316,-1.6998,3.8793
21,CC DChg,47.96666666668898,-1.6998,3.8792
21,CC DChg,48.06666666668025,-1.6998,3.8791
21,CC DChg,48.16666666668607,-1.6998,3.8791
21,CC DChg,48.26666666669189,-1.6998,3.879
21,CC DChg,48.36666666668316,-1.6998,3.879
21,CC DChg,48.46666666668898,-1.6998,3.8789
21,CC DChg,48.56666666668025,-1.6998,3.8789
21,CC DChg,48.66666666668607,-1.6998,3.8788
21,CC DChg,48.76666666669189,-1.6998,3.8788
21,CC DChg,48.86666666668316,-1.6998,3.8787
21,CC DChg,48.96666666668898,-1.6998,3.8787
21,CC DChg,49.06666666668025,-1.6998,3.8787
21,CC DChg,49.16666666668607,-1.6998,3.8786
21,CC DChg,49.26666666669189,-1.6998,3.8785
21,CC DChg,49.36666666668316,-1.6998,3.8785
21,CC DChg,49.46666666668898,-1.6998,3.8785
21,CC DChg,49.56666666668025,-1.6998,3.8784
21,CC DChg,49.66666666668607,-1.6998,3.8784
21,CC DChg,49.76666666669189,-1.6998,3.8783
21,CC DChg,49.86666666668316,-1.6998,3.8782
21,CC DChg,49.96666666668898,-1.6998,3.8782
21,CC DChg,50.06666666668025,-1.6998,3.8782
21,CC DChg,50.16666666668607,-1.6998,3.8781
21,CC DChg,50.26666666669189,-1.6998,3.878
21,CC DChg,50.36666666668316,-1.6998,3.878
21,CC DChg,50.46666666668898,-1.6998,3.8779
21,CC DChg,50.56666666668025,-1.6998,3.8779
21,CC DChg,50.66666666668607,-1.6998,3.8778
21,CC DChg,50.76666666669189,-1.6998,3.8778
21,CC DChg,50.86666666668316,-1.6998,3.8777
21,CC DChg,50.96666666668898,-1.6998,3.8777
21,CC DChg,51.06666666668025,-1.6998,3.8776
21,CC DChg,51.16666666668607,-1.6998,3.8776
21,CC DChg,51.26666666669189,-1.6998,3.8775
21,CC DChg,51.36666666668316,-1.6998,3.8775
21,CC DChg,51.46666666668898,-1.6998,3.8774
21,CC DChg,51.56666666668025,-1.6998,3.8774
21,CC DChg,51.66666666668607,-1.6998,3.8773
21,CC DChg,51.76666666669189,-1.6998,3.8773
21,CC DChg,51.86666666668316,-1.6998,3.8772
21,CC DChg,51.96666666668898,-1.6998,3.8772
21,CC DChg,52.06666666668025,-1.6998,3.8771
21,CC DChg,52.16666666668607,-1.6998,3.8771
21,CC DChg,52.26666666669189,-1.6998,3.877
21,CC DChg,52.36666666668316,-1.6998,3.877
21,CC DChg,52.46666666668898,-1.6998,3.877
21,CC DChg,52.56666666668025,-1.6998,3.8769
21,CC DChg,52.66666666668607,-1.6998,3.8768
21,CC DChg,52.76666666669189,-1.6998,3.8768
21,CC DChg,52.86666666668316,-1.6998,3.8768
21,CC DChg,52.96666666668898,-1.6998,3.8767
21,CC DChg,53.06666666668025,-1.6998,3.8767
21,CC DChg,53.16666666668607,-1.6998,3.8766
21,CC DChg,53.26666666669189,-1.6998,3.8766
21,CC DChg,53.36666666668316,-1.6998,3.8765
21,CC DChg,53.46666666668898,-1.6998,3.8764
21,CC DChg,53.56666666668025,-1.6998,3.8764
21,CC DChg,53.66666666668607,-1.6998,3.8763
21,CC DChg,53.76666666669189,-1.6998,3.8763
21,CC DChg,53.86666666668316,-1.6998,3.8762
21,CC DChg,53.96666666668898,-1.6998,3.8762
21,CC DChg,54.06666666668025,-1.6998,3.8762
21,CC DChg,54.16666666668607,-1.6998,3.8761
21,CC DChg,54.26666666669189,-1.6998,3.876
21,CC DChg,54.36666666668316,-1.6998,3.876
21,CC DChg,54.46666666668898,-1.6998,3.876
21,CC DChg,54.56666666668025,-1.6998,3.8759
21,CC DChg,54.66666666668607,-1.6998,3.8759
21,CC DChg,54.76666666669189,-1.6998,3.8758
21,CC DChg,54.86666666668316,-1.6998,3.8758
21,CC DChg,54.96666666668898,-1.6998,3.8757
21,CC DChg,55.06666666668025,-1.6998,3.8756
21,CC DChg,55.16666666668607,-1.6998,3.8756
21,CC DChg,55.26666666669189,-1.6998,3.8756
21,CC DChg,55.36666666668316,-1.6998,3.8755
21,CC DChg,55.46666666668898,-1.6998,3.8755
21,CC DChg,55.56666666668025,-1.6998,3.8755
21,CC DChg,55.66666666668607,-1.6998,3.8754
21,CC DChg,55.76666666669189,-1.6998,3.8753
21,CC DChg,55.86666666668316,-1.6998,3.8753
21,CC DChg,55.96666666668898,-1.6998,3.8752
21,CC DChg,56.06666666668025,-1.6998,3.8752
21,CC DChg,56.16666666668607,-1.6998,3.8752
21,CC DChg,56.26666666669189,-1.6998,3.8751
21,CC DChg,56.36666666668316,-1.6998,3.8751
21,CC DChg,56.46666666668898,-1.6998,3.8751
21,CC DChg,56.56666666668025,-1.6998,3.875
21,CC DChg,56.66666666668607,-1.6998,3.8749
21,CC DChg,56.76666666669189,-1.6998,3.8749
21,CC DChg,56.86666666668316,-1.6998,3.8749
21,CC DChg,56.96666666668898,-1.6998,3.8748
21,CC DChg,57.06666666668025,-1.6998,3.8747
21,CC DChg,57.16666666668607,-1.6998,3.8747
21,CC DChg,57.26666666669189,-1.6998,3.8747
21,CC DChg,57.36666666668316,-1.6998,3.8746
21,CC DChg,57.46666666668898,-1.6998,3.8746
21,CC DChg,57.56666666668025,-1.6998,3.8745
21,CC DChg,57.66666666668607,-1.6998,3.8745
21,CC DChg,57.76666666669189,-1.6998,3.8744
21,CC DChg,57.86666666668316,-1.6998,3.8744
21,CC DChg,57.96666666668898,-1.6998,3.8743
21,CC DChg,58.06666666668025,-1.6998,3.8743
21,CC DChg,58.16666666668607,-1.6998,3.8743
21,CC DChg,58.26666666669189,-1.6998,3.8742
21,CC DChg,58.36666666668316,-1.6998,3.8742
21,CC DChg,58.46666666668898,-1.6998,3.8741
21,CC DChg,58.56666666668025,-1.6998,3.8741
21,CC DChg,58.66666666668607,-1.6998,3.874
21,CC DChg,58.76666666669189,-1.6998,3.874
21,CC DChg,58.86666666668316,-1.6998,3.874
21,CC DChg,58.96666666668898,-1.6998,3.8739
21,CC DChg,59.06666666668025,-1.6998,3.8739
21,CC DChg,59.16666666668607,-1.6998,3.8738
21,CC DChg,59.26666666669189,-1.6998,3.8738
21,CC DChg,59.36666666668316,-1.6998,3.8738
21,CC DChg,59.46666666668898,-1.6998,3.8737
21,CC DChg,59.56666666668025,-1.6998,3.8736
21,CC DChg,59.66666666668607,-1.6998,3.8736
21,CC DChg,59.76666666669189,-1.6998,3.8736
21,CC DChg,59.86666666668316,-1.6998,3.8735
21,CC DChg,59.96666666668898,-1.6998,3.8735
21,CC DChg,60.06666666668025,-1.6998,3.8735
21,CC DChg,60.16666666668607,-1.6998,3.8734
21,CC DChg,60.26666666669189,-1.6998,3.8734
21,CC DChg,60.36666666668316,-1.6998,3.8733
21,CC DChg,60.46666666668898,-1.6998,3.8733
21,CC DChg,60.56666666668025,-1.6998,3.8732
21,CC DChg,60.66666666668607,-1.6998,3.8732
21,CC DChg,60.76666666669189,-1.6998,3.8732
21,CC DChg,60.86666666668316,-1.6998,3.8731
21,CC DChg,60.96666666668898,-1.6998,3.8731
21,CC DChg,61.06666666668025,-1.6998,3.873
21,CC DChg,61.16666666668607,-1.6998,3.873
21,CC DChg,61.26666666669189,-1.6998,3.8729
21,CC DChg,61.36666666668316,-1.6998,3.8729
21,CC DChg,61.46666666668898,-1.6998,3.8728
21,CC DChg,61.56666666668025,-1.6998,3.8728
21,CC DChg,61.66666666668607,-1.6998,3.8728
21,CC DChg,61.76666666669189,-1.6998,3.8727
21,CC DChg,61.86666666668316,-1.6998,3.8727
21,CC DChg,61.96666666668898,-1.6998,3.8726
21,CC DChg,62.06666666668025,-1.6998,3.8726
21,CC DChg,62.16666666668607,-1.6998,3.8726
21,CC DChg,62.26666666669189,-1.6998,3.8725
21,CC DChg,62.36666666668316,-1.6998,3.8725
21,CC DChg,62.46666666668898,-1.6998,3.8724
21,CC DChg,62.56666666668025,-1.6998,3.8724
21,CC DChg,62.66666666668607,-1.6998,3.8724
21,CC DChg,62.76666666669189,-1.6998,3.8724
21,CC DChg,62.86666666668316,-1.6998,3.8723
21,CC DChg,62.96666666668898,-1.6998,3.8722
21,CC DChg,63.06666666668025,-1.6998,3.8722
21,CC DChg,63.16666666668607,-1.6998,3.8722
21,CC DChg,63.26666666669189,-1.6998,3.8721
21,CC DChg,63.36666666668316,-1.6998,3.8721
21,CC DChg,63.46666666668898,-1.6998,3.872
21,CC DChg,63.56666666668025,-1.6998,3.872
21,CC DChg,63.66666666668607,-1.6998,3.872
21,CC DChg,63.76666666669189,-1.6998,3.8719
21,CC DChg,63.86666666668316,-1.6998,3.8718
21,CC DChg,63.96666666668898,-1.6998,3.8718
21,CC DChg,64.06666666668025,-1.6998,3.8718
21,CC DChg,64.16666666668607,-1.6998,3.8717
21,CC DChg,64.26666666669189,-1.6998,3.8717
21,CC DChg,64.36666666668316,-1.6998,3.8716
21,CC DChg,64.46666666668898,-1.6998,3.8716
21,CC DChg,64.56666666668025,-1.6997,3.8715
21,CC DChg,64.66666666668607,-1.6997,3.8715
21,CC DChg,64.76666666669189,-1.6997,3.8715
21,CC DChg,64.86666666668316,-1.6997,3.8715
21,CC DChg,64.96666666668898,-1.6997,3.8714
21,CC DChg,65.06666666668025,-1.6997,3.8713
21,CC DChg,65.16666666668607,-1.6997,3.8713
21,CC DChg,65.26666666669189,-1.6997,3.8712
21,CC DChg,65.36666666668316,-1.6997,3.8712
21,CC DChg,65.46666666668898,-1.6997,3.8712
21,CC DChg,65.56666666668025,-1.6997,3.8711
21,CC DChg,65.66666666668607,-1.6997,3.8711
21,CC DChg,65.76666666669189,-1.6997,3.871
21,CC DChg,65.86666666668316,-1.6997,3.871
21,CC DChg,65.96666666668898,-1.6997,3.871
21,CC DChg,66.06666666668025,-1.6997,3.8709
21,CC DChg,66.16666666668607,-1.6997,3.8709
21,CC DChg,66.26666666669189,-1.6997,3.8708
21,CC DChg,66.36666666668316,-1.6997,3.8708
21,CC DChg,66.46666666668898,-1.6997,3.8707
21,CC DChg,66.56666666668025,-1.6997,3.8707
21,CC DChg,66.66666666668607,-1.6997,3.8707
21,CC DChg,66.76666666669189,-1.6997,3.8706
21,CC DChg,66.86666666668316,-1.6997,3.8706
21,CC DChg,66.96666666668898,-1.6997,3.8706
21,CC DChg,67.06666666668025,-1.6997,3.8705
21,CC DChg,67.16666666668607,-1.6997,3.8705
21,CC DChg,67.26666666669189,-1.6997,3.8704
21,CC DChg,67.36666666668316,-1.6997,3.8703
21,CC DChg,67.46666666668898,-1.6997,3.8703
21,CC DChg,67.56666666668025,-1.6997,3.8703
21,CC DChg,67.66666666668607,-1.6997,3.8702
21,CC DChg,67.76666666669189,-1.6997,3.8702
21,CC DChg,67.86666666668316,-1.6997,3.8702
21,CC DChg,67.96666666668898,-1.6997,3.8702
21,CC DChg,68.06666666668025,-1.6997,3.8701
21,CC DChg,68.16666666668607,-1.6997,3.87
21,CC DChg,68.26666666669189,-1.6997,3.87
21,CC DChg,68.36666666668316,-1.6997,3.87
21,CC DChg,68.46666666668898,-1.6997,3.8699
21,CC DChg,68.56666666668025,-1.6997,3.8699
21,CC DChg,68.66666666668607,-1.6997,3.8699
21,CC DChg,68.76666666669189,-1.6997,3.8698
21,CC DChg,68.86666666668316,-1.6997,3.8698
21,CC DChg,68.96666666668898,-1.6997,3.8698
21,CC DChg,69.06666666668025,-1.6997,3.8697
21,CC DChg,69.16666666668607,-1.6997,3.8697
21,CC DChg,69.26666666669189,-1.6997,3.8696
21,CC DChg,69.36666666668316,-1.6997,3.8696
21,CC DChg,69.46666666668898,-1.6997,3.8696
21,CC DChg,69.56666666668025,-1.6997,3.8695
21,CC DChg,69.66666666668607,-1.6997,3.8695
21,CC DChg,69.76666666669189,-1.6997,3.8694
21,CC DChg,69.86666666668316,-1.6997,3.8694
21,CC DChg,69.96666666668898,-1.6997,3.8694
21,CC DChg,70.06666666668025,-1.6997,3.8694
21,CC DChg,70.16666666668607,-1.6997,3.8693
21,CC DChg,70.26666666669189,-1.6997,3.8692
21,CC DChg,70.36666666668316,-1.6997,3.8692
21,CC DChg,70.46666666668898,-1.6997,3.8692
21,CC DChg,70.56666666668025,-1.6997,3.8691
21,CC DChg,70.66666666668607,-1.6997,3.8691
21,CC DChg,70.76666666669189,-1.6997,3.869
21,CC DChg,70.86666666668316,-1.6997,3.8691
21,CC DChg,70.96666666668898,-1.6997,3.869
21,CC DChg,71.06666666668025,-1.6997,3.8689
21,CC DChg,71.16666666668607,-1.6997,3.8689
21,CC DChg,71.26666666669189,-1.6997,3.8689
21,CC DChg,71.36666666668316,-1.6997,3.8688
21,CC DChg,71.46666666668898,-1.6997,3.8688
21,CC DChg,71.56666666668025,-1.6997,3.8687
21,CC DChg,71.66666666668607,-1.6997,3.8687
21,CC DChg,71.76666666669189,-1.6997,3.8687
21,CC DChg,71.86666666668316,-1.6997,3.8687
21,CC DChg,71.96666666668898,-1.6997,3.8686
21,CC DChg,72.06666666668025,-1.6997,3.8686
21,CC DChg,72.16666666668607,-1.6997,3.8685
21,CC DChg,72.26666666669189,-1.6997,3.8685
21,CC DChg,72.36666666668316,-1.6997,3.8685
21,CC DChg,72.46666666668898,-1.6997,3.8684
21,CC DChg,72.56666666668025,-1.6997,3.8684
21,CC DChg,72.66666666668607,-1.6997,3.8683
21,CC DChg,72.76666666669189,-1.6997,3.8683
21,CC DChg,72.86666666668316,-1.6997,3.8683
21,CC DChg,72.96666666668898,-1.6997,3.8682
21,CC DChg,73.06666666668025,-1.6997,3.8682
21,CC DChg,73.16666666668607,-1.6997,3.8681
21,CC DChg,73.26666666669189,-1.6997,3.8681
21,CC DChg,73.36666666668316,-1.6997,3.8681
21,CC DChg,73.46666666668898,-1.6997,3.8681
21,CC DChg,73.56666666668025,-1.6997,3.868
21,CC DChg,73.66666666668607,-1.6998,3.868
21,CC DChg,73.76666666669189,-1.6998,3.8679
21,CC DChg,73.86666666668316,-1.6997,3.8679
21,CC DChg,73.96666666668898,-1.6997,3.8679
21,CC DChg,74.06666666668025,-1.6997,3.8679
21,CC DChg,74.16666666668607,-1.6997,3.8678
21,CC DChg,74.26666666669189,-1.6998,3.8678
21,CC DChg,74.36666666668316,-1.6998,3.8677
21,CC DChg,74.46666666668898,-1.6998,3.8677
21,CC DChg,74.56666666668025,-1.6997,3.8677
21,CC DChg,74.66666666668607,-1.6997,3.8676
21,CC DChg,74.76666666669189,-1.6997,3.8675
21,CC DChg,74.86666666668316,-1.6997,3.8675
21,CC DChg,74.96666666668898,-1.6997,3.8675
21,CC DChg,75.06666666668025,-1.6997,3.8675
21,CC DChg,75.16666666668607,-1.6997,3.8674
21,CC DChg,75.26666666669189,-1.6997,3.8674
21,CC DChg,75.36666666668316,-1.6997,3.8674
21,CC DChg,75.46666666668898,-1.6997,3.8674
21,CC DChg,75.56666666668025,-1.6997,3.8673
21,CC DChg,75.66666666668607,-1.6997,3.8673
21,CC DChg,75.76666666669189,-1.6997,3.8672
21,CC DChg,75.86666666668316,-1.6997,3.8672
21,CC DChg,75.96666666668898,-1.6997,3.8672
21,CC DChg,76.06666666668025,-1.6997,3.8671
21,CC DChg,76.16666666668607,-1.6997,3.8671
21,CC DChg,76.26666666669189,-1.6997,3.8671
21,CC DChg,76.36666666668316,-1.6997,3.867
21,CC DChg,76.46666666668898,-1.6997,3.867
21,CC DChg,76.56666666668025,-1.6997,3.8669
21,CC DChg,76.66666666668607,-1.6997,3.8669
21,CC DChg,76.76666666669189,-1.6997,3.8668
21,CC DChg,76.86666666668316,-1.6997,3.8668
21,CC DChg,76.96666666668898,-1.6997,3.8668
21,CC DChg,77.06666666668025,-1.6997,3.8668
21,CC DChg,77.16666666668607,-1.6997,3.8668
21,CC DChg,77.26666666669189,-1.6997,3.8667
21,CC DChg,77.36666666668316,-1.6997,3.8667
21,CC DChg,77.46666666668898,-1.6997,3.8666
21,CC DChg,77.56666666668025,-1.6997,3.8666
21,CC DChg,77.66666666668607,-1.6997,3.8666
21,CC DChg,77.76666666669189,-1.6997,3.8665
21,CC DChg,77.86666666668316,-1.6997,3.8665
21,CC DChg,77.96666666668898,-1.6997,3.8665
21,CC DChg,78.06666666668025,-1.6997,3.8664
21,CC DChg,78.16666666668607,-1.6997,3.8664
21,CC DChg,78.26666666669189,-1.6997,3.8664
21,CC DChg,78.36666666668316,-1.6997,3.8663
21,CC DChg,78.46666666668898,-1.6997,3.8663
21,CC DChg,78.56666666668025,-1.6997,3.8663
21,CC DChg,78.66666666668607,-1.6997,3.8662
21,CC DChg,78.76666666669189,-1.6997,3.8662
21,CC DChg,78.86666666668316,-1.6997,3.8661
21,CC DChg,78.96666666668898,-1.6997,3.8661
21,CC DChg,79.06666666668025,-1.6997,3.8661
21,CC DChg,79.16666666668607,-1.6998,3.8661
21,CC DChg,79.26666666669189,-1.6998,3.866
21,CC DChg,79.36666666668316,-1.6998,3.866
21,CC DChg,79.46666666668898,-1.6998,3.8659
21,CC DChg,79.56666666668025,-1.6997,3.866
21,CC DChg,79.66666666668607,-1.6997,3.8659
21,CC DChg,79.76666666669189,-1.6998,3.8658
21,CC DChg,79.86666666668316,-1.6997,3.8658
21,CC DChg,79.96666666668898,-1.6997,3.8658
21,CC DChg,80.06666666668025,-1.6998,3.8657
21,CC DChg,80.16666666668607,-1.6998,3.8657
21,CC DChg,80.26666666669189,-1.6998,3.8657
21,CC DChg,80.36666666668316,-1.6998,3.8656
21,CC DChg,80.46666666668898,-1.6998,3.8656
21,CC DChg,80.56666666668025,-1.6998,3.8656
21,CC DChg,80.66666666668607,-1.6998,3.8656
21,CC DChg,80.76666666669189,-1.6998,3.8655
21,CC DChg,80.86666666668316,-1.6998,3.8655
21,CC DChg,80.96666666668898,-1.6998,3.8654
21,CC DChg,81.06666666668025,-1.6998,3.8654
21,CC DChg,81.16666666668607,-1.6998,3.8654
21,CC DChg,81.26666666669189,-1.6998,3.8653
21,CC DChg,81.36666666668316,-1.6998,3.8653
21,CC DChg,81.46666666668898,-1.6998,3.8652
21,CC DChg,81.56666666668025,-1.6998,3.8652
21,CC DChg,81.66666666668607,-1.6998,3.8652
21,CC DChg,81.76666666669189,-1.6998,3.8652
21,CC DChg,81.86666666668316,-1.6998,3.8651
21,CC DChg,81.96666666668898,-1.6998,3.8651
21,CC DChg,82.06666666668025,-1.6998,3.8651
21,CC DChg,82.16666666668607,-1.6998,3.8651
21,CC DChg,82.26666666669189,-1.6998,3.865
21,CC DChg,82.36666666668316,-1.6998,3.865
21,CC DChg,82.46666666668898,-1.6998,3.865
21,CC DChg,82.56666666668025,-1.6998,3.8649
21,CC DChg,82.66666666668607,-1.6998,3.8649
21,CC DChg,82.76666666669189,-1.6998,3.8649
21,CC DChg,82.86666666668316,-1.6998,3.8648
21,CC DChg,82.96666666668898,-1.6998,3.8648
21,CC DChg,83.06666666668025,-1.6998,3.8647
21,CC DChg,83.16666666668607,-1.6998,3.8647
21,CC DChg,83.26666666669189,-1.6998,3.8647
21,CC DChg,83.36666666668316,-1.6998,3.8647
21,CC DChg,83.46666666668898,-1.6998,3.8646
21,CC DChg,83.56666666668025,-1.6998,3.8646
21,CC DChg,83.66666666668607,-1.6998,3.8646
21,CC DChg,83.76666666669189,-1.6998,3.8645
21,CC DChg,83.86666666668316,-1.6998,3.8645
21,CC DChg,83.96666666668898,-1.6998,3.8645
21,CC DChg,84.06666666668025,-1.6998,3.8645
21,CC DChg,84.16666666668607,-1.6998,3.8644
21,CC DChg,84.26666666669189,-1.6998,3.8644
21,CC DChg,84.36666666668316,-1.6998,3.8643
21,CC DChg,84.46666666668898,-1.6998,3.8643
21,CC DChg,84.56666666668025,-1.6998,3.8643
21,CC DChg,84.66666666668607,-1.6998,3.8643
21,CC DChg,84.76666666669189,-1.6998,3.8642
21,CC DChg,84.86666666668316,-1.6998,3.8642
21,CC DChg,84.96666666668898,-1.6998,3.8642
21,CC DChg,85.06666666668025,-1.6998,3.8641
21,CC DChg,85.16666666668607,-1.6998,3.864
21,CC DChg,85.26666666669189,-1.6998,3.864
21,CC DChg,85.36666666668316,-1.6998,3.864
21,CC DChg,85.46666666668898,-1.6998,3.864
21,CC DChg,85.56666666668025,-1.6998,3.864
21,CC DChg,85.66666666668607,-1.6998,3.8639
21,CC DChg,85.76666666669189,-1.6998,3.8639
21,CC DChg,85.86666666668316,-1.6998,3.8639
21,CC DChg,85.96666666668898,-1.6998,3.8638
21,CC DChg,86.06666666668025,-1.6998,3.8638
21,CC DChg,86.16666666668607,-1.6998,3.8638
21,CC DChg,86.26666666669189,-1.6998,3.8637
21,CC DChg,86.36666666668316,-1.6998,3.8637
21,CC DChg,86.46666666668898,-1.6998,3.8637
21,CC DChg,86.56666666668025,-1.6998,3.8637
21,CC DChg,86.66666666668607,-1.6998,3.8636
21,CC DChg,86.76666666669189,-1.6998,3.8636
21,CC DChg,86.86666666668316,-1.6998,3.8636
21,CC DChg,86.96666666668898,-1.6998,3.8635
21,CC DChg,87.06666666668025,-1.6998,3.8635
21,CC DChg,87.16666666668607,-1.6998,3.8635
21,CC DChg,87.26666666669189,-1.6998,3.8634
21,CC DChg,87.36666666668316,-1.6998,3.8634
21,CC DChg,87.46666666668898,-1.6998,3.8634
21,CC DChg,87.56666666668025,-1.6998,3.8634
21,CC DChg,87.66666666668607,-1.6998,3.8634
21,CC DChg,87.76666666669189,-1.6998,3.8633
21,CC DChg,87.86666666668316,-1.6998,3.8632
21,CC DChg,87.96666666668898,-1.6998,3.8632
21,CC DChg,88.06666666668025,-1.6998,3.8632
21,CC DChg,88.16666666668607,-1.6998,3.8631
21,CC DChg,88.26666666669189,-1.6998,3.8631
21,CC DChg,88.36666666668316,-1.6998,3.8631
21,CC DChg,88.46666666668898,-1.6998,3.8631
21,CC DChg,88.56666666668025,-1.6998,3.863
21,CC DChg,88.66666666668607,-1.6998,3.863
21,CC DChg,88.76666666669189,-1.6998,3.863
21,CC DChg,88.86666666668316,-1.6998,3.8629
21,CC DChg,88.96666666668898,-1.6998,3.8629
21,CC DChg,89.06666666668025,-1.6998,3.8629
21,CC DChg,89.16666666668607,-1.6998,3.8629
21,CC DChg,89.26666666669189,-1.6997,3.8628
21,CC DChg,89.36666666668316,-1.6997,3.8628
21,CC DChg,89.46666666668898,-1.6997,3.8628
21,CC DChg,89.56666666668025,-1.6998,3.8627
21,CC DChg,89.66666666668607,-1.6998,3.8627
21,CC DChg,89.76666666669189,-1.6998,3.8627
21,CC DChg,89.86666666668316,-1.6998,3.8626
21,CC DChg,89.96666666668898,-1.6998,3.8626
21,CC DChg,90.06666666668025,-1.6998,3.8626
21,CC DChg,90.16666666668607,-1.6998,3.8625
21,CC DChg,90.26666666669189,-1.6998,3.8625
21,CC DChg,90.36666666668316,-1.6998,3.8625
21,CC DChg,90.46666666668898,-1.6997,3.8624
21,CC DChg,90.56666666668025,-1.6997,3.8624
21,CC DChg,90.66666666668607,-1.6997,3.8624
21,CC DChg,90.76666666669189,-1.6997,3.8623
21,CC DChg,90.86666666668316,-1.6997,3.8623
21,CC DChg,90.96666666668898,-1.6997,3.8623
21,CC DChg,91.06666666668025,-1.6997,3.8623
21,CC DChg,91.16666666668607,-1.6997,3.8622
21,CC DChg,91.26666666669189,-1.6997,3.8622
21,CC DChg,91.36666666668316,-1.6997,3.8621
21,CC DChg,91.46666666668898,-1.6997,3.8622
21,CC DChg,91.56666666668025,-1.6997,3.8621
21,CC DChg,91.66666666668607,-1.6997,3.8621
21,CC DChg,91.76666666669189,-1.6997,3.862
21,CC DChg,91.86666666668316,-1.6997,3.862
21,CC DChg,91.96666666668898,-1.6997,3.862
21,CC DChg,92.06666666668025,-1.6997,3.862
21,CC DChg,92.16666666668607,-1.6997,3.8619
21,CC DChg,92.26666666669189,-1.6997,3.8619
21,CC DChg,92.36666666668316,-1.6997,3.8618
21,CC DChg,92.46666666668898,-1.6997,3.8618
21,CC DChg,92.56666666668025,-1.6997,3.8618
21,CC DChg,92.66666666668607,-1.6997,3.8618
21,CC DChg,92.76666666669189,-1.6997,3.8617
21,CC DChg,92.86666666668316,-1.6997,3.8617
21,CC DChg,92.96666666668898,-1.6997,3.8617
21,CC DChg,93.06666666668025,-1.6997,3.8617
21,CC DChg,93.16666666668607,-1.6997,3.8616
21,CC DChg,93.26666666669189,-1.6997,3.8616
21,CC DChg,93.36666666668316,-1.6997,3.8616
21,CC DChg,93.46666666668898,-1.6997,3.8616
21,CC DChg,93.56666666668025,-1.6997,3.8615
21,CC DChg,93.66666666668607,-1.6997,3.8615
21,CC DChg,93.76666666669189,-1.6997,3.8614
21,CC DChg,93.86666666668316,-1.6997,3.8614
21,CC DChg,93.96666666668898,-1.6997,3.8614
21,CC DChg,94.06666666668025,-1.6997,3.8614
21,CC DChg,94.16666666668607,-1.6997,3.8614
21,CC DChg,94.26666666669189,-1.6997,3.8613
21,CC DChg,94.36666666668316,-1.6997,3.8613
21,CC DChg,94.46666666668898,-1.6997,3.8613
21,CC DChg,94.56666666668025,-1.6997,3.8613
21,CC DChg,94.66666666668607,-1.6997,3.8612
21,CC DChg,94.76666666669189,-1.6997,3.8612
21,CC DChg,94.86666666668316,-1.6997,3.8611
21,CC DChg,94.96666666668898,-1.6997,3.8611
21,CC DChg,95.06666666668025,-1.6997,3.8611
21,CC DChg,95.16666666668607,-1.6997,3.861
21,CC DChg,95.26666666669189,-1.6997,3.861
21,CC DChg,95.36666666668316,-1.6997,3.861
21,CC DChg,95.46666666668898,-1.6997,3.861
21,CC DChg,95.56666666668025,-1.6997,3.861
21,CC DChg,95.66666666668607,-1.6997,3.8609
21,CC DChg,95.76666666669189,-1.6997,3.8609
21,CC DChg,95.86666666668316,-1.6997,3.8609
21,CC DChg,95.96666666668898,-1.6997,3.8608
21,CC DChg,96.06666666668025,-1.6997,3.8608
21,CC DChg,96.16666666668607,-1.6997,3.8608
21,CC DChg,96.26666666669189,-1.6997,3.8607
21,CC DChg,96.36666666668316,-1.6997,3.8607
21,CC DChg,96.46666666668898,-1.6997,3.8607
21,CC DChg,96.56666666668025,-1.6997,3.8607
21,CC DChg,96.66666666668607,-1.6997,3.8607
21,CC DChg,96.76666666669189,-1.6997,3.8606
21,CC DChg,96.86666666668316,-1.6997,3.8606
21,CC DChg,96.96666666668898,-1.6997,3.8606
21,CC DChg,97.06666666668025,-1.6997,3.8606
21,CC DChg,97.16666666668607,-1.6997,3.8606
21,CC DChg,97.26666666669189,-1.6997,3.8605
21,CC DChg,97.36666666668316,-1.6997,3.8605
21,CC DChg,97.46666666668898,-1.6997,3.8604
21,CC DChg,97.56666666668025,-1.6997,3.8604
21,CC DChg,97.66666666668607,-1.6997,3.8604
21,CC DChg,97.76666666669189,-1.6997,3.8604
21,CC DChg,97.86666666668316,-1.6997,3.8603
21,CC DChg,97.96666666668898,-1.6997,3.8603
21,CC DChg,98.06666666668025,-1.6997,3.8603
21,CC DChg,98.16666666668607,-1.6997,3.8602
21,CC DChg,98.26666666669189,-1.6997,3.8602
21,CC DChg,98.36666666668316,-1.6997,3.8602
21,CC DChg,98.46666666668898,-1.6997,3.8602
21,CC DChg,98.56666666668025,-1.6997,3.8601
21,CC DChg,98.66666666668607,-1.6997,3.8601
21,CC DChg,98.76666666669189,-1.6997,3.8601
21,CC DChg,98.86666666668316,-1.6997,3.8601
21,CC DChg,98.96666666668898,-1.6997,3.8601
21,CC DChg,99.06666666668025,-1.6997,3.86
21,CC DChg,99.16666666668607,-1.6997,3.8599
21,CC DChg,99.26666666669189,-1.6997,3.8599
21,CC DChg,99.36666666668316,-1.6997,3.8599
21,CC DChg,99.46666666668898,-1.6997,3.8599
21,CC DChg,99.56666666668025,-1.6997,3.8599
21,CC DChg,99.66666666668607,-1.6997,3.8598
21,CC DChg,99.76666666669189,-1.6997,3.8598
21,CC DChg,99.86666666668316,-1.6997,3.8598
21,CC DChg,99.96666666668898,-1.6997,3.8598
21,CC DChg,100.06666666668025,-1.6997,3.8597
21,CC DChg,100.16666666668607,-1.6997,3.8597
21,CC DChg,100.26666666669189,-1.6997,3.8597
21,CC DChg,100.36666666668316,-1.6997,3.8596
21,CC DChg,100.46666666668898,-1.6997,3.8596
21,CC DChg,100.56666666668025,-1.6997,3.8596
21,CC DChg,100.66666666668607,-1.6997,3.8595
21,CC DChg,100.76666666669189,-1.6998,3.8596
21,CC DChg,100.86666666668316,-1.6998,3.8596
21,CC DChg,100.96666666668898,-1.6998,3.8595
21,CC DChg,101.06666666668025,-1.6998,3.8595
21,CC DChg,101.16666666668607,-1.6998,3.8594
21,CC DChg,101.26666666669189,-1.6998,3.8594
21,CC DChg,101.36666666668316,-1.6998,3.8594
21,CC DChg,101.46666666668898,-1.6998,3.8594
21,CC DChg,101.56666666668025,-1.6998,3.8593
21,CC DChg,101.66666666668607,-1.6998,3.8593
21,CC DChg,101.76666666669189,-1.6998,3.8593
21,CC DChg,101.86666666668316,-1.6998,3.8592
21,CC DChg,101.96666666668898,-1.6998,3.8592
21,CC DChg,102.06666666668025,-1.6998,3.8592
21,CC DChg,102.16666666668607,-1.6998,3.8592
21,CC DChg,102.26666666669189,-1.6998,3.8592
21,CC DChg,102.36666666668316,-1.6998,3.8591
21,CC DChg,102.46666666668898,-1.6998,3.8591
21,CC DChg,102.56666666668025,-1.6998,3.8591
21,CC DChg,102.66666666668607,-1.6998,3.859
21,CC DChg,102.76666666669189,-1.6998,3.859
21,CC DChg,102.86666666668316,-1.6998,3.8589
21,CC DChg,102.96666666668898,-1.6998,3.8589
21,CC DChg,103.06666666668025,-1.6998,3.8589
21,CC DChg,103.16666666668607,-1.6998,3.8589
21,CC DChg,103.26666666669189,-1.6998,3.8588
21,CC DChg,103.36666666668316,-1.6998,3.8588
21,CC DChg,103.46666666668898,-1.6998,3.8588
21,CC DChg,103.56666666668025,-1.6998,3.8588
21,CC DChg,103.66666666668607,-1.6998,3.8588
21,CC DChg,103.76666666669189,-1.6998,3.8588
21,CC DChg,103.86666666668316,-1.6998,3.8587
21,CC DChg,103.96666666668898,-1.6998,3.8587
21,CC DChg,104.06666666668025,-1.6998,3.8586
21,CC DChg,104.16666666668607,-1.6998,3.8586
21,CC DChg,104.26666666669189,-1.6998,3.8586
21,CC DChg,104.36666666668316,-1.6998,3.8585
21,CC DChg,104.46666666668898,-1.6998,3.8585
21,CC DChg,104.56666666668025,-1.6998,3.8585
21,CC DChg,104.66666666668607,-1.6998,3.8585
21,CC DChg,104.76666666669189,-1.6998,3.8585
21,CC DChg,104.86666666668316,-1.6998,3.8584
21,CC DChg,104.96666666668898,-1.6998,3.8584
21,CC DChg,105.06666666668025,-1.6998,3.8584
21,CC DChg,105.16666666668607,-1.6998,3.8583
21,CC DChg,105.26666666669189,-1.6998,3.8583
21,CC DChg,105.36666666668316,-1.6998,3.8583
21,CC DChg,105.46666666668898,-1.6998,3.8583
21,CC DChg,105.56666666668025,-1.6998,3.8583
21,CC DChg,105.66666666668607,-1.6998,3.8582
21,CC DChg,105.76666666669189,-1.6998,3.8582
21,CC DChg,105.86666666668316,-1.6998,3.8581
21,CC DChg,105.96666666668898,-1.6998,3.8581
21,CC DChg,106.06666666668025,-1.6998,3.8581
21,CC DChg,106.16666666668607,-1.6998,3.8581
21,CC DChg,106.26666666669189,-1.6998,3.858
21,CC DChg,106.36666666668316,-1.6998,3.858
21,CC DChg,106.46666666668898,-1.6998,3.858
21,CC DChg,106.56666666668025,-1.6998,3.8579
21,CC DChg,106.66666666668607,-1.6998,3.8579
21,CC DChg,106.76666666669189,-1.6998,3.8579
21,CC DChg,106.86666666668316,-1.6998,3.8579
21,CC DChg,106.96666666668898,-1.6998,3.8579
21,CC DChg,107.06666666668025,-1.6998,3.8578
21,CC DChg,107.16666666668607,-1.6998,3.8578
21,CC DChg,107.26666666669189,-1.6998,3.8578
21,CC DChg,107.36666666668316,-1.6998,3.8577
21,CC DChg,107.46666666668898,-1.6998,3.8577
21,CC DChg,107.56666666668025,-1.6998,3.8577
21,CC DChg,107.66666666668607,-1.6998,3.8577
21,CC DChg,107.76666666669189,-1.6998,3.8576
21,CC DChg,107.86666666668316,-1.6998,3.8576
21,CC DChg,107.96666666668898,-1.6998,3.8576
21,CC DChg,108.06666666668025,-1.6998,3.8576
21,CC DChg,108.16666666668607,-1.6998,3.8575
21,CC DChg,108.26666666669189,-1.6998,3.8575
21,CC DChg,108.36666666668316,-1.6998,3.8575
21,CC DChg,108.46666666668898,-1.6998,3.8575
21,CC DChg,108.56666666668025,-1.6998,3.8574
21,CC DChg,108.66666666668607,-1.6998,3.8574
21,CC DChg,108.76666666669189,-1.6998,3.8574
21,CC DChg,108.86666666668316,-1.6998,3.8574
21,CC DChg,108.96666666668898,-1.6998,3.8574
21,CC DChg,109.06666666668025,-1.6998,3.8573
21,CC DChg,109.16666666668607,-1.6998,3.8573
21,CC DChg,109.26666666669189,-1.6998,3.8573
21,CC DChg,109.36666666668316,-1.6998,3.8572
21,CC DChg,109.46666666668898,-1.6998,3.8572
21,CC DChg,109.56666666668025,-1.6998,3.8572
21,CC DChg,109.66666666668607,-1.6998,3.8572
21,CC DChg,109.76666666669189,-1.6998,3.8572
21,CC DChg,109.86666666668316,-1.6998,3.8571
21,CC DChg,109.96666666668898,-1.6998,3.8571
21,CC DChg,110.06666666668025,-1.6998,3.8571
21,CC DChg,110.16666666668607,-1.6998,3.857
21,CC DChg,110.26666666669189,-1.6998,3.857
21,CC DChg,110.36666666668316,-1.6998,3.857
21,CC DChg,110.46666666668898,-1.6998,3.857
21,CC DChg,110.56666666668025,-1.6998,3.8569
21,CC DChg,110.66666666668607,-1.6998,3.8569
21,CC DChg,110.76666666669189,-1.6998,3.8569
21,CC DChg,110.86666666668316,-1.6998,3.8569
21,CC DChg,110.96666666668898,-1.6998,3.8568
21,CC DChg,111.06666666668025,-1.6998,3.8568
21,CC DChg,111.16666666668607,-1.6998,3.8568
21,CC DChg,111.26666666669189,-1.6998,3.8568
21,CC DChg,111.36666666668316,-1.6998,3.8567
21,CC DChg,111.46666666668898,-1.6998,3.8567
21,CC DChg,111.56666666668025,-1.6998,3.8567
21,CC DChg,111.66666666668607,-1.6998,3.8566
21,CC DChg,111.76666666669189,-1.6998,3.8566
21,CC DChg,111.86666666668316,-1.6998,3.8566
21,CC DChg,111.96666666668898,-1.6998,3.8566
21,CC DChg,112.06666666668025,-1.6998,3.8566
21,CC DChg,112.16666666668607,-1.6998,3.8566
21,CC DChg,112.26666666669189,-1.6998,3.8565
21,CC DChg,112.36666666668316,-1.6998,3.8565
21,CC DChg,112.46666666668898,-1.6998,3.8565
21,CC DChg,112.56666666668025,-1.6998,3.8564
21,CC DChg,112.66666666668607,-1.6998,3.8564
21,CC DChg,112.76666666669189,-1.6998,3.8564
21,CC DChg,112.86666666668316,-1.6998,3.8564
21,CC DChg,112.96666666668898,-1.6998,3.8563
21,CC DChg,113.06666666668025,-1.6998,3.8563
21,CC DChg,113.16666666668607,-1.6998,3.8562
21,CC DChg,113.26666666669189,-1.6998,3.8562
21,CC DChg,113.36666666668316,-1.6998,3.8562
21,CC DChg,113.46666666668898,-1.6998,3.8562
21,CC DChg,113.56666666668025,-1.6998,3.8562
21,CC DChg,113.66666666668607,-1.6998,3.8561
21,CC DChg,113.76666666669189,-1.6998,3.8561
21,CC DChg,113.86666666668316,-1.6998,3.8561
21,CC DChg,113.96666666668898,-1.6998,3.8561
21,CC DChg,114.06666666668025,-1.6998,3.8561
21,CC DChg,114.16666666668607,-1.6998,3.8561
21,CC DChg,114.26666666669189,-1.6998,3.856
21,CC DChg,114.36666666668316,-1.6998,3.856
21,CC DChg,114.46666666668898,-1.6998,3.8559
21,CC DChg,114.56666666668025,-1.6998,3.856
21,CC DChg,114.66666666668607,-1.6998,3.8559
21,CC DChg,114.76666666669189,-1.6998,3.8559
21,CC DChg,114.86666666668316,-1.6998,3.8558
21,CC DChg,114.96666666668898,-1.6998,3.8558
21,CC DChg,115.06666666668025,-1.6998,3.8558
21,CC DChg,115.16666666668607,-1.6998,3.8558
21,CC DChg,115.26666666669189,-1.6998,3.8558
21,CC DChg,115.36666666668316,-1.6998,3.8557
21,CC DChg,115.46666666668898,-1.6998,3.8557
21,CC DChg,115.56666666668025,-1.6998,3.8557
21,CC DChg,115.66666666668607,-1.6998,3.8557
21,CC DChg,115.76666666669189,-1.6998,3.8556
21,CC DChg,115.86666666668316,-1.6998,3.8556
21,CC DChg,115.96666666668898,-1.6998,3.8556
21,CC DChg,116.06666666668025,-1.6998,3.8556
21,CC DChg,116.16666666668607,-1.6998,3.8555
21,CC DChg,116.26666666669189,-1.6998,3.8555
21,CC DChg,116.36666666668316,-1.6998,3.8555
21,CC DChg,116.46666666668898,-1.6998,3.8555
21,CC DChg,116.56666666668025,-1.6998,3.8555
21,CC DChg,116.66666666668607,-1.6998,3.8554
21,CC DChg,116.76666666669189,-1.6998,3.8554
21,CC DChg,116.86666666668316,-1.6998,3.8554
21,CC DChg,116.96666666668898,-1.6998,3.8553
21,CC DChg,117.06666666668025,-1.6998,3.8553
21,CC DChg,117.16666666668607,-1.6998,3.8553
21,CC DChg,117.26666666669189,-1.6998,3.8553
21,CC DChg,117.36666666668316,-1.6998,3.8553
21,CC DChg,117.46666666668898,-1.6998,3.8552
21,CC DChg,117.56666666668025,-1.6998,3.8552
21,CC DChg,117.66666666668607,-1.6998,3.8552
21,CC DChg,117.76666666669189,-1.6998,3.8551
21,CC DChg,117.86666666668316,-1.6998,3.8551
21,CC DChg,117.96666666668898,-1.6998,3.8551
21,CC DChg,118.06666666668025,-1.6998,3.8551
21,CC DChg,118.16666666668607,-1.6998,3.8551
21,CC DChg,118.26666666669189,-1.6998,3.855
21,CC DChg,118.36666666668316,-1.6998,3.855
21,CC DChg,118.46666666668898,-1.6998,3.855
21,CC DChg,118.56666666668025,-1.6998,3.855
21,CC DChg,118.66666666668607,-1.6998,3.8549
21,CC DChg,118.76666666669189,-1.6998,3.8549
21,CC DChg,118.86666666668316,-1.6998,3.8549
21,CC DChg,118.96666666668898,-1.6998,3.8549
21,CC DChg,119.06666666668025,-1.6998,3.8549
21,CC DChg,119.16666666668607,-1.6998,3.8549
21,CC DChg,119.26666666669189,-1.6998,3.8548
21,CC DChg,119.36666666668316,-1.6998,3.8548
21,CC DChg,119.46666666668898,-1.6998,3.8547
21,CC DChg,119.56666666668025,-1.6998,3.8547
21,CC DChg,119.66666666668607,-1.6998,3.8547
21,CC DChg,119.76666666669189,-1.6998,3.8547
21,CC DChg,119.86666666668316,-1.6998,3.8547
21,CC DChg,119.96666666668898,-1.6998,3.8546
21,CC DChg,120.06666666668025,-1.6998,3.8546
21,CC DChg,120.16666666668607,-1.6998,3.8546
21,CC DChg,120.26666666669189,-1.6998,3.8545
21,CC DChg,120.36666666668316,-1.6998,3.8545
21,CC DChg,120.46666666668898,-1.6998,3.8545
21,CC DChg,120.56666666668025,-1.6998,3.8545
21,CC DChg,120.66666666668607,-1.6998,3.8545
21,CC DChg,120.76666666669189,-1.6998,3.8545
21,CC DChg,120.86666666668316,-1.6998,3.8545
21,CC DChg,120.96666666668898,-1.6998,3.8544
21,CC DChg,121.06666666668025,-1.6998,3.8544
21,CC DChg,121.16666666668607,-1.6998,3.8544
21,CC DChg,121.26666666669189,-1.6998,3.8543
21,CC DChg,121.36666666668316,-1.6998,3.8543
21,CC DChg,121.46666666668898,-1.6998,3.8543
21,CC DChg,121.56666666668025,-1.6998,3.8543
21,CC DChg,121.66666666668607,-1.6998,3.8543
21,CC DChg,121.76666666669189,-1.6998,3.8542
21,CC DChg,121.86666666668316,-1.6998,3.8542
21,CC DChg,121.96666666668898,-1.6998,3.8542
21,CC DChg,122.06666666668025,-1.6998,3.8542
21,CC DChg,122.16666666668607,-1.6998,3.8541
21,CC DChg,122.26666666669189,-1.6998,3.8542
21,CC DChg,122.36666666668316,-1.6998,3.8542
21,CC DChg,122.46666666668898,-1.6998,3.8541
21,CC DChg,122.56666666668025,-1.6998,3.8541
21,CC DChg,122.66666666668607,-1.6998,3.8541
21,CC DChg,122.76666666669189,-1.6998,3.854
21,CC DChg,122.86666666668316,-1.6998,3.854
21,CC DChg,122.96666666668898,-1.6998,3.854
21,CC DChg,123.06666666668025,-1.6998,3.8539
21,CC DChg,123.16666666668607,-1.6998,3.8539
21,CC DChg,123.26666666669189,-1.6998,3.8539
21,CC DChg,123.36666666668316,-1.6998,3.8539
21,CC DChg,123.46666666668898,-1.6998,3.8538
21,CC DChg,123.56666666668025,-1.6998,3.8538
21,CC DChg,123.66666666668607,-1.6998,3.8538
21,CC DChg,123.76666666669189,-1.6998,3.8538
21,CC DChg,123.86666666668316,-1.6998,3.8537
21,CC DChg,123.96666666668898,-1.6998,3.8537
21,CC DChg,124.06666666668025,-1.6998,3.8537
21,CC DChg,124.16666666668607,-1.6998,3.8537
21,CC DChg,124.26666666669189,-1.6998,3.8537
21,CC DChg,124.36666666668316,-1.6998,3.8536
21,CC DChg,124.46666666668898,-1.6998,3.8536
21,CC DChg,124.56666666668025,-1.6998,3.8536
21,CC DChg,124.66666666668607,-1.6998,3.8536
21,CC DChg,124.76666666669189,-1.6998,3.8536
21,CC DChg,124.86666666668316,-1.6998,3.8535
21,CC DChg,124.96666666668898,-1.6998,3.8535
21,CC DChg,125.06666666668025,-1.6998,3.8535
21,CC DChg,125.16666666668607,-1.6998,3.8535
21,CC DChg,125.26666666669189,-1.6998,3.8535
21,CC DChg,125.36666666668316,-1.6998,3.8534
21,CC DChg,125.46666666668898,-1.6998,3.8534
21,CC DChg,125.56666666668025,-1.6998,3.8534
21,CC DChg,125.66666666668607,-1.6998,3.8534
21,CC DChg,125.76666666669189,-1.6998,3.8533
21,CC DChg,125.86666666668316,-1.6998,3.8533
21,CC DChg,125.96666666668898,-1.6998,3.8533
21,CC DChg,126.06666666668025,-1.6998,3.8532
21,CC DChg,126.16666666668607,-1.6998,3.8532
21,CC DChg,126.26666666669189,-1.6998,3.8532
21,CC DChg,126.36666666668316,-1.6998,3.8532
21,CC DChg,126.46666666668898,-1.6998,3.8532
21,CC DChg,126.56666666668025,-1.6998,3.8532
21,CC DChg,126.66666666668607,-1.6998,3.8531
21,CC DChg,126.76666666669189,-1.6998,3.8531
21,CC DChg,126.86666666668316,-1.6998,3.8531
21,CC DChg,126.96666666668898,-1.6998,3.8531
21,CC DChg,127.06666666668025,-1.6998,3.853
21,CC DChg,127.16666666668607,-1.6998,3.853
21,CC DChg,127.26666666669189,-1.6998,3.853
21,CC DChg,127.36666666668316,-1.6998,3.853
21,CC DChg,127.46666666668898,-1.6998,3.853
21,CC DChg,127.56666666668025,-1.6998,3.8529
21,CC DChg,127.66666666668607,-1.6998,3.8529
21,CC DChg,127.76666666669189,-1.6998,3.8529
21,CC DChg,127.86666666668316,-1.6998,3.8529
21,CC DChg,127.96666666668898,-1.6998,3.8528
21,CC DChg,128.06666666668025,-1.6998,3.8528
21,CC DChg,128.16666666668607,-1.6998,3.8528
21,CC DChg,128.2666666666919,-1.6998,3.8528
21,CC DChg,128.36666666668316,-1.6998,3.8527
21,CC DChg,128.46666666668898,-1.6998,3.8527
21,CC DChg,128.56666666668025,-1.6998,3.8527
21,CC DChg,128.66666666668607,-1.6998,3.8527
21,CC DChg,128.7666666666919,-1.6998,3.8526
21,CC DChg,128.86666666668316,-1.6998,3.8526
21,CC DChg,128.96666666668898,-1.6998,3.8526
21,CC DChg,129.06666666668025,-1.6998,3.8526
21,CC DChg,129.16666666668607,-1.6998,3.8526
21,CC DChg,129.2666666666919,-1.6998,3.8526
21,CC DChg,129.36666666668316,-1.6998,3.8525
21,CC DChg,129.46666666668898,-1.6998,3.8525
21,CC DChg,129.56666666668025,-1.6998,3.8525
21,CC DChg,129.66666666668607,-1.6998,3.8525
21,CC DChg,129.7666666666919,-1.6998,3.8524
21,CC DChg,129.86666666668316,-1.6998,3.8525
21,CC DChg,129.96666666668898,-1.6998,3.8524
21,CC DChg,130.06666666668025,-1.6998,3.8524
21,CC DChg,130.16666666668607,-1.6998,3.8523
21,CC DChg,130.2666666666919,-1.6998,3.8523
21,CC DChg,130.36666666668316,-1.6998,3.8523
21,CC DChg,130.46666666668898,-1.6998,3.8523
21,CC DChg,130.56666666668025,-1.6998,3.8523
21,CC DChg,130.66666666668607,-1.6998,3.8522
21,CC DChg,130.7666666666919,-1.6998,3.8522
21,CC DChg,130.86666666668316,-1.6998,3.8522
21,CC DChg,130.96666666668898,-1.6998,3.8522
21,CC DChg,131.06666666668025,-1.6998,3.8521
21,CC DChg,131.16666666668607,-1.6998,3.8521
21,CC DChg,131.2666666666919,-1.6998,3.8521
21,CC DChg,131.36666666668316,-1.6998,3.8521
21,CC DChg,131.46666666668898,-1.6998,3.8521
21,CC DChg,131.56666666668025,-1.6998,3.8521
21,CC DChg,131.66666666668607,-1.6998,3.852
21,CC DChg,131.7666666666919,-1.6998,3.852
21,CC DChg,131.86666666668316,-1.6998,3.852
21,CC DChg,131.96666666668898,-1.6998,3.852
21,CC DChg,132.06666666668025,-1.6998,3.8519
21,CC DChg,132.16666666668607,-1.6998,3.8519
21,CC DChg,132.2666666666919,-1.6998,3.8519
21,CC DChg,132.36666666668316,-1.6998,3.8519
21,CC DChg,132.46666666668898,-1.6998,3.8518
21,CC DChg,132.56666666668025,-1.6998,3.8518
21,CC DChg,132.66666666668607,-1.6998,3.8518
21,CC DChg,132.7666666666919,-1.6998,3.8518
21,CC DChg,132.86666666668316,-1.6998,3.8518
21,CC DChg,132.96666666668898,-1.6998,3.8518
21,CC DChg,133.06666666668025,-1.6998,3.8517
21,CC DChg,133.16666666668607,-1.6998,3.8517
21,CC DChg,133.2666666666919,-1.6998,3.8517
21,CC DChg,133.36666666668316,-1.6998,3.8517
21,CC DChg,133.46666666668898,-1.6998,3.8516
21,CC DChg,133.56666666668025,-1.6998,3.8516
21,CC DChg,133.66666666668607,-1.6998,3.8516
21,CC DChg,133.7666666666919,-1.6998,3.8516
21,CC DChg,133.86666666668316,-1.6998,3.8516
21,CC DChg,133.96666666668898,-1.6998,3.8515
21,CC DChg,134.06666666668025,-1.6998,3.8515
21,CC DChg,134.16666666668607,-1.6998,3.8515
21,CC DChg,134.2666666666919,-1.6998,3.8515
21,CC DChg,134.36666666668316,-1.6998,3.8515
21,CC DChg,134.46666666668898,-1.6998,3.8514
21,CC DChg,134.56666666668025,-1.6998,3.8514
21,CC DChg,134.66666666668607,-1.6998,3.8514
21,CC DChg,134.7666666666919,-1.6998,3.8514
21,CC DChg,134.86666666668316,-1.6998,3.8514
21,CC DChg,134.96666666668898,-1.6998,3.8513
21,CC DChg,135.06666666668025,-1.6998,3.8513
21,CC DChg,135.16666666668607,-1.6998,3.8513
21,CC DChg,135.2666666666919,-1.6998,3.8513
21,CC DChg,135.36666666668316,-1.6998,3.8512
21,CC DChg,135.46666666668898,-1.6998,3.8512
21,CC DChg,135.56666666668025,-1.6998,3.8512
21,CC DChg,135.66666666668607,-1.6998,3.8511
21,CC DChg,135.7666666666919,-1.6998,3.8511
21,CC DChg,135.86666666668316,-1.6998,3.8512
21,CC DChg,135.96666666668898,-1.6998,3.8511
21,CC DChg,136.06666666668025,-1.6998,3.8511
21,CC DChg,136.16666666668607,-1.6998,3.851
21,CC DChg,136.2666666666919,-1.6998,3.851
21,CC DChg,136.36666666668316,-1.6998,3.851
21,CC DChg,136.46666666668898,-1.6998,3.851
21,CC DChg,136.56666666668025,-1.6998,3.851
21,CC DChg,136.66666666668607,-1.6998,3.851
21,CC DChg,136.7666666666919,-1.6998,3.851
21,CC DChg,136.86666666668316,-1.6998,3.8509
21,CC DChg,136.96666666668898,-1.6998,3.8509
21,CC DChg,137.06666666668025,-1.6998,3.8508
21,CC DChg,137.16666666668607,-1.6998,3.8508
21,CC DChg,137.2666666666919,-1.6998,3.8508
21,CC DChg,137.36666666668316,-1.6998,3.8508
21,CC DChg,137.46666666668898,-1.6998,3.8508
21,CC DChg,137.56666666668025,-1.6998,3.8508
21,CC DChg,137.66666666668607,-1.6998,3.8508
21,CC DChg,137.7666666666919,-1.6998,3.8507
21,CC DChg,137.86666666668316,-1.6998,3.8507
21,CC DChg,137.96666666668898,-1.6998,3.8507
21,CC DChg,138.06666666668025,-1.6998,3.8507
21,CC DChg,138.16666666668607,-1.6998,3.8507
21,CC DChg,138.2666666666919,-1.6998,3.8506
21,CC DChg,138.36666666668316,-1.6998,3.8506
21,CC DChg,138.46666666668898,-1.6998,3.8506
21,CC DChg,138.56666666668025,-1.6998,3.8506
21,CC DChg,138.66666666668607,-1.6998,3.8506
21,CC DChg,138.7666666666919,-1.6998,3.8506
21,CC DChg,138.86666666668316,-1.6998,3.8505
21,CC DChg,138.96666666668898,-1.6998,3.8505
21,CC DChg,139.06666666668025,-1.6998,3.8505
21,CC DChg,139.16666666668607,-1.6998,3.8505
21,CC DChg,139.2666666666919,-1.6998,3.8504
21,CC DChg,139.36666666668316,-1.6998,3.8504
21,CC DChg,139.46666666668898,-1.6998,3.8504
21,CC DChg,139.56666666668025,-1.6998,3.8504
21,CC DChg,139.66666666668607,-1.6998,3.8503
21,CC DChg,139.7666666666919,-1.6998,3.8503
21,CC DChg,139.86666666668316,-1.6998,3.8503
21,CC DChg,139.96666666668898,-1.6998,3.8503
21,CC DChg,140.06666666668025,-1.6998,3.8502
21,CC DChg,140.16666666668607,-1.6998,3.8502
21,CC DChg,140.2666666666919,-1.6998,3.8502
21,CC DChg,140.36666666668316,-1.6998,3.8502
21,CC DChg,140.46666666668898,-1.6998,3.8502
21,CC DChg,140.56666666668025,-1.6998,3.8501
21,CC DChg,140.66666666668607,-1.6998,3.8501
21,CC DChg,140.7666666666919,-1.6998,3.8501
21,CC DChg,140.86666666668316,-1.6998,3.8501
21,CC DChg,140.96666666668898,-1.6998,3.85
21,CC DChg,141.06666666668025,-1.6998,3.85
21,CC DChg,141.16666666668607,-1.6998,3.85
21,CC DChg,141.2666666666919,-1.6998,3.85
21,CC DChg,141.36666666668316,-1.6998,3.85
21,CC DChg,141.46666666668898,-1.6998,3.8499
21,CC DChg,141.56666666668025,-1.6998,3.8499
21,CC DChg,141.66666666668607,-1.6998,3.8499
21,CC DChg,141.7666666666919,-1.6998,3.8499
21,CC DChg,141.86666666668316,-1.6998,3.8499
21,CC DChg,141.96666666668898,-1.6998,3.8499
21,CC DChg,142.06666666668025,-1.6998,3.8499
21,CC DChg,142.16666666668607,-1.6998,3.8498
21,CC DChg,142.2666666666919,-1.6998,3.8498
21,CC DChg,142.36666666668316,-1.6998,3.8498
21,CC DChg,142.46666666668898,-1.6998,3.8498
21,CC DChg,142.56666666668025,-1.6998,3.8497
21,CC DChg,142.66666666668607,-1.6998,3.8497
21,CC DChg,142.7666666666919,-1.6998,3.8497
21,CC DChg,142.86666666668316,-1.6998,3.8496
21,CC DChg,142.96666666668898,-1.6998,3.8496
21,CC DChg,143.06666666668025,-1.6998,3.8496
21,CC DChg,143.16666666668607,-1.6998,3.8496
21,CC DChg,143.2666666666919,-1.6998,3.8496
21,CC DChg,143.36666666668316,-1.6998,3.8496
21,CC DChg,143.46666666668898,-1.6998,3.8496
21,CC DChg,143.56666666668025,-1.6998,3.8495
21,CC DChg,143.66666666668607,-1.6998,3.8495
21,CC DChg,143.7666666666919,-1.6998,3.8495
21,CC DChg,143.86666666668316,-1.6998,3.8495
21,CC DChg,143.96666666668898,-1.6998,3.8495
21,CC DChg,144.06666666668025,-1.6998,3.8494
21,CC DChg,144.16666666668607,-1.6998,3.8494
21,CC DChg,144.2666666666919,-1.6998,3.8494
21,CC DChg,144.36666666668316,-1.6998,3.8493
21,CC DChg,144.46666666668898,-1.6998,3.8493
21,CC DChg,144.56666666668025,-1.6998,3.8493
21,CC DChg,144.66666666668607,-1.6998,3.8493
21,CC DChg,144.7666666666919,-1.6998,3.8493
21,CC DChg,144.86666666668316,-1.6998,3.8492
21,CC DChg,144.96666666668898,-1.6998,3.8493
21,CC DChg,145.06666666668025,-1.6998,3.8493
21,CC DChg,145.16666666668607,-1.6998,3.8492
21,CC DChg,145.2666666666919,-1.6998,3.8492
21,CC DChg,145.36666666668316,-1.6998,3.8492
21,CC DChg,145.46666666668898,-1.6998,3.8491
21,CC DChg,145.56666666668025,-1.6998,3.8491
21,CC DChg,145.66666666668607,-1.6998,3.8491
21,CC DChg,145.7666666666919,-1.6998,3.8491
21,CC DChg,145.86666666668316,-1.6998,3.849
21,CC DChg,145.96666666668898,-1.6998,3.8491
21,CC DChg,146.06666666668025,-1.6998,3.8491
21,CC DChg,146.16666666668607,-1.6998,3.849
21,CC DChg,146.2666666666919,-1.6998,3.849
21,CC DChg,146.36666666668316,-1.6998,3.8489
21,CC DChg,146.46666666668898,-1.6998,3.8489
21,CC DChg,146.56666666668025,-1.6998,3.8489
21,CC DChg,146.66666666668607,-1.6998,3.8489
21,CC DChg,146.7666666666919,-1.6998,3.8489
21,CC DChg,146.86666666668316,-1.6998,3.8488
21,CC DChg,146.96666666668898,-1.6998,3.8489
21,CC DChg,147.06666666668025,-1.6998,3.8488
21,CC DChg,147.16666666668607,-1.6998,3.8488
21,CC DChg,147.2666666666919,-1.6998,3.8488
21,CC DChg,147.36666666668316,-1.6998,3.8488
21,CC DChg,147.46666666668898,-1.6998,3.8487
21,CC DChg,147.56666666668025,-1.6998,3.8487
21,CC DChg,147.66666666668607,-1.6998,3.8487
21,CC DChg,147.7666666666919,-1.6998,3.8487
21,CC DChg,147.86666666668316,-1.6998,3.8487
21,CC DChg,147.96666666668898,-1.6998,3.8487
21,CC DChg,148.06666666668025,-1.6998,3.8486
21,CC DChg,148.16666666668607,-1.6998,3.8486
21,CC DChg,148.2666666666919,-1.6998,3.8486
21,CC DChg,148.36666666668316,-1.6998,3.8486
21,CC DChg,148.46666666668898,-1.6998,3.8485
21,CC DChg,148.56666666668025,-1.6998,3.8485
21,CC DChg,148.66666666668607,-1.6998,3.8485
21,CC DChg,148.7666666666919,-1.6998,3.8485
21,CC DChg,148.86666666668316,-1.6998,3.8485
21,CC DChg,148.96666666668898,-1.6998,3.8484
21,CC DChg,149.06666666668025,-1.6998,3.8484
21,CC DChg,149.16666666668607,-1.6998,3.8484
21,CC DChg,149.2666666666919,-1.6998,3.8484
21,CC DChg,149.36666666668316,-1.6998,3.8483
21,CC DChg,149.46666666668898,-1.6998,3.8484
21,CC DChg,149.56666666668025,-1.6998,3.8484
21,CC DChg,149.66666666668607,-1.6998,3.8483
21,CC DChg,149.7666666666919,-1.6998,3.8483
21,CC DChg,149.86666666668316,-1.6998,3.8483
21,CC DChg,149.96666666668898,-1.6998,3.8483
21,CC DChg,150.06666666668025,-1.6998,3.8483
21,CC DChg,150.16666666668607,-1.6998,3.8483
21,CC DChg,150.2666666666919,-1.6998,3.8482
21,CC DChg,150.36666666668316,-1.6998,3.8482
21,CC DChg,150.46666666668898,-1.6998,3.8482
21,CC DChg,150.56666666668025,-1.6998,3.8481
21,CC DChg,150.66666666668607,-1.6998,3.8481
21,CC DChg,150.7666666666919,-1.6998,3.8481
21,CC DChg,150.86666666668316,-1.6998,3.8481
21,CC DChg,150.96666666668898,-1.6998,3.8481
21,CC DChg,151.06666666668025,-1.6998,3.8481
21,CC DChg,151.16666666668607,-1.6998,3.848
21,CC DChg,151.2666666666919,-1.6998,3.848
21,CC DChg,151.36666666668316,-1.6998,3.848
21,CC DChg,151.46666666668898,-1.6998,3.848
21,CC DChg,151.56666666668025,-1.6998,3.848
21,CC DChg,151.66666666668607,-1.6998,3.8479
21,CC DChg,151.7666666666919,-1.6998,3.8479
21,CC DChg,151.86666666668316,-1.6998,3.8479
21,CC DChg,151.96666666668898,-1.6998,3.8479
21,CC DChg,152.06666666668025,-1.6998,3.8479
21,CC DChg,152.16666666668607,-1.6998,3.8478
21,CC DChg,152.2666666666919,-1.6998,3.8478
21,CC DChg,152.36666666668316,-1.6998,3.8478
21,CC DChg,152.46666666668898,-1.6998,3.8477
21,CC DChg,152.56666666668025,-1.6998,3.8477
21,CC DChg,152.66666666668607,-1.6998,3.8477
21,CC DChg,152.7666666666919,-1.6998,3.8477
21,CC DChg,152.86666666668316,-1.6998,3.8477
21,CC DChg,152.96666666668898,-1.6998,3.8477
21,CC DChg,153.06666666668025,-1.6998,3.8477
21,CC DChg,153.16666666668607,-1.6998,3.8476
21,CC DChg,153.2666666666919,-1.6998,3.8476
21,CC DChg,153.36666666668316,-1.6998,3.8476
21,CC DChg,153.46666666668898,-1.6998,3.8476
21,CC DChg,153.56666666668025,-1.6998,3.8476
21,CC DChg,153.66666666668607,-1.6998,3.8476
21,CC DChg,153.7666666666919,-1.6998,3.8475
21,CC DChg,153.86666666668316,-1.6998,3.8475
21,CC DChg,153.96666666668898,-1.6998,3.8475
21,CC DChg,154.06666666668025,-1.6998,3.8475
21,CC DChg,154.16666666668607,-1.6998,3.8475
21,CC DChg,154.2666666666919,-1.6998,3.8474
21,CC DChg,154.36666666668316,-1.6998,3.8474
21,CC DChg,154.46666666668898,-1.6998,3.8474
21,CC DChg,154.56666666668025,-1.6998,3.8474
21,CC DChg,154.66666666668607,-1.6998,3.8474
21,CC DChg,154.7666666666919,-1.6998,3.8473
21,CC DChg,154.86666666668316,-1.6998,3.8473
21,CC DChg,154.96666666668898,-1.6998,3.8473
21,CC DChg,155.06666666668025,-1.6998,3.8473
21,CC DChg,155.16666666668607,-1.6998,3.8472
21,CC DChg,155.2666666666919,-1.6998,3.8472
21,CC DChg,155.36666666668316,-1.6998,3.8472
21,CC DChg,155.46666666668898,-1.6998,3.8472
21,CC DChg,155.56666666668025,-1.6998,3.8472
21,CC DChg,155.66666666668607,-1.6998,3.8471
21,CC DChg,155.7666666666919,-1.6998,3.8471
21,CC DChg,155.86666666668316,-1.6998,3.8471
21,CC DChg,155.96666666668898,-1.6998,3.8471
21,CC DChg,156.06666666668025,-1.6998,3.8471
21,CC DChg,156.16666666668607,-1.6998,3.8471
21,CC DChg,156.2666666666919,-1.6998,3.847
21,CC DChg,156.36666666668316,-1.6998,3.847
21,CC DChg,156.46666666668898,-1.6998,3.847
21,CC DChg,156.56666666668025,-1.6998,3.847
21,CC DChg,156.66666666668607,-1.6998,3.847
21,CC DChg,156.7666666666919,-1.6998,3.8469
21,CC DChg,156.86666666668316,-1.6998,3.8469
21,CC DChg,156.96666666668898,-1.6998,3.8469
21,CC DChg,157.06666666668025,-1.6998,3.8469
21,CC DChg,157.16666666668607,-1.6998,3.8469
21,CC DChg,157.2666666666919,-1.6998,3.8469
21,CC DChg,157.36666666668316,-1.6998,3.8468
21,CC DChg,157.46666666668898,-1.6998,3.8468
21,CC DChg,157.56666666668025,-1.6998,3.8468
21,CC DChg,157.66666666668607,-1.6998,3.8468
21,CC DChg,157.7666666666919,-1.6998,3.8467
21,CC DChg,157.86666666668316,-1.6998,3.8467
21,CC DChg,157.96666666668898,-1.6998,3.8467
21,CC DChg,158.06666666668025,-1.6998,3.8467
21,CC DChg,158.16666666668607,-1.6998,3.8467
21,CC DChg,158.2666666666919,-1.6998,3.8467
21,CC DChg,158.36666666668316,-1.6998,3.8466
21,CC DChg,158.46666666668898,-1.6998,3.8466
21,CC DChg,158.56666666668025,-1.6998,3.8466
21,CC DChg,158.66666666668607,-1.6998,3.8466
21,CC DChg,158.7666666666919,-1.6998,3.8466
21,CC DChg,158.86666666668316,-1.6998,3.8465
21,CC DChg,158.96666666668898,-1.6998,3.8465
21,CC DChg,159.06666666668025,-1.6998,3.8465
21,CC DChg,159.16666666668607,-1.6998,3.8465
21,CC DChg,159.2666666666919,-1.6998,3.8465
21,CC DChg,159.36666666668316,-1.6998,3.8464
21,CC DChg,159.46666666668898,-1.6998,3.8464
21,CC DChg,159.56666666668025,-1.6998,3.8464
21,CC DChg,159.66666666668607,-1.6998,3.8464
21,CC DChg,159.7666666666919,-1.6998,3.8464
21,CC DChg,159.86666666668316,-1.6998,3.8463
21,CC DChg,159.96666666668898,-1.6998,3.8463
21,CC DChg,160.06666666668025,-1.6998,3.8463
21,CC DChg,160.16666666668607,-1.6998,3.8463
21,CC DChg,160.2666666666919,-1.6998,3.8463
21,CC DChg,160.36666666668316,-1.6998,3.8463
21,CC DChg,160.46666666668898,-1.6998,3.8462
21,CC DChg,160.56666666668025,-1.6998,3.8462
21,CC DChg,160.66666666668607,-1.6998,3.8462
21,CC DChg,160.7666666666919,-1.6999,3.8462
21,CC DChg,160.86666666668316,-1.6999,3.8462
21,CC DChg,160.96666666668898,-1.6999,3.8462
21,CC DChg,161.06666666668025,-1.6999,3.8461
21,CC DChg,161.16666666668607,-1.6999,3.8461
21,CC DChg,161.2666666666919,-1.6999,3.8461
21,CC DChg,161.36666666668316,-1.6998,3.8461
21,CC DChg,161.46666666668898,-1.6998,3.846
21,CC DChg,161.56666666668025,-1.6998,3.846
21,CC DChg,161.66666666668607,-1.6998,3.846
21,CC DChg,161.7666666666919,-1.6998,3.846
21,CC DChg,161.86666666668316,-1.6999,3.846
21,CC DChg,161.96666666668898,-1.6999,3.846
21,CC DChg,162.06666666668025,-1.6999,3.8459
21,CC DChg,162.16666666668607,-1.6999,3.8459
21,CC DChg,162.2666666666919,-1.6999,3.8459
21,CC DChg,162.36666666668316,-1.6999,3.8459
21,CC DChg,162.46666666668898,-1.6999,3.8459
21,CC DChg,162.56666666668025,-1.6999,3.8458
21,CC DChg,162.66666666668607,-1.6999,3.8458
21,CC DChg,162.7666666666919,-1.6998,3.8458
21,CC DChg,162.86666666668316,-1.6998,3.8458
21,CC DChg,162.96666666668898,-1.6999,3.8458
21,CC DChg,163.06666666668025,-1.6999,3.8458
21,CC DChg,163.16666666668607,-1.6999,3.8457
21,CC DChg,163.2666666666919,-1.6999,3.8457
21,CC DChg,163.36666666668316,-1.6999,3.8457
21,CC DChg,163.46666666668898,-1.6999,3.8457
21,CC DChg,163.56666666668025,-1.6999,3.8457
21,CC DChg,163.66666666668607,-1.6999,3.8457
21,CC DChg,163.7666666666919,-1.6999,3.8457
21,CC DChg,163.86666666668316,-1.6999,3.8456
21,CC DChg,163.96666666668898,-1.6999,3.8456
21,CC DChg,164.06666666668025,-1.6999,3.8456
21,CC DChg,164.16666666668607,-1.6999,3.8456
21,CC DChg,164.2666666666919,-1.6999,3.8455
21,CC DChg,164.36666666668316,-1.6999,3.8455
21,CC DChg,164.46666666668898,-1.6999,3.8455
21,CC DChg,164.56666666668025,-1.6999,3.8454
21,CC DChg,164.66666666668607,-1.6999,3.8454
21,CC DChg,164.7666666666919,-1.6999,3.8454
21,CC DChg,164.86666666668316,-1.6999,3.8454
21,CC DChg,164.96666666668898,-1.6999,3.8454
21,CC DChg,165.06666666668025,-1.6999,3.8454
21,CC DChg,165.16666666668607,-1.6999,3.8454
21,CC DChg,165.2666666666919,-1.6999,3.8453
21,CC DChg,165.36666666668316,-1.6999,3.8453
21,CC DChg,165.46666666668898,-1.6999,3.8453
21,CC DChg,165.56666666668025,-1.6999,3.8453
21,CC DChg,165.66666666668607,-1.6999,3.8452
21,CC DChg,165.7666666666919,-1.6999,3.8452
21,CC DChg,165.86666666668316,-1.6999,3.8452
21,CC DChg,165.96666666668898,-1.6999,3.8452
21,CC DChg,166.06666666668025,-1.6999,3.8452
21,CC DChg,166.16666666668607,-1.6999,3.8451
21,CC DChg,166.2666666666919,-1.6999,3.8451
21,CC DChg,166.36666666668316,-1.6999,3.8451
21,CC DChg,166.46666666668898,-1.6999,3.8451
21,CC DChg,166.56666666668025,-1.6999,3.8451
21,CC DChg,166.66666666668607,-1.6999,3.8451
21,CC DChg,166.7666666666919,-1.6999,3.8451
21,CC DChg,166.86666666668316,-1.6999,3.845
21,CC DChg,166.96666666668898,-1.6999,3.845
21,CC DChg,167.06666666668025,-1.6999,3.845
21,CC DChg,167.16666666668607,-1.6999,3.845
21,CC DChg,167.2666666666919,-1.6999,3.845
21,CC DChg,167.36666666668316,-1.6999,3.8449
21,CC DChg,167.46666666668898,-1.6999,3.8449
21,CC DChg,167.56666666668025,-1.6999,3.8449
21,CC DChg,167.66666666668607,-1.6999,3.8448
21,CC DChg,167.7666666666919,-1.6999,3.8448
21,CC DChg,167.86666666668316,-1.6999,3.8448
21,CC DChg,167.96666666668898,-1.6999,3.8448
21,CC DChg,168.06666666668025,-1.6999,3.8448
21,CC DChg,168.16666666668607,-1.6999,3.8447
21,CC DChg,168.2666666666919,-1.6999,3.8447
21,CC DChg,168.36666666668316,-1.6999,3.8447
21,CC DChg,168.46666666668898,-1.6999,3.8447
21,CC DChg,168.56666666668025,-1.6999,3.8447
21,CC DChg,168.66666666668607,-1.6999,3.8447
21,CC DChg,168.7666666666919,-1.6999,3.8446
21,CC DChg,168.86666666668316,-1.6999,3.8446
21,CC DChg,168.96666666668898,-1.6999,3.8446
21,CC DChg,169.06666666668025,-1.6999,3.8446
21,CC DChg,169.16666666668607,-1.6999,3.8445
21,CC DChg,169.2666666666919,-1.6998,3.8445
21,CC DChg,169.36666666668316,-1.6998,3.8445
21,CC DChg,169.46666666668898,-1.6998,3.8445
21,CC DChg,169.56666666668025,-1.6998,3.8445
21,CC DChg,169.66666666668607,-1.6998,3.8445
21,CC DChg,169.7666666666919,-1.6998,3.8445
21,CC DChg,169.86666666668316,-1.6998,3.8444
21,CC DChg,169.96666666668898,-1.6998,3.8444
21,CC DChg,170.06666666668025,-1.6998,3.8444
21,CC DChg,170.16666666668607,-1.6998,3.8444
21,CC DChg,170.2666666666919,-1.6998,3.8444
21,CC DChg,170.36666666668316,-1.6998,3.8444
21,CC DChg,170.46666666668898,-1.6998,3.8443
21,CC DChg,170.56666666668025,-1.6998,3.8443
21,CC DChg,170.66666666668607,-1.6998,3.8443
21,CC DChg,170.7666666666919,-1.6998,3.8443
21,CC DChg,170.86666666668316,-1.6998,3.8443
21,CC DChg,170.96666666668898,-1.6998,3.8443
21,CC DChg,171.06666666668025,-1.6998,3.8442
21,CC DChg,171.16666666668607,-1.6998,3.8442
21,CC DChg,171.2666666666919,-1.6998,3.8442
21,CC DChg,171.36666666668316,-1.6998,3.8442
21,CC DChg,171.46666666668898,-1.6998,3.8442
21,CC DChg,171.56666666668025,-1.6998,3.8442
21,CC DChg,171.66666666668607,-1.6998,3.8442
21,CC DChg,171.7666666666919,-1.6998,3.8441
21,CC DChg,171.86666666668316,-1.6998,3.8441
21,CC DChg,171.96666666668898,-1.6998,3.8441
21,CC DChg,172.06666666668025,-1.6998,3.8441
21,CC DChg,172.16666666668607,-1.6998,3.844
21,CC DChg,172.2666666666919,-1.6998,3.844
21,CC DChg,172.36666666668316,-1.6998,3.844
21,CC DChg,172.46666666668898,-1.6998,3.844
21,CC DChg,172.56666666668025,-1.6998,3.844
21,CC DChg,172.66666666668607,-1.6998,3.8439
21,CC DChg,172.7666666666919,-1.6998,3.8439
21,CC DChg,172.86666666668316,-1.6998,3.8439
21,CC DChg,172.96666666668898,-1.6998,3.8439
21,CC DChg,173.06666666668025,-1.6998,3.8439
21,CC DChg,173.16666666668607,-1.6998,3.8438
21,CC DChg,173.2666666666919,-1.6998,3.8438
21,CC DChg,173.36666666668316,-1.6998,3.8439
21,CC DChg,173.46666666668898,-1.6998,3.8438
21,CC DChg,173.56666666668025,-1.6998,3.8438
21,CC DChg,173.66666666668607,-1.6998,3.8438
21,CC DChg,173.7666666666919,-1.6998,3.8437
21,CC DChg,173.86666666668316,-1.6998,3.8437
21,CC DChg,173.96666666668898,-1.6998,3.8437
21,CC DChg,174.06666666668025,-1.6998,3.8437
21,CC DChg,174.16666666668607,-1.6998,3.8437
21,CC DChg,174.2666666666919,-1.6998,3.8436
21,CC DChg,174.36666666668316,-1.6998,3.8436
21,CC DChg,174.46666666668898,-1.6998,3.8436
21,CC DChg,174.56666666668025,-1.6998,3.8436
21,CC DChg,174.66666666668607,-1.6998,3.8436
21,CC DChg,174.7666666666919,-1.6998,3.8436
21,CC DChg,174.86666666668316,-1.6998,3.8436
21,CC DChg,174.96666666668898,-1.6998,3.8435
21,CC DChg,175.06666666668025,-1.6998,3.8435
21,CC DChg,175.16666666668607,-1.6998,3.8435
21,CC DChg,175.2666666666919,-1.6998,3.8435
21,CC DChg,175.36666666668316,-1.6998,3.8434
21,CC DChg,175.46666666668898,-1.6998,3.8434
21,CC DChg,175.56666666668025,-1.6998,3.8434
21,CC DChg,175.66666666668607,-1.6998,3.8434
21,CC DChg,175.7666666666919,-1.6998,3.8434
21,CC DChg,175.86666666668316,-1.6998,3.8434
21,CC DChg,175.96666666668898,-1.6998,3.8434
21,CC DChg,176.06666666668025,-1.6998,3.8433
21,CC DChg,176.16666666668607,-1.6998,3.8433
21,CC DChg,176.2666666666919,-1.6998,3.8433
21,CC DChg,176.36666666668316,-1.6998,3.8433
21,CC DChg,176.46666666668898,-1.6998,3.8433
21,CC DChg,176.56666666668025,-1.6998,3.8433
21,CC DChg,176.66666666668607,-1.6998,3.8433
21,CC DChg,176.7666666666919,-1.6998,3.8432
21,CC DChg,176.86666666668316,-1.6998,3.8432
21,CC DChg,176.96666666668898,-1.6998,3.8432
21,CC DChg,177.06666666668025,-1.6998,3.8432
21,CC DChg,177.16666666668607,-1.6998,3.8432
21,CC DChg,177.2666666666919,-1.6998,3.8431
21,CC DChg,177.36666666668316,-1.6998,3.8431
21,CC DChg,177.46666666668898,-1.6998,3.8431
21,CC DChg,177.56666666668025,-1.6998,3.8431
21,CC DChg,177.66666666668607,-1.6998,3.8431
21,CC DChg,177.7666666666919,-1.6998,3.8431
21,CC DChg,177.86666666668316,-1.6998,3.843
21,CC DChg,177.96666666668898,-1.6998,3.843
21,CC DChg,178.06666666668025,-1.6998,3.843
21,CC DChg,178.16666666668607,-1.6998,3.843
21,CC DChg,178.2666666666919,-1.6998,3.843
21,CC DChg,178.36666666668316,-1.6998,3.843
21,CC DChg,178.46666666668898,-1.6998,3.8429
21,CC DChg,178.56666666668025,-1.6998,3.8429
21,CC DChg,178.66666666668607,-1.6998,3.8429
21,CC DChg,178.7666666666919,-1.6998,3.8429
21,CC DChg,178.86666666668316,-1.6998,3.8429
21,CC DChg,178.96666666668898,-1.6998,3.8428
21,CC DChg,179.06666666668025,-1.6998,3.8428
21,CC DChg,179.16666666668607,-1.6998,3.8428
21,CC DChg,179.2666666666919,-1.6998,3.8428
21,CC DChg,179.36666666668316,-1.6998,3.8427
21,CC DChg,179.46666666668898,-1.6998,3.8428
21,CC DChg,179.56666666668025,-1.6998,3.8428
21,CC DChg,179.66666666668607,-1.6998,3.8427
21,CC DChg,179.7666666666919,-1.6998,3.8427
21,CC DChg,179.86666666668316,-1.6998,3.8426
21,CC DChg,179.96666666668898,-1.6998,3.8426
21,CC DChg,180.06666666668025,-1.6998,3.8426
21,CC DChg,180.16666666668607,-1.6998,3.8426
21,CC DChg,180.2666666666919,-1.6998,3.8426
21,CC DChg,180.36666666668316,-1.6998,3.8426
21,CC DChg,180.46666666668898,-1.6998,3.8425
21,CC DChg,180.56666666668025,-1.6998,3.8425
21,CC DChg,180.66666666668607,-1.6998,3.8425
21,CC DChg,180.7666666666919,-1.6998,3.8425
21,CC DChg,180.86666666668316,-1.6998,3.8425
21,CC DChg,180.96666666668898,-1.6998,3.8425
21,CC DChg,181.06666666668025,-1.6998,3.8425
21,CC DChg,181.16666666668607,-1.6998,3.8424
21,CC DChg,181.2666666666919,-1.6998,3.8424
21,CC DChg,181.36666666668316,-1.6998,3.8424
21,CC DChg,181.46666666668898,-1.6998,3.8423
21,CC DChg,181.56666666668025,-1.6998,3.8423
21,CC DChg,181.66666666668607,-1.6998,3.8424
21,CC DChg,181.7666666666919,-1.6998,3.8424
21,CC DChg,181.86666666668316,-1.6998,3.8423
21,CC DChg,181.96666666668898,-1.6998,3.8423
21,CC DChg,182.06666666668025,-1.6998,3.8423
21,CC DChg,182.16666666668607,-1.6998,3.8422
21,CC DChg,182.2666666666919,-1.6998,3.8422
21,CC DChg,182.36666666668316,-1.6998,3.8422
21,CC DChg,182.46666666668898,-1.6998,3.8422
21,CC DChg,182.56666666668025,-1.6998,3.8422
21,CC DChg,182.66666666668607,-1.6998,3.8422
21,CC DChg,182.7666666666919,-1.6998,3.8422
21,CC DChg,182.86666666668316,-1.6998,3.8421
21,CC DChg,182.96666666668898,-1.6998,3.8421
21,CC DChg,183.06666666668025,-1.6998,3.8421
21,CC DChg,183.16666666668607,-1.6998,3.8421
21,CC DChg,183.2666666666919,-1.6998,3.842
21,CC DChg,183.36666666668316,-1.6998,3.842
21,CC DChg,183.46666666668898,-1.6998,3.842
21,CC DChg,183.56666666668025,-1.6998,3.842
21,CC DChg,183.66666666668607,-1.6998,3.842
21,CC DChg,183.7666666666919,-1.6998,3.842
21,CC DChg,183.86666666668316,-1.6998,3.842
21,CC DChg,183.96666666668898,-1.6998,3.8419
21,CC DChg,184.06666666668025,-1.6998,3.8419
21,CC DChg,184.16666666668607,-1.6998,3.8419
21,CC DChg,184.2666666666919,-1.6998,3.8419
21,CC DChg,184.36666666668316,-1.6998,3.8418
21,CC DChg,184.46666666668898,-1.6998,3.8418
21,CC DChg,184.56666666668025,-1.6998,3.8418
21,CC DChg,184.66666666668607,-1.6998,3.8418
21,CC DChg,184.7666666666919,-1.6998,3.8418
21,CC DChg,184.86666666668316,-1.6998,3.8418
21,CC DChg,184.96666666668898,-1.6998,3.8418
21,CC DChg,185.06666666668025,-1.6998,3.8417
21,CC DChg,185.16666666668607,-1.6998,3.8417
21,CC DChg,185.2666666666919,-1.6998,3.8417
21,CC DChg,185.36666666668316,-1.6998,3.8417
21,CC DChg,185.46666666668898,-1.6998,3.8417
21,CC DChg,185.56666666668025,-1.6998,3.8417
21,CC DChg,185.66666666668607,-1.6998,3.8416
21,CC DChg,185.7666666666919,-1.6998,3.8416
21,CC DChg,185.86666666668316,-1.6998,3.8416
21,CC DChg,185.96666666668898,-1.6998,3.8416
21,CC DChg,186.06666666668025,-1.6998,3.8416
21,CC DChg,186.16666666668607,-1.6998,3.8415
21,CC DChg,186.2666666666919,-1.6998,3.8415
21,CC DChg,186.36666666668316,-1.6998,3.8415
21,CC DChg,186.46666666668898,-1.6998,3.8415
21,CC DChg,186.56666666668025,-1.6998,3.8415
21,CC DChg,186.66666666668607,-1.6998,3.8414
21,CC DChg,186.7666666666919,-1.6998,3.8414
21,CC DChg,186.86666666668316,-1.6998,3.8414
21,CC DChg,186.96666666668898,-1.6998,3.8414
21,CC DChg,187.06666666668025,-1.6998,3.8414
21,CC DChg,187.16666666668607,-1.6998,3.8414
21,CC DChg,187.2666666666919,-1.6998,3.8414
21,CC DChg,187.36666666668316,-1.6998,3.8413
21,CC DChg,187.46666666668898,-1.6998,3.8413
21,CC DChg,187.56666666668025,-1.6998,3.8413
21,CC DChg,187.66666666668607,-1.6998,3.8413
21,CC DChg,187.7666666666919,-1.6998,3.8413
21,CC DChg,187.86666666668316,-1.6998,3.8413
21,CC DChg,187.96666666668898,-1.6998,3.8412
21,CC DChg,188.06666666668025,-1.6998,3.8412
21,CC DChg,188.16666666668607,-1.6998,3.8412
21,CC DChg,188.2666666666919,-1.6998,3.8412
21,CC DChg,188.36666666668316,-1.6998,3.8412
21,CC DChg,188.46666666668898,-1.6998,3.8412
21,CC DChg,188.56666666668025,-1.6998,3.8412
21,CC DChg,188.66666666668607,-1.6998,3.8411
21,CC DChg,188.7666666666919,-1.6998,3.8411
21,CC DChg,188.86666666668316,-1.6998,3.8411
21,CC DChg,188.96666666668898,-1.6998,3.8411
21,CC DChg,189.06666666668025,-1.6998,3.8411
21,CC DChg,189.16666666668607,-1.6998,3.8411
21,CC DChg,189.2666666666919,-1.6998,3.841
21,CC DChg,189.36666666668316,-1.6998,3.841
21,CC DChg,189.46666666668898,-1.6998,3.841
21,CC DChg,189.56666666668025,-1.6998,3.841
21,CC DChg,189.66666666668607,-1.6998,3.841
21,CC DChg,189.7666666666919,-1.6998,3.8409
21,CC DChg,189.86666666668316,-1.6998,3.841
21,CC DChg,189.96666666668898,-1.6998,3.8409
21,CC DChg,190.06666666668025,-1.6998,3.8409
21,CC DChg,190.16666666668607,-1.6998,3.8409
21,CC DChg,190.2666666666919,-1.6998,3.8409
21,CC DChg,190.36666666668316,-1.6998,3.8409
21,CC DChg,190.46666666668898,-1.6998,3.8408
21,CC DChg,190.56666666668025,-1.6998,3.8408
21,CC DChg,190.66666666668607,-1.6998,3.8408
21,CC DChg,190.7666666666919,-1.6998,3.8408
21,CC DChg,190.86666666668316,-1.6998,3.8408
21,CC DChg,190.96666666668898,-1.6998,3.8408
21,CC DChg,191.06666666668025,-1.6998,3.8408
21,CC DChg,191.16666666668607,-1.6998,3.8408
21,CC DChg,191.2666666666919,-1.6998,3.8407
21,CC DChg,191.36666666668316,-1.6998,3.8407
21,CC DChg,191.46666666668898,-1.6998,3.8407
21,CC DChg,191.56666666668025,-1.6998,3.8407
21,CC DChg,191.66666666668607,-1.6998,3.8406
21,CC DChg,191.7666666666919,-1.6998,3.8406
21,CC DChg,191.86666666668316,-1.6998,3.8406
21,CC DChg,191.96666666668898,-1.6998,3.8406
21,CC DChg,192.06666666668025,-1.6998,3.8405
21,CC DChg,192.16666666668607,-1.6998,3.8405
21,CC DChg,192.2666666666919,-1.6998,3.8405
21,CC DChg,192.36666666668316,-1.6998,3.8405
21,CC DChg,192.46666666668898,-1.6998,3.8405
21,CC DChg,192.56666666668025,-1.6998,3.8404
21,CC DChg,192.66666666668607,-1.6998,3.8404
21,CC DChg,192.7666666666919,-1.6998,3.8404
21,CC DChg,192.86666666668316,-1.6998,3.8404
21,CC DChg,192.96666666668898,-1.6998,3.8404
21,CC DChg,193.06666666668025,-1.6998,3.8404
21,CC DChg,193.16666666668607,-1.6998,3.8404
21,CC DChg,193.2666666666919,-1.6998,3.8403
21,CC DChg,193.36666666668316,-1.6998,3.8403
21,CC DChg,193.46666666668898,-1.6998,3.8403
21,CC DChg,193.56666666668025,-1.6998,3.8403
21,CC DChg,193.66666666668607,-1.6998,3.8403
21,CC DChg,193.7666666666919,-1.6998,3.8403
21,CC DChg,193.86666666668316,-1.6998,3.8403
21,CC DChg,193.96666666668898,-1.6998,3.8403
21,CC DChg,194.06666666668025,-1.6998,3.8403
21,CC DChg,194.16666666668607,-1.6998,3.8402
21,CC DChg,194.2666666666919,-1.6998,3.8402
21,CC DChg,194.36666666668316,-1.6998,3.8402
21,CC DChg,194.46666666668898,-1.6998,3.8402
21,CC DChg,194.56666666668025,-1.6998,3.8402
21,CC DChg,194.66666666668607,-1.6998,3.8401
21,CC DChg,194.7666666666919,-1.6998,3.8401
21,CC DChg,194.86666666668316,-1.6998,3.8401
21,CC DChg,194.96666666668898,-1.6998,3.8401
21,CC DChg,195.06666666668025,-1.6998,3.8401
21,CC DChg,195.16666666668607,-1.6998,3.8401
21,CC DChg,195.2666666666919,-1.6998,3.84
21,CC DChg,195.36666666668316,-1.6998,3.84
21,CC DChg,195.46666666668898,-1.6998,3.84
21,CC DChg,195.56666666668025,-1.6998,3.84
21,CC DChg,195.66666666668607,-1.6998,3.84
21,CC DChg,195.7666666666919,-1.6998,3.84
21,CC DChg,195.86666666668316,-1.6998,3.84
21,CC DChg,195.96666666668898,-1.6998,3.8399
21,CC DChg,196.06666666668025,-1.6998,3.8399
21,CC DChg,196.16666666668607,-1.6998,3.8399
21,CC DChg,196.2666666666919,-1.6998,3.8399
21,CC DChg,196.36666666668316,-1.6998,3.8398
21,CC DChg,196.46666666668898,-1.6998,3.8399
21,CC DChg,196.56666666668025,-1.6998,3.8398
21,CC DChg,196.66666666668607,-1.6998,3.8398
21,CC DChg,196.7666666666919,-1.6998,3.8398
21,CC DChg,196.86666666668316,-1.6998,3.8398
21,CC DChg,196.96666666668898,-1.6998,3.8398
21,CC DChg,197.06666666668025,-1.6998,3.8397
21,CC DChg,197.16666666668607,-1.6998,3.8397
21,CC DChg,197.2666666666919,-1.6998,3.8397
21,CC DChg,197.36666666668316,-1.6998,3.8397
21,CC DChg,197.46666666668898,-1.6998,3.8397
21,CC DChg,197.56666666668025,-1.6998,3.8396
21,CC DChg,197.66666666668607,-1.6998,3.8396
21,CC DChg,197.7666666666919,-1.6998,3.8396
21,CC DChg,197.86666666668316,-1.6998,3.8397
21,CC DChg,197.96666666668898,-1.6998,3.8396
21,CC DChg,198.06666666668025,-1.6998,3.8396
21,CC DChg,198.16666666668607,-1.6998,3.8396
21,CC DChg,198.2666666666919,-1.6998,3.8396
21,CC DChg,198.36666666668316,-1.6998,3.8395
21,CC DChg,198.46666666668898,-1.6998,3.8395
21,CC DChg,198.56666666668025,-1.6998,3.8395
21,CC DChg,198.66666666668607,-1.6998,3.8395
21,CC DChg,198.7666666666919,-1.6998,3.8395
21,CC DChg,198.86666666668316,-1.6998,3.8394
21,CC DChg,198.96666666668898,-1.6998,3.8394
21,CC DChg,199.06666666668025,-1.6998,3.8394
21,CC DChg,199.16666666668607,-1.6998,3.8394
21,CC DChg,199.2666666666919,-1.6998,3.8394
21,CC DChg,199.36666666668316,-1.6998,3.8394
21,CC DChg,199.46666666668898,-1.6998,3.8394
21,CC DChg,199.56666666668025,-1.6998,3.8393
21,CC DChg,199.66666666668607,-1.6998,3.8393
21,CC DChg,199.7666666666919,-1.6998,3.8393
21,CC DChg,199.86666666668316,-1.6998,3.8393
21,CC DChg,199.96666666668898,-1.6998,3.8393
21,CC DChg,200.06666666668025,-1.6998,3.8392
21,CC DChg,200.16666666668607,-1.6998,3.8392
21,CC DChg,200.2666666666919,-1.6998,3.8392
21,CC DChg,200.36666666668316,-1.6998,3.8392
21,CC DChg,200.46666666668898,-1.6998,3.8392
21,CC DChg,200.56666666668025,-1.6998,3.8392
21,CC DChg,200.66666666668607,-1.6998,3.8392
21,CC DChg,200.7666666666919,-1.6998,3.8391
21,CC DChg,200.86666666668316,-1.6998,3.8391
21,CC DChg,200.96666666668898,-1.6998,3.8391
21,CC DChg,201.06666666668025,-1.6998,3.8391
21,CC DChg,201.16666666668607,-1.6998,3.8391
21,CC DChg,201.2666666666919,-1.6998,3.8391
21,CC DChg,201.36666666668316,-1.6998,3.8391
21,CC DChg,201.46666666668898,-1.6998,3.839
21,CC DChg,201.56666666668025,-1.6998,3.839
21,CC DChg,201.66666666668607,-1.6998,3.839
21,CC DChg,201.7666666666919,-1.6998,3.839
21,CC DChg,201.86666666668316,-1.6998,3.8389
21,CC DChg,201.96666666668898,-1.6998,3.8389
21,CC DChg,202.06666666668025,-1.6998,3.8389
21,CC DChg,202.16666666668607,-1.6998,3.8389
21,CC DChg,202.2666666666919,-1.6998,3.8389
21,CC DChg,202.36666666668316,-1.6998,3.8389
21,CC DChg,202.46666666668898,-1.6998,3.8389
21,CC DChg,202.56666666668025,-1.6998,3.8388
21,CC DChg,202.66666666668607,-1.6998,3.8388
21,CC DChg,202.7666666666919,-1.6998,3.8388
21,CC DChg,202.86666666668316,-1.6998,3.8388
21,CC DChg,202.96666666668898,-1.6998,3.8388
21,CC DChg,203.06666666668025,-1.6998,3.8388
21,CC DChg,203.16666666668607,-1.6998,3.8388
21,CC DChg,203.2666666666919,-1.6998,3.8387
21,CC DChg,203.36666666668316,-1.6998,3.8387
21,CC DChg,203.46666666668898,-1.6998,3.8387
21,CC DChg,203.56666666668025,-1.6998,3.8387
21,CC DChg,203.66666666668607,-1.6998,3.8386
21,CC DChg,203.7666666666919,-1.6998,3.8386
21,CC DChg,203.86666666668316,-1.6998,3.8386
21,CC DChg,203.96666666668898,-1.6998,3.8386
21,CC DChg,204.06666666668025,-1.6998,3.8385
21,CC DChg,204.16666666668607,-1.6998,3.8385
21,CC DChg,204.2666666666919,-1.6998,3.8385
21,CC DChg,204.36666666668316,-1.6998,3.8385
21,CC DChg,204.46666666668898,-1.6998,3.8385
21,CC DChg,204.56666666668025,-1.6998,3.8385
21,CC DChg,204.66666666668607,-1.6998,3.8384
21,CC DChg,204.7666666666919,-1.6998,3.8385
21,CC DChg,204.86666666668316,-1.6998,3.8384
21,CC DChg,204.96666666668898,-1.6998,3.8384
21,CC DChg,205.06666666668025,-1.6998,3.8384
21,CC DChg,205.16666666668607,-1.6998,3.8384
21,CC DChg,205.2666666666919,-1.6998,3.8384
21,CC DChg,205.36666666668316,-1.6998,3.8383
21,CC DChg,205.46666666668898,-1.6998,3.8383
21,CC DChg,205.56666666668025,-1.6998,3.8383
21,CC DChg,205.66666666668607,-1.6998,3.8383
21,CC DChg,205.7666666666919,-1.6998,3.8383
21,CC DChg,205.86666666668316,-1.6998,3.8383
21,CC DChg,205.96666666668898,-1.6998,3.8383
21,CC DChg,206.06666666668025,-1.6998,3.8383
21,CC DChg,206.16666666668607,-1.6998,3.8382
21,CC DChg,206.2666666666919,-1.6998,3.8382
21,CC DChg,206.36666666668316,-1.6998,3.8382
21,CC DChg,206.46666666668898,-1.6998,3.8382
21,CC DChg,206.56666666668025,-1.6998,3.8382
21,CC DChg,206.66666666668607,-1.6998,3.8381
21,CC DChg,206.7666666666919,-1.6998,3.8382
21,CC DChg,206.86666666668316,-1.6998,3.8381
21,CC DChg,206.96666666668898,-1.6998,3.8381
21,CC DChg,207.06666666668025,-1.6998,3.8381
21,CC DChg,207.16666666668607,-1.6998,3.8381
21,CC DChg,207.2666666666919,-1.6998,3.8381
21,CC DChg,207.36666666668316,-1.6998,3.8381
21,CC DChg,207.46666666668898,-1.6998,3.8381
21,CC DChg,207.56666666668025,-1.6998,3.838
21,CC DChg,207.66666666668607,-1.6998,3.838
21,CC DChg,207.7666666666919,-1.6998,3.838
21,CC DChg,207.86666666668316,-1.6998,3.8379
21,CC DChg,207.96666666668898,-1.6998,3.8379
21,CC DChg,208.06666666668025,-1.6998,3.8379
21,CC DChg,208.16666666668607,-1.6998,3.8379
21,CC DChg,208.2666666666919,-1.6998,3.8379
21,CC DChg,208.36666666668316,-1.6998,3.8379
21,CC DChg,208.46666666668898,-1.6998,3.8378
21,CC DChg,208.56666666668025,-1.6998,3.8378
21,CC DChg,208.66666666668607,-1.6998,3.8378
21,CC DChg,208.7666666666919,-1.6998,3.8378
21,CC DChg,208.86666666668316,-1.6998,3.8378
21,CC DChg,208.96666666668898,-1.6998,3.8378
21,CC DChg,209.06666666668025,-1.6998,3.8377
21,CC DChg,209.16666666668607,-1.6998,3.8377
21,CC DChg,209.2666666666919,-1.6998,3.8377
21,CC DChg,209.36666666668316,-1.6998,3.8377
21,CC DChg,209.46666666668898,-1.6998,3.8377
21,CC DChg,209.56666666668025,-1.6998,3.8377
21,CC DChg,209.66666666668607,-1.6998,3.8377
21,CC DChg,209.7666666666919,-1.6998,3.8377
21,CC DChg,209.86666666668316,-1.6998,3.8376
21,CC DChg,209.96666666668898,-1.6998,3.8376
21,CC DChg,210.06666666668025,-1.6998,3.8376
21,CC DChg,210.16666666668607,-1.6998,3.8376
21,CC DChg,210.2666666666919,-1.6998,3.8376
21,CC DChg,210.36666666668316,-1.6998,3.8375
21,CC DChg,210.46666666668898,-1.6998,3.8375
21,CC DChg,210.56666666668025,-1.6998,3.8375
21,CC DChg,210.66666666668607,-1.6998,3.8375
21,CC DChg,210.7666666666919,-1.6998,3.8375
21,CC DChg,210.86666666668316,-1.6998,3.8374
21,CC DChg,210.96666666668898,-1.6998,3.8375
21,CC DChg,211.06666666668025,-1.6998,3.8374
21,CC DChg,211.16666666668607,-1.6998,3.8374
21,CC DChg,211.2666666666919,-1.6998,3.8374
21,CC DChg,211.36666666668316,-1.6998,3.8374
21,CC DChg,211.46666666668898,-1.6998,3.8374
21,CC DChg,211.56666666668025,-1.6997,3.8373
21,CC DChg,211.66666666668607,-1.6997,3.8373
21,CC DChg,211.7666666666919,-1.6997,3.8373
21,CC DChg,211.86666666668316,-1.6997,3.8373
21,CC DChg,211.96666666668898,-1.6997,3.8373
21,CC DChg,212.06666666668025,-1.6997,3.8373
21,CC DChg,212.16666666668607,-1.6997,3.8373
21,CC DChg,212.2666666666919,-1.6997,3.8372
21,CC DChg,212.36666666668316,-1.6998,3.8372
21,CC DChg,212.46666666668898,-1.6998,3.8372
21,CC DChg,212.56666666668025,-1.6998,3.8372
21,CC DChg,212.66666666668607,-1.6997,3.8372
21,CC DChg,212.7666666666919,-1.6997,3.8372
21,CC DChg,212.86666666668316,-1.6997,3.8371
21,CC DChg,212.96666666668898,-1.6997,3.8372
21,CC DChg,213.06666666668025,-1.6997,3.8371
21,CC DChg,213.16666666668607,-1.6997,3.8371
21,CC DChg,213.2666666666919,-1.6997,3.8371
21,CC DChg,213.36666666668316,-1.6997,3.8371
21,CC DChg,213.46666666668898,-1.6997,3.8371
21,CC DChg,213.56666666668025,-1.6997,3.837
21,CC DChg,213.66666666668607,-1.6997,3.837
21,CC DChg,213.7666666666919,-1.6997,3.8371
21,CC DChg,213.86666666668316,-1.6997,3.837
21,CC DChg,213.96666666668898,-1.6997,3.837
21,CC DChg,214.06666666668025,-1.6997,3.837
21,CC DChg,214.16666666668607,-1.6997,3.8369
21,CC DChg,214.2666666666919,-1.6997,3.8369
21,CC DChg,214.36666666668316,-1.6997,3.8369
21,CC DChg,214.46666666668898,-1.6997,3.8369
21,CC DChg,214.56666666668025,-1.6997,3.8369
21,CC DChg,214.66666666668607,-1.6997,3.8369
21,CC DChg,214.7666666666919,-1.6997,3.8368
21,CC DChg,214.86666666668316,-1.6997,3.8369
21,CC DChg,214.96666666668898,-1.6997,3.8368
21,CC DChg,215.06666666668025,-1.6997,3.8368
21,CC DChg,215.16666666668607,-1.6997,3.8368
21,CC DChg,215.2666666666919,-1.6997,3.8368
21,CC DChg,215.36666666668316,-1.6997,3.8368
21,CC DChg,215.46666666668898,-1.6997,3.8368
21,CC DChg,215.56666666668025,-1.6997,3.8368
21,CC DChg,215.66666666668607,-1.6997,3.8368
21,CC DChg,215.7666666666919,-1.6997,3.8368
21,CC DChg,215.86666666668316,-1.6997,3.8367
21,CC DChg,215.96666666668898,-1.6997,3.8367
21,CC DChg,216.06666666668025,-1.6997,3.8367
21,CC DChg,216.16666666668607,-1.6997,3.8367
21,CC DChg,216.2666666666919,-1.6997,3.8366
21,CC DChg,216.36666666668316,-1.6997,3.8366
21,CC DChg,216.46666666668898,-1.6997,3.8366
21,CC DChg,216.56666666668025,-1.6997,3.8366
21,CC DChg,216.66666666668607,-1.6997,3.8366
21,CC DChg,216.7666666666919,-1.6997,3.8366
21,CC DChg,216.86666666668316,-1.6997,3.8366
21,CC DChg,216.96666666668898,-1.6997,3.8366
21,CC DChg,217.06666666668025,-1.6997,3.8366
21,CC DChg,217.16666666668607,-1.6997,3.8366
21,CC DChg,217.2666666666919,-1.6997,3.8365
21,CC DChg,217.36666666668316,-1.6997,3.8365
21,CC DChg,217.46666666668898,-1.6997,3.8365
21,CC DChg,217.56666666668025,-1.6997,3.8364
21,CC DChg,217.66666666668607,-1.6997,3.8364
21,CC DChg,217.7666666666919,-1.6997,3.8364
21,CC DChg,217.86666666668316,-1.6997,3.8364
21,CC DChg,217.96666666668898,-1.6997,3.8363
21,CC DChg,218.06666666668025,-1.6997,3.8364
21,CC DChg,218.16666666668607,-1.6997,3.8364
21,CC DChg,218.2666666666919,-1.6997,3.8363
21,CC DChg,218.36666666668316,-1.6997,3.8363
21,CC DChg,218.46666666668898,-1.6997,3.8363
21,CC DChg,218.56666666668025,-1.6997,3.8364
21,CC DChg,218.66666666668607,-1.6997,3.8363
21,CC DChg,218.7666666666919,-1.6997,3.8363
21,CC DChg,218.86666666668316,-1.6997,3.8363
21,CC DChg,218.96666666668898,-1.6997,3.8362
21,CC DChg,219.06666666668025,-1.6997,3.8362
21,CC DChg,219.16666666668607,-1.6997,3.8362
21,CC DChg,219.2666666666919,-1.6997,3.8362
21,CC DChg,219.36666666668316,-1.6997,3.8362
21,CC DChg,219.46666666668898,-1.6997,3.8362
21,CC DChg,219.56666666668025,-1.6997,3.8362
21,CC DChg,219.66666666668607,-1.6997,3.8361
21,CC DChg,219.7666666666919,-1.6997,3.8361
21,CC DChg,219.86666666668316,-1.6997,3.8361
21,CC DChg,219.96666666668898,-1.6998,3.8361
21,CC DChg,220.06666666668025,-1.6998,3.8361
21,CC DChg,220.16666666668607,-1.6998,3.836
21,CC DChg,220.2666666666919,-1.6998,3.836
21,CC DChg,220.36666666668316,-1.6998,3.836
21,CC DChg,220.46666666668898,-1.6998,3.836
21,CC DChg,220.56666666668025,-1.6998,3.836
21,CC DChg,220.66666666668607,-1.6998,3.836
21,CC DChg,220.7666666666919,-1.6998,3.836
21,CC DChg,220.86666666668316,-1.6998,3.836
21,CC DChg,220.96666666668898,-1.6998,3.836
21,CC DChg,221.06666666668025,-1.6998,3.836
21,CC DChg,221.16666666668607,-1.6998,3.8359
21,CC DChg,221.2666666666919,-1.6998,3.8359
21,CC DChg,221.36666666668316,-1.6998,3.8359
21,CC DChg,221.46666666668898,-1.6998,3.8359
21,CC DChg,221.56666666668025,-1.6998,3.8358
21,CC DChg,221.66666666668607,-1.6998,3.8358
21,CC DChg,221.7666666666919,-1.6998,3.8358
21,CC DChg,221.86666666668316,-1.6998,3.8358
21,CC DChg,221.96666666668898,-1.6998,3.8358
21,CC DChg,222.06666666668025,-1.6998,3.8357
21,CC DChg,222.16666666668607,-1.6998,3.8357
21,CC DChg,222.2666666666919,-1.6998,3.8357
21,CC DChg,222.36666666668316,-1.6998,3.8357
21,CC DChg,222.46666666668898,-1.6998,3.8357
21,CC DChg,222.56666666668025,-1.6998,3.8356
21,CC DChg,222.66666666668607,-1.6998,3.8356
21,CC DChg,222.7666666666919,-1.6998,3.8356
21,CC DChg,222.86666666668316,-1.6998,3.8356
21,CC DChg,222.96666666668898,-1.6998,3.8356
21,CC DChg,223.06666666668025,-1.6998,3.8356
21,CC DChg,223.16666666668607,-1.6998,3.8356
21,CC DChg,223.2666666666919,-1.6998,3.8356
21,CC DChg,223.36666666668316,-1.6998,3.8355
21,CC DChg,223.46666666668898,-1.6998,3.8355
21,CC DChg,223.56666666668025,-1.6998,3.8355
21,CC DChg,223.66666666668607,-1.6998,3.8355
21,CC DChg,223.7666666666919,-1.6998,3.8355
21,CC DChg,223.86666666668316,-1.6998,3.8354
21,CC DChg,223.96666666668898,-1.6998,3.8354
21,CC DChg,224.06666666668025,-1.6998,3.8354
21,CC DChg,224.16666666668607,-1.6998,3.8354
21,CC DChg,224.2666666666919,-1.6998,3.8354
21,CC DChg,224.36666666668316,-1.6998,3.8353
21,CC DChg,224.46666666668898,-1.6998,3.8353
21,CC DChg,224.56666666668025,-1.6998,3.8353
21,CC DChg,224.66666666668607,-1.6998,3.8353
21,CC DChg,224.7666666666919,-1.6998,3.8353
21,CC DChg,224.86666666668316,-1.6998,3.8353
21,CC DChg,224.96666666668898,-1.6998,3.8353
21,CC DChg,225.06666666668025,-1.6998,3.8353
21,CC DChg,225.16666666668607,-1.6998,3.8352
21,CC DChg,225.2666666666919,-1.6998,3.8352
21,CC DChg,225.36666666668316,-1.6998,3.8352
21,CC DChg,225.46666666668898,-1.6998,3.8352
21,CC DChg,225.56666666668025,-1.6998,3.8352
21,CC DChg,225.66666666668607,-1.6998,3.8352
21,CC DChg,225.7666666666919,-1.6998,3.8352
21,CC DChg,225.86666666668316,-1.6998,3.8352
21,CC DChg,225.96666666668898,-1.6998,3.8351
21,CC DChg,226.06666666668025,-1.6998,3.8352
21,CC DChg,226.16666666668607,-1.6998,3.8351
21,CC DChg,226.2666666666919,-1.6998,3.8351
21,CC DChg,226.36666666668316,-1.6998,3.8351
21,CC DChg,226.46666666668898,-1.6998,3.8351
21,CC DChg,226.56666666668025,-1.6998,3.835
21,CC DChg,226.66666666668607,-1.6998,3.835
21,CC DChg,226.7666666666919,-1.6998,3.835
21,CC DChg,226.86666666668316,-1.6998,3.835
21,CC DChg,226.96666666668898,-1.6998,3.835
21,CC DChg,227.06666666668025,-1.6998,3.835
21,CC DChg,227.16666666668607,-1.6998,3.835
21,CC DChg,227.2666666666919,-1.6998,3.8349
21,CC DChg,227.36666666668316,-1.6998,3.8349
21,CC DChg,227.46666666668898,-1.6998,3.8349
21,CC DChg,227.56666666668025,-1.6998,3.8349
21,CC DChg,227.66666666668607,-1.6998,3.8349
21,CC DChg,227.7666666666919,-1.6998,3.8349
21,CC DChg,227.86666666668316,-1.6998,3.8349
21,CC DChg,227.96666666668898,-1.6998,3.8349
21,CC DChg,228.06666666668025,-1.6998,3.8348
21,CC DChg,228.16666666668607,-1.6998,3.8348
21,CC DChg,228.2666666666919,-1.6998,3.8348
21,CC DChg,228.36666666668316,-1.6998,3.8348
21,CC DChg,228.46666666668898,-1.6998,3.8348
21,CC DChg,228.56666666668025,-1.6998,3.8348
21,CC DChg,228.66666666668607,-1.6998,3.8347
21,CC DChg,228.7666666666919,-1.6998,3.8347
21,CC DChg,228.86666666668316,-1.6998,3.8347
21,CC DChg,228.96666666668898,-1.6998,3.8347
21,CC DChg,229.06666666668025,-1.6998,3.8346
21,CC DChg,229.16666666668607,-1.6998,3.8346
21,CC DChg,229.2666666666919,-1.6998,3.8346
21,CC DChg,229.36666666668316,-1.6998,3.8346
21,CC DChg,229.46666666668898,-1.6998,3.8345
21,CC DChg,229.56666666668025,-1.6998,3.8346
21,CC DChg,229.66666666668607,-1.6998,3.8346
21,CC DChg,229.7666666666919,-1.6998,3.8345
21,CC DChg,229.86666666668316,-1.6998,3.8345
21,CC DChg,229.96666666668898,-1.6998,3.8345
21,CC DChg,230.06666666668025,-1.6998,3.8345
21,CC DChg,230.16666666668607,-1.6998,3.8345
21,CC DChg,230.2666666666919,-1.6998,3.8344
21,CC DChg,230.36666666668316,-1.6998,3.8344
21,CC DChg,230.46666666668898,-1.6998,3.8344
21,CC DChg,230.56666666668025,-1.6998,3.8344
21,CC DChg,230.66666666668607,-1.6998,3.8344
21,CC DChg,230.7666666666919,-1.6998,3.8344
21,CC DChg,230.86666666668316,-1.6998,3.8344
21,CC DChg,230.96666666668898,-1.6998,3.8344
21,CC DChg,231.06666666668025,-1.6998,3.8344
21,CC DChg,231.16666666668607,-1.6998,3.8344
21,CC DChg,231.2666666666919,-1.6998,3.8343
21,CC DChg,231.36666666668316,-1.6998,3.8343
21,CC DChg,231.46666666668898,-1.6998,3.8343
21,CC DChg,231.56666666668025,-1.6998,3.8343
21,CC DChg,231.66666666668607,-1.6998,3.8342
21,CC DChg,231.7666666666919,-1.6998,3.8342
21,CC DChg,231.86666666668316,-1.6998,3.8342
21,CC DChg,231.96666666668898,-1.6998,3.8342
21,CC DChg,232.06666666668025,-1.6998,3.8342
21,CC DChg,232.16666666668607,-1.6998,3.8341
21,CC DChg,232.2666666666919,-1.6998,3.8341
21,CC DChg,232.36666666668316,-1.6998,3.8341
21,CC DChg,232.46666666668898,-1.6998,3.8341
21,CC DChg,232.56666666668025,-1.6998,3.8341
21,CC DChg,232.66666666668607,-1.6998,3.8341
21,CC DChg,232.7666666666919,-1.6998,3.8341
21,CC DChg,232.86666666668316,-1.6998,3.834
21,CC DChg,232.96666666668898,-1.6998,3.834
21,CC DChg,233.06666666668025,-1.6998,3.834
21,CC DChg,233.16666666668607,-1.6998,3.834
21,CC DChg,233.2666666666919,-1.6998,3.834
21,CC DChg,233.36666666668316,-1.6998,3.834
21,CC DChg,233.46666666668898,-1.6998,3.834
21,CC DChg,233.56666666668025,-1.6998,3.8339
21,CC DChg,233.66666666668607,-1.6998,3.8339
21,CC DChg,233.7666666666919,-1.6998,3.8339
21,CC DChg,233.86666666668316,-1.6998,3.8339
21,CC DChg,233.96666666668898,-1.6998,3.8339
21,CC DChg,234.06666666668025,-1.6998,3.8338
21,CC DChg,234.16666666668607,-1.6998,3.8338
21,CC DChg,234.2666666666919,-1.6998,3.8338
21,CC DChg,234.36666666668316,-1.6998,3.8338
21,CC DChg,234.46666666668898,-1.6998,3.8338
21,CC DChg,234.56666666668025,-1.6998,3.8338
21,CC DChg,234.66666666668607,-1.6998,3.8338
21,CC DChg,234.7666666666919,-1.6998,3.8338
21,CC DChg,234.86666666668316,-1.6998,3.8337
21,CC DChg,234.96666666668898,-1.6998,3.8337
21,CC DChg,235.06666666668025,-1.6998,3.8338
21,CC DChg,235.16666666668607,-1.6998,3.8337
21,CC DChg,235.2666666666919,-1.6998,3.8336
21,CC DChg,235.36666666668316,-1.6998,3.8336
21,CC DChg,235.46666666668898,-1.6998,3.8336
21,CC DChg,235.56666666668025,-1.6998,3.8336
21,CC DChg,235.66666666668607,-1.6998,3.8336
21,CC DChg,235.7666666666919,-1.6998,3.8336
21,CC DChg,235.86666666668316,-1.6998,3.8336
21,CC DChg,235.96666666668898,-1.6998,3.8336
21,CC DChg,236.06666666668025,-1.6998,3.8336
21,CC DChg,236.16666666668607,-1.6998,3.8335
21,CC DChg,236.2666666666919,-1.6998,3.8335
21,CC DChg,236.36666666668316,-1.6998,3.8335
21,CC DChg,236.46666666668898,-1.6998,3.8335
21,CC DChg,236.56666666668025,-1.6998,3.8335
21,CC DChg,236.66666666668607,-1.6998,3.8335
21,CC DChg,236.7666666666919,-1.6998,3.8335
21,CC DChg,236.86666666668316,-1.6998,3.8334
21,CC DChg,236.96666666668898,-1.6998,3.8334
21,CC DChg,237.06666666668025,-1.6998,3.8334
21,CC DChg,237.16666666668607,-1.6998,3.8334
21,CC DChg,237.2666666666919,-1.6998,3.8334
21,CC DChg,237.36666666668316,-1.6998,3.8334
21,CC DChg,237.46666666668898,-1.6998,3.8334
21,CC DChg,237.56666666668025,-1.6998,3.8334
21,CC DChg,237.66666666668607,-1.6998,3.8333
21,CC DChg,237.7666666666919,-1.6998,3.8333
21,CC DChg,237.86666666668316,-1.6998,3.8333
21,CC DChg,237.96666666668898,-1.6998,3.8333
21,CC DChg,238.06666666668025,-1.6998,3.8332
21,CC DChg,238.16666666668607,-1.6998,3.8332
21,CC DChg,238.2666666666919,-1.6998,3.8332
21,CC DChg,238.36666666668316,-1.6998,3.8332
21,CC DChg,238.46666666668898,-1.6998,3.8332
21,CC DChg,238.56666666668025,-1.6998,3.8332
21,CC DChg,238.66666666668607,-1.6998,3.8332
21,CC DChg,238.7666666666919,-1.6998,3.8332
21,CC DChg,238.86666666668316,-1.6998,3.8331
21,CC DChg,238.96666666668898,-1.6998,3.8332
21,CC DChg,239.06666666668025,-1.6998,3.8332
21,CC DChg,239.16666666668607,-1.6998,3.8331
21,CC DChg,239.2666666666919,-1.6998,3.8331
21,CC DChg,239.36666666668316,-1.6998,3.8331
21,CC DChg,239.46666666668898,-1.6998,3.8331
21,CC DChg,239.56666666668025,-1.6998,3.8331
21,CC DChg,239.66666666668607,-1.6998,3.833
21,CC DChg,239.7666666666919,-1.6998,3.833
21,CC DChg,239.86666666668316,-1.6998,3.833
21,CC DChg,239.96666666668898,-1.6998,3.833
21,CC DChg,240.06666666668025,-1.6998,3.833
21,CC DChg,240.16666666668607,-1.6998,3.833
21,CC DChg,240.2666666666919,-1.6998,3.833
21,CC DChg,240.36666666668316,-1.6998,3.833
21,CC DChg,240.46666666668898,-1.6998,3.8329
21,CC DChg,240.56666666668025,-1.6998,3.8329
21,CC DChg,240.66666666668607,-1.6998,3.8329
21,CC DChg,240.7666666666919,-1.6998,3.8329
21,CC DChg,240.86666666668316,-1.6998,3.8329
21,CC DChg,240.96666666668898,-1.6998,3.8328
21,CC DChg,241.06666666668025,-1.6998,3.8328
21,CC DChg,241.16666666668607,-1.6998,3.8328
21,CC DChg,241.2666666666919,-1.6998,3.8328
21,CC DChg,241.36666666668316,-1.6998,3.8328
21,CC DChg,241.46666666668898,-1.6998,3.8328
21,CC DChg,241.56666666668025,-1.6998,3.8327
21,CC DChg,241.66666666668607,-1.6998,3.8327
21,CC DChg,241.7666666666919,-1.6998,3.8327
21,CC DChg,241.86666666668316,-1.6998,3.8327
21,CC DChg,241.96666666668898,-1.6998,3.8327
21,CC DChg,242.06666666668025,-1.6998,3.8327
21,CC DChg,242.16666666668607,-1.6998,3.8326
21,CC DChg,242.2666666666919,-1.6998,3.8326
21,CC DChg,242.36666666668316,-1.6998,3.8326
21,CC DChg,242.46666666668898,-1.6998,3.8326
21,CC DChg,242.56666666668025,-1.6998,3.8326
21,CC DChg,242.66666666668607,-1.6998,3.8326
21,CC DChg,242.7666666666919,-1.6998,3.8325
21,CC DChg,242.86666666668316,-1.6998,3.8325
21,CC DChg,242.96666666668898,-1.6998,3.8325
21,CC DChg,243.06666666668025,-1.6998,3.8325
21,CC DChg,243.16666666668607,-1.6998,3.8325
21,CC DChg,243.2666666666919,-1.6998,3.8325
21,CC DChg,243.36666666668316,-1.6998,3.8325
21,CC DChg,243.46666666668898,-1.6998,3.8324
21,CC DChg,243.56666666668025,-1.6998,3.8325
21,CC DChg,243.66666666668607,-1.6998,3.8324
21,CC DChg,243.7666666666919,-1.6998,3.8323
21,CC DChg,243.86666666668316,-1.6998,3.8323
21,CC DChg,243.96666666668898,-1.6998,3.8323
21,CC DChg,244.06666666668025,-1.6998,3.8323
21,CC DChg,244.16666666668607,-1.6998,3.8323
21,CC DChg,244.2666666666919,-1.6998,3.8323
21,CC DChg,244.36666666668316,-1.6998,3.8322
21,CC DChg,244.46666666668898,-1.6998,3.8322
21,CC DChg,244.56666666668025,-1.6998,3.8322
21,CC DChg,244.66666666668607,-1.6998,3.8322
21,CC DChg,244.7666666666919,-1.6998,3.8322
21,CC DChg,244.86666666668316,-1.6999,3.8322
21,CC DChg,244.96666666668898,-1.6999,3.8322
21,CC DChg,245.06666666668025,-1.6999,3.8321
21,CC DChg,245.16666666668607,-1.6998,3.8321
21,CC DChg,245.2666666666919,-1.6998,3.8321
21,CC DChg,245.36666666668316,-1.6998,3.8321
21,CC DChg,245.46666666668898,-1.6998,3.8321
21,CC DChg,245.56666666668025,-1.6998,3.8321
21,CC DChg,245.66666666668607,-1.6999,3.8321
21,CC DChg,245.7666666666919,-1.6999,3.8321
21,CC DChg,245.86666666668316,-1.6999,3.832
21,CC DChg,245.96666666668898,-1.6999,3.832
21,CC DChg,246.06666666668025,-1.6999,3.832
21,CC DChg,246.16666666668607,-1.6999,3.832
21,CC DChg,246.2666666666919,-1.6998,3.832
21,CC DChg,246.36666666668316,-1.6998,3.8319
21,CC DChg,246.46666666668898,-1.6998,3.8319
21,CC DChg,246.56666666668025,-1.6999,3.8319
21,CC DChg,246.66666666668607,-1.6999,3.8319
21,CC DChg,246.7666666666919,-1.6999,3.8319
21,CC DChg,246.86666666668316,-1.6999,3.8318
21,CC DChg,246.96666666668898,-1.6999,3.8318
21,CC DChg,247.06666666668025,-1.6999,3.8318
21,CC DChg,247.16666666668607,-1.6999,3.8318
21,CC DChg,247.2666666666919,-1.6999,3.8317
21,CC DChg,247.36666666668316,-1.6999,3.8317
21,CC DChg,247.46666666668898,-1.6999,3.8317
21,CC DChg,247.56666666668025,-1.6999,3.8317
21,CC DChg,247.66666666668607,-1.6999,3.8317
21,CC DChg,247.7666666666919,-1.6999,3.8317
21,CC DChg,247.86666666668316,-1.6999,3.8317
21,CC DChg,247.96666666668898,-1.6998,3.8317
21,CC DChg,248.06666666668025,-1.6998,3.8317
21,CC DChg,248.16666666668607,-1.6998,3.8317
21,CC DChg,248.2666666666919,-1.6998,3.8316
21,CC DChg,248.36666666668316,-1.6998,3.8316
21,CC DChg,248.46666666668898,-1.6998,3.8317
21,CC DChg,248.56666666668025,-1.6998,3.8316
21,CC DChg,248.66666666668607,-1.6998,3.8316
21,CC DChg,248.7666666666919,-1.6998,3.8315
21,CC DChg,248.86666666668316,-1.6998,3.8315
21,CC DChg,248.96666666668898,-1.6998,3.8315
21,CC DChg,249.06666666668025,-1.6998,3.8315
21,CC DChg,249.16666666668607,-1.6999,3.8315
21,CC DChg,249.2666666666919,-1.6998,3.8315
21,CC DChg,249.36666666668316,-1.6998,3.8315
21,CC DChg,249.46666666668898,-1.6998,3.8315
21,CC DChg,249.56666666668025,-1.6998,3.8315
21,CC DChg,249.66666666668607,-1.6998,3.8315
21,CC DChg,249.7666666666919,-1.6998,3.8314
21,CC DChg,249.86666666668316,-1.6998,3.8314
21,CC DChg,249.96666666668898,-1.6998,3.8314
21,CC DChg,250.06666666668025,-1.6998,3.8314
21,CC DChg,250.16666666668607,-1.6998,3.8314
21,CC DChg,250.2666666666919,-1.6998,3.8313
21,CC DChg,250.36666666668316,-1.6998,3.8313
21,CC DChg,250.46666666668898,-1.6998,3.8313
21,CC DChg,250.56666666668025,-1.6998,3.8313
21,CC DChg,250.66666666668607,-1.6998,3.8313
21,CC DChg,250.7666666666919,-1.6998,3.8312
21,CC DChg,250.86666666668316,-1.6998,3.8312
21,CC DChg,250.96666666668898,-1.6998,3.8313
21,CC DChg,251.06666666668025,-1.6998,3.8312
21,CC DChg,251.16666666668607,-1.6998,3.8312
21,CC DChg,251.2666666666919,-1.6998,3.8312
21,CC DChg,251.36666666668316,-1.6998,3.8311
21,CC DChg,251.46666666668898,-1.6998,3.8311
21,CC DChg,251.56666666668025,-1.6998,3.8311
21,CC DChg,251.66666666668607,-1.6998,3.8311
21,CC DChg,251.7666666666919,-1.6998,3.8311
21,CC DChg,251.86666666668316,-1.6998,3.8311
21,CC DChg,251.96666666668898,-1.6998,3.8311
21,CC DChg,252.06666666668025,-1.6998,3.8311
21,CC DChg,252.16666666668607,-1.6998,3.831
21,CC DChg,252.2666666666919,-1.6998,3.831
21,CC DChg,252.36666666668316,-1.6998,3.831
21,CC DChg,252.46666666668898,-1.6998,3.831
21,CC DChg,252.56666666668025,-1.6998,3.831
21,CC DChg,252.66666666668607,-1.6998,3.831
21,CC DChg,252.7666666666919,-1.6998,3.831
21,CC DChg,252.86666666668316,-1.6998,3.831
21,CC DChg,252.96666666668898,-1.6998,3.8309
21,CC DChg,253.06666666668025,-1.6998,3.8309
21,CC DChg,253.16666666668607,-1.6998,3.8309
21,CC DChg,253.2666666666919,-1.6998,3.8309
21,CC DChg,253.36666666668316,-1.6998,3.8308
21,CC DChg,253.46666666668898,-1.6998,3.8308
21,CC DChg,253.56666666668025,-1.6998,3.8308
21,CC DChg,253.66666666668607,-1.6998,3.8308
21,CC DChg,253.7666666666919,-1.6998,3.8308
21,CC DChg,253.86666666668316,-1.6998,3.8308
21,CC DChg,253.96666666668898,-1.6998,3.8308
21,CC DChg,254.06666666668025,-1.6998,3.8307
21,CC DChg,254.16666666668607,-1.6998,3.8308
21,CC DChg,254.2666666666919,-1.6998,3.8308
21,CC DChg,254.36666666668316,-1.6998,3.8307
21,CC DChg,254.46666666668898,-1.6998,3.8307
21,CC DChg,254.56666666668025,-1.6998,3.8307
21,CC DChg,254.66666666668607,-1.6998,3.8307
21,CC DChg,254.7666666666919,-1.6998,3.8307
21,CC DChg,254.86666666668316,-1.6998,3.8307
21,CC DChg,254.96666666668898,-1.6998,3.8306
21,CC DChg,255.06666666668025,-1.6998,3.8306
21,CC DChg,255.16666666668607,-1.6998,3.8306
21,CC DChg,255.2666666666919,-1.6998,3.8306
21,CC DChg,255.36666666668316,-1.6998,3.8306
21,CC DChg,255.46666666668898,-1.6998,3.8306
21,CC DChg,255.56666666668025,-1.6998,3.8305
21,CC DChg,255.66666666668607,-1.6998,3.8305
21,CC DChg,255.7666666666919,-1.6998,3.8305
21,CC DChg,255.86666666668316,-1.6998,3.8305
21,CC DChg,255.96666666668898,-1.6998,3.8305
21,CC DChg,256.06666666668025,-1.6998,3.8305
21,CC DChg,256.16666666668607,-1.6998,3.8305
21,CC DChg,256.2666666666919,-1.6998,3.8305
21,CC DChg,256.36666666668316,-1.6998,3.8304
21,CC DChg,256.466666666689,-1.6998,3.8304
21,CC DChg,256.56666666668025,-1.6998,3.8304
21,CC DChg,256.66666666668607,-1.6998,3.8304
21,CC DChg,256.7666666666919,-1.6998,3.8304
21,CC DChg,256.86666666668316,-1.6998,3.8304
21,CC DChg,256.966666666689,-1.6998,3.8303
21,CC DChg,257.06666666668025,-1.6998,3.8303
21,CC DChg,257.16666666668607,-1.6998,3.8303
21,CC DChg,257.2666666666919,-1.6998,3.8303
21,CC DChg,257.36666666668316,-1.6998,3.8303
21,CC DChg,257.466666666689,-1.6998,3.8303
21,CC DChg,257.56666666668025,-1.6998,3.8303
21,CC DChg,257.66666666668607,-1.6998,3.8303
21,CC DChg,257.7666666666919,-1.6998,3.8302
21,CC DChg,257.86666666668316,-1.6998,3.8302
21,CC DChg,257.966666666689,-1.6998,3.8302
21,CC DChg,258.06666666668025,-1.6998,3.8302
21,CC DChg,258.16666666668607,-1.6998,3.8302
21,CC DChg,258.2666666666919,-1.6998,3.8301
21,CC DChg,258.36666666668316,-1.6998,3.8301
21,CC DChg,258.466666666689,-1.6998,3.8301
21,CC DChg,258.56666666668025,-1.6998,3.8302
21,CC DChg,258.66666666668607,-1.6998,3.8301
21,CC DChg,258.7666666666919,-1.6998,3.8301
21,CC DChg,258.86666666668316,-1.6998,3.8301
21,CC DChg,258.966666666689,-1.6998,3.8301
21,CC DChg,259.06666666668025,-1.6998,3.83
21,CC DChg,259.16666666668607,-1.6998,3.83
21,CC DChg,259.2666666666919,-1.6998,3.83
21,CC DChg,259.36666666668316,-1.6998,3.83
21,CC DChg,259.466666666689,-1.6998,3.83
21,CC DChg,259.56666666668025,-1.6998,3.83
21,CC DChg,259.66666666668607,-1.6998,3.8299
21,CC DChg,259.7666666666919,-1.6998,3.8299
21,CC DChg,259.86666666668316,-1.6998,3.8299
21,CC DChg,259.966666666689,-1.6998,3.8299
21,CC DChg,260.06666666668025,-1.6998,3.8299
21,CC DChg,260.16666666668607,-1.6998,3.8299
21,CC DChg,260.2666666666919,-1.6998,3.8298
21,CC DChg,260.36666666668316,-1.6998,3.8298
21,CC DChg,260.466666666689,-1.6998,3.8299
21,CC DChg,260.56666666668025,-1.6998,3.8298
21,CC DChg,260.66666666668607,-1.6998,3.8298
21,CC DChg,260.7666666666919,-1.6998,3.8298
21,CC DChg,260.86666666668316,-1.6998,3.8298
21,CC DChg,260.966666666689,-1.6998,3.8298
21,CC DChg,261.06666666668025,-1.6998,3.8297
21,CC DChg,261.16666666668607,-1.6998,3.8297
21,CC DChg,261.2666666666919,-1.6998,3.8297
21,CC DChg,261.36666666668316,-1.6998,3.8297
21,CC DChg,261.466666666689,-1.6998,3.8297
21,CC DChg,261.56666666668025,-1.6998,3.8297
21,CC DChg,261.66666666668607,-1.6998,3.8297
21,CC DChg,261.7666666666919,-1.6998,3.8296
21,CC DChg,261.86666666668316,-1.6998,3.8296
21,CC DChg,261.966666666689,-1.6998,3.8296
21,CC DChg,262.06666666668025,-1.6998,3.8296
21,CC DChg,262.16666666668607,-1.6998,3.8296
21,CC DChg,262.2666666666919,-1.6998,3.8296
21,CC DChg,262.36666666668316,-1.6998,3.8296
21,CC DChg,262.466666666689,-1.6998,3.8296
21,CC DChg,262.56666666668025,-1.6998,3.8295
21,CC DChg,262.66666666668607,-1.6998,3.8295
21,CC DChg,262.7666666666919,-1.6998,3.8295
21,CC DChg,262.86666666668316,-1.6998,3.8295
21,CC DChg,262.966666666689,-1.6998,3.8295
21,CC DChg,263.06666666668025,-1.6998,3.8295
21,CC DChg,263.16666666668607,-1.6998,3.8294
21,CC DChg,263.2666666666919,-1.6998,3.8294
21,CC DChg,263.36666666668316,-1.6998,3.8294
21,CC DChg,263.466666666689,-1.6998,3.8294
21,CC DChg,263.56666666668025,-1.6998,3.8294
21,CC DChg,263.66666666668607,-1.6998,3.8294
21,CC DChg,263.7666666666919,-1.6998,3.8293
21,CC DChg,263.86666666668316,-1.6998,3.8293
21,CC DChg,263.966666666689,-1.6998,3.8293
21,CC DChg,264.06666666668025,-1.6998,3.8293
21,CC DChg,264.16666666668607,-1.6998,3.8293
21,CC DChg,264.2666666666919,-1.6998,3.8292
21,CC DChg,264.36666666668316,-1.6998,3.8292
21,CC DChg,264.466666666689,-1.6998,3.8292
21,CC DChg,264.56666666668025,-1.6998,3.8292
21,CC DChg,264.66666666668607,-1.6998,3.8292
21,CC DChg,264.7666666666919,-1.6998,3.8292
21,CC DChg,264.86666666668316,-1.6998,3.8292
21,CC DChg,264.966666666689,-1.6998,3.8292
21,CC DChg,265.06666666668025,-1.6998,3.8291
21,CC DChg,265.16666666668607,-1.6998,3.8291
21,CC DChg,265.2666666666919,-1.6998,3.8292
21,CC DChg,265.36666666668316,-1.6998,3.8291
21,CC DChg,265.466666666689,-1.6998,3.8291
21,CC DChg,265.56666666668025,-1.6998,3.8291
21,CC DChg,265.66666666668607,-1.6998,3.829
21,CC DChg,265.7666666666919,-1.6998,3.829
21,CC DChg,265.86666666668316,-1.6998,3.829
21,CC DChg,265.966666666689,-1.6998,3.829
21,CC DChg,266.06666666668025,-1.6998,3.829
21,CC DChg,266.16666666668607,-1.6998,3.829
21,CC DChg,266.2666666666919,-1.6998,3.829
21,CC DChg,266.36666666668316,-1.6998,3.8289
21,CC DChg,266.466666666689,-1.6998,3.8289
21,CC DChg,266.56666666668025,-1.6998,3.8289
21,CC DChg,266.66666666668607,-1.6998,3.8289
21,CC DChg,266.7666666666919,-1.6998,3.8289
21,CC DChg,266.86666666668316,-1.6998,3.8288
21,CC DChg,266.966666666689,-1.6998,3.8288
21,CC DChg,267.06666666668025,-1.6998,3.8289
21,CC DChg,267.16666666668607,-1.6998,3.8288
21,CC DChg,267.2666666666919,-1.6998,3.8288
21,CC DChg,267.36666666668316,-1.6998,3.8288
21,CC DChg,267.466666666689,-1.6998,3.8288
21,CC DChg,267.56666666668025,-1.6998,3.8288
21,CC DChg,267.66666666668607,-1.6998,3.8287
21,CC DChg,267.7666666666919,-1.6998,3.8287
21,CC DChg,267.86666666668316,-1.6998,3.8287
21,CC DChg,267.966666666689,-1.6998,3.8287
21,CC DChg,268.06666666668025,-1.6998,3.8287
21,CC DChg,268.16666666668607,-1.6998,3.8287
21,CC DChg,268.2666666666919,-1.6998,3.8287
21,CC DChg,268.36666666668316,-1.6998,3.8286
21,CC DChg,268.466666666689,-1.6998,3.8286
21,CC DChg,268.56666666668025,-1.6998,3.8286
21,CC DChg,268.66666666668607,-1.6998,3.8286
21,CC DChg,268.7666666666919,-1.6998,3.8286
21,CC DChg,268.86666666668316,-1.6998,3.8286
21,CC DChg,268.966666666689,-1.6998,3.8285
21,CC DChg,269.06666666668025,-1.6998,3.8285
21,CC DChg,269.16666666668607,-1.6998,3.8285
21,CC DChg,269.2666666666919,-1.6998,3.8285
21,CC DChg,269.36666666668316,-1.6998,3.8285
21,CC DChg,269.466666666689,-1.6998,3.8285
21,CC DChg,269.56666666668025,-1.6998,3.8285
21,CC DChg,269.66666666668607,-1.6998,3.8285
21,CC DChg,269.7666666666919,-1.6998,3.8284
21,CC DChg,269.86666666668316,-1.6998,3.8284
21,CC DChg,269.966666666689,-1.6998,3.8284
21,CC DChg,270.06666666668025,-1.6998,3.8284
21,CC DChg,270.16666666668607,-1.6998,3.8284
21,CC DChg,270.2666666666919,-1.6998,3.8284
21,CC DChg,270.36666666668316,-1.6998,3.8284
21,CC DChg,270.466666666689,-1.6998,3.8284
21,CC DChg,270.56666666668025,-1.6998,3.8283
21,CC DChg,270.66666666668607,-1.6998,3.8283
21,CC DChg,270.7666666666919,-1.6998,3.8283
21,CC DChg,270.86666666668316,-1.6998,3.8283
21,CC DChg,270.966666666689,-1.6998,3.8283
21,CC DChg,271.06666666668025,-1.6998,3.8283
21,CC DChg,271.16666666668607,-1.6998,3.8282
21,CC DChg,271.2666666666919,-1.6998,3.8283
21,CC DChg,271.36666666668316,-1.6998,3.8283
21,CC DChg,271.466666666689,-1.6998,3.8282
21,CC DChg,271.56666666668025,-1.6998,3.8283
21,CC DChg,271.66666666668607,-1.6998,3.8282
21,CC DChg,271.7666666666919,-1.6998,3.8282
21,CC DChg,271.86666666668316,-1.6998,3.8281
21,CC DChg,271.966666666689,-1.6998,3.8282
21,CC DChg,272.06666666668025,-1.6998,3.8282
21,CC DChg,272.16666666668607,-1.6998,3.8281
21,CC DChg,272.2666666666919,-1.6998,3.8281
21,CC DChg,272.36666666668316,-1.6998,3.8281
21,CC DChg,272.466666666689,-1.6998,3.828
21,CC DChg,272.56666666668025,-1.6998,3.828
21,CC DChg,272.66666666668607,-1.6998,3.828
21,CC DChg,272.7666666666919,-1.6998,3.828
21,CC DChg,272.86666666668316,-1.6998,3.828
21,CC DChg,272.966666666689,-1.6998,3.828
21,CC DChg,273.06666666668025,-1.6998,3.828
21,CC DChg,273.16666666668607,-1.6998,3.828
21,CC DChg,273.2666666666919,-1.6998,3.828
21,CC DChg,273.36666666668316,-1.6998,3.828
21,CC DChg,273.466666666689,-1.6998,3.8279
21,CC DChg,273.56666666668025,-1.6998,3.8279
21,CC DChg,273.66666666668607,-1.6998,3.8279
21,CC DChg,273.7666666666919,-1.6998,3.8279
21,CC DChg,273.86666666668316,-1.6998,3.8279
21,CC DChg,273.966666666689,-1.6998,3.8278
21,CC DChg,274.06666666668025,-1.6998,3.8278
21,CC DChg,274.16666666668607,-1.6998,3.8278
21,CC DChg,274.2666666666919,-1.6998,3.8278
21,CC DChg,274.36666666668316,-1.6998,3.8278
21,CC DChg,274.466666666689,-1.6998,3.8278
21,CC DChg,274.56666666668025,-1.6998,3.8278
21,CC DChg,274.66666666668607,-1.6998,3.8277
21,CC DChg,274.7666666666919,-1.6998,3.8277
21,CC DChg,274.86666666668316,-1.6998,3.8277
21,CC DChg,274.966666666689,-1.6998,3.8277
21,CC DChg,275.06666666668025,-1.6998,3.8277
21,CC DChg,275.16666666668607,-1.6998,3.8277
21,CC DChg,275.2666666666919,-1.6998,3.8277
21,CC DChg,275.36666666668316,-1.6998,3.8277
21,CC DChg,275.466666666689,-1.6998,3.8277
21,CC DChg,275.56666666668025,-1.6998,3.8276
21,CC DChg,275.66666666668607,-1.6998,3.8276
21,CC DChg,275.7666666666919,-1.6998,3.8276
21,CC DChg,275.86666666668316,-1.6998,3.8276
21,CC DChg,275.966666666689,-1.6998,3.8276
21,CC DChg,276.06666666668025,-1.6998,3.8275
21,CC DChg,276.16666666668607,-1.6998,3.8275
21,CC DChg,276.2666666666919,-1.6998,3.8275
21,CC DChg,276.36666666668316,-1.6998,3.8275
21,CC DChg,276.466666666689,-1.6998,3.8275
21,CC DChg,276.56666666668025,-1.6998,3.8275
21,CC DChg,276.66666666668607,-1.6998,3.8275
21,CC DChg,276.7666666666919,-1.6998,3.8274
21,CC DChg,276.86666666668316,-1.6998,3.8275
21,CC DChg,276.966666666689,-1.6998,3.8274
21,CC DChg,277.06666666668025,-1.6998,3.8274
21,CC DChg,277.16666666668607,-1.6998,3.8274
21,CC DChg,277.2666666666919,-1.6998,3.8274
21,CC DChg,277.36666666668316,-1.6998,3.8273
21,CC DChg,277.466666666689,-1.6998,3.8273
21,CC DChg,277.56666666668025,-1.6998,3.8273
21,CC DChg,277.66666666668607,-1.6998,3.8273
21,CC DChg,277.7666666666919,-1.6998,3.8273
21,CC DChg,277.86666666668316,-1.6998,3.8273
21,CC DChg,277.966666666689,-1.6998,3.8272
21,CC DChg,278.06666666668025,-1.6998,3.8272
21,CC DChg,278.16666666668607,-1.6998,3.8272
21,CC DChg,278.2666666666919,-1.6998,3.8272
21,CC DChg,278.36666666668316,-1.6998,3.8272
21,CC DChg,278.466666666689,-1.6998,3.8272
21,CC DChg,278.56666666668025,-1.6998,3.8272
21,CC DChg,278.66666666668607,-1.6998,3.8271
21,CC DChg,278.7666666666919,-1.6998,3.8271
21,CC DChg,278.86666666668316,-1.6998,3.8271
21,CC DChg,278.966666666689,-1.6998,3.8271
21,CC DChg,279.06666666668025,-1.6998,3.8271
21,CC DChg,279.16666666668607,-1.6998,3.8271
21,CC DChg,279.2666666666919,-1.6998,3.827
21,CC DChg,279.36666666668316,-1.6998,3.827
21,CC DChg,279.466666666689,-1.6998,3.827
21,CC DChg,279.56666666668025,-1.6998,3.827
21,CC DChg,279.66666666668607,-1.6998,3.827
21,CC DChg,279.7666666666919,-1.6998,3.827
21,CC DChg,279.86666666668316,-1.6998,3.827
21,CC DChg,279.966666666689,-1.6998,3.827
21,CC DChg,280.06666666668025,-1.6998,3.827
21,CC DChg,280.16666666668607,-1.6998,3.8269
21,CC DChg,280.2666666666919,-1.6998,3.8269
21,CC DChg,280.36666666668316,-1.6998,3.8269
21,CC DChg,280.466666666689,-1.6998,3.8269
21,CC DChg,280.56666666668025,-1.6998,3.8269
21,CC DChg,280.66666666668607,-1.6998,3.8268
21,CC DChg,280.7666666666919,-1.6998,3.8268
21,CC DChg,280.86666666668316,-1.6998,3.8268
21,CC DChg,280.966666666689,-1.6998,3.8269
21,CC DChg,281.06666666668025,-1.6998,3.8268
21,CC DChg,281.16666666668607,-1.6998,3.8268
21,CC DChg,281.2666666666919,-1.6998,3.8268
21,CC DChg,281.36666666668316,-1.6998,3.8268
21,CC DChg,281.466666666689,-1.6998,3.8267
21,CC DChg,281.56666666668025,-1.6998,3.8267
21,CC DChg,281.66666666668607,-1.6998,3.8267
21,CC DChg,281.7666666666919,-1.6998,3.8267
21,CC DChg,281.86666666668316,-1.6998,3.8267
21,CC DChg,281.966666666689,-1.6998,3.8267
21,CC DChg,282.06666666668025,-1.6998,3.8267
21,CC DChg,282.16666666668607,-1.6998,3.8266
21,CC DChg,282.2666666666919,-1.6998,3.8266
21,CC DChg,282.36666666668316,-1.6998,3.8266
21,CC DChg,282.466666666689,-1.6998,3.8266
21,CC DChg,282.56666666668025,-1.6998,3.8265
21,CC DChg,282.66666666668607,-1.6998,3.8265
21,CC DChg,282.7666666666919,-1.6998,3.8265
21,CC DChg,282.86666666668316,-1.6998,3.8265
21,CC DChg,282.966666666689,-1.6998,3.8265
21,CC DChg,283.06666666668025,-1.6998,3.8265
21,CC DChg,283.16666666668607,-1.6998,3.8265
21,CC DChg,283.2666666666919,-1.6998,3.8265
21,CC DChg,283.36666666668316,-1.6998,3.8265
21,CC DChg,283.466666666689,-1.6998,3.8265
21,CC DChg,283.56666666668025,-1.6998,3.8264
21,CC DChg,283.66666666668607,-1.6998,3.8264
21,CC DChg,283.7666666666919,-1.6998,3.8264
21,CC DChg,283.86666666668316,-1.6998,3.8264
21,CC DChg,283.966666666689,-1.6998,3.8264
21,CC DChg,284.06666666668025,-1.6998,3.8263
21,CC DChg,284.16666666668607,-1.6998,3.8263
21,CC DChg,284.2666666666919,-1.6998,3.8263
21,CC DChg,284.36666666668316,-1.6998,3.8263
21,CC DChg,284.466666666689,-1.6998,3.8263
21,CC DChg,284.56666666668025,-1.6998,3.8262
21,CC DChg,284.66666666668607,-1.6998,3.8262
21,CC DChg,284.7666666666919,-1.6998,3.8262
21,CC DChg,284.86666666668316,-1.6998,3.8263
21,CC DChg,284.966666666689,-1.6998,3.8263
21,CC DChg,285.06666666668025,-1.6998,3.8262
21,CC DChg,285.16666666668607,-1.6998,3.8262
21,CC DChg,285.2666666666919,-1.6998,3.8262
21,CC DChg,285.36666666668316,-1.6998,3.8261
21,CC DChg,285.466666666689,-1.6998,3.8261
21,CC DChg,285.56666666668025,-1.6998,3.8261
21,CC DChg,285.66666666668607,-1.6998,3.8262
21,CC DChg,285.7666666666919,-1.6998,3.8261
21,CC DChg,285.86666666668316,-1.6998,3.8261
21,CC DChg,285.966666666689,-1.6998,3.8261
21,CC DChg,286.06666666668025,-1.6998,3.8261
21,CC DChg,286.16666666668607,-1.6998,3.826
21,CC DChg,286.2666666666919,-1.6998,3.826
21,CC DChg,286.36666666668316,-1.6998,3.826
21,CC DChg,286.466666666689,-1.6998,3.826
21,CC DChg,286.56666666668025,-1.6998,3.826
21,CC DChg,286.66666666668607,-1.6998,3.826
21,CC DChg,286.7666666666919,-1.6998,3.826
21,CC DChg,286.86666666668316,-1.6998,3.826
21,CC DChg,286.966666666689,-1.6998,3.8259
21,CC DChg,287.06666666668025,-1.6998,3.8259
21,CC DChg,287.16666666668607,-1.6998,3.8259
21,CC DChg,287.2666666666919,-1.6998,3.8259
21,CC DChg,287.36666666668316,-1.6998,3.8259
21,CC DChg,287.466666666689,-1.6998,3.8259
21,CC DChg,287.56666666668025,-1.6998,3.8259
21,CC DChg,287.66666666668607,-1.6998,3.8259
21,CC DChg,287.7666666666919,-1.6998,3.8258
21,CC DChg,287.86666666668316,-1.6998,3.8258
21,CC DChg,287.966666666689,-1.6998,3.8259
21,CC DChg,288.06666666668025,-1.6998,3.8258
21,CC DChg,288.16666666668607,-1.6998,3.8258
21,CC DChg,288.2666666666919,-1.6998,3.8258
21,CC DChg,288.36666666668316,-1.6998,3.8258
21,CC DChg,288.466666666689,-1.6998,3.8257
21,CC DChg,288.56666666668025,-1.6998,3.8257
21,CC DChg,288.66666666668607,-1.6998,3.8257
21,CC DChg,288.7666666666919,-1.6998,3.8257
21,CC DChg,288.86666666668316,-1.6998,3.8257
21,CC DChg,288.966666666689,-1.6998,3.8257
21,CC DChg,289.06666666668025,-1.6998,3.8257
21,CC DChg,289.16666666668607,-1.6998,3.8257
21,CC DChg,289.2666666666919,-1.6997,3.8257
21,CC DChg,289.36666666668316,-1.6997,3.8256
21,CC DChg,289.466666666689,-1.6997,3.8257
21,CC DChg,289.56666666668025,-1.6997,3.8256
21,CC DChg,289.66666666668607,-1.6997,3.8256
21,CC DChg,289.7666666666919,-1.6997,3.8256
21,CC DChg,289.86666666668316,-1.6997,3.8256
21,CC DChg,289.966666666689,-1.6997,3.8255
21,CC DChg,290.06666666668025,-1.6997,3.8255
21,CC DChg,290.16666666668607,-1.6997,3.8255
21,CC DChg,290.2666666666919,-1.6997,3.8255
21,CC DChg,290.36666666668316,-1.6997,3.8255
21,CC DChg,290.466666666689,-1.6997,3.8255
21,CC DChg,290.56666666668025,-1.6997,3.8255
21,CC DChg,290.6583333333692,-1.6997,3.8255
21,CC DChg,290.75,-1.6997,3.8255
21,CC DChg,290.841666666689,-1.6997,3.8255
21,CC DChg,290.93333333334886,-1.6997,3.8255
21,CC DChg,291.0250000000233,-1.6997,3.8254
21,CC DChg,291.11666666668316,-1.6997,3.8254
21,CC DChg,291.20833333334303,-1.6997,3.8254
21,CC DChg,291.3000000000029,-1.6997,3.8254
21,CC DChg,291.3916666666919,-1.6997,3.8253
21,CC DChg,291.4833333333663,-1.6997,3.8254
22,Rest,291.57500000001164,0.0,3.8867
22,Rest,291.6742424242402,0.0,3.8867
22,Rest,291.77348484848335,0.0,3.8869
22,Rest,291.8727272727265,0.0,3.8874
22,Rest,291.97196969698416,0.0,3.888
22,Rest,292.0712121212273,0.0,3.8884
22,Rest,292.1704545454704,0.0,3.8888
22,Rest,292.2696969697281,0.0,3.8891
22,Rest,292.36893939397123,0.0,3.8894
22,Rest,292.4681818181998,0.0,3.8897
22,Rest,292.56742424244294,0.0,3.89
22,Rest,292.66735537193017,0.0,3.8902
22,Rest,292.76728650140285,0.0,3.8905
22,Rest,292.8672176308901,0.0,3.8907
22,Rest,292.9671487603482,0.0,3.891
22,Rest,293.06707988980634,0.0,3.8911
22,Rest,293.1670110193081,0.0,3.8913
22,Rest,293.2669421487808,0.0,3.8916
22,Rest,293.3668732782389,0.0,3.8917
22,Rest,293.46680440772616,0.0,3.8919
22,Rest,293.56673553719884,0.0,3.8921
22,Rest,293.66672927624313,0.0,3.8923
22,Rest,293.766723015302,0.0,3.8925
22,Rest,293.86671675434627,0.0,3.8926
22,Rest,293.96671049339056,0.0,3.8927
22,Rest,294.0667042324494,0.0,3.8929
22,Rest,294.1666979714646,0.0,3.893
22,Rest,294.2666917105089,0.0,3.8932
22,Rest,294.36668544956774,0.0,3.8934
22,Rest,294.46667918861203,0.0,3.8935
22,Rest,294.5666729276418,0.0,3.8937
22,Rest,294.666672358464,0.0,3.8938
22,Rest,294.7666717892862,0.0,3.8939
22,Rest,294.8666712201084,0.0,3.894
22,Rest,294.9666706509306,0.0,3.8942
22,Rest,295.06667008176737,0.0,3.8943
22,Rest,295.1666695125605,0.0,3.8944
22,Rest,295.2666689434118,0.0,3.8945
22,Rest,295.3666683742049,0.0,3.8947
22,Rest,295.46666780504165,0.0,3.8948
22,Rest,295.56666723586386,0.0,3.8949
22,Rest,295.66666718412307,0.0,3.895
22,Rest,295.7666671323823,0.0,3.8951
22,Rest,295.86666708062694,0.0,3.8952
22,Rest,295.96666702888615,0.0,3.8953
22,Rest,296.06666697714536,0.0,3.8954
22,Rest,296.16666692540457,0.0,3.8955
22,Rest,296.2666668736638,0.0,3.8957
22,Rest,296.366666821923,0.0,3.8958
22,Rest,296.46666677016765,0.0,3.8959
22,Rest,296.56666671842686,0.0,3.896
22,Rest,296.6666667137324,0.0,3.8961
22,Rest,296.7666667090234,0.0,3.8962
22,Rest,296.86666670432896,0.0,3.8963
22,Rest,296.9666666996054,0.0,3.8964
22,Rest,297.06666669491096,0.0,3.8965
22,Rest,297.16666669020196,0.0,3.8966
22,Rest,297.2666666855075,0.0,3.8967
22,Rest,297.36666668081307,0.0,3.8968
22,Rest,297.4666666760895,0.0,3.8969
22,Rest,297.5666666714096,0.0,3.897
22,Rest,297.66666667096433,0.0,3.8971
22,Rest,297.76666667051904,0.0,3.8972
22,Rest,297.86666667013196,0.0,3.8973
22,Rest,297.9666666696867,0.0,3.8973
22,Rest,298.0666666692414,0.0,3.8974
22,Rest,298.1666666688252,0.0,3.8975
22,Rest,298.266666668409,0.0,3.8976
22,Rest,298.3666666679637,0.0,3.8977
22,Rest,298.46666666754754,0.0,3.8978
22,Rest,298.56666666713136,0.0,3.8979
22,Rest,298.66666666707897,0.0,3.898
22,Rest,298.76666666704114,0.0,3.8981
22,Rest,298.8666666670033,0.0,3.8982
22,Rest,298.96666666696547,0.0,3.8982
22,Rest,299.06666666692763,0.0,3.8983
22,Rest,299.1666666668898,0.0,3.8984
22,Rest,299.26666666685196,0.0,3.8985
22,Rest,299.3666666667996,0.0,3.8985
22,Rest,299.46666666676174,0.0,3.8986
22,Rest,299.5666666667239,0.0,3.8987
22,Rest,299.6666666667297,0.0,3.8988
22,Rest,299.766666666721,0.0,3.8989
22,Rest,299.8666666667268,0.0,3.899
22,Rest,299.96666666670353,0.0,3.8991
22,Rest,300.06666666670935,0.0,3.8991
22,Rest,300.16666666668607,0.0,3.8992
22,Rest,300.26666666670644,0.0,3.8993
22,Rest,300.36666666668316,0.0,3.8994
22,Rest,300.466666666689,0.0,3.8995
22,Rest,300.56666666668025,0.0,3.8995
22,Rest,300.66666666668607,0.0,3.8996
22,Rest,300.7666666666919,0.0,3.8997
22,Rest,300.86666666668316,0.0,3.8998
22,Rest,300.966666666689,0.0,3.8999
22,Rest,301.06666666668025,0.0,3.9
22,Rest,301.16666666668607,0.0,3.9001
22,Rest,301.2666666666919,0.0,3.9001
22,Rest,301.36666666668316,0.0,3.9001
22,Rest,301.466666666689,0.0,3.9002
22,Rest,301.56666666668025,0.0,3.9003
22,Rest,301.66666666668607,0.0,3.9004
22,Rest,301.7666666666919,0.0,3.9004
22,Rest,301.86666666668316,0.0,3.9005
22,Rest,301.966666666689,0.0,3.9006
22,Rest,302.06666666668025,0.0,3.9006
22,Rest,302.16666666668607,0.0,3.9007
22,Rest,302.2666666666919,0.0,3.9008
22,Rest,302.36666666668316,0.0,3.9009
22,Rest,302.466666666689,0.0,3.9009
22,Rest,302.56666666668025,0.0,3.901
22,Rest,302.66666666668607,0.0,3.9011
22,Rest,302.7666666666919,0.0,3.9012
22,Rest,302.86666666668316,0.0,3.9012
22,Rest,302.966666666689,0.0,3.9013
22,Rest,303.06666666668025,0.0,3.9013
22,Rest,303.16666666668607,0.0,3.9014
22,Rest,303.2666666666919,0.0,3.9015
22,Rest,303.36666666668316,0.0,3.9015
22,Rest,303.466666666689,0.0,3.9016
22,Rest,303.56666666668025,0.0,3.9017
22,Rest,303.66666666668607,0.0,3.9017
22,Rest,303.7666666666919,0.0,3.9018
22,Rest,303.86666666668316,0.0,3.9019
22,Rest,303.966666666689,0.0,3.902
22,Rest,304.06666666668025,0.0,3.902
22,Rest,304.16666666668607,0.0,3.9021
22,Rest,304.2666666666919,0.0,3.9021
22,Rest,304.36666666668316,0.0,3.9022
22,Rest,304.466666666689,0.0,3.9023
22,Rest,304.56666666668025,0.0,3.9023
22,Rest,304.66666666668607,0.0,3.9024
22,Rest,304.7666666666919,0.0,3.9024
22,Rest,304.86666666668316,0.0,3.9025
22,Rest,304.966666666689,0.0,3.9026
22,Rest,305.06666666668025,0.0,3.9026
22,Rest,305.16666666668607,0.0,3.9027
22,Rest,305.2666666666919,0.0,3.9028
22,Rest,305.36666666668316,0.0,3.9028
22,Rest,305.466666666689,0.0,3.9029
22,Rest,305.56666666668025,0.0,3.903
22,Rest,305.66666666668607,0.0,3.903
22,Rest,305.7666666666919,0.0,3.9031
22,Rest,305.86666666668316,0.0,3.9031
22,Rest,305.966666666689,0.0,3.9032
22,Rest,306.06666666668025,0.0,3.9032
22,Rest,306.16666666668607,0.0,3.9033
22,Rest,306.2666666666919,0.0,3.9034
22,Rest,306.36666666668316,0.0,3.9035
22,Rest,306.466666666689,0.0,3.9035
22,Rest,306.56666666668025,0.0,3.9036
22,Rest,306.66666666668607,0.0,3.9036
22,Rest,306.7666666666919,0.0,3.9037
22,Rest,306.86666666668316,0.0,3.9038
22,Rest,306.966666666689,0.0,3.9038
22,Rest,307.06666666668025,0.0,3.9039
22,Rest,307.16666666668607,0.0,3.9039
22,Rest,307.2666666666919,0.0,3.904
22,Rest,307.36666666668316,0.0,3.904
22,Rest,307.466666666689,0.0,3.9041
22,Rest,307.56666666668025,0.0,3.9042
22,Rest,307.66666666668607,0.0,3.9042
22,Rest,307.7666666666919,0.0,3.9043
22,Rest,307.86666666668316,0.0,3.9043
22,Rest,307.966666666689,0.0,3.9044
22,Rest,308.06666666668025,0.0,3.9044
22,Rest,308.16666666668607,0.0,3.9045
22,Rest,308.2666666666919,0.0,3.9045
22,Rest,308.36666666668316,0.0,3.9046
22,Rest,308.466666666689,0.0,3.9046
22,Rest,308.56666666668025,0.0,3.9047
22,Rest,308.66666666668607,0.0,3.9047
22,Rest,308.7666666666919,0.0,3.9048
22,Rest,308.86666666668316,0.0,3.9048
22,Rest,308.966666666689,0.0,3.9049
22,Rest,309.06666666668025,0.0,3.905
22,Rest,309.16666666668607,0.0,3.905
22,Rest,309.2666666666919,0.0,3.905
22,Rest,309.36666666668316,0.0,3.9051
22,Rest,309.466666666689,0.0,3.9052
22,Rest,309.56666666668025,0.0,3.9052
22,Rest,309.66666666668607,0.0,3.9052
22,Rest,309.7666666666919,0.0,3.9053
22,Rest,309.86666666668316,0.0,3.9053
22,Rest,309.966666666689,0.0,3.9054
22,Rest,310.06666666668025,0.0,3.9054
22,Rest,310.16666666668607,0.0,3.9055
22,Rest,310.2666666666919,0.0,3.9055
22,Rest,310.36666666668316,0.0,3.9056
22,Rest,310.466666666689,0.0,3.9057
22,Rest,310.56666666668025,0.0,3.9057
22,Rest,310.66666666668607,0.0,3.9057
22,Rest,310.7666666666919,0.0,3.9058
22,Rest,310.86666666668316,0.0,3.9058
22,Rest,310.966666666689,0.0,3.9059
22,Rest,311.06666666668025,0.0,3.906
22,Rest,311.16666666668607,0.0,3.906
22,Rest,311.2666666666919,0.0,3.906
22,Rest,311.36666666668316,0.0,3.9061
22,Rest,311.466666666689,0.0,3.9061
22,Rest,311.56666666668025,0.0,3.9062
22,Rest,311.66666666668607,0.0,3.9063
22,Rest,311.7666666666919,0.0,3.9063
22,Rest,311.86666666668316,0.0,3.9064
22,Rest,311.966666666689,0.0,3.9064
22,Rest,312.06666666668025,0.0,3.9065
22,Rest,312.16666666668607,0.0,3.9065
22,Rest,312.2666666666919,0.0,3.9065
22,Rest,312.36666666668316,0.0,3.9066
22,Rest,312.466666666689,0.0,3.9067
22,Rest,312.56666666668025,0.0,3.9067
22,Rest,312.66666666668607,0.0,3.9067
22,Rest,312.7666666666919,0.0,3.9068
22,Rest,312.86666666668316,0.0,3.9068
22,Rest,312.966666666689,0.0,3.9069
22,Rest,313.06666666668025,0.0,3.9069
22,Rest,313.16666666668607,0.0,3.9069
22,Rest,313.2666666666919,0.0,3.907
22,Rest,313.36666666668316,0.0,3.9071
22,Rest,313.466666666689,0.0,3.9071
22,Rest,313.56666666668025,0.0,3.9071
22,Rest,313.66666666668607,0.0,3.9072
22,Rest,313.7666666666919,0.0,3.9073
22,Rest,313.86666666668316,0.0,3.9073
22,Rest,313.966666666689,0.0,3.9073
22,Rest,314.06666666668025,0.0,3.9074
22,Rest,314.16666666668607,0.0,3.9074
22,Rest,314.2666666666919,0.0,3.9075
22,Rest,314.36666666668316,0.0,3.9075
22,Rest,314.466666666689,0.0,3.9076
22,Rest,314.56666666668025,0.0,3.9076
22,Rest,314.66666666668607,0.0,3.9076
22,Rest,314.7666666666919,0.0,3.9077
22,Rest,314.86666666668316,0.0,3.9077
22,Rest,314.966666666689,0.0,3.9078
22,Rest,315.06666666668025,0.0,3.9078
22,Rest,315.16666666668607,0.0,3.9078
22,Rest,315.2666666666919,0.0,3.9079
22,Rest,315.36666666668316,0.0,3.908
22,Rest,315.466666666689,0.0,3.908
22,Rest,315.56666666668025,0.0,3.908
22,Rest,315.66666666668607,0.0,3.9081
22,Rest,315.7666666666919,0.0,3.9081
22,Rest,315.86666666668316,0.0,3.9081
22,Rest,315.966666666689,0.0,3.9082
22,Rest,316.06666666668025,0.0,3.9082
22,Rest,316.16666666668607,0.0,3.9083
22,Rest,316.2666666666919,0.0,3.9084
22,Rest,316.36666666668316,0.0,3.9084
22,Rest,316.466666666689,0.0,3.9084
22,Rest,316.56666666668025,0.0,3.9084
22,Rest,316.66666666668607,0.0,3.9085
22,Rest,316.7666666666919,0.0,3.9085
22,Rest,316.86666666668316,0.0,3.9086
22,Rest,316.966666666689,0.0,3.9086
22,Rest,317.06666666668025,0.0,3.9087
22,Rest,317.16666666668607,0.0,3.9087
22,Rest,317.2666666666919,0.0,3.9087
22,Rest,317.36666666668316,0.0,3.9088
22,Rest,317.466666666689,0.0,3.9088
22,Rest,317.56666666668025,0.0,3.9089
22,Rest,317.66666666668607,0.0,3.9089
22,Rest,317.7666666666919,0.0,3.909
22,Rest,317.86666666668316,0.0,3.909
22,Rest,317.966666666689,0.0,3.909
22,Rest,318.06666666668025,0.0,3.909
22,Rest,318.16666666668607,0.0,3.9091
22,Rest,318.2666666666919,0.0,3.9092
22,Rest,318.36666666668316,0.0,3.9092
22,Rest,318.466666666689,0.0,3.9092
22,Rest,318.56666666668025,0.0,3.9093
22,Rest,318.66666666668607,0.0,3.9093
22,Rest,318.7666666666919,0.0,3.9094
22,Rest,318.86666666668316,0.0,3.9094
22,Rest,318.966666666689,0.0,3.9094
22,Rest,319.06666666668025,0.0,3.9095
22,Rest,319.16666666668607,0.0,3.9095
22,Rest,319.2666666666919,0.0,3.9095
22,Rest,319.36666666668316,0.0,3.9096
22,Rest,319.466666666689,0.0,3.9097
22,Rest,319.56666666668025,0.0,3.9097
22,Rest,319.66666666668607,0.0,3.9097
22,Rest,319.7666666666919,0.0,3.9098
22,Rest,319.86666666668316,0.0,3.9098
22,Rest,319.966666666689,0.0,3.9098
22,Rest,320.06666666668025,0.0,3.9099
22,Rest,320.16666666668607,0.0,3.9099
22,Rest,320.2666666666919,0.0,3.91
22,Rest,320.36666666668316,0.0,3.91
22,Rest,320.466666666689,0.0,3.91
22,Rest,320.56666666668025,0.0,3.91
22,Rest,320.66666666668607,0.0,3.9101
22,Rest,320.7666666666919,0.0,3.9101
22,Rest,320.86666666668316,0.0,3.9102
22,Rest,320.966666666689,0.0,3.9102
22,Rest,321.06666666668025,0.0,3.9103
22,Rest,321.16666666668607,0.0,3.9103
22,Rest,321.2666666666919,0.0,3.9103
22,Rest,321.36666666668316,0.0,3.9104
22,Rest,321.466666666689,0.0,3.9104
22,Rest,321.56666666668025,0.0,3.9104
22,Rest,321.66666666668607,0.0,3.9105
22,Rest,321.7666666666919,0.0,3.9105
22,Rest,321.86666666668316,0.0,3.9106
22,Rest,321.966666666689,0.0,3.9106
22,Rest,322.06666666668025,0.0,3.9106
22,Rest,322.16666666668607,0.0,3.9106
22,Rest,322.2666666666919,0.0,3.9107
22,Rest,322.36666666668316,0.0,3.9107
22,Rest,322.466666666689,0.0,3.9108
22,Rest,322.56666666668025,0.0,3.9108
22,Rest,322.66666666668607,0.0,3.9108
22,Rest,322.7666666666919,0.0,3.9109
22,Rest,322.86666666668316,0.0,3.9109
22,Rest,322.966666666689,0.0,3.9109
22,Rest,323.06666666668025,0.0,3.911
22,Rest,323.16666666668607,0.0,3.911
22,Rest,323.2666666666919,0.0,3.911
22,Rest,323.36666666668316,0.0,3.9111
22,Rest,323.466666666689,0.0,3.9111
22,Rest,323.56666666668025,0.0,3.9111
22,Rest,323.66666666668607,0.0,3.9112
22,Rest,323.7666666666919,0.0,3.9113
22,Rest,323.86666666668316,0.0,3.9112
22,Rest,323.966666666689,0.0,3.9113
22,Rest,324.06666666668025,0.0,3.9113
22,Rest,324.16666666668607,0.0,3.9114
22,Rest,324.2666666666919,0.0,3.9114
22,Rest,324.36666666668316,0.0,3.9114
22,Rest,324.466666666689,0.0,3.9114
22,Rest,324.56666666668025,0.0,3.9115
22,Rest,324.66666666668607,0.0,3.9116
22,Rest,324.7666666666919,0.0,3.9116
22,Rest,324.86666666668316,0.0,3.9116
22,Rest,324.966666666689,0.0,3.9116
22,Rest,325.06666666668025,0.0,3.9117
22,Rest,325.16666666668607,0.0,3.9117
22,Rest,325.2666666666919,0.0,3.9118
22,Rest,325.36666666668316,0.0,3.9118
22,Rest,325.466666666689,0.0,3.9118
22,Rest,325.56666666668025,0.0,3.9119
22,Rest,325.66666666668607,0.0,3.9119
22,Rest,325.7666666666919,0.0,3.9119
22,Rest,325.86666666668316,0.0,3.9119
22,Rest,325.966666666689,0.0,3.912
22,Rest,326.06666666668025,0.0,3.912
22,Rest,326.16666666668607,0.0,3.912
22,Rest,326.2666666666919,0.0,3.9121
22,Rest,326.36666666668316,0.0,3.9121
22,Rest,326.466666666689,0.0,3.9122
22,Rest,326.56666666668025,0.0,3.9122
22,Rest,326.66666666668607,0.0,3.9122
22,Rest,326.7666666666919,0.0,3.9122
22,Rest,326.86666666668316,0.0,3.9122
22,Rest,326.966666666689,0.0,3.9123
22,Rest,327.06666666668025,0.0,3.9123
22,Rest,327.16666666668607,0.0,3.9123
22,Rest,327.2666666666919,0.0,3.9124
22,Rest,327.36666666668316,0.0,3.9124
22,Rest,327.466666666689,0.0,3.9124
22,Rest,327.56666666668025,0.0,3.9125
22,Rest,327.66666666668607,0.0,3.9125
22,Rest,327.7666666666919,0.0,3.9126
22,Rest,327.86666666668316,0.0,3.9126
22,Rest,327.966666666689,0.0,3.9126
22,Rest,328.06666666668025,0.0,3.9127
22,Rest,328.16666666668607,0.0,3.9127
22,Rest,328.2666666666919,0.0,3.9127
22,Rest,328.36666666668316,0.0,3.9128
22,Rest,328.466666666689,0.0,3.9128
22,Rest,328.56666666668025,0.0,3.9129
22,Rest,328.66666666668607,0.0,3.9129
22,Rest,328.7666666666919,0.0,3.9129
22,Rest,328.86666666668316,0.0,3.9129
22,Rest,328.966666666689,0.0,3.913
22,Rest,329.06666666668025,0.0,3.913
22,Rest,329.16666666668607,0.0,3.9131
22,Rest,329.2666666666919,0.0,3.9131
22,Rest,329.36666666668316,0.0,3.9131
22,Rest,329.466666666689,0.0,3.9132
22,Rest,329.56666666668025,0.0,3.9132
22,Rest,329.66666666668607,0.0,3.9132
22,Rest,329.7666666666919,0.0,3.9132
22,Rest,329.86666666668316,0.0,3.9133
22,Rest,329.966666666689,0.0,3.9133
22,Rest,330.06666666668025,0.0,3.9133
22,Rest,330.16666666668607,0.0,3.9133
22,Rest,330.2666666666919,0.0,3.9134
22,Rest,330.36666666668316,0.0,3.9134
22,Rest,330.466666666689,0.0,3.9135
22,Rest,330.56666666668025,0.0,3.9135
22,Rest,330.66666666668607,0.0,3.9136
22,Rest,330.7666666666919,0.0,3.9136
22,Rest,330.86666666668316,0.0,3.9136
22,Rest,330.966666666689,0.0,3.9137
22,Rest,331.06666666668025,0.0,3.9137
22,Rest,331.16666666668607,0.0,3.9137
22,Rest,331.2666666666919,0.0,3.9137
22,Rest,331.36666666668316,0.0,3.9137
22,Rest,331.466666666689,0.0,3.9138
22,Rest,331.56666666668025,0.0,3.9138
22,Rest,331.66666666668607,0.0,3.9138
22,Rest,331.7666666666919,0.0,3.9139
22,Rest,331.86666666668316,0.0,3.9139
22,Rest,331.966666666689,0.0,3.9139
22,Rest,332.06666666668025,0.0,3.9139
22,Rest,332.16666666668607,0.0,3.914
22,Rest,332.2666666666919,0.0,3.914
22,Rest,332.36666666668316,0.0,3.914
22,Rest,332.466666666689,0.0,3.9141
22,Rest,332.56666666668025,0.0,3.9141
22,Rest,332.66666666668607,0.0,3.9141
22,Rest,332.7666666666919,0.0,3.9141
22,Rest,332.86666666668316,0.0,3.9142
22,Rest,332.966666666689,0.0,3.9142
22,Rest,333.06666666668025,0.0,3.9142
22,Rest,333.16666666668607,0.0,3.9143
22,Rest,333.2666666666919,0.0,3.9143
22,Rest,333.36666666668316,0.0,3.9143
22,Rest,333.466666666689,0.0,3.9143
22,Rest,333.56666666668025,0.0,3.9144
22,Rest,333.66666666668607,0.0,3.9144
22,Rest,333.7666666666919,0.0,3.9145
22,Rest,333.86666666668316,0.0,3.9145
22,Rest,333.966666666689,0.0,3.9145
22,Rest,334.06666666668025,0.0,3.9146
22,Rest,334.16666666668607,0.0,3.9146
22,Rest,334.2666666666919,0.0,3.9146
22,Rest,334.36666666668316,0.0,3.9147
22,Rest,334.466666666689,0.0,3.9147
22,Rest,334.56666666668025,0.0,3.9147
22,Rest,334.66666666668607,0.0,3.9147
22,Rest,334.7666666666919,0.0,3.9147
22,Rest,334.86666666668316,0.0,3.9147
22,Rest,334.966666666689,0.0,3.9148
22,Rest,335.06666666668025,0.0,3.9148
22,Rest,335.16666666668607,0.0,3.9148
22,Rest,335.2666666666919,0.0,3.9149
22,Rest,335.36666666668316,0.0,3.915
22,Rest,335.466666666689,0.0,3.9149
22,Rest,335.56666666668025,0.0,3.915
22,Rest,335.66666666668607,0.0,3.9151
22,Rest,335.7666666666919,0.0,3.9151
22,Rest,335.86666666668316,0.0,3.9151
22,Rest,335.966666666689,0.0,3.9151
22,Rest,336.06666666668025,0.0,3.9151
22,Rest,336.16666666668607,0.0,3.9152
22,Rest,336.2666666666919,0.0,3.9152
22,Rest,336.36666666668316,0.0,3.9152
22,Rest,336.466666666689,0.0,3.9152
22,Rest,336.56666666668025,0.0,3.9152
22,Rest,336.66666666668607,0.0,3.9153
22,Rest,336.7666666666919,0.0,3.9153
22,Rest,336.86666666668316,0.0,3.9153
22,Rest,336.966666666689,0.0,3.9153
22,Rest,337.06666666668025,0.0,3.9154
22,Rest,337.16666666668607,0.0,3.9154
22,Rest,337.2666666666919,0.0,3.9154
22,Rest,337.36666666668316,0.0,3.9155
22,Rest,337.466666666689,0.0,3.9155
22,Rest,337.56666666668025,0.0,3.9156
22,Rest,337.66666666668607,0.0,3.9156
22,Rest,337.7666666666919,0.0,3.9156
22,Rest,337.86666666668316,0.0,3.9156
22,Rest,337.966666666689,0.0,3.9157
22,Rest,338.06666666668025,0.0,3.9157
22,Rest,338.16666666668607,0.0,3.9157
22,Rest,338.2666666666919,0.0,3.9157
22,Rest,338.36666666668316,0.0,3.9157
22,Rest,338.466666666689,0.0,3.9158
22,Rest,338.56666666668025,0.0,3.9158
22,Rest,338.66666666668607,0.0,3.9158
22,Rest,338.7666666666919,0.0,3.9158
22,Rest,338.86666666668316,0.0,3.9159
22,Rest,338.966666666689,0.0,3.9159
22,Rest,339.06666666668025,0.0,3.9159
22,Rest,339.16666666668607,0.0,3.9159
22,Rest,339.2666666666919,0.0,3.9159
22,Rest,339.36666666668316,0.0,3.916
22,Rest,339.466666666689,0.0,3.916
22,Rest,339.56666666668025,0.0,3.916
22,Rest,339.66666666668607,0.0,3.9161
22,Rest,339.7666666666919,0.0,3.9161
22,Rest,339.86666666668316,0.0,3.9161
22,Rest,339.966666666689,0.0,3.9161
22,Rest,340.06666666668025,0.0,3.9161
22,Rest,340.16666666668607,0.0,3.9162
22,Rest,340.2666666666919,0.0,3.9162
22,Rest,340.36666666668316,0.0,3.9162
22,Rest,340.466666666689,0.0,3.9163
22,Rest,340.56666666668025,0.0,3.9163
22,Rest,340.66666666668607,0.0,3.9163
22,Rest,340.7666666666919,0.0,3.9163
22,Rest,340.86666666668316,0.0,3.9164
22,Rest,340.966666666689,0.0,3.9164
22,Rest,341.06666666668025,0.0,3.9164
22,Rest,341.16666666668607,0.0,3.9164
22,Rest,341.2666666666919,0.0,3.9165
22,Rest,341.36666666668316,0.0,3.9165
22,Rest,341.466666666689,0.0,3.9165
22,Rest,341.56666666668025,0.0,3.9166
22,Rest,341.66666666668607,0.0,3.9166
22,Rest,341.7666666666919,0.0,3.9166
22,Rest,341.86666666668316,0.0,3.9166
22,Rest,341.966666666689,0.0,3.9166
22,Rest,342.06666666668025,0.0,3.9167
22,Rest,342.16666666668607,0.0,3.9167
22,Rest,342.2666666666919,0.0,3.9167
22,Rest,342.36666666668316,0.0,3.9168
22,Rest,342.466666666689,0.0,3.9168
22,Rest,342.56666666668025,0.0,3.9168
22,Rest,342.66666666668607,0.0,3.9168
22,Rest,342.7666666666919,0.0,3.9169
22,Rest,342.86666666668316,0.0,3.9169
22,Rest,342.966666666689,0.0,3.9169
22,Rest,343.06666666668025,0.0,3.917
22,Rest,343.16666666668607,0.0,3.917
22,Rest,343.2666666666919,0.0,3.917
22,Rest,343.36666666668316,0.0,3.917
22,Rest,343.466666666689,0.0,3.917
22,Rest,343.56666666668025,0.0,3.917
22,Rest,343.66666666668607,0.0,3.9171
22,Rest,343.7666666666919,0.0,3.9171
22,Rest,343.86666666668316,0.0,3.9171
22,Rest,343.966666666689,0.0,3.9171
22,Rest,344.06666666668025,0.0,3.9172
22,Rest,344.16666666668607,0.0,3.9172
22,Rest,344.2666666666919,0.0,3.9172
22,Rest,344.36666666668316,0.0,3.9173
22,Rest,344.466666666689,0.0,3.9173
22,Rest,344.56666666668025,0.0,3.9173
22,Rest,344.66666666668607,0.0,3.9173
22,Rest,344.7666666666919,0.0,3.9173
22,Rest,344.86666666668316,0.0,3.9174
22,Rest,344.966666666689,0.0,3.9174
22,Rest,345.06666666668025,0.0,3.9174
22,Rest,345.16666666668607,0.0,3.9174
22,Rest,345.2666666666919,0.0,3.9175
22,Rest,345.36666666668316,0.0,3.9175
22,Rest,345.466666666689,0.0,3.9175
22,Rest,345.56666666668025,0.0,3.9175
22,Rest,345.66666666668607,0.0,3.9175
22,Rest,345.7666666666919,0.0,3.9176
22,Rest,345.86666666668316,0.0,3.9176
22,Rest,345.966666666689,0.0,3.9177
22,Rest,346.06666666668025,0.0,3.9177
22,Rest,346.16666666668607,0.0,3.9177
22,Rest,346.2666666666919,0.0,3.9177
22,Rest,346.36666666668316,0.0,3.9177
22,Rest,346.466666666689,0.0,3.9177
22,Rest,346.56666666668025,0.0,3.9177
22,Rest,346.66666666668607,0.0,3.9178
22,Rest,346.7666666666919,0.0,3.9178
22,Rest,346.86666666668316,0.0,3.9178
22,Rest,346.966666666689,0.0,3.9178
22,Rest,347.06666666668025,0.0,3.9179
22,Rest,347.16666666668607,0.0,3.9179
22,Rest,347.2666666666919,0.0,3.9179
22,Rest,347.36666666668316,0.0,3.9179
22,Rest,347.466666666689,0.0,3.918
22,Rest,347.56666666668025,0.0,3.918
22,Rest,347.66666666668607,0.0,3.918
22,Rest,347.7666666666919,0.0,3.918
22,Rest,347.86666666668316,0.0,3.9181
22,Rest,347.966666666689,0.0,3.9181
22,Rest,348.06666666668025,0.0,3.9181
22,Rest,348.16666666668607,0.0,3.9181
22,Rest,348.2666666666919,0.0,3.9182
22,Rest,348.36666666668316,0.0,3.9182
22,Rest,348.466666666689,0.0,3.9182
22,Rest,348.56666666668025,0.0,3.9182
22,Rest,348.66666666668607,0.0,3.9183
22,Rest,348.7666666666919,0.0,3.9183
22,Rest,348.86666666668316,0.0,3.9183
22,Rest,348.966666666689,0.0,3.9183
22,Rest,349.06666666668025,0.0,3.9183
22,Rest,349.16666666668607,0.0,3.9183
22,Rest,349.2666666666919,0.0,3.9184
22,Rest,349.36666666668316,0.0,3.9184
22,Rest,349.466666666689,0.0,3.9184
22,Rest,349.56666666668025,0.0,3.9184
22,Rest,349.66666666668607,0.0,3.9185
22,Rest,349.7666666666919,0.0,3.9185
22,Rest,349.86666666668316,0.0,3.9185
22,Rest,349.966666666689,0.0,3.9185
22,Rest,350.06666666668025,0.0,3.9186
22,Rest,350.16666666668607,0.0,3.9186
22,Rest,350.2666666666919,0.0,3.9186
22,Rest,350.36666666668316,0.0,3.9186
22,Rest,350.466666666689,0.0,3.9187
22,Rest,350.56666666668025,0.0,3.9187
22,Rest,350.66666666668607,0.0,3.9187
22,Rest,350.7666666666919,0.0,3.9187
22,Rest,350.86666666668316,0.0,3.9188
22,Rest,350.966666666689,0.0,3.9188
22,Rest,351.06666666668025,0.0,3.9188
22,Rest,351.16666666668607,0.0,3.9188
22,Rest,351.2666666666919,0.0,3.9188
22,Rest,351.36666666668316,0.0,3.9188
22,Rest,351.466666666689,0.0,3.9188
22,Rest,351.56666666668025,0.0,3.9189
22,Rest,351.66666666668607,0.0,3.9189
22,Rest,351.7666666666919,0.0,3.9189
22,Rest,351.86666666668316,0.0,3.9189
22,Rest,351.966666666689,0.0,3.9189
22,Rest,352.06666666668025,0.0,3.919
22,Rest,352.16666666668607,0.0,3.919
22,Rest,352.2666666666919,0.0,3.919
22,Rest,352.36666666668316,0.0,3.9191
22,Rest,352.466666666689,0.0,3.9191
22,Rest,352.56666666668025,0.0,3.9191
22,Rest,352.66666666668607,0.0,3.9191
22,Rest,352.7666666666919,0.0,3.9191
22,Rest,352.86666666668316,0.0,3.9192
22,Rest,352.966666666689,0.0,3.9191
22,Rest,353.06666666668025,0.0,3.9192
22,Rest,353.16666666668607,0.0,3.9192
22,Rest,353.2666666666919,0.0,3.9193
22,Rest,353.36666666668316,0.0,3.9193
22,Rest,353.466666666689,0.0,3.9193
22,Rest,353.56666666668025,0.0,3.9193
22,Rest,353.66666666668607,0.0,3.9194
22,Rest,353.7666666666919,0.0,3.9194
22,Rest,353.86666666668316,0.0,3.9194
22,Rest,353.966666666689,0.0,3.9194
22,Rest,354.06666666668025,0.0,3.9194
22,Rest,354.16666666668607,0.0,3.9194
22,Rest,354.2666666666919,0.0,3.9195
22,Rest,354.36666666668316,0.0,3.9195
22,Rest,354.466666666689,0.0,3.9195
22,Rest,354.56666666668025,0.0,3.9195
22,Rest,354.66666666668607,0.0,3.9195
22,Rest,354.7666666666919,0.0,3.9195
22,Rest,354.86666666668316,0.0,3.9196
22,Rest,354.966666666689,0.0,3.9196
22,Rest,355.06666666668025,0.0,3.9196
22,Rest,355.16666666668607,0.0,3.9196
22,Rest,355.2666666666919,0.0,3.9197
22,Rest,355.36666666668316,0.0,3.9197
22,Rest,355.466666666689,0.0,3.9197
22,Rest,355.56666666668025,0.0,3.9197
22,Rest,355.66666666668607,0.0,3.9197
22,Rest,355.7666666666919,0.0,3.9198
22,Rest,355.86666666668316,0.0,3.9198
22,Rest,355.966666666689,0.0,3.9198
22,Rest,356.06666666668025,0.0,3.9198
22,Rest,356.16666666668607,0.0,3.9199
22,Rest,356.2666666666919,0.0,3.9199
22,Rest,356.36666666668316,0.0,3.9199
22,Rest,356.466666666689,0.0,3.9199
22,Rest,356.56666666668025,0.0,3.9199
22,Rest,356.66666666668607,0.0,3.9199
22,Rest,356.7666666666919,0.0,3.92
22,Rest,356.86666666668316,0.0,3.92
22,Rest,356.966666666689,0.0,3.92
22,Rest,357.06666666668025,0.0,3.92
22,Rest,357.16666666668607,0.0,3.92
22,Rest,357.2666666666919,0.0,3.9201
22,Rest,357.36666666668316,0.0,3.9201
22,Rest,357.466666666689,0.0,3.9201
22,Rest,357.56666666668025,0.0,3.9201
22,Rest,357.66666666668607,0.0,3.9202
22,Rest,357.7666666666919,0.0,3.9202
22,Rest,357.86666666668316,0.0,3.9202
22,Rest,357.966666666689,0.0,3.9202
22,Rest,358.06666666668025,0.0,3.9203
22,Rest,358.16666666668607,0.0,3.9203
22,Rest,358.2666666666919,0.0,3.9203
22,Rest,358.36666666668316,0.0,3.9203
22,Rest,358.466666666689,0.0,3.9203
22,Rest,358.56666666668025,0.0,3.9203
22,Rest,358.66666666668607,0.0,3.9203
22,Rest,358.7666666666919,0.0,3.9204
22,Rest,358.86666666668316,0.0,3.9204
22,Rest,358.966666666689,0.0,3.9204
22,Rest,359.06666666668025,0.0,3.9204
22,Rest,359.16666666668607,0.0,3.9205
22,Rest,359.2666666666919,0.0,3.9205
22,Rest,359.36666666668316,0.0,3.9205
22,Rest,359.466666666689,0.0,3.9205
22,Rest,359.56666666668025,0.0,3.9205
22,Rest,359.66666666668607,0.0,3.9206
22,Rest,359.7666666666919,0.0,3.9206
22,Rest,359.86666666668316,0.0,3.9206
22,Rest,359.966666666689,0.0,3.9206
22,Rest,360.06666666668025,0.0,3.9206
22,Rest,360.16666666668607,0.0,3.9206
22,Rest,360.2666666666919,0.0,3.9206
22,Rest,360.36666666668316,0.0,3.9207
22,Rest,360.466666666689,0.0,3.9207
22,Rest,360.56666666668025,0.0,3.9207
22,Rest,360.66666666668607,0.0,3.9207
22,Rest,360.7666666666919,0.0,3.9207
22,Rest,360.86666666668316,0.0,3.9207
22,Rest,360.966666666689,0.0,3.9208
22,Rest,361.06666666668025,0.0,3.9208
22,Rest,361.16666666668607,0.0,3.9208
22,Rest,361.2666666666919,0.0,3.9208
22,Rest,361.36666666668316,0.0,3.9209
22,Rest,361.466666666689,0.0,3.9209
22,Rest,361.56666666668025,0.0,3.9209
22,Rest,361.66666666668607,0.0,3.921
22,Rest,361.7666666666919,0.0,3.921
22,Rest,361.86666666668316,0.0,3.921
22,Rest,361.966666666689,0.0,3.921
22,Rest,362.06666666668025,0.0,3.9211
22,Rest,362.16666666668607,0.0,3.921
22,Rest,362.2666666666919,0.0,3.9211
22,Rest,362.36666666668316,0.0,3.9211
22,Rest,362.466666666689,0.0,3.9211
22,Rest,362.56666666668025,0.0,3.9211
22,Rest,362.66666666668607,0.0,3.9212
22,Rest,362.7666666666919,0.0,3.9212
22,Rest,362.86666666668316,0.0,3.9212
22,Rest,362.966666666689,0.0,3.9212
22,Rest,363.06666666668025,0.0,3.9212
22,Rest,363.16666666668607,0.0,3.9213
22,Rest,363.2666666666919,0.0,3.9213
22,Rest,363.36666666668316,0.0,3.9213
22,Rest,363.466666666689,0.0,3.9213
22,Rest,363.56666666668025,0.0,3.9213
22,Rest,363.66666666668607,0.0,3.9213
22,Rest,363.7666666666919,0.0,3.9213
22,Rest,363.86666666668316,0.0,3.9214
22,Rest,363.966666666689,0.0,3.9214
22,Rest,364.06666666668025,0.0,3.9214
22,Rest,364.16666666668607,0.0,3.9214
22,Rest,364.2666666666919,0.0,3.9214
22,Rest,364.36666666668316,0.0,3.9215
22,Rest,364.466666666689,0.0,3.9215
22,Rest,364.56666666668025,0.0,3.9215
22,Rest,364.66666666668607,0.0,3.9215
22,Rest,364.7666666666919,0.0,3.9215
22,Rest,364.86666666668316,0.0,3.9216
22,Rest,364.966666666689,0.0,3.9216
22,Rest,365.06666666668025,0.0,3.9216
22,Rest,365.16666666668607,0.0,3.9216
22,Rest,365.2666666666919,0.0,3.9217
22,Rest,365.36666666668316,0.0,3.9217
22,Rest,365.466666666689,0.0,3.9217
22,Rest,365.56666666668025,0.0,3.9217
22,Rest,365.66666666668607,0.0,3.9217
22,Rest,365.7666666666919,0.0,3.9218
22,Rest,365.86666666668316,0.0,3.9218
22,Rest,365.966666666689,0.0,3.9218
22,Rest,366.06666666668025,0.0,3.9218
22,Rest,366.16666666668607,0.0,3.9218
22,Rest,366.2666666666919,0.0,3.9219
22,Rest,366.36666666668316,0.0,3.9218
22,Rest,366.466666666689,0.0,3.9219
22,Rest,366.56666666668025,0.0,3.9219
22,Rest,366.66666666668607,0.0,3.9219
22,Rest,366.7666666666919,0.0,3.9219
22,Rest,366.86666666668316,0.0,3.9219
22,Rest,366.966666666689,0.0,3.922
22,Rest,367.06666666668025,0.0,3.922
22,Rest,367.16666666668607,0.0,3.922
22,Rest,367.2666666666919,0.0,3.922
22,Rest,367.36666666668316,0.0,3.922
22,Rest,367.466666666689,0.0,3.9221
22,Rest,367.56666666668025,0.0,3.9221
22,Rest,367.66666666668607,0.0,3.9221
22,Rest,367.7666666666919,0.0,3.9221
22,Rest,367.86666666668316,0.0,3.9222
22,Rest,367.966666666689,0.0,3.9222
22,Rest,368.06666666668025,0.0,3.9222
22,Rest,368.16666666668607,0.0,3.9222
22,Rest,368.2666666666919,0.0,3.9222
22,Rest,368.36666666668316,0.0,3.9222
22,Rest,368.466666666689,0.0,3.9222
22,Rest,368.56666666668025,0.0,3.9222
22,Rest,368.66666666668607,0.0,3.9223
22,Rest,368.7666666666919,0.0,3.9223
22,Rest,368.86666666668316,0.0,3.9223
22,Rest,368.966666666689,0.0,3.9223
22,Rest,369.06666666668025,0.0,3.9223
22,Rest,369.16666666668607,0.0,3.9223
22,Rest,369.2666666666919,0.0,3.9223
22,Rest,369.36666666668316,0.0,3.9224
22,Rest,369.466666666689,0.0,3.9224
22,Rest,369.56666666668025,0.0,3.9224
22,Rest,369.66666666668607,0.0,3.9224
22,Rest,369.7666666666919,0.0,3.9224
22,Rest,369.86666666668316,0.0,3.9225
22,Rest,369.966666666689,0.0,3.9225
22,Rest,370.06666666668025,0.0,3.9225
22,Rest,370.16666666668607,0.0,3.9225
22,Rest,370.2666666666919,0.0,3.9225
22,Rest,370.36666666668316,0.0,3.9225
22,Rest,370.466666666689,0.0,3.9226
22,Rest,370.56666666668025,0.0,3.9226
22,Rest,370.66666666668607,0.0,3.9227
22,Rest,370.7666666666919,0.0,3.9227
22,Rest,370.86666666668316,0.0,3.9227
22,Rest,370.966666666689,0.0,3.9227
22,Rest,371.06666666668025,0.0,3.9227
22,Rest,371.16666666668607,0.0,3.9227
22,Rest,371.2666666666919,0.0,3.9227
22,Rest,371.36666666668316,0.0,3.9228
22,Rest,371.466666666689,0.0,3.9228
22,Rest,371.56666666668025,0.0,3.9228
22,Rest,371.66666666668607,0.0,3.9228
22,Rest,371.7666666666919,0.0,3.9228
22,Rest,371.86666666668316,0.0,3.9228
22,Rest,371.966666666689,0.0,3.9229
22,Rest,372.06666666668025,0.0,3.9229
22,Rest,372.16666666668607,0.0,3.9229
22,Rest,372.2666666666919,0.0,3.9229
22,Rest,372.36666666668316,0.0,3.9229
22,Rest,372.466666666689,0.0,3.9229
22,Rest,372.56666666668025,0.0,3.923
22,Rest,372.66666666668607,0.0,3.923
22,Rest,372.7666666666919,0.0,3.923
22,Rest,372.86666666668316,0.0,3.923
22,Rest,372.966666666689,0.0,3.923
22,Rest,373.06666666668025,0.0,3.923
22,Rest,373.16666666668607,0.0,3.9231
22,Rest,373.2666666666919,0.0,3.9231
22,Rest,373.36666666668316,0.0,3.9231
22,Rest,373.466666666689,0.0,3.9231
22,Rest,373.56666666668025,0.0,3.9231
22,Rest,373.66666666668607,0.0,3.9232
22,Rest,373.7666666666919,0.0,3.9232
22,Rest,373.86666666668316,0.0,3.9232
22,Rest,373.966666666689,0.0,3.9232
22,Rest,374.06666666668025,0.0,3.9232
22,Rest,374.16666666668607,0.0,3.9232
22,Rest,374.2666666666919,0.0,3.9233
22,Rest,374.36666666668316,0.0,3.9233
22,Rest,374.466666666689,0.0,3.9233
22,Rest,374.56666666668025,0.0,3.9233
22,Rest,374.66666666668607,0.0,3.9234
22,Rest,374.7666666666919,0.0,3.9233
22,Rest,374.86666666668316,0.0,3.9233
22,Rest,374.966666666689,0.0,3.9233
22,Rest,375.06666666668025,0.0,3.9234
22,Rest,375.16666666668607,0.0,3.9234
22,Rest,375.2666666666919,0.0,3.9235
22,Rest,375.36666666668316,0.0,3.9234
22,Rest,375.466666666689,0.0,3.9235
22,Rest,375.56666666668025,0.0,3.9235
22,Rest,375.66666666668607,0.0,3.9235
22,Rest,375.7666666666919,0.0,3.9235
22,Rest,375.86666666668316,0.0,3.9235
22,Rest,375.966666666689,0.0,3.9235
22,Rest,376.06666666668025,0.0,3.9236
22,Rest,376.16666666668607,0.0,3.9236
22,Rest,376.2666666666919,0.0,3.9236
22,Rest,376.36666666668316,0.0,3.9236
22,Rest,376.466666666689,0.0,3.9237
22,Rest,376.56666666668025,0.0,3.9237
22,Rest,376.66666666668607,0.0,3.9237
22,Rest,376.7666666666919,0.0,3.9237
22,Rest,376.86666666668316,0.0,3.9237
22,Rest,376.966666666689,0.0,3.9237
22,Rest,377.06666666668025,0.0,3.9237
22,Rest,377.16666666668607,0.0,3.9237
22,Rest,377.2666666666919,0.0,3.9237
22,Rest,377.36666666668316,0.0,3.9238
22,Rest,377.466666666689,0.0,3.9238
22,Rest,377.56666666668025,0.0,3.9238
22,Rest,377.66666666668607,0.0,3.9238
22,Rest,377.7666666666919,0.0,3.9238
22,Rest,377.86666666668316,0.0,3.9238
22,Rest,377.966666666689,0.0,3.9238
22,Rest,378.06666666668025,0.0,3.9239
22,Rest,378.16666666668607,0.0,3.9239
22,Rest,378.2666666666919,0.0,3.9239
22,Rest,378.36666666668316,0.0,3.9239
22,Rest,378.466666666689,0.0,3.924
22,Rest,378.56666666668025,0.0,3.924
22,Rest,378.66666666668607,0.0,3.924
22,Rest,378.7666666666919,0.0,3.9241
22,Rest,378.86666666668316,0.0,3.9241
22,Rest,378.966666666689,0.0,3.9241
22,Rest,379.06666666668025,0.0,3.9241
22,Rest,379.16666666668607,0.0,3.9241
22,Rest,379.2666666666919,0.0,3.9241
22,Rest,379.36666666668316,0.0,3.9241
22,Rest,379.466666666689,0.0,3.9241
22,Rest,379.56666666668025,0.0,3.9242
22,Rest,379.66666666668607,0.0,3.9242
22,Rest,379.7666666666919,0.0,3.9242
22,Rest,379.86666666668316,0.0,3.9242
22,Rest,379.966666666689,0.0,3.9242
22,Rest,380.06666666668025,0.0,3.9242
22,Rest,380.16666666668607,0.0,3.9242
22,Rest,380.2666666666919,0.0,3.9242
22,Rest,380.36666666668316,0.0,3.9243
22,Rest,380.466666666689,0.0,3.9243
22,Rest,380.56666666668025,0.0,3.9243
22,Rest,380.66666666668607,0.0,3.9243
22,Rest,380.7666666666919,0.0,3.9243
22,Rest,380.86666666668316,0.0,3.9243
22,Rest,380.966666666689,0.0,3.9243
22,Rest,381.06666666668025,0.0,3.9243
22,Rest,381.16666666668607,0.0,3.9244
22,Rest,381.2666666666919,0.0,3.9244
22,Rest,381.36666666668316,0.0,3.9244
22,Rest,381.466666666689,0.0,3.9244
22,Rest,381.56666666668025,0.0,3.9245
22,Rest,381.66666666668607,0.0,3.9245
22,Rest,381.7666666666919,0.0,3.9245
22,Rest,381.86666666668316,0.0,3.9245
22,Rest,381.966666666689,0.0,3.9245
22,Rest,382.06666666668025,0.0,3.9245
22,Rest,382.16666666668607,0.0,3.9245
22,Rest,382.2666666666919,0.0,3.9245
22,Rest,382.36666666668316,0.0,3.9245
22,Rest,382.466666666689,0.0,3.9246
22,Rest,382.56666666668025,0.0,3.9246
22,Rest,382.66666666668607,0.0,3.9246
22,Rest,382.7666666666919,0.0,3.9246
22,Rest,382.86666666668316,0.0,3.9247
22,Rest,382.966666666689,0.0,3.9247
22,Rest,383.06666666668025,0.0,3.9247
22,Rest,383.16666666668607,0.0,3.9247
22,Rest,383.2666666666919,0.0,3.9247
22,Rest,383.36666666668316,0.0,3.9248
22,Rest,383.466666666689,0.0,3.9247
22,Rest,383.56666666668025,0.0,3.9247
22,Rest,383.66666666668607,0.0,3.9248
22,Rest,383.7666666666919,0.0,3.9248
22,Rest,383.86666666668316,0.0,3.9248
22,Rest,383.966666666689,0.0,3.9248
22,Rest,384.06666666668025,0.0,3.9248
22,Rest,384.16666666668607,0.0,3.9248
22,Rest,384.2666666666919,0.0,3.9248
22,Rest,384.36666666668316,0.0,3.9249
22,Rest,384.466666666689,0.0,3.9249
22,Rest,384.56666666668025,0.0,3.9249
22,Rest,384.66666666668607,0.0,3.9249
22,Rest,384.7666666666919,0.0,3.9249
22,Rest,384.86666666668316,0.0,3.9249
22,Rest,384.966666666689,0.0,3.9249
22,Rest,385.06666666668025,0.0,3.925
22,Rest,385.16666666668607,0.0,3.925
22,Rest,385.2666666666919,0.0,3.925
22,Rest,385.36666666668316,0.0,3.925
22,Rest,385.466666666689,0.0,3.925
22,Rest,385.56666666668025,0.0,3.925
22,Rest,385.66666666668607,0.0,3.925
22,Rest,385.7666666666919,0.0,3.925
22,Rest,385.86666666668316,0.0,3.925
22,Rest,385.966666666689,0.0,3.9251
22,Rest,386.06666666668025,0.0,3.9251
22,Rest,386.16666666668607,0.0,3.9251
22,Rest,386.2666666666919,0.0,3.9251
22,Rest,386.36666666668316,0.0,3.9252
22,Rest,386.466666666689,0.0,3.9252
22,Rest,386.56666666668025,0.0,3.9252
22,Rest,386.66666666668607,0.0,3.9252
22,Rest,386.7666666666919,0.0,3.9252
22,Rest,386.86666666668316,0.0,3.9252
22,Rest,386.966666666689,0.0,3.9253
22,Rest,387.06666666668025,0.0,3.9253
22,Rest,387.16666666668607,0.0,3.9253
22,Rest,387.2666666666919,0.0,3.9253
22,Rest,387.36666666668316,0.0,3.9253
22,Rest,387.466666666689,0.0,3.9253
22,Rest,387.56666666668025,0.0,3.9253
22,Rest,387.66666666668607,0.0,3.9254
22,Rest,387.7666666666919,0.0,3.9254
22,Rest,387.86666666668316,0.0,3.9254
22,Rest,387.966666666689,0.0,3.9254
22,Rest,388.06666666668025,0.0,3.9254
22,Rest,388.16666666668607,0.0,3.9255
22,Rest,388.2666666666919,0.0,3.9255
22,Rest,388.36666666668316,0.0,3.9255
22,Rest,388.466666666689,0.0,3.9255
22,Rest,388.56666666668025,0.0,3.9255
22,Rest,388.66666666668607,0.0,3.9255
22,Rest,388.7666666666919,0.0,3.9255
22,Rest,388.86666666668316,0.0,3.9255
22,Rest,388.966666666689,0.0,3.9255
22,Rest,389.06666666668025,0.0,3.9256
22,Rest,389.16666666668607,0.0,3.9256
22,Rest,389.2666666666919,0.0,3.9256
22,Rest,389.36666666668316,0.0,3.9257
22,Rest,389.466666666689,0.0,3.9256
22,Rest,389.56666666668025,0.0,3.9256
22,Rest,389.66666666668607,0.0,3.9257
22,Rest,389.7666666666919,0.0,3.9257
22,Rest,389.86666666668316,0.0,3.9258
22,Rest,389.966666666689,0.0,3.9257
22,Rest,390.06666666668025,0.0,3.9257
22,Rest,390.16666666668607,0.0,3.9257
22,Rest,390.2666666666919,0.0,3.9258
22,Rest,390.36666666668316,0.0,3.9258
22,Rest,390.466666666689,0.0,3.9258
22,Rest,390.56666666668025,0.0,3.9258
22,Rest,390.66666666668607,0.0,3.9259
22,Rest,390.7666666666919,0.0,3.9259
22,Rest,390.86666666668316,0.0,3.9259
22,Rest,390.966666666689,0.0,3.9259
22,Rest,391.06666666668025,0.0,3.9259
22,Rest,391.16666666668607,0.0,3.9259
22,Rest,391.2666666666919,0.0,3.9259
22,Rest,391.36666666668316,0.0,3.9259
22,Rest,391.466666666689,0.0,3.926
22,Rest,391.56666666668025,0.0,3.926
22,Rest,391.66666666668607,0.0,3.926
22,Rest,391.7666666666919,0.0,3.926
22,Rest,391.86666666668316,0.0,3.926
22,Rest,391.966666666689,0.0,3.926
22,Rest,392.06666666668025,0.0,3.926
22,Rest,392.16666666668607,0.0,3.9261
22,Rest,392.2666666666919,0.0,3.9261
22,Rest,392.36666666668316,0.0,3.9261
22,Rest,392.466666666689,0.0,3.9261
22,Rest,392.56666666668025,0.0,3.9261
22,Rest,392.66666666668607,0.0,3.9261
22,Rest,392.7666666666919,0.0,3.9261
22,Rest,392.86666666668316,0.0,3.9261
22,Rest,392.966666666689,0.0,3.9262
22,Rest,393.06666666668025,0.0,3.9262
22,Rest,393.16666666668607,0.0,3.9262
22,Rest,393.2666666666919,0.0,3.9262
22,Rest,393.36666666668316,0.0,3.9263
22,Rest,393.466666666689,0.0,3.9263
22,Rest,393.56666666668025,0.0,3.9263
22,Rest,393.66666666668607,0.0,3.9263
22,Rest,393.7666666666919,0.0,3.9263
22,Rest,393.86666666668316,0.0,3.9264
22,Rest,393.966666666689,0.0,3.9263
22,Rest,394.06666666668025,0.0,3.9264
22,Rest,394.16666666668607,0.0,3.9263
22,Rest,394.2666666666919,0.0,3.9263
22,Rest,394.36666666668316,0.0,3.9263
22,Rest,394.466666666689,0.0,3.9264
22,Rest,394.56666666668025,0.0,3.9264
22,Rest,394.66666666668607,0.0,3.9264
22,Rest,394.7666666666919,0.0,3.9265
22,Rest,394.86666666668316,0.0,3.9264
22,Rest,394.966666666689,0.0,3.9265
22,Rest,395.06666666668025,0.0,3.9265
22,Rest,395.16666666668607,0.0,3.9265
22,Rest,395.2666666666919,0.0,3.9265
22,Rest,395.36666666668316,0.0,3.9265
22,Rest,395.466666666689,0.0,3.9265
22,Rest,395.56666666668025,0.0,3.9266
22,Rest,395.66666666668607,0.0,3.9266
22,Rest,395.7666666666919,0.0,3.9266
22,Rest,395.86666666668316,0.0,3.9266
22,Rest,395.966666666689,0.0,3.9266
22,Rest,396.06666666668025,0.0,3.9266
22,Rest,396.16666666668607,0.0,3.9266
22,Rest,396.2666666666919,0.0,3.9266
22,Rest,396.36666666668316,0.0,3.9266
22,Rest,396.466666666689,0.0,3.9267
22,Rest,396.56666666668025,0.0,3.9267
22,Rest,396.66666666668607,0.0,3.9267
22,Rest,396.7666666666919,0.0,3.9267
22,Rest,396.86666666668316,0.0,3.9268
22,Rest,396.966666666689,0.0,3.9268
22,Rest,397.06666666668025,0.0,3.9268
22,Rest,397.16666666668607,0.0,3.9268
22,Rest,397.2666666666919,0.0,3.9268
22,Rest,397.36666666668316,0.0,3.9269
22,Rest,397.466666666689,0.0,3.9269
22,Rest,397.56666666668025,0.0,3.9269
22,Rest,397.66666666668607,0.0,3.9269
22,Rest,397.7666666666919,0.0,3.9269
22,Rest,397.86666666668316,0.0,3.9269
22,Rest,397.966666666689,0.0,3.9269
22,Rest,398.06666666668025,0.0,3.9269
22,Rest,398.16666666668607,0.0,3.9269
22,Rest,398.2666666666919,0.0,3.927
22,Rest,398.36666666668316,0.0,3.927
22,Rest,398.466666666689,0.0,3.927
22,Rest,398.56666666668025,0.0,3.927
22,Rest,398.66666666668607,0.0,3.927
22,Rest,398.7666666666919,0.0,3.927
22,Rest,398.86666666668316,0.0,3.927
22,Rest,398.966666666689,0.0,3.9271
22,Rest,399.06666666668025,0.0,3.927
22,Rest,399.16666666668607,0.0,3.927
22,Rest,399.2666666666919,0.0,3.9271
22,Rest,399.36666666668316,0.0,3.9271
22,Rest,399.466666666689,0.0,3.9271
22,Rest,399.56666666668025,0.0,3.9271
22,Rest,399.66666666668607,0.0,3.9271
22,Rest,399.7666666666919,0.0,3.9271
22,Rest,399.86666666668316,0.0,3.9272
22,Rest,399.966666666689,0.0,3.9272
22,Rest,400.06666666668025,0.0,3.9272
22,Rest,400.16666666668607,0.0,3.9272
22,Rest,400.2666666666919,0.0,3.9272
22,Rest,400.36666666668316,0.0,3.9272
22,Rest,400.466666666689,0.0,3.9273
22,Rest,400.56666666668025,0.0,3.9273
22,Rest,400.66666666668607,0.0,3.9273
22,Rest,400.7666666666919,0.0,3.9273
22,Rest,400.86666666668316,0.0,3.9273
22,Rest,400.966666666689,0.0,3.9273
22,Rest,401.06666666668025,0.0,3.9274
22,Rest,401.16666666668607,0.0,3.9274
22,Rest,401.2666666666919,0.0,3.9274
22,Rest,401.36666666668316,0.0,3.9274
22,Rest,401.466666666689,0.0,3.9274
22,Rest,401.56666666668025,0.0,3.9274
22,Rest,401.66666666668607,0.0,3.9274
22,Rest,401.7666666666919,0.0,3.9274
22,Rest,401.86666666668316,0.0,3.9275
22,Rest,401.966666666689,0.0,3.9275
22,Rest,402.06666666668025,0.0,3.9275
22,Rest,402.16666666668607,0.0,3.9275
22,Rest,402.2666666666919,0.0,3.9275
22,Rest,402.36666666668316,0.0,3.9275
22,Rest,402.466666666689,0.0,3.9275
22,Rest,402.56666666668025,0.0,3.9276
22,Rest,402.66666666668607,0.0,3.9276
22,Rest,402.7666666666919,0.0,3.9275
22,Rest,402.86666666668316,0.0,3.9276
22,Rest,402.966666666689,0.0,3.9276
22,Rest,403.06666666668025,0.0,3.9276
22,Rest,403.16666666668607,0.0,3.9276
22,Rest,403.2666666666919,0.0,3.9276
22,Rest,403.36666666668316,0.0,3.9277
22,Rest,403.466666666689,0.0,3.9277
22,Rest,403.56666666668025,0.0,3.9277
22,Rest,403.66666666668607,0.0,3.9277
22,Rest,403.7666666666919,0.0,3.9277
22,Rest,403.86666666668316,0.0,3.9277
22,Rest,403.966666666689,0.0,3.9278
22,Rest,404.06666666668025,0.0,3.9278
22,Rest,404.16666666668607,0.0,3.9278
22,Rest,404.2666666666919,0.0,3.9278
22,Rest,404.36666666668316,0.0,3.9278
22,Rest,404.466666666689,0.0,3.9278
22,Rest,404.56666666668025,0.0,3.9278
22,Rest,404.66666666668607,0.0,3.9279
22,Rest,404.7666666666919,0.0,3.9279
22,Rest,404.86666666668316,0.0,3.9278
22,Rest,404.966666666689,0.0,3.9279
22,Rest,405.06666666668025,0.0,3.9279
22,Rest,405.16666666668607,0.0,3.9279
22,Rest,405.2666666666919,0.0,3.9279
22,Rest,405.36666666668316,0.0,3.9279
22,Rest,405.466666666689,0.0,3.9279
22,Rest,405.56666666668025,0.0,3.9279
22,Rest,405.66666666668607,0.0,3.928
22,Rest,405.7666666666919,0.0,3.928
22,Rest,405.86666666668316,0.0,3.928
22,Rest,405.966666666689,0.0,3.928
22,Rest,406.06666666668025,0.0,3.928
22,Rest,406.16666666668607,0.0,3.928
22,Rest,406.2666666666919,0.0,3.928
22,Rest,406.36666666668316,0.0,3.928
22,Rest,406.466666666689,0.0,3.9281
22,Rest,406.56666666668025,0.0,3.9281
22,Rest,406.66666666668607,0.0,3.9281
22,Rest,406.7666666666919,0.0,3.9281
22,Rest,406.86666666668316,0.0,3.9281
22,Rest,406.966666666689,0.0,3.9281
22,Rest,407.06666666668025,0.0,3.9281
22,Rest,407.16666666668607,0.0,3.9281
22,Rest,407.2666666666919,0.0,3.9282
22,Rest,407.36666666668316,0.0,3.9282
22,Rest,407.466666666689,0.0,3.9282
22,Rest,407.56666666668025,0.0,3.9282
22,Rest,407.66666666668607,0.0,3.9282
22,Rest,407.7666666666919,0.0,3.9282
22,Rest,407.86666666668316,0.0,3.9282
22,Rest,407.966666666689,0.0,3.9283
22,Rest,408.06666666668025,0.0,3.9283
22,Rest,408.16666666668607,0.0,3.9283
22,Rest,408.2666666666919,0.0,3.9283
22,Rest,408.36666666668316,0.0,3.9283
22,Rest,408.466666666689,0.0,3.9283
22,Rest,408.56666666668025,0.0,3.9284
22,Rest,408.66666666668607,0.0,3.9284
22,Rest,408.7666666666919,0.0,3.9284
22,Rest,408.86666666668316,0.0,3.9284
22,Rest,408.966666666689,0.0,3.9284
22,Rest,409.06666666668025,0.0,3.9284
22,Rest,409.16666666668607,0.0,3.9285
22,Rest,409.2666666666919,0.0,3.9284
22,Rest,409.36666666668316,0.0,3.9284
22,Rest,409.466666666689,0.0,3.9284
22,Rest,409.56666666668025,0.0,3.9285
22,Rest,409.66666666668607,0.0,3.9285
22,Rest,409.7666666666919,0.0,3.9285
22,Rest,409.86666666668316,0.0,3.9285
22,Rest,409.966666666689,0.0,3.9285
22,Rest,410.06666666668025,0.0,3.9286
22,Rest,410.16666666668607,0.0,3.9286
22,Rest,410.2666666666919,0.0,3.9286
22,Rest,410.36666666668316,0.0,3.9286
22,Rest,410.466666666689,0.0,3.9286
22,Rest,410.56666666668025,0.0,3.9286
22,Rest,410.66666666668607,0.0,3.9286
22,Rest,410.7666666666919,0.0,3.9286
22,Rest,410.86666666668316,0.0,3.9287
22,Rest,410.966666666689,0.0,3.9286
22,Rest,411.06666666668025,0.0,3.9287
22,Rest,411.16666666668607,0.0,3.9287
22,Rest,411.2666666666919,0.0,3.9287
22,Rest,411.36666666668316,0.0,3.9287
22,Rest,411.466666666689,0.0,3.9287
22,Rest,411.56666666668025,0.0,3.9287
22,Rest,411.66666666668607,0.0,3.9287
22,Rest,411.7666666666919,0.0,3.9287
22,Rest,411.86666666668316,0.0,3.9288
22,Rest,411.966666666689,0.0,3.9288
22,Rest,412.06666666668025,0.0,3.9288
22,Rest,412.16666666668607,0.0,3.9288
22,Rest,412.2666666666919,0.0,3.9288
22,Rest,412.36666666668316,0.0,3.9289
22,Rest,412.466666666689,0.0,3.9289
22,Rest,412.56666666668025,0.0,3.9289
22,Rest,412.66666666668607,0.0,3.9289
22,Rest,412.7666666666919,0.0,3.9289
22,Rest,412.86666666668316,0.0,3.9289
22,Rest,412.966666666689,0.0,3.9289
22,Rest,413.06666666668025,0.0,3.9289
22,Rest,413.16666666668607,0.0,3.9289
22,Rest,413.2666666666919,0.0,3.929
22,Rest,413.36666666668316,0.0,3.929
22,Rest,413.466666666689,0.0,3.929
22,Rest,413.56666666668025,0.0,3.929
22,Rest,413.66666666668607,0.0,3.929
22,Rest,413.7666666666919,0.0,3.929
22,Rest,413.86666666668316,0.0,3.929
22,Rest,413.966666666689,0.0,3.929
22,Rest,414.06666666668025,0.0,3.9291
22,Rest,414.16666666668607,0.0,3.929
22,Rest,414.2666666666919,0.0,3.929
22,Rest,414.36666666668316,0.0,3.9291
22,Rest,414.466666666689,0.0,3.9291
22,Rest,414.56666666668025,0.0,3.9291
22,Rest,414.66666666668607,0.0,3.9291
22,Rest,414.7666666666919,0.0,3.9291
22,Rest,414.86666666668316,0.0,3.9291
22,Rest,414.966666666689,0.0,3.9291
22,Rest,415.06666666668025,0.0,3.9291
22,Rest,415.16666666668607,0.0,3.9292
22,Rest,415.2666666666919,0.0,3.9292
22,Rest,415.36666666668316,0.0,3.9292
22,Rest,415.466666666689,0.0,3.9292
22,Rest,415.56666666668025,0.0,3.9292
22,Rest,415.66666666668607,0.0,3.9292
22,Rest,415.7666666666919,0.0,3.9293
22,Rest,415.86666666668316,0.0,3.9293
22,Rest,415.966666666689,0.0,3.9293
22,Rest,416.06666666668025,0.0,3.9293
22,Rest,416.16666666668607,0.0,3.9293
22,Rest,416.2666666666919,0.0,3.9293
22,Rest,416.36666666668316,0.0,3.9293
22,Rest,416.466666666689,0.0,3.9293
22,Rest,416.56666666668025,0.0,3.9294
22,Rest,416.66666666668607,0.0,3.9294
22,Rest,416.7666666666919,0.0,3.9294
22,Rest,416.86666666668316,0.0,3.9294
22,Rest,416.966666666689,0.0,3.9294
22,Rest,417.06666666668025,0.0,3.9294
22,Rest,417.16666666668607,0.0,3.9294
22,Rest,417.2666666666919,0.0,3.9294
22,Rest,417.36666666668316,0.0,3.9295
22,Rest,417.466666666689,0.0,3.9294
22,Rest,417.56666666668025,0.0,3.9294
22,Rest,417.66666666668607,0.0,3.9295
22,Rest,417.7666666666919,0.0,3.9295
22,Rest,417.86666666668316,0.0,3.9295
22,Rest,417.966666666689,0.0,3.9295
22,Rest,418.06666666668025,0.0,3.9295
22,Rest,418.16666666668607,0.0,3.9296
22,Rest,418.2666666666919,0.0,3.9296
22,Rest,418.36666666668316,0.0,3.9296
22,Rest,418.466666666689,0.0,3.9296
22,Rest,418.56666666668025,0.0,3.9296
22,Rest,418.66666666668607,0.0,3.9296
22,Rest,418.7666666666919,0.0,3.9296
22,Rest,418.86666666668316,0.0,3.9296
22,Rest,418.966666666689,0.0,3.9297
22,Rest,419.06666666668025,0.0,3.9297
22,Rest,419.16666666668607,0.0,3.9297
22,Rest,419.2666666666919,0.0,3.9297
22,Rest,419.36666666668316,0.0,3.9297
22,Rest,419.466666666689,0.0,3.9297
22,Rest,419.56666666668025,0.0,3.9297
22,Rest,419.66666666668607,0.0,3.9297
22,Rest,419.7666666666919,0.0,3.9297
22,Rest,419.86666666668316,0.0,3.9298
22,Rest,419.966666666689,0.0,3.9298
22,Rest,420.06666666668025,0.0,3.9298
22,Rest,420.16666666668607,0.0,3.9298
22,Rest,420.2666666666919,0.0,3.9298
22,Rest,420.36666666668316,0.0,3.9298
22,Rest,420.466666666689,0.0,3.9298
22,Rest,420.56666666668025,0.0,3.9299
22,Rest,420.66666666668607,0.0,3.9299
22,Rest,420.7666666666919,0.0,3.9299
22,Rest,420.86666666668316,0.0,3.9299
22,Rest,420.966666666689,0.0,3.9299
22,Rest,421.06666666668025,0.0,3.9299
22,Rest,421.16666666668607,0.0,3.9299
22,Rest,421.2666666666919,0.0,3.9299
22,Rest,421.36666666668316,0.0,3.9299
22,Rest,421.466666666689,0.0,3.9299
22,Rest,421.56666666668025,0.0,3.93
22,Rest,421.66666666668607,0.0,3.93
22,Rest,421.7666666666919,0.0,3.93
22,Rest,421.86666666668316,0.0,3.93
22,Rest,421.966666666689,0.0,3.93
22,Rest,422.06666666668025,0.0,3.9301
22,Rest,422.16666666668607,0.0,3.93
22,Rest,422.2666666666919,0.0,3.93
22,Rest,422.36666666668316,0.0,3.93
22,Rest,422.466666666689,0.0,3.9301
22,Rest,422.56666666668025,0.0,3.9301
22,Rest,422.66666666668607,0.0,3.9301
22,Rest,422.7666666666919,0.0,3.9301
22,Rest,422.86666666668316,0.0,3.9301
22,Rest,422.966666666689,0.0,3.9301
22,Rest,423.06666666668025,0.0,3.9301
22,Rest,423.16666666668607,0.0,3.9301
22,Rest,423.2666666666919,0.0,3.9302
22,Rest,423.36666666668316,0.0,3.9302
22,Rest,423.466666666689,0.0,3.9302
22,Rest,423.56666666668025,0.0,3.9302
22,Rest,423.66666666668607,0.0,3.9302
22,Rest,423.7666666666919,0.0,3.9302
22,Rest,423.86666666668316,0.0,3.9302
22,Rest,423.966666666689,0.0,3.9302
22,Rest,424.06666666668025,0.0,3.9302
22,Rest,424.16666666668607,0.0,3.9303
22,Rest,424.2666666666919,0.0,3.9302
22,Rest,424.36666666668316,0.0,3.9303
22,Rest,424.466666666689,0.0,3.9303
22,Rest,424.56666666668025,0.0,3.9303
22,Rest,424.66666666668607,0.0,3.9303
22,Rest,424.7666666666919,0.0,3.9303
22,Rest,424.86666666668316,0.0,3.9303
22,Rest,424.966666666689,0.0,3.9303
22,Rest,425.06666666668025,0.0,3.9303
22,Rest,425.16666666668607,0.0,3.9303
22,Rest,425.2666666666919,0.0,3.9304
22,Rest,425.36666666668316,0.0,3.9304
22,Rest,425.466666666689,0.0,3.9304
22,Rest,425.56666666668025,0.0,3.9304
22,Rest,425.66666666668607,0.0,3.9304
22,Rest,425.7666666666919,0.0,3.9304
22,Rest,425.86666666668316,0.0,3.9304
22,Rest,425.966666666689,0.0,3.9304
22,Rest,426.06666666668025,0.0,3.9305
22,Rest,426.16666666668607,0.0,3.9305
22,Rest,426.2666666666919,0.0,3.9305
22,Rest,426.36666666668316,0.0,3.9305
22,Rest,426.466666666689,0.0,3.9305
22,Rest,426.56666666668025,0.0,3.9306
22,Rest,426.66666666668607,0.0,3.9306
22,Rest,426.7666666666919,0.0,3.9306
22,Rest,426.86666666668316,0.0,3.9306
22,Rest,426.966666666689,0.0,3.9306
22,Rest,427.06666666668025,0.0,3.9306
22,Rest,427.16666666668607,0.0,3.9306
22,Rest,427.2666666666919,0.0,3.9306
22,Rest,427.36666666668316,0.0,3.9306
22,Rest,427.466666666689,0.0,3.9306
22,Rest,427.56666666668025,0.0,3.9306
22,Rest,427.66666666668607,0.0,3.9307
22,Rest,427.7666666666919,0.0,3.9307
22,Rest,427.86666666668316,0.0,3.9307
22,Rest,427.966666666689,0.0,3.9307
22,Rest,428.06666666668025,0.0,3.9307
22,Rest,428.16666666668607,0.0,3.9307
22,Rest,428.2666666666919,0.0,3.9307
22,Rest,428.36666666668316,0.0,3.9307
22,Rest,428.466666666689,0.0,3.9307
22,Rest,428.56666666668025,0.0,3.9308
22,Rest,428.66666666668607,0.0,3.9308
22,Rest,428.7666666666919,0.0,3.9308
22,Rest,428.86666666668316,0.0,3.9308
22,Rest,428.966666666689,0.0,3.9308
22,Rest,429.06666666668025,0.0,3.9308
22,Rest,429.16666666668607,0.0,3.9308
22,Rest,429.2666666666919,0.0,3.9308
22,Rest,429.36666666668316,0.0,3.9308
22,Rest,429.466666666689,0.0,3.9309
22,Rest,429.56666666668025,0.0,3.9309
22,Rest,429.66666666668607,0.0,3.9309
22,Rest,429.7666666666919,0.0,3.9309
22,Rest,429.86666666668316,0.0,3.9309
22,Rest,429.966666666689,0.0,3.9309
22,Rest,430.06666666668025,0.0,3.9309
22,Rest,430.16666666668607,0.0,3.9309
22,Rest,430.2666666666919,0.0,3.931
22,Rest,430.36666666668316,0.0,3.931
22,Rest,430.466666666689,0.0,3.931
22,Rest,430.56666666668025,0.0,3.931
22,Rest,430.66666666668607,0.0,3.931
22,Rest,430.7666666666919,0.0,3.931
22,Rest,430.86666666668316,0.0,3.931
22,Rest,430.966666666689,0.0,3.931
22,Rest,431.06666666668025,0.0,3.931
22,Rest,431.16666666668607,0.0,3.9311
22,Rest,431.2666666666919,0.0,3.9311
22,Rest,431.36666666668316,0.0,3.9311
22,Rest,431.466666666689,0.0,3.9311
22,Rest,431.56666666668025,0.0,3.9311
22,Rest,431.66666666668607,0.0,3.9311
22,Rest,431.7666666666919,0.0,3.9311
22,Rest,431.86666666668316,0.0,3.9312
22,Rest,431.966666666689,0.0,3.9312
22,Rest,432.06666666668025,0.0,3.9311
22,Rest,432.16666666668607,0.0,3.9312
22,Rest,432.2666666666919,0.0,3.9312
22,Rest,432.36666666668316,0.0,3.9312
22,Rest,432.466666666689,0.0,3.9312
22,Rest,432.56666666668025,0.0,3.9312
22,Rest,432.66666666668607,0.0,3.9312
22,Rest,432.7666666666919,0.0,3.9313
22,Rest,432.86666666668316,0.0,3.9313
22,Rest,432.966666666689,0.0,3.9313
22,Rest,433.06666666668025,0.0,3.9313
22,Rest,433.16666666668607,0.0,3.9313
22,Rest,433.2666666666919,0.0,3.9313
22,Rest,433.36666666668316,0.0,3.9314
22,Rest,433.466666666689,0.0,3.9314
22,Rest,433.56666666668025,0.0,3.9314
22,Rest,433.66666666668607,0.0,3.9314
22,Rest,433.7666666666919,0.0,3.9314
22,Rest,433.86666666668316,0.0,3.9314
22,Rest,433.966666666689,0.0,3.9314
22,Rest,434.06666666668025,0.0,3.9315
22,Rest,434.16666666668607,0.0,3.9315
22,Rest,434.2666666666919,0.0,3.9315
22,Rest,434.36666666668316,0.0,3.9315
22,Rest,434.466666666689,0.0,3.9315
22,Rest,434.56666666668025,0.0,3.9315
22,Rest,434.66666666668607,0.0,3.9315
22,Rest,434.7666666666919,0.0,3.9315
22,Rest,434.86666666668316,0.0,3.9315
22,Rest,434.966666666689,0.0,3.9315
22,Rest,435.06666666668025,0.0,3.9316
22,Rest,435.16666666668607,0.0,3.9316
22,Rest,435.2666666666919,0.0,3.9316
22,Rest,435.36666666668316,0.0,3.9315
22,Rest,435.466666666689,0.0,3.9316
22,Rest,435.56666666668025,0.0,3.9316
22,Rest,435.66666666668607,0.0,3.9316
22,Rest,435.7666666666919,0.0,3.9316
22,Rest,435.86666666668316,0.0,3.9316
22,Rest,435.966666666689,0.0,3.9316
22,Rest,436.06666666668025,0.0,3.9316
22,Rest,436.16666666668607,0.0,3.9317
22,Rest,436.2666666666919,0.0,3.9317
22,Rest,436.36666666668316,0.0,3.9317
22,Rest,436.466666666689,0.0,3.9317
22,Rest,436.56666666668025,0.0,3.9317
22,Rest,436.66666666668607,0.0,3.9317
22,Rest,436.7666666666919,0.0,3.9317
22,Rest,436.86666666668316,0.0,3.9318
22,Rest,436.966666666689,0.0,3.9318
22,Rest,437.06666666668025,0.0,3.9318
22,Rest,437.16666666668607,0.0,3.9318
22,Rest,437.2666666666919,0.0,3.9318
22,Rest,437.36666666668316,0.0,3.9318
22,Rest,437.466666666689,0.0,3.9318
22,Rest,437.56666666668025,0.0,3.9318
22,Rest,437.66666666668607,0.0,3.9318
22,Rest,437.7666666666919,0.0,3.9318
22,Rest,437.86666666668316,0.0,3.9318
22,Rest,437.966666666689,0.0,3.9319
22,Rest,438.06666666668025,0.0,3.9319
22,Rest,438.16666666668607,0.0,3.9319
22,Rest,438.2666666666919,0.0,3.9319
22,Rest,438.36666666668316,0.0,3.9319
22,Rest,438.466666666689,0.0,3.9319
22,Rest,438.56666666668025,0.0,3.9319
22,Rest,438.66666666668607,0.0,3.9319
22,Rest,438.7666666666919,0.0,3.9319
22,Rest,438.86666666668316,0.0,3.9319
22,Rest,438.966666666689,0.0,3.9319
22,Rest,439.06666666668025,0.0,3.932
22,Rest,439.16666666668607,0.0,3.932
22,Rest,439.2666666666919,0.0,3.932
22,Rest,439.36666666668316,0.0,3.932
22,Rest,439.466666666689,0.0,3.932
22,Rest,439.56666666668025,0.0,3.9321
22,Rest,439.66666666668607,0.0,3.932
22,Rest,439.7666666666919,0.0,3.932
22,Rest,439.86666666668316,0.0,3.9321
22,Rest,439.966666666689,0.0,3.9321
22,Rest,440.06666666668025,0.0,3.9321
22,Rest,440.16666666668607,0.0,3.9321
22,Rest,440.2666666666919,0.0,3.9321
22,Rest,440.36666666668316,0.0,3.9322
22,Rest,440.466666666689,0.0,3.9321
22,Rest,440.56666666668025,0.0,3.9321
22,Rest,440.66666666668607,0.0,3.9322
22,Rest,440.7666666666919,0.0,3.9322
22,Rest,440.86666666668316,0.0,3.9322
22,Rest,440.966666666689,0.0,3.9322
22,Rest,441.06666666668025,0.0,3.9322
22,Rest,441.16666666668607,0.0,3.9322
22,Rest,441.2666666666919,0.0,3.9322
22,Rest,441.36666666668316,0.0,3.9322
22,Rest,441.466666666689,0.0,3.9322
22,Rest,441.56666666668025,0.0,3.9323
22,Rest,441.66666666668607,0.0,3.9323
22,Rest,441.7666666666919,0.0,3.9323
22,Rest,441.86666666668316,0.0,3.9323
22,Rest,441.966666666689,0.0,3.9323
22,Rest,442.06666666668025,0.0,3.9323
22,Rest,442.16666666668607,0.0,3.9323
22,Rest,442.2666666666919,0.0,3.9323
22,Rest,442.36666666668316,0.0,3.9323
22,Rest,442.466666666689,0.0,3.9323
22,Rest,442.56666666668025,0.0,3.9324
22,Rest,442.66666666668607,0.0,3.9324
22,Rest,442.7666666666919,0.0,3.9324
22,Rest,442.86666666668316,0.0,3.9324
22,Rest,442.966666666689,0.0,3.9324
22,Rest,443.06666666668025,0.0,3.9324
22,Rest,443.16666666668607,0.0,3.9324
22,Rest,443.2666666666919,0.0,3.9324
22,Rest,443.36666666668316,0.0,3.9325
22,Rest,443.466666666689,0.0,3.9325
22,Rest,443.56666666668025,0.0,3.9325
22,Rest,443.66666666668607,0.0,3.9325
22,Rest,443.7666666666919,0.0,3.9324
22,Rest,443.86666666668316,0.0,3.9324
22,Rest,443.966666666689,0.0,3.9324
22,Rest,444.06666666668025,0.0,3.9325
22,Rest,444.16666666668607,0.0,3.9325
22,Rest,444.2666666666919,0.0,3.9325
22,Rest,444.36666666668316,0.0,3.9325
22,Rest,444.466666666689,0.0,3.9325
22,Rest,444.56666666668025,0.0,3.9326
22,Rest,444.66666666668607,0.0,3.9326
22,Rest,444.7666666666919,0.0,3.9326
22,Rest,444.86666666668316,0.0,3.9326
22,Rest,444.966666666689,0.0,3.9325
22,Rest,445.06666666668025,0.0,3.9326
22,Rest,445.16666666668607,0.0,3.9326
22,Rest,445.2666666666919,0.0,3.9326
22,Rest,445.36666666668316,0.0,3.9326
22,Rest,445.466666666689,0.0,3.9327
22,Rest,445.56666666668025,0.0,3.9326
22,Rest,445.66666666668607,0.0,3.9326
22,Rest,445.7666666666919,0.0,3.9327
22,Rest,445.86666666668316,0.0,3.9327
22,Rest,445.966666666689,0.0,3.9327
22,Rest,446.06666666668025,0.0,3.9327
22,Rest,446.16666666668607,0.0,3.9327
22,Rest,446.2666666666919,0.0,3.9327
22,Rest,446.36666666668316,0.0,3.9327
22,Rest,446.466666666689,0.0,3.9327
22,Rest,446.56666666668025,0.0,3.9327
22,Rest,446.66666666668607,0.0,3.9328
22,Rest,446.7666666666919,0.0,3.9328
22,Rest,446.86666666668316,0.0,3.9328
22,Rest,446.966666666689,0.0,3.9328
22,Rest,447.06666666668025,0.0,3.9328
22,Rest,447.16666666668607,0.0,3.9328
22,Rest,447.2666666666919,0.0,3.9328
22,Rest,447.36666666668316,0.0,3.9328
22,Rest,447.466666666689,0.0,3.9328
22,Rest,447.56666666668025,0.0,3.9328
22,Rest,447.66666666668607,0.0,3.9328
22,Rest,447.7666666666919,0.0,3.9328
22,Rest,447.86666666668316,0.0,3.9328
22,Rest,447.966666666689,0.0,3.9329
22,Rest,448.06666666668025,0.0,3.9329
22,Rest,448.16666666668607,0.0,3.9329
22,Rest,448.2666666666919,0.0,3.9329
22,Rest,448.36666666668316,0.0,3.9329
22,Rest,448.466666666689,0.0,3.9329
22,Rest,448.56666666668025,0.0,3.9329
22,Rest,448.66666666668607,0.0,3.9329
22,Rest,448.7666666666919,0.0,3.9329
22,Rest,448.86666666668316,0.0,3.933
22,Rest,448.966666666689,0.0,3.933
22,Rest,449.06666666668025,0.0,3.933
22,Rest,449.16666666668607,0.0,3.933
22,Rest,449.2666666666919,0.0,3.9329
22,Rest,449.36666666668316,0.0,3.933
22,Rest,449.466666666689,0.0,3.933
22,Rest,449.56666666668025,0.0,3.933
22,Rest,449.66666666668607,0.0,3.9331
22,Rest,449.7666666666919,0.0,3.933
22,Rest,449.86666666668316,0.0,3.933
22,Rest,449.966666666689,0.0,3.933
22,Rest,450.06666666668025,0.0,3.9331
22,Rest,450.16666666668607,0.0,3.9331
22,Rest,450.2666666666919,0.0,3.9331
22,Rest,450.36666666668316,0.0,3.9331
22,Rest,450.466666666689,0.0,3.9331
22,Rest,450.56666666668025,0.0,3.9331
22,Rest,450.66666666668607,0.0,3.9331
22,Rest,450.7666666666919,0.0,3.9331
22,Rest,450.86666666668316,0.0,3.9331
22,Rest,450.966666666689,0.0,3.9331
22,Rest,451.06666666668025,0.0,3.9332
22,Rest,451.16666666668607,0.0,3.9332
22,Rest,451.2666666666919,0.0,3.9332
22,Rest,451.36666666668316,0.0,3.9331
22,Rest,451.466666666689,0.0,3.9332
22,Rest,451.56666666668025,0.0,3.9332
22,Rest,451.66666666668607,0.0,3.9332
22,Rest,451.7666666666919,0.0,3.9332
22,Rest,451.86666666668316,0.0,3.9332
22,Rest,451.966666666689,0.0,3.9332
22,Rest,452.06666666668025,0.0,3.9332
22,Rest,452.16666666668607,0.0,3.9332
22,Rest,452.2666666666919,0.0,3.9332
22,Rest,452.36666666668316,0.0,3.9332
22,Rest,452.466666666689,0.0,3.9332
22,Rest,452.56666666668025,0.0,3.9333
22,Rest,452.66666666668607,0.0,3.9333
22,Rest,452.7666666666919,0.0,3.9333
22,Rest,452.86666666668316,0.0,3.9333
22,Rest,452.966666666689,0.0,3.9333
22,Rest,453.06666666668025,0.0,3.9333
22,Rest,453.16666666668607,0.0,3.9333
22,Rest,453.2666666666919,0.0,3.9333
22,Rest,453.36666666668316,0.0,3.9333
22,Rest,453.466666666689,0.0,3.9333
22,Rest,453.56666666668025,0.0,3.9334
22,Rest,453.66666666668607,0.0,3.9334
22,Rest,453.7666666666919,0.0,3.9334
22,Rest,453.86666666668316,0.0,3.9334
22,Rest,453.966666666689,0.0,3.9334
22,Rest,454.06666666668025,0.0,3.9335
22,Rest,454.16666666668607,0.0,3.9334
22,Rest,454.2666666666919,0.0,3.9335
22,Rest,454.36666666668316,0.0,3.9335
22,Rest,454.466666666689,0.0,3.9334
22,Rest,454.56666666668025,0.0,3.9335
22,Rest,454.66666666668607,0.0,3.9335
22,Rest,454.7666666666919,0.0,3.9335
22,Rest,454.86666666668316,0.0,3.9335
22,Rest,454.966666666689,0.0,3.9335
22,Rest,455.06666666668025,0.0,3.9335
22,Rest,455.16666666668607,0.0,3.9335
22,Rest,455.2666666666919,0.0,3.9335
22,Rest,455.36666666668316,0.0,3.9335
22,Rest,455.466666666689,0.0,3.9335
22,Rest,455.56666666668025,0.0,3.9335
22,Rest,455.66666666668607,0.0,3.9336
22,Rest,455.7666666666919,0.0,3.9336
22,Rest,455.86666666668316,0.0,3.9336
22,Rest,455.966666666689,0.0,3.9336
22,Rest,456.06666666668025,0.0,3.9336
22,Rest,456.16666666668607,0.0,3.9337
22,Rest,456.2666666666919,0.0,3.9337
22,Rest,456.36666666668316,0.0,3.9336
22,Rest,456.466666666689,0.0,3.9336
22,Rest,456.56666666668025,0.0,3.9337
22,Rest,456.66666666668607,0.0,3.9337
22,Rest,456.7666666666919,0.0,3.9337
22,Rest,456.86666666668316,0.0,3.9337
22,Rest,456.966666666689,0.0,3.9337
22,Rest,457.06666666668025,0.0,3.9337
22,Rest,457.16666666668607,0.0,3.9337
22,Rest,457.2666666666919,0.0,3.9337
22,Rest,457.36666666668316,0.0,3.9337
22,Rest,457.466666666689,0.0,3.9337
22,Rest,457.56666666668025,0.0,3.9337
22,Rest,457.66666666668607,0.0,3.9337
22,Rest,457.7666666666919,0.0,3.9337
22,Rest,457.86666666668316,0.0,3.9338
22,Rest,457.966666666689,0.0,3.9338
22,Rest,458.06666666668025,0.0,3.9338
22,Rest,458.16666666668607,0.0,3.9338
22,Rest,458.2666666666919,0.0,3.9338
22,Rest,458.36666666668316,0.0,3.9338
22,Rest,458.466666666689,0.0,3.9338
22,Rest,458.56666666668025,0.0,3.9338
22,Rest,458.66666666668607,0.0,3.9339
22,Rest,458.7666666666919,0.0,3.9338
22,Rest,458.86666666668316,0.0,3.9338
22,Rest,458.966666666689,0.0,3.9339
22,Rest,459.06666666668025,0.0,3.9339
22,Rest,459.16666666668607,0.0,3.9339
22,Rest,459.2666666666919,0.0,3.9339
22,Rest,459.36666666668316,0.0,3.9339
22,Rest,459.466666666689,0.0,3.9339
22,Rest,459.56666666668025,0.0,3.9339
22,Rest,459.66666666668607,0.0,3.9339
22,Rest,459.7666666666919,0.0,3.9339
22,Rest,459.86666666668316,0.0,3.934
22,Rest,459.966666666689,0.0,3.934
22,Rest,460.06666666668025,0.0,3.934
22,Rest,460.16666666668607,0.0,3.934
22,Rest,460.2666666666919,0.0,3.934
22,Rest,460.36666666668316,0.0,3.934
22,Rest,460.466666666689,0.0,3.934
22,Rest,460.56666666668025,0.0,3.934
22,Rest,460.66666666668607,0.0,3.9341
22,Rest,460.7666666666919,0.0,3.9341
22,Rest,460.86666666668316,0.0,3.9341
22,Rest,460.966666666689,0.0,3.9341
22,Rest,461.06666666668025,0.0,3.9341
22,Rest,461.16666666668607,0.0,3.9341
22,Rest,461.2666666666919,0.0,3.9341
22,Rest,461.36666666668316,0.0,3.9341
22,Rest,461.466666666689,0.0,3.9342
22,Rest,461.56666666668025,0.0,3.9341
22,Rest,461.66666666668607,0.0,3.9342
22,Rest,461.7666666666919,0.0,3.9342
22,Rest,461.86666666668316,0.0,3.9342
22,Rest,461.966666666689,0.0,3.9342
22,Rest,462.06666666668025,0.0,3.9342
22,Rest,462.16666666668607,0.0,3.9342
22,Rest,462.2666666666919,0.0,3.9342
22,Rest,462.36666666668316,0.0,3.9342
22,Rest,462.466666666689,0.0,3.9342
22,Rest,462.56666666668025,0.0,3.9342
22,Rest,462.66666666668607,0.0,3.9342
22,Rest,462.7666666666919,0.0,3.9342
22,Rest,462.86666666668316,0.0,3.9343
22,Rest,462.966666666689,0.0,3.9343
22,Rest,463.06666666668025,0.0,3.9343
22,Rest,463.16666666668607,0.0,3.9343
22,Rest,463.2666666666919,0.0,3.9343
22,Rest,463.36666666668316,0.0,3.9343
22,Rest,463.466666666689,0.0,3.9343
22,Rest,463.56666666668025,0.0,3.9343
22,Rest,463.66666666668607,0.0,3.9343
22,Rest,463.7666666666919,0.0,3.9343
22,Rest,463.86666666668316,0.0,3.9343
22,Rest,463.966666666689,0.0,3.9343
22,Rest,464.06666666668025,0.0,3.9343
22,Rest,464.16666666668607,0.0,3.9343
22,Rest,464.2666666666919,0.0,3.9343
22,Rest,464.36666666668316,0.0,3.9343
22,Rest,464.466666666689,0.0,3.9344
22,Rest,464.56666666668025,0.0,3.9344
22,Rest,464.66666666668607,0.0,3.9344
22,Rest,464.7666666666919,0.0,3.9344
22,Rest,464.86666666668316,0.0,3.9344
22,Rest,464.966666666689,0.0,3.9344
22,Rest,465.06666666668025,0.0,3.9344
22,Rest,465.16666666668607,0.0,3.9344
22,Rest,465.2666666666919,0.0,3.9345
22,Rest,465.36666666668316,0.0,3.9344
22,Rest,465.466666666689,0.0,3.9345
22,Rest,465.56666666668025,0.0,3.9345
22,Rest,465.66666666668607,0.0,3.9344
22,Rest,465.7666666666919,0.0,3.9345
22,Rest,465.86666666668316,0.0,3.9345
22,Rest,465.966666666689,0.0,3.9345
22,Rest,466.06666666668025,0.0,3.9345
22,Rest,466.16666666668607,0.0,3.9345
22,Rest,466.2666666666919,0.0,3.9345
22,Rest,466.36666666668316,0.0,3.9345
22,Rest,466.466666666689,0.0,3.9345
22,Rest,466.56666666668025,0.0,3.9345
22,Rest,466.66666666668607,0.0,3.9345
22,Rest,466.7666666666919,0.0,3.9345
22,Rest,466.86666666668316,0.0,3.9346
22,Rest,466.966666666689,0.0,3.9346
22,Rest,467.06666666668025,0.0,3.9345
22,Rest,467.16666666668607,0.0,3.9346
22,Rest,467.2666666666919,0.0,3.9346
22,Rest,467.36666666668316,0.0,3.9346
22,Rest,467.466666666689,0.0,3.9346
22,Rest,467.56666666668025,0.0,3.9346
22,Rest,467.66666666668607,0.0,3.9346
22,Rest,467.7666666666919,0.0,3.9346
22,Rest,467.86666666668316,0.0,3.9346
22,Rest,467.966666666689,0.0,3.9347
22,Rest,468.06666666668025,0.0,3.9346
22,Rest,468.16666666668607,0.0,3.9346
22,Rest,468.2666666666919,0.0,3.9346
22,Rest,468.36666666668316,0.0,3.9346
22,Rest,468.466666666689,0.0,3.9347
22,Rest,468.56666666668025,0.0,3.9347
22,Rest,468.66666666668607,0.0,3.9347
22,Rest,468.7666666666919,0.0,3.9347
22,Rest,468.86666666668316,0.0,3.9347
22,Rest,468.966666666689,0.0,3.9347
22,Rest,469.06666666668025,0.0,3.9347
22,Rest,469.16666666668607,0.0,3.9347
22,Rest,469.2666666666919,0.0,3.9347
22,Rest,469.36666666668316,0.0,3.9348
22,Rest,469.466666666689,0.0,3.9348
22,Rest,469.56666666668025,0.0,3.9348
22,Rest,469.66666666668607,0.0,3.9348
22,Rest,469.7666666666919,0.0,3.9348
22,Rest,469.86666666668316,0.0,3.9348
22,Rest,469.966666666689,0.0,3.9348
22,Rest,470.06666666668025,0.0,3.9348
22,Rest,470.16666666668607,0.0,3.9348
22,Rest,470.2666666666919,0.0,3.9348
22,Rest,470.36666666668316,0.0,3.9348
22,Rest,470.466666666689,0.0,3.9348
22,Rest,470.56666666668025,0.0,3.9348
22,Rest,470.66666666668607,0.0,3.9349
22,Rest,470.7666666666919,0.0,3.9349
22,Rest,470.86666666668316,0.0,3.9349
22,Rest,470.966666666689,0.0,3.9349
22,Rest,471.06666666668025,0.0,3.9349
22,Rest,471.16666666668607,0.0,3.9349
22,Rest,471.2666666666919,0.0,3.9349
22,Rest,471.36666666668316,0.0,3.9349
22,Rest,471.466666666689,0.0,3.9349
22,Rest,471.56666666668025,0.0,3.9349
22,Rest,471.66666666668607,0.0,3.9349
22,Rest,471.7666666666919,0.0,3.935
22,Rest,471.86666666668316,0.0,3.935
22,Rest,471.966666666689,0.0,3.9349
22,Rest,472.06666666668025,0.0,3.935
22,Rest,472.16666666668607,0.0,3.935
22,Rest,472.2666666666919,0.0,3.935
22,Rest,472.36666666668316,0.0,3.935
22,Rest,472.466666666689,0.0,3.935
22,Rest,472.56666666668025,0.0,3.935
22,Rest,472.66666666668607,0.0,3.935
22,Rest,472.7666666666919,0.0,3.935
22,Rest,472.86666666668316,0.0,3.935
22,Rest,472.966666666689,0.0,3.935
22,Rest,473.06666666668025,0.0,3.935
22,Rest,473.16666666668607,0.0,3.9351
22,Rest,473.2666666666919,0.0,3.9351
22,Rest,473.36666666668316,0.0,3.935
22,Rest,473.466666666689,0.0,3.9351
22,Rest,473.56666666668025,0.0,3.9351
22,Rest,473.66666666668607,0.0,3.9351
22,Rest,473.7666666666919,0.0,3.9351
22,Rest,473.86666666668316,0.0,3.9351
22,Rest,473.966666666689,0.0,3.9351
22,Rest,474.06666666668025,0.0,3.9352
22,Rest,474.16666666668607,0.0,3.9352
22,Rest,474.2666666666919,0.0,3.9352
22,Rest,474.36666666668316,0.0,3.9352
22,Rest,474.466666666689,0.0,3.9352
22,Rest,474.56666666668025,0.0,3.9352
22,Rest,474.66666666668607,0.0,3.9352
22,Rest,474.7666666666919,0.0,3.9352
22,Rest,474.86666666668316,0.0,3.9352
22,Rest,474.966666666689,0.0,3.9352
22,Rest,475.06666666668025,0.0,3.9353
22,Rest,475.16666666668607,0.0,3.9352
22,Rest,475.2666666666919,0.0,3.9352
22,Rest,475.36666666668316,0.0,3.9352
22,Rest,475.466666666689,0.0,3.9352
22,Rest,475.56666666668025,0.0,3.9353
22,Rest,475.66666666668607,0.0,3.9353
22,Rest,475.7666666666919,0.0,3.9353
22,Rest,475.86666666668316,0.0,3.9353
22,Rest,475.966666666689,0.0,3.9353
22,Rest,476.06666666668025,0.0,3.9353
22,Rest,476.16666666668607,0.0,3.9353
22,Rest,476.2666666666919,0.0,3.9353
22,Rest,476.36666666668316,0.0,3.9353
22,Rest,476.466666666689,0.0,3.9353
22,Rest,476.56666666668025,0.0,3.9353
22,Rest,476.66666666668607,0.0,3.9353
22,Rest,476.7666666666919,0.0,3.9353
22,Rest,476.86666666668316,0.0,3.9353
22,Rest,476.966666666689,0.0,3.9354
22,Rest,477.06666666668025,0.0,3.9354
22,Rest,477.16666666668607,0.0,3.9354
22,Rest,477.2666666666919,0.0,3.9354
22,Rest,477.36666666668316,0.0,3.9353
22,Rest,477.466666666689,0.0,3.9354
22,Rest,477.56666666668025,0.0,3.9354
22,Rest,477.66666666668607,0.0,3.9354
22,Rest,477.7666666666919,0.0,3.9354
22,Rest,477.86666666668316,0.0,3.9354
22,Rest,477.966666666689,0.0,3.9354
22,Rest,478.06666666668025,0.0,3.9354
22,Rest,478.16666666668607,0.0,3.9355
22,Rest,478.2666666666919,0.0,3.9355
22,Rest,478.36666666668316,0.0,3.9355
22,Rest,478.466666666689,0.0,3.9354
22,Rest,478.56666666668025,0.0,3.9354
22,Rest,478.66666666668607,0.0,3.9355
22,Rest,478.7666666666919,0.0,3.9355
22,Rest,478.86666666668316,0.0,3.9355
22,Rest,478.966666666689,0.0,3.9355
22,Rest,479.06666666668025,0.0,3.9355
22,Rest,479.16666666668607,0.0,3.9355
22,Rest,479.2666666666919,0.0,3.9355
22,Rest,479.36666666668316,0.0,3.9355
22,Rest,479.466666666689,0.0,3.9355
22,Rest,479.56666666668025,0.0,3.9355
22,Rest,479.66666666668607,0.0,3.9355
22,Rest,479.7666666666919,0.0,3.9355
22,Rest,479.86666666668316,0.0,3.9356
22,Rest,479.966666666689,0.0,3.9356
22,Rest,480.06666666668025,0.0,3.9355
22,Rest,480.16666666668607,0.0,3.9356
22,Rest,480.2666666666919,0.0,3.9356
22,Rest,480.36666666668316,0.0,3.9356
22,Rest,480.466666666689,0.0,3.9356
22,Rest,480.56666666668025,0.0,3.9356
22,Rest,480.66666666668607,0.0,3.9356
22,Rest,480.7666666666919,0.0,3.9356
22,Rest,480.86666666668316,0.0,3.9356
22,Rest,480.966666666689,0.0,3.9356
22,Rest,481.06666666668025,0.0,3.9356
22,Rest,481.16666666668607,0.0,3.9356
22,Rest,481.2666666666919,0.0,3.9356
22,Rest,481.36666666668316,0.0,3.9357
22,Rest,481.466666666689,0.0,3.9357
22,Rest,481.56666666668025,0.0,3.9357
22,Rest,481.66666666668607,0.0,3.9357
22,Rest,481.7666666666919,0.0,3.9357
22,Rest,481.86666666668316,0.0,3.9357
22,Rest,481.966666666689,0.0,3.9357
22,Rest,482.06666666668025,0.0,3.9357
22,Rest,482.16666666668607,0.0,3.9358
22,Rest,482.2666666666919,0.0,3.9357
22,Rest,482.36666666668316,0.0,3.9357
22,Rest,482.466666666689,0.0,3.9358
22,Rest,482.56666666668025,0.0,3.9357
22,Rest,482.66666666668607,0.0,3.9358
22,Rest,482.7666666666919,0.0,3.9358
22,Rest,482.86666666668316,0.0,3.9358
22,Rest,482.966666666689,0.0,3.9358
22,Rest,483.06666666668025,0.0,3.9358
22,Rest,483.16666666668607,0.0,3.9358
22,Rest,483.2666666666919,0.0,3.9358
22,Rest,483.36666666668316,0.0,3.9358
22,Rest,483.466666666689,0.0,3.9358
22,Rest,483.56666666668025,0.0,3.9358
22,Rest,483.66666666668607,0.0,3.9358
22,Rest,483.7666666666919,0.0,3.9358
22,Rest,483.86666666668316,0.0,3.9358
22,Rest,483.966666666689,0.0,3.9358
22,Rest,484.06666666668025,0.0,3.9359
22,Rest,484.16666666668607,0.0,3.9359
22,Rest,484.2666666666919,0.0,3.9359
22,Rest,484.36666666668316,0.0,3.9359
22,Rest,484.466666666689,0.0,3.9359
22,Rest,484.56666666668025,0.0,3.9359
22,Rest,484.66666666668607,0.0,3.9359
22,Rest,484.7666666666919,0.0,3.9359
22,Rest,484.86666666668316,0.0,3.9359
22,Rest,484.966666666689,0.0,3.9359
22,Rest,485.06666666668025,0.0,3.936
22,Rest,485.16666666668607,0.0,3.936
22,Rest,485.2666666666919,0.0,3.936
22,Rest,485.36666666668316,0.0,3.936
22,Rest,485.466666666689,0.0,3.936
22,Rest,485.56666666668025,0.0,3.936
22,Rest,485.66666666668607,0.0,3.936
22,Rest,485.7666666666919,0.0,3.936
22,Rest,485.86666666668316,0.0,3.936
22,Rest,485.966666666689,0.0,3.936
22,Rest,486.06666666668025,0.0,3.936
22,Rest,486.16666666668607,0.0,3.936
22,Rest,486.2666666666919,0.0,3.936
22,Rest,486.36666666668316,0.0,3.936
22,Rest,486.466666666689,0.0,3.936
22,Rest,486.56666666668025,0.0,3.9361
22,Rest,486.66666666668607,0.0,3.9361
22,Rest,486.7666666666919,0.0,3.936
22,Rest,486.86666666668316,0.0,3.936
22,Rest,486.966666666689,0.0,3.9361
22,Rest,487.06666666668025,0.0,3.9361
22,Rest,487.16666666668607,0.0,3.9361
22,Rest,487.2666666666919,0.0,3.9361
22,Rest,487.36666666668316,0.0,3.9361
22,Rest,487.466666666689,0.0,3.9361
22,Rest,487.56666666668025,0.0,3.9361
22,Rest,487.66666666668607,0.0,3.9361
22,Rest,487.7666666666919,0.0,3.9361
22,Rest,487.86666666668316,0.0,3.9362
22,Rest,487.966666666689,0.0,3.9362
22,Rest,488.06666666668025,0.0,3.9362
22,Rest,488.16666666668607,0.0,3.9361
22,Rest,488.2666666666919,0.0,3.9361
22,Rest,488.36666666668316,0.0,3.9361
22,Rest,488.466666666689,0.0,3.9362
22,Rest,488.56666666668025,0.0,3.9362
22,Rest,488.66666666668607,0.0,3.9362
22,Rest,488.7666666666919,0.0,3.9362
22,Rest,488.86666666668316,0.0,3.9362
22,Rest,488.966666666689,0.0,3.9363
22,Rest,489.06666666668025,0.0,3.9363
22,Rest,489.16666666668607,0.0,3.9363
22,Rest,489.2666666666919,0.0,3.9363
22,Rest,489.36666666668316,0.0,3.9362
22,Rest,489.466666666689,0.0,3.9363
22,Rest,489.56666666668025,0.0,3.9362
22,Rest,489.66666666668607,0.0,3.9363
22,Rest,489.7666666666919,0.0,3.9363
22,Rest,489.86666666668316,0.0,3.9363
22,Rest,489.966666666689,0.0,3.9363
22,Rest,490.06666666668025,0.0,3.9363
22,Rest,490.16666666668607,0.0,3.9363
22,Rest,490.2666666666919,0.0,3.9363
22,Rest,490.36666666668316,0.0,3.9363
22,Rest,490.466666666689,0.0,3.9364
22,Rest,490.56666666668025,0.0,3.9363
22,Rest,490.66666666668607,0.0,3.9363
22,Rest,490.7666666666919,0.0,3.9363
22,Rest,490.86666666668316,0.0,3.9364
22,Rest,490.966666666689,0.0,3.9364
22,Rest,491.06666666668025,0.0,3.9364
22,Rest,491.16666666668607,0.0,3.9364
22,Rest,491.2666666666919,0.0,3.9364
22,Rest,491.36666666668316,0.0,3.9364
22,Rest,491.466666666689,0.0,3.9364
22,Rest,491.56666666668025,0.0,3.9364
22,Rest,491.66666666668607,0.0,3.9364
22,Rest,491.7666666666919,0.0,3.9364
22,Rest,491.86666666668316,0.0,3.9364
22,Rest,491.966666666689,0.0,3.9364
22,Rest,492.06666666668025,0.0,3.9364
22,Rest,492.16666666668607,0.0,3.9364
22,Rest,492.2666666666919,0.0,3.9365
22,Rest,492.36666666668316,0.0,3.9365
22,Rest,492.466666666689,0.0,3.9365
22,Rest,492.56666666668025,0.0,3.9365
22,Rest,492.66666666668607,0.0,3.9365
22,Rest,492.7666666666919,0.0,3.9365
22,Rest,492.86666666668316,0.0,3.9365
22,Rest,492.966666666689,0.0,3.9365
22,Rest,493.06666666668025,0.0,3.9365
22,Rest,493.16666666668607,0.0,3.9365
22,Rest,493.2666666666919,0.0,3.9365
22,Rest,493.36666666668316,0.0,3.9365
22,Rest,493.466666666689,0.0,3.9366
22,Rest,493.56666666668025,0.0,3.9366
22,Rest,493.66666666668607,0.0,3.9366
22,Rest,493.7666666666919,0.0,3.9366
22,Rest,493.86666666668316,0.0,3.9366
22,Rest,493.966666666689,0.0,3.9366
22,Rest,494.06666666668025,0.0,3.9367
22,Rest,494.16666666668607,0.0,3.9366
22,Rest,494.2666666666919,0.0,3.9366
22,Rest,494.36666666668316,0.0,3.9366
22,Rest,494.466666666689,0.0,3.9366
22,Rest,494.56666666668025,0.0,3.9366
22,Rest,494.66666666668607,0.0,3.9366
22,Rest,494.7666666666919,0.0,3.9366
22,Rest,494.86666666668316,0.0,3.9366
22,Rest,494.966666666689,0.0,3.9366
22,Rest,495.06666666668025,0.0,3.9367
22,Rest,495.16666666668607,0.0,3.9366
22,Rest,495.2666666666919,0.0,3.9367
22,Rest,495.36666666668316,0.0,3.9367
22,Rest,495.466666666689,0.0,3.9367
22,Rest,495.56666666668025,0.0,3.9367
22,Rest,495.66666666668607,0.0,3.9367
22,Rest,495.7666666666919,0.0,3.9367
22,Rest,495.86666666668316,0.0,3.9367
22,Rest,495.966666666689,0.0,3.9367
22,Rest,496.06666666668025,0.0,3.9367
22,Rest,496.16666666668607,0.0,3.9367
22,Rest,496.2666666666919,0.0,3.9367
22,Rest,496.36666666668316,0.0,3.9367
22,Rest,496.466666666689,0.0,3.9368
22,Rest,496.56666666668025,0.0,3.9368
22,Rest,496.66666666668607,0.0,3.9367
22,Rest,496.7666666666919,0.0,3.9368
22,Rest,496.86666666668316,0.0,3.9367
22,Rest,496.966666666689,0.0,3.9368
22,Rest,497.06666666668025,0.0,3.9368
22,Rest,497.16666666668607,0.0,3.9368
22,Rest,497.2666666666919,0.0,3.9368
22,Rest,497.36666666668316,0.0,3.9368
22,Rest,497.466666666689,0.0,3.9368
22,Rest,497.56666666668025,0.0,3.9368
22,Rest,497.66666666668607,0.0,3.9368
22,Rest,497.7666666666919,0.0,3.9368
22,Rest,497.86666666668316,0.0,3.9368
22,Rest,497.966666666689,0.0,3.9368
22,Rest,498.06666666668025,0.0,3.9368
22,Rest,498.16666666668607,0.0,3.9368
22,Rest,498.2666666666919,0.0,3.9368
22,Rest,498.36666666668316,0.0,3.9369
22,Rest,498.466666666689,0.0,3.9369
22,Rest,498.56666666668025,0.0,3.9369
22,Rest,498.66666666668607,0.0,3.9369
22,Rest,498.7666666666919,0.0,3.9369
22,Rest,498.86666666668316,0.0,3.9369
22,Rest,498.966666666689,0.0,3.9369
22,Rest,499.06666666668025,0.0,3.9369
22,Rest,499.16666666668607,0.0,3.9369
22,Rest,499.2666666666919,0.0,3.9369
22,Rest,499.36666666668316,0.0,3.9369
22,Rest,499.466666666689,0.0,3.9369
22,Rest,499.56666666668025,0.0,3.937
22,Rest,499.66666666668607,0.0,3.937
22,Rest,499.7666666666919,0.0,3.937
22,Rest,499.86666666668316,0.0,3.937
22,Rest,499.966666666689,0.0,3.937
22,Rest,500.06666666668025,0.0,3.937
22,Rest,500.16666666668607,0.0,3.937
22,Rest,500.2666666666919,0.0,3.937
22,Rest,500.36666666668316,0.0,3.937
22,Rest,500.466666666689,0.0,3.937
22,Rest,500.56666666668025,0.0,3.937
22,Rest,500.66666666668607,0.0,3.937
22,Rest,500.7666666666919,0.0,3.937
22,Rest,500.86666666668316,0.0,3.937
22,Rest,500.966666666689,0.0,3.937
22,Rest,501.06666666668025,0.0,3.937
22,Rest,501.16666666668607,0.0,3.937
22,Rest,501.2666666666919,0.0,3.9371
22,Rest,501.36666666668316,0.0,3.9371
22,Rest,501.466666666689,0.0,3.9371
22,Rest,501.56666666668025,0.0,3.9371
22,Rest,501.66666666668607,0.0,3.9371
22,Rest,501.7666666666919,0.0,3.9371
22,Rest,501.86666666668316,0.0,3.9371
22,Rest,501.966666666689,0.0,3.9371
22,Rest,502.06666666668025,0.0,3.9371
22,Rest,502.16666666668607,0.0,3.9371
22,Rest,502.2666666666919,0.0,3.9372
22,Rest,502.36666666668316,0.0,3.9372
22,Rest,502.466666666689,0.0,3.9372
22,Rest,502.56666666668025,0.0,3.9372
22,Rest,502.66666666668607,0.0,3.9372
22,Rest,502.7666666666919,0.0,3.9372
22,Rest,502.86666666668316,0.0,3.9371
22,Rest,502.966666666689,0.0,3.9371
22,Rest,503.06666666668025,0.0,3.9372
22,Rest,503.16666666668607,0.0,3.9372
22,Rest,503.2666666666919,0.0,3.9372
22,Rest,503.36666666668316,0.0,3.9372
22,Rest,503.466666666689,0.0,3.9372
22,Rest,503.56666666668025,0.0,3.9372
22,Rest,503.66666666668607,0.0,3.9372
22,Rest,503.7666666666919,0.0,3.9372
22,Rest,503.86666666668316,0.0,3.9372
22,Rest,503.966666666689,0.0,3.9372
22,Rest,504.06666666668025,0.0,3.9372
22,Rest,504.16666666668607,0.0,3.9372
22,Rest,504.2666666666919,0.0,3.9372
22,Rest,504.36666666668316,0.0,3.9372
22,Rest,504.466666666689,0.0,3.9373
22,Rest,504.56666666668025,0.0,3.9373
22,Rest,504.66666666668607,0.0,3.9373
22,Rest,504.7666666666919,0.0,3.9373
22,Rest,504.86666666668316,0.0,3.9372
22,Rest,504.966666666689,0.0,3.9372
22,Rest,505.06666666668025,0.0,3.9373
22,Rest,505.16666666668607,0.0,3.9373
22,Rest,505.2666666666919,0.0,3.9373
22,Rest,505.36666666668316,0.0,3.9373
22,Rest,505.466666666689,0.0,3.9373
22,Rest,505.56666666668025,0.0,3.9373
22,Rest,505.66666666668607,0.0,3.9373
22,Rest,505.7666666666919,0.0,3.9373
22,Rest,505.86666666668316,0.0,3.9373
22,Rest,505.966666666689,0.0,3.9373
22,Rest,506.06666666668025,0.0,3.9373
22,Rest,506.16666666668607,0.0,3.9373
22,Rest,506.2666666666919,0.0,3.9373
22,Rest,506.36666666668316,0.0,3.9373
22,Rest,506.466666666689,0.0,3.9373
22,Rest,506.56666666668025,0.0,3.9373
22,Rest,506.66666666668607,0.0,3.9374
22,Rest,506.7666666666919,0.0,3.9374
22,Rest,506.86666666668316,0.0,3.9374
22,Rest,506.966666666689,0.0,3.9374
22,Rest,507.06666666668025,0.0,3.9374
22,Rest,507.16666666668607,0.0,3.9374
22,Rest,507.2666666666919,0.0,3.9374
22,Rest,507.36666666668316,0.0,3.9374
22,Rest,507.466666666689,0.0,3.9374
22,Rest,507.56666666668025,0.0,3.9374
22,Rest,507.66666666668607,0.0,3.9374
22,Rest,507.7666666666919,0.0,3.9374
22,Rest,507.86666666668316,0.0,3.9374
22,Rest,507.966666666689,0.0,3.9374
22,Rest,508.06666666668025,0.0,3.9374
22,Rest,508.16666666668607,0.0,3.9374
22,Rest,508.2666666666919,0.0,3.9374
22,Rest,508.36666666668316,0.0,3.9374
22,Rest,508.466666666689,0.0,3.9375
22,Rest,508.56666666668025,0.0,3.9374
22,Rest,508.66666666668607,0.0,3.9375
22,Rest,508.7666666666919,0.0,3.9375
22,Rest,508.86666666668316,0.0,3.9375
22,Rest,508.966666666689,0.0,3.9375
22,Rest,509.06666666668025,0.0,3.9375
22,Rest,509.16666666668607,0.0,3.9375
22,Rest,509.2666666666919,0.0,3.9375
22,Rest,509.36666666668316,0.0,3.9375
22,Rest,509.466666666689,0.0,3.9375
22,Rest,509.56666666668025,0.0,3.9375
22,Rest,509.66666666668607,0.0,3.9375
22,Rest,509.7666666666919,0.0,3.9375
22,Rest,509.86666666668316,0.0,3.9375
22,Rest,509.966666666689,0.0,3.9375
22,Rest,510.06666666668025,0.0,3.9375
22,Rest,510.16666666668607,0.0,3.9375
22,Rest,510.2666666666919,0.0,3.9375
22,Rest,510.36666666668316,0.0,3.9375
22,Rest,510.466666666689,0.0,3.9375
22,Rest,510.56666666668025,0.0,3.9375
22,Rest,510.66666666668607,0.0,3.9376
22,Rest,510.7666666666919,0.0,3.9376
22,Rest,510.86666666668316,0.0,3.9376
22,Rest,510.966666666689,0.0,3.9376
22,Rest,511.06666666668025,0.0,3.9376
22,Rest,511.16666666668607,0.0,3.9376
22,Rest,511.2666666666919,0.0,3.9376
22,Rest,511.36666666668316,0.0,3.9376
22,Rest,511.466666666689,0.0,3.9376
22,Rest,511.56666666668025,0.0,3.9377
22,Rest,511.66666666668607,0.0,3.9377
22,Rest,511.7666666666919,0.0,3.9376
22,Rest,511.86666666668316,0.0,3.9376
22,Rest,511.966666666689,0.0,3.9376
22,Rest,512.0666666666802,0.0,3.9377
22,Rest,512.1666666666861,0.0,3.9377
22,Rest,512.2666666666919,0.0,3.9376
22,Rest,512.3666666666832,0.0,3.9377
22,Rest,512.466666666689,0.0,3.9377
22,Rest,512.5666666666802,0.0,3.9377
22,Rest,512.6666666666861,0.0,3.9377
22,Rest,512.7666666666919,0.0,3.9377
22,Rest,512.8666666666832,0.0,3.9377
22,Rest,512.966666666689,0.0,3.9377
22,Rest,513.0666666666802,0.0,3.9377
22,Rest,513.1666666666861,0.0,3.9377
22,Rest,513.2666666666919,0.0,3.9377
22,Rest,513.3666666666832,0.0,3.9377
22,Rest,513.466666666689,0.0,3.9377
22,Rest,513.5666666666802,0.0,3.9377
22,Rest,513.6666666666861,0.0,3.9377
22,Rest,513.7666666666919,0.0,3.9377
22,Rest,513.8666666666832,0.0,3.9377
22,Rest,513.966666666689,0.0,3.9377
22,Rest,514.0666666666802,0.0,3.9377
22,Rest,514.1666666666861,0.0,3.9377
22,Rest,514.2666666666919,0.0,3.9378
22,Rest,514.3666666666832,0.0,3.9377
22,Rest,514.466666666689,0.0,3.9377
22,Rest,514.5666666666802,0.0,3.9378
22,Rest,514.6666666666861,0.0,3.9378
22,Rest,514.7666666666919,0.0,3.9378
22,Rest,514.8666666666832,0.0,3.9378
22,Rest,514.966666666689,0.0,3.9378
22,Rest,515.0666666666802,0.0,3.9378
22,Rest,515.1666666666861,0.0,3.9378
22,Rest,515.2666666666919,0.0,3.9378
22,Rest,515.3666666666832,0.0,3.9378
22,Rest,515.466666666689,0.0,3.9378
22,Rest,515.5666666666802,0.0,3.9378
22,Rest,515.6666666666861,0.0,3.9378
22,Rest,515.7666666666919,0.0,3.9378
22,Rest,515.8666666666832,0.0,3.9379
22,Rest,515.966666666689,0.0,3.9378
22,Rest,516.0666666666802,0.0,3.9378
22,Rest,516.1666666666861,0.0,3.9379
22,Rest,516.2666666666919,0.0,3.9379
22,Rest,516.3666666666832,0.0,3.9378
22,Rest,516.466666666689,0.0,3.9379
22,Rest,516.5666666666802,0.0,3.9379
22,Rest,516.6666666666861,0.0,3.9379
22,Rest,516.7666666666919,0.0,3.9379
22,Rest,516.8666666666832,0.0,3.9379
22,Rest,516.966666666689,0.0,3.9379
22,Rest,517.0666666666802,0.0,3.9379
22,Rest,517.1666666666861,0.0,3.9379
22,Rest,517.2666666666919,0.0,3.9379
22,Rest,517.3666666666832,0.0,3.9379
22,Rest,517.466666666689,0.0,3.9379
22,Rest,517.5666666666802,0.0,3.9379
22,Rest,517.6666666666861,0.0,3.9379
22,Rest,517.7666666666919,0.0,3.9379
22,Rest,517.8666666666832,0.0,3.9379
22,Rest,517.966666666689,0.0,3.9379
22,Rest,518.0666666666802,0.0,3.9379
22,Rest,518.1666666666861,0.0,3.9379
22,Rest,518.2666666666919,0.0,3.938
22,Rest,518.3666666666832,0.0,3.938
22,Rest,518.466666666689,0.0,3.9379
22,Rest,518.5666666666802,0.0,3.938
22,Rest,518.6666666666861,0.0,3.938
22,Rest,518.7666666666919,0.0,3.938
22,Rest,518.8666666666832,0.0,3.938
22,Rest,518.966666666689,0.0,3.938
22,Rest,519.0666666666802,0.0,3.938
22,Rest,519.1666666666861,0.0,3.938
22,Rest,519.2666666666919,0.0,3.938
22,Rest,519.3666666666832,0.0,3.938
22,Rest,519.466666666689,0.0,3.938
22,Rest,519.5666666666802,0.0,3.938
22,Rest,519.6666666666861,0.0,3.938
22,Rest,519.7666666666919,0.0,3.938
22,Rest,519.8666666666832,0.0,3.9381
22,Rest,519.966666666689,0.0,3.9381
22,Rest,520.0666666666802,0.0,3.938
22,Rest,520.1666666666861,0.0,3.9381
22,Rest,520.2666666666919,0.0,3.9381
22,Rest,520.3666666666832,0.0,3.938
22,Rest,520.466666666689,0.0,3.9381
22,Rest,520.5666666666802,0.0,3.9381
22,Rest,520.6666666666861,0.0,3.9381
22,Rest,520.7666666666919,0.0,3.9381
22,Rest,520.8666666666832,0.0,3.9381
22,Rest,520.966666666689,0.0,3.9381
22,Rest,521.0666666666802,0.0,3.9382
22,Rest,521.1666666666861,0.0,3.9381
22,Rest,521.2666666666919,0.0,3.9381
22,Rest,521.3666666666832,0.0,3.9381
22,Rest,521.466666666689,0.0,3.9382
22,Rest,521.5666666666802,0.0,3.9381
22,Rest,521.6666666666861,0.0,3.9381
22,Rest,521.7666666666919,0.0,3.9381
22,Rest,521.8666666666832,0.0,3.9382
22,Rest,521.966666666689,0.0,3.9381
22,Rest,522.0666666666802,0.0,3.9382
22,Rest,522.1666666666861,0.0,3.9382
22,Rest,522.2666666666919,0.0,3.9381
22,Rest,522.3666666666832,0.0,3.9381
22,Rest,522.466666666689,0.0,3.9382
22,Rest,522.5666666666802,0.0,3.9381
22,Rest,522.6666666666861,0.0,3.9382
22,Rest,522.7666666666919,0.0,3.9382
22,Rest,522.8666666666832,0.0,3.9382
22,Rest,522.966666666689,0.0,3.9382
22,Rest,523.0666666666802,0.0,3.9382
22,Rest,523.1666666666861,0.0,3.9382
22,Rest,523.2666666666919,0.0,3.9382
22,Rest,523.3666666666832,0.0,3.9382
22,Rest,523.466666666689,0.0,3.9382
22,Rest,523.5666666666802,0.0,3.9382
22,Rest,523.6666666666861,0.0,3.9382
22,Rest,523.7666666666919,0.0,3.9382
22,Rest,523.8666666666832,0.0,3.9382
22,Rest,523.966666666689,0.0,3.9382
22,Rest,524.0666666666802,0.0,3.9382
22,Rest,524.1666666666861,0.0,3.9382
22,Rest,524.2666666666919,0.0,3.9382
22,Rest,524.3666666666832,0.0,3.9383
22,Rest,524.466666666689,0.0,3.9382
22,Rest,524.5666666666802,0.0,3.9383
22,Rest,524.6666666666861,0.0,3.9383
22,Rest,524.7666666666919,0.0,3.9383
22,Rest,524.8666666666832,0.0,3.9383
22,Rest,524.966666666689,0.0,3.9383
22,Rest,525.0666666666802,0.0,3.9383
22,Rest,525.1666666666861,0.0,3.9383
22,Rest,525.2666666666919,0.0,3.9383
22,Rest,525.3666666666832,0.0,3.9383
22,Rest,525.466666666689,0.0,3.9383
22,Rest,525.5666666666802,0.0,3.9383
22,Rest,525.6666666666861,0.0,3.9383
22,Rest,525.7666666666919,0.0,3.9383
22,Rest,525.8666666666832,0.0,3.9383
22,Rest,525.966666666689,0.0,3.9383
22,Rest,526.0666666666802,0.0,3.9383
22,Rest,526.1666666666861,0.0,3.9384
22,Rest,526.2666666666919,0.0,3.9384
22,Rest,526.3666666666832,0.0,3.9384
22,Rest,526.466666666689,0.0,3.9383
22,Rest,526.5666666666802,0.0,3.9383
22,Rest,526.6666666666861,0.0,3.9383
22,Rest,526.7666666666919,0.0,3.9383
22,Rest,526.8666666666832,0.0,3.9384
22,Rest,526.966666666689,0.0,3.9384
22,Rest,527.0666666666802,0.0,3.9384
22,Rest,527.1666666666861,0.0,3.9384
22,Rest,527.2666666666919,0.0,3.9384
22,Rest,527.3666666666832,0.0,3.9384
22,Rest,527.466666666689,0.0,3.9384
22,Rest,527.5666666666802,0.0,3.9385
22,Rest,527.6666666666861,0.0,3.9385
22,Rest,527.7666666666919,0.0,3.9384
22,Rest,527.8666666666832,0.0,3.9385
22,Rest,527.966666666689,0.0,3.9385
22,Rest,528.0666666666802,0.0,3.9385
22,Rest,528.1666666666861,0.0,3.9385
22,Rest,528.2666666666919,0.0,3.9385
22,Rest,528.3666666666832,0.0,3.9385
22,Rest,528.466666666689,0.0,3.9385
22,Rest,528.5666666666802,0.0,3.9385
22,Rest,528.6666666666861,0.0,3.9385
22,Rest,528.7666666666919,0.0,3.9385
22,Rest,528.8666666666832,0.0,3.9385
22,Rest,528.966666666689,0.0,3.9385
22,Rest,529.0666666666802,0.0,3.9385
22,Rest,529.1666666666861,0.0,3.9385
22,Rest,529.2666666666919,0.0,3.9385
22,Rest,529.3666666666832,0.0,3.9385
22,Rest,529.466666666689,0.0,3.9385
22,Rest,529.5666666666802,0.0,3.9385
22,Rest,529.6666666666861,0.0,3.9385
22,Rest,529.7666666666919,0.0,3.9386
22,Rest,529.8666666666832,0.0,3.9385
22,Rest,529.966666666689,0.0,3.9385
22,Rest,530.0666666666802,0.0,3.9385
22,Rest,530.1666666666861,0.0,3.9385
22,Rest,530.2666666666919,0.0,3.9385
22,Rest,530.3666666666832,0.0,3.9386
22,Rest,530.466666666689,0.0,3.9386
22,Rest,530.5666666666802,0.0,3.9386
22,Rest,530.6666666666861,0.0,3.9385
22,Rest,530.7666666666919,0.0,3.9386
22,Rest,530.8666666666832,0.0,3.9386
22,Rest,530.966666666689,0.0,3.9386
22,Rest,531.0666666666802,0.0,3.9386
22,Rest,531.1666666666861,0.0,3.9386
22,Rest,531.2666666666919,0.0,3.9386
22,Rest,531.3666666666832,0.0,3.9386
22,Rest,531.466666666689,0.0,3.9386
22,Rest,531.5666666666802,0.0,3.9386
22,Rest,531.6666666666861,0.0,3.9386
22,Rest,531.7666666666919,0.0,3.9386
22,Rest,531.8666666666832,0.0,3.9386
22,Rest,531.966666666689,0.0,3.9386
22,Rest,532.0666666666802,0.0,3.9387
22,Rest,532.1666666666861,0.0,3.9387
22,Rest,532.2666666666919,0.0,3.9386
22,Rest,532.3666666666832,0.0,3.9386
22,Rest,532.466666666689,0.0,3.9387
22,Rest,532.5666666666802,0.0,3.9387
22,Rest,532.6666666666861,0.0,3.9387
22,Rest,532.7666666666919,0.0,3.9387
22,Rest,532.8666666666832,0.0,3.9387
22,Rest,532.966666666689,0.0,3.9387
22,Rest,533.0666666666802,0.0,3.9387
22,Rest,533.1666666666861,0.0,3.9387
22,Rest,533.2666666666919,0.0,3.9387
22,Rest,533.3666666666832,0.0,3.9387
22,Rest,533.466666666689,0.0,3.9387
22,Rest,533.5666666666802,0.0,3.9387
22,Rest,533.6666666666861,0.0,3.9387
22,Rest,533.7666666666919,0.0,3.9387
22,Rest,533.8666666666832,0.0,3.9387
22,Rest,533.966666666689,0.0,3.9388
22,Rest,534.0666666666802,0.0,3.9387
22,Rest,534.1666666666861,0.0,3.9388
22,Rest,534.2666666666919,0.0,3.9388
22,Rest,534.3666666666832,0.0,3.9387
22,Rest,534.466666666689,0.0,3.9387
22,Rest,534.5666666666802,0.0,3.9387
22,Rest,534.6666666666861,0.0,3.9388
22,Rest,534.7666666666919,0.0,3.9388
22,Rest,534.8666666666832,0.0,3.9388
22,Rest,534.966666666689,0.0,3.9388
22,Rest,535.0666666666802,0.0,3.9388
22,Rest,535.1666666666861,0.0,3.9388
22,Rest,535.2666666666919,0.0,3.9388
22,Rest,535.3666666666832,0.0,3.9388
22,Rest,535.466666666689,0.0,3.9388
22,Rest,535.5666666666802,0.0,3.9388
22,Rest,535.6666666666861,0.0,3.9388
22,Rest,535.7666666666919,0.0,3.9388
22,Rest,535.8666666666832,0.0,3.9388
22,Rest,535.966666666689,0.0,3.9388
22,Rest,536.0666666666802,0.0,3.9388
22,Rest,536.1666666666861,0.0,3.9388
22,Rest,536.2666666666919,0.0,3.9388
22,Rest,536.3666666666832,0.0,3.9388
22,Rest,536.466666666689,0.0,3.9388
22,Rest,536.5666666666802,0.0,3.9388
22,Rest,536.6666666666861,0.0,3.9389
22,Rest,536.7666666666919,0.0,3.9389
22,Rest,536.8666666666832,0.0,3.9389
22,Rest,536.966666666689,0.0,3.9389
22,Rest,537.0666666666802,0.0,3.9388
22,Rest,537.1666666666861,0.0,3.9389
22,Rest,537.2666666666919,0.0,3.9389
22,Rest,537.3666666666832,0.0,3.9389
22,Rest,537.466666666689,0.0,3.9389
22,Rest,537.5666666666802,0.0,3.9389
22,Rest,537.6666666666861,0.0,3.9389
22,Rest,537.7666666666919,0.0,3.9389
22,Rest,537.8666666666832,0.0,3.9389
22,Rest,537.966666666689,0.0,3.9389
22,Rest,538.0666666666802,0.0,3.9389
22,Rest,538.1666666666861,0.0,3.9389
22,Rest,538.2666666666919,0.0,3.9389
22,Rest,538.3666666666832,0.0,3.9389
22,Rest,538.466666666689,0.0,3.939
22,Rest,538.5666666666802,0.0,3.9389
22,Rest,538.6666666666861,0.0,3.939
22,Rest,538.7666666666919,0.0,3.939
22,Rest,538.8666666666832,0.0,3.939
22,Rest,538.966666666689,0.0,3.9389
22,Rest,539.0666666666802,0.0,3.9389
22,Rest,539.1666666666861,0.0,3.9389
22,Rest,539.2666666666919,0.0,3.9389
22,Rest,539.3666666666832,0.0,3.939
22,Rest,539.466666666689,0.0,3.9389
22,Rest,539.5666666666802,0.0,3.939
22,Rest,539.6666666666861,0.0,3.939
22,Rest,539.7666666666919,0.0,3.939
22,Rest,539.8666666666832,0.0,3.939
22,Rest,539.966666666689,0.0,3.939
22,Rest,540.0666666666802,0.0,3.939
22,Rest,540.1666666666861,0.0,3.939
22,Rest,540.2666666666919,0.0,3.939
22,Rest,540.3666666666832,0.0,3.939
22,Rest,540.466666666689,0.0,3.939
22,Rest,540.5666666666802,0.0,3.939
22,Rest,540.6666666666861,0.0,3.939
22,Rest,540.7666666666919,0.0,3.939
22,Rest,540.8666666666832,0.0,3.939
22,Rest,540.966666666689,0.0,3.939
22,Rest,541.0666666666802,0.0,3.9391
22,Rest,541.1666666666861,0.0,3.9391
22,Rest,541.2666666666919,0.0,3.939
22,Rest,541.3666666666832,0.0,3.939
22,Rest,541.466666666689,0.0,3.939
22,Rest,541.5666666666802,0.0,3.939
22,Rest,541.6666666666861,0.0,3.939
22,Rest,541.7666666666919,0.0,3.9391
22,Rest,541.8666666666832,0.0,3.9391
22,Rest,541.966666666689,0.0,3.9391
22,Rest,542.0666666666802,0.0,3.9391
22,Rest,542.1666666666861,0.0,3.9391
22,Rest,542.2666666666919,0.0,3.9391
22,Rest,542.3666666666832,0.0,3.9391
22,Rest,542.466666666689,0.0,3.9391
22,Rest,542.5666666666802,0.0,3.9391
22,Rest,542.6666666666861,0.0,3.9391
22,Rest,542.7666666666919,0.0,3.9391
22,Rest,542.8666666666832,0.0,3.9391
22,Rest,542.966666666689,0.0,3.9391
22,Rest,543.0666666666802,0.0,3.9391
22,Rest,543.1666666666861,0.0,3.9391
22,Rest,543.2666666666919,0.0,3.9391
22,Rest,543.3666666666832,0.0,3.9391
22,Rest,543.466666666689,0.0,3.9391
22,Rest,543.5666666666802,0.0,3.9391
22,Rest,543.6666666666861,0.0,3.9392
22,Rest,543.7666666666919,0.0,3.9392
22,Rest,543.8666666666832,0.0,3.9392
22,Rest,543.966666666689,0.0,3.9392
22,Rest,544.0666666666802,0.0,3.9392
22,Rest,544.1666666666861,0.0,3.9392
22,Rest,544.2666666666919,0.0,3.9392
22,Rest,544.3666666666832,0.0,3.9392
22,Rest,544.466666666689,0.0,3.9392
22,Rest,544.5666666666802,0.0,3.9392
22,Rest,544.6666666666861,0.0,3.9391
22,Rest,544.7666666666919,0.0,3.9392
22,Rest,544.8666666666832,0.0,3.9392
22,Rest,544.966666666689,0.0,3.9392
22,Rest,545.0666666666802,0.0,3.9392
22,Rest,545.1666666666861,0.0,3.9392
22,Rest,545.2666666666919,0.0,3.9392
22,Rest,545.3666666666832,0.0,3.9392
22,Rest,545.466666666689,0.0,3.9392
22,Rest,545.5666666666802,0.0,3.9392
22,Rest,545.6666666666861,0.0,3.9392
22,Rest,545.7666666666919,0.0,3.9392
22,Rest,545.8666666666832,0.0,3.9392
22,Rest,545.966666666689,0.0,3.9392
22,Rest,546.0666666666802,0.0,3.9392
22,Rest,546.1666666666861,0.0,3.9393
22,Rest,546.2666666666919,0.0,3.9393
22,Rest,546.3666666666832,0.0,3.9393
22,Rest,546.466666666689,0.0,3.9393
22,Rest,546.5666666666802,0.0,3.9392
22,Rest,546.6666666666861,0.0,3.9393
22,Rest,546.7666666666919,0.0,3.9393
22,Rest,546.8666666666832,0.0,3.9393
22,Rest,546.966666666689,0.0,3.9393
22,Rest,547.0666666666802,0.0,3.9393
22,Rest,547.1666666666861,0.0,3.9393
22,Rest,547.2666666666919,0.0,3.9393
22,Rest,547.3666666666832,0.0,3.9393
22,Rest,547.466666666689,0.0,3.9393
22,Rest,547.5666666666802,0.0,3.9393
22,Rest,547.6666666666861,0.0,3.9393
22,Rest,547.7666666666919,0.0,3.9393
22,Rest,547.8666666666832,0.0,3.9393
22,Rest,547.966666666689,0.0,3.9393
22,Rest,548.0666666666802,0.0,3.9393
22,Rest,548.1666666666861,0.0,3.9393
22,Rest,548.2666666666919,0.0,3.9393
22,Rest,548.3666666666832,0.0,3.9394
22,Rest,548.466666666689,0.0,3.9394
22,Rest,548.5666666666802,0.0,3.9394
22,Rest,548.6666666666861,0.0,3.9393
22,Rest,548.7666666666919,0.0,3.9393
22,Rest,548.8666666666832,0.0,3.9394
22,Rest,548.966666666689,0.0,3.9394
22,Rest,549.0666666666802,0.0,3.9393
22,Rest,549.1666666666861,0.0,3.9393
22,Rest,549.2666666666919,0.0,3.9393
22,Rest,549.3666666666832,0.0,3.9394
22,Rest,549.466666666689,0.0,3.9394
22,Rest,549.5666666666802,0.0,3.9394
22,Rest,549.6666666666861,0.0,3.9394
22,Rest,549.7666666666919,0.0,3.9394
22,Rest,549.8666666666832,0.0,3.9394
22,Rest,549.966666666689,0.0,3.9394
22,Rest,550.0666666666802,0.0,3.9394
22,Rest,550.1666666666861,0.0,3.9394
22,Rest,550.2666666666919,0.0,3.9394
22,Rest,550.3666666666832,0.0,3.9394
22,Rest,550.466666666689,0.0,3.9394
22,Rest,550.5666666666802,0.0,3.9394
22,Rest,550.6666666666861,0.0,3.9394
22,Rest,550.7666666666919,0.0,3.9394
22,Rest,550.8666666666832,0.0,3.9395
22,Rest,550.966666666689,0.0,3.9394
22,Rest,551.0666666666802,0.0,3.9394
22,Rest,551.1666666666861,0.0,3.9394
22,Rest,551.2666666666919,0.0,3.9394
22,Rest,551.3666666666832,0.0,3.9395
22,Rest,551.466666666689,0.0,3.9394
22,Rest,551.5666666666802,0.0,3.9395
22,Rest,551.6666666666861,0.0,3.9395
22,Rest,551.7666666666919,0.0,3.9395
22,Rest,551.8666666666832,0.0,3.9395
22,Rest,551.966666666689,0.0,3.9395
22,Rest,552.0666666666802,0.0,3.9395
22,Rest,552.1666666666861,0.0,3.9395
22,Rest,552.2666666666919,0.0,3.9395
22,Rest,552.3666666666832,0.0,3.9395
22,Rest,552.466666666689,0.0,3.9395
22,Rest,552.5666666666802,0.0,3.9395
22,Rest,552.6666666666861,0.0,3.9395
22,Rest,552.7666666666919,0.0,3.9395
22,Rest,552.8666666666832,0.0,3.9395
22,Rest,552.966666666689,0.0,3.9395
22,Rest,553.0666666666802,0.0,3.9395
22,Rest,553.1666666666861,0.0,3.9395
22,Rest,553.2666666666919,0.0,3.9396
22,Rest,553.3666666666832,0.0,3.9395
22,Rest,553.466666666689,0.0,3.9395
22,Rest,553.5666666666802,0.0,3.9395
22,Rest,553.6666666666861,0.0,3.9396
22,Rest,553.7666666666919,0.0,3.9395
22,Rest,553.8666666666832,0.0,3.9395
22,Rest,553.966666666689,0.0,3.9396
22,Rest,554.0666666666802,0.0,3.9396
22,Rest,554.1666666666861,0.0,3.9396
22,Rest,554.2666666666919,0.0,3.9396
22,Rest,554.3666666666832,0.0,3.9396
22,Rest,554.466666666689,0.0,3.9396
22,Rest,554.5666666666802,0.0,3.9396
22,Rest,554.6666666666861,0.0,3.9396
22,Rest,554.7666666666919,0.0,3.9396
22,Rest,554.8666666666832,0.0,3.9396
22,Rest,554.966666666689,0.0,3.9396
22,Rest,555.0666666666802,0.0,3.9396
22,Rest,555.1666666666861,0.0,3.9396
22,Rest,555.2666666666919,0.0,3.9396
22,Rest,555.3666666666832,0.0,3.9396
22,Rest,555.466666666689,0.0,3.9396
22,Rest,555.5666666666802,0.0,3.9396
22,Rest,555.6666666666861,0.0,3.9396
22,Rest,555.7666666666919,0.0,3.9396
22,Rest,555.8666666666832,0.0,3.9396
22,Rest,555.966666666689,0.0,3.9396
22,Rest,556.0666666666802,0.0,3.9396
22,Rest,556.1666666666861,0.0,3.9396
22,Rest,556.2666666666919,0.0,3.9397
22,Rest,556.3666666666832,0.0,3.9397
22,Rest,556.466666666689,0.0,3.9396
22,Rest,556.5666666666802,0.0,3.9396
22,Rest,556.6666666666861,0.0,3.9396
22,Rest,556.7666666666919,0.0,3.9397
22,Rest,556.8666666666832,0.0,3.9397
22,Rest,556.966666666689,0.0,3.9397
22,Rest,557.0666666666802,0.0,3.9397
22,Rest,557.1666666666861,0.0,3.9397
22,Rest,557.2666666666919,0.0,3.9397
22,Rest,557.3666666666832,0.0,3.9397
22,Rest,557.466666666689,0.0,3.9397
22,Rest,557.5666666666802,0.0,3.9397
22,Rest,557.6666666666861,0.0,3.9397
22,Rest,557.7666666666919,0.0,3.9397
22,Rest,557.8666666666832,0.0,3.9397
22,Rest,557.966666666689,0.0,3.9397
22,Rest,558.0666666666802,0.0,3.9397
22,Rest,558.1666666666861,0.0,3.9397
22,Rest,558.2666666666919,0.0,3.9397
22,Rest,558.3666666666832,0.0,3.9397
22,Rest,558.466666666689,0.0,3.9397
22,Rest,558.5666666666802,0.0,3.9397
22,Rest,558.6666666666861,0.0,3.9397
22,Rest,558.7666666666919,0.0,3.9397
22,Rest,558.8666666666832,0.0,3.9397
22,Rest,558.966666666689,0.0,3.9397
22,Rest,559.0666666666802,0.0,3.9397
22,Rest,559.1666666666861,0.0,3.9397
22,Rest,559.2666666666919,0.0,3.9397
22,Rest,559.3666666666832,0.0,3.9397
22,Rest,559.466666666689,0.0,3.9397
22,Rest,559.5666666666802,0.0,3.9398
22,Rest,559.6666666666861,0.0,3.9398
22,Rest,559.7666666666919,0.0,3.9398
22,Rest,559.8666666666832,0.0,3.9398
22,Rest,559.966666666689,0.0,3.9398
22,Rest,560.0666666666802,0.0,3.9398
22,Rest,560.1666666666861,0.0,3.9398
22,Rest,560.2666666666919,0.0,3.9398
22,Rest,560.3666666666832,0.0,3.9398
22,Rest,560.466666666689,0.0,3.9397
22,Rest,560.5666666666802,0.0,3.9397
22,Rest,560.6666666666861,0.0,3.9397
22,Rest,560.7666666666919,0.0,3.9397
22,Rest,560.8666666666832,0.0,3.9397
22,Rest,560.966666666689,0.0,3.9397
22,Rest,561.0666666666802,0.0,3.9398
22,Rest,561.1666666666861,0.0,3.9398
22,Rest,561.2666666666919,0.0,3.9398
22,Rest,561.3666666666832,0.0,3.9398
22,Rest,561.466666666689,0.0,3.9398
22,Rest,561.5666666666802,0.0,3.9398
22,Rest,561.6666666666861,0.0,3.9398
22,Rest,561.7666666666919,0.0,3.9398
22,Rest,561.8666666666832,0.0,3.9398
22,Rest,561.966666666689,0.0,3.9398
22,Rest,562.0666666666802,0.0,3.9398
22,Rest,562.1666666666861,0.0,3.9398
22,Rest,562.2666666666919,0.0,3.9398
22,Rest,562.3666666666832,0.0,3.9398
22,Rest,562.466666666689,0.0,3.9398
22,Rest,562.5666666666802,0.0,3.9398
22,Rest,562.6666666666861,0.0,3.9398
22,Rest,562.7666666666919,0.0,3.9398
22,Rest,562.8666666666832,0.0,3.9398
22,Rest,562.966666666689,0.0,3.9398
22,Rest,563.0666666666802,0.0,3.9398
22,Rest,563.1666666666861,0.0,3.9398
22,Rest,563.2666666666919,0.0,3.9398
22,Rest,563.3666666666832,0.0,3.9399
22,Rest,563.466666666689,0.0,3.9399
22,Rest,563.5666666666802,0.0,3.9399
22,Rest,563.6666666666861,0.0,3.9399
22,Rest,563.7666666666919,0.0,3.9398
22,Rest,563.8666666666832,0.0,3.9398
22,Rest,563.966666666689,0.0,3.9399
22,Rest,564.0666666666802,0.0,3.9399
22,Rest,564.1666666666861,0.0,3.9398
22,Rest,564.2666666666919,0.0,3.9399
22,Rest,564.3666666666832,0.0,3.9399
22,Rest,564.466666666689,0.0,3.9399
22,Rest,564.5666666666802,0.0,3.9399
22,Rest,564.6666666666861,0.0,3.9399
22,Rest,564.7666666666919,0.0,3.9399
22,Rest,564.8666666666832,0.0,3.9399
22,Rest,564.966666666689,0.0,3.9399
22,Rest,565.0666666666802,0.0,3.9399
22,Rest,565.1666666666861,0.0,3.9399
22,Rest,565.2666666666919,0.0,3.94
22,Rest,565.3666666666832,0.0,3.9399
22,Rest,565.466666666689,0.0,3.9399
22,Rest,565.5666666666802,0.0,3.9399
22,Rest,565.6666666666861,0.0,3.9399
22,Rest,565.7666666666919,0.0,3.9399
22,Rest,565.8666666666832,0.0,3.9399
22,Rest,565.966666666689,0.0,3.9399
22,Rest,566.0666666666802,0.0,3.9399
22,Rest,566.1666666666861,0.0,3.9399
22,Rest,566.2666666666919,0.0,3.9399
22,Rest,566.3666666666832,0.0,3.9399
22,Rest,566.466666666689,0.0,3.9399
22,Rest,566.5666666666802,0.0,3.9399
22,Rest,566.6666666666861,0.0,3.9399
22,Rest,566.7666666666919,0.0,3.9399
22,Rest,566.8666666666832,0.0,3.9399
22,Rest,566.966666666689,0.0,3.9399
22,Rest,567.0666666666802,0.0,3.9399
22,Rest,567.1666666666861,0.0,3.94
22,Rest,567.2666666666919,0.0,3.9399
22,Rest,567.3666666666832,0.0,3.9399
22,Rest,567.466666666689,0.0,3.9399
22,Rest,567.5666666666802,0.0,3.9399
22,Rest,567.6666666666861,0.0,3.9399
22,Rest,567.7666666666919,0.0,3.9399
22,Rest,567.8666666666832,0.0,3.94
22,Rest,567.966666666689,0.0,3.94
22,Rest,568.0666666666802,0.0,3.94
22,Rest,568.1666666666861,0.0,3.94
22,Rest,568.2666666666919,0.0,3.9399
22,Rest,568.3666666666832,0.0,3.94
22,Rest,568.466666666689,0.0,3.94
22,Rest,568.5666666666802,0.0,3.94
22,Rest,568.6666666666861,0.0,3.94
22,Rest,568.7666666666919,0.0,3.94
22,Rest,568.8666666666832,0.0,3.94
22,Rest,568.966666666689,0.0,3.94
22,Rest,569.0666666666802,0.0,3.94
22,Rest,569.1666666666861,0.0,3.94
22,Rest,569.2666666666919,0.0,3.94
22,Rest,569.3666666666832,0.0,3.94
22,Rest,569.466666666689,0.0,3.94
22,Rest,569.5666666666802,0.0,3.94
22,Rest,569.6666666666861,0.0,3.94
22,Rest,569.7666666666919,0.0,3.94
22,Rest,569.8666666666832,0.0,3.94
22,Rest,569.966666666689,0.0,3.9401
22,Rest,570.0666666666802,0.0,3.94
22,Rest,570.1666666666861,0.0,3.94
22,Rest,570.2666666666919,0.0,3.94
22,Rest,570.3666666666832,0.0,3.9401
22,Rest,570.466666666689,0.0,3.9401
22,Rest,570.5666666666802,0.0,3.94
22,Rest,570.6666666666861,0.0,3.94
22,Rest,570.7666666666919,0.0,3.94
22,Rest,570.8666666666832,0.0,3.9401
22,Rest,570.966666666689,0.0,3.9401
22,Rest,571.0666666666802,0.0,3.94
22,Rest,571.1666666666861,0.0,3.9401
22,Rest,571.2666666666919,0.0,3.9401
22,Rest,571.3666666666832,0.0,3.9401
22,Rest,571.466666666689,0.0,3.9401
22,Rest,571.5666666666802,0.0,3.9401
22,Rest,571.6666666666861,0.0,3.9401
22,Rest,571.7666666666919,0.0,3.9401
22,Rest,571.8666666666832,0.0,3.9401
22,Rest,571.966666666689,0.0,3.9401
22,Rest,572.0666666666802,0.0,3.9401
22,Rest,572.1666666666861,0.0,3.9401
22,Rest,572.2666666666919,0.0,3.9401
22,Rest,572.3666666666832,0.0,3.9401
22,Rest,572.466666666689,0.0,3.9401
22,Rest,572.5666666666802,0.0,3.9401
22,Rest,572.6666666666861,0.0,3.9401
22,Rest,572.7666666666919,0.0,3.9401
22,Rest,572.8666666666832,0.0,3.9402
22,Rest,572.966666666689,0.0,3.9402
22,Rest,573.0666666666802,0.0,3.9401
22,Rest,573.1666666666861,0.0,3.9401
22,Rest,573.2666666666919,0.0,3.9401
22,Rest,573.3666666666832,0.0,3.9402
22,Rest,573.466666666689,0.0,3.9401
22,Rest,573.5666666666802,0.0,3.9401
22,Rest,573.6666666666861,0.0,3.9402
22,Rest,573.7666666666919,0.0,3.9402
22,Rest,573.8666666666832,0.0,3.9401
22,Rest,573.966666666689,0.0,3.9402
22,Rest,574.0666666666802,0.0,3.9402
22,Rest,574.1666666666861,0.0,3.9402
22,Rest,574.2666666666919,0.0,3.9402
22,Rest,574.3666666666832,0.0,3.9402
22,Rest,574.466666666689,0.0,3.9402
22,Rest,574.5666666666802,0.0,3.9402
22,Rest,574.6666666666861,0.0,3.9402
22,Rest,574.7666666666919,0.0,3.9402
22,Rest,574.8666666666832,0.0,3.9402
22,Rest,574.966666666689,0.0,3.9402
22,Rest,575.0666666666802,0.0,3.9402
22,Rest,575.1666666666861,0.0,3.9402
22,Rest,575.2666666666919,0.0,3.9402
22,Rest,575.3666666666832,0.0,3.9402
22,Rest,575.466666666689,0.0,3.9402
22,Rest,575.5666666666802,0.0,3.9402
22,Rest,575.6666666666861,0.0,3.9402
22,Rest,575.7666666666919,0.0,3.9402
22,Rest,575.8666666666832,0.0,3.9402
22,Rest,575.966666666689,0.0,3.9402
22,Rest,576.0666666666802,0.0,3.9402
22,Rest,576.1666666666861,0.0,3.9402
22,Rest,576.2666666666919,0.0,3.9402
22,Rest,576.3666666666832,0.0,3.9402
22,Rest,576.466666666689,0.0,3.9402
22,Rest,576.5666666666802,0.0,3.9402
22,Rest,576.6666666666861,0.0,3.9402
22,Rest,576.7666666666919,0.0,3.9402
22,Rest,576.8666666666832,0.0,3.9402
22,Rest,576.966666666689,0.0,3.9402
22,Rest,577.0666666666802,0.0,3.9402
22,Rest,577.1666666666861,0.0,3.9402
22,Rest,577.2666666666919,0.0,3.9402
22,Rest,577.3666666666832,0.0,3.9403
22,Rest,577.466666666689,0.0,3.9403
22,Rest,577.5666666666802,0.0,3.9403
22,Rest,577.6666666666861,0.0,3.9402
22,Rest,577.7666666666919,0.0,3.9402
22,Rest,577.8666666666832,0.0,3.9402
22,Rest,577.966666666689,0.0,3.9402
22,Rest,578.0666666666802,0.0,3.9402
22,Rest,578.1666666666861,0.0,3.9402
22,Rest,578.2666666666919,0.0,3.9402
22,Rest,578.3666666666832,0.0,3.9402
22,Rest,578.466666666689,0.0,3.9402
22,Rest,578.5666666666802,0.0,3.9403
22,Rest,578.6666666666861,0.0,3.9402
22,Rest,578.7666666666919,0.0,3.9403
22,Rest,578.8666666666832,0.0,3.9403
22,Rest,578.966666666689,0.0,3.9403
22,Rest,579.0666666666802,0.0,3.9403
22,Rest,579.1666666666861,0.0,3.9403
22,Rest,579.2666666666919,0.0,3.9403
22,Rest,579.3666666666832,0.0,3.9403
22,Rest,579.466666666689,0.0,3.9403
22,Rest,579.5666666666802,0.0,3.9403
