Step,Step Type,"t,s","I,A","U,V"
17,CC DChg,0.0,-1.6985,3.9584
17,CC DChg,0.4242424242402194,-1.6985,3.9584
17,CC DChg,0.8484848484804388,-1.6986,3.9575
17,CC DChg,1.272727272749762,-1.699,3.9572
17,CC DChg,1.6969696969899815,-1.6992,3.9563
17,CC DChg,2.121212121230201,-1.6993,3.9557
17,CC DChg,2.5454545454704203,-1.6994,3.9552
17,CC DChg,2.9696969697106397,-1.6994,3.9548
17,CC DChg,3.393939393950859,-1.6995,3.9543
17,CC DChg,3.8181818182056304,-1.6995,3.954
17,CC DChg,4.24242424244585,-1.6995,3.9536
17,CC DChg,4.371900826488854,-1.6996,3.9532
17,CC DChg,4.501377410488203,-1.6996,3.9529
17,CC DChg,4.630853994531208,-1.6996,3.9526
17,CC DChg,4.7603305785305565,-1.6996,3.9523
17,CC DChg,4.889807162559009,-1.6996,3.952
17,CC DChg,5.01928374657291,-1.6996,3.9518
17,CC DChg,5.1487603306013625,-1.6997,3.9514
17,CC DChg,5.278236914600711,-1.6997,3.9512
17,CC DChg,5.407713498643716,-1.6997,3.951
17,CC DChg,5.537190082643065,-1.6997,3.9508
17,CC DChg,5.6398697721306235,-1.6997,3.9505
17,CC DChg,5.742549461559975,-1.6997,3.9503
17,CC DChg,5.845229151047533,-1.6997,3.95
17,CC DChg,5.947908840491436,-1.6997,3.9498
17,CC DChg,6.050588529949891,-1.6997,3.9496
17,CC DChg,6.153268219408346,-1.6997,3.9494
17,CC DChg,6.255947908852249,-1.6997,3.9491
17,CC DChg,6.358627598310704,-1.6997,3.949
17,CC DChg,6.461307287769159,-1.6997,3.9488
17,CC DChg,6.563986977227614,-1.6997,3.9486
17,CC DChg,6.664230585360201,-1.6997,3.9484
17,CC DChg,6.764474193492788,-1.6998,3.9482
17,CC DChg,6.864717801625375,-1.6998,3.948
17,CC DChg,6.964961409772513,-1.6998,3.9478
17,CC DChg,7.065205017890548,-1.6998,3.9476
17,CC DChg,7.165448626023135,-1.6998,3.9475
17,CC DChg,7.265692234170274,-1.6998,3.9473
17,CC DChg,7.365935842288309,-1.6998,3.9471
17,CC DChg,7.466179450406344,-1.6998,3.9469
17,CC DChg,7.566423058568034,-1.6998,3.9468
17,CC DChg,7.6664452047261875,-1.6998,3.9466
17,CC DChg,7.766467350942548,-1.6998,3.9465
17,CC DChg,7.866489497129805,-1.6998,3.9463
17,CC DChg,7.966511643331614,-1.6998,3.9461
17,CC DChg,8.066533789518871,-1.6998,3.9459
17,CC DChg,8.16655593572068,-1.6998,3.9457
17,CC DChg,8.266578081907937,-1.6998,3.9456
17,CC DChg,8.366600228109746,-1.6998,3.9455
17,CC DChg,8.466622374282451,-1.6998,3.9453
17,CC DChg,8.56664452048426,-1.6998,3.9451
17,CC DChg,8.666646533791209,-1.6998,3.945
17,CC DChg,8.766648547083605,-1.6998,3.9448
17,CC DChg,8.86665056036145,-1.6998,3.9447
17,CC DChg,8.966652573639294,-1.6998,3.9445
17,CC DChg,9.066654586946242,-1.6998,3.9444
17,CC DChg,9.16665660025319,-1.6998,3.9442
17,CC DChg,9.266658613531035,-1.6998,3.9441
17,CC DChg,9.366660626823432,-1.6998,3.9439
17,CC DChg,9.466662640101276,-1.6998,3.9438
17,CC DChg,9.566664653408225,-1.6998,3.9437
17,CC DChg,9.66666483640438,-1.6998,3.9435
17,CC DChg,9.76666501944419,-1.6998,3.9434
17,CC DChg,9.866665202469449,-1.6998,3.9432
17,CC DChg,9.966665385480155,-1.6998,3.9431
17,CC DChg,10.066665568519966,-1.6998,3.943
17,CC DChg,10.166665751559776,-1.6998,3.9428
17,CC DChg,10.266665934585035,-1.6998,3.9427
17,CC DChg,10.366666117610293,-1.6998,3.9426
17,CC DChg,10.466666300650104,-1.6998,3.9424
17,CC DChg,10.566666483646259,-1.6998,3.9423
17,CC DChg,10.666666500284919,-1.6998,3.9422
17,CC DChg,10.766666516923578,-1.6998,3.9421
17,CC DChg,10.866666533562238,-1.6998,3.942
17,CC DChg,10.966666550200898,-1.6998,3.9418
17,CC DChg,11.066666566839558,-1.6998,3.9417
17,CC DChg,11.16666658349277,-1.6999,3.9415
17,CC DChg,11.26666660013143,-1.6999,3.9415
17,CC DChg,11.36666661677009,-1.6999,3.9413
17,CC DChg,11.46666663340875,-1.6999,3.9412
17,CC DChg,11.56666665004741,-1.6999,3.9411
17,CC DChg,11.66666665156663,-1.6999,3.941
17,CC DChg,11.76666665308585,-1.6999,3.9409
17,CC DChg,11.866666654590517,-1.6999,3.9407
17,CC DChg,11.966666656080633,-1.6999,3.9406
17,CC DChg,12.066666657599853,-1.6999,3.9405
17,CC DChg,12.166666659119073,-1.6999,3.9404
17,CC DChg,12.266666660652845,-1.6999,3.9403
17,CC DChg,12.366666662142961,-1.6999,3.9401
17,CC DChg,12.466666663662181,-1.6999,3.94
17,CC DChg,12.56666666516685,-1.6999,3.9399
17,CC DChg,12.666666665303637,-1.6999,3.9398
17,CC DChg,12.766666665440425,-1.6999,3.9397
17,CC DChg,12.866666665562661,-1.6999,3.9396
17,CC DChg,12.966666665728553,-1.6999,3.9395
17,CC DChg,13.06666666585079,-1.6999,3.9393
17,CC DChg,13.16666666600213,-1.6999,3.9392
17,CC DChg,13.266666666124365,-1.6999,3.9391
17,CC DChg,13.366666666290257,-1.6999,3.939
17,CC DChg,13.466666666412493,-1.6999,3.9389
17,CC DChg,13.566666666549281,-1.6999,3.9388
17,CC DChg,13.666666666569654,-1.6999,3.9387
17,CC DChg,13.766666666560923,-1.6999,3.9386
17,CC DChg,13.866666666581295,-1.6999,3.9385
17,CC DChg,13.966666666601668,-1.6999,3.9383
17,CC DChg,14.066666666607489,-1.6999,3.9383
17,CC DChg,14.166666666627862,-1.6999,3.9381
17,CC DChg,14.266666666648234,-1.6999,3.938
17,CC DChg,14.366666666639503,-1.6999,3.9379
17,CC DChg,14.466666666645324,-1.6999,3.9378
17,CC DChg,14.566666666680248,-1.6999,3.9377
17,CC DChg,14.66666666668607,-1.6999,3.9376
17,CC DChg,14.76666666669189,-1.6999,3.9374
17,CC DChg,14.866666666683159,-1.6999,3.9374
17,CC DChg,14.96666666668898,-1.6999,3.9373
17,CC DChg,15.066666666680248,-1.6999,3.9371
17,CC DChg,15.16666666668607,-1.6999,3.937
17,CC DChg,15.26666666669189,-1.6999,3.9369
17,CC DChg,15.366666666683159,-1.6999,3.9368
17,CC DChg,15.46666666668898,-1.6999,3.9367
17,CC DChg,15.566666666680248,-1.6999,3.9366
17,CC DChg,15.66666666668607,-1.6999,3.9365
17,CC DChg,15.76666666669189,-1.6999,3.9364
17,CC DChg,15.866666666683159,-1.6999,3.9363
17,CC DChg,15.96666666668898,-1.6999,3.9362
17,CC DChg,16.06666666668025,-1.6999,3.9361
17,CC DChg,16.16666666668607,-1.6999,3.9361
17,CC DChg,16.26666666669189,-1.6999,3.936
17,CC DChg,16.36666666668316,-1.6999,3.9359
17,CC DChg,16.46666666668898,-1.6999,3.9357
17,CC DChg,16.56666666668025,-1.6999,3.9357
17,CC DChg,16.66666666668607,-1.6999,3.9356
17,CC DChg,16.76666666669189,-1.6999,3.9354
17,CC DChg,16.86666666668316,-1.6999,3.9353
17,CC DChg,16.96666666668898,-1.6999,3.9353
17,CC DChg,17.06666666668025,-1.6999,3.9351
17,CC DChg,17.16666666668607,-1.6998,3.9351
17,CC DChg,17.26666666669189,-1.6998,3.935
17,CC DChg,17.36666666668316,-1.6998,3.9349
17,CC DChg,17.46666666668898,-1.6998,3.9348
17,CC DChg,17.56666666668025,-1.6998,3.9347
17,CC DChg,17.66666666668607,-1.6998,3.9346
17,CC DChg,17.76666666669189,-1.6998,3.9345
17,CC DChg,17.86666666668316,-1.6998,3.9344
17,CC DChg,17.96666666668898,-1.6998,3.9343
17,CC DChg,18.06666666668025,-1.6998,3.9342
17,CC DChg,18.16666666668607,-1.6998,3.9341
17,CC DChg,18.26666666669189,-1.6998,3.934
17,CC DChg,18.36666666668316,-1.6998,3.9339
17,CC DChg,18.46666666668898,-1.6998,3.9338
17,CC DChg,18.56666666668025,-1.6998,3.9337
17,CC DChg,18.66666666668607,-1.6998,3.9336
17,CC DChg,18.76666666669189,-1.6998,3.9335
17,CC DChg,18.86666666668316,-1.6998,3.9334
17,CC DChg,18.96666666668898,-1.6998,3.9334
17,CC DChg,19.06666666668025,-1.6998,3.9332
17,CC DChg,19.16666666668607,-1.6998,3.9331
17,CC DChg,19.26666666669189,-1.6998,3.933
17,CC DChg,19.36666666668316,-1.6998,3.933
17,CC DChg,19.46666666668898,-1.6998,3.9329
17,CC DChg,19.56666666668025,-1.6998,3.9328
17,CC DChg,19.66666666668607,-1.6998,3.9327
17,CC DChg,19.76666666669189,-1.6998,3.9326
17,CC DChg,19.86666666668316,-1.6998,3.9326
17,CC DChg,19.96666666668898,-1.6998,3.9325
17,CC DChg,20.06666666668025,-1.6998,3.9323
17,CC DChg,20.16666666668607,-1.6998,3.9323
17,CC DChg,20.26666666669189,-1.6998,3.9322
17,CC DChg,20.36666666668316,-1.6998,3.9321
17,CC DChg,20.46666666668898,-1.6998,3.9319
17,CC DChg,20.56666666668025,-1.6998,3.9319
17,CC DChg,20.66666666668607,-1.6998,3.9318
17,CC DChg,20.76666666669189,-1.6998,3.9317
17,CC DChg,20.86666666668316,-1.6998,3.9316
17,CC DChg,20.96666666668898,-1.6998,3.9315
17,CC DChg,21.06666666668025,-1.6998,3.9315
17,CC DChg,21.16666666668607,-1.6998,3.9313
17,CC DChg,21.26666666669189,-1.6998,3.9312
17,CC DChg,21.36666666668316,-1.6999,3.9311
17,CC DChg,21.46666666668898,-1.6999,3.9311
17,CC DChg,21.56666666668025,-1.6998,3.931
17,CC DChg,21.66666666668607,-1.6998,3.9309
17,CC DChg,21.76666666669189,-1.6998,3.9308
17,CC DChg,21.86666666668316,-1.6998,3.9308
17,CC DChg,21.96666666668898,-1.6998,3.9307
17,CC DChg,22.06666666668025,-1.6998,3.9306
17,CC DChg,22.16666666668607,-1.6998,3.9306
17,CC DChg,22.26666666669189,-1.6998,3.9304
17,CC DChg,22.36666666668316,-1.6998,3.9304
17,CC DChg,22.46666666668898,-1.6998,3.9303
17,CC DChg,22.56666666668025,-1.6998,3.9302
17,CC DChg,22.66666666668607,-1.6998,3.9301
17,CC DChg,22.76666666669189,-1.6998,3.93
17,CC DChg,22.86666666668316,-1.6998,3.93
17,CC DChg,22.96666666668898,-1.6998,3.9298
17,CC DChg,23.06666666668025,-1.6998,3.9298
17,CC DChg,23.16666666668607,-1.6998,3.9297
17,CC DChg,23.26666666669189,-1.6998,3.9296
17,CC DChg,23.36666666668316,-1.6998,3.9295
17,CC DChg,23.46666666668898,-1.6998,3.9295
17,CC DChg,23.56666666668025,-1.6998,3.9294
17,CC DChg,23.66666666668607,-1.6998,3.9293
17,CC DChg,23.76666666669189,-1.6998,3.9292
17,CC DChg,23.86666666668316,-1.6998,3.9291
17,CC DChg,23.96666666668898,-1.6998,3.929
17,CC DChg,24.06666666668025,-1.6998,3.929
17,CC DChg,24.16666666668607,-1.6998,3.9289
17,CC DChg,24.26666666669189,-1.6998,3.9288
17,CC DChg,24.36666666668316,-1.6998,3.9288
17,CC DChg,24.46666666668898,-1.6998,3.9287
17,CC DChg,24.56666666668025,-1.6998,3.9286
17,CC DChg,24.66666666668607,-1.6998,3.9284
17,CC DChg,24.76666666669189,-1.6998,3.9284
17,CC DChg,24.86666666668316,-1.6998,3.9283
17,CC DChg,24.96666666668898,-1.6998,3.9282
17,CC DChg,25.06666666668025,-1.6998,3.9282
17,CC DChg,25.16666666668607,-1.6998,3.9281
17,CC DChg,25.26666666669189,-1.6998,3.928
17,CC DChg,25.36666666668316,-1.6998,3.9279
17,CC DChg,25.46666666668898,-1.6998,3.9278
17,CC DChg,25.56666666668025,-1.6998,3.9278
17,CC DChg,25.66666666668607,-1.6998,3.9277
17,CC DChg,25.76666666669189,-1.6998,3.9276
17,CC DChg,25.86666666668316,-1.6998,3.9275
17,CC DChg,25.96666666668898,-1.6998,3.9274
17,CC DChg,26.06666666668025,-1.6998,3.9274
17,CC DChg,26.16666666668607,-1.6998,3.9273
17,CC DChg,26.26666666669189,-1.6998,3.9272
17,CC DChg,26.36666666668316,-1.6998,3.9271
17,CC DChg,26.46666666668898,-1.6998,3.9271
17,CC DChg,26.56666666668025,-1.6998,3.9271
17,CC DChg,26.66666666668607,-1.6998,3.9269
17,CC DChg,26.76666666669189,-1.6998,3.9269
17,CC DChg,26.86666666668316,-1.6998,3.9268
17,CC DChg,26.96666666668898,-1.6998,3.9267
17,CC DChg,27.06666666668025,-1.6998,3.9267
17,CC DChg,27.16666666668607,-1.6998,3.9266
17,CC DChg,27.26666666669189,-1.6998,3.9265
17,CC DChg,27.36666666668316,-1.6998,3.9264
17,CC DChg,27.46666666668898,-1.6998,3.9264
17,CC DChg,27.56666666668025,-1.6998,3.9262
17,CC DChg,27.66666666668607,-1.6998,3.9262
17,CC DChg,27.76666666669189,-1.6998,3.9261
17,CC DChg,27.86666666668316,-1.6998,3.9261
17,CC DChg,27.96666666668898,-1.6998,3.926
17,CC DChg,28.06666666668025,-1.6998,3.9259
17,CC DChg,28.16666666668607,-1.6998,3.9258
17,CC DChg,28.26666666669189,-1.6998,3.9258
17,CC DChg,28.36666666668316,-1.6998,3.9256
17,CC DChg,28.46666666668898,-1.6998,3.9256
17,CC DChg,28.56666666668025,-1.6998,3.9255
17,CC DChg,28.66666666668607,-1.6998,3.9255
17,CC DChg,28.76666666669189,-1.6998,3.9254
17,CC DChg,28.86666666668316,-1.6998,3.9253
17,CC DChg,28.96666666668898,-1.6998,3.9252
17,CC DChg,29.06666666668025,-1.6998,3.9252
17,CC DChg,29.16666666668607,-1.6998,3.9251
17,CC DChg,29.26666666669189,-1.6998,3.925
17,CC DChg,29.36666666668316,-1.6998,3.925
17,CC DChg,29.46666666668898,-1.6998,3.9249
17,CC DChg,29.56666666668025,-1.6998,3.9249
17,CC DChg,29.66666666668607,-1.6998,3.9248
17,CC DChg,29.76666666669189,-1.6998,3.9247
17,CC DChg,29.86666666668316,-1.6998,3.9246
17,CC DChg,29.96666666668898,-1.6998,3.9245
17,CC DChg,30.06666666668025,-1.6998,3.9245
17,CC DChg,30.16666666668607,-1.6998,3.9244
17,CC DChg,30.26666666669189,-1.6998,3.9243
17,CC DChg,30.36666666668316,-1.6998,3.9243
17,CC DChg,30.46666666668898,-1.6998,3.9242
17,CC DChg,30.56666666668025,-1.6998,3.9241
17,CC DChg,30.66666666668607,-1.6998,3.9241
17,CC DChg,30.76666666669189,-1.6998,3.924
17,CC DChg,30.86666666668316,-1.6998,3.9239
17,CC DChg,30.96666666668898,-1.6998,3.9239
17,CC DChg,31.06666666668025,-1.6998,3.9238
17,CC DChg,31.16666666668607,-1.6998,3.9238
17,CC DChg,31.26666666669189,-1.6998,3.9237
17,CC DChg,31.36666666668316,-1.6998,3.9236
17,CC DChg,31.46666666668898,-1.6998,3.9235
17,CC DChg,31.56666666668025,-1.6998,3.9234
17,CC DChg,31.66666666668607,-1.6998,3.9234
17,CC DChg,31.76666666669189,-1.6998,3.9233
17,CC DChg,31.86666666668316,-1.6998,3.9232
17,CC DChg,31.96666666668898,-1.6998,3.9232
17,CC DChg,32.06666666668025,-1.6998,3.9231
17,CC DChg,32.16666666668607,-1.6998,3.923
17,CC DChg,32.26666666669189,-1.6998,3.9229
17,CC DChg,32.36666666668316,-1.6998,3.9229
17,CC DChg,32.46666666668898,-1.6998,3.9228
17,CC DChg,32.56666666668025,-1.6998,3.9227
17,CC DChg,32.66666666668607,-1.6998,3.9227
17,CC DChg,32.76666666669189,-1.6998,3.9226
17,CC DChg,32.86666666668316,-1.6998,3.9226
17,CC DChg,32.96666666668898,-1.6998,3.9225
17,CC DChg,33.06666666668025,-1.6998,3.9224
17,CC DChg,33.16666666668607,-1.6998,3.9224
17,CC DChg,33.26666666669189,-1.6998,3.9223
17,CC DChg,33.36666666668316,-1.6998,3.9222
17,CC DChg,33.46666666668898,-1.6998,3.9221
17,CC DChg,33.56666666668025,-1.6998,3.9221
17,CC DChg,33.66666666668607,-1.6998,3.922
17,CC DChg,33.76666666669189,-1.6998,3.9219
17,CC DChg,33.86666666668316,-1.6998,3.9219
17,CC DChg,33.96666666668898,-1.6998,3.9218
17,CC DChg,34.06666666668025,-1.6998,3.9217
17,CC DChg,34.16666666668607,-1.6998,3.9217
17,CC DChg,34.26666666669189,-1.6998,3.9216
17,CC DChg,34.36666666668316,-1.6998,3.9215
17,CC DChg,34.46666666668898,-1.6998,3.9215
17,CC DChg,34.56666666668025,-1.6998,3.9214
17,CC DChg,34.66666666668607,-1.6998,3.9213
17,CC DChg,34.76666666669189,-1.6998,3.9212
17,CC DChg,34.86666666668316,-1.6998,3.9212
17,CC DChg,34.96666666668898,-1.6998,3.9211
17,CC DChg,35.06666666668025,-1.6998,3.9211
17,CC DChg,35.16666666668607,-1.6998,3.921
17,CC DChg,35.26666666669189,-1.6998,3.921
17,CC DChg,35.36666666668316,-1.6998,3.9209
17,CC DChg,35.46666666668898,-1.6998,3.9208
17,CC DChg,35.56666666668025,-1.6998,3.9208
17,CC DChg,35.66666666668607,-1.6998,3.9207
17,CC DChg,35.76666666669189,-1.6998,3.9206
17,CC DChg,35.86666666668316,-1.6998,3.9206
17,CC DChg,35.96666666668898,-1.6998,3.9205
17,CC DChg,36.06666666668025,-1.6998,3.9204
17,CC DChg,36.16666666668607,-1.6998,3.9204
17,CC DChg,36.26666666669189,-1.6998,3.9203
17,CC DChg,36.36666666668316,-1.6998,3.9203
17,CC DChg,36.46666666668898,-1.6998,3.9202
17,CC DChg,36.56666666668025,-1.6998,3.9201
17,CC DChg,36.66666666668607,-1.6998,3.9201
17,CC DChg,36.76666666669189,-1.6998,3.92
17,CC DChg,36.86666666668316,-1.6998,3.9199
17,CC DChg,36.96666666668898,-1.6998,3.9199
17,CC DChg,37.06666666668025,-1.6998,3.9198
17,CC DChg,37.16666666668607,-1.6998,3.9198
17,CC DChg,37.26666666669189,-1.6998,3.9197
17,CC DChg,37.36666666668316,-1.6998,3.9196
17,CC DChg,37.46666666668898,-1.6998,3.9196
17,CC DChg,37.56666666668025,-1.6998,3.9195
17,CC DChg,37.66666666668607,-1.6998,3.9194
17,CC DChg,37.76666666669189,-1.6998,3.9193
17,CC DChg,37.86666666668316,-1.6998,3.9193
17,CC DChg,37.96666666668898,-1.6998,3.9193
17,CC DChg,38.06666666668025,-1.6998,3.9192
17,CC DChg,38.16666666668607,-1.6998,3.9191
17,CC DChg,38.26666666669189,-1.6998,3.9191
17,CC DChg,38.36666666668316,-1.6998,3.919
17,CC DChg,38.46666666668898,-1.6998,3.919
17,CC DChg,38.56666666668025,-1.6998,3.9189
17,CC DChg,38.66666666668607,-1.6998,3.9189
17,CC DChg,38.76666666669189,-1.6998,3.9188
17,CC DChg,38.86666666668316,-1.6998,3.9187
17,CC DChg,38.96666666668898,-1.6998,3.9187
17,CC DChg,39.06666666668025,-1.6998,3.9186
17,CC DChg,39.16666666668607,-1.6998,3.9186
17,CC DChg,39.26666666669189,-1.6998,3.9185
17,CC DChg,39.36666666668316,-1.6998,3.9184
17,CC DChg,39.46666666668898,-1.6998,3.9184
17,CC DChg,39.56666666668025,-1.6998,3.9184
17,CC DChg,39.66666666668607,-1.6998,3.9183
17,CC DChg,39.76666666669189,-1.6998,3.9182
17,CC DChg,39.86666666668316,-1.6998,3.9181
17,CC DChg,39.96666666668898,-1.6998,3.9181
17,CC DChg,40.06666666668025,-1.6998,3.918
17,CC DChg,40.16666666668607,-1.6998,3.918
17,CC DChg,40.26666666669189,-1.6998,3.9179
17,CC DChg,40.36666666668316,-1.6998,3.9178
17,CC DChg,40.46666666668898,-1.6998,3.9178
17,CC DChg,40.56666666668025,-1.6998,3.9178
17,CC DChg,40.66666666668607,-1.6998,3.9177
17,CC DChg,40.76666666669189,-1.6998,3.9176
17,CC DChg,40.86666666668316,-1.6998,3.9176
17,CC DChg,40.96666666668898,-1.6998,3.9175
17,CC DChg,41.06666666668025,-1.6998,3.9174
17,CC DChg,41.16666666668607,-1.6998,3.9174
17,CC DChg,41.26666666669189,-1.6998,3.9173
17,CC DChg,41.36666666668316,-1.6998,3.9173
17,CC DChg,41.46666666668898,-1.6998,3.9172
17,CC DChg,41.56666666668025,-1.6998,3.9172
17,CC DChg,41.66666666668607,-1.6998,3.9171
17,CC DChg,41.76666666669189,-1.6998,3.9171
17,CC DChg,41.86666666668316,-1.6998,3.917
17,CC DChg,41.96666666668898,-1.6998,3.917
17,CC DChg,42.06666666668025,-1.6998,3.9169
17,CC DChg,42.16666666668607,-1.6998,3.9168
17,CC DChg,42.26666666669189,-1.6998,3.9168
17,CC DChg,42.36666666668316,-1.6998,3.9167
17,CC DChg,42.46666666668898,-1.6998,3.9167
17,CC DChg,42.56666666668025,-1.6998,3.9166
17,CC DChg,42.66666666668607,-1.6998,3.9166
17,CC DChg,42.76666666669189,-1.6998,3.9165
17,CC DChg,42.86666666668316,-1.6998,3.9165
17,CC DChg,42.96666666668898,-1.6998,3.9164
17,CC DChg,43.06666666668025,-1.6998,3.9163
17,CC DChg,43.16666666668607,-1.6998,3.9163
17,CC DChg,43.26666666669189,-1.6998,3.9162
17,CC DChg,43.36666666668316,-1.6998,3.9162
17,CC DChg,43.46666666668898,-1.6998,3.9161
17,CC DChg,43.56666666668025,-1.6998,3.9161
17,CC DChg,43.66666666668607,-1.6998,3.916
17,CC DChg,43.76666666669189,-1.6998,3.916
17,CC DChg,43.86666666668316,-1.6998,3.9159
17,CC DChg,43.96666666668898,-1.6998,3.9159
17,CC DChg,44.06666666668025,-1.6998,3.9158
17,CC DChg,44.16666666668607,-1.6998,3.9158
17,CC DChg,44.26666666669189,-1.6998,3.9157
17,CC DChg,44.36666666668316,-1.6998,3.9157
17,CC DChg,44.46666666668898,-1.6998,3.9157
17,CC DChg,44.56666666668025,-1.6998,3.9156
17,CC DChg,44.66666666668607,-1.6998,3.9154
17,CC DChg,44.76666666669189,-1.6998,3.9154
17,CC DChg,44.86666666668316,-1.6998,3.9154
17,CC DChg,44.96666666668898,-1.6998,3.9153
17,CC DChg,45.06666666668025,-1.6998,3.9152
17,CC DChg,45.16666666668607,-1.6998,3.9152
17,CC DChg,45.26666666669189,-1.6998,3.9152
17,CC DChg,45.36666666668316,-1.6998,3.9151
17,CC DChg,45.46666666668898,-1.6998,3.9151
17,CC DChg,45.56666666668025,-1.6998,3.915
17,CC DChg,45.66666666668607,-1.6998,3.9149
17,CC DChg,45.76666666669189,-1.6998,3.9149
17,CC DChg,45.86666666668316,-1.6998,3.9148
17,CC DChg,45.96666666668898,-1.6998,3.9148
17,CC DChg,46.06666666668025,-1.6998,3.9147
17,CC DChg,46.16666666668607,-1.6998,3.9146
17,CC DChg,46.26666666669189,-1.6998,3.9146
17,CC DChg,46.36666666668316,-1.6998,3.9146
17,CC DChg,46.46666666668898,-1.6998,3.9145
17,CC DChg,46.56666666668025,-1.6998,3.9145
17,CC DChg,46.66666666668607,-1.6998,3.9144
17,CC DChg,46.76666666669189,-1.6998,3.9143
17,CC DChg,46.86666666668316,-1.6998,3.9143
17,CC DChg,46.96666666668898,-1.6998,3.9143
17,CC DChg,47.06666666668025,-1.6998,3.9142
17,CC DChg,47.16666666668607,-1.6998,3.9141
17,CC DChg,47.26666666669189,-1.6998,3.9141
17,CC DChg,47.36666666668316,-1.6998,3.9141
17,CC DChg,47.46666666668898,-1.6998,3.914
17,CC DChg,47.56666666668025,-1.6998,3.9139
17,CC DChg,47.66666666668607,-1.6998,3.9139
17,CC DChg,47.76666666669189,-1.6998,3.9139
17,CC DChg,47.86666666668316,-1.6998,3.9138
17,CC DChg,47.96666666668898,-1.6998,3.9138
17,CC DChg,48.06666666668025,-1.6998,3.9137
17,CC DChg,48.16666666668607,-1.6998,3.9136
17,CC DChg,48.26666666669189,-1.6998,3.9136
17,CC DChg,48.36666666668316,-1.6998,3.9136
17,CC DChg,48.46666666668898,-1.6998,3.9134
17,CC DChg,48.56666666668025,-1.6998,3.9134
17,CC DChg,48.66666666668607,-1.6998,3.9134
17,CC DChg,48.76666666669189,-1.6998,3.9133
17,CC DChg,48.86666666668316,-1.6998,3.9133
17,CC DChg,48.96666666668898,-1.6998,3.9132
17,CC DChg,49.06666666668025,-1.6998,3.9132
17,CC DChg,49.16666666668607,-1.6998,3.9132
17,CC DChg,49.26666666669189,-1.6998,3.9131
17,CC DChg,49.36666666668316,-1.6998,3.913
17,CC DChg,49.46666666668898,-1.6998,3.913
17,CC DChg,49.56666666668025,-1.6998,3.913
17,CC DChg,49.66666666668607,-1.6998,3.9129
17,CC DChg,49.76666666669189,-1.6998,3.9128
17,CC DChg,49.86666666668316,-1.6998,3.9127
17,CC DChg,49.96666666668898,-1.6998,3.9127
17,CC DChg,50.06666666668025,-1.6998,3.9127
17,CC DChg,50.16666666668607,-1.6998,3.9125
17,CC DChg,50.26666666669189,-1.6998,3.9125
17,CC DChg,50.36666666668316,-1.6998,3.9125
17,CC DChg,50.46666666668898,-1.6998,3.9124
17,CC DChg,50.56666666668025,-1.6998,3.9124
17,CC DChg,50.66666666668607,-1.6998,3.9124
17,CC DChg,50.76666666669189,-1.6998,3.9123
17,CC DChg,50.86666666668316,-1.6998,3.9123
17,CC DChg,50.96666666668898,-1.6998,3.9122
17,CC DChg,51.06666666668025,-1.6998,3.9122
17,CC DChg,51.16666666668607,-1.6998,3.9121
17,CC DChg,51.26666666669189,-1.6998,3.9121
17,CC DChg,51.36666666668316,-1.6998,3.912
17,CC DChg,51.46666666668898,-1.6998,3.912
17,CC DChg,51.56666666668025,-1.6998,3.912
17,CC DChg,51.66666666668607,-1.6998,3.9119
17,CC DChg,51.76666666669189,-1.6998,3.9118
17,CC DChg,51.86666666668316,-1.6998,3.9118
17,CC DChg,51.96666666668898,-1.6998,3.9118
17,CC DChg,52.06666666668025,-1.6998,3.9117
17,CC DChg,52.16666666668607,-1.6998,3.9116
17,CC DChg,52.26666666669189,-1.6998,3.9116
17,CC DChg,52.36666666668316,-1.6998,3.9116
17,CC DChg,52.46666666668898,-1.6998,3.9115
17,CC DChg,52.56666666668025,-1.6998,3.9115
17,CC DChg,52.66666666668607,-1.6998,3.9114
17,CC DChg,52.76666666669189,-1.6998,3.9114
17,CC DChg,52.86666666668316,-1.6998,3.9113
17,CC DChg,52.96666666668898,-1.6998,3.9113
17,CC DChg,53.06666666668025,-1.6998,3.9112
17,CC DChg,53.16666666668607,-1.6998,3.9112
17,CC DChg,53.26666666669189,-1.6998,3.9112
17,CC DChg,53.36666666668316,-1.6998,3.9111
17,CC DChg,53.46666666668898,-1.6998,3.911
17,CC DChg,53.56666666668025,-1.6998,3.911
17,CC DChg,53.66666666668607,-1.6998,3.9109
17,CC DChg,53.76666666669189,-1.6998,3.9109
17,CC DChg,53.86666666668316,-1.6998,3.9109
17,CC DChg,53.96666666668898,-1.6998,3.9109
17,CC DChg,54.06666666668025,-1.6998,3.9108
17,CC DChg,54.16666666668607,-1.6998,3.9107
17,CC DChg,54.26666666669189,-1.6998,3.9107
17,CC DChg,54.36666666668316,-1.6998,3.9106
17,CC DChg,54.46666666668898,-1.6998,3.9106
17,CC DChg,54.56666666668025,-1.6998,3.9105
17,CC DChg,54.66666666668607,-1.6998,3.9104
17,CC DChg,54.76666666669189,-1.6998,3.9104
17,CC DChg,54.86666666668316,-1.6998,3.9104
17,CC DChg,54.96666666668898,-1.6998,3.9103
17,CC DChg,55.06666666668025,-1.6998,3.9103
17,CC DChg,55.16666666668607,-1.6998,3.9103
17,CC DChg,55.26666666669189,-1.6998,3.9102
17,CC DChg,55.36666666668316,-1.6998,3.9101
17,CC DChg,55.46666666668898,-1.6998,3.9101
17,CC DChg,55.56666666668025,-1.6998,3.9101
17,CC DChg,55.66666666668607,-1.6998,3.91
17,CC DChg,55.76666666669189,-1.6998,3.91
17,CC DChg,55.86666666668316,-1.6998,3.9099
17,CC DChg,55.96666666668898,-1.6998,3.9099
17,CC DChg,56.06666666668025,-1.6998,3.9098
17,CC DChg,56.16666666668607,-1.6998,3.9098
17,CC DChg,56.26666666669189,-1.6998,3.9098
17,CC DChg,56.36666666668316,-1.6998,3.9098
17,CC DChg,56.46666666668898,-1.6998,3.9097
17,CC DChg,56.56666666668025,-1.6998,3.9096
17,CC DChg,56.66666666668607,-1.6998,3.9096
17,CC DChg,56.76666666669189,-1.6998,3.9095
17,CC DChg,56.86666666668316,-1.6998,3.9095
17,CC DChg,56.96666666668898,-1.6998,3.9094
17,CC DChg,57.06666666668025,-1.6998,3.9094
17,CC DChg,57.16666666668607,-1.6998,3.9093
17,CC DChg,57.26666666669189,-1.6998,3.9093
17,CC DChg,57.36666666668316,-1.6998,3.9093
17,CC DChg,57.46666666668898,-1.6998,3.9092
17,CC DChg,57.56666666668025,-1.6998,3.9092
17,CC DChg,57.66666666668607,-1.6998,3.9091
17,CC DChg,57.76666666669189,-1.6998,3.9091
17,CC DChg,57.86666666668316,-1.6998,3.909
17,CC DChg,57.96666666668898,-1.6998,3.909
17,CC DChg,58.06666666668025,-1.6998,3.9089
17,CC DChg,58.16666666668607,-1.6998,3.9089
17,CC DChg,58.26666666669189,-1.6998,3.9088
17,CC DChg,58.36666666668316,-1.6998,3.9088
17,CC DChg,58.46666666668898,-1.6998,3.9088
17,CC DChg,58.56666666668025,-1.6998,3.9087
17,CC DChg,58.66666666668607,-1.6998,3.9087
17,CC DChg,58.76666666669189,-1.6998,3.9087
17,CC DChg,58.86666666668316,-1.6998,3.9086
17,CC DChg,58.96666666668898,-1.6998,3.9085
17,CC DChg,59.06666666668025,-1.6998,3.9085
17,CC DChg,59.16666666668607,-1.6998,3.9084
17,CC DChg,59.26666666669189,-1.6998,3.9084
17,CC DChg,59.36666666668316,-1.6998,3.9084
17,CC DChg,59.46666666668898,-1.6998,3.9083
17,CC DChg,59.56666666668025,-1.6998,3.9083
17,CC DChg,59.66666666668607,-1.6998,3.9082
17,CC DChg,59.76666666669189,-1.6998,3.9082
17,CC DChg,59.86666666668316,-1.6998,3.9081
17,CC DChg,59.96666666668898,-1.6998,3.9081
17,CC DChg,60.06666666668025,-1.6998,3.9081
17,CC DChg,60.16666666668607,-1.6998,3.9081
17,CC DChg,60.26666666669189,-1.6998,3.908
17,CC DChg,60.36666666668316,-1.6998,3.9079
17,CC DChg,60.46666666668898,-1.6998,3.9079
17,CC DChg,60.56666666668025,-1.6998,3.9079
17,CC DChg,60.66666666668607,-1.6998,3.9078
17,CC DChg,60.76666666669189,-1.6998,3.9077
17,CC DChg,60.86666666668316,-1.6998,3.9078
17,CC DChg,60.96666666668898,-1.6998,3.9077
17,CC DChg,61.06666666668025,-1.6998,3.9076
17,CC DChg,61.16666666668607,-1.6998,3.9076
17,CC DChg,61.26666666669189,-1.6998,3.9076
17,CC DChg,61.36666666668316,-1.6998,3.9075
17,CC DChg,61.46666666668898,-1.6998,3.9075
17,CC DChg,61.56666666668025,-1.6998,3.9074
17,CC DChg,61.66666666668607,-1.6998,3.9074
17,CC DChg,61.76666666669189,-1.6998,3.9073
17,CC DChg,61.86666666668316,-1.6998,3.9073
17,CC DChg,61.96666666668898,-1.6998,3.9073
17,CC DChg,62.06666666668025,-1.6998,3.9072
17,CC DChg,62.16666666668607,-1.6998,3.9072
17,CC DChg,62.26666666669189,-1.6998,3.9072
17,CC DChg,62.36666666668316,-1.6998,3.9071
17,CC DChg,62.46666666668898,-1.6999,3.907
17,CC DChg,62.56666666668025,-1.6999,3.907
17,CC DChg,62.66666666668607,-1.6998,3.907
17,CC DChg,62.76666666669189,-1.6999,3.9069
17,CC DChg,62.86666666668316,-1.6999,3.9069
17,CC DChg,62.96666666668898,-1.6999,3.9069
17,CC DChg,63.06666666668025,-1.6999,3.9069
17,CC DChg,63.16666666668607,-1.6999,3.9068
17,CC DChg,63.26666666669189,-1.6999,3.9067
17,CC DChg,63.36666666668316,-1.6999,3.9067
17,CC DChg,63.46666666668898,-1.6999,3.9067
17,CC DChg,63.56666666668025,-1.6999,3.9066
17,CC DChg,63.66666666668607,-1.6999,3.9065
17,CC DChg,63.76666666669189,-1.6999,3.9065
17,CC DChg,63.86666666668316,-1.6999,3.9065
17,CC DChg,63.96666666668898,-1.6999,3.9064
17,CC DChg,64.06666666668025,-1.6999,3.9064
17,CC DChg,64.16666666668607,-1.6999,3.9064
17,CC DChg,64.26666666669189,-1.6999,3.9063
17,CC DChg,64.36666666668316,-1.6999,3.9063
17,CC DChg,64.46666666668898,-1.6999,3.9063
17,CC DChg,64.56666666668025,-1.6999,3.9062
17,CC DChg,64.66666666668607,-1.6999,3.9062
17,CC DChg,64.76666666669189,-1.6999,3.9062
17,CC DChg,64.86666666668316,-1.6999,3.9061
17,CC DChg,64.96666666668898,-1.6999,3.9061
17,CC DChg,65.06666666668025,-1.6999,3.906
17,CC DChg,65.16666666668607,-1.6999,3.906
17,CC DChg,65.26666666669189,-1.6999,3.906
17,CC DChg,65.36666666668316,-1.6999,3.9059
17,CC DChg,65.46666666668898,-1.6999,3.9059
17,CC DChg,65.56666666668025,-1.6999,3.9058
17,CC DChg,65.66666666668607,-1.6999,3.9058
17,CC DChg,65.76666666669189,-1.6999,3.9058
17,CC DChg,65.86666666668316,-1.6999,3.9058
17,CC DChg,65.96666666668898,-1.6999,3.9057
17,CC DChg,66.06666666668025,-1.6999,3.9057
17,CC DChg,66.16666666668607,-1.6999,3.9057
17,CC DChg,66.26666666669189,-1.6999,3.9056
17,CC DChg,66.36666666668316,-1.6999,3.9055
17,CC DChg,66.46666666668898,-1.6999,3.9055
17,CC DChg,66.56666666668025,-1.6999,3.9055
17,CC DChg,66.66666666668607,-1.6999,3.9055
17,CC DChg,66.76666666669189,-1.6999,3.9054
17,CC DChg,66.86666666668316,-1.6999,3.9054
17,CC DChg,66.96666666668898,-1.6999,3.9053
17,CC DChg,67.06666666668025,-1.6999,3.9053
17,CC DChg,67.16666666668607,-1.6999,3.9052
17,CC DChg,67.26666666669189,-1.6999,3.9052
17,CC DChg,67.36666666668316,-1.6999,3.9052
17,CC DChg,67.46666666668898,-1.6999,3.9052
17,CC DChg,67.56666666668025,-1.6999,3.9051
17,CC DChg,67.66666666668607,-1.6999,3.9051
17,CC DChg,67.76666666669189,-1.6999,3.905
17,CC DChg,67.86666666668316,-1.6999,3.905
17,CC DChg,67.96666666668898,-1.6999,3.905
17,CC DChg,68.06666666668025,-1.6999,3.9049
17,CC DChg,68.16666666668607,-1.6999,3.9049
17,CC DChg,68.26666666669189,-1.6999,3.9049
17,CC DChg,68.36666666668316,-1.6999,3.9048
17,CC DChg,68.46666666668898,-1.6999,3.9048
17,CC DChg,68.56666666668025,-1.6999,3.9047
17,CC DChg,68.66666666668607,-1.6999,3.9047
17,CC DChg,68.76666666669189,-1.6999,3.9046
17,CC DChg,68.86666666668316,-1.6999,3.9046
17,CC DChg,68.96666666668898,-1.6999,3.9046
17,CC DChg,69.06666666668025,-1.6999,3.9045
17,CC DChg,69.16666666668607,-1.6999,3.9044
17,CC DChg,69.26666666669189,-1.6999,3.9044
17,CC DChg,69.36666666668316,-1.6999,3.9044
17,CC DChg,69.46666666668898,-1.6998,3.9044
17,CC DChg,69.56666666668025,-1.6998,3.9043
17,CC DChg,69.66666666668607,-1.6998,3.9043
17,CC DChg,69.76666666669189,-1.6998,3.9042
17,CC DChg,69.86666666668316,-1.6998,3.9042
17,CC DChg,69.96666666668898,-1.6998,3.9042
17,CC DChg,70.06666666668025,-1.6998,3.9042
17,CC DChg,70.16666666668607,-1.6998,3.9041
17,CC DChg,70.26666666669189,-1.6998,3.9041
17,CC DChg,70.36666666668316,-1.6998,3.904
17,CC DChg,70.46666666668898,-1.6998,3.904
17,CC DChg,70.56666666668025,-1.6998,3.9039
17,CC DChg,70.66666666668607,-1.6998,3.9039
17,CC DChg,70.76666666669189,-1.6998,3.9038
17,CC DChg,70.86666666668316,-1.6998,3.9038
17,CC DChg,70.96666666668898,-1.6998,3.9038
17,CC DChg,71.06666666668025,-1.6998,3.9038
17,CC DChg,71.16666666668607,-1.6998,3.9037
17,CC DChg,71.26666666669189,-1.6998,3.9037
17,CC DChg,71.36666666668316,-1.6998,3.9036
17,CC DChg,71.46666666668898,-1.6998,3.9036
17,CC DChg,71.56666666668025,-1.6998,3.9035
17,CC DChg,71.66666666668607,-1.6998,3.9035
17,CC DChg,71.76666666669189,-1.6998,3.9035
17,CC DChg,71.86666666668316,-1.6998,3.9034
17,CC DChg,71.96666666668898,-1.6998,3.9034
17,CC DChg,72.06666666668025,-1.6998,3.9033
17,CC DChg,72.16666666668607,-1.6998,3.9033
17,CC DChg,72.26666666669189,-1.6998,3.9033
17,CC DChg,72.36666666668316,-1.6998,3.9032
17,CC DChg,72.46666666668898,-1.6998,3.9032
17,CC DChg,72.56666666668025,-1.6998,3.9032
17,CC DChg,72.66666666668607,-1.6998,3.9031
17,CC DChg,72.76666666669189,-1.6998,3.903
17,CC DChg,72.86666666668316,-1.6998,3.903
17,CC DChg,72.96666666668898,-1.6998,3.903
17,CC DChg,73.06666666668025,-1.6998,3.903
17,CC DChg,73.16666666668607,-1.6998,3.9029
17,CC DChg,73.26666666669189,-1.6998,3.9029
17,CC DChg,73.36666666668316,-1.6998,3.9029
17,CC DChg,73.46666666668898,-1.6998,3.9028
17,CC DChg,73.56666666668025,-1.6998,3.9028
17,CC DChg,73.66666666668607,-1.6998,3.9028
17,CC DChg,73.76666666669189,-1.6998,3.9027
17,CC DChg,73.86666666668316,-1.6998,3.9027
17,CC DChg,73.96666666668898,-1.6998,3.9026
17,CC DChg,74.06666666668025,-1.6998,3.9026
17,CC DChg,74.16666666668607,-1.6998,3.9026
17,CC DChg,74.26666666669189,-1.6998,3.9026
17,CC DChg,74.36666666668316,-1.6998,3.9025
17,CC DChg,74.46666666668898,-1.6998,3.9025
17,CC DChg,74.56666666668025,-1.6998,3.9024
17,CC DChg,74.65833333336923,-1.6998,3.9024
17,CC DChg,74.75,-1.6998,3.9024
17,CC DChg,74.84166666668898,-1.6998,3.9024
17,CC DChg,74.93333333334886,-1.6998,3.9023
17,CC DChg,75.02500000002328,-1.6998,3.9023
17,CC DChg,75.11666666668316,-1.6998,3.9022
17,CC DChg,75.20833333334303,-1.6998,3.9022
17,CC DChg,75.30000000000291,-1.6998,3.9022
17,CC DChg,75.39166666669189,-1.6998,3.9022
17,CC DChg,75.48333333336632,-1.6998,3.9021
18,Rest,75.57500000001164,0.0,3.9646
18,Rest,75.67424242424022,0.0,3.9646
18,Rest,75.77348484848335,0.0,3.9651
18,Rest,75.87272727272648,0.0,3.9656
18,Rest,75.97196969698416,0.0,3.9662
18,Rest,76.07121212122729,0.0,3.9668
18,Rest,76.17045454547042,0.0,3.9672
18,Rest,76.2696969697281,0.0,3.9676
18,Rest,76.36893939397123,0.0,3.9679
18,Rest,76.46818181819981,0.0,3.9683
18,Rest,76.56742424244294,0.0,3.9686
18,Rest,76.66735537193017,0.0,3.9689
18,Rest,76.76728650140285,0.0,3.9692
18,Rest,76.86721763089008,0.0,3.9694
18,Rest,76.96714876034821,0.0,3.9697
18,Rest,77.06707988980634,0.0,3.9699
18,Rest,77.16701101930812,0.0,3.9702
18,Rest,77.2669421487808,0.0,3.9703
18,Rest,77.36687327823893,0.0,3.9706
18,Rest,77.46680440772616,0.0,3.9708
18,Rest,77.56673553719884,0.0,3.971
18,Rest,77.66672927624313,0.0,3.9712
18,Rest,77.76672301530198,0.0,3.9714
18,Rest,77.86671675434627,0.0,3.9716
18,Rest,77.96671049339056,0.0,3.9718
18,Rest,78.06670423244941,0.0,3.972
18,Rest,78.1666979714646,0.0,3.9721
18,Rest,78.2666917105089,0.0,3.9724
18,Rest,78.36668544956774,0.0,3.9725
18,Rest,78.46667918861203,0.0,3.9727
18,Rest,78.56667292764178,0.0,3.9728
18,Rest,78.66667235846398,0.0,3.9729
18,Rest,78.76667178928619,0.0,3.9731
18,Rest,78.8666712201084,0.0,3.9732
18,Rest,78.96667065093061,0.0,3.9734
18,Rest,79.06667008176737,0.0,3.9736
18,Rest,79.16666951256047,0.0,3.9737
18,Rest,79.26666894341179,0.0,3.9739
18,Rest,79.36666837420489,0.0,3.974
18,Rest,79.46666780504165,0.0,3.9741
18,Rest,79.56666723586386,0.0,3.9743
18,Rest,79.66666718412307,0.0,3.9744
18,Rest,79.76666713238228,0.0,3.9746
18,Rest,79.86666708062694,0.0,3.9747
18,Rest,79.96666702888615,0.0,3.9748
18,Rest,80.06666697714536,0.0,3.975
18,Rest,80.16666692540457,0.0,3.975
18,Rest,80.26666687366378,0.0,3.9752
18,Rest,80.36666682192299,0.0,3.9753
18,Rest,80.46666677016765,0.0,3.9754
18,Rest,80.56666671842686,0.0,3.9755
18,Rest,80.66666671373241,0.0,3.9757
18,Rest,80.76666670902341,0.0,3.9757
18,Rest,80.86666670432896,0.0,3.9759
18,Rest,80.96666669960541,0.0,3.976
18,Rest,81.06666669491096,0.0,3.9761
18,Rest,81.16666669020196,0.0,3.9763
18,Rest,81.26666668550752,0.0,3.9763
18,Rest,81.36666668081307,0.0,3.9764
18,Rest,81.46666667608952,0.0,3.9765
18,Rest,81.56666667140962,0.0,3.9767
18,Rest,81.66666667096433,0.0,3.9768
18,Rest,81.76666667051904,0.0,3.9769
18,Rest,81.86666667013196,0.0,3.977
18,Rest,81.96666666968667,0.0,3.9771
18,Rest,82.06666666924139,0.0,3.9772
18,Rest,82.1666666688252,0.0,3.9773
18,Rest,82.26666666840902,0.0,3.9774
18,Rest,82.36666666796373,0.0,3.9774
18,Rest,82.46666666754754,0.0,3.9776
18,Rest,82.56666666713136,0.0,3.9776
18,Rest,82.66666666707897,0.0,3.9778
18,Rest,82.76666666704114,0.0,3.9778
18,Rest,82.8666666670033,0.0,3.9779
18,Rest,82.96666666696547,0.0,3.978
18,Rest,83.06666666692763,0.0,3.9781
18,Rest,83.1666666668898,0.0,3.9782
18,Rest,83.26666666685196,0.0,3.9783
18,Rest,83.36666666679957,0.0,3.9784
18,Rest,83.46666666676174,0.0,3.9785
18,Rest,83.5666666667239,0.0,3.9785
18,Rest,83.66666666672972,0.0,3.9787
18,Rest,83.766666666721,0.0,3.9788
18,Rest,83.86666666672681,0.0,3.9788
18,Rest,83.96666666670353,0.0,3.9789
18,Rest,84.06666666670935,0.0,3.979
18,Rest,84.16666666668607,0.0,3.9791
18,Rest,84.26666666670644,0.0,3.9791
18,Rest,84.36666666668316,0.0,3.9792
18,Rest,84.46666666668898,0.0,3.9793
18,Rest,84.56666666668025,0.0,3.9794
18,Rest,84.66666666668607,0.0,3.9795
18,Rest,84.76666666669189,0.0,3.9796
18,Rest,84.86666666668316,0.0,3.9797
18,Rest,84.96666666668898,0.0,3.9797
18,Rest,85.06666666668025,0.0,3.9798
18,Rest,85.16666666668607,0.0,3.9799
18,Rest,85.26666666669189,0.0,3.98
18,Rest,85.36666666668316,0.0,3.98
18,Rest,85.46666666668898,0.0,3.9801
18,Rest,85.56666666668025,0.0,3.9802
18,Rest,85.66666666668607,0.0,3.9803
18,Rest,85.76666666669189,0.0,3.9803
18,Rest,85.86666666668316,0.0,3.9804
18,Rest,85.96666666668898,0.0,3.9805
18,Rest,86.06666666668025,0.0,3.9805
18,Rest,86.16666666668607,0.0,3.9806
18,Rest,86.26666666669189,0.0,3.9807
18,Rest,86.36666666668316,0.0,3.9808
18,Rest,86.46666666668898,0.0,3.9809
18,Rest,86.56666666668025,0.0,3.9809
18,Rest,86.66666666668607,0.0,3.981
18,Rest,86.76666666669189,0.0,3.981
18,Rest,86.86666666668316,0.0,3.9811
18,Rest,86.96666666668898,0.0,3.9811
18,Rest,87.06666666668025,0.0,3.9812
18,Rest,87.16666666668607,0.0,3.9814
18,Rest,87.26666666669189,0.0,3.9814
18,Rest,87.36666666668316,0.0,3.9815
18,Rest,87.46666666668898,0.0,3.9815
18,Rest,87.56666666668025,0.0,3.9816
18,Rest,87.66666666668607,0.0,3.9817
18,Rest,87.76666666669189,0.0,3.9817
18,Rest,87.86666666668316,0.0,3.9818
18,Rest,87.96666666668898,0.0,3.9819
18,Rest,88.06666666668025,0.0,3.982
18,Rest,88.16666666668607,0.0,3.9821
18,Rest,88.26666666669189,0.0,3.9821
18,Rest,88.36666666668316,0.0,3.9821
18,Rest,88.46666666668898,0.0,3.9822
18,Rest,88.56666666668025,0.0,3.9823
18,Rest,88.66666666668607,0.0,3.9824
18,Rest,88.76666666669189,0.0,3.9824
18,Rest,88.86666666668316,0.0,3.9825
18,Rest,88.96666666668898,0.0,3.9826
18,Rest,89.06666666668025,0.0,3.9826
18,Rest,89.16666666668607,0.0,3.9827
18,Rest,89.26666666669189,0.0,3.9827
18,Rest,89.36666666668316,0.0,3.9828
18,Rest,89.46666666668898,0.0,3.9829
18,Rest,89.56666666668025,0.0,3.9829
18,Rest,89.66666666668607,0.0,3.983
18,Rest,89.76666666669189,0.0,3.983
18,Rest,89.86666666668316,0.0,3.9831
18,Rest,89.96666666668898,0.0,3.9832
18,Rest,90.06666666668025,0.0,3.9832
18,Rest,90.16666666668607,0.0,3.9833
18,Rest,90.26666666669189,0.0,3.9834
18,Rest,90.36666666668316,0.0,3.9834
18,Rest,90.46666666668898,0.0,3.9835
18,Rest,90.56666666668025,0.0,3.9835
18,Rest,90.66666666668607,0.0,3.9836
18,Rest,90.76666666669189,0.0,3.9836
18,Rest,90.86666666668316,0.0,3.9836
18,Rest,90.96666666668898,0.0,3.9838
18,Rest,91.06666666668025,0.0,3.9838
18,Rest,91.16666666668607,0.0,3.9839
18,Rest,91.26666666669189,0.0,3.9839
18,Rest,91.36666666668316,0.0,3.9839
18,Rest,91.46666666668898,0.0,3.9841
18,Rest,91.56666666668025,0.0,3.9841
18,Rest,91.66666666668607,0.0,3.9842
18,Rest,91.76666666669189,0.0,3.9842
18,Rest,91.86666666668316,0.0,3.9843
18,Rest,91.96666666668898,0.0,3.9843
18,Rest,92.06666666668025,0.0,3.9844
18,Rest,92.16666666668607,0.0,3.9844
18,Rest,92.26666666669189,0.0,3.9845
18,Rest,92.36666666668316,0.0,3.9845
18,Rest,92.46666666668898,0.0,3.9846
18,Rest,92.56666666668025,0.0,3.9846
18,Rest,92.66666666668607,0.0,3.9847
18,Rest,92.76666666669189,0.0,3.9848
18,Rest,92.86666666668316,0.0,3.9848
18,Rest,92.96666666668898,0.0,3.9848
18,Rest,93.06666666668025,0.0,3.9849
18,Rest,93.16666666668607,0.0,3.9849
18,Rest,93.26666666669189,0.0,3.985
18,Rest,93.36666666668316,0.0,3.9851
18,Rest,93.46666666668898,0.0,3.9851
18,Rest,93.56666666668025,0.0,3.9852
18,Rest,93.66666666668607,0.0,3.9852
18,Rest,93.76666666669189,0.0,3.9852
18,Rest,93.86666666668316,0.0,3.9853
18,Rest,93.96666666668898,0.0,3.9854
18,Rest,94.06666666668025,0.0,3.9854
18,Rest,94.16666666668607,0.0,3.9854
18,Rest,94.26666666669189,0.0,3.9855
18,Rest,94.36666666668316,0.0,3.9856
18,Rest,94.46666666668898,0.0,3.9856
18,Rest,94.56666666668025,0.0,3.9857
18,Rest,94.66666666668607,0.0,3.9858
18,Rest,94.76666666669189,0.0,3.9858
18,Rest,94.86666666668316,0.0,3.9859
18,Rest,94.96666666668898,0.0,3.9859
18,Rest,95.06666666668025,0.0,3.986
18,Rest,95.16666666668607,0.0,3.986
18,Rest,95.26666666669189,0.0,3.9861
18,Rest,95.36666666668316,0.0,3.9862
18,Rest,95.46666666668898,0.0,3.9862
18,Rest,95.56666666668025,0.0,3.9863
18,Rest,95.66666666668607,0.0,3.9863
18,Rest,95.76666666669189,0.0,3.9864
18,Rest,95.86666666668316,0.0,3.9864
18,Rest,95.96666666668898,0.0,3.9864
18,Rest,96.06666666668025,0.0,3.9865
18,Rest,96.16666666668607,0.0,3.9865
18,Rest,96.26666666669189,0.0,3.9866
18,Rest,96.36666666668316,0.0,3.9867
18,Rest,96.46666666668898,0.0,3.9867
18,Rest,96.56666666668025,0.0,3.9867
18,Rest,96.66666666668607,0.0,3.9868
18,Rest,96.76666666669189,0.0,3.9868
18,Rest,96.86666666668316,0.0,3.9869
18,Rest,96.96666666668898,0.0,3.9869
18,Rest,97.06666666668025,0.0,3.987
18,Rest,97.16666666668607,0.0,3.987
18,Rest,97.26666666669189,0.0,3.987
18,Rest,97.36666666668316,0.0,3.9871
18,Rest,97.46666666668898,0.0,3.9871
18,Rest,97.56666666668025,0.0,3.9872
18,Rest,97.66666666668607,0.0,3.9872
18,Rest,97.76666666669189,0.0,3.9873
18,Rest,97.86666666668316,0.0,3.9873
18,Rest,97.96666666668898,0.0,3.9874
18,Rest,98.06666666668025,0.0,3.9874
18,Rest,98.16666666668607,0.0,3.9875
18,Rest,98.26666666669189,0.0,3.9875
18,Rest,98.36666666668316,0.0,3.9875
18,Rest,98.46666666668898,0.0,3.9876
18,Rest,98.56666666668025,0.0,3.9876
18,Rest,98.66666666668607,0.0,3.9877
18,Rest,98.76666666669189,0.0,3.9877
18,Rest,98.86666666668316,0.0,3.9877
18,Rest,98.96666666668898,0.0,3.9878
18,Rest,99.06666666668025,0.0,3.9879
18,Rest,99.16666666668607,0.0,3.9879
18,Rest,99.26666666669189,0.0,3.988
18,Rest,99.36666666668316,0.0,3.988
18,Rest,99.46666666668898,0.0,3.988
18,Rest,99.56666666668025,0.0,3.9881
18,Rest,99.66666666668607,0.0,3.9882
18,Rest,99.76666666669189,0.0,3.9882
18,Rest,99.86666666668316,0.0,3.9882
18,Rest,99.96666666668898,0.0,3.9883
18,Rest,100.06666666668025,0.0,3.9883
18,Rest,100.16666666668607,0.0,3.9883
18,Rest,100.26666666669189,0.0,3.9884
18,Rest,100.36666666668316,0.0,3.9884
18,Rest,100.46666666668898,0.0,3.9885
18,Rest,100.56666666668025,0.0,3.9885
18,Rest,100.66666666668607,0.0,3.9885
18,Rest,100.76666666669189,0.0,3.9886
18,Rest,100.86666666668316,0.0,3.9886
18,Rest,100.96666666668898,0.0,3.9886
18,Rest,101.06666666668025,0.0,3.9887
18,Rest,101.16666666668607,0.0,3.9887
18,Rest,101.26666666669189,0.0,3.9888
18,Rest,101.36666666668316,0.0,3.9888
18,Rest,101.46666666668898,0.0,3.9888
18,Rest,101.56666666668025,0.0,3.9889
18,Rest,101.66666666668607,0.0,3.9889
18,Rest,101.76666666669189,0.0,3.9889
18,Rest,101.86666666668316,0.0,3.989
18,Rest,101.96666666668898,0.0,3.989
18,Rest,102.06666666668025,0.0,3.989
18,Rest,102.16666666668607,0.0,3.9891
18,Rest,102.26666666669189,0.0,3.9891
18,Rest,102.36666666668316,0.0,3.9892
18,Rest,102.46666666668898,0.0,3.9892
18,Rest,102.56666666668025,0.0,3.9892
18,Rest,102.66666666668607,0.0,3.9892
18,Rest,102.76666666669189,0.0,3.9893
18,Rest,102.86666666668316,0.0,3.9894
18,Rest,102.96666666668898,0.0,3.9894
18,Rest,103.06666666668025,0.0,3.9894
18,Rest,103.16666666668607,0.0,3.9895
18,Rest,103.26666666669189,0.0,3.9895
18,Rest,103.36666666668316,0.0,3.9896
18,Rest,103.46666666668898,0.0,3.9896
18,Rest,103.56666666668025,0.0,3.9897
18,Rest,103.66666666668607,0.0,3.9897
18,Rest,103.76666666669189,0.0,3.9897
18,Rest,103.86666666668316,0.0,3.9898
18,Rest,103.96666666668898,0.0,3.9898
18,Rest,104.06666666668025,0.0,3.9898
18,Rest,104.16666666668607,0.0,3.9899
18,Rest,104.26666666669189,0.0,3.9899
18,Rest,104.36666666668316,0.0,3.9899
18,Rest,104.46666666668898,0.0,3.9899
18,Rest,104.56666666668025,0.0,3.99
18,Rest,104.66666666668607,0.0,3.99
18,Rest,104.76666666669189,0.0,3.9901
18,Rest,104.86666666668316,0.0,3.9901
18,Rest,104.96666666668898,0.0,3.9902
18,Rest,105.06666666668025,0.0,3.9902
18,Rest,105.16666666668607,0.0,3.9902
18,Rest,105.26666666669189,0.0,3.9903
18,Rest,105.36666666668316,0.0,3.9903
18,Rest,105.46666666668898,0.0,3.9904
18,Rest,105.56666666668025,0.0,3.9904
18,Rest,105.66666666668607,0.0,3.9904
18,Rest,105.76666666669189,0.0,3.9904
18,Rest,105.86666666668316,0.0,3.9905
18,Rest,105.96666666668898,0.0,3.9905
18,Rest,106.06666666668025,0.0,3.9905
18,Rest,106.16666666668607,0.0,3.9906
18,Rest,106.26666666669189,0.0,3.9906
18,Rest,106.36666666668316,0.0,3.9907
18,Rest,106.46666666668898,0.0,3.9907
18,Rest,106.56666666668025,0.0,3.9908
18,Rest,106.66666666668607,0.0,3.9908
18,Rest,106.76666666669189,0.0,3.9908
18,Rest,106.86666666668316,0.0,3.9909
18,Rest,106.96666666668898,0.0,3.9909
18,Rest,107.06666666668025,0.0,3.9909
18,Rest,107.16666666668607,0.0,3.9909
18,Rest,107.26666666669189,0.0,3.991
18,Rest,107.36666666668316,0.0,3.991
18,Rest,107.46666666668898,0.0,3.991
18,Rest,107.56666666668025,0.0,3.9911
18,Rest,107.66666666668607,0.0,3.9911
18,Rest,107.76666666669189,0.0,3.9912
18,Rest,107.86666666668316,0.0,3.9912
18,Rest,107.96666666668898,0.0,3.9912
18,Rest,108.06666666668025,0.0,3.9913
18,Rest,108.16666666668607,0.0,3.9913
18,Rest,108.26666666669189,0.0,3.9913
18,Rest,108.36666666668316,0.0,3.9913
18,Rest,108.46666666668898,0.0,3.9913
18,Rest,108.56666666668025,0.0,3.9914
18,Rest,108.66666666668607,0.0,3.9914
18,Rest,108.76666666669189,0.0,3.9915
18,Rest,108.86666666668316,0.0,3.9915
18,Rest,108.96666666668898,0.0,3.9916
18,Rest,109.06666666668025,0.0,3.9916
18,Rest,109.16666666668607,0.0,3.9916
18,Rest,109.26666666669189,0.0,3.9917
18,Rest,109.36666666668316,0.0,3.9917
18,Rest,109.46666666668898,0.0,3.9917
18,Rest,109.56666666668025,0.0,3.9917
18,Rest,109.66666666668607,0.0,3.9918
18,Rest,109.76666666669189,0.0,3.9918
18,Rest,109.86666666668316,0.0,3.9918
18,Rest,109.96666666668898,0.0,3.9918
18,Rest,110.06666666668025,0.0,3.9919
18,Rest,110.16666666668607,0.0,3.9919
18,Rest,110.26666666669189,0.0,3.9919
18,Rest,110.36666666668316,0.0,3.9919
18,Rest,110.46666666668898,0.0,3.992
18,Rest,110.56666666668025,0.0,3.992
18,Rest,110.66666666668607,0.0,3.992
18,Rest,110.76666666669189,0.0,3.9921
18,Rest,110.86666666668316,0.0,3.9921
18,Rest,110.96666666668898,0.0,3.9922
18,Rest,111.06666666668025,0.0,3.9922
18,Rest,111.16666666668607,0.0,3.9922
18,Rest,111.26666666669189,0.0,3.9923
18,Rest,111.36666666668316,0.0,3.9923
18,Rest,111.46666666668898,0.0,3.9923
18,Rest,111.56666666668025,0.0,3.9923
18,Rest,111.66666666668607,0.0,3.9924
18,Rest,111.76666666669189,0.0,3.9924
18,Rest,111.86666666668316,0.0,3.9924
18,Rest,111.96666666668898,0.0,3.9925
18,Rest,112.06666666668025,0.0,3.9925
18,Rest,112.16666666668607,0.0,3.9925
18,Rest,112.26666666669189,0.0,3.9925
18,Rest,112.36666666668316,0.0,3.9926
18,Rest,112.46666666668898,0.0,3.9926
18,Rest,112.56666666668025,0.0,3.9926
18,Rest,112.66666666668607,0.0,3.9927
18,Rest,112.76666666669189,0.0,3.9927
18,Rest,112.86666666668316,0.0,3.9928
18,Rest,112.96666666668898,0.0,3.9928
18,Rest,113.06666666668025,0.0,3.9928
18,Rest,113.16666666668607,0.0,3.9929
18,Rest,113.26666666669189,0.0,3.9929
18,Rest,113.36666666668316,0.0,3.9929
18,Rest,113.46666666668898,0.0,3.9929
18,Rest,113.56666666668025,0.0,3.993
18,Rest,113.66666666668607,0.0,3.993
18,Rest,113.76666666669189,0.0,3.993
18,Rest,113.86666666668316,0.0,3.993
18,Rest,113.96666666668898,0.0,3.9931
18,Rest,114.06666666668025,0.0,3.9931
18,Rest,114.16666666668607,0.0,3.9931
18,Rest,114.26666666669189,0.0,3.9932
18,Rest,114.36666666668316,0.0,3.9932
18,Rest,114.46666666668898,0.0,3.9932
18,Rest,114.56666666668025,0.0,3.9933
18,Rest,114.66666666668607,0.0,3.9933
18,Rest,114.76666666669189,0.0,3.9933
18,Rest,114.86666666668316,0.0,3.9933
18,Rest,114.96666666668898,0.0,3.9933
18,Rest,115.06666666668025,0.0,3.9934
18,Rest,115.16666666668607,0.0,3.9934
18,Rest,115.26666666669189,0.0,3.9935
18,Rest,115.36666666668316,0.0,3.9935
18,Rest,115.46666666668898,0.0,3.9935
18,Rest,115.56666666668025,0.0,3.9935
18,Rest,115.66666666668607,0.0,3.9936
18,Rest,115.76666666669189,0.0,3.9936
18,Rest,115.86666666668316,0.0,3.9937
18,Rest,115.96666666668898,0.0,3.9937
18,Rest,116.06666666668025,0.0,3.9937
18,Rest,116.16666666668607,0.0,3.9937
18,Rest,116.26666666669189,0.0,3.9938
18,Rest,116.36666666668316,0.0,3.9938
18,Rest,116.46666666668898,0.0,3.9938
18,Rest,116.56666666668025,0.0,3.9938
18,Rest,116.66666666668607,0.0,3.9939
18,Rest,116.76666666669189,0.0,3.9939
18,Rest,116.86666666668316,0.0,3.9939
18,Rest,116.96666666668898,0.0,3.9939
18,Rest,117.06666666668025,0.0,3.9939
18,Rest,117.16666666668607,0.0,3.9939
18,Rest,117.26666666669189,0.0,3.994
18,Rest,117.36666666668316,0.0,3.994
18,Rest,117.46666666668898,0.0,3.994
18,Rest,117.56666666668025,0.0,3.994
18,Rest,117.66666666668607,0.0,3.994
18,Rest,117.76666666669189,0.0,3.9941
18,Rest,117.86666666668316,0.0,3.9941
18,Rest,117.96666666668898,0.0,3.9941
18,Rest,118.06666666668025,0.0,3.9942
18,Rest,118.16666666668607,0.0,3.9941
18,Rest,118.26666666669189,0.0,3.9942
18,Rest,118.36666666668316,0.0,3.9942
18,Rest,118.46666666668898,0.0,3.9942
18,Rest,118.56666666668025,0.0,3.9942
18,Rest,118.66666666668607,0.0,3.9943
18,Rest,118.76666666669189,0.0,3.9943
18,Rest,118.86666666668316,0.0,3.9944
18,Rest,118.96666666668898,0.0,3.9944
18,Rest,119.06666666668025,0.0,3.9944
18,Rest,119.16666666668607,0.0,3.9944
18,Rest,119.26666666669189,0.0,3.9944
18,Rest,119.36666666668316,0.0,3.9944
18,Rest,119.46666666668898,0.0,3.9944
18,Rest,119.56666666668025,0.0,3.9945
18,Rest,119.66666666668607,0.0,3.9945
18,Rest,119.76666666669189,0.0,3.9945
18,Rest,119.86666666668316,0.0,3.9945
18,Rest,119.96666666668898,0.0,3.9945
18,Rest,120.06666666668025,0.0,3.9946
18,Rest,120.16666666668607,0.0,3.9946
18,Rest,120.26666666669189,0.0,3.9947
18,Rest,120.36666666668316,0.0,3.9947
18,Rest,120.46666666668898,0.0,3.9947
18,Rest,120.56666666668025,0.0,3.9947
18,Rest,120.66666666668607,0.0,3.9947
18,Rest,120.76666666669189,0.0,3.9948
18,Rest,120.86666666668316,0.0,3.9948
18,Rest,120.96666666668898,0.0,3.9949
18,Rest,121.06666666668025,0.0,3.9948
18,Rest,121.16666666668607,0.0,3.9949
18,Rest,121.26666666669189,0.0,3.9949
18,Rest,121.36666666668316,0.0,3.9949
18,Rest,121.46666666668898,0.0,3.9949
18,Rest,121.56666666668025,0.0,3.995
18,Rest,121.66666666668607,0.0,3.995
18,Rest,121.76666666669189,0.0,3.995
18,Rest,121.86666666668316,0.0,3.9951
18,Rest,121.96666666668898,0.0,3.9951
18,Rest,122.06666666668025,0.0,3.9951
18,Rest,122.16666666668607,0.0,3.9951
18,Rest,122.26666666669189,0.0,3.9951
18,Rest,122.36666666668316,0.0,3.9952
18,Rest,122.46666666668898,0.0,3.9952
18,Rest,122.56666666668025,0.0,3.9952
18,Rest,122.66666666668607,0.0,3.9952
18,Rest,122.76666666669189,0.0,3.9953
18,Rest,122.86666666668316,0.0,3.9953
18,Rest,122.96666666668898,0.0,3.9953
18,Rest,123.06666666668025,0.0,3.9953
18,Rest,123.16666666668607,0.0,3.9953
18,Rest,123.26666666669189,0.0,3.9954
18,Rest,123.36666666668316,0.0,3.9954
18,Rest,123.46666666668898,0.0,3.9954
18,Rest,123.56666666668025,0.0,3.9955
18,Rest,123.66666666668607,0.0,3.9955
18,Rest,123.76666666669189,0.0,3.9955
18,Rest,123.86666666668316,0.0,3.9955
18,Rest,123.96666666668898,0.0,3.9956
18,Rest,124.06666666668025,0.0,3.9956
18,Rest,124.16666666668607,0.0,3.9956
18,Rest,124.26666666669189,0.0,3.9956
18,Rest,124.36666666668316,0.0,3.9956
18,Rest,124.46666666668898,0.0,3.9957
18,Rest,124.56666666668025,0.0,3.9957
18,Rest,124.66666666668607,0.0,3.9957
18,Rest,124.76666666669189,0.0,3.9957
18,Rest,124.86666666668316,0.0,3.9958
18,Rest,124.96666666668898,0.0,3.9958
18,Rest,125.06666666668025,0.0,3.9958
18,Rest,125.16666666668607,0.0,3.9958
18,Rest,125.26666666669189,0.0,3.9958
18,Rest,125.36666666668316,0.0,3.9958
18,Rest,125.46666666668898,0.0,3.9959
18,Rest,125.56666666668025,0.0,3.9959
18,Rest,125.66666666668607,0.0,3.9959
18,Rest,125.76666666669189,0.0,3.996
18,Rest,125.86666666668316,0.0,3.996
18,Rest,125.96666666668898,0.0,3.996
18,Rest,126.06666666668025,0.0,3.996
18,Rest,126.16666666668607,0.0,3.9961
18,Rest,126.26666666669189,0.0,3.9961
18,Rest,126.36666666668316,0.0,3.9961
18,Rest,126.46666666668898,0.0,3.9961
18,Rest,126.56666666668025,0.0,3.9961
18,Rest,126.66666666668607,0.0,3.9961
18,Rest,126.76666666669189,0.0,3.9962
18,Rest,126.86666666668316,0.0,3.9962
18,Rest,126.96666666668898,0.0,3.9962
18,Rest,127.06666666668025,0.0,3.9963
18,Rest,127.16666666668607,0.0,3.9963
18,Rest,127.26666666669189,0.0,3.9963
18,Rest,127.36666666668316,0.0,3.9963
18,Rest,127.46666666668898,0.0,3.9963
18,Rest,127.56666666668025,0.0,3.9964
18,Rest,127.66666666668607,0.0,3.9964
18,Rest,127.76666666669189,0.0,3.9964
18,Rest,127.86666666668316,0.0,3.9964
18,Rest,127.96666666668898,0.0,3.9965
18,Rest,128.06666666668025,0.0,3.9965
18,Rest,128.16666666668607,0.0,3.9965
18,Rest,128.2666666666919,0.0,3.9965
18,Rest,128.36666666668316,0.0,3.9965
18,Rest,128.46666666668898,0.0,3.9966
18,Rest,128.56666666668025,0.0,3.9966
18,Rest,128.66666666668607,0.0,3.9966
18,Rest,128.7666666666919,0.0,3.9966
18,Rest,128.86666666668316,0.0,3.9967
18,Rest,128.96666666668898,0.0,3.9967
18,Rest,129.06666666668025,0.0,3.9967
18,Rest,129.16666666668607,0.0,3.9967
18,Rest,129.2666666666919,0.0,3.9967
18,Rest,129.36666666668316,0.0,3.9968
18,Rest,129.46666666668898,0.0,3.9968
18,Rest,129.56666666668025,0.0,3.9968
18,Rest,129.66666666668607,0.0,3.9968
18,Rest,129.7666666666919,0.0,3.9968
18,Rest,129.86666666668316,0.0,3.9969
18,Rest,129.96666666668898,0.0,3.9969
18,Rest,130.06666666668025,0.0,3.9969
18,Rest,130.16666666668607,0.0,3.9969
18,Rest,130.2666666666919,0.0,3.9969
18,Rest,130.36666666668316,0.0,3.9969
18,Rest,130.46666666668898,0.0,3.9969
18,Rest,130.56666666668025,0.0,3.997
18,Rest,130.66666666668607,0.0,3.997
18,Rest,130.7666666666919,0.0,3.997
18,Rest,130.86666666668316,0.0,3.997
18,Rest,130.96666666668898,0.0,3.9971
18,Rest,131.06666666668025,0.0,3.9971
18,Rest,131.16666666668607,0.0,3.9971
18,Rest,131.2666666666919,0.0,3.9971
18,Rest,131.36666666668316,0.0,3.9971
18,Rest,131.46666666668898,0.0,3.9971
18,Rest,131.56666666668025,0.0,3.9972
18,Rest,131.66666666668607,0.0,3.9972
18,Rest,131.7666666666919,0.0,3.9972
18,Rest,131.86666666668316,0.0,3.9972
18,Rest,131.96666666668898,0.0,3.9972
18,Rest,132.06666666668025,0.0,3.9972
18,Rest,132.16666666668607,0.0,3.9972
18,Rest,132.2666666666919,0.0,3.9972
18,Rest,132.36666666668316,0.0,3.9973
18,Rest,132.46666666668898,0.0,3.9973
18,Rest,132.56666666668025,0.0,3.9974
18,Rest,132.66666666668607,0.0,3.9974
18,Rest,132.7666666666919,0.0,3.9974
18,Rest,132.86666666668316,0.0,3.9974
18,Rest,132.96666666668898,0.0,3.9974
18,Rest,133.06666666668025,0.0,3.9974
18,Rest,133.16666666668607,0.0,3.9975
18,Rest,133.2666666666919,0.0,3.9974
18,Rest,133.36666666668316,0.0,3.9975
18,Rest,133.46666666668898,0.0,3.9975
18,Rest,133.56666666668025,0.0,3.9975
18,Rest,133.66666666668607,0.0,3.9975
18,Rest,133.7666666666919,0.0,3.9976
18,Rest,133.86666666668316,0.0,3.9976
18,Rest,133.96666666668898,0.0,3.9976
18,Rest,134.06666666668025,0.0,3.9977
18,Rest,134.16666666668607,0.0,3.9977
18,Rest,134.2666666666919,0.0,3.9977
18,Rest,134.36666666668316,0.0,3.9977
18,Rest,134.46666666668898,0.0,3.9977
18,Rest,134.56666666668025,0.0,3.9978
18,Rest,134.66666666668607,0.0,3.9978
18,Rest,134.7666666666919,0.0,3.9978
18,Rest,134.86666666668316,0.0,3.9978
18,Rest,134.96666666668898,0.0,3.9978
18,Rest,135.06666666668025,0.0,3.9978
18,Rest,135.16666666668607,0.0,3.9978
18,Rest,135.2666666666919,0.0,3.9978
18,Rest,135.36666666668316,0.0,3.9979
18,Rest,135.46666666668898,0.0,3.9979
18,Rest,135.56666666668025,0.0,3.9979
18,Rest,135.66666666668607,0.0,3.9979
18,Rest,135.7666666666919,0.0,3.998
18,Rest,135.86666666668316,0.0,3.998
18,Rest,135.96666666668898,0.0,3.998
18,Rest,136.06666666668025,0.0,3.998
18,Rest,136.16666666668607,0.0,3.998
18,Rest,136.2666666666919,0.0,3.998
18,Rest,136.36666666668316,0.0,3.998
18,Rest,136.46666666668898,0.0,3.998
18,Rest,136.56666666668025,0.0,3.998
18,Rest,136.66666666668607,0.0,3.9981
18,Rest,136.7666666666919,0.0,3.9981
18,Rest,136.86666666668316,0.0,3.9981
18,Rest,136.96666666668898,0.0,3.9981
18,Rest,137.06666666668025,0.0,3.9981
18,Rest,137.16666666668607,0.0,3.9981
18,Rest,137.2666666666919,0.0,3.9981
18,Rest,137.36666666668316,0.0,3.9982
18,Rest,137.46666666668898,0.0,3.9982
18,Rest,137.56666666668025,0.0,3.9982
18,Rest,137.66666666668607,0.0,3.9982
18,Rest,137.7666666666919,0.0,3.9983
18,Rest,137.86666666668316,0.0,3.9982
18,Rest,137.96666666668898,0.0,3.9983
18,Rest,138.06666666668025,0.0,3.9983
18,Rest,138.16666666668607,0.0,3.9983
18,Rest,138.2666666666919,0.0,3.9983
18,Rest,138.36666666668316,0.0,3.9984
18,Rest,138.46666666668898,0.0,3.9984
18,Rest,138.56666666668025,0.0,3.9983
18,Rest,138.66666666668607,0.0,3.9984
18,Rest,138.7666666666919,0.0,3.9984
18,Rest,138.86666666668316,0.0,3.9984
18,Rest,138.96666666668898,0.0,3.9984
18,Rest,139.06666666668025,0.0,3.9984
18,Rest,139.16666666668607,0.0,3.9985
18,Rest,139.2666666666919,0.0,3.9985
18,Rest,139.36666666668316,0.0,3.9986
18,Rest,139.46666666668898,0.0,3.9986
18,Rest,139.56666666668025,0.0,3.9986
18,Rest,139.66666666668607,0.0,3.9986
18,Rest,139.7666666666919,0.0,3.9986
18,Rest,139.86666666668316,0.0,3.9986
18,Rest,139.96666666668898,0.0,3.9986
18,Rest,140.06666666668025,0.0,3.9986
18,Rest,140.16666666668607,0.0,3.9986
18,Rest,140.2666666666919,0.0,3.9987
18,Rest,140.36666666668316,0.0,3.9987
18,Rest,140.46666666668898,0.0,3.9987
18,Rest,140.56666666668025,0.0,3.9987
18,Rest,140.66666666668607,0.0,3.9988
18,Rest,140.7666666666919,0.0,3.9988
18,Rest,140.86666666668316,0.0,3.9988
18,Rest,140.96666666668898,0.0,3.9988
18,Rest,141.06666666668025,0.0,3.9988
18,Rest,141.16666666668607,0.0,3.9988
18,Rest,141.2666666666919,0.0,3.9988
18,Rest,141.36666666668316,0.0,3.9989
18,Rest,141.46666666668898,0.0,3.9989
18,Rest,141.56666666668025,0.0,3.9989
18,Rest,141.66666666668607,0.0,3.9989
18,Rest,141.7666666666919,0.0,3.9989
18,Rest,141.86666666668316,0.0,3.999
18,Rest,141.96666666668898,0.0,3.9989
18,Rest,142.06666666668025,0.0,3.999
18,Rest,142.16666666668607,0.0,3.999
18,Rest,142.2666666666919,0.0,3.999
18,Rest,142.36666666668316,0.0,3.999
18,Rest,142.46666666668898,0.0,3.999
18,Rest,142.56666666668025,0.0,3.999
18,Rest,142.66666666668607,0.0,3.9991
18,Rest,142.7666666666919,0.0,3.9991
18,Rest,142.86666666668316,0.0,3.9991
18,Rest,142.96666666668898,0.0,3.9991
18,Rest,143.06666666668025,0.0,3.9992
18,Rest,143.16666666668607,0.0,3.9992
18,Rest,143.2666666666919,0.0,3.9992
18,Rest,143.36666666668316,0.0,3.9992
18,Rest,143.46666666668898,0.0,3.9992
18,Rest,143.56666666668025,0.0,3.9992
18,Rest,143.66666666668607,0.0,3.9992
18,Rest,143.7666666666919,0.0,3.9993
18,Rest,143.86666666668316,0.0,3.9993
18,Rest,143.96666666668898,0.0,3.9993
18,Rest,144.06666666668025,0.0,3.9993
18,Rest,144.16666666668607,0.0,3.9993
18,Rest,144.2666666666919,0.0,3.9993
18,Rest,144.36666666668316,0.0,3.9993
18,Rest,144.46666666668898,0.0,3.9994
18,Rest,144.56666666668025,0.0,3.9994
18,Rest,144.66666666668607,0.0,3.9994
18,Rest,144.7666666666919,0.0,3.9994
18,Rest,144.86666666668316,0.0,3.9994
18,Rest,144.96666666668898,0.0,3.9994
18,Rest,145.06666666668025,0.0,3.9995
18,Rest,145.16666666668607,0.0,3.9995
18,Rest,145.2666666666919,0.0,3.9995
18,Rest,145.36666666668316,0.0,3.9995
18,Rest,145.46666666668898,0.0,3.9995
18,Rest,145.56666666668025,0.0,3.9996
18,Rest,145.66666666668607,0.0,3.9995
18,Rest,145.7666666666919,0.0,3.9996
18,Rest,145.86666666668316,0.0,3.9996
18,Rest,145.96666666668898,0.0,3.9996
18,Rest,146.06666666668025,0.0,3.9996
18,Rest,146.16666666668607,0.0,3.9996
18,Rest,146.2666666666919,0.0,3.9996
18,Rest,146.36666666668316,0.0,3.9997
18,Rest,146.46666666668898,0.0,3.9997
18,Rest,146.56666666668025,0.0,3.9997
18,Rest,146.66666666668607,0.0,3.9997
18,Rest,146.7666666666919,0.0,3.9997
18,Rest,146.86666666668316,0.0,3.9997
18,Rest,146.96666666668898,0.0,3.9998
18,Rest,147.06666666668025,0.0,3.9997
18,Rest,147.16666666668607,0.0,3.9998
18,Rest,147.2666666666919,0.0,3.9998
18,Rest,147.36666666668316,0.0,3.9997
18,Rest,147.46666666668898,0.0,3.9997
18,Rest,147.56666666668025,0.0,3.9998
18,Rest,147.66666666668607,0.0,3.9998
18,Rest,147.7666666666919,0.0,3.9998
18,Rest,147.86666666668316,0.0,3.9998
18,Rest,147.96666666668898,0.0,3.9998
18,Rest,148.06666666668025,0.0,3.9998
18,Rest,148.16666666668607,0.0,3.9999
18,Rest,148.2666666666919,0.0,3.9999
18,Rest,148.36666666668316,0.0,3.9999
18,Rest,148.46666666668898,0.0,3.9999
18,Rest,148.56666666668025,0.0,3.9999
18,Rest,148.66666666668607,0.0,3.9999
18,Rest,148.7666666666919,0.0,3.9999
18,Rest,148.86666666668316,0.0,3.9999
18,Rest,148.96666666668898,0.0,4.0
18,Rest,149.06666666668025,0.0,3.9999
18,Rest,149.16666666668607,0.0,3.9999
18,Rest,149.2666666666919,0.0,4.0
18,Rest,149.36666666668316,0.0,4.0
18,Rest,149.46666666668898,0.0,4.0
18,Rest,149.56666666668025,0.0,4.0
18,Rest,149.66666666668607,0.0,4.0
18,Rest,149.7666666666919,0.0,4.0001
18,Rest,149.86666666668316,0.0,4.0
18,Rest,149.96666666668898,0.0,4.0001
18,Rest,150.06666666668025,0.0,4.0001
18,Rest,150.16666666668607,0.0,4.0001
18,Rest,150.2666666666919,0.0,4.0001
18,Rest,150.36666666668316,0.0,4.0001
18,Rest,150.46666666668898,0.0,4.0002
18,Rest,150.56666666668025,0.0,4.0002
18,Rest,150.66666666668607,0.0,4.0002
18,Rest,150.7666666666919,0.0,4.0002
18,Rest,150.86666666668316,0.0,4.0002
18,Rest,150.96666666668898,0.0,4.0002
18,Rest,151.06666666668025,0.0,4.0002
18,Rest,151.16666666668607,0.0,4.0002
18,Rest,151.2666666666919,0.0,4.0002
18,Rest,151.36666666668316,0.0,4.0002
18,Rest,151.46666666668898,0.0,4.0003
18,Rest,151.56666666668025,0.0,4.0003
18,Rest,151.66666666668607,0.0,4.0003
18,Rest,151.7666666666919,0.0,4.0003
18,Rest,151.86666666668316,0.0,4.0004
18,Rest,151.96666666668898,0.0,4.0004
18,Rest,152.06666666668025,0.0,4.0003
18,Rest,152.16666666668607,0.0,4.0003
18,Rest,152.2666666666919,0.0,4.0004
18,Rest,152.36666666668316,0.0,4.0004
18,Rest,152.46666666668898,0.0,4.0004
18,Rest,152.56666666668025,0.0,4.0004
18,Rest,152.66666666668607,0.0,4.0004
18,Rest,152.7666666666919,0.0,4.0004
18,Rest,152.86666666668316,0.0,4.0004
18,Rest,152.96666666668898,0.0,4.0005
18,Rest,153.06666666668025,0.0,4.0005
18,Rest,153.16666666668607,0.0,4.0005
18,Rest,153.2666666666919,0.0,4.0005
18,Rest,153.36666666668316,0.0,4.0005
18,Rest,153.46666666668898,0.0,4.0005
18,Rest,153.56666666668025,0.0,4.0005
18,Rest,153.66666666668607,0.0,4.0005
18,Rest,153.7666666666919,0.0,4.0005
18,Rest,153.86666666668316,0.0,4.0006
18,Rest,153.96666666668898,0.0,4.0006
18,Rest,154.06666666668025,0.0,4.0006
18,Rest,154.16666666668607,0.0,4.0006
18,Rest,154.2666666666919,0.0,4.0006
18,Rest,154.36666666668316,0.0,4.0006
18,Rest,154.46666666668898,0.0,4.0006
18,Rest,154.56666666668025,0.0,4.0007
18,Rest,154.66666666668607,0.0,4.0007
18,Rest,154.7666666666919,0.0,4.0006
18,Rest,154.86666666668316,0.0,4.0007
18,Rest,154.96666666668898,0.0,4.0007
18,Rest,155.06666666668025,0.0,4.0007
18,Rest,155.16666666668607,0.0,4.0007
18,Rest,155.2666666666919,0.0,4.0007
18,Rest,155.36666666668316,0.0,4.0007
18,Rest,155.46666666668898,0.0,4.0007
18,Rest,155.56666666668025,0.0,4.0007
18,Rest,155.66666666668607,0.0,4.0007
18,Rest,155.7666666666919,0.0,4.0007
18,Rest,155.86666666668316,0.0,4.0007
18,Rest,155.96666666668898,0.0,4.0008
18,Rest,156.06666666668025,0.0,4.0008
18,Rest,156.16666666668607,0.0,4.0008
18,Rest,156.2666666666919,0.0,4.0008
18,Rest,156.36666666668316,0.0,4.0009
18,Rest,156.46666666668898,0.0,4.0009
18,Rest,156.56666666668025,0.0,4.0009
18,Rest,156.66666666668607,0.0,4.0008
18,Rest,156.7666666666919,0.0,4.0009
18,Rest,156.86666666668316,0.0,4.0009
18,Rest,156.96666666668898,0.0,4.0009
18,Rest,157.06666666668025,0.0,4.0009
18,Rest,157.16666666668607,0.0,4.0009
18,Rest,157.2666666666919,0.0,4.0009
18,Rest,157.36666666668316,0.0,4.001
18,Rest,157.46666666668898,0.0,4.001
18,Rest,157.56666666668025,0.0,4.001
18,Rest,157.66666666668607,0.0,4.001
18,Rest,157.7666666666919,0.0,4.001
18,Rest,157.86666666668316,0.0,4.001
18,Rest,157.96666666668898,0.0,4.001
18,Rest,158.06666666668025,0.0,4.0011
18,Rest,158.16666666668607,0.0,4.0011
18,Rest,158.2666666666919,0.0,4.0011
18,Rest,158.36666666668316,0.0,4.0011
18,Rest,158.46666666668898,0.0,4.0011
18,Rest,158.56666666668025,0.0,4.0011
18,Rest,158.66666666668607,0.0,4.0011
18,Rest,158.7666666666919,0.0,4.0012
18,Rest,158.86666666668316,0.0,4.0011
18,Rest,158.96666666668898,0.0,4.0012
18,Rest,159.06666666668025,0.0,4.0012
18,Rest,159.16666666668607,0.0,4.0012
18,Rest,159.2666666666919,0.0,4.0012
18,Rest,159.36666666668316,0.0,4.0012
18,Rest,159.46666666668898,0.0,4.0012
18,Rest,159.56666666668025,0.0,4.0012
18,Rest,159.66666666668607,0.0,4.0012
18,Rest,159.7666666666919,0.0,4.0012
18,Rest,159.86666666668316,0.0,4.0012
18,Rest,159.96666666668898,0.0,4.0012
18,Rest,160.06666666668025,0.0,4.0013
18,Rest,160.16666666668607,0.0,4.0012
18,Rest,160.2666666666919,0.0,4.0012
18,Rest,160.36666666668316,0.0,4.0013
18,Rest,160.46666666668898,0.0,4.0013
18,Rest,160.56666666668025,0.0,4.0013
18,Rest,160.66666666668607,0.0,4.0013
18,Rest,160.7666666666919,0.0,4.0013
18,Rest,160.86666666668316,0.0,4.0013
18,Rest,160.96666666668898,0.0,4.0013
18,Rest,161.06666666668025,0.0,4.0013
18,Rest,161.16666666668607,0.0,4.0013
18,Rest,161.2666666666919,0.0,4.0013
18,Rest,161.36666666668316,0.0,4.0013
18,Rest,161.46666666668898,0.0,4.0014
18,Rest,161.56666666668025,0.0,4.0014
18,Rest,161.66666666668607,0.0,4.0013
18,Rest,161.7666666666919,0.0,4.0014
18,Rest,161.86666666668316,0.0,4.0014
18,Rest,161.96666666668898,0.0,4.0014
18,Rest,162.06666666668025,0.0,4.0014
18,Rest,162.16666666668607,0.0,4.0014
18,Rest,162.2666666666919,0.0,4.0014
18,Rest,162.36666666668316,0.0,4.0014
18,Rest,162.46666666668898,0.0,4.0014
18,Rest,162.56666666668025,0.0,4.0015
18,Rest,162.66666666668607,0.0,4.0015
18,Rest,162.7666666666919,0.0,4.0015
18,Rest,162.86666666668316,0.0,4.0015
18,Rest,162.96666666668898,0.0,4.0015
18,Rest,163.06666666668025,0.0,4.0015
18,Rest,163.16666666668607,0.0,4.0015
18,Rest,163.2666666666919,0.0,4.0016
18,Rest,163.36666666668316,0.0,4.0015
18,Rest,163.46666666668898,0.0,4.0015
18,Rest,163.56666666668025,0.0,4.0015
18,Rest,163.66666666668607,0.0,4.0016
18,Rest,163.7666666666919,0.0,4.0016
18,Rest,163.86666666668316,0.0,4.0016
18,Rest,163.96666666668898,0.0,4.0016
18,Rest,164.06666666668025,0.0,4.0016
18,Rest,164.16666666668607,0.0,4.0016
18,Rest,164.2666666666919,0.0,4.0016
18,Rest,164.36666666668316,0.0,4.0016
18,Rest,164.46666666668898,0.0,4.0016
18,Rest,164.56666666668025,0.0,4.0016
18,Rest,164.66666666668607,0.0,4.0016
18,Rest,164.7666666666919,0.0,4.0016
18,Rest,164.86666666668316,0.0,4.0016
18,Rest,164.96666666668898,0.0,4.0017
18,Rest,165.06666666668025,0.0,4.0017
18,Rest,165.16666666668607,0.0,4.0016
18,Rest,165.2666666666919,0.0,4.0016
18,Rest,165.36666666668316,0.0,4.0017
18,Rest,165.46666666668898,0.0,4.0017
18,Rest,165.56666666668025,0.0,4.0017
18,Rest,165.66666666668607,0.0,4.0018
18,Rest,165.7666666666919,0.0,4.0018
18,Rest,165.86666666668316,0.0,4.0018
18,Rest,165.96666666668898,0.0,4.0018
18,Rest,166.06666666668025,0.0,4.0018
18,Rest,166.16666666668607,0.0,4.0018
18,Rest,166.2666666666919,0.0,4.0018
18,Rest,166.36666666668316,0.0,4.0018
18,Rest,166.46666666668898,0.0,4.0019
18,Rest,166.56666666668025,0.0,4.0019
18,Rest,166.66666666668607,0.0,4.0019
18,Rest,166.7666666666919,0.0,4.0019
18,Rest,166.86666666668316,0.0,4.0019
18,Rest,166.96666666668898,0.0,4.0019
18,Rest,167.06666666668025,0.0,4.0019
18,Rest,167.16666666668607,0.0,4.0019
18,Rest,167.2666666666919,0.0,4.0019
18,Rest,167.36666666668316,0.0,4.0019
18,Rest,167.46666666668898,0.0,4.0019
18,Rest,167.56666666668025,0.0,4.0019
18,Rest,167.66666666668607,0.0,4.0019
18,Rest,167.7666666666919,0.0,4.002
18,Rest,167.86666666668316,0.0,4.002
18,Rest,167.96666666668898,0.0,4.002
18,Rest,168.06666666668025,0.0,4.002
18,Rest,168.16666666668607,0.0,4.002
18,Rest,168.2666666666919,0.0,4.002
18,Rest,168.36666666668316,0.0,4.002
18,Rest,168.46666666668898,0.0,4.0021
18,Rest,168.56666666668025,0.0,4.0021
18,Rest,168.66666666668607,0.0,4.002
18,Rest,168.7666666666919,0.0,4.002
18,Rest,168.86666666668316,0.0,4.0021
18,Rest,168.96666666668898,0.0,4.0021
18,Rest,169.06666666668025,0.0,4.0021
18,Rest,169.16666666668607,0.0,4.002
18,Rest,169.2666666666919,0.0,4.0021
18,Rest,169.36666666668316,0.0,4.0021
18,Rest,169.46666666668898,0.0,4.0021
18,Rest,169.56666666668025,0.0,4.0021
18,Rest,169.66666666668607,0.0,4.0021
18,Rest,169.7666666666919,0.0,4.0021
18,Rest,169.86666666668316,0.0,4.0021
18,Rest,169.96666666668898,0.0,4.0021
18,Rest,170.06666666668025,0.0,4.0021
18,Rest,170.16666666668607,0.0,4.0022
18,Rest,170.2666666666919,0.0,4.0022
18,Rest,170.36666666668316,0.0,4.0022
18,Rest,170.46666666668898,0.0,4.0022
18,Rest,170.56666666668025,0.0,4.0022
18,Rest,170.66666666668607,0.0,4.0022
18,Rest,170.7666666666919,0.0,4.0022
18,Rest,170.86666666668316,0.0,4.0022
18,Rest,170.96666666668898,0.0,4.0022
18,Rest,171.06666666668025,0.0,4.0022
18,Rest,171.16666666668607,0.0,4.0022
18,Rest,171.2666666666919,0.0,4.0023
18,Rest,171.36666666668316,0.0,4.0022
18,Rest,171.46666666668898,0.0,4.0022
18,Rest,171.56666666668025,0.0,4.0022
18,Rest,171.66666666668607,0.0,4.0022
18,Rest,171.7666666666919,0.0,4.0023
18,Rest,171.86666666668316,0.0,4.0023
18,Rest,171.96666666668898,0.0,4.0023
18,Rest,172.06666666668025,0.0,4.0023
18,Rest,172.16666666668607,0.0,4.0023
18,Rest,172.2666666666919,0.0,4.0023
18,Rest,172.36666666668316,0.0,4.0023
18,Rest,172.46666666668898,0.0,4.0024
18,Rest,172.56666666668025,0.0,4.0024
18,Rest,172.66666666668607,0.0,4.0023
18,Rest,172.7666666666919,0.0,4.0024
18,Rest,172.86666666668316,0.0,4.0024
18,Rest,172.96666666668898,0.0,4.0024
18,Rest,173.06666666668025,0.0,4.0024
18,Rest,173.16666666668607,0.0,4.0024
18,Rest,173.2666666666919,0.0,4.0024
18,Rest,173.36666666668316,0.0,4.0024
18,Rest,173.46666666668898,0.0,4.0024
18,Rest,173.56666666668025,0.0,4.0024
18,Rest,173.66666666668607,0.0,4.0024
18,Rest,173.7666666666919,0.0,4.0024
18,Rest,173.86666666668316,0.0,4.0025
18,Rest,173.96666666668898,0.0,4.0025
18,Rest,174.06666666668025,0.0,4.0025
18,Rest,174.16666666668607,0.0,4.0025
18,Rest,174.2666666666919,0.0,4.0025
18,Rest,174.36666666668316,0.0,4.0025
18,Rest,174.46666666668898,0.0,4.0025
18,Rest,174.56666666668025,0.0,4.0025
18,Rest,174.66666666668607,0.0,4.0025
18,Rest,174.7666666666919,0.0,4.0026
18,Rest,174.86666666668316,0.0,4.0025
18,Rest,174.96666666668898,0.0,4.0025
18,Rest,175.06666666668025,0.0,4.0025
18,Rest,175.16666666668607,0.0,4.0026
18,Rest,175.2666666666919,0.0,4.0026
18,Rest,175.36666666668316,0.0,4.0026
18,Rest,175.46666666668898,0.0,4.0026
18,Rest,175.56666666668025,0.0,4.0026
18,Rest,175.66666666668607,0.0,4.0026
18,Rest,175.7666666666919,0.0,4.0026
18,Rest,175.86666666668316,0.0,4.0026
18,Rest,175.96666666668898,0.0,4.0026
18,Rest,176.06666666668025,0.0,4.0026
18,Rest,176.16666666668607,0.0,4.0027
18,Rest,176.2666666666919,0.0,4.0026
18,Rest,176.36666666668316,0.0,4.0026
18,Rest,176.46666666668898,0.0,4.0026
18,Rest,176.56666666668025,0.0,4.0026
18,Rest,176.66666666668607,0.0,4.0026
18,Rest,176.7666666666919,0.0,4.0026
18,Rest,176.86666666668316,0.0,4.0027
18,Rest,176.96666666668898,0.0,4.0027
18,Rest,177.06666666668025,0.0,4.0027
18,Rest,177.16666666668607,0.0,4.0027
18,Rest,177.2666666666919,0.0,4.0027
18,Rest,177.36666666668316,0.0,4.0027
18,Rest,177.46666666668898,0.0,4.0027
18,Rest,177.56666666668025,0.0,4.0027
18,Rest,177.66666666668607,0.0,4.0028
18,Rest,177.7666666666919,0.0,4.0028
18,Rest,177.86666666668316,0.0,4.0028
18,Rest,177.96666666668898,0.0,4.0027
18,Rest,178.06666666668025,0.0,4.0027
18,Rest,178.16666666668607,0.0,4.0028
18,Rest,178.2666666666919,0.0,4.0028
18,Rest,178.36666666668316,0.0,4.0028
18,Rest,178.46666666668898,0.0,4.0028
18,Rest,178.56666666668025,0.0,4.0028
18,Rest,178.66666666668607,0.0,4.0028
18,Rest,178.7666666666919,0.0,4.0027
18,Rest,178.86666666668316,0.0,4.0028
18,Rest,178.96666666668898,0.0,4.0028
18,Rest,179.06666666668025,0.0,4.0028
18,Rest,179.16666666668607,0.0,4.0028
18,Rest,179.2666666666919,0.0,4.0028
18,Rest,179.36666666668316,0.0,4.0028
18,Rest,179.46666666668898,0.0,4.0028
18,Rest,179.56666666668025,0.0,4.0028
18,Rest,179.66666666668607,0.0,4.0028
18,Rest,179.7666666666919,0.0,4.0029
18,Rest,179.86666666668316,0.0,4.0029
18,Rest,179.96666666668898,0.0,4.0029
18,Rest,180.06666666668025,0.0,4.0029
18,Rest,180.16666666668607,0.0,4.0029
18,Rest,180.2666666666919,0.0,4.0029
18,Rest,180.36666666668316,0.0,4.0029
18,Rest,180.46666666668898,0.0,4.0029
18,Rest,180.56666666668025,0.0,4.003
18,Rest,180.66666666668607,0.0,4.003
18,Rest,180.7666666666919,0.0,4.003
18,Rest,180.86666666668316,0.0,4.003
18,Rest,180.96666666668898,0.0,4.003
18,Rest,181.06666666668025,0.0,4.003
18,Rest,181.16666666668607,0.0,4.003
18,Rest,181.2666666666919,0.0,4.003
18,Rest,181.36666666668316,0.0,4.003
18,Rest,181.46666666668898,0.0,4.0031
18,Rest,181.56666666668025,0.0,4.0031
18,Rest,181.66666666668607,0.0,4.0031
18,Rest,181.7666666666919,0.0,4.0031
18,Rest,181.86666666668316,0.0,4.0031
18,Rest,181.96666666668898,0.0,4.0031
18,Rest,182.06666666668025,0.0,4.0031
18,Rest,182.16666666668607,0.0,4.0031
18,Rest,182.2666666666919,0.0,4.0031
18,Rest,182.36666666668316,0.0,4.0031
18,Rest,182.46666666668898,0.0,4.0031
18,Rest,182.56666666668025,0.0,4.0031
18,Rest,182.66666666668607,0.0,4.0031
18,Rest,182.7666666666919,0.0,4.0032
18,Rest,182.86666666668316,0.0,4.0032
18,Rest,182.96666666668898,0.0,4.0032
18,Rest,183.06666666668025,0.0,4.0032
18,Rest,183.16666666668607,0.0,4.0032
18,Rest,183.2666666666919,0.0,4.0032
18,Rest,183.36666666668316,0.0,4.0032
18,Rest,183.46666666668898,0.0,4.0032
18,Rest,183.56666666668025,0.0,4.0032
18,Rest,183.66666666668607,0.0,4.0032
18,Rest,183.7666666666919,0.0,4.0032
18,Rest,183.86666666668316,0.0,4.0032
18,Rest,183.96666666668898,0.0,4.0032
18,Rest,184.06666666668025,0.0,4.0033
18,Rest,184.16666666668607,0.0,4.0033
18,Rest,184.2666666666919,0.0,4.0033
18,Rest,184.36666666668316,0.0,4.0033
18,Rest,184.46666666668898,0.0,4.0033
18,Rest,184.56666666668025,0.0,4.0033
18,Rest,184.66666666668607,0.0,4.0033
18,Rest,184.7666666666919,0.0,4.0033
18,Rest,184.86666666668316,0.0,4.0033
18,Rest,184.96666666668898,0.0,4.0033
18,Rest,185.06666666668025,0.0,4.0033
18,Rest,185.16666666668607,0.0,4.0033
18,Rest,185.2666666666919,0.0,4.0033
18,Rest,185.36666666668316,0.0,4.0033
18,Rest,185.46666666668898,0.0,4.0033
18,Rest,185.56666666668025,0.0,4.0033
18,Rest,185.66666666668607,0.0,4.0033
18,Rest,185.7666666666919,0.0,4.0033
18,Rest,185.86666666668316,0.0,4.0034
18,Rest,185.96666666668898,0.0,4.0033
18,Rest,186.06666666668025,0.0,4.0034
18,Rest,186.16666666668607,0.0,4.0034
18,Rest,186.2666666666919,0.0,4.0034
18,Rest,186.36666666668316,0.0,4.0034
18,Rest,186.46666666668898,0.0,4.0034
18,Rest,186.56666666668025,0.0,4.0034
18,Rest,186.66666666668607,0.0,4.0034
18,Rest,186.7666666666919,0.0,4.0034
18,Rest,186.86666666668316,0.0,4.0034
18,Rest,186.96666666668898,0.0,4.0034
18,Rest,187.06666666668025,0.0,4.0034
18,Rest,187.16666666668607,0.0,4.0034
18,Rest,187.2666666666919,0.0,4.0034
18,Rest,187.36666666668316,0.0,4.0034
18,Rest,187.46666666668898,0.0,4.0034
18,Rest,187.56666666668025,0.0,4.0034
18,Rest,187.66666666668607,0.0,4.0034
18,Rest,187.7666666666919,0.0,4.0034
18,Rest,187.86666666668316,0.0,4.0034
18,Rest,187.96666666668898,0.0,4.0034
18,Rest,188.06666666668025,0.0,4.0035
18,Rest,188.16666666668607,0.0,4.0035
18,Rest,188.2666666666919,0.0,4.0034
18,Rest,188.36666666668316,0.0,4.0035
18,Rest,188.46666666668898,0.0,4.0035
18,Rest,188.56666666668025,0.0,4.0034
18,Rest,188.66666666668607,0.0,4.0035
18,Rest,188.7666666666919,0.0,4.0035
18,Rest,188.86666666668316,0.0,4.0035
18,Rest,188.96666666668898,0.0,4.0035
18,Rest,189.06666666668025,0.0,4.0035
18,Rest,189.16666666668607,0.0,4.0035
18,Rest,189.2666666666919,0.0,4.0036
18,Rest,189.36666666668316,0.0,4.0035
18,Rest,189.46666666668898,0.0,4.0036
18,Rest,189.56666666668025,0.0,4.0036
18,Rest,189.66666666668607,0.0,4.0036
18,Rest,189.7666666666919,0.0,4.0035
18,Rest,189.86666666668316,0.0,4.0036
18,Rest,189.96666666668898,0.0,4.0036
18,Rest,190.06666666668025,0.0,4.0036
18,Rest,190.16666666668607,0.0,4.0035
18,Rest,190.2666666666919,0.0,4.0036
18,Rest,190.36666666668316,0.0,4.0036
18,Rest,190.46666666668898,0.0,4.0036
18,Rest,190.56666666668025,0.0,4.0036
18,Rest,190.66666666668607,0.0,4.0036
18,Rest,190.7666666666919,0.0,4.0036
18,Rest,190.86666666668316,0.0,4.0036
18,Rest,190.96666666668898,0.0,4.0036
18,Rest,191.06666666668025,0.0,4.0037
18,Rest,191.16666666668607,0.0,4.0036
18,Rest,191.2666666666919,0.0,4.0036
18,Rest,191.36666666668316,0.0,4.0037
18,Rest,191.46666666668898,0.0,4.0037
18,Rest,191.56666666668025,0.0,4.0037
18,Rest,191.66666666668607,0.0,4.0037
18,Rest,191.7666666666919,0.0,4.0037
18,Rest,191.86666666668316,0.0,4.0037
18,Rest,191.96666666668898,0.0,4.0037
18,Rest,192.06666666668025,0.0,4.0037
18,Rest,192.16666666668607,0.0,4.0037
18,Rest,192.2666666666919,0.0,4.0037
18,Rest,192.36666666668316,0.0,4.0037
18,Rest,192.46666666668898,0.0,4.0037
18,Rest,192.56666666668025,0.0,4.0037
18,Rest,192.66666666668607,0.0,4.0037
18,Rest,192.7666666666919,0.0,4.0037
18,Rest,192.86666666668316,0.0,4.0037
18,Rest,192.96666666668898,0.0,4.0038
18,Rest,193.06666666668025,0.0,4.0038
18,Rest,193.16666666668607,0.0,4.0038
18,Rest,193.2666666666919,0.0,4.0038
18,Rest,193.36666666668316,0.0,4.0038
18,Rest,193.46666666668898,0.0,4.0038
18,Rest,193.56666666668025,0.0,4.0038
18,Rest,193.66666666668607,0.0,4.0039
18,Rest,193.7666666666919,0.0,4.0039
18,Rest,193.86666666668316,0.0,4.0039
18,Rest,193.96666666668898,0.0,4.0039
18,Rest,194.06666666668025,0.0,4.0038
18,Rest,194.16666666668607,0.0,4.0039
18,Rest,194.2666666666919,0.0,4.0039
18,Rest,194.36666666668316,0.0,4.0039
18,Rest,194.46666666668898,0.0,4.0039
18,Rest,194.56666666668025,0.0,4.0039
18,Rest,194.66666666668607,0.0,4.0038
18,Rest,194.7666666666919,0.0,4.0038
18,Rest,194.86666666668316,0.0,4.0039
18,Rest,194.96666666668898,0.0,4.0039
18,Rest,195.06666666668025,0.0,4.0039
18,Rest,195.16666666668607,0.0,4.0038
18,Rest,195.2666666666919,0.0,4.0038
18,Rest,195.36666666668316,0.0,4.0039
18,Rest,195.46666666668898,0.0,4.0039
18,Rest,195.56666666668025,0.0,4.0039
18,Rest,195.66666666668607,0.0,4.0039
18,Rest,195.7666666666919,0.0,4.0039
18,Rest,195.86666666668316,0.0,4.0039
18,Rest,195.96666666668898,0.0,4.0038
18,Rest,196.06666666668025,0.0,4.0039
18,Rest,196.16666666668607,0.0,4.0039
18,Rest,196.2666666666919,0.0,4.0039
18,Rest,196.36666666668316,0.0,4.0039
18,Rest,196.46666666668898,0.0,4.0039
18,Rest,196.56666666668025,0.0,4.0039
18,Rest,196.66666666668607,0.0,4.0039
18,Rest,196.7666666666919,0.0,4.004
18,Rest,196.86666666668316,0.0,4.004
18,Rest,196.96666666668898,0.0,4.0039
18,Rest,197.06666666668025,0.0,4.004
18,Rest,197.16666666668607,0.0,4.004
18,Rest,197.2666666666919,0.0,4.004
18,Rest,197.36666666668316,0.0,4.004
18,Rest,197.46666666668898,0.0,4.004
18,Rest,197.56666666668025,0.0,4.004
18,Rest,197.66666666668607,0.0,4.004
18,Rest,197.7666666666919,0.0,4.0041
18,Rest,197.86666666668316,0.0,4.0041
18,Rest,197.96666666668898,0.0,4.004
18,Rest,198.06666666668025,0.0,4.004
18,Rest,198.16666666668607,0.0,4.004
18,Rest,198.2666666666919,0.0,4.0041
18,Rest,198.36666666668316,0.0,4.0041
18,Rest,198.46666666668898,0.0,4.0041
18,Rest,198.56666666668025,0.0,4.0041
18,Rest,198.66666666668607,0.0,4.0041
18,Rest,198.7666666666919,0.0,4.0041
18,Rest,198.86666666668316,0.0,4.0041
18,Rest,198.96666666668898,0.0,4.0041
18,Rest,199.06666666668025,0.0,4.0041
18,Rest,199.16666666668607,0.0,4.0041
18,Rest,199.2666666666919,0.0,4.0041
18,Rest,199.36666666668316,0.0,4.0041
18,Rest,199.46666666668898,0.0,4.0041
18,Rest,199.56666666668025,0.0,4.0041
18,Rest,199.66666666668607,0.0,4.0041
18,Rest,199.7666666666919,0.0,4.0041
18,Rest,199.86666666668316,0.0,4.0041
18,Rest,199.96666666668898,0.0,4.0041
18,Rest,200.06666666668025,0.0,4.0041
18,Rest,200.16666666668607,0.0,4.0041
18,Rest,200.2666666666919,0.0,4.0041
18,Rest,200.36666666668316,0.0,4.0041
18,Rest,200.46666666668898,0.0,4.0042
18,Rest,200.56666666668025,0.0,4.0042
18,Rest,200.66666666668607,0.0,4.0042
18,Rest,200.7666666666919,0.0,4.0041
18,Rest,200.86666666668316,0.0,4.0042
18,Rest,200.96666666668898,0.0,4.0042
18,Rest,201.06666666668025,0.0,4.0042
18,Rest,201.16666666668607,0.0,4.0042
18,Rest,201.2666666666919,0.0,4.0042
18,Rest,201.36666666668316,0.0,4.0042
18,Rest,201.46666666668898,0.0,4.0042
18,Rest,201.56666666668025,0.0,4.0042
18,Rest,201.66666666668607,0.0,4.0041
18,Rest,201.7666666666919,0.0,4.0041
18,Rest,201.86666666668316,0.0,4.0042
18,Rest,201.96666666668898,0.0,4.0042
18,Rest,202.06666666668025,0.0,4.0042
18,Rest,202.16666666668607,0.0,4.0042
18,Rest,202.2666666666919,0.0,4.0042
18,Rest,202.36666666668316,0.0,4.0041
18,Rest,202.46666666668898,0.0,4.0042
18,Rest,202.56666666668025,0.0,4.0042
18,Rest,202.66666666668607,0.0,4.0042
18,Rest,202.7666666666919,0.0,4.0042
18,Rest,202.86666666668316,0.0,4.0042
18,Rest,202.96666666668898,0.0,4.0042
18,Rest,203.06666666668025,0.0,4.0042
18,Rest,203.16666666668607,0.0,4.0042
18,Rest,203.2666666666919,0.0,4.0042
18,Rest,203.36666666668316,0.0,4.0042
18,Rest,203.46666666668898,0.0,4.0042
18,Rest,203.56666666668025,0.0,4.0042
18,Rest,203.66666666668607,0.0,4.0042
18,Rest,203.7666666666919,0.0,4.0042
18,Rest,203.86666666668316,0.0,4.0042
18,Rest,203.96666666668898,0.0,4.0043
18,Rest,204.06666666668025,0.0,4.0042
18,Rest,204.16666666668607,0.0,4.0042
18,Rest,204.2666666666919,0.0,4.0042
18,Rest,204.36666666668316,0.0,4.0042
18,Rest,204.46666666668898,0.0,4.0043
18,Rest,204.56666666668025,0.0,4.0043
18,Rest,204.66666666668607,0.0,4.0043
18,Rest,204.7666666666919,0.0,4.0042
18,Rest,204.86666666668316,0.0,4.0042
18,Rest,204.96666666668898,0.0,4.0043
18,Rest,205.06666666668025,0.0,4.0043
18,Rest,205.16666666668607,0.0,4.0042
18,Rest,205.2666666666919,0.0,4.0043
18,Rest,205.36666666668316,0.0,4.0043
18,Rest,205.46666666668898,0.0,4.0043
18,Rest,205.56666666668025,0.0,4.0043
18,Rest,205.66666666668607,0.0,4.0043
18,Rest,205.7666666666919,0.0,4.0043
18,Rest,205.86666666668316,0.0,4.0043
18,Rest,205.96666666668898,0.0,4.0043
18,Rest,206.06666666668025,0.0,4.0043
18,Rest,206.16666666668607,0.0,4.0043
18,Rest,206.2666666666919,0.0,4.0043
18,Rest,206.36666666668316,0.0,4.0043
18,Rest,206.46666666668898,0.0,4.0043
18,Rest,206.56666666668025,0.0,4.0043
18,Rest,206.66666666668607,0.0,4.0044
18,Rest,206.7666666666919,0.0,4.0043
18,Rest,206.86666666668316,0.0,4.0044
18,Rest,206.96666666668898,0.0,4.0044
18,Rest,207.06666666668025,0.0,4.0044
18,Rest,207.16666666668607,0.0,4.0044
18,Rest,207.2666666666919,0.0,4.0044
18,Rest,207.36666666668316,0.0,4.0044
18,Rest,207.46666666668898,0.0,4.0044
18,Rest,207.56666666668025,0.0,4.0044
18,Rest,207.66666666668607,0.0,4.0044
18,Rest,207.7666666666919,0.0,4.0044
18,Rest,207.86666666668316,0.0,4.0044
18,Rest,207.96666666668898,0.0,4.0045
18,Rest,208.06666666668025,0.0,4.0044
18,Rest,208.16666666668607,0.0,4.0044
18,Rest,208.2666666666919,0.0,4.0045
18,Rest,208.36666666668316,0.0,4.0044
18,Rest,208.46666666668898,0.0,4.0044
18,Rest,208.56666666668025,0.0,4.0045
18,Rest,208.66666666668607,0.0,4.0045
18,Rest,208.7666666666919,0.0,4.0045
18,Rest,208.86666666668316,0.0,4.0045
18,Rest,208.96666666668898,0.0,4.0045
18,Rest,209.06666666668025,0.0,4.0045
18,Rest,209.16666666668607,0.0,4.0045
18,Rest,209.2666666666919,0.0,4.0045
18,Rest,209.36666666668316,0.0,4.0045
18,Rest,209.46666666668898,0.0,4.0045
18,Rest,209.56666666668025,0.0,4.0045
18,Rest,209.66666666668607,0.0,4.0045
18,Rest,209.7666666666919,0.0,4.0045
18,Rest,209.86666666668316,0.0,4.0045
18,Rest,209.96666666668898,0.0,4.0045
18,Rest,210.06666666668025,0.0,4.0045
18,Rest,210.16666666668607,0.0,4.0045
18,Rest,210.2666666666919,0.0,4.0045
18,Rest,210.36666666668316,0.0,4.0045
18,Rest,210.46666666668898,0.0,4.0045
18,Rest,210.56666666668025,0.0,4.0045
18,Rest,210.66666666668607,0.0,4.0045
18,Rest,210.7666666666919,0.0,4.0045
18,Rest,210.86666666668316,0.0,4.0046
18,Rest,210.96666666668898,0.0,4.0045
18,Rest,211.06666666668025,0.0,4.0045
18,Rest,211.16666666668607,0.0,4.0046
18,Rest,211.2666666666919,0.0,4.0046
18,Rest,211.36666666668316,0.0,4.0046
18,Rest,211.46666666668898,0.0,4.0045
18,Rest,211.56666666668025,0.0,4.0046
18,Rest,211.66666666668607,0.0,4.0046
18,Rest,211.7666666666919,0.0,4.0046
18,Rest,211.86666666668316,0.0,4.0046
18,Rest,211.96666666668898,0.0,4.0046
18,Rest,212.06666666668025,0.0,4.0046
18,Rest,212.16666666668607,0.0,4.0046
18,Rest,212.2666666666919,0.0,4.0046
18,Rest,212.36666666668316,0.0,4.0046
18,Rest,212.46666666668898,0.0,4.0046
18,Rest,212.56666666668025,0.0,4.0046
18,Rest,212.66666666668607,0.0,4.0046
18,Rest,212.7666666666919,0.0,4.0046
18,Rest,212.86666666668316,0.0,4.0046
18,Rest,212.96666666668898,0.0,4.0046
18,Rest,213.06666666668025,0.0,4.0046
18,Rest,213.16666666668607,0.0,4.0046
18,Rest,213.2666666666919,0.0,4.0046
18,Rest,213.36666666668316,0.0,4.0046
18,Rest,213.46666666668898,0.0,4.0047
18,Rest,213.56666666668025,0.0,4.0047
18,Rest,213.66666666668607,0.0,4.0047
18,Rest,213.7666666666919,0.0,4.0046
18,Rest,213.86666666668316,0.0,4.0046
18,Rest,213.96666666668898,0.0,4.0047
18,Rest,214.06666666668025,0.0,4.0047
18,Rest,214.16666666668607,0.0,4.0047
18,Rest,214.2666666666919,0.0,4.0047
18,Rest,214.36666666668316,0.0,4.0047
18,Rest,214.46666666668898,0.0,4.0047
18,Rest,214.56666666668025,0.0,4.0047
18,Rest,214.66666666668607,0.0,4.0047
18,Rest,214.7666666666919,0.0,4.0047
18,Rest,214.86666666668316,0.0,4.0047
18,Rest,214.96666666668898,0.0,4.0047
18,Rest,215.06666666668025,0.0,4.0047
18,Rest,215.16666666668607,0.0,4.0047
18,Rest,215.2666666666919,0.0,4.0047
18,Rest,215.36666666668316,0.0,4.0047
18,Rest,215.46666666668898,0.0,4.0047
18,Rest,215.56666666668025,0.0,4.0047
18,Rest,215.66666666668607,0.0,4.0047
18,Rest,215.7666666666919,0.0,4.0047
18,Rest,215.86666666668316,0.0,4.0048
18,Rest,215.96666666668898,0.0,4.0047
18,Rest,216.06666666668025,0.0,4.0047
18,Rest,216.16666666668607,0.0,4.0048
18,Rest,216.2666666666919,0.0,4.0048
18,Rest,216.36666666668316,0.0,4.0048
18,Rest,216.46666666668898,0.0,4.0047
18,Rest,216.56666666668025,0.0,4.0047
18,Rest,216.66666666668607,0.0,4.0048
18,Rest,216.7666666666919,0.0,4.0048
18,Rest,216.86666666668316,0.0,4.0048
18,Rest,216.96666666668898,0.0,4.0048
18,Rest,217.06666666668025,0.0,4.0048
18,Rest,217.16666666668607,0.0,4.0048
18,Rest,217.2666666666919,0.0,4.0048
18,Rest,217.36666666668316,0.0,4.0048
18,Rest,217.46666666668898,0.0,4.0048
18,Rest,217.56666666668025,0.0,4.0048
18,Rest,217.66666666668607,0.0,4.0048
18,Rest,217.7666666666919,0.0,4.0048
18,Rest,217.86666666668316,0.0,4.0048
18,Rest,217.96666666668898,0.0,4.0048
18,Rest,218.06666666668025,0.0,4.0048
18,Rest,218.16666666668607,0.0,4.0048
18,Rest,218.2666666666919,0.0,4.0048
18,Rest,218.36666666668316,0.0,4.0049
18,Rest,218.46666666668898,0.0,4.0049
18,Rest,218.56666666668025,0.0,4.0049
18,Rest,218.66666666668607,0.0,4.0049
18,Rest,218.7666666666919,0.0,4.0049
18,Rest,218.86666666668316,0.0,4.0049
18,Rest,218.96666666668898,0.0,4.0049
18,Rest,219.06666666668025,0.0,4.0049
18,Rest,219.16666666668607,0.0,4.005
18,Rest,219.2666666666919,0.0,4.005
18,Rest,219.36666666668316,0.0,4.0049
18,Rest,219.46666666668898,0.0,4.005
18,Rest,219.56666666668025,0.0,4.005
18,Rest,219.66666666668607,0.0,4.005
18,Rest,219.7666666666919,0.0,4.005
18,Rest,219.86666666668316,0.0,4.005
18,Rest,219.96666666668898,0.0,4.005
18,Rest,220.06666666668025,0.0,4.005
18,Rest,220.16666666668607,0.0,4.005
18,Rest,220.2666666666919,0.0,4.005
18,Rest,220.36666666668316,0.0,4.005
18,Rest,220.46666666668898,0.0,4.005
18,Rest,220.56666666668025,0.0,4.005
18,Rest,220.66666666668607,0.0,4.005
18,Rest,220.7666666666919,0.0,4.005
18,Rest,220.86666666668316,0.0,4.005
18,Rest,220.96666666668898,0.0,4.005
18,Rest,221.06666666668025,0.0,4.0051
18,Rest,221.16666666668607,0.0,4.0051
18,Rest,221.2666666666919,0.0,4.005
18,Rest,221.36666666668316,0.0,4.005
18,Rest,221.46666666668898,0.0,4.005
18,Rest,221.56666666668025,0.0,4.005
18,Rest,221.66666666668607,0.0,4.005
18,Rest,221.7666666666919,0.0,4.005
18,Rest,221.86666666668316,0.0,4.0051
18,Rest,221.96666666668898,0.0,4.0051
18,Rest,222.06666666668025,0.0,4.0051
18,Rest,222.16666666668607,0.0,4.0051
18,Rest,222.2666666666919,0.0,4.0051
18,Rest,222.36666666668316,0.0,4.0051
18,Rest,222.46666666668898,0.0,4.0051
18,Rest,222.56666666668025,0.0,4.0051
18,Rest,222.66666666668607,0.0,4.0051
18,Rest,222.7666666666919,0.0,4.0051
18,Rest,222.86666666668316,0.0,4.0051
18,Rest,222.96666666668898,0.0,4.0051
18,Rest,223.06666666668025,0.0,4.0051
18,Rest,223.16666666668607,0.0,4.0051
18,Rest,223.2666666666919,0.0,4.0051
18,Rest,223.36666666668316,0.0,4.0051
18,Rest,223.46666666668898,0.0,4.0051
18,Rest,223.56666666668025,0.0,4.0051
18,Rest,223.66666666668607,0.0,4.0051
18,Rest,223.7666666666919,0.0,4.0051
18,Rest,223.86666666668316,0.0,4.0051
18,Rest,223.96666666668898,0.0,4.0051
18,Rest,224.06666666668025,0.0,4.0051
18,Rest,224.16666666668607,0.0,4.0051
18,Rest,224.2666666666919,0.0,4.0051
18,Rest,224.36666666668316,0.0,4.0051
18,Rest,224.46666666668898,0.0,4.0051
18,Rest,224.56666666668025,0.0,4.0051
18,Rest,224.66666666668607,0.0,4.0051
18,Rest,224.7666666666919,0.0,4.0051
18,Rest,224.86666666668316,0.0,4.0051
18,Rest,224.96666666668898,0.0,4.0051
18,Rest,225.06666666668025,0.0,4.0051
18,Rest,225.16666666668607,0.0,4.0051
18,Rest,225.2666666666919,0.0,4.0051
18,Rest,225.36666666668316,0.0,4.0051
18,Rest,225.46666666668898,0.0,4.0052
18,Rest,225.56666666668025,0.0,4.0052
18,Rest,225.66666666668607,0.0,4.0052
18,Rest,225.7666666666919,0.0,4.0052
18,Rest,225.86666666668316,0.0,4.0052
18,Rest,225.96666666668898,0.0,4.0051
18,Rest,226.06666666668025,0.0,4.0051
18,Rest,226.16666666668607,0.0,4.0051
18,Rest,226.2666666666919,0.0,4.0051
18,Rest,226.36666666668316,0.0,4.0052
18,Rest,226.46666666668898,0.0,4.0052
18,Rest,226.56666666668025,0.0,4.0052
18,Rest,226.66666666668607,0.0,4.0052
18,Rest,226.7666666666919,0.0,4.0052
18,Rest,226.86666666668316,0.0,4.0052
18,Rest,226.96666666668898,0.0,4.0052
18,Rest,227.06666666668025,0.0,4.0052
18,Rest,227.16666666668607,0.0,4.0052
18,Rest,227.2666666666919,0.0,4.0052
18,Rest,227.36666666668316,0.0,4.0052
18,Rest,227.46666666668898,0.0,4.0052
18,Rest,227.56666666668025,0.0,4.0052
18,Rest,227.66666666668607,0.0,4.0052
18,Rest,227.7666666666919,0.0,4.0052
18,Rest,227.86666666668316,0.0,4.0052
18,Rest,227.96666666668898,0.0,4.0052
18,Rest,228.06666666668025,0.0,4.0052
18,Rest,228.16666666668607,0.0,4.0052
18,Rest,228.2666666666919,0.0,4.0052
18,Rest,228.36666666668316,0.0,4.0053
18,Rest,228.46666666668898,0.0,4.0053
18,Rest,228.56666666668025,0.0,4.0053
18,Rest,228.66666666668607,0.0,4.0053
18,Rest,228.7666666666919,0.0,4.0053
18,Rest,228.86666666668316,0.0,4.0053
18,Rest,228.96666666668898,0.0,4.0052
18,Rest,229.06666666668025,0.0,4.0053
18,Rest,229.16666666668607,0.0,4.0052
18,Rest,229.2666666666919,0.0,4.0052
18,Rest,229.36666666668316,0.0,4.0052
18,Rest,229.46666666668898,0.0,4.0052
18,Rest,229.56666666668025,0.0,4.0053
18,Rest,229.66666666668607,0.0,4.0053
18,Rest,229.7666666666919,0.0,4.0053
18,Rest,229.86666666668316,0.0,4.0053
18,Rest,229.96666666668898,0.0,4.0053
18,Rest,230.06666666668025,0.0,4.0053
18,Rest,230.16666666668607,0.0,4.0052
18,Rest,230.2666666666919,0.0,4.0053
18,Rest,230.36666666668316,0.0,4.0053
18,Rest,230.46666666668898,0.0,4.0053
18,Rest,230.56666666668025,0.0,4.0053
18,Rest,230.66666666668607,0.0,4.0053
18,Rest,230.7666666666919,0.0,4.0053
18,Rest,230.86666666668316,0.0,4.0053
18,Rest,230.96666666668898,0.0,4.0053
18,Rest,231.06666666668025,0.0,4.0053
18,Rest,231.16666666668607,0.0,4.0053
18,Rest,231.2666666666919,0.0,4.0053
18,Rest,231.36666666668316,0.0,4.0053
18,Rest,231.46666666668898,0.0,4.0053
18,Rest,231.56666666668025,0.0,4.0053
18,Rest,231.66666666668607,0.0,4.0053
18,Rest,231.7666666666919,0.0,4.0053
18,Rest,231.86666666668316,0.0,4.0053
18,Rest,231.96666666668898,0.0,4.0053
18,Rest,232.06666666668025,0.0,4.0053
18,Rest,232.16666666668607,0.0,4.0053
18,Rest,232.2666666666919,0.0,4.0053
18,Rest,232.36666666668316,0.0,4.0054
18,Rest,232.46666666668898,0.0,4.0054
18,Rest,232.56666666668025,0.0,4.0054
18,Rest,232.66666666668607,0.0,4.0054
18,Rest,232.7666666666919,0.0,4.0054
18,Rest,232.86666666668316,0.0,4.0054
18,Rest,232.96666666668898,0.0,4.0054
18,Rest,233.06666666668025,0.0,4.0054
18,Rest,233.16666666668607,0.0,4.0054
18,Rest,233.2666666666919,0.0,4.0054
18,Rest,233.36666666668316,0.0,4.0054
18,Rest,233.46666666668898,0.0,4.0054
18,Rest,233.56666666668025,0.0,4.0054
18,Rest,233.66666666668607,0.0,4.0054
18,Rest,233.7666666666919,0.0,4.0054
18,Rest,233.86666666668316,0.0,4.0054
18,Rest,233.96666666668898,0.0,4.0054
18,Rest,234.06666666668025,0.0,4.0054
18,Rest,234.16666666668607,0.0,4.0054
18,Rest,234.2666666666919,0.0,4.0054
18,Rest,234.36666666668316,0.0,4.0054
18,Rest,234.46666666668898,0.0,4.0054
18,Rest,234.56666666668025,0.0,4.0054
18,Rest,234.66666666668607,0.0,4.0054
18,Rest,234.7666666666919,0.0,4.0054
18,Rest,234.86666666668316,0.0,4.0054
18,Rest,234.96666666668898,0.0,4.0054
18,Rest,235.06666666668025,0.0,4.0054
18,Rest,235.16666666668607,0.0,4.0054
18,Rest,235.2666666666919,0.0,4.0054
18,Rest,235.36666666668316,0.0,4.0054
18,Rest,235.46666666668898,0.0,4.0054
18,Rest,235.56666666668025,0.0,4.0054
18,Rest,235.66666666668607,0.0,4.0055
18,Rest,235.7666666666919,0.0,4.0054
18,Rest,235.86666666668316,0.0,4.0054
18,Rest,235.96666666668898,0.0,4.0054
18,Rest,236.06666666668025,0.0,4.0054
18,Rest,236.16666666668607,0.0,4.0054
18,Rest,236.2666666666919,0.0,4.0054
18,Rest,236.36666666668316,0.0,4.0054
18,Rest,236.46666666668898,0.0,4.0054
18,Rest,236.56666666668025,0.0,4.0054
18,Rest,236.66666666668607,0.0,4.0054
18,Rest,236.7666666666919,0.0,4.0054
18,Rest,236.86666666668316,0.0,4.0054
18,Rest,236.96666666668898,0.0,4.0054
18,Rest,237.06666666668025,0.0,4.0054
18,Rest,237.16666666668607,0.0,4.0054
18,Rest,237.2666666666919,0.0,4.0054
18,Rest,237.36666666668316,0.0,4.0054
18,Rest,237.46666666668898,0.0,4.0054
18,Rest,237.56666666668025,0.0,4.0054
18,Rest,237.66666666668607,0.0,4.0054
18,Rest,237.7666666666919,0.0,4.0054
18,Rest,237.86666666668316,0.0,4.0054
18,Rest,237.96666666668898,0.0,4.0054
18,Rest,238.06666666668025,0.0,4.0054
18,Rest,238.16666666668607,0.0,4.0054
18,Rest,238.2666666666919,0.0,4.0054
18,Rest,238.36666666668316,0.0,4.0054
18,Rest,238.46666666668898,0.0,4.0054
18,Rest,238.56666666668025,0.0,4.0054
18,Rest,238.66666666668607,0.0,4.0055
18,Rest,238.7666666666919,0.0,4.0054
18,Rest,238.86666666668316,0.0,4.0054
18,Rest,238.96666666668898,0.0,4.0054
18,Rest,239.06666666668025,0.0,4.0054
18,Rest,239.16666666668607,0.0,4.0055
18,Rest,239.2666666666919,0.0,4.0055
18,Rest,239.36666666668316,0.0,4.0055
18,Rest,239.46666666668898,0.0,4.0055
18,Rest,239.56666666668025,0.0,4.0054
18,Rest,239.66666666668607,0.0,4.0054
18,Rest,239.7666666666919,0.0,4.0054
18,Rest,239.86666666668316,0.0,4.0054
18,Rest,239.96666666668898,0.0,4.0055
18,Rest,240.06666666668025,0.0,4.0055
18,Rest,240.16666666668607,0.0,4.0054
18,Rest,240.2666666666919,0.0,4.0054
18,Rest,240.36666666668316,0.0,4.0055
18,Rest,240.46666666668898,0.0,4.0055
18,Rest,240.56666666668025,0.0,4.0055
18,Rest,240.66666666668607,0.0,4.0055
18,Rest,240.7666666666919,0.0,4.0055
18,Rest,240.86666666668316,0.0,4.0055
18,Rest,240.96666666668898,0.0,4.0055
18,Rest,241.06666666668025,0.0,4.0055
18,Rest,241.16666666668607,0.0,4.0055
18,Rest,241.2666666666919,0.0,4.0055
18,Rest,241.36666666668316,0.0,4.0055
18,Rest,241.46666666668898,0.0,4.0055
18,Rest,241.56666666668025,0.0,4.0055
18,Rest,241.66666666668607,0.0,4.0055
18,Rest,241.7666666666919,0.0,4.0056
18,Rest,241.86666666668316,0.0,4.0055
18,Rest,241.96666666668898,0.0,4.0056
18,Rest,242.06666666668025,0.0,4.0056
18,Rest,242.16666666668607,0.0,4.0055
18,Rest,242.2666666666919,0.0,4.0055
18,Rest,242.36666666668316,0.0,4.0056
18,Rest,242.46666666668898,0.0,4.0056
18,Rest,242.56666666668025,0.0,4.0056
18,Rest,242.66666666668607,0.0,4.0056
18,Rest,242.7666666666919,0.0,4.0056
18,Rest,242.86666666668316,0.0,4.0056
18,Rest,242.96666666668898,0.0,4.0056
18,Rest,243.06666666668025,0.0,4.0056
18,Rest,243.16666666668607,0.0,4.0056
18,Rest,243.2666666666919,0.0,4.0056
18,Rest,243.36666666668316,0.0,4.0056
18,Rest,243.46666666668898,0.0,4.0056
18,Rest,243.56666666668025,0.0,4.0056
18,Rest,243.66666666668607,0.0,4.0056
18,Rest,243.7666666666919,0.0,4.0056
18,Rest,243.86666666668316,0.0,4.0056
18,Rest,243.96666666668898,0.0,4.0056
18,Rest,244.06666666668025,0.0,4.0056
18,Rest,244.16666666668607,0.0,4.0056
18,Rest,244.2666666666919,0.0,4.0056
18,Rest,244.36666666668316,0.0,4.0056
18,Rest,244.46666666668898,0.0,4.0056
18,Rest,244.56666666668025,0.0,4.0056
18,Rest,244.66666666668607,0.0,4.0056
18,Rest,244.7666666666919,0.0,4.0057
18,Rest,244.86666666668316,0.0,4.0056
18,Rest,244.96666666668898,0.0,4.0056
18,Rest,245.06666666668025,0.0,4.0056
18,Rest,245.16666666668607,0.0,4.0056
18,Rest,245.2666666666919,0.0,4.0056
18,Rest,245.36666666668316,0.0,4.0056
18,Rest,245.46666666668898,0.0,4.0056
18,Rest,245.56666666668025,0.0,4.0057
18,Rest,245.66666666668607,0.0,4.0057
18,Rest,245.7666666666919,0.0,4.0057
18,Rest,245.86666666668316,0.0,4.0056
18,Rest,245.96666666668898,0.0,4.0056
18,Rest,246.06666666668025,0.0,4.0057
18,Rest,246.16666666668607,0.0,4.0057
18,Rest,246.2666666666919,0.0,4.0057
18,Rest,246.36666666668316,0.0,4.0057
18,Rest,246.46666666668898,0.0,4.0057
18,Rest,246.56666666668025,0.0,4.0057
18,Rest,246.66666666668607,0.0,4.0057
18,Rest,246.7666666666919,0.0,4.0057
18,Rest,246.86666666668316,0.0,4.0057
18,Rest,246.96666666668898,0.0,4.0057
18,Rest,247.06666666668025,0.0,4.0057
18,Rest,247.16666666668607,0.0,4.0057
18,Rest,247.2666666666919,0.0,4.0057
18,Rest,247.36666666668316,0.0,4.0056
18,Rest,247.46666666668898,0.0,4.0057
18,Rest,247.56666666668025,0.0,4.0057
18,Rest,247.66666666668607,0.0,4.0057
18,Rest,247.7666666666919,0.0,4.0057
18,Rest,247.86666666668316,0.0,4.0057
18,Rest,247.96666666668898,0.0,4.0057
18,Rest,248.06666666668025,0.0,4.0057
18,Rest,248.16666666668607,0.0,4.0057
18,Rest,248.2666666666919,0.0,4.0057
18,Rest,248.36666666668316,0.0,4.0057
18,Rest,248.46666666668898,0.0,4.0057
18,Rest,248.56666666668025,0.0,4.0057
18,Rest,248.66666666668607,0.0,4.0058
18,Rest,248.7666666666919,0.0,4.0057
18,Rest,248.86666666668316,0.0,4.0057
18,Rest,248.96666666668898,0.0,4.0057
18,Rest,249.06666666668025,0.0,4.0057
18,Rest,249.16666666668607,0.0,4.0057
18,Rest,249.2666666666919,0.0,4.0057
18,Rest,249.36666666668316,0.0,4.0057
18,Rest,249.46666666668898,0.0,4.0057
18,Rest,249.56666666668025,0.0,4.0057
18,Rest,249.66666666668607,0.0,4.0057
18,Rest,249.7666666666919,0.0,4.0057
18,Rest,249.86666666668316,0.0,4.0057
18,Rest,249.96666666668898,0.0,4.0057
18,Rest,250.06666666668025,0.0,4.0057
18,Rest,250.16666666668607,0.0,4.0057
18,Rest,250.2666666666919,0.0,4.0057
18,Rest,250.36666666668316,0.0,4.0058
18,Rest,250.46666666668898,0.0,4.0058
18,Rest,250.56666666668025,0.0,4.0057
18,Rest,250.66666666668607,0.0,4.0057
18,Rest,250.7666666666919,0.0,4.0057
18,Rest,250.86666666668316,0.0,4.0058
18,Rest,250.96666666668898,0.0,4.0057
18,Rest,251.06666666668025,0.0,4.0057
18,Rest,251.16666666668607,0.0,4.0058
18,Rest,251.2666666666919,0.0,4.0058
18,Rest,251.36666666668316,0.0,4.0058
18,Rest,251.46666666668898,0.0,4.0058
18,Rest,251.56666666668025,0.0,4.0058
18,Rest,251.66666666668607,0.0,4.0058
18,Rest,251.7666666666919,0.0,4.0058
18,Rest,251.86666666668316,0.0,4.0058
18,Rest,251.96666666668898,0.0,4.0058
18,Rest,252.06666666668025,0.0,4.0059
18,Rest,252.16666666668607,0.0,4.0058
18,Rest,252.2666666666919,0.0,4.0058
18,Rest,252.36666666668316,0.0,4.0058
18,Rest,252.46666666668898,0.0,4.0059
18,Rest,252.56666666668025,0.0,4.0059
18,Rest,252.66666666668607,0.0,4.0059
18,Rest,252.7666666666919,0.0,4.0059
18,Rest,252.86666666668316,0.0,4.0059
18,Rest,252.96666666668898,0.0,4.0059
18,Rest,253.06666666668025,0.0,4.0059
18,Rest,253.16666666668607,0.0,4.0059
18,Rest,253.2666666666919,0.0,4.0059
18,Rest,253.36666666668316,0.0,4.0059
18,Rest,253.46666666668898,0.0,4.0059
18,Rest,253.56666666668025,0.0,4.0059
18,Rest,253.66666666668607,0.0,4.0059
18,Rest,253.7666666666919,0.0,4.0059
18,Rest,253.86666666668316,0.0,4.0059
18,Rest,253.96666666668898,0.0,4.0059
18,Rest,254.06666666668025,0.0,4.0059
18,Rest,254.16666666668607,0.0,4.0059
18,Rest,254.2666666666919,0.0,4.006
18,Rest,254.36666666668316,0.0,4.006
18,Rest,254.46666666668898,0.0,4.0059
18,Rest,254.56666666668025,0.0,4.0059
18,Rest,254.66666666668607,0.0,4.0059
18,Rest,254.7666666666919,0.0,4.006
18,Rest,254.86666666668316,0.0,4.006
18,Rest,254.96666666668898,0.0,4.0059
18,Rest,255.06666666668025,0.0,4.0059
18,Rest,255.16666666668607,0.0,4.006
18,Rest,255.2666666666919,0.0,4.0059
18,Rest,255.36666666668316,0.0,4.006
18,Rest,255.46666666668898,0.0,4.006
18,Rest,255.56666666668025,0.0,4.006
18,Rest,255.66666666668607,0.0,4.0059
18,Rest,255.7666666666919,0.0,4.006
18,Rest,255.86666666668316,0.0,4.006
18,Rest,255.96666666668898,0.0,4.0059
18,Rest,256.06666666668025,0.0,4.0059
18,Rest,256.16666666668607,0.0,4.0059
18,Rest,256.2666666666919,0.0,4.0059
18,Rest,256.36666666668316,0.0,4.0059
18,Rest,256.466666666689,0.0,4.0059
18,Rest,256.56666666668025,0.0,4.006
18,Rest,256.66666666668607,0.0,4.006
18,Rest,256.7666666666919,0.0,4.0059
18,Rest,256.86666666668316,0.0,4.0059
18,Rest,256.966666666689,0.0,4.0059
18,Rest,257.06666666668025,0.0,4.006
18,Rest,257.16666666668607,0.0,4.006
18,Rest,257.2666666666919,0.0,4.0059
18,Rest,257.36666666668316,0.0,4.0059
18,Rest,257.466666666689,0.0,4.0059
18,Rest,257.56666666668025,0.0,4.006
18,Rest,257.66666666668607,0.0,4.0059
18,Rest,257.7666666666919,0.0,4.006
18,Rest,257.86666666668316,0.0,4.006
18,Rest,257.966666666689,0.0,4.006
18,Rest,258.06666666668025,0.0,4.006
18,Rest,258.16666666668607,0.0,4.006
18,Rest,258.2666666666919,0.0,4.006
18,Rest,258.36666666668316,0.0,4.006
18,Rest,258.466666666689,0.0,4.006
18,Rest,258.56666666668025,0.0,4.0059
18,Rest,258.66666666668607,0.0,4.0059
18,Rest,258.7666666666919,0.0,4.0059
18,Rest,258.86666666668316,0.0,4.006
18,Rest,258.966666666689,0.0,4.006
18,Rest,259.06666666668025,0.0,4.006
18,Rest,259.16666666668607,0.0,4.006
18,Rest,259.2666666666919,0.0,4.006
18,Rest,259.36666666668316,0.0,4.006
18,Rest,259.466666666689,0.0,4.006
18,Rest,259.56666666668025,0.0,4.006
18,Rest,259.66666666668607,0.0,4.006
18,Rest,259.7666666666919,0.0,4.006
18,Rest,259.86666666668316,0.0,4.006
18,Rest,259.966666666689,0.0,4.006
18,Rest,260.06666666668025,0.0,4.006
18,Rest,260.16666666668607,0.0,4.006
18,Rest,260.2666666666919,0.0,4.006
18,Rest,260.36666666668316,0.0,4.006
18,Rest,260.466666666689,0.0,4.006
18,Rest,260.56666666668025,0.0,4.006
18,Rest,260.66666666668607,0.0,4.006
18,Rest,260.7666666666919,0.0,4.006
18,Rest,260.86666666668316,0.0,4.006
18,Rest,260.966666666689,0.0,4.006
18,Rest,261.06666666668025,0.0,4.006
18,Rest,261.16666666668607,0.0,4.006
18,Rest,261.2666666666919,0.0,4.006
18,Rest,261.36666666668316,0.0,4.0061
18,Rest,261.466666666689,0.0,4.0061
18,Rest,261.56666666668025,0.0,4.0061
18,Rest,261.66666666668607,0.0,4.0061
18,Rest,261.7666666666919,0.0,4.0061
18,Rest,261.86666666668316,0.0,4.0061
18,Rest,261.966666666689,0.0,4.0061
18,Rest,262.06666666668025,0.0,4.006
18,Rest,262.16666666668607,0.0,4.006
18,Rest,262.2666666666919,0.0,4.0061
18,Rest,262.36666666668316,0.0,4.0061
18,Rest,262.466666666689,0.0,4.0061
18,Rest,262.56666666668025,0.0,4.0061
18,Rest,262.66666666668607,0.0,4.0061
18,Rest,262.7666666666919,0.0,4.0061
18,Rest,262.86666666668316,0.0,4.0061
18,Rest,262.966666666689,0.0,4.0061
18,Rest,263.06666666668025,0.0,4.0061
18,Rest,263.16666666668607,0.0,4.0061
18,Rest,263.2666666666919,0.0,4.0061
18,Rest,263.36666666668316,0.0,4.0061
18,Rest,263.466666666689,0.0,4.0061
18,Rest,263.56666666668025,0.0,4.0061
18,Rest,263.66666666668607,0.0,4.0061
18,Rest,263.7666666666919,0.0,4.0061
18,Rest,263.86666666668316,0.0,4.0061
18,Rest,263.966666666689,0.0,4.0061
18,Rest,264.06666666668025,0.0,4.0061
18,Rest,264.16666666668607,0.0,4.0061
18,Rest,264.2666666666919,0.0,4.0061
18,Rest,264.36666666668316,0.0,4.0061
18,Rest,264.466666666689,0.0,4.0061
18,Rest,264.56666666668025,0.0,4.0061
18,Rest,264.66666666668607,0.0,4.0061
18,Rest,264.7666666666919,0.0,4.0061
18,Rest,264.86666666668316,0.0,4.0061
18,Rest,264.966666666689,0.0,4.0061
18,Rest,265.06666666668025,0.0,4.0061
18,Rest,265.16666666668607,0.0,4.0061
18,Rest,265.2666666666919,0.0,4.0061
18,Rest,265.36666666668316,0.0,4.0061
18,Rest,265.466666666689,0.0,4.0061
18,Rest,265.56666666668025,0.0,4.0061
18,Rest,265.66666666668607,0.0,4.0061
18,Rest,265.7666666666919,0.0,4.0061
18,Rest,265.86666666668316,0.0,4.0061
18,Rest,265.966666666689,0.0,4.0061
18,Rest,266.06666666668025,0.0,4.0061
18,Rest,266.16666666668607,0.0,4.0061
18,Rest,266.2666666666919,0.0,4.0061
18,Rest,266.36666666668316,0.0,4.0061
18,Rest,266.466666666689,0.0,4.0061
18,Rest,266.56666666668025,0.0,4.0061
18,Rest,266.66666666668607,0.0,4.0061
18,Rest,266.7666666666919,0.0,4.0061
18,Rest,266.86666666668316,0.0,4.0061
18,Rest,266.966666666689,0.0,4.0061
18,Rest,267.06666666668025,0.0,4.0061
18,Rest,267.16666666668607,0.0,4.0061
18,Rest,267.2666666666919,0.0,4.0061
18,Rest,267.36666666668316,0.0,4.0061
18,Rest,267.466666666689,0.0,4.0061
18,Rest,267.56666666668025,0.0,4.0061
18,Rest,267.66666666668607,0.0,4.0061
18,Rest,267.7666666666919,0.0,4.0062
18,Rest,267.86666666668316,0.0,4.0062
18,Rest,267.966666666689,0.0,4.0061
18,Rest,268.06666666668025,0.0,4.0062
18,Rest,268.16666666668607,0.0,4.0062
18,Rest,268.2666666666919,0.0,4.0062
18,Rest,268.36666666668316,0.0,4.0062
18,Rest,268.466666666689,0.0,4.0062
18,Rest,268.56666666668025,0.0,4.0062
18,Rest,268.66666666668607,0.0,4.0062
18,Rest,268.7666666666919,0.0,4.0062
18,Rest,268.86666666668316,0.0,4.0062
18,Rest,268.966666666689,0.0,4.0062
18,Rest,269.06666666668025,0.0,4.0062
18,Rest,269.16666666668607,0.0,4.0061
18,Rest,269.2666666666919,0.0,4.0061
18,Rest,269.36666666668316,0.0,4.0062
18,Rest,269.466666666689,0.0,4.0062
18,Rest,269.56666666668025,0.0,4.0062
18,Rest,269.66666666668607,0.0,4.0062
18,Rest,269.7666666666919,0.0,4.0062
18,Rest,269.86666666668316,0.0,4.0062
18,Rest,269.966666666689,0.0,4.0062
18,Rest,270.06666666668025,0.0,4.0062
18,Rest,270.16666666668607,0.0,4.0062
18,Rest,270.2666666666919,0.0,4.0062
18,Rest,270.36666666668316,0.0,4.0062
18,Rest,270.466666666689,0.0,4.0062
18,Rest,270.56666666668025,0.0,4.0062
18,Rest,270.66666666668607,0.0,4.0062
18,Rest,270.7666666666919,0.0,4.0062
18,Rest,270.86666666668316,0.0,4.0062
18,Rest,270.966666666689,0.0,4.0062
18,Rest,271.06666666668025,0.0,4.0061
18,Rest,271.16666666668607,0.0,4.0061
18,Rest,271.2666666666919,0.0,4.0062
18,Rest,271.36666666668316,0.0,4.0061
18,Rest,271.466666666689,0.0,4.0062
18,Rest,271.56666666668025,0.0,4.0062
18,Rest,271.66666666668607,0.0,4.0062
18,Rest,271.7666666666919,0.0,4.0061
18,Rest,271.86666666668316,0.0,4.0062
18,Rest,271.966666666689,0.0,4.0062
18,Rest,272.06666666668025,0.0,4.0062
18,Rest,272.16666666668607,0.0,4.0062
18,Rest,272.2666666666919,0.0,4.0061
18,Rest,272.36666666668316,0.0,4.0062
18,Rest,272.466666666689,0.0,4.0062
18,Rest,272.56666666668025,0.0,4.0062
18,Rest,272.66666666668607,0.0,4.0062
18,Rest,272.7666666666919,0.0,4.0062
18,Rest,272.86666666668316,0.0,4.0062
18,Rest,272.966666666689,0.0,4.0061
18,Rest,273.06666666668025,0.0,4.0061
18,Rest,273.16666666668607,0.0,4.0061
18,Rest,273.2666666666919,0.0,4.0061
18,Rest,273.36666666668316,0.0,4.0062
18,Rest,273.466666666689,0.0,4.0062
18,Rest,273.56666666668025,0.0,4.0062
18,Rest,273.66666666668607,0.0,4.0062
18,Rest,273.7666666666919,0.0,4.0062
18,Rest,273.86666666668316,0.0,4.0062
18,Rest,273.966666666689,0.0,4.0062
18,Rest,274.06666666668025,0.0,4.0062
18,Rest,274.16666666668607,0.0,4.0062
18,Rest,274.2666666666919,0.0,4.0061
18,Rest,274.36666666668316,0.0,4.0061
18,Rest,274.466666666689,0.0,4.0062
18,Rest,274.56666666668025,0.0,4.0062
18,Rest,274.66666666668607,0.0,4.0062
18,Rest,274.7666666666919,0.0,4.0062
18,Rest,274.86666666668316,0.0,4.0062
18,Rest,274.966666666689,0.0,4.0062
18,Rest,275.06666666668025,0.0,4.0062
18,Rest,275.16666666668607,0.0,4.0062
18,Rest,275.2666666666919,0.0,4.0062
18,Rest,275.36666666668316,0.0,4.0062
18,Rest,275.466666666689,0.0,4.0062
18,Rest,275.56666666668025,0.0,4.0062
18,Rest,275.66666666668607,0.0,4.0063
18,Rest,275.7666666666919,0.0,4.0062
18,Rest,275.86666666668316,0.0,4.0063
18,Rest,275.966666666689,0.0,4.0063
18,Rest,276.06666666668025,0.0,4.0062
18,Rest,276.16666666668607,0.0,4.0062
18,Rest,276.2666666666919,0.0,4.0063
18,Rest,276.36666666668316,0.0,4.0062
18,Rest,276.466666666689,0.0,4.0062
18,Rest,276.56666666668025,0.0,4.0063
18,Rest,276.66666666668607,0.0,4.0063
18,Rest,276.7666666666919,0.0,4.0063
18,Rest,276.86666666668316,0.0,4.0063
18,Rest,276.966666666689,0.0,4.0063
18,Rest,277.06666666668025,0.0,4.0062
18,Rest,277.16666666668607,0.0,4.0063
18,Rest,277.2666666666919,0.0,4.0063
18,Rest,277.36666666668316,0.0,4.0063
18,Rest,277.466666666689,0.0,4.0063
18,Rest,277.56666666668025,0.0,4.0063
18,Rest,277.66666666668607,0.0,4.0063
18,Rest,277.7666666666919,0.0,4.0063
18,Rest,277.86666666668316,0.0,4.0063
18,Rest,277.966666666689,0.0,4.0063
18,Rest,278.06666666668025,0.0,4.0063
18,Rest,278.16666666668607,0.0,4.0063
18,Rest,278.2666666666919,0.0,4.0063
18,Rest,278.36666666668316,0.0,4.0063
18,Rest,278.466666666689,0.0,4.0063
18,Rest,278.56666666668025,0.0,4.0063
18,Rest,278.66666666668607,0.0,4.0063
18,Rest,278.7666666666919,0.0,4.0063
18,Rest,278.86666666668316,0.0,4.0063
18,Rest,278.966666666689,0.0,4.0063
18,Rest,279.06666666668025,0.0,4.0063
18,Rest,279.16666666668607,0.0,4.0063
18,Rest,279.2666666666919,0.0,4.0063
18,Rest,279.36666666668316,0.0,4.0063
18,Rest,279.466666666689,0.0,4.0063
18,Rest,279.56666666668025,0.0,4.0063
18,Rest,279.66666666668607,0.0,4.0063
18,Rest,279.7666666666919,0.0,4.0063
18,Rest,279.86666666668316,0.0,4.0063
18,Rest,279.966666666689,0.0,4.0063
18,Rest,280.06666666668025,0.0,4.0063
18,Rest,280.16666666668607,0.0,4.0063
18,Rest,280.2666666666919,0.0,4.0063
18,Rest,280.36666666668316,0.0,4.0063
18,Rest,280.466666666689,0.0,4.0062
18,Rest,280.56666666668025,0.0,4.0063
18,Rest,280.66666666668607,0.0,4.0063
18,Rest,280.7666666666919,0.0,4.0063
18,Rest,280.86666666668316,0.0,4.0063
18,Rest,280.966666666689,0.0,4.0063
18,Rest,281.06666666668025,0.0,4.0063
18,Rest,281.16666666668607,0.0,4.0063
18,Rest,281.2666666666919,0.0,4.0063
18,Rest,281.36666666668316,0.0,4.0063
18,Rest,281.466666666689,0.0,4.0063
18,Rest,281.56666666668025,0.0,4.0063
18,Rest,281.66666666668607,0.0,4.0063
18,Rest,281.7666666666919,0.0,4.0063
18,Rest,281.86666666668316,0.0,4.0063
18,Rest,281.966666666689,0.0,4.0063
18,Rest,282.06666666668025,0.0,4.0064
18,Rest,282.16666666668607,0.0,4.0063
18,Rest,282.2666666666919,0.0,4.0063
18,Rest,282.36666666668316,0.0,4.0063
18,Rest,282.466666666689,0.0,4.0063
18,Rest,282.56666666668025,0.0,4.0063
18,Rest,282.66666666668607,0.0,4.0063
18,Rest,282.7666666666919,0.0,4.0063
18,Rest,282.86666666668316,0.0,4.0063
18,Rest,282.966666666689,0.0,4.0063
18,Rest,283.06666666668025,0.0,4.0063
18,Rest,283.16666666668607,0.0,4.0063
18,Rest,283.2666666666919,0.0,4.0063
18,Rest,283.36666666668316,0.0,4.0063
18,Rest,283.466666666689,0.0,4.0063
18,Rest,283.56666666668025,0.0,4.0063
18,Rest,283.66666666668607,0.0,4.0064
18,Rest,283.7666666666919,0.0,4.0063
18,Rest,283.86666666668316,0.0,4.0063
18,Rest,283.966666666689,0.0,4.0064
18,Rest,284.06666666668025,0.0,4.0064
18,Rest,284.16666666668607,0.0,4.0064
18,Rest,284.2666666666919,0.0,4.0064
18,Rest,284.36666666668316,0.0,4.0064
18,Rest,284.466666666689,0.0,4.0064
18,Rest,284.56666666668025,0.0,4.0064
18,Rest,284.66666666668607,0.0,4.0064
18,Rest,284.7666666666919,0.0,4.0064
18,Rest,284.86666666668316,0.0,4.0064
18,Rest,284.966666666689,0.0,4.0064
18,Rest,285.06666666668025,0.0,4.0064
18,Rest,285.16666666668607,0.0,4.0063
18,Rest,285.2666666666919,0.0,4.0064
18,Rest,285.36666666668316,0.0,4.0064
18,Rest,285.466666666689,0.0,4.0063
18,Rest,285.56666666668025,0.0,4.0064
18,Rest,285.66666666668607,0.0,4.0064
18,Rest,285.7666666666919,0.0,4.0064
18,Rest,285.86666666668316,0.0,4.0063
18,Rest,285.966666666689,0.0,4.0063
18,Rest,286.06666666668025,0.0,4.0063
18,Rest,286.16666666668607,0.0,4.0064
18,Rest,286.2666666666919,0.0,4.0064
18,Rest,286.36666666668316,0.0,4.0064
18,Rest,286.466666666689,0.0,4.0063
18,Rest,286.56666666668025,0.0,4.0064
18,Rest,286.66666666668607,0.0,4.0064
18,Rest,286.7666666666919,0.0,4.0064
18,Rest,286.86666666668316,0.0,4.0064
18,Rest,286.966666666689,0.0,4.0064
18,Rest,287.06666666668025,0.0,4.0064
18,Rest,287.16666666668607,0.0,4.0064
18,Rest,287.2666666666919,0.0,4.0064
18,Rest,287.36666666668316,0.0,4.0064
18,Rest,287.466666666689,0.0,4.0064
18,Rest,287.56666666668025,0.0,4.0064
18,Rest,287.66666666668607,0.0,4.0064
18,Rest,287.7666666666919,0.0,4.0064
18,Rest,287.86666666668316,0.0,4.0064
18,Rest,287.966666666689,0.0,4.0064
18,Rest,288.06666666668025,0.0,4.0065
18,Rest,288.16666666668607,0.0,4.0065
18,Rest,288.2666666666919,0.0,4.0065
18,Rest,288.36666666668316,0.0,4.0065
18,Rest,288.466666666689,0.0,4.0065
18,Rest,288.56666666668025,0.0,4.0065
18,Rest,288.66666666668607,0.0,4.0065
18,Rest,288.7666666666919,0.0,4.0065
18,Rest,288.86666666668316,0.0,4.0065
18,Rest,288.966666666689,0.0,4.0065
18,Rest,289.06666666668025,0.0,4.0065
18,Rest,289.16666666668607,0.0,4.0065
18,Rest,289.2666666666919,0.0,4.0065
18,Rest,289.36666666668316,0.0,4.0065
18,Rest,289.466666666689,0.0,4.0065
18,Rest,289.56666666668025,0.0,4.0065
18,Rest,289.66666666668607,0.0,4.0065
18,Rest,289.7666666666919,0.0,4.0065
18,Rest,289.86666666668316,0.0,4.0065
18,Rest,289.966666666689,0.0,4.0065
18,Rest,290.06666666668025,0.0,4.0065
18,Rest,290.16666666668607,0.0,4.0065
18,Rest,290.2666666666919,0.0,4.0065
18,Rest,290.36666666668316,0.0,4.0065
18,Rest,290.466666666689,0.0,4.0065
18,Rest,290.56666666668025,0.0,4.0065
18,Rest,290.66666666668607,0.0,4.0065
18,Rest,290.7666666666919,0.0,4.0065
18,Rest,290.86666666668316,0.0,4.0065
18,Rest,290.966666666689,0.0,4.0065
18,Rest,291.06666666668025,0.0,4.0065
18,Rest,291.16666666668607,0.0,4.0065
18,Rest,291.2666666666919,0.0,4.0065
18,Rest,291.36666666668316,0.0,4.0065
18,Rest,291.466666666689,0.0,4.0065
18,Rest,291.56666666668025,0.0,4.0065
18,Rest,291.66666666668607,0.0,4.0065
18,Rest,291.7666666666919,0.0,4.0065
18,Rest,291.86666666668316,0.0,4.0065
18,Rest,291.966666666689,0.0,4.0065
18,Rest,292.06666666668025,0.0,4.0065
18,Rest,292.16666666668607,0.0,4.0066
18,Rest,292.2666666666919,0.0,4.0066
18,Rest,292.36666666668316,0.0,4.0066
18,Rest,292.466666666689,0.0,4.0066
18,Rest,292.56666666668025,0.0,4.0066
18,Rest,292.66666666668607,0.0,4.0065
18,Rest,292.7666666666919,0.0,4.0065
18,Rest,292.86666666668316,0.0,4.0065
18,Rest,292.966666666689,0.0,4.0065
18,Rest,293.06666666668025,0.0,4.0065
18,Rest,293.16666666668607,0.0,4.0065
18,Rest,293.2666666666919,0.0,4.0065
18,Rest,293.36666666668316,0.0,4.0066
18,Rest,293.466666666689,0.0,4.0066
18,Rest,293.56666666668025,0.0,4.0065
18,Rest,293.66666666668607,0.0,4.0065
18,Rest,293.7666666666919,0.0,4.0065
18,Rest,293.86666666668316,0.0,4.0065
18,Rest,293.966666666689,0.0,4.0066
18,Rest,294.06666666668025,0.0,4.0065
18,Rest,294.16666666668607,0.0,4.0066
18,Rest,294.2666666666919,0.0,4.0065
18,Rest,294.36666666668316,0.0,4.0065
18,Rest,294.466666666689,0.0,4.0065
18,Rest,294.56666666668025,0.0,4.0065
18,Rest,294.66666666668607,0.0,4.0065
18,Rest,294.7666666666919,0.0,4.0065
18,Rest,294.86666666668316,0.0,4.0065
18,Rest,294.966666666689,0.0,4.0065
18,Rest,295.06666666668025,0.0,4.0065
18,Rest,295.16666666668607,0.0,4.0065
18,Rest,295.2666666666919,0.0,4.0065
18,Rest,295.36666666668316,0.0,4.0066
18,Rest,295.466666666689,0.0,4.0066
18,Rest,295.56666666668025,0.0,4.0065
18,Rest,295.66666666668607,0.0,4.0066
18,Rest,295.7666666666919,0.0,4.0066
18,Rest,295.86666666668316,0.0,4.0066
18,Rest,295.966666666689,0.0,4.0065
18,Rest,296.06666666668025,0.0,4.0066
18,Rest,296.16666666668607,0.0,4.0066
18,Rest,296.2666666666919,0.0,4.0065
18,Rest,296.36666666668316,0.0,4.0066
18,Rest,296.466666666689,0.0,4.0066
18,Rest,296.56666666668025,0.0,4.0066
18,Rest,296.66666666668607,0.0,4.0066
18,Rest,296.7666666666919,0.0,4.0066
18,Rest,296.86666666668316,0.0,4.0066
18,Rest,296.966666666689,0.0,4.0065
18,Rest,297.06666666668025,0.0,4.0066
18,Rest,297.16666666668607,0.0,4.0066
18,Rest,297.2666666666919,0.0,4.0066
18,Rest,297.36666666668316,0.0,4.0066
18,Rest,297.466666666689,0.0,4.0066
18,Rest,297.56666666668025,0.0,4.0066
18,Rest,297.66666666668607,0.0,4.0066
18,Rest,297.7666666666919,0.0,4.0066
18,Rest,297.86666666668316,0.0,4.0066
18,Rest,297.966666666689,0.0,4.0066
18,Rest,298.06666666668025,0.0,4.0066
18,Rest,298.16666666668607,0.0,4.0066
18,Rest,298.2666666666919,0.0,4.0066
18,Rest,298.36666666668316,0.0,4.0066
18,Rest,298.466666666689,0.0,4.0066
18,Rest,298.56666666668025,0.0,4.0066
18,Rest,298.66666666668607,0.0,4.0066
18,Rest,298.7666666666919,0.0,4.0066
18,Rest,298.86666666668316,0.0,4.0066
18,Rest,298.966666666689,0.0,4.0066
18,Rest,299.06666666668025,0.0,4.0066
18,Rest,299.16666666668607,0.0,4.0066
18,Rest,299.2666666666919,0.0,4.0066
18,Rest,299.36666666668316,0.0,4.0066
18,Rest,299.466666666689,0.0,4.0066
18,Rest,299.56666666668025,0.0,4.0066
18,Rest,299.66666666668607,0.0,4.0066
18,Rest,299.7666666666919,0.0,4.0066
18,Rest,299.86666666668316,0.0,4.0066
18,Rest,299.966666666689,0.0,4.0066
18,Rest,300.06666666668025,0.0,4.0066
18,Rest,300.16666666668607,0.0,4.0066
18,Rest,300.2666666666919,0.0,4.0066
18,Rest,300.36666666668316,0.0,4.0066
18,Rest,300.466666666689,0.0,4.0066
18,Rest,300.56666666668025,0.0,4.0066
18,Rest,300.66666666668607,0.0,4.0066
18,Rest,300.7666666666919,0.0,4.0066
18,Rest,300.86666666668316,0.0,4.0066
18,Rest,300.966666666689,0.0,4.0066
18,Rest,301.06666666668025,0.0,4.0066
18,Rest,301.16666666668607,0.0,4.0066
18,Rest,301.2666666666919,0.0,4.0066
18,Rest,301.36666666668316,0.0,4.0066
18,Rest,301.466666666689,0.0,4.0066
18,Rest,301.56666666668025,0.0,4.0066
18,Rest,301.66666666668607,0.0,4.0066
18,Rest,301.7666666666919,0.0,4.0066
18,Rest,301.86666666668316,0.0,4.0066
18,Rest,301.966666666689,0.0,4.0066
18,Rest,302.06666666668025,0.0,4.0066
18,Rest,302.16666666668607,0.0,4.0066
18,Rest,302.2666666666919,0.0,4.0066
18,Rest,302.36666666668316,0.0,4.0066
18,Rest,302.466666666689,0.0,4.0066
18,Rest,302.56666666668025,0.0,4.0066
18,Rest,302.66666666668607,0.0,4.0066
18,Rest,302.7666666666919,0.0,4.0066
18,Rest,302.86666666668316,0.0,4.0066
18,Rest,302.966666666689,0.0,4.0067
18,Rest,303.06666666668025,0.0,4.0066
18,Rest,303.16666666668607,0.0,4.0066
18,Rest,303.2666666666919,0.0,4.0067
18,Rest,303.36666666668316,0.0,4.0066
18,Rest,303.466666666689,0.0,4.0066
18,Rest,303.56666666668025,0.0,4.0066
18,Rest,303.66666666668607,0.0,4.0066
18,Rest,303.7666666666919,0.0,4.0066
18,Rest,303.86666666668316,0.0,4.0067
18,Rest,303.966666666689,0.0,4.0067
18,Rest,304.06666666668025,0.0,4.0066
18,Rest,304.16666666668607,0.0,4.0067
18,Rest,304.2666666666919,0.0,4.0067
18,Rest,304.36666666668316,0.0,4.0067
18,Rest,304.466666666689,0.0,4.0067
18,Rest,304.56666666668025,0.0,4.0067
18,Rest,304.66666666668607,0.0,4.0067
18,Rest,304.7666666666919,0.0,4.0067
18,Rest,304.86666666668316,0.0,4.0067
18,Rest,304.966666666689,0.0,4.0067
18,Rest,305.06666666668025,0.0,4.0067
18,Rest,305.16666666668607,0.0,4.0067
18,Rest,305.2666666666919,0.0,4.0067
18,Rest,305.36666666668316,0.0,4.0067
18,Rest,305.466666666689,0.0,4.0067
18,Rest,305.56666666668025,0.0,4.0067
18,Rest,305.66666666668607,0.0,4.0067
18,Rest,305.7666666666919,0.0,4.0067
18,Rest,305.86666666668316,0.0,4.0067
18,Rest,305.966666666689,0.0,4.0067
18,Rest,306.06666666668025,0.0,4.0067
18,Rest,306.16666666668607,0.0,4.0067
18,Rest,306.2666666666919,0.0,4.0067
18,Rest,306.36666666668316,0.0,4.0067
18,Rest,306.466666666689,0.0,4.0067
18,Rest,306.56666666668025,0.0,4.0067
18,Rest,306.66666666668607,0.0,4.0067
18,Rest,306.7666666666919,0.0,4.0067
18,Rest,306.86666666668316,0.0,4.0067
18,Rest,306.966666666689,0.0,4.0067
18,Rest,307.06666666668025,0.0,4.0067
18,Rest,307.16666666668607,0.0,4.0067
18,Rest,307.2666666666919,0.0,4.0067
18,Rest,307.36666666668316,0.0,4.0067
18,Rest,307.466666666689,0.0,4.0067
18,Rest,307.56666666668025,0.0,4.0067
18,Rest,307.66666666668607,0.0,4.0067
18,Rest,307.7666666666919,0.0,4.0067
18,Rest,307.86666666668316,0.0,4.0066
18,Rest,307.966666666689,0.0,4.0066
18,Rest,308.06666666668025,0.0,4.0067
18,Rest,308.16666666668607,0.0,4.0067
18,Rest,308.2666666666919,0.0,4.0066
18,Rest,308.36666666668316,0.0,4.0066
18,Rest,308.466666666689,0.0,4.0066
18,Rest,308.56666666668025,0.0,4.0066
18,Rest,308.66666666668607,0.0,4.0066
18,Rest,308.7666666666919,0.0,4.0067
18,Rest,308.86666666668316,0.0,4.0066
18,Rest,308.966666666689,0.0,4.0066
18,Rest,309.06666666668025,0.0,4.0066
18,Rest,309.16666666668607,0.0,4.0067
18,Rest,309.2666666666919,0.0,4.0067
18,Rest,309.36666666668316,0.0,4.0066
18,Rest,309.466666666689,0.0,4.0067
18,Rest,309.56666666668025,0.0,4.0067
18,Rest,309.66666666668607,0.0,4.0067
18,Rest,309.7666666666919,0.0,4.0066
18,Rest,309.86666666668316,0.0,4.0067
18,Rest,309.966666666689,0.0,4.0067
18,Rest,310.06666666668025,0.0,4.0067
18,Rest,310.16666666668607,0.0,4.0067
18,Rest,310.2666666666919,0.0,4.0066
18,Rest,310.36666666668316,0.0,4.0066
18,Rest,310.466666666689,0.0,4.0066
18,Rest,310.56666666668025,0.0,4.0067
18,Rest,310.66666666668607,0.0,4.0067
18,Rest,310.7666666666919,0.0,4.0067
18,Rest,310.86666666668316,0.0,4.0067
18,Rest,310.966666666689,0.0,4.0067
18,Rest,311.06666666668025,0.0,4.0067
18,Rest,311.16666666668607,0.0,4.0067
18,Rest,311.2666666666919,0.0,4.0067
18,Rest,311.36666666668316,0.0,4.0067
18,Rest,311.466666666689,0.0,4.0067
18,Rest,311.56666666668025,0.0,4.0067
18,Rest,311.66666666668607,0.0,4.0067
18,Rest,311.7666666666919,0.0,4.0067
18,Rest,311.86666666668316,0.0,4.0067
18,Rest,311.966666666689,0.0,4.0067
18,Rest,312.06666666668025,0.0,4.0067
18,Rest,312.16666666668607,0.0,4.0067
18,Rest,312.2666666666919,0.0,4.0067
18,Rest,312.36666666668316,0.0,4.0067
18,Rest,312.466666666689,0.0,4.0067
18,Rest,312.56666666668025,0.0,4.0067
18,Rest,312.66666666668607,0.0,4.0067
18,Rest,312.7666666666919,0.0,4.0067
18,Rest,312.86666666668316,0.0,4.0067
18,Rest,312.966666666689,0.0,4.0067
18,Rest,313.06666666668025,0.0,4.0067
18,Rest,313.16666666668607,0.0,4.0067
18,Rest,313.2666666666919,0.0,4.0067
18,Rest,313.36666666668316,0.0,4.0067
18,Rest,313.466666666689,0.0,4.0068
18,Rest,313.56666666668025,0.0,4.0068
18,Rest,313.66666666668607,0.0,4.0068
18,Rest,313.7666666666919,0.0,4.0067
18,Rest,313.86666666668316,0.0,4.0067
18,Rest,313.966666666689,0.0,4.0067
18,Rest,314.06666666668025,0.0,4.0067
18,Rest,314.16666666668607,0.0,4.0068
18,Rest,314.2666666666919,0.0,4.0068
18,Rest,314.36666666668316,0.0,4.0068
18,Rest,314.466666666689,0.0,4.0068
18,Rest,314.56666666668025,0.0,4.0068
18,Rest,314.66666666668607,0.0,4.0067
18,Rest,314.7666666666919,0.0,4.0067
18,Rest,314.86666666668316,0.0,4.0068
18,Rest,314.966666666689,0.0,4.0068
18,Rest,315.06666666668025,0.0,4.0067
18,Rest,315.16666666668607,0.0,4.0068
18,Rest,315.2666666666919,0.0,4.0067
18,Rest,315.36666666668316,0.0,4.0067
18,Rest,315.466666666689,0.0,4.0067
18,Rest,315.56666666668025,0.0,4.0068
18,Rest,315.66666666668607,0.0,4.0068
18,Rest,315.7666666666919,0.0,4.0068
18,Rest,315.86666666668316,0.0,4.0068
18,Rest,315.966666666689,0.0,4.0068
18,Rest,316.06666666668025,0.0,4.0068
18,Rest,316.16666666668607,0.0,4.0067
18,Rest,316.2666666666919,0.0,4.0068
18,Rest,316.36666666668316,0.0,4.0068
18,Rest,316.466666666689,0.0,4.0068
18,Rest,316.56666666668025,0.0,4.0068
18,Rest,316.66666666668607,0.0,4.0068
18,Rest,316.7666666666919,0.0,4.0068
18,Rest,316.86666666668316,0.0,4.0068
18,Rest,316.966666666689,0.0,4.0068
18,Rest,317.06666666668025,0.0,4.0068
18,Rest,317.16666666668607,0.0,4.0067
18,Rest,317.2666666666919,0.0,4.0068
18,Rest,317.36666666668316,0.0,4.0068
18,Rest,317.466666666689,0.0,4.0068
18,Rest,317.56666666668025,0.0,4.0068
18,Rest,317.66666666668607,0.0,4.0068
18,Rest,317.7666666666919,0.0,4.0068
18,Rest,317.86666666668316,0.0,4.0068
18,Rest,317.966666666689,0.0,4.0068
18,Rest,318.06666666668025,0.0,4.0068
18,Rest,318.16666666668607,0.0,4.0068
18,Rest,318.2666666666919,0.0,4.0068
18,Rest,318.36666666668316,0.0,4.0067
18,Rest,318.466666666689,0.0,4.0067
18,Rest,318.56666666668025,0.0,4.0067
18,Rest,318.66666666668607,0.0,4.0068
18,Rest,318.7666666666919,0.0,4.0068
18,Rest,318.86666666668316,0.0,4.0068
18,Rest,318.966666666689,0.0,4.0068
18,Rest,319.06666666668025,0.0,4.0068
18,Rest,319.16666666668607,0.0,4.0068
18,Rest,319.2666666666919,0.0,4.0068
18,Rest,319.36666666668316,0.0,4.0068
18,Rest,319.466666666689,0.0,4.0068
18,Rest,319.56666666668025,0.0,4.0068
18,Rest,319.66666666668607,0.0,4.0068
18,Rest,319.7666666666919,0.0,4.0068
18,Rest,319.86666666668316,0.0,4.0068
18,Rest,319.966666666689,0.0,4.0068
18,Rest,320.06666666668025,0.0,4.0068
18,Rest,320.16666666668607,0.0,4.0068
18,Rest,320.2666666666919,0.0,4.0068
18,Rest,320.36666666668316,0.0,4.0068
18,Rest,320.466666666689,0.0,4.0068
18,Rest,320.56666666668025,0.0,4.0068
18,Rest,320.66666666668607,0.0,4.0068
18,Rest,320.7666666666919,0.0,4.0068
18,Rest,320.86666666668316,0.0,4.0068
18,Rest,320.966666666689,0.0,4.0068
18,Rest,321.06666666668025,0.0,4.0068
18,Rest,321.16666666668607,0.0,4.0068
18,Rest,321.2666666666919,0.0,4.0068
18,Rest,321.36666666668316,0.0,4.0068
18,Rest,321.466666666689,0.0,4.0068
18,Rest,321.56666666668025,0.0,4.0068
18,Rest,321.66666666668607,0.0,4.0068
18,Rest,321.7666666666919,0.0,4.0068
18,Rest,321.86666666668316,0.0,4.0068
18,Rest,321.966666666689,0.0,4.0068
18,Rest,322.06666666668025,0.0,4.0068
18,Rest,322.16666666668607,0.0,4.0068
18,Rest,322.2666666666919,0.0,4.0068
18,Rest,322.36666666668316,0.0,4.0068
18,Rest,322.466666666689,0.0,4.0068
18,Rest,322.56666666668025,0.0,4.0068
18,Rest,322.66666666668607,0.0,4.0069
18,Rest,322.7666666666919,0.0,4.0068
18,Rest,322.86666666668316,0.0,4.0068
18,Rest,322.966666666689,0.0,4.0069
18,Rest,323.06666666668025,0.0,4.0068
18,Rest,323.16666666668607,0.0,4.0069
18,Rest,323.2666666666919,0.0,4.0068
18,Rest,323.36666666668316,0.0,4.0068
18,Rest,323.466666666689,0.0,4.0068
18,Rest,323.56666666668025,0.0,4.0069
18,Rest,323.66666666668607,0.0,4.0069
18,Rest,323.7666666666919,0.0,4.0069
18,Rest,323.86666666668316,0.0,4.0069
18,Rest,323.966666666689,0.0,4.0069
18,Rest,324.06666666668025,0.0,4.0068
18,Rest,324.16666666668607,0.0,4.0068
18,Rest,324.2666666666919,0.0,4.0069
18,Rest,324.36666666668316,0.0,4.0068
18,Rest,324.466666666689,0.0,4.0069
18,Rest,324.56666666668025,0.0,4.0069
18,Rest,324.66666666668607,0.0,4.0069
18,Rest,324.7666666666919,0.0,4.0069
18,Rest,324.86666666668316,0.0,4.0069
18,Rest,324.966666666689,0.0,4.0069
18,Rest,325.06666666668025,0.0,4.0068
18,Rest,325.16666666668607,0.0,4.0068
18,Rest,325.2666666666919,0.0,4.0069
18,Rest,325.36666666668316,0.0,4.0069
18,Rest,325.466666666689,0.0,4.0069
18,Rest,325.56666666668025,0.0,4.0069
18,Rest,325.66666666668607,0.0,4.0069
18,Rest,325.7666666666919,0.0,4.0069
18,Rest,325.86666666668316,0.0,4.0069
18,Rest,325.966666666689,0.0,4.0069
18,Rest,326.06666666668025,0.0,4.0069
18,Rest,326.16666666668607,0.0,4.0069
18,Rest,326.2666666666919,0.0,4.0069
18,Rest,326.36666666668316,0.0,4.0069
18,Rest,326.466666666689,0.0,4.0069
18,Rest,326.56666666668025,0.0,4.0069
18,Rest,326.66666666668607,0.0,4.007
18,Rest,326.7666666666919,0.0,4.0069
18,Rest,326.86666666668316,0.0,4.007
18,Rest,326.966666666689,0.0,4.007
18,Rest,327.06666666668025,0.0,4.007
18,Rest,327.16666666668607,0.0,4.007
18,Rest,327.2666666666919,0.0,4.007
18,Rest,327.36666666668316,0.0,4.007
18,Rest,327.466666666689,0.0,4.007
18,Rest,327.56666666668025,0.0,4.007
18,Rest,327.66666666668607,0.0,4.007
18,Rest,327.7666666666919,0.0,4.0069
18,Rest,327.86666666668316,0.0,4.007
18,Rest,327.966666666689,0.0,4.007
18,Rest,328.06666666668025,0.0,4.007
18,Rest,328.16666666668607,0.0,4.007
18,Rest,328.2666666666919,0.0,4.007
18,Rest,328.36666666668316,0.0,4.007
18,Rest,328.466666666689,0.0,4.007
18,Rest,328.56666666668025,0.0,4.007
18,Rest,328.66666666668607,0.0,4.007
18,Rest,328.7666666666919,0.0,4.007
18,Rest,328.86666666668316,0.0,4.007
18,Rest,328.966666666689,0.0,4.007
18,Rest,329.06666666668025,0.0,4.007
18,Rest,329.16666666668607,0.0,4.007
18,Rest,329.2666666666919,0.0,4.007
18,Rest,329.36666666668316,0.0,4.0069
18,Rest,329.466666666689,0.0,4.007
18,Rest,329.56666666668025,0.0,4.007
18,Rest,329.66666666668607,0.0,4.007
18,Rest,329.7666666666919,0.0,4.007
18,Rest,329.86666666668316,0.0,4.007
18,Rest,329.966666666689,0.0,4.007
18,Rest,330.06666666668025,0.0,4.007
18,Rest,330.16666666668607,0.0,4.007
18,Rest,330.2666666666919,0.0,4.007
18,Rest,330.36666666668316,0.0,4.007
18,Rest,330.466666666689,0.0,4.007
18,Rest,330.56666666668025,0.0,4.007
18,Rest,330.66666666668607,0.0,4.007
18,Rest,330.7666666666919,0.0,4.007
18,Rest,330.86666666668316,0.0,4.007
18,Rest,330.966666666689,0.0,4.007
18,Rest,331.06666666668025,0.0,4.007
18,Rest,331.16666666668607,0.0,4.007
18,Rest,331.2666666666919,0.0,4.007
18,Rest,331.36666666668316,0.0,4.0069
18,Rest,331.466666666689,0.0,4.007
18,Rest,331.56666666668025,0.0,4.007
18,Rest,331.66666666668607,0.0,4.007
18,Rest,331.7666666666919,0.0,4.007
18,Rest,331.86666666668316,0.0,4.007
18,Rest,331.966666666689,0.0,4.0069
18,Rest,332.06666666668025,0.0,4.007
18,Rest,332.16666666668607,0.0,4.007
18,Rest,332.2666666666919,0.0,4.007
18,Rest,332.36666666668316,0.0,4.007
18,Rest,332.466666666689,0.0,4.0069
18,Rest,332.56666666668025,0.0,4.007
18,Rest,332.66666666668607,0.0,4.007
18,Rest,332.7666666666919,0.0,4.007
18,Rest,332.86666666668316,0.0,4.007
18,Rest,332.966666666689,0.0,4.007
18,Rest,333.06666666668025,0.0,4.007
18,Rest,333.16666666668607,0.0,4.007
18,Rest,333.2666666666919,0.0,4.007
18,Rest,333.36666666668316,0.0,4.007
18,Rest,333.466666666689,0.0,4.007
18,Rest,333.56666666668025,0.0,4.007
18,Rest,333.66666666668607,0.0,4.007
18,Rest,333.7666666666919,0.0,4.007
18,Rest,333.86666666668316,0.0,4.007
18,Rest,333.966666666689,0.0,4.007
18,Rest,334.06666666668025,0.0,4.007
18,Rest,334.16666666668607,0.0,4.007
18,Rest,334.2666666666919,0.0,4.007
18,Rest,334.36666666668316,0.0,4.007
18,Rest,334.466666666689,0.0,4.007
18,Rest,334.56666666668025,0.0,4.007
18,Rest,334.66666666668607,0.0,4.007
18,Rest,334.7666666666919,0.0,4.007
18,Rest,334.86666666668316,0.0,4.007
18,Rest,334.966666666689,0.0,4.007
18,Rest,335.06666666668025,0.0,4.007
18,Rest,335.16666666668607,0.0,4.007
18,Rest,335.2666666666919,0.0,4.007
18,Rest,335.36666666668316,0.0,4.007
18,Rest,335.466666666689,0.0,4.007
18,Rest,335.56666666668025,0.0,4.007
18,Rest,335.66666666668607,0.0,4.007
18,Rest,335.7666666666919,0.0,4.007
18,Rest,335.86666666668316,0.0,4.007
18,Rest,335.966666666689,0.0,4.007
18,Rest,336.06666666668025,0.0,4.007
18,Rest,336.16666666668607,0.0,4.007
18,Rest,336.2666666666919,0.0,4.007
18,Rest,336.36666666668316,0.0,4.007
18,Rest,336.466666666689,0.0,4.007
18,Rest,336.56666666668025,0.0,4.007
18,Rest,336.66666666668607,0.0,4.007
18,Rest,336.7666666666919,0.0,4.007
18,Rest,336.86666666668316,0.0,4.007
18,Rest,336.966666666689,0.0,4.007
18,Rest,337.06666666668025,0.0,4.007
18,Rest,337.16666666668607,0.0,4.007
18,Rest,337.2666666666919,0.0,4.007
18,Rest,337.36666666668316,0.0,4.007
18,Rest,337.466666666689,0.0,4.007
18,Rest,337.56666666668025,0.0,4.0071
18,Rest,337.66666666668607,0.0,4.0071
18,Rest,337.7666666666919,0.0,4.007
18,Rest,337.86666666668316,0.0,4.007
18,Rest,337.966666666689,0.0,4.007
18,Rest,338.06666666668025,0.0,4.007
18,Rest,338.16666666668607,0.0,4.007
18,Rest,338.2666666666919,0.0,4.007
18,Rest,338.36666666668316,0.0,4.007
18,Rest,338.466666666689,0.0,4.007
18,Rest,338.56666666668025,0.0,4.007
18,Rest,338.66666666668607,0.0,4.007
18,Rest,338.7666666666919,0.0,4.007
18,Rest,338.86666666668316,0.0,4.007
18,Rest,338.966666666689,0.0,4.007
18,Rest,339.06666666668025,0.0,4.007
18,Rest,339.16666666668607,0.0,4.0071
18,Rest,339.2666666666919,0.0,4.007
18,Rest,339.36666666668316,0.0,4.007
18,Rest,339.466666666689,0.0,4.007
18,Rest,339.56666666668025,0.0,4.007
18,Rest,339.66666666668607,0.0,4.007
18,Rest,339.7666666666919,0.0,4.007
18,Rest,339.86666666668316,0.0,4.007
18,Rest,339.966666666689,0.0,4.007
18,Rest,340.06666666668025,0.0,4.007
18,Rest,340.16666666668607,0.0,4.007
18,Rest,340.2666666666919,0.0,4.007
18,Rest,340.36666666668316,0.0,4.007
18,Rest,340.466666666689,0.0,4.007
18,Rest,340.56666666668025,0.0,4.0071
18,Rest,340.66666666668607,0.0,4.0071
18,Rest,340.7666666666919,0.0,4.007
18,Rest,340.86666666668316,0.0,4.007
18,Rest,340.966666666689,0.0,4.007
18,Rest,341.06666666668025,0.0,4.007
18,Rest,341.16666666668607,0.0,4.007
18,Rest,341.2666666666919,0.0,4.007
18,Rest,341.36666666668316,0.0,4.007
18,Rest,341.466666666689,0.0,4.007
18,Rest,341.56666666668025,0.0,4.007
18,Rest,341.66666666668607,0.0,4.007
18,Rest,341.7666666666919,0.0,4.007
18,Rest,341.86666666668316,0.0,4.0071
18,Rest,341.966666666689,0.0,4.007
18,Rest,342.06666666668025,0.0,4.007
18,Rest,342.16666666668607,0.0,4.007
18,Rest,342.2666666666919,0.0,4.0071
18,Rest,342.36666666668316,0.0,4.007
18,Rest,342.466666666689,0.0,4.007
18,Rest,342.56666666668025,0.0,4.007
18,Rest,342.66666666668607,0.0,4.007
18,Rest,342.7666666666919,0.0,4.007
18,Rest,342.86666666668316,0.0,4.007
18,Rest,342.966666666689,0.0,4.007
18,Rest,343.06666666668025,0.0,4.007
18,Rest,343.16666666668607,0.0,4.0071
18,Rest,343.2666666666919,0.0,4.007
18,Rest,343.36666666668316,0.0,4.007
18,Rest,343.466666666689,0.0,4.007
18,Rest,343.56666666668025,0.0,4.007
18,Rest,343.66666666668607,0.0,4.007
18,Rest,343.7666666666919,0.0,4.0071
18,Rest,343.86666666668316,0.0,4.0071
18,Rest,343.966666666689,0.0,4.0071
18,Rest,344.06666666668025,0.0,4.0071
18,Rest,344.16666666668607,0.0,4.0071
18,Rest,344.2666666666919,0.0,4.0071
18,Rest,344.36666666668316,0.0,4.0071
18,Rest,344.466666666689,0.0,4.007
18,Rest,344.56666666668025,0.0,4.0071
18,Rest,344.66666666668607,0.0,4.0071
18,Rest,344.7666666666919,0.0,4.0071
18,Rest,344.86666666668316,0.0,4.007
18,Rest,344.966666666689,0.0,4.007
18,Rest,345.06666666668025,0.0,4.007
18,Rest,345.16666666668607,0.0,4.007
18,Rest,345.2666666666919,0.0,4.007
18,Rest,345.36666666668316,0.0,4.007
18,Rest,345.466666666689,0.0,4.007
18,Rest,345.56666666668025,0.0,4.007
18,Rest,345.66666666668607,0.0,4.007
18,Rest,345.7666666666919,0.0,4.007
18,Rest,345.86666666668316,0.0,4.007
18,Rest,345.966666666689,0.0,4.007
18,Rest,346.06666666668025,0.0,4.007
18,Rest,346.16666666668607,0.0,4.007
18,Rest,346.2666666666919,0.0,4.007
18,Rest,346.36666666668316,0.0,4.007
18,Rest,346.466666666689,0.0,4.007
18,Rest,346.56666666668025,0.0,4.007
18,Rest,346.66666666668607,0.0,4.007
18,Rest,346.7666666666919,0.0,4.007
18,Rest,346.86666666668316,0.0,4.007
18,Rest,346.966666666689,0.0,4.007
18,Rest,347.06666666668025,0.0,4.007
18,Rest,347.16666666668607,0.0,4.007
18,Rest,347.2666666666919,0.0,4.007
18,Rest,347.36666666668316,0.0,4.007
18,Rest,347.466666666689,0.0,4.007
18,Rest,347.56666666668025,0.0,4.007
18,Rest,347.66666666668607,0.0,4.007
18,Rest,347.7666666666919,0.0,4.007
18,Rest,347.86666666668316,0.0,4.007
18,Rest,347.966666666689,0.0,4.007
18,Rest,348.06666666668025,0.0,4.007
18,Rest,348.16666666668607,0.0,4.007
18,Rest,348.2666666666919,0.0,4.0069
18,Rest,348.36666666668316,0.0,4.007
18,Rest,348.466666666689,0.0,4.007
18,Rest,348.56666666668025,0.0,4.007
18,Rest,348.66666666668607,0.0,4.007
18,Rest,348.7666666666919,0.0,4.007
18,Rest,348.86666666668316,0.0,4.007
18,Rest,348.966666666689,0.0,4.007
18,Rest,349.06666666668025,0.0,4.007
18,Rest,349.16666666668607,0.0,4.0069
18,Rest,349.2666666666919,0.0,4.007
18,Rest,349.36666666668316,0.0,4.007
18,Rest,349.466666666689,0.0,4.007
18,Rest,349.56666666668025,0.0,4.007
18,Rest,349.66666666668607,0.0,4.007
18,Rest,349.7666666666919,0.0,4.007
18,Rest,349.86666666668316,0.0,4.007
18,Rest,349.966666666689,0.0,4.007
18,Rest,350.06666666668025,0.0,4.007
18,Rest,350.16666666668607,0.0,4.007
18,Rest,350.2666666666919,0.0,4.007
18,Rest,350.36666666668316,0.0,4.007
18,Rest,350.466666666689,0.0,4.007
18,Rest,350.56666666668025,0.0,4.0071
18,Rest,350.66666666668607,0.0,4.007
18,Rest,350.7666666666919,0.0,4.0071
18,Rest,350.86666666668316,0.0,4.007
18,Rest,350.966666666689,0.0,4.007
18,Rest,351.06666666668025,0.0,4.0071
18,Rest,351.16666666668607,0.0,4.007
18,Rest,351.2666666666919,0.0,4.007
18,Rest,351.36666666668316,0.0,4.0071
18,Rest,351.466666666689,0.0,4.0071
18,Rest,351.56666666668025,0.0,4.0071
18,Rest,351.66666666668607,0.0,4.0071
18,Rest,351.7666666666919,0.0,4.0071
18,Rest,351.86666666668316,0.0,4.0071
18,Rest,351.966666666689,0.0,4.0071
18,Rest,352.06666666668025,0.0,4.0071
18,Rest,352.16666666668607,0.0,4.0071
18,Rest,352.2666666666919,0.0,4.0071
18,Rest,352.36666666668316,0.0,4.0071
18,Rest,352.466666666689,0.0,4.0071
18,Rest,352.56666666668025,0.0,4.0071
18,Rest,352.66666666668607,0.0,4.0071
18,Rest,352.7666666666919,0.0,4.0071
18,Rest,352.86666666668316,0.0,4.0071
18,Rest,352.966666666689,0.0,4.0071
18,Rest,353.06666666668025,0.0,4.0071
18,Rest,353.16666666668607,0.0,4.0071
18,Rest,353.2666666666919,0.0,4.0071
18,Rest,353.36666666668316,0.0,4.0071
18,Rest,353.466666666689,0.0,4.0071
18,Rest,353.56666666668025,0.0,4.0071
18,Rest,353.66666666668607,0.0,4.0071
18,Rest,353.7666666666919,0.0,4.0071
18,Rest,353.86666666668316,0.0,4.0071
18,Rest,353.966666666689,0.0,4.007
18,Rest,354.06666666668025,0.0,4.0071
18,Rest,354.16666666668607,0.0,4.0071
18,Rest,354.2666666666919,0.0,4.0071
18,Rest,354.36666666668316,0.0,4.0071
18,Rest,354.466666666689,0.0,4.007
18,Rest,354.56666666668025,0.0,4.0071
18,Rest,354.66666666668607,0.0,4.0071
18,Rest,354.7666666666919,0.0,4.0071
18,Rest,354.86666666668316,0.0,4.0071
18,Rest,354.966666666689,0.0,4.0071
18,Rest,355.06666666668025,0.0,4.0071
18,Rest,355.16666666668607,0.0,4.0071
18,Rest,355.2666666666919,0.0,4.0071
18,Rest,355.36666666668316,0.0,4.0071
18,Rest,355.466666666689,0.0,4.007
18,Rest,355.56666666668025,0.0,4.0071
18,Rest,355.66666666668607,0.0,4.0071
18,Rest,355.7666666666919,0.0,4.0071
18,Rest,355.86666666668316,0.0,4.0071
18,Rest,355.966666666689,0.0,4.0071
18,Rest,356.06666666668025,0.0,4.0071
18,Rest,356.16666666668607,0.0,4.0071
18,Rest,356.2666666666919,0.0,4.0071
18,Rest,356.36666666668316,0.0,4.0071
18,Rest,356.466666666689,0.0,4.0071
18,Rest,356.56666666668025,0.0,4.0071
18,Rest,356.66666666668607,0.0,4.0071
18,Rest,356.7666666666919,0.0,4.0071
18,Rest,356.86666666668316,0.0,4.0071
18,Rest,356.966666666689,0.0,4.0071
18,Rest,357.06666666668025,0.0,4.0071
18,Rest,357.16666666668607,0.0,4.0071
18,Rest,357.2666666666919,0.0,4.0071
18,Rest,357.36666666668316,0.0,4.0071
18,Rest,357.466666666689,0.0,4.0071
18,Rest,357.56666666668025,0.0,4.0071
18,Rest,357.66666666668607,0.0,4.0071
18,Rest,357.7666666666919,0.0,4.0071
18,Rest,357.86666666668316,0.0,4.007
18,Rest,357.966666666689,0.0,4.0071
18,Rest,358.06666666668025,0.0,4.0071
18,Rest,358.16666666668607,0.0,4.0071
18,Rest,358.2666666666919,0.0,4.0071
18,Rest,358.36666666668316,0.0,4.0071
18,Rest,358.466666666689,0.0,4.0071
18,Rest,358.56666666668025,0.0,4.0071
18,Rest,358.66666666668607,0.0,4.0071
18,Rest,358.7666666666919,0.0,4.0071
18,Rest,358.86666666668316,0.0,4.0071
18,Rest,358.966666666689,0.0,4.0071
18,Rest,359.06666666668025,0.0,4.0071
18,Rest,359.16666666668607,0.0,4.0071
18,Rest,359.2666666666919,0.0,4.0071
18,Rest,359.36666666668316,0.0,4.0072
18,Rest,359.466666666689,0.0,4.0071
18,Rest,359.56666666668025,0.0,4.0071
18,Rest,359.66666666668607,0.0,4.0071
18,Rest,359.7666666666919,0.0,4.0071
18,Rest,359.86666666668316,0.0,4.0071
18,Rest,359.966666666689,0.0,4.0071
18,Rest,360.06666666668025,0.0,4.0071
18,Rest,360.16666666668607,0.0,4.0071
18,Rest,360.2666666666919,0.0,4.0071
18,Rest,360.36666666668316,0.0,4.0071
18,Rest,360.466666666689,0.0,4.0071
18,Rest,360.56666666668025,0.0,4.0071
18,Rest,360.66666666668607,0.0,4.0071
18,Rest,360.7666666666919,0.0,4.0071
18,Rest,360.86666666668316,0.0,4.0071
18,Rest,360.966666666689,0.0,4.0072
18,Rest,361.06666666668025,0.0,4.0072
18,Rest,361.16666666668607,0.0,4.0072
18,Rest,361.2666666666919,0.0,4.0071
18,Rest,361.36666666668316,0.0,4.0071
18,Rest,361.466666666689,0.0,4.0071
18,Rest,361.56666666668025,0.0,4.0072
18,Rest,361.66666666668607,0.0,4.0072
18,Rest,361.7666666666919,0.0,4.0071
18,Rest,361.86666666668316,0.0,4.0072
18,Rest,361.966666666689,0.0,4.0072
18,Rest,362.06666666668025,0.0,4.0071
18,Rest,362.16666666668607,0.0,4.0072
18,Rest,362.2666666666919,0.0,4.0072
18,Rest,362.36666666668316,0.0,4.0072
18,Rest,362.466666666689,0.0,4.0072
18,Rest,362.56666666668025,0.0,4.0072
18,Rest,362.66666666668607,0.0,4.0071
18,Rest,362.7666666666919,0.0,4.0071
18,Rest,362.86666666668316,0.0,4.0072
18,Rest,362.966666666689,0.0,4.0072
18,Rest,363.06666666668025,0.0,4.0071
18,Rest,363.16666666668607,0.0,4.0072
18,Rest,363.2666666666919,0.0,4.0071
18,Rest,363.36666666668316,0.0,4.0071
18,Rest,363.466666666689,0.0,4.0072
18,Rest,363.56666666668025,0.0,4.0071
