Step,Step Type,"t,s","I,A","U,V"
57,CC DChg,0.0,-1.6982,3.5496
57,CC DChg,2.75,-1.6982,3.5496
57,CC DChg,3.090909090882633,-1.6985,3.5492
57,CC DChg,3.4318181818234734,-1.6989,3.549
57,CC DChg,3.7727272727061063,-1.6992,3.5485
57,CC DChg,4.1136363637051545,-1.6993,3.548
57,CC DChg,4.454545454471372,-1.6994,3.5477
57,CC DChg,4.795454545528628,-1.6995,3.5474
57,CC DChg,5.136363636411261,-1.6995,3.5471
57,CC DChg,5.477272727293894,-1.6995,3.5469
57,CC DChg,5.818181818176527,-1.6996,3.5466
57,CC DChg,6.159090909117367,-1.6996,3.5464
57,CC DChg,6.280991735577118,-1.6996,3.5462
57,CC DChg,6.4028925619786605,-1.6996,3.5461
57,CC DChg,6.524793388496619,-1.6997,3.5458
57,CC DChg,6.646694214898162,-1.6997,3.5457
57,CC DChg,6.768595041357912,-1.6997,3.5454
57,CC DChg,6.890495867759455,-1.6997,3.5453
57,CC DChg,7.0123966942192055,-1.6997,3.5451
57,CC DChg,7.134297520678956,-1.6997,3.545
57,CC DChg,7.256198347196914,-1.6997,3.5448
57,CC DChg,7.378099173598457,-1.6997,3.5447
57,CC DChg,7.480090157769155,-1.6997,3.5446
57,CC DChg,7.58208114199806,-1.6998,3.5444
57,CC DChg,7.684072126226965,-1.6998,3.5443
57,CC DChg,7.786063110455871,-1.6998,3.5441
57,CC DChg,7.888054094684776,-1.6998,3.544
57,CC DChg,7.9900450788554735,-1.6998,3.5439
57,CC DChg,8.092036063084379,-1.6998,3.5437
57,CC DChg,8.194027047313284,-1.6998,3.5436
57,CC DChg,8.29601803154219,-1.6998,3.5435
57,CC DChg,8.398009015771095,-1.6998,3.5433
57,CC DChg,8.498190014332067,-1.6998,3.5432
57,CC DChg,8.59837101289304,-1.6998,3.5431
57,CC DChg,8.698552011454012,-1.6998,3.543
57,CC DChg,8.798733010014985,-1.6998,3.5429
57,CC DChg,8.898914008575957,-1.6998,3.5427
57,CC DChg,8.999095007195137,-1.6998,3.5427
57,CC DChg,9.09927600575611,-1.6998,3.5425
57,CC DChg,9.199457004317082,-1.6998,3.5424
57,CC DChg,9.299638002878055,-1.6998,3.5423
57,CC DChg,9.399819001439027,-1.6998,3.5422
57,CC DChg,9.499835455906577,-1.6998,3.542
57,CC DChg,9.59985191031592,-1.6998,3.5419
57,CC DChg,9.699868364725262,-1.6998,3.5419
57,CC DChg,9.799884819076397,-1.6998,3.5418
57,CC DChg,9.899901273485739,-1.6998,3.5417
57,CC DChg,9.999917728011496,-1.6999,3.5415
57,CC DChg,10.099934182420839,-1.6999,3.5414
57,CC DChg,10.199950636771973,-1.6999,3.5414
57,CC DChg,10.299967091181315,-1.6999,3.5413
57,CC DChg,10.399983545590658,-1.6999,3.5412
57,CC DChg,10.49998504150426,-1.6999,3.541
57,CC DChg,10.599986537301447,-1.6999,3.5409
57,CC DChg,10.69998803321505,-1.6999,3.5408
57,CC DChg,10.799989529012237,-1.6999,3.5407
57,CC DChg,10.899991024867631,-1.6999,3.5407
57,CC DChg,10.999992520723026,-1.6999,3.5405
57,CC DChg,11.099994016578421,-1.6999,3.5404
57,CC DChg,11.199995512375608,-1.6999,3.5404
57,CC DChg,11.29999700828921,-1.6999,3.5403
57,CC DChg,11.399998504144605,-1.6999,3.5402
57,CC DChg,11.499998640152626,-1.6999,3.5401
57,CC DChg,11.599998776102439,-1.6999,3.54
57,CC DChg,11.699998912110459,-1.6999,3.5399
57,CC DChg,11.79999904811848,-1.6999,3.5398
57,CC DChg,11.899999184068292,-1.6999,3.5397
57,CC DChg,11.999999320076313,-1.6999,3.5397
57,CC DChg,12.099999456026126,-1.6999,3.5396
57,CC DChg,12.199999591975939,-1.6999,3.5395
57,CC DChg,12.299999727983959,-1.6999,3.5394
57,CC DChg,12.39999986399198,-1.6999,3.5393
57,CC DChg,12.499999876425136,-1.6999,3.5392
57,CC DChg,12.599999888800085,-1.6999,3.5391
57,CC DChg,12.699999901058618,-1.6999,3.539
57,CC DChg,12.799999913433567,-1.6999,3.5389
57,CC DChg,12.899999925808515,-1.6999,3.5388
57,CC DChg,12.999999938183464,-1.6999,3.5388
57,CC DChg,13.099999950558413,-1.6999,3.5387
57,CC DChg,13.199999962875154,-1.6999,3.5386
57,CC DChg,13.29999997530831,-1.6999,3.5385
57,CC DChg,13.399999987625051,-1.6999,3.5384
57,CC DChg,13.499999988824129,-1.6999,3.5383
57,CC DChg,13.599999989848584,-1.6999,3.5382
57,CC DChg,13.699999990989454,-1.6999,3.5381
57,CC DChg,13.799999992072117,-1.6999,3.5381
57,CC DChg,13.899999993271194,-1.6999,3.538
57,CC DChg,13.999999994412065,-1.6999,3.5379
57,CC DChg,14.099999995494727,-1.6999,3.5379
57,CC DChg,14.199999996635597,-1.6999,3.5377
57,CC DChg,14.299999997776467,-1.6999,3.5377
57,CC DChg,14.39999999885913,-1.6999,3.5376
57,CC DChg,14.499999998952262,-1.6999,3.5375
57,CC DChg,14.599999999103602,-1.6999,3.5374
57,CC DChg,14.699999999196734,-1.6999,3.5374
57,CC DChg,14.799999999289867,-1.6999,3.5373
57,CC DChg,14.899999999382999,-1.6999,3.5372
57,CC DChg,14.999999999476131,-1.6999,3.5371
57,CC DChg,15.099999999627471,-1.6999,3.5371
57,CC DChg,15.199999999662396,-1.6999,3.537
57,CC DChg,15.299999999813735,-1.6999,3.5369
57,CC DChg,15.399999999906868,-1.6998,3.5368
57,CC DChg,15.5,-1.6998,3.5367
57,CC DChg,15.59999999991851,-1.6998,3.5367
57,CC DChg,15.700000000011642,-1.6998,3.5366
57,CC DChg,15.79999999993015,-1.6998,3.5365
57,CC DChg,15.900000000023283,-1.6998,3.5364
57,CC DChg,16.0,-1.6998,3.5363
57,CC DChg,16.099999999976717,-1.6998,3.5363
57,CC DChg,16.20000000001164,-1.6998,3.5362
57,CC DChg,16.29999999998836,-1.6998,3.5361
57,CC DChg,16.400000000023283,-1.6998,3.536
57,CC DChg,16.5,-1.6998,3.536
57,CC DChg,16.599999999976717,-1.6998,3.5359
57,CC DChg,16.70000000001164,-1.6998,3.5358
57,CC DChg,16.79999999998836,-1.6998,3.5357
57,CC DChg,16.900000000023283,-1.6998,3.5357
57,CC DChg,17.0,-1.6998,3.5356
57,CC DChg,17.099999999976717,-1.6998,3.5355
57,CC DChg,17.20000000001164,-1.6998,3.5355
57,CC DChg,17.29999999998836,-1.6998,3.5354
57,CC DChg,17.400000000023283,-1.6998,3.5353
57,CC DChg,17.5,-1.6998,3.5352
57,CC DChg,17.599999999976717,-1.6998,3.5352
57,CC DChg,17.70000000001164,-1.6998,3.5351
57,CC DChg,17.79999999998836,-1.6998,3.535
57,CC DChg,17.900000000023283,-1.6998,3.535
57,CC DChg,18.0,-1.6998,3.5349
57,CC DChg,18.099999999976717,-1.6998,3.5348
57,CC DChg,18.20000000001164,-1.6998,3.5347
57,CC DChg,18.29999999998836,-1.6998,3.5346
57,CC DChg,18.400000000023283,-1.6998,3.5346
57,CC DChg,18.5,-1.6998,3.5345
57,CC DChg,18.599999999976717,-1.6998,3.5345
57,CC DChg,18.70000000001164,-1.6998,3.5344
57,CC DChg,18.79999999998836,-1.6998,3.5343
57,CC DChg,18.900000000023283,-1.6998,3.5342
57,CC DChg,19.0,-1.6998,3.5341
57,CC DChg,19.099999999976717,-1.6998,3.5341
57,CC DChg,19.20000000001164,-1.6998,3.534
57,CC DChg,19.29999999998836,-1.6998,3.534
57,CC DChg,19.400000000023283,-1.6998,3.5339
57,CC DChg,19.5,-1.6998,3.5338
57,CC DChg,19.599999999976717,-1.6998,3.5338
57,CC DChg,19.70000000001164,-1.6998,3.5337
57,CC DChg,19.79999999998836,-1.6998,3.5336
57,CC DChg,19.900000000023283,-1.6998,3.5336
57,CC DChg,20.0,-1.6998,3.5335
57,CC DChg,20.099999999976717,-1.6998,3.5334
57,CC DChg,20.20000000001164,-1.6998,3.5333
57,CC DChg,20.29999999998836,-1.6998,3.5333
57,CC DChg,20.400000000023283,-1.6998,3.5332
57,CC DChg,20.5,-1.6998,3.5331
57,CC DChg,20.599999999976717,-1.6998,3.5331
57,CC DChg,20.70000000001164,-1.6998,3.5331
57,CC DChg,20.79999999998836,-1.6998,3.5329
57,CC DChg,20.900000000023283,-1.6998,3.5329
57,CC DChg,21.0,-1.6998,3.5328
57,CC DChg,21.099999999976717,-1.6998,3.5328
57,CC DChg,21.20000000001164,-1.6998,3.5327
57,CC DChg,21.29999999998836,-1.6998,3.5326
57,CC DChg,21.400000000023283,-1.6998,3.5325
57,CC DChg,21.5,-1.6998,3.5325
57,CC DChg,21.599999999976717,-1.6998,3.5324
57,CC DChg,21.70000000001164,-1.6998,3.5323
57,CC DChg,21.79999999998836,-1.6998,3.5323
57,CC DChg,21.900000000023283,-1.6998,3.5322
57,CC DChg,22.0,-1.6998,3.5321
57,CC DChg,22.099999999976717,-1.6998,3.5321
57,CC DChg,22.20000000001164,-1.6998,3.532
57,CC DChg,22.29999999998836,-1.6998,3.532
57,CC DChg,22.400000000023283,-1.6998,3.5319
57,CC DChg,22.5,-1.6998,3.5318
57,CC DChg,22.599999999976717,-1.6998,3.5318
57,CC DChg,22.70000000001164,-1.6998,3.5317
57,CC DChg,22.79999999998836,-1.6998,3.5317
57,CC DChg,22.900000000023283,-1.6998,3.5316
57,CC DChg,23.0,-1.6998,3.5315
57,CC DChg,23.099999999976717,-1.6998,3.5314
57,CC DChg,23.20000000001164,-1.6998,3.5315
57,CC DChg,23.29999999998836,-1.6998,3.5313
57,CC DChg,23.400000000023283,-1.6998,3.5313
57,CC DChg,23.5,-1.6998,3.5312
57,CC DChg,23.599999999976717,-1.6998,3.5312
57,CC DChg,23.70000000001164,-1.6998,3.5311
57,CC DChg,23.79999999998836,-1.6998,3.531
57,CC DChg,23.900000000023283,-1.6998,3.531
57,CC DChg,24.0,-1.6998,3.5309
57,CC DChg,24.099999999976717,-1.6998,3.5308
57,CC DChg,24.20000000001164,-1.6998,3.5308
57,CC DChg,24.29999999998836,-1.6998,3.5307
57,CC DChg,24.400000000023283,-1.6998,3.5307
57,CC DChg,24.5,-1.6998,3.5306
57,CC DChg,24.599999999976717,-1.6998,3.5305
57,CC DChg,24.70000000001164,-1.6998,3.5304
57,CC DChg,24.79999999998836,-1.6998,3.5304
57,CC DChg,24.900000000023283,-1.6998,3.5304
57,CC DChg,25.0,-1.6998,3.5303
57,CC DChg,25.099999999976717,-1.6998,3.5302
57,CC DChg,25.20000000001164,-1.6998,3.5302
57,CC DChg,25.29999999998836,-1.6998,3.5301
57,CC DChg,25.400000000023283,-1.6998,3.53
57,CC DChg,25.5,-1.6998,3.53
57,CC DChg,25.599999999976717,-1.6998,3.5299
57,CC DChg,25.70000000001164,-1.6998,3.5299
57,CC DChg,25.79999999998836,-1.6998,3.5298
57,CC DChg,25.900000000023283,-1.6998,3.5297
57,CC DChg,26.0,-1.6998,3.5297
57,CC DChg,26.099999999976717,-1.6998,3.5296
57,CC DChg,26.20000000001164,-1.6998,3.5296
57,CC DChg,26.29999999998836,-1.6998,3.5295
57,CC DChg,26.400000000023283,-1.6998,3.5295
57,CC DChg,26.5,-1.6998,3.5294
57,CC DChg,26.599999999976717,-1.6998,3.5293
57,CC DChg,26.70000000001164,-1.6998,3.5293
57,CC DChg,26.79999999998836,-1.6998,3.5293
57,CC DChg,26.900000000023283,-1.6998,3.5292
57,CC DChg,27.0,-1.6998,3.5291
57,CC DChg,27.099999999976717,-1.6998,3.5291
57,CC DChg,27.20000000001164,-1.6998,3.529
57,CC DChg,27.29999999998836,-1.6998,3.529
57,CC DChg,27.400000000023283,-1.6998,3.5289
57,CC DChg,27.5,-1.6998,3.5288
57,CC DChg,27.599999999976717,-1.6998,3.5288
57,CC DChg,27.70000000001164,-1.6998,3.5287
57,CC DChg,27.79999999998836,-1.6998,3.5287
57,CC DChg,27.900000000023283,-1.6998,3.5286
57,CC DChg,28.0,-1.6998,3.5286
57,CC DChg,28.099999999976717,-1.6998,3.5285
57,CC DChg,28.20000000001164,-1.6998,3.5285
57,CC DChg,28.29999999998836,-1.6998,3.5284
57,CC DChg,28.400000000023283,-1.6998,3.5283
57,CC DChg,28.5,-1.6998,3.5283
57,CC DChg,28.599999999976717,-1.6998,3.5282
57,CC DChg,28.70000000001164,-1.6998,3.5282
57,CC DChg,28.79999999998836,-1.6998,3.5281
57,CC DChg,28.900000000023283,-1.6998,3.528
57,CC DChg,29.0,-1.6998,3.528
57,CC DChg,29.099999999976717,-1.6998,3.528
57,CC DChg,29.20000000001164,-1.6998,3.5279
57,CC DChg,29.29999999998836,-1.6998,3.5278
57,CC DChg,29.400000000023283,-1.6998,3.5277
57,CC DChg,29.5,-1.6998,3.5277
57,CC DChg,29.599999999976717,-1.6998,3.5277
57,CC DChg,29.70000000001164,-1.6998,3.5276
57,CC DChg,29.79999999998836,-1.6998,3.5276
57,CC DChg,29.900000000023283,-1.6998,3.5275
57,CC DChg,30.0,-1.6998,3.5275
57,CC DChg,30.099999999976717,-1.6998,3.5274
57,CC DChg,30.20000000001164,-1.6998,3.5273
57,CC DChg,30.29999999998836,-1.6998,3.5273
57,CC DChg,30.400000000023283,-1.6998,3.5272
57,CC DChg,30.5,-1.6998,3.5272
57,CC DChg,30.599999999976717,-1.6998,3.5271
57,CC DChg,30.70000000001164,-1.6998,3.5271
57,CC DChg,30.79999999998836,-1.6998,3.527
57,CC DChg,30.900000000023283,-1.6998,3.527
57,CC DChg,31.0,-1.6998,3.5269
57,CC DChg,31.099999999976717,-1.6998,3.5268
57,CC DChg,31.20000000001164,-1.6998,3.5268
57,CC DChg,31.29999999998836,-1.6998,3.5267
57,CC DChg,31.400000000023283,-1.6998,3.5267
57,CC DChg,31.5,-1.6998,3.5266
57,CC DChg,31.599999999976717,-1.6998,3.5266
57,CC DChg,31.70000000001164,-1.6998,3.5265
57,CC DChg,31.79999999998836,-1.6998,3.5264
57,CC DChg,31.900000000023283,-1.6998,3.5264
57,CC DChg,32.0,-1.6998,3.5264
57,CC DChg,32.09999999997672,-1.6998,3.5263
57,CC DChg,32.20000000001164,-1.6998,3.5262
57,CC DChg,32.29999999998836,-1.6998,3.5262
57,CC DChg,32.40000000002328,-1.6998,3.5262
57,CC DChg,32.5,-1.6998,3.5261
57,CC DChg,32.59999999997672,-1.6998,3.5261
57,CC DChg,32.70000000001164,-1.6998,3.526
57,CC DChg,32.79999999998836,-1.6998,3.526
57,CC DChg,32.90000000002328,-1.6998,3.5259
57,CC DChg,33.0,-1.6998,3.5259
57,CC DChg,33.09999999997672,-1.6998,3.5258
57,CC DChg,33.20000000001164,-1.6998,3.5257
57,CC DChg,33.29999999998836,-1.6998,3.5257
57,CC DChg,33.40000000002328,-1.6998,3.5256
57,CC DChg,33.5,-1.6998,3.5256
57,CC DChg,33.59999999997672,-1.6998,3.5255
57,CC DChg,33.70000000001164,-1.6998,3.5255
57,CC DChg,33.79999999998836,-1.6998,3.5254
57,CC DChg,33.90000000002328,-1.6998,3.5254
57,CC DChg,34.0,-1.6998,3.5253
57,CC DChg,34.09999999997672,-1.6998,3.5253
57,CC DChg,34.20000000001164,-1.6998,3.5252
57,CC DChg,34.29999999998836,-1.6998,3.5252
57,CC DChg,34.40000000002328,-1.6998,3.5251
57,CC DChg,34.5,-1.6998,3.5251
57,CC DChg,34.59999999997672,-1.6998,3.525
57,CC DChg,34.70000000001164,-1.6998,3.525
57,CC DChg,34.79999999998836,-1.6998,3.5249
57,CC DChg,34.90000000002328,-1.6998,3.5249
57,CC DChg,35.0,-1.6998,3.5248
57,CC DChg,35.09999999997672,-1.6998,3.5247
57,CC DChg,35.20000000001164,-1.6998,3.5247
57,CC DChg,35.29999999998836,-1.6998,3.5247
57,CC DChg,35.40000000002328,-1.6998,3.5246
57,CC DChg,35.5,-1.6998,3.5246
57,CC DChg,35.59999999997672,-1.6998,3.5245
57,CC DChg,35.70000000001164,-1.6998,3.5244
57,CC DChg,35.79999999998836,-1.6998,3.5244
57,CC DChg,35.90000000002328,-1.6998,3.5244
57,CC DChg,36.0,-1.6998,3.5243
57,CC DChg,36.09999999997672,-1.6998,3.5243
57,CC DChg,36.20000000001164,-1.6998,3.5242
57,CC DChg,36.29999999998836,-1.6998,3.5242
57,CC DChg,36.40000000002328,-1.6998,3.5241
57,CC DChg,36.5,-1.6998,3.524
57,CC DChg,36.59999999997672,-1.6998,3.524
57,CC DChg,36.70000000001164,-1.6998,3.524
57,CC DChg,36.79999999998836,-1.6998,3.524
57,CC DChg,36.90000000002328,-1.6998,3.5239
57,CC DChg,37.0,-1.6998,3.5238
57,CC DChg,37.09999999997672,-1.6998,3.5238
57,CC DChg,37.20000000001164,-1.6998,3.5237
57,CC DChg,37.29999999998836,-1.6998,3.5237
57,CC DChg,37.40000000002328,-1.6998,3.5236
57,CC DChg,37.5,-1.6998,3.5236
57,CC DChg,37.59999999997672,-1.6998,3.5235
57,CC DChg,37.70000000001164,-1.6998,3.5235
57,CC DChg,37.79999999998836,-1.6998,3.5235
57,CC DChg,37.90000000002328,-1.6998,3.5234
57,CC DChg,38.0,-1.6998,3.5233
57,CC DChg,38.09999999997672,-1.6998,3.5233
57,CC DChg,38.20000000001164,-1.6998,3.5232
57,CC DChg,38.29999999998836,-1.6998,3.5232
57,CC DChg,38.40000000002328,-1.6998,3.5231
57,CC DChg,38.5,-1.6998,3.5231
57,CC DChg,38.59999999997672,-1.6998,3.523
57,CC DChg,38.70000000001164,-1.6998,3.523
57,CC DChg,38.79999999998836,-1.6998,3.5229
57,CC DChg,38.90000000002328,-1.6998,3.5229
57,CC DChg,39.0,-1.6998,3.5229
57,CC DChg,39.09999999997672,-1.6998,3.5228
57,CC DChg,39.20000000001164,-1.6998,3.5228
57,CC DChg,39.29999999998836,-1.6998,3.5227
57,CC DChg,39.40000000002328,-1.6998,3.5226
57,CC DChg,39.5,-1.6998,3.5226
57,CC DChg,39.59999999997672,-1.6998,3.5226
57,CC DChg,39.70000000001164,-1.6998,3.5225
57,CC DChg,39.79999999998836,-1.6998,3.5225
57,CC DChg,39.90000000002328,-1.6998,3.5224
57,CC DChg,40.0,-1.6998,3.5224
57,CC DChg,40.09999999997672,-1.6998,3.5223
57,CC DChg,40.20000000001164,-1.6998,3.5223
57,CC DChg,40.29999999998836,-1.6998,3.5223
57,CC DChg,40.40000000002328,-1.6998,3.5222
57,CC DChg,40.5,-1.6998,3.5222
57,CC DChg,40.59999999997672,-1.6998,3.5221
57,CC DChg,40.70000000001164,-1.6998,3.5221
57,CC DChg,40.79999999998836,-1.6998,3.522
57,CC DChg,40.90000000002328,-1.6998,3.522
57,CC DChg,41.0,-1.6998,3.5219
57,CC DChg,41.09999999997672,-1.6998,3.5219
57,CC DChg,41.20000000001164,-1.6998,3.5218
57,CC DChg,41.29999999998836,-1.6998,3.5218
57,CC DChg,41.40000000002328,-1.6998,3.5217
57,CC DChg,41.5,-1.6998,3.5217
57,CC DChg,41.59999999997672,-1.6998,3.5217
57,CC DChg,41.70000000001164,-1.6998,3.5216
57,CC DChg,41.79999999998836,-1.6998,3.5215
57,CC DChg,41.90000000002328,-1.6998,3.5215
57,CC DChg,42.0,-1.6998,3.5215
57,CC DChg,42.09999999997672,-1.6998,3.5214
57,CC DChg,42.20000000001164,-1.6998,3.5214
57,CC DChg,42.29999999998836,-1.6998,3.5213
57,CC DChg,42.40000000002328,-1.6998,3.5213
57,CC DChg,42.5,-1.6998,3.5212
57,CC DChg,42.59999999997672,-1.6998,3.5212
57,CC DChg,42.70000000001164,-1.6998,3.5211
57,CC DChg,42.79999999998836,-1.6998,3.5211
57,CC DChg,42.90000000002328,-1.6998,3.5211
57,CC DChg,43.0,-1.6998,3.521
57,CC DChg,43.09999999997672,-1.6998,3.5209
57,CC DChg,43.20000000001164,-1.6998,3.5209
57,CC DChg,43.29999999998836,-1.6998,3.5209
57,CC DChg,43.40000000002328,-1.6998,3.5209
57,CC DChg,43.5,-1.6998,3.5208
57,CC DChg,43.59999999997672,-1.6998,3.5207
57,CC DChg,43.70000000001164,-1.6998,3.5207
57,CC DChg,43.79999999998836,-1.6998,3.5207
57,CC DChg,43.90000000002328,-1.6998,3.5206
57,CC DChg,44.0,-1.6998,3.5206
57,CC DChg,44.09999999997672,-1.6998,3.5205
57,CC DChg,44.20000000001164,-1.6998,3.5205
57,CC DChg,44.29999999998836,-1.6998,3.5204
57,CC DChg,44.40000000002328,-1.6998,3.5203
57,CC DChg,44.5,-1.6998,3.5203
57,CC DChg,44.59999999997672,-1.6998,3.5202
57,CC DChg,44.70000000001164,-1.6998,3.5202
57,CC DChg,44.79999999998836,-1.6998,3.5202
57,CC DChg,44.90000000002328,-1.6998,3.5202
57,CC DChg,45.0,-1.6998,3.5201
57,CC DChg,45.09999999997672,-1.6998,3.52
57,CC DChg,45.20000000001164,-1.6998,3.52
57,CC DChg,45.29999999998836,-1.6998,3.52
57,CC DChg,45.40000000002328,-1.6998,3.5199
57,CC DChg,45.5,-1.6998,3.5199
57,CC DChg,45.59999999997672,-1.6998,3.5198
57,CC DChg,45.70000000001164,-1.6998,3.5198
57,CC DChg,45.79999999998836,-1.6998,3.5198
57,CC DChg,45.90000000002328,-1.6998,3.5197
57,CC DChg,46.0,-1.6998,3.5197
57,CC DChg,46.09999999997672,-1.6998,3.5196
57,CC DChg,46.20000000001164,-1.6998,3.5195
57,CC DChg,46.29999999998836,-1.6998,3.5195
57,CC DChg,46.40000000002328,-1.6998,3.5195
57,CC DChg,46.5,-1.6998,3.5195
57,CC DChg,46.59999999997672,-1.6998,3.5194
57,CC DChg,46.70000000001164,-1.6998,3.5193
57,CC DChg,46.79999999998836,-1.6998,3.5193
57,CC DChg,46.90000000002328,-1.6998,3.5193
57,CC DChg,47.0,-1.6998,3.5193
57,CC DChg,47.09999999997672,-1.6998,3.5192
57,CC DChg,47.20000000001164,-1.6998,3.5191
57,CC DChg,47.29999999998836,-1.6998,3.5191
57,CC DChg,47.40000000002328,-1.6998,3.5191
57,CC DChg,47.5,-1.6998,3.519
57,CC DChg,47.59999999997672,-1.6998,3.519
57,CC DChg,47.70000000001164,-1.6998,3.5189
57,CC DChg,47.79999999998836,-1.6998,3.5189
57,CC DChg,47.90000000002328,-1.6998,3.5189
57,CC DChg,48.0,-1.6998,3.5188
57,CC DChg,48.09999999997672,-1.6998,3.5188
57,CC DChg,48.20000000001164,-1.6998,3.5187
57,CC DChg,48.29999999998836,-1.6998,3.5187
57,CC DChg,48.40000000002328,-1.6998,3.5186
57,CC DChg,48.5,-1.6998,3.5186
57,CC DChg,48.59999999997672,-1.6998,3.5186
57,CC DChg,48.70000000001164,-1.6998,3.5185
57,CC DChg,48.79999999998836,-1.6998,3.5185
57,CC DChg,48.90000000002328,-1.6998,3.5184
57,CC DChg,49.0,-1.6998,3.5184
57,CC DChg,49.09999999997672,-1.6998,3.5183
57,CC DChg,49.20000000001164,-1.6998,3.5184
57,CC DChg,49.29999999998836,-1.6998,3.5183
57,CC DChg,49.40000000002328,-1.6998,3.5183
57,CC DChg,49.5,-1.6998,3.5182
57,CC DChg,49.59999999997672,-1.6998,3.5182
57,CC DChg,49.70000000001164,-1.6998,3.5181
57,CC DChg,49.79999999998836,-1.6998,3.5181
57,CC DChg,49.90000000002328,-1.6998,3.518
57,CC DChg,50.0,-1.6998,3.518
57,CC DChg,50.09999999997672,-1.6998,3.518
57,CC DChg,50.20000000001164,-1.6998,3.5179
57,CC DChg,50.29999999998836,-1.6998,3.5179
57,CC DChg,50.40000000002328,-1.6998,3.5179
57,CC DChg,50.5,-1.6998,3.5178
57,CC DChg,50.59999999997672,-1.6998,3.5178
57,CC DChg,50.70000000001164,-1.6998,3.5177
57,CC DChg,50.79999999998836,-1.6998,3.5177
57,CC DChg,50.90000000002328,-1.6998,3.5176
57,CC DChg,51.0,-1.6998,3.5176
57,CC DChg,51.09999999997672,-1.6998,3.5176
57,CC DChg,51.20000000001164,-1.6998,3.5176
57,CC DChg,51.29999999998836,-1.6998,3.5175
57,CC DChg,51.40000000002328,-1.6998,3.5174
57,CC DChg,51.5,-1.6998,3.5174
57,CC DChg,51.59999999997672,-1.6998,3.5174
57,CC DChg,51.70000000001164,-1.6998,3.5174
57,CC DChg,51.79999999998836,-1.6998,3.5173
57,CC DChg,51.90000000002328,-1.6998,3.5172
57,CC DChg,52.0,-1.6998,3.5172
57,CC DChg,52.09999999997672,-1.6998,3.5172
57,CC DChg,52.20000000001164,-1.6998,3.5171
57,CC DChg,52.29999999998836,-1.6998,3.5171
57,CC DChg,52.40000000002328,-1.6998,3.5171
57,CC DChg,52.5,-1.6998,3.517
57,CC DChg,52.59999999997672,-1.6998,3.517
57,CC DChg,52.70000000001164,-1.6998,3.517
57,CC DChg,52.79999999998836,-1.6998,3.5169
57,CC DChg,52.90000000002328,-1.6998,3.5169
57,CC DChg,53.0,-1.6998,3.5168
57,CC DChg,53.09999999997672,-1.6998,3.5168
57,CC DChg,53.20000000001164,-1.6998,3.5168
57,CC DChg,53.29999999998836,-1.6998,3.5167
57,CC DChg,53.40000000002328,-1.6998,3.5167
57,CC DChg,53.5,-1.6998,3.5166
57,CC DChg,53.59999999997672,-1.6998,3.5166
57,CC DChg,53.70000000001164,-1.6998,3.5165
57,CC DChg,53.79999999998836,-1.6998,3.5165
57,CC DChg,53.90000000002328,-1.6998,3.5165
57,CC DChg,54.0,-1.6998,3.5164
57,CC DChg,54.09999999997672,-1.6998,3.5164
57,CC DChg,54.20000000001164,-1.6998,3.5164
57,CC DChg,54.29999999998836,-1.6998,3.5163
57,CC DChg,54.40000000002328,-1.6999,3.5163
57,CC DChg,54.5,-1.6999,3.5162
57,CC DChg,54.59999999997672,-1.6999,3.5162
57,CC DChg,54.70000000001164,-1.6998,3.5161
57,CC DChg,54.79999999998836,-1.6998,3.5161
57,CC DChg,54.90000000002328,-1.6998,3.5161
57,CC DChg,55.0,-1.6999,3.5161
57,CC DChg,55.09999999997672,-1.6999,3.516
57,CC DChg,55.20000000001164,-1.6999,3.516
57,CC DChg,55.29999999998836,-1.6999,3.516
57,CC DChg,55.40000000002328,-1.6999,3.5159
57,CC DChg,55.5,-1.6999,3.5159
57,CC DChg,55.59999999997672,-1.6999,3.5158
57,CC DChg,55.70000000001164,-1.6999,3.5158
57,CC DChg,55.79999999998836,-1.6999,3.5157
57,CC DChg,55.90000000002328,-1.6999,3.5157
57,CC DChg,56.0,-1.6999,3.5157
57,CC DChg,56.09999999997672,-1.6999,3.5157
57,CC DChg,56.20000000001164,-1.6999,3.5156
57,CC DChg,56.29999999998836,-1.6999,3.5156
57,CC DChg,56.40000000002328,-1.6999,3.5155
57,CC DChg,56.5,-1.6999,3.5155
57,CC DChg,56.59999999997672,-1.6999,3.5154
57,CC DChg,56.70000000001164,-1.6999,3.5154
57,CC DChg,56.79999999998836,-1.6999,3.5154
57,CC DChg,56.90000000002328,-1.6999,3.5154
57,CC DChg,57.0,-1.6999,3.5153
57,CC DChg,57.09999999997672,-1.6999,3.5153
57,CC DChg,57.20000000001164,-1.6999,3.5152
57,CC DChg,57.29999999998836,-1.6999,3.5152
57,CC DChg,57.40000000002328,-1.6999,3.5151
57,CC DChg,57.5,-1.6999,3.5151
57,CC DChg,57.59999999997672,-1.6999,3.5151
57,CC DChg,57.70000000001164,-1.6999,3.515
57,CC DChg,57.79999999998836,-1.6999,3.515
57,CC DChg,57.90000000002328,-1.6999,3.5149
57,CC DChg,58.0,-1.6999,3.5149
57,CC DChg,58.09999999997672,-1.6999,3.5149
57,CC DChg,58.20000000001164,-1.6999,3.5148
57,CC DChg,58.29999999998836,-1.6999,3.5148
57,CC DChg,58.40000000002328,-1.6999,3.5147
57,CC DChg,58.5,-1.6999,3.5147
57,CC DChg,58.59999999997672,-1.6999,3.5147
57,CC DChg,58.70000000001164,-1.6999,3.5146
57,CC DChg,58.79999999998836,-1.6999,3.5146
57,CC DChg,58.90000000002328,-1.6999,3.5146
57,CC DChg,59.0,-1.6999,3.5145
57,CC DChg,59.09999999997672,-1.6999,3.5145
57,CC DChg,59.20000000001164,-1.6999,3.5144
57,CC DChg,59.29999999998836,-1.6999,3.5144
57,CC DChg,59.40000000002328,-1.6999,3.5144
57,CC DChg,59.5,-1.6999,3.5143
57,CC DChg,59.59999999997672,-1.6999,3.5143
57,CC DChg,59.70000000001164,-1.6999,3.5143
57,CC DChg,59.79999999998836,-1.6999,3.5142
57,CC DChg,59.90000000002328,-1.6999,3.5142
57,CC DChg,60.0,-1.6999,3.5141
57,CC DChg,60.09999999997672,-1.6999,3.5141
57,CC DChg,60.20000000001164,-1.6999,3.5141
57,CC DChg,60.29999999998836,-1.6999,3.514
57,CC DChg,60.40000000002328,-1.6999,3.514
57,CC DChg,60.5,-1.6999,3.514
57,CC DChg,60.59999999997672,-1.6999,3.5139
57,CC DChg,60.70000000001164,-1.6999,3.5139
57,CC DChg,60.79999999998836,-1.6999,3.5139
57,CC DChg,60.90000000002328,-1.6999,3.5139
57,CC DChg,61.0,-1.6999,3.5138
57,CC DChg,61.09999999997672,-1.6999,3.5137
57,CC DChg,61.20000000001164,-1.6999,3.5137
57,CC DChg,61.29999999998836,-1.6999,3.5137
57,CC DChg,61.40000000002328,-1.6999,3.5136
57,CC DChg,61.5,-1.6999,3.5136
57,CC DChg,61.59999999997672,-1.6999,3.5135
57,CC DChg,61.70000000001164,-1.6999,3.5135
57,CC DChg,61.79999999998836,-1.6999,3.5135
57,CC DChg,61.90000000002328,-1.6999,3.5135
57,CC DChg,62.0,-1.6999,3.5134
57,CC DChg,62.09999999997672,-1.6999,3.5134
57,CC DChg,62.20000000001164,-1.6999,3.5134
57,CC DChg,62.29999999998836,-1.6999,3.5133
57,CC DChg,62.40000000002328,-1.6999,3.5133
57,CC DChg,62.5,-1.6999,3.5133
57,CC DChg,62.59999999997672,-1.6999,3.5132
57,CC DChg,62.70000000001164,-1.6999,3.5132
57,CC DChg,62.79999999998836,-1.6999,3.5131
57,CC DChg,62.90000000002328,-1.6999,3.5131
57,CC DChg,63.0,-1.6999,3.5131
57,CC DChg,63.09999999997672,-1.6999,3.513
57,CC DChg,63.20000000001164,-1.6999,3.513
57,CC DChg,63.29999999998836,-1.6999,3.5129
57,CC DChg,63.40000000002328,-1.6999,3.5129
57,CC DChg,63.5,-1.6999,3.5129
57,CC DChg,63.59999999997672,-1.6999,3.5128
57,CC DChg,63.70000000001164,-1.6999,3.5128
57,CC DChg,63.79999999998836,-1.6999,3.5128
57,CC DChg,63.90000000002328,-1.6999,3.5127
57,CC DChg,64.0,-1.6999,3.5127
57,CC DChg,64.09999999997672,-1.6999,3.5127
57,CC DChg,64.20000000001164,-1.6999,3.5126
57,CC DChg,64.29999999998836,-1.6999,3.5126
57,CC DChg,64.40000000002328,-1.6999,3.5126
57,CC DChg,64.5,-1.6999,3.5126
57,CC DChg,64.59999999997672,-1.6999,3.5125
57,CC DChg,64.70000000001164,-1.6999,3.5125
57,CC DChg,64.79999999998836,-1.6999,3.5124
57,CC DChg,64.90000000002328,-1.6999,3.5124
57,CC DChg,65.0,-1.6999,3.5124
57,CC DChg,65.09999999997672,-1.6999,3.5123
57,CC DChg,65.20000000001164,-1.6999,3.5123
57,CC DChg,65.29999999998836,-1.6999,3.5123
57,CC DChg,65.40000000002328,-1.6999,3.5122
57,CC DChg,65.5,-1.6999,3.5122
57,CC DChg,65.59999999997672,-1.6999,3.5122
57,CC DChg,65.70000000001164,-1.6999,3.5122
57,CC DChg,65.79999999998836,-1.6999,3.5121
57,CC DChg,65.90000000002328,-1.6999,3.5121
57,CC DChg,66.0,-1.6999,3.512
57,CC DChg,66.09999999997672,-1.6999,3.512
57,CC DChg,66.20000000001164,-1.6999,3.512
57,CC DChg,66.29999999998836,-1.6999,3.512
57,CC DChg,66.40000000002328,-1.6999,3.5119
57,CC DChg,66.5,-1.6999,3.5119
57,CC DChg,66.59999999997672,-1.6999,3.5118
57,CC DChg,66.70000000001164,-1.6999,3.5118
57,CC DChg,66.79999999998836,-1.6999,3.5118
57,CC DChg,66.90000000002328,-1.6999,3.5118
57,CC DChg,67.0,-1.6999,3.5117
57,CC DChg,67.09999999997672,-1.6999,3.5117
57,CC DChg,67.20000000001164,-1.6999,3.5117
57,CC DChg,67.29999999998836,-1.6999,3.5116
57,CC DChg,67.40000000002328,-1.6999,3.5116
57,CC DChg,67.5,-1.6999,3.5116
57,CC DChg,67.59999999997672,-1.6999,3.5115
57,CC DChg,67.70000000001164,-1.6999,3.5114
57,CC DChg,67.79999999998836,-1.6999,3.5114
57,CC DChg,67.90000000002328,-1.6999,3.5114
57,CC DChg,68.0,-1.6999,3.5114
57,CC DChg,68.09999999997672,-1.6999,3.5114
57,CC DChg,68.20000000001164,-1.6999,3.5113
57,CC DChg,68.29999999998836,-1.6999,3.5113
57,CC DChg,68.40000000002328,-1.6999,3.5112
57,CC DChg,68.5,-1.6999,3.5112
57,CC DChg,68.59999999997672,-1.6999,3.5112
57,CC DChg,68.70000000001164,-1.6999,3.5112
57,CC DChg,68.79999999998836,-1.6999,3.5111
57,CC DChg,68.90000000002328,-1.6999,3.5111
57,CC DChg,69.0,-1.6999,3.511
57,CC DChg,69.09999999997672,-1.6999,3.511
57,CC DChg,69.20000000001164,-1.6999,3.5109
57,CC DChg,69.29999999998836,-1.6999,3.5109
57,CC DChg,69.40000000002328,-1.6999,3.5109
57,CC DChg,69.5,-1.6999,3.5109
57,CC DChg,69.59999999997672,-1.6999,3.5108
57,CC DChg,69.70000000001164,-1.6999,3.5108
57,CC DChg,69.79999999998836,-1.6999,3.5108
57,CC DChg,69.90000000002328,-1.6999,3.5107
57,CC DChg,70.0,-1.6999,3.5107
57,CC DChg,70.09999999997672,-1.6999,3.5106
57,CC DChg,70.20000000001164,-1.6999,3.5106
57,CC DChg,70.29999999998836,-1.6999,3.5106
57,CC DChg,70.40000000002328,-1.6999,3.5106
57,CC DChg,70.5,-1.6999,3.5105
57,CC DChg,70.59999999997672,-1.6999,3.5105
57,CC DChg,70.70000000001164,-1.6999,3.5105
57,CC DChg,70.79999999998836,-1.6999,3.5104
57,CC DChg,70.90000000002328,-1.6999,3.5104
57,CC DChg,71.0,-1.6999,3.5104
57,CC DChg,71.09999999997672,-1.6999,3.5103
57,CC DChg,71.20000000001164,-1.6999,3.5103
57,CC DChg,71.29999999998836,-1.6999,3.5102
57,CC DChg,71.40000000002328,-1.6999,3.5102
57,CC DChg,71.5,-1.6999,3.5102
57,CC DChg,71.59999999997672,-1.6999,3.5101
57,CC DChg,71.70000000001164,-1.6999,3.5101
57,CC DChg,71.79999999998836,-1.6999,3.5101
57,CC DChg,71.90000000002328,-1.6999,3.5101
57,CC DChg,72.0,-1.6999,3.51
57,CC DChg,72.09999999997672,-1.6999,3.51
57,CC DChg,72.20000000001164,-1.6999,3.5099
57,CC DChg,72.29999999998836,-1.6999,3.5099
57,CC DChg,72.40000000002328,-1.6999,3.5099
57,CC DChg,72.5,-1.6999,3.5098
57,CC DChg,72.59999999997672,-1.6999,3.5098
57,CC DChg,72.70000000001164,-1.6999,3.5098
57,CC DChg,72.79999999998836,-1.6999,3.5098
57,CC DChg,72.90000000002328,-1.6999,3.5097
57,CC DChg,73.0,-1.6999,3.5097
57,CC DChg,73.09999999997672,-1.6999,3.5097
57,CC DChg,73.20000000001164,-1.6999,3.5096
57,CC DChg,73.29999999998836,-1.6999,3.5096
57,CC DChg,73.40000000002328,-1.6999,3.5096
57,CC DChg,73.5,-1.6999,3.5095
57,CC DChg,73.59999999997672,-1.6999,3.5095
57,CC DChg,73.70000000001164,-1.6999,3.5095
57,CC DChg,73.79999999998836,-1.6999,3.5094
57,CC DChg,73.90000000002328,-1.6999,3.5094
57,CC DChg,74.0,-1.6999,3.5094
57,CC DChg,74.09999999997672,-1.6999,3.5093
57,CC DChg,74.20000000001164,-1.6999,3.5093
57,CC DChg,74.29999999998836,-1.6999,3.5093
57,CC DChg,74.40000000002328,-1.6999,3.5093
57,CC DChg,74.5,-1.6999,3.5092
57,CC DChg,74.59999999997672,-1.6999,3.5092
57,CC DChg,74.70000000001164,-1.6999,3.5091
57,CC DChg,74.79999999998836,-1.6999,3.5091
57,CC DChg,74.90000000002328,-1.6999,3.5091
57,CC DChg,75.0,-1.6999,3.509
57,CC DChg,75.09999999997672,-1.6999,3.509
57,CC DChg,75.20000000001164,-1.6999,3.5089
57,CC DChg,75.29999999998836,-1.6999,3.5089
57,CC DChg,75.40000000002328,-1.6999,3.5089
57,CC DChg,75.5,-1.6999,3.5089
57,CC DChg,75.59999999997672,-1.6999,3.5089
57,CC DChg,75.70000000001164,-1.6999,3.5088
57,CC DChg,75.79999999998836,-1.6999,3.5088
57,CC DChg,75.90000000002328,-1.6999,3.5088
57,CC DChg,76.0,-1.6999,3.5088
57,CC DChg,76.09999999997672,-1.6999,3.5087
57,CC DChg,76.20000000001164,-1.6999,3.5087
57,CC DChg,76.29999999998836,-1.6999,3.5086
57,CC DChg,76.40000000002328,-1.6999,3.5086
57,CC DChg,76.5,-1.6999,3.5086
57,CC DChg,76.59999999997672,-1.6999,3.5086
57,CC DChg,76.70000000001164,-1.6999,3.5085
57,CC DChg,76.79999999998836,-1.6999,3.5085
57,CC DChg,76.90000000002328,-1.6999,3.5085
57,CC DChg,77.0,-1.6999,3.5085
57,CC DChg,77.09999999997672,-1.6999,3.5084
57,CC DChg,77.20000000001164,-1.6999,3.5084
57,CC DChg,77.29999999998836,-1.6999,3.5084
57,CC DChg,77.40000000002328,-1.6999,3.5083
57,CC DChg,77.5,-1.6999,3.5083
57,CC DChg,77.59999999997672,-1.6999,3.5082
57,CC DChg,77.70000000001164,-1.6999,3.5082
57,CC DChg,77.79999999998836,-1.6999,3.5082
57,CC DChg,77.90000000002328,-1.6999,3.5081
57,CC DChg,78.0,-1.6999,3.5081
57,CC DChg,78.09999999997672,-1.6999,3.5081
57,CC DChg,78.20000000001164,-1.6999,3.508
57,CC DChg,78.29999999998836,-1.6999,3.508
57,CC DChg,78.40000000002328,-1.6999,3.508
57,CC DChg,78.5,-1.6999,3.508
57,CC DChg,78.59999999997672,-1.6999,3.5079
57,CC DChg,78.70000000001164,-1.6999,3.5079
57,CC DChg,78.79999999998836,-1.6999,3.5078
57,CC DChg,78.90000000002328,-1.6999,3.5078
57,CC DChg,79.0,-1.6999,3.5078
57,CC DChg,79.09999999997672,-1.6999,3.5078
57,CC DChg,79.20000000001164,-1.6999,3.5078
57,CC DChg,79.29999999998836,-1.6999,3.5077
57,CC DChg,79.40000000002328,-1.6999,3.5077
57,CC DChg,79.5,-1.6999,3.5076
57,CC DChg,79.59999999997672,-1.6999,3.5076
57,CC DChg,79.70000000001164,-1.6999,3.5076
57,CC DChg,79.79999999998836,-1.6999,3.5076
57,CC DChg,79.90000000002328,-1.6999,3.5076
57,CC DChg,80.0,-1.6999,3.5075
57,CC DChg,80.09999999997672,-1.6999,3.5075
57,CC DChg,80.20000000001164,-1.6999,3.5075
57,CC DChg,80.29999999998836,-1.6999,3.5074
57,CC DChg,80.40000000002328,-1.6999,3.5074
57,CC DChg,80.5,-1.6999,3.5074
57,CC DChg,80.59999999997672,-1.6999,3.5073
57,CC DChg,80.70000000001164,-1.6999,3.5073
57,CC DChg,80.79999999998836,-1.6999,3.5073
57,CC DChg,80.90000000002328,-1.6999,3.5072
57,CC DChg,81.0,-1.6999,3.5072
57,CC DChg,81.09999999997672,-1.6999,3.5072
57,CC DChg,81.20000000001164,-1.6999,3.5072
57,CC DChg,81.29999999998836,-1.6999,3.5072
57,CC DChg,81.40000000002328,-1.6999,3.5071
57,CC DChg,81.5,-1.6999,3.5071
57,CC DChg,81.59999999997672,-1.6999,3.507
57,CC DChg,81.70000000001164,-1.6999,3.507
57,CC DChg,81.79999999998836,-1.6999,3.507
57,CC DChg,81.90000000002328,-1.6999,3.5069
57,CC DChg,82.0,-1.6999,3.5069
57,CC DChg,82.09999999997672,-1.6999,3.5069
57,CC DChg,82.20000000001164,-1.6999,3.5069
57,CC DChg,82.29999999998836,-1.6999,3.5068
57,CC DChg,82.40000000002328,-1.6999,3.5068
57,CC DChg,82.5,-1.6999,3.5068
57,CC DChg,82.59999999997672,-1.6999,3.5067
57,CC DChg,82.70000000001164,-1.6999,3.5067
57,CC DChg,82.79999999998836,-1.6999,3.5067
57,CC DChg,82.90000000002328,-1.6999,3.5067
57,CC DChg,83.0,-1.6999,3.5066
57,CC DChg,83.09999999997672,-1.6999,3.5066
57,CC DChg,83.20000000001164,-1.6999,3.5066
57,CC DChg,83.29999999998836,-1.6999,3.5065
57,CC DChg,83.40000000002328,-1.6999,3.5065
57,CC DChg,83.5,-1.6999,3.5065
57,CC DChg,83.59999999997672,-1.6999,3.5064
57,CC DChg,83.70000000001164,-1.6999,3.5064
57,CC DChg,83.79999999998836,-1.6999,3.5064
57,CC DChg,83.90000000002328,-1.6999,3.5064
57,CC DChg,84.0,-1.6999,3.5063
57,CC DChg,84.09999999997672,-1.6999,3.5063
57,CC DChg,84.20000000001164,-1.6999,3.5063
57,CC DChg,84.29999999998836,-1.6999,3.5062
57,CC DChg,84.40000000002328,-1.6999,3.5062
57,CC DChg,84.5,-1.6999,3.5062
57,CC DChg,84.59999999997672,-1.6999,3.5061
57,CC DChg,84.70000000001164,-1.6999,3.5061
57,CC DChg,84.79999999998836,-1.6999,3.5061
57,CC DChg,84.90000000002328,-1.6999,3.506
57,CC DChg,85.0,-1.6999,3.506
57,CC DChg,85.09999999997672,-1.6999,3.506
57,CC DChg,85.20000000001164,-1.6999,3.506
57,CC DChg,85.29999999998836,-1.6999,3.5059
57,CC DChg,85.40000000002328,-1.6999,3.5059
57,CC DChg,85.5,-1.6999,3.5059
57,CC DChg,85.59999999997672,-1.6999,3.5059
57,CC DChg,85.70000000001164,-1.6999,3.5058
57,CC DChg,85.79999999998836,-1.6999,3.5058
57,CC DChg,85.90000000002328,-1.6999,3.5058
57,CC DChg,86.0,-1.6999,3.5057
57,CC DChg,86.09999999997672,-1.6999,3.5057
57,CC DChg,86.20000000001164,-1.6999,3.5057
57,CC DChg,86.29999999998836,-1.6999,3.5057
57,CC DChg,86.40000000002328,-1.6999,3.5056
57,CC DChg,86.5,-1.6999,3.5056
57,CC DChg,86.59999999997672,-1.6999,3.5056
57,CC DChg,86.70000000001164,-1.6999,3.5056
57,CC DChg,86.79999999998836,-1.6999,3.5055
57,CC DChg,86.90000000002328,-1.6999,3.5055
57,CC DChg,87.0,-1.6999,3.5055
57,CC DChg,87.09999999997672,-1.6999,3.5054
57,CC DChg,87.20000000001164,-1.6999,3.5054
57,CC DChg,87.29999999998836,-1.6999,3.5054
57,CC DChg,87.40000000002328,-1.6999,3.5053
57,CC DChg,87.5,-1.6999,3.5053
57,CC DChg,87.59999999997672,-1.6999,3.5053
57,CC DChg,87.70000000001164,-1.6999,3.5053
57,CC DChg,87.79999999998836,-1.6999,3.5052
57,CC DChg,87.90000000002328,-1.6999,3.5052
57,CC DChg,88.0,-1.6999,3.5052
57,CC DChg,88.09999999997672,-1.6999,3.5052
57,CC DChg,88.20000000001164,-1.6999,3.5051
57,CC DChg,88.29999999998836,-1.6999,3.5051
57,CC DChg,88.40000000002328,-1.6999,3.505
57,CC DChg,88.5,-1.6999,3.505
57,CC DChg,88.59999999997672,-1.6999,3.505
57,CC DChg,88.70000000001164,-1.6999,3.5049
57,CC DChg,88.79999999998836,-1.6999,3.5049
57,CC DChg,88.90000000002328,-1.6999,3.5049
57,CC DChg,89.0,-1.6999,3.5049
57,CC DChg,89.09999999997672,-1.6999,3.5049
57,CC DChg,89.20000000001164,-1.6999,3.5048
57,CC DChg,89.29999999998836,-1.6999,3.5048
57,CC DChg,89.40000000002328,-1.6999,3.5048
57,CC DChg,89.5,-1.6999,3.5047
57,CC DChg,89.59999999997672,-1.6999,3.5047
57,CC DChg,89.70000000001164,-1.6999,3.5047
57,CC DChg,89.79999999998836,-1.6999,3.5046
57,CC DChg,89.90000000002328,-1.6999,3.5046
57,CC DChg,90.0,-1.6999,3.5046
57,CC DChg,90.09999999997672,-1.6999,3.5045
57,CC DChg,90.20000000001164,-1.6999,3.5045
57,CC DChg,90.29999999998836,-1.6999,3.5044
57,CC DChg,90.40000000002328,-1.6999,3.5044
57,CC DChg,90.5,-1.6999,3.5044
57,CC DChg,90.59999999997672,-1.6999,3.5044
57,CC DChg,90.70000000001164,-1.6999,3.5044
57,CC DChg,90.79999999998836,-1.6999,3.5043
57,CC DChg,90.90000000002328,-1.6999,3.5043
57,CC DChg,91.0,-1.6999,3.5043
57,CC DChg,91.09999999997672,-1.6999,3.5043
57,CC DChg,91.20000000001164,-1.6998,3.5042
57,CC DChg,91.29999999998836,-1.6998,3.5042
57,CC DChg,91.40000000002328,-1.6998,3.5041
57,CC DChg,91.5,-1.6998,3.5041
57,CC DChg,91.59999999997672,-1.6998,3.5041
57,CC DChg,91.70000000001164,-1.6998,3.5041
57,CC DChg,91.79999999998836,-1.6998,3.5041
57,CC DChg,91.90000000002328,-1.6998,3.504
57,CC DChg,92.0,-1.6998,3.504
57,CC DChg,92.09999999997672,-1.6998,3.5039
57,CC DChg,92.20000000001164,-1.6998,3.5039
57,CC DChg,92.29999999998836,-1.6998,3.5039
57,CC DChg,92.40000000002328,-1.6998,3.5038
57,CC DChg,92.5,-1.6999,3.5038
57,CC DChg,92.59999999997672,-1.6999,3.5038
57,CC DChg,92.70000000001164,-1.6999,3.5038
57,CC DChg,92.79999999998836,-1.6999,3.5038
57,CC DChg,92.90000000002328,-1.6999,3.5037
57,CC DChg,93.0,-1.6999,3.5037
57,CC DChg,93.09999999997672,-1.6999,3.5037
57,CC DChg,93.20000000001164,-1.6999,3.5037
57,CC DChg,93.29999999998836,-1.6999,3.5036
57,CC DChg,93.40000000002328,-1.6999,3.5036
57,CC DChg,93.5,-1.6999,3.5036
57,CC DChg,93.59999999997672,-1.6999,3.5035
57,CC DChg,93.70000000001164,-1.6999,3.5035
57,CC DChg,93.79999999998836,-1.6999,3.5035
57,CC DChg,93.90000000002328,-1.6999,3.5035
57,CC DChg,94.0,-1.6999,3.5034
57,CC DChg,94.09999999997672,-1.6999,3.5034
57,CC DChg,94.20000000001164,-1.6999,3.5034
57,CC DChg,94.29999999998836,-1.6999,3.5034
57,CC DChg,94.40000000002328,-1.6999,3.5033
57,CC DChg,94.5,-1.6999,3.5033
57,CC DChg,94.59999999997672,-1.6999,3.5033
57,CC DChg,94.70000000001164,-1.6999,3.5032
57,CC DChg,94.79999999998836,-1.6999,3.5032
57,CC DChg,94.90000000002328,-1.6999,3.5032
57,CC DChg,95.0,-1.6999,3.5031
57,CC DChg,95.09999999997672,-1.6999,3.5031
57,CC DChg,95.20000000001164,-1.6999,3.5031
57,CC DChg,95.29999999998836,-1.6999,3.5031
57,CC DChg,95.40000000002328,-1.6999,3.5031
57,CC DChg,95.5,-1.6999,3.503
57,CC DChg,95.59999999997672,-1.6999,3.503
57,CC DChg,95.70000000001164,-1.6999,3.503
57,CC DChg,95.79999999998836,-1.6999,3.5029
57,CC DChg,95.90000000002328,-1.6999,3.5029
57,CC DChg,96.0,-1.6999,3.5029
57,CC DChg,96.09999999997672,-1.6999,3.5029
57,CC DChg,96.20000000001164,-1.6999,3.5029
57,CC DChg,96.29999999998836,-1.6999,3.5028
57,CC DChg,96.40000000002328,-1.6999,3.5028
57,CC DChg,96.5,-1.6999,3.5028
57,CC DChg,96.59999999997672,-1.6999,3.5027
57,CC DChg,96.70000000001164,-1.6999,3.5027
57,CC DChg,96.79999999998836,-1.6999,3.5027
57,CC DChg,96.90000000002328,-1.6999,3.5026
57,CC DChg,97.0,-1.6999,3.5026
57,CC DChg,97.09999999997672,-1.6999,3.5026
57,CC DChg,97.20000000001164,-1.6999,3.5025
57,CC DChg,97.29999999998836,-1.6999,3.5025
57,CC DChg,97.40000000002328,-1.6999,3.5025
57,CC DChg,97.5,-1.6999,3.5025
57,CC DChg,97.59999999997672,-1.6999,3.5025
57,CC DChg,97.70000000001164,-1.6999,3.5025
57,CC DChg,97.79999999998836,-1.6999,3.5024
57,CC DChg,97.90000000002328,-1.6999,3.5024
57,CC DChg,98.0,-1.6999,3.5024
57,CC DChg,98.09999999997672,-1.6999,3.5023
57,CC DChg,98.20000000001164,-1.6999,3.5023
57,CC DChg,98.29999999998836,-1.6999,3.5023
57,CC DChg,98.40000000002328,-1.6999,3.5023
57,CC DChg,98.5,-1.6999,3.5023
57,CC DChg,98.59999999997672,-1.6999,3.5022
57,CC DChg,98.70000000001164,-1.6999,3.5022
57,CC DChg,98.79999999998836,-1.6999,3.5021
57,CC DChg,98.90000000002328,-1.6999,3.5021
57,CC DChg,99.0,-1.6999,3.5021
57,CC DChg,99.09999999997672,-1.6999,3.5021
57,CC DChg,99.20000000001164,-1.6999,3.5021
57,CC DChg,99.29999999998836,-1.6999,3.502
57,CC DChg,99.40000000002328,-1.6999,3.502
57,CC DChg,99.5,-1.6999,3.502
57,CC DChg,99.59999999997672,-1.6999,3.502
57,CC DChg,99.70000000001164,-1.6999,3.502
57,CC DChg,99.79999999998836,-1.6999,3.5019
57,CC DChg,99.90000000002328,-1.6999,3.5019
57,CC DChg,100.0,-1.6999,3.5018
57,CC DChg,100.09999999997672,-1.6999,3.5018
57,CC DChg,100.20000000001164,-1.6999,3.5018
57,CC DChg,100.29999999998836,-1.6999,3.5018
57,CC DChg,100.40000000002328,-1.6999,3.5018
57,CC DChg,100.5,-1.6999,3.5017
57,CC DChg,100.59999999997672,-1.6999,3.5017
57,CC DChg,100.70000000001164,-1.6999,3.5017
57,CC DChg,100.79999999998836,-1.6999,3.5016
57,CC DChg,100.90000000002328,-1.6999,3.5016
57,CC DChg,101.0,-1.6999,3.5016
57,CC DChg,101.09999999997672,-1.6999,3.5016
57,CC DChg,101.20000000001164,-1.6999,3.5016
57,CC DChg,101.29999999998836,-1.6999,3.5015
57,CC DChg,101.40000000002328,-1.6999,3.5015
57,CC DChg,101.5,-1.6999,3.5015
57,CC DChg,101.59999999997672,-1.6999,3.5015
57,CC DChg,101.70000000001164,-1.6999,3.5014
57,CC DChg,101.79999999998836,-1.6999,3.5014
57,CC DChg,101.90000000002328,-1.6999,3.5014
57,CC DChg,102.0,-1.6999,3.5013
57,CC DChg,102.09999999997672,-1.6999,3.5013
57,CC DChg,102.20000000001164,-1.6999,3.5013
57,CC DChg,102.29999999998836,-1.6999,3.5013
57,CC DChg,102.40000000002328,-1.6999,3.5013
57,CC DChg,102.5,-1.6999,3.5012
57,CC DChg,102.59999999997672,-1.6999,3.5012
57,CC DChg,102.70000000001164,-1.6999,3.5012
57,CC DChg,102.79999999998836,-1.6999,3.5012
57,CC DChg,102.90000000002328,-1.6999,3.5011
57,CC DChg,103.0,-1.6999,3.5011
57,CC DChg,103.09999999997672,-1.6999,3.5011
57,CC DChg,103.20000000001164,-1.6999,3.501
57,CC DChg,103.29999999998836,-1.6999,3.501
57,CC DChg,103.40000000002328,-1.6999,3.501
57,CC DChg,103.5,-1.6999,3.501
57,CC DChg,103.59999999997672,-1.6999,3.501
57,CC DChg,103.70000000001164,-1.6999,3.5009
57,CC DChg,103.79999999998836,-1.6999,3.5009
57,CC DChg,103.90000000002328,-1.6999,3.5009
57,CC DChg,104.0,-1.6999,3.5009
57,CC DChg,104.09999999997672,-1.6999,3.5009
57,CC DChg,104.20000000001164,-1.6999,3.5008
57,CC DChg,104.29999999998836,-1.6999,3.5008
57,CC DChg,104.40000000002328,-1.6999,3.5008
57,CC DChg,104.5,-1.6999,3.5007
57,CC DChg,104.59999999997672,-1.6999,3.5007
57,CC DChg,104.70000000001164,-1.6999,3.5007
57,CC DChg,104.79999999998836,-1.6999,3.5006
57,CC DChg,104.90000000002328,-1.6999,3.5006
57,CC DChg,105.0,-1.6999,3.5006
57,CC DChg,105.09999999997672,-1.6999,3.5006
57,CC DChg,105.20000000001164,-1.6999,3.5006
57,CC DChg,105.29999999998836,-1.6999,3.5005
57,CC DChg,105.40000000002328,-1.6999,3.5005
57,CC DChg,105.5,-1.6999,3.5005
57,CC DChg,105.59999999997672,-1.6999,3.5004
57,CC DChg,105.70000000001164,-1.6999,3.5004
57,CC DChg,105.79999999998836,-1.6999,3.5004
57,CC DChg,105.90000000002328,-1.6999,3.5004
57,CC DChg,106.0,-1.6999,3.5004
57,CC DChg,106.09999999997672,-1.6999,3.5004
57,CC DChg,106.20000000001164,-1.6999,3.5003
57,CC DChg,106.29999999998836,-1.6999,3.5003
57,CC DChg,106.40000000002328,-1.6999,3.5003
57,CC DChg,106.5,-1.6999,3.5003
57,CC DChg,106.59999999997672,-1.6999,3.5002
57,CC DChg,106.70000000001164,-1.6999,3.5002
57,CC DChg,106.79999999998836,-1.6999,3.5001
57,CC DChg,106.90000000002328,-1.6999,3.5001
57,CC DChg,107.0,-1.6999,3.5001
57,CC DChg,107.09999999997672,-1.6999,3.5001
57,CC DChg,107.20000000001164,-1.6999,3.5001
57,CC DChg,107.29999999998836,-1.6999,3.5
57,CC DChg,107.40000000002328,-1.6999,3.5
57,CC DChg,107.5,-1.6999,3.5
57,CC DChg,107.59999999997672,-1.6999,3.5
57,CC DChg,107.70000000001164,-1.6999,3.4999
57,CC DChg,107.79999999998836,-1.6999,3.4999
57,CC DChg,107.90000000002328,-1.6999,3.4999
57,CC DChg,108.0,-1.6999,3.4999
57,CC DChg,108.09999999997672,-1.6999,3.4998
57,CC DChg,108.20000000001164,-1.6999,3.4998
57,CC DChg,108.29999999998836,-1.6999,3.4998
57,CC DChg,108.40000000002328,-1.6999,3.4998
57,CC DChg,108.5,-1.6999,3.4998
57,CC DChg,108.59999999997672,-1.6999,3.4997
57,CC DChg,108.70000000001164,-1.6999,3.4997
57,CC DChg,108.79999999998836,-1.6999,3.4997
57,CC DChg,108.90000000002328,-1.6999,3.4997
57,CC DChg,109.0,-1.6999,3.4996
57,CC DChg,109.09999999997672,-1.6999,3.4996
57,CC DChg,109.20000000001164,-1.6999,3.4996
57,CC DChg,109.29999999998836,-1.6999,3.4996
57,CC DChg,109.40000000002328,-1.6999,3.4995
57,CC DChg,109.5,-1.6999,3.4995
57,CC DChg,109.59999999997672,-1.6999,3.4995
57,CC DChg,109.70000000001164,-1.6999,3.4995
57,CC DChg,109.79999999998836,-1.6999,3.4995
57,CC DChg,109.90000000002328,-1.6999,3.4994
57,CC DChg,110.0,-1.6999,3.4994
57,CC DChg,110.09999999997672,-1.6999,3.4993
57,CC DChg,110.20000000001164,-1.6999,3.4993
57,CC DChg,110.29999999998836,-1.6999,3.4993
57,CC DChg,110.40000000002328,-1.6999,3.4993
57,CC DChg,110.5,-1.6999,3.4993
57,CC DChg,110.59999999997672,-1.6999,3.4992
57,CC DChg,110.70000000001164,-1.6999,3.4993
57,CC DChg,110.79999999998836,-1.6999,3.4992
57,CC DChg,110.90000000002328,-1.6999,3.4992
57,CC DChg,111.0,-1.6999,3.4991
57,CC DChg,111.09999999997672,-1.6999,3.4991
57,CC DChg,111.20000000001164,-1.6999,3.4992
57,CC DChg,111.29999999998836,-1.6999,3.4991
57,CC DChg,111.40000000002328,-1.6999,3.4991
57,CC DChg,111.5,-1.6999,3.499
57,CC DChg,111.59999999997672,-1.6999,3.499
57,CC DChg,111.70000000001164,-1.6999,3.499
57,CC DChg,111.79999999998836,-1.6999,3.499
57,CC DChg,111.90000000002328,-1.6999,3.499
57,CC DChg,112.0,-1.6999,3.4989
57,CC DChg,112.09999999997672,-1.6999,3.4989
57,CC DChg,112.20000000001164,-1.6999,3.4989
57,CC DChg,112.29999999998836,-1.6999,3.4988
57,CC DChg,112.40000000002328,-1.6999,3.4988
57,CC DChg,112.5,-1.6999,3.4988
57,CC DChg,112.59999999997672,-1.6999,3.4988
57,CC DChg,112.70000000001164,-1.6999,3.4988
57,CC DChg,112.79999999998836,-1.6999,3.4988
57,CC DChg,112.90000000002328,-1.6999,3.4987
57,CC DChg,113.0,-1.6999,3.4987
57,CC DChg,113.09999999997672,-1.6999,3.4987
57,CC DChg,113.20000000001164,-1.6999,3.4986
57,CC DChg,113.29999999998836,-1.6999,3.4986
57,CC DChg,113.40000000002328,-1.6999,3.4986
57,CC DChg,113.5,-1.6999,3.4986
57,CC DChg,113.59999999997672,-1.6999,3.4986
57,CC DChg,113.70000000001164,-1.6999,3.4986
57,CC DChg,113.79999999998836,-1.6999,3.4985
57,CC DChg,113.90000000002328,-1.6999,3.4985
57,CC DChg,114.0,-1.6999,3.4985
57,CC DChg,114.09999999997672,-1.6999,3.4984
57,CC DChg,114.20000000001164,-1.6999,3.4984
57,CC DChg,114.29999999998836,-1.6999,3.4984
57,CC DChg,114.40000000002328,-1.6999,3.4984
57,CC DChg,114.5,-1.6999,3.4983
57,CC DChg,114.59999999997672,-1.6999,3.4983
57,CC DChg,114.70000000001164,-1.6999,3.4983
57,CC DChg,114.79999999998836,-1.6999,3.4983
57,CC DChg,114.90000000002328,-1.6999,3.4983
57,CC DChg,115.0,-1.6999,3.4982
57,CC DChg,115.09999999997672,-1.6999,3.4982
57,CC DChg,115.20000000001164,-1.6999,3.4982
57,CC DChg,115.29999999998836,-1.6999,3.4982
57,CC DChg,115.40000000002328,-1.6999,3.4981
57,CC DChg,115.5,-1.6999,3.4981
57,CC DChg,115.59999999997672,-1.6999,3.4981
57,CC DChg,115.70000000001164,-1.6999,3.4981
57,CC DChg,115.79999999998836,-1.6999,3.4981
57,CC DChg,115.90000000002328,-1.6999,3.498
57,CC DChg,116.0,-1.6999,3.498
57,CC DChg,116.09999999997672,-1.6999,3.498
57,CC DChg,116.20000000001164,-1.6999,3.498
57,CC DChg,116.29999999998836,-1.6999,3.4979
57,CC DChg,116.40000000002328,-1.6999,3.498
57,CC DChg,116.5,-1.6999,3.4979
57,CC DChg,116.59999999997672,-1.6999,3.4979
57,CC DChg,116.70000000001164,-1.6999,3.4979
57,CC DChg,116.79999999998836,-1.6999,3.4978
57,CC DChg,116.90000000002328,-1.6999,3.4978
57,CC DChg,117.0,-1.6999,3.4978
57,CC DChg,117.09999999997672,-1.6999,3.4978
57,CC DChg,117.20000000001164,-1.6999,3.4978
57,CC DChg,117.29999999998836,-1.6999,3.4977
57,CC DChg,117.40000000002328,-1.6999,3.4977
57,CC DChg,117.5,-1.6999,3.4977
57,CC DChg,117.59999999997672,-1.6999,3.4977
57,CC DChg,117.70000000001164,-1.6999,3.4977
57,CC DChg,117.79999999998836,-1.6999,3.4977
57,CC DChg,117.90000000002328,-1.6999,3.4976
57,CC DChg,118.0,-1.6999,3.4976
57,CC DChg,118.09999999997672,-1.6999,3.4975
57,CC DChg,118.20000000001164,-1.6999,3.4975
57,CC DChg,118.29999999998836,-1.6999,3.4975
57,CC DChg,118.40000000002328,-1.6999,3.4975
57,CC DChg,118.5,-1.6999,3.4974
57,CC DChg,118.59999999997672,-1.6999,3.4974
57,CC DChg,118.70000000001164,-1.6999,3.4974
57,CC DChg,118.79999999998836,-1.6999,3.4974
57,CC DChg,118.90000000002328,-1.6999,3.4974
57,CC DChg,119.0,-1.6999,3.4974
57,CC DChg,119.09999999997672,-1.6999,3.4973
57,CC DChg,119.20000000001164,-1.6999,3.4973
57,CC DChg,119.29999999998836,-1.6999,3.4973
57,CC DChg,119.40000000002328,-1.6999,3.4973
57,CC DChg,119.5,-1.6999,3.4972
57,CC DChg,119.59999999997672,-1.6999,3.4972
57,CC DChg,119.70000000001164,-1.6999,3.4972
57,CC DChg,119.79999999998836,-1.6999,3.4972
57,CC DChg,119.90000000002328,-1.6999,3.4972
57,CC DChg,120.0,-1.6999,3.4972
57,CC DChg,120.09999999997672,-1.6999,3.4971
57,CC DChg,120.20000000001164,-1.6999,3.4971
57,CC DChg,120.29999999998836,-1.6999,3.4971
57,CC DChg,120.40000000002328,-1.6999,3.497
57,CC DChg,120.5,-1.6999,3.497
57,CC DChg,120.59999999997672,-1.6999,3.497
57,CC DChg,120.70000000001164,-1.6999,3.497
57,CC DChg,120.79999999998836,-1.6999,3.497
57,CC DChg,120.90000000002328,-1.6999,3.4969
57,CC DChg,121.0,-1.6999,3.4969
57,CC DChg,121.09999999997672,-1.6999,3.4969
57,CC DChg,121.20000000001164,-1.6999,3.4969
57,CC DChg,121.29999999998836,-1.6999,3.4969
57,CC DChg,121.40000000002328,-1.6999,3.4968
57,CC DChg,121.5,-1.6999,3.4968
57,CC DChg,121.59999999997672,-1.6999,3.4968
57,CC DChg,121.70000000001164,-1.6999,3.4968
57,CC DChg,121.79999999998836,-1.6999,3.4968
57,CC DChg,121.90000000002328,-1.6999,3.4968
57,CC DChg,122.0,-1.6999,3.4967
57,CC DChg,122.09999999997672,-1.6999,3.4967
57,CC DChg,122.20000000001164,-1.6999,3.4967
57,CC DChg,122.29999999998836,-1.6999,3.4966
57,CC DChg,122.40000000002328,-1.6999,3.4966
57,CC DChg,122.5,-1.6999,3.4966
57,CC DChg,122.59999999997672,-1.6999,3.4966
57,CC DChg,122.70000000001164,-1.6999,3.4966
57,CC DChg,122.79999999998836,-1.6999,3.4966
57,CC DChg,122.90000000002328,-1.6999,3.4965
57,CC DChg,123.0,-1.6999,3.4965
57,CC DChg,123.09999999997672,-1.6999,3.4965
57,CC DChg,123.20000000001164,-1.6999,3.4964
57,CC DChg,123.29999999998836,-1.6999,3.4965
57,CC DChg,123.40000000002328,-1.6999,3.4964
57,CC DChg,123.5,-1.6999,3.4964
57,CC DChg,123.59999999997672,-1.6999,3.4963
57,CC DChg,123.70000000001164,-1.6999,3.4964
57,CC DChg,123.79999999998836,-1.6999,3.4963
57,CC DChg,123.90000000002328,-1.6999,3.4963
57,CC DChg,124.0,-1.6999,3.4963
57,CC DChg,124.09999999997672,-1.6999,3.4963
57,CC DChg,124.20000000001164,-1.6999,3.4963
57,CC DChg,124.29999999998836,-1.6999,3.4962
57,CC DChg,124.40000000002328,-1.6999,3.4962
57,CC DChg,124.5,-1.6999,3.4962
57,CC DChg,124.59999999997672,-1.6999,3.4962
57,CC DChg,124.70000000001164,-1.6999,3.4962
57,CC DChg,124.79999999998836,-1.6999,3.4961
57,CC DChg,124.90000000002328,-1.6999,3.4961
57,CC DChg,125.0,-1.6999,3.4961
57,CC DChg,125.09999999997672,-1.6999,3.4961
57,CC DChg,125.20000000001164,-1.6999,3.4961
57,CC DChg,125.29999999998836,-1.6999,3.496
57,CC DChg,125.40000000002328,-1.6999,3.496
57,CC DChg,125.5,-1.6999,3.496
57,CC DChg,125.59999999997672,-1.6999,3.4959
57,CC DChg,125.70000000001164,-1.6999,3.496
57,CC DChg,125.79999999998836,-1.6999,3.4959
57,CC DChg,125.90000000002328,-1.6999,3.4959
57,CC DChg,126.0,-1.6999,3.4959
57,CC DChg,126.09999999997672,-1.6999,3.4958
57,CC DChg,126.20000000001164,-1.6999,3.4958
57,CC DChg,126.29999999998836,-1.6999,3.4958
57,CC DChg,126.40000000002328,-1.6999,3.4958
57,CC DChg,126.5,-1.6999,3.4958
57,CC DChg,126.59999999997672,-1.6999,3.4958
57,CC DChg,126.70000000001164,-1.6999,3.4958
57,CC DChg,126.79999999998836,-1.6999,3.4957
57,CC DChg,126.90000000002328,-1.6999,3.4957
57,CC DChg,127.0,-1.6999,3.4957
57,CC DChg,127.09999999997672,-1.6999,3.4957
57,CC DChg,127.20000000001164,-1.6999,3.4957
57,CC DChg,127.29999999998836,-1.6999,3.4956
57,CC DChg,127.40000000002328,-1.6999,3.4956
57,CC DChg,127.5,-1.6999,3.4956
57,CC DChg,127.59999999997672,-1.6999,3.4956
57,CC DChg,127.70000000001164,-1.6999,3.4955
57,CC DChg,127.79999999998836,-1.6999,3.4955
57,CC DChg,127.90000000002328,-1.6999,3.4955
57,CC DChg,128.0,-1.6999,3.4954
57,CC DChg,128.09999999997672,-1.6999,3.4954
57,CC DChg,128.20000000001164,-1.6999,3.4954
57,CC DChg,128.29999999998836,-1.6999,3.4954
57,CC DChg,128.40000000002328,-1.6999,3.4954
57,CC DChg,128.5,-1.6999,3.4954
57,CC DChg,128.59999999997672,-1.6999,3.4953
57,CC DChg,128.70000000001164,-1.6999,3.4953
57,CC DChg,128.79999999998836,-1.6999,3.4953
57,CC DChg,128.90000000002328,-1.6999,3.4953
57,CC DChg,129.0,-1.6999,3.4952
57,CC DChg,129.09999999997672,-1.6999,3.4952
57,CC DChg,129.20000000001164,-1.6999,3.4952
57,CC DChg,129.29999999998836,-1.6999,3.4952
57,CC DChg,129.40000000002328,-1.6999,3.4952
57,CC DChg,129.5,-1.6999,3.4951
57,CC DChg,129.59999999997672,-1.6999,3.4951
57,CC DChg,129.70000000001164,-1.6999,3.4951
57,CC DChg,129.79999999998836,-1.6999,3.4951
57,CC DChg,129.90000000002328,-1.6999,3.4951
57,CC DChg,130.0,-1.6999,3.4951
57,CC DChg,130.09999999997672,-1.6999,3.495
57,CC DChg,130.20000000001164,-1.6999,3.495
57,CC DChg,130.29999999998836,-1.6999,3.495
57,CC DChg,130.40000000002328,-1.6999,3.495
57,CC DChg,130.5,-1.6999,3.4949
57,CC DChg,130.59999999997672,-1.6999,3.4949
57,CC DChg,130.70000000001164,-1.6999,3.4949
57,CC DChg,130.79999999998836,-1.6999,3.4949
57,CC DChg,130.90000000002328,-1.6999,3.4949
57,CC DChg,131.0,-1.6999,3.4949
57,CC DChg,131.09999999997672,-1.6999,3.4949
57,CC DChg,131.20000000001164,-1.6999,3.4948
57,CC DChg,131.29999999998836,-1.6999,3.4948
57,CC DChg,131.40000000002328,-1.6999,3.4948
57,CC DChg,131.5,-1.6999,3.4948
57,CC DChg,131.59999999997672,-1.6999,3.4948
57,CC DChg,131.70000000001164,-1.6999,3.4947
57,CC DChg,131.79999999998836,-1.6999,3.4947
57,CC DChg,131.90000000002328,-1.6999,3.4947
57,CC DChg,132.0,-1.6999,3.4947
57,CC DChg,132.09999999997672,-1.6999,3.4947
57,CC DChg,132.20000000001164,-1.6999,3.4946
57,CC DChg,132.29999999998836,-1.6999,3.4946
57,CC DChg,132.40000000002328,-1.6999,3.4946
57,CC DChg,132.5,-1.6999,3.4946
57,CC DChg,132.59999999997672,-1.6999,3.4946
57,CC DChg,132.70000000001164,-1.6999,3.4946
57,CC DChg,132.79999999998836,-1.6999,3.4946
57,CC DChg,132.90000000002328,-1.6999,3.4945
57,CC DChg,133.0,-1.6999,3.4945
57,CC DChg,133.09999999997672,-1.6999,3.4945
57,CC DChg,133.20000000001164,-1.6999,3.4945
57,CC DChg,133.29999999998836,-1.6999,3.4944
57,CC DChg,133.40000000002328,-1.6999,3.4944
57,CC DChg,133.5,-1.6999,3.4944
57,CC DChg,133.59999999997672,-1.6999,3.4944
57,CC DChg,133.70000000001164,-1.6999,3.4944
57,CC DChg,133.79999999998836,-1.6999,3.4944
57,CC DChg,133.90000000002328,-1.6999,3.4943
57,CC DChg,134.0,-1.6999,3.4943
57,CC DChg,134.09999999997672,-1.6999,3.4943
57,CC DChg,134.20000000001164,-1.6999,3.4943
57,CC DChg,134.29999999998836,-1.6999,3.4942
57,CC DChg,134.40000000002328,-1.6999,3.4942
57,CC DChg,134.5,-1.6999,3.4942
57,CC DChg,134.59999999997672,-1.6999,3.4942
57,CC DChg,134.70000000001164,-1.6999,3.4942
57,CC DChg,134.79999999998836,-1.6999,3.4942
57,CC DChg,134.90000000002328,-1.6999,3.4941
57,CC DChg,135.0,-1.6999,3.4941
57,CC DChg,135.09999999997672,-1.6999,3.4941
57,CC DChg,135.20000000001164,-1.6999,3.4941
57,CC DChg,135.29999999998836,-1.6999,3.4941
57,CC DChg,135.40000000002328,-1.6999,3.494
57,CC DChg,135.5,-1.6999,3.494
57,CC DChg,135.59999999997672,-1.6999,3.494
57,CC DChg,135.70000000001164,-1.6999,3.494
57,CC DChg,135.79999999998836,-1.6999,3.494
57,CC DChg,135.90000000002328,-1.6999,3.494
57,CC DChg,136.0,-1.6999,3.4939
57,CC DChg,136.09999999997672,-1.6999,3.4939
57,CC DChg,136.20000000001164,-1.6999,3.4939
57,CC DChg,136.29999999998836,-1.6999,3.4939
57,CC DChg,136.40000000002328,-1.6999,3.4938
57,CC DChg,136.5,-1.6999,3.4938
57,CC DChg,136.59999999997672,-1.6999,3.4938
57,CC DChg,136.70000000001164,-1.6999,3.4938
57,CC DChg,136.79999999998836,-1.6999,3.4938
57,CC DChg,136.90000000002328,-1.6999,3.4937
57,CC DChg,137.0,-1.6999,3.4938
57,CC DChg,137.09999999997672,-1.6999,3.4937
57,CC DChg,137.20000000001164,-1.6999,3.4937
57,CC DChg,137.29999999998836,-1.6999,3.4937
57,CC DChg,137.40000000002328,-1.6999,3.4937
57,CC DChg,137.5,-1.6999,3.4936
57,CC DChg,137.59999999997672,-1.6999,3.4936
57,CC DChg,137.70000000001164,-1.6999,3.4936
57,CC DChg,137.79999999998836,-1.6999,3.4936
57,CC DChg,137.90000000002328,-1.6999,3.4936
57,CC DChg,138.0,-1.6999,3.4936
57,CC DChg,138.09999999997672,-1.6999,3.4935
57,CC DChg,138.20000000001164,-1.6999,3.4935
57,CC DChg,138.29999999998836,-1.6999,3.4935
57,CC DChg,138.40000000002328,-1.6999,3.4935
57,CC DChg,138.5,-1.6999,3.4935
57,CC DChg,138.59999999997672,-1.6999,3.4935
57,CC DChg,138.70000000001164,-1.6999,3.4935
57,CC DChg,138.79999999998836,-1.6999,3.4934
57,CC DChg,138.90000000002328,-1.6999,3.4934
57,CC DChg,139.0,-1.6999,3.4934
57,CC DChg,139.09999999997672,-1.6999,3.4933
57,CC DChg,139.20000000001164,-1.6999,3.4933
57,CC DChg,139.29999999998836,-1.6999,3.4933
57,CC DChg,139.40000000002328,-1.6999,3.4933
57,CC DChg,139.5,-1.6999,3.4933
57,CC DChg,139.59999999997672,-1.6999,3.4932
57,CC DChg,139.70000000001164,-1.6999,3.4932
57,CC DChg,139.79999999998836,-1.6999,3.4932
57,CC DChg,139.90000000002328,-1.6999,3.4932
57,CC DChg,140.0,-1.6999,3.4932
57,CC DChg,140.09999999997672,-1.6999,3.4931
57,CC DChg,140.20000000001164,-1.6999,3.4931
57,CC DChg,140.29999999998836,-1.6999,3.4931
57,CC DChg,140.40000000002328,-1.6999,3.4931
57,CC DChg,140.5,-1.6999,3.4931
57,CC DChg,140.59999999997672,-1.6999,3.4931
57,CC DChg,140.70000000001164,-1.6999,3.493
57,CC DChg,140.79999999998836,-1.6999,3.493
57,CC DChg,140.90000000002328,-1.6999,3.493
57,CC DChg,141.0,-1.6999,3.493
57,CC DChg,141.09999999997672,-1.6999,3.4929
57,CC DChg,141.20000000001164,-1.6999,3.4929
57,CC DChg,141.29999999998836,-1.6999,3.4929
57,CC DChg,141.40000000002328,-1.6999,3.4929
57,CC DChg,141.5,-1.6999,3.4929
57,CC DChg,141.59999999997672,-1.6999,3.4928
57,CC DChg,141.70000000001164,-1.6999,3.4929
57,CC DChg,141.79999999998836,-1.6999,3.4929
57,CC DChg,141.90000000002328,-1.6999,3.4928
57,CC DChg,142.0,-1.6999,3.4928
57,CC DChg,142.09999999997672,-1.6999,3.4928
57,CC DChg,142.20000000001164,-1.6999,3.4928
57,CC DChg,142.29999999998836,-1.6999,3.4928
57,CC DChg,142.40000000002328,-1.6999,3.4928
57,CC DChg,142.5,-1.6999,3.4927
57,CC DChg,142.59999999997672,-1.6999,3.4927
57,CC DChg,142.70000000001164,-1.6999,3.4927
57,CC DChg,142.79999999998836,-1.6999,3.4927
57,CC DChg,142.90000000002328,-1.6999,3.4926
57,CC DChg,143.0,-1.6999,3.4926
57,CC DChg,143.09999999997672,-1.6999,3.4926
57,CC DChg,143.20000000001164,-1.6999,3.4926
57,CC DChg,143.29999999998836,-1.6999,3.4926
57,CC DChg,143.40000000002328,-1.6999,3.4926
57,CC DChg,143.5,-1.6999,3.4925
57,CC DChg,143.59999999997672,-1.6999,3.4925
57,CC DChg,143.70000000001164,-1.6999,3.4925
57,CC DChg,143.79999999998836,-1.6999,3.4925
57,CC DChg,143.90000000002328,-1.6999,3.4925
57,CC DChg,144.0,-1.6999,3.4924
57,CC DChg,144.09999999997672,-1.6999,3.4924
57,CC DChg,144.20000000001164,-1.6999,3.4924
57,CC DChg,144.29999999998836,-1.6999,3.4924
57,CC DChg,144.40000000002328,-1.6999,3.4923
57,CC DChg,144.5,-1.6999,3.4924
57,CC DChg,144.59999999997672,-1.6999,3.4924
57,CC DChg,144.70000000001164,-1.6999,3.4923
57,CC DChg,144.79999999998836,-1.6999,3.4922
57,CC DChg,144.90000000002328,-1.6999,3.4923
57,CC DChg,145.0,-1.6999,3.4923
57,CC DChg,145.09999999997672,-1.6999,3.4922
57,CC DChg,145.20000000001164,-1.6999,3.4922
57,CC DChg,145.29999999998836,-1.6999,3.4922
57,CC DChg,145.40000000002328,-1.6999,3.4922
57,CC DChg,145.5,-1.6999,3.4921
57,CC DChg,145.59999999997672,-1.6999,3.4921
57,CC DChg,145.70000000001164,-1.6999,3.4921
57,CC DChg,145.79999999998836,-1.6999,3.4921
57,CC DChg,145.90000000002328,-1.6999,3.4921
57,CC DChg,146.0,-1.6999,3.4921
57,CC DChg,146.09999999997672,-1.6999,3.4921
57,CC DChg,146.20000000001164,-1.6999,3.492
57,CC DChg,146.29999999998836,-1.6999,3.492
57,CC DChg,146.40000000002328,-1.6999,3.492
57,CC DChg,146.5,-1.6999,3.492
57,CC DChg,146.59999999997672,-1.6999,3.492
57,CC DChg,146.70000000001164,-1.6999,3.492
57,CC DChg,146.79999999998836,-1.6999,3.4919
57,CC DChg,146.90000000002328,-1.6999,3.4919
57,CC DChg,147.0,-1.6999,3.4919
57,CC DChg,147.09999999997672,-1.6999,3.4919
57,CC DChg,147.20000000001164,-1.6999,3.4918
57,CC DChg,147.29999999998836,-1.6999,3.4918
57,CC DChg,147.40000000002328,-1.6999,3.4918
57,CC DChg,147.5,-1.6999,3.4918
57,CC DChg,147.59999999997672,-1.6999,3.4918
57,CC DChg,147.70000000001164,-1.6999,3.4918
57,CC DChg,147.79999999998836,-1.6999,3.4918
57,CC DChg,147.90000000002328,-1.6999,3.4918
57,CC DChg,148.0,-1.6999,3.4917
57,CC DChg,148.09999999997672,-1.6999,3.4917
57,CC DChg,148.20000000001164,-1.6999,3.4917
57,CC DChg,148.29999999998836,-1.6999,3.4917
57,CC DChg,148.40000000002328,-1.6999,3.4917
57,CC DChg,148.5,-1.6999,3.4917
57,CC DChg,148.59999999997672,-1.6999,3.4916
57,CC DChg,148.70000000001164,-1.6999,3.4916
57,CC DChg,148.79999999998836,-1.6999,3.4916
57,CC DChg,148.90000000002328,-1.6999,3.4916
57,CC DChg,149.0,-1.6999,3.4915
57,CC DChg,149.09999999997672,-1.6999,3.4916
57,CC DChg,149.20000000001164,-1.6999,3.4915
57,CC DChg,149.29999999998836,-1.6999,3.4915
57,CC DChg,149.40000000002328,-1.6999,3.4915
57,CC DChg,149.5,-1.6999,3.4915
57,CC DChg,149.59999999997672,-1.6999,3.4915
57,CC DChg,149.70000000001164,-1.6999,3.4914
57,CC DChg,149.79999999998836,-1.6999,3.4914
57,CC DChg,149.90000000002328,-1.6999,3.4914
57,CC DChg,150.0,-1.6999,3.4914
57,CC DChg,150.09999999997672,-1.6999,3.4913
57,CC DChg,150.20000000001164,-1.6999,3.4913
57,CC DChg,150.29999999998836,-1.6999,3.4913
57,CC DChg,150.40000000002328,-1.6999,3.4913
57,CC DChg,150.5,-1.6999,3.4913
57,CC DChg,150.59999999997672,-1.6999,3.4913
57,CC DChg,150.70000000001164,-1.6999,3.4913
57,CC DChg,150.79999999998836,-1.6999,3.4912
57,CC DChg,150.90000000002328,-1.6999,3.4912
57,CC DChg,151.0,-1.6999,3.4912
57,CC DChg,151.09999999997672,-1.6999,3.4912
57,CC DChg,151.20000000001164,-1.6999,3.4912
57,CC DChg,151.29999999998836,-1.6999,3.4912
57,CC DChg,151.40000000002328,-1.6999,3.4912
57,CC DChg,151.5,-1.6999,3.4911
57,CC DChg,151.59999999997672,-1.6999,3.4911
57,CC DChg,151.70000000001164,-1.6999,3.4911
57,CC DChg,151.79999999998836,-1.6999,3.491
57,CC DChg,151.90000000002328,-1.6999,3.491
57,CC DChg,152.0,-1.6999,3.491
57,CC DChg,152.09999999997672,-1.6999,3.491
57,CC DChg,152.20000000001164,-1.6999,3.491
57,CC DChg,152.29999999998836,-1.6999,3.491
57,CC DChg,152.40000000002328,-1.6999,3.4909
57,CC DChg,152.5,-1.6999,3.4909
57,CC DChg,152.59999999997672,-1.6999,3.4909
57,CC DChg,152.70000000001164,-1.6999,3.4909
57,CC DChg,152.79999999998836,-1.6999,3.4909
57,CC DChg,152.90000000002328,-1.6999,3.4909
57,CC DChg,153.0,-1.6999,3.4908
57,CC DChg,153.09999999997672,-1.6999,3.4908
57,CC DChg,153.20000000001164,-1.6999,3.4908
57,CC DChg,153.29999999998836,-1.6999,3.4908
57,CC DChg,153.40000000002328,-1.6999,3.4908
57,CC DChg,153.5,-1.6999,3.4908
57,CC DChg,153.59999999997672,-1.6999,3.4908
57,CC DChg,153.70000000001164,-1.6999,3.4908
57,CC DChg,153.79999999998836,-1.6999,3.4907
57,CC DChg,153.90000000002328,-1.6999,3.4907
57,CC DChg,154.0,-1.6999,3.4907
57,CC DChg,154.09999999997672,-1.6999,3.4907
57,CC DChg,154.20000000001164,-1.6999,3.4907
57,CC DChg,154.29999999998836,-1.6999,3.4907
57,CC DChg,154.40000000002328,-1.6999,3.4907
57,CC DChg,154.5,-1.6999,3.4906
57,CC DChg,154.59999999997672,-1.6999,3.4906
57,CC DChg,154.70000000001164,-1.6999,3.4906
57,CC DChg,154.79999999998836,-1.6999,3.4906
57,CC DChg,154.90000000002328,-1.6999,3.4906
57,CC DChg,155.0,-1.6999,3.4905
57,CC DChg,155.09999999997672,-1.6999,3.4905
57,CC DChg,155.20000000001164,-1.6999,3.4905
57,CC DChg,155.29999999998836,-1.6999,3.4905
57,CC DChg,155.40000000002328,-1.6999,3.4905
57,CC DChg,155.5,-1.6999,3.4905
57,CC DChg,155.59999999997672,-1.6999,3.4904
57,CC DChg,155.70000000001164,-1.6999,3.4904
57,CC DChg,155.79999999998836,-1.6999,3.4904
57,CC DChg,155.90000000002328,-1.6999,3.4904
57,CC DChg,156.0,-1.6999,3.4904
57,CC DChg,156.09999999997672,-1.6999,3.4903
57,CC DChg,156.20000000001164,-1.6999,3.4904
57,CC DChg,156.29999999998836,-1.6999,3.4903
57,CC DChg,156.40000000002328,-1.6999,3.4903
57,CC DChg,156.5,-1.6999,3.4903
57,CC DChg,156.59999999997672,-1.6999,3.4902
57,CC DChg,156.70000000001164,-1.6999,3.4902
57,CC DChg,156.79999999998836,-1.6999,3.4902
57,CC DChg,156.90000000002328,-1.6999,3.4902
57,CC DChg,157.0,-1.6999,3.4902
57,CC DChg,157.09999999997672,-1.6999,3.4902
57,CC DChg,157.20000000001164,-1.6999,3.4902
57,CC DChg,157.29999999998836,-1.6999,3.4902
57,CC DChg,157.40000000002328,-1.6999,3.4901
57,CC DChg,157.5,-1.6999,3.4901
57,CC DChg,157.59999999997672,-1.6999,3.4901
57,CC DChg,157.70000000001164,-1.6999,3.49
57,CC DChg,157.79999999998836,-1.6999,3.49
57,CC DChg,157.90000000002328,-1.6999,3.4901
57,CC DChg,158.0,-1.6999,3.4901
57,CC DChg,158.09999999997672,-1.6999,3.49
57,CC DChg,158.20000000001164,-1.6999,3.49
57,CC DChg,158.29999999998836,-1.6999,3.49
57,CC DChg,158.40000000002328,-1.6999,3.49
57,CC DChg,158.5,-1.6999,3.49
57,CC DChg,158.59999999997672,-1.6999,3.4899
57,CC DChg,158.70000000001164,-1.6999,3.4899
57,CC DChg,158.79999999998836,-1.6999,3.4898
57,CC DChg,158.90000000002328,-1.6999,3.4898
57,CC DChg,159.0,-1.6999,3.4898
57,CC DChg,159.09999999997672,-1.6999,3.4898
57,CC DChg,159.20000000001164,-1.6999,3.4898
57,CC DChg,159.29999999998836,-1.6999,3.4898
57,CC DChg,159.40000000002328,-1.6999,3.4898
57,CC DChg,159.5,-1.6999,3.4897
57,CC DChg,159.59999999997672,-1.6999,3.4897
57,CC DChg,159.70000000001164,-1.6999,3.4897
57,CC DChg,159.79999999998836,-1.6999,3.4897
57,CC DChg,159.90000000002328,-1.6999,3.4897
57,CC DChg,160.0,-1.6999,3.4897
57,CC DChg,160.09999999997672,-1.6999,3.4897
57,CC DChg,160.20000000001164,-1.6999,3.4896
57,CC DChg,160.29999999998836,-1.6999,3.4896
57,CC DChg,160.40000000002328,-1.6999,3.4896
57,CC DChg,160.5,-1.6999,3.4896
57,CC DChg,160.59999999997672,-1.6999,3.4896
57,CC DChg,160.70000000001164,-1.6999,3.4896
57,CC DChg,160.79999999998836,-1.6999,3.4896
57,CC DChg,160.90000000002328,-1.6999,3.4895
57,CC DChg,161.0,-1.6999,3.4895
57,CC DChg,161.09999999997672,-1.6999,3.4895
57,CC DChg,161.20000000001164,-1.6999,3.4895
57,CC DChg,161.29999999998836,-1.6999,3.4895
57,CC DChg,161.40000000002328,-1.6999,3.4895
57,CC DChg,161.5,-1.6999,3.4894
57,CC DChg,161.59999999997672,-1.6999,3.4894
57,CC DChg,161.70000000001164,-1.6999,3.4894
57,CC DChg,161.79999999998836,-1.6999,3.4893
57,CC DChg,161.90000000002328,-1.6999,3.4894
57,CC DChg,162.0,-1.6999,3.4893
57,CC DChg,162.09999999997672,-1.6999,3.4893
57,CC DChg,162.20000000001164,-1.6999,3.4893
57,CC DChg,162.29999999998836,-1.6999,3.4893
57,CC DChg,162.40000000002328,-1.6999,3.4893
57,CC DChg,162.5,-1.6999,3.4892
57,CC DChg,162.59999999997672,-1.6999,3.4892
57,CC DChg,162.70000000001164,-1.6999,3.4892
57,CC DChg,162.79999999998836,-1.6999,3.4892
57,CC DChg,162.90000000002328,-1.6999,3.4892
57,CC DChg,163.0,-1.6999,3.4891
57,CC DChg,163.09999999997672,-1.6999,3.4892
57,CC DChg,163.20000000001164,-1.6999,3.4892
57,CC DChg,163.29999999998836,-1.6999,3.4891
57,CC DChg,163.40000000002328,-1.6999,3.4891
57,CC DChg,163.5,-1.6999,3.4891
57,CC DChg,163.59999999997672,-1.6999,3.4891
57,CC DChg,163.70000000001164,-1.6999,3.4891
57,CC DChg,163.79999999998836,-1.6999,3.4891
57,CC DChg,163.90000000002328,-1.6999,3.489
57,CC DChg,164.0,-1.6999,3.489
57,CC DChg,164.09999999997672,-1.6999,3.489
57,CC DChg,164.20000000001164,-1.6999,3.4889
57,CC DChg,164.29999999998836,-1.6999,3.489
57,CC DChg,164.40000000002328,-1.6999,3.4889
57,CC DChg,164.5,-1.6999,3.4889
57,CC DChg,164.59999999997672,-1.6999,3.4889
57,CC DChg,164.70000000001164,-1.6999,3.4889
57,CC DChg,164.79999999998836,-1.6999,3.4889
57,CC DChg,164.90000000002328,-1.6999,3.4888
57,CC DChg,165.0,-1.6999,3.4888
57,CC DChg,165.09999999997672,-1.6999,3.4888
57,CC DChg,165.20000000001164,-1.6999,3.4888
57,CC DChg,165.29999999998836,-1.6999,3.4888
57,CC DChg,165.40000000002328,-1.6999,3.4888
57,CC DChg,165.5,-1.6999,3.4887
57,CC DChg,165.59999999997672,-1.6999,3.4887
57,CC DChg,165.70000000001164,-1.6999,3.4887
57,CC DChg,165.79999999998836,-1.6999,3.4887
57,CC DChg,165.90000000002328,-1.6999,3.4887
57,CC DChg,166.0,-1.6999,3.4887
57,CC DChg,166.09999999997672,-1.6999,3.4886
57,CC DChg,166.20000000001164,-1.6999,3.4886
57,CC DChg,166.29999999998836,-1.6999,3.4886
57,CC DChg,166.40000000002328,-1.6999,3.4886
57,CC DChg,166.5,-1.6999,3.4886
57,CC DChg,166.59999999997672,-1.6999,3.4886
57,CC DChg,166.70000000001164,-1.6999,3.4886
57,CC DChg,166.79999999998836,-1.6999,3.4885
57,CC DChg,166.90000000002328,-1.6999,3.4885
57,CC DChg,167.0,-1.6999,3.4885
57,CC DChg,167.09999999997672,-1.6999,3.4885
57,CC DChg,167.20000000001164,-1.6999,3.4885
57,CC DChg,167.29999999998836,-1.6999,3.4885
57,CC DChg,167.40000000002328,-1.6999,3.4885
57,CC DChg,167.5,-1.6999,3.4885
57,CC DChg,167.59999999997672,-1.6999,3.4884
57,CC DChg,167.70000000001164,-1.6999,3.4884
57,CC DChg,167.79999999998836,-1.6999,3.4884
57,CC DChg,167.90000000002328,-1.6999,3.4884
57,CC DChg,168.0,-1.6999,3.4883
57,CC DChg,168.09999999997672,-1.6999,3.4883
57,CC DChg,168.20000000001164,-1.6999,3.4883
57,CC DChg,168.29999999998836,-1.6999,3.4883
57,CC DChg,168.40000000002328,-1.6999,3.4883
57,CC DChg,168.5,-1.6999,3.4883
57,CC DChg,168.59999999997672,-1.6999,3.4883
57,CC DChg,168.70000000001164,-1.6999,3.4882
57,CC DChg,168.79999999998836,-1.6999,3.4882
57,CC DChg,168.90000000002328,-1.6999,3.4882
57,CC DChg,169.0,-1.6999,3.4882
57,CC DChg,169.09999999997672,-1.6999,3.4882
57,CC DChg,169.20000000001164,-1.6999,3.4882
57,CC DChg,169.29999999998836,-1.6999,3.4882
57,CC DChg,169.40000000002328,-1.6999,3.4882
57,CC DChg,169.5,-1.6999,3.4881
57,CC DChg,169.59999999997672,-1.6999,3.4881
57,CC DChg,169.70000000001164,-1.6999,3.4881
57,CC DChg,169.79999999998836,-1.6999,3.4881
57,CC DChg,169.90000000002328,-1.6999,3.488
57,CC DChg,170.0,-1.6999,3.4881
57,CC DChg,170.09999999997672,-1.6999,3.488
57,CC DChg,170.20000000001164,-1.6999,3.488
57,CC DChg,170.29999999998836,-1.6999,3.488
57,CC DChg,170.40000000002328,-1.6999,3.488
57,CC DChg,170.5,-1.6999,3.488
57,CC DChg,170.59999999997672,-1.6999,3.488
57,CC DChg,170.70000000001164,-1.6999,3.488
57,CC DChg,170.79999999998836,-1.6999,3.4879
57,CC DChg,170.90000000002328,-1.6999,3.4879
57,CC DChg,171.0,-1.6999,3.4879
57,CC DChg,171.09999999997672,-1.6999,3.4879
57,CC DChg,171.20000000001164,-1.6999,3.4879
57,CC DChg,171.29999999998836,-1.6999,3.4878
57,CC DChg,171.40000000002328,-1.6999,3.4878
57,CC DChg,171.5,-1.6999,3.4878
57,CC DChg,171.59999999997672,-1.6999,3.4878
57,CC DChg,171.70000000001164,-1.6999,3.4878
57,CC DChg,171.79999999998836,-1.6999,3.4877
57,CC DChg,171.90000000002328,-1.6999,3.4878
57,CC DChg,172.0,-1.6999,3.4878
57,CC DChg,172.09999999997672,-1.6999,3.4877
57,CC DChg,172.20000000001164,-1.6999,3.4877
57,CC DChg,172.29999999998836,-1.6999,3.4877
57,CC DChg,172.40000000002328,-1.6999,3.4877
57,CC DChg,172.5,-1.6999,3.4876
57,CC DChg,172.59999999997672,-1.6999,3.4876
57,CC DChg,172.70000000001164,-1.6999,3.4877
57,CC DChg,172.79999999998836,-1.6999,3.4876
57,CC DChg,172.90000000002328,-1.6999,3.4876
57,CC DChg,173.0,-1.6999,3.4876
57,CC DChg,173.09999999997672,-1.6999,3.4875
57,CC DChg,173.20000000001164,-1.6999,3.4875
57,CC DChg,173.29999999998836,-1.6999,3.4875
57,CC DChg,173.40000000002328,-1.6999,3.4875
57,CC DChg,173.5,-1.6999,3.4875
57,CC DChg,173.59999999997672,-1.6999,3.4875
57,CC DChg,173.70000000001164,-1.6999,3.4875
57,CC DChg,173.79999999998836,-1.6999,3.4875
57,CC DChg,173.90000000002328,-1.6999,3.4875
57,CC DChg,174.0,-1.6999,3.4874
57,CC DChg,174.09999999997672,-1.6999,3.4874
57,CC DChg,174.20000000001164,-1.6999,3.4873
57,CC DChg,174.29999999998836,-1.6999,3.4874
57,CC DChg,174.40000000002328,-1.6999,3.4873
57,CC DChg,174.5,-1.6999,3.4873
57,CC DChg,174.59999999997672,-1.6999,3.4873
57,CC DChg,174.70000000001164,-1.6999,3.4873
57,CC DChg,174.79999999998836,-1.6999,3.4873
57,CC DChg,174.90000000002328,-1.6999,3.4873
57,CC DChg,175.0,-1.6999,3.4872
57,CC DChg,175.09999999997672,-1.6999,3.4872
57,CC DChg,175.20000000001164,-1.6999,3.4872
57,CC DChg,175.29999999998836,-1.6999,3.4872
57,CC DChg,175.40000000002328,-1.6999,3.4872
57,CC DChg,175.5,-1.6999,3.4872
57,CC DChg,175.59999999997672,-1.6999,3.4871
57,CC DChg,175.70000000001164,-1.6999,3.4871
57,CC DChg,175.79999999998836,-1.6999,3.4871
57,CC DChg,175.90000000002328,-1.6999,3.4871
57,CC DChg,176.0,-1.6999,3.4871
57,CC DChg,176.09999999997672,-1.6999,3.4871
57,CC DChg,176.20000000001164,-1.6999,3.4871
57,CC DChg,176.29999999998836,-1.6999,3.487
57,CC DChg,176.40000000002328,-1.6999,3.487
57,CC DChg,176.5,-1.6999,3.487
57,CC DChg,176.59999999997672,-1.6999,3.487
57,CC DChg,176.70000000001164,-1.6999,3.487
57,CC DChg,176.79999999998836,-1.6999,3.487
57,CC DChg,176.90000000002328,-1.6999,3.4869
57,CC DChg,177.0,-1.6999,3.4869
57,CC DChg,177.09999999997672,-1.6999,3.4869
57,CC DChg,177.20000000001164,-1.6999,3.4869
57,CC DChg,177.29999999998836,-1.6999,3.4869
57,CC DChg,177.40000000002328,-1.6999,3.4869
57,CC DChg,177.5,-1.6999,3.4869
57,CC DChg,177.59999999997672,-1.6999,3.4869
57,CC DChg,177.70000000001164,-1.6999,3.4869
57,CC DChg,177.79999999998836,-1.6999,3.4868
57,CC DChg,177.90000000002328,-1.6999,3.4868
57,CC DChg,178.0,-1.6999,3.4868
57,CC DChg,178.09999999997672,-1.6999,3.4868
57,CC DChg,178.20000000001164,-1.6999,3.4868
57,CC DChg,178.29999999998836,-1.6999,3.4868
57,CC DChg,178.40000000002328,-1.6999,3.4867
57,CC DChg,178.5,-1.6999,3.4867
57,CC DChg,178.59999999997672,-1.6999,3.4867
57,CC DChg,178.70000000001164,-1.6999,3.4867
57,CC DChg,178.79999999998836,-1.6999,3.4866
57,CC DChg,178.90000000002328,-1.6999,3.4866
57,CC DChg,179.0,-1.6999,3.4866
57,CC DChg,179.09999999997672,-1.6999,3.4866
57,CC DChg,179.20000000001164,-1.6999,3.4866
57,CC DChg,179.29999999998836,-1.6999,3.4866
57,CC DChg,179.40000000002328,-1.6999,3.4866
57,CC DChg,179.5,-1.6999,3.4866
57,CC DChg,179.59999999997672,-1.6999,3.4866
57,CC DChg,179.70000000001164,-1.6999,3.4865
57,CC DChg,179.79999999998836,-1.6999,3.4865
57,CC DChg,179.90000000002328,-1.6999,3.4865
57,CC DChg,180.0,-1.6999,3.4865
57,CC DChg,180.09999999997672,-1.6999,3.4865
57,CC DChg,180.20000000001164,-1.6999,3.4865
57,CC DChg,180.29999999998836,-1.6999,3.4864
57,CC DChg,180.40000000002328,-1.6999,3.4864
57,CC DChg,180.5,-1.6999,3.4865
57,CC DChg,180.59999999997672,-1.6999,3.4864
57,CC DChg,180.70000000001164,-1.6999,3.4864
57,CC DChg,180.79999999998836,-1.6999,3.4863
57,CC DChg,180.90000000002328,-1.6999,3.4863
57,CC DChg,181.0,-1.6999,3.4864
57,CC DChg,181.09999999997672,-1.6999,3.4864
57,CC DChg,181.20000000001164,-1.6999,3.4863
57,CC DChg,181.29999999998836,-1.6999,3.4863
57,CC DChg,181.40000000002328,-1.6999,3.4863
57,CC DChg,181.5,-1.6999,3.4863
57,CC DChg,181.59999999997672,-1.6999,3.4863
57,CC DChg,181.70000000001164,-1.6999,3.4862
57,CC DChg,181.79999999998836,-1.6999,3.4862
57,CC DChg,181.90000000002328,-1.6999,3.4862
57,CC DChg,182.0,-1.6999,3.4862
57,CC DChg,182.09999999997672,-1.6999,3.4862
57,CC DChg,182.20000000001164,-1.6999,3.4861
57,CC DChg,182.29999999998836,-1.6999,3.4861
57,CC DChg,182.40000000002328,-1.6999,3.4861
57,CC DChg,182.5,-1.6999,3.4861
57,CC DChg,182.59999999997672,-1.6999,3.4861
57,CC DChg,182.70000000001164,-1.6999,3.4861
57,CC DChg,182.79999999998836,-1.6999,3.4861
57,CC DChg,182.90000000002328,-1.6999,3.4861
57,CC DChg,183.0,-1.6999,3.486
57,CC DChg,183.09999999997672,-1.6999,3.486
57,CC DChg,183.20000000001164,-1.6999,3.486
57,CC DChg,183.29999999998836,-1.6999,3.486
57,CC DChg,183.40000000002328,-1.6999,3.486
57,CC DChg,183.5,-1.6999,3.486
57,CC DChg,183.59999999997672,-1.6999,3.4859
57,CC DChg,183.70000000001164,-1.6999,3.4859
57,CC DChg,183.79999999998836,-1.6999,3.4859
57,CC DChg,183.90000000002328,-1.6999,3.4859
57,CC DChg,184.0,-1.6999,3.4859
57,CC DChg,184.09999999997672,-1.6999,3.4859
57,CC DChg,184.20000000001164,-1.6999,3.4859
57,CC DChg,184.29999999998836,-1.6999,3.4859
57,CC DChg,184.40000000002328,-1.6999,3.4858
57,CC DChg,184.5,-1.6999,3.4858
57,CC DChg,184.59999999997672,-1.6999,3.4858
57,CC DChg,184.70000000001164,-1.6999,3.4858
57,CC DChg,184.79999999998836,-1.6999,3.4857
57,CC DChg,184.90000000002328,-1.6999,3.4857
57,CC DChg,185.0,-1.6999,3.4857
57,CC DChg,185.09999999997672,-1.6999,3.4857
57,CC DChg,185.20000000001164,-1.6999,3.4857
57,CC DChg,185.29999999998836,-1.6999,3.4857
57,CC DChg,185.40000000002328,-1.6999,3.4856
57,CC DChg,185.5,-1.6999,3.4856
57,CC DChg,185.59999999997672,-1.6999,3.4856
57,CC DChg,185.70000000001164,-1.6999,3.4856
57,CC DChg,185.79999999998836,-1.6999,3.4856
57,CC DChg,185.90000000002328,-1.6999,3.4856
57,CC DChg,186.0,-1.6999,3.4855
57,CC DChg,186.09999999997672,-1.6999,3.4855
57,CC DChg,186.20000000001164,-1.6999,3.4855
57,CC DChg,186.29999999998836,-1.6999,3.4855
57,CC DChg,186.40000000002328,-1.6999,3.4855
57,CC DChg,186.5,-1.6999,3.4855
57,CC DChg,186.59999999997672,-1.6999,3.4855
57,CC DChg,186.70000000001164,-1.6999,3.4854
57,CC DChg,186.79999999998836,-1.6999,3.4854
57,CC DChg,186.90000000002328,-1.6999,3.4854
57,CC DChg,187.0,-1.6999,3.4854
57,CC DChg,187.09999999997672,-1.6999,3.4854
57,CC DChg,187.20000000001164,-1.6999,3.4854
57,CC DChg,187.29999999998836,-1.6999,3.4854
57,CC DChg,187.40000000002328,-1.6999,3.4853
57,CC DChg,187.5,-1.6999,3.4853
57,CC DChg,187.59999999997672,-1.6999,3.4853
57,CC DChg,187.70000000001164,-1.6999,3.4853
57,CC DChg,187.79999999998836,-1.6999,3.4853
57,CC DChg,187.90000000002328,-1.6999,3.4853
57,CC DChg,188.0,-1.6999,3.4853
57,CC DChg,188.09999999997672,-1.6999,3.4853
57,CC DChg,188.20000000001164,-1.6999,3.4852
57,CC DChg,188.29999999998836,-1.6999,3.4852
57,CC DChg,188.40000000002328,-1.6999,3.4852
57,CC DChg,188.5,-1.6999,3.4852
57,CC DChg,188.59999999997672,-1.6999,3.4852
57,CC DChg,188.70000000001164,-1.6999,3.4852
57,CC DChg,188.79999999998836,-1.6999,3.4851
57,CC DChg,188.90000000002328,-1.6999,3.4851
57,CC DChg,189.0,-1.6999,3.4851
57,CC DChg,189.09999999997672,-1.6999,3.4851
57,CC DChg,189.20000000001164,-1.6999,3.4851
57,CC DChg,189.29999999998836,-1.6999,3.485
57,CC DChg,189.40000000002328,-1.6999,3.485
57,CC DChg,189.5,-1.6999,3.485
57,CC DChg,189.59999999997672,-1.6999,3.4851
57,CC DChg,189.70000000001164,-1.6999,3.485
57,CC DChg,189.79999999998836,-1.6999,3.485
57,CC DChg,189.90000000002328,-1.6999,3.485
57,CC DChg,190.0,-1.6999,3.4849
57,CC DChg,190.09999999997672,-1.6999,3.4849
57,CC DChg,190.20000000001164,-1.6999,3.4849
57,CC DChg,190.29999999998836,-1.6999,3.4849
57,CC DChg,190.40000000002328,-1.6999,3.4849
57,CC DChg,190.5,-1.6999,3.4849
57,CC DChg,190.59999999997672,-1.6999,3.4849
57,CC DChg,190.70000000001164,-1.6999,3.4849
57,CC DChg,190.79999999998836,-1.6999,3.4849
57,CC DChg,190.90000000002328,-1.6999,3.4848
57,CC DChg,191.0,-1.6999,3.4848
57,CC DChg,191.09999999997672,-1.6999,3.4848
57,CC DChg,191.20000000001164,-1.6999,3.4848
57,CC DChg,191.29999999998836,-1.6999,3.4848
57,CC DChg,191.40000000002328,-1.6999,3.4848
57,CC DChg,191.5,-1.6999,3.4847
57,CC DChg,191.59999999997672,-1.6999,3.4847
57,CC DChg,191.70000000001164,-1.6999,3.4847
57,CC DChg,191.79999999998836,-1.6999,3.4847
57,CC DChg,191.90000000002328,-1.6999,3.4847
57,CC DChg,192.0,-1.6999,3.4847
57,CC DChg,192.09999999997672,-1.6999,3.4847
57,CC DChg,192.20000000001164,-1.6999,3.4847
57,CC DChg,192.29999999998836,-1.6999,3.4846
57,CC DChg,192.40000000002328,-1.6999,3.4846
57,CC DChg,192.5,-1.6999,3.4846
57,CC DChg,192.59999999997672,-1.6999,3.4846
57,CC DChg,192.70000000001164,-1.6999,3.4845
57,CC DChg,192.79999999998836,-1.6999,3.4845
57,CC DChg,192.90000000002328,-1.6999,3.4845
57,CC DChg,193.0,-1.6999,3.4845
57,CC DChg,193.09999999997672,-1.6999,3.4845
57,CC DChg,193.20000000001164,-1.6999,3.4845
57,CC DChg,193.29999999998836,-1.6999,3.4845
57,CC DChg,193.40000000002328,-1.6999,3.4845
57,CC DChg,193.5,-1.6999,3.4845
57,CC DChg,193.59999999997672,-1.6999,3.4844
57,CC DChg,193.70000000001164,-1.6999,3.4844
57,CC DChg,193.79999999998836,-1.6999,3.4844
57,CC DChg,193.90000000002328,-1.6999,3.4844
57,CC DChg,194.0,-1.6999,3.4844
57,CC DChg,194.09999999997672,-1.6999,3.4844
57,CC DChg,194.20000000001164,-1.6999,3.4843
57,CC DChg,194.29999999998836,-1.6999,3.4843
57,CC DChg,194.40000000002328,-1.6999,3.4843
57,CC DChg,194.5,-1.6999,3.4843
57,CC DChg,194.59999999997672,-1.6999,3.4843
57,CC DChg,194.70000000001164,-1.6999,3.4842
57,CC DChg,194.79999999998836,-1.6999,3.4842
57,CC DChg,194.90000000002328,-1.6999,3.4842
57,CC DChg,195.0,-1.6999,3.4842
57,CC DChg,195.09999999997672,-1.6999,3.4842
57,CC DChg,195.20000000001164,-1.6999,3.4842
57,CC DChg,195.29999999998836,-1.6999,3.4842
57,CC DChg,195.40000000002328,-1.6999,3.4841
57,CC DChg,195.5,-1.6999,3.4841
57,CC DChg,195.59999999997672,-1.6999,3.4841
57,CC DChg,195.70000000001164,-1.6999,3.4841
57,CC DChg,195.79999999998836,-1.6999,3.4841
57,CC DChg,195.90000000002328,-1.6999,3.484
57,CC DChg,196.0,-1.6999,3.484
57,CC DChg,196.09999999997672,-1.6999,3.484
57,CC DChg,196.20000000001164,-1.6999,3.484
57,CC DChg,196.29999999998836,-1.6999,3.484
57,CC DChg,196.40000000002328,-1.6999,3.484
57,CC DChg,196.5,-1.6999,3.484
57,CC DChg,196.59999999997672,-1.6999,3.4839
57,CC DChg,196.70000000001164,-1.6999,3.4839
57,CC DChg,196.79999999998836,-1.6999,3.4839
57,CC DChg,196.90000000002328,-1.6999,3.4839
57,CC DChg,197.0,-1.6999,3.4839
57,CC DChg,197.09999999997672,-1.6999,3.4839
57,CC DChg,197.20000000001164,-1.6999,3.4839
57,CC DChg,197.29999999998836,-1.6999,3.4839
57,CC DChg,197.40000000002328,-1.6999,3.4838
57,CC DChg,197.5,-1.6999,3.4838
57,CC DChg,197.59999999997672,-1.6999,3.4838
57,CC DChg,197.70000000001164,-1.6999,3.4838
57,CC DChg,197.79999999998836,-1.6999,3.4838
57,CC DChg,197.90000000002328,-1.6999,3.4838
57,CC DChg,198.0,-1.6999,3.4838
57,CC DChg,198.09999999997672,-1.6999,3.4837
57,CC DChg,198.20000000001164,-1.6999,3.4837
57,CC DChg,198.29999999998836,-1.6999,3.4837
57,CC DChg,198.40000000002328,-1.6999,3.4837
57,CC DChg,198.5,-1.6999,3.4837
57,CC DChg,198.59999999997672,-1.6999,3.4837
57,CC DChg,198.70000000001164,-1.6999,3.4837
57,CC DChg,198.79999999998836,-1.6999,3.4836
57,CC DChg,198.90000000002328,-1.6999,3.4836
57,CC DChg,199.0,-1.6999,3.4836
57,CC DChg,199.09999999997672,-1.6999,3.4836
57,CC DChg,199.20000000001164,-1.6999,3.4836
57,CC DChg,199.29999999998836,-1.6999,3.4835
57,CC DChg,199.40000000002328,-1.6999,3.4836
57,CC DChg,199.5,-1.6999,3.4835
57,CC DChg,199.59999999997672,-1.6999,3.4835
57,CC DChg,199.70000000001164,-1.6999,3.4835
57,CC DChg,199.79999999998836,-1.6999,3.4835
57,CC DChg,199.90000000002328,-1.6999,3.4835
57,CC DChg,200.0,-1.6999,3.4835
57,CC DChg,200.09999999997672,-1.6999,3.4834
57,CC DChg,200.20000000001164,-1.6999,3.4834
57,CC DChg,200.29999999998836,-1.6999,3.4834
57,CC DChg,200.40000000002328,-1.6999,3.4834
57,CC DChg,200.5,-1.6999,3.4834
57,CC DChg,200.59999999997672,-1.6999,3.4834
57,CC DChg,200.70000000001164,-1.6999,3.4833
57,CC DChg,200.79999999998836,-1.6999,3.4833
57,CC DChg,200.90000000002328,-1.6999,3.4833
57,CC DChg,201.0,-1.6999,3.4833
57,CC DChg,201.09999999997672,-1.6999,3.4832
57,CC DChg,201.20000000001164,-1.6999,3.4832
57,CC DChg,201.29999999998836,-1.6999,3.4832
57,CC DChg,201.40000000002328,-1.6999,3.4833
57,CC DChg,201.5,-1.6999,3.4832
57,CC DChg,201.59999999997672,-1.6999,3.4832
57,CC DChg,201.70000000001164,-1.6999,3.4832
57,CC DChg,201.79999999998836,-1.6999,3.4832
57,CC DChg,201.90000000002328,-1.6999,3.4832
57,CC DChg,202.0,-1.6999,3.4832
57,CC DChg,202.09999999997672,-1.6999,3.4831
57,CC DChg,202.20000000001164,-1.6999,3.4831
57,CC DChg,202.29999999998836,-1.6999,3.4831
57,CC DChg,202.40000000002328,-1.6999,3.4831
57,CC DChg,202.5,-1.6999,3.4831
57,CC DChg,202.59999999997672,-1.6999,3.4831
57,CC DChg,202.70000000001164,-1.6999,3.4831
57,CC DChg,202.79999999998836,-1.6999,3.483
57,CC DChg,202.90000000002328,-1.6999,3.483
57,CC DChg,203.0,-1.6999,3.483
57,CC DChg,203.09999999997672,-1.6999,3.483
57,CC DChg,203.20000000001164,-1.6999,3.483
57,CC DChg,203.29999999998836,-1.6999,3.483
57,CC DChg,203.40000000002328,-1.6999,3.4829
57,CC DChg,203.5,-1.6999,3.4829
57,CC DChg,203.59999999997672,-1.6999,3.4829
57,CC DChg,203.70000000001164,-1.6999,3.4829
57,CC DChg,203.79999999998836,-1.6999,3.4829
57,CC DChg,203.90000000002328,-1.6999,3.4829
57,CC DChg,204.0,-1.6999,3.4829
57,CC DChg,204.09999999997672,-1.6999,3.4828
57,CC DChg,204.20000000001164,-1.6999,3.4828
57,CC DChg,204.29999999998836,-1.6999,3.4828
57,CC DChg,204.40000000002328,-1.6999,3.4828
57,CC DChg,204.5,-1.6999,3.4828
57,CC DChg,204.59999999997672,-1.6999,3.4828
57,CC DChg,204.70000000001164,-1.6999,3.4828
57,CC DChg,204.79999999998836,-1.6999,3.4828
57,CC DChg,204.90000000002328,-1.6999,3.4828
57,CC DChg,205.0,-1.6999,3.4828
57,CC DChg,205.09999999997672,-1.6999,3.4828
57,CC DChg,205.20000000001164,-1.6999,3.4827
57,CC DChg,205.29999999998836,-1.6999,3.4827
57,CC DChg,205.40000000002328,-1.6999,3.4827
57,CC DChg,205.5,-1.6999,3.4827
57,CC DChg,205.59999999997672,-1.6999,3.4827
57,CC DChg,205.70000000001164,-1.6999,3.4827
57,CC DChg,205.79999999998836,-1.6999,3.4826
57,CC DChg,205.90000000002328,-1.6999,3.4826
57,CC DChg,206.0,-1.6999,3.4826
57,CC DChg,206.09999999997672,-1.6999,3.4826
57,CC DChg,206.20000000001164,-1.6999,3.4826
57,CC DChg,206.29999999998836,-1.6999,3.4826
57,CC DChg,206.40000000002328,-1.6999,3.4826
57,CC DChg,206.5,-1.6999,3.4826
57,CC DChg,206.59999999997672,-1.6999,3.4826
57,CC DChg,206.70000000001164,-1.6999,3.4825
57,CC DChg,206.79999999998836,-1.7,3.4825
57,CC DChg,206.90000000002328,-1.7,3.4825
57,CC DChg,207.0,-1.7,3.4825
57,CC DChg,207.09999999997672,-1.7,3.4825
57,CC DChg,207.20000000001164,-1.7,3.4825
57,CC DChg,207.29999999998836,-1.7,3.4825
57,CC DChg,207.40000000002328,-1.7,3.4825
57,CC DChg,207.5,-1.7,3.4824
57,CC DChg,207.59999999997672,-1.7,3.4824
57,CC DChg,207.70000000001164,-1.7,3.4824
57,CC DChg,207.79999999998836,-1.7,3.4824
57,CC DChg,207.90000000002328,-1.7,3.4824
57,CC DChg,208.0,-1.7,3.4824
57,CC DChg,208.09999999997672,-1.7,3.4823
57,CC DChg,208.20000000001164,-1.7,3.4823
57,CC DChg,208.29999999998836,-1.7,3.4823
57,CC DChg,208.40000000002328,-1.7,3.4822
57,CC DChg,208.5,-1.7,3.4823
57,CC DChg,208.59999999997672,-1.7,3.4822
57,CC DChg,208.70000000001164,-1.7,3.4822
57,CC DChg,208.79999999998836,-1.7,3.4822
57,CC DChg,208.90000000002328,-1.7,3.4822
57,CC DChg,209.0,-1.7,3.4822
57,CC DChg,209.09999999997672,-1.7,3.4822
57,CC DChg,209.20000000001164,-1.7,3.4822
57,CC DChg,209.29999999998836,-1.7,3.4821
57,CC DChg,209.40000000002328,-1.7,3.4821
57,CC DChg,209.5,-1.7,3.4821
57,CC DChg,209.59999999997672,-1.7,3.4821
57,CC DChg,209.70000000001164,-1.7,3.4821
57,CC DChg,209.79999999998836,-1.7,3.4821
57,CC DChg,209.90000000002328,-1.7,3.4821
57,CC DChg,210.0,-1.7,3.482
57,CC DChg,210.09999999997672,-1.7,3.482
57,CC DChg,210.20000000001164,-1.7,3.482
57,CC DChg,210.29999999998836,-1.7,3.482
57,CC DChg,210.40000000002328,-1.7,3.482
57,CC DChg,210.5,-1.7,3.4819
57,CC DChg,210.59999999997672,-1.7,3.482
57,CC DChg,210.70000000001164,-1.7,3.4819
57,CC DChg,210.79999999998836,-1.7,3.4819
57,CC DChg,210.90000000002328,-1.7,3.4819
57,CC DChg,211.0,-1.7,3.4819
57,CC DChg,211.09999999997672,-1.7,3.4819
57,CC DChg,211.20000000001164,-1.7,3.4819
57,CC DChg,211.29999999998836,-1.7,3.4819
57,CC DChg,211.40000000002328,-1.7,3.4819
57,CC DChg,211.5,-1.7,3.4818
57,CC DChg,211.59999999997672,-1.7,3.4818
57,CC DChg,211.70000000001164,-1.7,3.4818
57,CC DChg,211.79999999998836,-1.7,3.4818
57,CC DChg,211.90000000002328,-1.7,3.4818
57,CC DChg,212.0,-1.7,3.4817
57,CC DChg,212.09999999997672,-1.7,3.4817
57,CC DChg,212.20000000001164,-1.7,3.4817
57,CC DChg,212.29999999998836,-1.7,3.4817
57,CC DChg,212.40000000002328,-1.7,3.4817
57,CC DChg,212.5,-1.6999,3.4817
57,CC DChg,212.59999999997672,-1.6999,3.4817
57,CC DChg,212.70000000001164,-1.6999,3.4817
57,CC DChg,212.79999999998836,-1.6999,3.4816
57,CC DChg,212.90000000002328,-1.6999,3.4816
57,CC DChg,213.0,-1.6999,3.4816
57,CC DChg,213.09999999997672,-1.6999,3.4816
57,CC DChg,213.20000000001164,-1.6999,3.4816
57,CC DChg,213.29999999998836,-1.6999,3.4816
57,CC DChg,213.40000000002328,-1.6999,3.4815
57,CC DChg,213.5,-1.6999,3.4815
57,CC DChg,213.59999999997672,-1.6999,3.4815
57,CC DChg,213.70000000001164,-1.6999,3.4815
57,CC DChg,213.79999999998836,-1.6999,3.4815
57,CC DChg,213.90000000002328,-1.6999,3.4815
57,CC DChg,214.0,-1.6999,3.4815
57,CC DChg,214.09999999997672,-1.6999,3.4814
57,CC DChg,214.20000000001164,-1.6999,3.4814
57,CC DChg,214.29999999998836,-1.6999,3.4814
57,CC DChg,214.40000000002328,-1.6999,3.4814
57,CC DChg,214.5,-1.6999,3.4814
57,CC DChg,214.59999999997672,-1.6999,3.4814
57,CC DChg,214.70000000001164,-1.6999,3.4814
57,CC DChg,214.79999999998836,-1.6999,3.4813
57,CC DChg,214.90000000002328,-1.6999,3.4813
57,CC DChg,215.0,-1.6999,3.4813
57,CC DChg,215.09999999997672,-1.6999,3.4813
57,CC DChg,215.20000000001164,-1.6999,3.4813
57,CC DChg,215.29999999998836,-1.6999,3.4812
57,CC DChg,215.40000000002328,-1.6999,3.4812
57,CC DChg,215.5,-1.6999,3.4812
57,CC DChg,215.59999999997672,-1.6999,3.4812
57,CC DChg,215.70000000001164,-1.6999,3.4812
57,CC DChg,215.79999999998836,-1.6999,3.4812
57,CC DChg,215.90000000002328,-1.6999,3.4812
57,CC DChg,216.0,-1.6999,3.4812
57,CC DChg,216.09999999997672,-1.6999,3.4812
57,CC DChg,216.20000000001164,-1.6999,3.4812
57,CC DChg,216.29999999998836,-1.6999,3.4811
57,CC DChg,216.40000000002328,-1.6999,3.4811
57,CC DChg,216.5,-1.6999,3.4811
57,CC DChg,216.59999999997672,-1.6999,3.4811
57,CC DChg,216.70000000001164,-1.6999,3.481
57,CC DChg,216.79999999998836,-1.6999,3.481
57,CC DChg,216.90000000002328,-1.6999,3.481
57,CC DChg,217.0,-1.6999,3.481
57,CC DChg,217.09999999997672,-1.6999,3.481
57,CC DChg,217.20000000001164,-1.6999,3.481
57,CC DChg,217.29999999998836,-1.6999,3.481
57,CC DChg,217.40000000002328,-1.6999,3.481
57,CC DChg,217.5,-1.6999,3.481
57,CC DChg,217.59999999997672,-1.6999,3.4809
57,CC DChg,217.70000000001164,-1.6999,3.4809
57,CC DChg,217.79999999998836,-1.6999,3.4809
57,CC DChg,217.90000000002328,-1.6999,3.4809
57,CC DChg,218.0,-1.6999,3.4809
57,CC DChg,218.09999999997672,-1.6999,3.4809
57,CC DChg,218.20000000001164,-1.6999,3.4808
57,CC DChg,218.29999999998836,-1.6999,3.4808
57,CC DChg,218.40000000002328,-1.6999,3.4808
57,CC DChg,218.5,-1.6999,3.4808
57,CC DChg,218.59999999997672,-1.6999,3.4808
57,CC DChg,218.70000000001164,-1.6999,3.4807
57,CC DChg,218.79999999998836,-1.6999,3.4807
57,CC DChg,218.90000000002328,-1.6999,3.4808
57,CC DChg,219.0,-1.6999,3.4808
57,CC DChg,219.09999999997672,-1.6999,3.4808
57,CC DChg,219.20000000001164,-1.6999,3.4807
57,CC DChg,219.29999999998836,-1.6999,3.4807
57,CC DChg,219.40000000002328,-1.6999,3.4807
57,CC DChg,219.5,-1.6999,3.4807
57,CC DChg,219.59999999997672,-1.6999,3.4806
57,CC DChg,219.70000000001164,-1.6999,3.4806
57,CC DChg,219.79999999998836,-1.6999,3.4806
57,CC DChg,219.90000000002328,-1.6999,3.4806
57,CC DChg,220.0,-1.6999,3.4806
57,CC DChg,220.09999999997672,-1.6999,3.4806
57,CC DChg,220.20000000001164,-1.6999,3.4805
57,CC DChg,220.29999999998836,-1.6999,3.4805
57,CC DChg,220.40000000002328,-1.6999,3.4805
57,CC DChg,220.5,-1.6999,3.4805
57,CC DChg,220.59999999997672,-1.6999,3.4805
57,CC DChg,220.70000000001164,-1.6999,3.4805
57,CC DChg,220.79999999998836,-1.6999,3.4805
57,CC DChg,220.90000000002328,-1.6999,3.4805
57,CC DChg,221.0,-1.6999,3.4805
57,CC DChg,221.09999999997672,-1.6999,3.4804
57,CC DChg,221.20000000001164,-1.6999,3.4804
57,CC DChg,221.29999999998836,-1.6999,3.4804
57,CC DChg,221.40000000002328,-1.6999,3.4804
57,CC DChg,221.5,-1.6999,3.4803
57,CC DChg,221.59999999997672,-1.6999,3.4803
57,CC DChg,221.70000000001164,-1.6999,3.4803
57,CC DChg,221.79999999998836,-1.6999,3.4803
57,CC DChg,221.90000000002328,-1.6999,3.4803
57,CC DChg,222.0,-1.6999,3.4803
57,CC DChg,222.09999999997672,-1.6999,3.4803
57,CC DChg,222.20000000001164,-1.6999,3.4803
57,CC DChg,222.29999999998836,-1.6999,3.4802
57,CC DChg,222.40000000002328,-1.6999,3.4802
57,CC DChg,222.5,-1.6999,3.4802
57,CC DChg,222.59999999997672,-1.6999,3.4802
57,CC DChg,222.70000000001164,-1.6999,3.4802
57,CC DChg,222.79999999998836,-1.6999,3.4802
57,CC DChg,222.90000000002328,-1.6999,3.4802
57,CC DChg,223.0,-1.6999,3.4802
57,CC DChg,223.09999999997672,-1.6999,3.4801
57,CC DChg,223.20000000001164,-1.6999,3.4801
57,CC DChg,223.29999999998836,-1.6999,3.4801
57,CC DChg,223.40000000002328,-1.6999,3.4801
57,CC DChg,223.5,-1.6999,3.4801
57,CC DChg,223.59999999997672,-1.6999,3.48
57,CC DChg,223.70000000001164,-1.6999,3.48
57,CC DChg,223.79999999998836,-1.6999,3.48
57,CC DChg,223.90000000002328,-1.6999,3.4799
57,CC DChg,224.0,-1.6999,3.48
57,CC DChg,224.09999999997672,-1.6999,3.48
57,CC DChg,224.20000000001164,-1.6999,3.4799
57,CC DChg,224.29999999998836,-1.6999,3.4799
57,CC DChg,224.40000000002328,-1.6999,3.4799
57,CC DChg,224.5,-1.6999,3.4799
57,CC DChg,224.59999999997672,-1.6999,3.4799
57,CC DChg,224.70000000001164,-1.6999,3.4799
57,CC DChg,224.79999999998836,-1.6999,3.4799
57,CC DChg,224.90000000002328,-1.6999,3.4798
57,CC DChg,225.0,-1.6999,3.4798
57,CC DChg,225.09999999997672,-1.6999,3.4798
57,CC DChg,225.20000000001164,-1.6999,3.4798
57,CC DChg,225.29999999998836,-1.6999,3.4798
57,CC DChg,225.40000000002328,-1.6999,3.4797
57,CC DChg,225.5,-1.6999,3.4797
57,CC DChg,225.59999999997672,-1.6999,3.4797
57,CC DChg,225.70000000001164,-1.6999,3.4797
57,CC DChg,225.79999999998836,-1.6999,3.4797
57,CC DChg,225.90000000002328,-1.6999,3.4797
57,CC DChg,226.0,-1.6999,3.4797
57,CC DChg,226.09999999997672,-1.6999,3.4796
57,CC DChg,226.20000000001164,-1.6999,3.4796
57,CC DChg,226.29999999998836,-1.6999,3.4796
57,CC DChg,226.40000000002328,-1.6999,3.4796
57,CC DChg,226.5,-1.6999,3.4796
57,CC DChg,226.59999999997672,-1.6999,3.4796
57,CC DChg,226.70000000001164,-1.6999,3.4795
57,CC DChg,226.79999999998836,-1.6999,3.4795
57,CC DChg,226.90000000002328,-1.6999,3.4796
57,CC DChg,227.0,-1.6999,3.4796
57,CC DChg,227.09999999997672,-1.6999,3.4795
57,CC DChg,227.20000000001164,-1.6999,3.4795
57,CC DChg,227.29999999998836,-1.6999,3.4795
57,CC DChg,227.40000000002328,-1.6999,3.4795
57,CC DChg,227.5,-1.6999,3.4794
57,CC DChg,227.59999999997672,-1.6999,3.4794
57,CC DChg,227.70000000001164,-1.6999,3.4794
57,CC DChg,227.79999999998836,-1.6999,3.4794
57,CC DChg,227.90000000002328,-1.6999,3.4794
57,CC DChg,228.0,-1.6999,3.4794
57,CC DChg,228.09999999997672,-1.6999,3.4794
57,CC DChg,228.20000000001164,-1.6999,3.4794
57,CC DChg,228.29999999998836,-1.6999,3.4793
57,CC DChg,228.40000000002328,-1.6999,3.4793
57,CC DChg,228.5,-1.6999,3.4793
57,CC DChg,228.59999999997672,-1.6999,3.4793
57,CC DChg,228.70000000001164,-1.6999,3.4793
57,CC DChg,228.79999999998836,-1.6999,3.4792
57,CC DChg,228.90000000002328,-1.6999,3.4793
57,CC DChg,229.0,-1.6999,3.4792
57,CC DChg,229.09999999997672,-1.6999,3.4792
57,CC DChg,229.20000000001164,-1.6999,3.4792
57,CC DChg,229.29999999998836,-1.6999,3.4792
57,CC DChg,229.40000000002328,-1.6999,3.4791
57,CC DChg,229.5,-1.6999,3.4791
57,CC DChg,229.59999999997672,-1.6999,3.4791
57,CC DChg,229.70000000001164,-1.6999,3.4791
57,CC DChg,229.79999999998836,-1.6999,3.4791
57,CC DChg,229.90000000002328,-1.6999,3.4791
57,CC DChg,230.0,-1.6999,3.4791
57,CC DChg,230.09999999997672,-1.6999,3.4791
57,CC DChg,230.20000000001164,-1.6999,3.4791
57,CC DChg,230.29999999998836,-1.6999,3.4791
57,CC DChg,230.40000000002328,-1.6999,3.4791
57,CC DChg,230.5,-1.6999,3.479
57,CC DChg,230.59999999997672,-1.6999,3.479
57,CC DChg,230.70000000001164,-1.6999,3.479
57,CC DChg,230.79999999998836,-1.6999,3.479
57,CC DChg,230.90000000002328,-1.6999,3.4789
57,CC DChg,231.0,-1.6999,3.4789
57,CC DChg,231.09999999997672,-1.6999,3.4789
57,CC DChg,231.20000000001164,-1.6999,3.4789
57,CC DChg,231.29999999998836,-1.6999,3.4789
57,CC DChg,231.40000000002328,-1.6999,3.4789
57,CC DChg,231.5,-1.6999,3.4788
57,CC DChg,231.59999999997672,-1.6999,3.4789
57,CC DChg,231.70000000001164,-1.6999,3.4788
57,CC DChg,231.79999999998836,-1.6999,3.4788
57,CC DChg,231.90000000002328,-1.6999,3.4788
57,CC DChg,232.0,-1.6999,3.4788
57,CC DChg,232.09999999997672,-1.6999,3.4788
57,CC DChg,232.20000000001164,-1.6999,3.4788
57,CC DChg,232.29999999998836,-1.6999,3.4787
57,CC DChg,232.40000000002328,-1.6999,3.4787
57,CC DChg,232.5,-1.6999,3.4787
57,CC DChg,232.59999999997672,-1.6999,3.4787
57,CC DChg,232.70000000001164,-1.6999,3.4787
57,CC DChg,232.79999999998836,-1.6999,3.4786
57,CC DChg,232.90000000002328,-1.6999,3.4786
57,CC DChg,233.0,-1.6999,3.4786
57,CC DChg,233.09999999997672,-1.6999,3.4786
57,CC DChg,233.20000000001164,-1.6999,3.4786
57,CC DChg,233.29999999998836,-1.6999,3.4786
57,CC DChg,233.40000000002328,-1.6999,3.4786
57,CC DChg,233.5,-1.6999,3.4786
57,CC DChg,233.59999999997672,-1.6999,3.4786
57,CC DChg,233.70000000001164,-1.6999,3.4785
57,CC DChg,233.79999999998836,-1.6999,3.4785
57,CC DChg,233.90000000002328,-1.6999,3.4785
57,CC DChg,234.0,-1.6999,3.4785
57,CC DChg,234.09999999997672,-1.6999,3.4785
57,CC DChg,234.20000000001164,-1.6999,3.4785
57,CC DChg,234.29999999998836,-1.6999,3.4785
57,CC DChg,234.40000000002328,-1.6999,3.4784
57,CC DChg,234.5,-1.6999,3.4784
57,CC DChg,234.59999999997672,-1.6999,3.4784
57,CC DChg,234.70000000001164,-1.6999,3.4784
57,CC DChg,234.79999999998836,-1.6999,3.4784
57,CC DChg,234.90000000002328,-1.6999,3.4784
57,CC DChg,235.0,-1.6999,3.4784
57,CC DChg,235.09999999997672,-1.6999,3.4783
57,CC DChg,235.20000000001164,-1.6999,3.4783
57,CC DChg,235.29999999998836,-1.6999,3.4783
57,CC DChg,235.40000000002328,-1.6999,3.4783
57,CC DChg,235.5,-1.6999,3.4783
57,CC DChg,235.59999999997672,-1.6999,3.4783
57,CC DChg,235.70000000001164,-1.6999,3.4783
57,CC DChg,235.79999999998836,-1.6999,3.4782
57,CC DChg,235.90000000002328,-1.6999,3.4782
57,CC DChg,236.0,-1.6999,3.4782
57,CC DChg,236.09999999997672,-1.6999,3.4782
57,CC DChg,236.20000000001164,-1.6999,3.4782
57,CC DChg,236.29999999998836,-1.6999,3.4782
57,CC DChg,236.40000000002328,-1.6999,3.4782
57,CC DChg,236.5,-1.6999,3.4781
57,CC DChg,236.59999999997672,-1.6999,3.4781
57,CC DChg,236.70000000001164,-1.6999,3.4781
57,CC DChg,236.79999999998836,-1.6999,3.4781
57,CC DChg,236.90000000002328,-1.6999,3.4781
57,CC DChg,237.0,-1.6999,3.478
57,CC DChg,237.09999999997672,-1.6999,3.4781
57,CC DChg,237.20000000001164,-1.6999,3.478
57,CC DChg,237.29999999998836,-1.6999,3.478
57,CC DChg,237.40000000002328,-1.6999,3.478
57,CC DChg,237.5,-1.6999,3.478
57,CC DChg,237.59999999997672,-1.6999,3.478
57,CC DChg,237.70000000001164,-1.6999,3.478
57,CC DChg,237.79999999998836,-1.6999,3.478
57,CC DChg,237.90000000002328,-1.6999,3.478
57,CC DChg,238.0,-1.6999,3.4779
57,CC DChg,238.09999999997672,-1.6999,3.4779
57,CC DChg,238.20000000001164,-1.6999,3.4779
57,CC DChg,238.29999999998836,-1.6999,3.4779
57,CC DChg,238.40000000002328,-1.6999,3.4778
57,CC DChg,238.5,-1.6999,3.4778
57,CC DChg,238.59999999997672,-1.6999,3.4778
57,CC DChg,238.70000000001164,-1.6999,3.4778
57,CC DChg,238.79999999998836,-1.6999,3.4778
57,CC DChg,238.90000000002328,-1.6999,3.4778
57,CC DChg,239.0,-1.6999,3.4777
57,CC DChg,239.09999999997672,-1.6999,3.4777
57,CC DChg,239.20000000001164,-1.6999,3.4778
57,CC DChg,239.29999999998836,-1.6999,3.4778
57,CC DChg,239.40000000002328,-1.6999,3.4777
57,CC DChg,239.5,-1.6999,3.4777
57,CC DChg,239.59999999997672,-1.6999,3.4777
57,CC DChg,239.70000000001164,-1.6999,3.4777
57,CC DChg,239.79999999998836,-1.6999,3.4777
57,CC DChg,239.90000000002328,-1.6999,3.4776
57,CC DChg,240.0,-1.6999,3.4776
57,CC DChg,240.09999999997672,-1.6999,3.4776
57,CC DChg,240.20000000001164,-1.6999,3.4776
57,CC DChg,240.29999999998836,-1.6999,3.4776
57,CC DChg,240.40000000002328,-1.6999,3.4776
57,CC DChg,240.5,-1.6999,3.4776
57,CC DChg,240.59999999997672,-1.6999,3.4775
57,CC DChg,240.70000000001164,-1.6999,3.4775
57,CC DChg,240.79999999998836,-1.6999,3.4775
57,CC DChg,240.90000000002328,-1.6999,3.4775
57,CC DChg,241.0,-1.6999,3.4775
57,CC DChg,241.09999999997672,-1.6999,3.4775
57,CC DChg,241.20000000001164,-1.6999,3.4775
57,CC DChg,241.29999999998836,-1.6999,3.4774
57,CC DChg,241.40000000002328,-1.6999,3.4774
57,CC DChg,241.5,-1.6999,3.4775
57,CC DChg,241.59999999997672,-1.6999,3.4774
57,CC DChg,241.70000000001164,-1.6999,3.4774
57,CC DChg,241.79999999998836,-1.6999,3.4774
57,CC DChg,241.90000000002328,-1.6999,3.4773
57,CC DChg,242.0,-1.6999,3.4773
57,CC DChg,242.09999999997672,-1.6999,3.4773
57,CC DChg,242.20000000001164,-1.6999,3.4773
57,CC DChg,242.29999999998836,-1.6999,3.4773
57,CC DChg,242.40000000002328,-1.6999,3.4773
57,CC DChg,242.5,-1.6999,3.4772
57,CC DChg,242.59999999997672,-1.6999,3.4773
57,CC DChg,242.70000000001164,-1.6999,3.4773
57,CC DChg,242.79999999998836,-1.6999,3.4773
57,CC DChg,242.90000000002328,-1.6999,3.4772
57,CC DChg,243.0,-1.6999,3.4772
57,CC DChg,243.09999999997672,-1.6999,3.4772
57,CC DChg,243.20000000001164,-1.6999,3.4771
57,CC DChg,243.29999999998836,-1.6999,3.4772
57,CC DChg,243.40000000002328,-1.6999,3.4772
57,CC DChg,243.5,-1.6999,3.4771
57,CC DChg,243.59999999997672,-1.6999,3.4771
57,CC DChg,243.70000000001164,-1.6999,3.4771
57,CC DChg,243.79999999998836,-1.6999,3.4771
57,CC DChg,243.90000000002328,-1.6999,3.4771
57,CC DChg,244.0,-1.6999,3.4771
57,CC DChg,244.09999999997672,-1.6999,3.477
57,CC DChg,244.20000000001164,-1.6999,3.477
57,CC DChg,244.29999999998836,-1.6999,3.477
57,CC DChg,244.40000000002328,-1.6999,3.477
57,CC DChg,244.5,-1.6999,3.477
57,CC DChg,244.59999999997672,-1.6999,3.477
57,CC DChg,244.70000000001164,-1.6999,3.4769
57,CC DChg,244.79999999998836,-1.6999,3.4769
57,CC DChg,244.90000000002328,-1.6999,3.4769
57,CC DChg,245.0,-1.6999,3.4769
57,CC DChg,245.09999999997672,-1.6999,3.4769
57,CC DChg,245.20000000001164,-1.6999,3.4769
57,CC DChg,245.29999999998836,-1.6999,3.4769
57,CC DChg,245.40000000002328,-1.6999,3.4769
57,CC DChg,245.5,-1.6999,3.4769
57,CC DChg,245.59999999997672,-1.6999,3.4768
57,CC DChg,245.70000000001164,-1.6999,3.4768
57,CC DChg,245.79999999998836,-1.6999,3.4768
57,CC DChg,245.90000000002328,-1.6999,3.4768
57,CC DChg,246.0,-1.6999,3.4768
57,CC DChg,246.09999999997672,-1.6999,3.4768
57,CC DChg,246.20000000001164,-1.6999,3.4768
57,CC DChg,246.29999999998836,-1.6999,3.4768
57,CC DChg,246.40000000002328,-1.6999,3.4767
57,CC DChg,246.5,-1.6999,3.4767
57,CC DChg,246.59999999997672,-1.6999,3.4767
57,CC DChg,246.70000000001164,-1.6999,3.4767
57,CC DChg,246.79999999998836,-1.6999,3.4766
57,CC DChg,246.90000000002328,-1.6999,3.4766
57,CC DChg,247.0,-1.6999,3.4767
57,CC DChg,247.09999999997672,-1.6999,3.4766
57,CC DChg,247.20000000001164,-1.6999,3.4766
57,CC DChg,247.29999999998836,-1.6999,3.4765
57,CC DChg,247.40000000002328,-1.6999,3.4765
57,CC DChg,247.5,-1.6999,3.4765
57,CC DChg,247.59999999997672,-1.6999,3.4765
57,CC DChg,247.70000000001164,-1.6999,3.4765
57,CC DChg,247.79999999998836,-1.6999,3.4765
57,CC DChg,247.90000000002328,-1.6999,3.4765
57,CC DChg,248.0,-1.6999,3.4765
57,CC DChg,248.09999999997672,-1.6999,3.4765
57,CC DChg,248.20000000001164,-1.6999,3.4764
57,CC DChg,248.29999999998836,-1.6999,3.4764
57,CC DChg,248.40000000002328,-1.6999,3.4764
57,CC DChg,248.5,-1.6999,3.4764
57,CC DChg,248.59999999997672,-1.6999,3.4764
57,CC DChg,248.70000000001164,-1.6999,3.4764
57,CC DChg,248.79999999998836,-1.6999,3.4764
57,CC DChg,248.90000000002328,-1.6999,3.4764
57,CC DChg,249.0,-1.6999,3.4763
57,CC DChg,249.09999999997672,-1.6999,3.4763
57,CC DChg,249.20000000001164,-1.6999,3.4763
57,CC DChg,249.29999999998836,-1.6999,3.4763
57,CC DChg,249.40000000002328,-1.6999,3.4762
57,CC DChg,249.5,-1.6999,3.4762
57,CC DChg,249.59999999997672,-1.6999,3.4762
57,CC DChg,249.70000000001164,-1.6999,3.4762
57,CC DChg,249.79999999998836,-1.6999,3.4762
57,CC DChg,249.90000000002328,-1.6999,3.4761
57,CC DChg,250.0,-1.6999,3.4762
57,CC DChg,250.09999999997672,-1.6999,3.4762
57,CC DChg,250.20000000001164,-1.6999,3.4762
57,CC DChg,250.29999999998836,-1.6999,3.4762
57,CC DChg,250.40000000002328,-1.6999,3.4761
57,CC DChg,250.5,-1.6999,3.4761
57,CC DChg,250.59999999997672,-1.6999,3.4761
57,CC DChg,250.70000000001164,-1.6999,3.4761
57,CC DChg,250.79999999998836,-1.6999,3.4761
57,CC DChg,250.90000000002328,-1.6999,3.4761
57,CC DChg,251.0,-1.6999,3.476
57,CC DChg,251.09999999997672,-1.6999,3.476
57,CC DChg,251.20000000001164,-1.6999,3.476
57,CC DChg,251.29999999998836,-1.6999,3.476
57,CC DChg,251.40000000002328,-1.6999,3.476
57,CC DChg,251.5,-1.6999,3.476
57,CC DChg,251.59999999997672,-1.6999,3.476
57,CC DChg,251.70000000001164,-1.6999,3.476
57,CC DChg,251.79999999998836,-1.6999,3.4759
57,CC DChg,251.90000000002328,-1.6999,3.4759
57,CC DChg,252.0,-1.6999,3.4759
57,CC DChg,252.09999999997672,-1.6999,3.4759
57,CC DChg,252.20000000001164,-1.6999,3.4759
57,CC DChg,252.29999999998836,-1.6999,3.4758
57,CC DChg,252.40000000002328,-1.6999,3.4758
57,CC DChg,252.5,-1.6999,3.4758
57,CC DChg,252.59999999997672,-1.6999,3.4758
57,CC DChg,252.70000000001164,-1.6999,3.4758
57,CC DChg,252.79999999998836,-1.6999,3.4758
57,CC DChg,252.90000000002328,-1.6999,3.4757
57,CC DChg,253.0,-1.6999,3.4757
57,CC DChg,253.09999999997672,-1.6999,3.4757
57,CC DChg,253.20000000001164,-1.6999,3.4757
57,CC DChg,253.29999999998836,-1.6999,3.4757
57,CC DChg,253.40000000002328,-1.6999,3.4757
57,CC DChg,253.5,-1.6999,3.4757
57,CC DChg,253.59999999997672,-1.6999,3.4756
57,CC DChg,253.70000000001164,-1.6999,3.4756
57,CC DChg,253.79999999998836,-1.6999,3.4756
57,CC DChg,253.90000000002328,-1.6999,3.4756
57,CC DChg,254.0,-1.6999,3.4756
57,CC DChg,254.09999999997672,-1.6999,3.4756
57,CC DChg,254.20000000001164,-1.6999,3.4756
57,CC DChg,254.29999999998836,-1.6999,3.4756
57,CC DChg,254.40000000002328,-1.6999,3.4756
57,CC DChg,254.5,-1.6999,3.4755
57,CC DChg,254.59999999997672,-1.6999,3.4755
57,CC DChg,254.70000000001164,-1.6999,3.4755
57,CC DChg,254.79999999998836,-1.6999,3.4755
57,CC DChg,254.90000000002328,-1.6999,3.4755
57,CC DChg,255.0,-1.6999,3.4755
57,CC DChg,255.09999999997672,-1.6999,3.4754
57,CC DChg,255.20000000001164,-1.6999,3.4754
57,CC DChg,255.29999999998836,-1.6999,3.4754
57,CC DChg,255.40000000002328,-1.6999,3.4754
57,CC DChg,255.5,-1.6999,3.4754
57,CC DChg,255.59999999997672,-1.6999,3.4754
57,CC DChg,255.70000000001164,-1.6999,3.4754
57,CC DChg,255.79999999998836,-1.6999,3.4754
57,CC DChg,255.90000000002328,-1.6999,3.4753
57,CC DChg,256.0,-1.6999,3.4753
57,CC DChg,256.0999999999767,-1.6999,3.4753
57,CC DChg,256.20000000001164,-1.6999,3.4753
57,CC DChg,256.29999999998836,-1.6999,3.4753
57,CC DChg,256.4000000000233,-1.6999,3.4753
57,CC DChg,256.5,-1.6999,3.4752
57,CC DChg,256.5999999999767,-1.6999,3.4752
57,CC DChg,256.70000000001164,-1.6999,3.4752
57,CC DChg,256.79999999998836,-1.6999,3.4752
57,CC DChg,256.9000000000233,-1.6999,3.4752
57,CC DChg,257.0,-1.6999,3.4752
57,CC DChg,257.0999999999767,-1.6999,3.4752
57,CC DChg,257.20000000001164,-1.6999,3.4752
57,CC DChg,257.29999999998836,-1.6999,3.4751
57,CC DChg,257.4000000000233,-1.6999,3.4751
57,CC DChg,257.5,-1.6999,3.4751
57,CC DChg,257.5999999999767,-1.6999,3.4751
57,CC DChg,257.70000000001164,-1.6999,3.4751
57,CC DChg,257.79999999998836,-1.6999,3.4751
57,CC DChg,257.9000000000233,-1.6999,3.4751
57,CC DChg,258.0,-1.6999,3.475
57,CC DChg,258.0999999999767,-1.6999,3.475
57,CC DChg,258.20000000001164,-1.6999,3.475
57,CC DChg,258.29999999998836,-1.6999,3.475
57,CC DChg,258.4000000000233,-1.6999,3.475
57,CC DChg,258.5,-1.6999,3.475
57,CC DChg,258.5999999999767,-1.6999,3.475
57,CC DChg,258.70000000001164,-1.6999,3.475
57,CC DChg,258.79999999998836,-1.6999,3.4749
57,CC DChg,258.9000000000233,-1.6999,3.4749
57,CC DChg,259.0,-1.6999,3.4749
57,CC DChg,259.0999999999767,-1.6999,3.4749
57,CC DChg,259.20000000001164,-1.6999,3.4749
57,CC DChg,259.29999999998836,-1.6999,3.4748
57,CC DChg,259.4000000000233,-1.6999,3.4748
57,CC DChg,259.5,-1.6999,3.4749
57,CC DChg,259.5999999999767,-1.6999,3.4748
57,CC DChg,259.70000000001164,-1.6999,3.4748
57,CC DChg,259.79999999998836,-1.6999,3.4748
57,CC DChg,259.9000000000233,-1.6999,3.4748
57,CC DChg,260.0,-1.6999,3.4748
57,CC DChg,260.0999999999767,-1.6999,3.4747
57,CC DChg,260.20000000001164,-1.6999,3.4748
57,CC DChg,260.29999999998836,-1.6999,3.4748
57,CC DChg,260.4000000000233,-1.6999,3.4747
57,CC DChg,260.5,-1.6999,3.4747
57,CC DChg,260.5999999999767,-1.6999,3.4747
57,CC DChg,260.70000000001164,-1.6999,3.4747
57,CC DChg,260.79999999998836,-1.6999,3.4747
57,CC DChg,260.9000000000233,-1.6999,3.4747
57,CC DChg,261.0,-1.6999,3.4746
57,CC DChg,261.0999999999767,-1.6999,3.4746
57,CC DChg,261.20000000001164,-1.6999,3.4746
57,CC DChg,261.29999999998836,-1.6999,3.4746
57,CC DChg,261.4000000000233,-1.6999,3.4746
57,CC DChg,261.5,-1.6999,3.4746
57,CC DChg,261.5999999999767,-1.6999,3.4746
57,CC DChg,261.70000000001164,-1.6999,3.4745
57,CC DChg,261.79999999998836,-1.6999,3.4745
57,CC DChg,261.9000000000233,-1.6999,3.4745
57,CC DChg,262.0,-1.6999,3.4745
57,CC DChg,262.0999999999767,-1.6999,3.4745
57,CC DChg,262.20000000001164,-1.6999,3.4745
57,CC DChg,262.29999999998836,-1.6999,3.4744
57,CC DChg,262.4000000000233,-1.6999,3.4744
57,CC DChg,262.5,-1.6999,3.4744
57,CC DChg,262.5999999999767,-1.6999,3.4744
57,CC DChg,262.70000000001164,-1.6999,3.4744
57,CC DChg,262.79999999998836,-1.6999,3.4744
57,CC DChg,262.9000000000233,-1.6999,3.4744
57,CC DChg,263.0,-1.6999,3.4744
57,CC DChg,263.0999999999767,-1.6999,3.4743
57,CC DChg,263.20000000001164,-1.6999,3.4743
57,CC DChg,263.29999999998836,-1.6999,3.4743
57,CC DChg,263.4000000000233,-1.6999,3.4743
57,CC DChg,263.5,-1.6999,3.4743
57,CC DChg,263.5999999999767,-1.6999,3.4742
57,CC DChg,263.70000000001164,-1.6999,3.4742
57,CC DChg,263.79999999998836,-1.6999,3.4742
57,CC DChg,263.9000000000233,-1.6999,3.4742
57,CC DChg,264.0,-1.6999,3.4742
57,CC DChg,264.0999999999767,-1.6999,3.4742
57,CC DChg,264.20000000001164,-1.6999,3.4742
57,CC DChg,264.29999999998836,-1.6999,3.4742
57,CC DChg,264.4000000000233,-1.6999,3.4741
57,CC DChg,264.5,-1.6999,3.4741
57,CC DChg,264.5999999999767,-1.6999,3.4741
57,CC DChg,264.70000000001164,-1.6999,3.4741
57,CC DChg,264.79999999998836,-1.6999,3.4741
57,CC DChg,264.9000000000233,-1.6999,3.4741
57,CC DChg,265.0,-1.6999,3.474
57,CC DChg,265.0999999999767,-1.6999,3.474
57,CC DChg,265.20000000001164,-1.6999,3.474
57,CC DChg,265.29999999998836,-1.6999,3.474
57,CC DChg,265.4000000000233,-1.6999,3.474
57,CC DChg,265.5,-1.6999,3.474
57,CC DChg,265.5999999999767,-1.6999,3.474
57,CC DChg,265.70000000001164,-1.6999,3.474
57,CC DChg,265.79999999998836,-1.6999,3.4739
57,CC DChg,265.9000000000233,-1.6999,3.4739
57,CC DChg,266.0,-1.6999,3.4739
57,CC DChg,266.0999999999767,-1.6999,3.4739
57,CC DChg,266.20000000001164,-1.6999,3.4739
57,CC DChg,266.29999999998836,-1.6999,3.4738
57,CC DChg,266.4000000000233,-1.6999,3.4738
57,CC DChg,266.5,-1.6999,3.4738
57,CC DChg,266.5999999999767,-1.6999,3.4738
57,CC DChg,266.70000000001164,-1.6999,3.4738
57,CC DChg,266.79999999998836,-1.6999,3.4738
57,CC DChg,266.9000000000233,-1.6999,3.4738
57,CC DChg,267.0,-1.6999,3.4737
57,CC DChg,267.0999999999767,-1.6999,3.4737
57,CC DChg,267.20000000001164,-1.6999,3.4737
57,CC DChg,267.29999999998836,-1.6999,3.4737
57,CC DChg,267.4000000000233,-1.6999,3.4737
57,CC DChg,267.5,-1.6999,3.4736
57,CC DChg,267.5999999999767,-1.6999,3.4736
57,CC DChg,267.70000000001164,-1.6999,3.4736
57,CC DChg,267.79999999998836,-1.6999,3.4736
57,CC DChg,267.9000000000233,-1.6999,3.4736
57,CC DChg,268.0,-1.6999,3.4736
57,CC DChg,268.0999999999767,-1.6999,3.4736
57,CC DChg,268.20000000001164,-1.6999,3.4735
57,CC DChg,268.29999999998836,-1.6999,3.4735
57,CC DChg,268.4000000000233,-1.6999,3.4735
57,CC DChg,268.5,-1.6999,3.4735
57,CC DChg,268.5999999999767,-1.6999,3.4734
57,CC DChg,268.70000000001164,-1.6999,3.4735
57,CC DChg,268.79999999998836,-1.6999,3.4734
57,CC DChg,268.9000000000233,-1.6999,3.4734
57,CC DChg,269.0,-1.6999,3.4734
57,CC DChg,269.0999999999767,-1.6999,3.4734
57,CC DChg,269.20000000001164,-1.6999,3.4734
57,CC DChg,269.29999999998836,-1.6999,3.4733
57,CC DChg,269.4000000000233,-1.6999,3.4733
57,CC DChg,269.5,-1.6999,3.4733
57,CC DChg,269.5999999999767,-1.6999,3.4733
57,CC DChg,269.70000000001164,-1.6999,3.4733
57,CC DChg,269.79999999998836,-1.6999,3.4733
57,CC DChg,269.9000000000233,-1.6999,3.4733
57,CC DChg,270.0,-1.6999,3.4733
57,CC DChg,270.0999999999767,-1.6999,3.4733
57,CC DChg,270.20000000001164,-1.6999,3.4733
57,CC DChg,270.29999999998836,-1.6999,3.4732
57,CC DChg,270.4000000000233,-1.6999,3.4732
57,CC DChg,270.5,-1.6999,3.4732
57,CC DChg,270.5999999999767,-1.6999,3.4732
57,CC DChg,270.70000000001164,-1.6999,3.4732
57,CC DChg,270.79999999998836,-1.6999,3.4732
57,CC DChg,270.9000000000233,-1.6999,3.4732
57,CC DChg,271.0,-1.6999,3.4731
57,CC DChg,271.0999999999767,-1.6999,3.4731
57,CC DChg,271.20000000001164,-1.6999,3.4731
57,CC DChg,271.29999999998836,-1.6999,3.4731
57,CC DChg,271.4000000000233,-1.6999,3.4731
57,CC DChg,271.5,-1.6999,3.4731
57,CC DChg,271.5999999999767,-1.6999,3.473
57,CC DChg,271.70000000001164,-1.6999,3.473
57,CC DChg,271.79999999998836,-1.6999,3.473
57,CC DChg,271.9000000000233,-1.6999,3.473
57,CC DChg,272.0,-1.6999,3.473
57,CC DChg,272.0999999999767,-1.6999,3.473
57,CC DChg,272.20000000001164,-1.6999,3.473
57,CC DChg,272.29999999998836,-1.6999,3.473
57,CC DChg,272.4000000000233,-1.6999,3.473
57,CC DChg,272.5,-1.6999,3.4729
57,CC DChg,272.5999999999767,-1.6999,3.4729
57,CC DChg,272.70000000001164,-1.6999,3.4729
57,CC DChg,272.79999999998836,-1.6999,3.4729
57,CC DChg,272.9000000000233,-1.6999,3.4729
57,CC DChg,273.0,-1.6999,3.4728
57,CC DChg,273.0999999999767,-1.6999,3.4728
57,CC DChg,273.20000000001164,-1.6999,3.4728
57,CC DChg,273.29999999998836,-1.6999,3.4728
57,CC DChg,273.4000000000233,-1.6999,3.4728
57,CC DChg,273.5,-1.6999,3.4728
57,CC DChg,273.5999999999767,-1.6999,3.4728
57,CC DChg,273.70000000001164,-1.6999,3.4727
57,CC DChg,273.79999999998836,-1.6999,3.4727
57,CC DChg,273.9000000000233,-1.6999,3.4727
57,CC DChg,274.0,-1.6999,3.4726
57,CC DChg,274.0999999999767,-1.6999,3.4727
57,CC DChg,274.20000000001164,-1.6999,3.4727
57,CC DChg,274.29999999998836,-1.6999,3.4727
57,CC DChg,274.4000000000233,-1.6999,3.4726
57,CC DChg,274.5,-1.6999,3.4726
57,CC DChg,274.5999999999767,-1.6999,3.4726
57,CC DChg,274.70000000001164,-1.6999,3.4726
57,CC DChg,274.79999999998836,-1.6999,3.4726
57,CC DChg,274.9000000000233,-1.6999,3.4725
57,CC DChg,275.0,-1.6999,3.4725
57,CC DChg,275.0999999999767,-1.6999,3.4725
57,CC DChg,275.20000000001164,-1.6999,3.4725
57,CC DChg,275.29999999998836,-1.6999,3.4725
57,CC DChg,275.4000000000233,-1.6999,3.4725
57,CC DChg,275.5,-1.6999,3.4725
57,CC DChg,275.5999999999767,-1.6999,3.4725
57,CC DChg,275.70000000001164,-1.6999,3.4725
57,CC DChg,275.79999999998836,-1.6999,3.4724
57,CC DChg,275.9000000000233,-1.6999,3.4724
57,CC DChg,276.0,-1.6999,3.4724
57,CC DChg,276.0999999999767,-1.6999,3.4724
57,CC DChg,276.20000000001164,-1.6999,3.4724
57,CC DChg,276.29999999998836,-1.6999,3.4724
57,CC DChg,276.4000000000233,-1.6999,3.4724
57,CC DChg,276.5,-1.6999,3.4723
57,CC DChg,276.5999999999767,-1.6999,3.4723
57,CC DChg,276.70000000001164,-1.6999,3.4723
57,CC DChg,276.79999999998836,-1.6999,3.4723
57,CC DChg,276.9000000000233,-1.6999,3.4723
57,CC DChg,277.0,-1.6999,3.4723
57,CC DChg,277.0999999999767,-1.6999,3.4723
57,CC DChg,277.20000000001164,-1.6999,3.4723
57,CC DChg,277.29999999998836,-1.6999,3.4722
57,CC DChg,277.4000000000233,-1.6999,3.4722
57,CC DChg,277.5,-1.6999,3.4722
57,CC DChg,277.5999999999767,-1.6999,3.4722
57,CC DChg,277.70000000001164,-1.6999,3.4722
57,CC DChg,277.79999999998836,-1.6999,3.4721
57,CC DChg,277.9000000000233,-1.6999,3.4721
57,CC DChg,278.0,-1.6999,3.4721
57,CC DChg,278.0999999999767,-1.6999,3.4721
57,CC DChg,278.20000000001164,-1.6999,3.4721
57,CC DChg,278.29999999998836,-1.6999,3.4721
57,CC DChg,278.4000000000233,-1.6999,3.472
57,CC DChg,278.5,-1.6999,3.472
57,CC DChg,278.5999999999767,-1.6999,3.472
57,CC DChg,278.70000000001164,-1.6999,3.472
57,CC DChg,278.79999999998836,-1.6999,3.472
57,CC DChg,278.9000000000233,-1.6999,3.472
57,CC DChg,279.0,-1.6999,3.472
57,CC DChg,279.0999999999767,-1.6999,3.4719
57,CC DChg,279.20000000001164,-1.6999,3.472
57,CC DChg,279.29999999998836,-1.6999,3.4719
57,CC DChg,279.4000000000233,-1.6999,3.4719
57,CC DChg,279.5,-1.6999,3.4719
57,CC DChg,279.5999999999767,-1.6999,3.4719
57,CC DChg,279.70000000001164,-1.6999,3.4719
57,CC DChg,279.79999999998836,-1.6999,3.4719
57,CC DChg,279.9000000000233,-1.6999,3.4718
57,CC DChg,280.0,-1.6999,3.4718
57,CC DChg,280.0999999999767,-1.6999,3.4718
57,CC DChg,280.20000000001164,-1.6999,3.4718
57,CC DChg,280.29999999998836,-1.6999,3.4718
57,CC DChg,280.4000000000233,-1.6999,3.4717
57,CC DChg,280.5,-1.6999,3.4717
57,CC DChg,280.5999999999767,-1.6999,3.4717
57,CC DChg,280.70000000001164,-1.6999,3.4717
57,CC DChg,280.79999999998836,-1.6999,3.4717
57,CC DChg,280.9000000000233,-1.6999,3.4717
57,CC DChg,281.0,-1.6999,3.4717
57,CC DChg,281.0999999999767,-1.6999,3.4717
57,CC DChg,281.20000000001164,-1.6999,3.4717
57,CC DChg,281.29999999998836,-1.6999,3.4716
57,CC DChg,281.4000000000233,-1.6999,3.4716
57,CC DChg,281.5,-1.6999,3.4716
57,CC DChg,281.5999999999767,-1.6999,3.4716
57,CC DChg,281.70000000001164,-1.6999,3.4716
57,CC DChg,281.79999999998836,-1.6999,3.4716
57,CC DChg,281.9000000000233,-1.6999,3.4715
57,CC DChg,282.0,-1.6999,3.4716
57,CC DChg,282.0999999999767,-1.6999,3.4716
57,CC DChg,282.20000000001164,-1.6999,3.4715
57,CC DChg,282.29999999998836,-1.6999,3.4715
57,CC DChg,282.4000000000233,-1.6999,3.4715
57,CC DChg,282.5,-1.6999,3.4715
57,CC DChg,282.5999999999767,-1.6999,3.4715
57,CC DChg,282.70000000001164,-1.6999,3.4715
57,CC DChg,282.79999999998836,-1.6999,3.4714
57,CC DChg,282.9000000000233,-1.6999,3.4714
57,CC DChg,283.0,-1.6999,3.4714
57,CC DChg,283.0999999999767,-1.6999,3.4714
57,CC DChg,283.20000000001164,-1.6999,3.4713
57,CC DChg,283.29999999998836,-1.6999,3.4714
57,CC DChg,283.4000000000233,-1.6999,3.4713
57,CC DChg,283.5,-1.6999,3.4713
57,CC DChg,283.5999999999767,-1.6999,3.4713
57,CC DChg,283.70000000001164,-1.6999,3.4713
57,CC DChg,283.79999999998836,-1.6999,3.4713
57,CC DChg,283.9000000000233,-1.6999,3.4713
57,CC DChg,284.0,-1.6999,3.4713
57,CC DChg,284.0999999999767,-1.6999,3.4712
57,CC DChg,284.20000000001164,-1.6999,3.4712
57,CC DChg,284.29999999998836,-1.6999,3.4712
57,CC DChg,284.4000000000233,-1.6999,3.4712
57,CC DChg,284.5,-1.6999,3.4711
57,CC DChg,284.5999999999767,-1.6999,3.4712
57,CC DChg,284.70000000001164,-1.6999,3.4712
57,CC DChg,284.79999999998836,-1.6999,3.4711
57,CC DChg,284.9000000000233,-1.6999,3.4711
57,CC DChg,285.0,-1.6999,3.4711
57,CC DChg,285.0999999999767,-1.6999,3.4711
57,CC DChg,285.20000000001164,-1.6999,3.4711
57,CC DChg,285.29999999998836,-1.6999,3.4711
57,CC DChg,285.4000000000233,-1.6999,3.4711
57,CC DChg,285.5,-1.6999,3.4711
57,CC DChg,285.5999999999767,-1.6999,3.471
57,CC DChg,285.70000000001164,-1.6999,3.471
57,CC DChg,285.79999999998836,-1.6999,3.471
57,CC DChg,285.9000000000233,-1.6999,3.471
57,CC DChg,286.0,-1.6999,3.471
57,CC DChg,286.0999999999767,-1.6999,3.471
57,CC DChg,286.20000000001164,-1.6999,3.471
57,CC DChg,286.29999999998836,-1.6999,3.4709
57,CC DChg,286.4000000000233,-1.6999,3.4709
57,CC DChg,286.5,-1.6999,3.4709
57,CC DChg,286.5999999999767,-1.6999,3.4709
57,CC DChg,286.70000000001164,-1.6999,3.4709
57,CC DChg,286.79999999998836,-1.6999,3.4709
57,CC DChg,286.9000000000233,-1.6999,3.4709
57,CC DChg,287.0,-1.6999,3.4708
57,CC DChg,287.0999999999767,-1.6999,3.4708
57,CC DChg,287.20000000001164,-1.6999,3.4708
57,CC DChg,287.29999999998836,-1.6999,3.4708
57,CC DChg,287.4000000000233,-1.6999,3.4708
57,CC DChg,287.5,-1.6999,3.4707
57,CC DChg,287.5999999999767,-1.6999,3.4707
57,CC DChg,287.70000000001164,-1.6999,3.4707
57,CC DChg,287.79999999998836,-1.6999,3.4707
57,CC DChg,287.9000000000233,-1.6999,3.4707
57,CC DChg,288.0,-1.6999,3.4707
57,CC DChg,288.0999999999767,-1.6999,3.4707
57,CC DChg,288.20000000001164,-1.6999,3.4707
57,CC DChg,288.29999999998836,-1.6999,3.4706
57,CC DChg,288.4000000000233,-1.6999,3.4706
57,CC DChg,288.5,-1.6999,3.4706
57,CC DChg,288.5999999999767,-1.6999,3.4706
57,CC DChg,288.70000000001164,-1.6999,3.4706
57,CC DChg,288.79999999998836,-1.6999,3.4706
57,CC DChg,288.9000000000233,-1.6999,3.4706
57,CC DChg,289.0,-1.6999,3.4705
57,CC DChg,289.0999999999767,-1.6999,3.4705
57,CC DChg,289.20000000001164,-1.6999,3.4705
57,CC DChg,289.29999999998836,-1.6999,3.4705
57,CC DChg,289.4000000000233,-1.6999,3.4705
57,CC DChg,289.5,-1.6999,3.4705
57,CC DChg,289.5999999999767,-1.6999,3.4705
57,CC DChg,289.70000000001164,-1.6999,3.4704
57,CC DChg,289.79999999998836,-1.6999,3.4704
57,CC DChg,289.9000000000233,-1.6999,3.4704
57,CC DChg,290.0,-1.6999,3.4704
57,CC DChg,290.0999999999767,-1.6999,3.4704
57,CC DChg,290.20000000001164,-1.6999,3.4704
57,CC DChg,290.29999999998836,-1.6999,3.4704
57,CC DChg,290.4000000000233,-1.6999,3.4704
57,CC DChg,290.5,-1.6999,3.4704
57,CC DChg,290.5999999999767,-1.6999,3.4704
57,CC DChg,290.70000000001164,-1.6999,3.4703
57,CC DChg,290.79999999998836,-1.6999,3.4703
57,CC DChg,290.9000000000233,-1.6999,3.4703
57,CC DChg,291.0,-1.6999,3.4703
57,CC DChg,291.0999999999767,-1.6999,3.4703
57,CC DChg,291.20000000001164,-1.6999,3.4702
57,CC DChg,291.29999999998836,-1.6999,3.4702
57,CC DChg,291.4000000000233,-1.6999,3.4702
57,CC DChg,291.5,-1.6999,3.4702
57,CC DChg,291.5999999999767,-1.6999,3.4702
57,CC DChg,291.70000000001164,-1.6999,3.4701
57,CC DChg,291.79999999998836,-1.6999,3.4701
57,CC DChg,291.9000000000233,-1.6999,3.4701
57,CC DChg,292.0,-1.6999,3.4701
57,CC DChg,292.0999999999767,-1.6999,3.4701
57,CC DChg,292.20000000001164,-1.6999,3.4701
57,CC DChg,292.29999999998836,-1.6999,3.4701
57,CC DChg,292.4000000000233,-1.6999,3.47
57,CC DChg,292.4916666666977,-1.6999,3.47
57,CC DChg,292.58333333337214,-1.6999,3.47
57,CC DChg,292.6750000001048,-1.6999,3.47
57,CC DChg,292.7666666666628,-1.6999,3.47
57,CC DChg,292.858333333279,-1.6999,3.47
57,CC DChg,292.95000000001164,-1.6999,3.47
57,CC DChg,293.04166666668607,-1.6999,3.4699
57,CC DChg,293.1333333333605,-1.6999,3.4699
57,CC DChg,293.2249999999767,-1.6999,3.4699
58,Rest,293.31666666665114,0.0,3.5284
58,Rest,293.4083333333256,0.0,3.5284
58,Rest,293.5075757576269,0.0,3.5286
58,Rest,293.60681818181183,0.0,3.5291
58,Rest,293.70606060605496,0.0,3.5295
58,Rest,293.8053030302981,0.0,3.5299
58,Rest,293.9045454545412,0.0,3.5302
58,Rest,294.00378787878435,0.0,3.5305
58,Rest,294.1030303030275,0.0,3.5307
58,Rest,294.2022727272706,0.0,3.531
58,Rest,294.30151515151374,0.0,3.5311
58,Rest,294.40075757575687,0.0,3.5314
58,Rest,294.5006887053023,0.0,3.5315
58,Rest,294.60061983473133,0.0,3.5318
58,Rest,294.70055096416036,0.0,3.5319
58,Rest,294.8004820937058,0.0,3.5321
58,Rest,294.9004132231348,0.0,3.5322
58,Rest,295.00034435262205,0.0,3.5324
58,Rest,295.1002754821093,0.0,3.5325
58,Rest,295.2002066115965,0.0,3.5327
58,Rest,295.30013774102554,0.0,3.5328
58,Rest,295.40006887051277,0.0,3.5329
58,Rest,295.50006260961527,0.0,3.533
58,Rest,295.60005634860136,0.0,3.5332
58,Rest,295.70005008770386,0.0,3.5333
58,Rest,295.80004382668994,0.0,3.5334
58,Rest,295.90003756567603,0.0,3.5335
58,Rest,296.00003130477853,0.0,3.5336
58,Rest,296.1000250438228,0.0,3.5338
58,Rest,296.2000187828671,0.0,3.5339
58,Rest,296.3000125219114,0.0,3.534
58,Rest,296.4000062609557,0.0,3.5341
58,Rest,296.5000056917779,0.0,3.5342
58,Rest,296.6000051226001,0.0,3.5343
58,Rest,296.70000455342233,0.0,3.5344
58,Rest,296.80000398418633,0.0,3.5345
58,Rest,296.90000341512496,0.0,3.5346
58,Rest,297.00000284588896,0.0,3.5347
58,Rest,297.10000227671117,0.0,3.5348
58,Rest,297.2000017075334,0.0,3.5349
58,Rest,297.3000011384138,0.0,3.535
58,Rest,297.4000005691778,0.0,3.5351
58,Rest,297.5000005174079,0.0,3.5352
58,Rest,297.6000004656962,0.0,3.5353
58,Rest,297.7000004139263,0.0,3.5354
58,Rest,297.80000036221463,0.0,3.5355
58,Rest,297.90000031038653,0.0,3.5356
58,Rest,298.00000025873305,0.0,3.5357
58,Rest,298.10000020696316,0.0,3.5358
58,Rest,298.2000001552515,0.0,3.5358
58,Rest,298.3000001034816,0.0,3.5359
58,Rest,298.4000000517699,0.0,3.536
58,Rest,298.50000004709,0.0,3.5361
58,Rest,298.6000000424101,0.0,3.5361
58,Rest,298.700000037672,0.0,3.5363
58,Rest,298.8000000328757,0.0,3.5363
58,Rest,298.900000028254,0.0,3.5364
58,Rest,299.0000000235159,0.0,3.5365
58,Rest,299.1000000188942,0.0,3.5366
58,Rest,299.2000000140979,0.0,3.5367
58,Rest,299.300000009418,0.0,3.5367
58,Rest,299.4000000046799,0.0,3.5368
58,Rest,299.50000000424916,0.0,3.5369
58,Rest,299.6000000038184,0.0,3.537
58,Rest,299.7000000033877,0.0,3.5371
58,Rest,299.80000000295695,0.0,3.5371
58,Rest,299.9000000025262,0.0,3.5372
58,Rest,300.0000000021537,0.0,3.5373
58,Rest,300.10000000172295,0.0,3.5374
58,Rest,300.2000000012922,0.0,3.5374
58,Rest,300.3000000008615,0.0,3.5375
58,Rest,300.40000000037253,0.0,3.5375
58,Rest,300.50000000040745,0.0,3.5376
58,Rest,300.60000000032596,0.0,3.5377
58,Rest,300.7000000003027,0.0,3.5377
58,Rest,300.8000000002794,0.0,3.5378
58,Rest,300.9000000002561,0.0,3.5379
58,Rest,301.0000000001746,0.0,3.538
58,Rest,301.10000000015134,0.0,3.538
58,Rest,301.20000000012806,0.0,3.5381
58,Rest,301.3000000001048,0.0,3.5382
58,Rest,301.4000000000233,0.0,3.5382
58,Rest,301.5,0.0,3.5383
58,Rest,301.5999999999767,0.0,3.5384
58,Rest,301.70000000001164,0.0,3.5385
58,Rest,301.79999999998836,0.0,3.5385
58,Rest,301.9000000000233,0.0,3.5386
58,Rest,302.0,0.0,3.5386
58,Rest,302.0999999999767,0.0,3.5387
58,Rest,302.20000000001164,0.0,3.5388
58,Rest,302.29999999998836,0.0,3.5389
58,Rest,302.4000000000233,0.0,3.5389
58,Rest,302.5,0.0,3.539
58,Rest,302.5999999999767,0.0,3.539
58,Rest,302.70000000001164,0.0,3.5391
58,Rest,302.79999999998836,0.0,3.5392
58,Rest,302.9000000000233,0.0,3.5392
58,Rest,303.0,0.0,3.5393
58,Rest,303.0999999999767,0.0,3.5393
58,Rest,303.20000000001164,0.0,3.5394
58,Rest,303.29999999998836,0.0,3.5395
58,Rest,303.4000000000233,0.0,3.5395
58,Rest,303.5,0.0,3.5396
58,Rest,303.5999999999767,0.0,3.5396
58,Rest,303.70000000001164,0.0,3.5397
58,Rest,303.79999999998836,0.0,3.5397
58,Rest,303.9000000000233,0.0,3.5398
58,Rest,304.0,0.0,3.5399
58,Rest,304.0999999999767,0.0,3.5399
58,Rest,304.20000000001164,0.0,3.5399
58,Rest,304.29999999998836,0.0,3.54
58,Rest,304.4000000000233,0.0,3.5401
58,Rest,304.5,0.0,3.5401
58,Rest,304.5999999999767,0.0,3.5402
58,Rest,304.70000000001164,0.0,3.5403
58,Rest,304.79999999998836,0.0,3.5403
58,Rest,304.9000000000233,0.0,3.5403
58,Rest,305.0,0.0,3.5404
58,Rest,305.0999999999767,0.0,3.5405
58,Rest,305.20000000001164,0.0,3.5406
58,Rest,305.29999999998836,0.0,3.5406
58,Rest,305.4000000000233,0.0,3.5406
58,Rest,305.5,0.0,3.5407
58,Rest,305.5999999999767,0.0,3.5407
58,Rest,305.70000000001164,0.0,3.5408
58,Rest,305.79999999998836,0.0,3.5409
58,Rest,305.9000000000233,0.0,3.5409
58,Rest,306.0,0.0,3.5409
58,Rest,306.0999999999767,0.0,3.541
58,Rest,306.20000000001164,0.0,3.5411
58,Rest,306.29999999998836,0.0,3.5411
58,Rest,306.4000000000233,0.0,3.5412
58,Rest,306.5,0.0,3.5412
58,Rest,306.5999999999767,0.0,3.5413
58,Rest,306.70000000001164,0.0,3.5414
58,Rest,306.79999999998836,0.0,3.5414
58,Rest,306.9000000000233,0.0,3.5415
58,Rest,307.0,0.0,3.5415
58,Rest,307.0999999999767,0.0,3.5416
58,Rest,307.20000000001164,0.0,3.5416
58,Rest,307.29999999998836,0.0,3.5416
58,Rest,307.4000000000233,0.0,3.5417
58,Rest,307.5,0.0,3.5418
58,Rest,307.5999999999767,0.0,3.5418
58,Rest,307.70000000001164,0.0,3.5419
58,Rest,307.79999999998836,0.0,3.5419
58,Rest,307.9000000000233,0.0,3.542
58,Rest,308.0,0.0,3.542
58,Rest,308.0999999999767,0.0,3.542
58,Rest,308.20000000001164,0.0,3.5421
58,Rest,308.29999999998836,0.0,3.5422
58,Rest,308.4000000000233,0.0,3.5422
58,Rest,308.5,0.0,3.5422
58,Rest,308.5999999999767,0.0,3.5423
58,Rest,308.70000000001164,0.0,3.5423
58,Rest,308.79999999998836,0.0,3.5424
58,Rest,308.9000000000233,0.0,3.5424
58,Rest,309.0,0.0,3.5425
58,Rest,309.0999999999767,0.0,3.5426
58,Rest,309.20000000001164,0.0,3.5426
58,Rest,309.29999999998836,0.0,3.5427
58,Rest,309.4000000000233,0.0,3.5427
58,Rest,309.5,0.0,3.5428
58,Rest,309.5999999999767,0.0,3.5428
58,Rest,309.70000000001164,0.0,3.5428
58,Rest,309.79999999998836,0.0,3.5429
58,Rest,309.9000000000233,0.0,3.5429
58,Rest,310.0,0.0,3.543
58,Rest,310.0999999999767,0.0,3.543
58,Rest,310.20000000001164,0.0,3.5431
58,Rest,310.29999999998836,0.0,3.5431
58,Rest,310.4000000000233,0.0,3.5432
58,Rest,310.5,0.0,3.5432
58,Rest,310.5999999999767,0.0,3.5432
58,Rest,310.70000000001164,0.0,3.5433
58,Rest,310.79999999998836,0.0,3.5434
58,Rest,310.9000000000233,0.0,3.5434
58,Rest,311.0,0.0,3.5435
58,Rest,311.0999999999767,0.0,3.5435
58,Rest,311.20000000001164,0.0,3.5435
58,Rest,311.29999999998836,0.0,3.5436
58,Rest,311.4000000000233,0.0,3.5436
58,Rest,311.5,0.0,3.5436
58,Rest,311.5999999999767,0.0,3.5437
58,Rest,311.70000000001164,0.0,3.5437
58,Rest,311.79999999998836,0.0,3.5438
58,Rest,311.9000000000233,0.0,3.5438
58,Rest,312.0,0.0,3.5439
58,Rest,312.0999999999767,0.0,3.5439
58,Rest,312.20000000001164,0.0,3.5439
58,Rest,312.29999999998836,0.0,3.544
58,Rest,312.4000000000233,0.0,3.5441
58,Rest,312.5,0.0,3.5441
58,Rest,312.5999999999767,0.0,3.5441
58,Rest,312.70000000001164,0.0,3.5442
58,Rest,312.79999999998836,0.0,3.5442
58,Rest,312.9000000000233,0.0,3.5443
58,Rest,313.0,0.0,3.5443
58,Rest,313.0999999999767,0.0,3.5444
58,Rest,313.20000000001164,0.0,3.5444
58,Rest,313.29999999998836,0.0,3.5444
58,Rest,313.4000000000233,0.0,3.5444
58,Rest,313.5,0.0,3.5445
58,Rest,313.5999999999767,0.0,3.5445
58,Rest,313.70000000001164,0.0,3.5446
58,Rest,313.79999999998836,0.0,3.5446
58,Rest,313.9000000000233,0.0,3.5447
58,Rest,314.0,0.0,3.5447
58,Rest,314.0999999999767,0.0,3.5448
58,Rest,314.20000000001164,0.0,3.5448
58,Rest,314.29999999998836,0.0,3.5449
58,Rest,314.4000000000233,0.0,3.5449
58,Rest,314.5,0.0,3.5449
58,Rest,314.5999999999767,0.0,3.545
58,Rest,314.70000000001164,0.0,3.545
58,Rest,314.79999999998836,0.0,3.5451
58,Rest,314.9000000000233,0.0,3.5451
58,Rest,315.0,0.0,3.5451
58,Rest,315.0999999999767,0.0,3.5452
58,Rest,315.20000000001164,0.0,3.5452
58,Rest,315.29999999998836,0.0,3.5453
58,Rest,315.4000000000233,0.0,3.5453
58,Rest,315.5,0.0,3.5453
58,Rest,315.5999999999767,0.0,3.5454
58,Rest,315.70000000001164,0.0,3.5454
58,Rest,315.79999999998836,0.0,3.5455
58,Rest,315.9000000000233,0.0,3.5455
58,Rest,316.0,0.0,3.5455
58,Rest,316.0999999999767,0.0,3.5455
58,Rest,316.20000000001164,0.0,3.5456
58,Rest,316.29999999998836,0.0,3.5456
58,Rest,316.4000000000233,0.0,3.5457
58,Rest,316.5,0.0,3.5457
58,Rest,316.5999999999767,0.0,3.5458
58,Rest,316.70000000001164,0.0,3.5458
58,Rest,316.79999999998836,0.0,3.5458
58,Rest,316.9000000000233,0.0,3.5459
58,Rest,317.0,0.0,3.5459
58,Rest,317.0999999999767,0.0,3.546
58,Rest,317.20000000001164,0.0,3.546
58,Rest,317.29999999998836,0.0,3.546
58,Rest,317.4000000000233,0.0,3.546
58,Rest,317.5,0.0,3.5461
58,Rest,317.5999999999767,0.0,3.5461
58,Rest,317.70000000001164,0.0,3.5462
58,Rest,317.79999999998836,0.0,3.5462
58,Rest,317.9000000000233,0.0,3.5463
58,Rest,318.0,0.0,3.5463
58,Rest,318.0999999999767,0.0,3.5463
58,Rest,318.20000000001164,0.0,3.5464
58,Rest,318.29999999998836,0.0,3.5464
58,Rest,318.4000000000233,0.0,3.5464
58,Rest,318.5,0.0,3.5465
58,Rest,318.5999999999767,0.0,3.5465
58,Rest,318.70000000001164,0.0,3.5465
58,Rest,318.79999999998836,0.0,3.5466
58,Rest,318.9000000000233,0.0,3.5466
58,Rest,319.0,0.0,3.5467
58,Rest,319.0999999999767,0.0,3.5467
58,Rest,319.20000000001164,0.0,3.5467
58,Rest,319.29999999998836,0.0,3.5468
58,Rest,319.4000000000233,0.0,3.5468
58,Rest,319.5,0.0,3.5468
58,Rest,319.5999999999767,0.0,3.5469
58,Rest,319.70000000001164,0.0,3.547
58,Rest,319.79999999998836,0.0,3.547
58,Rest,319.9000000000233,0.0,3.547
58,Rest,320.0,0.0,3.547
58,Rest,320.0999999999767,0.0,3.547
58,Rest,320.20000000001164,0.0,3.5471
58,Rest,320.29999999998836,0.0,3.5471
58,Rest,320.4000000000233,0.0,3.5472
58,Rest,320.5,0.0,3.5472
58,Rest,320.5999999999767,0.0,3.5472
58,Rest,320.70000000001164,0.0,3.5473
58,Rest,320.79999999998836,0.0,3.5473
58,Rest,320.9000000000233,0.0,3.5473
58,Rest,321.0,0.0,3.5474
58,Rest,321.0999999999767,0.0,3.5475
58,Rest,321.20000000001164,0.0,3.5475
58,Rest,321.29999999998836,0.0,3.5475
58,Rest,321.4000000000233,0.0,3.5475
58,Rest,321.5,0.0,3.5476
58,Rest,321.5999999999767,0.0,3.5476
58,Rest,321.70000000001164,0.0,3.5476
58,Rest,321.79999999998836,0.0,3.5476
58,Rest,321.9000000000233,0.0,3.5477
58,Rest,322.0,0.0,3.5477
58,Rest,322.0999999999767,0.0,3.5477
58,Rest,322.20000000001164,0.0,3.5478
58,Rest,322.29999999998836,0.0,3.5478
58,Rest,322.4000000000233,0.0,3.5478
58,Rest,322.5,0.0,3.5478
58,Rest,322.5999999999767,0.0,3.5479
58,Rest,322.70000000001164,0.0,3.5479
58,Rest,322.79999999998836,0.0,3.548
58,Rest,322.9000000000233,0.0,3.548
58,Rest,323.0,0.0,3.5481
58,Rest,323.0999999999767,0.0,3.5481
58,Rest,323.20000000001164,0.0,3.5481
58,Rest,323.29999999998836,0.0,3.5481
58,Rest,323.4000000000233,0.0,3.5481
58,Rest,323.5,0.0,3.5482
58,Rest,323.5999999999767,0.0,3.5482
58,Rest,323.70000000001164,0.0,3.5482
58,Rest,323.79999999998836,0.0,3.5483
58,Rest,323.9000000000233,0.0,3.5483
58,Rest,324.0,0.0,3.5483
58,Rest,324.0999999999767,0.0,3.5484
58,Rest,324.20000000001164,0.0,3.5484
58,Rest,324.29999999998836,0.0,3.5485
58,Rest,324.4000000000233,0.0,3.5484
58,Rest,324.5,0.0,3.5485
58,Rest,324.5999999999767,0.0,3.5485
58,Rest,324.70000000001164,0.0,3.5485
58,Rest,324.79999999998836,0.0,3.5486
58,Rest,324.9000000000233,0.0,3.5486
58,Rest,325.0,0.0,3.5486
58,Rest,325.0999999999767,0.0,3.5486
58,Rest,325.20000000001164,0.0,3.5487
58,Rest,325.29999999998836,0.0,3.5487
58,Rest,325.4000000000233,0.0,3.5488
58,Rest,325.5,0.0,3.5488
58,Rest,325.5999999999767,0.0,3.5488
58,Rest,325.70000000001164,0.0,3.5489
58,Rest,325.79999999998836,0.0,3.5489
58,Rest,325.9000000000233,0.0,3.5489
58,Rest,326.0,0.0,3.5489
58,Rest,326.0999999999767,0.0,3.549
58,Rest,326.20000000001164,0.0,3.549
58,Rest,326.29999999998836,0.0,3.549
58,Rest,326.4000000000233,0.0,3.5491
58,Rest,326.5,0.0,3.549
58,Rest,326.5999999999767,0.0,3.5491
58,Rest,326.70000000001164,0.0,3.5491
58,Rest,326.79999999998836,0.0,3.5492
58,Rest,326.9000000000233,0.0,3.5492
58,Rest,327.0,0.0,3.5492
58,Rest,327.0999999999767,0.0,3.5492
58,Rest,327.20000000001164,0.0,3.5492
58,Rest,327.29999999998836,0.0,3.5493
58,Rest,327.4000000000233,0.0,3.5493
58,Rest,327.5,0.0,3.5494
58,Rest,327.5999999999767,0.0,3.5494
58,Rest,327.70000000001164,0.0,3.5494
58,Rest,327.79999999998836,0.0,3.5495
58,Rest,327.9000000000233,0.0,3.5495
58,Rest,328.0,0.0,3.5495
58,Rest,328.0999999999767,0.0,3.5495
58,Rest,328.20000000001164,0.0,3.5496
58,Rest,328.29999999998836,0.0,3.5496
58,Rest,328.4000000000233,0.0,3.5496
58,Rest,328.5,0.0,3.5496
58,Rest,328.5999999999767,0.0,3.5497
58,Rest,328.70000000001164,0.0,3.5497
58,Rest,328.79999999998836,0.0,3.5497
58,Rest,328.9000000000233,0.0,3.5498
58,Rest,329.0,0.0,3.5498
58,Rest,329.0999999999767,0.0,3.5498
58,Rest,329.20000000001164,0.0,3.5499
58,Rest,329.29999999998836,0.0,3.5499
58,Rest,329.4000000000233,0.0,3.5499
58,Rest,329.5,0.0,3.55
58,Rest,329.5999999999767,0.0,3.55
58,Rest,329.70000000001164,0.0,3.55
58,Rest,329.79999999998836,0.0,3.55
58,Rest,329.9000000000233,0.0,3.5501
58,Rest,330.0,0.0,3.5501
58,Rest,330.0999999999767,0.0,3.5501
58,Rest,330.20000000001164,0.0,3.5502
58,Rest,330.29999999998836,0.0,3.5502
58,Rest,330.4000000000233,0.0,3.5501
58,Rest,330.5,0.0,3.5502
58,Rest,330.5999999999767,0.0,3.5502
58,Rest,330.70000000001164,0.0,3.5503
58,Rest,330.79999999998836,0.0,3.5503
58,Rest,330.9000000000233,0.0,3.5503
58,Rest,331.0,0.0,3.5503
58,Rest,331.0999999999767,0.0,3.5504
58,Rest,331.20000000001164,0.0,3.5504
58,Rest,331.29999999998836,0.0,3.5504
58,Rest,331.4000000000233,0.0,3.5504
58,Rest,331.5,0.0,3.5505
58,Rest,331.5999999999767,0.0,3.5505
58,Rest,331.70000000001164,0.0,3.5505
58,Rest,331.79999999998836,0.0,3.5505
58,Rest,331.9000000000233,0.0,3.5506
58,Rest,332.0,0.0,3.5506
58,Rest,332.0999999999767,0.0,3.5506
58,Rest,332.20000000001164,0.0,3.5507
58,Rest,332.29999999998836,0.0,3.5506
58,Rest,332.4000000000233,0.0,3.5507
58,Rest,332.5,0.0,3.5508
58,Rest,332.5999999999767,0.0,3.5508
58,Rest,332.70000000001164,0.0,3.5508
58,Rest,332.79999999998836,0.0,3.5508
58,Rest,332.9000000000233,0.0,3.5508
58,Rest,333.0,0.0,3.5509
58,Rest,333.0999999999767,0.0,3.5509
58,Rest,333.20000000001164,0.0,3.5509
58,Rest,333.29999999998836,0.0,3.5509
58,Rest,333.4000000000233,0.0,3.551
58,Rest,333.5,0.0,3.551
58,Rest,333.5999999999767,0.0,3.551
58,Rest,333.70000000001164,0.0,3.551
58,Rest,333.79999999998836,0.0,3.551
58,Rest,333.9000000000233,0.0,3.5511
58,Rest,334.0,0.0,3.5511
58,Rest,334.0999999999767,0.0,3.5511
58,Rest,334.20000000001164,0.0,3.5511
58,Rest,334.29999999998836,0.0,3.5512
58,Rest,334.4000000000233,0.0,3.5512
58,Rest,334.5,0.0,3.5512
58,Rest,334.5999999999767,0.0,3.5513
58,Rest,334.70000000001164,0.0,3.5513
58,Rest,334.79999999998836,0.0,3.5513
58,Rest,334.9000000000233,0.0,3.5513
58,Rest,335.0,0.0,3.5514
58,Rest,335.0999999999767,0.0,3.5514
58,Rest,335.20000000001164,0.0,3.5514
58,Rest,335.29999999998836,0.0,3.5514
58,Rest,335.4000000000233,0.0,3.5514
58,Rest,335.5,0.0,3.5515
58,Rest,335.5999999999767,0.0,3.5514
58,Rest,335.70000000001164,0.0,3.5515
58,Rest,335.79999999998836,0.0,3.5515
58,Rest,335.9000000000233,0.0,3.5515
58,Rest,336.0,0.0,3.5516
58,Rest,336.0999999999767,0.0,3.5516
58,Rest,336.20000000001164,0.0,3.5516
58,Rest,336.29999999998836,0.0,3.5517
58,Rest,336.4000000000233,0.0,3.5517
58,Rest,336.5,0.0,3.5517
58,Rest,336.5999999999767,0.0,3.5517
58,Rest,336.70000000001164,0.0,3.5517
58,Rest,336.79999999998836,0.0,3.5518
58,Rest,336.9000000000233,0.0,3.5518
58,Rest,337.0,0.0,3.5518
58,Rest,337.0999999999767,0.0,3.5518
58,Rest,337.20000000001164,0.0,3.5519
58,Rest,337.29999999998836,0.0,3.5519
58,Rest,337.4000000000233,0.0,3.5519
58,Rest,337.5,0.0,3.552
58,Rest,337.5999999999767,0.0,3.552
58,Rest,337.70000000001164,0.0,3.552
58,Rest,337.79999999998836,0.0,3.552
58,Rest,337.9000000000233,0.0,3.552
58,Rest,338.0,0.0,3.552
58,Rest,338.0999999999767,0.0,3.5521
58,Rest,338.20000000001164,0.0,3.5521
58,Rest,338.29999999998836,0.0,3.5521
58,Rest,338.4000000000233,0.0,3.5522
58,Rest,338.5,0.0,3.5522
58,Rest,338.5999999999767,0.0,3.5522
58,Rest,338.70000000001164,0.0,3.5522
58,Rest,338.79999999998836,0.0,3.5522
58,Rest,338.9000000000233,0.0,3.5523
58,Rest,339.0,0.0,3.5523
58,Rest,339.0999999999767,0.0,3.5523
58,Rest,339.20000000001164,0.0,3.5523
58,Rest,339.29999999998836,0.0,3.5524
58,Rest,339.4000000000233,0.0,3.5524
58,Rest,339.5,0.0,3.5524
58,Rest,339.5999999999767,0.0,3.5525
58,Rest,339.70000000001164,0.0,3.5525
58,Rest,339.79999999998836,0.0,3.5525
58,Rest,339.9000000000233,0.0,3.5525
58,Rest,340.0,0.0,3.5525
58,Rest,340.0999999999767,0.0,3.5526
58,Rest,340.20000000001164,0.0,3.5526
58,Rest,340.29999999998836,0.0,3.5526
58,Rest,340.4000000000233,0.0,3.5526
58,Rest,340.5,0.0,3.5527
58,Rest,340.5999999999767,0.0,3.5527
58,Rest,340.70000000001164,0.0,3.5527
58,Rest,340.79999999998836,0.0,3.5527
58,Rest,340.9000000000233,0.0,3.5527
58,Rest,341.0,0.0,3.5527
58,Rest,341.0999999999767,0.0,3.5527
58,Rest,341.20000000001164,0.0,3.5528
58,Rest,341.29999999998836,0.0,3.5528
58,Rest,341.4000000000233,0.0,3.5528
58,Rest,341.5,0.0,3.5528
58,Rest,341.5999999999767,0.0,3.5528
58,Rest,341.70000000001164,0.0,3.5529
58,Rest,341.79999999998836,0.0,3.553
58,Rest,341.9000000000233,0.0,3.5529
58,Rest,342.0,0.0,3.553
58,Rest,342.0999999999767,0.0,3.553
58,Rest,342.20000000001164,0.0,3.553
58,Rest,342.29999999998836,0.0,3.553
58,Rest,342.4000000000233,0.0,3.553
58,Rest,342.5,0.0,3.5531
58,Rest,342.5999999999767,0.0,3.5531
58,Rest,342.70000000001164,0.0,3.5531
58,Rest,342.79999999998836,0.0,3.5531
58,Rest,342.9000000000233,0.0,3.5531
58,Rest,343.0,0.0,3.5532
58,Rest,343.0999999999767,0.0,3.5532
58,Rest,343.20000000001164,0.0,3.5532
58,Rest,343.29999999998836,0.0,3.5532
58,Rest,343.4000000000233,0.0,3.5532
58,Rest,343.5,0.0,3.5532
58,Rest,343.5999999999767,0.0,3.5533
58,Rest,343.70000000001164,0.0,3.5533
58,Rest,343.79999999998836,0.0,3.5533
58,Rest,343.9000000000233,0.0,3.5533
58,Rest,344.0,0.0,3.5534
58,Rest,344.0999999999767,0.0,3.5534
58,Rest,344.20000000001164,0.0,3.5534
58,Rest,344.29999999998836,0.0,3.5535
58,Rest,344.4000000000233,0.0,3.5535
58,Rest,344.5,0.0,3.5535
58,Rest,344.5999999999767,0.0,3.5535
58,Rest,344.70000000001164,0.0,3.5535
58,Rest,344.79999999998836,0.0,3.5535
58,Rest,344.9000000000233,0.0,3.5535
58,Rest,345.0,0.0,3.5536
58,Rest,345.0999999999767,0.0,3.5536
58,Rest,345.20000000001164,0.0,3.5536
58,Rest,345.29999999998836,0.0,3.5536
58,Rest,345.4000000000233,0.0,3.5536
58,Rest,345.5,0.0,3.5537
58,Rest,345.5999999999767,0.0,3.5537
58,Rest,345.70000000001164,0.0,3.5537
58,Rest,345.79999999998836,0.0,3.5537
58,Rest,345.9000000000233,0.0,3.5538
58,Rest,346.0,0.0,3.5537
58,Rest,346.0999999999767,0.0,3.5537
58,Rest,346.20000000001164,0.0,3.5538
58,Rest,346.29999999998836,0.0,3.5538
58,Rest,346.4000000000233,0.0,3.5538
58,Rest,346.5,0.0,3.5539
58,Rest,346.5999999999767,0.0,3.5539
58,Rest,346.70000000001164,0.0,3.5539
58,Rest,346.79999999998836,0.0,3.5539
58,Rest,346.9000000000233,0.0,3.5539
58,Rest,347.0,0.0,3.554
58,Rest,347.0999999999767,0.0,3.554
58,Rest,347.20000000001164,0.0,3.554
58,Rest,347.29999999998836,0.0,3.554
58,Rest,347.4000000000233,0.0,3.554
58,Rest,347.5,0.0,3.554
58,Rest,347.5999999999767,0.0,3.554
58,Rest,347.70000000001164,0.0,3.554
58,Rest,347.79999999998836,0.0,3.5541
58,Rest,347.9000000000233,0.0,3.5541
58,Rest,348.0,0.0,3.5541
58,Rest,348.0999999999767,0.0,3.5542
58,Rest,348.20000000001164,0.0,3.5542
58,Rest,348.29999999998836,0.0,3.5542
58,Rest,348.4000000000233,0.0,3.5542
58,Rest,348.5,0.0,3.5543
58,Rest,348.5999999999767,0.0,3.5543
58,Rest,348.70000000001164,0.0,3.5543
58,Rest,348.79999999998836,0.0,3.5543
58,Rest,348.9000000000233,0.0,3.5543
58,Rest,349.0,0.0,3.5543
58,Rest,349.0999999999767,0.0,3.5543
58,Rest,349.20000000001164,0.0,3.5543
58,Rest,349.29999999998836,0.0,3.5544
58,Rest,349.4000000000233,0.0,3.5544
58,Rest,349.5,0.0,3.5544
58,Rest,349.5999999999767,0.0,3.5544
58,Rest,349.70000000001164,0.0,3.5544
58,Rest,349.79999999998836,0.0,3.5544
58,Rest,349.9000000000233,0.0,3.5545
58,Rest,350.0,0.0,3.5545
58,Rest,350.0999999999767,0.0,3.5545
58,Rest,350.20000000001164,0.0,3.5545
58,Rest,350.29999999998836,0.0,3.5545
58,Rest,350.4000000000233,0.0,3.5546
58,Rest,350.5,0.0,3.5546
58,Rest,350.5999999999767,0.0,3.5546
58,Rest,350.70000000001164,0.0,3.5546
58,Rest,350.79999999998836,0.0,3.5546
58,Rest,350.9000000000233,0.0,3.5547
58,Rest,351.0,0.0,3.5547
58,Rest,351.0999999999767,0.0,3.5547
58,Rest,351.20000000001164,0.0,3.5547
58,Rest,351.29999999998836,0.0,3.5547
58,Rest,351.4000000000233,0.0,3.5547
58,Rest,351.5,0.0,3.5548
58,Rest,351.5999999999767,0.0,3.5548
58,Rest,351.70000000001164,0.0,3.5548
58,Rest,351.79999999998836,0.0,3.5548
58,Rest,351.9000000000233,0.0,3.5548
58,Rest,352.0,0.0,3.5548
58,Rest,352.0999999999767,0.0,3.5548
58,Rest,352.20000000001164,0.0,3.5549
58,Rest,352.29999999998836,0.0,3.5549
58,Rest,352.4000000000233,0.0,3.5549
58,Rest,352.5,0.0,3.5549
58,Rest,352.5999999999767,0.0,3.555
58,Rest,352.70000000001164,0.0,3.555
58,Rest,352.79999999998836,0.0,3.555
58,Rest,352.9000000000233,0.0,3.555
58,Rest,353.0,0.0,3.555
58,Rest,353.0999999999767,0.0,3.5551
58,Rest,353.20000000001164,0.0,3.5551
58,Rest,353.29999999998836,0.0,3.5551
58,Rest,353.4000000000233,0.0,3.5551
58,Rest,353.5,0.0,3.5551
58,Rest,353.5999999999767,0.0,3.5551
58,Rest,353.70000000001164,0.0,3.5552
58,Rest,353.79999999998836,0.0,3.5552
58,Rest,353.9000000000233,0.0,3.5552
58,Rest,354.0,0.0,3.5552
58,Rest,354.0999999999767,0.0,3.5553
58,Rest,354.20000000001164,0.0,3.5553
58,Rest,354.29999999998836,0.0,3.5553
58,Rest,354.4000000000233,0.0,3.5553
58,Rest,354.5,0.0,3.5553
58,Rest,354.5999999999767,0.0,3.5553
58,Rest,354.70000000001164,0.0,3.5553
58,Rest,354.79999999998836,0.0,3.5553
58,Rest,354.9000000000233,0.0,3.5554
58,Rest,355.0,0.0,3.5554
58,Rest,355.0999999999767,0.0,3.5554
58,Rest,355.20000000001164,0.0,3.5554
58,Rest,355.29999999998836,0.0,3.5554
58,Rest,355.4000000000233,0.0,3.5555
58,Rest,355.5,0.0,3.5555
58,Rest,355.5999999999767,0.0,3.5555
58,Rest,355.70000000001164,0.0,3.5555
58,Rest,355.79999999998836,0.0,3.5555
58,Rest,355.9000000000233,0.0,3.5555
58,Rest,356.0,0.0,3.5556
58,Rest,356.0999999999767,0.0,3.5556
58,Rest,356.20000000001164,0.0,3.5556
58,Rest,356.29999999998836,0.0,3.5556
58,Rest,356.4000000000233,0.0,3.5556
58,Rest,356.5,0.0,3.5556
58,Rest,356.5999999999767,0.0,3.5556
58,Rest,356.70000000001164,0.0,3.5557
58,Rest,356.79999999998836,0.0,3.5557
58,Rest,356.9000000000233,0.0,3.5557
58,Rest,357.0,0.0,3.5557
58,Rest,357.0999999999767,0.0,3.5557
58,Rest,357.20000000001164,0.0,3.5557
58,Rest,357.29999999998836,0.0,3.5558
58,Rest,357.4000000000233,0.0,3.5557
58,Rest,357.5,0.0,3.5558
58,Rest,357.5999999999767,0.0,3.5558
58,Rest,357.70000000001164,0.0,3.5559
58,Rest,357.79999999998836,0.0,3.5559
58,Rest,357.9000000000233,0.0,3.5559
58,Rest,358.0,0.0,3.5559
58,Rest,358.0999999999767,0.0,3.5559
58,Rest,358.20000000001164,0.0,3.5559
58,Rest,358.29999999998836,0.0,3.5559
58,Rest,358.4000000000233,0.0,3.5559
58,Rest,358.5,0.0,3.556
58,Rest,358.5999999999767,0.0,3.556
58,Rest,358.70000000001164,0.0,3.556
58,Rest,358.79999999998836,0.0,3.556
58,Rest,358.9000000000233,0.0,3.556
58,Rest,359.0,0.0,3.556
58,Rest,359.0999999999767,0.0,3.5561
58,Rest,359.20000000001164,0.0,3.5561
58,Rest,359.29999999998836,0.0,3.5561
58,Rest,359.4000000000233,0.0,3.5561
58,Rest,359.5,0.0,3.5561
58,Rest,359.5999999999767,0.0,3.5561
58,Rest,359.70000000001164,0.0,3.5562
58,Rest,359.79999999998836,0.0,3.5562
58,Rest,359.9000000000233,0.0,3.5562
58,Rest,360.0,0.0,3.5562
58,Rest,360.0999999999767,0.0,3.5562
58,Rest,360.20000000001164,0.0,3.5562
58,Rest,360.29999999998836,0.0,3.5562
58,Rest,360.4000000000233,0.0,3.5562
58,Rest,360.5,0.0,3.5563
58,Rest,360.5999999999767,0.0,3.5563
58,Rest,360.70000000001164,0.0,3.5563
58,Rest,360.79999999998836,0.0,3.5564
58,Rest,360.9000000000233,0.0,3.5563
58,Rest,361.0,0.0,3.5563
58,Rest,361.0999999999767,0.0,3.5564
58,Rest,361.20000000001164,0.0,3.5564
58,Rest,361.29999999998836,0.0,3.5564
58,Rest,361.4000000000233,0.0,3.5564
58,Rest,361.5,0.0,3.5564
58,Rest,361.5999999999767,0.0,3.5564
58,Rest,361.70000000001164,0.0,3.5565
58,Rest,361.79999999998836,0.0,3.5565
58,Rest,361.9000000000233,0.0,3.5565
58,Rest,362.0,0.0,3.5565
58,Rest,362.0999999999767,0.0,3.5565
58,Rest,362.20000000001164,0.0,3.5566
58,Rest,362.29999999998836,0.0,3.5566
58,Rest,362.4000000000233,0.0,3.5565
58,Rest,362.5,0.0,3.5566
58,Rest,362.5999999999767,0.0,3.5566
58,Rest,362.70000000001164,0.0,3.5566
58,Rest,362.79999999998836,0.0,3.5566
58,Rest,362.9000000000233,0.0,3.5566
58,Rest,363.0,0.0,3.5566
58,Rest,363.0999999999767,0.0,3.5567
58,Rest,363.20000000001164,0.0,3.5567
58,Rest,363.29999999998836,0.0,3.5567
58,Rest,363.4000000000233,0.0,3.5567
58,Rest,363.5,0.0,3.5567
58,Rest,363.5999999999767,0.0,3.5567
58,Rest,363.70000000001164,0.0,3.5567
58,Rest,363.79999999998836,0.0,3.5568
58,Rest,363.9000000000233,0.0,3.5568
58,Rest,364.0,0.0,3.5568
58,Rest,364.0999999999767,0.0,3.5568
58,Rest,364.20000000001164,0.0,3.5568
58,Rest,364.29999999998836,0.0,3.5568
58,Rest,364.4000000000233,0.0,3.5568
58,Rest,364.5,0.0,3.5568
58,Rest,364.5999999999767,0.0,3.5569
58,Rest,364.70000000001164,0.0,3.5569
58,Rest,364.79999999998836,0.0,3.5569
58,Rest,364.9000000000233,0.0,3.5569
58,Rest,365.0,0.0,3.5569
58,Rest,365.0999999999767,0.0,3.557
58,Rest,365.20000000001164,0.0,3.557
58,Rest,365.29999999998836,0.0,3.557
58,Rest,365.4000000000233,0.0,3.557
58,Rest,365.5,0.0,3.557
58,Rest,365.5999999999767,0.0,3.557
58,Rest,365.70000000001164,0.0,3.557
58,Rest,365.79999999998836,0.0,3.5571
58,Rest,365.9000000000233,0.0,3.5571
58,Rest,366.0,0.0,3.5571
58,Rest,366.0999999999767,0.0,3.5571
58,Rest,366.20000000001164,0.0,3.5571
58,Rest,366.29999999998836,0.0,3.5571
58,Rest,366.4000000000233,0.0,3.5571
58,Rest,366.5,0.0,3.5571
58,Rest,366.5999999999767,0.0,3.5572
58,Rest,366.70000000001164,0.0,3.5572
58,Rest,366.79999999998836,0.0,3.5572
58,Rest,366.9000000000233,0.0,3.5572
58,Rest,367.0,0.0,3.5573
58,Rest,367.0999999999767,0.0,3.5572
58,Rest,367.20000000001164,0.0,3.5573
58,Rest,367.29999999998836,0.0,3.5573
58,Rest,367.4000000000233,0.0,3.5573
58,Rest,367.5,0.0,3.5573
58,Rest,367.5999999999767,0.0,3.5573
58,Rest,367.70000000001164,0.0,3.5573
58,Rest,367.79999999998836,0.0,3.5573
58,Rest,367.9000000000233,0.0,3.5573
58,Rest,368.0,0.0,3.5574
58,Rest,368.0999999999767,0.0,3.5574
58,Rest,368.20000000001164,0.0,3.5574
58,Rest,368.29999999998836,0.0,3.5574
58,Rest,368.4000000000233,0.0,3.5574
58,Rest,368.5,0.0,3.5574
58,Rest,368.5999999999767,0.0,3.5574
58,Rest,368.70000000001164,0.0,3.5574
58,Rest,368.79999999998836,0.0,3.5575
58,Rest,368.9000000000233,0.0,3.5575
58,Rest,369.0,0.0,3.5575
58,Rest,369.0999999999767,0.0,3.5575
58,Rest,369.20000000001164,0.0,3.5575
58,Rest,369.29999999998836,0.0,3.5575
58,Rest,369.4000000000233,0.0,3.5575
58,Rest,369.5,0.0,3.5576
58,Rest,369.5999999999767,0.0,3.5576
58,Rest,369.70000000001164,0.0,3.5576
58,Rest,369.79999999998836,0.0,3.5576
58,Rest,369.9000000000233,0.0,3.5576
58,Rest,370.0,0.0,3.5576
58,Rest,370.0999999999767,0.0,3.5576
58,Rest,370.20000000001164,0.0,3.5576
58,Rest,370.29999999998836,0.0,3.5576
58,Rest,370.4000000000233,0.0,3.5577
58,Rest,370.5,0.0,3.5577
58,Rest,370.5999999999767,0.0,3.5577
58,Rest,370.70000000001164,0.0,3.5577
58,Rest,370.79999999998836,0.0,3.5578
58,Rest,370.9000000000233,0.0,3.5578
58,Rest,371.0,0.0,3.5578
58,Rest,371.0999999999767,0.0,3.5578
58,Rest,371.20000000001164,0.0,3.5578
58,Rest,371.29999999998836,0.0,3.5578
58,Rest,371.4000000000233,0.0,3.5578
58,Rest,371.5,0.0,3.5578
58,Rest,371.5999999999767,0.0,3.5579
58,Rest,371.70000000001164,0.0,3.5578
58,Rest,371.79999999998836,0.0,3.5578
58,Rest,371.9000000000233,0.0,3.5578
58,Rest,372.0,0.0,3.5579
58,Rest,372.0999999999767,0.0,3.5579
58,Rest,372.20000000001164,0.0,3.5579
58,Rest,372.29999999998836,0.0,3.5579
58,Rest,372.4000000000233,0.0,3.5579
58,Rest,372.5,0.0,3.5579
58,Rest,372.5999999999767,0.0,3.5579
58,Rest,372.70000000001164,0.0,3.5579
58,Rest,372.79999999998836,0.0,3.558
58,Rest,372.9000000000233,0.0,3.558
58,Rest,373.0,0.0,3.558
58,Rest,373.0999999999767,0.0,3.558
58,Rest,373.20000000001164,0.0,3.558
58,Rest,373.29999999998836,0.0,3.558
58,Rest,373.4000000000233,0.0,3.558
58,Rest,373.5,0.0,3.558
58,Rest,373.5999999999767,0.0,3.5581
58,Rest,373.70000000001164,0.0,3.558
58,Rest,373.79999999998836,0.0,3.5581
58,Rest,373.9000000000233,0.0,3.5581
58,Rest,374.0,0.0,3.5581
58,Rest,374.0999999999767,0.0,3.5581
58,Rest,374.20000000001164,0.0,3.5581
58,Rest,374.29999999998836,0.0,3.5581
58,Rest,374.4000000000233,0.0,3.5581
58,Rest,374.5,0.0,3.5582
58,Rest,374.5999999999767,0.0,3.5582
58,Rest,374.70000000001164,0.0,3.5582
58,Rest,374.79999999998836,0.0,3.5582
58,Rest,374.9000000000233,0.0,3.5582
58,Rest,375.0,0.0,3.5583
58,Rest,375.0999999999767,0.0,3.5583
58,Rest,375.20000000001164,0.0,3.5583
58,Rest,375.29999999998836,0.0,3.5583
58,Rest,375.4000000000233,0.0,3.5583
58,Rest,375.5,0.0,3.5583
58,Rest,375.5999999999767,0.0,3.5583
58,Rest,375.70000000001164,0.0,3.5583
58,Rest,375.79999999998836,0.0,3.5583
58,Rest,375.9000000000233,0.0,3.5584
58,Rest,376.0,0.0,3.5583
58,Rest,376.0999999999767,0.0,3.5583
58,Rest,376.20000000001164,0.0,3.5584
58,Rest,376.29999999998836,0.0,3.5583
58,Rest,376.4000000000233,0.0,3.5584
58,Rest,376.5,0.0,3.5584
58,Rest,376.5999999999767,0.0,3.5584
58,Rest,376.70000000001164,0.0,3.5584
58,Rest,376.79999999998836,0.0,3.5584
58,Rest,376.9000000000233,0.0,3.5584
58,Rest,377.0,0.0,3.5585
58,Rest,377.0999999999767,0.0,3.5585
58,Rest,377.20000000001164,0.0,3.5585
58,Rest,377.29999999998836,0.0,3.5585
58,Rest,377.4000000000233,0.0,3.5585
58,Rest,377.5,0.0,3.5586
58,Rest,377.5999999999767,0.0,3.5586
58,Rest,377.70000000001164,0.0,3.5586
58,Rest,377.79999999998836,0.0,3.5586
58,Rest,377.9000000000233,0.0,3.5586
58,Rest,378.0,0.0,3.5586
58,Rest,378.0999999999767,0.0,3.5586
58,Rest,378.20000000001164,0.0,3.5586
58,Rest,378.29999999998836,0.0,3.5586
58,Rest,378.4000000000233,0.0,3.5586
58,Rest,378.5,0.0,3.5586
58,Rest,378.5999999999767,0.0,3.5587
58,Rest,378.70000000001164,0.0,3.5587
58,Rest,378.79999999998836,0.0,3.5587
58,Rest,378.9000000000233,0.0,3.5587
58,Rest,379.0,0.0,3.5587
58,Rest,379.0999999999767,0.0,3.5587
58,Rest,379.20000000001164,0.0,3.5587
58,Rest,379.29999999998836,0.0,3.5587
58,Rest,379.4000000000233,0.0,3.5588
58,Rest,379.5,0.0,3.5588
58,Rest,379.5999999999767,0.0,3.5588
58,Rest,379.70000000001164,0.0,3.5588
58,Rest,379.79999999998836,0.0,3.5588
58,Rest,379.9000000000233,0.0,3.5588
58,Rest,380.0,0.0,3.5588
58,Rest,380.0999999999767,0.0,3.5588
58,Rest,380.20000000001164,0.0,3.5588
58,Rest,380.29999999998836,0.0,3.5589
58,Rest,380.4000000000233,0.0,3.5589
58,Rest,380.5,0.0,3.5589
58,Rest,380.5999999999767,0.0,3.5588
58,Rest,380.70000000001164,0.0,3.5589
58,Rest,380.79999999998836,0.0,3.5589
58,Rest,380.9000000000233,0.0,3.5589
58,Rest,381.0,0.0,3.5589
58,Rest,381.0999999999767,0.0,3.5589
58,Rest,381.20000000001164,0.0,3.5589
58,Rest,381.29999999998836,0.0,3.5589
58,Rest,381.4000000000233,0.0,3.5589
58,Rest,381.5,0.0,3.559
58,Rest,381.5999999999767,0.0,3.559
58,Rest,381.70000000001164,0.0,3.559
58,Rest,381.79999999998836,0.0,3.559
58,Rest,381.9000000000233,0.0,3.5591
58,Rest,382.0,0.0,3.5591
58,Rest,382.0999999999767,0.0,3.559
58,Rest,382.20000000001164,0.0,3.5591
58,Rest,382.29999999998836,0.0,3.559
58,Rest,382.4000000000233,0.0,3.5591
58,Rest,382.5,0.0,3.5591
58,Rest,382.5999999999767,0.0,3.5591
58,Rest,382.70000000001164,0.0,3.5591
58,Rest,382.79999999998836,0.0,3.5591
58,Rest,382.9000000000233,0.0,3.5591
58,Rest,383.0,0.0,3.5591
58,Rest,383.0999999999767,0.0,3.5591
58,Rest,383.20000000001164,0.0,3.5591
58,Rest,383.29999999998836,0.0,3.5592
58,Rest,383.4000000000233,0.0,3.5592
58,Rest,383.5,0.0,3.5592
58,Rest,383.5999999999767,0.0,3.5592
58,Rest,383.70000000001164,0.0,3.5592
58,Rest,383.79999999998836,0.0,3.5592
58,Rest,383.9000000000233,0.0,3.5592
58,Rest,384.0,0.0,3.5593
58,Rest,384.0999999999767,0.0,3.5593
58,Rest,384.20000000001164,0.0,3.5593
58,Rest,384.29999999998836,0.0,3.5593
58,Rest,384.4000000000233,0.0,3.5593
58,Rest,384.5,0.0,3.5594
58,Rest,384.5999999999767,0.0,3.5594
58,Rest,384.70000000001164,0.0,3.5593
58,Rest,384.79999999998836,0.0,3.5593
58,Rest,384.9000000000233,0.0,3.5594
58,Rest,385.0,0.0,3.5594
58,Rest,385.0999999999767,0.0,3.5594
58,Rest,385.20000000001164,0.0,3.5594
58,Rest,385.29999999998836,0.0,3.5594
58,Rest,385.4000000000233,0.0,3.5594
58,Rest,385.5,0.0,3.5595
58,Rest,385.5999999999767,0.0,3.5595
58,Rest,385.70000000001164,0.0,3.5594
58,Rest,385.79999999998836,0.0,3.5594
58,Rest,385.9000000000233,0.0,3.5594
58,Rest,386.0,0.0,3.5594
58,Rest,386.0999999999767,0.0,3.5594
58,Rest,386.20000000001164,0.0,3.5595
58,Rest,386.29999999998836,0.0,3.5594
58,Rest,386.4000000000233,0.0,3.5595
58,Rest,386.5,0.0,3.5595
58,Rest,386.5999999999767,0.0,3.5595
58,Rest,386.70000000001164,0.0,3.5595
58,Rest,386.79999999998836,0.0,3.5595
58,Rest,386.9000000000233,0.0,3.5595
58,Rest,387.0,0.0,3.5596
58,Rest,387.0999999999767,0.0,3.5596
58,Rest,387.20000000001164,0.0,3.5596
58,Rest,387.29999999998836,0.0,3.5596
58,Rest,387.4000000000233,0.0,3.5596
58,Rest,387.5,0.0,3.5596
58,Rest,387.5999999999767,0.0,3.5596
58,Rest,387.70000000001164,0.0,3.5596
58,Rest,387.79999999998836,0.0,3.5596
58,Rest,387.9000000000233,0.0,3.5596
58,Rest,388.0,0.0,3.5596
58,Rest,388.0999999999767,0.0,3.5597
58,Rest,388.20000000001164,0.0,3.5597
58,Rest,388.29999999998836,0.0,3.5597
58,Rest,388.4000000000233,0.0,3.5597
58,Rest,388.5,0.0,3.5597
58,Rest,388.5999999999767,0.0,3.5597
58,Rest,388.70000000001164,0.0,3.5597
58,Rest,388.79999999998836,0.0,3.5597
58,Rest,388.9000000000233,0.0,3.5598
58,Rest,389.0,0.0,3.5598
58,Rest,389.0999999999767,0.0,3.5598
58,Rest,389.20000000001164,0.0,3.5598
58,Rest,389.29999999998836,0.0,3.5598
58,Rest,389.4000000000233,0.0,3.5598
58,Rest,389.5,0.0,3.5598
58,Rest,389.5999999999767,0.0,3.5598
58,Rest,389.70000000001164,0.0,3.5599
58,Rest,389.79999999998836,0.0,3.5599
58,Rest,389.9000000000233,0.0,3.5599
58,Rest,390.0,0.0,3.5599
58,Rest,390.0999999999767,0.0,3.5599
58,Rest,390.20000000001164,0.0,3.5599
58,Rest,390.29999999998836,0.0,3.5599
58,Rest,390.4000000000233,0.0,3.5599
58,Rest,390.5,0.0,3.5599
58,Rest,390.5999999999767,0.0,3.5599
58,Rest,390.70000000001164,0.0,3.5599
58,Rest,390.79999999998836,0.0,3.56
58,Rest,390.9000000000233,0.0,3.5599
58,Rest,391.0,0.0,3.5599
58,Rest,391.0999999999767,0.0,3.56
58,Rest,391.20000000001164,0.0,3.56
58,Rest,391.29999999998836,0.0,3.56
58,Rest,391.4000000000233,0.0,3.56
58,Rest,391.5,0.0,3.56
58,Rest,391.5999999999767,0.0,3.56
58,Rest,391.70000000001164,0.0,3.56
58,Rest,391.79999999998836,0.0,3.56
58,Rest,391.9000000000233,0.0,3.5601
58,Rest,392.0,0.0,3.5601
58,Rest,392.0999999999767,0.0,3.5601
58,Rest,392.20000000001164,0.0,3.5601
58,Rest,392.29999999998836,0.0,3.5601
58,Rest,392.4000000000233,0.0,3.5601
58,Rest,392.5,0.0,3.5601
58,Rest,392.5999999999767,0.0,3.5601
58,Rest,392.70000000001164,0.0,3.5601
58,Rest,392.79999999998836,0.0,3.5601
58,Rest,392.9000000000233,0.0,3.5602
58,Rest,393.0,0.0,3.5601
58,Rest,393.0999999999767,0.0,3.5601
58,Rest,393.20000000001164,0.0,3.5601
58,Rest,393.29999999998836,0.0,3.5602
58,Rest,393.4000000000233,0.0,3.5602
58,Rest,393.5,0.0,3.5602
58,Rest,393.5999999999767,0.0,3.5602
58,Rest,393.70000000001164,0.0,3.5602
58,Rest,393.79999999998836,0.0,3.5602
58,Rest,393.9000000000233,0.0,3.5602
58,Rest,394.0,0.0,3.5602
58,Rest,394.0999999999767,0.0,3.5602
58,Rest,394.20000000001164,0.0,3.5602
58,Rest,394.29999999998836,0.0,3.5602
58,Rest,394.4000000000233,0.0,3.5603
58,Rest,394.5,0.0,3.5603
58,Rest,394.5999999999767,0.0,3.5603
58,Rest,394.70000000001164,0.0,3.5603
58,Rest,394.79999999998836,0.0,3.5603
58,Rest,394.9000000000233,0.0,3.5603
58,Rest,395.0,0.0,3.5603
58,Rest,395.0999999999767,0.0,3.5603
58,Rest,395.20000000001164,0.0,3.5603
58,Rest,395.29999999998836,0.0,3.5604
58,Rest,395.4000000000233,0.0,3.5604
58,Rest,395.5,0.0,3.5604
58,Rest,395.5999999999767,0.0,3.5604
58,Rest,395.70000000001164,0.0,3.5604
58,Rest,395.79999999998836,0.0,3.5604
58,Rest,395.9000000000233,0.0,3.5604
58,Rest,396.0,0.0,3.5604
58,Rest,396.0999999999767,0.0,3.5604
58,Rest,396.20000000001164,0.0,3.5604
58,Rest,396.29999999998836,0.0,3.5604
58,Rest,396.4000000000233,0.0,3.5605
58,Rest,396.5,0.0,3.5605
58,Rest,396.5999999999767,0.0,3.5605
58,Rest,396.70000000001164,0.0,3.5605
58,Rest,396.79999999998836,0.0,3.5605
58,Rest,396.9000000000233,0.0,3.5605
58,Rest,397.0,0.0,3.5605
58,Rest,397.0999999999767,0.0,3.5605
58,Rest,397.20000000001164,0.0,3.5605
58,Rest,397.29999999998836,0.0,3.5605
58,Rest,397.4000000000233,0.0,3.5605
58,Rest,397.5,0.0,3.5605
58,Rest,397.5999999999767,0.0,3.5606
58,Rest,397.70000000001164,0.0,3.5606
58,Rest,397.79999999998836,0.0,3.5605
58,Rest,397.9000000000233,0.0,3.5606
58,Rest,398.0,0.0,3.5606
58,Rest,398.0999999999767,0.0,3.5606
58,Rest,398.20000000001164,0.0,3.5606
58,Rest,398.29999999998836,0.0,3.5606
58,Rest,398.4000000000233,0.0,3.5606
58,Rest,398.5,0.0,3.5606
58,Rest,398.5999999999767,0.0,3.5607
58,Rest,398.70000000001164,0.0,3.5607
58,Rest,398.79999999998836,0.0,3.5607
58,Rest,398.9000000000233,0.0,3.5607
58,Rest,399.0,0.0,3.5607
58,Rest,399.0999999999767,0.0,3.5607
58,Rest,399.20000000001164,0.0,3.5607
58,Rest,399.29999999998836,0.0,3.5607
58,Rest,399.4000000000233,0.0,3.5607
58,Rest,399.5,0.0,3.5607
58,Rest,399.5999999999767,0.0,3.5607
58,Rest,399.70000000001164,0.0,3.5607
58,Rest,399.79999999998836,0.0,3.5607
58,Rest,399.9000000000233,0.0,3.5608
58,Rest,400.0,0.0,3.5608
58,Rest,400.0999999999767,0.0,3.5607
58,Rest,400.20000000001164,0.0,3.5607
58,Rest,400.29999999998836,0.0,3.5607
58,Rest,400.4000000000233,0.0,3.5607
58,Rest,400.5,0.0,3.5608
58,Rest,400.5999999999767,0.0,3.5608
58,Rest,400.70000000001164,0.0,3.5608
58,Rest,400.79999999998836,0.0,3.5608
58,Rest,400.9000000000233,0.0,3.5608
58,Rest,401.0,0.0,3.5608
58,Rest,401.0999999999767,0.0,3.5609
58,Rest,401.20000000001164,0.0,3.5609
58,Rest,401.29999999998836,0.0,3.5609
58,Rest,401.4000000000233,0.0,3.5609
58,Rest,401.5,0.0,3.5608
58,Rest,401.5999999999767,0.0,3.5609
58,Rest,401.70000000001164,0.0,3.5609
58,Rest,401.79999999998836,0.0,3.5609
58,Rest,401.9000000000233,0.0,3.5609
58,Rest,402.0,0.0,3.5609
58,Rest,402.0999999999767,0.0,3.5609
58,Rest,402.20000000001164,0.0,3.561
58,Rest,402.29999999998836,0.0,3.5609
58,Rest,402.4000000000233,0.0,3.561
58,Rest,402.5,0.0,3.561
58,Rest,402.5999999999767,0.0,3.561
58,Rest,402.70000000001164,0.0,3.561
58,Rest,402.79999999998836,0.0,3.561
58,Rest,402.9000000000233,0.0,3.561
58,Rest,403.0,0.0,3.561
58,Rest,403.0999999999767,0.0,3.561
58,Rest,403.20000000001164,0.0,3.561
58,Rest,403.29999999998836,0.0,3.561
58,Rest,403.4000000000233,0.0,3.561
58,Rest,403.5,0.0,3.561
58,Rest,403.5999999999767,0.0,3.561
58,Rest,403.70000000001164,0.0,3.561
58,Rest,403.79999999998836,0.0,3.561
58,Rest,403.9000000000233,0.0,3.5611
58,Rest,404.0,0.0,3.5611
58,Rest,404.0999999999767,0.0,3.5611
58,Rest,404.20000000001164,0.0,3.5611
58,Rest,404.29999999998836,0.0,3.5611
58,Rest,404.4000000000233,0.0,3.5611
58,Rest,404.5,0.0,3.5611
58,Rest,404.5999999999767,0.0,3.5611
58,Rest,404.70000000001164,0.0,3.5611
58,Rest,404.79999999998836,0.0,3.5611
58,Rest,404.9000000000233,0.0,3.5612
58,Rest,405.0,0.0,3.5612
58,Rest,405.0999999999767,0.0,3.5612
58,Rest,405.20000000001164,0.0,3.5612
58,Rest,405.29999999998836,0.0,3.5612
58,Rest,405.4000000000233,0.0,3.5612
58,Rest,405.5,0.0,3.5612
58,Rest,405.5999999999767,0.0,3.5612
58,Rest,405.70000000001164,0.0,3.5612
58,Rest,405.79999999998836,0.0,3.5612
58,Rest,405.9000000000233,0.0,3.5612
58,Rest,406.0,0.0,3.5613
58,Rest,406.0999999999767,0.0,3.5613
58,Rest,406.20000000001164,0.0,3.5613
58,Rest,406.29999999998836,0.0,3.5613
58,Rest,406.4000000000233,0.0,3.5613
58,Rest,406.5,0.0,3.5613
58,Rest,406.5999999999767,0.0,3.5613
58,Rest,406.70000000001164,0.0,3.5613
58,Rest,406.79999999998836,0.0,3.5613
58,Rest,406.9000000000233,0.0,3.5613
58,Rest,407.0,0.0,3.5614
58,Rest,407.0999999999767,0.0,3.5614
58,Rest,407.20000000001164,0.0,3.5614
58,Rest,407.29999999998836,0.0,3.5614
58,Rest,407.4000000000233,0.0,3.5614
58,Rest,407.5,0.0,3.5614
58,Rest,407.5999999999767,0.0,3.5614
58,Rest,407.70000000001164,0.0,3.5614
58,Rest,407.79999999998836,0.0,3.5614
58,Rest,407.9000000000233,0.0,3.5614
58,Rest,408.0,0.0,3.5614
58,Rest,408.0999999999767,0.0,3.5614
58,Rest,408.20000000001164,0.0,3.5614
58,Rest,408.29999999998836,0.0,3.5614
58,Rest,408.4000000000233,0.0,3.5615
58,Rest,408.5,0.0,3.5615
58,Rest,408.5999999999767,0.0,3.5615
58,Rest,408.70000000001164,0.0,3.5615
58,Rest,408.79999999998836,0.0,3.5615
58,Rest,408.9000000000233,0.0,3.5615
58,Rest,409.0,0.0,3.5616
58,Rest,409.0999999999767,0.0,3.5615
58,Rest,409.20000000001164,0.0,3.5616
58,Rest,409.29999999998836,0.0,3.5616
58,Rest,409.4000000000233,0.0,3.5616
58,Rest,409.5,0.0,3.5616
58,Rest,409.5999999999767,0.0,3.5616
58,Rest,409.70000000001164,0.0,3.5616
58,Rest,409.79999999998836,0.0,3.5616
58,Rest,409.9000000000233,0.0,3.5616
58,Rest,410.0,0.0,3.5616
58,Rest,410.0999999999767,0.0,3.5616
58,Rest,410.20000000001164,0.0,3.5616
58,Rest,410.29999999998836,0.0,3.5616
58,Rest,410.4000000000233,0.0,3.5616
58,Rest,410.5,0.0,3.5617
58,Rest,410.5999999999767,0.0,3.5617
58,Rest,410.70000000001164,0.0,3.5616
58,Rest,410.79999999998836,0.0,3.5617
58,Rest,410.9000000000233,0.0,3.5617
58,Rest,411.0,0.0,3.5618
58,Rest,411.0999999999767,0.0,3.5617
58,Rest,411.20000000001164,0.0,3.5617
58,Rest,411.29999999998836,0.0,3.5617
58,Rest,411.4000000000233,0.0,3.5617
58,Rest,411.5,0.0,3.5618
58,Rest,411.5999999999767,0.0,3.5618
58,Rest,411.70000000001164,0.0,3.5618
58,Rest,411.79999999998836,0.0,3.5618
58,Rest,411.9000000000233,0.0,3.5618
58,Rest,412.0,0.0,3.5618
58,Rest,412.0999999999767,0.0,3.5618
58,Rest,412.20000000001164,0.0,3.5618
58,Rest,412.29999999998836,0.0,3.5618
58,Rest,412.4000000000233,0.0,3.5618
58,Rest,412.5,0.0,3.5618
58,Rest,412.5999999999767,0.0,3.5618
58,Rest,412.70000000001164,0.0,3.5618
58,Rest,412.79999999998836,0.0,3.5618
58,Rest,412.9000000000233,0.0,3.5618
58,Rest,413.0,0.0,3.5618
58,Rest,413.0999999999767,0.0,3.5619
58,Rest,413.20000000001164,0.0,3.5619
58,Rest,413.29999999998836,0.0,3.5619
58,Rest,413.4000000000233,0.0,3.5619
58,Rest,413.5,0.0,3.5619
58,Rest,413.5999999999767,0.0,3.5619
58,Rest,413.70000000001164,0.0,3.5619
58,Rest,413.79999999998836,0.0,3.5619
58,Rest,413.9000000000233,0.0,3.5619
58,Rest,414.0,0.0,3.5619
58,Rest,414.0999999999767,0.0,3.5619
58,Rest,414.20000000001164,0.0,3.5619
58,Rest,414.29999999998836,0.0,3.5619
58,Rest,414.4000000000233,0.0,3.5619
58,Rest,414.5,0.0,3.562
58,Rest,414.5999999999767,0.0,3.562
58,Rest,414.70000000001164,0.0,3.562
58,Rest,414.79999999998836,0.0,3.562
58,Rest,414.9000000000233,0.0,3.562
58,Rest,415.0,0.0,3.562
58,Rest,415.0999999999767,0.0,3.562
58,Rest,415.20000000001164,0.0,3.562
58,Rest,415.29999999998836,0.0,3.562
58,Rest,415.4000000000233,0.0,3.5621
58,Rest,415.5,0.0,3.5621
58,Rest,415.5999999999767,0.0,3.5621
58,Rest,415.70000000001164,0.0,3.5621
58,Rest,415.79999999998836,0.0,3.562
58,Rest,415.9000000000233,0.0,3.562
58,Rest,416.0,0.0,3.5621
58,Rest,416.0999999999767,0.0,3.5621
58,Rest,416.20000000001164,0.0,3.5621
58,Rest,416.29999999998836,0.0,3.5621
58,Rest,416.4000000000233,0.0,3.5621
58,Rest,416.5,0.0,3.5621
58,Rest,416.5999999999767,0.0,3.5621
58,Rest,416.70000000001164,0.0,3.5621
58,Rest,416.79999999998836,0.0,3.5621
58,Rest,416.9000000000233,0.0,3.5621
58,Rest,417.0,0.0,3.5621
58,Rest,417.0999999999767,0.0,3.5622
58,Rest,417.20000000001164,0.0,3.5622
58,Rest,417.29999999998836,0.0,3.5622
58,Rest,417.4000000000233,0.0,3.5621
58,Rest,417.5,0.0,3.5622
58,Rest,417.5999999999767,0.0,3.5622
58,Rest,417.70000000001164,0.0,3.5622
58,Rest,417.79999999998836,0.0,3.5622
58,Rest,417.9000000000233,0.0,3.5622
58,Rest,418.0,0.0,3.5622
58,Rest,418.0999999999767,0.0,3.5622
58,Rest,418.20000000001164,0.0,3.5622
58,Rest,418.29999999998836,0.0,3.5622
58,Rest,418.4000000000233,0.0,3.5622
58,Rest,418.5,0.0,3.5622
58,Rest,418.5999999999767,0.0,3.5622
58,Rest,418.70000000001164,0.0,3.5622
58,Rest,418.79999999998836,0.0,3.5622
58,Rest,418.9000000000233,0.0,3.5622
58,Rest,419.0,0.0,3.5623
58,Rest,419.0999999999767,0.0,3.5622
58,Rest,419.20000000001164,0.0,3.5623
58,Rest,419.29999999998836,0.0,3.5623
58,Rest,419.4000000000233,0.0,3.5623
58,Rest,419.5,0.0,3.5623
58,Rest,419.5999999999767,0.0,3.5623
58,Rest,419.70000000001164,0.0,3.5623
58,Rest,419.79999999998836,0.0,3.5623
58,Rest,419.9000000000233,0.0,3.5623
58,Rest,420.0,0.0,3.5623
58,Rest,420.0999999999767,0.0,3.5624
58,Rest,420.20000000001164,0.0,3.5624
58,Rest,420.29999999998836,0.0,3.5624
58,Rest,420.4000000000233,0.0,3.5624
58,Rest,420.5,0.0,3.5624
58,Rest,420.5999999999767,0.0,3.5624
58,Rest,420.70000000001164,0.0,3.5624
58,Rest,420.79999999998836,0.0,3.5624
58,Rest,420.9000000000233,0.0,3.5624
58,Rest,421.0,0.0,3.5624
58,Rest,421.0999999999767,0.0,3.5624
58,Rest,421.20000000001164,0.0,3.5624
58,Rest,421.29999999998836,0.0,3.5624
58,Rest,421.4000000000233,0.0,3.5624
58,Rest,421.5,0.0,3.5625
58,Rest,421.5999999999767,0.0,3.5625
58,Rest,421.70000000001164,0.0,3.5625
58,Rest,421.79999999998836,0.0,3.5625
58,Rest,421.9000000000233,0.0,3.5625
58,Rest,422.0,0.0,3.5625
58,Rest,422.0999999999767,0.0,3.5625
58,Rest,422.20000000001164,0.0,3.5625
58,Rest,422.29999999998836,0.0,3.5625
58,Rest,422.4000000000233,0.0,3.5625
58,Rest,422.5,0.0,3.5625
58,Rest,422.5999999999767,0.0,3.5626
58,Rest,422.70000000001164,0.0,3.5626
58,Rest,422.79999999998836,0.0,3.5625
58,Rest,422.9000000000233,0.0,3.5625
58,Rest,423.0,0.0,3.5625
58,Rest,423.0999999999767,0.0,3.5625
58,Rest,423.20000000001164,0.0,3.5626
58,Rest,423.29999999998836,0.0,3.5625
58,Rest,423.4000000000233,0.0,3.5626
58,Rest,423.5,0.0,3.5626
58,Rest,423.5999999999767,0.0,3.5626
58,Rest,423.70000000001164,0.0,3.5626
58,Rest,423.79999999998836,0.0,3.5626
58,Rest,423.9000000000233,0.0,3.5626
58,Rest,424.0,0.0,3.5626
58,Rest,424.0999999999767,0.0,3.5626
58,Rest,424.20000000001164,0.0,3.5626
58,Rest,424.29999999998836,0.0,3.5626
58,Rest,424.4000000000233,0.0,3.5626
58,Rest,424.5,0.0,3.5626
58,Rest,424.5999999999767,0.0,3.5626
58,Rest,424.70000000001164,0.0,3.5627
58,Rest,424.79999999998836,0.0,3.5627
58,Rest,424.9000000000233,0.0,3.5627
58,Rest,425.0,0.0,3.5627
58,Rest,425.0999999999767,0.0,3.5627
58,Rest,425.20000000001164,0.0,3.5627
58,Rest,425.29999999998836,0.0,3.5627
58,Rest,425.4000000000233,0.0,3.5627
58,Rest,425.5,0.0,3.5627
58,Rest,425.5999999999767,0.0,3.5628
58,Rest,425.70000000001164,0.0,3.5628
58,Rest,425.79999999998836,0.0,3.5628
58,Rest,425.9000000000233,0.0,3.5628
58,Rest,426.0,0.0,3.5628
58,Rest,426.0999999999767,0.0,3.5628
58,Rest,426.20000000001164,0.0,3.5628
58,Rest,426.29999999998836,0.0,3.5628
58,Rest,426.4000000000233,0.0,3.5628
58,Rest,426.5,0.0,3.5628
58,Rest,426.5999999999767,0.0,3.5628
58,Rest,426.70000000001164,0.0,3.5628
58,Rest,426.79999999998836,0.0,3.5628
58,Rest,426.9000000000233,0.0,3.5628
58,Rest,427.0,0.0,3.5629
58,Rest,427.0999999999767,0.0,3.5629
58,Rest,427.20000000001164,0.0,3.5629
58,Rest,427.29999999998836,0.0,3.5629
58,Rest,427.4000000000233,0.0,3.5629
58,Rest,427.5,0.0,3.5629
58,Rest,427.5999999999767,0.0,3.5629
58,Rest,427.70000000001164,0.0,3.5629
58,Rest,427.79999999998836,0.0,3.5629
58,Rest,427.9000000000233,0.0,3.5629
58,Rest,428.0,0.0,3.5629
58,Rest,428.0999999999767,0.0,3.5629
58,Rest,428.20000000001164,0.0,3.5628
58,Rest,428.29999999998836,0.0,3.5629
58,Rest,428.4000000000233,0.0,3.5629
58,Rest,428.5,0.0,3.563
58,Rest,428.5999999999767,0.0,3.5629
58,Rest,428.70000000001164,0.0,3.5629
58,Rest,428.79999999998836,0.0,3.5629
58,Rest,428.9000000000233,0.0,3.5629
58,Rest,429.0,0.0,3.563
58,Rest,429.0999999999767,0.0,3.563
58,Rest,429.20000000001164,0.0,3.5629
58,Rest,429.29999999998836,0.0,3.5629
58,Rest,429.4000000000233,0.0,3.5629
58,Rest,429.5,0.0,3.563
58,Rest,429.5999999999767,0.0,3.5629
58,Rest,429.70000000001164,0.0,3.563
58,Rest,429.79999999998836,0.0,3.563
58,Rest,429.9000000000233,0.0,3.563
58,Rest,430.0,0.0,3.563
58,Rest,430.0999999999767,0.0,3.563
58,Rest,430.20000000001164,0.0,3.563
58,Rest,430.29999999998836,0.0,3.563
58,Rest,430.4000000000233,0.0,3.563
58,Rest,430.5,0.0,3.563
58,Rest,430.5999999999767,0.0,3.563
58,Rest,430.70000000001164,0.0,3.563
58,Rest,430.79999999998836,0.0,3.563
58,Rest,430.9000000000233,0.0,3.5631
58,Rest,431.0,0.0,3.563
58,Rest,431.0999999999767,0.0,3.5631
58,Rest,431.20000000001164,0.0,3.5631
58,Rest,431.29999999998836,0.0,3.5631
58,Rest,431.4000000000233,0.0,3.5631
58,Rest,431.5,0.0,3.5631
58,Rest,431.5999999999767,0.0,3.5631
58,Rest,431.70000000001164,0.0,3.5631
58,Rest,431.79999999998836,0.0,3.5631
58,Rest,431.9000000000233,0.0,3.5631
58,Rest,432.0,0.0,3.5631
58,Rest,432.0999999999767,0.0,3.5631
58,Rest,432.20000000001164,0.0,3.5632
58,Rest,432.29999999998836,0.0,3.5632
58,Rest,432.4000000000233,0.0,3.5632
58,Rest,432.5,0.0,3.5632
58,Rest,432.5999999999767,0.0,3.5631
58,Rest,432.70000000001164,0.0,3.5631
58,Rest,432.79999999998836,0.0,3.5632
58,Rest,432.9000000000233,0.0,3.5632
58,Rest,433.0,0.0,3.5631
58,Rest,433.0999999999767,0.0,3.5632
58,Rest,433.20000000001164,0.0,3.5632
58,Rest,433.29999999998836,0.0,3.5632
58,Rest,433.4000000000233,0.0,3.5632
58,Rest,433.5,0.0,3.5632
58,Rest,433.5999999999767,0.0,3.5632
58,Rest,433.70000000001164,0.0,3.5632
58,Rest,433.79999999998836,0.0,3.5632
58,Rest,433.9000000000233,0.0,3.5632
58,Rest,434.0,0.0,3.5632
58,Rest,434.0999999999767,0.0,3.5632
58,Rest,434.20000000001164,0.0,3.5633
58,Rest,434.29999999998836,0.0,3.5633
58,Rest,434.4000000000233,0.0,3.5632
58,Rest,434.5,0.0,3.5632
58,Rest,434.5999999999767,0.0,3.5633
58,Rest,434.70000000001164,0.0,3.5633
58,Rest,434.79999999998836,0.0,3.5633
58,Rest,434.9000000000233,0.0,3.5633
58,Rest,435.0,0.0,3.5633
58,Rest,435.0999999999767,0.0,3.5633
58,Rest,435.20000000001164,0.0,3.5633
58,Rest,435.29999999998836,0.0,3.5633
58,Rest,435.4000000000233,0.0,3.5633
58,Rest,435.5,0.0,3.5633
58,Rest,435.5999999999767,0.0,3.5633
58,Rest,435.70000000001164,0.0,3.5633
58,Rest,435.79999999998836,0.0,3.5633
58,Rest,435.9000000000233,0.0,3.5633
58,Rest,436.0,0.0,3.5633
58,Rest,436.0999999999767,0.0,3.5633
58,Rest,436.20000000001164,0.0,3.5633
58,Rest,436.29999999998836,0.0,3.5634
58,Rest,436.4000000000233,0.0,3.5634
58,Rest,436.5,0.0,3.5634
58,Rest,436.5999999999767,0.0,3.5634
58,Rest,436.70000000001164,0.0,3.5634
58,Rest,436.79999999998836,0.0,3.5634
58,Rest,436.9000000000233,0.0,3.5634
58,Rest,437.0,0.0,3.5633
58,Rest,437.0999999999767,0.0,3.5634
58,Rest,437.20000000001164,0.0,3.5634
58,Rest,437.29999999998836,0.0,3.5634
58,Rest,437.4000000000233,0.0,3.5634
58,Rest,437.5,0.0,3.5634
58,Rest,437.5999999999767,0.0,3.5634
58,Rest,437.70000000001164,0.0,3.5634
58,Rest,437.79999999998836,0.0,3.5634
58,Rest,437.9000000000233,0.0,3.5634
58,Rest,438.0,0.0,3.5634
58,Rest,438.0999999999767,0.0,3.5634
58,Rest,438.20000000001164,0.0,3.5635
58,Rest,438.29999999998836,0.0,3.5635
58,Rest,438.4000000000233,0.0,3.5635
58,Rest,438.5,0.0,3.5634
58,Rest,438.5999999999767,0.0,3.5635
58,Rest,438.70000000001164,0.0,3.5635
58,Rest,438.79999999998836,0.0,3.5634
58,Rest,438.9000000000233,0.0,3.5635
58,Rest,439.0,0.0,3.5635
58,Rest,439.0999999999767,0.0,3.5635
58,Rest,439.20000000001164,0.0,3.5634
58,Rest,439.29999999998836,0.0,3.5635
58,Rest,439.4000000000233,0.0,3.5635
58,Rest,439.5,0.0,3.5635
58,Rest,439.5999999999767,0.0,3.5635
58,Rest,439.70000000001164,0.0,3.5635
58,Rest,439.79999999998836,0.0,3.5635
58,Rest,439.9000000000233,0.0,3.5635
58,Rest,440.0,0.0,3.5635
58,Rest,440.0999999999767,0.0,3.5635
58,Rest,440.20000000001164,0.0,3.5636
58,Rest,440.29999999998836,0.0,3.5636
58,Rest,440.4000000000233,0.0,3.5636
58,Rest,440.5,0.0,3.5635
58,Rest,440.5999999999767,0.0,3.5635
58,Rest,440.70000000001164,0.0,3.5636
58,Rest,440.79999999998836,0.0,3.5636
58,Rest,440.9000000000233,0.0,3.5636
58,Rest,441.0,0.0,3.5636
58,Rest,441.0999999999767,0.0,3.5636
58,Rest,441.20000000001164,0.0,3.5636
58,Rest,441.29999999998836,0.0,3.5635
58,Rest,441.4000000000233,0.0,3.5636
58,Rest,441.5,0.0,3.5636
58,Rest,441.5999999999767,0.0,3.5636
58,Rest,441.70000000001164,0.0,3.5636
58,Rest,441.79999999998836,0.0,3.5636
58,Rest,441.9000000000233,0.0,3.5637
58,Rest,442.0,0.0,3.5636
58,Rest,442.0999999999767,0.0,3.5636
58,Rest,442.20000000001164,0.0,3.5636
58,Rest,442.29999999998836,0.0,3.5636
58,Rest,442.4000000000233,0.0,3.5637
58,Rest,442.5,0.0,3.5637
58,Rest,442.5999999999767,0.0,3.5637
58,Rest,442.70000000001164,0.0,3.5637
58,Rest,442.79999999998836,0.0,3.5637
58,Rest,442.9000000000233,0.0,3.5637
58,Rest,443.0,0.0,3.5637
58,Rest,443.0999999999767,0.0,3.5637
58,Rest,443.20000000001164,0.0,3.5637
58,Rest,443.29999999998836,0.0,3.5637
58,Rest,443.4000000000233,0.0,3.5637
58,Rest,443.5,0.0,3.5637
58,Rest,443.5999999999767,0.0,3.5637
58,Rest,443.70000000001164,0.0,3.5637
58,Rest,443.79999999998836,0.0,3.5637
58,Rest,443.9000000000233,0.0,3.5637
58,Rest,444.0,0.0,3.5637
58,Rest,444.0999999999767,0.0,3.5638
58,Rest,444.20000000001164,0.0,3.5638
58,Rest,444.29999999998836,0.0,3.5637
58,Rest,444.4000000000233,0.0,3.5638
58,Rest,444.5,0.0,3.5638
58,Rest,444.5999999999767,0.0,3.5638
58,Rest,444.70000000001164,0.0,3.5638
58,Rest,444.79999999998836,0.0,3.5638
58,Rest,444.9000000000233,0.0,3.5638
58,Rest,445.0,0.0,3.5638
58,Rest,445.0999999999767,0.0,3.5638
58,Rest,445.20000000001164,0.0,3.5638
58,Rest,445.29999999998836,0.0,3.5638
58,Rest,445.4000000000233,0.0,3.5638
58,Rest,445.5,0.0,3.5639
58,Rest,445.5999999999767,0.0,3.5639
58,Rest,445.70000000001164,0.0,3.5639
58,Rest,445.79999999998836,0.0,3.5639
58,Rest,445.9000000000233,0.0,3.5638
58,Rest,446.0,0.0,3.5639
58,Rest,446.0999999999767,0.0,3.5639
58,Rest,446.20000000001164,0.0,3.5639
58,Rest,446.29999999998836,0.0,3.5639
58,Rest,446.4000000000233,0.0,3.5639
58,Rest,446.5,0.0,3.5639
58,Rest,446.5999999999767,0.0,3.5639
58,Rest,446.70000000001164,0.0,3.5639
58,Rest,446.79999999998836,0.0,3.5639
58,Rest,446.9000000000233,0.0,3.5639
58,Rest,447.0,0.0,3.5639
58,Rest,447.0999999999767,0.0,3.5639
58,Rest,447.20000000001164,0.0,3.5639
58,Rest,447.29999999998836,0.0,3.5639
58,Rest,447.4000000000233,0.0,3.564
58,Rest,447.5,0.0,3.564
58,Rest,447.5999999999767,0.0,3.564
58,Rest,447.70000000001164,0.0,3.564
58,Rest,447.79999999998836,0.0,3.564
58,Rest,447.9000000000233,0.0,3.564
58,Rest,448.0,0.0,3.564
58,Rest,448.0999999999767,0.0,3.564
58,Rest,448.20000000001164,0.0,3.564
58,Rest,448.29999999998836,0.0,3.564
58,Rest,448.4000000000233,0.0,3.564
58,Rest,448.5,0.0,3.564
58,Rest,448.5999999999767,0.0,3.564
58,Rest,448.70000000001164,0.0,3.564
58,Rest,448.79999999998836,0.0,3.564
58,Rest,448.9000000000233,0.0,3.564
58,Rest,449.0,0.0,3.564
58,Rest,449.0999999999767,0.0,3.564
58,Rest,449.20000000001164,0.0,3.564
58,Rest,449.29999999998836,0.0,3.564
58,Rest,449.4000000000233,0.0,3.5641
58,Rest,449.5,0.0,3.564
58,Rest,449.5999999999767,0.0,3.5641
58,Rest,449.70000000001164,0.0,3.5641
58,Rest,449.79999999998836,0.0,3.564
58,Rest,449.9000000000233,0.0,3.564
58,Rest,450.0,0.0,3.5641
58,Rest,450.0999999999767,0.0,3.5641
58,Rest,450.20000000001164,0.0,3.5641
58,Rest,450.29999999998836,0.0,3.5641
58,Rest,450.4000000000233,0.0,3.5641
58,Rest,450.5,0.0,3.5641
58,Rest,450.5999999999767,0.0,3.5641
58,Rest,450.70000000001164,0.0,3.5641
58,Rest,450.79999999998836,0.0,3.5641
58,Rest,450.9000000000233,0.0,3.5641
58,Rest,451.0,0.0,3.5641
58,Rest,451.0999999999767,0.0,3.5641
58,Rest,451.20000000001164,0.0,3.5641
58,Rest,451.29999999998836,0.0,3.5641
58,Rest,451.4000000000233,0.0,3.5641
58,Rest,451.5,0.0,3.5641
58,Rest,451.5999999999767,0.0,3.5641
58,Rest,451.70000000001164,0.0,3.5641
58,Rest,451.79999999998836,0.0,3.5641
58,Rest,451.9000000000233,0.0,3.5642
58,Rest,452.0,0.0,3.5642
58,Rest,452.0999999999767,0.0,3.5641
58,Rest,452.20000000001164,0.0,3.5642
58,Rest,452.29999999998836,0.0,3.5642
58,Rest,452.4000000000233,0.0,3.5642
58,Rest,452.5,0.0,3.5642
58,Rest,452.5999999999767,0.0,3.5642
58,Rest,452.70000000001164,0.0,3.5642
58,Rest,452.79999999998836,0.0,3.5642
58,Rest,452.9000000000233,0.0,3.5642
58,Rest,453.0,0.0,3.5642
58,Rest,453.0999999999767,0.0,3.5642
58,Rest,453.20000000001164,0.0,3.5642
58,Rest,453.29999999998836,0.0,3.5642
58,Rest,453.4000000000233,0.0,3.5642
58,Rest,453.5,0.0,3.5642
58,Rest,453.5999999999767,0.0,3.5642
58,Rest,453.70000000001164,0.0,3.5642
58,Rest,453.79999999998836,0.0,3.5642
58,Rest,453.9000000000233,0.0,3.5642
58,Rest,454.0,0.0,3.5643
58,Rest,454.0999999999767,0.0,3.5643
58,Rest,454.20000000001164,0.0,3.5642
58,Rest,454.29999999998836,0.0,3.5643
58,Rest,454.4000000000233,0.0,3.5643
58,Rest,454.5,0.0,3.5643
58,Rest,454.5999999999767,0.0,3.5643
58,Rest,454.70000000001164,0.0,3.5643
58,Rest,454.79999999998836,0.0,3.5643
58,Rest,454.9000000000233,0.0,3.5643
58,Rest,455.0,0.0,3.5643
58,Rest,455.0999999999767,0.0,3.5643
58,Rest,455.20000000001164,0.0,3.5643
58,Rest,455.29999999998836,0.0,3.5643
58,Rest,455.4000000000233,0.0,3.5643
58,Rest,455.5,0.0,3.5643
58,Rest,455.5999999999767,0.0,3.5643
58,Rest,455.70000000001164,0.0,3.5643
58,Rest,455.79999999998836,0.0,3.5643
58,Rest,455.9000000000233,0.0,3.5643
58,Rest,456.0,0.0,3.5643
58,Rest,456.0999999999767,0.0,3.5643
58,Rest,456.20000000001164,0.0,3.5643
58,Rest,456.29999999998836,0.0,3.5644
58,Rest,456.4000000000233,0.0,3.5644
58,Rest,456.5,0.0,3.5644
58,Rest,456.5999999999767,0.0,3.5643
58,Rest,456.70000000001164,0.0,3.5644
58,Rest,456.79999999998836,0.0,3.5644
58,Rest,456.9000000000233,0.0,3.5643
58,Rest,457.0,0.0,3.5643
58,Rest,457.0999999999767,0.0,3.5643
58,Rest,457.20000000001164,0.0,3.5643
58,Rest,457.29999999998836,0.0,3.5643
58,Rest,457.4000000000233,0.0,3.5644
58,Rest,457.5,0.0,3.5643
58,Rest,457.5999999999767,0.0,3.5643
58,Rest,457.70000000001164,0.0,3.5644
58,Rest,457.79999999998836,0.0,3.5644
58,Rest,457.9000000000233,0.0,3.5644
58,Rest,458.0,0.0,3.5644
58,Rest,458.0999999999767,0.0,3.5644
58,Rest,458.20000000001164,0.0,3.5644
58,Rest,458.29999999998836,0.0,3.5644
58,Rest,458.4000000000233,0.0,3.5644
58,Rest,458.5,0.0,3.5644
58,Rest,458.5999999999767,0.0,3.5644
58,Rest,458.70000000001164,0.0,3.5643
58,Rest,458.79999999998836,0.0,3.5644
58,Rest,458.9000000000233,0.0,3.5644
58,Rest,459.0,0.0,3.5644
58,Rest,459.0999999999767,0.0,3.5644
58,Rest,459.20000000001164,0.0,3.5644
58,Rest,459.29999999998836,0.0,3.5644
58,Rest,459.4000000000233,0.0,3.5644
58,Rest,459.5,0.0,3.5644
58,Rest,459.5999999999767,0.0,3.5644
58,Rest,459.70000000001164,0.0,3.5644
58,Rest,459.79999999998836,0.0,3.5644
58,Rest,459.9000000000233,0.0,3.5644
58,Rest,460.0,0.0,3.5644
58,Rest,460.0999999999767,0.0,3.5645
58,Rest,460.20000000001164,0.0,3.5644
58,Rest,460.29999999998836,0.0,3.5644
58,Rest,460.4000000000233,0.0,3.5644
58,Rest,460.5,0.0,3.5644
58,Rest,460.5999999999767,0.0,3.5644
58,Rest,460.70000000001164,0.0,3.5644
58,Rest,460.79999999998836,0.0,3.5644
58,Rest,460.9000000000233,0.0,3.5645
58,Rest,461.0,0.0,3.5645
58,Rest,461.0999999999767,0.0,3.5645
58,Rest,461.20000000001164,0.0,3.5644
58,Rest,461.29999999998836,0.0,3.5645
58,Rest,461.4000000000233,0.0,3.5645
58,Rest,461.5,0.0,3.5645
58,Rest,461.5999999999767,0.0,3.5645
58,Rest,461.70000000001164,0.0,3.5645
58,Rest,461.79999999998836,0.0,3.5645
58,Rest,461.9000000000233,0.0,3.5645
58,Rest,462.0,0.0,3.5645
58,Rest,462.0999999999767,0.0,3.5645
58,Rest,462.20000000001164,0.0,3.5645
58,Rest,462.29999999998836,0.0,3.5645
58,Rest,462.4000000000233,0.0,3.5645
58,Rest,462.5,0.0,3.5645
58,Rest,462.5999999999767,0.0,3.5645
58,Rest,462.70000000001164,0.0,3.5645
58,Rest,462.79999999998836,0.0,3.5645
58,Rest,462.9000000000233,0.0,3.5646
58,Rest,463.0,0.0,3.5646
58,Rest,463.0999999999767,0.0,3.5645
58,Rest,463.20000000001164,0.0,3.5645
58,Rest,463.29999999998836,0.0,3.5646
58,Rest,463.4000000000233,0.0,3.5646
58,Rest,463.5,0.0,3.5646
58,Rest,463.5999999999767,0.0,3.5646
58,Rest,463.70000000001164,0.0,3.5646
58,Rest,463.79999999998836,0.0,3.5646
58,Rest,463.9000000000233,0.0,3.5646
58,Rest,464.0,0.0,3.5646
58,Rest,464.0999999999767,0.0,3.5646
58,Rest,464.20000000001164,0.0,3.5646
58,Rest,464.29999999998836,0.0,3.5646
58,Rest,464.4000000000233,0.0,3.5646
58,Rest,464.5,0.0,3.5646
58,Rest,464.5999999999767,0.0,3.5646
58,Rest,464.70000000001164,0.0,3.5646
58,Rest,464.79999999998836,0.0,3.5646
58,Rest,464.9000000000233,0.0,3.5647
58,Rest,465.0,0.0,3.5646
58,Rest,465.0999999999767,0.0,3.5647
58,Rest,465.20000000001164,0.0,3.5647
58,Rest,465.29999999998836,0.0,3.5647
58,Rest,465.4000000000233,0.0,3.5647
58,Rest,465.5,0.0,3.5647
58,Rest,465.5999999999767,0.0,3.5647
58,Rest,465.70000000001164,0.0,3.5647
58,Rest,465.79999999998836,0.0,3.5647
58,Rest,465.9000000000233,0.0,3.5647
58,Rest,466.0,0.0,3.5647
58,Rest,466.0999999999767,0.0,3.5647
58,Rest,466.20000000001164,0.0,3.5647
58,Rest,466.29999999998836,0.0,3.5647
58,Rest,466.4000000000233,0.0,3.5647
58,Rest,466.5,0.0,3.5647
58,Rest,466.5999999999767,0.0,3.5648
58,Rest,466.70000000001164,0.0,3.5647
58,Rest,466.79999999998836,0.0,3.5647
58,Rest,466.9000000000233,0.0,3.5647
58,Rest,467.0,0.0,3.5648
58,Rest,467.0999999999767,0.0,3.5648
58,Rest,467.20000000001164,0.0,3.5648
58,Rest,467.29999999998836,0.0,3.5647
58,Rest,467.4000000000233,0.0,3.5647
58,Rest,467.5,0.0,3.5647
58,Rest,467.5999999999767,0.0,3.5647
58,Rest,467.70000000001164,0.0,3.5647
58,Rest,467.79999999998836,0.0,3.5647
58,Rest,467.9000000000233,0.0,3.5647
58,Rest,468.0,0.0,3.5648
58,Rest,468.0999999999767,0.0,3.5648
58,Rest,468.20000000001164,0.0,3.5648
58,Rest,468.29999999998836,0.0,3.5648
58,Rest,468.4000000000233,0.0,3.5648
58,Rest,468.5,0.0,3.5648
58,Rest,468.5999999999767,0.0,3.5648
58,Rest,468.70000000001164,0.0,3.5648
58,Rest,468.79999999998836,0.0,3.5648
58,Rest,468.9000000000233,0.0,3.5648
58,Rest,469.0,0.0,3.5648
58,Rest,469.0999999999767,0.0,3.5648
58,Rest,469.20000000001164,0.0,3.5648
58,Rest,469.29999999998836,0.0,3.5648
58,Rest,469.4000000000233,0.0,3.5649
58,Rest,469.5,0.0,3.5648
58,Rest,469.5999999999767,0.0,3.5648
58,Rest,469.70000000001164,0.0,3.5648
58,Rest,469.79999999998836,0.0,3.5648
58,Rest,469.9000000000233,0.0,3.5649
58,Rest,470.0,0.0,3.5649
58,Rest,470.0999999999767,0.0,3.5649
58,Rest,470.20000000001164,0.0,3.5649
58,Rest,470.29999999998836,0.0,3.5649
58,Rest,470.4000000000233,0.0,3.5648
58,Rest,470.5,0.0,3.5648
58,Rest,470.5999999999767,0.0,3.5648
58,Rest,470.70000000001164,0.0,3.5649
58,Rest,470.79999999998836,0.0,3.5649
58,Rest,470.9000000000233,0.0,3.5649
58,Rest,471.0,0.0,3.5649
58,Rest,471.0999999999767,0.0,3.5649
58,Rest,471.20000000001164,0.0,3.5649
58,Rest,471.29999999998836,0.0,3.5649
58,Rest,471.4000000000233,0.0,3.5649
58,Rest,471.5,0.0,3.5649
58,Rest,471.5999999999767,0.0,3.5649
58,Rest,471.70000000001164,0.0,3.5649
58,Rest,471.79999999998836,0.0,3.565
58,Rest,471.9000000000233,0.0,3.565
58,Rest,472.0,0.0,3.565
58,Rest,472.0999999999767,0.0,3.565
58,Rest,472.20000000001164,0.0,3.565
58,Rest,472.29999999998836,0.0,3.565
58,Rest,472.4000000000233,0.0,3.565
58,Rest,472.5,0.0,3.5649
58,Rest,472.5999999999767,0.0,3.565
58,Rest,472.70000000001164,0.0,3.565
58,Rest,472.79999999998836,0.0,3.565
58,Rest,472.9000000000233,0.0,3.565
58,Rest,473.0,0.0,3.565
58,Rest,473.0999999999767,0.0,3.565
58,Rest,473.20000000001164,0.0,3.565
58,Rest,473.29999999998836,0.0,3.565
58,Rest,473.4000000000233,0.0,3.565
58,Rest,473.5,0.0,3.565
58,Rest,473.5999999999767,0.0,3.565
58,Rest,473.70000000001164,0.0,3.565
58,Rest,473.79999999998836,0.0,3.565
58,Rest,473.9000000000233,0.0,3.565
58,Rest,474.0,0.0,3.565
58,Rest,474.0999999999767,0.0,3.565
58,Rest,474.20000000001164,0.0,3.565
58,Rest,474.29999999998836,0.0,3.565
58,Rest,474.4000000000233,0.0,3.565
58,Rest,474.5,0.0,3.565
58,Rest,474.5999999999767,0.0,3.565
58,Rest,474.70000000001164,0.0,3.565
58,Rest,474.79999999998836,0.0,3.5651
58,Rest,474.9000000000233,0.0,3.565
58,Rest,475.0,0.0,3.565
58,Rest,475.0999999999767,0.0,3.565
58,Rest,475.20000000001164,0.0,3.5651
58,Rest,475.29999999998836,0.0,3.565
58,Rest,475.4000000000233,0.0,3.5651
58,Rest,475.5,0.0,3.5651
58,Rest,475.5999999999767,0.0,3.565
58,Rest,475.70000000001164,0.0,3.5651
58,Rest,475.79999999998836,0.0,3.5651
58,Rest,475.9000000000233,0.0,3.5651
58,Rest,476.0,0.0,3.5651
58,Rest,476.0999999999767,0.0,3.5651
58,Rest,476.20000000001164,0.0,3.5651
58,Rest,476.29999999998836,0.0,3.5651
58,Rest,476.4000000000233,0.0,3.5651
58,Rest,476.5,0.0,3.565
58,Rest,476.5999999999767,0.0,3.5651
58,Rest,476.70000000001164,0.0,3.5651
58,Rest,476.79999999998836,0.0,3.5651
58,Rest,476.9000000000233,0.0,3.5651
58,Rest,477.0,0.0,3.5651
58,Rest,477.0999999999767,0.0,3.5651
58,Rest,477.20000000001164,0.0,3.5651
58,Rest,477.29999999998836,0.0,3.5651
58,Rest,477.4000000000233,0.0,3.5652
58,Rest,477.5,0.0,3.5652
58,Rest,477.5999999999767,0.0,3.5652
58,Rest,477.70000000001164,0.0,3.5652
58,Rest,477.79999999998836,0.0,3.5651
58,Rest,477.9000000000233,0.0,3.5651
58,Rest,478.0,0.0,3.5651
58,Rest,478.0999999999767,0.0,3.5651
58,Rest,478.20000000001164,0.0,3.5651
58,Rest,478.29999999998836,0.0,3.5651
58,Rest,478.4000000000233,0.0,3.5651
58,Rest,478.5,0.0,3.5651
58,Rest,478.5999999999767,0.0,3.5652
58,Rest,478.70000000001164,0.0,3.5652
58,Rest,478.79999999998836,0.0,3.5652
58,Rest,478.9000000000233,0.0,3.5652
58,Rest,479.0,0.0,3.5652
58,Rest,479.0999999999767,0.0,3.5652
58,Rest,479.20000000001164,0.0,3.5652
58,Rest,479.29999999998836,0.0,3.5652
58,Rest,479.4000000000233,0.0,3.5652
58,Rest,479.5,0.0,3.5652
58,Rest,479.5999999999767,0.0,3.5652
58,Rest,479.70000000001164,0.0,3.5651
58,Rest,479.79999999998836,0.0,3.5651
58,Rest,479.9000000000233,0.0,3.5652
58,Rest,480.0,0.0,3.5652
58,Rest,480.0999999999767,0.0,3.5652
58,Rest,480.20000000001164,0.0,3.5652
58,Rest,480.29999999998836,0.0,3.5652
58,Rest,480.4000000000233,0.0,3.5652
58,Rest,480.5,0.0,3.5652
58,Rest,480.5999999999767,0.0,3.5652
58,Rest,480.70000000001164,0.0,3.5653
58,Rest,480.79999999998836,0.0,3.5653
58,Rest,480.9000000000233,0.0,3.5653
58,Rest,481.0,0.0,3.5653
58,Rest,481.0999999999767,0.0,3.5653
58,Rest,481.20000000001164,0.0,3.5652
58,Rest,481.29999999998836,0.0,3.5652
58,Rest,481.4000000000233,0.0,3.5653
58,Rest,481.5,0.0,3.5653
58,Rest,481.5999999999767,0.0,3.5653
58,Rest,481.70000000001164,0.0,3.5653
58,Rest,481.79999999998836,0.0,3.5653
58,Rest,481.9000000000233,0.0,3.5653
58,Rest,482.0,0.0,3.5653
58,Rest,482.0999999999767,0.0,3.5653
58,Rest,482.20000000001164,0.0,3.5653
58,Rest,482.29999999998836,0.0,3.5653
58,Rest,482.4000000000233,0.0,3.5653
58,Rest,482.5,0.0,3.5653
58,Rest,482.5999999999767,0.0,3.5653
58,Rest,482.70000000001164,0.0,3.5653
58,Rest,482.79999999998836,0.0,3.5653
58,Rest,482.9000000000233,0.0,3.5653
58,Rest,483.0,0.0,3.5653
58,Rest,483.0999999999767,0.0,3.5654
58,Rest,483.20000000001164,0.0,3.5653
58,Rest,483.29999999998836,0.0,3.5653
58,Rest,483.4000000000233,0.0,3.5653
58,Rest,483.5,0.0,3.5653
58,Rest,483.5999999999767,0.0,3.5653
58,Rest,483.70000000001164,0.0,3.5654
58,Rest,483.79999999998836,0.0,3.5653
58,Rest,483.9000000000233,0.0,3.5653
58,Rest,484.0,0.0,3.5653
58,Rest,484.0999999999767,0.0,3.5654
58,Rest,484.20000000001164,0.0,3.5654
58,Rest,484.29999999998836,0.0,3.5654
58,Rest,484.4000000000233,0.0,3.5654
58,Rest,484.5,0.0,3.5654
58,Rest,484.5999999999767,0.0,3.5654
58,Rest,484.70000000001164,0.0,3.5654
58,Rest,484.79999999998836,0.0,3.5654
58,Rest,484.9000000000233,0.0,3.5654
58,Rest,485.0,0.0,3.5654
58,Rest,485.0999999999767,0.0,3.5654
58,Rest,485.20000000001164,0.0,3.5653
58,Rest,485.29999999998836,0.0,3.5654
58,Rest,485.4000000000233,0.0,3.5654
58,Rest,485.5,0.0,3.5654
58,Rest,485.5999999999767,0.0,3.5654
58,Rest,485.70000000001164,0.0,3.5654
58,Rest,485.79999999998836,0.0,3.5654
58,Rest,485.9000000000233,0.0,3.5654
58,Rest,486.0,0.0,3.5654
58,Rest,486.0999999999767,0.0,3.5654
58,Rest,486.20000000001164,0.0,3.5654
58,Rest,486.29999999998836,0.0,3.5654
58,Rest,486.4000000000233,0.0,3.5654
58,Rest,486.5,0.0,3.5655
58,Rest,486.5999999999767,0.0,3.5655
58,Rest,486.70000000001164,0.0,3.5655
58,Rest,486.79999999998836,0.0,3.5655
58,Rest,486.9000000000233,0.0,3.5655
58,Rest,487.0,0.0,3.5655
58,Rest,487.0999999999767,0.0,3.5655
58,Rest,487.20000000001164,0.0,3.5655
58,Rest,487.29999999998836,0.0,3.5655
58,Rest,487.4000000000233,0.0,3.5655
58,Rest,487.5,0.0,3.5655
58,Rest,487.5999999999767,0.0,3.5655
58,Rest,487.70000000001164,0.0,3.5655
58,Rest,487.79999999998836,0.0,3.5655
58,Rest,487.9000000000233,0.0,3.5655
58,Rest,488.0,0.0,3.5655
58,Rest,488.0999999999767,0.0,3.5655
58,Rest,488.20000000001164,0.0,3.5655
58,Rest,488.29999999998836,0.0,3.5655
58,Rest,488.4000000000233,0.0,3.5655
58,Rest,488.5,0.0,3.5655
58,Rest,488.5999999999767,0.0,3.5655
58,Rest,488.70000000001164,0.0,3.5655
58,Rest,488.79999999998836,0.0,3.5655
58,Rest,488.9000000000233,0.0,3.5655
58,Rest,489.0,0.0,3.5655
58,Rest,489.0999999999767,0.0,3.5655
58,Rest,489.20000000001164,0.0,3.5655
58,Rest,489.29999999998836,0.0,3.5655
58,Rest,489.4000000000233,0.0,3.5655
58,Rest,489.5,0.0,3.5656
58,Rest,489.5999999999767,0.0,3.5656
58,Rest,489.70000000001164,0.0,3.5655
58,Rest,489.79999999998836,0.0,3.5655
58,Rest,489.9000000000233,0.0,3.5656
58,Rest,490.0,0.0,3.5656
58,Rest,490.0999999999767,0.0,3.5656
58,Rest,490.20000000001164,0.0,3.5656
58,Rest,490.29999999998836,0.0,3.5656
58,Rest,490.4000000000233,0.0,3.5656
58,Rest,490.5,0.0,3.5656
58,Rest,490.5999999999767,0.0,3.5656
58,Rest,490.70000000001164,0.0,3.5656
58,Rest,490.79999999998836,0.0,3.5656
58,Rest,490.9000000000233,0.0,3.5656
58,Rest,491.0,0.0,3.5656
58,Rest,491.0999999999767,0.0,3.5656
58,Rest,491.20000000001164,0.0,3.5656
58,Rest,491.29999999998836,0.0,3.5656
58,Rest,491.4000000000233,0.0,3.5656
58,Rest,491.5,0.0,3.5656
58,Rest,491.5999999999767,0.0,3.5656
58,Rest,491.70000000001164,0.0,3.5656
58,Rest,491.79999999998836,0.0,3.5656
58,Rest,491.9000000000233,0.0,3.5656
58,Rest,492.0,0.0,3.5657
58,Rest,492.0999999999767,0.0,3.5657
58,Rest,492.20000000001164,0.0,3.5657
58,Rest,492.29999999998836,0.0,3.5657
58,Rest,492.4000000000233,0.0,3.5657
58,Rest,492.5,0.0,3.5657
58,Rest,492.5999999999767,0.0,3.5657
58,Rest,492.70000000001164,0.0,3.5657
58,Rest,492.79999999998836,0.0,3.5657
58,Rest,492.9000000000233,0.0,3.5657
58,Rest,493.0,0.0,3.5657
58,Rest,493.0999999999767,0.0,3.5656
58,Rest,493.20000000001164,0.0,3.5657
58,Rest,493.29999999998836,0.0,3.5657
58,Rest,493.4000000000233,0.0,3.5657
58,Rest,493.5,0.0,3.5657
58,Rest,493.5999999999767,0.0,3.5657
58,Rest,493.70000000001164,0.0,3.5657
58,Rest,493.79999999998836,0.0,3.5657
58,Rest,493.9000000000233,0.0,3.5657
58,Rest,494.0,0.0,3.5657
58,Rest,494.0999999999767,0.0,3.5656
58,Rest,494.20000000001164,0.0,3.5657
58,Rest,494.29999999998836,0.0,3.5657
58,Rest,494.4000000000233,0.0,3.5657
58,Rest,494.5,0.0,3.5657
58,Rest,494.5999999999767,0.0,3.5657
58,Rest,494.70000000001164,0.0,3.5657
58,Rest,494.79999999998836,0.0,3.5657
58,Rest,494.9000000000233,0.0,3.5658
58,Rest,495.0,0.0,3.5657
58,Rest,495.0999999999767,0.0,3.5657
58,Rest,495.20000000001164,0.0,3.5658
58,Rest,495.29999999998836,0.0,3.5657
58,Rest,495.4000000000233,0.0,3.5657
58,Rest,495.5,0.0,3.5658
58,Rest,495.5999999999767,0.0,3.5658
58,Rest,495.70000000001164,0.0,3.5658
58,Rest,495.79999999998836,0.0,3.5657
58,Rest,495.9000000000233,0.0,3.5657
58,Rest,496.0,0.0,3.5657
58,Rest,496.0999999999767,0.0,3.5658
58,Rest,496.20000000001164,0.0,3.5658
58,Rest,496.29999999998836,0.0,3.5658
58,Rest,496.4000000000233,0.0,3.5658
58,Rest,496.5,0.0,3.5657
58,Rest,496.5999999999767,0.0,3.5658
58,Rest,496.70000000001164,0.0,3.5658
58,Rest,496.79999999998836,0.0,3.5658
58,Rest,496.9000000000233,0.0,3.5658
58,Rest,497.0,0.0,3.5658
58,Rest,497.0999999999767,0.0,3.5658
58,Rest,497.20000000001164,0.0,3.5658
58,Rest,497.29999999998836,0.0,3.5658
58,Rest,497.4000000000233,0.0,3.5658
58,Rest,497.5,0.0,3.5658
58,Rest,497.5999999999767,0.0,3.5658
58,Rest,497.70000000001164,0.0,3.5658
58,Rest,497.79999999998836,0.0,3.5658
58,Rest,497.9000000000233,0.0,3.5658
58,Rest,498.0,0.0,3.5658
58,Rest,498.0999999999767,0.0,3.5658
58,Rest,498.20000000001164,0.0,3.5658
58,Rest,498.29999999998836,0.0,3.5658
58,Rest,498.4000000000233,0.0,3.5658
58,Rest,498.5,0.0,3.5658
58,Rest,498.5999999999767,0.0,3.5658
58,Rest,498.70000000001164,0.0,3.5658
58,Rest,498.79999999998836,0.0,3.5659
58,Rest,498.9000000000233,0.0,3.5659
58,Rest,499.0,0.0,3.5659
58,Rest,499.0999999999767,0.0,3.5658
58,Rest,499.20000000001164,0.0,3.5658
58,Rest,499.29999999998836,0.0,3.5659
58,Rest,499.4000000000233,0.0,3.5659
58,Rest,499.5,0.0,3.5659
58,Rest,499.5999999999767,0.0,3.5658
58,Rest,499.70000000001164,0.0,3.5659
58,Rest,499.79999999998836,0.0,3.5659
58,Rest,499.9000000000233,0.0,3.5659
58,Rest,500.0,0.0,3.5658
58,Rest,500.0999999999767,0.0,3.5659
58,Rest,500.20000000001164,0.0,3.5659
58,Rest,500.29999999998836,0.0,3.5659
58,Rest,500.4000000000233,0.0,3.5659
58,Rest,500.5,0.0,3.5659
58,Rest,500.5999999999767,0.0,3.5659
58,Rest,500.70000000001164,0.0,3.5659
58,Rest,500.79999999998836,0.0,3.5659
58,Rest,500.9000000000233,0.0,3.5659
58,Rest,501.0,0.0,3.5659
58,Rest,501.0999999999767,0.0,3.5659
58,Rest,501.20000000001164,0.0,3.5659
58,Rest,501.29999999998836,0.0,3.5659
58,Rest,501.4000000000233,0.0,3.5659
58,Rest,501.5,0.0,3.5659
58,Rest,501.5999999999767,0.0,3.5659
58,Rest,501.70000000001164,0.0,3.5659
58,Rest,501.79999999998836,0.0,3.5659
58,Rest,501.9000000000233,0.0,3.566
58,Rest,502.0,0.0,3.5659
58,Rest,502.0999999999767,0.0,3.5659
58,Rest,502.20000000001164,0.0,3.5659
58,Rest,502.29999999998836,0.0,3.566
58,Rest,502.4000000000233,0.0,3.566
58,Rest,502.5,0.0,3.566
58,Rest,502.5999999999767,0.0,3.566
58,Rest,502.70000000001164,0.0,3.566
58,Rest,502.79999999998836,0.0,3.5659
58,Rest,502.9000000000233,0.0,3.5659
58,Rest,503.0,0.0,3.566
58,Rest,503.0999999999767,0.0,3.5659
58,Rest,503.20000000001164,0.0,3.5659
58,Rest,503.29999999998836,0.0,3.5659
58,Rest,503.4000000000233,0.0,3.5659
58,Rest,503.5,0.0,3.566
58,Rest,503.5999999999767,0.0,3.566
58,Rest,503.70000000001164,0.0,3.566
58,Rest,503.79999999998836,0.0,3.5659
58,Rest,503.9000000000233,0.0,3.566
58,Rest,504.0,0.0,3.566
58,Rest,504.0999999999767,0.0,3.566
58,Rest,504.20000000001164,0.0,3.566
58,Rest,504.29999999998836,0.0,3.566
58,Rest,504.4000000000233,0.0,3.566
58,Rest,504.5,0.0,3.566
58,Rest,504.5999999999767,0.0,3.566
58,Rest,504.70000000001164,0.0,3.566
58,Rest,504.79999999998836,0.0,3.566
58,Rest,504.9000000000233,0.0,3.566
58,Rest,505.0,0.0,3.566
58,Rest,505.0999999999767,0.0,3.566
58,Rest,505.20000000001164,0.0,3.566
58,Rest,505.29999999998836,0.0,3.566
58,Rest,505.4000000000233,0.0,3.566
58,Rest,505.5,0.0,3.566
58,Rest,505.5999999999767,0.0,3.566
58,Rest,505.70000000001164,0.0,3.5661
58,Rest,505.79999999998836,0.0,3.5661
58,Rest,505.9000000000233,0.0,3.5661
58,Rest,506.0,0.0,3.5661
58,Rest,506.0999999999767,0.0,3.5661
58,Rest,506.20000000001164,0.0,3.5661
58,Rest,506.29999999998836,0.0,3.566
58,Rest,506.4000000000233,0.0,3.5661
58,Rest,506.5,0.0,3.5661
58,Rest,506.5999999999767,0.0,3.5661
58,Rest,506.70000000001164,0.0,3.5661
58,Rest,506.79999999998836,0.0,3.566
58,Rest,506.9000000000233,0.0,3.5661
58,Rest,507.0,0.0,3.5661
58,Rest,507.0999999999767,0.0,3.5661
58,Rest,507.20000000001164,0.0,3.5661
58,Rest,507.29999999998836,0.0,3.5661
58,Rest,507.4000000000233,0.0,3.5661
58,Rest,507.5,0.0,3.5661
58,Rest,507.5999999999767,0.0,3.5661
58,Rest,507.70000000001164,0.0,3.5661
58,Rest,507.79999999998836,0.0,3.5661
58,Rest,507.9000000000233,0.0,3.5661
58,Rest,508.0,0.0,3.5661
58,Rest,508.0999999999767,0.0,3.5662
58,Rest,508.20000000001164,0.0,3.5662
58,Rest,508.29999999998836,0.0,3.5661
58,Rest,508.4000000000233,0.0,3.5662
58,Rest,508.5,0.0,3.5661
58,Rest,508.5999999999767,0.0,3.5661
58,Rest,508.70000000001164,0.0,3.5661
58,Rest,508.79999999998836,0.0,3.5661
58,Rest,508.9000000000233,0.0,3.5661
58,Rest,509.0,0.0,3.5661
58,Rest,509.0999999999767,0.0,3.5662
58,Rest,509.20000000001164,0.0,3.5662
58,Rest,509.29999999998836,0.0,3.5661
58,Rest,509.4000000000233,0.0,3.5661
58,Rest,509.5,0.0,3.5662
58,Rest,509.5999999999767,0.0,3.5662
58,Rest,509.70000000001164,0.0,3.5662
58,Rest,509.79999999998836,0.0,3.5661
58,Rest,509.9000000000233,0.0,3.5661
58,Rest,510.0,0.0,3.5662
58,Rest,510.0999999999767,0.0,3.5662
58,Rest,510.20000000001164,0.0,3.5662
58,Rest,510.29999999998836,0.0,3.5662
58,Rest,510.4000000000233,0.0,3.5662
58,Rest,510.5,0.0,3.5662
58,Rest,510.5999999999767,0.0,3.5662
58,Rest,510.70000000001164,0.0,3.5662
58,Rest,510.79999999998836,0.0,3.5662
58,Rest,510.9000000000233,0.0,3.5662
58,Rest,511.0,0.0,3.5662
58,Rest,511.0999999999767,0.0,3.5662
58,Rest,511.20000000001164,0.0,3.5662
58,Rest,511.29999999998836,0.0,3.5662
58,Rest,511.4000000000233,0.0,3.5662
58,Rest,511.5,0.0,3.5662
58,Rest,511.5999999999767,0.0,3.5662
58,Rest,511.70000000001164,0.0,3.5662
58,Rest,511.79999999998836,0.0,3.5662
58,Rest,511.9000000000233,0.0,3.5662
58,Rest,512.0,0.0,3.5662
58,Rest,512.0999999999767,0.0,3.5662
58,Rest,512.2000000000116,0.0,3.5662
58,Rest,512.2999999999884,0.0,3.5662
58,Rest,512.4000000000233,0.0,3.5662
58,Rest,512.5,0.0,3.5662
58,Rest,512.5999999999767,0.0,3.5662
58,Rest,512.7000000000116,0.0,3.5662
58,Rest,512.7999999999884,0.0,3.5662
58,Rest,512.9000000000233,0.0,3.5662
58,Rest,513.0,0.0,3.5662
58,Rest,513.0999999999767,0.0,3.5662
58,Rest,513.2000000000116,0.0,3.5662
58,Rest,513.2999999999884,0.0,3.5662
58,Rest,513.4000000000233,0.0,3.5662
58,Rest,513.5,0.0,3.5662
58,Rest,513.5999999999767,0.0,3.5662
58,Rest,513.7000000000116,0.0,3.5662
58,Rest,513.7999999999884,0.0,3.5663
58,Rest,513.9000000000233,0.0,3.5663
58,Rest,514.0,0.0,3.5662
58,Rest,514.0999999999767,0.0,3.5662
58,Rest,514.2000000000116,0.0,3.5662
58,Rest,514.2999999999884,0.0,3.5663
58,Rest,514.4000000000233,0.0,3.5663
58,Rest,514.5,0.0,3.5663
58,Rest,514.5999999999767,0.0,3.5663
58,Rest,514.7000000000116,0.0,3.5663
58,Rest,514.7999999999884,0.0,3.5663
58,Rest,514.9000000000233,0.0,3.5663
58,Rest,515.0,0.0,3.5663
58,Rest,515.0999999999767,0.0,3.5663
58,Rest,515.2000000000116,0.0,3.5663
58,Rest,515.2999999999884,0.0,3.5663
58,Rest,515.4000000000233,0.0,3.5663
58,Rest,515.5,0.0,3.5663
58,Rest,515.5999999999767,0.0,3.5663
58,Rest,515.7000000000116,0.0,3.5663
58,Rest,515.7999999999884,0.0,3.5663
58,Rest,515.9000000000233,0.0,3.5663
58,Rest,516.0,0.0,3.5663
58,Rest,516.0999999999767,0.0,3.5663
58,Rest,516.2000000000116,0.0,3.5663
58,Rest,516.2999999999884,0.0,3.5663
58,Rest,516.4000000000233,0.0,3.5663
58,Rest,516.5,0.0,3.5663
58,Rest,516.5999999999767,0.0,3.5663
58,Rest,516.7000000000116,0.0,3.5663
58,Rest,516.7999999999884,0.0,3.5663
58,Rest,516.9000000000233,0.0,3.5663
58,Rest,517.0,0.0,3.5664
58,Rest,517.0999999999767,0.0,3.5663
58,Rest,517.2000000000116,0.0,3.5663
58,Rest,517.2999999999884,0.0,3.5663
58,Rest,517.4000000000233,0.0,3.5663
58,Rest,517.5,0.0,3.5663
58,Rest,517.5999999999767,0.0,3.5664
58,Rest,517.7000000000116,0.0,3.5664
58,Rest,517.7999999999884,0.0,3.5663
58,Rest,517.9000000000233,0.0,3.5664
58,Rest,518.0,0.0,3.5664
58,Rest,518.0999999999767,0.0,3.5664
58,Rest,518.2000000000116,0.0,3.5664
58,Rest,518.2999999999884,0.0,3.5664
58,Rest,518.4000000000233,0.0,3.5664
58,Rest,518.5,0.0,3.5664
58,Rest,518.5999999999767,0.0,3.5664
58,Rest,518.7000000000116,0.0,3.5664
58,Rest,518.7999999999884,0.0,3.5664
58,Rest,518.9000000000233,0.0,3.5664
58,Rest,519.0,0.0,3.5664
58,Rest,519.0999999999767,0.0,3.5664
58,Rest,519.2000000000116,0.0,3.5664
58,Rest,519.2999999999884,0.0,3.5664
58,Rest,519.4000000000233,0.0,3.5664
58,Rest,519.5,0.0,3.5665
58,Rest,519.5999999999767,0.0,3.5664
58,Rest,519.7000000000116,0.0,3.5664
58,Rest,519.7999999999884,0.0,3.5664
58,Rest,519.9000000000233,0.0,3.5664
58,Rest,520.0,0.0,3.5664
58,Rest,520.0999999999767,0.0,3.5664
58,Rest,520.2000000000116,0.0,3.5664
58,Rest,520.2999999999884,0.0,3.5664
58,Rest,520.4000000000233,0.0,3.5664
58,Rest,520.5,0.0,3.5664
58,Rest,520.5999999999767,0.0,3.5664
58,Rest,520.7000000000116,0.0,3.5664
58,Rest,520.7999999999884,0.0,3.5664
58,Rest,520.9000000000233,0.0,3.5665
58,Rest,521.0,0.0,3.5664
58,Rest,521.0999999999767,0.0,3.5664
58,Rest,521.2000000000116,0.0,3.5665
58,Rest,521.2999999999884,0.0,3.5665
58,Rest,521.4000000000233,0.0,3.5664
58,Rest,521.5,0.0,3.5664
58,Rest,521.5999999999767,0.0,3.5665
58,Rest,521.7000000000116,0.0,3.5665
58,Rest,521.7999999999884,0.0,3.5665
58,Rest,521.9000000000233,0.0,3.5665
58,Rest,522.0,0.0,3.5664
58,Rest,522.0999999999767,0.0,3.5665
58,Rest,522.2000000000116,0.0,3.5665
58,Rest,522.2999999999884,0.0,3.5665
58,Rest,522.4000000000233,0.0,3.5665
58,Rest,522.5,0.0,3.5665
58,Rest,522.5999999999767,0.0,3.5665
58,Rest,522.7000000000116,0.0,3.5665
58,Rest,522.7999999999884,0.0,3.5665
58,Rest,522.9000000000233,0.0,3.5665
58,Rest,523.0,0.0,3.5665
58,Rest,523.0999999999767,0.0,3.5665
58,Rest,523.2000000000116,0.0,3.5665
58,Rest,523.2999999999884,0.0,3.5665
58,Rest,523.4000000000233,0.0,3.5665
58,Rest,523.5,0.0,3.5665
58,Rest,523.5999999999767,0.0,3.5666
58,Rest,523.7000000000116,0.0,3.5665
58,Rest,523.7999999999884,0.0,3.5665
58,Rest,523.9000000000233,0.0,3.5665
58,Rest,524.0,0.0,3.5665
58,Rest,524.0999999999767,0.0,3.5665
58,Rest,524.2000000000116,0.0,3.5665
58,Rest,524.2999999999884,0.0,3.5665
58,Rest,524.4000000000233,0.0,3.5665
58,Rest,524.5,0.0,3.5665
58,Rest,524.5999999999767,0.0,3.5666
58,Rest,524.7000000000116,0.0,3.5665
58,Rest,524.7999999999884,0.0,3.5665
58,Rest,524.9000000000233,0.0,3.5665
58,Rest,525.0,0.0,3.5666
58,Rest,525.0999999999767,0.0,3.5666
58,Rest,525.2000000000116,0.0,3.5665
58,Rest,525.2999999999884,0.0,3.5665
58,Rest,525.4000000000233,0.0,3.5665
58,Rest,525.5,0.0,3.5665
58,Rest,525.5999999999767,0.0,3.5666
58,Rest,525.7000000000116,0.0,3.5666
58,Rest,525.7999999999884,0.0,3.5666
58,Rest,525.9000000000233,0.0,3.5666
58,Rest,526.0,0.0,3.5666
58,Rest,526.0999999999767,0.0,3.5666
58,Rest,526.2000000000116,0.0,3.5666
58,Rest,526.2999999999884,0.0,3.5666
58,Rest,526.4000000000233,0.0,3.5666
58,Rest,526.5,0.0,3.5666
58,Rest,526.5999999999767,0.0,3.5666
58,Rest,526.7000000000116,0.0,3.5666
58,Rest,526.7999999999884,0.0,3.5666
58,Rest,526.9000000000233,0.0,3.5666
58,Rest,527.0,0.0,3.5666
58,Rest,527.0999999999767,0.0,3.5666
58,Rest,527.2000000000116,0.0,3.5666
58,Rest,527.2999999999884,0.0,3.5666
58,Rest,527.4000000000233,0.0,3.5666
58,Rest,527.5,0.0,3.5666
58,Rest,527.5999999999767,0.0,3.5666
58,Rest,527.7000000000116,0.0,3.5666
58,Rest,527.7999999999884,0.0,3.5666
58,Rest,527.9000000000233,0.0,3.5666
58,Rest,528.0,0.0,3.5666
58,Rest,528.0999999999767,0.0,3.5666
58,Rest,528.2000000000116,0.0,3.5666
58,Rest,528.2999999999884,0.0,3.5666
58,Rest,528.4000000000233,0.0,3.5666
58,Rest,528.5,0.0,3.5666
58,Rest,528.5999999999767,0.0,3.5666
58,Rest,528.7000000000116,0.0,3.5666
58,Rest,528.7999999999884,0.0,3.5666
58,Rest,528.9000000000233,0.0,3.5666
58,Rest,529.0,0.0,3.5666
58,Rest,529.0999999999767,0.0,3.5666
58,Rest,529.2000000000116,0.0,3.5666
58,Rest,529.2999999999884,0.0,3.5666
58,Rest,529.4000000000233,0.0,3.5666
58,Rest,529.5,0.0,3.5667
58,Rest,529.5999999999767,0.0,3.5667
58,Rest,529.7000000000116,0.0,3.5666
58,Rest,529.7999999999884,0.0,3.5667
58,Rest,529.9000000000233,0.0,3.5666
58,Rest,530.0,0.0,3.5667
58,Rest,530.0999999999767,0.0,3.5667
58,Rest,530.2000000000116,0.0,3.5667
58,Rest,530.2999999999884,0.0,3.5666
58,Rest,530.4000000000233,0.0,3.5667
58,Rest,530.5,0.0,3.5667
58,Rest,530.5999999999767,0.0,3.5667
58,Rest,530.7000000000116,0.0,3.5667
58,Rest,530.7999999999884,0.0,3.5667
58,Rest,530.9000000000233,0.0,3.5667
58,Rest,531.0,0.0,3.5667
58,Rest,531.0999999999767,0.0,3.5667
58,Rest,531.2000000000116,0.0,3.5667
58,Rest,531.2999999999884,0.0,3.5667
58,Rest,531.4000000000233,0.0,3.5667
58,Rest,531.5,0.0,3.5667
58,Rest,531.5999999999767,0.0,3.5667
58,Rest,531.7000000000116,0.0,3.5667
58,Rest,531.7999999999884,0.0,3.5667
58,Rest,531.9000000000233,0.0,3.5667
58,Rest,532.0,0.0,3.5667
58,Rest,532.0999999999767,0.0,3.5667
58,Rest,532.2000000000116,0.0,3.5667
58,Rest,532.2999999999884,0.0,3.5667
58,Rest,532.4000000000233,0.0,3.5667
58,Rest,532.5,0.0,3.5668
58,Rest,532.5999999999767,0.0,3.5667
58,Rest,532.7000000000116,0.0,3.5667
58,Rest,532.7999999999884,0.0,3.5667
58,Rest,532.9000000000233,0.0,3.5668
58,Rest,533.0,0.0,3.5668
58,Rest,533.0999999999767,0.0,3.5667
58,Rest,533.2000000000116,0.0,3.5667
58,Rest,533.2999999999884,0.0,3.5667
58,Rest,533.4000000000233,0.0,3.5668
58,Rest,533.5,0.0,3.5668
58,Rest,533.5999999999767,0.0,3.5667
58,Rest,533.7000000000116,0.0,3.5668
58,Rest,533.7999999999884,0.0,3.5667
58,Rest,533.9000000000233,0.0,3.5668
58,Rest,534.0,0.0,3.5668
58,Rest,534.0999999999767,0.0,3.5668
58,Rest,534.2000000000116,0.0,3.5668
58,Rest,534.2999999999884,0.0,3.5668
58,Rest,534.4000000000233,0.0,3.5668
58,Rest,534.5,0.0,3.5668
58,Rest,534.5999999999767,0.0,3.5668
58,Rest,534.7000000000116,0.0,3.5668
58,Rest,534.7999999999884,0.0,3.5668
58,Rest,534.9000000000233,0.0,3.5668
58,Rest,535.0,0.0,3.5668
58,Rest,535.0999999999767,0.0,3.5668
58,Rest,535.2000000000116,0.0,3.5668
58,Rest,535.2999999999884,0.0,3.5668
58,Rest,535.4000000000233,0.0,3.5668
58,Rest,535.5,0.0,3.5668
58,Rest,535.5999999999767,0.0,3.5668
58,Rest,535.7000000000116,0.0,3.5668
58,Rest,535.7999999999884,0.0,3.5668
58,Rest,535.9000000000233,0.0,3.5668
58,Rest,536.0,0.0,3.5668
58,Rest,536.0999999999767,0.0,3.5668
58,Rest,536.2000000000116,0.0,3.5668
58,Rest,536.2999999999884,0.0,3.5668
58,Rest,536.4000000000233,0.0,3.5668
58,Rest,536.5,0.0,3.5668
58,Rest,536.5999999999767,0.0,3.5668
58,Rest,536.7000000000116,0.0,3.5668
58,Rest,536.7999999999884,0.0,3.5669
58,Rest,536.9000000000233,0.0,3.5669
58,Rest,537.0,0.0,3.5669
58,Rest,537.0999999999767,0.0,3.5668
58,Rest,537.2000000000116,0.0,3.5668
58,Rest,537.2999999999884,0.0,3.5668
58,Rest,537.4000000000233,0.0,3.5668
58,Rest,537.5,0.0,3.5668
58,Rest,537.5999999999767,0.0,3.5669
58,Rest,537.7000000000116,0.0,3.5668
58,Rest,537.7999999999884,0.0,3.5668
58,Rest,537.9000000000233,0.0,3.5669
58,Rest,538.0,0.0,3.5669
58,Rest,538.0999999999767,0.0,3.5669
58,Rest,538.2000000000116,0.0,3.5669
58,Rest,538.2999999999884,0.0,3.5668
58,Rest,538.4000000000233,0.0,3.5669
58,Rest,538.5,0.0,3.5669
58,Rest,538.5999999999767,0.0,3.5669
58,Rest,538.7000000000116,0.0,3.5669
58,Rest,538.7999999999884,0.0,3.5669
58,Rest,538.9000000000233,0.0,3.5669
58,Rest,539.0,0.0,3.5669
58,Rest,539.0999999999767,0.0,3.5669
58,Rest,539.2000000000116,0.0,3.5669
58,Rest,539.2999999999884,0.0,3.5669
58,Rest,539.4000000000233,0.0,3.5669
58,Rest,539.5,0.0,3.5669
58,Rest,539.5999999999767,0.0,3.5669
58,Rest,539.7000000000116,0.0,3.5669
58,Rest,539.7999999999884,0.0,3.5669
58,Rest,539.9000000000233,0.0,3.5669
58,Rest,540.0,0.0,3.5669
58,Rest,540.0999999999767,0.0,3.567
58,Rest,540.2000000000116,0.0,3.567
58,Rest,540.2999999999884,0.0,3.5669
58,Rest,540.4000000000233,0.0,3.5669
58,Rest,540.5,0.0,3.567
58,Rest,540.5999999999767,0.0,3.5669
58,Rest,540.7000000000116,0.0,3.5669
58,Rest,540.7999999999884,0.0,3.5669
58,Rest,540.9000000000233,0.0,3.567
58,Rest,541.0,0.0,3.5669
58,Rest,541.0999999999767,0.0,3.5669
58,Rest,541.2000000000116,0.0,3.5669
58,Rest,541.2999999999884,0.0,3.5669
58,Rest,541.4000000000233,0.0,3.567
58,Rest,541.5,0.0,3.567
58,Rest,541.5999999999767,0.0,3.567
58,Rest,541.7000000000116,0.0,3.567
58,Rest,541.7999999999884,0.0,3.567
58,Rest,541.9000000000233,0.0,3.567
58,Rest,542.0,0.0,3.567
58,Rest,542.0999999999767,0.0,3.567
58,Rest,542.2000000000116,0.0,3.567
58,Rest,542.2999999999884,0.0,3.567
58,Rest,542.4000000000233,0.0,3.567
58,Rest,542.5,0.0,3.567
58,Rest,542.5999999999767,0.0,3.567
58,Rest,542.7000000000116,0.0,3.567
58,Rest,542.7999999999884,0.0,3.567
58,Rest,542.9000000000233,0.0,3.567
58,Rest,543.0,0.0,3.567
58,Rest,543.0999999999767,0.0,3.567
58,Rest,543.2000000000116,0.0,3.567
58,Rest,543.2999999999884,0.0,3.567
58,Rest,543.4000000000233,0.0,3.567
58,Rest,543.5,0.0,3.567
58,Rest,543.5999999999767,0.0,3.567
58,Rest,543.7000000000116,0.0,3.567
58,Rest,543.7999999999884,0.0,3.567
58,Rest,543.9000000000233,0.0,3.567
58,Rest,544.0,0.0,3.567
58,Rest,544.0999999999767,0.0,3.567
58,Rest,544.2000000000116,0.0,3.567
58,Rest,544.2999999999884,0.0,3.567
58,Rest,544.4000000000233,0.0,3.567
58,Rest,544.5,0.0,3.567
58,Rest,544.5999999999767,0.0,3.567
58,Rest,544.7000000000116,0.0,3.567
58,Rest,544.7999999999884,0.0,3.567
58,Rest,544.9000000000233,0.0,3.567
58,Rest,545.0,0.0,3.567
58,Rest,545.0999999999767,0.0,3.567
58,Rest,545.2000000000116,0.0,3.567
58,Rest,545.2999999999884,0.0,3.5671
58,Rest,545.4000000000233,0.0,3.5671
58,Rest,545.5,0.0,3.567
58,Rest,545.5999999999767,0.0,3.567
58,Rest,545.7000000000116,0.0,3.567
58,Rest,545.7999999999884,0.0,3.567
58,Rest,545.9000000000233,0.0,3.567
58,Rest,546.0,0.0,3.567
58,Rest,546.0999999999767,0.0,3.567
58,Rest,546.2000000000116,0.0,3.5671
58,Rest,546.2999999999884,0.0,3.5671
58,Rest,546.4000000000233,0.0,3.5671
58,Rest,546.5,0.0,3.567
58,Rest,546.5999999999767,0.0,3.567
58,Rest,546.7000000000116,0.0,3.567
58,Rest,546.7999999999884,0.0,3.567
58,Rest,546.9000000000233,0.0,3.567
58,Rest,547.0,0.0,3.567
58,Rest,547.0999999999767,0.0,3.567
58,Rest,547.2000000000116,0.0,3.567
58,Rest,547.2999999999884,0.0,3.567
58,Rest,547.4000000000233,0.0,3.567
58,Rest,547.5,0.0,3.567
58,Rest,547.5999999999767,0.0,3.5671
58,Rest,547.7000000000116,0.0,3.5671
58,Rest,547.7999999999884,0.0,3.5671
58,Rest,547.9000000000233,0.0,3.5671
58,Rest,548.0,0.0,3.567
58,Rest,548.0999999999767,0.0,3.567
58,Rest,548.2000000000116,0.0,3.5671
58,Rest,548.2999999999884,0.0,3.5671
58,Rest,548.4000000000233,0.0,3.5671
58,Rest,548.5,0.0,3.5671
58,Rest,548.5999999999767,0.0,3.5671
58,Rest,548.7000000000116,0.0,3.5671
58,Rest,548.7999999999884,0.0,3.5671
58,Rest,548.9000000000233,0.0,3.5671
58,Rest,549.0,0.0,3.5671
58,Rest,549.0999999999767,0.0,3.5671
58,Rest,549.2000000000116,0.0,3.5671
58,Rest,549.2999999999884,0.0,3.5671
58,Rest,549.4000000000233,0.0,3.5671
58,Rest,549.5,0.0,3.5671
58,Rest,549.5999999999767,0.0,3.5671
58,Rest,549.7000000000116,0.0,3.5671
58,Rest,549.7999999999884,0.0,3.5671
58,Rest,549.9000000000233,0.0,3.5671
58,Rest,550.0,0.0,3.5671
58,Rest,550.0999999999767,0.0,3.5671
58,Rest,550.2000000000116,0.0,3.5671
58,Rest,550.2999999999884,0.0,3.5671
58,Rest,550.4000000000233,0.0,3.5671
58,Rest,550.5,0.0,3.5671
58,Rest,550.5999999999767,0.0,3.5671
58,Rest,550.7000000000116,0.0,3.5671
58,Rest,550.7999999999884,0.0,3.5671
58,Rest,550.9000000000233,0.0,3.5671
58,Rest,551.0,0.0,3.5671
58,Rest,551.0999999999767,0.0,3.5671
58,Rest,551.2000000000116,0.0,3.5671
58,Rest,551.2999999999884,0.0,3.5671
58,Rest,551.4000000000233,0.0,3.5671
58,Rest,551.5,0.0,3.5671
58,Rest,551.5999999999767,0.0,3.5671
58,Rest,551.7000000000116,0.0,3.5671
58,Rest,551.7999999999884,0.0,3.5671
58,Rest,551.9000000000233,0.0,3.5671
58,Rest,552.0,0.0,3.5671
58,Rest,552.0999999999767,0.0,3.5671
58,Rest,552.2000000000116,0.0,3.5671
58,Rest,552.2999999999884,0.0,3.5671
58,Rest,552.4000000000233,0.0,3.5671
58,Rest,552.5,0.0,3.5672
58,Rest,552.5999999999767,0.0,3.5671
58,Rest,552.7000000000116,0.0,3.5671
58,Rest,552.7999999999884,0.0,3.5671
58,Rest,552.9000000000233,0.0,3.5671
58,Rest,553.0,0.0,3.5672
58,Rest,553.0999999999767,0.0,3.5672
58,Rest,553.2000000000116,0.0,3.5672
58,Rest,553.2999999999884,0.0,3.5672
58,Rest,553.4000000000233,0.0,3.5671
58,Rest,553.5,0.0,3.5672
58,Rest,553.5999999999767,0.0,3.5672
58,Rest,553.7000000000116,0.0,3.5671
58,Rest,553.7999999999884,0.0,3.5672
58,Rest,553.9000000000233,0.0,3.5672
58,Rest,554.0,0.0,3.5671
58,Rest,554.0999999999767,0.0,3.5672
58,Rest,554.2000000000116,0.0,3.5672
58,Rest,554.2999999999884,0.0,3.5672
58,Rest,554.4000000000233,0.0,3.5671
58,Rest,554.5,0.0,3.5671
58,Rest,554.5999999999767,0.0,3.5671
58,Rest,554.7000000000116,0.0,3.5671
58,Rest,554.7999999999884,0.0,3.5672
58,Rest,554.9000000000233,0.0,3.5672
58,Rest,555.0,0.0,3.5672
58,Rest,555.0999999999767,0.0,3.5672
58,Rest,555.2000000000116,0.0,3.5672
58,Rest,555.2999999999884,0.0,3.5672
58,Rest,555.4000000000233,0.0,3.5672
58,Rest,555.5,0.0,3.5672
58,Rest,555.5999999999767,0.0,3.5672
58,Rest,555.7000000000116,0.0,3.5672
58,Rest,555.7999999999884,0.0,3.5672
58,Rest,555.9000000000233,0.0,3.5672
58,Rest,556.0,0.0,3.5672
58,Rest,556.0999999999767,0.0,3.5672
58,Rest,556.2000000000116,0.0,3.5672
58,Rest,556.2999999999884,0.0,3.5672
58,Rest,556.4000000000233,0.0,3.5672
58,Rest,556.5,0.0,3.5672
58,Rest,556.5999999999767,0.0,3.5673
58,Rest,556.7000000000116,0.0,3.5672
58,Rest,556.7999999999884,0.0,3.5672
58,Rest,556.9000000000233,0.0,3.5672
58,Rest,557.0,0.0,3.5672
58,Rest,557.0999999999767,0.0,3.5672
58,Rest,557.2000000000116,0.0,3.5673
58,Rest,557.2999999999884,0.0,3.5673
58,Rest,557.4000000000233,0.0,3.5672
58,Rest,557.5,0.0,3.5673
58,Rest,557.5999999999767,0.0,3.5673
58,Rest,557.7000000000116,0.0,3.5673
58,Rest,557.7999999999884,0.0,3.5672
58,Rest,557.9000000000233,0.0,3.5672
58,Rest,558.0,0.0,3.5672
58,Rest,558.0999999999767,0.0,3.5672
58,Rest,558.2000000000116,0.0,3.5673
58,Rest,558.2999999999884,0.0,3.5673
58,Rest,558.4000000000233,0.0,3.5672
58,Rest,558.5,0.0,3.5673
58,Rest,558.5999999999767,0.0,3.5673
58,Rest,558.7000000000116,0.0,3.5672
58,Rest,558.7999999999884,0.0,3.5673
58,Rest,558.9000000000233,0.0,3.5673
58,Rest,559.0,0.0,3.5673
58,Rest,559.0999999999767,0.0,3.5673
58,Rest,559.2000000000116,0.0,3.5672
58,Rest,559.2999999999884,0.0,3.5673
58,Rest,559.4000000000233,0.0,3.5673
58,Rest,559.5,0.0,3.5673
58,Rest,559.5999999999767,0.0,3.5673
58,Rest,559.7000000000116,0.0,3.5673
58,Rest,559.7999999999884,0.0,3.5673
58,Rest,559.9000000000233,0.0,3.5673
58,Rest,560.0,0.0,3.5673
58,Rest,560.0999999999767,0.0,3.5673
58,Rest,560.2000000000116,0.0,3.5673
58,Rest,560.2999999999884,0.0,3.5673
58,Rest,560.4000000000233,0.0,3.5673
58,Rest,560.5,0.0,3.5673
58,Rest,560.5999999999767,0.0,3.5673
58,Rest,560.7000000000116,0.0,3.5673
58,Rest,560.7999999999884,0.0,3.5673
58,Rest,560.9000000000233,0.0,3.5673
58,Rest,561.0,0.0,3.5673
58,Rest,561.0999999999767,0.0,3.5673
58,Rest,561.2000000000116,0.0,3.5673
58,Rest,561.2999999999884,0.0,3.5673
58,Rest,561.4000000000233,0.0,3.5674
58,Rest,561.5,0.0,3.5673
58,Rest,561.5999999999767,0.0,3.5673
58,Rest,561.7000000000116,0.0,3.5673
58,Rest,561.7999999999884,0.0,3.5673
58,Rest,561.9000000000233,0.0,3.5673
58,Rest,562.0,0.0,3.5673
58,Rest,562.0999999999767,0.0,3.5674
58,Rest,562.2000000000116,0.0,3.5673
58,Rest,562.2999999999884,0.0,3.5673
58,Rest,562.4000000000233,0.0,3.5673
58,Rest,562.5,0.0,3.5673
58,Rest,562.5999999999767,0.0,3.5673
58,Rest,562.7000000000116,0.0,3.5673
58,Rest,562.7999999999884,0.0,3.5673
58,Rest,562.9000000000233,0.0,3.5673
58,Rest,563.0,0.0,3.5674
58,Rest,563.0999999999767,0.0,3.5674
58,Rest,563.2000000000116,0.0,3.5673
58,Rest,563.2999999999884,0.0,3.5673
58,Rest,563.4000000000233,0.0,3.5673
58,Rest,563.5,0.0,3.5673
58,Rest,563.5999999999767,0.0,3.5673
58,Rest,563.7000000000116,0.0,3.5674
58,Rest,563.7999999999884,0.0,3.5674
58,Rest,563.9000000000233,0.0,3.5674
58,Rest,564.0,0.0,3.5674
58,Rest,564.0999999999767,0.0,3.5674
58,Rest,564.2000000000116,0.0,3.5673
58,Rest,564.2999999999884,0.0,3.5673
58,Rest,564.4000000000233,0.0,3.5674
58,Rest,564.5,0.0,3.5674
58,Rest,564.5999999999767,0.0,3.5674
58,Rest,564.7000000000116,0.0,3.5674
58,Rest,564.7999999999884,0.0,3.5674
58,Rest,564.9000000000233,0.0,3.5674
58,Rest,565.0,0.0,3.5674
58,Rest,565.0999999999767,0.0,3.5674
58,Rest,565.2000000000116,0.0,3.5674
58,Rest,565.2999999999884,0.0,3.5674
58,Rest,565.4000000000233,0.0,3.5674
58,Rest,565.5,0.0,3.5674
58,Rest,565.5999999999767,0.0,3.5674
58,Rest,565.7000000000116,0.0,3.5674
58,Rest,565.7999999999884,0.0,3.5674
58,Rest,565.9000000000233,0.0,3.5674
58,Rest,566.0,0.0,3.5674
58,Rest,566.0999999999767,0.0,3.5674
58,Rest,566.2000000000116,0.0,3.5674
58,Rest,566.2999999999884,0.0,3.5674
58,Rest,566.4000000000233,0.0,3.5675
58,Rest,566.5,0.0,3.5674
58,Rest,566.5999999999767,0.0,3.5674
58,Rest,566.7000000000116,0.0,3.5674
58,Rest,566.7999999999884,0.0,3.5674
58,Rest,566.9000000000233,0.0,3.5674
58,Rest,567.0,0.0,3.5674
58,Rest,567.0999999999767,0.0,3.5674
58,Rest,567.2000000000116,0.0,3.5674
58,Rest,567.2999999999884,0.0,3.5674
58,Rest,567.4000000000233,0.0,3.5674
58,Rest,567.5,0.0,3.5674
58,Rest,567.5999999999767,0.0,3.5674
58,Rest,567.7000000000116,0.0,3.5675
58,Rest,567.7999999999884,0.0,3.5674
58,Rest,567.9000000000233,0.0,3.5674
58,Rest,568.0,0.0,3.5675
58,Rest,568.0999999999767,0.0,3.5675
58,Rest,568.2000000000116,0.0,3.5674
58,Rest,568.2999999999884,0.0,3.5674
58,Rest,568.4000000000233,0.0,3.5674
58,Rest,568.5,0.0,3.5675
58,Rest,568.5999999999767,0.0,3.5675
58,Rest,568.7000000000116,0.0,3.5675
58,Rest,568.7999999999884,0.0,3.5675
58,Rest,568.9000000000233,0.0,3.5675
58,Rest,569.0,0.0,3.5675
58,Rest,569.0999999999767,0.0,3.5675
58,Rest,569.2000000000116,0.0,3.5675
58,Rest,569.2999999999884,0.0,3.5675
58,Rest,569.4000000000233,0.0,3.5675
58,Rest,569.5,0.0,3.5675
58,Rest,569.5999999999767,0.0,3.5675
58,Rest,569.7000000000116,0.0,3.5675
58,Rest,569.7999999999884,0.0,3.5675
58,Rest,569.9000000000233,0.0,3.5675
58,Rest,570.0,0.0,3.5675
58,Rest,570.0999999999767,0.0,3.5675
58,Rest,570.2000000000116,0.0,3.5675
58,Rest,570.2999999999884,0.0,3.5675
58,Rest,570.4000000000233,0.0,3.5675
58,Rest,570.5,0.0,3.5675
58,Rest,570.5999999999767,0.0,3.5675
58,Rest,570.7000000000116,0.0,3.5675
58,Rest,570.7999999999884,0.0,3.5675
58,Rest,570.9000000000233,0.0,3.5675
58,Rest,571.0,0.0,3.5675
58,Rest,571.0999999999767,0.0,3.5675
58,Rest,571.2000000000116,0.0,3.5675
58,Rest,571.2999999999884,0.0,3.5675
58,Rest,571.4000000000233,0.0,3.5675
58,Rest,571.5,0.0,3.5675
58,Rest,571.5999999999767,0.0,3.5675
58,Rest,571.7000000000116,0.0,3.5675
58,Rest,571.7999999999884,0.0,3.5675
58,Rest,571.9000000000233,0.0,3.5675
58,Rest,572.0,0.0,3.5675
58,Rest,572.0999999999767,0.0,3.5675
58,Rest,572.2000000000116,0.0,3.5675
58,Rest,572.2999999999884,0.0,3.5675
58,Rest,572.4000000000233,0.0,3.5675
58,Rest,572.5,0.0,3.5675
58,Rest,572.5999999999767,0.0,3.5675
58,Rest,572.7000000000116,0.0,3.5675
58,Rest,572.7999999999884,0.0,3.5675
58,Rest,572.9000000000233,0.0,3.5675
58,Rest,573.0,0.0,3.5675
58,Rest,573.0999999999767,0.0,3.5675
58,Rest,573.2000000000116,0.0,3.5675
58,Rest,573.2999999999884,0.0,3.5675
58,Rest,573.4000000000233,0.0,3.5675
58,Rest,573.5,0.0,3.5675
58,Rest,573.5999999999767,0.0,3.5676
58,Rest,573.7000000000116,0.0,3.5675
58,Rest,573.7999999999884,0.0,3.5675
58,Rest,573.9000000000233,0.0,3.5675
58,Rest,574.0,0.0,3.5675
58,Rest,574.0999999999767,0.0,3.5675
58,Rest,574.2000000000116,0.0,3.5676
58,Rest,574.2999999999884,0.0,3.5675
58,Rest,574.4000000000233,0.0,3.5675
58,Rest,574.5,0.0,3.5675
58,Rest,574.5999999999767,0.0,3.5675
58,Rest,574.7000000000116,0.0,3.5675
58,Rest,574.7999999999884,0.0,3.5675
58,Rest,574.9000000000233,0.0,3.5676
58,Rest,575.0,0.0,3.5675
58,Rest,575.0999999999767,0.0,3.5676
58,Rest,575.2000000000116,0.0,3.5675
58,Rest,575.2999999999884,0.0,3.5675
58,Rest,575.4000000000233,0.0,3.5675
58,Rest,575.5,0.0,3.5675
58,Rest,575.5999999999767,0.0,3.5675
58,Rest,575.7000000000116,0.0,3.5675
58,Rest,575.7999999999884,0.0,3.5675
58,Rest,575.9000000000233,0.0,3.5676
58,Rest,576.0,0.0,3.5675
58,Rest,576.0999999999767,0.0,3.5676
58,Rest,576.2000000000116,0.0,3.5676
58,Rest,576.2999999999884,0.0,3.5676
58,Rest,576.4000000000233,0.0,3.5676
58,Rest,576.5,0.0,3.5676
58,Rest,576.5999999999767,0.0,3.5676
58,Rest,576.7000000000116,0.0,3.5676
58,Rest,576.7999999999884,0.0,3.5676
58,Rest,576.9000000000233,0.0,3.5676
58,Rest,577.0,0.0,3.5675
58,Rest,577.0999999999767,0.0,3.5676
58,Rest,577.2000000000116,0.0,3.5676
58,Rest,577.2999999999884,0.0,3.5676
58,Rest,577.4000000000233,0.0,3.5676
58,Rest,577.5,0.0,3.5676
58,Rest,577.5999999999767,0.0,3.5676
58,Rest,577.7000000000116,0.0,3.5676
58,Rest,577.7999999999884,0.0,3.5676
58,Rest,577.9000000000233,0.0,3.5676
58,Rest,578.0,0.0,3.5676
58,Rest,578.0999999999767,0.0,3.5676
58,Rest,578.2000000000116,0.0,3.5677
58,Rest,578.2999999999884,0.0,3.5677
58,Rest,578.4000000000233,0.0,3.5676
58,Rest,578.5,0.0,3.5676
58,Rest,578.5999999999767,0.0,3.5676
58,Rest,578.7000000000116,0.0,3.5676
58,Rest,578.7999999999884,0.0,3.5676
58,Rest,578.9000000000233,0.0,3.5676
58,Rest,579.0,0.0,3.5676
58,Rest,579.0999999999767,0.0,3.5676
58,Rest,579.2000000000116,0.0,3.5676
58,Rest,579.2999999999884,0.0,3.5676
58,Rest,579.4000000000233,0.0,3.5676
58,Rest,579.5,0.0,3.5676
58,Rest,579.5999999999767,0.0,3.5676
58,Rest,579.7000000000116,0.0,3.5676
58,Rest,579.7999999999884,0.0,3.5677
58,Rest,579.9000000000233,0.0,3.5676
58,Rest,580.0,0.0,3.5677
58,Rest,580.0999999999767,0.0,3.5677
58,Rest,580.2000000000116,0.0,3.5677
58,Rest,580.2999999999884,0.0,3.5677
58,Rest,580.4000000000233,0.0,3.5677
58,Rest,580.5,0.0,3.5677
58,Rest,580.5999999999767,0.0,3.5677
58,Rest,580.7000000000116,0.0,3.5676
58,Rest,580.7999999999884,0.0,3.5677
58,Rest,580.9000000000233,0.0,3.5677
58,Rest,581.0,0.0,3.5677
58,Rest,581.0999999999767,0.0,3.5677
58,Rest,581.2000000000116,0.0,3.5677
58,Rest,581.2999999999884,0.0,3.5677
