Step,Step Type,"t,s","I,A","U,V"
15,CC DChg,0.0,-1.6974,4.0032
15,CC DChg,2.75,-1.6974,4.0032
15,CC DChg,3.0909090909117367,-1.6978,4.0024
15,CC DChg,3.4318181818234734,-1.6985,4.0021
15,CC DChg,3.772727272720658,-1.6988,4.0013
15,CC DChg,4.113636363632395,-1.699,4.0007
15,CC DChg,4.454545454544132,-1.6992,4.0002
15,CC DChg,4.795454545455868,-1.6993,3.9998
15,CC DChg,5.136363636367605,-1.6993,3.9994
15,CC DChg,5.477272727279342,-1.6994,3.999
15,CC DChg,5.818181818176527,-1.6994,3.9987
15,CC DChg,6.159090909088263,-1.6995,3.9984
15,CC DChg,6.280991735533462,-1.6995,3.9981
15,CC DChg,6.4028925619786605,-1.6995,3.9978
15,CC DChg,6.524793388423859,-1.6995,3.9975
15,CC DChg,6.646694214869058,-1.6995,3.9973
15,CC DChg,6.768595041314256,-1.6996,3.9971
15,CC DChg,6.890495867774007,-1.6996,3.9968
15,CC DChg,7.0123966942192055,-1.6996,3.9966
15,CC DChg,7.134297520664404,-1.6996,3.9964
15,CC DChg,7.256198347109603,-1.6996,3.9962
15,CC DChg,7.378099173554801,-1.6996,3.996
15,CC DChg,7.480090157783707,-1.6996,3.9958
15,CC DChg,7.58208114199806,-1.6996,3.9956
15,CC DChg,7.684072126226965,-1.6996,3.9954
15,CC DChg,7.786063110441319,-1.6997,3.9952
15,CC DChg,7.888054094670224,-1.6997,3.9951
15,CC DChg,7.990045078884577,-1.6997,3.9949
15,CC DChg,8.092036063113483,-1.6997,3.9946
15,CC DChg,8.194027047327836,-1.6997,3.9945
15,CC DChg,8.296018031556741,-1.6997,3.9943
15,CC DChg,8.398009015771095,-1.6997,3.9941
15,CC DChg,8.498190014332067,-1.6997,3.994
15,CC DChg,8.598371012907592,-1.6997,3.9938
15,CC DChg,8.698552011468564,-1.6997,3.9937
15,CC DChg,8.798733010029537,-1.6997,3.9935
15,CC DChg,8.898914008605061,-1.6997,3.9934
15,CC DChg,8.999095007166034,-1.6997,3.9932
15,CC DChg,9.099276005741558,-1.6997,3.9931
15,CC DChg,9.19945700430253,-1.6998,3.9929
15,CC DChg,9.299638002863503,-1.6998,3.9928
15,CC DChg,9.399819001439027,-1.6998,3.9926
15,CC DChg,9.49983545584837,-1.6998,3.9925
15,CC DChg,9.599851910272264,-1.6998,3.9923
15,CC DChg,9.699868364681606,-1.6998,3.9922
15,CC DChg,9.799884819090948,-1.6998,3.992
15,CC DChg,9.899901273514843,-1.6998,3.9919
15,CC DChg,9.999917727924185,-1.6998,3.9918
15,CC DChg,10.099934182348079,-1.6998,3.9917
15,CC DChg,10.199950636757421,-1.6998,3.9916
15,CC DChg,10.299967091166764,-1.6998,3.9914
15,CC DChg,10.399983545590658,-1.6998,3.9912
15,CC DChg,10.499985041446052,-1.6998,3.9911
15,CC DChg,10.599986537301447,-1.6998,3.991
15,CC DChg,10.699988033156842,-1.6998,3.9909
15,CC DChg,10.799989529012237,-1.6998,3.9908
15,CC DChg,10.899991024867631,-1.6998,3.9907
15,CC DChg,10.999992520723026,-1.6998,3.9905
15,CC DChg,11.099994016578421,-1.6998,3.9904
15,CC DChg,11.199995512433816,-1.6998,3.9903
15,CC DChg,11.29999700828921,-1.6998,3.9902
15,CC DChg,11.399998504144605,-1.6998,3.99
15,CC DChg,11.499998640138074,-1.6998,3.9899
15,CC DChg,11.59999877611699,-1.6998,3.9898
15,CC DChg,11.699998912110459,-1.6998,3.9896
15,CC DChg,11.799999048089376,-1.6998,3.9895
15,CC DChg,11.899999184082844,-1.6998,3.9894
15,CC DChg,11.999999320061761,-1.6998,3.9893
15,CC DChg,12.09999945605523,-1.6998,3.9892
15,CC DChg,12.199999592034146,-1.6998,3.9891
15,CC DChg,12.299999728027615,-1.6998,3.989
15,CC DChg,12.399999864006531,-1.6998,3.9889
15,CC DChg,12.499999876366928,-1.6998,3.9888
15,CC DChg,12.599999888727325,-1.6998,3.9887
15,CC DChg,12.699999901102274,-1.6998,3.9886
15,CC DChg,12.79999991346267,-1.6998,3.9884
15,CC DChg,12.899999925823067,-1.6998,3.9884
15,CC DChg,12.999999938183464,-1.6998,3.9883
15,CC DChg,13.099999950543861,-1.6998,3.9882
15,CC DChg,13.199999962904258,-1.6998,3.9881
15,CC DChg,13.299999975279206,-1.6998,3.988
15,CC DChg,13.399999987639603,-1.6998,3.9879
15,CC DChg,13.499999988765921,-1.6998,3.9878
15,CC DChg,13.59999998989224,-1.6998,3.9877
15,CC DChg,13.699999991004006,-1.6998,3.9876
15,CC DChg,13.799999992130324,-1.6998,3.9875
15,CC DChg,13.899999993256642,-1.6998,3.9874
15,CC DChg,13.99999999438296,-1.6998,3.9873
15,CC DChg,14.099999995509279,-1.6998,3.9872
15,CC DChg,14.199999996635597,-1.6998,3.9871
15,CC DChg,14.299999997747364,-1.6998,3.987
15,CC DChg,14.399999998873682,-1.6998,3.9869
15,CC DChg,14.499999998981366,-1.6998,3.9868
15,CC DChg,14.599999999074498,-1.6998,3.9867
15,CC DChg,14.699999999182182,-1.6998,3.9866
15,CC DChg,14.799999999289867,-1.6998,3.9865
15,CC DChg,14.899999999382999,-1.6998,3.9864
15,CC DChg,14.999999999490683,-1.6998,3.9863
15,CC DChg,15.099999999583815,-1.6998,3.9862
15,CC DChg,15.1999999996915,-1.6998,3.9861
15,CC DChg,15.299999999799184,-1.6998,3.986
15,CC DChg,15.399999999892316,-1.6998,3.986
15,CC DChg,15.499999999898137,-1.6998,3.9858
15,CC DChg,15.59999999991851,-1.6998,3.9858
15,CC DChg,15.69999999992433,-1.6998,3.9857
15,CC DChg,15.79999999993015,-1.6998,3.9856
15,CC DChg,15.899999999935972,-1.6998,3.9855
15,CC DChg,15.999999999956344,-1.6998,3.9854
15,CC DChg,16.099999999962165,-1.6998,3.9853
15,CC DChg,16.199999999967986,-1.6998,3.9852
15,CC DChg,16.299999999973807,-1.6998,3.9851
15,CC DChg,16.39999999999418,-1.6998,3.985
15,CC DChg,16.5,-1.6998,3.985
15,CC DChg,16.59999999999127,-1.6998,3.9848
15,CC DChg,16.69999999999709,-1.6998,3.9848
15,CC DChg,16.80000000000291,-1.6998,3.9847
15,CC DChg,16.89999999999418,-1.6998,3.9846
15,CC DChg,17.0,-1.6998,3.9845
15,CC DChg,17.09999999999127,-1.6998,3.9845
15,CC DChg,17.19999999999709,-1.6998,3.9844
15,CC DChg,17.30000000000291,-1.6998,3.9843
15,CC DChg,17.39999999999418,-1.6998,3.9842
15,CC DChg,17.5,-1.6998,3.9841
15,CC DChg,17.59999999999127,-1.6998,3.9841
15,CC DChg,17.69999999999709,-1.6998,3.984
15,CC DChg,17.80000000000291,-1.6998,3.9839
15,CC DChg,17.89999999999418,-1.6998,3.9838
15,CC DChg,18.0,-1.6998,3.9837
15,CC DChg,18.09999999999127,-1.6998,3.9836
15,CC DChg,18.19999999999709,-1.6998,3.9835
15,CC DChg,18.30000000000291,-1.6998,3.9835
15,CC DChg,18.39999999999418,-1.6998,3.9835
15,CC DChg,18.5,-1.6998,3.9833
15,CC DChg,18.59999999999127,-1.6998,3.9832
15,CC DChg,18.69999999999709,-1.6998,3.9832
15,CC DChg,18.80000000000291,-1.6998,3.9832
15,CC DChg,18.89999999999418,-1.6998,3.9831
15,CC DChg,19.0,-1.6998,3.9829
15,CC DChg,19.09999999999127,-1.6998,3.9829
15,CC DChg,19.19999999999709,-1.6998,3.9828
15,CC DChg,19.30000000000291,-1.6998,3.9827
15,CC DChg,19.39999999999418,-1.6998,3.9826
15,CC DChg,19.5,-1.6998,3.9826
15,CC DChg,19.59999999999127,-1.6998,3.9825
15,CC DChg,19.69999999999709,-1.6998,3.9824
15,CC DChg,19.80000000000291,-1.6998,3.9823
15,CC DChg,19.89999999999418,-1.6998,3.9823
15,CC DChg,20.0,-1.6998,3.9822
15,CC DChg,20.09999999999127,-1.6998,3.9821
15,CC DChg,20.19999999999709,-1.6998,3.982
15,CC DChg,20.30000000000291,-1.6998,3.982
15,CC DChg,20.39999999999418,-1.6998,3.9819
15,CC DChg,20.5,-1.6998,3.9818
15,CC DChg,20.59999999999127,-1.6998,3.9817
15,CC DChg,20.69999999999709,-1.6998,3.9816
15,CC DChg,20.80000000000291,-1.6998,3.9816
15,CC DChg,20.89999999999418,-1.6998,3.9815
15,CC DChg,21.0,-1.6998,3.9814
15,CC DChg,21.09999999999127,-1.6998,3.9814
15,CC DChg,21.19999999999709,-1.6998,3.9813
15,CC DChg,21.30000000000291,-1.6998,3.9812
15,CC DChg,21.39999999999418,-1.6998,3.9811
15,CC DChg,21.5,-1.6998,3.9811
15,CC DChg,21.59999999999127,-1.6998,3.981
15,CC DChg,21.69999999999709,-1.6998,3.9809
15,CC DChg,21.80000000000291,-1.6998,3.9809
15,CC DChg,21.89999999999418,-1.6998,3.9808
15,CC DChg,22.0,-1.6998,3.9807
15,CC DChg,22.09999999999127,-1.6998,3.9806
15,CC DChg,22.19999999999709,-1.6998,3.9805
15,CC DChg,22.30000000000291,-1.6998,3.9805
15,CC DChg,22.39999999999418,-1.6998,3.9804
15,CC DChg,22.5,-1.6998,3.9804
15,CC DChg,22.59999999999127,-1.6998,3.9803
15,CC DChg,22.69999999999709,-1.6998,3.9803
15,CC DChg,22.80000000000291,-1.6998,3.9801
15,CC DChg,22.89999999999418,-1.6998,3.9801
15,CC DChg,23.0,-1.6998,3.98
15,CC DChg,23.09999999999127,-1.6998,3.9799
15,CC DChg,23.19999999999709,-1.6998,3.9799
15,CC DChg,23.30000000000291,-1.6998,3.9799
15,CC DChg,23.39999999999418,-1.6998,3.9798
15,CC DChg,23.5,-1.6998,3.9797
15,CC DChg,23.59999999999127,-1.6998,3.9796
15,CC DChg,23.69999999999709,-1.6998,3.9796
15,CC DChg,23.80000000000291,-1.6998,3.9795
15,CC DChg,23.89999999999418,-1.6998,3.9795
15,CC DChg,24.0,-1.6998,3.9794
15,CC DChg,24.09999999999127,-1.6998,3.9793
15,CC DChg,24.19999999999709,-1.6998,3.9793
15,CC DChg,24.30000000000291,-1.6998,3.9792
15,CC DChg,24.39999999999418,-1.6998,3.9791
15,CC DChg,24.5,-1.6998,3.9791
15,CC DChg,24.59999999999127,-1.6998,3.979
15,CC DChg,24.69999999999709,-1.6998,3.9789
15,CC DChg,24.80000000000291,-1.6998,3.9788
15,CC DChg,24.89999999999418,-1.6998,3.9788
15,CC DChg,25.0,-1.6998,3.9788
15,CC DChg,25.09999999999127,-1.6998,3.9786
15,CC DChg,25.19999999999709,-1.6998,3.9786
15,CC DChg,25.30000000000291,-1.6998,3.9785
15,CC DChg,25.39999999999418,-1.6998,3.9784
15,CC DChg,25.5,-1.6998,3.9784
15,CC DChg,25.59999999999127,-1.6998,3.9783
15,CC DChg,25.69999999999709,-1.6998,3.9783
15,CC DChg,25.80000000000291,-1.6998,3.9782
15,CC DChg,25.89999999999418,-1.6998,3.9781
15,CC DChg,26.0,-1.6998,3.9781
15,CC DChg,26.09999999999127,-1.6998,3.978
15,CC DChg,26.19999999999709,-1.6998,3.9779
15,CC DChg,26.30000000000291,-1.6998,3.9778
15,CC DChg,26.39999999999418,-1.6998,3.9778
15,CC DChg,26.5,-1.6998,3.9777
15,CC DChg,26.59999999999127,-1.6998,3.9776
15,CC DChg,26.69999999999709,-1.6998,3.9776
15,CC DChg,26.80000000000291,-1.6998,3.9775
15,CC DChg,26.89999999999418,-1.6998,3.9774
15,CC DChg,27.0,-1.6998,3.9774
15,CC DChg,27.09999999999127,-1.6998,3.9773
15,CC DChg,27.19999999999709,-1.6998,3.9773
15,CC DChg,27.30000000000291,-1.6998,3.9772
15,CC DChg,27.39999999999418,-1.6998,3.9772
15,CC DChg,27.5,-1.6998,3.9771
15,CC DChg,27.59999999999127,-1.6998,3.9771
15,CC DChg,27.69999999999709,-1.6998,3.977
15,CC DChg,27.80000000000291,-1.6998,3.9769
15,CC DChg,27.89999999999418,-1.6998,3.9769
15,CC DChg,28.0,-1.6998,3.9768
15,CC DChg,28.09999999999127,-1.6998,3.9767
15,CC DChg,28.19999999999709,-1.6998,3.9767
15,CC DChg,28.30000000000291,-1.6998,3.9766
15,CC DChg,28.39999999999418,-1.6999,3.9766
15,CC DChg,28.5,-1.6999,3.9765
15,CC DChg,28.59999999999127,-1.6999,3.9765
15,CC DChg,28.69999999999709,-1.6999,3.9764
15,CC DChg,28.80000000000291,-1.6999,3.9763
15,CC DChg,28.89999999999418,-1.6999,3.9762
15,CC DChg,29.0,-1.6999,3.9762
15,CC DChg,29.09999999999127,-1.6999,3.9762
15,CC DChg,29.19999999999709,-1.6999,3.9761
15,CC DChg,29.30000000000291,-1.6999,3.976
15,CC DChg,29.39999999999418,-1.6998,3.976
15,CC DChg,29.5,-1.6998,3.9759
15,CC DChg,29.59999999999127,-1.6999,3.9759
15,CC DChg,29.69999999999709,-1.6999,3.9758
15,CC DChg,29.80000000000291,-1.6999,3.9757
15,CC DChg,29.89999999999418,-1.6999,3.9756
15,CC DChg,30.0,-1.6999,3.9756
15,CC DChg,30.09999999999127,-1.6999,3.9756
15,CC DChg,30.19999999999709,-1.6999,3.9755
15,CC DChg,30.30000000000291,-1.6999,3.9754
15,CC DChg,30.39999999999418,-1.6999,3.9754
15,CC DChg,30.5,-1.6999,3.9753
15,CC DChg,30.59999999999127,-1.6999,3.9753
15,CC DChg,30.69999999999709,-1.6998,3.9752
15,CC DChg,30.80000000000291,-1.6998,3.9752
15,CC DChg,30.89999999999418,-1.6998,3.9751
15,CC DChg,31.0,-1.6998,3.9751
15,CC DChg,31.09999999999127,-1.6998,3.975
15,CC DChg,31.19999999999709,-1.6998,3.975
15,CC DChg,31.30000000000291,-1.6998,3.9749
15,CC DChg,31.39999999999418,-1.6998,3.9748
15,CC DChg,31.5,-1.6998,3.9748
15,CC DChg,31.59999999999127,-1.6998,3.9747
15,CC DChg,31.69999999999709,-1.6999,3.9747
15,CC DChg,31.80000000000291,-1.6999,3.9746
15,CC DChg,31.89999999999418,-1.6999,3.9745
15,CC DChg,32.0,-1.6999,3.9745
15,CC DChg,32.09999999999127,-1.6999,3.9744
15,CC DChg,32.19999999999709,-1.6999,3.9743
15,CC DChg,32.30000000000291,-1.6999,3.9743
15,CC DChg,32.39999999999418,-1.6999,3.9742
15,CC DChg,32.5,-1.6999,3.9742
15,CC DChg,32.59999999999127,-1.6999,3.9741
15,CC DChg,32.69999999999709,-1.6999,3.9741
15,CC DChg,32.80000000000291,-1.6999,3.974
15,CC DChg,32.89999999999418,-1.6998,3.974
15,CC DChg,33.0,-1.6998,3.974
15,CC DChg,33.09999999999127,-1.6998,3.9739
15,CC DChg,33.19999999999709,-1.6998,3.9738
15,CC DChg,33.30000000000291,-1.6998,3.9737
15,CC DChg,33.39999999999418,-1.6998,3.9737
15,CC DChg,33.5,-1.6998,3.9737
15,CC DChg,33.59999999999127,-1.6998,3.9736
15,CC DChg,33.69999999999709,-1.6998,3.9735
15,CC DChg,33.80000000000291,-1.6998,3.9735
15,CC DChg,33.89999999999418,-1.6998,3.9735
15,CC DChg,34.0,-1.6998,3.9734
15,CC DChg,34.09999999999127,-1.6998,3.9734
15,CC DChg,34.19999999999709,-1.6998,3.9734
15,CC DChg,34.30000000000291,-1.6998,3.9733
15,CC DChg,34.39999999999418,-1.6998,3.9732
15,CC DChg,34.5,-1.6998,3.9731
15,CC DChg,34.59999999999127,-1.6998,3.9731
15,CC DChg,34.69999999999709,-1.6998,3.973
15,CC DChg,34.80000000000291,-1.6998,3.973
15,CC DChg,34.89999999999418,-1.6998,3.9729
15,CC DChg,35.0,-1.6998,3.9729
15,CC DChg,35.09999999999127,-1.6998,3.9729
15,CC DChg,35.19999999999709,-1.6998,3.9728
15,CC DChg,35.30000000000291,-1.6998,3.9728
15,CC DChg,35.39999999999418,-1.6998,3.9727
15,CC DChg,35.5,-1.6998,3.9726
15,CC DChg,35.59999999999127,-1.6998,3.9726
15,CC DChg,35.69999999999709,-1.6998,3.9726
15,CC DChg,35.80000000000291,-1.6998,3.9725
15,CC DChg,35.89999999999418,-1.6998,3.9725
15,CC DChg,36.0,-1.6998,3.9724
15,CC DChg,36.09999999999127,-1.6998,3.9723
15,CC DChg,36.19999999999709,-1.6998,3.9723
15,CC DChg,36.30000000000291,-1.6998,3.9722
15,CC DChg,36.39999999999418,-1.6998,3.9722
15,CC DChg,36.5,-1.6998,3.9722
15,CC DChg,36.59999999999127,-1.6998,3.9721
15,CC DChg,36.69999999999709,-1.6998,3.972
15,CC DChg,36.80000000000291,-1.6998,3.972
15,CC DChg,36.89999999999418,-1.6998,3.972
15,CC DChg,37.0,-1.6998,3.9719
15,CC DChg,37.09999999999127,-1.6998,3.9718
15,CC DChg,37.19999999999709,-1.6998,3.9718
15,CC DChg,37.30000000000291,-1.6998,3.9718
15,CC DChg,37.39999999999418,-1.6998,3.9717
15,CC DChg,37.5,-1.6998,3.9716
15,CC DChg,37.59999999999127,-1.6998,3.9716
15,CC DChg,37.69999999999709,-1.6998,3.9715
15,CC DChg,37.80000000000291,-1.6998,3.9715
15,CC DChg,37.89999999999418,-1.6998,3.9714
15,CC DChg,38.0,-1.6998,3.9714
15,CC DChg,38.09999999999127,-1.6998,3.9713
15,CC DChg,38.19999999999709,-1.6998,3.9713
15,CC DChg,38.30000000000291,-1.6998,3.9712
15,CC DChg,38.39999999999418,-1.6998,3.9712
15,CC DChg,38.5,-1.6998,3.9712
15,CC DChg,38.59999999999127,-1.6998,3.9711
15,CC DChg,38.69999999999709,-1.6998,3.971
15,CC DChg,38.80000000000291,-1.6998,3.971
15,CC DChg,38.89999999999418,-1.6998,3.9709
15,CC DChg,39.0,-1.6998,3.9708
15,CC DChg,39.09999999999127,-1.6998,3.9708
15,CC DChg,39.19999999999709,-1.6998,3.9708
15,CC DChg,39.30000000000291,-1.6998,3.9708
15,CC DChg,39.39999999999418,-1.6998,3.9707
15,CC DChg,39.5,-1.6998,3.9706
15,CC DChg,39.59999999999127,-1.6998,3.9706
15,CC DChg,39.69999999999709,-1.6998,3.9706
15,CC DChg,39.80000000000291,-1.6998,3.9705
15,CC DChg,39.89999999999418,-1.6998,3.9705
15,CC DChg,40.0,-1.6998,3.9704
15,CC DChg,40.09999999999127,-1.6998,3.9704
15,CC DChg,40.19999999999709,-1.6998,3.9703
15,CC DChg,40.30000000000291,-1.6998,3.9703
15,CC DChg,40.39999999999418,-1.6998,3.9702
15,CC DChg,40.5,-1.6998,3.9702
15,CC DChg,40.59999999999127,-1.6998,3.9701
15,CC DChg,40.69999999999709,-1.6998,3.9701
15,CC DChg,40.80000000000291,-1.6998,3.97
15,CC DChg,40.89999999999418,-1.6998,3.97
15,CC DChg,41.0,-1.6998,3.9699
15,CC DChg,41.09999999999127,-1.6998,3.9699
15,CC DChg,41.19999999999709,-1.6998,3.9699
15,CC DChg,41.30000000000291,-1.6998,3.9698
15,CC DChg,41.39999999999418,-1.6998,3.9698
15,CC DChg,41.5,-1.6998,3.9697
15,CC DChg,41.59999999999127,-1.6998,3.9697
15,CC DChg,41.69999999999709,-1.6999,3.9696
15,CC DChg,41.80000000000291,-1.6999,3.9696
15,CC DChg,41.89999999999418,-1.6998,3.9695
15,CC DChg,42.0,-1.6998,3.9695
15,CC DChg,42.09999999999127,-1.6998,3.9694
15,CC DChg,42.19999999999709,-1.6998,3.9694
15,CC DChg,42.30000000000291,-1.6998,3.9693
15,CC DChg,42.39999999999418,-1.6998,3.9693
15,CC DChg,42.5,-1.6998,3.9693
15,CC DChg,42.59999999999127,-1.6998,3.9692
15,CC DChg,42.69999999999709,-1.6998,3.9692
15,CC DChg,42.80000000000291,-1.6998,3.9691
15,CC DChg,42.89999999999418,-1.6998,3.9691
15,CC DChg,43.0,-1.6998,3.9691
15,CC DChg,43.09999999999127,-1.6998,3.969
15,CC DChg,43.19999999999709,-1.6998,3.969
15,CC DChg,43.30000000000291,-1.6998,3.9688
15,CC DChg,43.39999999999418,-1.6998,3.9688
15,CC DChg,43.5,-1.6998,3.9688
15,CC DChg,43.59999999999127,-1.6998,3.9688
15,CC DChg,43.69999999999709,-1.6998,3.9687
15,CC DChg,43.80000000000291,-1.6998,3.9687
15,CC DChg,43.89999999999418,-1.6998,3.9686
15,CC DChg,44.0,-1.6998,3.9686
15,CC DChg,44.09999999999127,-1.6998,3.9686
15,CC DChg,44.19999999999709,-1.6998,3.9685
15,CC DChg,44.30000000000291,-1.6998,3.9685
15,CC DChg,44.39999999999418,-1.6998,3.9684
15,CC DChg,44.5,-1.6998,3.9684
15,CC DChg,44.59999999999127,-1.6998,3.9683
15,CC DChg,44.69999999999709,-1.6998,3.9683
15,CC DChg,44.80000000000291,-1.6998,3.9682
15,CC DChg,44.89999999999418,-1.6998,3.9682
15,CC DChg,45.0,-1.6998,3.9682
15,CC DChg,45.09999999999127,-1.6998,3.9681
15,CC DChg,45.19999999999709,-1.6998,3.9681
15,CC DChg,45.30000000000291,-1.6998,3.968
15,CC DChg,45.39999999999418,-1.6998,3.968
15,CC DChg,45.5,-1.6998,3.968
15,CC DChg,45.59999999999127,-1.6998,3.9679
15,CC DChg,45.69999999999709,-1.6998,3.9678
15,CC DChg,45.80000000000291,-1.6998,3.9678
15,CC DChg,45.89999999999418,-1.6998,3.9677
15,CC DChg,46.0,-1.6998,3.9677
15,CC DChg,46.09999999999127,-1.6998,3.9677
15,CC DChg,46.19999999999709,-1.6998,3.9676
15,CC DChg,46.30000000000291,-1.6998,3.9676
15,CC DChg,46.39999999999418,-1.6998,3.9676
15,CC DChg,46.5,-1.6998,3.9675
15,CC DChg,46.59999999999127,-1.6998,3.9674
15,CC DChg,46.69999999999709,-1.6998,3.9674
15,CC DChg,46.80000000000291,-1.6998,3.9673
15,CC DChg,46.89999999999418,-1.6998,3.9673
15,CC DChg,47.0,-1.6998,3.9673
15,CC DChg,47.09999999999127,-1.6998,3.9672
15,CC DChg,47.19999999999709,-1.6998,3.9672
15,CC DChg,47.30000000000291,-1.6998,3.9671
15,CC DChg,47.39999999999418,-1.6998,3.9671
15,CC DChg,47.5,-1.6998,3.9671
15,CC DChg,47.59999999999127,-1.6998,3.967
15,CC DChg,47.69999999999709,-1.6998,3.967
15,CC DChg,47.80000000000291,-1.6998,3.967
15,CC DChg,47.89999999999418,-1.6998,3.9669
15,CC DChg,48.0,-1.6998,3.9669
15,CC DChg,48.09999999999127,-1.6998,3.9668
15,CC DChg,48.19999999999709,-1.6998,3.9668
15,CC DChg,48.30000000000291,-1.6998,3.9668
15,CC DChg,48.39999999999418,-1.6998,3.9667
15,CC DChg,48.5,-1.6998,3.9666
15,CC DChg,48.59999999999127,-1.6998,3.9666
15,CC DChg,48.69999999999709,-1.6998,3.9665
15,CC DChg,48.80000000000291,-1.6998,3.9665
15,CC DChg,48.89999999999418,-1.6998,3.9665
15,CC DChg,49.0,-1.6998,3.9665
15,CC DChg,49.09999999999127,-1.6998,3.9664
15,CC DChg,49.19999999999709,-1.6998,3.9664
15,CC DChg,49.30000000000291,-1.6998,3.9663
15,CC DChg,49.39999999999418,-1.6998,3.9663
15,CC DChg,49.5,-1.6998,3.9663
15,CC DChg,49.59999999999127,-1.6998,3.9662
15,CC DChg,49.69999999999709,-1.6998,3.9661
15,CC DChg,49.80000000000291,-1.6998,3.9661
15,CC DChg,49.89999999999418,-1.6998,3.9661
15,CC DChg,50.0,-1.6998,3.9661
15,CC DChg,50.09999999999127,-1.6998,3.9661
15,CC DChg,50.19999999999709,-1.6998,3.966
15,CC DChg,50.30000000000291,-1.6998,3.966
15,CC DChg,50.39999999999418,-1.6998,3.9659
15,CC DChg,50.5,-1.6998,3.9659
15,CC DChg,50.59999999999127,-1.6998,3.9659
15,CC DChg,50.69999999999709,-1.6998,3.9658
15,CC DChg,50.80000000000291,-1.6998,3.9657
15,CC DChg,50.89999999999418,-1.6998,3.9657
15,CC DChg,51.0,-1.6998,3.9656
15,CC DChg,51.09999999999127,-1.6998,3.9656
15,CC DChg,51.19999999999709,-1.6998,3.9656
15,CC DChg,51.30000000000291,-1.6998,3.9656
15,CC DChg,51.39999999999418,-1.6998,3.9655
15,CC DChg,51.5,-1.6999,3.9655
15,CC DChg,51.59999999999127,-1.6999,3.9654
15,CC DChg,51.69999999999709,-1.6999,3.9654
15,CC DChg,51.80000000000291,-1.6999,3.9654
15,CC DChg,51.89999999999418,-1.6999,3.9653
15,CC DChg,52.0,-1.6999,3.9653
15,CC DChg,52.09999999999127,-1.6999,3.9653
15,CC DChg,52.19999999999709,-1.6999,3.9652
15,CC DChg,52.30000000000291,-1.6999,3.9652
15,CC DChg,52.39999999999418,-1.6999,3.9651
15,CC DChg,52.5,-1.6999,3.9651
15,CC DChg,52.59999999999127,-1.6999,3.965
15,CC DChg,52.69999999999709,-1.6999,3.965
15,CC DChg,52.80000000000291,-1.6999,3.9649
15,CC DChg,52.89999999999418,-1.6999,3.965
15,CC DChg,53.0,-1.6999,3.9649
15,CC DChg,53.09999999999127,-1.6999,3.9649
15,CC DChg,53.19999999999709,-1.6999,3.9649
15,CC DChg,53.30000000000291,-1.6999,3.9648
15,CC DChg,53.39999999999418,-1.6999,3.9648
15,CC DChg,53.5,-1.6999,3.9647
15,CC DChg,53.59999999999127,-1.6999,3.9647
15,CC DChg,53.69999999999709,-1.6999,3.9646
15,CC DChg,53.80000000000291,-1.6999,3.9646
15,CC DChg,53.89999999999418,-1.6999,3.9646
15,CC DChg,54.0,-1.6999,3.9646
15,CC DChg,54.09999999999127,-1.6999,3.9645
15,CC DChg,54.19999999999709,-1.6999,3.9645
15,CC DChg,54.30000000000291,-1.6999,3.9644
15,CC DChg,54.39999999999418,-1.6999,3.9643
15,CC DChg,54.5,-1.6999,3.9643
15,CC DChg,54.59999999999127,-1.6999,3.9643
15,CC DChg,54.69999999999709,-1.6999,3.9643
15,CC DChg,54.80000000000291,-1.6999,3.9642
15,CC DChg,54.89999999999418,-1.6999,3.9642
15,CC DChg,55.0,-1.6999,3.9642
15,CC DChg,55.09999999999127,-1.6999,3.9641
15,CC DChg,55.19999999999709,-1.6999,3.9641
15,CC DChg,55.30000000000291,-1.6999,3.964
15,CC DChg,55.39999999999418,-1.6999,3.964
15,CC DChg,55.5,-1.6999,3.964
15,CC DChg,55.59999999999127,-1.6999,3.964
15,CC DChg,55.69999999999709,-1.6999,3.9639
15,CC DChg,55.80000000000291,-1.6999,3.9638
15,CC DChg,55.89999999999418,-1.6999,3.9638
15,CC DChg,56.0,-1.6999,3.9638
15,CC DChg,56.09999999999127,-1.6999,3.9638
15,CC DChg,56.19999999999709,-1.6999,3.9637
15,CC DChg,56.30000000000291,-1.6999,3.9637
15,CC DChg,56.39999999999418,-1.6999,3.9636
15,CC DChg,56.5,-1.6999,3.9636
15,CC DChg,56.59999999999127,-1.6999,3.9636
15,CC DChg,56.69999999999709,-1.6999,3.9636
15,CC DChg,56.80000000000291,-1.6999,3.9635
15,CC DChg,56.89999999999418,-1.6999,3.9635
15,CC DChg,57.0,-1.6999,3.9634
15,CC DChg,57.09999999999127,-1.6999,3.9634
15,CC DChg,57.19999999999709,-1.6999,3.9634
15,CC DChg,57.30000000000291,-1.6999,3.9634
15,CC DChg,57.39999999999418,-1.6999,3.9633
15,CC DChg,57.5,-1.6999,3.9633
15,CC DChg,57.59999999999127,-1.6999,3.9632
15,CC DChg,57.69999999999709,-1.6999,3.9632
15,CC DChg,57.80000000000291,-1.6999,3.9632
15,CC DChg,57.89999999999418,-1.6999,3.9632
15,CC DChg,58.0,-1.6999,3.9631
15,CC DChg,58.09999999999127,-1.6999,3.9631
15,CC DChg,58.19999999999709,-1.6999,3.963
15,CC DChg,58.30000000000291,-1.6999,3.963
15,CC DChg,58.39999999999418,-1.6999,3.963
15,CC DChg,58.5,-1.6999,3.9629
15,CC DChg,58.59999999999127,-1.6999,3.9628
15,CC DChg,58.69999999999709,-1.6999,3.9629
15,CC DChg,58.80000000000291,-1.6999,3.9628
15,CC DChg,58.89999999999418,-1.6999,3.9627
15,CC DChg,59.0,-1.6999,3.9627
15,CC DChg,59.09999999999127,-1.6999,3.9627
15,CC DChg,59.19999999999709,-1.6999,3.9626
15,CC DChg,59.30000000000291,-1.6999,3.9626
15,CC DChg,59.39999999999418,-1.6999,3.9626
15,CC DChg,59.5,-1.6999,3.9625
15,CC DChg,59.59999999999127,-1.6999,3.9625
15,CC DChg,59.69999999999709,-1.6999,3.9625
15,CC DChg,59.80000000000291,-1.6998,3.9625
15,CC DChg,59.89999999999418,-1.6998,3.9624
15,CC DChg,60.0,-1.6998,3.9624
15,CC DChg,60.09999999999127,-1.6998,3.9623
15,CC DChg,60.19999999999709,-1.6998,3.9623
15,CC DChg,60.30000000000291,-1.6998,3.9623
15,CC DChg,60.39999999999418,-1.6998,3.9622
15,CC DChg,60.5,-1.6998,3.9622
15,CC DChg,60.59999999999127,-1.6998,3.9621
15,CC DChg,60.69999999999709,-1.6998,3.9621
15,CC DChg,60.80000000000291,-1.6998,3.9621
15,CC DChg,60.89999999999418,-1.6998,3.962
15,CC DChg,61.0,-1.6998,3.962
15,CC DChg,61.09999999999127,-1.6998,3.962
15,CC DChg,61.19999999999709,-1.6998,3.9619
15,CC DChg,61.30000000000291,-1.6998,3.9619
15,CC DChg,61.39999999999418,-1.6998,3.9619
15,CC DChg,61.5,-1.6998,3.9618
15,CC DChg,61.59999999999127,-1.6998,3.9618
15,CC DChg,61.69999999999709,-1.6998,3.9617
15,CC DChg,61.80000000000291,-1.6998,3.9617
15,CC DChg,61.89999999999418,-1.6998,3.9617
15,CC DChg,62.0,-1.6998,3.9617
15,CC DChg,62.09999999999127,-1.6998,3.9616
15,CC DChg,62.19999999999709,-1.6998,3.9616
15,CC DChg,62.30000000000291,-1.6998,3.9616
15,CC DChg,62.39999999999418,-1.6998,3.9615
15,CC DChg,62.5,-1.6998,3.9615
15,CC DChg,62.59999999999127,-1.6998,3.9615
15,CC DChg,62.69999999999709,-1.6998,3.9614
15,CC DChg,62.80000000000291,-1.6998,3.9614
15,CC DChg,62.89999999999418,-1.6998,3.9613
15,CC DChg,63.0,-1.6998,3.9613
15,CC DChg,63.09999999999127,-1.6998,3.9613
15,CC DChg,63.19999999999709,-1.6998,3.9612
15,CC DChg,63.30000000000291,-1.6998,3.9612
15,CC DChg,63.39999999999418,-1.6998,3.9612
15,CC DChg,63.5,-1.6998,3.9611
15,CC DChg,63.59999999999127,-1.6998,3.9611
15,CC DChg,63.69999999999709,-1.6998,3.9611
15,CC DChg,63.80000000000291,-1.6998,3.9611
15,CC DChg,63.89999999999418,-1.6998,3.9609
15,CC DChg,64.0,-1.6998,3.9609
15,CC DChg,64.09999999999127,-1.6998,3.9609
15,CC DChg,64.19999999999709,-1.6998,3.9609
15,CC DChg,64.30000000000291,-1.6998,3.9608
15,CC DChg,64.39999999999418,-1.6998,3.9608
15,CC DChg,64.5,-1.6998,3.9608
15,CC DChg,64.59999999999127,-1.6998,3.9608
15,CC DChg,64.69999999999709,-1.6998,3.9607
15,CC DChg,64.80000000000291,-1.6998,3.9607
15,CC DChg,64.89999999999418,-1.6998,3.9607
15,CC DChg,65.0,-1.6998,3.9606
15,CC DChg,65.09999999999127,-1.6998,3.9606
15,CC DChg,65.19999999999709,-1.6998,3.9606
15,CC DChg,65.30000000000291,-1.6998,3.9605
15,CC DChg,65.39999999999418,-1.6998,3.9605
15,CC DChg,65.5,-1.6998,3.9605
15,CC DChg,65.59999999999127,-1.6998,3.9605
15,CC DChg,65.69999999999709,-1.6998,3.9604
15,CC DChg,65.80000000000291,-1.6998,3.9604
15,CC DChg,65.89999999999418,-1.6998,3.9604
15,CC DChg,66.0,-1.6998,3.9603
15,CC DChg,66.09999999999127,-1.6998,3.9603
15,CC DChg,66.19999999999709,-1.6998,3.9603
15,CC DChg,66.30000000000291,-1.6998,3.9602
15,CC DChg,66.39999999999418,-1.6998,3.9602
15,CC DChg,66.5,-1.6998,3.9602
15,CC DChg,66.59999999999127,-1.6998,3.9601
15,CC DChg,66.69999999999709,-1.6998,3.9601
15,CC DChg,66.80000000000291,-1.6998,3.96
15,CC DChg,66.89999999999418,-1.6998,3.96
15,CC DChg,67.0,-1.6998,3.96
15,CC DChg,67.09999999999127,-1.6998,3.96
15,CC DChg,67.19999999999709,-1.6998,3.9599
15,CC DChg,67.30000000000291,-1.6998,3.9599
15,CC DChg,67.39999999999418,-1.6998,3.9598
15,CC DChg,67.5,-1.6998,3.9598
15,CC DChg,67.59999999999127,-1.6998,3.9598
15,CC DChg,67.69999999999709,-1.6998,3.9598
15,CC DChg,67.80000000000291,-1.6998,3.9598
15,CC DChg,67.89999999999418,-1.6998,3.9597
15,CC DChg,68.0,-1.6998,3.9596
15,CC DChg,68.09999999999127,-1.6998,3.9596
15,CC DChg,68.19999999999709,-1.6998,3.9596
15,CC DChg,68.30000000000291,-1.6998,3.9596
15,CC DChg,68.39999999999418,-1.6998,3.9595
15,CC DChg,68.5,-1.6998,3.9595
15,CC DChg,68.59999999999127,-1.6998,3.9595
15,CC DChg,68.69999999999709,-1.6998,3.9595
15,CC DChg,68.80000000000291,-1.6998,3.9594
15,CC DChg,68.89999999999418,-1.6998,3.9594
15,CC DChg,69.0,-1.6998,3.9594
15,CC DChg,69.09999999999127,-1.6998,3.9594
15,CC DChg,69.19999999999709,-1.6998,3.9593
15,CC DChg,69.30000000000291,-1.6998,3.9593
15,CC DChg,69.39999999999418,-1.6998,3.9593
15,CC DChg,69.5,-1.6998,3.9593
15,CC DChg,69.59999999999127,-1.6998,3.9592
15,CC DChg,69.69999999999709,-1.6998,3.9592
15,CC DChg,69.80000000000291,-1.6998,3.9591
15,CC DChg,69.89999999999418,-1.6998,3.9591
15,CC DChg,70.0,-1.6998,3.9591
15,CC DChg,70.09999999999127,-1.6999,3.9591
15,CC DChg,70.19999999999709,-1.6999,3.959
15,CC DChg,70.30000000000291,-1.6999,3.959
15,CC DChg,70.39999999999418,-1.6999,3.959
15,CC DChg,70.5,-1.6999,3.9589
15,CC DChg,70.59999999999127,-1.6999,3.9589
15,CC DChg,70.69999999999709,-1.6999,3.9589
15,CC DChg,70.80000000000291,-1.6999,3.9589
15,CC DChg,70.89999999999418,-1.6999,3.9588
15,CC DChg,71.0,-1.6999,3.9588
15,CC DChg,71.09999999999127,-1.6999,3.9588
15,CC DChg,71.19999999999709,-1.6999,3.9587
15,CC DChg,71.30000000000291,-1.6999,3.9587
15,CC DChg,71.39999999999418,-1.6999,3.9587
15,CC DChg,71.5,-1.6999,3.9586
15,CC DChg,71.59999999999127,-1.6999,3.9586
15,CC DChg,71.69999999999709,-1.6999,3.9586
15,CC DChg,71.80000000000291,-1.6999,3.9586
15,CC DChg,71.89999999999418,-1.6999,3.9585
15,CC DChg,72.0,-1.6999,3.9585
15,CC DChg,72.09999999999127,-1.6999,3.9585
15,CC DChg,72.19999999999709,-1.6999,3.9584
15,CC DChg,72.30000000000291,-1.6999,3.9584
15,CC DChg,72.39999999999418,-1.6999,3.9584
15,CC DChg,72.5,-1.6999,3.9584
15,CC DChg,72.59999999999127,-1.6999,3.9584
15,CC DChg,72.69999999999709,-1.6999,3.9583
15,CC DChg,72.80000000000291,-1.6999,3.9583
15,CC DChg,72.89999999999418,-1.6999,3.9582
15,CC DChg,73.0,-1.6999,3.9582
15,CC DChg,73.09999999999127,-1.6999,3.9582
15,CC DChg,73.19999999999709,-1.6999,3.9582
15,CC DChg,73.30000000000291,-1.6999,3.9582
15,CC DChg,73.39999999999418,-1.6999,3.9581
15,CC DChg,73.5,-1.6999,3.9581
15,CC DChg,73.59999999999127,-1.6999,3.9581
15,CC DChg,73.69999999999709,-1.6999,3.958
15,CC DChg,73.80000000000291,-1.6999,3.958
15,CC DChg,73.89999999999418,-1.6999,3.9579
15,CC DChg,74.0,-1.6999,3.9579
15,CC DChg,74.09999999999127,-1.6999,3.9579
15,CC DChg,74.19999999999709,-1.6999,3.9579
15,CC DChg,74.30000000000291,-1.6999,3.9578
15,CC DChg,74.39999999999418,-1.6999,3.9578
15,CC DChg,74.5,-1.6999,3.9578
15,CC DChg,74.59999999999127,-1.6999,3.9577
15,CC DChg,74.69999999999709,-1.6999,3.9577
15,CC DChg,74.80000000000291,-1.6999,3.9577
15,CC DChg,74.89999999999418,-1.6999,3.9576
15,CC DChg,75.0,-1.6999,3.9577
15,CC DChg,75.09999999999127,-1.6999,3.9576
15,CC DChg,75.19999999999709,-1.6999,3.9576
15,CC DChg,75.30000000000291,-1.6999,3.9575
15,CC DChg,75.39999999999418,-1.6999,3.9575
15,CC DChg,75.5,-1.6999,3.9575
15,CC DChg,75.59999999999127,-1.6999,3.9574
15,CC DChg,75.69999999999709,-1.6999,3.9574
15,CC DChg,75.80000000000291,-1.6999,3.9574
15,CC DChg,75.89999999999418,-1.6998,3.9573
15,CC DChg,76.0,-1.6998,3.9573
15,CC DChg,76.09999999999127,-1.6998,3.9573
15,CC DChg,76.19999999999709,-1.6998,3.9573
15,CC DChg,76.30000000000291,-1.6998,3.9572
15,CC DChg,76.39999999999418,-1.6998,3.9572
15,CC DChg,76.5,-1.6998,3.9572
15,CC DChg,76.59999999999127,-1.6998,3.9572
15,CC DChg,76.69999999999709,-1.6998,3.9571
15,CC DChg,76.80000000000291,-1.6998,3.9571
15,CC DChg,76.89999999999418,-1.6998,3.9571
15,CC DChg,77.0,-1.6998,3.957
15,CC DChg,77.09999999999127,-1.6998,3.957
15,CC DChg,77.19999999999709,-1.6998,3.957
15,CC DChg,77.30000000000291,-1.6998,3.9569
15,CC DChg,77.39999999999418,-1.6998,3.9569
15,CC DChg,77.5,-1.6998,3.9569
15,CC DChg,77.59999999999127,-1.6999,3.9569
15,CC DChg,77.69999999999709,-1.6999,3.9569
15,CC DChg,77.80000000000291,-1.6999,3.9568
15,CC DChg,77.89999999999418,-1.6999,3.9568
15,CC DChg,78.0,-1.6999,3.9567
15,CC DChg,78.09999999999127,-1.6999,3.9567
15,CC DChg,78.19999999999709,-1.6999,3.9567
15,CC DChg,78.30000000000291,-1.6999,3.9567
15,CC DChg,78.39999999999418,-1.6999,3.9566
15,CC DChg,78.5,-1.6999,3.9566
15,CC DChg,78.59999999999127,-1.6999,3.9566
15,CC DChg,78.69999999999709,-1.6999,3.9565
15,CC DChg,78.80000000000291,-1.6999,3.9565
15,CC DChg,78.89999999999418,-1.6999,3.9565
15,CC DChg,79.0,-1.6999,3.9565
15,CC DChg,79.09999999999127,-1.6999,3.9564
15,CC DChg,79.19999999999709,-1.6999,3.9564
15,CC DChg,79.30000000000291,-1.6999,3.9564
15,CC DChg,79.39999999999418,-1.6999,3.9564
15,CC DChg,79.5,-1.6999,3.9563
15,CC DChg,79.59999999999127,-1.6999,3.9563
15,CC DChg,79.69999999999709,-1.6999,3.9563
15,CC DChg,79.80000000000291,-1.6999,3.9563
15,CC DChg,79.89999999999418,-1.6999,3.9562
15,CC DChg,80.0,-1.6999,3.9562
15,CC DChg,80.09999999999127,-1.6999,3.9562
15,CC DChg,80.19999999999709,-1.6999,3.9562
15,CC DChg,80.30000000000291,-1.6999,3.9562
15,CC DChg,80.39999999999418,-1.6999,3.9561
15,CC DChg,80.5,-1.6999,3.9561
15,CC DChg,80.59999999999127,-1.6999,3.956
15,CC DChg,80.69999999999709,-1.6999,3.956
15,CC DChg,80.80000000000291,-1.6999,3.956
15,CC DChg,80.89999999999418,-1.6999,3.956
15,CC DChg,81.0,-1.6999,3.956
15,CC DChg,81.09999999999127,-1.6999,3.9559
15,CC DChg,81.19999999999709,-1.6999,3.9559
15,CC DChg,81.30000000000291,-1.6999,3.9559
15,CC DChg,81.39999999999418,-1.6999,3.9559
15,CC DChg,81.5,-1.6999,3.9558
15,CC DChg,81.59999999999127,-1.6999,3.9558
15,CC DChg,81.69999999999709,-1.6999,3.9558
15,CC DChg,81.80000000000291,-1.6999,3.9557
15,CC DChg,81.89999999999418,-1.6999,3.9557
15,CC DChg,82.0,-1.6999,3.9556
15,CC DChg,82.09999999999127,-1.6999,3.9556
15,CC DChg,82.19999999999709,-1.6999,3.9556
15,CC DChg,82.30000000000291,-1.6999,3.9556
15,CC DChg,82.39999999999418,-1.6999,3.9556
15,CC DChg,82.5,-1.6999,3.9555
15,CC DChg,82.59999999999127,-1.6999,3.9555
15,CC DChg,82.69999999999709,-1.6999,3.9555
15,CC DChg,82.80000000000291,-1.6999,3.9555
15,CC DChg,82.89999999999418,-1.6999,3.9555
15,CC DChg,83.0,-1.6999,3.9554
15,CC DChg,83.09999999999127,-1.6999,3.9554
15,CC DChg,83.19999999999709,-1.6999,3.9554
15,CC DChg,83.30000000000291,-1.6999,3.9553
15,CC DChg,83.39999999999418,-1.6999,3.9553
15,CC DChg,83.5,-1.6998,3.9553
15,CC DChg,83.59999999999127,-1.6998,3.9553
15,CC DChg,83.69999999999709,-1.6998,3.9552
15,CC DChg,83.80000000000291,-1.6998,3.9552
15,CC DChg,83.89999999999418,-1.6998,3.9552
15,CC DChg,84.0,-1.6998,3.9551
15,CC DChg,84.09999999999127,-1.6998,3.9551
15,CC DChg,84.19999999999709,-1.6998,3.9551
15,CC DChg,84.30000000000291,-1.6998,3.955
15,CC DChg,84.39999999999418,-1.6998,3.955
15,CC DChg,84.5,-1.6998,3.955
15,CC DChg,84.59999999999127,-1.6998,3.955
15,CC DChg,84.69999999999709,-1.6998,3.955
15,CC DChg,84.80000000000291,-1.6998,3.9549
15,CC DChg,84.89999999999418,-1.6998,3.9549
15,CC DChg,85.0,-1.6998,3.9549
15,CC DChg,85.09999999999127,-1.6998,3.9549
15,CC DChg,85.19999999999709,-1.6998,3.9548
15,CC DChg,85.30000000000291,-1.6998,3.9548
15,CC DChg,85.39999999999418,-1.6998,3.9547
15,CC DChg,85.5,-1.6998,3.9547
15,CC DChg,85.59999999999127,-1.6998,3.9547
15,CC DChg,85.69999999999709,-1.6998,3.9547
15,CC DChg,85.80000000000291,-1.6998,3.9546
15,CC DChg,85.89999999999418,-1.6998,3.9546
15,CC DChg,86.0,-1.6998,3.9546
15,CC DChg,86.09999999999127,-1.6998,3.9546
15,CC DChg,86.19999999999709,-1.6998,3.9545
15,CC DChg,86.30000000000291,-1.6998,3.9545
15,CC DChg,86.39999999999418,-1.6998,3.9545
15,CC DChg,86.5,-1.6998,3.9545
15,CC DChg,86.59999999999127,-1.6998,3.9544
15,CC DChg,86.69999999999709,-1.6998,3.9544
15,CC DChg,86.80000000000291,-1.6998,3.9544
15,CC DChg,86.89999999999418,-1.6998,3.9543
15,CC DChg,87.0,-1.6998,3.9543
15,CC DChg,87.09999999999127,-1.6998,3.9543
15,CC DChg,87.19999999999709,-1.6998,3.9543
15,CC DChg,87.30000000000291,-1.6998,3.9543
15,CC DChg,87.39999999999418,-1.6998,3.9542
15,CC DChg,87.5,-1.6998,3.9542
15,CC DChg,87.59999999999127,-1.6998,3.9542
15,CC DChg,87.69999999999709,-1.6998,3.9541
15,CC DChg,87.80000000000291,-1.6998,3.9542
15,CC DChg,87.89999999999418,-1.6998,3.9541
15,CC DChg,88.0,-1.6998,3.9541
15,CC DChg,88.09999999999127,-1.6998,3.954
15,CC DChg,88.19999999999709,-1.6998,3.954
15,CC DChg,88.30000000000291,-1.6998,3.954
15,CC DChg,88.39999999999418,-1.6998,3.954
15,CC DChg,88.5,-1.6998,3.9539
15,CC DChg,88.59999999999127,-1.6998,3.9539
15,CC DChg,88.69999999999709,-1.6998,3.9539
15,CC DChg,88.80000000000291,-1.6998,3.9539
15,CC DChg,88.89999999999418,-1.6998,3.9538
15,CC DChg,89.0,-1.6998,3.9538
15,CC DChg,89.09999999999127,-1.6998,3.9538
15,CC DChg,89.19999999999709,-1.6998,3.9538
15,CC DChg,89.30000000000291,-1.6998,3.9538
15,CC DChg,89.39999999999418,-1.6998,3.9538
15,CC DChg,89.5,-1.6998,3.9537
15,CC DChg,89.59999999999127,-1.6998,3.9536
15,CC DChg,89.69999999999709,-1.6998,3.9536
15,CC DChg,89.80000000000291,-1.6998,3.9536
15,CC DChg,89.89999999999418,-1.6998,3.9536
15,CC DChg,90.0,-1.6998,3.9536
15,CC DChg,90.09999999999127,-1.6998,3.9536
15,CC DChg,90.19999999999709,-1.6998,3.9535
15,CC DChg,90.30000000000291,-1.6998,3.9535
15,CC DChg,90.39999999999418,-1.6998,3.9534
15,CC DChg,90.5,-1.6998,3.9534
15,CC DChg,90.59999999999127,-1.6998,3.9534
15,CC DChg,90.69999999999709,-1.6998,3.9534
15,CC DChg,90.80000000000291,-1.6998,3.9534
15,CC DChg,90.89999999999418,-1.6998,3.9533
15,CC DChg,91.0,-1.6998,3.9533
15,CC DChg,91.09999999999127,-1.6998,3.9533
15,CC DChg,91.19999999999709,-1.6998,3.9533
15,CC DChg,91.30000000000291,-1.6998,3.9532
15,CC DChg,91.39999999999418,-1.6998,3.9532
15,CC DChg,91.5,-1.6998,3.9532
15,CC DChg,91.59999999999127,-1.6998,3.9532
15,CC DChg,91.69999999999709,-1.6998,3.9531
15,CC DChg,91.80000000000291,-1.6998,3.9531
15,CC DChg,91.89999999999418,-1.6998,3.9531
15,CC DChg,92.0,-1.6998,3.953
15,CC DChg,92.09999999999127,-1.6998,3.9531
15,CC DChg,92.19999999999709,-1.6999,3.953
15,CC DChg,92.30000000000291,-1.6999,3.953
15,CC DChg,92.39999999999418,-1.6999,3.953
15,CC DChg,92.5,-1.6999,3.953
15,CC DChg,92.59999999999127,-1.6999,3.953
15,CC DChg,92.69999999999709,-1.6999,3.9529
15,CC DChg,92.80000000000291,-1.6999,3.9529
15,CC DChg,92.89999999999418,-1.6999,3.9529
15,CC DChg,93.0,-1.6999,3.9528
15,CC DChg,93.09999999999127,-1.6999,3.9528
15,CC DChg,93.19999999999709,-1.6999,3.9528
15,CC DChg,93.30000000000291,-1.6999,3.9528
15,CC DChg,93.39999999999418,-1.6999,3.9527
15,CC DChg,93.5,-1.6999,3.9527
15,CC DChg,93.59999999999127,-1.6999,3.9527
15,CC DChg,93.69999999999709,-1.6999,3.9527
15,CC DChg,93.80000000000291,-1.6999,3.9527
15,CC DChg,93.89999999999418,-1.6999,3.9526
15,CC DChg,94.0,-1.6999,3.9526
15,CC DChg,94.09999999999127,-1.6999,3.9526
15,CC DChg,94.19999999999709,-1.6999,3.9526
15,CC DChg,94.30000000000291,-1.6999,3.9526
15,CC DChg,94.39999999999418,-1.6999,3.9526
15,CC DChg,94.5,-1.6999,3.9525
15,CC DChg,94.59999999999127,-1.6999,3.9525
15,CC DChg,94.69999999999709,-1.6999,3.9525
15,CC DChg,94.80000000000291,-1.6999,3.9525
15,CC DChg,94.89999999999418,-1.6999,3.9524
15,CC DChg,95.0,-1.6999,3.9524
15,CC DChg,95.09999999999127,-1.6999,3.9524
15,CC DChg,95.19999999999709,-1.6999,3.9523
15,CC DChg,95.30000000000291,-1.6999,3.9523
15,CC DChg,95.39999999999418,-1.6999,3.9523
15,CC DChg,95.5,-1.6999,3.9523
15,CC DChg,95.59999999999127,-1.6999,3.9523
15,CC DChg,95.69999999999709,-1.6999,3.9522
15,CC DChg,95.80000000000291,-1.6999,3.9522
15,CC DChg,95.89999999999418,-1.6999,3.9522
15,CC DChg,96.0,-1.6999,3.9522
15,CC DChg,96.09999999999127,-1.6999,3.9521
15,CC DChg,96.19999999999709,-1.6999,3.9522
15,CC DChg,96.30000000000291,-1.6999,3.9521
15,CC DChg,96.39999999999418,-1.6999,3.9521
15,CC DChg,96.5,-1.6999,3.952
15,CC DChg,96.59999999999127,-1.6999,3.952
15,CC DChg,96.69999999999709,-1.6999,3.952
15,CC DChg,96.80000000000291,-1.6999,3.952
15,CC DChg,96.89999999999418,-1.6999,3.952
15,CC DChg,97.0,-1.6999,3.952
15,CC DChg,97.09999999999127,-1.6999,3.9519
15,CC DChg,97.19999999999709,-1.6999,3.9518
15,CC DChg,97.30000000000291,-1.6999,3.9518
15,CC DChg,97.39999999999418,-1.6999,3.9518
15,CC DChg,97.5,-1.6999,3.9518
15,CC DChg,97.59999999999127,-1.6999,3.9518
15,CC DChg,97.69999999999709,-1.6999,3.9518
15,CC DChg,97.80000000000291,-1.6999,3.9518
15,CC DChg,97.89999999999418,-1.6999,3.9517
15,CC DChg,98.0,-1.6999,3.9517
15,CC DChg,98.09999999999127,-1.6999,3.9516
15,CC DChg,98.19999999999709,-1.6999,3.9517
15,CC DChg,98.30000000000291,-1.6999,3.9516
15,CC DChg,98.39999999999418,-1.6999,3.9516
15,CC DChg,98.5,-1.6999,3.9516
15,CC DChg,98.59999999999127,-1.6999,3.9516
15,CC DChg,98.69999999999709,-1.6999,3.9516
15,CC DChg,98.80000000000291,-1.6999,3.9515
15,CC DChg,98.89999999999418,-1.6999,3.9515
15,CC DChg,99.0,-1.6999,3.9515
15,CC DChg,99.09999999999127,-1.6999,3.9515
15,CC DChg,99.19999999999709,-1.6999,3.9514
15,CC DChg,99.30000000000291,-1.6999,3.9514
15,CC DChg,99.39999999999418,-1.6999,3.9513
15,CC DChg,99.5,-1.6999,3.9513
15,CC DChg,99.59999999999127,-1.6999,3.9513
15,CC DChg,99.69999999999709,-1.6999,3.9513
15,CC DChg,99.80000000000291,-1.6999,3.9513
15,CC DChg,99.89999999999418,-1.6999,3.9512
15,CC DChg,100.0,-1.6999,3.9513
15,CC DChg,100.09999999999127,-1.6999,3.9512
15,CC DChg,100.19999999999709,-1.6999,3.9512
15,CC DChg,100.30000000000291,-1.6999,3.9512
15,CC DChg,100.39999999999418,-1.6999,3.9511
15,CC DChg,100.5,-1.6999,3.9511
15,CC DChg,100.59999999999127,-1.6999,3.9511
15,CC DChg,100.69999999999709,-1.6999,3.9511
15,CC DChg,100.80000000000291,-1.6999,3.9511
15,CC DChg,100.89999999999418,-1.6999,3.951
15,CC DChg,101.0,-1.6999,3.951
15,CC DChg,101.09999999999127,-1.6999,3.951
15,CC DChg,101.19999999999709,-1.6999,3.9509
15,CC DChg,101.30000000000291,-1.6999,3.9509
15,CC DChg,101.39999999999418,-1.6999,3.9509
15,CC DChg,101.5,-1.6999,3.9509
15,CC DChg,101.59999999999127,-1.6999,3.9509
15,CC DChg,101.69999999999709,-1.6999,3.9509
15,CC DChg,101.80000000000291,-1.6999,3.9508
15,CC DChg,101.89999999999418,-1.6999,3.9508
15,CC DChg,102.0,-1.6999,3.9508
15,CC DChg,102.09999999999127,-1.6999,3.9508
15,CC DChg,102.19999999999709,-1.6999,3.9508
15,CC DChg,102.30000000000291,-1.6999,3.9507
15,CC DChg,102.39999999999418,-1.6999,3.9507
15,CC DChg,102.5,-1.6999,3.9507
15,CC DChg,102.59999999999127,-1.6999,3.9506
15,CC DChg,102.69999999999709,-1.6999,3.9506
15,CC DChg,102.80000000000291,-1.6999,3.9506
15,CC DChg,102.89999999999418,-1.6999,3.9505
15,CC DChg,103.0,-1.6999,3.9505
15,CC DChg,103.09999999999127,-1.6999,3.9505
15,CC DChg,103.19999999999709,-1.6999,3.9505
15,CC DChg,103.30000000000291,-1.6999,3.9505
15,CC DChg,103.39999999999418,-1.6999,3.9505
15,CC DChg,103.5,-1.6999,3.9504
15,CC DChg,103.59999999999127,-1.6999,3.9504
15,CC DChg,103.69999999999709,-1.6999,3.9504
15,CC DChg,103.80000000000291,-1.6999,3.9504
15,CC DChg,103.89999999999418,-1.6999,3.9503
15,CC DChg,104.0,-1.6999,3.9503
15,CC DChg,104.09999999999127,-1.6999,3.9503
15,CC DChg,104.19999999999709,-1.6999,3.9502
15,CC DChg,104.30000000000291,-1.6999,3.9502
15,CC DChg,104.39999999999418,-1.6999,3.9502
15,CC DChg,104.5,-1.6999,3.9502
15,CC DChg,104.59999999999127,-1.6999,3.9502
15,CC DChg,104.69999999999709,-1.6999,3.9502
15,CC DChg,104.80000000000291,-1.6999,3.9501
15,CC DChg,104.89999999999418,-1.6999,3.9501
15,CC DChg,105.0,-1.6999,3.9501
15,CC DChg,105.09999999999127,-1.6999,3.9501
15,CC DChg,105.19999999999709,-1.6999,3.95
15,CC DChg,105.30000000000291,-1.6999,3.95
15,CC DChg,105.39999999999418,-1.6999,3.95
15,CC DChg,105.5,-1.6999,3.95
15,CC DChg,105.59999999999127,-1.6999,3.9499
15,CC DChg,105.69999999999709,-1.6999,3.95
15,CC DChg,105.80000000000291,-1.6999,3.9499
15,CC DChg,105.89999999999418,-1.6999,3.9499
15,CC DChg,106.0,-1.6999,3.9499
15,CC DChg,106.09999999999127,-1.6999,3.9499
15,CC DChg,106.19999999999709,-1.6999,3.9499
15,CC DChg,106.30000000000291,-1.6999,3.9498
15,CC DChg,106.39999999999418,-1.6999,3.9498
15,CC DChg,106.5,-1.6999,3.9498
15,CC DChg,106.59999999999127,-1.6999,3.9497
15,CC DChg,106.69999999999709,-1.6999,3.9497
15,CC DChg,106.80000000000291,-1.6999,3.9497
15,CC DChg,106.89999999999418,-1.6999,3.9497
15,CC DChg,107.0,-1.6999,3.9497
15,CC DChg,107.09999999999127,-1.6999,3.9497
15,CC DChg,107.19999999999709,-1.6999,3.9496
15,CC DChg,107.30000000000291,-1.6999,3.9496
15,CC DChg,107.39999999999418,-1.6999,3.9496
15,CC DChg,107.5,-1.6999,3.9495
15,CC DChg,107.59999999999127,-1.6999,3.9495
15,CC DChg,107.69999999999709,-1.6999,3.9495
15,CC DChg,107.80000000000291,-1.6999,3.9495
15,CC DChg,107.89999999999418,-1.6999,3.9495
15,CC DChg,108.0,-1.6999,3.9494
15,CC DChg,108.09999999999127,-1.6999,3.9494
15,CC DChg,108.19999999999709,-1.6999,3.9494
15,CC DChg,108.30000000000291,-1.6999,3.9493
15,CC DChg,108.39999999999418,-1.6999,3.9493
15,CC DChg,108.5,-1.6999,3.9493
15,CC DChg,108.59999999999127,-1.6999,3.9493
15,CC DChg,108.69999999999709,-1.6999,3.9493
15,CC DChg,108.80000000000291,-1.6999,3.9493
15,CC DChg,108.89999999999418,-1.6999,3.9493
15,CC DChg,109.0,-1.6999,3.9492
15,CC DChg,109.09999999999127,-1.6999,3.9492
15,CC DChg,109.19999999999709,-1.6999,3.9492
15,CC DChg,109.30000000000291,-1.6999,3.9492
15,CC DChg,109.39999999999418,-1.6999,3.9491
15,CC DChg,109.5,-1.6999,3.9491
15,CC DChg,109.59999999999127,-1.6999,3.9491
15,CC DChg,109.69999999999709,-1.6999,3.9491
15,CC DChg,109.80000000000291,-1.6999,3.949
15,CC DChg,109.89999999999418,-1.6999,3.9491
15,CC DChg,110.0,-1.6999,3.949
15,CC DChg,110.09999999999127,-1.6999,3.949
15,CC DChg,110.19999999999709,-1.6999,3.949
15,CC DChg,110.30000000000291,-1.6999,3.949
15,CC DChg,110.39999999999418,-1.6999,3.9489
15,CC DChg,110.5,-1.6999,3.9489
15,CC DChg,110.59999999999127,-1.6999,3.9489
15,CC DChg,110.69999999999709,-1.6999,3.9488
15,CC DChg,110.80000000000291,-1.6999,3.9488
15,CC DChg,110.89999999999418,-1.6999,3.9488
15,CC DChg,111.0,-1.6999,3.9487
15,CC DChg,111.09999999999127,-1.6999,3.9487
15,CC DChg,111.19999999999709,-1.6999,3.9487
15,CC DChg,111.30000000000291,-1.6999,3.9487
15,CC DChg,111.39999999999418,-1.6999,3.9487
15,CC DChg,111.5,-1.6999,3.9487
15,CC DChg,111.59999999999127,-1.6999,3.9486
15,CC DChg,111.69999999999709,-1.6999,3.9486
15,CC DChg,111.80000000000291,-1.6999,3.9486
15,CC DChg,111.89999999999418,-1.6999,3.9486
15,CC DChg,112.0,-1.6999,3.9486
15,CC DChg,112.09999999999127,-1.6999,3.9485
15,CC DChg,112.19999999999709,-1.6999,3.9485
15,CC DChg,112.30000000000291,-1.6999,3.9485
15,CC DChg,112.39999999999418,-1.6999,3.9484
15,CC DChg,112.5,-1.6999,3.9484
15,CC DChg,112.59999999999127,-1.6999,3.9484
15,CC DChg,112.69999999999709,-1.6999,3.9484
15,CC DChg,112.80000000000291,-1.6999,3.9483
15,CC DChg,112.89999999999418,-1.6999,3.9483
15,CC DChg,113.0,-1.6999,3.9483
15,CC DChg,113.09999999999127,-1.6999,3.9483
15,CC DChg,113.19999999999709,-1.6999,3.9483
15,CC DChg,113.30000000000291,-1.6999,3.9482
15,CC DChg,113.39999999999418,-1.6999,3.9482
15,CC DChg,113.5,-1.6999,3.9482
15,CC DChg,113.59999999999127,-1.6999,3.9482
15,CC DChg,113.69999999999709,-1.6999,3.9482
15,CC DChg,113.80000000000291,-1.6999,3.9481
15,CC DChg,113.89999999999418,-1.6999,3.9481
15,CC DChg,114.0,-1.6999,3.9481
15,CC DChg,114.09999999999127,-1.6999,3.9481
15,CC DChg,114.19999999999709,-1.6999,3.9481
15,CC DChg,114.30000000000291,-1.6999,3.948
15,CC DChg,114.39999999999418,-1.6999,3.948
15,CC DChg,114.5,-1.6999,3.948
15,CC DChg,114.59999999999127,-1.6999,3.948
15,CC DChg,114.69999999999709,-1.6999,3.948
15,CC DChg,114.80000000000291,-1.6999,3.9479
15,CC DChg,114.89999999999418,-1.6999,3.9479
15,CC DChg,115.0,-1.6999,3.9479
15,CC DChg,115.09999999999127,-1.6999,3.9479
15,CC DChg,115.19999999999709,-1.6999,3.9478
15,CC DChg,115.30000000000291,-1.6999,3.9478
15,CC DChg,115.39999999999418,-1.6999,3.9478
15,CC DChg,115.5,-1.6999,3.9478
15,CC DChg,115.59999999999127,-1.6999,3.9478
15,CC DChg,115.69999999999709,-1.6999,3.9478
15,CC DChg,115.80000000000291,-1.6999,3.9477
15,CC DChg,115.89999999999418,-1.6999,3.9477
15,CC DChg,116.0,-1.6999,3.9477
15,CC DChg,116.09999999999127,-1.6999,3.9476
15,CC DChg,116.19999999999709,-1.6999,3.9476
15,CC DChg,116.30000000000291,-1.6999,3.9476
15,CC DChg,116.39999999999418,-1.6999,3.9476
15,CC DChg,116.5,-1.6999,3.9475
15,CC DChg,116.59999999999127,-1.6999,3.9475
15,CC DChg,116.69999999999709,-1.6999,3.9475
15,CC DChg,116.80000000000291,-1.6999,3.9475
15,CC DChg,116.89999999999418,-1.6999,3.9475
15,CC DChg,117.0,-1.6999,3.9475
15,CC DChg,117.09999999999127,-1.6999,3.9475
15,CC DChg,117.19999999999709,-1.6999,3.9474
15,CC DChg,117.30000000000291,-1.6999,3.9474
15,CC DChg,117.39999999999418,-1.6999,3.9474
15,CC DChg,117.5,-1.6999,3.9474
15,CC DChg,117.59999999999127,-1.6999,3.9473
15,CC DChg,117.69999999999709,-1.6999,3.9473
15,CC DChg,117.80000000000291,-1.6999,3.9473
15,CC DChg,117.89999999999418,-1.6999,3.9473
15,CC DChg,118.0,-1.6999,3.9473
15,CC DChg,118.09999999999127,-1.6999,3.9472
15,CC DChg,118.19999999999709,-1.6999,3.9472
15,CC DChg,118.30000000000291,-1.6999,3.9472
15,CC DChg,118.39999999999418,-1.6999,3.9472
15,CC DChg,118.5,-1.6999,3.9472
15,CC DChg,118.59999999999127,-1.6999,3.9472
15,CC DChg,118.69999999999709,-1.6999,3.9471
15,CC DChg,118.80000000000291,-1.6999,3.9471
15,CC DChg,118.89999999999418,-1.6999,3.947
15,CC DChg,119.0,-1.6999,3.947
15,CC DChg,119.09999999999127,-1.6999,3.947
15,CC DChg,119.19999999999709,-1.6999,3.947
15,CC DChg,119.30000000000291,-1.6999,3.947
15,CC DChg,119.39999999999418,-1.6999,3.947
15,CC DChg,119.5,-1.6999,3.9469
15,CC DChg,119.59999999999127,-1.6999,3.9469
15,CC DChg,119.69999999999709,-1.6999,3.9469
15,CC DChg,119.80000000000291,-1.6999,3.9469
15,CC DChg,119.89999999999418,-1.6999,3.9469
15,CC DChg,120.0,-1.6999,3.9469
15,CC DChg,120.09999999999127,-1.6999,3.9469
15,CC DChg,120.19999999999709,-1.6999,3.9468
15,CC DChg,120.30000000000291,-1.6999,3.9468
15,CC DChg,120.39999999999418,-1.6999,3.9468
15,CC DChg,120.5,-1.6999,3.9468
15,CC DChg,120.59999999999127,-1.6999,3.9467
15,CC DChg,120.69999999999709,-1.6999,3.9467
15,CC DChg,120.80000000000291,-1.6999,3.9467
15,CC DChg,120.89999999999418,-1.6999,3.9467
15,CC DChg,121.0,-1.6999,3.9467
15,CC DChg,121.09999999999127,-1.6999,3.9467
15,CC DChg,121.19999999999709,-1.6999,3.9466
15,CC DChg,121.30000000000291,-1.6999,3.9466
15,CC DChg,121.39999999999418,-1.6999,3.9466
15,CC DChg,121.5,-1.6999,3.9466
15,CC DChg,121.59999999999127,-1.6999,3.9465
15,CC DChg,121.69999999999709,-1.6999,3.9465
15,CC DChg,121.80000000000291,-1.6999,3.9465
15,CC DChg,121.89999999999418,-1.6999,3.9464
15,CC DChg,122.0,-1.6999,3.9464
15,CC DChg,122.09999999999127,-1.6999,3.9464
15,CC DChg,122.19999999999709,-1.6999,3.9464
15,CC DChg,122.30000000000291,-1.6999,3.9463
15,CC DChg,122.39999999999418,-1.6999,3.9463
15,CC DChg,122.5,-1.6999,3.9463
15,CC DChg,122.59999999999127,-1.6999,3.9463
15,CC DChg,122.69999999999709,-1.6999,3.9463
15,CC DChg,122.80000000000291,-1.6999,3.9463
15,CC DChg,122.89999999999418,-1.6999,3.9463
15,CC DChg,123.0,-1.6999,3.9462
15,CC DChg,123.09999999999127,-1.6999,3.9462
15,CC DChg,123.19999999999709,-1.6999,3.9462
15,CC DChg,123.30000000000291,-1.6999,3.9462
15,CC DChg,123.39999999999418,-1.6999,3.9461
15,CC DChg,123.5,-1.6999,3.9461
15,CC DChg,123.59999999999127,-1.6999,3.9461
15,CC DChg,123.69999999999709,-1.6999,3.9461
15,CC DChg,123.80000000000291,-1.6999,3.9461
15,CC DChg,123.89999999999418,-1.6999,3.9461
15,CC DChg,124.0,-1.6999,3.946
15,CC DChg,124.09999999999127,-1.6999,3.946
15,CC DChg,124.19999999999709,-1.6999,3.946
15,CC DChg,124.30000000000291,-1.6999,3.946
15,CC DChg,124.39999999999418,-1.6999,3.9459
15,CC DChg,124.5,-1.6999,3.9459
15,CC DChg,124.59999999999127,-1.6999,3.9459
15,CC DChg,124.69999999999709,-1.6999,3.9459
15,CC DChg,124.80000000000291,-1.6999,3.9458
15,CC DChg,124.89999999999418,-1.6999,3.9459
15,CC DChg,125.0,-1.6999,3.9459
15,CC DChg,125.09999999999127,-1.6999,3.9458
15,CC DChg,125.19999999999709,-1.6999,3.9458
15,CC DChg,125.30000000000291,-1.6999,3.9458
15,CC DChg,125.39999999999418,-1.6999,3.9458
15,CC DChg,125.5,-1.6999,3.9457
15,CC DChg,125.59999999999127,-1.6999,3.9457
15,CC DChg,125.69999999999709,-1.6999,3.9457
15,CC DChg,125.80000000000291,-1.6999,3.9457
15,CC DChg,125.89999999999418,-1.6999,3.9456
15,CC DChg,126.0,-1.6999,3.9456
15,CC DChg,126.09999999999127,-1.6999,3.9456
15,CC DChg,126.19999999999709,-1.6999,3.9456
15,CC DChg,126.30000000000291,-1.6999,3.9456
15,CC DChg,126.39999999999418,-1.6999,3.9456
15,CC DChg,126.5,-1.6999,3.9455
15,CC DChg,126.59999999999127,-1.6999,3.9455
15,CC DChg,126.69999999999709,-1.6999,3.9454
15,CC DChg,126.80000000000291,-1.6999,3.9455
15,CC DChg,126.89999999999418,-1.6999,3.9455
15,CC DChg,127.0,-1.6999,3.9454
15,CC DChg,127.09999999999127,-1.6999,3.9454
15,CC DChg,127.19999999999709,-1.6999,3.9454
15,CC DChg,127.30000000000291,-1.6999,3.9454
15,CC DChg,127.39999999999418,-1.6999,3.9453
15,CC DChg,127.5,-1.6999,3.9453
15,CC DChg,127.59999999999127,-1.6999,3.9453
15,CC DChg,127.69999999999709,-1.6999,3.9453
15,CC DChg,127.80000000000291,-1.6999,3.9453
15,CC DChg,127.89999999999418,-1.6999,3.9452
15,CC DChg,128.0,-1.6999,3.9452
15,CC DChg,128.09999999999127,-1.6999,3.9452
15,CC DChg,128.1999999999971,-1.6999,3.9451
15,CC DChg,128.3000000000029,-1.6999,3.9452
15,CC DChg,128.39999999999418,-1.6999,3.9452
15,CC DChg,128.5,-1.6999,3.9451
15,CC DChg,128.59999999999127,-1.6999,3.9451
15,CC DChg,128.6999999999971,-1.6999,3.9451
15,CC DChg,128.8000000000029,-1.6999,3.9451
15,CC DChg,128.89999999999418,-1.6999,3.9451
15,CC DChg,129.0,-1.6999,3.945
15,CC DChg,129.09999999999127,-1.6999,3.945
15,CC DChg,129.1999999999971,-1.6999,3.945
15,CC DChg,129.3000000000029,-1.6999,3.9449
15,CC DChg,129.39999999999418,-1.6999,3.9449
15,CC DChg,129.5,-1.6999,3.9449
15,CC DChg,129.59999999999127,-1.6999,3.9449
15,CC DChg,129.6999999999971,-1.6999,3.9449
15,CC DChg,129.8000000000029,-1.6999,3.9448
15,CC DChg,129.89999999999418,-1.6999,3.9448
15,CC DChg,130.0,-1.6999,3.9448
15,CC DChg,130.09999999999127,-1.6999,3.9448
15,CC DChg,130.1999999999971,-1.6999,3.9448
15,CC DChg,130.3000000000029,-1.6999,3.9447
15,CC DChg,130.39999999999418,-1.6999,3.9447
15,CC DChg,130.5,-1.6999,3.9447
15,CC DChg,130.59999999999127,-1.6999,3.9447
15,CC DChg,130.6999999999971,-1.6999,3.9447
15,CC DChg,130.8000000000029,-1.6999,3.9446
15,CC DChg,130.89999999999418,-1.6999,3.9447
15,CC DChg,131.0,-1.6999,3.9447
15,CC DChg,131.09999999999127,-1.6999,3.9446
15,CC DChg,131.1999999999971,-1.6999,3.9446
15,CC DChg,131.3000000000029,-1.6999,3.9446
15,CC DChg,131.39999999999418,-1.6999,3.9445
15,CC DChg,131.5,-1.6999,3.9445
15,CC DChg,131.59999999999127,-1.6999,3.9445
15,CC DChg,131.6999999999971,-1.6999,3.9445
15,CC DChg,131.8000000000029,-1.6999,3.9445
15,CC DChg,131.89999999999418,-1.6999,3.9444
15,CC DChg,132.0,-1.6999,3.9444
15,CC DChg,132.09999999999127,-1.6999,3.9444
15,CC DChg,132.1999999999971,-1.6999,3.9444
15,CC DChg,132.3000000000029,-1.6999,3.9443
15,CC DChg,132.39999999999418,-1.6999,3.9443
15,CC DChg,132.5,-1.6999,3.9443
15,CC DChg,132.59999999999127,-1.6999,3.9443
15,CC DChg,132.6999999999971,-1.6999,3.9443
15,CC DChg,132.8000000000029,-1.6999,3.9443
15,CC DChg,132.89999999999418,-1.6999,3.9442
15,CC DChg,133.0,-1.6999,3.9442
15,CC DChg,133.09999999999127,-1.6999,3.9442
15,CC DChg,133.1999999999971,-1.6999,3.9442
15,CC DChg,133.3000000000029,-1.6999,3.9441
15,CC DChg,133.39999999999418,-1.6999,3.9441
15,CC DChg,133.5,-1.6999,3.9441
15,CC DChg,133.59999999999127,-1.6999,3.9441
15,CC DChg,133.6999999999971,-1.6999,3.9441
15,CC DChg,133.8000000000029,-1.6999,3.9441
15,CC DChg,133.89999999999418,-1.6999,3.944
15,CC DChg,134.0,-1.6999,3.944
15,CC DChg,134.09999999999127,-1.6999,3.944
15,CC DChg,134.1999999999971,-1.6999,3.944
15,CC DChg,134.3000000000029,-1.6999,3.9439
15,CC DChg,134.39999999999418,-1.6999,3.944
15,CC DChg,134.5,-1.6999,3.9439
15,CC DChg,134.59999999999127,-1.6999,3.9438
15,CC DChg,134.6999999999971,-1.6999,3.9438
15,CC DChg,134.8000000000029,-1.6999,3.9438
15,CC DChg,134.89999999999418,-1.6999,3.9438
15,CC DChg,135.0,-1.6999,3.9438
15,CC DChg,135.09999999999127,-1.6999,3.9438
15,CC DChg,135.1999999999971,-1.6999,3.9438
15,CC DChg,135.3000000000029,-1.6999,3.9438
15,CC DChg,135.39999999999418,-1.6999,3.9438
15,CC DChg,135.5,-1.6999,3.9437
15,CC DChg,135.59999999999127,-1.6999,3.9437
15,CC DChg,135.6999999999971,-1.6999,3.9437
15,CC DChg,135.8000000000029,-1.6999,3.9437
15,CC DChg,135.89999999999418,-1.6999,3.9436
15,CC DChg,136.0,-1.6999,3.9436
15,CC DChg,136.09999999999127,-1.6999,3.9436
15,CC DChg,136.1999999999971,-1.6999,3.9436
15,CC DChg,136.3000000000029,-1.6999,3.9436
15,CC DChg,136.39999999999418,-1.6999,3.9436
15,CC DChg,136.5,-1.6999,3.9435
15,CC DChg,136.59999999999127,-1.6999,3.9435
15,CC DChg,136.6999999999971,-1.6999,3.9435
15,CC DChg,136.8000000000029,-1.6999,3.9435
15,CC DChg,136.89999999999418,-1.6999,3.9434
15,CC DChg,137.0,-1.6999,3.9434
15,CC DChg,137.09999999999127,-1.6999,3.9434
15,CC DChg,137.1999999999971,-1.6999,3.9434
15,CC DChg,137.3000000000029,-1.6999,3.9434
15,CC DChg,137.39999999999418,-1.6999,3.9433
15,CC DChg,137.5,-1.6999,3.9433
15,CC DChg,137.59999999999127,-1.6999,3.9433
15,CC DChg,137.6999999999971,-1.6999,3.9433
15,CC DChg,137.8000000000029,-1.6999,3.9433
15,CC DChg,137.89999999999418,-1.6999,3.9433
15,CC DChg,138.0,-1.6999,3.9432
15,CC DChg,138.09999999999127,-1.6999,3.9432
15,CC DChg,138.1999999999971,-1.6999,3.9432
15,CC DChg,138.3000000000029,-1.6999,3.9432
15,CC DChg,138.39999999999418,-1.6999,3.9431
15,CC DChg,138.5,-1.6999,3.9431
15,CC DChg,138.59999999999127,-1.6999,3.9431
15,CC DChg,138.6999999999971,-1.6999,3.9431
15,CC DChg,138.8000000000029,-1.6999,3.9431
15,CC DChg,138.89999999999418,-1.6999,3.943
15,CC DChg,139.0,-1.6999,3.943
15,CC DChg,139.09999999999127,-1.6999,3.943
15,CC DChg,139.1999999999971,-1.6999,3.943
15,CC DChg,139.3000000000029,-1.6999,3.943
15,CC DChg,139.39999999999418,-1.6999,3.9429
15,CC DChg,139.5,-1.6999,3.9429
15,CC DChg,139.59999999999127,-1.6999,3.9429
15,CC DChg,139.6999999999971,-1.6999,3.9429
15,CC DChg,139.8000000000029,-1.6999,3.9429
15,CC DChg,139.89999999999418,-1.6999,3.9429
15,CC DChg,140.0,-1.6999,3.9429
15,CC DChg,140.09999999999127,-1.6999,3.9428
15,CC DChg,140.1999999999971,-1.6999,3.9428
15,CC DChg,140.3000000000029,-1.6999,3.9428
15,CC DChg,140.39999999999418,-1.6999,3.9428
15,CC DChg,140.5,-1.6999,3.9428
15,CC DChg,140.59999999999127,-1.6999,3.9427
15,CC DChg,140.6999999999971,-1.6999,3.9427
15,CC DChg,140.8000000000029,-1.6999,3.9427
15,CC DChg,140.89999999999418,-1.6999,3.9427
15,CC DChg,141.0,-1.6999,3.9427
15,CC DChg,141.09999999999127,-1.6999,3.9426
15,CC DChg,141.1999999999971,-1.6999,3.9426
15,CC DChg,141.3000000000029,-1.6999,3.9426
15,CC DChg,141.39999999999418,-1.6999,3.9426
15,CC DChg,141.5,-1.6999,3.9426
15,CC DChg,141.59999999999127,-1.6999,3.9425
15,CC DChg,141.6999999999971,-1.6999,3.9425
15,CC DChg,141.8000000000029,-1.6999,3.9425
15,CC DChg,141.89999999999418,-1.6999,3.9425
15,CC DChg,142.0,-1.6999,3.9425
15,CC DChg,142.09999999999127,-1.6999,3.9425
15,CC DChg,142.1999999999971,-1.6999,3.9424
15,CC DChg,142.3000000000029,-1.6999,3.9424
15,CC DChg,142.39999999999418,-1.6999,3.9424
15,CC DChg,142.5,-1.6999,3.9424
15,CC DChg,142.59999999999127,-1.6999,3.9424
15,CC DChg,142.6999999999971,-1.6999,3.9424
15,CC DChg,142.8000000000029,-1.6999,3.9424
15,CC DChg,142.89999999999418,-1.6999,3.9423
15,CC DChg,143.0,-1.6999,3.9423
15,CC DChg,143.09999999999127,-1.6999,3.9422
15,CC DChg,143.1999999999971,-1.6999,3.9422
15,CC DChg,143.3000000000029,-1.6999,3.9422
15,CC DChg,143.39999999999418,-1.6999,3.9422
15,CC DChg,143.5,-1.6999,3.9422
15,CC DChg,143.59999999999127,-1.6999,3.9422
15,CC DChg,143.6999999999971,-1.6999,3.9422
15,CC DChg,143.8000000000029,-1.6999,3.9421
15,CC DChg,143.89999999999418,-1.6999,3.9421
15,CC DChg,144.0,-1.6999,3.9421
15,CC DChg,144.09999999999127,-1.6999,3.9421
15,CC DChg,144.1999999999971,-1.6999,3.9421
15,CC DChg,144.3000000000029,-1.6999,3.942
15,CC DChg,144.39999999999418,-1.6998,3.942
15,CC DChg,144.5,-1.6998,3.942
15,CC DChg,144.59999999999127,-1.6998,3.942
15,CC DChg,144.6999999999971,-1.6998,3.942
15,CC DChg,144.8000000000029,-1.6998,3.9419
15,CC DChg,144.89999999999418,-1.6998,3.9419
15,CC DChg,145.0,-1.6999,3.9419
15,CC DChg,145.09999999999127,-1.6999,3.9419
15,CC DChg,145.1999999999971,-1.6998,3.9419
15,CC DChg,145.3000000000029,-1.6998,3.9418
15,CC DChg,145.39999999999418,-1.6998,3.9418
15,CC DChg,145.5,-1.6998,3.9417
15,CC DChg,145.59999999999127,-1.6998,3.9417
15,CC DChg,145.6999999999971,-1.6998,3.9418
15,CC DChg,145.8000000000029,-1.6998,3.9418
15,CC DChg,145.89999999999418,-1.6998,3.9417
15,CC DChg,146.0,-1.6998,3.9417
15,CC DChg,146.09999999999127,-1.6998,3.9417
15,CC DChg,146.1999999999971,-1.6998,3.9417
15,CC DChg,146.3000000000029,-1.6998,3.9417
15,CC DChg,146.39999999999418,-1.6998,3.9416
15,CC DChg,146.5,-1.6998,3.9416
15,CC DChg,146.59999999999127,-1.6998,3.9416
15,CC DChg,146.6999999999971,-1.6998,3.9416
15,CC DChg,146.8000000000029,-1.6998,3.9416
15,CC DChg,146.89999999999418,-1.6998,3.9416
15,CC DChg,147.0,-1.6998,3.9415
15,CC DChg,147.09999999999127,-1.6998,3.9415
15,CC DChg,147.1999999999971,-1.6998,3.9415
15,CC DChg,147.3000000000029,-1.6998,3.9415
15,CC DChg,147.39999999999418,-1.6998,3.9415
15,CC DChg,147.5,-1.6998,3.9414
15,CC DChg,147.59999999999127,-1.6998,3.9414
15,CC DChg,147.6999999999971,-1.6998,3.9414
15,CC DChg,147.8000000000029,-1.6998,3.9414
15,CC DChg,147.89999999999418,-1.6998,3.9414
15,CC DChg,148.0,-1.6998,3.9414
15,CC DChg,148.09999999999127,-1.6998,3.9413
15,CC DChg,148.1999999999971,-1.6998,3.9413
15,CC DChg,148.3000000000029,-1.6998,3.9413
15,CC DChg,148.39999999999418,-1.6999,3.9412
15,CC DChg,148.5,-1.6999,3.9412
15,CC DChg,148.59999999999127,-1.6998,3.9412
15,CC DChg,148.6999999999971,-1.6999,3.9412
15,CC DChg,148.8000000000029,-1.6999,3.9412
15,CC DChg,148.89999999999418,-1.6999,3.9412
15,CC DChg,149.0,-1.6999,3.9411
15,CC DChg,149.09999999999127,-1.6999,3.9411
15,CC DChg,149.1999999999971,-1.6999,3.9411
15,CC DChg,149.3000000000029,-1.6999,3.9411
15,CC DChg,149.39999999999418,-1.6999,3.9411
15,CC DChg,149.5,-1.6999,3.9411
15,CC DChg,149.59999999999127,-1.6999,3.941
15,CC DChg,149.6999999999971,-1.6999,3.941
15,CC DChg,149.8000000000029,-1.6999,3.941
15,CC DChg,149.89999999999418,-1.6999,3.941
15,CC DChg,150.0,-1.6999,3.941
15,CC DChg,150.09999999999127,-1.6999,3.9409
15,CC DChg,150.1999999999971,-1.6999,3.9409
15,CC DChg,150.3000000000029,-1.6999,3.9409
15,CC DChg,150.39999999999418,-1.6999,3.9408
15,CC DChg,150.5,-1.6999,3.9409
15,CC DChg,150.59999999999127,-1.6999,3.9408
15,CC DChg,150.6999999999971,-1.6998,3.9408
15,CC DChg,150.8000000000029,-1.6999,3.9408
15,CC DChg,150.89999999999418,-1.6999,3.9408
15,CC DChg,151.0,-1.6998,3.9408
15,CC DChg,151.09999999999127,-1.6998,3.9407
15,CC DChg,151.1999999999971,-1.6998,3.9407
15,CC DChg,151.3000000000029,-1.6998,3.9407
15,CC DChg,151.39999999999418,-1.6998,3.9407
15,CC DChg,151.5,-1.6998,3.9407
15,CC DChg,151.59999999999127,-1.6999,3.9407
15,CC DChg,151.6999999999971,-1.6999,3.9406
15,CC DChg,151.8000000000029,-1.6999,3.9406
15,CC DChg,151.89999999999418,-1.6999,3.9406
15,CC DChg,152.0,-1.6999,3.9406
15,CC DChg,152.09999999999127,-1.6999,3.9406
15,CC DChg,152.1999999999971,-1.6999,3.9406
15,CC DChg,152.3000000000029,-1.6999,3.9405
15,CC DChg,152.39999999999418,-1.6999,3.9405
15,CC DChg,152.5,-1.6999,3.9405
15,CC DChg,152.59999999999127,-1.6999,3.9405
15,CC DChg,152.6999999999971,-1.6999,3.9405
15,CC DChg,152.8000000000029,-1.6999,3.9405
15,CC DChg,152.89999999999418,-1.6999,3.9405
15,CC DChg,153.0,-1.6999,3.9404
15,CC DChg,153.09999999999127,-1.6999,3.9404
15,CC DChg,153.1999999999971,-1.6999,3.9404
15,CC DChg,153.3000000000029,-1.6999,3.9404
15,CC DChg,153.39999999999418,-1.6999,3.9403
15,CC DChg,153.5,-1.6999,3.9402
15,CC DChg,153.59999999999127,-1.6999,3.9403
15,CC DChg,153.6999999999971,-1.6999,3.9403
15,CC DChg,153.8000000000029,-1.6999,3.9403
15,CC DChg,153.89999999999418,-1.6999,3.9402
15,CC DChg,154.0,-1.6999,3.9402
15,CC DChg,154.09999999999127,-1.6999,3.9402
15,CC DChg,154.1999999999971,-1.6999,3.9402
15,CC DChg,154.3000000000029,-1.6999,3.9401
15,CC DChg,154.39999999999418,-1.6999,3.9401
15,CC DChg,154.5,-1.6999,3.9401
15,CC DChg,154.59999999999127,-1.6999,3.9401
15,CC DChg,154.6999999999971,-1.6999,3.9401
15,CC DChg,154.8000000000029,-1.6999,3.9401
15,CC DChg,154.89999999999418,-1.6999,3.94
15,CC DChg,155.0,-1.6999,3.94
15,CC DChg,155.09999999999127,-1.6999,3.94
15,CC DChg,155.1999999999971,-1.6999,3.94
15,CC DChg,155.3000000000029,-1.6999,3.94
15,CC DChg,155.39999999999418,-1.6999,3.9399
15,CC DChg,155.5,-1.6999,3.9399
15,CC DChg,155.59999999999127,-1.6999,3.9399
15,CC DChg,155.6999999999971,-1.6999,3.9399
15,CC DChg,155.8000000000029,-1.6999,3.9399
15,CC DChg,155.89999999999418,-1.6999,3.9399
15,CC DChg,156.0,-1.6999,3.9398
15,CC DChg,156.09999999999127,-1.6999,3.9398
15,CC DChg,156.1999999999971,-1.6999,3.9398
15,CC DChg,156.3000000000029,-1.6999,3.9398
15,CC DChg,156.39999999999418,-1.6999,3.9397
15,CC DChg,156.5,-1.6999,3.9397
15,CC DChg,156.59999999999127,-1.6999,3.9397
15,CC DChg,156.6999999999971,-1.6999,3.9397
15,CC DChg,156.8000000000029,-1.6999,3.9397
15,CC DChg,156.89999999999418,-1.6999,3.9396
15,CC DChg,157.0,-1.6999,3.9396
15,CC DChg,157.09999999999127,-1.6999,3.9396
15,CC DChg,157.1999999999971,-1.6999,3.9396
15,CC DChg,157.3000000000029,-1.6999,3.9396
15,CC DChg,157.39999999999418,-1.6999,3.9396
15,CC DChg,157.5,-1.6999,3.9395
15,CC DChg,157.59999999999127,-1.6999,3.9395
15,CC DChg,157.6999999999971,-1.6999,3.9395
15,CC DChg,157.8000000000029,-1.6999,3.9394
15,CC DChg,157.89999999999418,-1.6999,3.9395
15,CC DChg,158.0,-1.6999,3.9395
15,CC DChg,158.09999999999127,-1.6999,3.9394
15,CC DChg,158.1999999999971,-1.6999,3.9394
15,CC DChg,158.3000000000029,-1.6999,3.9394
15,CC DChg,158.39999999999418,-1.6999,3.9394
15,CC DChg,158.5,-1.6999,3.9394
15,CC DChg,158.59999999999127,-1.6998,3.9393
15,CC DChg,158.6999999999971,-1.6998,3.9393
15,CC DChg,158.8000000000029,-1.6998,3.9393
15,CC DChg,158.89999999999418,-1.6998,3.9393
15,CC DChg,159.0,-1.6998,3.9393
15,CC DChg,159.09999999999127,-1.6998,3.9393
15,CC DChg,159.1999999999971,-1.6998,3.9393
15,CC DChg,159.3000000000029,-1.6998,3.9392
15,CC DChg,159.39999999999418,-1.6998,3.9392
15,CC DChg,159.5,-1.6998,3.9392
15,CC DChg,159.59999999999127,-1.6998,3.9392
15,CC DChg,159.6999999999971,-1.6998,3.9391
15,CC DChg,159.8000000000029,-1.6998,3.9391
15,CC DChg,159.89999999999418,-1.6998,3.9391
15,CC DChg,160.0,-1.6998,3.9391
15,CC DChg,160.09999999999127,-1.6998,3.9391
15,CC DChg,160.1999999999971,-1.6998,3.9391
15,CC DChg,160.3000000000029,-1.6998,3.939
15,CC DChg,160.39999999999418,-1.6998,3.939
15,CC DChg,160.5,-1.6998,3.939
15,CC DChg,160.59999999999127,-1.6998,3.939
15,CC DChg,160.6999999999971,-1.6999,3.939
15,CC DChg,160.8000000000029,-1.6999,3.9389
15,CC DChg,160.89999999999418,-1.6999,3.9389
15,CC DChg,161.0,-1.6999,3.9389
15,CC DChg,161.09999999999127,-1.6999,3.9389
15,CC DChg,161.1999999999971,-1.6999,3.9389
15,CC DChg,161.3000000000029,-1.6999,3.9389
15,CC DChg,161.39999999999418,-1.6999,3.9388
15,CC DChg,161.5,-1.6999,3.9388
15,CC DChg,161.59999999999127,-1.6999,3.9388
15,CC DChg,161.6999999999971,-1.6999,3.9388
15,CC DChg,161.8000000000029,-1.6999,3.9387
15,CC DChg,161.89999999999418,-1.6999,3.9387
15,CC DChg,162.0,-1.6999,3.9387
15,CC DChg,162.09999999999127,-1.6999,3.9387
15,CC DChg,162.1999999999971,-1.6999,3.9387
15,CC DChg,162.3000000000029,-1.6999,3.9387
15,CC DChg,162.39999999999418,-1.6999,3.9387
15,CC DChg,162.5,-1.6999,3.9387
15,CC DChg,162.59999999999127,-1.6999,3.9386
15,CC DChg,162.6999999999971,-1.6999,3.9386
15,CC DChg,162.8000000000029,-1.6999,3.9386
15,CC DChg,162.89999999999418,-1.6999,3.9386
15,CC DChg,163.0,-1.6999,3.9386
15,CC DChg,163.09999999999127,-1.6999,3.9385
15,CC DChg,163.1999999999971,-1.6999,3.9385
15,CC DChg,163.3000000000029,-1.6999,3.9385
15,CC DChg,163.39999999999418,-1.6999,3.9384
15,CC DChg,163.5,-1.6999,3.9384
15,CC DChg,163.59999999999127,-1.6999,3.9384
15,CC DChg,163.6999999999971,-1.6999,3.9384
15,CC DChg,163.8000000000029,-1.6999,3.9384
15,CC DChg,163.89999999999418,-1.6999,3.9384
15,CC DChg,164.0,-1.6999,3.9384
15,CC DChg,164.09999999999127,-1.6999,3.9383
15,CC DChg,164.1999999999971,-1.6999,3.9383
15,CC DChg,164.3000000000029,-1.6999,3.9383
15,CC DChg,164.39999999999418,-1.6999,3.9383
15,CC DChg,164.5,-1.6999,3.9383
15,CC DChg,164.59999999999127,-1.6999,3.9383
15,CC DChg,164.6999999999971,-1.6999,3.9382
15,CC DChg,164.8000000000029,-1.6999,3.9382
15,CC DChg,164.89999999999418,-1.6999,3.9382
15,CC DChg,165.0,-1.6999,3.9382
15,CC DChg,165.09999999999127,-1.6999,3.9381
15,CC DChg,165.1999999999971,-1.6999,3.9381
15,CC DChg,165.3000000000029,-1.6999,3.9381
15,CC DChg,165.39999999999418,-1.6999,3.9381
15,CC DChg,165.5,-1.6999,3.9381
15,CC DChg,165.59999999999127,-1.6999,3.9381
15,CC DChg,165.6999999999971,-1.6999,3.9381
15,CC DChg,165.8000000000029,-1.6999,3.938
15,CC DChg,165.89999999999418,-1.6999,3.938
15,CC DChg,166.0,-1.6999,3.938
15,CC DChg,166.09999999999127,-1.6999,3.938
15,CC DChg,166.1999999999971,-1.6999,3.938
15,CC DChg,166.3000000000029,-1.6999,3.938
15,CC DChg,166.39999999999418,-1.6999,3.9379
15,CC DChg,166.5,-1.6999,3.9379
15,CC DChg,166.59999999999127,-1.6999,3.9379
15,CC DChg,166.6999999999971,-1.6999,3.9379
15,CC DChg,166.8000000000029,-1.6999,3.9378
15,CC DChg,166.89999999999418,-1.6999,3.9378
15,CC DChg,167.0,-1.6999,3.9378
15,CC DChg,167.09999999999127,-1.6999,3.9378
15,CC DChg,167.1999999999971,-1.6999,3.9378
15,CC DChg,167.3000000000029,-1.6999,3.9377
15,CC DChg,167.39999999999418,-1.6999,3.9377
15,CC DChg,167.5,-1.6999,3.9377
15,CC DChg,167.59999999999127,-1.6999,3.9377
15,CC DChg,167.6999999999971,-1.6999,3.9377
15,CC DChg,167.8000000000029,-1.6999,3.9376
15,CC DChg,167.89999999999418,-1.6999,3.9376
15,CC DChg,168.0,-1.6999,3.9376
15,CC DChg,168.09999999999127,-1.6999,3.9376
15,CC DChg,168.1999999999971,-1.6999,3.9375
15,CC DChg,168.3000000000029,-1.6999,3.9375
15,CC DChg,168.39999999999418,-1.6999,3.9375
15,CC DChg,168.5,-1.6999,3.9375
15,CC DChg,168.59999999999127,-1.6999,3.9375
15,CC DChg,168.6999999999971,-1.6999,3.9374
15,CC DChg,168.8000000000029,-1.6999,3.9374
15,CC DChg,168.89999999999418,-1.6999,3.9374
15,CC DChg,169.0,-1.6999,3.9374
15,CC DChg,169.09999999999127,-1.6999,3.9374
15,CC DChg,169.1999999999971,-1.6999,3.9374
15,CC DChg,169.3000000000029,-1.6999,3.9374
15,CC DChg,169.39999999999418,-1.6999,3.9373
15,CC DChg,169.5,-1.6999,3.9373
15,CC DChg,169.59999999999127,-1.6999,3.9373
15,CC DChg,169.6999999999971,-1.6999,3.9373
15,CC DChg,169.8000000000029,-1.6999,3.9373
15,CC DChg,169.89999999999418,-1.6999,3.9372
15,CC DChg,170.0,-1.6999,3.9372
15,CC DChg,170.09999999999127,-1.6999,3.9372
15,CC DChg,170.1999999999971,-1.6999,3.9371
15,CC DChg,170.3000000000029,-1.6999,3.9372
15,CC DChg,170.39999999999418,-1.6999,3.9372
15,CC DChg,170.5,-1.6999,3.9371
15,CC DChg,170.59999999999127,-1.6999,3.9371
15,CC DChg,170.6999999999971,-1.6999,3.9371
15,CC DChg,170.8000000000029,-1.6999,3.9371
15,CC DChg,170.89999999999418,-1.6999,3.9371
15,CC DChg,171.0,-1.6999,3.9371
15,CC DChg,171.09999999999127,-1.6999,3.937
15,CC DChg,171.1999999999971,-1.6999,3.937
15,CC DChg,171.3000000000029,-1.6999,3.937
15,CC DChg,171.39999999999418,-1.6999,3.937
15,CC DChg,171.5,-1.6999,3.937
15,CC DChg,171.59999999999127,-1.6999,3.9369
15,CC DChg,171.6999999999971,-1.6999,3.9369
15,CC DChg,171.8000000000029,-1.6999,3.9369
15,CC DChg,171.89999999999418,-1.6999,3.9369
15,CC DChg,172.0,-1.6999,3.9369
15,CC DChg,172.09999999999127,-1.6999,3.9368
15,CC DChg,172.1999999999971,-1.6999,3.9368
15,CC DChg,172.3000000000029,-1.6999,3.9368
15,CC DChg,172.39999999999418,-1.6999,3.9368
15,CC DChg,172.5,-1.6999,3.9367
15,CC DChg,172.59999999999127,-1.6999,3.9367
15,CC DChg,172.6999999999971,-1.6999,3.9367
15,CC DChg,172.8000000000029,-1.6999,3.9367
15,CC DChg,172.89999999999418,-1.6999,3.9367
15,CC DChg,173.0,-1.6999,3.9366
15,CC DChg,173.09999999999127,-1.6999,3.9366
15,CC DChg,173.1999999999971,-1.6999,3.9366
15,CC DChg,173.3000000000029,-1.6999,3.9366
15,CC DChg,173.39999999999418,-1.6999,3.9366
15,CC DChg,173.5,-1.6999,3.9365
15,CC DChg,173.59999999999127,-1.6999,3.9365
15,CC DChg,173.6999999999971,-1.6999,3.9365
15,CC DChg,173.8000000000029,-1.6999,3.9365
15,CC DChg,173.89999999999418,-1.6999,3.9365
15,CC DChg,174.0,-1.6999,3.9364
15,CC DChg,174.09999999999127,-1.6999,3.9364
15,CC DChg,174.1999999999971,-1.6999,3.9364
15,CC DChg,174.3000000000029,-1.6999,3.9364
15,CC DChg,174.39999999999418,-1.6999,3.9364
15,CC DChg,174.5,-1.6999,3.9364
15,CC DChg,174.59999999999127,-1.6999,3.9364
15,CC DChg,174.6999999999971,-1.6999,3.9363
15,CC DChg,174.8000000000029,-1.6999,3.9363
15,CC DChg,174.89999999999418,-1.6999,3.9363
15,CC DChg,175.0,-1.6999,3.9363
15,CC DChg,175.09999999999127,-1.6999,3.9363
15,CC DChg,175.1999999999971,-1.6999,3.9362
15,CC DChg,175.3000000000029,-1.6999,3.9362
15,CC DChg,175.39999999999418,-1.6999,3.9362
15,CC DChg,175.5,-1.6999,3.9362
15,CC DChg,175.59999999999127,-1.6999,3.9361
15,CC DChg,175.6999999999971,-1.6999,3.9361
15,CC DChg,175.8000000000029,-1.6999,3.9361
15,CC DChg,175.89999999999418,-1.6999,3.9361
15,CC DChg,176.0,-1.6999,3.9361
15,CC DChg,176.09999999999127,-1.6999,3.9361
15,CC DChg,176.1999999999971,-1.6999,3.936
15,CC DChg,176.3000000000029,-1.6999,3.936
15,CC DChg,176.39999999999418,-1.6999,3.936
15,CC DChg,176.5,-1.6999,3.9359
15,CC DChg,176.59999999999127,-1.6999,3.9359
15,CC DChg,176.6999999999971,-1.6999,3.9359
15,CC DChg,176.8000000000029,-1.6999,3.9359
15,CC DChg,176.89999999999418,-1.6999,3.9359
15,CC DChg,177.0,-1.6999,3.9359
15,CC DChg,177.09999999999127,-1.6999,3.9359
15,CC DChg,177.1999999999971,-1.6999,3.9359
15,CC DChg,177.3000000000029,-1.6999,3.9359
15,CC DChg,177.39999999999418,-1.6999,3.9358
15,CC DChg,177.5,-1.6999,3.9358
15,CC DChg,177.59999999999127,-1.6999,3.9358
15,CC DChg,177.6999999999971,-1.6999,3.9358
15,CC DChg,177.8000000000029,-1.6999,3.9357
15,CC DChg,177.89999999999418,-1.6999,3.9357
15,CC DChg,178.0,-1.6999,3.9357
15,CC DChg,178.09999999999127,-1.6999,3.9357
15,CC DChg,178.1999999999971,-1.6999,3.9357
15,CC DChg,178.3000000000029,-1.6999,3.9356
15,CC DChg,178.39999999999418,-1.6999,3.9356
15,CC DChg,178.5,-1.6999,3.9356
15,CC DChg,178.59999999999127,-1.6999,3.9356
15,CC DChg,178.6999999999971,-1.6999,3.9356
15,CC DChg,178.8000000000029,-1.6999,3.9356
15,CC DChg,178.89999999999418,-1.6999,3.9356
15,CC DChg,179.0,-1.6999,3.9356
15,CC DChg,179.09999999999127,-1.6999,3.9355
15,CC DChg,179.1999999999971,-1.6999,3.9355
15,CC DChg,179.3000000000029,-1.6999,3.9355
15,CC DChg,179.39999999999418,-1.6999,3.9354
15,CC DChg,179.5,-1.6999,3.9354
15,CC DChg,179.59999999999127,-1.6999,3.9355
15,CC DChg,179.6999999999971,-1.6999,3.9354
15,CC DChg,179.8000000000029,-1.6999,3.9354
15,CC DChg,179.89999999999418,-1.6999,3.9354
15,CC DChg,180.0,-1.6999,3.9354
15,CC DChg,180.09999999999127,-1.6999,3.9354
15,CC DChg,180.1999999999971,-1.6999,3.9354
15,CC DChg,180.3000000000029,-1.6999,3.9354
15,CC DChg,180.39999999999418,-1.6999,3.9353
15,CC DChg,180.5,-1.6999,3.9353
15,CC DChg,180.59999999999127,-1.6999,3.9353
15,CC DChg,180.6999999999971,-1.6999,3.9352
15,CC DChg,180.8000000000029,-1.6999,3.9352
15,CC DChg,180.89999999999418,-1.6999,3.9352
15,CC DChg,181.0,-1.6999,3.9352
15,CC DChg,181.09999999999127,-1.6999,3.9352
15,CC DChg,181.1999999999971,-1.6999,3.9352
15,CC DChg,181.3000000000029,-1.6999,3.9352
15,CC DChg,181.39999999999418,-1.6999,3.9352
15,CC DChg,181.5,-1.6999,3.9351
15,CC DChg,181.59999999999127,-1.6999,3.9352
15,CC DChg,181.6999999999971,-1.6999,3.9351
15,CC DChg,181.8000000000029,-1.6999,3.935
15,CC DChg,181.89999999999418,-1.6999,3.935
15,CC DChg,182.0,-1.6999,3.935
15,CC DChg,182.09999999999127,-1.6999,3.935
15,CC DChg,182.1999999999971,-1.6999,3.935
15,CC DChg,182.3000000000029,-1.6999,3.935
15,CC DChg,182.39999999999418,-1.6999,3.935
15,CC DChg,182.5,-1.6999,3.935
15,CC DChg,182.59999999999127,-1.6999,3.9349
15,CC DChg,182.6999999999971,-1.6999,3.9349
15,CC DChg,182.8000000000029,-1.6999,3.9349
15,CC DChg,182.89999999999418,-1.6999,3.9349
15,CC DChg,183.0,-1.6999,3.9349
15,CC DChg,183.09999999999127,-1.6999,3.9348
15,CC DChg,183.1999999999971,-1.6999,3.9348
15,CC DChg,183.3000000000029,-1.6999,3.9349
15,CC DChg,183.39999999999418,-1.6999,3.9348
15,CC DChg,183.5,-1.6999,3.9348
15,CC DChg,183.59999999999127,-1.6999,3.9348
15,CC DChg,183.6999999999971,-1.6999,3.9348
15,CC DChg,183.8000000000029,-1.6999,3.9347
15,CC DChg,183.89999999999418,-1.6999,3.9347
15,CC DChg,184.0,-1.6999,3.9347
15,CC DChg,184.09999999999127,-1.6999,3.9346
15,CC DChg,184.1999999999971,-1.6999,3.9346
15,CC DChg,184.3000000000029,-1.6999,3.9346
15,CC DChg,184.39999999999418,-1.6999,3.9346
15,CC DChg,184.5,-1.6999,3.9346
15,CC DChg,184.59999999999127,-1.6999,3.9345
15,CC DChg,184.6999999999971,-1.6999,3.9345
15,CC DChg,184.8000000000029,-1.6999,3.9345
15,CC DChg,184.89999999999418,-1.6999,3.9345
15,CC DChg,185.0,-1.6999,3.9345
15,CC DChg,185.09999999999127,-1.6999,3.9345
15,CC DChg,185.1999999999971,-1.6999,3.9345
15,CC DChg,185.3000000000029,-1.6999,3.9344
15,CC DChg,185.39999999999418,-1.6999,3.9344
15,CC DChg,185.5,-1.6999,3.9344
15,CC DChg,185.59999999999127,-1.6999,3.9344
15,CC DChg,185.6999999999971,-1.6999,3.9343
15,CC DChg,185.8000000000029,-1.6999,3.9343
15,CC DChg,185.89999999999418,-1.6999,3.9343
15,CC DChg,186.0,-1.6999,3.9343
15,CC DChg,186.09999999999127,-1.6999,3.9343
15,CC DChg,186.1999999999971,-1.6999,3.9343
15,CC DChg,186.3000000000029,-1.6999,3.9343
15,CC DChg,186.39999999999418,-1.6999,3.9342
15,CC DChg,186.5,-1.6999,3.9341
15,CC DChg,186.59999999999127,-1.6999,3.9342
15,CC DChg,186.6999999999971,-1.6999,3.9342
15,CC DChg,186.8000000000029,-1.6999,3.9341
15,CC DChg,186.89999999999418,-1.6999,3.9341
15,CC DChg,187.0,-1.6999,3.9341
15,CC DChg,187.09999999999127,-1.6999,3.9341
15,CC DChg,187.1999999999971,-1.6999,3.934
15,CC DChg,187.3000000000029,-1.6999,3.934
15,CC DChg,187.39999999999418,-1.6999,3.934
15,CC DChg,187.5,-1.6999,3.934
15,CC DChg,187.59999999999127,-1.6999,3.934
15,CC DChg,187.6999999999971,-1.6999,3.9339
15,CC DChg,187.8000000000029,-1.6999,3.9339
15,CC DChg,187.89999999999418,-1.6999,3.9339
15,CC DChg,188.0,-1.6999,3.9339
15,CC DChg,188.09999999999127,-1.6999,3.9339
15,CC DChg,188.1999999999971,-1.6999,3.9339
15,CC DChg,188.3000000000029,-1.6999,3.9339
15,CC DChg,188.39999999999418,-1.6999,3.9339
15,CC DChg,188.5,-1.6999,3.9339
15,CC DChg,188.59999999999127,-1.6999,3.9339
15,CC DChg,188.6999999999971,-1.6999,3.9338
15,CC DChg,188.8000000000029,-1.6999,3.9338
15,CC DChg,188.89999999999418,-1.6999,3.9338
15,CC DChg,189.0,-1.6999,3.9337
15,CC DChg,189.09999999999127,-1.6999,3.9337
15,CC DChg,189.1999999999971,-1.6999,3.9337
15,CC DChg,189.3000000000029,-1.6999,3.9337
15,CC DChg,189.39999999999418,-1.6999,3.9337
15,CC DChg,189.5,-1.6999,3.9337
15,CC DChg,189.59999999999127,-1.6999,3.9337
15,CC DChg,189.6999999999971,-1.6999,3.9336
15,CC DChg,189.8000000000029,-1.6999,3.9336
15,CC DChg,189.89999999999418,-1.6999,3.9336
15,CC DChg,190.0,-1.6999,3.9335
15,CC DChg,190.09999999999127,-1.6999,3.9336
15,CC DChg,190.1999999999971,-1.6999,3.9335
15,CC DChg,190.3000000000029,-1.6999,3.9335
15,CC DChg,190.39999999999418,-1.6999,3.9335
15,CC DChg,190.5,-1.6999,3.9335
15,CC DChg,190.59999999999127,-1.6999,3.9334
15,CC DChg,190.6999999999971,-1.6999,3.9335
15,CC DChg,190.8000000000029,-1.6999,3.9334
15,CC DChg,190.89999999999418,-1.6999,3.9334
15,CC DChg,191.0,-1.6999,3.9334
15,CC DChg,191.09999999999127,-1.6999,3.9334
15,CC DChg,191.1999999999971,-1.6999,3.9333
15,CC DChg,191.3000000000029,-1.6999,3.9333
15,CC DChg,191.39999999999418,-1.6999,3.9333
15,CC DChg,191.5,-1.6999,3.9333
15,CC DChg,191.59999999999127,-1.6999,3.9333
15,CC DChg,191.6999999999971,-1.6999,3.9333
15,CC DChg,191.8000000000029,-1.6999,3.9332
15,CC DChg,191.89999999999418,-1.6999,3.9332
15,CC DChg,192.0,-1.6999,3.9332
15,CC DChg,192.09999999999127,-1.6999,3.9332
15,CC DChg,192.1999999999971,-1.6999,3.9331
15,CC DChg,192.3000000000029,-1.6999,3.9332
15,CC DChg,192.39999999999418,-1.6999,3.9331
15,CC DChg,192.5,-1.6999,3.9331
15,CC DChg,192.59999999999127,-1.6999,3.9331
15,CC DChg,192.6999999999971,-1.6999,3.9331
15,CC DChg,192.8000000000029,-1.6999,3.9331
15,CC DChg,192.89999999999418,-1.6999,3.933
15,CC DChg,193.0,-1.6999,3.933
15,CC DChg,193.09999999999127,-1.6999,3.933
15,CC DChg,193.1999999999971,-1.6999,3.933
15,CC DChg,193.3000000000029,-1.6999,3.933
15,CC DChg,193.39999999999418,-1.6999,3.933
15,CC DChg,193.5,-1.6999,3.933
15,CC DChg,193.59999999999127,-1.6999,3.9329
15,CC DChg,193.6999999999971,-1.6999,3.9329
15,CC DChg,193.8000000000029,-1.6999,3.9329
15,CC DChg,193.89999999999418,-1.6999,3.9329
15,CC DChg,194.0,-1.6999,3.9329
15,CC DChg,194.09999999999127,-1.6999,3.9329
15,CC DChg,194.1999999999971,-1.6999,3.9329
15,CC DChg,194.3000000000029,-1.6999,3.9328
15,CC DChg,194.39999999999418,-1.6999,3.9328
15,CC DChg,194.5,-1.6999,3.9328
15,CC DChg,194.59999999999127,-1.6999,3.9327
15,CC DChg,194.6999999999971,-1.6999,3.9327
15,CC DChg,194.8000000000029,-1.6999,3.9327
15,CC DChg,194.89999999999418,-1.6999,3.9327
15,CC DChg,195.0,-1.6999,3.9327
15,CC DChg,195.09999999999127,-1.6999,3.9326
15,CC DChg,195.1999999999971,-1.6999,3.9327
15,CC DChg,195.3000000000029,-1.6999,3.9326
15,CC DChg,195.39999999999418,-1.6999,3.9326
15,CC DChg,195.5,-1.6999,3.9326
15,CC DChg,195.59999999999127,-1.6999,3.9326
15,CC DChg,195.6999999999971,-1.6999,3.9325
15,CC DChg,195.8000000000029,-1.6999,3.9326
15,CC DChg,195.89999999999418,-1.6999,3.9326
15,CC DChg,196.0,-1.6999,3.9325
15,CC DChg,196.09999999999127,-1.6999,3.9325
15,CC DChg,196.1999999999971,-1.6999,3.9325
15,CC DChg,196.3000000000029,-1.6999,3.9325
15,CC DChg,196.39999999999418,-1.6999,3.9325
15,CC DChg,196.5,-1.6999,3.9324
15,CC DChg,196.59999999999127,-1.6999,3.9324
15,CC DChg,196.6999999999971,-1.6999,3.9324
15,CC DChg,196.8000000000029,-1.6999,3.9324
15,CC DChg,196.89999999999418,-1.6999,3.9324
15,CC DChg,197.0,-1.6999,3.9324
15,CC DChg,197.09999999999127,-1.6999,3.9324
15,CC DChg,197.1999999999971,-1.6998,3.9323
15,CC DChg,197.3000000000029,-1.6998,3.9323
15,CC DChg,197.39999999999418,-1.6998,3.9323
15,CC DChg,197.5,-1.6998,3.9323
15,CC DChg,197.59999999999127,-1.6998,3.9322
15,CC DChg,197.6999999999971,-1.6998,3.9322
15,CC DChg,197.8000000000029,-1.6998,3.9323
15,CC DChg,197.89999999999418,-1.6998,3.9322
15,CC DChg,198.0,-1.6998,3.9322
15,CC DChg,198.09999999999127,-1.6998,3.9322
15,CC DChg,198.1999999999971,-1.6999,3.9322
15,CC DChg,198.3000000000029,-1.6999,3.9322
15,CC DChg,198.39999999999418,-1.6999,3.9321
15,CC DChg,198.5,-1.6999,3.9321
15,CC DChg,198.59999999999127,-1.6999,3.9321
15,CC DChg,198.6999999999971,-1.6999,3.9321
15,CC DChg,198.8000000000029,-1.6999,3.9321
15,CC DChg,198.89999999999418,-1.6999,3.932
15,CC DChg,199.0,-1.6999,3.932
15,CC DChg,199.09999999999127,-1.6999,3.932
15,CC DChg,199.1999999999971,-1.6999,3.932
15,CC DChg,199.3000000000029,-1.6999,3.932
15,CC DChg,199.39999999999418,-1.6998,3.932
15,CC DChg,199.5,-1.6998,3.932
15,CC DChg,199.59999999999127,-1.6998,3.9319
15,CC DChg,199.6999999999971,-1.6998,3.9319
15,CC DChg,199.8000000000029,-1.6998,3.9319
15,CC DChg,199.89999999999418,-1.6998,3.9319
15,CC DChg,200.0,-1.6998,3.9319
15,CC DChg,200.09999999999127,-1.6998,3.9319
15,CC DChg,200.1999999999971,-1.6998,3.9318
15,CC DChg,200.3000000000029,-1.6998,3.9318
15,CC DChg,200.39999999999418,-1.6998,3.9318
15,CC DChg,200.5,-1.6998,3.9318
15,CC DChg,200.59999999999127,-1.6998,3.9317
15,CC DChg,200.6999999999971,-1.6998,3.9317
15,CC DChg,200.8000000000029,-1.6998,3.9317
15,CC DChg,200.89999999999418,-1.6998,3.9317
15,CC DChg,201.0,-1.6998,3.9316
15,CC DChg,201.09999999999127,-1.6998,3.9316
15,CC DChg,201.1999999999971,-1.6998,3.9316
15,CC DChg,201.3000000000029,-1.6998,3.9316
15,CC DChg,201.39999999999418,-1.6998,3.9316
15,CC DChg,201.5,-1.6998,3.9316
15,CC DChg,201.59999999999127,-1.6998,3.9316
15,CC DChg,201.6999999999971,-1.6998,3.9315
15,CC DChg,201.8000000000029,-1.6998,3.9315
15,CC DChg,201.89999999999418,-1.6998,3.9315
15,CC DChg,202.0,-1.6998,3.9315
15,CC DChg,202.09999999999127,-1.6998,3.9315
15,CC DChg,202.1999999999971,-1.6998,3.9315
15,CC DChg,202.3000000000029,-1.6999,3.9314
15,CC DChg,202.39999999999418,-1.6999,3.9314
15,CC DChg,202.5,-1.6999,3.9314
15,CC DChg,202.59999999999127,-1.6999,3.9314
15,CC DChg,202.6999999999971,-1.6999,3.9313
15,CC DChg,202.8000000000029,-1.6999,3.9313
15,CC DChg,202.89999999999418,-1.6998,3.9313
15,CC DChg,203.0,-1.6998,3.9313
15,CC DChg,203.09999999999127,-1.6998,3.9313
15,CC DChg,203.1999999999971,-1.6998,3.9313
15,CC DChg,203.3000000000029,-1.6998,3.9312
15,CC DChg,203.39999999999418,-1.6998,3.9312
15,CC DChg,203.5,-1.6998,3.9312
15,CC DChg,203.59999999999127,-1.6998,3.9312
15,CC DChg,203.6999999999971,-1.6998,3.9312
15,CC DChg,203.8000000000029,-1.6998,3.9311
15,CC DChg,203.89999999999418,-1.6998,3.9311
15,CC DChg,204.0,-1.6998,3.9311
15,CC DChg,204.09999999999127,-1.6998,3.9311
15,CC DChg,204.1999999999971,-1.6998,3.9311
15,CC DChg,204.3000000000029,-1.6998,3.9311
15,CC DChg,204.39999999999418,-1.6999,3.9311
15,CC DChg,204.5,-1.6999,3.931
15,CC DChg,204.59999999999127,-1.6999,3.931
15,CC DChg,204.6999999999971,-1.6998,3.931
15,CC DChg,204.8000000000029,-1.6998,3.931
15,CC DChg,204.89999999999418,-1.6998,3.9311
15,CC DChg,205.0,-1.6998,3.931
15,CC DChg,205.09999999999127,-1.6998,3.931
15,CC DChg,205.1999999999971,-1.6998,3.931
15,CC DChg,205.3000000000029,-1.6998,3.931
15,CC DChg,205.39999999999418,-1.6998,3.931
15,CC DChg,205.5,-1.6998,3.9309
15,CC DChg,205.59999999999127,-1.6998,3.9309
15,CC DChg,205.6999999999971,-1.6998,3.9309
15,CC DChg,205.8000000000029,-1.6998,3.9309
15,CC DChg,205.89999999999418,-1.6998,3.9309
15,CC DChg,206.0,-1.6999,3.9309
15,CC DChg,206.09999999999127,-1.6999,3.9309
15,CC DChg,206.1999999999971,-1.6999,3.9309
15,CC DChg,206.3000000000029,-1.6999,3.9308
15,CC DChg,206.39999999999418,-1.6999,3.9308
15,CC DChg,206.5,-1.6999,3.9308
15,CC DChg,206.59999999999127,-1.6999,3.9308
15,CC DChg,206.6999999999971,-1.6999,3.9307
15,CC DChg,206.8000000000029,-1.6999,3.9307
15,CC DChg,206.89999999999418,-1.6999,3.9307
15,CC DChg,207.0,-1.6999,3.9306
15,CC DChg,207.09999999999127,-1.6999,3.9307
15,CC DChg,207.1999999999971,-1.6999,3.9307
15,CC DChg,207.3000000000029,-1.6999,3.9306
15,CC DChg,207.39999999999418,-1.6999,3.9306
15,CC DChg,207.5,-1.6999,3.9306
15,CC DChg,207.59999999999127,-1.6999,3.9306
15,CC DChg,207.6999999999971,-1.6999,3.9305
15,CC DChg,207.8000000000029,-1.6999,3.9305
15,CC DChg,207.89999999999418,-1.6999,3.9305
15,CC DChg,208.0,-1.6999,3.9305
15,CC DChg,208.09999999999127,-1.6999,3.9305
15,CC DChg,208.1999999999971,-1.6999,3.9305
15,CC DChg,208.3000000000029,-1.6999,3.9305
15,CC DChg,208.39999999999418,-1.6999,3.9305
15,CC DChg,208.5,-1.6999,3.9304
15,CC DChg,208.59999999999127,-1.6999,3.9304
15,CC DChg,208.6999999999971,-1.6999,3.9304
15,CC DChg,208.8000000000029,-1.6999,3.9304
15,CC DChg,208.89999999999418,-1.6999,3.9303
15,CC DChg,209.0,-1.6999,3.9303
15,CC DChg,209.09999999999127,-1.6999,3.9303
15,CC DChg,209.1999999999971,-1.6999,3.9303
15,CC DChg,209.3000000000029,-1.6999,3.9303
15,CC DChg,209.39999999999418,-1.6999,3.9303
15,CC DChg,209.5,-1.6999,3.9302
15,CC DChg,209.59999999999127,-1.6999,3.9302
15,CC DChg,209.6999999999971,-1.6999,3.9302
15,CC DChg,209.8000000000029,-1.6999,3.9302
15,CC DChg,209.89999999999418,-1.6999,3.9301
15,CC DChg,210.0,-1.6998,3.9301
15,CC DChg,210.09999999999127,-1.6998,3.9301
15,CC DChg,210.1999999999971,-1.6999,3.9301
15,CC DChg,210.3000000000029,-1.6999,3.9301
15,CC DChg,210.39999999999418,-1.6999,3.93
15,CC DChg,210.5,-1.6999,3.93
15,CC DChg,210.59999999999127,-1.6999,3.93
15,CC DChg,210.6999999999971,-1.6999,3.93
15,CC DChg,210.8000000000029,-1.6999,3.93
15,CC DChg,210.89999999999418,-1.6999,3.93
15,CC DChg,211.0,-1.6999,3.93
15,CC DChg,211.09999999999127,-1.6999,3.93
15,CC DChg,211.1999999999971,-1.6999,3.93
15,CC DChg,211.3000000000029,-1.6999,3.9299
15,CC DChg,211.39999999999418,-1.6999,3.9299
15,CC DChg,211.5,-1.6999,3.9299
15,CC DChg,211.59999999999127,-1.6999,3.9298
15,CC DChg,211.6999999999971,-1.6999,3.9298
15,CC DChg,211.8000000000029,-1.6999,3.9298
15,CC DChg,211.89999999999418,-1.6999,3.9298
15,CC DChg,212.0,-1.6999,3.9298
15,CC DChg,212.09999999999127,-1.6999,3.9298
15,CC DChg,212.1999999999971,-1.6999,3.9298
15,CC DChg,212.3000000000029,-1.6999,3.9297
15,CC DChg,212.39999999999418,-1.6999,3.9297
15,CC DChg,212.5,-1.6999,3.9297
15,CC DChg,212.59999999999127,-1.6999,3.9297
15,CC DChg,212.6999999999971,-1.6999,3.9297
15,CC DChg,212.8000000000029,-1.6999,3.9297
15,CC DChg,212.89999999999418,-1.6999,3.9297
15,CC DChg,213.0,-1.6999,3.9297
15,CC DChg,213.09999999999127,-1.6999,3.9296
15,CC DChg,213.1999999999971,-1.6999,3.9296
15,CC DChg,213.3000000000029,-1.6999,3.9296
15,CC DChg,213.39999999999418,-1.6999,3.9296
15,CC DChg,213.5,-1.6999,3.9296
15,CC DChg,213.59999999999127,-1.6999,3.9295
15,CC DChg,213.6999999999971,-1.6999,3.9295
15,CC DChg,213.8000000000029,-1.6999,3.9295
15,CC DChg,213.89999999999418,-1.6999,3.9294
15,CC DChg,214.0,-1.6999,3.9294
15,CC DChg,214.09999999999127,-1.6999,3.9294
15,CC DChg,214.1999999999971,-1.6999,3.9294
15,CC DChg,214.3000000000029,-1.6999,3.9293
15,CC DChg,214.39999999999418,-1.6999,3.9293
15,CC DChg,214.5,-1.6999,3.9294
15,CC DChg,214.59999999999127,-1.6999,3.9294
15,CC DChg,214.6999999999971,-1.6999,3.9293
15,CC DChg,214.8000000000029,-1.6999,3.9293
15,CC DChg,214.89999999999418,-1.6999,3.9293
15,CC DChg,215.0,-1.6999,3.9293
15,CC DChg,215.09999999999127,-1.6999,3.9293
15,CC DChg,215.1999999999971,-1.6999,3.9293
15,CC DChg,215.3000000000029,-1.6999,3.9292
15,CC DChg,215.39999999999418,-1.6999,3.9292
15,CC DChg,215.5,-1.6999,3.9292
15,CC DChg,215.59999999999127,-1.6999,3.9292
15,CC DChg,215.6999999999971,-1.6999,3.9292
15,CC DChg,215.8000000000029,-1.6999,3.9291
15,CC DChg,215.89999999999418,-1.6999,3.9292
15,CC DChg,216.0,-1.6999,3.9291
15,CC DChg,216.09999999999127,-1.6999,3.9291
15,CC DChg,216.1999999999971,-1.6999,3.9291
15,CC DChg,216.3000000000029,-1.6999,3.9291
15,CC DChg,216.39999999999418,-1.6999,3.929
15,CC DChg,216.5,-1.6999,3.929
15,CC DChg,216.59999999999127,-1.6999,3.929
15,CC DChg,216.6999999999971,-1.6999,3.929
15,CC DChg,216.8000000000029,-1.6999,3.929
15,CC DChg,216.89999999999418,-1.6999,3.929
15,CC DChg,217.0,-1.6999,3.9289
15,CC DChg,217.09999999999127,-1.6999,3.9289
15,CC DChg,217.1999999999971,-1.6999,3.9289
15,CC DChg,217.3000000000029,-1.6999,3.9289
15,CC DChg,217.39999999999418,-1.6999,3.9289
15,CC DChg,217.5,-1.6999,3.9289
15,CC DChg,217.59999999999127,-1.6999,3.9288
15,CC DChg,217.6999999999971,-1.6999,3.9288
15,CC DChg,217.8000000000029,-1.6999,3.9288
15,CC DChg,217.89999999999418,-1.6999,3.9288
15,CC DChg,218.0,-1.6999,3.9288
15,CC DChg,218.09999999999127,-1.6999,3.9288
15,CC DChg,218.1999999999971,-1.6999,3.9288
15,CC DChg,218.3000000000029,-1.6999,3.9287
15,CC DChg,218.39999999999418,-1.6999,3.9287
15,CC DChg,218.5,-1.6999,3.9288
15,CC DChg,218.59999999999127,-1.6999,3.9287
15,CC DChg,218.6999999999971,-1.6999,3.9287
15,CC DChg,218.8000000000029,-1.6999,3.9287
15,CC DChg,218.89999999999418,-1.6999,3.9286
15,CC DChg,219.0,-1.6999,3.9286
15,CC DChg,219.09999999999127,-1.6999,3.9286
15,CC DChg,219.1999999999971,-1.6999,3.9286
15,CC DChg,219.3000000000029,-1.6999,3.9286
15,CC DChg,219.39999999999418,-1.6999,3.9285
15,CC DChg,219.5,-1.6999,3.9286
15,CC DChg,219.59999999999127,-1.6999,3.9285
15,CC DChg,219.6999999999971,-1.6998,3.9284
15,CC DChg,219.8000000000029,-1.6998,3.9284
15,CC DChg,219.89999999999418,-1.6999,3.9284
15,CC DChg,220.0,-1.6999,3.9284
15,CC DChg,220.09999999999127,-1.6999,3.9284
15,CC DChg,220.1999999999971,-1.6998,3.9283
15,CC DChg,220.3000000000029,-1.6998,3.9283
15,CC DChg,220.39999999999418,-1.6998,3.9284
15,CC DChg,220.5,-1.6998,3.9283
15,CC DChg,220.59999999999127,-1.6998,3.9283
15,CC DChg,220.6999999999971,-1.6998,3.9282
15,CC DChg,220.8000000000029,-1.6999,3.9283
15,CC DChg,220.89999999999418,-1.6999,3.9283
15,CC DChg,221.0,-1.6999,3.9282
15,CC DChg,221.09999999999127,-1.6999,3.9282
15,CC DChg,221.1999999999971,-1.6999,3.9282
15,CC DChg,221.3000000000029,-1.6999,3.9282
15,CC DChg,221.39999999999418,-1.6999,3.9281
15,CC DChg,221.5,-1.6999,3.9281
15,CC DChg,221.59999999999127,-1.6999,3.9281
15,CC DChg,221.6999999999971,-1.6999,3.9281
15,CC DChg,221.8000000000029,-1.6999,3.9281
15,CC DChg,221.89999999999418,-1.6999,3.9281
15,CC DChg,222.0,-1.6999,3.9281
15,CC DChg,222.09999999999127,-1.6999,3.928
15,CC DChg,222.1999999999971,-1.6999,3.928
15,CC DChg,222.3000000000029,-1.6999,3.928
15,CC DChg,222.39999999999418,-1.6999,3.928
15,CC DChg,222.5,-1.6999,3.928
15,CC DChg,222.59999999999127,-1.6999,3.928
15,CC DChg,222.6999999999971,-1.6999,3.9279
15,CC DChg,222.8000000000029,-1.6999,3.9279
15,CC DChg,222.89999999999418,-1.6999,3.9279
15,CC DChg,223.0,-1.6999,3.9279
15,CC DChg,223.09999999999127,-1.6999,3.9279
15,CC DChg,223.1999999999971,-1.6999,3.9279
15,CC DChg,223.3000000000029,-1.6999,3.9278
15,CC DChg,223.39999999999418,-1.6999,3.9278
15,CC DChg,223.5,-1.6999,3.9278
15,CC DChg,223.59999999999127,-1.6999,3.9278
15,CC DChg,223.6999999999971,-1.6999,3.9278
15,CC DChg,223.8000000000029,-1.6999,3.9278
15,CC DChg,223.89999999999418,-1.6999,3.9278
15,CC DChg,224.0,-1.6999,3.9278
15,CC DChg,224.09999999999127,-1.6999,3.9277
15,CC DChg,224.1999999999971,-1.6999,3.9277
15,CC DChg,224.3000000000029,-1.6999,3.9277
15,CC DChg,224.39999999999418,-1.6999,3.9277
15,CC DChg,224.5,-1.6999,3.9277
15,CC DChg,224.59999999999127,-1.6999,3.9276
15,CC DChg,224.6999999999971,-1.6999,3.9276
15,CC DChg,224.8000000000029,-1.6999,3.9276
15,CC DChg,224.89999999999418,-1.6999,3.9276
15,CC DChg,225.0,-1.6999,3.9275
15,CC DChg,225.09999999999127,-1.6999,3.9276
15,CC DChg,225.1999999999971,-1.6999,3.9276
15,CC DChg,225.3000000000029,-1.6999,3.9275
15,CC DChg,225.39999999999418,-1.6999,3.9275
15,CC DChg,225.5,-1.6999,3.9275
15,CC DChg,225.59999999999127,-1.6999,3.9275
15,CC DChg,225.6999999999971,-1.6999,3.9275
15,CC DChg,225.8000000000029,-1.6999,3.9274
15,CC DChg,225.89999999999418,-1.6999,3.9274
15,CC DChg,226.0,-1.6999,3.9274
15,CC DChg,226.09999999999127,-1.6999,3.9274
15,CC DChg,226.1999999999971,-1.6999,3.9274
15,CC DChg,226.3000000000029,-1.6999,3.9273
15,CC DChg,226.39999999999418,-1.6998,3.9273
15,CC DChg,226.5,-1.6998,3.9273
15,CC DChg,226.59999999999127,-1.6998,3.9273
15,CC DChg,226.6999999999971,-1.6998,3.9273
15,CC DChg,226.8000000000029,-1.6998,3.9273
15,CC DChg,226.89999999999418,-1.6998,3.9272
15,CC DChg,227.0,-1.6998,3.9272
15,CC DChg,227.09999999999127,-1.6998,3.9272
15,CC DChg,227.1999999999971,-1.6998,3.9272
15,CC DChg,227.3000000000029,-1.6998,3.9271
15,CC DChg,227.39999999999418,-1.6998,3.9271
15,CC DChg,227.5,-1.6998,3.9271
15,CC DChg,227.59999999999127,-1.6998,3.9271
15,CC DChg,227.6999999999971,-1.6998,3.927
15,CC DChg,227.8000000000029,-1.6998,3.927
15,CC DChg,227.89999999999418,-1.6998,3.927
15,CC DChg,228.0,-1.6998,3.927
15,CC DChg,228.09999999999127,-1.6998,3.927
15,CC DChg,228.1999999999971,-1.6998,3.927
15,CC DChg,228.3000000000029,-1.6998,3.9269
15,CC DChg,228.39999999999418,-1.6998,3.9269
15,CC DChg,228.5,-1.6998,3.9269
15,CC DChg,228.59999999999127,-1.6998,3.9269
15,CC DChg,228.6999999999971,-1.6998,3.9269
15,CC DChg,228.8000000000029,-1.6998,3.9269
15,CC DChg,228.89999999999418,-1.6998,3.9269
15,CC DChg,229.0,-1.6998,3.9269
15,CC DChg,229.09999999999127,-1.6998,3.9268
15,CC DChg,229.1999999999971,-1.6998,3.9268
15,CC DChg,229.3000000000029,-1.6998,3.9268
15,CC DChg,229.39999999999418,-1.6998,3.9267
15,CC DChg,229.5,-1.6998,3.9267
15,CC DChg,229.59999999999127,-1.6998,3.9267
15,CC DChg,229.6999999999971,-1.6998,3.9267
15,CC DChg,229.8000000000029,-1.6998,3.9267
15,CC DChg,229.89999999999418,-1.6998,3.9267
15,CC DChg,230.0,-1.6998,3.9267
15,CC DChg,230.09999999999127,-1.6998,3.9266
15,CC DChg,230.1999999999971,-1.6998,3.9266
15,CC DChg,230.3000000000029,-1.6998,3.9266
15,CC DChg,230.39999999999418,-1.6998,3.9266
15,CC DChg,230.5,-1.6998,3.9266
15,CC DChg,230.59999999999127,-1.6998,3.9265
15,CC DChg,230.6999999999971,-1.6998,3.9265
15,CC DChg,230.8000000000029,-1.6998,3.9265
15,CC DChg,230.89999999999418,-1.6998,3.9265
15,CC DChg,231.0,-1.6998,3.9265
15,CC DChg,231.09999999999127,-1.6998,3.9264
15,CC DChg,231.1999999999971,-1.6998,3.9264
15,CC DChg,231.3000000000029,-1.6998,3.9264
15,CC DChg,231.39999999999418,-1.6998,3.9264
15,CC DChg,231.5,-1.6998,3.9264
15,CC DChg,231.59999999999127,-1.6998,3.9263
15,CC DChg,231.6999999999971,-1.6998,3.9263
15,CC DChg,231.8000000000029,-1.6998,3.9263
15,CC DChg,231.89999999999418,-1.6998,3.9263
15,CC DChg,232.0,-1.6998,3.9263
15,CC DChg,232.09999999999127,-1.6998,3.9263
15,CC DChg,232.1999999999971,-1.6998,3.9262
15,CC DChg,232.3000000000029,-1.6998,3.9262
15,CC DChg,232.39999999999418,-1.6998,3.9262
15,CC DChg,232.5,-1.6998,3.9262
15,CC DChg,232.59999999999127,-1.6998,3.9262
15,CC DChg,232.6999999999971,-1.6998,3.9261
15,CC DChg,232.8000000000029,-1.6998,3.9261
15,CC DChg,232.89999999999418,-1.6998,3.9261
15,CC DChg,233.0,-1.6998,3.9261
15,CC DChg,233.09999999999127,-1.6998,3.926
15,CC DChg,233.1999999999971,-1.6998,3.926
15,CC DChg,233.3000000000029,-1.6998,3.926
15,CC DChg,233.39999999999418,-1.6998,3.926
15,CC DChg,233.5,-1.6998,3.926
15,CC DChg,233.59999999999127,-1.6998,3.926
15,CC DChg,233.6999999999971,-1.6998,3.926
15,CC DChg,233.8000000000029,-1.6998,3.9259
15,CC DChg,233.89999999999418,-1.6998,3.926
15,CC DChg,234.0,-1.6998,3.9259
15,CC DChg,234.09999999999127,-1.6998,3.9259
15,CC DChg,234.1999999999971,-1.6998,3.9259
15,CC DChg,234.3000000000029,-1.6998,3.9259
15,CC DChg,234.39999999999418,-1.6998,3.9258
15,CC DChg,234.5,-1.6998,3.9258
15,CC DChg,234.59999999999127,-1.6998,3.9258
15,CC DChg,234.6999999999971,-1.6998,3.9258
15,CC DChg,234.8000000000029,-1.6998,3.9258
15,CC DChg,234.89999999999418,-1.6998,3.9257
15,CC DChg,235.0,-1.6998,3.9257
15,CC DChg,235.09999999999127,-1.6998,3.9257
15,CC DChg,235.1999999999971,-1.6998,3.9257
15,CC DChg,235.3000000000029,-1.6998,3.9257
15,CC DChg,235.39999999999418,-1.6998,3.9257
15,CC DChg,235.5,-1.6998,3.9256
15,CC DChg,235.59999999999127,-1.6998,3.9256
15,CC DChg,235.6999999999971,-1.6998,3.9256
15,CC DChg,235.8000000000029,-1.6998,3.9256
15,CC DChg,235.89999999999418,-1.6998,3.9256
15,CC DChg,236.0,-1.6998,3.9256
15,CC DChg,236.09999999999127,-1.6998,3.9256
15,CC DChg,236.1999999999971,-1.6998,3.9255
15,CC DChg,236.3000000000029,-1.6998,3.9255
15,CC DChg,236.39999999999418,-1.6998,3.9255
15,CC DChg,236.5,-1.6998,3.9255
15,CC DChg,236.59999999999127,-1.6998,3.9255
15,CC DChg,236.6999999999971,-1.6998,3.9254
15,CC DChg,236.8000000000029,-1.6998,3.9254
15,CC DChg,236.89999999999418,-1.6998,3.9254
15,CC DChg,237.0,-1.6998,3.9254
15,CC DChg,237.09999999999127,-1.6998,3.9254
15,CC DChg,237.1999999999971,-1.6998,3.9254
15,CC DChg,237.3000000000029,-1.6998,3.9253
15,CC DChg,237.39999999999418,-1.6998,3.9253
15,CC DChg,237.5,-1.6998,3.9253
15,CC DChg,237.59999999999127,-1.6998,3.9253
15,CC DChg,237.6999999999971,-1.6998,3.9253
15,CC DChg,237.8000000000029,-1.6998,3.9253
15,CC DChg,237.89999999999418,-1.6998,3.9253
15,CC DChg,238.0,-1.6998,3.9252
15,CC DChg,238.09999999999127,-1.6999,3.9252
15,CC DChg,238.1999999999971,-1.6999,3.9252
15,CC DChg,238.3000000000029,-1.6999,3.9252
15,CC DChg,238.39999999999418,-1.6999,3.9251
15,CC DChg,238.5,-1.6999,3.9251
15,CC DChg,238.59999999999127,-1.6999,3.9251
15,CC DChg,238.6999999999971,-1.6999,3.9251
15,CC DChg,238.8000000000029,-1.6999,3.9251
15,CC DChg,238.89999999999418,-1.6999,3.9251
15,CC DChg,239.0,-1.6999,3.9251
15,CC DChg,239.09999999999127,-1.6999,3.925
15,CC DChg,239.1999999999971,-1.6999,3.925
15,CC DChg,239.3000000000029,-1.6999,3.925
15,CC DChg,239.39999999999418,-1.6999,3.925
15,CC DChg,239.5,-1.6999,3.925
15,CC DChg,239.59999999999127,-1.6999,3.925
15,CC DChg,239.6999999999971,-1.6999,3.925
15,CC DChg,239.8000000000029,-1.6999,3.925
15,CC DChg,239.89999999999418,-1.6999,3.925
15,CC DChg,240.0,-1.6999,3.925
15,CC DChg,240.09999999999127,-1.6999,3.9249
15,CC DChg,240.1999999999971,-1.6999,3.9249
15,CC DChg,240.3000000000029,-1.6999,3.9249
15,CC DChg,240.39999999999418,-1.6999,3.9248
15,CC DChg,240.5,-1.6999,3.9248
15,CC DChg,240.59999999999127,-1.6999,3.9248
15,CC DChg,240.6999999999971,-1.6999,3.9248
15,CC DChg,240.8000000000029,-1.6999,3.9247
15,CC DChg,240.89999999999418,-1.6999,3.9247
15,CC DChg,241.0,-1.6999,3.9247
15,CC DChg,241.09999999999127,-1.6999,3.9247
15,CC DChg,241.1999999999971,-1.6999,3.9247
15,CC DChg,241.3000000000029,-1.6999,3.9247
15,CC DChg,241.39999999999418,-1.6999,3.9247
15,CC DChg,241.5,-1.6999,3.9247
15,CC DChg,241.59999999999127,-1.6999,3.9246
15,CC DChg,241.6999999999971,-1.6999,3.9246
15,CC DChg,241.8000000000029,-1.6999,3.9246
15,CC DChg,241.89999999999418,-1.6999,3.9246
15,CC DChg,242.0,-1.6999,3.9246
15,CC DChg,242.09999999999127,-1.6999,3.9246
15,CC DChg,242.1999999999971,-1.6999,3.9245
15,CC DChg,242.3000000000029,-1.6999,3.9245
15,CC DChg,242.39999999999418,-1.6999,3.9246
15,CC DChg,242.5,-1.6999,3.9245
15,CC DChg,242.59999999999127,-1.6999,3.9245
15,CC DChg,242.6999999999971,-1.6999,3.9245
15,CC DChg,242.8000000000029,-1.6999,3.9244
15,CC DChg,242.89999999999418,-1.6999,3.9244
15,CC DChg,243.0,-1.6999,3.9244
15,CC DChg,243.09999999999127,-1.6999,3.9244
15,CC DChg,243.1999999999971,-1.6999,3.9243
15,CC DChg,243.3000000000029,-1.6999,3.9243
15,CC DChg,243.39999999999418,-1.6999,3.9243
15,CC DChg,243.5,-1.6999,3.9243
15,CC DChg,243.59999999999127,-1.6999,3.9243
15,CC DChg,243.6999999999971,-1.6999,3.9243
15,CC DChg,243.8000000000029,-1.6999,3.9243
15,CC DChg,243.89999999999418,-1.6999,3.9243
15,CC DChg,244.0,-1.6999,3.9242
15,CC DChg,244.09999999999127,-1.6999,3.9242
15,CC DChg,244.1999999999971,-1.6999,3.9242
15,CC DChg,244.3000000000029,-1.6999,3.9242
15,CC DChg,244.39999999999418,-1.6999,3.9242
15,CC DChg,244.5,-1.6999,3.9242
15,CC DChg,244.59999999999127,-1.6999,3.9241
15,CC DChg,244.6999999999971,-1.6999,3.9241
15,CC DChg,244.8000000000029,-1.6999,3.9241
15,CC DChg,244.89999999999418,-1.6999,3.9241
15,CC DChg,245.0,-1.6999,3.9241
15,CC DChg,245.09999999999127,-1.6999,3.924
15,CC DChg,245.1999999999971,-1.6999,3.924
15,CC DChg,245.3000000000029,-1.6999,3.924
15,CC DChg,245.39999999999418,-1.6999,3.924
15,CC DChg,245.5,-1.6999,3.924
15,CC DChg,245.59999999999127,-1.6999,3.924
15,CC DChg,245.6999999999971,-1.6999,3.9239
15,CC DChg,245.8000000000029,-1.6999,3.9239
15,CC DChg,245.89999999999418,-1.6999,3.9239
15,CC DChg,246.0,-1.6999,3.9238
15,CC DChg,246.09999999999127,-1.6999,3.9238
15,CC DChg,246.1999999999971,-1.6999,3.9238
15,CC DChg,246.3000000000029,-1.6999,3.9238
15,CC DChg,246.39999999999418,-1.6999,3.9238
15,CC DChg,246.5,-1.6999,3.9238
15,CC DChg,246.59999999999127,-1.6999,3.9238
15,CC DChg,246.6999999999971,-1.6999,3.9237
15,CC DChg,246.8000000000029,-1.6999,3.9237
15,CC DChg,246.89999999999418,-1.6999,3.9237
15,CC DChg,247.0,-1.6999,3.9237
15,CC DChg,247.09999999999127,-1.6999,3.9237
15,CC DChg,247.1999999999971,-1.6999,3.9236
15,CC DChg,247.3000000000029,-1.6999,3.9237
15,CC DChg,247.39999999999418,-1.6999,3.9237
15,CC DChg,247.5,-1.6999,3.9236
15,CC DChg,247.59999999999127,-1.6999,3.9236
15,CC DChg,247.6999999999971,-1.6999,3.9235
15,CC DChg,247.8000000000029,-1.6999,3.9235
15,CC DChg,247.89999999999418,-1.6999,3.9236
15,CC DChg,248.0,-1.6999,3.9236
15,CC DChg,248.09999999999127,-1.6999,3.9235
15,CC DChg,248.1999999999971,-1.6999,3.9235
15,CC DChg,248.3000000000029,-1.6999,3.9235
15,CC DChg,248.39999999999418,-1.6999,3.9234
15,CC DChg,248.5,-1.6999,3.9234
15,CC DChg,248.59999999999127,-1.6999,3.9234
15,CC DChg,248.6999999999971,-1.6999,3.9234
15,CC DChg,248.8000000000029,-1.6999,3.9234
15,CC DChg,248.89999999999418,-1.6999,3.9234
15,CC DChg,249.0,-1.6999,3.9233
15,CC DChg,249.09999999999127,-1.6999,3.9233
15,CC DChg,249.1999999999971,-1.6999,3.9233
15,CC DChg,249.3000000000029,-1.6999,3.9233
15,CC DChg,249.39999999999418,-1.6999,3.9232
15,CC DChg,249.5,-1.6999,3.9232
15,CC DChg,249.59999999999127,-1.6999,3.9232
15,CC DChg,249.6999999999971,-1.6999,3.9232
15,CC DChg,249.8000000000029,-1.6999,3.9232
15,CC DChg,249.89999999999418,-1.6999,3.9232
15,CC DChg,250.0,-1.6999,3.9232
15,CC DChg,250.09999999999127,-1.6999,3.9232
15,CC DChg,250.1999999999971,-1.6999,3.9231
15,CC DChg,250.3000000000029,-1.6999,3.9231
15,CC DChg,250.39999999999418,-1.6999,3.9232
15,CC DChg,250.5,-1.6999,3.9232
15,CC DChg,250.59999999999127,-1.6999,3.9231
15,CC DChg,250.6999999999971,-1.6999,3.9231
15,CC DChg,250.8000000000029,-1.6999,3.923
15,CC DChg,250.89999999999418,-1.6999,3.923
15,CC DChg,251.0,-1.6999,3.923
15,CC DChg,251.09999999999127,-1.6999,3.923
15,CC DChg,251.1999999999971,-1.6999,3.923
15,CC DChg,251.3000000000029,-1.6999,3.923
15,CC DChg,251.39999999999418,-1.6999,3.923
15,CC DChg,251.5,-1.6999,3.923
15,CC DChg,251.59999999999127,-1.6999,3.9229
15,CC DChg,251.6999999999971,-1.6999,3.9229
15,CC DChg,251.8000000000029,-1.6999,3.9229
15,CC DChg,251.89999999999418,-1.6999,3.9228
15,CC DChg,252.0,-1.6999,3.9228
15,CC DChg,252.09999999999127,-1.6999,3.9228
15,CC DChg,252.1999999999971,-1.6999,3.9228
15,CC DChg,252.3000000000029,-1.6999,3.9228
15,CC DChg,252.39999999999418,-1.6999,3.9228
15,CC DChg,252.5,-1.6999,3.9227
15,CC DChg,252.59999999999127,-1.6999,3.9227
15,CC DChg,252.6999999999971,-1.6999,3.9227
15,CC DChg,252.8000000000029,-1.6999,3.9227
15,CC DChg,252.89999999999418,-1.6999,3.9226
15,CC DChg,253.0,-1.6999,3.9227
15,CC DChg,253.09999999999127,-1.6999,3.9226
15,CC DChg,253.1999999999971,-1.6999,3.9226
15,CC DChg,253.3000000000029,-1.6999,3.9226
15,CC DChg,253.39999999999418,-1.6999,3.9226
15,CC DChg,253.5,-1.6999,3.9226
15,CC DChg,253.59999999999127,-1.6999,3.9225
15,CC DChg,253.6999999999971,-1.6999,3.9225
15,CC DChg,253.8000000000029,-1.6999,3.9225
15,CC DChg,253.89999999999418,-1.6999,3.9225
15,CC DChg,254.0,-1.6999,3.9225
15,CC DChg,254.09999999999127,-1.6998,3.9225
15,CC DChg,254.1999999999971,-1.6998,3.9224
15,CC DChg,254.3000000000029,-1.6998,3.9224
15,CC DChg,254.39999999999418,-1.6998,3.9224
15,CC DChg,254.5,-1.6998,3.9223
15,CC DChg,254.59999999999127,-1.6998,3.9223
15,CC DChg,254.6999999999971,-1.6998,3.9223
15,CC DChg,254.8000000000029,-1.6998,3.9223
15,CC DChg,254.89999999999418,-1.6998,3.9223
15,CC DChg,255.0,-1.6998,3.9223
15,CC DChg,255.09999999999127,-1.6998,3.9223
15,CC DChg,255.1999999999971,-1.6999,3.9223
15,CC DChg,255.3000000000029,-1.6998,3.9222
15,CC DChg,255.39999999999418,-1.6999,3.9222
15,CC DChg,255.5,-1.6999,3.9222
15,CC DChg,255.59999999999127,-1.6999,3.9222
15,CC DChg,255.6999999999971,-1.6999,3.9222
15,CC DChg,255.8000000000029,-1.6999,3.9222
15,CC DChg,255.89999999999418,-1.6999,3.9221
15,CC DChg,256.0,-1.6999,3.9221
15,CC DChg,256.09999999999127,-1.6999,3.9221
15,CC DChg,256.1999999999971,-1.6999,3.9221
15,CC DChg,256.3000000000029,-1.6999,3.9221
15,CC DChg,256.3999999999942,-1.6999,3.922
15,CC DChg,256.5,-1.6999,3.922
15,CC DChg,256.59999999999127,-1.6999,3.922
15,CC DChg,256.6999999999971,-1.6999,3.9219
15,CC DChg,256.8000000000029,-1.6999,3.922
15,CC DChg,256.8999999999942,-1.6999,3.922
15,CC DChg,257.0,-1.6999,3.922
15,CC DChg,257.09999999999127,-1.6999,3.9219
15,CC DChg,257.1999999999971,-1.6999,3.922
15,CC DChg,257.3000000000029,-1.6999,3.922
15,CC DChg,257.3999999999942,-1.6999,3.9219
15,CC DChg,257.5,-1.6999,3.9219
15,CC DChg,257.59999999999127,-1.6999,3.9218
15,CC DChg,257.6999999999971,-1.6999,3.9218
15,CC DChg,257.8000000000029,-1.6999,3.9218
15,CC DChg,257.8999999999942,-1.6999,3.9218
15,CC DChg,258.0,-1.6999,3.9218
15,CC DChg,258.09999999999127,-1.6999,3.9217
15,CC DChg,258.1999999999971,-1.6999,3.9217
15,CC DChg,258.3000000000029,-1.6999,3.9217
15,CC DChg,258.3999999999942,-1.6999,3.9217
15,CC DChg,258.5,-1.6999,3.9217
15,CC DChg,258.59999999999127,-1.6999,3.9217
15,CC DChg,258.6999999999971,-1.6999,3.9217
15,CC DChg,258.8000000000029,-1.6999,3.9216
15,CC DChg,258.8999999999942,-1.6999,3.9216
15,CC DChg,259.0,-1.6999,3.9216
15,CC DChg,259.09999999999127,-1.6999,3.9216
15,CC DChg,259.1999999999971,-1.6999,3.9216
15,CC DChg,259.3000000000029,-1.6999,3.9216
15,CC DChg,259.3999999999942,-1.6999,3.9215
15,CC DChg,259.5,-1.6999,3.9215
15,CC DChg,259.59999999999127,-1.6999,3.9215
15,CC DChg,259.6999999999971,-1.6999,3.9215
15,CC DChg,259.8000000000029,-1.6999,3.9215
15,CC DChg,259.8999999999942,-1.6999,3.9215
15,CC DChg,260.0,-1.6999,3.9215
15,CC DChg,260.09999999999127,-1.6999,3.9214
15,CC DChg,260.1999999999971,-1.6999,3.9214
15,CC DChg,260.3000000000029,-1.6999,3.9214
15,CC DChg,260.3999999999942,-1.6999,3.9214
15,CC DChg,260.5,-1.6999,3.9214
15,CC DChg,260.59999999999127,-1.6999,3.9213
15,CC DChg,260.6999999999971,-1.6999,3.9213
15,CC DChg,260.8000000000029,-1.6999,3.9213
15,CC DChg,260.8999999999942,-1.6999,3.9213
15,CC DChg,261.0,-1.6999,3.9213
15,CC DChg,261.09999999999127,-1.6999,3.9213
15,CC DChg,261.1999999999971,-1.6999,3.9213
15,CC DChg,261.3000000000029,-1.6999,3.9213
15,CC DChg,261.3999999999942,-1.6999,3.9212
15,CC DChg,261.5,-1.6999,3.9212
15,CC DChg,261.59999999999127,-1.6999,3.9212
15,CC DChg,261.6999999999971,-1.6999,3.9212
15,CC DChg,261.8000000000029,-1.6999,3.9212
15,CC DChg,261.8999999999942,-1.6999,3.9212
15,CC DChg,262.0,-1.6999,3.9211
15,CC DChg,262.09999999999127,-1.6999,3.9211
15,CC DChg,262.1999999999971,-1.6999,3.9211
15,CC DChg,262.3000000000029,-1.6999,3.9211
15,CC DChg,262.3999999999942,-1.6999,3.9211
15,CC DChg,262.5,-1.6999,3.921
15,CC DChg,262.59999999999127,-1.6999,3.921
15,CC DChg,262.6999999999971,-1.6999,3.9211
15,CC DChg,262.8000000000029,-1.6999,3.921
15,CC DChg,262.8999999999942,-1.6999,3.921
15,CC DChg,263.0,-1.6999,3.921
15,CC DChg,263.09999999999127,-1.6999,3.921
15,CC DChg,263.1999999999971,-1.6999,3.9209
15,CC DChg,263.3000000000029,-1.6999,3.9209
15,CC DChg,263.3999999999942,-1.6999,3.9209
15,CC DChg,263.5,-1.6999,3.9209
15,CC DChg,263.59999999999127,-1.6999,3.9209
15,CC DChg,263.6999999999971,-1.6999,3.9209
15,CC DChg,263.8000000000029,-1.6999,3.9208
15,CC DChg,263.8999999999942,-1.6999,3.9209
15,CC DChg,264.0,-1.6999,3.9208
15,CC DChg,264.09999999999127,-1.6999,3.9208
15,CC DChg,264.1999999999971,-1.6999,3.9208
15,CC DChg,264.3000000000029,-1.6999,3.9207
15,CC DChg,264.3999999999942,-1.6999,3.9207
15,CC DChg,264.5,-1.6999,3.9207
15,CC DChg,264.59999999999127,-1.6999,3.9207
15,CC DChg,264.6999999999971,-1.6999,3.9206
15,CC DChg,264.8000000000029,-1.6999,3.9207
15,CC DChg,264.8999999999942,-1.6999,3.9207
15,CC DChg,265.0,-1.6999,3.9207
15,CC DChg,265.09999999999127,-1.6999,3.9206
15,CC DChg,265.1999999999971,-1.6999,3.9206
15,CC DChg,265.3000000000029,-1.6999,3.9206
15,CC DChg,265.3999999999942,-1.6999,3.9206
15,CC DChg,265.5,-1.6999,3.9206
15,CC DChg,265.59999999999127,-1.6999,3.9206
15,CC DChg,265.6999999999971,-1.6999,3.9205
15,CC DChg,265.8000000000029,-1.6999,3.9205
15,CC DChg,265.8999999999942,-1.6999,3.9205
15,CC DChg,266.0,-1.6999,3.9205
15,CC DChg,266.09999999999127,-1.6999,3.9205
15,CC DChg,266.1999999999971,-1.6999,3.9205
15,CC DChg,266.3000000000029,-1.6999,3.9204
15,CC DChg,266.3999999999942,-1.6999,3.9204
15,CC DChg,266.5,-1.6999,3.9204
15,CC DChg,266.59999999999127,-1.6999,3.9204
15,CC DChg,266.6999999999971,-1.6999,3.9204
15,CC DChg,266.8000000000029,-1.6999,3.9204
15,CC DChg,266.8999999999942,-1.6999,3.9203
15,CC DChg,267.0,-1.6999,3.9203
15,CC DChg,267.09999999999127,-1.6999,3.9203
15,CC DChg,267.1999999999971,-1.6999,3.9203
15,CC DChg,267.3000000000029,-1.6999,3.9203
15,CC DChg,267.3999999999942,-1.6999,3.9202
15,CC DChg,267.5,-1.6999,3.9202
15,CC DChg,267.59999999999127,-1.6999,3.9202
15,CC DChg,267.6999999999971,-1.6999,3.9202
15,CC DChg,267.8000000000029,-1.6999,3.9202
15,CC DChg,267.8999999999942,-1.6999,3.9201
15,CC DChg,268.0,-1.6999,3.9202
15,CC DChg,268.09999999999127,-1.6999,3.9201
15,CC DChg,268.1999999999971,-1.6999,3.9201
15,CC DChg,268.3000000000029,-1.6999,3.9201
15,CC DChg,268.3999999999942,-1.6999,3.9201
15,CC DChg,268.5,-1.6998,3.92
15,CC DChg,268.59999999999127,-1.6998,3.92
15,CC DChg,268.6999999999971,-1.6998,3.92
15,CC DChg,268.8000000000029,-1.6998,3.92
15,CC DChg,268.8999999999942,-1.6998,3.92
15,CC DChg,269.0,-1.6998,3.9199
15,CC DChg,269.09999999999127,-1.6998,3.9199
15,CC DChg,269.1999999999971,-1.6998,3.9199
15,CC DChg,269.3000000000029,-1.6998,3.9199
15,CC DChg,269.3999999999942,-1.6998,3.9199
15,CC DChg,269.5,-1.6998,3.9199
15,CC DChg,269.59999999999127,-1.6998,3.9199
15,CC DChg,269.6999999999971,-1.6998,3.9198
15,CC DChg,269.8000000000029,-1.6998,3.9198
15,CC DChg,269.8999999999942,-1.6998,3.9198
15,CC DChg,270.0,-1.6998,3.9198
15,CC DChg,270.09999999999127,-1.6998,3.9197
15,CC DChg,270.1999999999971,-1.6998,3.9197
15,CC DChg,270.3000000000029,-1.6998,3.9197
15,CC DChg,270.3999999999942,-1.6998,3.9197
15,CC DChg,270.5,-1.6998,3.9197
15,CC DChg,270.59999999999127,-1.6998,3.9196
15,CC DChg,270.6999999999971,-1.6998,3.9196
15,CC DChg,270.8000000000029,-1.6998,3.9196
15,CC DChg,270.8999999999942,-1.6998,3.9196
15,CC DChg,271.0,-1.6998,3.9196
15,CC DChg,271.09999999999127,-1.6998,3.9196
15,CC DChg,271.1999999999971,-1.6998,3.9196
15,CC DChg,271.3000000000029,-1.6998,3.9195
15,CC DChg,271.3999999999942,-1.6998,3.9195
15,CC DChg,271.5,-1.6998,3.9195
15,CC DChg,271.59999999999127,-1.6998,3.9195
15,CC DChg,271.6999999999971,-1.6998,3.9194
15,CC DChg,271.8000000000029,-1.6998,3.9195
15,CC DChg,271.8999999999942,-1.6998,3.9195
15,CC DChg,272.0,-1.6998,3.9194
15,CC DChg,272.09999999999127,-1.6998,3.9194
15,CC DChg,272.1999999999971,-1.6998,3.9194
15,CC DChg,272.3000000000029,-1.6998,3.9194
15,CC DChg,272.3999999999942,-1.6998,3.9193
15,CC DChg,272.5,-1.6998,3.9193
15,CC DChg,272.59999999999127,-1.6998,3.9193
15,CC DChg,272.6999999999971,-1.6998,3.9193
15,CC DChg,272.8000000000029,-1.6998,3.9193
15,CC DChg,272.8999999999942,-1.6998,3.9193
15,CC DChg,273.0,-1.6998,3.9193
15,CC DChg,273.09999999999127,-1.6998,3.9192
15,CC DChg,273.1999999999971,-1.6998,3.9192
15,CC DChg,273.3000000000029,-1.6998,3.9192
15,CC DChg,273.3999999999942,-1.6998,3.9191
15,CC DChg,273.5,-1.6998,3.9192
15,CC DChg,273.59999999999127,-1.6998,3.9192
15,CC DChg,273.6999999999971,-1.6998,3.9191
15,CC DChg,273.8000000000029,-1.6998,3.9191
15,CC DChg,273.8999999999942,-1.6998,3.9191
15,CC DChg,274.0,-1.6998,3.9191
15,CC DChg,274.09999999999127,-1.6998,3.919
15,CC DChg,274.1999999999971,-1.6998,3.919
15,CC DChg,274.3000000000029,-1.6998,3.919
15,CC DChg,274.3999999999942,-1.6998,3.919
15,CC DChg,274.5,-1.6998,3.919
15,CC DChg,274.59999999999127,-1.6998,3.9189
15,CC DChg,274.6999999999971,-1.6998,3.9189
15,CC DChg,274.8000000000029,-1.6998,3.9189
15,CC DChg,274.8999999999942,-1.6998,3.9189
15,CC DChg,275.0,-1.6998,3.9189
15,CC DChg,275.09999999999127,-1.6998,3.9189
15,CC DChg,275.1999999999971,-1.6998,3.9188
15,CC DChg,275.3000000000029,-1.6998,3.9188
15,CC DChg,275.3999999999942,-1.6998,3.9188
15,CC DChg,275.5,-1.6998,3.9188
15,CC DChg,275.59999999999127,-1.6998,3.9188
15,CC DChg,275.6999999999971,-1.6998,3.9187
15,CC DChg,275.8000000000029,-1.6998,3.9187
15,CC DChg,275.8999999999942,-1.6998,3.9188
15,CC DChg,276.0,-1.6998,3.9187
15,CC DChg,276.09999999999127,-1.6998,3.9187
15,CC DChg,276.1999999999971,-1.6998,3.9187
15,CC DChg,276.3000000000029,-1.6998,3.9187
15,CC DChg,276.3999999999942,-1.6998,3.9187
15,CC DChg,276.5,-1.6998,3.9186
15,CC DChg,276.59999999999127,-1.6998,3.9186
15,CC DChg,276.6999999999971,-1.6998,3.9186
15,CC DChg,276.8000000000029,-1.6998,3.9186
15,CC DChg,276.8999999999942,-1.6998,3.9185
15,CC DChg,277.0,-1.6998,3.9186
15,CC DChg,277.09999999999127,-1.6998,3.9185
15,CC DChg,277.1999999999971,-1.6998,3.9185
15,CC DChg,277.3000000000029,-1.6998,3.9185
15,CC DChg,277.3999999999942,-1.6998,3.9185
15,CC DChg,277.5,-1.6998,3.9185
15,CC DChg,277.59999999999127,-1.6998,3.9185
15,CC DChg,277.6999999999971,-1.6998,3.9184
15,CC DChg,277.8000000000029,-1.6998,3.9184
15,CC DChg,277.8999999999942,-1.6998,3.9184
15,CC DChg,278.0,-1.6998,3.9184
15,CC DChg,278.09999999999127,-1.6998,3.9184
15,CC DChg,278.1999999999971,-1.6998,3.9184
15,CC DChg,278.3000000000029,-1.6998,3.9184
15,CC DChg,278.3999999999942,-1.6998,3.9183
15,CC DChg,278.5,-1.6998,3.9183
15,CC DChg,278.59999999999127,-1.6998,3.9183
15,CC DChg,278.6999999999971,-1.6998,3.9183
15,CC DChg,278.8000000000029,-1.6998,3.9183
15,CC DChg,278.8999999999942,-1.6998,3.9183
15,CC DChg,279.0,-1.6998,3.9183
15,CC DChg,279.09999999999127,-1.6998,3.9182
15,CC DChg,279.1999999999971,-1.6998,3.9182
15,CC DChg,279.3000000000029,-1.6998,3.9182
15,CC DChg,279.3999999999942,-1.6998,3.9182
15,CC DChg,279.5,-1.6998,3.9182
15,CC DChg,279.59999999999127,-1.6998,3.9182
15,CC DChg,279.6999999999971,-1.6998,3.9181
15,CC DChg,279.8000000000029,-1.6998,3.9181
15,CC DChg,279.8999999999942,-1.6998,3.9181
15,CC DChg,280.0,-1.6998,3.9181
15,CC DChg,280.09999999999127,-1.6998,3.9181
15,CC DChg,280.1999999999971,-1.6998,3.918
15,CC DChg,280.3000000000029,-1.6998,3.918
15,CC DChg,280.3999999999942,-1.6998,3.918
15,CC DChg,280.5,-1.6998,3.918
15,CC DChg,280.59999999999127,-1.6998,3.918
15,CC DChg,280.6999999999971,-1.6998,3.918
15,CC DChg,280.8000000000029,-1.6998,3.9179
15,CC DChg,280.8999999999942,-1.6998,3.9179
15,CC DChg,281.0,-1.6998,3.9179
15,CC DChg,281.09999999999127,-1.6998,3.9179
15,CC DChg,281.1999999999971,-1.6998,3.9178
15,CC DChg,281.3000000000029,-1.6998,3.9178
15,CC DChg,281.3999999999942,-1.6998,3.9178
15,CC DChg,281.5,-1.6998,3.9178
15,CC DChg,281.59999999999127,-1.6998,3.9177
15,CC DChg,281.6999999999971,-1.6998,3.9178
15,CC DChg,281.8000000000029,-1.6998,3.9178
15,CC DChg,281.8999999999942,-1.6998,3.9177
15,CC DChg,282.0,-1.6998,3.9177
15,CC DChg,282.09999999999127,-1.6998,3.9177
15,CC DChg,282.1999999999971,-1.6998,3.9177
15,CC DChg,282.3000000000029,-1.6998,3.9177
15,CC DChg,282.3999999999942,-1.6998,3.9176
15,CC DChg,282.5,-1.6998,3.9176
15,CC DChg,282.59999999999127,-1.6998,3.9176
15,CC DChg,282.6999999999971,-1.6998,3.9176
15,CC DChg,282.8000000000029,-1.6998,3.9176
15,CC DChg,282.8999999999942,-1.6998,3.9175
15,CC DChg,283.0,-1.6998,3.9176
15,CC DChg,283.09999999999127,-1.6998,3.9175
15,CC DChg,283.1999999999971,-1.6998,3.9175
15,CC DChg,283.3000000000029,-1.6998,3.9175
15,CC DChg,283.3999999999942,-1.6998,3.9175
15,CC DChg,283.5,-1.6998,3.9174
15,CC DChg,283.59999999999127,-1.6998,3.9174
15,CC DChg,283.6999999999971,-1.6998,3.9174
15,CC DChg,283.8000000000029,-1.6998,3.9173
15,CC DChg,283.8999999999942,-1.6998,3.9173
15,CC DChg,284.0,-1.6998,3.9174
15,CC DChg,284.09999999999127,-1.6998,3.9174
15,CC DChg,284.1999999999971,-1.6998,3.9173
15,CC DChg,284.3000000000029,-1.6998,3.9173
15,CC DChg,284.3999999999942,-1.6998,3.9173
15,CC DChg,284.5,-1.6998,3.9173
15,CC DChg,284.59999999999127,-1.6998,3.9173
15,CC DChg,284.6999999999971,-1.6998,3.9173
15,CC DChg,284.8000000000029,-1.6998,3.9172
15,CC DChg,284.8999999999942,-1.6998,3.9172
15,CC DChg,285.0,-1.6998,3.9172
15,CC DChg,285.09999999999127,-1.6998,3.9172
15,CC DChg,285.1999999999971,-1.6998,3.9171
15,CC DChg,285.3000000000029,-1.6998,3.9171
15,CC DChg,285.3999999999942,-1.6998,3.9171
15,CC DChg,285.5,-1.6998,3.9171
15,CC DChg,285.59999999999127,-1.6998,3.9171
15,CC DChg,285.6999999999971,-1.6998,3.9171
15,CC DChg,285.8000000000029,-1.6998,3.9171
15,CC DChg,285.8999999999942,-1.6998,3.9171
15,CC DChg,286.0,-1.6998,3.917
15,CC DChg,286.09999999999127,-1.6998,3.917
15,CC DChg,286.1999999999971,-1.6998,3.917
15,CC DChg,286.3000000000029,-1.6998,3.917
15,CC DChg,286.3999999999942,-1.6998,3.917
15,CC DChg,286.5,-1.6998,3.917
15,CC DChg,286.59999999999127,-1.6998,3.9169
15,CC DChg,286.6999999999971,-1.6998,3.9169
15,CC DChg,286.8000000000029,-1.6998,3.9169
15,CC DChg,286.8999999999942,-1.6998,3.9169
15,CC DChg,287.0,-1.6998,3.9168
15,CC DChg,287.09999999999127,-1.6998,3.9168
15,CC DChg,287.1999999999971,-1.6998,3.9168
15,CC DChg,287.3000000000029,-1.6998,3.9168
15,CC DChg,287.3999999999942,-1.6998,3.9168
15,CC DChg,287.5,-1.6998,3.9168
15,CC DChg,287.59999999999127,-1.6998,3.9167
15,CC DChg,287.6999999999971,-1.6998,3.9167
15,CC DChg,287.8000000000029,-1.6998,3.9167
15,CC DChg,287.8999999999942,-1.6998,3.9167
15,CC DChg,288.0,-1.6998,3.9167
15,CC DChg,288.09999999999127,-1.6998,3.9167
15,CC DChg,288.1999999999971,-1.6998,3.9166
15,CC DChg,288.3000000000029,-1.6998,3.9166
15,CC DChg,288.3999999999942,-1.6998,3.9166
15,CC DChg,288.5,-1.6998,3.9166
15,CC DChg,288.59999999999127,-1.6998,3.9166
15,CC DChg,288.6999999999971,-1.6998,3.9166
15,CC DChg,288.8000000000029,-1.6998,3.9166
15,CC DChg,288.8999999999942,-1.6998,3.9166
15,CC DChg,289.0,-1.6998,3.9165
15,CC DChg,289.09999999999127,-1.6998,3.9165
15,CC DChg,289.1999999999971,-1.6998,3.9165
15,CC DChg,289.3000000000029,-1.6998,3.9165
15,CC DChg,289.3999999999942,-1.6998,3.9164
15,CC DChg,289.5,-1.6998,3.9164
15,CC DChg,289.59999999999127,-1.6998,3.9164
15,CC DChg,289.6999999999971,-1.6998,3.9164
15,CC DChg,289.8000000000029,-1.6998,3.9163
15,CC DChg,289.8999999999942,-1.6998,3.9163
15,CC DChg,290.0,-1.6998,3.9163
15,CC DChg,290.09999999999127,-1.6998,3.9163
15,CC DChg,290.1999999999971,-1.6998,3.9163
15,CC DChg,290.3000000000029,-1.6998,3.9163
15,CC DChg,290.3999999999942,-1.6998,3.9163
15,CC DChg,290.5,-1.6998,3.9162
15,CC DChg,290.59999999999127,-1.6998,3.9162
15,CC DChg,290.6999999999971,-1.6998,3.9162
15,CC DChg,290.8000000000029,-1.6998,3.9162
15,CC DChg,290.8999999999942,-1.6998,3.9162
15,CC DChg,291.0,-1.6998,3.9162
15,CC DChg,291.09999999999127,-1.6998,3.9161
15,CC DChg,291.1999999999971,-1.6998,3.9161
15,CC DChg,291.3000000000029,-1.6998,3.9161
15,CC DChg,291.3999999999942,-1.6998,3.9161
15,CC DChg,291.5,-1.6998,3.916
15,CC DChg,291.59999999999127,-1.6998,3.916
15,CC DChg,291.6999999999971,-1.6998,3.916
15,CC DChg,291.8000000000029,-1.6998,3.916
15,CC DChg,291.8999999999942,-1.6998,3.916
15,CC DChg,292.0,-1.6998,3.916
15,CC DChg,292.09999999999127,-1.6998,3.916
15,CC DChg,292.1999999999971,-1.6998,3.916
15,CC DChg,292.3000000000029,-1.6998,3.9159
15,CC DChg,292.3999999999942,-1.6998,3.916
15,CC DChg,292.4916666666686,-1.6998,3.9159
15,CC DChg,292.5833333333285,-1.6998,3.9159
15,CC DChg,292.67499999998836,-1.6998,3.9159
15,CC DChg,292.7666666666628,-1.6998,3.9159
15,CC DChg,292.8583333333372,-1.6998,3.9159
15,CC DChg,292.9499999999971,-1.6998,3.9158
15,CC DChg,293.04166666665697,-1.6998,3.9158
15,CC DChg,293.1333333333314,-1.6998,3.9158
15,CC DChg,293.2250000000058,-1.6998,3.9158
16,Rest,293.3166666666657,0.0,3.9744
16,Rest,293.4083333333256,0.0,3.9744
16,Rest,293.5075757575687,0.0,3.9748
16,Rest,293.60681818181183,0.0,3.9753
16,Rest,293.70606060605496,0.0,3.976
16,Rest,293.8053030302981,0.0,3.9765
16,Rest,293.9045454545412,0.0,3.9769
16,Rest,294.00378787878435,0.0,3.9773
16,Rest,294.1030303030275,0.0,3.9777
16,Rest,294.2022727272706,0.0,3.978
16,Rest,294.30151515151374,0.0,3.9783
16,Rest,294.40075757575687,0.0,3.9786
16,Rest,294.50068870522955,0.0,3.9789
16,Rest,294.6006198347168,0.0,3.9792
16,Rest,294.70055096418946,0.0,3.9794
16,Rest,294.80048209366214,0.0,3.9797
16,Rest,294.9004132231348,0.0,3.9799
16,Rest,295.00034435262205,0.0,3.9802
16,Rest,295.10027548209473,0.0,3.9804
16,Rest,295.2002066115674,0.0,3.9806
16,Rest,295.3001377410401,0.0,3.9808
16,Rest,295.4000688705273,0.0,3.981
16,Rest,295.5000626095716,0.0,3.9812
16,Rest,295.6000563486159,0.0,3.9814
16,Rest,295.7000500876602,0.0,3.9816
16,Rest,295.8000438267045,0.0,3.9818
16,Rest,295.9000375657488,0.0,3.9819
16,Rest,296.00003130477853,0.0,3.9821
16,Rest,296.1000250438228,0.0,3.9823
16,Rest,296.2000187828671,0.0,3.9825
16,Rest,296.3000125219114,0.0,3.9826
16,Rest,296.4000062609557,0.0,3.9828
16,Rest,296.5000056917779,0.0,3.983
16,Rest,296.6000051226001,0.0,3.9831
16,Rest,296.70000455342233,0.0,3.9833
16,Rest,296.80000398424454,0.0,3.9834
16,Rest,296.90000341506675,0.0,3.9835
16,Rest,297.00000284588896,0.0,3.9837
16,Rest,297.10000227671117,0.0,3.9838
16,Rest,297.2000017075334,0.0,3.9839
16,Rest,297.3000011383556,0.0,3.9842
16,Rest,297.4000005691778,0.0,3.9843
16,Rest,297.500000517437,0.0,3.9844
16,Rest,297.6000004656962,0.0,3.9845
16,Rest,297.70000041394087,0.0,3.9846
16,Rest,297.8000003622001,0.0,3.9848
16,Rest,297.9000003104593,0.0,3.9849
16,Rest,298.0000002587185,0.0,3.985
16,Rest,298.1000002069777,0.0,3.9852
16,Rest,298.2000001552369,0.0,3.9853
16,Rest,298.3000001034816,0.0,3.9854
16,Rest,298.4000000517408,0.0,3.9856
16,Rest,298.5000000470318,0.0,3.9856
16,Rest,298.60000004233734,0.0,3.9857
16,Rest,298.70000003762834,0.0,3.9859
16,Rest,298.80000003291934,0.0,3.986
16,Rest,298.9000000282249,0.0,3.9861
16,Rest,299.0000000235159,0.0,3.9863
16,Rest,299.10000001882145,0.0,3.9864
16,Rest,299.20000001411245,0.0,3.9865
16,Rest,299.30000000940345,0.0,3.9866
16,Rest,299.400000004709,0.0,3.9867
16,Rest,299.50000000427826,0.0,3.9868
16,Rest,299.6000000038475,0.0,3.9869
16,Rest,299.70000000343134,0.0,3.9871
16,Rest,299.8000000030006,0.0,3.9871
16,Rest,299.90000000256987,0.0,3.9873
16,Rest,300.00000000213913,0.0,3.9873
16,Rest,300.1000000017084,0.0,3.9875
16,Rest,300.20000000127766,0.0,3.9875
16,Rest,300.3000000008615,0.0,3.9877
16,Rest,300.40000000043074,0.0,3.9877
16,Rest,300.5000000003929,0.0,3.9878
16,Rest,300.60000000035507,0.0,3.9879
16,Rest,300.70000000031723,0.0,3.988
16,Rest,300.8000000002794,0.0,3.9881
16,Rest,300.90000000024156,0.0,3.9882
16,Rest,301.0000000001892,0.0,3.9883
16,Rest,301.10000000015134,0.0,3.9884
16,Rest,301.2000000001135,0.0,3.9885
16,Rest,301.30000000007567,0.0,3.9886
16,Rest,301.40000000003783,0.0,3.9887
16,Rest,301.5000000000291,0.0,3.9888
16,Rest,301.6000000000349,0.0,3.9889
16,Rest,301.7000000000262,0.0,3.989
16,Rest,301.80000000001746,0.0,3.9891
16,Rest,301.9000000000233,0.0,3.9892
16,Rest,302.00000000001455,0.0,3.9893
16,Rest,302.1000000000204,0.0,3.9893
16,Rest,302.20000000001164,0.0,3.9894
16,Rest,302.3000000000029,0.0,3.9895
16,Rest,302.40000000000873,0.0,3.9896
16,Rest,302.50000000001455,0.0,3.9897
16,Rest,302.6000000000058,0.0,3.9898
16,Rest,302.70000000001164,0.0,3.9899
16,Rest,302.8000000000029,0.0,3.99
16,Rest,302.90000000000873,0.0,3.99
16,Rest,303.0,0.0,3.9901
16,Rest,303.1000000000058,0.0,3.9902
16,Rest,303.1999999999971,0.0,3.9903
16,Rest,303.3000000000029,0.0,3.9904
16,Rest,303.3999999999942,0.0,3.9904
16,Rest,303.5,0.0,3.9905
16,Rest,303.59999999999127,0.0,3.9906
16,Rest,303.6999999999971,0.0,3.9907
16,Rest,303.8000000000029,0.0,3.9908
16,Rest,303.8999999999942,0.0,3.9909
16,Rest,304.0,0.0,3.9909
16,Rest,304.09999999999127,0.0,3.991
16,Rest,304.1999999999971,0.0,3.9911
16,Rest,304.3000000000029,0.0,3.9912
16,Rest,304.3999999999942,0.0,3.9913
16,Rest,304.5,0.0,3.9914
16,Rest,304.59999999999127,0.0,3.9914
16,Rest,304.6999999999971,0.0,3.9915
16,Rest,304.8000000000029,0.0,3.9916
16,Rest,304.8999999999942,0.0,3.9917
16,Rest,305.0,0.0,3.9917
16,Rest,305.09999999999127,0.0,3.9918
16,Rest,305.1999999999971,0.0,3.9918
16,Rest,305.3000000000029,0.0,3.9919
16,Rest,305.3999999999942,0.0,3.992
16,Rest,305.5,0.0,3.9921
16,Rest,305.59999999999127,0.0,3.9921
16,Rest,305.6999999999971,0.0,3.9923
16,Rest,305.8000000000029,0.0,3.9923
16,Rest,305.8999999999942,0.0,3.9924
16,Rest,306.0,0.0,3.9924
16,Rest,306.09999999999127,0.0,3.9925
16,Rest,306.1999999999971,0.0,3.9926
16,Rest,306.3000000000029,0.0,3.9927
16,Rest,306.3999999999942,0.0,3.9927
16,Rest,306.5,0.0,3.9928
16,Rest,306.59999999999127,0.0,3.9929
16,Rest,306.6999999999971,0.0,3.9929
16,Rest,306.8000000000029,0.0,3.993
16,Rest,306.8999999999942,0.0,3.9931
16,Rest,307.0,0.0,3.9932
16,Rest,307.09999999999127,0.0,3.9932
16,Rest,307.1999999999971,0.0,3.9933
16,Rest,307.3000000000029,0.0,3.9933
16,Rest,307.3999999999942,0.0,3.9934
16,Rest,307.5,0.0,3.9935
16,Rest,307.59999999999127,0.0,3.9935
16,Rest,307.6999999999971,0.0,3.9936
16,Rest,307.8000000000029,0.0,3.9937
16,Rest,307.8999999999942,0.0,3.9937
16,Rest,308.0,0.0,3.9938
16,Rest,308.09999999999127,0.0,3.9938
16,Rest,308.1999999999971,0.0,3.9939
16,Rest,308.3000000000029,0.0,3.994
16,Rest,308.3999999999942,0.0,3.9941
16,Rest,308.5,0.0,3.9942
16,Rest,308.59999999999127,0.0,3.9942
16,Rest,308.6999999999971,0.0,3.9943
16,Rest,308.8000000000029,0.0,3.9943
16,Rest,308.8999999999942,0.0,3.9944
16,Rest,309.0,0.0,3.9945
16,Rest,309.09999999999127,0.0,3.9945
16,Rest,309.1999999999971,0.0,3.9945
16,Rest,309.3000000000029,0.0,3.9946
16,Rest,309.3999999999942,0.0,3.9947
16,Rest,309.5,0.0,3.9948
16,Rest,309.59999999999127,0.0,3.9948
16,Rest,309.6999999999971,0.0,3.9949
16,Rest,309.8000000000029,0.0,3.9949
16,Rest,309.8999999999942,0.0,3.995
16,Rest,310.0,0.0,3.9951
16,Rest,310.09999999999127,0.0,3.9951
16,Rest,310.1999999999971,0.0,3.9952
16,Rest,310.3000000000029,0.0,3.9952
16,Rest,310.3999999999942,0.0,3.9952
16,Rest,310.5,0.0,3.9954
16,Rest,310.59999999999127,0.0,3.9954
16,Rest,310.6999999999971,0.0,3.9955
16,Rest,310.8000000000029,0.0,3.9956
16,Rest,310.8999999999942,0.0,3.9956
16,Rest,311.0,0.0,3.9957
16,Rest,311.09999999999127,0.0,3.9957
16,Rest,311.1999999999971,0.0,3.9958
16,Rest,311.3000000000029,0.0,3.9958
16,Rest,311.3999999999942,0.0,3.9959
16,Rest,311.5,0.0,3.9959
16,Rest,311.59999999999127,0.0,3.996
16,Rest,311.6999999999971,0.0,3.996
16,Rest,311.8000000000029,0.0,3.9961
16,Rest,311.8999999999942,0.0,3.9962
16,Rest,312.0,0.0,3.9962
16,Rest,312.09999999999127,0.0,3.9962
16,Rest,312.1999999999971,0.0,3.9963
16,Rest,312.3000000000029,0.0,3.9964
16,Rest,312.3999999999942,0.0,3.9964
16,Rest,312.5,0.0,3.9965
16,Rest,312.59999999999127,0.0,3.9966
16,Rest,312.6999999999971,0.0,3.9966
16,Rest,312.8000000000029,0.0,3.9967
16,Rest,312.8999999999942,0.0,3.9967
16,Rest,313.0,0.0,3.9968
16,Rest,313.09999999999127,0.0,3.9968
16,Rest,313.1999999999971,0.0,3.9969
16,Rest,313.3000000000029,0.0,3.997
16,Rest,313.3999999999942,0.0,3.997
16,Rest,313.5,0.0,3.997
16,Rest,313.59999999999127,0.0,3.9971
16,Rest,313.6999999999971,0.0,3.9971
16,Rest,313.8000000000029,0.0,3.9972
16,Rest,313.8999999999942,0.0,3.9972
16,Rest,314.0,0.0,3.9973
16,Rest,314.09999999999127,0.0,3.9973
16,Rest,314.1999999999971,0.0,3.9974
16,Rest,314.3000000000029,0.0,3.9975
16,Rest,314.3999999999942,0.0,3.9975
16,Rest,314.5,0.0,3.9976
16,Rest,314.59999999999127,0.0,3.9976
16,Rest,314.6999999999971,0.0,3.9976
16,Rest,314.8000000000029,0.0,3.9977
16,Rest,314.8999999999942,0.0,3.9978
16,Rest,315.0,0.0,3.9978
16,Rest,315.09999999999127,0.0,3.9979
16,Rest,315.1999999999971,0.0,3.9979
16,Rest,315.3000000000029,0.0,3.998
16,Rest,315.3999999999942,0.0,3.998
16,Rest,315.5,0.0,3.9981
16,Rest,315.59999999999127,0.0,3.9981
16,Rest,315.6999999999971,0.0,3.9982
16,Rest,315.8000000000029,0.0,3.9982
16,Rest,315.8999999999942,0.0,3.9983
16,Rest,316.0,0.0,3.9983
16,Rest,316.09999999999127,0.0,3.9984
16,Rest,316.1999999999971,0.0,3.9984
16,Rest,316.3000000000029,0.0,3.9985
16,Rest,316.3999999999942,0.0,3.9985
16,Rest,316.5,0.0,3.9986
16,Rest,316.59999999999127,0.0,3.9987
16,Rest,316.6999999999971,0.0,3.9987
16,Rest,316.8000000000029,0.0,3.9987
16,Rest,316.8999999999942,0.0,3.9988
16,Rest,317.0,0.0,3.9988
16,Rest,317.09999999999127,0.0,3.9989
16,Rest,317.1999999999971,0.0,3.9989
16,Rest,317.3000000000029,0.0,3.9989
16,Rest,317.3999999999942,0.0,3.999
16,Rest,317.5,0.0,3.999
16,Rest,317.59999999999127,0.0,3.9991
16,Rest,317.6999999999971,0.0,3.9991
16,Rest,317.8000000000029,0.0,3.9992
16,Rest,317.8999999999942,0.0,3.9992
16,Rest,318.0,0.0,3.9993
16,Rest,318.09999999999127,0.0,3.9993
16,Rest,318.1999999999971,0.0,3.9994
16,Rest,318.3000000000029,0.0,3.9994
16,Rest,318.3999999999942,0.0,3.9995
16,Rest,318.5,0.0,3.9995
16,Rest,318.59999999999127,0.0,3.9995
16,Rest,318.6999999999971,0.0,3.9996
16,Rest,318.8000000000029,0.0,3.9996
16,Rest,318.8999999999942,0.0,3.9997
16,Rest,319.0,0.0,3.9997
16,Rest,319.09999999999127,0.0,3.9998
16,Rest,319.1999999999971,0.0,3.9998
16,Rest,319.3000000000029,0.0,3.9999
16,Rest,319.3999999999942,0.0,3.9999
16,Rest,319.5,0.0,4.0
16,Rest,319.59999999999127,0.0,4.0
16,Rest,319.6999999999971,0.0,4.0001
16,Rest,319.8000000000029,0.0,4.0001
16,Rest,319.8999999999942,0.0,4.0001
16,Rest,320.0,0.0,4.0002
16,Rest,320.09999999999127,0.0,4.0002
16,Rest,320.1999999999971,0.0,4.0002
16,Rest,320.3000000000029,0.0,4.0003
16,Rest,320.3999999999942,0.0,4.0003
16,Rest,320.5,0.0,4.0004
16,Rest,320.59999999999127,0.0,4.0004
16,Rest,320.6999999999971,0.0,4.0004
16,Rest,320.8000000000029,0.0,4.0005
16,Rest,320.8999999999942,0.0,4.0005
16,Rest,321.0,0.0,4.0006
16,Rest,321.09999999999127,0.0,4.0006
16,Rest,321.1999999999971,0.0,4.0007
16,Rest,321.3000000000029,0.0,4.0007
16,Rest,321.3999999999942,0.0,4.0007
16,Rest,321.5,0.0,4.0008
16,Rest,321.59999999999127,0.0,4.0008
16,Rest,321.6999999999971,0.0,4.0009
16,Rest,321.8000000000029,0.0,4.0009
16,Rest,321.8999999999942,0.0,4.001
16,Rest,322.0,0.0,4.001
16,Rest,322.09999999999127,0.0,4.001
16,Rest,322.1999999999971,0.0,4.0011
16,Rest,322.3000000000029,0.0,4.0011
16,Rest,322.3999999999942,0.0,4.0012
16,Rest,322.5,0.0,4.0012
16,Rest,322.59999999999127,0.0,4.0013
16,Rest,322.6999999999971,0.0,4.0013
16,Rest,322.8000000000029,0.0,4.0014
16,Rest,322.8999999999942,0.0,4.0014
16,Rest,323.0,0.0,4.0015
16,Rest,323.09999999999127,0.0,4.0015
16,Rest,323.1999999999971,0.0,4.0015
16,Rest,323.3000000000029,0.0,4.0016
16,Rest,323.3999999999942,0.0,4.0016
16,Rest,323.5,0.0,4.0017
16,Rest,323.59999999999127,0.0,4.0017
16,Rest,323.6999999999971,0.0,4.0017
16,Rest,323.8000000000029,0.0,4.0018
16,Rest,323.8999999999942,0.0,4.0018
16,Rest,324.0,0.0,4.0019
16,Rest,324.09999999999127,0.0,4.0019
16,Rest,324.1999999999971,0.0,4.0019
16,Rest,324.3000000000029,0.0,4.002
16,Rest,324.3999999999942,0.0,4.002
16,Rest,324.5,0.0,4.0021
16,Rest,324.59999999999127,0.0,4.0021
16,Rest,324.6999999999971,0.0,4.0021
16,Rest,324.8000000000029,0.0,4.0022
16,Rest,324.8999999999942,0.0,4.0022
16,Rest,325.0,0.0,4.0023
16,Rest,325.09999999999127,0.0,4.0023
16,Rest,325.1999999999971,0.0,4.0024
16,Rest,325.3000000000029,0.0,4.0024
16,Rest,325.3999999999942,0.0,4.0024
16,Rest,325.5,0.0,4.0024
16,Rest,325.59999999999127,0.0,4.0025
16,Rest,325.6999999999971,0.0,4.0025
16,Rest,325.8000000000029,0.0,4.0025
16,Rest,325.8999999999942,0.0,4.0026
16,Rest,326.0,0.0,4.0026
16,Rest,326.09999999999127,0.0,4.0027
16,Rest,326.1999999999971,0.0,4.0027
16,Rest,326.3000000000029,0.0,4.0027
16,Rest,326.3999999999942,0.0,4.0028
16,Rest,326.5,0.0,4.0028
16,Rest,326.59999999999127,0.0,4.0028
16,Rest,326.6999999999971,0.0,4.0029
16,Rest,326.8000000000029,0.0,4.0029
16,Rest,326.8999999999942,0.0,4.0029
16,Rest,327.0,0.0,4.003
16,Rest,327.09999999999127,0.0,4.003
16,Rest,327.1999999999971,0.0,4.0031
16,Rest,327.3000000000029,0.0,4.0031
16,Rest,327.3999999999942,0.0,4.0031
16,Rest,327.5,0.0,4.0032
16,Rest,327.59999999999127,0.0,4.0032
16,Rest,327.6999999999971,0.0,4.0033
16,Rest,327.8000000000029,0.0,4.0033
16,Rest,327.8999999999942,0.0,4.0033
16,Rest,328.0,0.0,4.0033
16,Rest,328.09999999999127,0.0,4.0034
16,Rest,328.1999999999971,0.0,4.0034
16,Rest,328.3000000000029,0.0,4.0035
16,Rest,328.3999999999942,0.0,4.0035
16,Rest,328.5,0.0,4.0035
16,Rest,328.59999999999127,0.0,4.0035
16,Rest,328.6999999999971,0.0,4.0036
16,Rest,328.8000000000029,0.0,4.0036
16,Rest,328.8999999999942,0.0,4.0037
16,Rest,329.0,0.0,4.0037
16,Rest,329.09999999999127,0.0,4.0038
16,Rest,329.1999999999971,0.0,4.0038
16,Rest,329.3000000000029,0.0,4.0038
16,Rest,329.3999999999942,0.0,4.0039
16,Rest,329.5,0.0,4.0039
16,Rest,329.59999999999127,0.0,4.0039
16,Rest,329.6999999999971,0.0,4.004
16,Rest,329.8000000000029,0.0,4.004
16,Rest,329.8999999999942,0.0,4.004
16,Rest,330.0,0.0,4.0041
16,Rest,330.09999999999127,0.0,4.0041
16,Rest,330.1999999999971,0.0,4.0042
16,Rest,330.3000000000029,0.0,4.0042
16,Rest,330.3999999999942,0.0,4.0042
16,Rest,330.5,0.0,4.0042
16,Rest,330.59999999999127,0.0,4.0043
16,Rest,330.6999999999971,0.0,4.0044
16,Rest,330.8000000000029,0.0,4.0044
16,Rest,330.8999999999942,0.0,4.0044
16,Rest,331.0,0.0,4.0045
16,Rest,331.09999999999127,0.0,4.0045
16,Rest,331.1999999999971,0.0,4.0045
16,Rest,331.3000000000029,0.0,4.0045
16,Rest,331.3999999999942,0.0,4.0046
16,Rest,331.5,0.0,4.0046
16,Rest,331.59999999999127,0.0,4.0047
16,Rest,331.6999999999971,0.0,4.0047
16,Rest,331.8000000000029,0.0,4.0048
16,Rest,331.8999999999942,0.0,4.0048
16,Rest,332.0,0.0,4.0048
16,Rest,332.09999999999127,0.0,4.0048
16,Rest,332.1999999999971,0.0,4.0049
16,Rest,332.3000000000029,0.0,4.0049
16,Rest,332.3999999999942,0.0,4.0049
16,Rest,332.5,0.0,4.005
16,Rest,332.59999999999127,0.0,4.005
16,Rest,332.6999999999971,0.0,4.005
16,Rest,332.8000000000029,0.0,4.0051
16,Rest,332.8999999999942,0.0,4.0051
16,Rest,333.0,0.0,4.0051
16,Rest,333.09999999999127,0.0,4.0051
16,Rest,333.1999999999971,0.0,4.0052
16,Rest,333.3000000000029,0.0,4.0053
16,Rest,333.3999999999942,0.0,4.0053
16,Rest,333.5,0.0,4.0053
16,Rest,333.59999999999127,0.0,4.0053
16,Rest,333.6999999999971,0.0,4.0053
16,Rest,333.8000000000029,0.0,4.0054
16,Rest,333.8999999999942,0.0,4.0054
16,Rest,334.0,0.0,4.0054
16,Rest,334.09999999999127,0.0,4.0054
16,Rest,334.1999999999971,0.0,4.0055
16,Rest,334.3000000000029,0.0,4.0055
16,Rest,334.3999999999942,0.0,4.0055
16,Rest,334.5,0.0,4.0056
16,Rest,334.59999999999127,0.0,4.0056
16,Rest,334.6999999999971,0.0,4.0056
16,Rest,334.8000000000029,0.0,4.0057
16,Rest,334.8999999999942,0.0,4.0057
16,Rest,335.0,0.0,4.0057
16,Rest,335.09999999999127,0.0,4.0058
16,Rest,335.1999999999971,0.0,4.0058
16,Rest,335.3000000000029,0.0,4.0058
16,Rest,335.3999999999942,0.0,4.0059
16,Rest,335.5,0.0,4.0059
16,Rest,335.59999999999127,0.0,4.0059
16,Rest,335.6999999999971,0.0,4.0059
16,Rest,335.8000000000029,0.0,4.0059
16,Rest,335.8999999999942,0.0,4.0059
16,Rest,336.0,0.0,4.006
16,Rest,336.09999999999127,0.0,4.006
16,Rest,336.1999999999971,0.0,4.0061
16,Rest,336.3000000000029,0.0,4.0061
16,Rest,336.3999999999942,0.0,4.0061
16,Rest,336.5,0.0,4.0062
16,Rest,336.59999999999127,0.0,4.0062
16,Rest,336.6999999999971,0.0,4.0062
16,Rest,336.8000000000029,0.0,4.0062
16,Rest,336.8999999999942,0.0,4.0062
16,Rest,337.0,0.0,4.0062
16,Rest,337.09999999999127,0.0,4.0063
16,Rest,337.1999999999971,0.0,4.0064
16,Rest,337.3000000000029,0.0,4.0064
16,Rest,337.3999999999942,0.0,4.0064
16,Rest,337.5,0.0,4.0064
16,Rest,337.59999999999127,0.0,4.0064
16,Rest,337.6999999999971,0.0,4.0065
16,Rest,337.8000000000029,0.0,4.0065
16,Rest,337.8999999999942,0.0,4.0065
16,Rest,338.0,0.0,4.0065
16,Rest,338.09999999999127,0.0,4.0066
16,Rest,338.1999999999971,0.0,4.0067
16,Rest,338.3000000000029,0.0,4.0067
16,Rest,338.3999999999942,0.0,4.0067
16,Rest,338.5,0.0,4.0067
16,Rest,338.59999999999127,0.0,4.0067
16,Rest,338.6999999999971,0.0,4.0067
16,Rest,338.8000000000029,0.0,4.0068
16,Rest,338.8999999999942,0.0,4.0068
16,Rest,339.0,0.0,4.0068
16,Rest,339.09999999999127,0.0,4.0068
16,Rest,339.1999999999971,0.0,4.0069
16,Rest,339.3000000000029,0.0,4.0069
16,Rest,339.3999999999942,0.0,4.007
16,Rest,339.5,0.0,4.007
16,Rest,339.59999999999127,0.0,4.007
16,Rest,339.6999999999971,0.0,4.007
16,Rest,339.8000000000029,0.0,4.0071
16,Rest,339.8999999999942,0.0,4.0071
16,Rest,340.0,0.0,4.0071
16,Rest,340.09999999999127,0.0,4.0072
16,Rest,340.1999999999971,0.0,4.0072
16,Rest,340.3000000000029,0.0,4.0072
16,Rest,340.3999999999942,0.0,4.0072
16,Rest,340.5,0.0,4.0073
16,Rest,340.59999999999127,0.0,4.0073
16,Rest,340.6999999999971,0.0,4.0073
16,Rest,340.8000000000029,0.0,4.0074
16,Rest,340.8999999999942,0.0,4.0074
16,Rest,341.0,0.0,4.0074
16,Rest,341.09999999999127,0.0,4.0074
16,Rest,341.1999999999971,0.0,4.0075
16,Rest,341.3000000000029,0.0,4.0075
16,Rest,341.3999999999942,0.0,4.0075
16,Rest,341.5,0.0,4.0075
16,Rest,341.59999999999127,0.0,4.0076
16,Rest,341.6999999999971,0.0,4.0076
16,Rest,341.8000000000029,0.0,4.0076
16,Rest,341.8999999999942,0.0,4.0077
16,Rest,342.0,0.0,4.0077
16,Rest,342.09999999999127,0.0,4.0077
16,Rest,342.1999999999971,0.0,4.0077
16,Rest,342.3000000000029,0.0,4.0077
16,Rest,342.3999999999942,0.0,4.0078
16,Rest,342.5,0.0,4.0078
16,Rest,342.59999999999127,0.0,4.0078
16,Rest,342.6999999999971,0.0,4.0078
16,Rest,342.8000000000029,0.0,4.0078
16,Rest,342.8999999999942,0.0,4.0078
16,Rest,343.0,0.0,4.0079
16,Rest,343.09999999999127,0.0,4.0079
16,Rest,343.1999999999971,0.0,4.0079
16,Rest,343.3000000000029,0.0,4.0079
16,Rest,343.3999999999942,0.0,4.008
16,Rest,343.5,0.0,4.008
16,Rest,343.59999999999127,0.0,4.008
16,Rest,343.6999999999971,0.0,4.008
16,Rest,343.8000000000029,0.0,4.008
16,Rest,343.8999999999942,0.0,4.0081
16,Rest,344.0,0.0,4.0081
16,Rest,344.09999999999127,0.0,4.0082
16,Rest,344.1999999999971,0.0,4.0082
16,Rest,344.3000000000029,0.0,4.0083
16,Rest,344.3999999999942,0.0,4.0082
16,Rest,344.5,0.0,4.0083
16,Rest,344.59999999999127,0.0,4.0083
16,Rest,344.6999999999971,0.0,4.0083
16,Rest,344.8000000000029,0.0,4.0083
16,Rest,344.8999999999942,0.0,4.0084
16,Rest,345.0,0.0,4.0084
16,Rest,345.09999999999127,0.0,4.0084
16,Rest,345.1999999999971,0.0,4.0085
16,Rest,345.3000000000029,0.0,4.0085
16,Rest,345.3999999999942,0.0,4.0085
16,Rest,345.5,0.0,4.0085
16,Rest,345.59999999999127,0.0,4.0085
16,Rest,345.6999999999971,0.0,4.0085
16,Rest,345.8000000000029,0.0,4.0086
16,Rest,345.8999999999942,0.0,4.0086
16,Rest,346.0,0.0,4.0086
16,Rest,346.09999999999127,0.0,4.0086
16,Rest,346.1999999999971,0.0,4.0087
16,Rest,346.3000000000029,0.0,4.0087
16,Rest,346.3999999999942,0.0,4.0087
16,Rest,346.5,0.0,4.0087
16,Rest,346.59999999999127,0.0,4.0087
16,Rest,346.6999999999971,0.0,4.0088
16,Rest,346.8000000000029,0.0,4.0088
16,Rest,346.8999999999942,0.0,4.0088
16,Rest,347.0,0.0,4.0089
16,Rest,347.09999999999127,0.0,4.0089
16,Rest,347.1999999999971,0.0,4.0089
16,Rest,347.3000000000029,0.0,4.0089
16,Rest,347.3999999999942,0.0,4.009
16,Rest,347.5,0.0,4.009
16,Rest,347.59999999999127,0.0,4.009
16,Rest,347.6999999999971,0.0,4.009
16,Rest,347.8000000000029,0.0,4.009
16,Rest,347.8999999999942,0.0,4.0091
16,Rest,348.0,0.0,4.0091
16,Rest,348.09999999999127,0.0,4.0091
16,Rest,348.1999999999971,0.0,4.0091
16,Rest,348.3000000000029,0.0,4.0091
16,Rest,348.3999999999942,0.0,4.0092
16,Rest,348.5,0.0,4.0092
16,Rest,348.59999999999127,0.0,4.0092
16,Rest,348.6999999999971,0.0,4.0093
16,Rest,348.8000000000029,0.0,4.0093
16,Rest,348.8999999999942,0.0,4.0093
16,Rest,349.0,0.0,4.0093
16,Rest,349.09999999999127,0.0,4.0094
16,Rest,349.1999999999971,0.0,4.0093
16,Rest,349.3000000000029,0.0,4.0093
16,Rest,349.3999999999942,0.0,4.0094
16,Rest,349.5,0.0,4.0094
16,Rest,349.59999999999127,0.0,4.0094
16,Rest,349.6999999999971,0.0,4.0095
16,Rest,349.8000000000029,0.0,4.0095
16,Rest,349.8999999999942,0.0,4.0095
16,Rest,350.0,0.0,4.0095
16,Rest,350.09999999999127,0.0,4.0096
16,Rest,350.1999999999971,0.0,4.0096
16,Rest,350.3000000000029,0.0,4.0096
16,Rest,350.3999999999942,0.0,4.0096
16,Rest,350.5,0.0,4.0096
16,Rest,350.59999999999127,0.0,4.0097
16,Rest,350.6999999999971,0.0,4.0097
16,Rest,350.8000000000029,0.0,4.0097
16,Rest,350.8999999999942,0.0,4.0097
16,Rest,351.0,0.0,4.0097
16,Rest,351.09999999999127,0.0,4.0097
16,Rest,351.1999999999971,0.0,4.0097
16,Rest,351.3000000000029,0.0,4.0098
16,Rest,351.3999999999942,0.0,4.0098
16,Rest,351.5,0.0,4.0098
16,Rest,351.59999999999127,0.0,4.0098
16,Rest,351.6999999999971,0.0,4.0098
16,Rest,351.8000000000029,0.0,4.0098
16,Rest,351.8999999999942,0.0,4.0099
16,Rest,352.0,0.0,4.0099
16,Rest,352.09999999999127,0.0,4.0099
16,Rest,352.1999999999971,0.0,4.0099
16,Rest,352.3000000000029,0.0,4.0099
16,Rest,352.3999999999942,0.0,4.0099
16,Rest,352.5,0.0,4.01
16,Rest,352.59999999999127,0.0,4.01
16,Rest,352.6999999999971,0.0,4.01
16,Rest,352.8000000000029,0.0,4.01
16,Rest,352.8999999999942,0.0,4.01
16,Rest,353.0,0.0,4.0101
16,Rest,353.09999999999127,0.0,4.0101
16,Rest,353.1999999999971,0.0,4.0101
16,Rest,353.3000000000029,0.0,4.0101
16,Rest,353.3999999999942,0.0,4.0101
16,Rest,353.5,0.0,4.0101
16,Rest,353.59999999999127,0.0,4.0102
16,Rest,353.6999999999971,0.0,4.0102
16,Rest,353.8000000000029,0.0,4.0102
16,Rest,353.8999999999942,0.0,4.0103
16,Rest,354.0,0.0,4.0103
16,Rest,354.09999999999127,0.0,4.0103
16,Rest,354.1999999999971,0.0,4.0103
16,Rest,354.3000000000029,0.0,4.0103
16,Rest,354.3999999999942,0.0,4.0103
16,Rest,354.5,0.0,4.0103
16,Rest,354.59999999999127,0.0,4.0104
16,Rest,354.6999999999971,0.0,4.0104
16,Rest,354.8000000000029,0.0,4.0104
16,Rest,354.8999999999942,0.0,4.0104
16,Rest,355.0,0.0,4.0105
16,Rest,355.09999999999127,0.0,4.0105
16,Rest,355.1999999999971,0.0,4.0105
16,Rest,355.3000000000029,0.0,4.0105
16,Rest,355.3999999999942,0.0,4.0106
16,Rest,355.5,0.0,4.0106
16,Rest,355.59999999999127,0.0,4.0106
16,Rest,355.6999999999971,0.0,4.0106
16,Rest,355.8000000000029,0.0,4.0106
16,Rest,355.8999999999942,0.0,4.0106
16,Rest,356.0,0.0,4.0106
16,Rest,356.09999999999127,0.0,4.0106
16,Rest,356.1999999999971,0.0,4.0107
16,Rest,356.3000000000029,0.0,4.0107
16,Rest,356.3999999999942,0.0,4.0107
16,Rest,356.5,0.0,4.0107
16,Rest,356.59999999999127,0.0,4.0107
16,Rest,356.6999999999971,0.0,4.0107
16,Rest,356.8000000000029,0.0,4.0107
16,Rest,356.8999999999942,0.0,4.0108
16,Rest,357.0,0.0,4.0108
16,Rest,357.09999999999127,0.0,4.0108
16,Rest,357.1999999999971,0.0,4.0109
16,Rest,357.3000000000029,0.0,4.0108
16,Rest,357.3999999999942,0.0,4.0108
16,Rest,357.5,0.0,4.0109
16,Rest,357.59999999999127,0.0,4.0109
16,Rest,357.6999999999971,0.0,4.0109
16,Rest,357.8000000000029,0.0,4.011
16,Rest,357.8999999999942,0.0,4.011
16,Rest,358.0,0.0,4.011
16,Rest,358.09999999999127,0.0,4.0111
16,Rest,358.1999999999971,0.0,4.0111
16,Rest,358.3000000000029,0.0,4.0111
16,Rest,358.3999999999942,0.0,4.011
16,Rest,358.5,0.0,4.0111
16,Rest,358.59999999999127,0.0,4.0111
16,Rest,358.6999999999971,0.0,4.0112
16,Rest,358.8000000000029,0.0,4.0112
16,Rest,358.8999999999942,0.0,4.0112
16,Rest,359.0,0.0,4.0112
16,Rest,359.09999999999127,0.0,4.0112
16,Rest,359.1999999999971,0.0,4.0112
16,Rest,359.3000000000029,0.0,4.0113
16,Rest,359.3999999999942,0.0,4.0113
16,Rest,359.5,0.0,4.0113
16,Rest,359.59999999999127,0.0,4.0113
16,Rest,359.6999999999971,0.0,4.0113
16,Rest,359.8000000000029,0.0,4.0113
16,Rest,359.8999999999942,0.0,4.0114
16,Rest,360.0,0.0,4.0114
16,Rest,360.09999999999127,0.0,4.0114
16,Rest,360.1999999999971,0.0,4.0115
16,Rest,360.3000000000029,0.0,4.0115
16,Rest,360.3999999999942,0.0,4.0115
16,Rest,360.5,0.0,4.0115
16,Rest,360.59999999999127,0.0,4.0115
16,Rest,360.6999999999971,0.0,4.0115
16,Rest,360.8000000000029,0.0,4.0115
16,Rest,360.8999999999942,0.0,4.0116
16,Rest,361.0,0.0,4.0116
16,Rest,361.09999999999127,0.0,4.0116
16,Rest,361.1999999999971,0.0,4.0116
16,Rest,361.3000000000029,0.0,4.0116
16,Rest,361.3999999999942,0.0,4.0116
16,Rest,361.5,0.0,4.0116
16,Rest,361.59999999999127,0.0,4.0116
16,Rest,361.6999999999971,0.0,4.0116
16,Rest,361.8000000000029,0.0,4.0117
16,Rest,361.8999999999942,0.0,4.0117
16,Rest,362.0,0.0,4.0116
16,Rest,362.09999999999127,0.0,4.0117
16,Rest,362.1999999999971,0.0,4.0117
16,Rest,362.3000000000029,0.0,4.0118
16,Rest,362.3999999999942,0.0,4.0117
16,Rest,362.5,0.0,4.0118
16,Rest,362.59999999999127,0.0,4.0118
16,Rest,362.6999999999971,0.0,4.0118
16,Rest,362.8000000000029,0.0,4.0119
16,Rest,362.8999999999942,0.0,4.0119
16,Rest,363.0,0.0,4.0119
16,Rest,363.09999999999127,0.0,4.0119
16,Rest,363.1999999999971,0.0,4.0119
16,Rest,363.3000000000029,0.0,4.0119
16,Rest,363.3999999999942,0.0,4.0119
16,Rest,363.5,0.0,4.0119
16,Rest,363.59999999999127,0.0,4.0119
16,Rest,363.6999999999971,0.0,4.0119
16,Rest,363.8000000000029,0.0,4.012
16,Rest,363.8999999999942,0.0,4.012
16,Rest,364.0,0.0,4.012
16,Rest,364.09999999999127,0.0,4.0121
16,Rest,364.1999999999971,0.0,4.0121
16,Rest,364.3000000000029,0.0,4.0121
16,Rest,364.3999999999942,0.0,4.0121
16,Rest,364.5,0.0,4.0121
16,Rest,364.59999999999127,0.0,4.0121
16,Rest,364.6999999999971,0.0,4.0121
16,Rest,364.8000000000029,0.0,4.0122
16,Rest,364.8999999999942,0.0,4.0122
16,Rest,365.0,0.0,4.0122
16,Rest,365.09999999999127,0.0,4.0122
16,Rest,365.1999999999971,0.0,4.0122
16,Rest,365.3000000000029,0.0,4.0122
16,Rest,365.3999999999942,0.0,4.0122
16,Rest,365.5,0.0,4.0122
16,Rest,365.59999999999127,0.0,4.0123
16,Rest,365.6999999999971,0.0,4.0123
16,Rest,365.8000000000029,0.0,4.0123
16,Rest,365.8999999999942,0.0,4.0123
16,Rest,366.0,0.0,4.0123
16,Rest,366.09999999999127,0.0,4.0123
16,Rest,366.1999999999971,0.0,4.0123
16,Rest,366.3000000000029,0.0,4.0124
16,Rest,366.3999999999942,0.0,4.0124
16,Rest,366.5,0.0,4.0124
16,Rest,366.59999999999127,0.0,4.0124
16,Rest,366.6999999999971,0.0,4.0124
16,Rest,366.8000000000029,0.0,4.0124
16,Rest,366.8999999999942,0.0,4.0125
16,Rest,367.0,0.0,4.0125
16,Rest,367.09999999999127,0.0,4.0125
16,Rest,367.1999999999971,0.0,4.0125
16,Rest,367.3000000000029,0.0,4.0125
16,Rest,367.3999999999942,0.0,4.0125
16,Rest,367.5,0.0,4.0125
16,Rest,367.59999999999127,0.0,4.0125
16,Rest,367.6999999999971,0.0,4.0126
16,Rest,367.8000000000029,0.0,4.0126
16,Rest,367.8999999999942,0.0,4.0126
16,Rest,368.0,0.0,4.0126
16,Rest,368.09999999999127,0.0,4.0126
16,Rest,368.1999999999971,0.0,4.0126
16,Rest,368.3000000000029,0.0,4.0127
16,Rest,368.3999999999942,0.0,4.0127
16,Rest,368.5,0.0,4.0127
16,Rest,368.59999999999127,0.0,4.0127
16,Rest,368.6999999999971,0.0,4.0128
16,Rest,368.8000000000029,0.0,4.0127
16,Rest,368.8999999999942,0.0,4.0127
16,Rest,369.0,0.0,4.0128
16,Rest,369.09999999999127,0.0,4.0128
16,Rest,369.1999999999971,0.0,4.0128
16,Rest,369.3000000000029,0.0,4.0128
16,Rest,369.3999999999942,0.0,4.0129
16,Rest,369.5,0.0,4.0129
16,Rest,369.59999999999127,0.0,4.0129
16,Rest,369.6999999999971,0.0,4.0129
16,Rest,369.8000000000029,0.0,4.0129
16,Rest,369.8999999999942,0.0,4.0129
16,Rest,370.0,0.0,4.0129
16,Rest,370.09999999999127,0.0,4.0129
16,Rest,370.1999999999971,0.0,4.0129
16,Rest,370.3000000000029,0.0,4.013
16,Rest,370.3999999999942,0.0,4.013
16,Rest,370.5,0.0,4.013
16,Rest,370.59999999999127,0.0,4.013
16,Rest,370.6999999999971,0.0,4.013
16,Rest,370.8000000000029,0.0,4.013
16,Rest,370.8999999999942,0.0,4.013
16,Rest,371.0,0.0,4.0131
16,Rest,371.09999999999127,0.0,4.013
16,Rest,371.1999999999971,0.0,4.013
16,Rest,371.3000000000029,0.0,4.0131
16,Rest,371.3999999999942,0.0,4.0131
16,Rest,371.5,0.0,4.0131
16,Rest,371.59999999999127,0.0,4.0131
16,Rest,371.6999999999971,0.0,4.0131
16,Rest,371.8000000000029,0.0,4.0131
16,Rest,371.8999999999942,0.0,4.0131
16,Rest,372.0,0.0,4.0131
16,Rest,372.09999999999127,0.0,4.0132
16,Rest,372.1999999999971,0.0,4.0132
16,Rest,372.3000000000029,0.0,4.0132
16,Rest,372.3999999999942,0.0,4.0132
16,Rest,372.5,0.0,4.0132
16,Rest,372.59999999999127,0.0,4.0132
16,Rest,372.6999999999971,0.0,4.0133
16,Rest,372.8000000000029,0.0,4.0133
16,Rest,372.8999999999942,0.0,4.0133
16,Rest,373.0,0.0,4.0133
16,Rest,373.09999999999127,0.0,4.0133
16,Rest,373.1999999999971,0.0,4.0133
16,Rest,373.3000000000029,0.0,4.0133
16,Rest,373.3999999999942,0.0,4.0134
16,Rest,373.5,0.0,4.0133
16,Rest,373.59999999999127,0.0,4.0134
16,Rest,373.6999999999971,0.0,4.0133
16,Rest,373.8000000000029,0.0,4.0134
16,Rest,373.8999999999942,0.0,4.0134
16,Rest,374.0,0.0,4.0134
16,Rest,374.09999999999127,0.0,4.0134
16,Rest,374.1999999999971,0.0,4.0134
16,Rest,374.3000000000029,0.0,4.0134
16,Rest,374.3999999999942,0.0,4.0135
16,Rest,374.5,0.0,4.0135
16,Rest,374.59999999999127,0.0,4.0135
16,Rest,374.6999999999971,0.0,4.0135
16,Rest,374.8000000000029,0.0,4.0135
16,Rest,374.8999999999942,0.0,4.0135
16,Rest,375.0,0.0,4.0135
16,Rest,375.09999999999127,0.0,4.0135
16,Rest,375.1999999999971,0.0,4.0135
16,Rest,375.3000000000029,0.0,4.0136
16,Rest,375.3999999999942,0.0,4.0136
16,Rest,375.5,0.0,4.0136
16,Rest,375.59999999999127,0.0,4.0136
16,Rest,375.6999999999971,0.0,4.0136
16,Rest,375.8000000000029,0.0,4.0136
16,Rest,375.8999999999942,0.0,4.0137
16,Rest,376.0,0.0,4.0136
16,Rest,376.09999999999127,0.0,4.0137
16,Rest,376.1999999999971,0.0,4.0137
16,Rest,376.3000000000029,0.0,4.0137
16,Rest,376.3999999999942,0.0,4.0137
16,Rest,376.5,0.0,4.0136
16,Rest,376.59999999999127,0.0,4.0137
16,Rest,376.6999999999971,0.0,4.0137
16,Rest,376.8000000000029,0.0,4.0138
16,Rest,376.8999999999942,0.0,4.0138
16,Rest,377.0,0.0,4.0138
16,Rest,377.09999999999127,0.0,4.0138
16,Rest,377.1999999999971,0.0,4.0138
16,Rest,377.3000000000029,0.0,4.0138
16,Rest,377.3999999999942,0.0,4.0139
16,Rest,377.5,0.0,4.0139
16,Rest,377.59999999999127,0.0,4.0139
16,Rest,377.6999999999971,0.0,4.0139
16,Rest,377.8000000000029,0.0,4.0139
16,Rest,377.8999999999942,0.0,4.0139
16,Rest,378.0,0.0,4.0139
16,Rest,378.09999999999127,0.0,4.0139
16,Rest,378.1999999999971,0.0,4.0139
16,Rest,378.3000000000029,0.0,4.0139
16,Rest,378.3999999999942,0.0,4.0139
16,Rest,378.5,0.0,4.0139
16,Rest,378.59999999999127,0.0,4.014
16,Rest,378.6999999999971,0.0,4.014
16,Rest,378.8000000000029,0.0,4.014
16,Rest,378.8999999999942,0.0,4.014
16,Rest,379.0,0.0,4.014
16,Rest,379.09999999999127,0.0,4.014
16,Rest,379.1999999999971,0.0,4.014
16,Rest,379.3000000000029,0.0,4.0141
16,Rest,379.3999999999942,0.0,4.014
16,Rest,379.5,0.0,4.014
16,Rest,379.59999999999127,0.0,4.0141
16,Rest,379.6999999999971,0.0,4.0141
16,Rest,379.8000000000029,0.0,4.0141
16,Rest,379.8999999999942,0.0,4.0141
16,Rest,380.0,0.0,4.0142
16,Rest,380.09999999999127,0.0,4.0142
16,Rest,380.1999999999971,0.0,4.0142
16,Rest,380.3000000000029,0.0,4.0141
16,Rest,380.3999999999942,0.0,4.0141
16,Rest,380.5,0.0,4.0142
16,Rest,380.59999999999127,0.0,4.0142
16,Rest,380.6999999999971,0.0,4.0142
16,Rest,380.8000000000029,0.0,4.0142
16,Rest,380.8999999999942,0.0,4.0142
16,Rest,381.0,0.0,4.0142
16,Rest,381.09999999999127,0.0,4.0142
16,Rest,381.1999999999971,0.0,4.0142
16,Rest,381.3000000000029,0.0,4.0143
16,Rest,381.3999999999942,0.0,4.0143
16,Rest,381.5,0.0,4.0143
16,Rest,381.59999999999127,0.0,4.0143
16,Rest,381.6999999999971,0.0,4.0143
16,Rest,381.8000000000029,0.0,4.0143
16,Rest,381.8999999999942,0.0,4.0143
16,Rest,382.0,0.0,4.0143
16,Rest,382.09999999999127,0.0,4.0144
16,Rest,382.1999999999971,0.0,4.0144
16,Rest,382.3000000000029,0.0,4.0144
16,Rest,382.3999999999942,0.0,4.0144
16,Rest,382.5,0.0,4.0144
16,Rest,382.59999999999127,0.0,4.0144
16,Rest,382.6999999999971,0.0,4.0144
16,Rest,382.8000000000029,0.0,4.0144
16,Rest,382.8999999999942,0.0,4.0144
16,Rest,383.0,0.0,4.0144
16,Rest,383.09999999999127,0.0,4.0145
16,Rest,383.1999999999971,0.0,4.0145
16,Rest,383.3000000000029,0.0,4.0145
16,Rest,383.3999999999942,0.0,4.0145
16,Rest,383.5,0.0,4.0145
16,Rest,383.59999999999127,0.0,4.0145
16,Rest,383.6999999999971,0.0,4.0145
16,Rest,383.8000000000029,0.0,4.0145
16,Rest,383.8999999999942,0.0,4.0145
16,Rest,384.0,0.0,4.0146
16,Rest,384.09999999999127,0.0,4.0145
16,Rest,384.1999999999971,0.0,4.0146
16,Rest,384.3000000000029,0.0,4.0146
16,Rest,384.3999999999942,0.0,4.0146
16,Rest,384.5,0.0,4.0146
16,Rest,384.59999999999127,0.0,4.0146
16,Rest,384.6999999999971,0.0,4.0146
16,Rest,384.8000000000029,0.0,4.0146
16,Rest,384.8999999999942,0.0,4.0146
16,Rest,385.0,0.0,4.0146
16,Rest,385.09999999999127,0.0,4.0146
16,Rest,385.1999999999971,0.0,4.0146
16,Rest,385.3000000000029,0.0,4.0147
16,Rest,385.3999999999942,0.0,4.0147
16,Rest,385.5,0.0,4.0147
16,Rest,385.59999999999127,0.0,4.0147
16,Rest,385.6999999999971,0.0,4.0147
16,Rest,385.8000000000029,0.0,4.0147
16,Rest,385.8999999999942,0.0,4.0147
16,Rest,386.0,0.0,4.0147
16,Rest,386.09999999999127,0.0,4.0148
16,Rest,386.1999999999971,0.0,4.0147
16,Rest,386.3000000000029,0.0,4.0147
16,Rest,386.3999999999942,0.0,4.0148
16,Rest,386.5,0.0,4.0148
16,Rest,386.59999999999127,0.0,4.0149
16,Rest,386.6999999999971,0.0,4.0148
16,Rest,386.8000000000029,0.0,4.0148
16,Rest,386.8999999999942,0.0,4.0148
16,Rest,387.0,0.0,4.0148
16,Rest,387.09999999999127,0.0,4.0149
16,Rest,387.1999999999971,0.0,4.0149
16,Rest,387.3000000000029,0.0,4.0149
16,Rest,387.3999999999942,0.0,4.0149
16,Rest,387.5,0.0,4.0149
16,Rest,387.59999999999127,0.0,4.0149
16,Rest,387.6999999999971,0.0,4.0149
16,Rest,387.8000000000029,0.0,4.0149
16,Rest,387.8999999999942,0.0,4.0149
16,Rest,388.0,0.0,4.0149
16,Rest,388.09999999999127,0.0,4.015
16,Rest,388.1999999999971,0.0,4.0149
16,Rest,388.3000000000029,0.0,4.015
16,Rest,388.3999999999942,0.0,4.015
16,Rest,388.5,0.0,4.015
16,Rest,388.59999999999127,0.0,4.015
16,Rest,388.6999999999971,0.0,4.015
16,Rest,388.8000000000029,0.0,4.015
16,Rest,388.8999999999942,0.0,4.015
16,Rest,389.0,0.0,4.015
16,Rest,389.09999999999127,0.0,4.015
16,Rest,389.1999999999971,0.0,4.015
16,Rest,389.3000000000029,0.0,4.0151
16,Rest,389.3999999999942,0.0,4.0151
16,Rest,389.5,0.0,4.0151
16,Rest,389.59999999999127,0.0,4.0151
16,Rest,389.6999999999971,0.0,4.0151
16,Rest,389.8000000000029,0.0,4.0151
16,Rest,389.8999999999942,0.0,4.0151
16,Rest,390.0,0.0,4.0151
16,Rest,390.09999999999127,0.0,4.0151
16,Rest,390.1999999999971,0.0,4.0151
16,Rest,390.3000000000029,0.0,4.0152
16,Rest,390.3999999999942,0.0,4.0151
16,Rest,390.5,0.0,4.0151
16,Rest,390.59999999999127,0.0,4.0151
16,Rest,390.6999999999971,0.0,4.0152
16,Rest,390.8000000000029,0.0,4.0152
16,Rest,390.8999999999942,0.0,4.0152
16,Rest,391.0,0.0,4.0152
16,Rest,391.09999999999127,0.0,4.0152
16,Rest,391.1999999999971,0.0,4.0152
16,Rest,391.3000000000029,0.0,4.0152
16,Rest,391.3999999999942,0.0,4.0152
16,Rest,391.5,0.0,4.0153
16,Rest,391.59999999999127,0.0,4.0153
16,Rest,391.6999999999971,0.0,4.0153
16,Rest,391.8000000000029,0.0,4.0153
16,Rest,391.8999999999942,0.0,4.0153
16,Rest,392.0,0.0,4.0153
16,Rest,392.09999999999127,0.0,4.0153
16,Rest,392.1999999999971,0.0,4.0153
16,Rest,392.3000000000029,0.0,4.0153
16,Rest,392.3999999999942,0.0,4.0153
16,Rest,392.5,0.0,4.0154
16,Rest,392.59999999999127,0.0,4.0154
16,Rest,392.6999999999971,0.0,4.0153
16,Rest,392.8000000000029,0.0,4.0153
16,Rest,392.8999999999942,0.0,4.0154
16,Rest,393.0,0.0,4.0154
16,Rest,393.09999999999127,0.0,4.0154
16,Rest,393.1999999999971,0.0,4.0154
16,Rest,393.3000000000029,0.0,4.0154
16,Rest,393.3999999999942,0.0,4.0154
16,Rest,393.5,0.0,4.0154
16,Rest,393.59999999999127,0.0,4.0154
16,Rest,393.6999999999971,0.0,4.0155
16,Rest,393.8000000000029,0.0,4.0155
16,Rest,393.8999999999942,0.0,4.0155
16,Rest,394.0,0.0,4.0155
16,Rest,394.09999999999127,0.0,4.0154
16,Rest,394.1999999999971,0.0,4.0154
16,Rest,394.3000000000029,0.0,4.0155
16,Rest,394.3999999999942,0.0,4.0155
16,Rest,394.5,0.0,4.0155
16,Rest,394.59999999999127,0.0,4.0155
16,Rest,394.6999999999971,0.0,4.0155
16,Rest,394.8000000000029,0.0,4.0155
16,Rest,394.8999999999942,0.0,4.0155
16,Rest,395.0,0.0,4.0155
16,Rest,395.09999999999127,0.0,4.0155
16,Rest,395.1999999999971,0.0,4.0156
16,Rest,395.3000000000029,0.0,4.0156
16,Rest,395.3999999999942,0.0,4.0155
16,Rest,395.5,0.0,4.0156
16,Rest,395.59999999999127,0.0,4.0156
16,Rest,395.6999999999971,0.0,4.0156
16,Rest,395.8000000000029,0.0,4.0156
16,Rest,395.8999999999942,0.0,4.0157
16,Rest,396.0,0.0,4.0157
16,Rest,396.09999999999127,0.0,4.0156
16,Rest,396.1999999999971,0.0,4.0157
16,Rest,396.3000000000029,0.0,4.0157
16,Rest,396.3999999999942,0.0,4.0156
16,Rest,396.5,0.0,4.0156
16,Rest,396.59999999999127,0.0,4.0156
16,Rest,396.6999999999971,0.0,4.0157
16,Rest,396.8000000000029,0.0,4.0157
16,Rest,396.8999999999942,0.0,4.0157
16,Rest,397.0,0.0,4.0157
16,Rest,397.09999999999127,0.0,4.0157
16,Rest,397.1999999999971,0.0,4.0157
16,Rest,397.3000000000029,0.0,4.0158
16,Rest,397.3999999999942,0.0,4.0158
16,Rest,397.5,0.0,4.0158
16,Rest,397.59999999999127,0.0,4.0158
16,Rest,397.6999999999971,0.0,4.0158
16,Rest,397.8000000000029,0.0,4.0158
16,Rest,397.8999999999942,0.0,4.0158
16,Rest,398.0,0.0,4.0158
16,Rest,398.09999999999127,0.0,4.0158
16,Rest,398.1999999999971,0.0,4.0158
16,Rest,398.3000000000029,0.0,4.0158
16,Rest,398.3999999999942,0.0,4.0159
16,Rest,398.5,0.0,4.0159
16,Rest,398.59999999999127,0.0,4.0159
16,Rest,398.6999999999971,0.0,4.0159
16,Rest,398.8000000000029,0.0,4.0159
16,Rest,398.8999999999942,0.0,4.0159
16,Rest,399.0,0.0,4.0159
16,Rest,399.09999999999127,0.0,4.0159
16,Rest,399.1999999999971,0.0,4.0159
16,Rest,399.3000000000029,0.0,4.0159
16,Rest,399.3999999999942,0.0,4.0159
16,Rest,399.5,0.0,4.016
16,Rest,399.59999999999127,0.0,4.016
16,Rest,399.6999999999971,0.0,4.016
16,Rest,399.8000000000029,0.0,4.0159
16,Rest,399.8999999999942,0.0,4.016
16,Rest,400.0,0.0,4.016
16,Rest,400.09999999999127,0.0,4.016
16,Rest,400.1999999999971,0.0,4.016
16,Rest,400.3000000000029,0.0,4.0159
16,Rest,400.3999999999942,0.0,4.016
16,Rest,400.5,0.0,4.016
16,Rest,400.59999999999127,0.0,4.016
16,Rest,400.6999999999971,0.0,4.016
16,Rest,400.8000000000029,0.0,4.016
16,Rest,400.8999999999942,0.0,4.0161
16,Rest,401.0,0.0,4.0161
16,Rest,401.09999999999127,0.0,4.0161
16,Rest,401.1999999999971,0.0,4.016
16,Rest,401.3000000000029,0.0,4.016
16,Rest,401.3999999999942,0.0,4.016
16,Rest,401.5,0.0,4.0161
16,Rest,401.59999999999127,0.0,4.0161
16,Rest,401.6999999999971,0.0,4.0161
16,Rest,401.8000000000029,0.0,4.0161
16,Rest,401.8999999999942,0.0,4.0161
16,Rest,402.0,0.0,4.0161
16,Rest,402.09999999999127,0.0,4.0161
16,Rest,402.1999999999971,0.0,4.0161
16,Rest,402.3000000000029,0.0,4.0161
16,Rest,402.3999999999942,0.0,4.0161
16,Rest,402.5,0.0,4.0161
16,Rest,402.59999999999127,0.0,4.0161
16,Rest,402.6999999999971,0.0,4.0161
16,Rest,402.8000000000029,0.0,4.0161
16,Rest,402.8999999999942,0.0,4.0162
16,Rest,403.0,0.0,4.0162
16,Rest,403.09999999999127,0.0,4.0162
16,Rest,403.1999999999971,0.0,4.0162
16,Rest,403.3000000000029,0.0,4.0162
16,Rest,403.3999999999942,0.0,4.0162
16,Rest,403.5,0.0,4.0162
16,Rest,403.59999999999127,0.0,4.0162
16,Rest,403.6999999999971,0.0,4.0162
16,Rest,403.8000000000029,0.0,4.0162
16,Rest,403.8999999999942,0.0,4.0162
16,Rest,404.0,0.0,4.0162
16,Rest,404.09999999999127,0.0,4.0162
16,Rest,404.1999999999971,0.0,4.0162
16,Rest,404.3000000000029,0.0,4.0162
16,Rest,404.3999999999942,0.0,4.0162
16,Rest,404.5,0.0,4.0163
16,Rest,404.59999999999127,0.0,4.0162
16,Rest,404.6999999999971,0.0,4.0162
16,Rest,404.8000000000029,0.0,4.0163
16,Rest,404.8999999999942,0.0,4.0162
16,Rest,405.0,0.0,4.0163
16,Rest,405.09999999999127,0.0,4.0163
16,Rest,405.1999999999971,0.0,4.0163
16,Rest,405.3000000000029,0.0,4.0163
16,Rest,405.3999999999942,0.0,4.0163
16,Rest,405.5,0.0,4.0163
16,Rest,405.59999999999127,0.0,4.0163
16,Rest,405.6999999999971,0.0,4.0163
16,Rest,405.8000000000029,0.0,4.0163
16,Rest,405.8999999999942,0.0,4.0163
16,Rest,406.0,0.0,4.0163
16,Rest,406.09999999999127,0.0,4.0163
16,Rest,406.1999999999971,0.0,4.0163
16,Rest,406.3000000000029,0.0,4.0164
16,Rest,406.3999999999942,0.0,4.0163
16,Rest,406.5,0.0,4.0164
16,Rest,406.59999999999127,0.0,4.0164
16,Rest,406.6999999999971,0.0,4.0164
16,Rest,406.8000000000029,0.0,4.0164
16,Rest,406.8999999999942,0.0,4.0164
16,Rest,407.0,0.0,4.0164
16,Rest,407.09999999999127,0.0,4.0164
16,Rest,407.1999999999971,0.0,4.0164
16,Rest,407.3000000000029,0.0,4.0164
16,Rest,407.3999999999942,0.0,4.0164
16,Rest,407.5,0.0,4.0164
16,Rest,407.59999999999127,0.0,4.0165
16,Rest,407.6999999999971,0.0,4.0165
16,Rest,407.8000000000029,0.0,4.0165
16,Rest,407.8999999999942,0.0,4.0165
16,Rest,408.0,0.0,4.0165
16,Rest,408.09999999999127,0.0,4.0165
16,Rest,408.1999999999971,0.0,4.0165
16,Rest,408.3000000000029,0.0,4.0165
16,Rest,408.3999999999942,0.0,4.0165
16,Rest,408.5,0.0,4.0165
16,Rest,408.59999999999127,0.0,4.0165
16,Rest,408.6999999999971,0.0,4.0166
16,Rest,408.8000000000029,0.0,4.0165
16,Rest,408.8999999999942,0.0,4.0166
16,Rest,409.0,0.0,4.0166
16,Rest,409.09999999999127,0.0,4.0165
16,Rest,409.1999999999971,0.0,4.0166
16,Rest,409.3000000000029,0.0,4.0166
16,Rest,409.3999999999942,0.0,4.0166
16,Rest,409.5,0.0,4.0166
16,Rest,409.59999999999127,0.0,4.0166
16,Rest,409.6999999999971,0.0,4.0166
16,Rest,409.8000000000029,0.0,4.0166
16,Rest,409.8999999999942,0.0,4.0166
16,Rest,410.0,0.0,4.0166
16,Rest,410.09999999999127,0.0,4.0166
16,Rest,410.1999999999971,0.0,4.0166
16,Rest,410.3000000000029,0.0,4.0167
16,Rest,410.3999999999942,0.0,4.0167
16,Rest,410.5,0.0,4.0166
16,Rest,410.59999999999127,0.0,4.0166
16,Rest,410.6999999999971,0.0,4.0167
16,Rest,410.8000000000029,0.0,4.0167
16,Rest,410.8999999999942,0.0,4.0167
16,Rest,411.0,0.0,4.0167
16,Rest,411.09999999999127,0.0,4.0167
16,Rest,411.1999999999971,0.0,4.0167
16,Rest,411.3000000000029,0.0,4.0167
16,Rest,411.3999999999942,0.0,4.0167
16,Rest,411.5,0.0,4.0167
16,Rest,411.59999999999127,0.0,4.0168
16,Rest,411.6999999999971,0.0,4.0168
16,Rest,411.8000000000029,0.0,4.0167
16,Rest,411.8999999999942,0.0,4.0167
16,Rest,412.0,0.0,4.0168
16,Rest,412.09999999999127,0.0,4.0168
16,Rest,412.1999999999971,0.0,4.0168
16,Rest,412.3000000000029,0.0,4.0167
16,Rest,412.3999999999942,0.0,4.0168
16,Rest,412.5,0.0,4.0168
16,Rest,412.59999999999127,0.0,4.0168
16,Rest,412.6999999999971,0.0,4.0167
16,Rest,412.8000000000029,0.0,4.0168
16,Rest,412.8999999999942,0.0,4.0168
16,Rest,413.0,0.0,4.0168
16,Rest,413.09999999999127,0.0,4.0168
16,Rest,413.1999999999971,0.0,4.0168
16,Rest,413.3000000000029,0.0,4.0168
16,Rest,413.3999999999942,0.0,4.0168
16,Rest,413.5,0.0,4.0168
16,Rest,413.59999999999127,0.0,4.0169
16,Rest,413.6999999999971,0.0,4.0169
16,Rest,413.8000000000029,0.0,4.0169
16,Rest,413.8999999999942,0.0,4.0168
16,Rest,414.0,0.0,4.0168
16,Rest,414.09999999999127,0.0,4.0169
16,Rest,414.1999999999971,0.0,4.0169
16,Rest,414.3000000000029,0.0,4.0169
16,Rest,414.3999999999942,0.0,4.0169
16,Rest,414.5,0.0,4.0169
16,Rest,414.59999999999127,0.0,4.0169
16,Rest,414.6999999999971,0.0,4.0169
16,Rest,414.8000000000029,0.0,4.0169
16,Rest,414.8999999999942,0.0,4.0169
16,Rest,415.0,0.0,4.0169
16,Rest,415.09999999999127,0.0,4.0169
16,Rest,415.1999999999971,0.0,4.0169
16,Rest,415.3000000000029,0.0,4.0169
16,Rest,415.3999999999942,0.0,4.0169
16,Rest,415.5,0.0,4.0169
16,Rest,415.59999999999127,0.0,4.0169
16,Rest,415.6999999999971,0.0,4.0169
16,Rest,415.8000000000029,0.0,4.0169
16,Rest,415.8999999999942,0.0,4.017
16,Rest,416.0,0.0,4.0169
16,Rest,416.09999999999127,0.0,4.017
16,Rest,416.1999999999971,0.0,4.017
16,Rest,416.3000000000029,0.0,4.0169
16,Rest,416.3999999999942,0.0,4.017
16,Rest,416.5,0.0,4.0169
16,Rest,416.59999999999127,0.0,4.017
16,Rest,416.6999999999971,0.0,4.017
16,Rest,416.8000000000029,0.0,4.017
16,Rest,416.8999999999942,0.0,4.017
16,Rest,417.0,0.0,4.017
16,Rest,417.09999999999127,0.0,4.017
16,Rest,417.1999999999971,0.0,4.017
16,Rest,417.3000000000029,0.0,4.017
16,Rest,417.3999999999942,0.0,4.017
16,Rest,417.5,0.0,4.017
16,Rest,417.59999999999127,0.0,4.0171
16,Rest,417.6999999999971,0.0,4.0171
16,Rest,417.8000000000029,0.0,4.0171
16,Rest,417.8999999999942,0.0,4.0171
16,Rest,418.0,0.0,4.0171
16,Rest,418.09999999999127,0.0,4.0171
16,Rest,418.1999999999971,0.0,4.0171
16,Rest,418.3000000000029,0.0,4.0171
16,Rest,418.3999999999942,0.0,4.0171
16,Rest,418.5,0.0,4.0171
16,Rest,418.59999999999127,0.0,4.0171
16,Rest,418.6999999999971,0.0,4.0171
16,Rest,418.8000000000029,0.0,4.0171
16,Rest,418.8999999999942,0.0,4.0171
16,Rest,419.0,0.0,4.0171
16,Rest,419.09999999999127,0.0,4.0171
16,Rest,419.1999999999971,0.0,4.0171
16,Rest,419.3000000000029,0.0,4.0171
16,Rest,419.3999999999942,0.0,4.0172
16,Rest,419.5,0.0,4.0172
16,Rest,419.59999999999127,0.0,4.0172
16,Rest,419.6999999999971,0.0,4.0172
16,Rest,419.8000000000029,0.0,4.0172
16,Rest,419.8999999999942,0.0,4.0172
16,Rest,420.0,0.0,4.0172
16,Rest,420.09999999999127,0.0,4.0172
16,Rest,420.1999999999971,0.0,4.0172
16,Rest,420.3000000000029,0.0,4.0172
16,Rest,420.3999999999942,0.0,4.0173
16,Rest,420.5,0.0,4.0173
16,Rest,420.59999999999127,0.0,4.0173
16,Rest,420.6999999999971,0.0,4.0172
16,Rest,420.8000000000029,0.0,4.0172
16,Rest,420.8999999999942,0.0,4.0172
16,Rest,421.0,0.0,4.0173
16,Rest,421.09999999999127,0.0,4.0173
16,Rest,421.1999999999971,0.0,4.0173
16,Rest,421.3000000000029,0.0,4.0172
16,Rest,421.3999999999942,0.0,4.0173
16,Rest,421.5,0.0,4.0173
16,Rest,421.59999999999127,0.0,4.0173
16,Rest,421.6999999999971,0.0,4.0173
16,Rest,421.8000000000029,0.0,4.0173
16,Rest,421.8999999999942,0.0,4.0173
16,Rest,422.0,0.0,4.0173
16,Rest,422.09999999999127,0.0,4.0173
16,Rest,422.1999999999971,0.0,4.0173
16,Rest,422.3000000000029,0.0,4.0173
16,Rest,422.3999999999942,0.0,4.0173
16,Rest,422.5,0.0,4.0173
16,Rest,422.59999999999127,0.0,4.0173
16,Rest,422.6999999999971,0.0,4.0173
16,Rest,422.8000000000029,0.0,4.0174
16,Rest,422.8999999999942,0.0,4.0174
16,Rest,423.0,0.0,4.0173
16,Rest,423.09999999999127,0.0,4.0173
16,Rest,423.1999999999971,0.0,4.0174
16,Rest,423.3000000000029,0.0,4.0174
16,Rest,423.3999999999942,0.0,4.0174
16,Rest,423.5,0.0,4.0173
16,Rest,423.59999999999127,0.0,4.0173
16,Rest,423.6999999999971,0.0,4.0173
16,Rest,423.8000000000029,0.0,4.0174
16,Rest,423.8999999999942,0.0,4.0173
16,Rest,424.0,0.0,4.0173
16,Rest,424.09999999999127,0.0,4.0174
16,Rest,424.1999999999971,0.0,4.0174
16,Rest,424.3000000000029,0.0,4.0174
16,Rest,424.3999999999942,0.0,4.0174
16,Rest,424.5,0.0,4.0174
16,Rest,424.59999999999127,0.0,4.0174
16,Rest,424.6999999999971,0.0,4.0174
16,Rest,424.8000000000029,0.0,4.0174
16,Rest,424.8999999999942,0.0,4.0174
16,Rest,425.0,0.0,4.0174
16,Rest,425.09999999999127,0.0,4.0175
16,Rest,425.1999999999971,0.0,4.0175
16,Rest,425.3000000000029,0.0,4.0175
16,Rest,425.3999999999942,0.0,4.0175
16,Rest,425.5,0.0,4.0175
16,Rest,425.59999999999127,0.0,4.0175
16,Rest,425.6999999999971,0.0,4.0175
16,Rest,425.8000000000029,0.0,4.0175
16,Rest,425.8999999999942,0.0,4.0175
16,Rest,426.0,0.0,4.0175
16,Rest,426.09999999999127,0.0,4.0175
16,Rest,426.1999999999971,0.0,4.0175
16,Rest,426.3000000000029,0.0,4.0175
16,Rest,426.3999999999942,0.0,4.0175
16,Rest,426.5,0.0,4.0176
16,Rest,426.59999999999127,0.0,4.0176
16,Rest,426.6999999999971,0.0,4.0176
16,Rest,426.8000000000029,0.0,4.0175
16,Rest,426.8999999999942,0.0,4.0175
16,Rest,427.0,0.0,4.0175
16,Rest,427.09999999999127,0.0,4.0175
16,Rest,427.1999999999971,0.0,4.0175
16,Rest,427.3000000000029,0.0,4.0176
16,Rest,427.3999999999942,0.0,4.0176
16,Rest,427.5,0.0,4.0176
16,Rest,427.59999999999127,0.0,4.0175
16,Rest,427.6999999999971,0.0,4.0176
16,Rest,427.8000000000029,0.0,4.0176
16,Rest,427.8999999999942,0.0,4.0176
16,Rest,428.0,0.0,4.0176
16,Rest,428.09999999999127,0.0,4.0176
16,Rest,428.1999999999971,0.0,4.0176
16,Rest,428.3000000000029,0.0,4.0176
16,Rest,428.3999999999942,0.0,4.0176
16,Rest,428.5,0.0,4.0176
16,Rest,428.59999999999127,0.0,4.0176
16,Rest,428.6999999999971,0.0,4.0176
16,Rest,428.8000000000029,0.0,4.0177
16,Rest,428.8999999999942,0.0,4.0176
16,Rest,429.0,0.0,4.0176
16,Rest,429.09999999999127,0.0,4.0176
16,Rest,429.1999999999971,0.0,4.0176
16,Rest,429.3000000000029,0.0,4.0176
16,Rest,429.3999999999942,0.0,4.0176
16,Rest,429.5,0.0,4.0176
16,Rest,429.59999999999127,0.0,4.0177
16,Rest,429.6999999999971,0.0,4.0177
16,Rest,429.8000000000029,0.0,4.0177
16,Rest,429.8999999999942,0.0,4.0177
16,Rest,430.0,0.0,4.0177
16,Rest,430.09999999999127,0.0,4.0176
16,Rest,430.1999999999971,0.0,4.0177
16,Rest,430.3000000000029,0.0,4.0177
16,Rest,430.3999999999942,0.0,4.0177
16,Rest,430.5,0.0,4.0177
16,Rest,430.59999999999127,0.0,4.0177
16,Rest,430.6999999999971,0.0,4.0177
16,Rest,430.8000000000029,0.0,4.0177
16,Rest,430.8999999999942,0.0,4.0177
16,Rest,431.0,0.0,4.0177
16,Rest,431.09999999999127,0.0,4.0177
16,Rest,431.1999999999971,0.0,4.0177
16,Rest,431.3000000000029,0.0,4.0177
16,Rest,431.3999999999942,0.0,4.0177
16,Rest,431.5,0.0,4.0177
16,Rest,431.59999999999127,0.0,4.0177
16,Rest,431.6999999999971,0.0,4.0178
16,Rest,431.8000000000029,0.0,4.0178
16,Rest,431.8999999999942,0.0,4.0177
16,Rest,432.0,0.0,4.0178
16,Rest,432.09999999999127,0.0,4.0178
16,Rest,432.1999999999971,0.0,4.0178
16,Rest,432.3000000000029,0.0,4.0178
16,Rest,432.3999999999942,0.0,4.0178
16,Rest,432.5,0.0,4.0178
16,Rest,432.59999999999127,0.0,4.0178
16,Rest,432.6999999999971,0.0,4.0178
16,Rest,432.8000000000029,0.0,4.0178
16,Rest,432.8999999999942,0.0,4.0178
16,Rest,433.0,0.0,4.0178
16,Rest,433.09999999999127,0.0,4.0178
16,Rest,433.1999999999971,0.0,4.0178
16,Rest,433.3000000000029,0.0,4.0178
16,Rest,433.3999999999942,0.0,4.0178
16,Rest,433.5,0.0,4.0178
16,Rest,433.59999999999127,0.0,4.0178
16,Rest,433.6999999999971,0.0,4.0179
16,Rest,433.8000000000029,0.0,4.0178
16,Rest,433.8999999999942,0.0,4.0178
16,Rest,434.0,0.0,4.0179
16,Rest,434.09999999999127,0.0,4.0178
16,Rest,434.1999999999971,0.0,4.0178
16,Rest,434.3000000000029,0.0,4.0178
16,Rest,434.3999999999942,0.0,4.0178
16,Rest,434.5,0.0,4.0179
16,Rest,434.59999999999127,0.0,4.0179
16,Rest,434.6999999999971,0.0,4.0178
16,Rest,434.8000000000029,0.0,4.0179
16,Rest,434.8999999999942,0.0,4.0179
16,Rest,435.0,0.0,4.0179
16,Rest,435.09999999999127,0.0,4.0179
16,Rest,435.1999999999971,0.0,4.0179
16,Rest,435.3000000000029,0.0,4.0179
16,Rest,435.3999999999942,0.0,4.0179
16,Rest,435.5,0.0,4.0179
16,Rest,435.59999999999127,0.0,4.0179
16,Rest,435.6999999999971,0.0,4.0179
16,Rest,435.8000000000029,0.0,4.0179
16,Rest,435.8999999999942,0.0,4.0179
16,Rest,436.0,0.0,4.0179
16,Rest,436.09999999999127,0.0,4.018
16,Rest,436.1999999999971,0.0,4.0179
16,Rest,436.3000000000029,0.0,4.0179
16,Rest,436.3999999999942,0.0,4.0179
16,Rest,436.5,0.0,4.0179
16,Rest,436.59999999999127,0.0,4.0179
16,Rest,436.6999999999971,0.0,4.0179
16,Rest,436.8000000000029,0.0,4.0179
16,Rest,436.8999999999942,0.0,4.0179
16,Rest,437.0,0.0,4.0179
16,Rest,437.09999999999127,0.0,4.0179
16,Rest,437.1999999999971,0.0,4.0179
16,Rest,437.3000000000029,0.0,4.0179
16,Rest,437.3999999999942,0.0,4.018
16,Rest,437.5,0.0,4.018
16,Rest,437.59999999999127,0.0,4.018
16,Rest,437.6999999999971,0.0,4.018
16,Rest,437.8000000000029,0.0,4.018
16,Rest,437.8999999999942,0.0,4.018
16,Rest,438.0,0.0,4.018
16,Rest,438.09999999999127,0.0,4.018
16,Rest,438.1999999999971,0.0,4.018
16,Rest,438.3000000000029,0.0,4.018
16,Rest,438.3999999999942,0.0,4.018
16,Rest,438.5,0.0,4.018
16,Rest,438.59999999999127,0.0,4.018
16,Rest,438.6999999999971,0.0,4.018
16,Rest,438.8000000000029,0.0,4.018
16,Rest,438.8999999999942,0.0,4.018
16,Rest,439.0,0.0,4.018
16,Rest,439.09999999999127,0.0,4.018
16,Rest,439.1999999999971,0.0,4.018
16,Rest,439.3000000000029,0.0,4.018
16,Rest,439.3999999999942,0.0,4.0181
16,Rest,439.5,0.0,4.0181
16,Rest,439.59999999999127,0.0,4.0181
16,Rest,439.6999999999971,0.0,4.0181
16,Rest,439.8000000000029,0.0,4.0181
16,Rest,439.8999999999942,0.0,4.0181
16,Rest,440.0,0.0,4.0181
16,Rest,440.09999999999127,0.0,4.0181
16,Rest,440.1999999999971,0.0,4.0181
16,Rest,440.3000000000029,0.0,4.0181
16,Rest,440.3999999999942,0.0,4.0182
16,Rest,440.5,0.0,4.0182
16,Rest,440.59999999999127,0.0,4.0182
16,Rest,440.6999999999971,0.0,4.0181
16,Rest,440.8000000000029,0.0,4.0181
16,Rest,440.8999999999942,0.0,4.0181
16,Rest,441.0,0.0,4.0181
16,Rest,441.09999999999127,0.0,4.0181
16,Rest,441.1999999999971,0.0,4.0181
16,Rest,441.3000000000029,0.0,4.0181
16,Rest,441.3999999999942,0.0,4.0182
16,Rest,441.5,0.0,4.0182
16,Rest,441.59999999999127,0.0,4.0182
16,Rest,441.6999999999971,0.0,4.0182
16,Rest,441.8000000000029,0.0,4.0182
16,Rest,441.8999999999942,0.0,4.0182
16,Rest,442.0,0.0,4.0182
16,Rest,442.09999999999127,0.0,4.0182
16,Rest,442.1999999999971,0.0,4.0182
16,Rest,442.3000000000029,0.0,4.0182
16,Rest,442.3999999999942,0.0,4.0182
16,Rest,442.5,0.0,4.0182
16,Rest,442.59999999999127,0.0,4.0182
16,Rest,442.6999999999971,0.0,4.0182
16,Rest,442.8000000000029,0.0,4.0182
16,Rest,442.8999999999942,0.0,4.0182
16,Rest,443.0,0.0,4.0182
16,Rest,443.09999999999127,0.0,4.0182
16,Rest,443.1999999999971,0.0,4.0182
16,Rest,443.3000000000029,0.0,4.0182
16,Rest,443.3999999999942,0.0,4.0182
16,Rest,443.5,0.0,4.0182
16,Rest,443.59999999999127,0.0,4.0182
16,Rest,443.6999999999971,0.0,4.0182
16,Rest,443.8000000000029,0.0,4.0182
16,Rest,443.8999999999942,0.0,4.0182
16,Rest,444.0,0.0,4.0182
16,Rest,444.09999999999127,0.0,4.0182
16,Rest,444.1999999999971,0.0,4.0182
16,Rest,444.3000000000029,0.0,4.0182
16,Rest,444.3999999999942,0.0,4.0182
16,Rest,444.5,0.0,4.0183
16,Rest,444.59999999999127,0.0,4.0183
16,Rest,444.6999999999971,0.0,4.0183
16,Rest,444.8000000000029,0.0,4.0183
16,Rest,444.8999999999942,0.0,4.0182
16,Rest,445.0,0.0,4.0183
16,Rest,445.09999999999127,0.0,4.0183
16,Rest,445.1999999999971,0.0,4.0182
16,Rest,445.3000000000029,0.0,4.0183
16,Rest,445.3999999999942,0.0,4.0183
16,Rest,445.5,0.0,4.0183
16,Rest,445.59999999999127,0.0,4.0183
16,Rest,445.6999999999971,0.0,4.0183
16,Rest,445.8000000000029,0.0,4.0183
16,Rest,445.8999999999942,0.0,4.0183
16,Rest,446.0,0.0,4.0183
16,Rest,446.09999999999127,0.0,4.0183
16,Rest,446.1999999999971,0.0,4.0183
16,Rest,446.3000000000029,0.0,4.0183
16,Rest,446.3999999999942,0.0,4.0183
16,Rest,446.5,0.0,4.0183
16,Rest,446.59999999999127,0.0,4.0183
16,Rest,446.6999999999971,0.0,4.0183
16,Rest,446.8000000000029,0.0,4.0183
16,Rest,446.8999999999942,0.0,4.0183
16,Rest,447.0,0.0,4.0183
16,Rest,447.09999999999127,0.0,4.0183
16,Rest,447.1999999999971,0.0,4.0184
16,Rest,447.3000000000029,0.0,4.0184
16,Rest,447.3999999999942,0.0,4.0183
16,Rest,447.5,0.0,4.0183
16,Rest,447.59999999999127,0.0,4.0183
16,Rest,447.6999999999971,0.0,4.0184
16,Rest,447.8000000000029,0.0,4.0184
16,Rest,447.8999999999942,0.0,4.0184
16,Rest,448.0,0.0,4.0184
16,Rest,448.09999999999127,0.0,4.0184
16,Rest,448.1999999999971,0.0,4.0184
16,Rest,448.3000000000029,0.0,4.0184
16,Rest,448.3999999999942,0.0,4.0184
16,Rest,448.5,0.0,4.0184
16,Rest,448.59999999999127,0.0,4.0184
16,Rest,448.6999999999971,0.0,4.0184
16,Rest,448.8000000000029,0.0,4.0184
16,Rest,448.8999999999942,0.0,4.0184
16,Rest,449.0,0.0,4.0184
16,Rest,449.09999999999127,0.0,4.0184
16,Rest,449.1999999999971,0.0,4.0184
16,Rest,449.3000000000029,0.0,4.0184
16,Rest,449.3999999999942,0.0,4.0184
16,Rest,449.5,0.0,4.0184
16,Rest,449.59999999999127,0.0,4.0184
16,Rest,449.6999999999971,0.0,4.0184
16,Rest,449.8000000000029,0.0,4.0184
16,Rest,449.8999999999942,0.0,4.0184
16,Rest,450.0,0.0,4.0184
16,Rest,450.09999999999127,0.0,4.0184
16,Rest,450.1999999999971,0.0,4.0184
16,Rest,450.3000000000029,0.0,4.0184
16,Rest,450.3999999999942,0.0,4.0184
16,Rest,450.5,0.0,4.0185
16,Rest,450.59999999999127,0.0,4.0185
16,Rest,450.6999999999971,0.0,4.0185
16,Rest,450.8000000000029,0.0,4.0185
16,Rest,450.8999999999942,0.0,4.0185
16,Rest,451.0,0.0,4.0185
16,Rest,451.09999999999127,0.0,4.0185
16,Rest,451.1999999999971,0.0,4.0185
16,Rest,451.3000000000029,0.0,4.0185
16,Rest,451.3999999999942,0.0,4.0185
16,Rest,451.5,0.0,4.0185
16,Rest,451.59999999999127,0.0,4.0185
16,Rest,451.6999999999971,0.0,4.0185
16,Rest,451.8000000000029,0.0,4.0185
16,Rest,451.8999999999942,0.0,4.0185
16,Rest,452.0,0.0,4.0185
16,Rest,452.09999999999127,0.0,4.0185
16,Rest,452.1999999999971,0.0,4.0186
16,Rest,452.3000000000029,0.0,4.0186
16,Rest,452.3999999999942,0.0,4.0185
16,Rest,452.5,0.0,4.0186
16,Rest,452.59999999999127,0.0,4.0185
16,Rest,452.6999999999971,0.0,4.0186
16,Rest,452.8000000000029,0.0,4.0186
16,Rest,452.8999999999942,0.0,4.0186
16,Rest,453.0,0.0,4.0186
16,Rest,453.09999999999127,0.0,4.0186
16,Rest,453.1999999999971,0.0,4.0186
16,Rest,453.3000000000029,0.0,4.0186
16,Rest,453.3999999999942,0.0,4.0186
16,Rest,453.5,0.0,4.0186
16,Rest,453.59999999999127,0.0,4.0186
16,Rest,453.6999999999971,0.0,4.0186
16,Rest,453.8000000000029,0.0,4.0186
16,Rest,453.8999999999942,0.0,4.0186
16,Rest,454.0,0.0,4.0187
16,Rest,454.09999999999127,0.0,4.0187
16,Rest,454.1999999999971,0.0,4.0186
16,Rest,454.3000000000029,0.0,4.0186
16,Rest,454.3999999999942,0.0,4.0187
16,Rest,454.5,0.0,4.0187
16,Rest,454.59999999999127,0.0,4.0186
16,Rest,454.6999999999971,0.0,4.0187
16,Rest,454.8000000000029,0.0,4.0187
16,Rest,454.8999999999942,0.0,4.0187
16,Rest,455.0,0.0,4.0187
16,Rest,455.09999999999127,0.0,4.0187
16,Rest,455.1999999999971,0.0,4.0186
16,Rest,455.3000000000029,0.0,4.0187
16,Rest,455.3999999999942,0.0,4.0187
16,Rest,455.5,0.0,4.0187
16,Rest,455.59999999999127,0.0,4.0187
16,Rest,455.6999999999971,0.0,4.0187
16,Rest,455.8000000000029,0.0,4.0187
16,Rest,455.8999999999942,0.0,4.0187
16,Rest,456.0,0.0,4.0187
16,Rest,456.09999999999127,0.0,4.0187
16,Rest,456.1999999999971,0.0,4.0187
16,Rest,456.3000000000029,0.0,4.0187
16,Rest,456.3999999999942,0.0,4.0187
16,Rest,456.5,0.0,4.0187
16,Rest,456.59999999999127,0.0,4.0187
16,Rest,456.6999999999971,0.0,4.0187
16,Rest,456.8000000000029,0.0,4.0187
16,Rest,456.8999999999942,0.0,4.0187
16,Rest,457.0,0.0,4.0187
16,Rest,457.09999999999127,0.0,4.0187
16,Rest,457.1999999999971,0.0,4.0187
16,Rest,457.3000000000029,0.0,4.0187
16,Rest,457.3999999999942,0.0,4.0187
16,Rest,457.5,0.0,4.0187
16,Rest,457.59999999999127,0.0,4.0187
16,Rest,457.6999999999971,0.0,4.0187
16,Rest,457.8000000000029,0.0,4.0188
16,Rest,457.8999999999942,0.0,4.0188
16,Rest,458.0,0.0,4.0188
16,Rest,458.09999999999127,0.0,4.0188
16,Rest,458.1999999999971,0.0,4.0187
16,Rest,458.3000000000029,0.0,4.0187
16,Rest,458.3999999999942,0.0,4.0187
16,Rest,458.5,0.0,4.0187
16,Rest,458.59999999999127,0.0,4.0187
16,Rest,458.6999999999971,0.0,4.0188
16,Rest,458.8000000000029,0.0,4.0188
16,Rest,458.8999999999942,0.0,4.0187
16,Rest,459.0,0.0,4.0188
16,Rest,459.09999999999127,0.0,4.0188
16,Rest,459.1999999999971,0.0,4.0188
16,Rest,459.3000000000029,0.0,4.0188
16,Rest,459.3999999999942,0.0,4.0188
16,Rest,459.5,0.0,4.0188
16,Rest,459.59999999999127,0.0,4.0188
16,Rest,459.6999999999971,0.0,4.0188
16,Rest,459.8000000000029,0.0,4.0188
16,Rest,459.8999999999942,0.0,4.0188
16,Rest,460.0,0.0,4.0188
16,Rest,460.09999999999127,0.0,4.0188
16,Rest,460.1999999999971,0.0,4.0188
16,Rest,460.3000000000029,0.0,4.0188
16,Rest,460.3999999999942,0.0,4.0188
16,Rest,460.5,0.0,4.0188
16,Rest,460.59999999999127,0.0,4.0187
16,Rest,460.6999999999971,0.0,4.0188
16,Rest,460.8000000000029,0.0,4.0188
16,Rest,460.8999999999942,0.0,4.0188
16,Rest,461.0,0.0,4.0188
16,Rest,461.09999999999127,0.0,4.0188
16,Rest,461.1999999999971,0.0,4.0188
16,Rest,461.3000000000029,0.0,4.0188
16,Rest,461.3999999999942,0.0,4.0188
16,Rest,461.5,0.0,4.0189
16,Rest,461.59999999999127,0.0,4.0188
16,Rest,461.6999999999971,0.0,4.0188
16,Rest,461.8000000000029,0.0,4.0188
16,Rest,461.8999999999942,0.0,4.0188
16,Rest,462.0,0.0,4.0188
16,Rest,462.09999999999127,0.0,4.0188
16,Rest,462.1999999999971,0.0,4.0188
16,Rest,462.3000000000029,0.0,4.0189
16,Rest,462.3999999999942,0.0,4.0188
16,Rest,462.5,0.0,4.0189
16,Rest,462.59999999999127,0.0,4.0189
16,Rest,462.6999999999971,0.0,4.0189
16,Rest,462.8000000000029,0.0,4.0189
16,Rest,462.8999999999942,0.0,4.0189
16,Rest,463.0,0.0,4.0189
16,Rest,463.09999999999127,0.0,4.0189
16,Rest,463.1999999999971,0.0,4.0189
16,Rest,463.3000000000029,0.0,4.0189
16,Rest,463.3999999999942,0.0,4.0189
16,Rest,463.5,0.0,4.0189
16,Rest,463.59999999999127,0.0,4.0189
16,Rest,463.6999999999971,0.0,4.0188
16,Rest,463.8000000000029,0.0,4.0189
16,Rest,463.8999999999942,0.0,4.0189
16,Rest,464.0,0.0,4.0189
16,Rest,464.09999999999127,0.0,4.0188
16,Rest,464.1999999999971,0.0,4.0189
16,Rest,464.3000000000029,0.0,4.0189
16,Rest,464.3999999999942,0.0,4.0189
16,Rest,464.5,0.0,4.0189
16,Rest,464.59999999999127,0.0,4.0189
16,Rest,464.6999999999971,0.0,4.0189
16,Rest,464.8000000000029,0.0,4.0189
16,Rest,464.8999999999942,0.0,4.0189
16,Rest,465.0,0.0,4.0189
16,Rest,465.09999999999127,0.0,4.0189
16,Rest,465.1999999999971,0.0,4.0189
16,Rest,465.3000000000029,0.0,4.0189
16,Rest,465.3999999999942,0.0,4.0189
16,Rest,465.5,0.0,4.0189
16,Rest,465.59999999999127,0.0,4.0189
16,Rest,465.6999999999971,0.0,4.0189
16,Rest,465.8000000000029,0.0,4.0189
16,Rest,465.8999999999942,0.0,4.0189
16,Rest,466.0,0.0,4.0189
16,Rest,466.09999999999127,0.0,4.0189
16,Rest,466.1999999999971,0.0,4.0189
16,Rest,466.3000000000029,0.0,4.0189
16,Rest,466.3999999999942,0.0,4.0189
16,Rest,466.5,0.0,4.0189
16,Rest,466.59999999999127,0.0,4.0189
16,Rest,466.6999999999971,0.0,4.0189
16,Rest,466.8000000000029,0.0,4.0189
16,Rest,466.8999999999942,0.0,4.019
16,Rest,467.0,0.0,4.019
16,Rest,467.09999999999127,0.0,4.019
16,Rest,467.1999999999971,0.0,4.019
16,Rest,467.3000000000029,0.0,4.0189
16,Rest,467.3999999999942,0.0,4.0189
16,Rest,467.5,0.0,4.0189
16,Rest,467.59999999999127,0.0,4.0189
16,Rest,467.6999999999971,0.0,4.0189
16,Rest,467.8000000000029,0.0,4.0189
16,Rest,467.8999999999942,0.0,4.019
16,Rest,468.0,0.0,4.019
16,Rest,468.09999999999127,0.0,4.019
16,Rest,468.1999999999971,0.0,4.019
16,Rest,468.3000000000029,0.0,4.019
16,Rest,468.3999999999942,0.0,4.019
16,Rest,468.5,0.0,4.019
16,Rest,468.59999999999127,0.0,4.019
16,Rest,468.6999999999971,0.0,4.019
16,Rest,468.8000000000029,0.0,4.019
16,Rest,468.8999999999942,0.0,4.019
16,Rest,469.0,0.0,4.019
16,Rest,469.09999999999127,0.0,4.019
16,Rest,469.1999999999971,0.0,4.019
16,Rest,469.3000000000029,0.0,4.019
16,Rest,469.3999999999942,0.0,4.019
16,Rest,469.5,0.0,4.019
16,Rest,469.59999999999127,0.0,4.019
16,Rest,469.6999999999971,0.0,4.019
16,Rest,469.8000000000029,0.0,4.019
16,Rest,469.8999999999942,0.0,4.019
16,Rest,470.0,0.0,4.019
16,Rest,470.09999999999127,0.0,4.019
16,Rest,470.1999999999971,0.0,4.0191
16,Rest,470.3000000000029,0.0,4.019
16,Rest,470.3999999999942,0.0,4.0191
16,Rest,470.5,0.0,4.0191
16,Rest,470.59999999999127,0.0,4.0191
16,Rest,470.6999999999971,0.0,4.019
16,Rest,470.8000000000029,0.0,4.019
16,Rest,470.8999999999942,0.0,4.019
16,Rest,471.0,0.0,4.019
16,Rest,471.09999999999127,0.0,4.0191
16,Rest,471.1999999999971,0.0,4.0191
16,Rest,471.3000000000029,0.0,4.0191
16,Rest,471.3999999999942,0.0,4.0191
16,Rest,471.5,0.0,4.0191
16,Rest,471.59999999999127,0.0,4.0191
16,Rest,471.6999999999971,0.0,4.0191
16,Rest,471.8000000000029,0.0,4.0191
16,Rest,471.8999999999942,0.0,4.0191
16,Rest,472.0,0.0,4.0191
16,Rest,472.09999999999127,0.0,4.0191
16,Rest,472.1999999999971,0.0,4.0191
16,Rest,472.3000000000029,0.0,4.0191
16,Rest,472.3999999999942,0.0,4.0191
16,Rest,472.5,0.0,4.0191
16,Rest,472.59999999999127,0.0,4.0191
16,Rest,472.6999999999971,0.0,4.0191
16,Rest,472.8000000000029,0.0,4.0191
16,Rest,472.8999999999942,0.0,4.0191
16,Rest,473.0,0.0,4.0191
16,Rest,473.09999999999127,0.0,4.0191
16,Rest,473.1999999999971,0.0,4.0191
16,Rest,473.3000000000029,0.0,4.0191
16,Rest,473.3999999999942,0.0,4.0191
16,Rest,473.5,0.0,4.0191
16,Rest,473.59999999999127,0.0,4.0191
16,Rest,473.6999999999971,0.0,4.0192
16,Rest,473.8000000000029,0.0,4.0192
16,Rest,473.8999999999942,0.0,4.0191
16,Rest,474.0,0.0,4.0191
16,Rest,474.09999999999127,0.0,4.0191
16,Rest,474.1999999999971,0.0,4.0191
16,Rest,474.3000000000029,0.0,4.0191
16,Rest,474.3999999999942,0.0,4.0191
16,Rest,474.5,0.0,4.0191
16,Rest,474.59999999999127,0.0,4.0191
16,Rest,474.6999999999971,0.0,4.0191
16,Rest,474.8000000000029,0.0,4.0191
16,Rest,474.8999999999942,0.0,4.0191
16,Rest,475.0,0.0,4.0191
16,Rest,475.09999999999127,0.0,4.0191
16,Rest,475.1999999999971,0.0,4.0191
16,Rest,475.3000000000029,0.0,4.0191
16,Rest,475.3999999999942,0.0,4.0191
16,Rest,475.5,0.0,4.0191
16,Rest,475.59999999999127,0.0,4.0191
16,Rest,475.6999999999971,0.0,4.0191
16,Rest,475.8000000000029,0.0,4.0191
16,Rest,475.8999999999942,0.0,4.0191
16,Rest,476.0,0.0,4.0191
16,Rest,476.09999999999127,0.0,4.0191
16,Rest,476.1999999999971,0.0,4.0191
16,Rest,476.3000000000029,0.0,4.0192
16,Rest,476.3999999999942,0.0,4.0191
16,Rest,476.5,0.0,4.0191
16,Rest,476.59999999999127,0.0,4.0191
16,Rest,476.6999999999971,0.0,4.0191
16,Rest,476.8000000000029,0.0,4.0191
16,Rest,476.8999999999942,0.0,4.0191
16,Rest,477.0,0.0,4.0191
16,Rest,477.09999999999127,0.0,4.0191
16,Rest,477.1999999999971,0.0,4.0192
16,Rest,477.3000000000029,0.0,4.0191
16,Rest,477.3999999999942,0.0,4.0191
16,Rest,477.5,0.0,4.0191
16,Rest,477.59999999999127,0.0,4.0191
16,Rest,477.6999999999971,0.0,4.0192
16,Rest,477.8000000000029,0.0,4.0192
16,Rest,477.8999999999942,0.0,4.0192
16,Rest,478.0,0.0,4.0192
16,Rest,478.09999999999127,0.0,4.0191
16,Rest,478.1999999999971,0.0,4.0191
16,Rest,478.3000000000029,0.0,4.0191
16,Rest,478.3999999999942,0.0,4.0191
16,Rest,478.5,0.0,4.0192
16,Rest,478.59999999999127,0.0,4.0192
16,Rest,478.6999999999971,0.0,4.0191
16,Rest,478.8000000000029,0.0,4.0191
16,Rest,478.8999999999942,0.0,4.0191
16,Rest,479.0,0.0,4.0191
16,Rest,479.09999999999127,0.0,4.0192
16,Rest,479.1999999999971,0.0,4.0192
16,Rest,479.3000000000029,0.0,4.0191
16,Rest,479.3999999999942,0.0,4.0191
16,Rest,479.5,0.0,4.0191
16,Rest,479.59999999999127,0.0,4.0192
16,Rest,479.6999999999971,0.0,4.0192
16,Rest,479.8000000000029,0.0,4.0192
16,Rest,479.8999999999942,0.0,4.0191
16,Rest,480.0,0.0,4.0192
16,Rest,480.09999999999127,0.0,4.0191
16,Rest,480.1999999999971,0.0,4.0192
16,Rest,480.3000000000029,0.0,4.0192
16,Rest,480.3999999999942,0.0,4.0192
16,Rest,480.5,0.0,4.0192
16,Rest,480.59999999999127,0.0,4.0192
16,Rest,480.6999999999971,0.0,4.0192
16,Rest,480.8000000000029,0.0,4.0192
16,Rest,480.8999999999942,0.0,4.0192
16,Rest,481.0,0.0,4.0192
16,Rest,481.09999999999127,0.0,4.0192
16,Rest,481.1999999999971,0.0,4.0192
16,Rest,481.3000000000029,0.0,4.0192
16,Rest,481.3999999999942,0.0,4.0192
16,Rest,481.5,0.0,4.0192
16,Rest,481.59999999999127,0.0,4.0192
16,Rest,481.6999999999971,0.0,4.0192
16,Rest,481.8000000000029,0.0,4.0192
16,Rest,481.8999999999942,0.0,4.0192
16,Rest,482.0,0.0,4.0192
16,Rest,482.09999999999127,0.0,4.0192
16,Rest,482.1999999999971,0.0,4.0192
16,Rest,482.3000000000029,0.0,4.0192
16,Rest,482.3999999999942,0.0,4.0192
16,Rest,482.5,0.0,4.0192
16,Rest,482.59999999999127,0.0,4.0192
16,Rest,482.6999999999971,0.0,4.0192
16,Rest,482.8000000000029,0.0,4.0192
16,Rest,482.8999999999942,0.0,4.0193
16,Rest,483.0,0.0,4.0193
16,Rest,483.09999999999127,0.0,4.0193
16,Rest,483.1999999999971,0.0,4.0193
16,Rest,483.3000000000029,0.0,4.0193
16,Rest,483.3999999999942,0.0,4.0192
16,Rest,483.5,0.0,4.0192
16,Rest,483.59999999999127,0.0,4.0193
16,Rest,483.6999999999971,0.0,4.0192
16,Rest,483.8000000000029,0.0,4.0192
16,Rest,483.8999999999942,0.0,4.0192
16,Rest,484.0,0.0,4.0193
16,Rest,484.09999999999127,0.0,4.0193
16,Rest,484.1999999999971,0.0,4.0193
16,Rest,484.3000000000029,0.0,4.0192
16,Rest,484.3999999999942,0.0,4.0193
16,Rest,484.5,0.0,4.0193
16,Rest,484.59999999999127,0.0,4.0193
16,Rest,484.6999999999971,0.0,4.0192
16,Rest,484.8000000000029,0.0,4.0193
16,Rest,484.8999999999942,0.0,4.0192
16,Rest,485.0,0.0,4.0192
16,Rest,485.09999999999127,0.0,4.0192
16,Rest,485.1999999999971,0.0,4.0192
16,Rest,485.3000000000029,0.0,4.0192
16,Rest,485.3999999999942,0.0,4.0193
16,Rest,485.5,0.0,4.0193
16,Rest,485.59999999999127,0.0,4.0193
16,Rest,485.6999999999971,0.0,4.0193
16,Rest,485.8000000000029,0.0,4.0193
16,Rest,485.8999999999942,0.0,4.0193
16,Rest,486.0,0.0,4.0193
16,Rest,486.09999999999127,0.0,4.0193
16,Rest,486.1999999999971,0.0,4.0193
16,Rest,486.3000000000029,0.0,4.0193
16,Rest,486.3999999999942,0.0,4.0193
16,Rest,486.5,0.0,4.0193
16,Rest,486.59999999999127,0.0,4.0193
16,Rest,486.6999999999971,0.0,4.0193
16,Rest,486.8000000000029,0.0,4.0194
16,Rest,486.8999999999942,0.0,4.0194
16,Rest,487.0,0.0,4.0193
16,Rest,487.09999999999127,0.0,4.0193
16,Rest,487.1999999999971,0.0,4.0193
16,Rest,487.3000000000029,0.0,4.0193
16,Rest,487.3999999999942,0.0,4.0193
16,Rest,487.5,0.0,4.0193
16,Rest,487.59999999999127,0.0,4.0193
16,Rest,487.6999999999971,0.0,4.0194
16,Rest,487.8000000000029,0.0,4.0193
16,Rest,487.8999999999942,0.0,4.0193
16,Rest,488.0,0.0,4.0193
16,Rest,488.09999999999127,0.0,4.0194
16,Rest,488.1999999999971,0.0,4.0194
16,Rest,488.3000000000029,0.0,4.0193
16,Rest,488.3999999999942,0.0,4.0193
16,Rest,488.5,0.0,4.0193
16,Rest,488.59999999999127,0.0,4.0193
16,Rest,488.6999999999971,0.0,4.0193
16,Rest,488.8000000000029,0.0,4.0194
16,Rest,488.8999999999942,0.0,4.0194
16,Rest,489.0,0.0,4.0194
16,Rest,489.09999999999127,0.0,4.0193
16,Rest,489.1999999999971,0.0,4.0193
16,Rest,489.3000000000029,0.0,4.0194
16,Rest,489.3999999999942,0.0,4.0194
16,Rest,489.5,0.0,4.0194
16,Rest,489.59999999999127,0.0,4.0194
16,Rest,489.6999999999971,0.0,4.0194
16,Rest,489.8000000000029,0.0,4.0194
16,Rest,489.8999999999942,0.0,4.0194
16,Rest,490.0,0.0,4.0194
16,Rest,490.09999999999127,0.0,4.0194
16,Rest,490.1999999999971,0.0,4.0194
16,Rest,490.3000000000029,0.0,4.0194
16,Rest,490.3999999999942,0.0,4.0194
16,Rest,490.5,0.0,4.0194
16,Rest,490.59999999999127,0.0,4.0194
16,Rest,490.6999999999971,0.0,4.0194
16,Rest,490.8000000000029,0.0,4.0194
16,Rest,490.8999999999942,0.0,4.0194
16,Rest,491.0,0.0,4.0194
16,Rest,491.09999999999127,0.0,4.0194
16,Rest,491.1999999999971,0.0,4.0194
16,Rest,491.3000000000029,0.0,4.0194
16,Rest,491.3999999999942,0.0,4.0194
16,Rest,491.5,0.0,4.0194
16,Rest,491.59999999999127,0.0,4.0194
16,Rest,491.6999999999971,0.0,4.0194
16,Rest,491.8000000000029,0.0,4.0194
16,Rest,491.8999999999942,0.0,4.0194
16,Rest,492.0,0.0,4.0194
16,Rest,492.09999999999127,0.0,4.0194
16,Rest,492.1999999999971,0.0,4.0194
16,Rest,492.3000000000029,0.0,4.0194
16,Rest,492.3999999999942,0.0,4.0194
16,Rest,492.5,0.0,4.0194
16,Rest,492.59999999999127,0.0,4.0194
16,Rest,492.6999999999971,0.0,4.0194
16,Rest,492.8000000000029,0.0,4.0194
16,Rest,492.8999999999942,0.0,4.0195
16,Rest,493.0,0.0,4.0195
16,Rest,493.09999999999127,0.0,4.0194
16,Rest,493.1999999999971,0.0,4.0194
16,Rest,493.3000000000029,0.0,4.0194
16,Rest,493.3999999999942,0.0,4.0194
16,Rest,493.5,0.0,4.0194
16,Rest,493.59999999999127,0.0,4.0194
16,Rest,493.6999999999971,0.0,4.0194
16,Rest,493.8000000000029,0.0,4.0195
16,Rest,493.8999999999942,0.0,4.0194
16,Rest,494.0,0.0,4.0195
16,Rest,494.09999999999127,0.0,4.0194
16,Rest,494.1999999999971,0.0,4.0194
16,Rest,494.3000000000029,0.0,4.0194
16,Rest,494.3999999999942,0.0,4.0195
16,Rest,494.5,0.0,4.0194
16,Rest,494.59999999999127,0.0,4.0194
16,Rest,494.6999999999971,0.0,4.0194
16,Rest,494.8000000000029,0.0,4.0194
16,Rest,494.8999999999942,0.0,4.0195
16,Rest,495.0,0.0,4.0195
16,Rest,495.09999999999127,0.0,4.0195
16,Rest,495.1999999999971,0.0,4.0195
16,Rest,495.3000000000029,0.0,4.0195
16,Rest,495.3999999999942,0.0,4.0195
16,Rest,495.5,0.0,4.0195
16,Rest,495.59999999999127,0.0,4.0194
16,Rest,495.6999999999971,0.0,4.0194
16,Rest,495.8000000000029,0.0,4.0195
16,Rest,495.8999999999942,0.0,4.0195
16,Rest,496.0,0.0,4.0195
16,Rest,496.09999999999127,0.0,4.0195
16,Rest,496.1999999999971,0.0,4.0195
16,Rest,496.3000000000029,0.0,4.0195
16,Rest,496.3999999999942,0.0,4.0195
16,Rest,496.5,0.0,4.0195
16,Rest,496.59999999999127,0.0,4.0194
16,Rest,496.6999999999971,0.0,4.0195
16,Rest,496.8000000000029,0.0,4.0195
16,Rest,496.8999999999942,0.0,4.0195
16,Rest,497.0,0.0,4.0195
16,Rest,497.09999999999127,0.0,4.0195
16,Rest,497.1999999999971,0.0,4.0195
16,Rest,497.3000000000029,0.0,4.0195
16,Rest,497.3999999999942,0.0,4.0195
16,Rest,497.5,0.0,4.0195
16,Rest,497.59999999999127,0.0,4.0195
16,Rest,497.6999999999971,0.0,4.0195
16,Rest,497.8000000000029,0.0,4.0195
16,Rest,497.8999999999942,0.0,4.0195
16,Rest,498.0,0.0,4.0195
16,Rest,498.09999999999127,0.0,4.0195
16,Rest,498.1999999999971,0.0,4.0196
16,Rest,498.3000000000029,0.0,4.0196
16,Rest,498.3999999999942,0.0,4.0196
16,Rest,498.5,0.0,4.0195
16,Rest,498.59999999999127,0.0,4.0195
16,Rest,498.6999999999971,0.0,4.0195
16,Rest,498.8000000000029,0.0,4.0195
16,Rest,498.8999999999942,0.0,4.0195
16,Rest,499.0,0.0,4.0196
16,Rest,499.09999999999127,0.0,4.0195
16,Rest,499.1999999999971,0.0,4.0195
16,Rest,499.3000000000029,0.0,4.0195
16,Rest,499.3999999999942,0.0,4.0195
16,Rest,499.5,0.0,4.0195
16,Rest,499.59999999999127,0.0,4.0195
16,Rest,499.6999999999971,0.0,4.0196
16,Rest,499.8000000000029,0.0,4.0195
16,Rest,499.8999999999942,0.0,4.0196
16,Rest,500.0,0.0,4.0195
16,Rest,500.09999999999127,0.0,4.0195
16,Rest,500.1999999999971,0.0,4.0196
16,Rest,500.3000000000029,0.0,4.0195
16,Rest,500.3999999999942,0.0,4.0196
16,Rest,500.5,0.0,4.0195
16,Rest,500.59999999999127,0.0,4.0195
16,Rest,500.6999999999971,0.0,4.0196
16,Rest,500.8000000000029,0.0,4.0196
16,Rest,500.8999999999942,0.0,4.0195
16,Rest,501.0,0.0,4.0195
16,Rest,501.09999999999127,0.0,4.0195
16,Rest,501.1999999999971,0.0,4.0195
16,Rest,501.3000000000029,0.0,4.0195
16,Rest,501.3999999999942,0.0,4.0196
16,Rest,501.5,0.0,4.0196
16,Rest,501.59999999999127,0.0,4.0196
16,Rest,501.6999999999971,0.0,4.0196
16,Rest,501.8000000000029,0.0,4.0195
16,Rest,501.8999999999942,0.0,4.0196
16,Rest,502.0,0.0,4.0196
16,Rest,502.09999999999127,0.0,4.0195
16,Rest,502.1999999999971,0.0,4.0195
16,Rest,502.3000000000029,0.0,4.0196
16,Rest,502.3999999999942,0.0,4.0196
16,Rest,502.5,0.0,4.0196
16,Rest,502.59999999999127,0.0,4.0196
16,Rest,502.6999999999971,0.0,4.0196
16,Rest,502.8000000000029,0.0,4.0196
16,Rest,502.8999999999942,0.0,4.0196
16,Rest,503.0,0.0,4.0196
16,Rest,503.09999999999127,0.0,4.0196
16,Rest,503.1999999999971,0.0,4.0196
16,Rest,503.3000000000029,0.0,4.0196
16,Rest,503.3999999999942,0.0,4.0196
16,Rest,503.5,0.0,4.0196
16,Rest,503.59999999999127,0.0,4.0196
16,Rest,503.6999999999971,0.0,4.0196
16,Rest,503.8000000000029,0.0,4.0196
16,Rest,503.8999999999942,0.0,4.0196
16,Rest,504.0,0.0,4.0196
16,Rest,504.09999999999127,0.0,4.0196
16,Rest,504.1999999999971,0.0,4.0196
16,Rest,504.3000000000029,0.0,4.0196
16,Rest,504.3999999999942,0.0,4.0196
16,Rest,504.5,0.0,4.0196
16,Rest,504.59999999999127,0.0,4.0196
16,Rest,504.6999999999971,0.0,4.0196
16,Rest,504.8000000000029,0.0,4.0196
16,Rest,504.8999999999942,0.0,4.0196
16,Rest,505.0,0.0,4.0196
16,Rest,505.09999999999127,0.0,4.0196
16,Rest,505.1999999999971,0.0,4.0196
16,Rest,505.3000000000029,0.0,4.0196
16,Rest,505.3999999999942,0.0,4.0196
16,Rest,505.5,0.0,4.0196
16,Rest,505.59999999999127,0.0,4.0196
16,Rest,505.6999999999971,0.0,4.0196
16,Rest,505.8000000000029,0.0,4.0196
16,Rest,505.8999999999942,0.0,4.0196
16,Rest,506.0,0.0,4.0196
16,Rest,506.09999999999127,0.0,4.0197
16,Rest,506.1999999999971,0.0,4.0197
16,Rest,506.3000000000029,0.0,4.0197
16,Rest,506.3999999999942,0.0,4.0197
16,Rest,506.5,0.0,4.0196
16,Rest,506.59999999999127,0.0,4.0196
16,Rest,506.6999999999971,0.0,4.0196
16,Rest,506.8000000000029,0.0,4.0196
16,Rest,506.8999999999942,0.0,4.0196
16,Rest,507.0,0.0,4.0196
16,Rest,507.09999999999127,0.0,4.0197
16,Rest,507.1999999999971,0.0,4.0197
16,Rest,507.3000000000029,0.0,4.0197
16,Rest,507.3999999999942,0.0,4.0197
16,Rest,507.5,0.0,4.0197
16,Rest,507.59999999999127,0.0,4.0197
16,Rest,507.6999999999971,0.0,4.0197
16,Rest,507.8000000000029,0.0,4.0197
16,Rest,507.8999999999942,0.0,4.0197
16,Rest,508.0,0.0,4.0197
16,Rest,508.09999999999127,0.0,4.0197
16,Rest,508.1999999999971,0.0,4.0197
16,Rest,508.3000000000029,0.0,4.0197
16,Rest,508.3999999999942,0.0,4.0197
16,Rest,508.5,0.0,4.0197
16,Rest,508.59999999999127,0.0,4.0197
16,Rest,508.6999999999971,0.0,4.0197
16,Rest,508.8000000000029,0.0,4.0197
16,Rest,508.8999999999942,0.0,4.0197
16,Rest,509.0,0.0,4.0197
16,Rest,509.09999999999127,0.0,4.0197
16,Rest,509.1999999999971,0.0,4.0197
16,Rest,509.3000000000029,0.0,4.0197
16,Rest,509.3999999999942,0.0,4.0197
16,Rest,509.5,0.0,4.0197
16,Rest,509.59999999999127,0.0,4.0197
16,Rest,509.6999999999971,0.0,4.0197
16,Rest,509.8000000000029,0.0,4.0197
16,Rest,509.8999999999942,0.0,4.0197
16,Rest,510.0,0.0,4.0197
16,Rest,510.09999999999127,0.0,4.0197
16,Rest,510.1999999999971,0.0,4.0197
16,Rest,510.3000000000029,0.0,4.0197
16,Rest,510.3999999999942,0.0,4.0197
16,Rest,510.5,0.0,4.0197
16,Rest,510.59999999999127,0.0,4.0198
16,Rest,510.6999999999971,0.0,4.0198
16,Rest,510.8000000000029,0.0,4.0197
16,Rest,510.8999999999942,0.0,4.0197
16,Rest,511.0,0.0,4.0197
16,Rest,511.09999999999127,0.0,4.0197
16,Rest,511.1999999999971,0.0,4.0197
16,Rest,511.3000000000029,0.0,4.0197
16,Rest,511.3999999999942,0.0,4.0197
16,Rest,511.5,0.0,4.0197
16,Rest,511.59999999999127,0.0,4.0197
16,Rest,511.6999999999971,0.0,4.0197
16,Rest,511.8000000000029,0.0,4.0197
16,Rest,511.8999999999942,0.0,4.0197
16,Rest,512.0,0.0,4.0198
16,Rest,512.0999999999913,0.0,4.0198
16,Rest,512.1999999999971,0.0,4.0198
16,Rest,512.3000000000029,0.0,4.0198
16,Rest,512.3999999999942,0.0,4.0198
16,Rest,512.5,0.0,4.0198
16,Rest,512.5999999999913,0.0,4.0197
16,Rest,512.6999999999971,0.0,4.0197
16,Rest,512.8000000000029,0.0,4.0198
16,Rest,512.8999999999942,0.0,4.0198
16,Rest,513.0,0.0,4.0198
16,Rest,513.0999999999913,0.0,4.0198
16,Rest,513.1999999999971,0.0,4.0198
16,Rest,513.3000000000029,0.0,4.0197
16,Rest,513.3999999999942,0.0,4.0198
16,Rest,513.5,0.0,4.0198
16,Rest,513.5999999999913,0.0,4.0197
16,Rest,513.6999999999971,0.0,4.0198
16,Rest,513.8000000000029,0.0,4.0198
16,Rest,513.8999999999942,0.0,4.0198
16,Rest,514.0,0.0,4.0198
16,Rest,514.0999999999913,0.0,4.0198
16,Rest,514.1999999999971,0.0,4.0198
16,Rest,514.3000000000029,0.0,4.0198
16,Rest,514.3999999999942,0.0,4.0198
16,Rest,514.5,0.0,4.0198
16,Rest,514.5999999999913,0.0,4.0198
16,Rest,514.6999999999971,0.0,4.0198
16,Rest,514.8000000000029,0.0,4.0198
16,Rest,514.8999999999942,0.0,4.0198
16,Rest,515.0,0.0,4.0198
16,Rest,515.0999999999913,0.0,4.0198
16,Rest,515.1999999999971,0.0,4.0198
16,Rest,515.3000000000029,0.0,4.0198
16,Rest,515.3999999999942,0.0,4.0198
16,Rest,515.5,0.0,4.0198
16,Rest,515.5999999999913,0.0,4.0198
16,Rest,515.6999999999971,0.0,4.0198
16,Rest,515.8000000000029,0.0,4.0198
16,Rest,515.8999999999942,0.0,4.0198
16,Rest,516.0,0.0,4.0198
16,Rest,516.0999999999913,0.0,4.0199
16,Rest,516.1999999999971,0.0,4.0199
16,Rest,516.3000000000029,0.0,4.0199
16,Rest,516.3999999999942,0.0,4.0199
16,Rest,516.5,0.0,4.0198
16,Rest,516.5999999999913,0.0,4.0198
16,Rest,516.6999999999971,0.0,4.0199
16,Rest,516.8000000000029,0.0,4.0198
16,Rest,516.8999999999942,0.0,4.0198
16,Rest,517.0,0.0,4.0199
16,Rest,517.0999999999913,0.0,4.0198
16,Rest,517.1999999999971,0.0,4.0198
16,Rest,517.3000000000029,0.0,4.0198
16,Rest,517.3999999999942,0.0,4.0198
16,Rest,517.5,0.0,4.0198
16,Rest,517.5999999999913,0.0,4.0198
16,Rest,517.6999999999971,0.0,4.0198
16,Rest,517.8000000000029,0.0,4.0198
16,Rest,517.8999999999942,0.0,4.0198
16,Rest,518.0,0.0,4.0198
16,Rest,518.0999999999913,0.0,4.0198
16,Rest,518.1999999999971,0.0,4.0198
16,Rest,518.3000000000029,0.0,4.0199
16,Rest,518.3999999999942,0.0,4.0199
16,Rest,518.5,0.0,4.0198
16,Rest,518.5999999999913,0.0,4.0198
16,Rest,518.6999999999971,0.0,4.0199
16,Rest,518.8000000000029,0.0,4.0199
16,Rest,518.8999999999942,0.0,4.0198
16,Rest,519.0,0.0,4.0199
16,Rest,519.0999999999913,0.0,4.0199
16,Rest,519.1999999999971,0.0,4.0199
16,Rest,519.3000000000029,0.0,4.0199
16,Rest,519.3999999999942,0.0,4.0198
16,Rest,519.5,0.0,4.0199
16,Rest,519.5999999999913,0.0,4.0198
16,Rest,519.6999999999971,0.0,4.0198
16,Rest,519.8000000000029,0.0,4.0198
16,Rest,519.8999999999942,0.0,4.0198
16,Rest,520.0,0.0,4.0199
16,Rest,520.0999999999913,0.0,4.0198
16,Rest,520.1999999999971,0.0,4.0199
16,Rest,520.3000000000029,0.0,4.0198
16,Rest,520.3999999999942,0.0,4.0198
16,Rest,520.5,0.0,4.0198
16,Rest,520.5999999999913,0.0,4.0199
16,Rest,520.6999999999971,0.0,4.0199
16,Rest,520.8000000000029,0.0,4.0199
16,Rest,520.8999999999942,0.0,4.0198
16,Rest,521.0,0.0,4.0198
16,Rest,521.0999999999913,0.0,4.0198
16,Rest,521.1999999999971,0.0,4.0199
16,Rest,521.3000000000029,0.0,4.0199
16,Rest,521.3999999999942,0.0,4.0199
16,Rest,521.5,0.0,4.0199
16,Rest,521.5999999999913,0.0,4.0199
16,Rest,521.6999999999971,0.0,4.0198
16,Rest,521.8000000000029,0.0,4.0198
16,Rest,521.8999999999942,0.0,4.0198
16,Rest,522.0,0.0,4.0199
16,Rest,522.0999999999913,0.0,4.0199
16,Rest,522.1999999999971,0.0,4.0199
16,Rest,522.3000000000029,0.0,4.0199
16,Rest,522.3999999999942,0.0,4.0199
16,Rest,522.5,0.0,4.0199
16,Rest,522.5999999999913,0.0,4.0199
16,Rest,522.6999999999971,0.0,4.0199
16,Rest,522.8000000000029,0.0,4.0199
16,Rest,522.8999999999942,0.0,4.0199
16,Rest,523.0,0.0,4.0199
16,Rest,523.0999999999913,0.0,4.0199
16,Rest,523.1999999999971,0.0,4.0199
16,Rest,523.3000000000029,0.0,4.0199
16,Rest,523.3999999999942,0.0,4.0199
16,Rest,523.5,0.0,4.0199
16,Rest,523.5999999999913,0.0,4.02
16,Rest,523.6999999999971,0.0,4.0199
16,Rest,523.8000000000029,0.0,4.0199
16,Rest,523.8999999999942,0.0,4.0199
16,Rest,524.0,0.0,4.0199
16,Rest,524.0999999999913,0.0,4.0199
16,Rest,524.1999999999971,0.0,4.0199
16,Rest,524.3000000000029,0.0,4.0199
16,Rest,524.3999999999942,0.0,4.0199
16,Rest,524.5,0.0,4.0199
16,Rest,524.5999999999913,0.0,4.0199
16,Rest,524.6999999999971,0.0,4.0199
16,Rest,524.8000000000029,0.0,4.0199
16,Rest,524.8999999999942,0.0,4.0199
16,Rest,525.0,0.0,4.0199
16,Rest,525.0999999999913,0.0,4.0199
16,Rest,525.1999999999971,0.0,4.0199
16,Rest,525.3000000000029,0.0,4.0199
16,Rest,525.3999999999942,0.0,4.0199
16,Rest,525.5,0.0,4.0199
16,Rest,525.5999999999913,0.0,4.0199
16,Rest,525.6999999999971,0.0,4.0199
16,Rest,525.8000000000029,0.0,4.0199
16,Rest,525.8999999999942,0.0,4.02
16,Rest,526.0,0.0,4.02
16,Rest,526.0999999999913,0.0,4.02
16,Rest,526.1999999999971,0.0,4.0199
16,Rest,526.3000000000029,0.0,4.02
16,Rest,526.3999999999942,0.0,4.02
16,Rest,526.5,0.0,4.02
16,Rest,526.5999999999913,0.0,4.02
16,Rest,526.6999999999971,0.0,4.02
16,Rest,526.8000000000029,0.0,4.02
16,Rest,526.8999999999942,0.0,4.02
16,Rest,527.0,0.0,4.02
16,Rest,527.0999999999913,0.0,4.02
16,Rest,527.1999999999971,0.0,4.02
16,Rest,527.3000000000029,0.0,4.02
16,Rest,527.3999999999942,0.0,4.02
16,Rest,527.5,0.0,4.02
16,Rest,527.5999999999913,0.0,4.0199
16,Rest,527.6999999999971,0.0,4.02
16,Rest,527.8000000000029,0.0,4.02
16,Rest,527.8999999999942,0.0,4.02
16,Rest,528.0,0.0,4.02
16,Rest,528.0999999999913,0.0,4.0199
16,Rest,528.1999999999971,0.0,4.02
16,Rest,528.3000000000029,0.0,4.02
16,Rest,528.3999999999942,0.0,4.02
16,Rest,528.5,0.0,4.02
16,Rest,528.5999999999913,0.0,4.02
16,Rest,528.6999999999971,0.0,4.02
16,Rest,528.8000000000029,0.0,4.02
16,Rest,528.8999999999942,0.0,4.02
16,Rest,529.0,0.0,4.02
16,Rest,529.0999999999913,0.0,4.02
16,Rest,529.1999999999971,0.0,4.0199
16,Rest,529.3000000000029,0.0,4.02
16,Rest,529.3999999999942,0.0,4.02
16,Rest,529.5,0.0,4.02
16,Rest,529.5999999999913,0.0,4.02
16,Rest,529.6999999999971,0.0,4.02
16,Rest,529.8000000000029,0.0,4.02
16,Rest,529.8999999999942,0.0,4.02
16,Rest,530.0,0.0,4.02
16,Rest,530.0999999999913,0.0,4.02
16,Rest,530.1999999999971,0.0,4.02
16,Rest,530.3000000000029,0.0,4.02
16,Rest,530.3999999999942,0.0,4.02
16,Rest,530.5,0.0,4.02
16,Rest,530.5999999999913,0.0,4.02
16,Rest,530.6999999999971,0.0,4.02
16,Rest,530.8000000000029,0.0,4.02
16,Rest,530.8999999999942,0.0,4.02
16,Rest,531.0,0.0,4.02
16,Rest,531.0999999999913,0.0,4.02
16,Rest,531.1999999999971,0.0,4.02
16,Rest,531.3000000000029,0.0,4.02
16,Rest,531.3999999999942,0.0,4.02
16,Rest,531.5,0.0,4.0199
16,Rest,531.5999999999913,0.0,4.02
16,Rest,531.6999999999971,0.0,4.02
16,Rest,531.8000000000029,0.0,4.02
16,Rest,531.8999999999942,0.0,4.02
16,Rest,532.0,0.0,4.02
16,Rest,532.0999999999913,0.0,4.02
16,Rest,532.1999999999971,0.0,4.02
16,Rest,532.3000000000029,0.0,4.02
16,Rest,532.3999999999942,0.0,4.02
16,Rest,532.5,0.0,4.0199
16,Rest,532.5999999999913,0.0,4.02
16,Rest,532.6999999999971,0.0,4.02
16,Rest,532.8000000000029,0.0,4.02
16,Rest,532.8999999999942,0.0,4.02
16,Rest,533.0,0.0,4.02
16,Rest,533.0999999999913,0.0,4.02
16,Rest,533.1999999999971,0.0,4.02
16,Rest,533.3000000000029,0.0,4.02
16,Rest,533.3999999999942,0.0,4.02
16,Rest,533.5,0.0,4.02
16,Rest,533.5999999999913,0.0,4.02
16,Rest,533.6999999999971,0.0,4.02
16,Rest,533.8000000000029,0.0,4.02
16,Rest,533.8999999999942,0.0,4.02
16,Rest,534.0,0.0,4.02
16,Rest,534.0999999999913,0.0,4.02
16,Rest,534.1999999999971,0.0,4.02
16,Rest,534.3000000000029,0.0,4.02
16,Rest,534.3999999999942,0.0,4.02
16,Rest,534.5,0.0,4.02
16,Rest,534.5999999999913,0.0,4.02
16,Rest,534.6999999999971,0.0,4.02
16,Rest,534.8000000000029,0.0,4.02
16,Rest,534.8999999999942,0.0,4.02
16,Rest,535.0,0.0,4.02
16,Rest,535.0999999999913,0.0,4.02
16,Rest,535.1999999999971,0.0,4.02
16,Rest,535.3000000000029,0.0,4.02
16,Rest,535.3999999999942,0.0,4.02
16,Rest,535.5,0.0,4.02
16,Rest,535.5999999999913,0.0,4.02
16,Rest,535.6999999999971,0.0,4.02
16,Rest,535.8000000000029,0.0,4.02
16,Rest,535.8999999999942,0.0,4.02
16,Rest,536.0,0.0,4.02
16,Rest,536.0999999999913,0.0,4.0201
16,Rest,536.1999999999971,0.0,4.02
16,Rest,536.3000000000029,0.0,4.02
16,Rest,536.3999999999942,0.0,4.0201
16,Rest,536.5,0.0,4.02
16,Rest,536.5999999999913,0.0,4.02
16,Rest,536.6999999999971,0.0,4.0201
16,Rest,536.8000000000029,0.0,4.0201
16,Rest,536.8999999999942,0.0,4.0201
16,Rest,537.0,0.0,4.0201
16,Rest,537.0999999999913,0.0,4.0201
16,Rest,537.1999999999971,0.0,4.0201
16,Rest,537.3000000000029,0.0,4.0201
16,Rest,537.3999999999942,0.0,4.0201
16,Rest,537.5,0.0,4.0201
16,Rest,537.5999999999913,0.0,4.0201
16,Rest,537.6999999999971,0.0,4.0201
16,Rest,537.8000000000029,0.0,4.0201
16,Rest,537.8999999999942,0.0,4.0201
16,Rest,538.0,0.0,4.0201
16,Rest,538.0999999999913,0.0,4.0201
16,Rest,538.1999999999971,0.0,4.0202
16,Rest,538.3000000000029,0.0,4.0201
16,Rest,538.3999999999942,0.0,4.0201
16,Rest,538.5,0.0,4.0201
16,Rest,538.5999999999913,0.0,4.0201
16,Rest,538.6999999999971,0.0,4.0201
16,Rest,538.8000000000029,0.0,4.0201
16,Rest,538.8999999999942,0.0,4.0201
16,Rest,539.0,0.0,4.0201
16,Rest,539.0999999999913,0.0,4.0201
16,Rest,539.1999999999971,0.0,4.0201
16,Rest,539.3000000000029,0.0,4.0201
16,Rest,539.3999999999942,0.0,4.0201
16,Rest,539.5,0.0,4.0201
16,Rest,539.5999999999913,0.0,4.0201
16,Rest,539.6999999999971,0.0,4.0201
16,Rest,539.8000000000029,0.0,4.0201
16,Rest,539.8999999999942,0.0,4.0202
16,Rest,540.0,0.0,4.0201
16,Rest,540.0999999999913,0.0,4.0201
16,Rest,540.1999999999971,0.0,4.0201
16,Rest,540.3000000000029,0.0,4.0202
16,Rest,540.3999999999942,0.0,4.0202
16,Rest,540.5,0.0,4.0202
16,Rest,540.5999999999913,0.0,4.0202
16,Rest,540.6999999999971,0.0,4.0202
16,Rest,540.8000000000029,0.0,4.0202
16,Rest,540.8999999999942,0.0,4.0202
16,Rest,541.0,0.0,4.0201
16,Rest,541.0999999999913,0.0,4.0202
16,Rest,541.1999999999971,0.0,4.0202
16,Rest,541.3000000000029,0.0,4.0202
16,Rest,541.3999999999942,0.0,4.0201
16,Rest,541.5,0.0,4.0201
16,Rest,541.5999999999913,0.0,4.0202
16,Rest,541.6999999999971,0.0,4.0201
16,Rest,541.8000000000029,0.0,4.0201
16,Rest,541.8999999999942,0.0,4.0201
16,Rest,542.0,0.0,4.0201
16,Rest,542.0999999999913,0.0,4.0201
16,Rest,542.1999999999971,0.0,4.0201
16,Rest,542.3000000000029,0.0,4.0202
16,Rest,542.3999999999942,0.0,4.0201
16,Rest,542.5,0.0,4.0201
16,Rest,542.5999999999913,0.0,4.0201
16,Rest,542.6999999999971,0.0,4.0201
16,Rest,542.8000000000029,0.0,4.0201
16,Rest,542.8999999999942,0.0,4.0202
16,Rest,543.0,0.0,4.0202
16,Rest,543.0999999999913,0.0,4.0201
16,Rest,543.1999999999971,0.0,4.0201
16,Rest,543.3000000000029,0.0,4.0201
16,Rest,543.3999999999942,0.0,4.0201
16,Rest,543.5,0.0,4.0201
16,Rest,543.5999999999913,0.0,4.0201
16,Rest,543.6999999999971,0.0,4.0201
16,Rest,543.8000000000029,0.0,4.0201
16,Rest,543.8999999999942,0.0,4.0202
16,Rest,544.0,0.0,4.0202
16,Rest,544.0999999999913,0.0,4.0201
16,Rest,544.1999999999971,0.0,4.0201
16,Rest,544.3000000000029,0.0,4.0201
16,Rest,544.3999999999942,0.0,4.0201
16,Rest,544.5,0.0,4.0201
16,Rest,544.5999999999913,0.0,4.0201
16,Rest,544.6999999999971,0.0,4.0201
16,Rest,544.8000000000029,0.0,4.0201
16,Rest,544.8999999999942,0.0,4.0201
16,Rest,545.0,0.0,4.0201
16,Rest,545.0999999999913,0.0,4.0201
16,Rest,545.1999999999971,0.0,4.0201
16,Rest,545.3000000000029,0.0,4.0201
16,Rest,545.3999999999942,0.0,4.0201
16,Rest,545.5,0.0,4.0201
16,Rest,545.5999999999913,0.0,4.0202
16,Rest,545.6999999999971,0.0,4.0202
16,Rest,545.8000000000029,0.0,4.0202
16,Rest,545.8999999999942,0.0,4.0202
16,Rest,546.0,0.0,4.0202
16,Rest,546.0999999999913,0.0,4.0201
16,Rest,546.1999999999971,0.0,4.0201
16,Rest,546.3000000000029,0.0,4.0201
16,Rest,546.3999999999942,0.0,4.0202
16,Rest,546.5,0.0,4.0201
16,Rest,546.5999999999913,0.0,4.0201
16,Rest,546.6999999999971,0.0,4.0201
16,Rest,546.8000000000029,0.0,4.0201
16,Rest,546.8999999999942,0.0,4.0201
16,Rest,547.0,0.0,4.0201
16,Rest,547.0999999999913,0.0,4.0201
16,Rest,547.1999999999971,0.0,4.0201
16,Rest,547.3000000000029,0.0,4.0201
16,Rest,547.3999999999942,0.0,4.0201
16,Rest,547.5,0.0,4.0202
16,Rest,547.5999999999913,0.0,4.0202
16,Rest,547.6999999999971,0.0,4.0201
16,Rest,547.8000000000029,0.0,4.0202
16,Rest,547.8999999999942,0.0,4.0202
16,Rest,548.0,0.0,4.0202
16,Rest,548.0999999999913,0.0,4.0202
16,Rest,548.1999999999971,0.0,4.0201
16,Rest,548.3000000000029,0.0,4.0201
16,Rest,548.3999999999942,0.0,4.0201
16,Rest,548.5,0.0,4.0201
16,Rest,548.5999999999913,0.0,4.0202
16,Rest,548.6999999999971,0.0,4.0202
16,Rest,548.8000000000029,0.0,4.0202
16,Rest,548.8999999999942,0.0,4.0202
16,Rest,549.0,0.0,4.0202
16,Rest,549.0999999999913,0.0,4.0202
16,Rest,549.1999999999971,0.0,4.0202
16,Rest,549.3000000000029,0.0,4.0202
16,Rest,549.3999999999942,0.0,4.0202
16,Rest,549.5,0.0,4.0202
16,Rest,549.5999999999913,0.0,4.0202
16,Rest,549.6999999999971,0.0,4.0202
16,Rest,549.8000000000029,0.0,4.0202
16,Rest,549.8999999999942,0.0,4.0202
16,Rest,550.0,0.0,4.0202
16,Rest,550.0999999999913,0.0,4.0202
16,Rest,550.1999999999971,0.0,4.0202
16,Rest,550.3000000000029,0.0,4.0202
16,Rest,550.3999999999942,0.0,4.0203
16,Rest,550.5,0.0,4.0202
16,Rest,550.5999999999913,0.0,4.0202
16,Rest,550.6999999999971,0.0,4.0202
16,Rest,550.8000000000029,0.0,4.0202
16,Rest,550.8999999999942,0.0,4.0203
16,Rest,551.0,0.0,4.0203
16,Rest,551.0999999999913,0.0,4.0203
16,Rest,551.1999999999971,0.0,4.0202
16,Rest,551.3000000000029,0.0,4.0203
16,Rest,551.3999999999942,0.0,4.0202
16,Rest,551.5,0.0,4.0203
16,Rest,551.5999999999913,0.0,4.0203
16,Rest,551.6999999999971,0.0,4.0203
16,Rest,551.8000000000029,0.0,4.0203
16,Rest,551.8999999999942,0.0,4.0202
16,Rest,552.0,0.0,4.0202
16,Rest,552.0999999999913,0.0,4.0202
16,Rest,552.1999999999971,0.0,4.0203
16,Rest,552.3000000000029,0.0,4.0203
16,Rest,552.3999999999942,0.0,4.0203
16,Rest,552.5,0.0,4.0203
16,Rest,552.5999999999913,0.0,4.0202
16,Rest,552.6999999999971,0.0,4.0203
16,Rest,552.8000000000029,0.0,4.0203
16,Rest,552.8999999999942,0.0,4.0203
16,Rest,553.0,0.0,4.0203
16,Rest,553.0999999999913,0.0,4.0203
16,Rest,553.1999999999971,0.0,4.0203
16,Rest,553.3000000000029,0.0,4.0203
16,Rest,553.3999999999942,0.0,4.0203
16,Rest,553.5,0.0,4.0203
16,Rest,553.5999999999913,0.0,4.0203
16,Rest,553.6999999999971,0.0,4.0203
16,Rest,553.8000000000029,0.0,4.0203
16,Rest,553.8999999999942,0.0,4.0203
16,Rest,554.0,0.0,4.0203
16,Rest,554.0999999999913,0.0,4.0203
16,Rest,554.1999999999971,0.0,4.0203
16,Rest,554.3000000000029,0.0,4.0203
16,Rest,554.3999999999942,0.0,4.0203
16,Rest,554.5,0.0,4.0203
16,Rest,554.5999999999913,0.0,4.0203
16,Rest,554.6999999999971,0.0,4.0203
16,Rest,554.8000000000029,0.0,4.0203
16,Rest,554.8999999999942,0.0,4.0203
16,Rest,555.0,0.0,4.0203
16,Rest,555.0999999999913,0.0,4.0203
16,Rest,555.1999999999971,0.0,4.0203
16,Rest,555.3000000000029,0.0,4.0203
16,Rest,555.3999999999942,0.0,4.0203
16,Rest,555.5,0.0,4.0203
16,Rest,555.5999999999913,0.0,4.0203
16,Rest,555.6999999999971,0.0,4.0203
16,Rest,555.8000000000029,0.0,4.0203
16,Rest,555.8999999999942,0.0,4.0203
16,Rest,556.0,0.0,4.0203
16,Rest,556.0999999999913,0.0,4.0203
16,Rest,556.1999999999971,0.0,4.0203
16,Rest,556.3000000000029,0.0,4.0203
16,Rest,556.3999999999942,0.0,4.0203
16,Rest,556.5,0.0,4.0203
16,Rest,556.5999999999913,0.0,4.0203
16,Rest,556.6999999999971,0.0,4.0203
16,Rest,556.8000000000029,0.0,4.0203
16,Rest,556.8999999999942,0.0,4.0203
16,Rest,557.0,0.0,4.0203
16,Rest,557.0999999999913,0.0,4.0203
16,Rest,557.1999999999971,0.0,4.0203
16,Rest,557.3000000000029,0.0,4.0203
16,Rest,557.3999999999942,0.0,4.0203
16,Rest,557.5,0.0,4.0203
16,Rest,557.5999999999913,0.0,4.0204
16,Rest,557.6999999999971,0.0,4.0204
16,Rest,557.8000000000029,0.0,4.0203
16,Rest,557.8999999999942,0.0,4.0203
16,Rest,558.0,0.0,4.0203
16,Rest,558.0999999999913,0.0,4.0204
16,Rest,558.1999999999971,0.0,4.0203
16,Rest,558.3000000000029,0.0,4.0203
16,Rest,558.3999999999942,0.0,4.0204
16,Rest,558.5,0.0,4.0204
16,Rest,558.5999999999913,0.0,4.0203
16,Rest,558.6999999999971,0.0,4.0204
16,Rest,558.8000000000029,0.0,4.0204
16,Rest,558.8999999999942,0.0,4.0204
16,Rest,559.0,0.0,4.0204
16,Rest,559.0999999999913,0.0,4.0204
16,Rest,559.1999999999971,0.0,4.0204
16,Rest,559.3000000000029,0.0,4.0204
16,Rest,559.3999999999942,0.0,4.0204
16,Rest,559.5,0.0,4.0204
16,Rest,559.5999999999913,0.0,4.0204
16,Rest,559.6999999999971,0.0,4.0204
16,Rest,559.8000000000029,0.0,4.0204
16,Rest,559.8999999999942,0.0,4.0204
16,Rest,560.0,0.0,4.0204
16,Rest,560.0999999999913,0.0,4.0203
16,Rest,560.1999999999971,0.0,4.0204
16,Rest,560.3000000000029,0.0,4.0204
16,Rest,560.3999999999942,0.0,4.0204
16,Rest,560.5,0.0,4.0204
16,Rest,560.5999999999913,0.0,4.0204
16,Rest,560.6999999999971,0.0,4.0203
16,Rest,560.8000000000029,0.0,4.0204
16,Rest,560.8999999999942,0.0,4.0204
16,Rest,561.0,0.0,4.0204
16,Rest,561.0999999999913,0.0,4.0204
16,Rest,561.1999999999971,0.0,4.0204
16,Rest,561.3000000000029,0.0,4.0204
16,Rest,561.3999999999942,0.0,4.0204
16,Rest,561.5,0.0,4.0204
16,Rest,561.5999999999913,0.0,4.0204
16,Rest,561.6999999999971,0.0,4.0204
16,Rest,561.8000000000029,0.0,4.0204
16,Rest,561.8999999999942,0.0,4.0204
16,Rest,562.0,0.0,4.0204
16,Rest,562.0999999999913,0.0,4.0203
16,Rest,562.1999999999971,0.0,4.0204
16,Rest,562.3000000000029,0.0,4.0204
16,Rest,562.3999999999942,0.0,4.0204
16,Rest,562.5,0.0,4.0204
16,Rest,562.5999999999913,0.0,4.0204
16,Rest,562.6999999999971,0.0,4.0204
16,Rest,562.8000000000029,0.0,4.0204
16,Rest,562.8999999999942,0.0,4.0204
16,Rest,563.0,0.0,4.0204
16,Rest,563.0999999999913,0.0,4.0204
16,Rest,563.1999999999971,0.0,4.0204
16,Rest,563.3000000000029,0.0,4.0204
16,Rest,563.3999999999942,0.0,4.0204
16,Rest,563.5,0.0,4.0204
16,Rest,563.5999999999913,0.0,4.0204
16,Rest,563.6999999999971,0.0,4.0204
16,Rest,563.8000000000029,0.0,4.0204
16,Rest,563.8999999999942,0.0,4.0204
16,Rest,564.0,0.0,4.0204
16,Rest,564.0999999999913,0.0,4.0204
16,Rest,564.1999999999971,0.0,4.0204
16,Rest,564.3000000000029,0.0,4.0204
16,Rest,564.3999999999942,0.0,4.0204
16,Rest,564.5,0.0,4.0204
16,Rest,564.5999999999913,0.0,4.0204
16,Rest,564.6999999999971,0.0,4.0204
16,Rest,564.8000000000029,0.0,4.0205
16,Rest,564.8999999999942,0.0,4.0204
16,Rest,565.0,0.0,4.0205
16,Rest,565.0999999999913,0.0,4.0205
16,Rest,565.1999999999971,0.0,4.0204
16,Rest,565.3000000000029,0.0,4.0205
16,Rest,565.3999999999942,0.0,4.0204
16,Rest,565.5,0.0,4.0204
16,Rest,565.5999999999913,0.0,4.0204
16,Rest,565.6999999999971,0.0,4.0204
16,Rest,565.8000000000029,0.0,4.0204
16,Rest,565.8999999999942,0.0,4.0204
16,Rest,566.0,0.0,4.0204
16,Rest,566.0999999999913,0.0,4.0204
16,Rest,566.1999999999971,0.0,4.0204
16,Rest,566.3000000000029,0.0,4.0204
16,Rest,566.3999999999942,0.0,4.0204
16,Rest,566.5,0.0,4.0204
16,Rest,566.5999999999913,0.0,4.0204
16,Rest,566.6999999999971,0.0,4.0204
16,Rest,566.8000000000029,0.0,4.0204
16,Rest,566.8999999999942,0.0,4.0205
16,Rest,567.0,0.0,4.0204
16,Rest,567.0999999999913,0.0,4.0204
16,Rest,567.1999999999971,0.0,4.0204
16,Rest,567.3000000000029,0.0,4.0204
16,Rest,567.3999999999942,0.0,4.0204
16,Rest,567.5,0.0,4.0204
16,Rest,567.5999999999913,0.0,4.0203
16,Rest,567.6999999999971,0.0,4.0203
16,Rest,567.8000000000029,0.0,4.0204
16,Rest,567.8999999999942,0.0,4.0204
16,Rest,568.0,0.0,4.0204
16,Rest,568.0999999999913,0.0,4.0204
16,Rest,568.1999999999971,0.0,4.0204
16,Rest,568.3000000000029,0.0,4.0204
16,Rest,568.3999999999942,0.0,4.0204
16,Rest,568.5,0.0,4.0204
16,Rest,568.5999999999913,0.0,4.0204
16,Rest,568.6999999999971,0.0,4.0203
16,Rest,568.8000000000029,0.0,4.0204
16,Rest,568.8999999999942,0.0,4.0204
16,Rest,569.0,0.0,4.0204
16,Rest,569.0999999999913,0.0,4.0204
16,Rest,569.1999999999971,0.0,4.0204
16,Rest,569.3000000000029,0.0,4.0204
16,Rest,569.3999999999942,0.0,4.0204
16,Rest,569.5,0.0,4.0203
16,Rest,569.5999999999913,0.0,4.0203
16,Rest,569.6999999999971,0.0,4.0203
16,Rest,569.8000000000029,0.0,4.0204
16,Rest,569.8999999999942,0.0,4.0204
16,Rest,570.0,0.0,4.0203
16,Rest,570.0999999999913,0.0,4.0203
16,Rest,570.1999999999971,0.0,4.0204
16,Rest,570.3000000000029,0.0,4.0204
16,Rest,570.3999999999942,0.0,4.0204
16,Rest,570.5,0.0,4.0204
16,Rest,570.5999999999913,0.0,4.0204
16,Rest,570.6999999999971,0.0,4.0204
16,Rest,570.8000000000029,0.0,4.0204
16,Rest,570.8999999999942,0.0,4.0204
16,Rest,571.0,0.0,4.0203
16,Rest,571.0999999999913,0.0,4.0204
16,Rest,571.1999999999971,0.0,4.0204
16,Rest,571.3000000000029,0.0,4.0204
16,Rest,571.3999999999942,0.0,4.0204
16,Rest,571.5,0.0,4.0204
16,Rest,571.5999999999913,0.0,4.0204
16,Rest,571.6999999999971,0.0,4.0204
16,Rest,571.8000000000029,0.0,4.0204
16,Rest,571.8999999999942,0.0,4.0203
16,Rest,572.0,0.0,4.0204
16,Rest,572.0999999999913,0.0,4.0204
16,Rest,572.1999999999971,0.0,4.0204
16,Rest,572.3000000000029,0.0,4.0204
16,Rest,572.3999999999942,0.0,4.0204
16,Rest,572.5,0.0,4.0204
16,Rest,572.5999999999913,0.0,4.0204
16,Rest,572.6999999999971,0.0,4.0204
16,Rest,572.8000000000029,0.0,4.0204
16,Rest,572.8999999999942,0.0,4.0204
16,Rest,573.0,0.0,4.0204
16,Rest,573.0999999999913,0.0,4.0204
16,Rest,573.1999999999971,0.0,4.0204
16,Rest,573.3000000000029,0.0,4.0204
16,Rest,573.3999999999942,0.0,4.0204
16,Rest,573.5,0.0,4.0204
16,Rest,573.5999999999913,0.0,4.0204
16,Rest,573.6999999999971,0.0,4.0204
16,Rest,573.8000000000029,0.0,4.0204
16,Rest,573.8999999999942,0.0,4.0204
16,Rest,574.0,0.0,4.0204
16,Rest,574.0999999999913,0.0,4.0204
16,Rest,574.1999999999971,0.0,4.0204
16,Rest,574.3000000000029,0.0,4.0204
16,Rest,574.3999999999942,0.0,4.0204
16,Rest,574.5,0.0,4.0204
16,Rest,574.5999999999913,0.0,4.0204
16,Rest,574.6999999999971,0.0,4.0204
16,Rest,574.8000000000029,0.0,4.0204
16,Rest,574.8999999999942,0.0,4.0204
16,Rest,575.0,0.0,4.0204
16,Rest,575.0999999999913,0.0,4.0204
16,Rest,575.1999999999971,0.0,4.0204
16,Rest,575.3000000000029,0.0,4.0204
16,Rest,575.3999999999942,0.0,4.0204
16,Rest,575.5,0.0,4.0204
16,Rest,575.5999999999913,0.0,4.0204
16,Rest,575.6999999999971,0.0,4.0204
16,Rest,575.8000000000029,0.0,4.0204
16,Rest,575.8999999999942,0.0,4.0204
16,Rest,576.0,0.0,4.0204
16,Rest,576.0999999999913,0.0,4.0204
16,Rest,576.1999999999971,0.0,4.0205
16,Rest,576.3000000000029,0.0,4.0204
16,Rest,576.3999999999942,0.0,4.0204
16,Rest,576.5,0.0,4.0205
16,Rest,576.5999999999913,0.0,4.0205
16,Rest,576.6999999999971,0.0,4.0205
16,Rest,576.8000000000029,0.0,4.0205
16,Rest,576.8999999999942,0.0,4.0205
16,Rest,577.0,0.0,4.0204
16,Rest,577.0999999999913,0.0,4.0205
16,Rest,577.1999999999971,0.0,4.0205
16,Rest,577.3000000000029,0.0,4.0205
16,Rest,577.3999999999942,0.0,4.0204
16,Rest,577.5,0.0,4.0204
16,Rest,577.5999999999913,0.0,4.0205
16,Rest,577.6999999999971,0.0,4.0205
16,Rest,577.8000000000029,0.0,4.0205
16,Rest,577.8999999999942,0.0,4.0204
16,Rest,578.0,0.0,4.0204
16,Rest,578.0999999999913,0.0,4.0204
16,Rest,578.1999999999971,0.0,4.0205
16,Rest,578.3000000000029,0.0,4.0205
16,Rest,578.3999999999942,0.0,4.0205
16,Rest,578.5,0.0,4.0204
16,Rest,578.5999999999913,0.0,4.0204
16,Rest,578.6999999999971,0.0,4.0204
16,Rest,578.8000000000029,0.0,4.0204
16,Rest,578.8999999999942,0.0,4.0204
16,Rest,579.0,0.0,4.0205
16,Rest,579.0999999999913,0.0,4.0204
16,Rest,579.1999999999971,0.0,4.0204
16,Rest,579.3000000000029,0.0,4.0205
16,Rest,579.3999999999942,0.0,4.0205
16,Rest,579.5,0.0,4.0205
16,Rest,579.5999999999913,0.0,4.0204
16,Rest,579.6999999999971,0.0,4.0204
16,Rest,579.8000000000029,0.0,4.0204
16,Rest,579.8999999999942,0.0,4.0205
16,Rest,580.0,0.0,4.0205
16,Rest,580.0999999999913,0.0,4.0205
16,Rest,580.1999999999971,0.0,4.0205
16,Rest,580.3000000000029,0.0,4.0205
16,Rest,580.3999999999942,0.0,4.0205
16,Rest,580.5,0.0,4.0205
16,Rest,580.5999999999913,0.0,4.0204
16,Rest,580.6999999999971,0.0,4.0204
16,Rest,580.8000000000029,0.0,4.0204
16,Rest,580.8999999999942,0.0,4.0204
16,Rest,581.0,0.0,4.0205
16,Rest,581.0999999999913,0.0,4.0205
16,Rest,581.1999999999971,0.0,4.0205
16,Rest,581.3000000000029,0.0,4.0205
