Step,Step Type,"t,s","I,A","U,V"
53,CC DChg,0.0,-1.697,3.5063
53,CC DChg,1.099999999976717,-1.697,3.5063
53,CC DChg,2.2000000000116415,-1.6976,3.5045
53,CC DChg,3.2999999999883585,-1.6983,3.5041
53,CC DChg,4.399999999965075,-1.6987,3.503
53,CC DChg,5.5,-1.6989,3.5023
53,CC DChg,6.599999999976717,-1.6991,3.5018
53,CC DChg,7.7000000000116415,-1.6992,3.5013
53,CC DChg,7.890909090870991,-1.6992,3.5009
53,CC DChg,8.081818181846756,-1.6993,3.5005
53,CC DChg,8.272727272706106,-1.6993,3.5002
53,CC DChg,8.463636363681871,-1.6994,3.4999
53,CC DChg,8.654545454541221,-1.6994,3.4996
53,CC DChg,8.845454545516986,-1.6994,3.4993
53,CC DChg,9.036363636376336,-1.6995,3.499
53,CC DChg,9.227272727293894,-1.6995,3.4987
53,CC DChg,9.418181818153244,-1.6995,3.4984
53,CC DChg,9.609090909070801,-1.6995,3.4982
53,CC DChg,9.717355371860322,-1.6995,3.498
53,CC DChg,9.82561983470805,-1.6996,3.4977
53,CC DChg,9.93388429749757,-1.6996,3.4975
53,CC DChg,10.042148760287091,-1.6996,3.4972
53,CC DChg,10.150413223193027,-1.6996,3.497
53,CC DChg,10.25867768592434,-1.6996,3.4969
53,CC DChg,10.366942148772068,-1.6996,3.4966
53,CC DChg,10.475206611561589,-1.6996,3.4965
53,CC DChg,10.583471074409317,-1.6997,3.4963
53,CC DChg,10.691735537198838,-1.6997,3.496
53,CC DChg,10.792486851976719,-1.6997,3.4959
53,CC DChg,10.893238166812807,-1.6997,3.4957
53,CC DChg,10.993989481590688,-1.6997,3.4955
53,CC DChg,11.09474079636857,-1.6997,3.4953
53,CC DChg,11.195492111204658,-1.6997,3.4951
53,CC DChg,11.296243425982539,-1.6997,3.495
53,CC DChg,11.39699474076042,-1.6997,3.4948
53,CC DChg,11.497746055596508,-1.6997,3.4946
53,CC DChg,11.598497370374389,-1.6997,3.4944
53,CC DChg,11.699248685210478,-1.6997,3.4943
53,CC DChg,11.79931698658038,-1.6997,3.4941
53,CC DChg,11.899385287892073,-1.6998,3.4939
53,CC DChg,11.999453589261975,-1.6998,3.4938
53,CC DChg,12.09952189057367,-1.6998,3.4936
53,CC DChg,12.199590192001779,-1.6998,3.4934
53,CC DChg,12.299658493255265,-1.6998,3.4932
53,CC DChg,12.39972679456696,-1.6998,3.4931
53,CC DChg,12.499795095995069,-1.6998,3.493
53,CC DChg,12.599863397306763,-1.6998,3.4928
53,CC DChg,12.699931698560249,-1.6998,3.4927
53,CC DChg,12.799937907897402,-1.6998,3.4925
53,CC DChg,12.899944117059931,-1.6998,3.4923
53,CC DChg,12.999950326280668,-1.6998,3.4922
53,CC DChg,13.099956535501406,-1.6998,3.492
53,CC DChg,13.199962744722143,-1.6998,3.4919
53,CC DChg,13.299968953884672,-1.6998,3.4917
53,CC DChg,13.39997516310541,-1.6998,3.4916
53,CC DChg,13.499981372326147,-1.6998,3.4914
53,CC DChg,13.599987581605092,-1.6998,3.4913
53,CC DChg,13.699993790767621,-1.6998,3.4912
53,CC DChg,13.799994355242234,-1.6998,3.491
53,CC DChg,13.899994919716846,-1.6998,3.4909
53,CC DChg,13.999995484191459,-1.6998,3.4907
53,CC DChg,14.099996048666071,-1.6998,3.4906
53,CC DChg,14.199996613198891,-1.6998,3.4905
53,CC DChg,14.299997177615296,-1.6998,3.4903
53,CC DChg,14.399997742089909,-1.6998,3.4902
53,CC DChg,14.499998306564521,-1.6998,3.4901
53,CC DChg,14.599998871097341,-1.6998,3.49
53,CC DChg,14.699999435513746,-1.6998,3.4898
53,CC DChg,14.799999486887828,-1.6998,3.4897
53,CC DChg,14.899999538145494,-1.6998,3.4896
53,CC DChg,14.999999589461368,-1.6998,3.4894
53,CC DChg,15.099999640777241,-1.6998,3.4893
53,CC DChg,15.199999692093115,-1.6998,3.4892
53,CC DChg,15.29999974340899,-1.6998,3.489
53,CC DChg,15.399999794724863,-1.6998,3.4889
53,CC DChg,15.499999846040737,-1.6998,3.4888
53,CC DChg,15.59999989735661,-1.6998,3.4887
53,CC DChg,15.699999948672485,-1.6998,3.4885
53,CC DChg,15.799999953364022,-1.6998,3.4884
53,CC DChg,15.899999957997352,-1.6998,3.4883
53,CC DChg,15.99999996268889,-1.6998,3.4881
53,CC DChg,16.09999996726401,-1.6998,3.488
53,CC DChg,16.199999972013757,-1.6998,3.4879
53,CC DChg,16.299999976705294,-1.6998,3.4878
53,CC DChg,16.399999981338624,-1.6998,3.4877
53,CC DChg,16.499999985971954,-1.6998,3.4875
53,CC DChg,16.59999999066349,-1.6998,3.4874
53,CC DChg,16.69999999529682,-1.6998,3.4873
53,CC DChg,16.7999999957392,-1.6998,3.4872
53,CC DChg,16.89999999612337,-1.6998,3.4871
53,CC DChg,16.999999996565748,-1.6998,3.487
53,CC DChg,17.099999997008126,-1.6998,3.4868
53,CC DChg,17.199999997508712,-1.6998,3.4867
53,CC DChg,17.299999997834675,-1.6998,3.4866
53,CC DChg,17.399999998277053,-1.6998,3.4865
53,CC DChg,17.49999999871943,-1.6998,3.4864
53,CC DChg,17.59999999916181,-1.6998,3.4863
53,CC DChg,17.699999999604188,-1.6998,3.4861
53,CC DChg,17.799999999580905,-1.6998,3.486
53,CC DChg,17.89999999961583,-1.6998,3.4859
53,CC DChg,17.999999999650754,-1.6998,3.4858
53,CC DChg,18.09999999968568,-1.6998,3.4857
53,CC DChg,18.199999999662396,-1.6998,3.4856
53,CC DChg,18.299999999813735,-1.6998,3.4854
53,CC DChg,18.399999999906868,-1.6998,3.4853
53,CC DChg,18.499999999883585,-1.6998,3.4852
53,CC DChg,18.59999999991851,-1.6998,3.4851
53,CC DChg,18.70000000001164,-1.6998,3.485
53,CC DChg,18.79999999998836,-1.6998,3.4849
53,CC DChg,18.899999999965075,-1.6998,3.4848
53,CC DChg,19.0,-1.6998,3.4847
53,CC DChg,19.099999999976717,-1.6998,3.4845
53,CC DChg,19.20000000001164,-1.6998,3.4844
53,CC DChg,19.29999999998836,-1.6998,3.4844
53,CC DChg,19.399999999965075,-1.6998,3.4843
53,CC DChg,19.5,-1.6998,3.4842
53,CC DChg,19.599999999976717,-1.6998,3.4841
53,CC DChg,19.70000000001164,-1.6998,3.4839
53,CC DChg,19.79999999998836,-1.6997,3.4838
53,CC DChg,19.899999999965075,-1.6997,3.4837
53,CC DChg,20.0,-1.6997,3.4836
53,CC DChg,20.099999999976717,-1.6997,3.4835
53,CC DChg,20.20000000001164,-1.6997,3.4834
53,CC DChg,20.29999999998836,-1.6997,3.4833
53,CC DChg,20.399999999965075,-1.6997,3.4832
53,CC DChg,20.5,-1.6997,3.4831
53,CC DChg,20.599999999976717,-1.6997,3.483
53,CC DChg,20.70000000001164,-1.6997,3.4829
53,CC DChg,20.79999999998836,-1.6997,3.4828
53,CC DChg,20.899999999965075,-1.6997,3.4827
53,CC DChg,21.0,-1.6997,3.4826
53,CC DChg,21.099999999976717,-1.6997,3.4824
53,CC DChg,21.20000000001164,-1.6997,3.4823
53,CC DChg,21.29999999998836,-1.6997,3.4823
53,CC DChg,21.399999999965075,-1.6997,3.4822
53,CC DChg,21.5,-1.6997,3.4821
53,CC DChg,21.599999999976717,-1.6997,3.482
53,CC DChg,21.70000000001164,-1.6997,3.4819
53,CC DChg,21.79999999998836,-1.6997,3.4818
53,CC DChg,21.899999999965075,-1.6997,3.4817
53,CC DChg,22.0,-1.6997,3.4815
53,CC DChg,22.099999999976717,-1.6997,3.4814
53,CC DChg,22.20000000001164,-1.6997,3.4814
53,CC DChg,22.29999999998836,-1.6997,3.4813
53,CC DChg,22.399999999965075,-1.6997,3.4812
53,CC DChg,22.5,-1.6997,3.481
53,CC DChg,22.599999999976717,-1.6997,3.481
53,CC DChg,22.70000000001164,-1.6997,3.4809
53,CC DChg,22.79999999998836,-1.6997,3.4808
53,CC DChg,22.899999999965075,-1.6997,3.4807
53,CC DChg,23.0,-1.6997,3.4805
53,CC DChg,23.099999999976717,-1.6997,3.4804
53,CC DChg,23.20000000001164,-1.6997,3.4803
53,CC DChg,23.29999999998836,-1.6997,3.4802
53,CC DChg,23.399999999965075,-1.6997,3.4801
53,CC DChg,23.5,-1.6998,3.48
53,CC DChg,23.599999999976717,-1.6998,3.4799
53,CC DChg,23.70000000001164,-1.6998,3.4798
53,CC DChg,23.79999999998836,-1.6998,3.4797
53,CC DChg,23.899999999965075,-1.6998,3.4797
53,CC DChg,24.0,-1.6998,3.4795
53,CC DChg,24.099999999976717,-1.6998,3.4795
53,CC DChg,24.20000000001164,-1.6998,3.4794
53,CC DChg,24.29999999998836,-1.6998,3.4793
53,CC DChg,24.399999999965075,-1.6998,3.4792
53,CC DChg,24.5,-1.6998,3.4791
53,CC DChg,24.599999999976717,-1.6997,3.479
53,CC DChg,24.70000000001164,-1.6997,3.4789
53,CC DChg,24.79999999998836,-1.6997,3.4788
53,CC DChg,24.899999999965075,-1.6997,3.4787
53,CC DChg,25.0,-1.6998,3.4786
53,CC DChg,25.099999999976717,-1.6998,3.4785
53,CC DChg,25.20000000001164,-1.6998,3.4784
53,CC DChg,25.29999999998836,-1.6998,3.4783
53,CC DChg,25.399999999965075,-1.6998,3.4782
53,CC DChg,25.5,-1.6998,3.4781
53,CC DChg,25.599999999976717,-1.6998,3.4781
53,CC DChg,25.70000000001164,-1.6998,3.478
53,CC DChg,25.79999999998836,-1.6998,3.4779
53,CC DChg,25.899999999965075,-1.6998,3.4778
53,CC DChg,26.0,-1.6998,3.4777
53,CC DChg,26.099999999976717,-1.6998,3.4776
53,CC DChg,26.20000000001164,-1.6998,3.4775
53,CC DChg,26.29999999998836,-1.6998,3.4774
53,CC DChg,26.399999999965075,-1.6998,3.4773
53,CC DChg,26.5,-1.6998,3.4773
53,CC DChg,26.599999999976717,-1.6997,3.4772
53,CC DChg,26.70000000001164,-1.6997,3.4771
53,CC DChg,26.79999999998836,-1.6997,3.477
53,CC DChg,26.899999999965075,-1.6997,3.4769
53,CC DChg,27.0,-1.6997,3.4768
53,CC DChg,27.099999999976717,-1.6997,3.4767
53,CC DChg,27.20000000001164,-1.6997,3.4766
53,CC DChg,27.29999999998836,-1.6997,3.4765
53,CC DChg,27.399999999965075,-1.6997,3.4764
53,CC DChg,27.5,-1.6997,3.4763
53,CC DChg,27.599999999976717,-1.6997,3.4763
53,CC DChg,27.70000000001164,-1.6997,3.4762
53,CC DChg,27.79999999998836,-1.6997,3.4761
53,CC DChg,27.899999999965075,-1.6997,3.476
53,CC DChg,28.0,-1.6997,3.4759
53,CC DChg,28.099999999976717,-1.6997,3.4758
53,CC DChg,28.20000000001164,-1.6997,3.4757
53,CC DChg,28.29999999998836,-1.6997,3.4756
53,CC DChg,28.399999999965075,-1.6998,3.4756
53,CC DChg,28.5,-1.6998,3.4755
53,CC DChg,28.599999999976717,-1.6998,3.4754
53,CC DChg,28.70000000001164,-1.6998,3.4753
53,CC DChg,28.79999999998836,-1.6998,3.4752
53,CC DChg,28.899999999965075,-1.6998,3.4751
53,CC DChg,29.0,-1.6998,3.4751
53,CC DChg,29.099999999976717,-1.6998,3.475
53,CC DChg,29.20000000001164,-1.6998,3.4749
53,CC DChg,29.29999999998836,-1.6998,3.4748
53,CC DChg,29.399999999965075,-1.6998,3.4747
53,CC DChg,29.5,-1.6998,3.4746
53,CC DChg,29.599999999976717,-1.6998,3.4745
53,CC DChg,29.70000000001164,-1.6998,3.4745
53,CC DChg,29.79999999998836,-1.6998,3.4744
53,CC DChg,29.899999999965075,-1.6998,3.4743
53,CC DChg,30.0,-1.6998,3.4742
53,CC DChg,30.099999999976717,-1.6997,3.4741
53,CC DChg,30.20000000001164,-1.6997,3.474
53,CC DChg,30.29999999998836,-1.6997,3.474
53,CC DChg,30.399999999965075,-1.6997,3.4739
53,CC DChg,30.5,-1.6997,3.4738
53,CC DChg,30.599999999976717,-1.6997,3.4737
53,CC DChg,30.70000000001164,-1.6997,3.4736
53,CC DChg,30.79999999998836,-1.6997,3.4735
53,CC DChg,30.899999999965075,-1.6997,3.4734
53,CC DChg,31.0,-1.6997,3.4733
53,CC DChg,31.099999999976717,-1.6997,3.4733
53,CC DChg,31.20000000001164,-1.6997,3.4732
53,CC DChg,31.29999999998836,-1.6998,3.4731
53,CC DChg,31.399999999965075,-1.6998,3.473
53,CC DChg,31.5,-1.6998,3.4729
53,CC DChg,31.599999999976717,-1.6998,3.4728
53,CC DChg,31.70000000001164,-1.6998,3.4727
53,CC DChg,31.79999999998836,-1.6998,3.4726
53,CC DChg,31.899999999965075,-1.6998,3.4726
53,CC DChg,32.0,-1.6998,3.4725
53,CC DChg,32.09999999997672,-1.6998,3.4724
53,CC DChg,32.20000000001164,-1.6998,3.4723
53,CC DChg,32.29999999998836,-1.6998,3.4722
53,CC DChg,32.399999999965075,-1.6998,3.4722
53,CC DChg,32.5,-1.6998,3.4721
53,CC DChg,32.59999999997672,-1.6998,3.472
53,CC DChg,32.70000000001164,-1.6998,3.472
53,CC DChg,32.79999999998836,-1.6998,3.4719
53,CC DChg,32.899999999965075,-1.6998,3.4717
53,CC DChg,33.0,-1.6998,3.4717
53,CC DChg,33.09999999997672,-1.6998,3.4716
53,CC DChg,33.20000000001164,-1.6998,3.4716
53,CC DChg,33.29999999998836,-1.6998,3.4715
53,CC DChg,33.399999999965075,-1.6998,3.4714
53,CC DChg,33.5,-1.6998,3.4713
53,CC DChg,33.59999999997672,-1.6998,3.4713
53,CC DChg,33.70000000001164,-1.6998,3.4712
53,CC DChg,33.79999999998836,-1.6998,3.4711
53,CC DChg,33.899999999965075,-1.6998,3.471
53,CC DChg,34.0,-1.6998,3.4709
53,CC DChg,34.09999999997672,-1.6998,3.4708
53,CC DChg,34.20000000001164,-1.6998,3.4708
53,CC DChg,34.29999999998836,-1.6998,3.4707
53,CC DChg,34.399999999965075,-1.6998,3.4706
53,CC DChg,34.5,-1.6998,3.4705
53,CC DChg,34.59999999997672,-1.6998,3.4705
53,CC DChg,34.70000000001164,-1.6998,3.4704
53,CC DChg,34.79999999998836,-1.6998,3.4703
53,CC DChg,34.899999999965075,-1.6998,3.4702
53,CC DChg,35.0,-1.6998,3.4702
53,CC DChg,35.09999999997672,-1.6998,3.4701
53,CC DChg,35.20000000001164,-1.6998,3.47
53,CC DChg,35.29999999998836,-1.6998,3.4699
53,CC DChg,35.399999999965075,-1.6998,3.4698
53,CC DChg,35.5,-1.6998,3.4697
53,CC DChg,35.59999999997672,-1.6998,3.4697
53,CC DChg,35.70000000001164,-1.6998,3.4696
53,CC DChg,35.79999999998836,-1.6998,3.4695
53,CC DChg,35.899999999965075,-1.6998,3.4695
53,CC DChg,36.0,-1.6998,3.4693
53,CC DChg,36.09999999997672,-1.6998,3.4693
53,CC DChg,36.20000000001164,-1.6997,3.4692
53,CC DChg,36.29999999998836,-1.6997,3.4692
53,CC DChg,36.399999999965075,-1.6998,3.4691
53,CC DChg,36.5,-1.6998,3.469
53,CC DChg,36.59999999997672,-1.6998,3.4689
53,CC DChg,36.70000000001164,-1.6998,3.4688
53,CC DChg,36.79999999998836,-1.6998,3.4688
53,CC DChg,36.899999999965075,-1.6998,3.4687
53,CC DChg,37.0,-1.6998,3.4686
53,CC DChg,37.09999999997672,-1.6998,3.4685
53,CC DChg,37.20000000001164,-1.6998,3.4685
53,CC DChg,37.29999999998836,-1.6997,3.4684
53,CC DChg,37.399999999965075,-1.6997,3.4683
53,CC DChg,37.5,-1.6997,3.4683
53,CC DChg,37.59999999997672,-1.6997,3.4682
53,CC DChg,37.70000000001164,-1.6997,3.4681
53,CC DChg,37.79999999998836,-1.6997,3.468
53,CC DChg,37.899999999965075,-1.6997,3.468
53,CC DChg,38.0,-1.6997,3.4679
53,CC DChg,38.09999999997672,-1.6997,3.4678
53,CC DChg,38.20000000001164,-1.6997,3.4677
53,CC DChg,38.29999999998836,-1.6997,3.4677
53,CC DChg,38.399999999965075,-1.6997,3.4676
53,CC DChg,38.5,-1.6997,3.4675
53,CC DChg,38.59999999997672,-1.6997,3.4674
53,CC DChg,38.70000000001164,-1.6997,3.4674
53,CC DChg,38.79999999998836,-1.6997,3.4673
53,CC DChg,38.899999999965075,-1.6997,3.4672
53,CC DChg,39.0,-1.6997,3.4672
53,CC DChg,39.09999999997672,-1.6997,3.4671
53,CC DChg,39.20000000001164,-1.6997,3.467
53,CC DChg,39.29999999998836,-1.6997,3.467
53,CC DChg,39.399999999965075,-1.6997,3.4669
53,CC DChg,39.5,-1.6997,3.4668
53,CC DChg,39.59999999997672,-1.6997,3.4668
53,CC DChg,39.70000000001164,-1.6997,3.4667
53,CC DChg,39.79999999998836,-1.6997,3.4666
53,CC DChg,39.899999999965075,-1.6997,3.4665
53,CC DChg,40.0,-1.6997,3.4665
53,CC DChg,40.09999999997672,-1.6997,3.4664
53,CC DChg,40.20000000001164,-1.6997,3.4663
53,CC DChg,40.29999999998836,-1.6997,3.4663
53,CC DChg,40.399999999965075,-1.6997,3.4662
53,CC DChg,40.5,-1.6997,3.4661
53,CC DChg,40.59999999997672,-1.6997,3.4661
53,CC DChg,40.70000000001164,-1.6997,3.466
53,CC DChg,40.79999999998836,-1.6997,3.4659
53,CC DChg,40.899999999965075,-1.6997,3.4659
53,CC DChg,41.0,-1.6997,3.4658
53,CC DChg,41.09999999997672,-1.6997,3.4657
53,CC DChg,41.20000000001164,-1.6997,3.4657
53,CC DChg,41.29999999998836,-1.6997,3.4656
53,CC DChg,41.399999999965075,-1.6997,3.4655
53,CC DChg,41.5,-1.6997,3.4655
53,CC DChg,41.59999999997672,-1.6997,3.4654
53,CC DChg,41.70000000001164,-1.6997,3.4653
53,CC DChg,41.79999999998836,-1.6997,3.4653
53,CC DChg,41.899999999965075,-1.6997,3.4652
53,CC DChg,42.0,-1.6997,3.4652
53,CC DChg,42.09999999997672,-1.6997,3.4651
53,CC DChg,42.20000000001164,-1.6997,3.465
53,CC DChg,42.29999999998836,-1.6997,3.465
53,CC DChg,42.399999999965075,-1.6997,3.4649
53,CC DChg,42.5,-1.6997,3.4648
53,CC DChg,42.59999999997672,-1.6997,3.4648
53,CC DChg,42.70000000001164,-1.6997,3.4647
53,CC DChg,42.79999999998836,-1.6997,3.4646
53,CC DChg,42.899999999965075,-1.6997,3.4645
53,CC DChg,43.0,-1.6997,3.4645
53,CC DChg,43.09999999997672,-1.6997,3.4644
53,CC DChg,43.20000000001164,-1.6997,3.4643
53,CC DChg,43.29999999998836,-1.6997,3.4642
53,CC DChg,43.399999999965075,-1.6997,3.4642
53,CC DChg,43.5,-1.6997,3.4641
53,CC DChg,43.59999999997672,-1.6997,3.4641
53,CC DChg,43.70000000001164,-1.6997,3.464
53,CC DChg,43.79999999998836,-1.6997,3.464
53,CC DChg,43.899999999965075,-1.6997,3.4639
53,CC DChg,44.0,-1.6997,3.4638
53,CC DChg,44.09999999997672,-1.6997,3.4638
53,CC DChg,44.20000000001164,-1.6997,3.4637
53,CC DChg,44.29999999998836,-1.6997,3.4636
53,CC DChg,44.399999999965075,-1.6997,3.4636
53,CC DChg,44.5,-1.6997,3.4635
53,CC DChg,44.59999999997672,-1.6997,3.4634
53,CC DChg,44.70000000001164,-1.6997,3.4633
53,CC DChg,44.79999999998836,-1.6997,3.4633
53,CC DChg,44.899999999965075,-1.6997,3.4632
53,CC DChg,45.0,-1.6998,3.4632
53,CC DChg,45.09999999997672,-1.6998,3.4631
53,CC DChg,45.20000000001164,-1.6998,3.463
53,CC DChg,45.29999999998836,-1.6998,3.463
53,CC DChg,45.399999999965075,-1.6998,3.4629
53,CC DChg,45.5,-1.6998,3.4628
53,CC DChg,45.59999999997672,-1.6998,3.4628
53,CC DChg,45.70000000001164,-1.6998,3.4627
53,CC DChg,45.79999999998836,-1.6998,3.4626
53,CC DChg,45.899999999965075,-1.6998,3.4626
53,CC DChg,46.0,-1.6998,3.4625
53,CC DChg,46.09999999997672,-1.6998,3.4625
53,CC DChg,46.20000000001164,-1.6998,3.4624
53,CC DChg,46.29999999998836,-1.6998,3.4624
53,CC DChg,46.399999999965075,-1.6998,3.4622
53,CC DChg,46.5,-1.6998,3.4622
53,CC DChg,46.59999999997672,-1.6998,3.4621
53,CC DChg,46.70000000001164,-1.6998,3.462
53,CC DChg,46.79999999998836,-1.6998,3.462
53,CC DChg,46.899999999965075,-1.6998,3.462
53,CC DChg,47.0,-1.6998,3.4619
53,CC DChg,47.09999999997672,-1.6998,3.4618
53,CC DChg,47.20000000001164,-1.6998,3.4617
53,CC DChg,47.29999999998836,-1.6998,3.4617
53,CC DChg,47.399999999965075,-1.6998,3.4616
53,CC DChg,47.5,-1.6998,3.4616
53,CC DChg,47.59999999997672,-1.6998,3.4615
53,CC DChg,47.70000000001164,-1.6998,3.4614
53,CC DChg,47.79999999998836,-1.6998,3.4614
53,CC DChg,47.899999999965075,-1.6998,3.4613
53,CC DChg,48.0,-1.6998,3.4612
53,CC DChg,48.09999999997672,-1.6998,3.4612
53,CC DChg,48.20000000001164,-1.6998,3.4611
53,CC DChg,48.29999999998836,-1.6998,3.4611
53,CC DChg,48.399999999965075,-1.6998,3.461
53,CC DChg,48.5,-1.6998,3.4609
53,CC DChg,48.59999999997672,-1.6998,3.4609
53,CC DChg,48.70000000001164,-1.6998,3.4608
53,CC DChg,48.79999999998836,-1.6998,3.4608
53,CC DChg,48.899999999965075,-1.6998,3.4607
53,CC DChg,49.0,-1.6998,3.4606
53,CC DChg,49.09999999997672,-1.6998,3.4606
53,CC DChg,49.20000000001164,-1.6998,3.4605
53,CC DChg,49.29999999998836,-1.6998,3.4604
53,CC DChg,49.399999999965075,-1.6998,3.4604
53,CC DChg,49.5,-1.6998,3.4603
53,CC DChg,49.59999999997672,-1.6998,3.4603
53,CC DChg,49.70000000001164,-1.6998,3.4602
53,CC DChg,49.79999999998836,-1.6998,3.4601
53,CC DChg,49.899999999965075,-1.6998,3.4601
53,CC DChg,50.0,-1.6998,3.46
53,CC DChg,50.09999999997672,-1.6998,3.4599
53,CC DChg,50.20000000001164,-1.6998,3.4599
53,CC DChg,50.29999999998836,-1.6998,3.4599
53,CC DChg,50.399999999965075,-1.6998,3.4598
53,CC DChg,50.5,-1.6998,3.4598
53,CC DChg,50.59999999997672,-1.6998,3.4597
53,CC DChg,50.70000000001164,-1.6998,3.4596
53,CC DChg,50.79999999998836,-1.6998,3.4595
53,CC DChg,50.899999999965075,-1.6998,3.4595
53,CC DChg,51.0,-1.6998,3.4594
53,CC DChg,51.09999999997672,-1.6998,3.4594
53,CC DChg,51.20000000001164,-1.6998,3.4593
53,CC DChg,51.29999999998836,-1.6998,3.4593
53,CC DChg,51.399999999965075,-1.6998,3.4592
53,CC DChg,51.5,-1.6998,3.4591
53,CC DChg,51.59999999997672,-1.6998,3.459
53,CC DChg,51.70000000001164,-1.6998,3.459
53,CC DChg,51.79999999998836,-1.6998,3.459
53,CC DChg,51.899999999965075,-1.6998,3.4589
53,CC DChg,52.0,-1.6998,3.4588
53,CC DChg,52.09999999997672,-1.6998,3.4588
53,CC DChg,52.20000000001164,-1.6998,3.4587
53,CC DChg,52.29999999998836,-1.6998,3.4586
53,CC DChg,52.399999999965075,-1.6998,3.4586
53,CC DChg,52.5,-1.6998,3.4585
53,CC DChg,52.59999999997672,-1.6998,3.4585
53,CC DChg,52.70000000001164,-1.6998,3.4584
53,CC DChg,52.79999999998836,-1.6998,3.4583
53,CC DChg,52.899999999965075,-1.6998,3.4583
53,CC DChg,53.0,-1.6998,3.4582
53,CC DChg,53.09999999997672,-1.6998,3.4581
53,CC DChg,53.20000000001164,-1.6998,3.4581
53,CC DChg,53.29999999998836,-1.6998,3.458
53,CC DChg,53.399999999965075,-1.6998,3.458
53,CC DChg,53.5,-1.6998,3.4579
53,CC DChg,53.59999999997672,-1.6998,3.4579
53,CC DChg,53.70000000001164,-1.6998,3.4578
53,CC DChg,53.79999999998836,-1.6998,3.4578
53,CC DChg,53.899999999965075,-1.6998,3.4577
53,CC DChg,54.0,-1.6998,3.4577
53,CC DChg,54.09999999997672,-1.6998,3.4576
53,CC DChg,54.20000000001164,-1.6998,3.4575
53,CC DChg,54.29999999998836,-1.6998,3.4575
53,CC DChg,54.399999999965075,-1.6998,3.4575
53,CC DChg,54.5,-1.6998,3.4574
53,CC DChg,54.59999999997672,-1.6998,3.4573
53,CC DChg,54.70000000001164,-1.6998,3.4572
53,CC DChg,54.79999999998836,-1.6998,3.4572
53,CC DChg,54.899999999965075,-1.6998,3.4571
53,CC DChg,55.0,-1.6998,3.457
53,CC DChg,55.09999999997672,-1.6998,3.457
53,CC DChg,55.20000000001164,-1.6998,3.4569
53,CC DChg,55.29999999998836,-1.6998,3.4569
53,CC DChg,55.399999999965075,-1.6998,3.4568
53,CC DChg,55.5,-1.6998,3.4568
53,CC DChg,55.59999999997672,-1.6998,3.4567
53,CC DChg,55.70000000001164,-1.6998,3.4567
53,CC DChg,55.79999999998836,-1.6998,3.4566
53,CC DChg,55.899999999965075,-1.6998,3.4566
53,CC DChg,56.0,-1.6998,3.4565
53,CC DChg,56.09999999997672,-1.6998,3.4565
53,CC DChg,56.20000000001164,-1.6998,3.4564
53,CC DChg,56.29999999998836,-1.6998,3.4564
53,CC DChg,56.399999999965075,-1.6998,3.4563
53,CC DChg,56.5,-1.6998,3.4563
53,CC DChg,56.59999999997672,-1.6998,3.4562
53,CC DChg,56.70000000001164,-1.6998,3.4562
53,CC DChg,56.79999999998836,-1.6998,3.4561
53,CC DChg,56.899999999965075,-1.6998,3.4561
53,CC DChg,57.0,-1.6998,3.456
53,CC DChg,57.09999999997672,-1.6998,3.4559
53,CC DChg,57.20000000001164,-1.6998,3.4559
53,CC DChg,57.29999999998836,-1.6998,3.4558
53,CC DChg,57.399999999965075,-1.6998,3.4558
53,CC DChg,57.5,-1.6998,3.4557
53,CC DChg,57.59999999997672,-1.6998,3.4557
53,CC DChg,57.70000000001164,-1.6998,3.4556
53,CC DChg,57.79999999998836,-1.6998,3.4556
53,CC DChg,57.899999999965075,-1.6998,3.4555
53,CC DChg,58.0,-1.6998,3.4555
53,CC DChg,58.09999999997672,-1.6998,3.4554
53,CC DChg,58.20000000001164,-1.6998,3.4553
53,CC DChg,58.29999999998836,-1.6998,3.4553
53,CC DChg,58.399999999965075,-1.6998,3.4552
53,CC DChg,58.5,-1.6998,3.4552
53,CC DChg,58.59999999997672,-1.6998,3.4551
53,CC DChg,58.70000000001164,-1.6998,3.4551
53,CC DChg,58.79999999998836,-1.6998,3.455
53,CC DChg,58.899999999965075,-1.6998,3.455
53,CC DChg,59.0,-1.6998,3.455
53,CC DChg,59.09999999997672,-1.6998,3.4549
53,CC DChg,59.20000000001164,-1.6998,3.4548
53,CC DChg,59.29999999998836,-1.6998,3.4547
53,CC DChg,59.399999999965075,-1.6998,3.4547
53,CC DChg,59.5,-1.6998,3.4546
53,CC DChg,59.59999999997672,-1.6998,3.4546
53,CC DChg,59.70000000001164,-1.6998,3.4545
53,CC DChg,59.79999999998836,-1.6998,3.4545
53,CC DChg,59.899999999965075,-1.6998,3.4544
53,CC DChg,60.0,-1.6998,3.4544
53,CC DChg,60.09999999997672,-1.6998,3.4543
53,CC DChg,60.20000000001164,-1.6998,3.4543
53,CC DChg,60.29999999998836,-1.6998,3.4542
53,CC DChg,60.399999999965075,-1.6998,3.4542
53,CC DChg,60.5,-1.6998,3.4541
53,CC DChg,60.59999999997672,-1.6998,3.4541
53,CC DChg,60.70000000001164,-1.6998,3.454
53,CC DChg,60.79999999998836,-1.6998,3.454
53,CC DChg,60.899999999965075,-1.6998,3.4539
53,CC DChg,61.0,-1.6998,3.4539
53,CC DChg,61.09999999997672,-1.6998,3.4538
53,CC DChg,61.20000000001164,-1.6998,3.4538
53,CC DChg,61.29999999998836,-1.6998,3.4538
53,CC DChg,61.399999999965075,-1.6998,3.4537
53,CC DChg,61.5,-1.6998,3.4536
53,CC DChg,61.59999999997672,-1.6998,3.4535
53,CC DChg,61.70000000001164,-1.6998,3.4535
53,CC DChg,61.79999999998836,-1.6998,3.4535
53,CC DChg,61.899999999965075,-1.6998,3.4534
53,CC DChg,62.0,-1.6998,3.4533
53,CC DChg,62.09999999997672,-1.6998,3.4533
53,CC DChg,62.20000000001164,-1.6998,3.4532
53,CC DChg,62.29999999998836,-1.6998,3.4532
53,CC DChg,62.399999999965075,-1.6998,3.4531
53,CC DChg,62.5,-1.6998,3.4531
53,CC DChg,62.59999999997672,-1.6998,3.453
53,CC DChg,62.70000000001164,-1.6998,3.453
53,CC DChg,62.79999999998836,-1.6998,3.453
53,CC DChg,62.899999999965075,-1.6998,3.4529
53,CC DChg,63.0,-1.6998,3.4528
53,CC DChg,63.09999999997672,-1.6998,3.4527
53,CC DChg,63.20000000001164,-1.6998,3.4527
53,CC DChg,63.29999999998836,-1.6998,3.4527
53,CC DChg,63.399999999965075,-1.6998,3.4526
53,CC DChg,63.5,-1.6998,3.4526
53,CC DChg,63.59999999997672,-1.6998,3.4525
53,CC DChg,63.70000000001164,-1.6998,3.4524
53,CC DChg,63.79999999998836,-1.6998,3.4524
53,CC DChg,63.899999999965075,-1.6998,3.4523
53,CC DChg,64.0,-1.6998,3.4523
53,CC DChg,64.09999999997672,-1.6998,3.4522
53,CC DChg,64.20000000001164,-1.6998,3.4521
53,CC DChg,64.29999999998836,-1.6998,3.4521
53,CC DChg,64.39999999996508,-1.6998,3.4521
53,CC DChg,64.5,-1.6998,3.452
53,CC DChg,64.59999999997672,-1.6998,3.4519
53,CC DChg,64.70000000001164,-1.6998,3.4519
53,CC DChg,64.79999999998836,-1.6998,3.4519
53,CC DChg,64.89999999996508,-1.6998,3.4518
53,CC DChg,65.0,-1.6998,3.4518
53,CC DChg,65.09999999997672,-1.6998,3.4517
53,CC DChg,65.20000000001164,-1.6998,3.4517
53,CC DChg,65.29999999998836,-1.6998,3.4516
53,CC DChg,65.39999999996508,-1.6998,3.4515
53,CC DChg,65.5,-1.6998,3.4515
53,CC DChg,65.59999999997672,-1.6998,3.4515
53,CC DChg,65.70000000001164,-1.6998,3.4515
53,CC DChg,65.79999999998836,-1.6998,3.4514
53,CC DChg,65.89999999996508,-1.6998,3.4513
53,CC DChg,66.0,-1.6998,3.4513
53,CC DChg,66.09999999997672,-1.6998,3.4512
53,CC DChg,66.20000000001164,-1.6998,3.4511
53,CC DChg,66.29999999998836,-1.6998,3.4511
53,CC DChg,66.39999999996508,-1.6998,3.451
53,CC DChg,66.5,-1.6998,3.451
53,CC DChg,66.59999999997672,-1.6998,3.4509
53,CC DChg,66.70000000001164,-1.6998,3.4509
53,CC DChg,66.79999999998836,-1.6998,3.4509
53,CC DChg,66.89999999996508,-1.6998,3.4509
53,CC DChg,67.0,-1.6998,3.4507
53,CC DChg,67.09999999997672,-1.6998,3.4507
53,CC DChg,67.20000000001164,-1.6998,3.4507
53,CC DChg,67.29999999998836,-1.6998,3.4506
53,CC DChg,67.39999999996508,-1.6998,3.4506
53,CC DChg,67.5,-1.6998,3.4506
53,CC DChg,67.59999999997672,-1.6998,3.4505
53,CC DChg,67.70000000001164,-1.6998,3.4504
53,CC DChg,67.79999999998836,-1.6998,3.4503
53,CC DChg,67.89999999996508,-1.6998,3.4504
53,CC DChg,68.0,-1.6998,3.4503
53,CC DChg,68.09999999997672,-1.6998,3.4502
53,CC DChg,68.20000000001164,-1.6998,3.4502
53,CC DChg,68.29999999998836,-1.6998,3.4502
53,CC DChg,68.39999999996508,-1.6998,3.4501
53,CC DChg,68.5,-1.6998,3.45
53,CC DChg,68.59999999997672,-1.6998,3.45
53,CC DChg,68.70000000001164,-1.6998,3.45
53,CC DChg,68.79999999998836,-1.6998,3.4499
53,CC DChg,68.89999999996508,-1.6998,3.4499
53,CC DChg,69.0,-1.6998,3.4498
53,CC DChg,69.09999999997672,-1.6998,3.4498
53,CC DChg,69.20000000001164,-1.6998,3.4497
53,CC DChg,69.29999999998836,-1.6998,3.4497
53,CC DChg,69.39999999996508,-1.6998,3.4496
53,CC DChg,69.5,-1.6998,3.4496
53,CC DChg,69.59999999997672,-1.6998,3.4495
53,CC DChg,69.70000000001164,-1.6998,3.4495
53,CC DChg,69.79999999998836,-1.6998,3.4494
53,CC DChg,69.89999999996508,-1.6998,3.4494
53,CC DChg,70.0,-1.6998,3.4493
53,CC DChg,70.09999999997672,-1.6998,3.4493
53,CC DChg,70.20000000001164,-1.6998,3.4492
53,CC DChg,70.29999999998836,-1.6998,3.4492
53,CC DChg,70.39999999996508,-1.6998,3.4492
53,CC DChg,70.5,-1.6998,3.4491
53,CC DChg,70.59999999997672,-1.6998,3.4491
53,CC DChg,70.70000000001164,-1.6998,3.449
53,CC DChg,70.79999999998836,-1.6998,3.4489
53,CC DChg,70.89999999996508,-1.6998,3.4489
53,CC DChg,71.0,-1.6998,3.4489
53,CC DChg,71.09999999997672,-1.6998,3.4488
53,CC DChg,71.20000000001164,-1.6998,3.4488
53,CC DChg,71.29999999998836,-1.6998,3.4487
53,CC DChg,71.39999999996508,-1.6998,3.4486
53,CC DChg,71.5,-1.6998,3.4486
53,CC DChg,71.59999999997672,-1.6998,3.4486
53,CC DChg,71.70000000001164,-1.6998,3.4485
53,CC DChg,71.79999999998836,-1.6998,3.4485
53,CC DChg,71.89999999996508,-1.6998,3.4484
53,CC DChg,72.0,-1.6998,3.4484
53,CC DChg,72.09999999997672,-1.6998,3.4483
53,CC DChg,72.20000000001164,-1.6998,3.4483
53,CC DChg,72.29999999998836,-1.6998,3.4483
53,CC DChg,72.39999999996508,-1.6998,3.4482
53,CC DChg,72.5,-1.6998,3.4481
53,CC DChg,72.59999999997672,-1.6998,3.4481
53,CC DChg,72.70000000001164,-1.6998,3.448
53,CC DChg,72.79999999998836,-1.6998,3.448
53,CC DChg,72.89999999996508,-1.6998,3.448
53,CC DChg,73.0,-1.6998,3.4479
53,CC DChg,73.09999999997672,-1.6998,3.4479
53,CC DChg,73.20000000001164,-1.6998,3.4478
53,CC DChg,73.29999999998836,-1.6998,3.4478
53,CC DChg,73.39999999996508,-1.6998,3.4477
53,CC DChg,73.5,-1.6998,3.4477
53,CC DChg,73.59999999997672,-1.6998,3.4477
53,CC DChg,73.70000000001164,-1.6998,3.4476
53,CC DChg,73.79999999998836,-1.6998,3.4475
53,CC DChg,73.89999999996508,-1.6998,3.4475
53,CC DChg,74.0,-1.6998,3.4475
53,CC DChg,74.09999999997672,-1.6998,3.4474
53,CC DChg,74.20000000001164,-1.6998,3.4473
53,CC DChg,74.29999999998836,-1.6998,3.4473
53,CC DChg,74.39999999996508,-1.6998,3.4473
53,CC DChg,74.5,-1.6998,3.4472
53,CC DChg,74.59999999997672,-1.6998,3.4472
53,CC DChg,74.70000000001164,-1.6998,3.4471
53,CC DChg,74.79999999998836,-1.6998,3.4471
53,CC DChg,74.89999999996508,-1.6998,3.447
53,CC DChg,75.0,-1.6998,3.447
53,CC DChg,75.09999999997672,-1.6998,3.4469
53,CC DChg,75.20000000001164,-1.6998,3.4469
53,CC DChg,75.29999999998836,-1.6998,3.4469
53,CC DChg,75.39999999996508,-1.6998,3.4468
53,CC DChg,75.5,-1.6998,3.4468
53,CC DChg,75.59999999997672,-1.6998,3.4467
53,CC DChg,75.70000000001164,-1.6998,3.4467
53,CC DChg,75.79999999998836,-1.6998,3.4467
53,CC DChg,75.89999999996508,-1.6998,3.4466
53,CC DChg,76.0,-1.6998,3.4465
53,CC DChg,76.09999999997672,-1.6998,3.4465
53,CC DChg,76.20000000001164,-1.6998,3.4465
53,CC DChg,76.29999999998836,-1.6998,3.4464
53,CC DChg,76.39999999996508,-1.6998,3.4464
53,CC DChg,76.5,-1.6998,3.4463
53,CC DChg,76.59999999997672,-1.6998,3.4463
53,CC DChg,76.70000000001164,-1.6998,3.4463
53,CC DChg,76.79999999998836,-1.6998,3.4462
53,CC DChg,76.89999999996508,-1.6998,3.4462
53,CC DChg,77.0,-1.6998,3.4461
53,CC DChg,77.09999999997672,-1.6998,3.4461
53,CC DChg,77.20000000001164,-1.6998,3.446
53,CC DChg,77.29999999998836,-1.6998,3.446
53,CC DChg,77.39999999996508,-1.6998,3.446
53,CC DChg,77.5,-1.6998,3.4459
53,CC DChg,77.59999999997672,-1.6998,3.4458
53,CC DChg,77.70000000001164,-1.6998,3.4458
53,CC DChg,77.79999999998836,-1.6998,3.4458
53,CC DChg,77.89999999996508,-1.6998,3.4458
53,CC DChg,78.0,-1.6998,3.4457
53,CC DChg,78.09999999997672,-1.6998,3.4457
53,CC DChg,78.20000000001164,-1.6998,3.4456
53,CC DChg,78.29999999998836,-1.6998,3.4455
53,CC DChg,78.39999999996508,-1.6998,3.4455
53,CC DChg,78.5,-1.6998,3.4455
53,CC DChg,78.59999999997672,-1.6998,3.4454
53,CC DChg,78.70000000001164,-1.6998,3.4454
53,CC DChg,78.79999999998836,-1.6998,3.4454
53,CC DChg,78.89999999996508,-1.6998,3.4453
53,CC DChg,79.0,-1.6998,3.4453
53,CC DChg,79.09999999997672,-1.6998,3.4452
53,CC DChg,79.20000000001164,-1.6998,3.4452
53,CC DChg,79.29999999998836,-1.6998,3.4451
53,CC DChg,79.39999999996508,-1.6998,3.4451
53,CC DChg,79.5,-1.6998,3.4451
53,CC DChg,79.59999999997672,-1.6998,3.445
53,CC DChg,79.70000000001164,-1.6998,3.445
53,CC DChg,79.79166666668607,-1.6997,3.4449
53,CC DChg,79.8833333333605,-1.6997,3.4449
53,CC DChg,79.97500000009313,-1.6998,3.4448
54,Rest,80.06666666665114,0.0,3.5285
54,Rest,80.15833333326736,0.0,3.5285
54,Rest,80.25,0.0,3.5295
54,Rest,80.34166666667443,0.0,3.5303
54,Rest,80.43333333334886,0.0,3.5312
54,Rest,80.52499999996508,0.0,3.5318
54,Rest,80.6166666666395,0.0,3.5322
54,Rest,80.70833333331393,0.0,3.5326
54,Rest,80.80757575761527,0.0,3.5329
54,Rest,80.90681818180019,0.0,3.5332
54,Rest,81.00606060604332,0.0,3.5336
54,Rest,81.10530303028645,0.0,3.5339
54,Rest,81.20454545452958,0.0,3.5341
54,Rest,81.30378787877271,0.0,3.5344
54,Rest,81.40303030301584,0.0,3.5346
54,Rest,81.50227272725897,0.0,3.5348
54,Rest,81.6015151515021,0.0,3.5351
54,Rest,81.70075757574523,0.0,3.5352
54,Rest,81.80068870529067,0.0,3.5354
54,Rest,81.90061983471969,0.0,3.5356
54,Rest,82.00055096414872,0.0,3.5358
54,Rest,82.10048209369415,0.0,3.536
54,Rest,82.20041322312318,0.0,3.5362
54,Rest,82.30034435261041,0.0,3.5363
54,Rest,82.40027548209764,0.0,3.5365
54,Rest,82.50020661158487,0.0,3.5367
54,Rest,82.6001377410139,0.0,3.5368
54,Rest,82.70006887050113,0.0,3.537
54,Rest,82.80006260960363,0.0,3.5371
54,Rest,82.90005634858971,0.0,3.5373
54,Rest,83.00005008769222,0.0,3.5374
54,Rest,83.1000438266783,0.0,3.5375
54,Rest,83.20003756566439,0.0,3.5377
54,Rest,83.30003130476689,0.0,3.5378
54,Rest,83.40002504381118,0.0,3.538
54,Rest,83.50001878285548,0.0,3.5381
54,Rest,83.60001252189977,0.0,3.5382
54,Rest,83.70000626094406,0.0,3.5383
54,Rest,83.80000569176627,0.0,3.5385
54,Rest,83.90000512258848,0.0,3.5386
54,Rest,84.00000455341069,0.0,3.5387
54,Rest,84.10000398417469,0.0,3.5388
54,Rest,84.20000341511331,0.0,3.5389
54,Rest,84.30000284587732,0.0,3.5391
54,Rest,84.40000227669952,0.0,3.5391
54,Rest,84.50000170752173,0.0,3.5393
54,Rest,84.60000113840215,0.0,3.5394
54,Rest,84.70000056916615,0.0,3.5395
54,Rest,84.80000051739626,0.0,3.5396
54,Rest,84.90000046568457,0.0,3.5398
54,Rest,85.00000041391468,0.0,3.5398
54,Rest,85.10000036220299,0.0,3.5399
54,Rest,85.20000031037489,0.0,3.54
54,Rest,85.30000025872141,0.0,3.5401
54,Rest,85.40000020695152,0.0,3.5402
54,Rest,85.50000015523983,0.0,3.5404
54,Rest,85.60000010346994,0.0,3.5405
54,Rest,85.70000005175825,0.0,3.5405
54,Rest,85.80000004707836,0.0,3.5407
54,Rest,85.90000004239846,0.0,3.5407
54,Rest,86.00000003766036,0.0,3.5408
54,Rest,86.10000003286405,0.0,3.5409
54,Rest,86.20000002824236,0.0,3.541
54,Rest,86.30000002350425,0.0,3.5411
54,Rest,86.40000001888257,0.0,3.5412
54,Rest,86.50000001408625,0.0,3.5413
54,Rest,86.60000000940636,0.0,3.5414
54,Rest,86.70000000466825,0.0,3.5415
54,Rest,86.80000000423752,0.0,3.5416
54,Rest,86.90000000380678,0.0,3.5417
54,Rest,87.00000000337604,0.0,3.5417
54,Rest,87.10000000294531,0.0,3.5418
54,Rest,87.20000000251457,0.0,3.5419
54,Rest,87.30000000214204,0.0,3.542
54,Rest,87.4000000017113,0.0,3.5421
54,Rest,87.50000000128057,0.0,3.5422
54,Rest,87.60000000084983,0.0,3.5423
54,Rest,87.70000000036089,0.0,3.5423
54,Rest,87.80000000039581,0.0,3.5424
54,Rest,87.90000000031432,0.0,3.5425
54,Rest,88.00000000029104,0.0,3.5426
54,Rest,88.10000000026776,0.0,3.5426
54,Rest,88.20000000024447,0.0,3.5427
54,Rest,88.30000000016298,0.0,3.5428
54,Rest,88.4000000001397,0.0,3.5429
54,Rest,88.50000000011642,0.0,3.543
54,Rest,88.60000000009313,0.0,3.5431
54,Rest,88.70000000001164,0.0,3.5432
54,Rest,88.79999999998836,0.0,3.5433
54,Rest,88.89999999996508,0.0,3.5433
54,Rest,89.0,0.0,3.5434
54,Rest,89.09999999997672,0.0,3.5435
54,Rest,89.20000000001164,0.0,3.5435
54,Rest,89.29999999998836,0.0,3.5436
54,Rest,89.39999999996508,0.0,3.5437
54,Rest,89.5,0.0,3.5438
54,Rest,89.59999999997672,0.0,3.5438
54,Rest,89.70000000001164,0.0,3.5439
54,Rest,89.79999999998836,0.0,3.544
54,Rest,89.89999999996508,0.0,3.5441
54,Rest,90.0,0.0,3.5441
54,Rest,90.09999999997672,0.0,3.5442
54,Rest,90.20000000001164,0.0,3.5443
54,Rest,90.29999999998836,0.0,3.5443
54,Rest,90.39999999996508,0.0,3.5444
54,Rest,90.5,0.0,3.5445
54,Rest,90.59999999997672,0.0,3.5446
54,Rest,90.70000000001164,0.0,3.5447
54,Rest,90.79999999998836,0.0,3.5447
54,Rest,90.89999999996508,0.0,3.5448
54,Rest,91.0,0.0,3.5448
54,Rest,91.09999999997672,0.0,3.5449
54,Rest,91.20000000001164,0.0,3.545
54,Rest,91.29999999998836,0.0,3.5451
54,Rest,91.39999999996508,0.0,3.5451
54,Rest,91.5,0.0,3.5452
54,Rest,91.59999999997672,0.0,3.5452
54,Rest,91.70000000001164,0.0,3.5453
54,Rest,91.79999999998836,0.0,3.5454
54,Rest,91.89999999996508,0.0,3.5454
54,Rest,92.0,0.0,3.5455
54,Rest,92.09999999997672,0.0,3.5456
54,Rest,92.20000000001164,0.0,3.5456
54,Rest,92.29999999998836,0.0,3.5457
54,Rest,92.39999999996508,0.0,3.5457
54,Rest,92.5,0.0,3.5458
54,Rest,92.59999999997672,0.0,3.5459
54,Rest,92.70000000001164,0.0,3.5459
54,Rest,92.79999999998836,0.0,3.546
54,Rest,92.89999999996508,0.0,3.546
54,Rest,93.0,0.0,3.5462
54,Rest,93.09999999997672,0.0,3.5462
54,Rest,93.20000000001164,0.0,3.5463
54,Rest,93.29999999998836,0.0,3.5463
54,Rest,93.39999999996508,0.0,3.5463
54,Rest,93.5,0.0,3.5464
54,Rest,93.59999999997672,0.0,3.5465
54,Rest,93.70000000001164,0.0,3.5465
54,Rest,93.79999999998836,0.0,3.5466
54,Rest,93.89999999996508,0.0,3.5467
54,Rest,94.0,0.0,3.5468
54,Rest,94.09999999997672,0.0,3.5468
54,Rest,94.20000000001164,0.0,3.5468
54,Rest,94.29999999998836,0.0,3.5469
54,Rest,94.39999999996508,0.0,3.547
54,Rest,94.5,0.0,3.547
54,Rest,94.59999999997672,0.0,3.5471
54,Rest,94.70000000001164,0.0,3.5471
54,Rest,94.79999999998836,0.0,3.5472
54,Rest,94.89999999996508,0.0,3.5473
54,Rest,95.0,0.0,3.5474
54,Rest,95.09999999997672,0.0,3.5474
54,Rest,95.20000000001164,0.0,3.5474
54,Rest,95.29999999998836,0.0,3.5475
54,Rest,95.39999999996508,0.0,3.5476
54,Rest,95.5,0.0,3.5476
54,Rest,95.59999999997672,0.0,3.5477
54,Rest,95.70000000001164,0.0,3.5477
54,Rest,95.79999999998836,0.0,3.5478
54,Rest,95.89999999996508,0.0,3.5478
54,Rest,96.0,0.0,3.5478
54,Rest,96.09999999997672,0.0,3.5479
54,Rest,96.20000000001164,0.0,3.548
54,Rest,96.29999999998836,0.0,3.548
54,Rest,96.39999999996508,0.0,3.5481
54,Rest,96.5,0.0,3.5482
54,Rest,96.59999999997672,0.0,3.5482
54,Rest,96.70000000001164,0.0,3.5482
54,Rest,96.79999999998836,0.0,3.5483
54,Rest,96.89999999996508,0.0,3.5484
54,Rest,97.0,0.0,3.5484
54,Rest,97.09999999997672,0.0,3.5485
54,Rest,97.20000000001164,0.0,3.5485
54,Rest,97.29999999998836,0.0,3.5485
54,Rest,97.39999999996508,0.0,3.5486
54,Rest,97.5,0.0,3.5486
54,Rest,97.59999999997672,0.0,3.5487
54,Rest,97.70000000001164,0.0,3.5487
54,Rest,97.79999999998836,0.0,3.5488
54,Rest,97.89999999996508,0.0,3.5489
54,Rest,98.0,0.0,3.5489
54,Rest,98.09999999997672,0.0,3.5489
54,Rest,98.20000000001164,0.0,3.549
54,Rest,98.29999999998836,0.0,3.549
54,Rest,98.39999999996508,0.0,3.5491
54,Rest,98.5,0.0,3.5492
54,Rest,98.59999999997672,0.0,3.5492
54,Rest,98.70000000001164,0.0,3.5493
54,Rest,98.79999999998836,0.0,3.5493
54,Rest,98.89999999996508,0.0,3.5494
54,Rest,99.0,0.0,3.5494
54,Rest,99.09999999997672,0.0,3.5494
54,Rest,99.20000000001164,0.0,3.5495
54,Rest,99.29999999998836,0.0,3.5496
54,Rest,99.39999999996508,0.0,3.5496
54,Rest,99.5,0.0,3.5496
54,Rest,99.59999999997672,0.0,3.5497
54,Rest,99.70000000001164,0.0,3.5497
54,Rest,99.79999999998836,0.0,3.5498
54,Rest,99.89999999996508,0.0,3.5498
54,Rest,100.0,0.0,3.5499
54,Rest,100.09999999997672,0.0,3.5499
54,Rest,100.20000000001164,0.0,3.55
54,Rest,100.29999999998836,0.0,3.5501
54,Rest,100.39999999996508,0.0,3.5501
54,Rest,100.5,0.0,3.5501
54,Rest,100.59999999997672,0.0,3.5501
54,Rest,100.70000000001164,0.0,3.5502
54,Rest,100.79999999998836,0.0,3.5503
54,Rest,100.89999999996508,0.0,3.5503
54,Rest,101.0,0.0,3.5503
54,Rest,101.09999999997672,0.0,3.5503
54,Rest,101.20000000001164,0.0,3.5504
54,Rest,101.29999999998836,0.0,3.5504
54,Rest,101.39999999996508,0.0,3.5505
54,Rest,101.5,0.0,3.5505
54,Rest,101.59999999997672,0.0,3.5506
54,Rest,101.70000000001164,0.0,3.5506
54,Rest,101.79999999998836,0.0,3.5507
54,Rest,101.89999999996508,0.0,3.5507
54,Rest,102.0,0.0,3.5507
54,Rest,102.09999999997672,0.0,3.5508
54,Rest,102.20000000001164,0.0,3.5508
54,Rest,102.29999999998836,0.0,3.5509
54,Rest,102.39999999996508,0.0,3.5509
54,Rest,102.5,0.0,3.551
54,Rest,102.59999999997672,0.0,3.551
54,Rest,102.70000000001164,0.0,3.551
54,Rest,102.79999999998836,0.0,3.5511
54,Rest,102.89999999996508,0.0,3.5511
54,Rest,103.0,0.0,3.5512
54,Rest,103.09999999997672,0.0,3.5512
54,Rest,103.20000000001164,0.0,3.5513
54,Rest,103.29999999998836,0.0,3.5514
54,Rest,103.39999999996508,0.0,3.5514
54,Rest,103.5,0.0,3.5514
54,Rest,103.59999999997672,0.0,3.5515
54,Rest,103.70000000001164,0.0,3.5515
54,Rest,103.79999999998836,0.0,3.5515
54,Rest,103.89999999996508,0.0,3.5515
54,Rest,104.0,0.0,3.5516
54,Rest,104.09999999997672,0.0,3.5516
54,Rest,104.20000000001164,0.0,3.5517
54,Rest,104.29999999998836,0.0,3.5518
54,Rest,104.39999999996508,0.0,3.5518
54,Rest,104.5,0.0,3.5518
54,Rest,104.59999999997672,0.0,3.5519
54,Rest,104.70000000001164,0.0,3.5519
54,Rest,104.79999999998836,0.0,3.552
54,Rest,104.89999999996508,0.0,3.552
54,Rest,105.0,0.0,3.5521
54,Rest,105.09999999997672,0.0,3.5521
54,Rest,105.20000000001164,0.0,3.5521
54,Rest,105.29999999998836,0.0,3.5521
54,Rest,105.39999999996508,0.0,3.5522
54,Rest,105.5,0.0,3.5522
54,Rest,105.59999999997672,0.0,3.5523
54,Rest,105.70000000001164,0.0,3.5523
54,Rest,105.79999999998836,0.0,3.5524
54,Rest,105.89999999996508,0.0,3.5524
54,Rest,106.0,0.0,3.5524
54,Rest,106.09999999997672,0.0,3.5525
54,Rest,106.20000000001164,0.0,3.5525
54,Rest,106.29999999998836,0.0,3.5525
54,Rest,106.39999999996508,0.0,3.5526
54,Rest,106.5,0.0,3.5526
54,Rest,106.59999999997672,0.0,3.5527
54,Rest,106.70000000001164,0.0,3.5527
54,Rest,106.79999999998836,0.0,3.5527
54,Rest,106.89999999996508,0.0,3.5528
54,Rest,107.0,0.0,3.5528
54,Rest,107.09999999997672,0.0,3.5528
54,Rest,107.20000000001164,0.0,3.5529
54,Rest,107.29999999998836,0.0,3.5529
54,Rest,107.39999999996508,0.0,3.553
54,Rest,107.5,0.0,3.553
54,Rest,107.59999999997672,0.0,3.553
54,Rest,107.70000000001164,0.0,3.553
54,Rest,107.79999999998836,0.0,3.5531
54,Rest,107.89999999996508,0.0,3.5531
54,Rest,108.0,0.0,3.5532
54,Rest,108.09999999997672,0.0,3.5532
54,Rest,108.20000000001164,0.0,3.5533
54,Rest,108.29999999998836,0.0,3.5533
54,Rest,108.39999999996508,0.0,3.5533
54,Rest,108.5,0.0,3.5533
54,Rest,108.59999999997672,0.0,3.5534
54,Rest,108.70000000001164,0.0,3.5534
54,Rest,108.79999999998836,0.0,3.5534
54,Rest,108.89999999996508,0.0,3.5535
54,Rest,109.0,0.0,3.5535
54,Rest,109.09999999997672,0.0,3.5535
54,Rest,109.20000000001164,0.0,3.5536
54,Rest,109.29999999998836,0.0,3.5536
54,Rest,109.39999999996508,0.0,3.5536
54,Rest,109.5,0.0,3.5537
54,Rest,109.59999999997672,0.0,3.5537
54,Rest,109.70000000001164,0.0,3.5537
54,Rest,109.79999999998836,0.0,3.5538
54,Rest,109.89999999996508,0.0,3.5539
54,Rest,110.0,0.0,3.5539
54,Rest,110.09999999997672,0.0,3.5539
54,Rest,110.20000000001164,0.0,3.5539
54,Rest,110.29999999998836,0.0,3.554
54,Rest,110.39999999996508,0.0,3.554
54,Rest,110.5,0.0,3.554
54,Rest,110.59999999997672,0.0,3.554
54,Rest,110.70000000001164,0.0,3.5541
54,Rest,110.79999999998836,0.0,3.5541
54,Rest,110.89999999996508,0.0,3.5541
54,Rest,111.0,0.0,3.5542
54,Rest,111.09999999997672,0.0,3.5542
54,Rest,111.20000000001164,0.0,3.5543
54,Rest,111.29999999998836,0.0,3.5543
54,Rest,111.39999999996508,0.0,3.5543
54,Rest,111.5,0.0,3.5543
54,Rest,111.59999999997672,0.0,3.5544
54,Rest,111.70000000001164,0.0,3.5544
54,Rest,111.79999999998836,0.0,3.5545
54,Rest,111.89999999996508,0.0,3.5545
54,Rest,112.0,0.0,3.5545
54,Rest,112.09999999997672,0.0,3.5546
54,Rest,112.20000000001164,0.0,3.5546
54,Rest,112.29999999998836,0.0,3.5546
54,Rest,112.39999999996508,0.0,3.5547
54,Rest,112.5,0.0,3.5547
54,Rest,112.59999999997672,0.0,3.5547
54,Rest,112.70000000001164,0.0,3.5547
54,Rest,112.79999999998836,0.0,3.5548
54,Rest,112.89999999996508,0.0,3.5548
54,Rest,113.0,0.0,3.5548
54,Rest,113.09999999997672,0.0,3.5549
54,Rest,113.20000000001164,0.0,3.5549
54,Rest,113.29999999998836,0.0,3.555
54,Rest,113.39999999996508,0.0,3.555
54,Rest,113.5,0.0,3.555
54,Rest,113.59999999997672,0.0,3.555
54,Rest,113.70000000001164,0.0,3.555
54,Rest,113.79999999998836,0.0,3.555
54,Rest,113.89999999996508,0.0,3.5551
54,Rest,114.0,0.0,3.5551
54,Rest,114.09999999997672,0.0,3.5552
54,Rest,114.20000000001164,0.0,3.5552
54,Rest,114.29999999998836,0.0,3.5553
54,Rest,114.39999999996508,0.0,3.5553
54,Rest,114.5,0.0,3.5553
54,Rest,114.59999999997672,0.0,3.5553
54,Rest,114.70000000001164,0.0,3.5554
54,Rest,114.79999999998836,0.0,3.5554
54,Rest,114.89999999996508,0.0,3.5554
54,Rest,115.0,0.0,3.5554
54,Rest,115.09999999997672,0.0,3.5555
54,Rest,115.20000000001164,0.0,3.5555
54,Rest,115.29999999998836,0.0,3.5555
54,Rest,115.39999999996508,0.0,3.5556
54,Rest,115.5,0.0,3.5556
54,Rest,115.59999999997672,0.0,3.5556
54,Rest,115.70000000001164,0.0,3.5556
54,Rest,115.79999999998836,0.0,3.5557
54,Rest,115.89999999996508,0.0,3.5557
54,Rest,116.0,0.0,3.5557
54,Rest,116.09999999997672,0.0,3.5558
54,Rest,116.20000000001164,0.0,3.5558
54,Rest,116.29999999998836,0.0,3.5558
54,Rest,116.39999999996508,0.0,3.5558
54,Rest,116.5,0.0,3.5559
54,Rest,116.59999999997672,0.0,3.5559
54,Rest,116.70000000001164,0.0,3.5559
54,Rest,116.79999999998836,0.0,3.5559
54,Rest,116.89999999996508,0.0,3.556
54,Rest,117.0,0.0,3.556
54,Rest,117.09999999997672,0.0,3.556
54,Rest,117.20000000001164,0.0,3.5561
54,Rest,117.29999999998836,0.0,3.5561
54,Rest,117.39999999996508,0.0,3.5561
54,Rest,117.5,0.0,3.5561
54,Rest,117.59999999997672,0.0,3.5562
54,Rest,117.70000000001164,0.0,3.5562
54,Rest,117.79999999998836,0.0,3.5562
54,Rest,117.89999999996508,0.0,3.5562
54,Rest,118.0,0.0,3.5563
54,Rest,118.09999999997672,0.0,3.5563
54,Rest,118.20000000001164,0.0,3.5563
54,Rest,118.29999999998836,0.0,3.5564
54,Rest,118.39999999996508,0.0,3.5564
54,Rest,118.5,0.0,3.5564
54,Rest,118.59999999997672,0.0,3.5564
54,Rest,118.70000000001164,0.0,3.5564
54,Rest,118.79999999998836,0.0,3.5565
54,Rest,118.89999999996508,0.0,3.5565
54,Rest,119.0,0.0,3.5565
54,Rest,119.09999999997672,0.0,3.5565
54,Rest,119.20000000001164,0.0,3.5566
54,Rest,119.29999999998836,0.0,3.5566
54,Rest,119.39999999996508,0.0,3.5566
54,Rest,119.5,0.0,3.5567
54,Rest,119.59999999997672,0.0,3.5567
54,Rest,119.70000000001164,0.0,3.5567
54,Rest,119.79999999998836,0.0,3.5567
54,Rest,119.89999999996508,0.0,3.5568
54,Rest,120.0,0.0,3.5568
54,Rest,120.09999999997672,0.0,3.5568
54,Rest,120.20000000001164,0.0,3.5568
54,Rest,120.29999999998836,0.0,3.5568
54,Rest,120.39999999996508,0.0,3.5569
54,Rest,120.5,0.0,3.5569
54,Rest,120.59999999997672,0.0,3.557
54,Rest,120.70000000001164,0.0,3.557
54,Rest,120.79999999998836,0.0,3.557
54,Rest,120.89999999996508,0.0,3.557
54,Rest,121.0,0.0,3.5571
54,Rest,121.09999999997672,0.0,3.5571
54,Rest,121.20000000001164,0.0,3.5571
54,Rest,121.29999999998836,0.0,3.5572
54,Rest,121.39999999996508,0.0,3.5572
54,Rest,121.5,0.0,3.5572
54,Rest,121.59999999997672,0.0,3.5572
54,Rest,121.70000000001164,0.0,3.5573
54,Rest,121.79999999998836,0.0,3.5573
54,Rest,121.89999999996508,0.0,3.5573
54,Rest,122.0,0.0,3.5573
54,Rest,122.09999999997672,0.0,3.5574
54,Rest,122.20000000001164,0.0,3.5574
54,Rest,122.29999999998836,0.0,3.5574
54,Rest,122.39999999996508,0.0,3.5575
54,Rest,122.5,0.0,3.5575
54,Rest,122.59999999997672,0.0,3.5575
54,Rest,122.70000000001164,0.0,3.5575
54,Rest,122.79999999998836,0.0,3.5575
54,Rest,122.89999999996508,0.0,3.5575
54,Rest,123.0,0.0,3.5575
54,Rest,123.09999999997672,0.0,3.5576
54,Rest,123.20000000001164,0.0,3.5576
54,Rest,123.29999999998836,0.0,3.5577
54,Rest,123.39999999996508,0.0,3.5577
54,Rest,123.5,0.0,3.5577
54,Rest,123.59999999997672,0.0,3.5578
54,Rest,123.70000000001164,0.0,3.5578
54,Rest,123.79999999998836,0.0,3.5578
54,Rest,123.89999999996508,0.0,3.5578
54,Rest,124.0,0.0,3.5578
54,Rest,124.09999999997672,0.0,3.5578
54,Rest,124.20000000001164,0.0,3.5578
54,Rest,124.29999999998836,0.0,3.5579
54,Rest,124.39999999996508,0.0,3.5579
54,Rest,124.5,0.0,3.5579
54,Rest,124.59999999997672,0.0,3.5579
54,Rest,124.70000000001164,0.0,3.5579
54,Rest,124.79999999998836,0.0,3.5579
54,Rest,124.89999999996508,0.0,3.558
54,Rest,125.0,0.0,3.558
54,Rest,125.09999999997672,0.0,3.558
54,Rest,125.20000000001164,0.0,3.5581
54,Rest,125.29999999998836,0.0,3.5581
54,Rest,125.39999999996508,0.0,3.5581
54,Rest,125.5,0.0,3.5581
54,Rest,125.59999999997672,0.0,3.5581
54,Rest,125.70000000001164,0.0,3.5582
54,Rest,125.79999999998836,0.0,3.5582
54,Rest,125.89999999996508,0.0,3.5582
54,Rest,126.0,0.0,3.5582
54,Rest,126.09999999997672,0.0,3.5583
54,Rest,126.20000000001164,0.0,3.5583
54,Rest,126.29999999998836,0.0,3.5583
54,Rest,126.39999999996508,0.0,3.5584
54,Rest,126.5,0.0,3.5584
54,Rest,126.59999999997672,0.0,3.5584
54,Rest,126.70000000001164,0.0,3.5584
54,Rest,126.79999999998836,0.0,3.5585
54,Rest,126.89999999996508,0.0,3.5585
54,Rest,127.0,0.0,3.5585
54,Rest,127.09999999997672,0.0,3.5585
54,Rest,127.20000000001164,0.0,3.5585
54,Rest,127.29999999998836,0.0,3.5586
54,Rest,127.39999999996508,0.0,3.5586
54,Rest,127.5,0.0,3.5586
54,Rest,127.59999999997672,0.0,3.5586
54,Rest,127.70000000001164,0.0,3.5586
54,Rest,127.79999999998836,0.0,3.5586
54,Rest,127.89999999996508,0.0,3.5587
54,Rest,128.0,0.0,3.5587
54,Rest,128.09999999997672,0.0,3.5587
54,Rest,128.20000000001164,0.0,3.5587
54,Rest,128.29999999998836,0.0,3.5588
54,Rest,128.39999999996508,0.0,3.5587
54,Rest,128.5,0.0,3.5588
54,Rest,128.59999999997672,0.0,3.5589
54,Rest,128.70000000001164,0.0,3.5589
54,Rest,128.79999999998836,0.0,3.5588
54,Rest,128.89999999996508,0.0,3.5589
54,Rest,129.0,0.0,3.5589
54,Rest,129.09999999997672,0.0,3.5589
54,Rest,129.20000000001164,0.0,3.559
54,Rest,129.29999999998836,0.0,3.559
54,Rest,129.39999999996508,0.0,3.559
54,Rest,129.5,0.0,3.559
54,Rest,129.59999999997672,0.0,3.559
54,Rest,129.70000000001164,0.0,3.5591
54,Rest,129.79999999998836,0.0,3.5591
54,Rest,129.89999999996508,0.0,3.5591
54,Rest,130.0,0.0,3.5591
54,Rest,130.09999999997672,0.0,3.5591
54,Rest,130.20000000001164,0.0,3.5591
54,Rest,130.29999999998836,0.0,3.5592
54,Rest,130.39999999996508,0.0,3.5592
54,Rest,130.5,0.0,3.5592
54,Rest,130.59999999997672,0.0,3.5592
54,Rest,130.70000000001164,0.0,3.5593
54,Rest,130.79999999998836,0.0,3.5593
54,Rest,130.89999999996508,0.0,3.5593
54,Rest,131.0,0.0,3.5593
54,Rest,131.09999999997672,0.0,3.5593
54,Rest,131.20000000001164,0.0,3.5594
54,Rest,131.29999999998836,0.0,3.5594
54,Rest,131.39999999996508,0.0,3.5594
54,Rest,131.5,0.0,3.5594
54,Rest,131.59999999997672,0.0,3.5594
54,Rest,131.70000000001164,0.0,3.5595
54,Rest,131.79999999998836,0.0,3.5595
54,Rest,131.89999999996508,0.0,3.5595
54,Rest,132.0,0.0,3.5595
54,Rest,132.09999999997672,0.0,3.5595
54,Rest,132.20000000001164,0.0,3.5596
54,Rest,132.29999999998836,0.0,3.5596
54,Rest,132.39999999996508,0.0,3.5596
54,Rest,132.5,0.0,3.5596
54,Rest,132.59999999997672,0.0,3.5596
54,Rest,132.70000000001164,0.0,3.5597
54,Rest,132.79999999998836,0.0,3.5597
54,Rest,132.89999999996508,0.0,3.5597
54,Rest,133.0,0.0,3.5597
54,Rest,133.09999999997672,0.0,3.5597
54,Rest,133.20000000001164,0.0,3.5597
54,Rest,133.29999999998836,0.0,3.5598
54,Rest,133.39999999996508,0.0,3.5598
54,Rest,133.5,0.0,3.5598
54,Rest,133.59999999997672,0.0,3.5598
54,Rest,133.70000000001164,0.0,3.5598
54,Rest,133.79999999998836,0.0,3.5598
54,Rest,133.89999999996508,0.0,3.5599
54,Rest,134.0,0.0,3.5599
54,Rest,134.09999999997672,0.0,3.5599
54,Rest,134.20000000001164,0.0,3.5599
54,Rest,134.29999999998836,0.0,3.5599
54,Rest,134.39999999996508,0.0,3.56
54,Rest,134.5,0.0,3.56
54,Rest,134.59999999997672,0.0,3.56
54,Rest,134.70000000001164,0.0,3.56
54,Rest,134.79999999998836,0.0,3.56
54,Rest,134.89999999996508,0.0,3.56
54,Rest,135.0,0.0,3.56
54,Rest,135.09999999997672,0.0,3.5601
54,Rest,135.20000000001164,0.0,3.5601
54,Rest,135.29999999998836,0.0,3.5602
54,Rest,135.39999999996508,0.0,3.5602
54,Rest,135.5,0.0,3.5602
54,Rest,135.59999999997672,0.0,3.5602
54,Rest,135.70000000001164,0.0,3.5602
54,Rest,135.79999999998836,0.0,3.5602
54,Rest,135.89999999996508,0.0,3.5602
54,Rest,136.0,0.0,3.5602
54,Rest,136.09999999997672,0.0,3.5603
54,Rest,136.20000000001164,0.0,3.5603
54,Rest,136.29999999998836,0.0,3.5603
54,Rest,136.39999999996508,0.0,3.5603
54,Rest,136.5,0.0,3.5604
54,Rest,136.59999999997672,0.0,3.5604
54,Rest,136.70000000001164,0.0,3.5604
54,Rest,136.79999999998836,0.0,3.5604
54,Rest,136.89999999996508,0.0,3.5604
54,Rest,137.0,0.0,3.5604
54,Rest,137.09999999997672,0.0,3.5604
54,Rest,137.20000000001164,0.0,3.5604
54,Rest,137.29999999998836,0.0,3.5605
54,Rest,137.39999999996508,0.0,3.5605
54,Rest,137.5,0.0,3.5605
54,Rest,137.59999999997672,0.0,3.5605
54,Rest,137.70000000001164,0.0,3.5606
54,Rest,137.79999999998836,0.0,3.5606
54,Rest,137.89999999996508,0.0,3.5606
54,Rest,138.0,0.0,3.5606
54,Rest,138.09999999997672,0.0,3.5606
54,Rest,138.20000000001164,0.0,3.5606
54,Rest,138.29999999998836,0.0,3.5606
54,Rest,138.39999999996508,0.0,3.5606
54,Rest,138.5,0.0,3.5607
54,Rest,138.59999999997672,0.0,3.5607
54,Rest,138.70000000001164,0.0,3.5607
54,Rest,138.79999999998836,0.0,3.5607
54,Rest,138.89999999996508,0.0,3.5607
54,Rest,139.0,0.0,3.5608
54,Rest,139.09999999997672,0.0,3.5608
54,Rest,139.20000000001164,0.0,3.5608
54,Rest,139.29999999998836,0.0,3.5608
54,Rest,139.39999999996508,0.0,3.5608
54,Rest,139.5,0.0,3.5608
54,Rest,139.59999999997672,0.0,3.5609
54,Rest,139.70000000001164,0.0,3.5609
54,Rest,139.79999999998836,0.0,3.5609
54,Rest,139.89999999996508,0.0,3.5609
54,Rest,140.0,0.0,3.5609
54,Rest,140.09999999997672,0.0,3.5609
54,Rest,140.20000000001164,0.0,3.561
54,Rest,140.29999999998836,0.0,3.561
54,Rest,140.39999999996508,0.0,3.561
54,Rest,140.5,0.0,3.561
54,Rest,140.59999999997672,0.0,3.561
54,Rest,140.70000000001164,0.0,3.561
54,Rest,140.79999999998836,0.0,3.5611
54,Rest,140.89999999996508,0.0,3.5611
54,Rest,141.0,0.0,3.5611
54,Rest,141.09999999997672,0.0,3.5611
54,Rest,141.20000000001164,0.0,3.5612
54,Rest,141.29999999998836,0.0,3.5612
54,Rest,141.39999999996508,0.0,3.5612
54,Rest,141.5,0.0,3.5612
54,Rest,141.59999999997672,0.0,3.5612
54,Rest,141.70000000001164,0.0,3.5612
54,Rest,141.79999999998836,0.0,3.5612
54,Rest,141.89999999996508,0.0,3.5613
54,Rest,142.0,0.0,3.5613
54,Rest,142.09999999997672,0.0,3.5613
54,Rest,142.20000000001164,0.0,3.5613
54,Rest,142.29999999998836,0.0,3.5613
54,Rest,142.39999999996508,0.0,3.5613
54,Rest,142.5,0.0,3.5614
54,Rest,142.59999999997672,0.0,3.5614
54,Rest,142.70000000001164,0.0,3.5614
54,Rest,142.79999999998836,0.0,3.5614
54,Rest,142.89999999996508,0.0,3.5614
54,Rest,143.0,0.0,3.5614
54,Rest,143.09999999997672,0.0,3.5614
54,Rest,143.20000000001164,0.0,3.5614
54,Rest,143.29999999998836,0.0,3.5615
54,Rest,143.39999999996508,0.0,3.5615
54,Rest,143.5,0.0,3.5615
54,Rest,143.59999999997672,0.0,3.5615
54,Rest,143.70000000001164,0.0,3.5616
54,Rest,143.79999999998836,0.0,3.5616
54,Rest,143.89999999996508,0.0,3.5616
54,Rest,144.0,0.0,3.5616
54,Rest,144.09999999997672,0.0,3.5616
54,Rest,144.20000000001164,0.0,3.5616
54,Rest,144.29999999998836,0.0,3.5617
54,Rest,144.39999999996508,0.0,3.5617
54,Rest,144.5,0.0,3.5617
54,Rest,144.59999999997672,0.0,3.5617
54,Rest,144.70000000001164,0.0,3.5617
54,Rest,144.79999999998836,0.0,3.5617
54,Rest,144.89999999996508,0.0,3.5617
54,Rest,145.0,0.0,3.5617
54,Rest,145.09999999997672,0.0,3.5618
54,Rest,145.20000000001164,0.0,3.5618
54,Rest,145.29999999998836,0.0,3.5618
54,Rest,145.39999999996508,0.0,3.5618
54,Rest,145.5,0.0,3.5618
54,Rest,145.59999999997672,0.0,3.5618
54,Rest,145.70000000001164,0.0,3.5618
54,Rest,145.79999999998836,0.0,3.5619
54,Rest,145.89999999996508,0.0,3.5619
54,Rest,146.0,0.0,3.5619
54,Rest,146.09999999997672,0.0,3.5619
54,Rest,146.20000000001164,0.0,3.5619
54,Rest,146.29999999998836,0.0,3.562
54,Rest,146.39999999996508,0.0,3.562
54,Rest,146.5,0.0,3.562
54,Rest,146.59999999997672,0.0,3.562
54,Rest,146.70000000001164,0.0,3.562
54,Rest,146.79999999998836,0.0,3.562
54,Rest,146.89999999996508,0.0,3.562
54,Rest,147.0,0.0,3.562
54,Rest,147.09999999997672,0.0,3.562
54,Rest,147.20000000001164,0.0,3.5621
54,Rest,147.29999999998836,0.0,3.5621
54,Rest,147.39999999996508,0.0,3.5621
54,Rest,147.5,0.0,3.5621
54,Rest,147.59999999997672,0.0,3.5621
54,Rest,147.70000000001164,0.0,3.5622
54,Rest,147.79999999998836,0.0,3.5622
54,Rest,147.89999999996508,0.0,3.5622
54,Rest,148.0,0.0,3.5622
54,Rest,148.09999999997672,0.0,3.5622
54,Rest,148.20000000001164,0.0,3.5622
54,Rest,148.29999999998836,0.0,3.5623
54,Rest,148.39999999996508,0.0,3.5623
54,Rest,148.5,0.0,3.5623
54,Rest,148.59999999997672,0.0,3.5623
54,Rest,148.70000000001164,0.0,3.5623
54,Rest,148.79999999998836,0.0,3.5623
54,Rest,148.89999999996508,0.0,3.5624
54,Rest,149.0,0.0,3.5623
54,Rest,149.09999999997672,0.0,3.5624
54,Rest,149.20000000001164,0.0,3.5624
54,Rest,149.29999999998836,0.0,3.5624
54,Rest,149.39999999996508,0.0,3.5624
54,Rest,149.5,0.0,3.5624
54,Rest,149.59999999997672,0.0,3.5624
54,Rest,149.70000000001164,0.0,3.5623
54,Rest,149.79999999998836,0.0,3.5624
54,Rest,149.89999999996508,0.0,3.5625
54,Rest,150.0,0.0,3.5625
54,Rest,150.09999999997672,0.0,3.5625
54,Rest,150.20000000001164,0.0,3.5625
54,Rest,150.29999999998836,0.0,3.5625
54,Rest,150.39999999996508,0.0,3.5625
54,Rest,150.5,0.0,3.5625
54,Rest,150.59999999997672,0.0,3.5625
54,Rest,150.70000000001164,0.0,3.5626
54,Rest,150.79999999998836,0.0,3.5626
54,Rest,150.89999999996508,0.0,3.5626
54,Rest,151.0,0.0,3.5626
54,Rest,151.09999999997672,0.0,3.5626
54,Rest,151.20000000001164,0.0,3.5626
54,Rest,151.29999999998836,0.0,3.5626
54,Rest,151.39999999996508,0.0,3.5627
54,Rest,151.5,0.0,3.5626
54,Rest,151.59999999997672,0.0,3.5626
54,Rest,151.70000000001164,0.0,3.5627
54,Rest,151.79999999998836,0.0,3.5627
54,Rest,151.89999999996508,0.0,3.5627
54,Rest,152.0,0.0,3.5627
54,Rest,152.09999999997672,0.0,3.5627
54,Rest,152.20000000001164,0.0,3.5627
54,Rest,152.29999999998836,0.0,3.5627
54,Rest,152.39999999996508,0.0,3.5628
54,Rest,152.5,0.0,3.5628
54,Rest,152.59999999997672,0.0,3.5628
54,Rest,152.70000000001164,0.0,3.5628
54,Rest,152.79999999998836,0.0,3.5628
54,Rest,152.89999999996508,0.0,3.5628
54,Rest,153.0,0.0,3.5628
54,Rest,153.09999999997672,0.0,3.5628
54,Rest,153.20000000001164,0.0,3.5628
54,Rest,153.29999999998836,0.0,3.5629
54,Rest,153.39999999996508,0.0,3.5629
54,Rest,153.5,0.0,3.5628
54,Rest,153.59999999997672,0.0,3.5629
54,Rest,153.70000000001164,0.0,3.5629
54,Rest,153.79999999998836,0.0,3.5629
54,Rest,153.89999999996508,0.0,3.5629
54,Rest,154.0,0.0,3.5629
54,Rest,154.09999999997672,0.0,3.563
54,Rest,154.20000000001164,0.0,3.563
54,Rest,154.29999999998836,0.0,3.5629
54,Rest,154.39999999996508,0.0,3.563
54,Rest,154.5,0.0,3.563
54,Rest,154.59999999997672,0.0,3.563
54,Rest,154.70000000001164,0.0,3.563
54,Rest,154.79999999998836,0.0,3.5631
54,Rest,154.89999999996508,0.0,3.5631
54,Rest,155.0,0.0,3.5631
54,Rest,155.09999999997672,0.0,3.5631
54,Rest,155.20000000001164,0.0,3.5631
54,Rest,155.29999999998836,0.0,3.5631
54,Rest,155.39999999996508,0.0,3.5631
54,Rest,155.5,0.0,3.5632
54,Rest,155.59999999997672,0.0,3.5632
54,Rest,155.70000000001164,0.0,3.5632
54,Rest,155.79999999998836,0.0,3.5632
54,Rest,155.89999999996508,0.0,3.5632
54,Rest,156.0,0.0,3.5632
54,Rest,156.09999999997672,0.0,3.5632
54,Rest,156.20000000001164,0.0,3.5632
54,Rest,156.29999999998836,0.0,3.5633
54,Rest,156.39999999996508,0.0,3.5633
54,Rest,156.5,0.0,3.5632
54,Rest,156.59999999997672,0.0,3.5633
54,Rest,156.70000000001164,0.0,3.5633
54,Rest,156.79999999998836,0.0,3.5633
54,Rest,156.89999999996508,0.0,3.5633
54,Rest,157.0,0.0,3.5633
54,Rest,157.09999999997672,0.0,3.5633
54,Rest,157.20000000001164,0.0,3.5633
54,Rest,157.29999999998836,0.0,3.5633
54,Rest,157.39999999996508,0.0,3.5634
54,Rest,157.5,0.0,3.5634
54,Rest,157.59999999997672,0.0,3.5634
54,Rest,157.70000000001164,0.0,3.5634
54,Rest,157.79999999998836,0.0,3.5634
54,Rest,157.89999999996508,0.0,3.5634
54,Rest,158.0,0.0,3.5634
54,Rest,158.09999999997672,0.0,3.5634
54,Rest,158.20000000001164,0.0,3.5634
54,Rest,158.29999999998836,0.0,3.5634
54,Rest,158.39999999996508,0.0,3.5634
54,Rest,158.5,0.0,3.5635
54,Rest,158.59999999997672,0.0,3.5635
54,Rest,158.70000000001164,0.0,3.5635
54,Rest,158.79999999998836,0.0,3.5635
54,Rest,158.89999999996508,0.0,3.5635
54,Rest,159.0,0.0,3.5635
54,Rest,159.09999999997672,0.0,3.5635
54,Rest,159.20000000001164,0.0,3.5635
54,Rest,159.29999999998836,0.0,3.5635
54,Rest,159.39999999996508,0.0,3.5636
54,Rest,159.5,0.0,3.5636
54,Rest,159.59999999997672,0.0,3.5636
54,Rest,159.70000000001164,0.0,3.5636
54,Rest,159.79999999998836,0.0,3.5636
54,Rest,159.89999999996508,0.0,3.5636
54,Rest,160.0,0.0,3.5636
54,Rest,160.09999999997672,0.0,3.5636
54,Rest,160.20000000001164,0.0,3.5636
54,Rest,160.29999999998836,0.0,3.5636
54,Rest,160.39999999996508,0.0,3.5637
54,Rest,160.5,0.0,3.5637
54,Rest,160.59999999997672,0.0,3.5637
54,Rest,160.70000000001164,0.0,3.5637
54,Rest,160.79999999998836,0.0,3.5637
54,Rest,160.89999999996508,0.0,3.5637
54,Rest,161.0,0.0,3.5637
54,Rest,161.09999999997672,0.0,3.5637
54,Rest,161.20000000001164,0.0,3.5637
54,Rest,161.29999999998836,0.0,3.5637
54,Rest,161.39999999996508,0.0,3.5638
54,Rest,161.5,0.0,3.5638
54,Rest,161.59999999997672,0.0,3.5638
54,Rest,161.70000000001164,0.0,3.5638
54,Rest,161.79999999998836,0.0,3.5638
54,Rest,161.89999999996508,0.0,3.5639
54,Rest,162.0,0.0,3.5639
54,Rest,162.09999999997672,0.0,3.5638
54,Rest,162.20000000001164,0.0,3.5639
54,Rest,162.29999999998836,0.0,3.5639
54,Rest,162.39999999996508,0.0,3.5639
54,Rest,162.5,0.0,3.5639
54,Rest,162.59999999997672,0.0,3.5639
54,Rest,162.70000000001164,0.0,3.5639
54,Rest,162.79999999998836,0.0,3.5639
54,Rest,162.89999999996508,0.0,3.5639
54,Rest,163.0,0.0,3.5639
54,Rest,163.09999999997672,0.0,3.5639
54,Rest,163.20000000001164,0.0,3.564
54,Rest,163.29999999998836,0.0,3.564
54,Rest,163.39999999996508,0.0,3.564
54,Rest,163.5,0.0,3.564
54,Rest,163.59999999997672,0.0,3.564
54,Rest,163.70000000001164,0.0,3.564
54,Rest,163.79999999998836,0.0,3.564
54,Rest,163.89999999996508,0.0,3.564
54,Rest,164.0,0.0,3.5641
54,Rest,164.09999999997672,0.0,3.5641
54,Rest,164.20000000001164,0.0,3.5641
54,Rest,164.29999999998836,0.0,3.5641
54,Rest,164.39999999996508,0.0,3.5641
54,Rest,164.5,0.0,3.5641
54,Rest,164.59999999997672,0.0,3.5641
54,Rest,164.70000000001164,0.0,3.5641
54,Rest,164.79999999998836,0.0,3.5641
54,Rest,164.89999999996508,0.0,3.5642
54,Rest,165.0,0.0,3.5642
54,Rest,165.09999999997672,0.0,3.5642
54,Rest,165.20000000001164,0.0,3.5642
54,Rest,165.29999999998836,0.0,3.5642
54,Rest,165.39999999996508,0.0,3.5642
54,Rest,165.5,0.0,3.5642
54,Rest,165.59999999997672,0.0,3.5642
54,Rest,165.70000000001164,0.0,3.5642
54,Rest,165.79999999998836,0.0,3.5643
54,Rest,165.89999999996508,0.0,3.5643
54,Rest,166.0,0.0,3.5642
54,Rest,166.09999999997672,0.0,3.5642
54,Rest,166.20000000001164,0.0,3.5643
54,Rest,166.29999999998836,0.0,3.5643
54,Rest,166.39999999996508,0.0,3.5643
54,Rest,166.5,0.0,3.5643
54,Rest,166.59999999997672,0.0,3.5643
54,Rest,166.70000000001164,0.0,3.5644
54,Rest,166.79999999998836,0.0,3.5644
54,Rest,166.89999999996508,0.0,3.5644
54,Rest,167.0,0.0,3.5644
54,Rest,167.09999999997672,0.0,3.5644
54,Rest,167.20000000001164,0.0,3.5644
54,Rest,167.29999999998836,0.0,3.5645
54,Rest,167.39999999996508,0.0,3.5645
54,Rest,167.5,0.0,3.5644
54,Rest,167.59999999997672,0.0,3.5644
54,Rest,167.70000000001164,0.0,3.5645
54,Rest,167.79999999998836,0.0,3.5645
54,Rest,167.89999999996508,0.0,3.5645
54,Rest,168.0,0.0,3.5645
54,Rest,168.09999999997672,0.0,3.5645
54,Rest,168.20000000001164,0.0,3.5645
54,Rest,168.29999999998836,0.0,3.5645
54,Rest,168.39999999996508,0.0,3.5645
54,Rest,168.5,0.0,3.5645
54,Rest,168.59999999997672,0.0,3.5646
54,Rest,168.70000000001164,0.0,3.5646
54,Rest,168.79999999998836,0.0,3.5646
54,Rest,168.89999999996508,0.0,3.5646
54,Rest,169.0,0.0,3.5646
54,Rest,169.09999999997672,0.0,3.5646
54,Rest,169.20000000001164,0.0,3.5646
54,Rest,169.29999999998836,0.0,3.5646
54,Rest,169.39999999996508,0.0,3.5646
54,Rest,169.5,0.0,3.5646
54,Rest,169.59999999997672,0.0,3.5647
54,Rest,169.70000000001164,0.0,3.5647
54,Rest,169.79999999998836,0.0,3.5646
54,Rest,169.89999999996508,0.0,3.5647
54,Rest,170.0,0.0,3.5647
54,Rest,170.09999999997672,0.0,3.5647
54,Rest,170.20000000001164,0.0,3.5647
54,Rest,170.29999999998836,0.0,3.5647
54,Rest,170.39999999996508,0.0,3.5647
54,Rest,170.5,0.0,3.5647
54,Rest,170.59999999997672,0.0,3.5647
54,Rest,170.70000000001164,0.0,3.5647
54,Rest,170.79999999998836,0.0,3.5647
54,Rest,170.89999999996508,0.0,3.5647
54,Rest,171.0,0.0,3.5647
54,Rest,171.09999999997672,0.0,3.5647
54,Rest,171.20000000001164,0.0,3.5648
54,Rest,171.29999999998836,0.0,3.5648
54,Rest,171.39999999996508,0.0,3.5648
54,Rest,171.5,0.0,3.5648
54,Rest,171.59999999997672,0.0,3.5648
54,Rest,171.70000000001164,0.0,3.5648
54,Rest,171.79999999998836,0.0,3.5648
54,Rest,171.89999999996508,0.0,3.5648
54,Rest,172.0,0.0,3.5648
54,Rest,172.09999999997672,0.0,3.5648
54,Rest,172.20000000001164,0.0,3.5649
54,Rest,172.29999999998836,0.0,3.5648
54,Rest,172.39999999996508,0.0,3.5649
54,Rest,172.5,0.0,3.5649
54,Rest,172.59999999997672,0.0,3.5649
54,Rest,172.70000000001164,0.0,3.5649
54,Rest,172.79999999998836,0.0,3.5649
54,Rest,172.89999999996508,0.0,3.5649
54,Rest,173.0,0.0,3.5649
54,Rest,173.09999999997672,0.0,3.5649
54,Rest,173.20000000001164,0.0,3.565
54,Rest,173.29999999998836,0.0,3.565
54,Rest,173.39999999996508,0.0,3.565
54,Rest,173.5,0.0,3.565
54,Rest,173.59999999997672,0.0,3.565
54,Rest,173.70000000001164,0.0,3.565
54,Rest,173.79999999998836,0.0,3.565
54,Rest,173.89999999996508,0.0,3.565
54,Rest,174.0,0.0,3.565
54,Rest,174.09999999997672,0.0,3.565
54,Rest,174.20000000001164,0.0,3.565
54,Rest,174.29999999998836,0.0,3.5651
54,Rest,174.39999999996508,0.0,3.565
54,Rest,174.5,0.0,3.5651
54,Rest,174.59999999997672,0.0,3.5651
54,Rest,174.70000000001164,0.0,3.5651
54,Rest,174.79999999998836,0.0,3.5651
54,Rest,174.89999999996508,0.0,3.5651
54,Rest,175.0,0.0,3.5651
54,Rest,175.09999999997672,0.0,3.5651
54,Rest,175.20000000001164,0.0,3.5651
54,Rest,175.29999999998836,0.0,3.5651
54,Rest,175.39999999996508,0.0,3.5651
54,Rest,175.5,0.0,3.5652
54,Rest,175.59999999997672,0.0,3.5652
54,Rest,175.70000000001164,0.0,3.5652
54,Rest,175.79999999998836,0.0,3.5652
54,Rest,175.89999999996508,0.0,3.5652
54,Rest,176.0,0.0,3.5652
54,Rest,176.09999999997672,0.0,3.5652
54,Rest,176.20000000001164,0.0,3.5652
54,Rest,176.29999999998836,0.0,3.5652
54,Rest,176.39999999996508,0.0,3.5652
54,Rest,176.5,0.0,3.5652
54,Rest,176.59999999997672,0.0,3.5652
54,Rest,176.70000000001164,0.0,3.5653
54,Rest,176.79999999998836,0.0,3.5653
54,Rest,176.89999999996508,0.0,3.5653
54,Rest,177.0,0.0,3.5653
54,Rest,177.09999999997672,0.0,3.5653
54,Rest,177.20000000001164,0.0,3.5653
54,Rest,177.29999999998836,0.0,3.5653
54,Rest,177.39999999996508,0.0,3.5653
54,Rest,177.5,0.0,3.5653
54,Rest,177.59999999997672,0.0,3.5653
54,Rest,177.70000000001164,0.0,3.5654
54,Rest,177.79999999998836,0.0,3.5654
54,Rest,177.89999999996508,0.0,3.5654
54,Rest,178.0,0.0,3.5654
54,Rest,178.09999999997672,0.0,3.5654
54,Rest,178.20000000001164,0.0,3.5654
54,Rest,178.29999999998836,0.0,3.5654
54,Rest,178.39999999996508,0.0,3.5654
54,Rest,178.5,0.0,3.5654
54,Rest,178.59999999997672,0.0,3.5654
54,Rest,178.70000000001164,0.0,3.5654
54,Rest,178.79999999998836,0.0,3.5654
54,Rest,178.89999999996508,0.0,3.5655
54,Rest,179.0,0.0,3.5654
54,Rest,179.09999999997672,0.0,3.5655
54,Rest,179.20000000001164,0.0,3.5655
54,Rest,179.29999999998836,0.0,3.5655
54,Rest,179.39999999996508,0.0,3.5655
54,Rest,179.5,0.0,3.5656
54,Rest,179.59999999997672,0.0,3.5655
54,Rest,179.70000000001164,0.0,3.5655
54,Rest,179.79999999998836,0.0,3.5656
54,Rest,179.89999999996508,0.0,3.5656
54,Rest,180.0,0.0,3.5656
54,Rest,180.09999999997672,0.0,3.5656
54,Rest,180.20000000001164,0.0,3.5656
54,Rest,180.29999999998836,0.0,3.5656
54,Rest,180.39999999996508,0.0,3.5656
54,Rest,180.5,0.0,3.5656
54,Rest,180.59999999997672,0.0,3.5656
54,Rest,180.70000000001164,0.0,3.5656
54,Rest,180.79999999998836,0.0,3.5656
54,Rest,180.89999999996508,0.0,3.5656
54,Rest,181.0,0.0,3.5657
54,Rest,181.09999999997672,0.0,3.5657
54,Rest,181.20000000001164,0.0,3.5657
54,Rest,181.29999999998836,0.0,3.5657
54,Rest,181.39999999996508,0.0,3.5657
54,Rest,181.5,0.0,3.5657
54,Rest,181.59999999997672,0.0,3.5658
54,Rest,181.70000000001164,0.0,3.5658
54,Rest,181.79999999998836,0.0,3.5658
54,Rest,181.89999999996508,0.0,3.5658
54,Rest,182.0,0.0,3.5658
54,Rest,182.09999999997672,0.0,3.5658
54,Rest,182.20000000001164,0.0,3.5658
54,Rest,182.29999999998836,0.0,3.5658
54,Rest,182.39999999996508,0.0,3.5658
54,Rest,182.5,0.0,3.5657
54,Rest,182.59999999997672,0.0,3.5658
54,Rest,182.70000000001164,0.0,3.5659
54,Rest,182.79999999998836,0.0,3.5659
54,Rest,182.89999999996508,0.0,3.5659
54,Rest,183.0,0.0,3.5659
54,Rest,183.09999999997672,0.0,3.5659
54,Rest,183.20000000001164,0.0,3.5659
54,Rest,183.29999999998836,0.0,3.5659
54,Rest,183.39999999996508,0.0,3.5659
54,Rest,183.5,0.0,3.5659
54,Rest,183.59999999997672,0.0,3.5659
54,Rest,183.70000000001164,0.0,3.5659
54,Rest,183.79999999998836,0.0,3.5659
54,Rest,183.89999999996508,0.0,3.5659
54,Rest,184.0,0.0,3.566
54,Rest,184.09999999997672,0.0,3.566
54,Rest,184.20000000001164,0.0,3.566
54,Rest,184.29999999998836,0.0,3.5659
54,Rest,184.39999999996508,0.0,3.566
54,Rest,184.5,0.0,3.566
54,Rest,184.59999999997672,0.0,3.566
54,Rest,184.70000000001164,0.0,3.566
54,Rest,184.79999999998836,0.0,3.566
54,Rest,184.89999999996508,0.0,3.566
54,Rest,185.0,0.0,3.566
54,Rest,185.09999999997672,0.0,3.566
54,Rest,185.20000000001164,0.0,3.566
54,Rest,185.29999999998836,0.0,3.566
54,Rest,185.39999999996508,0.0,3.566
54,Rest,185.5,0.0,3.5661
54,Rest,185.59999999997672,0.0,3.5661
54,Rest,185.70000000001164,0.0,3.566
54,Rest,185.79999999998836,0.0,3.566
54,Rest,185.89999999996508,0.0,3.566
54,Rest,186.0,0.0,3.5661
54,Rest,186.09999999997672,0.0,3.5661
54,Rest,186.20000000001164,0.0,3.5661
54,Rest,186.29999999998836,0.0,3.5661
54,Rest,186.39999999996508,0.0,3.5661
54,Rest,186.5,0.0,3.5661
54,Rest,186.59999999997672,0.0,3.5661
54,Rest,186.70000000001164,0.0,3.5662
54,Rest,186.79999999998836,0.0,3.5661
54,Rest,186.89999999996508,0.0,3.5661
54,Rest,187.0,0.0,3.5661
54,Rest,187.09999999997672,0.0,3.5661
54,Rest,187.20000000001164,0.0,3.5662
54,Rest,187.29999999998836,0.0,3.5662
54,Rest,187.39999999996508,0.0,3.5661
54,Rest,187.5,0.0,3.5661
54,Rest,187.59999999997672,0.0,3.5662
54,Rest,187.70000000001164,0.0,3.5662
54,Rest,187.79999999998836,0.0,3.5662
54,Rest,187.89999999996508,0.0,3.5662
54,Rest,188.0,0.0,3.5662
54,Rest,188.09999999997672,0.0,3.5662
54,Rest,188.20000000001164,0.0,3.5662
54,Rest,188.29999999998836,0.0,3.5662
54,Rest,188.39999999996508,0.0,3.5662
54,Rest,188.5,0.0,3.5662
54,Rest,188.59999999997672,0.0,3.5662
54,Rest,188.70000000001164,0.0,3.5662
54,Rest,188.79999999998836,0.0,3.5662
54,Rest,188.89999999996508,0.0,3.5663
54,Rest,189.0,0.0,3.5663
54,Rest,189.09999999997672,0.0,3.5663
54,Rest,189.20000000001164,0.0,3.5663
54,Rest,189.29999999998836,0.0,3.5663
54,Rest,189.39999999996508,0.0,3.5663
54,Rest,189.5,0.0,3.5663
54,Rest,189.59999999997672,0.0,3.5663
54,Rest,189.70000000001164,0.0,3.5663
54,Rest,189.79999999998836,0.0,3.5663
54,Rest,189.89999999996508,0.0,3.5663
54,Rest,190.0,0.0,3.5663
54,Rest,190.09999999997672,0.0,3.5663
54,Rest,190.20000000001164,0.0,3.5663
54,Rest,190.29999999998836,0.0,3.5664
54,Rest,190.39999999996508,0.0,3.5664
54,Rest,190.5,0.0,3.5664
54,Rest,190.59999999997672,0.0,3.5664
54,Rest,190.70000000001164,0.0,3.5664
54,Rest,190.79999999998836,0.0,3.5664
54,Rest,190.89999999996508,0.0,3.5664
54,Rest,191.0,0.0,3.5664
54,Rest,191.09999999997672,0.0,3.5664
54,Rest,191.20000000001164,0.0,3.5664
54,Rest,191.29999999998836,0.0,3.5664
54,Rest,191.39999999996508,0.0,3.5664
54,Rest,191.5,0.0,3.5664
54,Rest,191.59999999997672,0.0,3.5664
54,Rest,191.70000000001164,0.0,3.5664
54,Rest,191.79999999998836,0.0,3.5664
54,Rest,191.89999999996508,0.0,3.5664
54,Rest,192.0,0.0,3.5664
54,Rest,192.09999999997672,0.0,3.5665
54,Rest,192.20000000001164,0.0,3.5665
54,Rest,192.29999999998836,0.0,3.5665
54,Rest,192.39999999996508,0.0,3.5665
54,Rest,192.5,0.0,3.5665
54,Rest,192.59999999997672,0.0,3.5665
54,Rest,192.70000000001164,0.0,3.5665
54,Rest,192.79999999998836,0.0,3.5665
54,Rest,192.89999999996508,0.0,3.5665
54,Rest,193.0,0.0,3.5666
54,Rest,193.09999999997672,0.0,3.5666
54,Rest,193.20000000001164,0.0,3.5666
54,Rest,193.29999999998836,0.0,3.5666
54,Rest,193.39999999996508,0.0,3.5666
54,Rest,193.5,0.0,3.5666
54,Rest,193.59999999997672,0.0,3.5666
54,Rest,193.70000000001164,0.0,3.5666
54,Rest,193.79999999998836,0.0,3.5666
54,Rest,193.89999999996508,0.0,3.5666
54,Rest,194.0,0.0,3.5666
54,Rest,194.09999999997672,0.0,3.5666
54,Rest,194.20000000001164,0.0,3.5666
54,Rest,194.29999999998836,0.0,3.5666
54,Rest,194.39999999996508,0.0,3.5667
54,Rest,194.5,0.0,3.5667
54,Rest,194.59999999997672,0.0,3.5667
54,Rest,194.70000000001164,0.0,3.5667
54,Rest,194.79999999998836,0.0,3.5667
54,Rest,194.89999999996508,0.0,3.5667
54,Rest,195.0,0.0,3.5667
54,Rest,195.09999999997672,0.0,3.5667
54,Rest,195.20000000001164,0.0,3.5667
54,Rest,195.29999999998836,0.0,3.5667
54,Rest,195.39999999996508,0.0,3.5667
54,Rest,195.5,0.0,3.5667
54,Rest,195.59999999997672,0.0,3.5667
54,Rest,195.70000000001164,0.0,3.5667
54,Rest,195.79999999998836,0.0,3.5667
54,Rest,195.89999999996508,0.0,3.5667
54,Rest,196.0,0.0,3.5667
54,Rest,196.09999999997672,0.0,3.5667
54,Rest,196.20000000001164,0.0,3.5667
54,Rest,196.29999999998836,0.0,3.5667
54,Rest,196.39999999996508,0.0,3.5667
54,Rest,196.5,0.0,3.5667
54,Rest,196.59999999997672,0.0,3.5667
54,Rest,196.70000000001164,0.0,3.5668
54,Rest,196.79999999998836,0.0,3.5668
54,Rest,196.89999999996508,0.0,3.5667
54,Rest,197.0,0.0,3.5668
54,Rest,197.09999999997672,0.0,3.5668
54,Rest,197.20000000001164,0.0,3.5668
54,Rest,197.29999999998836,0.0,3.5668
54,Rest,197.39999999996508,0.0,3.5668
54,Rest,197.5,0.0,3.5668
54,Rest,197.59999999997672,0.0,3.5668
54,Rest,197.70000000001164,0.0,3.5668
54,Rest,197.79999999998836,0.0,3.5668
54,Rest,197.89999999996508,0.0,3.5668
54,Rest,198.0,0.0,3.5668
54,Rest,198.09999999997672,0.0,3.5668
54,Rest,198.20000000001164,0.0,3.5668
54,Rest,198.29999999998836,0.0,3.5668
54,Rest,198.39999999996508,0.0,3.5668
54,Rest,198.5,0.0,3.5669
54,Rest,198.59999999997672,0.0,3.5669
54,Rest,198.70000000001164,0.0,3.5669
54,Rest,198.79999999998836,0.0,3.5669
54,Rest,198.89999999996508,0.0,3.5669
54,Rest,199.0,0.0,3.5669
54,Rest,199.09999999997672,0.0,3.5669
54,Rest,199.20000000001164,0.0,3.5669
54,Rest,199.29999999998836,0.0,3.5669
54,Rest,199.39999999996508,0.0,3.5669
54,Rest,199.5,0.0,3.567
54,Rest,199.59999999997672,0.0,3.5669
54,Rest,199.70000000001164,0.0,3.567
54,Rest,199.79999999998836,0.0,3.5669
54,Rest,199.89999999996508,0.0,3.567
54,Rest,200.0,0.0,3.567
54,Rest,200.09999999997672,0.0,3.567
54,Rest,200.20000000001164,0.0,3.567
54,Rest,200.29999999998836,0.0,3.567
54,Rest,200.39999999996508,0.0,3.567
54,Rest,200.5,0.0,3.567
54,Rest,200.59999999997672,0.0,3.567
54,Rest,200.70000000001164,0.0,3.567
54,Rest,200.79999999998836,0.0,3.567
54,Rest,200.89999999996508,0.0,3.567
54,Rest,201.0,0.0,3.567
54,Rest,201.09999999997672,0.0,3.567
54,Rest,201.20000000001164,0.0,3.567
54,Rest,201.29999999998836,0.0,3.5671
54,Rest,201.39999999996508,0.0,3.5671
54,Rest,201.5,0.0,3.5671
54,Rest,201.59999999997672,0.0,3.5671
54,Rest,201.70000000001164,0.0,3.5671
54,Rest,201.79999999998836,0.0,3.5671
54,Rest,201.89999999996508,0.0,3.5671
54,Rest,202.0,0.0,3.5671
54,Rest,202.09999999997672,0.0,3.5671
54,Rest,202.20000000001164,0.0,3.5671
54,Rest,202.29999999998836,0.0,3.5671
54,Rest,202.39999999996508,0.0,3.5671
54,Rest,202.5,0.0,3.5671
54,Rest,202.59999999997672,0.0,3.5671
54,Rest,202.70000000001164,0.0,3.5671
54,Rest,202.79999999998836,0.0,3.5671
54,Rest,202.89999999996508,0.0,3.5672
54,Rest,203.0,0.0,3.5672
54,Rest,203.09999999997672,0.0,3.5671
54,Rest,203.20000000001164,0.0,3.5671
54,Rest,203.29999999998836,0.0,3.5671
54,Rest,203.39999999996508,0.0,3.5671
54,Rest,203.5,0.0,3.5671
54,Rest,203.59999999997672,0.0,3.5671
54,Rest,203.70000000001164,0.0,3.5672
54,Rest,203.79999999998836,0.0,3.5671
54,Rest,203.89999999996508,0.0,3.5671
54,Rest,204.0,0.0,3.5672
54,Rest,204.09999999997672,0.0,3.5672
54,Rest,204.20000000001164,0.0,3.5672
54,Rest,204.29999999998836,0.0,3.5672
54,Rest,204.39999999996508,0.0,3.5672
54,Rest,204.5,0.0,3.5672
54,Rest,204.59999999997672,0.0,3.5672
54,Rest,204.70000000001164,0.0,3.5672
54,Rest,204.79999999998836,0.0,3.5672
54,Rest,204.89999999996508,0.0,3.5672
54,Rest,205.0,0.0,3.5672
54,Rest,205.09999999997672,0.0,3.5672
54,Rest,205.20000000001164,0.0,3.5672
54,Rest,205.29999999998836,0.0,3.5672
54,Rest,205.39999999996508,0.0,3.5672
54,Rest,205.5,0.0,3.5672
54,Rest,205.59999999997672,0.0,3.5672
54,Rest,205.70000000001164,0.0,3.5672
54,Rest,205.79999999998836,0.0,3.5672
54,Rest,205.89999999996508,0.0,3.5672
54,Rest,206.0,0.0,3.5672
54,Rest,206.09999999997672,0.0,3.5672
54,Rest,206.20000000001164,0.0,3.5672
54,Rest,206.29999999998836,0.0,3.5672
54,Rest,206.39999999996508,0.0,3.5673
54,Rest,206.5,0.0,3.5672
54,Rest,206.59999999997672,0.0,3.5672
54,Rest,206.70000000001164,0.0,3.5672
54,Rest,206.79999999998836,0.0,3.5673
54,Rest,206.89999999996508,0.0,3.5673
54,Rest,207.0,0.0,3.5673
54,Rest,207.09999999997672,0.0,3.5673
54,Rest,207.20000000001164,0.0,3.5673
54,Rest,207.29999999998836,0.0,3.5673
54,Rest,207.39999999996508,0.0,3.5673
54,Rest,207.5,0.0,3.5673
54,Rest,207.59999999997672,0.0,3.5673
54,Rest,207.70000000001164,0.0,3.5673
54,Rest,207.79999999998836,0.0,3.5673
54,Rest,207.89999999996508,0.0,3.5673
54,Rest,208.0,0.0,3.5674
54,Rest,208.09999999997672,0.0,3.5674
54,Rest,208.20000000001164,0.0,3.5674
54,Rest,208.29999999998836,0.0,3.5674
54,Rest,208.39999999996508,0.0,3.5674
54,Rest,208.5,0.0,3.5674
54,Rest,208.59999999997672,0.0,3.5674
54,Rest,208.70000000001164,0.0,3.5674
54,Rest,208.79999999998836,0.0,3.5674
54,Rest,208.89999999996508,0.0,3.5674
54,Rest,209.0,0.0,3.5674
54,Rest,209.09999999997672,0.0,3.5674
54,Rest,209.20000000001164,0.0,3.5674
54,Rest,209.29999999998836,0.0,3.5674
54,Rest,209.39999999996508,0.0,3.5674
54,Rest,209.5,0.0,3.5675
54,Rest,209.59999999997672,0.0,3.5675
54,Rest,209.70000000001164,0.0,3.5675
54,Rest,209.79999999998836,0.0,3.5675
54,Rest,209.89999999996508,0.0,3.5675
54,Rest,210.0,0.0,3.5675
54,Rest,210.09999999997672,0.0,3.5675
54,Rest,210.20000000001164,0.0,3.5675
54,Rest,210.29999999998836,0.0,3.5675
54,Rest,210.39999999996508,0.0,3.5675
54,Rest,210.5,0.0,3.5675
54,Rest,210.59999999997672,0.0,3.5675
54,Rest,210.70000000001164,0.0,3.5676
54,Rest,210.79999999998836,0.0,3.5675
54,Rest,210.89999999996508,0.0,3.5675
54,Rest,211.0,0.0,3.5675
54,Rest,211.09999999997672,0.0,3.5676
54,Rest,211.20000000001164,0.0,3.5676
54,Rest,211.29999999998836,0.0,3.5676
54,Rest,211.39999999996508,0.0,3.5676
54,Rest,211.5,0.0,3.5676
54,Rest,211.59999999997672,0.0,3.5676
54,Rest,211.70000000001164,0.0,3.5676
54,Rest,211.79999999998836,0.0,3.5676
54,Rest,211.89999999996508,0.0,3.5676
54,Rest,212.0,0.0,3.5676
54,Rest,212.09999999997672,0.0,3.5676
54,Rest,212.20000000001164,0.0,3.5676
54,Rest,212.29999999998836,0.0,3.5676
54,Rest,212.39999999996508,0.0,3.5676
54,Rest,212.5,0.0,3.5676
54,Rest,212.59999999997672,0.0,3.5676
54,Rest,212.70000000001164,0.0,3.5676
54,Rest,212.79999999998836,0.0,3.5676
54,Rest,212.89999999996508,0.0,3.5676
54,Rest,213.0,0.0,3.5676
54,Rest,213.09999999997672,0.0,3.5676
54,Rest,213.20000000001164,0.0,3.5676
54,Rest,213.29999999998836,0.0,3.5677
54,Rest,213.39999999996508,0.0,3.5677
54,Rest,213.5,0.0,3.5677
54,Rest,213.59999999997672,0.0,3.5677
54,Rest,213.70000000001164,0.0,3.5677
54,Rest,213.79999999998836,0.0,3.5677
54,Rest,213.89999999996508,0.0,3.5677
54,Rest,214.0,0.0,3.5677
54,Rest,214.09999999997672,0.0,3.5677
54,Rest,214.20000000001164,0.0,3.5677
54,Rest,214.29999999998836,0.0,3.5677
54,Rest,214.39999999996508,0.0,3.5677
54,Rest,214.5,0.0,3.5677
54,Rest,214.59999999997672,0.0,3.5677
54,Rest,214.70000000001164,0.0,3.5677
54,Rest,214.79999999998836,0.0,3.5678
54,Rest,214.89999999996508,0.0,3.5677
54,Rest,215.0,0.0,3.5678
54,Rest,215.09999999997672,0.0,3.5677
54,Rest,215.20000000001164,0.0,3.5678
54,Rest,215.29999999998836,0.0,3.5678
54,Rest,215.39999999996508,0.0,3.5678
54,Rest,215.5,0.0,3.5678
54,Rest,215.59999999997672,0.0,3.5678
54,Rest,215.70000000001164,0.0,3.5678
54,Rest,215.79999999998836,0.0,3.5678
54,Rest,215.89999999996508,0.0,3.5678
54,Rest,216.0,0.0,3.5678
54,Rest,216.09999999997672,0.0,3.5678
54,Rest,216.20000000001164,0.0,3.5678
54,Rest,216.29999999998836,0.0,3.5678
54,Rest,216.39999999996508,0.0,3.5678
54,Rest,216.5,0.0,3.5678
54,Rest,216.59999999997672,0.0,3.5678
54,Rest,216.70000000001164,0.0,3.5678
54,Rest,216.79999999998836,0.0,3.5678
54,Rest,216.89999999996508,0.0,3.5679
54,Rest,217.0,0.0,3.5679
54,Rest,217.09999999997672,0.0,3.5678
54,Rest,217.20000000001164,0.0,3.5679
54,Rest,217.29999999998836,0.0,3.5679
54,Rest,217.39999999996508,0.0,3.5679
54,Rest,217.5,0.0,3.5679
54,Rest,217.59999999997672,0.0,3.5679
54,Rest,217.70000000001164,0.0,3.5679
54,Rest,217.79999999998836,0.0,3.5679
54,Rest,217.89999999996508,0.0,3.5679
54,Rest,218.0,0.0,3.5679
54,Rest,218.09999999997672,0.0,3.5679
54,Rest,218.20000000001164,0.0,3.5679
54,Rest,218.29999999998836,0.0,3.5679
54,Rest,218.39999999996508,0.0,3.568
54,Rest,218.5,0.0,3.5679
54,Rest,218.59999999997672,0.0,3.5679
54,Rest,218.70000000001164,0.0,3.568
54,Rest,218.79999999998836,0.0,3.5679
54,Rest,218.89999999996508,0.0,3.5679
54,Rest,219.0,0.0,3.568
54,Rest,219.09999999997672,0.0,3.568
54,Rest,219.20000000001164,0.0,3.5679
54,Rest,219.29999999998836,0.0,3.568
54,Rest,219.39999999996508,0.0,3.5679
54,Rest,219.5,0.0,3.568
54,Rest,219.59999999997672,0.0,3.568
54,Rest,219.70000000001164,0.0,3.568
54,Rest,219.79999999998836,0.0,3.568
54,Rest,219.89999999996508,0.0,3.568
54,Rest,220.0,0.0,3.568
54,Rest,220.09999999997672,0.0,3.568
54,Rest,220.20000000001164,0.0,3.568
54,Rest,220.29999999998836,0.0,3.568
54,Rest,220.39999999996508,0.0,3.568
54,Rest,220.5,0.0,3.568
54,Rest,220.59999999997672,0.0,3.568
54,Rest,220.70000000001164,0.0,3.568
54,Rest,220.79999999998836,0.0,3.568
54,Rest,220.89999999996508,0.0,3.568
54,Rest,221.0,0.0,3.568
54,Rest,221.09999999997672,0.0,3.568
54,Rest,221.20000000001164,0.0,3.568
54,Rest,221.29999999998836,0.0,3.568
54,Rest,221.39999999996508,0.0,3.5681
54,Rest,221.5,0.0,3.5681
54,Rest,221.59999999997672,0.0,3.5681
54,Rest,221.70000000001164,0.0,3.5681
54,Rest,221.79999999998836,0.0,3.5681
54,Rest,221.89999999996508,0.0,3.5681
54,Rest,222.0,0.0,3.568
54,Rest,222.09999999997672,0.0,3.5681
54,Rest,222.20000000001164,0.0,3.5681
54,Rest,222.29999999998836,0.0,3.5681
54,Rest,222.39999999996508,0.0,3.5681
54,Rest,222.5,0.0,3.5681
54,Rest,222.59999999997672,0.0,3.5681
54,Rest,222.70000000001164,0.0,3.5681
54,Rest,222.79999999998836,0.0,3.5681
54,Rest,222.89999999996508,0.0,3.5681
54,Rest,223.0,0.0,3.5681
54,Rest,223.09999999997672,0.0,3.5681
54,Rest,223.20000000001164,0.0,3.5681
54,Rest,223.29999999998836,0.0,3.5681
54,Rest,223.39999999996508,0.0,3.5681
54,Rest,223.5,0.0,3.5681
54,Rest,223.59999999997672,0.0,3.5682
54,Rest,223.70000000001164,0.0,3.5682
54,Rest,223.79999999998836,0.0,3.5682
54,Rest,223.89999999996508,0.0,3.5682
54,Rest,224.0,0.0,3.5682
54,Rest,224.09999999997672,0.0,3.5682
54,Rest,224.20000000001164,0.0,3.5682
54,Rest,224.29999999998836,0.0,3.5682
54,Rest,224.39999999996508,0.0,3.5682
54,Rest,224.5,0.0,3.5683
54,Rest,224.59999999997672,0.0,3.5683
54,Rest,224.70000000001164,0.0,3.5683
54,Rest,224.79999999998836,0.0,3.5682
54,Rest,224.89999999996508,0.0,3.5683
54,Rest,225.0,0.0,3.5683
54,Rest,225.09999999997672,0.0,3.5682
54,Rest,225.20000000001164,0.0,3.5683
54,Rest,225.29999999998836,0.0,3.5683
54,Rest,225.39999999996508,0.0,3.5683
54,Rest,225.5,0.0,3.5683
54,Rest,225.59999999997672,0.0,3.5683
54,Rest,225.70000000001164,0.0,3.5683
54,Rest,225.79999999998836,0.0,3.5683
54,Rest,225.89999999996508,0.0,3.5683
54,Rest,226.0,0.0,3.5683
54,Rest,226.09999999997672,0.0,3.5683
54,Rest,226.20000000001164,0.0,3.5683
54,Rest,226.29999999998836,0.0,3.5684
54,Rest,226.39999999996508,0.0,3.5684
54,Rest,226.5,0.0,3.5683
54,Rest,226.59999999997672,0.0,3.5684
54,Rest,226.70000000001164,0.0,3.5684
54,Rest,226.79999999998836,0.0,3.5684
54,Rest,226.89999999996508,0.0,3.5684
54,Rest,227.0,0.0,3.5684
54,Rest,227.09999999997672,0.0,3.5684
54,Rest,227.20000000001164,0.0,3.5684
54,Rest,227.29999999998836,0.0,3.5684
54,Rest,227.39999999996508,0.0,3.5684
54,Rest,227.5,0.0,3.5684
54,Rest,227.59999999997672,0.0,3.5684
54,Rest,227.70000000001164,0.0,3.5684
54,Rest,227.79999999998836,0.0,3.5685
54,Rest,227.89999999996508,0.0,3.5684
54,Rest,228.0,0.0,3.5684
54,Rest,228.09999999997672,0.0,3.5685
54,Rest,228.20000000001164,0.0,3.5685
54,Rest,228.29999999998836,0.0,3.5685
54,Rest,228.39999999996508,0.0,3.5685
54,Rest,228.5,0.0,3.5685
54,Rest,228.59999999997672,0.0,3.5685
54,Rest,228.70000000001164,0.0,3.5685
54,Rest,228.79999999998836,0.0,3.5684
54,Rest,228.89999999996508,0.0,3.5685
54,Rest,229.0,0.0,3.5685
54,Rest,229.09999999997672,0.0,3.5685
54,Rest,229.20000000001164,0.0,3.5685
54,Rest,229.29999999998836,0.0,3.5685
54,Rest,229.39999999996508,0.0,3.5685
54,Rest,229.5,0.0,3.5685
54,Rest,229.59999999997672,0.0,3.5685
54,Rest,229.70000000001164,0.0,3.5685
54,Rest,229.79999999998836,0.0,3.5685
54,Rest,229.89999999996508,0.0,3.5685
54,Rest,230.0,0.0,3.5685
54,Rest,230.09999999997672,0.0,3.5685
54,Rest,230.20000000001164,0.0,3.5685
54,Rest,230.29999999998836,0.0,3.5685
54,Rest,230.39999999996508,0.0,3.5686
54,Rest,230.5,0.0,3.5686
54,Rest,230.59999999997672,0.0,3.5686
54,Rest,230.70000000001164,0.0,3.5685
54,Rest,230.79999999998836,0.0,3.5686
54,Rest,230.89999999996508,0.0,3.5686
54,Rest,231.0,0.0,3.5685
54,Rest,231.09999999997672,0.0,3.5685
54,Rest,231.20000000001164,0.0,3.5685
54,Rest,231.29999999998836,0.0,3.5685
54,Rest,231.39999999996508,0.0,3.5685
54,Rest,231.5,0.0,3.5686
54,Rest,231.59999999997672,0.0,3.5686
54,Rest,231.70000000001164,0.0,3.5686
54,Rest,231.79999999998836,0.0,3.5685
54,Rest,231.89999999996508,0.0,3.5685
54,Rest,232.0,0.0,3.5686
54,Rest,232.09999999997672,0.0,3.5686
54,Rest,232.20000000001164,0.0,3.5686
54,Rest,232.29999999998836,0.0,3.5686
54,Rest,232.39999999996508,0.0,3.5686
54,Rest,232.5,0.0,3.5686
54,Rest,232.59999999997672,0.0,3.5686
54,Rest,232.70000000001164,0.0,3.5686
54,Rest,232.79999999998836,0.0,3.5686
54,Rest,232.89999999996508,0.0,3.5686
54,Rest,233.0,0.0,3.5686
54,Rest,233.09999999997672,0.0,3.5686
54,Rest,233.20000000001164,0.0,3.5686
54,Rest,233.29999999998836,0.0,3.5686
54,Rest,233.39999999996508,0.0,3.5686
54,Rest,233.5,0.0,3.5686
54,Rest,233.59999999997672,0.0,3.5686
54,Rest,233.70000000001164,0.0,3.5686
54,Rest,233.79999999998836,0.0,3.5686
54,Rest,233.89999999996508,0.0,3.5686
54,Rest,234.0,0.0,3.5686
54,Rest,234.09999999997672,0.0,3.5687
54,Rest,234.20000000001164,0.0,3.5687
54,Rest,234.29999999998836,0.0,3.5687
54,Rest,234.39999999996508,0.0,3.5686
54,Rest,234.5,0.0,3.5686
54,Rest,234.59999999997672,0.0,3.5686
54,Rest,234.70000000001164,0.0,3.5687
54,Rest,234.79999999998836,0.0,3.5687
54,Rest,234.89999999996508,0.0,3.5687
54,Rest,235.0,0.0,3.5687
54,Rest,235.09999999997672,0.0,3.5687
54,Rest,235.20000000001164,0.0,3.5687
54,Rest,235.29999999998836,0.0,3.5687
54,Rest,235.39999999996508,0.0,3.5687
54,Rest,235.5,0.0,3.5687
54,Rest,235.59999999997672,0.0,3.5687
54,Rest,235.70000000001164,0.0,3.5687
54,Rest,235.79999999998836,0.0,3.5687
54,Rest,235.89999999996508,0.0,3.5687
54,Rest,236.0,0.0,3.5687
54,Rest,236.09999999997672,0.0,3.5687
54,Rest,236.20000000001164,0.0,3.5687
54,Rest,236.29999999998836,0.0,3.5687
54,Rest,236.39999999996508,0.0,3.5688
54,Rest,236.5,0.0,3.5688
54,Rest,236.59999999997672,0.0,3.5687
54,Rest,236.70000000001164,0.0,3.5688
54,Rest,236.79999999998836,0.0,3.5688
54,Rest,236.89999999996508,0.0,3.5688
54,Rest,237.0,0.0,3.5688
54,Rest,237.09999999997672,0.0,3.5688
54,Rest,237.20000000001164,0.0,3.5688
54,Rest,237.29999999998836,0.0,3.5688
54,Rest,237.39999999996508,0.0,3.5688
54,Rest,237.5,0.0,3.5688
54,Rest,237.59999999997672,0.0,3.5688
54,Rest,237.70000000001164,0.0,3.5688
54,Rest,237.79999999998836,0.0,3.5688
54,Rest,237.89999999996508,0.0,3.5688
54,Rest,238.0,0.0,3.5688
54,Rest,238.09999999997672,0.0,3.5688
54,Rest,238.20000000001164,0.0,3.5688
54,Rest,238.29999999998836,0.0,3.5688
54,Rest,238.39999999996508,0.0,3.5688
54,Rest,238.5,0.0,3.5688
54,Rest,238.59999999997672,0.0,3.5688
54,Rest,238.70000000001164,0.0,3.5688
54,Rest,238.79999999998836,0.0,3.5689
54,Rest,238.89999999996508,0.0,3.5688
54,Rest,239.0,0.0,3.5689
54,Rest,239.09999999997672,0.0,3.5689
54,Rest,239.20000000001164,0.0,3.5688
54,Rest,239.29999999998836,0.0,3.5689
54,Rest,239.39999999996508,0.0,3.5689
54,Rest,239.5,0.0,3.5689
54,Rest,239.59999999997672,0.0,3.5689
54,Rest,239.70000000001164,0.0,3.5689
54,Rest,239.79999999998836,0.0,3.5689
54,Rest,239.89999999996508,0.0,3.5689
54,Rest,240.0,0.0,3.5689
54,Rest,240.09999999997672,0.0,3.5689
54,Rest,240.20000000001164,0.0,3.5689
54,Rest,240.29999999998836,0.0,3.5689
54,Rest,240.39999999996508,0.0,3.5689
54,Rest,240.5,0.0,3.5689
54,Rest,240.59999999997672,0.0,3.5689
54,Rest,240.70000000001164,0.0,3.5689
54,Rest,240.79999999998836,0.0,3.5689
54,Rest,240.89999999996508,0.0,3.5689
54,Rest,241.0,0.0,3.5689
54,Rest,241.09999999997672,0.0,3.5689
54,Rest,241.20000000001164,0.0,3.5689
54,Rest,241.29999999998836,0.0,3.569
54,Rest,241.39999999996508,0.0,3.569
54,Rest,241.5,0.0,3.5689
54,Rest,241.59999999997672,0.0,3.5689
54,Rest,241.70000000001164,0.0,3.569
54,Rest,241.79999999998836,0.0,3.569
54,Rest,241.89999999996508,0.0,3.569
54,Rest,242.0,0.0,3.569
54,Rest,242.09999999997672,0.0,3.569
54,Rest,242.20000000001164,0.0,3.569
54,Rest,242.29999999998836,0.0,3.569
54,Rest,242.39999999996508,0.0,3.569
54,Rest,242.5,0.0,3.569
54,Rest,242.59999999997672,0.0,3.569
54,Rest,242.70000000001164,0.0,3.569
54,Rest,242.79999999998836,0.0,3.569
54,Rest,242.89999999996508,0.0,3.569
54,Rest,243.0,0.0,3.569
54,Rest,243.09999999997672,0.0,3.569
54,Rest,243.20000000001164,0.0,3.5691
54,Rest,243.29999999998836,0.0,3.569
54,Rest,243.39999999996508,0.0,3.569
54,Rest,243.5,0.0,3.5691
54,Rest,243.59999999997672,0.0,3.569
54,Rest,243.70000000001164,0.0,3.569
54,Rest,243.79999999998836,0.0,3.569
54,Rest,243.89999999996508,0.0,3.5691
54,Rest,244.0,0.0,3.5691
54,Rest,244.09999999997672,0.0,3.569
54,Rest,244.20000000001164,0.0,3.5691
54,Rest,244.29999999998836,0.0,3.5691
54,Rest,244.39999999996508,0.0,3.5691
54,Rest,244.5,0.0,3.5691
54,Rest,244.59999999997672,0.0,3.5691
54,Rest,244.70000000001164,0.0,3.5691
54,Rest,244.79999999998836,0.0,3.5691
54,Rest,244.89999999996508,0.0,3.5691
54,Rest,245.0,0.0,3.5691
54,Rest,245.09999999997672,0.0,3.5691
54,Rest,245.20000000001164,0.0,3.5691
54,Rest,245.29999999998836,0.0,3.5691
54,Rest,245.39999999996508,0.0,3.5691
54,Rest,245.5,0.0,3.5691
54,Rest,245.59999999997672,0.0,3.5691
54,Rest,245.70000000001164,0.0,3.5691
54,Rest,245.79999999998836,0.0,3.5691
54,Rest,245.89999999996508,0.0,3.5691
54,Rest,246.0,0.0,3.5691
54,Rest,246.09999999997672,0.0,3.5691
54,Rest,246.20000000001164,0.0,3.5691
54,Rest,246.29999999998836,0.0,3.5691
54,Rest,246.39999999996508,0.0,3.5691
54,Rest,246.5,0.0,3.5691
54,Rest,246.59999999997672,0.0,3.5691
54,Rest,246.70000000001164,0.0,3.5691
54,Rest,246.79999999998836,0.0,3.5691
54,Rest,246.89999999996508,0.0,3.5692
54,Rest,247.0,0.0,3.5692
54,Rest,247.09999999997672,0.0,3.5692
54,Rest,247.20000000001164,0.0,3.5692
54,Rest,247.29999999998836,0.0,3.5692
54,Rest,247.39999999996508,0.0,3.5692
54,Rest,247.5,0.0,3.5692
54,Rest,247.59999999997672,0.0,3.5692
54,Rest,247.70000000001164,0.0,3.5692
54,Rest,247.79999999998836,0.0,3.5692
54,Rest,247.89999999996508,0.0,3.5692
54,Rest,248.0,0.0,3.5692
54,Rest,248.09999999997672,0.0,3.5692
54,Rest,248.20000000001164,0.0,3.5692
54,Rest,248.29999999998836,0.0,3.5692
54,Rest,248.39999999996508,0.0,3.5692
54,Rest,248.5,0.0,3.5692
54,Rest,248.59999999997672,0.0,3.5692
54,Rest,248.70000000001164,0.0,3.5692
54,Rest,248.79999999998836,0.0,3.5692
54,Rest,248.89999999996508,0.0,3.5692
54,Rest,249.0,0.0,3.5692
54,Rest,249.09999999997672,0.0,3.5692
54,Rest,249.20000000001164,0.0,3.5692
54,Rest,249.29999999998836,0.0,3.5692
54,Rest,249.39999999996508,0.0,3.5693
54,Rest,249.5,0.0,3.5693
54,Rest,249.59999999997672,0.0,3.5693
54,Rest,249.70000000001164,0.0,3.5693
54,Rest,249.79999999998836,0.0,3.5692
54,Rest,249.89999999996508,0.0,3.5692
54,Rest,250.0,0.0,3.5692
54,Rest,250.09999999997672,0.0,3.5693
54,Rest,250.20000000001164,0.0,3.5693
54,Rest,250.29999999998836,0.0,3.5693
54,Rest,250.39999999996508,0.0,3.5693
54,Rest,250.5,0.0,3.5693
54,Rest,250.59999999997672,0.0,3.5693
54,Rest,250.70000000001164,0.0,3.5694
54,Rest,250.79999999998836,0.0,3.5693
54,Rest,250.89999999996508,0.0,3.5694
54,Rest,251.0,0.0,3.5694
54,Rest,251.09999999997672,0.0,3.5693
54,Rest,251.20000000001164,0.0,3.5693
54,Rest,251.29999999998836,0.0,3.5694
54,Rest,251.39999999996508,0.0,3.5693
54,Rest,251.5,0.0,3.5693
54,Rest,251.59999999997672,0.0,3.5694
54,Rest,251.70000000001164,0.0,3.5693
54,Rest,251.79999999998836,0.0,3.5693
54,Rest,251.89999999996508,0.0,3.5694
54,Rest,252.0,0.0,3.5693
54,Rest,252.09999999997672,0.0,3.5694
54,Rest,252.20000000001164,0.0,3.5694
54,Rest,252.29999999998836,0.0,3.5693
54,Rest,252.39999999996508,0.0,3.5693
54,Rest,252.5,0.0,3.5693
54,Rest,252.59999999997672,0.0,3.5694
54,Rest,252.70000000001164,0.0,3.5693
54,Rest,252.79999999998836,0.0,3.5694
54,Rest,252.89999999996508,0.0,3.5694
54,Rest,253.0,0.0,3.5694
54,Rest,253.09999999997672,0.0,3.5694
54,Rest,253.20000000001164,0.0,3.5694
54,Rest,253.29999999998836,0.0,3.5694
54,Rest,253.39999999996508,0.0,3.5694
54,Rest,253.5,0.0,3.5694
54,Rest,253.59999999997672,0.0,3.5694
54,Rest,253.70000000001164,0.0,3.5694
54,Rest,253.79999999998836,0.0,3.5694
54,Rest,253.89999999996508,0.0,3.5694
54,Rest,254.0,0.0,3.5694
54,Rest,254.09999999997672,0.0,3.5694
54,Rest,254.20000000001164,0.0,3.5694
54,Rest,254.29999999998836,0.0,3.5694
54,Rest,254.39999999996508,0.0,3.5694
54,Rest,254.5,0.0,3.5694
54,Rest,254.59999999997672,0.0,3.5694
54,Rest,254.70000000001164,0.0,3.5695
54,Rest,254.79999999998836,0.0,3.5695
54,Rest,254.89999999996508,0.0,3.5695
54,Rest,255.0,0.0,3.5695
54,Rest,255.09999999997672,0.0,3.5695
54,Rest,255.20000000001164,0.0,3.5694
54,Rest,255.29999999998836,0.0,3.5694
54,Rest,255.39999999996508,0.0,3.5694
54,Rest,255.5,0.0,3.5694
54,Rest,255.59999999997672,0.0,3.5694
54,Rest,255.70000000001164,0.0,3.5695
54,Rest,255.79999999998836,0.0,3.5695
54,Rest,255.89999999996508,0.0,3.5695
54,Rest,256.0,0.0,3.5695
54,Rest,256.0999999999767,0.0,3.5695
54,Rest,256.20000000001164,0.0,3.5695
54,Rest,256.29999999998836,0.0,3.5695
54,Rest,256.3999999999651,0.0,3.5695
54,Rest,256.5,0.0,3.5695
54,Rest,256.5999999999767,0.0,3.5695
54,Rest,256.70000000001164,0.0,3.5695
54,Rest,256.79999999998836,0.0,3.5695
54,Rest,256.8999999999651,0.0,3.5695
54,Rest,257.0,0.0,3.5695
54,Rest,257.0999999999767,0.0,3.5695
54,Rest,257.20000000001164,0.0,3.5695
54,Rest,257.29999999998836,0.0,3.5695
54,Rest,257.3999999999651,0.0,3.5695
54,Rest,257.5,0.0,3.5695
54,Rest,257.5999999999767,0.0,3.5695
54,Rest,257.70000000001164,0.0,3.5695
54,Rest,257.79999999998836,0.0,3.5695
54,Rest,257.8999999999651,0.0,3.5695
54,Rest,258.0,0.0,3.5695
54,Rest,258.0999999999767,0.0,3.5695
54,Rest,258.20000000001164,0.0,3.5695
54,Rest,258.29999999998836,0.0,3.5695
54,Rest,258.3999999999651,0.0,3.5695
54,Rest,258.5,0.0,3.5695
54,Rest,258.5999999999767,0.0,3.5695
54,Rest,258.70000000001164,0.0,3.5695
54,Rest,258.79999999998836,0.0,3.5695
54,Rest,258.8999999999651,0.0,3.5695
54,Rest,259.0,0.0,3.5695
54,Rest,259.0999999999767,0.0,3.5695
54,Rest,259.20000000001164,0.0,3.5695
54,Rest,259.29999999998836,0.0,3.5695
54,Rest,259.3999999999651,0.0,3.5696
54,Rest,259.5,0.0,3.5696
54,Rest,259.5999999999767,0.0,3.5696
54,Rest,259.70000000001164,0.0,3.5696
54,Rest,259.79999999998836,0.0,3.5696
54,Rest,259.8999999999651,0.0,3.5696
54,Rest,260.0,0.0,3.5696
54,Rest,260.0999999999767,0.0,3.5696
54,Rest,260.20000000001164,0.0,3.5696
54,Rest,260.29999999998836,0.0,3.5696
54,Rest,260.3999999999651,0.0,3.5696
54,Rest,260.5,0.0,3.5696
54,Rest,260.5999999999767,0.0,3.5695
54,Rest,260.70000000001164,0.0,3.5696
54,Rest,260.79999999998836,0.0,3.5696
54,Rest,260.8999999999651,0.0,3.5696
54,Rest,261.0,0.0,3.5696
54,Rest,261.0999999999767,0.0,3.5696
54,Rest,261.20000000001164,0.0,3.5696
54,Rest,261.29999999998836,0.0,3.5696
54,Rest,261.3999999999651,0.0,3.5696
54,Rest,261.5,0.0,3.5696
54,Rest,261.5999999999767,0.0,3.5696
54,Rest,261.70000000001164,0.0,3.5696
54,Rest,261.79999999998836,0.0,3.5696
54,Rest,261.8999999999651,0.0,3.5696
54,Rest,262.0,0.0,3.5696
54,Rest,262.0999999999767,0.0,3.5696
54,Rest,262.20000000001164,0.0,3.5696
54,Rest,262.29999999998836,0.0,3.5696
54,Rest,262.3999999999651,0.0,3.5696
54,Rest,262.5,0.0,3.5696
54,Rest,262.5999999999767,0.0,3.5696
54,Rest,262.70000000001164,0.0,3.5697
54,Rest,262.79999999998836,0.0,3.5696
54,Rest,262.8999999999651,0.0,3.5696
54,Rest,263.0,0.0,3.5697
54,Rest,263.0999999999767,0.0,3.5697
54,Rest,263.20000000001164,0.0,3.5697
54,Rest,263.29999999998836,0.0,3.5697
54,Rest,263.3999999999651,0.0,3.5697
54,Rest,263.5,0.0,3.5696
54,Rest,263.5999999999767,0.0,3.5696
54,Rest,263.70000000001164,0.0,3.5697
54,Rest,263.79999999998836,0.0,3.5697
54,Rest,263.8999999999651,0.0,3.5697
54,Rest,264.0,0.0,3.5697
54,Rest,264.0999999999767,0.0,3.5697
54,Rest,264.20000000001164,0.0,3.5697
54,Rest,264.29999999998836,0.0,3.5697
54,Rest,264.3999999999651,0.0,3.5697
54,Rest,264.5,0.0,3.5697
54,Rest,264.5999999999767,0.0,3.5697
54,Rest,264.70000000001164,0.0,3.5697
54,Rest,264.79999999998836,0.0,3.5697
54,Rest,264.8999999999651,0.0,3.5697
54,Rest,265.0,0.0,3.5697
54,Rest,265.0999999999767,0.0,3.5697
54,Rest,265.20000000001164,0.0,3.5697
54,Rest,265.29999999998836,0.0,3.5697
54,Rest,265.3999999999651,0.0,3.5697
54,Rest,265.5,0.0,3.5697
54,Rest,265.5999999999767,0.0,3.5697
54,Rest,265.70000000001164,0.0,3.5697
54,Rest,265.79999999998836,0.0,3.5697
54,Rest,265.8999999999651,0.0,3.5697
54,Rest,266.0,0.0,3.5697
54,Rest,266.0999999999767,0.0,3.5697
54,Rest,266.20000000001164,0.0,3.5697
54,Rest,266.29999999998836,0.0,3.5697
54,Rest,266.3999999999651,0.0,3.5697
54,Rest,266.5,0.0,3.5697
54,Rest,266.5999999999767,0.0,3.5697
54,Rest,266.70000000001164,0.0,3.5697
54,Rest,266.79999999998836,0.0,3.5697
54,Rest,266.8999999999651,0.0,3.5697
54,Rest,267.0,0.0,3.5698
54,Rest,267.0999999999767,0.0,3.5697
54,Rest,267.20000000001164,0.0,3.5697
54,Rest,267.29999999998836,0.0,3.5697
54,Rest,267.3999999999651,0.0,3.5698
54,Rest,267.5,0.0,3.5698
54,Rest,267.5999999999767,0.0,3.5698
54,Rest,267.70000000001164,0.0,3.5698
54,Rest,267.79999999998836,0.0,3.5698
54,Rest,267.8999999999651,0.0,3.5698
54,Rest,268.0,0.0,3.5698
54,Rest,268.0999999999767,0.0,3.5698
54,Rest,268.20000000001164,0.0,3.5698
54,Rest,268.29999999998836,0.0,3.5698
54,Rest,268.3999999999651,0.0,3.5698
54,Rest,268.5,0.0,3.5698
54,Rest,268.5999999999767,0.0,3.5698
54,Rest,268.70000000001164,0.0,3.5698
54,Rest,268.79999999998836,0.0,3.5698
54,Rest,268.8999999999651,0.0,3.5698
54,Rest,269.0,0.0,3.5699
54,Rest,269.0999999999767,0.0,3.5698
54,Rest,269.20000000001164,0.0,3.5698
54,Rest,269.29999999998836,0.0,3.5698
54,Rest,269.3999999999651,0.0,3.5698
54,Rest,269.5,0.0,3.5698
54,Rest,269.5999999999767,0.0,3.5698
54,Rest,269.70000000001164,0.0,3.5698
54,Rest,269.79999999998836,0.0,3.5699
54,Rest,269.8999999999651,0.0,3.5699
54,Rest,270.0,0.0,3.5699
54,Rest,270.0999999999767,0.0,3.5699
54,Rest,270.20000000001164,0.0,3.5699
54,Rest,270.29999999998836,0.0,3.5699
54,Rest,270.3999999999651,0.0,3.5699
54,Rest,270.5,0.0,3.5699
54,Rest,270.5999999999767,0.0,3.5699
54,Rest,270.70000000001164,0.0,3.5699
54,Rest,270.79999999998836,0.0,3.5699
54,Rest,270.8999999999651,0.0,3.5699
54,Rest,271.0,0.0,3.5699
54,Rest,271.0999999999767,0.0,3.5699
54,Rest,271.20000000001164,0.0,3.5699
54,Rest,271.29999999998836,0.0,3.5699
54,Rest,271.3999999999651,0.0,3.5699
54,Rest,271.5,0.0,3.5699
54,Rest,271.5999999999767,0.0,3.5699
54,Rest,271.70000000001164,0.0,3.5699
54,Rest,271.79999999998836,0.0,3.5699
54,Rest,271.8999999999651,0.0,3.5699
54,Rest,272.0,0.0,3.5699
54,Rest,272.0999999999767,0.0,3.5699
54,Rest,272.20000000001164,0.0,3.5699
54,Rest,272.29999999998836,0.0,3.5699
54,Rest,272.3999999999651,0.0,3.5699
54,Rest,272.5,0.0,3.5699
54,Rest,272.5999999999767,0.0,3.5699
54,Rest,272.70000000001164,0.0,3.57
54,Rest,272.79999999998836,0.0,3.57
54,Rest,272.8999999999651,0.0,3.57
54,Rest,273.0,0.0,3.57
54,Rest,273.0999999999767,0.0,3.57
54,Rest,273.20000000001164,0.0,3.5699
54,Rest,273.29999999998836,0.0,3.5699
54,Rest,273.3999999999651,0.0,3.5699
54,Rest,273.5,0.0,3.57
54,Rest,273.5999999999767,0.0,3.57
54,Rest,273.70000000001164,0.0,3.57
54,Rest,273.79999999998836,0.0,3.57
54,Rest,273.8999999999651,0.0,3.5699
54,Rest,274.0,0.0,3.5699
54,Rest,274.0999999999767,0.0,3.5699
54,Rest,274.20000000001164,0.0,3.57
54,Rest,274.29999999998836,0.0,3.57
54,Rest,274.3999999999651,0.0,3.57
54,Rest,274.5,0.0,3.57
54,Rest,274.5999999999767,0.0,3.57
54,Rest,274.70000000001164,0.0,3.57
54,Rest,274.79999999998836,0.0,3.57
54,Rest,274.8999999999651,0.0,3.57
54,Rest,275.0,0.0,3.57
54,Rest,275.0999999999767,0.0,3.57
54,Rest,275.20000000001164,0.0,3.57
54,Rest,275.29999999998836,0.0,3.57
54,Rest,275.3999999999651,0.0,3.57
54,Rest,275.5,0.0,3.57
54,Rest,275.5999999999767,0.0,3.57
54,Rest,275.70000000001164,0.0,3.57
54,Rest,275.79999999998836,0.0,3.57
54,Rest,275.8999999999651,0.0,3.57
54,Rest,276.0,0.0,3.57
54,Rest,276.0999999999767,0.0,3.57
54,Rest,276.20000000001164,0.0,3.57
54,Rest,276.29999999998836,0.0,3.57
54,Rest,276.3999999999651,0.0,3.57
54,Rest,276.5,0.0,3.57
54,Rest,276.5999999999767,0.0,3.57
54,Rest,276.70000000001164,0.0,3.57
54,Rest,276.79999999998836,0.0,3.5701
54,Rest,276.8999999999651,0.0,3.5701
54,Rest,277.0,0.0,3.5701
54,Rest,277.0999999999767,0.0,3.5701
54,Rest,277.20000000001164,0.0,3.5701
54,Rest,277.29999999998836,0.0,3.5701
54,Rest,277.3999999999651,0.0,3.5701
54,Rest,277.5,0.0,3.5701
54,Rest,277.5999999999767,0.0,3.5701
54,Rest,277.70000000001164,0.0,3.5701
54,Rest,277.79999999998836,0.0,3.57
54,Rest,277.8999999999651,0.0,3.5701
54,Rest,278.0,0.0,3.5701
54,Rest,278.0999999999767,0.0,3.5701
54,Rest,278.20000000001164,0.0,3.5701
54,Rest,278.29999999998836,0.0,3.5701
54,Rest,278.3999999999651,0.0,3.5701
54,Rest,278.5,0.0,3.5701
54,Rest,278.5999999999767,0.0,3.5701
54,Rest,278.70000000001164,0.0,3.5701
54,Rest,278.79999999998836,0.0,3.5701
54,Rest,278.8999999999651,0.0,3.5701
54,Rest,279.0,0.0,3.5701
54,Rest,279.0999999999767,0.0,3.5702
54,Rest,279.20000000001164,0.0,3.5701
54,Rest,279.29999999998836,0.0,3.5702
54,Rest,279.3999999999651,0.0,3.5701
54,Rest,279.5,0.0,3.5701
54,Rest,279.5999999999767,0.0,3.5702
54,Rest,279.70000000001164,0.0,3.5702
54,Rest,279.79999999998836,0.0,3.5701
54,Rest,279.8999999999651,0.0,3.5701
54,Rest,280.0,0.0,3.5701
54,Rest,280.0999999999767,0.0,3.5702
54,Rest,280.20000000001164,0.0,3.5701
54,Rest,280.29999999998836,0.0,3.5702
54,Rest,280.3999999999651,0.0,3.5702
54,Rest,280.5,0.0,3.5701
54,Rest,280.5999999999767,0.0,3.5701
54,Rest,280.70000000001164,0.0,3.5702
54,Rest,280.79999999998836,0.0,3.5702
54,Rest,280.8999999999651,0.0,3.5702
54,Rest,281.0,0.0,3.5702
54,Rest,281.0999999999767,0.0,3.5702
54,Rest,281.20000000001164,0.0,3.5702
54,Rest,281.29999999998836,0.0,3.5702
54,Rest,281.3999999999651,0.0,3.5702
54,Rest,281.5,0.0,3.5702
54,Rest,281.5999999999767,0.0,3.5702
54,Rest,281.70000000001164,0.0,3.5702
54,Rest,281.79999999998836,0.0,3.5702
54,Rest,281.8999999999651,0.0,3.5702
54,Rest,282.0,0.0,3.5702
54,Rest,282.0999999999767,0.0,3.5702
54,Rest,282.20000000001164,0.0,3.5702
54,Rest,282.29999999998836,0.0,3.5702
54,Rest,282.3999999999651,0.0,3.5702
54,Rest,282.5,0.0,3.5702
54,Rest,282.5999999999767,0.0,3.5702
54,Rest,282.70000000001164,0.0,3.5702
54,Rest,282.79999999998836,0.0,3.5703
54,Rest,282.8999999999651,0.0,3.5703
54,Rest,283.0,0.0,3.5703
54,Rest,283.0999999999767,0.0,3.5703
54,Rest,283.20000000001164,0.0,3.5703
54,Rest,283.29999999998836,0.0,3.5703
54,Rest,283.3999999999651,0.0,3.5703
54,Rest,283.5,0.0,3.5703
54,Rest,283.5999999999767,0.0,3.5703
54,Rest,283.70000000001164,0.0,3.5702
54,Rest,283.79999999998836,0.0,3.5703
54,Rest,283.8999999999651,0.0,3.5703
54,Rest,284.0,0.0,3.5703
54,Rest,284.0999999999767,0.0,3.5702
54,Rest,284.20000000001164,0.0,3.5702
54,Rest,284.29999999998836,0.0,3.5703
54,Rest,284.3999999999651,0.0,3.5703
54,Rest,284.5,0.0,3.5703
54,Rest,284.5999999999767,0.0,3.5703
54,Rest,284.70000000001164,0.0,3.5703
54,Rest,284.79999999998836,0.0,3.5703
54,Rest,284.8999999999651,0.0,3.5703
54,Rest,285.0,0.0,3.5703
54,Rest,285.0999999999767,0.0,3.5703
54,Rest,285.20000000001164,0.0,3.5703
54,Rest,285.29999999998836,0.0,3.5703
54,Rest,285.3999999999651,0.0,3.5703
54,Rest,285.5,0.0,3.5703
54,Rest,285.5999999999767,0.0,3.5703
54,Rest,285.70000000001164,0.0,3.5703
54,Rest,285.79999999998836,0.0,3.5703
54,Rest,285.8999999999651,0.0,3.5703
54,Rest,286.0,0.0,3.5703
54,Rest,286.0999999999767,0.0,3.5703
54,Rest,286.20000000001164,0.0,3.5703
54,Rest,286.29999999998836,0.0,3.5703
54,Rest,286.3999999999651,0.0,3.5703
54,Rest,286.5,0.0,3.5704
54,Rest,286.5999999999767,0.0,3.5703
54,Rest,286.70000000001164,0.0,3.5703
54,Rest,286.79999999998836,0.0,3.5703
54,Rest,286.8999999999651,0.0,3.5703
54,Rest,287.0,0.0,3.5703
54,Rest,287.0999999999767,0.0,3.5704
54,Rest,287.20000000001164,0.0,3.5704
54,Rest,287.29999999998836,0.0,3.5704
54,Rest,287.3999999999651,0.0,3.5704
54,Rest,287.5,0.0,3.5704
54,Rest,287.5999999999767,0.0,3.5704
54,Rest,287.70000000001164,0.0,3.5704
54,Rest,287.79999999998836,0.0,3.5704
54,Rest,287.8999999999651,0.0,3.5704
54,Rest,288.0,0.0,3.5704
54,Rest,288.0999999999767,0.0,3.5704
54,Rest,288.20000000001164,0.0,3.5704
54,Rest,288.29999999998836,0.0,3.5704
54,Rest,288.3999999999651,0.0,3.5704
54,Rest,288.5,0.0,3.5704
54,Rest,288.5999999999767,0.0,3.5704
54,Rest,288.70000000001164,0.0,3.5703
54,Rest,288.79999999998836,0.0,3.5704
54,Rest,288.8999999999651,0.0,3.5704
54,Rest,289.0,0.0,3.5704
54,Rest,289.0999999999767,0.0,3.5704
54,Rest,289.20000000001164,0.0,3.5704
54,Rest,289.29999999998836,0.0,3.5704
54,Rest,289.3999999999651,0.0,3.5704
54,Rest,289.5,0.0,3.5704
54,Rest,289.5999999999767,0.0,3.5704
54,Rest,289.70000000001164,0.0,3.5704
54,Rest,289.79999999998836,0.0,3.5704
54,Rest,289.8999999999651,0.0,3.5704
54,Rest,290.0,0.0,3.5704
54,Rest,290.0999999999767,0.0,3.5704
54,Rest,290.20000000001164,0.0,3.5704
54,Rest,290.29999999998836,0.0,3.5704
54,Rest,290.3999999999651,0.0,3.5704
54,Rest,290.5,0.0,3.5705
54,Rest,290.5999999999767,0.0,3.5705
54,Rest,290.70000000001164,0.0,3.5705
54,Rest,290.79999999998836,0.0,3.5705
54,Rest,290.8999999999651,0.0,3.5705
54,Rest,291.0,0.0,3.5704
54,Rest,291.0999999999767,0.0,3.5705
54,Rest,291.20000000001164,0.0,3.5705
54,Rest,291.29999999998836,0.0,3.5704
54,Rest,291.3999999999651,0.0,3.5704
54,Rest,291.5,0.0,3.5704
54,Rest,291.5999999999767,0.0,3.5705
54,Rest,291.70000000001164,0.0,3.5705
54,Rest,291.79999999998836,0.0,3.5705
54,Rest,291.8999999999651,0.0,3.5705
54,Rest,292.0,0.0,3.5704
54,Rest,292.0999999999767,0.0,3.5704
54,Rest,292.20000000001164,0.0,3.5705
54,Rest,292.29999999998836,0.0,3.5705
54,Rest,292.3999999999651,0.0,3.5705
54,Rest,292.5,0.0,3.5705
54,Rest,292.5999999999767,0.0,3.5705
54,Rest,292.70000000001164,0.0,3.5705
54,Rest,292.79999999998836,0.0,3.5705
54,Rest,292.8999999999651,0.0,3.5705
54,Rest,293.0,0.0,3.5705
54,Rest,293.0999999999767,0.0,3.5705
54,Rest,293.20000000001164,0.0,3.5705
54,Rest,293.29999999998836,0.0,3.5705
54,Rest,293.3999999999651,0.0,3.5705
54,Rest,293.5,0.0,3.5705
54,Rest,293.5999999999767,0.0,3.5705
54,Rest,293.70000000001164,0.0,3.5705
54,Rest,293.79999999998836,0.0,3.5705
54,Rest,293.8999999999651,0.0,3.5705
54,Rest,294.0,0.0,3.5705
54,Rest,294.0999999999767,0.0,3.5705
54,Rest,294.20000000001164,0.0,3.5705
54,Rest,294.29999999998836,0.0,3.5705
54,Rest,294.3999999999651,0.0,3.5705
54,Rest,294.5,0.0,3.5705
54,Rest,294.5999999999767,0.0,3.5706
54,Rest,294.70000000001164,0.0,3.5705
54,Rest,294.79999999998836,0.0,3.5705
54,Rest,294.8999999999651,0.0,3.5705
54,Rest,295.0,0.0,3.5706
54,Rest,295.0999999999767,0.0,3.5705
54,Rest,295.20000000001164,0.0,3.5705
54,Rest,295.29999999998836,0.0,3.5705
54,Rest,295.3999999999651,0.0,3.5705
54,Rest,295.5,0.0,3.5706
54,Rest,295.5999999999767,0.0,3.5706
54,Rest,295.70000000001164,0.0,3.5705
54,Rest,295.79999999998836,0.0,3.5705
54,Rest,295.8999999999651,0.0,3.5705
54,Rest,296.0,0.0,3.5705
54,Rest,296.0999999999767,0.0,3.5705
54,Rest,296.20000000001164,0.0,3.5705
54,Rest,296.29999999998836,0.0,3.5705
54,Rest,296.3999999999651,0.0,3.5705
54,Rest,296.5,0.0,3.5706
54,Rest,296.5999999999767,0.0,3.5705
54,Rest,296.70000000001164,0.0,3.5706
54,Rest,296.79999999998836,0.0,3.5706
54,Rest,296.8999999999651,0.0,3.5706
54,Rest,297.0,0.0,3.5706
54,Rest,297.0999999999767,0.0,3.5706
54,Rest,297.20000000001164,0.0,3.5706
54,Rest,297.29999999998836,0.0,3.5706
54,Rest,297.3999999999651,0.0,3.5706
54,Rest,297.5,0.0,3.5706
54,Rest,297.5999999999767,0.0,3.5705
54,Rest,297.70000000001164,0.0,3.5706
54,Rest,297.79999999998836,0.0,3.5706
54,Rest,297.8999999999651,0.0,3.5706
54,Rest,298.0,0.0,3.5706
54,Rest,298.0999999999767,0.0,3.5706
54,Rest,298.20000000001164,0.0,3.5706
54,Rest,298.29999999998836,0.0,3.5705
54,Rest,298.3999999999651,0.0,3.5706
54,Rest,298.5,0.0,3.5706
54,Rest,298.5999999999767,0.0,3.5706
54,Rest,298.70000000001164,0.0,3.5706
54,Rest,298.79999999998836,0.0,3.5706
54,Rest,298.8999999999651,0.0,3.5706
54,Rest,299.0,0.0,3.5706
54,Rest,299.0999999999767,0.0,3.5706
54,Rest,299.20000000001164,0.0,3.5706
54,Rest,299.29999999998836,0.0,3.5706
54,Rest,299.3999999999651,0.0,3.5706
54,Rest,299.5,0.0,3.5706
54,Rest,299.5999999999767,0.0,3.5706
54,Rest,299.70000000001164,0.0,3.5705
54,Rest,299.79999999998836,0.0,3.5706
54,Rest,299.8999999999651,0.0,3.5706
54,Rest,300.0,0.0,3.5706
54,Rest,300.0999999999767,0.0,3.5706
54,Rest,300.20000000001164,0.0,3.5706
54,Rest,300.29999999998836,0.0,3.5706
54,Rest,300.3999999999651,0.0,3.5706
54,Rest,300.5,0.0,3.5706
54,Rest,300.5999999999767,0.0,3.5706
54,Rest,300.70000000001164,0.0,3.5706
54,Rest,300.79999999998836,0.0,3.5705
54,Rest,300.8999999999651,0.0,3.5705
54,Rest,301.0,0.0,3.5706
54,Rest,301.0999999999767,0.0,3.5705
54,Rest,301.20000000001164,0.0,3.5706
54,Rest,301.29999999998836,0.0,3.5706
54,Rest,301.3999999999651,0.0,3.5706
54,Rest,301.5,0.0,3.5706
54,Rest,301.5999999999767,0.0,3.5706
54,Rest,301.70000000001164,0.0,3.5705
54,Rest,301.79999999998836,0.0,3.5706
54,Rest,301.8999999999651,0.0,3.5706
54,Rest,302.0,0.0,3.5706
54,Rest,302.0999999999767,0.0,3.5706
54,Rest,302.20000000001164,0.0,3.5706
54,Rest,302.29999999998836,0.0,3.5706
54,Rest,302.3999999999651,0.0,3.5706
54,Rest,302.5,0.0,3.5706
54,Rest,302.5999999999767,0.0,3.5706
54,Rest,302.70000000001164,0.0,3.5706
54,Rest,302.79999999998836,0.0,3.5706
54,Rest,302.8999999999651,0.0,3.5706
54,Rest,303.0,0.0,3.5706
54,Rest,303.0999999999767,0.0,3.5706
54,Rest,303.20000000001164,0.0,3.5706
54,Rest,303.29999999998836,0.0,3.5706
54,Rest,303.3999999999651,0.0,3.5706
54,Rest,303.5,0.0,3.5706
54,Rest,303.5999999999767,0.0,3.5706
54,Rest,303.70000000001164,0.0,3.5706
54,Rest,303.79999999998836,0.0,3.5706
54,Rest,303.8999999999651,0.0,3.5707
54,Rest,304.0,0.0,3.5707
54,Rest,304.0999999999767,0.0,3.5706
54,Rest,304.20000000001164,0.0,3.5706
54,Rest,304.29999999998836,0.0,3.5706
54,Rest,304.3999999999651,0.0,3.5706
54,Rest,304.5,0.0,3.5707
54,Rest,304.5999999999767,0.0,3.5706
54,Rest,304.70000000001164,0.0,3.5706
54,Rest,304.79999999998836,0.0,3.5707
54,Rest,304.8999999999651,0.0,3.5706
54,Rest,305.0,0.0,3.5706
54,Rest,305.0999999999767,0.0,3.5707
54,Rest,305.20000000001164,0.0,3.5706
54,Rest,305.29999999998836,0.0,3.5707
54,Rest,305.3999999999651,0.0,3.5707
54,Rest,305.5,0.0,3.5707
54,Rest,305.5999999999767,0.0,3.5707
54,Rest,305.70000000001164,0.0,3.5706
54,Rest,305.79999999998836,0.0,3.5707
54,Rest,305.8999999999651,0.0,3.5707
54,Rest,306.0,0.0,3.5706
54,Rest,306.0999999999767,0.0,3.5706
54,Rest,306.20000000001164,0.0,3.5707
54,Rest,306.29999999998836,0.0,3.5707
54,Rest,306.3999999999651,0.0,3.5707
54,Rest,306.5,0.0,3.5707
54,Rest,306.5999999999767,0.0,3.5707
54,Rest,306.70000000001164,0.0,3.5707
54,Rest,306.79999999998836,0.0,3.5707
54,Rest,306.8999999999651,0.0,3.5707
54,Rest,307.0,0.0,3.5707
54,Rest,307.0999999999767,0.0,3.5707
54,Rest,307.20000000001164,0.0,3.5707
54,Rest,307.29999999998836,0.0,3.5707
54,Rest,307.3999999999651,0.0,3.5707
54,Rest,307.5,0.0,3.5707
54,Rest,307.5999999999767,0.0,3.5707
54,Rest,307.70000000001164,0.0,3.5707
54,Rest,307.79999999998836,0.0,3.5707
54,Rest,307.8999999999651,0.0,3.5707
54,Rest,308.0,0.0,3.5707
54,Rest,308.0999999999767,0.0,3.5707
54,Rest,308.20000000001164,0.0,3.5707
54,Rest,308.29999999998836,0.0,3.5707
54,Rest,308.3999999999651,0.0,3.5707
54,Rest,308.5,0.0,3.5708
54,Rest,308.5999999999767,0.0,3.5707
54,Rest,308.70000000001164,0.0,3.5708
54,Rest,308.79999999998836,0.0,3.5708
54,Rest,308.8999999999651,0.0,3.5707
54,Rest,309.0,0.0,3.5707
54,Rest,309.0999999999767,0.0,3.5707
54,Rest,309.20000000001164,0.0,3.5708
54,Rest,309.29999999998836,0.0,3.5708
54,Rest,309.3999999999651,0.0,3.5707
54,Rest,309.5,0.0,3.5707
54,Rest,309.5999999999767,0.0,3.5708
54,Rest,309.70000000001164,0.0,3.5708
54,Rest,309.79999999998836,0.0,3.5708
54,Rest,309.8999999999651,0.0,3.5708
54,Rest,310.0,0.0,3.5708
54,Rest,310.0999999999767,0.0,3.5708
54,Rest,310.20000000001164,0.0,3.5708
54,Rest,310.29999999998836,0.0,3.5708
54,Rest,310.3999999999651,0.0,3.5708
54,Rest,310.5,0.0,3.5708
54,Rest,310.5999999999767,0.0,3.5708
54,Rest,310.70000000001164,0.0,3.5708
54,Rest,310.79999999998836,0.0,3.5708
54,Rest,310.8999999999651,0.0,3.5708
54,Rest,311.0,0.0,3.5708
54,Rest,311.0999999999767,0.0,3.5708
54,Rest,311.20000000001164,0.0,3.5708
54,Rest,311.29999999998836,0.0,3.5708
54,Rest,311.3999999999651,0.0,3.5708
54,Rest,311.5,0.0,3.5708
54,Rest,311.5999999999767,0.0,3.5708
54,Rest,311.70000000001164,0.0,3.5708
54,Rest,311.79999999998836,0.0,3.5708
54,Rest,311.8999999999651,0.0,3.5708
54,Rest,312.0,0.0,3.5708
54,Rest,312.0999999999767,0.0,3.5708
54,Rest,312.20000000001164,0.0,3.5708
54,Rest,312.29999999998836,0.0,3.5708
54,Rest,312.3999999999651,0.0,3.5708
54,Rest,312.5,0.0,3.5708
54,Rest,312.5999999999767,0.0,3.5708
54,Rest,312.70000000001164,0.0,3.5708
54,Rest,312.79999999998836,0.0,3.5708
54,Rest,312.8999999999651,0.0,3.5708
54,Rest,313.0,0.0,3.5708
54,Rest,313.0999999999767,0.0,3.5708
54,Rest,313.20000000001164,0.0,3.5708
54,Rest,313.29999999998836,0.0,3.5708
54,Rest,313.3999999999651,0.0,3.5708
54,Rest,313.5,0.0,3.5708
54,Rest,313.5999999999767,0.0,3.5708
54,Rest,313.70000000001164,0.0,3.5708
54,Rest,313.79999999998836,0.0,3.5708
54,Rest,313.8999999999651,0.0,3.5708
54,Rest,314.0,0.0,3.5709
54,Rest,314.0999999999767,0.0,3.5709
54,Rest,314.20000000001164,0.0,3.5709
54,Rest,314.29999999998836,0.0,3.5709
54,Rest,314.3999999999651,0.0,3.5709
54,Rest,314.5,0.0,3.5709
54,Rest,314.5999999999767,0.0,3.5708
54,Rest,314.70000000001164,0.0,3.5708
54,Rest,314.79999999998836,0.0,3.5708
54,Rest,314.8999999999651,0.0,3.5708
54,Rest,315.0,0.0,3.5709
54,Rest,315.0999999999767,0.0,3.5709
54,Rest,315.20000000001164,0.0,3.5709
54,Rest,315.29999999998836,0.0,3.5709
54,Rest,315.3999999999651,0.0,3.5709
54,Rest,315.5,0.0,3.5709
54,Rest,315.5999999999767,0.0,3.5709
54,Rest,315.70000000001164,0.0,3.5709
54,Rest,315.79999999998836,0.0,3.5709
54,Rest,315.8999999999651,0.0,3.5709
54,Rest,316.0,0.0,3.5709
54,Rest,316.0999999999767,0.0,3.5709
54,Rest,316.20000000001164,0.0,3.5709
54,Rest,316.29999999998836,0.0,3.5709
54,Rest,316.3999999999651,0.0,3.5709
54,Rest,316.5,0.0,3.5709
54,Rest,316.5999999999767,0.0,3.5709
54,Rest,316.70000000001164,0.0,3.5709
54,Rest,316.79999999998836,0.0,3.5709
54,Rest,316.8999999999651,0.0,3.5709
54,Rest,317.0,0.0,3.5709
54,Rest,317.0999999999767,0.0,3.5709
54,Rest,317.20000000001164,0.0,3.5709
54,Rest,317.29999999998836,0.0,3.5709
54,Rest,317.3999999999651,0.0,3.5709
54,Rest,317.5,0.0,3.5709
54,Rest,317.5999999999767,0.0,3.5709
54,Rest,317.70000000001164,0.0,3.5709
54,Rest,317.79999999998836,0.0,3.5709
54,Rest,317.8999999999651,0.0,3.5709
54,Rest,318.0,0.0,3.5709
54,Rest,318.0999999999767,0.0,3.5709
54,Rest,318.20000000001164,0.0,3.5709
54,Rest,318.29999999998836,0.0,3.5709
54,Rest,318.3999999999651,0.0,3.5709
54,Rest,318.5,0.0,3.5709
54,Rest,318.5999999999767,0.0,3.5709
54,Rest,318.70000000001164,0.0,3.5709
54,Rest,318.79999999998836,0.0,3.5709
54,Rest,318.8999999999651,0.0,3.571
54,Rest,319.0,0.0,3.571
54,Rest,319.0999999999767,0.0,3.571
54,Rest,319.20000000001164,0.0,3.571
54,Rest,319.29999999998836,0.0,3.571
54,Rest,319.3999999999651,0.0,3.571
54,Rest,319.5,0.0,3.571
54,Rest,319.5999999999767,0.0,3.571
54,Rest,319.70000000001164,0.0,3.571
54,Rest,319.79999999998836,0.0,3.571
54,Rest,319.8999999999651,0.0,3.571
54,Rest,320.0,0.0,3.571
54,Rest,320.0999999999767,0.0,3.571
54,Rest,320.20000000001164,0.0,3.5709
54,Rest,320.29999999998836,0.0,3.571
54,Rest,320.3999999999651,0.0,3.571
54,Rest,320.5,0.0,3.571
54,Rest,320.5999999999767,0.0,3.571
54,Rest,320.70000000001164,0.0,3.571
54,Rest,320.79999999998836,0.0,3.571
54,Rest,320.8999999999651,0.0,3.571
54,Rest,321.0,0.0,3.571
54,Rest,321.0999999999767,0.0,3.571
54,Rest,321.20000000001164,0.0,3.571
54,Rest,321.29999999998836,0.0,3.571
54,Rest,321.3999999999651,0.0,3.571
54,Rest,321.5,0.0,3.571
54,Rest,321.5999999999767,0.0,3.571
54,Rest,321.70000000001164,0.0,3.571
54,Rest,321.79999999998836,0.0,3.571
54,Rest,321.8999999999651,0.0,3.571
54,Rest,322.0,0.0,3.571
54,Rest,322.0999999999767,0.0,3.571
54,Rest,322.20000000001164,0.0,3.571
54,Rest,322.29999999998836,0.0,3.571
54,Rest,322.3999999999651,0.0,3.571
54,Rest,322.5,0.0,3.571
54,Rest,322.5999999999767,0.0,3.571
54,Rest,322.70000000001164,0.0,3.571
54,Rest,322.79999999998836,0.0,3.571
54,Rest,322.8999999999651,0.0,3.571
54,Rest,323.0,0.0,3.571
54,Rest,323.0999999999767,0.0,3.571
54,Rest,323.20000000001164,0.0,3.571
54,Rest,323.29999999998836,0.0,3.571
54,Rest,323.3999999999651,0.0,3.571
54,Rest,323.5,0.0,3.571
54,Rest,323.5999999999767,0.0,3.571
54,Rest,323.70000000001164,0.0,3.571
54,Rest,323.79999999998836,0.0,3.5711
54,Rest,323.8999999999651,0.0,3.571
54,Rest,324.0,0.0,3.571
54,Rest,324.0999999999767,0.0,3.571
54,Rest,324.20000000001164,0.0,3.571
54,Rest,324.29999999998836,0.0,3.571
54,Rest,324.3999999999651,0.0,3.571
54,Rest,324.5,0.0,3.571
54,Rest,324.5999999999767,0.0,3.571
54,Rest,324.70000000001164,0.0,3.571
54,Rest,324.79999999998836,0.0,3.5711
54,Rest,324.8999999999651,0.0,3.571
54,Rest,325.0,0.0,3.571
54,Rest,325.0999999999767,0.0,3.571
54,Rest,325.20000000001164,0.0,3.571
54,Rest,325.29999999998836,0.0,3.571
54,Rest,325.3999999999651,0.0,3.571
54,Rest,325.5,0.0,3.571
54,Rest,325.5999999999767,0.0,3.5711
54,Rest,325.70000000001164,0.0,3.571
54,Rest,325.79999999998836,0.0,3.571
54,Rest,325.8999999999651,0.0,3.5711
54,Rest,326.0,0.0,3.571
54,Rest,326.0999999999767,0.0,3.571
54,Rest,326.20000000001164,0.0,3.571
54,Rest,326.29999999998836,0.0,3.5711
54,Rest,326.3999999999651,0.0,3.5711
54,Rest,326.5,0.0,3.571
54,Rest,326.5999999999767,0.0,3.571
54,Rest,326.70000000001164,0.0,3.5711
54,Rest,326.79999999998836,0.0,3.5711
54,Rest,326.8999999999651,0.0,3.5711
54,Rest,327.0,0.0,3.5711
54,Rest,327.0999999999767,0.0,3.571
54,Rest,327.20000000001164,0.0,3.5711
54,Rest,327.29999999998836,0.0,3.571
54,Rest,327.3999999999651,0.0,3.571
54,Rest,327.5,0.0,3.571
54,Rest,327.5999999999767,0.0,3.571
54,Rest,327.70000000001164,0.0,3.5711
54,Rest,327.79999999998836,0.0,3.5711
54,Rest,327.8999999999651,0.0,3.571
54,Rest,328.0,0.0,3.571
54,Rest,328.0999999999767,0.0,3.5711
54,Rest,328.20000000001164,0.0,3.5711
54,Rest,328.29999999998836,0.0,3.5711
54,Rest,328.3999999999651,0.0,3.5711
54,Rest,328.5,0.0,3.5711
54,Rest,328.5999999999767,0.0,3.5711
54,Rest,328.70000000001164,0.0,3.5711
54,Rest,328.79999999998836,0.0,3.5711
54,Rest,328.8999999999651,0.0,3.5711
54,Rest,329.0,0.0,3.5711
54,Rest,329.0999999999767,0.0,3.5711
54,Rest,329.20000000001164,0.0,3.5711
54,Rest,329.29999999998836,0.0,3.5711
54,Rest,329.3999999999651,0.0,3.5711
54,Rest,329.5,0.0,3.5711
54,Rest,329.5999999999767,0.0,3.5711
54,Rest,329.70000000001164,0.0,3.5711
54,Rest,329.79999999998836,0.0,3.5711
54,Rest,329.8999999999651,0.0,3.5711
54,Rest,330.0,0.0,3.5711
54,Rest,330.0999999999767,0.0,3.5711
54,Rest,330.20000000001164,0.0,3.5711
54,Rest,330.29999999998836,0.0,3.5711
54,Rest,330.3999999999651,0.0,3.5711
54,Rest,330.5,0.0,3.5711
54,Rest,330.5999999999767,0.0,3.5711
54,Rest,330.70000000001164,0.0,3.5711
54,Rest,330.79999999998836,0.0,3.5711
54,Rest,330.8999999999651,0.0,3.5712
54,Rest,331.0,0.0,3.5711
54,Rest,331.0999999999767,0.0,3.5711
54,Rest,331.20000000001164,0.0,3.5712
54,Rest,331.29999999998836,0.0,3.5711
54,Rest,331.3999999999651,0.0,3.5711
54,Rest,331.5,0.0,3.5712
54,Rest,331.5999999999767,0.0,3.5712
54,Rest,331.70000000001164,0.0,3.5712
54,Rest,331.79999999998836,0.0,3.5712
54,Rest,331.8999999999651,0.0,3.5712
54,Rest,332.0,0.0,3.5712
54,Rest,332.0999999999767,0.0,3.5712
54,Rest,332.20000000001164,0.0,3.5712
54,Rest,332.29999999998836,0.0,3.5712
54,Rest,332.3999999999651,0.0,3.5712
54,Rest,332.5,0.0,3.5712
54,Rest,332.5999999999767,0.0,3.5712
54,Rest,332.70000000001164,0.0,3.5712
54,Rest,332.79999999998836,0.0,3.5712
54,Rest,332.8999999999651,0.0,3.5712
54,Rest,333.0,0.0,3.5712
54,Rest,333.0999999999767,0.0,3.5712
54,Rest,333.20000000001164,0.0,3.5712
54,Rest,333.29999999998836,0.0,3.5712
54,Rest,333.3999999999651,0.0,3.5712
54,Rest,333.5,0.0,3.5712
54,Rest,333.5999999999767,0.0,3.5712
54,Rest,333.70000000001164,0.0,3.5712
54,Rest,333.79999999998836,0.0,3.5712
54,Rest,333.8999999999651,0.0,3.5713
54,Rest,334.0,0.0,3.5712
54,Rest,334.0999999999767,0.0,3.5712
54,Rest,334.20000000001164,0.0,3.5712
54,Rest,334.29999999998836,0.0,3.5712
54,Rest,334.3999999999651,0.0,3.5712
54,Rest,334.5,0.0,3.5712
54,Rest,334.5999999999767,0.0,3.5712
54,Rest,334.70000000001164,0.0,3.5712
54,Rest,334.79999999998836,0.0,3.5713
54,Rest,334.8999999999651,0.0,3.5713
54,Rest,335.0,0.0,3.5713
54,Rest,335.0999999999767,0.0,3.5713
54,Rest,335.20000000001164,0.0,3.5713
54,Rest,335.29999999998836,0.0,3.5713
54,Rest,335.3999999999651,0.0,3.5713
54,Rest,335.5,0.0,3.5713
54,Rest,335.5999999999767,0.0,3.5713
54,Rest,335.70000000001164,0.0,3.5713
54,Rest,335.79999999998836,0.0,3.5713
54,Rest,335.8999999999651,0.0,3.5714
54,Rest,336.0,0.0,3.5714
54,Rest,336.0999999999767,0.0,3.5713
54,Rest,336.20000000001164,0.0,3.5713
54,Rest,336.29999999998836,0.0,3.5713
54,Rest,336.3999999999651,0.0,3.5713
54,Rest,336.5,0.0,3.5713
54,Rest,336.5999999999767,0.0,3.5713
54,Rest,336.70000000001164,0.0,3.5713
54,Rest,336.79999999998836,0.0,3.5713
54,Rest,336.8999999999651,0.0,3.5713
54,Rest,337.0,0.0,3.5714
54,Rest,337.0999999999767,0.0,3.5714
54,Rest,337.20000000001164,0.0,3.5713
54,Rest,337.29999999998836,0.0,3.5713
54,Rest,337.3999999999651,0.0,3.5714
54,Rest,337.5,0.0,3.5714
54,Rest,337.5999999999767,0.0,3.5713
54,Rest,337.70000000001164,0.0,3.5713
54,Rest,337.79999999998836,0.0,3.5713
54,Rest,337.8999999999651,0.0,3.5713
54,Rest,338.0,0.0,3.5713
54,Rest,338.0999999999767,0.0,3.5713
54,Rest,338.20000000001164,0.0,3.5714
54,Rest,338.29999999998836,0.0,3.5713
54,Rest,338.3999999999651,0.0,3.5713
54,Rest,338.5,0.0,3.5713
54,Rest,338.5999999999767,0.0,3.5714
54,Rest,338.70000000001164,0.0,3.5713
54,Rest,338.79999999998836,0.0,3.5713
54,Rest,338.8999999999651,0.0,3.5713
54,Rest,339.0,0.0,3.5714
54,Rest,339.0999999999767,0.0,3.5714
54,Rest,339.20000000001164,0.0,3.5713
54,Rest,339.29999999998836,0.0,3.5713
54,Rest,339.3999999999651,0.0,3.5714
54,Rest,339.5,0.0,3.5714
54,Rest,339.5999999999767,0.0,3.5714
54,Rest,339.70000000001164,0.0,3.5714
54,Rest,339.79999999998836,0.0,3.5714
54,Rest,339.8999999999651,0.0,3.5714
54,Rest,340.0,0.0,3.5714
54,Rest,340.0999999999767,0.0,3.5713
54,Rest,340.20000000001164,0.0,3.5713
54,Rest,340.29999999998836,0.0,3.5714
54,Rest,340.3999999999651,0.0,3.5714
54,Rest,340.5,0.0,3.5714
54,Rest,340.5999999999767,0.0,3.5714
54,Rest,340.70000000001164,0.0,3.5714
54,Rest,340.79999999998836,0.0,3.5714
54,Rest,340.8999999999651,0.0,3.5714
54,Rest,341.0,0.0,3.5714
54,Rest,341.0999999999767,0.0,3.5714
54,Rest,341.20000000001164,0.0,3.5714
54,Rest,341.29999999998836,0.0,3.5714
54,Rest,341.3999999999651,0.0,3.5715
54,Rest,341.5,0.0,3.5714
54,Rest,341.5999999999767,0.0,3.5714
54,Rest,341.70000000001164,0.0,3.5714
54,Rest,341.79999999998836,0.0,3.5714
54,Rest,341.8999999999651,0.0,3.5714
54,Rest,342.0,0.0,3.5714
54,Rest,342.0999999999767,0.0,3.5714
54,Rest,342.20000000001164,0.0,3.5714
54,Rest,342.29999999998836,0.0,3.5714
54,Rest,342.3999999999651,0.0,3.5714
54,Rest,342.5,0.0,3.5714
54,Rest,342.5999999999767,0.0,3.5714
54,Rest,342.70000000001164,0.0,3.5714
54,Rest,342.79999999998836,0.0,3.5714
54,Rest,342.8999999999651,0.0,3.5714
54,Rest,343.0,0.0,3.5714
54,Rest,343.0999999999767,0.0,3.5714
54,Rest,343.20000000001164,0.0,3.5714
54,Rest,343.29999999998836,0.0,3.5714
54,Rest,343.3999999999651,0.0,3.5714
54,Rest,343.5,0.0,3.5714
54,Rest,343.5999999999767,0.0,3.5714
54,Rest,343.70000000001164,0.0,3.5714
54,Rest,343.79999999998836,0.0,3.5714
54,Rest,343.8999999999651,0.0,3.5714
54,Rest,344.0,0.0,3.5714
54,Rest,344.0999999999767,0.0,3.5714
54,Rest,344.20000000001164,0.0,3.5714
54,Rest,344.29999999998836,0.0,3.5714
54,Rest,344.3999999999651,0.0,3.5714
54,Rest,344.5,0.0,3.5714
54,Rest,344.5999999999767,0.0,3.5714
54,Rest,344.70000000001164,0.0,3.5714
54,Rest,344.79999999998836,0.0,3.5715
54,Rest,344.8999999999651,0.0,3.5714
54,Rest,345.0,0.0,3.5715
54,Rest,345.0999999999767,0.0,3.5714
54,Rest,345.20000000001164,0.0,3.5714
54,Rest,345.29999999998836,0.0,3.5714
54,Rest,345.3999999999651,0.0,3.5714
54,Rest,345.5,0.0,3.5714
54,Rest,345.5999999999767,0.0,3.5714
54,Rest,345.70000000001164,0.0,3.5714
54,Rest,345.79999999998836,0.0,3.5714
54,Rest,345.8999999999651,0.0,3.5714
54,Rest,346.0,0.0,3.5715
54,Rest,346.0999999999767,0.0,3.5715
54,Rest,346.20000000001164,0.0,3.5714
54,Rest,346.29999999998836,0.0,3.5714
54,Rest,346.3999999999651,0.0,3.5715
54,Rest,346.5,0.0,3.5715
54,Rest,346.5999999999767,0.0,3.5714
54,Rest,346.70000000001164,0.0,3.5714
54,Rest,346.79999999998836,0.0,3.5714
54,Rest,346.8999999999651,0.0,3.5714
54,Rest,347.0,0.0,3.5715
54,Rest,347.0999999999767,0.0,3.5714
54,Rest,347.20000000001164,0.0,3.5714
54,Rest,347.29999999998836,0.0,3.5714
54,Rest,347.3999999999651,0.0,3.5715
54,Rest,347.5,0.0,3.5715
54,Rest,347.5999999999767,0.0,3.5714
54,Rest,347.70000000001164,0.0,3.5714
54,Rest,347.79999999998836,0.0,3.5715
54,Rest,347.8999999999651,0.0,3.5715
54,Rest,348.0,0.0,3.5715
54,Rest,348.0999999999767,0.0,3.5715
54,Rest,348.20000000001164,0.0,3.5715
54,Rest,348.29999999998836,0.0,3.5715
54,Rest,348.3999999999651,0.0,3.5715
54,Rest,348.5,0.0,3.5715
54,Rest,348.5999999999767,0.0,3.5715
54,Rest,348.70000000001164,0.0,3.5715
54,Rest,348.79999999998836,0.0,3.5715
54,Rest,348.8999999999651,0.0,3.5715
54,Rest,349.0,0.0,3.5715
54,Rest,349.0999999999767,0.0,3.5715
54,Rest,349.20000000001164,0.0,3.5715
54,Rest,349.29999999998836,0.0,3.5715
54,Rest,349.3999999999651,0.0,3.5715
54,Rest,349.5,0.0,3.5715
54,Rest,349.5999999999767,0.0,3.5715
54,Rest,349.70000000001164,0.0,3.5716
54,Rest,349.79999999998836,0.0,3.5715
54,Rest,349.8999999999651,0.0,3.5715
54,Rest,350.0,0.0,3.5715
54,Rest,350.0999999999767,0.0,3.5715
54,Rest,350.20000000001164,0.0,3.5715
54,Rest,350.29999999998836,0.0,3.5715
54,Rest,350.3999999999651,0.0,3.5715
54,Rest,350.5,0.0,3.5715
54,Rest,350.5999999999767,0.0,3.5715
54,Rest,350.70000000001164,0.0,3.5715
54,Rest,350.79999999998836,0.0,3.5715
54,Rest,350.8999999999651,0.0,3.5715
54,Rest,351.0,0.0,3.5715
54,Rest,351.0999999999767,0.0,3.5715
54,Rest,351.20000000001164,0.0,3.5715
54,Rest,351.29999999998836,0.0,3.5715
54,Rest,351.3999999999651,0.0,3.5716
54,Rest,351.5,0.0,3.5715
54,Rest,351.5999999999767,0.0,3.5716
54,Rest,351.70000000001164,0.0,3.5716
54,Rest,351.79999999998836,0.0,3.5716
54,Rest,351.8999999999651,0.0,3.5716
54,Rest,352.0,0.0,3.5715
54,Rest,352.0999999999767,0.0,3.5715
54,Rest,352.20000000001164,0.0,3.5716
54,Rest,352.29999999998836,0.0,3.5715
54,Rest,352.3999999999651,0.0,3.5715
54,Rest,352.5,0.0,3.5716
54,Rest,352.5999999999767,0.0,3.5716
54,Rest,352.70000000001164,0.0,3.5716
54,Rest,352.79999999998836,0.0,3.5716
54,Rest,352.8999999999651,0.0,3.5716
54,Rest,353.0,0.0,3.5716
54,Rest,353.0999999999767,0.0,3.5716
54,Rest,353.20000000001164,0.0,3.5716
54,Rest,353.29999999998836,0.0,3.5716
54,Rest,353.3999999999651,0.0,3.5716
54,Rest,353.5,0.0,3.5716
54,Rest,353.5999999999767,0.0,3.5716
54,Rest,353.70000000001164,0.0,3.5716
54,Rest,353.79999999998836,0.0,3.5716
54,Rest,353.8999999999651,0.0,3.5716
54,Rest,354.0,0.0,3.5716
54,Rest,354.0999999999767,0.0,3.5716
54,Rest,354.20000000001164,0.0,3.5716
54,Rest,354.29999999998836,0.0,3.5715
54,Rest,354.3999999999651,0.0,3.5716
54,Rest,354.5,0.0,3.5716
54,Rest,354.5999999999767,0.0,3.5716
54,Rest,354.70000000001164,0.0,3.5716
54,Rest,354.79999999998836,0.0,3.5716
54,Rest,354.8999999999651,0.0,3.5716
54,Rest,355.0,0.0,3.5715
54,Rest,355.0999999999767,0.0,3.5716
54,Rest,355.20000000001164,0.0,3.5716
54,Rest,355.29999999998836,0.0,3.5716
54,Rest,355.3999999999651,0.0,3.5716
54,Rest,355.5,0.0,3.5716
54,Rest,355.5999999999767,0.0,3.5716
54,Rest,355.70000000001164,0.0,3.5716
54,Rest,355.79999999998836,0.0,3.5716
54,Rest,355.8999999999651,0.0,3.5716
54,Rest,356.0,0.0,3.5716
54,Rest,356.0999999999767,0.0,3.5716
54,Rest,356.20000000001164,0.0,3.5716
54,Rest,356.29999999998836,0.0,3.5716
54,Rest,356.3999999999651,0.0,3.5716
54,Rest,356.5,0.0,3.5716
54,Rest,356.5999999999767,0.0,3.5716
54,Rest,356.70000000001164,0.0,3.5716
54,Rest,356.79999999998836,0.0,3.5716
54,Rest,356.8999999999651,0.0,3.5716
54,Rest,357.0,0.0,3.5716
54,Rest,357.0999999999767,0.0,3.5716
54,Rest,357.20000000001164,0.0,3.5716
54,Rest,357.29999999998836,0.0,3.5717
54,Rest,357.3999999999651,0.0,3.5716
54,Rest,357.5,0.0,3.5716
54,Rest,357.5999999999767,0.0,3.5716
54,Rest,357.70000000001164,0.0,3.5717
54,Rest,357.79999999998836,0.0,3.5717
54,Rest,357.8999999999651,0.0,3.5717
54,Rest,358.0,0.0,3.5716
54,Rest,358.0999999999767,0.0,3.5717
54,Rest,358.20000000001164,0.0,3.5717
54,Rest,358.29999999998836,0.0,3.5717
54,Rest,358.3999999999651,0.0,3.5717
54,Rest,358.5,0.0,3.5717
54,Rest,358.5999999999767,0.0,3.5716
54,Rest,358.70000000001164,0.0,3.5717
54,Rest,358.79999999998836,0.0,3.5717
54,Rest,358.8999999999651,0.0,3.5717
54,Rest,359.0,0.0,3.5717
54,Rest,359.0999999999767,0.0,3.5717
54,Rest,359.20000000001164,0.0,3.5717
54,Rest,359.29999999998836,0.0,3.5717
54,Rest,359.3999999999651,0.0,3.5717
54,Rest,359.5,0.0,3.5717
54,Rest,359.5999999999767,0.0,3.5717
54,Rest,359.70000000001164,0.0,3.5717
54,Rest,359.79999999998836,0.0,3.5717
54,Rest,359.8999999999651,0.0,3.5717
54,Rest,360.0,0.0,3.5717
54,Rest,360.0999999999767,0.0,3.5717
54,Rest,360.20000000001164,0.0,3.5717
54,Rest,360.29999999998836,0.0,3.5717
54,Rest,360.3999999999651,0.0,3.5717
54,Rest,360.5,0.0,3.5717
54,Rest,360.5999999999767,0.0,3.5717
54,Rest,360.70000000001164,0.0,3.5717
54,Rest,360.79999999998836,0.0,3.5717
54,Rest,360.8999999999651,0.0,3.5717
54,Rest,361.0,0.0,3.5717
54,Rest,361.0999999999767,0.0,3.5717
54,Rest,361.20000000001164,0.0,3.5717
54,Rest,361.29999999998836,0.0,3.5717
54,Rest,361.3999999999651,0.0,3.5717
54,Rest,361.5,0.0,3.5718
54,Rest,361.5999999999767,0.0,3.5718
54,Rest,361.70000000001164,0.0,3.5717
54,Rest,361.79999999998836,0.0,3.5717
54,Rest,361.8999999999651,0.0,3.5717
54,Rest,362.0,0.0,3.5717
54,Rest,362.0999999999767,0.0,3.5717
54,Rest,362.20000000001164,0.0,3.5717
54,Rest,362.29999999998836,0.0,3.5717
54,Rest,362.3999999999651,0.0,3.5717
54,Rest,362.5,0.0,3.5717
54,Rest,362.5999999999767,0.0,3.5717
54,Rest,362.70000000001164,0.0,3.5717
54,Rest,362.79999999998836,0.0,3.5717
54,Rest,362.8999999999651,0.0,3.5717
54,Rest,363.0,0.0,3.5717
54,Rest,363.0999999999767,0.0,3.5717
54,Rest,363.20000000001164,0.0,3.5717
54,Rest,363.29999999998836,0.0,3.5717
54,Rest,363.3999999999651,0.0,3.5717
54,Rest,363.5,0.0,3.5717
54,Rest,363.5999999999767,0.0,3.5717
54,Rest,363.70000000001164,0.0,3.5717
54,Rest,363.79999999998836,0.0,3.5717
54,Rest,363.8999999999651,0.0,3.5717
54,Rest,364.0,0.0,3.5717
54,Rest,364.0999999999767,0.0,3.5717
54,Rest,364.20000000001164,0.0,3.5717
54,Rest,364.29999999998836,0.0,3.5716
54,Rest,364.3999999999651,0.0,3.5716
54,Rest,364.5,0.0,3.5717
54,Rest,364.5999999999767,0.0,3.5717
54,Rest,364.70000000001164,0.0,3.5717
54,Rest,364.79999999998836,0.0,3.5717
54,Rest,364.8999999999651,0.0,3.5717
54,Rest,365.0,0.0,3.5717
54,Rest,365.0999999999767,0.0,3.5717
54,Rest,365.20000000001164,0.0,3.5716
54,Rest,365.29999999998836,0.0,3.5716
54,Rest,365.3999999999651,0.0,3.5717
54,Rest,365.5,0.0,3.5717
54,Rest,365.5999999999767,0.0,3.5717
54,Rest,365.70000000001164,0.0,3.5717
54,Rest,365.79999999998836,0.0,3.5717
54,Rest,365.8999999999651,0.0,3.5717
54,Rest,366.0,0.0,3.5717
54,Rest,366.0999999999767,0.0,3.5717
54,Rest,366.20000000001164,0.0,3.5717
54,Rest,366.29999999998836,0.0,3.5717
54,Rest,366.3999999999651,0.0,3.5717
54,Rest,366.5,0.0,3.5717
54,Rest,366.5999999999767,0.0,3.5717
54,Rest,366.70000000001164,0.0,3.5717
54,Rest,366.79999999998836,0.0,3.5718
54,Rest,366.8999999999651,0.0,3.5718
54,Rest,367.0,0.0,3.5717
54,Rest,367.0999999999767,0.0,3.5717
54,Rest,367.20000000001164,0.0,3.5718
54,Rest,367.29999999998836,0.0,3.5718
54,Rest,367.3999999999651,0.0,3.5718
54,Rest,367.5,0.0,3.5717
54,Rest,367.5999999999767,0.0,3.5718
54,Rest,367.70000000001164,0.0,3.5718
54,Rest,367.79999999998836,0.0,3.5718
54,Rest,367.8999999999651,0.0,3.5717
54,Rest,368.0,0.0,3.5718
