Step,Step Type,"t,s","I,A","U,V"
31,CC DChg,0.0,-1.6983,3.7656
31,CC DChg,1.099999999976717,-1.6983,3.7656
31,CC DChg,2.1999999999825377,-1.6986,3.7637
31,CC DChg,3.2999999999883585,-1.699,3.7627
31,CC DChg,4.399999999994179,-1.6992,3.7612
31,CC DChg,5.5,-1.6993,3.7603
31,CC DChg,6.599999999976717,-1.6994,3.7596
31,CC DChg,7.699999999982538,-1.6995,3.759
31,CC DChg,7.890909090900095,-1.6995,3.7584
31,CC DChg,8.081818181788549,-1.6995,3.758
31,CC DChg,8.272727272706106,-1.6996,3.7575
31,CC DChg,8.463636363623664,-1.6996,3.7571
31,CC DChg,8.654545454512117,-1.6996,3.7567
31,CC DChg,8.845454545429675,-1.6996,3.7563
31,CC DChg,9.036363636376336,-1.6996,3.756
31,CC DChg,9.22727272726479,-1.6997,3.7556
31,CC DChg,9.418181818182347,-1.6997,3.7553
31,CC DChg,9.609090909070801,-1.6997,3.755
31,CC DChg,9.717355371889425,-1.6997,3.7546
31,CC DChg,9.825619834678946,-1.6997,3.7543
31,CC DChg,9.93388429749757,-1.6997,3.754
31,CC DChg,10.042148760345299,-1.6997,3.7537
31,CC DChg,10.15041322313482,-1.6997,3.7535
31,CC DChg,10.258677685953444,-1.6997,3.7532
31,CC DChg,10.366942148742964,-1.6997,3.753
31,CC DChg,10.475206611590693,-1.6997,3.7527
31,CC DChg,10.583471074380213,-1.6997,3.7524
31,CC DChg,10.691735537198838,-1.6997,3.7522
31,CC DChg,10.792486851976719,-1.6998,3.7519
31,CC DChg,10.893238166783703,-1.6998,3.7517
31,CC DChg,10.993989481590688,-1.6998,3.7514
31,CC DChg,11.094740796397673,-1.6998,3.7512
31,CC DChg,11.195492111175554,-1.6998,3.751
31,CC DChg,11.296243425982539,-1.6998,3.7507
31,CC DChg,11.396994740789523,-1.6998,3.7505
31,CC DChg,11.497746055596508,-1.6998,3.7503
31,CC DChg,11.598497370374389,-1.6998,3.7501
31,CC DChg,11.699248685181374,-1.6998,3.7499
31,CC DChg,11.799316986522172,-1.6998,3.7497
31,CC DChg,11.89938528786297,-1.6998,3.7495
31,CC DChg,11.999453589232871,-1.6998,3.7493
31,CC DChg,12.099521890544565,-1.6998,3.749
31,CC DChg,12.199590191943571,-1.6998,3.7489
31,CC DChg,12.299658493255265,-1.6998,3.7486
31,CC DChg,12.399726794596063,-1.6998,3.7484
31,CC DChg,12.499795095936861,-1.6998,3.7482
31,CC DChg,12.599863397277659,-1.6998,3.748
31,CC DChg,12.699931698618457,-1.6998,3.7479
31,CC DChg,12.799937907868298,-1.6998,3.7477
31,CC DChg,12.899944117059931,-1.6998,3.7475
31,CC DChg,12.999950326280668,-1.6998,3.7473
31,CC DChg,13.099956535501406,-1.6998,3.7471
31,CC DChg,13.199962744751247,-1.6998,3.7469
31,CC DChg,13.29996895394288,-1.6998,3.7468
31,CC DChg,13.399975163134513,-1.6998,3.7466
31,CC DChg,13.499981372384354,-1.6998,3.7464
31,CC DChg,13.599987581575988,-1.6998,3.7463
31,CC DChg,13.699993790796725,-1.6998,3.7461
31,CC DChg,13.799994355242234,-1.6998,3.746
31,CC DChg,13.899994919716846,-1.6998,3.7458
31,CC DChg,13.999995484191459,-1.6998,3.7456
31,CC DChg,14.099996048666071,-1.6998,3.7454
31,CC DChg,14.199996613140684,-1.6998,3.7452
31,CC DChg,14.299997177615296,-1.6998,3.7451
31,CC DChg,14.399997742089909,-1.6998,3.7449
31,CC DChg,14.499998306535417,-1.6998,3.7447
31,CC DChg,14.599998871039134,-1.6998,3.7446
31,CC DChg,14.69999943554285,-1.6998,3.7445
31,CC DChg,14.79999948682962,-1.6998,3.7443
31,CC DChg,14.899999538145494,-1.6998,3.7441
31,CC DChg,14.999999589461368,-1.6998,3.7439
31,CC DChg,15.099999640777241,-1.6998,3.7438
31,CC DChg,15.199999692093115,-1.6998,3.7436
31,CC DChg,15.299999743438093,-1.6998,3.7434
31,CC DChg,15.399999794753967,-1.6998,3.7433
31,CC DChg,15.499999846040737,-1.6998,3.7432
31,CC DChg,15.59999989735661,-1.6998,3.743
31,CC DChg,15.699999948672485,-1.6998,3.7428
31,CC DChg,15.799999953305814,-1.6998,3.7427
31,CC DChg,15.899999957997352,-1.6998,3.7425
31,CC DChg,15.999999962659786,-1.6998,3.7424
31,CC DChg,16.09999996732222,-1.6998,3.7422
31,CC DChg,16.199999971984653,-1.6998,3.7421
31,CC DChg,16.29999997667619,-1.6998,3.7419
31,CC DChg,16.39999998130952,-1.6998,3.7418
31,CC DChg,16.499999986001058,-1.6998,3.7416
31,CC DChg,16.59999999066349,-1.6998,3.7415
31,CC DChg,16.69999999529682,-1.6998,3.7414
31,CC DChg,16.799999995710095,-1.6998,3.7412
31,CC DChg,16.899999996181577,-1.6998,3.7411
31,CC DChg,16.999999996594852,-1.6998,3.7409
31,CC DChg,17.09999999703723,-1.6998,3.7408
31,CC DChg,17.1999999974214,-1.6998,3.7407
31,CC DChg,17.29999999786378,-1.6998,3.7405
31,CC DChg,17.399999998306157,-1.6998,3.7404
31,CC DChg,17.499999998748535,-1.6998,3.7402
31,CC DChg,17.59999999916181,-1.6998,3.7402
31,CC DChg,17.699999999575084,-1.6998,3.74
31,CC DChg,17.799999999580905,-1.6998,3.7399
31,CC DChg,17.899999999674037,-1.6998,3.7397
31,CC DChg,17.999999999679858,-1.6998,3.7396
31,CC DChg,18.099999999714782,-1.6998,3.7395
31,CC DChg,18.199999999749707,-1.6998,3.7393
31,CC DChg,18.29999999984284,-1.6998,3.7392
31,CC DChg,18.399999999819556,-1.6998,3.739
31,CC DChg,18.499999999883585,-1.6998,3.7389
31,CC DChg,18.599999999947613,-1.6998,3.7388
31,CC DChg,18.699999999982538,-1.6998,3.7387
31,CC DChg,18.79999999998836,-1.6998,3.7385
31,CC DChg,18.89999999999418,-1.6998,3.7384
31,CC DChg,19.0,-1.6998,3.7383
31,CC DChg,19.099999999976717,-1.6998,3.7381
31,CC DChg,19.199999999982538,-1.6998,3.738
31,CC DChg,19.29999999998836,-1.6998,3.7379
31,CC DChg,19.39999999999418,-1.6998,3.7377
31,CC DChg,19.5,-1.6998,3.7376
31,CC DChg,19.599999999976717,-1.6998,3.7375
31,CC DChg,19.699999999982538,-1.6998,3.7374
31,CC DChg,19.79999999998836,-1.6998,3.7372
31,CC DChg,19.89999999999418,-1.6998,3.7371
31,CC DChg,20.0,-1.6998,3.737
31,CC DChg,20.099999999976717,-1.6998,3.7369
31,CC DChg,20.199999999982538,-1.6998,3.7367
31,CC DChg,20.29999999998836,-1.6998,3.7366
31,CC DChg,20.39999999999418,-1.6998,3.7365
31,CC DChg,20.5,-1.6998,3.7364
31,CC DChg,20.599999999976717,-1.6998,3.7363
31,CC DChg,20.699999999982538,-1.6998,3.7361
31,CC DChg,20.79999999998836,-1.6998,3.7361
31,CC DChg,20.89999999999418,-1.6998,3.7359
31,CC DChg,21.0,-1.6998,3.7358
31,CC DChg,21.099999999976717,-1.6998,3.7357
31,CC DChg,21.199999999982538,-1.6998,3.7356
31,CC DChg,21.29999999998836,-1.6998,3.7355
31,CC DChg,21.39999999999418,-1.6998,3.7353
31,CC DChg,21.5,-1.6998,3.7352
31,CC DChg,21.599999999976717,-1.6998,3.7351
31,CC DChg,21.699999999982538,-1.6998,3.735
31,CC DChg,21.79999999998836,-1.6998,3.7349
31,CC DChg,21.89999999999418,-1.6998,3.7348
31,CC DChg,22.0,-1.6998,3.7347
31,CC DChg,22.099999999976717,-1.6998,3.7346
31,CC DChg,22.199999999982538,-1.6998,3.7344
31,CC DChg,22.29999999998836,-1.6998,3.7343
31,CC DChg,22.39999999999418,-1.6998,3.7342
31,CC DChg,22.5,-1.6998,3.7341
31,CC DChg,22.599999999976717,-1.6998,3.734
31,CC DChg,22.699999999982538,-1.6998,3.7339
31,CC DChg,22.79999999998836,-1.6998,3.7338
31,CC DChg,22.89999999999418,-1.6998,3.7336
31,CC DChg,23.0,-1.6998,3.7335
31,CC DChg,23.099999999976717,-1.6998,3.7334
31,CC DChg,23.199999999982538,-1.6998,3.7333
31,CC DChg,23.29999999998836,-1.6998,3.7332
31,CC DChg,23.39999999999418,-1.6998,3.7331
31,CC DChg,23.5,-1.6998,3.733
31,CC DChg,23.599999999976717,-1.6998,3.7328
31,CC DChg,23.699999999982538,-1.6998,3.7328
31,CC DChg,23.79999999998836,-1.6998,3.7327
31,CC DChg,23.89999999999418,-1.6998,3.7325
31,CC DChg,24.0,-1.6998,3.7325
31,CC DChg,24.099999999976717,-1.6998,3.7323
31,CC DChg,24.199999999982538,-1.6998,3.7323
31,CC DChg,24.29999999998836,-1.6998,3.7321
31,CC DChg,24.39999999999418,-1.6998,3.732
31,CC DChg,24.5,-1.6998,3.7319
31,CC DChg,24.599999999976717,-1.6998,3.7318
31,CC DChg,24.699999999982538,-1.6998,3.7317
31,CC DChg,24.79999999998836,-1.6998,3.7317
31,CC DChg,24.89999999999418,-1.6998,3.7315
31,CC DChg,25.0,-1.6998,3.7315
31,CC DChg,25.099999999976717,-1.6998,3.7313
31,CC DChg,25.199999999982538,-1.6998,3.7312
31,CC DChg,25.29999999998836,-1.6998,3.7311
31,CC DChg,25.39999999999418,-1.6998,3.731
31,CC DChg,25.5,-1.6998,3.7309
31,CC DChg,25.599999999976717,-1.6998,3.7308
31,CC DChg,25.699999999982538,-1.6998,3.7307
31,CC DChg,25.79999999998836,-1.6998,3.7306
31,CC DChg,25.89999999999418,-1.6998,3.7305
31,CC DChg,26.0,-1.6998,3.7304
31,CC DChg,26.099999999976717,-1.6998,3.7304
31,CC DChg,26.199999999982538,-1.6998,3.7302
31,CC DChg,26.29999999998836,-1.6998,3.7301
31,CC DChg,26.39999999999418,-1.6998,3.73
31,CC DChg,26.5,-1.6998,3.7299
31,CC DChg,26.599999999976717,-1.6998,3.7298
31,CC DChg,26.699999999982538,-1.6998,3.7297
31,CC DChg,26.79999999998836,-1.6998,3.7297
31,CC DChg,26.89999999999418,-1.6998,3.7296
31,CC DChg,27.0,-1.6998,3.7294
31,CC DChg,27.099999999976717,-1.6998,3.7294
31,CC DChg,27.199999999982538,-1.6998,3.7293
31,CC DChg,27.29999999998836,-1.6998,3.7292
31,CC DChg,27.39999999999418,-1.6998,3.7291
31,CC DChg,27.5,-1.6998,3.7289
31,CC DChg,27.599999999976717,-1.6998,3.7289
31,CC DChg,27.699999999982538,-1.6998,3.7288
31,CC DChg,27.79999999998836,-1.6998,3.7287
31,CC DChg,27.89999999999418,-1.6998,3.7286
31,CC DChg,28.0,-1.6998,3.7285
31,CC DChg,28.099999999976717,-1.6998,3.7284
31,CC DChg,28.199999999982538,-1.6998,3.7283
31,CC DChg,28.29999999998836,-1.6998,3.7282
31,CC DChg,28.39999999999418,-1.6998,3.7281
31,CC DChg,28.5,-1.6998,3.7281
31,CC DChg,28.599999999976717,-1.6998,3.728
31,CC DChg,28.699999999982538,-1.6998,3.7279
31,CC DChg,28.79999999998836,-1.6998,3.7278
31,CC DChg,28.89999999999418,-1.6998,3.7277
31,CC DChg,29.0,-1.6998,3.7276
31,CC DChg,29.099999999976717,-1.6998,3.7275
31,CC DChg,29.199999999982538,-1.6998,3.7274
31,CC DChg,29.29999999998836,-1.6998,3.7273
31,CC DChg,29.39999999999418,-1.6998,3.7272
31,CC DChg,29.5,-1.6998,3.7271
31,CC DChg,29.599999999976717,-1.6998,3.7271
31,CC DChg,29.699999999982538,-1.6998,3.7269
31,CC DChg,29.79999999998836,-1.6998,3.7268
31,CC DChg,29.89999999999418,-1.6998,3.7267
31,CC DChg,30.0,-1.6998,3.7267
31,CC DChg,30.099999999976717,-1.6998,3.7266
31,CC DChg,30.199999999982538,-1.6998,3.7265
31,CC DChg,30.29999999998836,-1.6998,3.7264
31,CC DChg,30.39999999999418,-1.6998,3.7263
31,CC DChg,30.5,-1.6998,3.7262
31,CC DChg,30.599999999976717,-1.6998,3.7261
31,CC DChg,30.699999999982538,-1.6998,3.726
31,CC DChg,30.79999999998836,-1.6998,3.7259
31,CC DChg,30.89999999999418,-1.6998,3.7259
31,CC DChg,31.0,-1.6998,3.7258
31,CC DChg,31.099999999976717,-1.6998,3.7257
31,CC DChg,31.199999999982538,-1.6998,3.7256
31,CC DChg,31.29999999998836,-1.6998,3.7255
31,CC DChg,31.39999999999418,-1.6998,3.7255
31,CC DChg,31.5,-1.6998,3.7253
31,CC DChg,31.599999999976717,-1.6998,3.7253
31,CC DChg,31.699999999982538,-1.6998,3.7251
31,CC DChg,31.79999999998836,-1.6998,3.7251
31,CC DChg,31.89999999999418,-1.6998,3.725
31,CC DChg,32.0,-1.6998,3.7249
31,CC DChg,32.09999999997672,-1.6998,3.7248
31,CC DChg,32.19999999998254,-1.6998,3.7247
31,CC DChg,32.29999999998836,-1.6998,3.7247
31,CC DChg,32.39999999999418,-1.6998,3.7246
31,CC DChg,32.5,-1.6998,3.7245
31,CC DChg,32.59999999997672,-1.6998,3.7244
31,CC DChg,32.69999999998254,-1.6998,3.7243
31,CC DChg,32.79999999998836,-1.6998,3.7243
31,CC DChg,32.89999999999418,-1.6998,3.7242
31,CC DChg,33.0,-1.6998,3.7241
31,CC DChg,33.09999999997672,-1.6998,3.724
31,CC DChg,33.19999999998254,-1.6998,3.7239
31,CC DChg,33.29999999998836,-1.6998,3.7238
31,CC DChg,33.39999999999418,-1.6998,3.7238
31,CC DChg,33.5,-1.6998,3.7237
31,CC DChg,33.59999999997672,-1.6998,3.7236
31,CC DChg,33.69999999998254,-1.6998,3.7235
31,CC DChg,33.79999999998836,-1.6998,3.7234
31,CC DChg,33.89999999999418,-1.6998,3.7234
31,CC DChg,34.0,-1.6998,3.7232
31,CC DChg,34.09999999997672,-1.6998,3.7232
31,CC DChg,34.19999999998254,-1.6998,3.7231
31,CC DChg,34.29999999998836,-1.6998,3.723
31,CC DChg,34.39999999999418,-1.6998,3.7229
31,CC DChg,34.5,-1.6998,3.7229
31,CC DChg,34.59999999997672,-1.6998,3.7228
31,CC DChg,34.69999999998254,-1.6998,3.7227
31,CC DChg,34.79999999998836,-1.6998,3.7226
31,CC DChg,34.89999999999418,-1.6998,3.7226
31,CC DChg,35.0,-1.6998,3.7225
31,CC DChg,35.09999999997672,-1.6998,3.7224
31,CC DChg,35.19999999998254,-1.6998,3.7223
31,CC DChg,35.29999999998836,-1.6998,3.7222
31,CC DChg,35.39999999999418,-1.6998,3.7222
31,CC DChg,35.5,-1.6998,3.7221
31,CC DChg,35.59999999997672,-1.6998,3.722
31,CC DChg,35.69999999998254,-1.6998,3.7219
31,CC DChg,35.79999999998836,-1.6998,3.7219
31,CC DChg,35.89999999999418,-1.6998,3.7217
31,CC DChg,36.0,-1.6998,3.7217
31,CC DChg,36.09999999997672,-1.6998,3.7216
31,CC DChg,36.19999999998254,-1.6998,3.7215
31,CC DChg,36.29999999998836,-1.6998,3.7215
31,CC DChg,36.39999999999418,-1.6998,3.7214
31,CC DChg,36.5,-1.6998,3.7213
31,CC DChg,36.59999999997672,-1.6998,3.7213
31,CC DChg,36.69999999998254,-1.6998,3.7212
31,CC DChg,36.79999999998836,-1.6998,3.7211
31,CC DChg,36.89999999999418,-1.6998,3.721
31,CC DChg,37.0,-1.6998,3.7209
31,CC DChg,37.09999999997672,-1.6998,3.7209
31,CC DChg,37.19999999998254,-1.6998,3.7208
31,CC DChg,37.29999999998836,-1.6998,3.7207
31,CC DChg,37.39999999999418,-1.6998,3.7207
31,CC DChg,37.5,-1.6998,3.7206
31,CC DChg,37.59999999997672,-1.6998,3.7205
31,CC DChg,37.69999999998254,-1.6998,3.7204
31,CC DChg,37.79999999998836,-1.6998,3.7204
31,CC DChg,37.89999999999418,-1.6998,3.7203
31,CC DChg,38.0,-1.6998,3.7202
31,CC DChg,38.09999999997672,-1.6998,3.7201
31,CC DChg,38.19999999998254,-1.6998,3.72
31,CC DChg,38.29999999998836,-1.6998,3.72
31,CC DChg,38.39999999999418,-1.6998,3.7199
31,CC DChg,38.5,-1.6998,3.7199
31,CC DChg,38.59999999997672,-1.6998,3.7198
31,CC DChg,38.69999999998254,-1.6998,3.7197
31,CC DChg,38.79999999998836,-1.6998,3.7196
31,CC DChg,38.89999999999418,-1.6998,3.7196
31,CC DChg,39.0,-1.6998,3.7195
31,CC DChg,39.09999999997672,-1.6998,3.7194
31,CC DChg,39.19999999998254,-1.6998,3.7193
31,CC DChg,39.29999999998836,-1.6998,3.7192
31,CC DChg,39.39999999999418,-1.6998,3.7192
31,CC DChg,39.5,-1.6998,3.7191
31,CC DChg,39.59999999997672,-1.6998,3.719
31,CC DChg,39.69999999998254,-1.6998,3.719
31,CC DChg,39.79999999998836,-1.6998,3.7189
31,CC DChg,39.89999999999418,-1.6998,3.7189
31,CC DChg,40.0,-1.6998,3.7188
31,CC DChg,40.09999999997672,-1.6998,3.7187
31,CC DChg,40.19999999998254,-1.6998,3.7187
31,CC DChg,40.29999999998836,-1.6998,3.7186
31,CC DChg,40.39999999999418,-1.6998,3.7185
31,CC DChg,40.5,-1.6998,3.7185
31,CC DChg,40.59999999997672,-1.6998,3.7184
31,CC DChg,40.69999999998254,-1.6998,3.7183
31,CC DChg,40.79999999998836,-1.6998,3.7183
31,CC DChg,40.89999999999418,-1.6998,3.7182
31,CC DChg,41.0,-1.6998,3.7181
31,CC DChg,41.09999999997672,-1.6998,3.718
31,CC DChg,41.19999999998254,-1.6998,3.718
31,CC DChg,41.29999999998836,-1.6998,3.7179
31,CC DChg,41.39999999999418,-1.6998,3.7178
31,CC DChg,41.5,-1.6998,3.7177
31,CC DChg,41.59999999997672,-1.6998,3.7177
31,CC DChg,41.69999999998254,-1.6998,3.7176
31,CC DChg,41.79999999998836,-1.6998,3.7175
31,CC DChg,41.89999999999418,-1.6998,3.7175
31,CC DChg,42.0,-1.6998,3.7174
31,CC DChg,42.09999999997672,-1.6998,3.7173
31,CC DChg,42.19999999998254,-1.6998,3.7173
31,CC DChg,42.29999999998836,-1.6998,3.7172
31,CC DChg,42.39999999999418,-1.6998,3.7171
31,CC DChg,42.5,-1.6998,3.7171
31,CC DChg,42.59999999997672,-1.6998,3.717
31,CC DChg,42.69999999998254,-1.6998,3.7169
31,CC DChg,42.79999999998836,-1.6998,3.7169
31,CC DChg,42.89999999999418,-1.6998,3.7168
31,CC DChg,43.0,-1.6998,3.7168
31,CC DChg,43.09999999997672,-1.6998,3.7167
31,CC DChg,43.19999999998254,-1.6998,3.7166
31,CC DChg,43.29999999998836,-1.6998,3.7166
31,CC DChg,43.39999999999418,-1.6998,3.7165
31,CC DChg,43.5,-1.6998,3.7164
31,CC DChg,43.59999999997672,-1.6998,3.7164
31,CC DChg,43.69999999998254,-1.6998,3.7163
31,CC DChg,43.79999999998836,-1.6998,3.7162
31,CC DChg,43.89999999999418,-1.6998,3.7162
31,CC DChg,44.0,-1.6998,3.7161
31,CC DChg,44.09999999997672,-1.6998,3.7161
31,CC DChg,44.19999999998254,-1.6998,3.716
31,CC DChg,44.29999999998836,-1.6998,3.716
31,CC DChg,44.39999999999418,-1.6998,3.7159
31,CC DChg,44.5,-1.6998,3.7158
31,CC DChg,44.59999999997672,-1.6998,3.7157
31,CC DChg,44.69999999998254,-1.6998,3.7157
31,CC DChg,44.79999999998836,-1.6998,3.7156
31,CC DChg,44.89999999999418,-1.6998,3.7155
31,CC DChg,45.0,-1.6998,3.7155
31,CC DChg,45.09999999997672,-1.6998,3.7154
31,CC DChg,45.19999999998254,-1.6998,3.7154
31,CC DChg,45.29999999998836,-1.6998,3.7153
31,CC DChg,45.39999999999418,-1.6998,3.7153
31,CC DChg,45.5,-1.6998,3.7152
31,CC DChg,45.59999999997672,-1.6998,3.7151
31,CC DChg,45.69999999998254,-1.6998,3.7151
31,CC DChg,45.79999999998836,-1.6998,3.715
31,CC DChg,45.89999999999418,-1.6998,3.7149
31,CC DChg,46.0,-1.6998,3.7148
31,CC DChg,46.09999999997672,-1.6998,3.7148
31,CC DChg,46.19999999998254,-1.6998,3.7147
31,CC DChg,46.29999999998836,-1.6998,3.7147
31,CC DChg,46.39999999999418,-1.6998,3.7146
31,CC DChg,46.5,-1.6998,3.7145
31,CC DChg,46.59999999997672,-1.6998,3.7145
31,CC DChg,46.69999999998254,-1.6998,3.7144
31,CC DChg,46.79999999998836,-1.6998,3.7144
31,CC DChg,46.89999999999418,-1.6998,3.7143
31,CC DChg,47.0,-1.6998,3.7142
31,CC DChg,47.09999999997672,-1.6998,3.7142
31,CC DChg,47.19999999998254,-1.6998,3.7142
31,CC DChg,47.29999999998836,-1.6998,3.7141
31,CC DChg,47.39999999999418,-1.6998,3.7141
31,CC DChg,47.5,-1.6998,3.714
31,CC DChg,47.59999999997672,-1.6998,3.714
31,CC DChg,47.69999999998254,-1.6998,3.7139
31,CC DChg,47.79999999998836,-1.6998,3.7138
31,CC DChg,47.89999999999418,-1.6998,3.7137
31,CC DChg,48.0,-1.6998,3.7137
31,CC DChg,48.09999999997672,-1.6998,3.7136
31,CC DChg,48.19999999998254,-1.6998,3.7136
31,CC DChg,48.29999999998836,-1.6998,3.7135
31,CC DChg,48.39999999999418,-1.6998,3.7134
31,CC DChg,48.5,-1.6998,3.7134
31,CC DChg,48.59999999997672,-1.6998,3.7133
31,CC DChg,48.69999999998254,-1.6998,3.7133
31,CC DChg,48.79999999998836,-1.6998,3.7132
31,CC DChg,48.89999999999418,-1.6998,3.7132
31,CC DChg,49.0,-1.6998,3.7131
31,CC DChg,49.09999999997672,-1.6998,3.713
31,CC DChg,49.19999999998254,-1.6998,3.713
31,CC DChg,49.29999999998836,-1.6998,3.7129
31,CC DChg,49.39999999999418,-1.6998,3.7129
31,CC DChg,49.5,-1.6998,3.7128
31,CC DChg,49.59999999997672,-1.6998,3.7128
31,CC DChg,49.69999999998254,-1.6998,3.7127
31,CC DChg,49.79999999998836,-1.6998,3.7127
31,CC DChg,49.89999999999418,-1.6999,3.7126
31,CC DChg,50.0,-1.6999,3.7125
31,CC DChg,50.09999999997672,-1.6999,3.7125
31,CC DChg,50.19999999998254,-1.6999,3.7124
31,CC DChg,50.29999999998836,-1.6999,3.7124
31,CC DChg,50.39999999999418,-1.6999,3.7123
31,CC DChg,50.5,-1.6999,3.7122
31,CC DChg,50.59999999997672,-1.6999,3.7122
31,CC DChg,50.69999999998254,-1.6999,3.7121
31,CC DChg,50.79999999998836,-1.6999,3.7121
31,CC DChg,50.89999999999418,-1.6999,3.712
31,CC DChg,51.0,-1.6999,3.712
31,CC DChg,51.09999999997672,-1.6999,3.7119
31,CC DChg,51.19999999998254,-1.6999,3.7118
31,CC DChg,51.29999999998836,-1.6999,3.7118
31,CC DChg,51.39999999999418,-1.6999,3.7118
31,CC DChg,51.5,-1.6999,3.7117
31,CC DChg,51.59999999997672,-1.6999,3.7117
31,CC DChg,51.69999999998254,-1.6999,3.7116
31,CC DChg,51.79999999998836,-1.6999,3.7115
31,CC DChg,51.89999999999418,-1.6999,3.7115
31,CC DChg,52.0,-1.6999,3.7114
31,CC DChg,52.09999999997672,-1.6999,3.7114
31,CC DChg,52.19999999998254,-1.6999,3.7113
31,CC DChg,52.29999999998836,-1.6999,3.7112
31,CC DChg,52.39999999999418,-1.6999,3.7112
31,CC DChg,52.5,-1.6999,3.7111
31,CC DChg,52.59999999997672,-1.6999,3.711
31,CC DChg,52.69999999998254,-1.6999,3.711
31,CC DChg,52.79999999998836,-1.6999,3.711
31,CC DChg,52.89999999999418,-1.6999,3.7109
31,CC DChg,53.0,-1.6999,3.7109
31,CC DChg,53.09999999997672,-1.6999,3.7108
31,CC DChg,53.19999999998254,-1.6999,3.7108
31,CC DChg,53.29999999998836,-1.6999,3.7107
31,CC DChg,53.39999999999418,-1.6999,3.7107
31,CC DChg,53.5,-1.6999,3.7106
31,CC DChg,53.59999999997672,-1.6999,3.7106
31,CC DChg,53.69999999998254,-1.6999,3.7105
31,CC DChg,53.79999999998836,-1.6999,3.7104
31,CC DChg,53.89999999999418,-1.6999,3.7104
31,CC DChg,54.0,-1.6999,3.7103
31,CC DChg,54.09999999997672,-1.6999,3.7103
31,CC DChg,54.19999999998254,-1.6999,3.7103
31,CC DChg,54.29999999998836,-1.6999,3.7102
31,CC DChg,54.39999999999418,-1.6999,3.7101
31,CC DChg,54.5,-1.6999,3.7101
31,CC DChg,54.59999999997672,-1.6999,3.7101
31,CC DChg,54.69999999998254,-1.6999,3.71
31,CC DChg,54.79999999998836,-1.6999,3.7099
31,CC DChg,54.89999999999418,-1.6999,3.7098
31,CC DChg,55.0,-1.6999,3.7098
31,CC DChg,55.09999999997672,-1.6999,3.7098
31,CC DChg,55.19999999998254,-1.6999,3.7097
31,CC DChg,55.29999999998836,-1.6999,3.7096
31,CC DChg,55.39999999999418,-1.6999,3.7096
31,CC DChg,55.5,-1.6999,3.7096
31,CC DChg,55.59999999997672,-1.6999,3.7095
31,CC DChg,55.69999999998254,-1.6999,3.7095
31,CC DChg,55.79999999998836,-1.6999,3.7094
31,CC DChg,55.89999999999418,-1.6999,3.7093
31,CC DChg,56.0,-1.6999,3.7093
31,CC DChg,56.09999999997672,-1.6999,3.7092
31,CC DChg,56.19999999998254,-1.6999,3.7092
31,CC DChg,56.29999999998836,-1.6999,3.7091
31,CC DChg,56.39999999999418,-1.6999,3.7091
31,CC DChg,56.5,-1.6999,3.7091
31,CC DChg,56.59999999997672,-1.6999,3.709
31,CC DChg,56.69999999998254,-1.6999,3.709
31,CC DChg,56.79999999998836,-1.6999,3.7089
31,CC DChg,56.89999999999418,-1.6999,3.7089
31,CC DChg,57.0,-1.6999,3.7088
31,CC DChg,57.09999999997672,-1.6999,3.7087
31,CC DChg,57.19999999998254,-1.6999,3.7087
31,CC DChg,57.29999999998836,-1.6999,3.7087
31,CC DChg,57.39999999999418,-1.6999,3.7086
31,CC DChg,57.5,-1.6999,3.7086
31,CC DChg,57.59999999997672,-1.6999,3.7085
31,CC DChg,57.69999999998254,-1.6999,3.7084
31,CC DChg,57.79999999998836,-1.6999,3.7084
31,CC DChg,57.89999999999418,-1.6999,3.7083
31,CC DChg,58.0,-1.6999,3.7083
31,CC DChg,58.09999999997672,-1.6999,3.7082
31,CC DChg,58.19999999998254,-1.6999,3.7081
31,CC DChg,58.29999999998836,-1.6999,3.7081
31,CC DChg,58.39999999999418,-1.6999,3.7081
31,CC DChg,58.5,-1.6999,3.708
31,CC DChg,58.59999999997672,-1.6999,3.708
31,CC DChg,58.69999999998254,-1.6999,3.7079
31,CC DChg,58.79999999998836,-1.6999,3.7079
31,CC DChg,58.89999999999418,-1.6999,3.7079
31,CC DChg,59.0,-1.6999,3.7078
31,CC DChg,59.09999999997672,-1.6999,3.7077
31,CC DChg,59.19999999998254,-1.6999,3.7077
31,CC DChg,59.29999999998836,-1.6999,3.7076
31,CC DChg,59.39999999999418,-1.6999,3.7076
31,CC DChg,59.5,-1.6999,3.7076
31,CC DChg,59.59999999997672,-1.6999,3.7076
31,CC DChg,59.69999999998254,-1.6999,3.7075
31,CC DChg,59.79999999998836,-1.6999,3.7074
31,CC DChg,59.89999999999418,-1.6999,3.7074
31,CC DChg,60.0,-1.6999,3.7073
31,CC DChg,60.09999999997672,-1.6999,3.7072
31,CC DChg,60.19999999998254,-1.6999,3.7072
31,CC DChg,60.29999999998836,-1.6999,3.7072
31,CC DChg,60.39999999999418,-1.6999,3.7071
31,CC DChg,60.5,-1.6999,3.7071
31,CC DChg,60.59999999997672,-1.6999,3.707
31,CC DChg,60.69999999998254,-1.6999,3.707
31,CC DChg,60.79999999998836,-1.6999,3.7069
31,CC DChg,60.89999999999418,-1.6999,3.7069
31,CC DChg,61.0,-1.6999,3.7069
31,CC DChg,61.09999999997672,-1.6999,3.7068
31,CC DChg,61.19999999998254,-1.6999,3.7067
31,CC DChg,61.29999999998836,-1.6999,3.7066
31,CC DChg,61.39999999999418,-1.6999,3.7066
31,CC DChg,61.5,-1.6999,3.7066
31,CC DChg,61.59999999997672,-1.6999,3.7066
31,CC DChg,61.69999999998254,-1.6999,3.7065
31,CC DChg,61.79999999998836,-1.6999,3.7065
31,CC DChg,61.89999999999418,-1.6999,3.7065
31,CC DChg,62.0,-1.6999,3.7064
31,CC DChg,62.09999999997672,-1.6999,3.7063
31,CC DChg,62.19999999998254,-1.6999,3.7063
31,CC DChg,62.29999999998836,-1.6999,3.7062
31,CC DChg,62.39999999999418,-1.6999,3.7062
31,CC DChg,62.5,-1.6999,3.7062
31,CC DChg,62.59999999997672,-1.6999,3.7061
31,CC DChg,62.69999999998254,-1.6999,3.7061
31,CC DChg,62.79999999998836,-1.6999,3.706
31,CC DChg,62.89999999999418,-1.6999,3.706
31,CC DChg,63.0,-1.6999,3.7059
31,CC DChg,63.09999999997672,-1.6999,3.7059
31,CC DChg,63.19999999998254,-1.6999,3.7059
31,CC DChg,63.29999999998836,-1.6999,3.7058
31,CC DChg,63.39999999999418,-1.6999,3.7058
31,CC DChg,63.5,-1.6999,3.7057
31,CC DChg,63.59999999997672,-1.6999,3.7056
31,CC DChg,63.69999999998254,-1.6999,3.7056
31,CC DChg,63.79999999998836,-1.6999,3.7056
31,CC DChg,63.89999999999418,-1.6999,3.7055
31,CC DChg,64.0,-1.6999,3.7055
31,CC DChg,64.09999999997672,-1.6999,3.7054
31,CC DChg,64.19999999998254,-1.6999,3.7054
31,CC DChg,64.29999999998836,-1.6999,3.7054
31,CC DChg,64.39999999999418,-1.6999,3.7053
31,CC DChg,64.5,-1.6999,3.7053
31,CC DChg,64.59999999997672,-1.6999,3.7053
31,CC DChg,64.69999999998254,-1.6999,3.7052
31,CC DChg,64.79999999998836,-1.6998,3.7051
31,CC DChg,64.89999999999418,-1.6998,3.7051
31,CC DChg,65.0,-1.6998,3.705
31,CC DChg,65.09999999997672,-1.6998,3.705
31,CC DChg,65.19999999998254,-1.6998,3.705
31,CC DChg,65.29999999998836,-1.6998,3.7049
31,CC DChg,65.39999999999418,-1.6998,3.7049
31,CC DChg,65.5,-1.6998,3.7048
31,CC DChg,65.59999999997672,-1.6998,3.7048
31,CC DChg,65.69999999998254,-1.6998,3.7048
31,CC DChg,65.79999999998836,-1.6998,3.7047
31,CC DChg,65.89999999999418,-1.6998,3.7046
31,CC DChg,66.0,-1.6998,3.7046
31,CC DChg,66.09999999997672,-1.6998,3.7046
31,CC DChg,66.19999999998254,-1.6998,3.7045
31,CC DChg,66.29999999998836,-1.6998,3.7045
31,CC DChg,66.39999999999418,-1.6998,3.7044
31,CC DChg,66.5,-1.6998,3.7044
31,CC DChg,66.59999999997672,-1.6998,3.7044
31,CC DChg,66.69999999998254,-1.6998,3.7043
31,CC DChg,66.79999999998836,-1.6998,3.7043
31,CC DChg,66.89999999999418,-1.6998,3.7042
31,CC DChg,67.0,-1.6998,3.7042
31,CC DChg,67.09999999997672,-1.6998,3.7041
31,CC DChg,67.19999999998254,-1.6998,3.7041
31,CC DChg,67.29999999998836,-1.6998,3.7041
31,CC DChg,67.39999999999418,-1.6998,3.7041
31,CC DChg,67.5,-1.6998,3.704
31,CC DChg,67.59999999997672,-1.6998,3.704
31,CC DChg,67.69999999998254,-1.6998,3.704
31,CC DChg,67.79999999998836,-1.6998,3.7039
31,CC DChg,67.89999999999418,-1.6998,3.7038
31,CC DChg,68.0,-1.6998,3.7038
31,CC DChg,68.09999999997672,-1.6998,3.7038
31,CC DChg,68.19999999998254,-1.6998,3.7037
31,CC DChg,68.29999999998836,-1.6998,3.7037
31,CC DChg,68.39999999999418,-1.6998,3.7036
31,CC DChg,68.5,-1.6998,3.7036
31,CC DChg,68.59999999997672,-1.6998,3.7035
31,CC DChg,68.69999999998254,-1.6998,3.7035
31,CC DChg,68.79999999998836,-1.6998,3.7034
31,CC DChg,68.89999999999418,-1.6998,3.7034
31,CC DChg,69.0,-1.6998,3.7034
31,CC DChg,69.09999999997672,-1.6998,3.7033
31,CC DChg,69.19999999998254,-1.6998,3.7033
31,CC DChg,69.29999999998836,-1.6998,3.7032
31,CC DChg,69.39999999999418,-1.6998,3.7032
31,CC DChg,69.5,-1.6998,3.7032
31,CC DChg,69.59999999997672,-1.6998,3.7031
31,CC DChg,69.69999999998254,-1.6998,3.7031
31,CC DChg,69.79999999998836,-1.6998,3.703
31,CC DChg,69.89999999999418,-1.6998,3.703
31,CC DChg,70.0,-1.6998,3.703
31,CC DChg,70.09999999997672,-1.6998,3.703
31,CC DChg,70.19999999998254,-1.6998,3.7029
31,CC DChg,70.29999999998836,-1.6998,3.7028
31,CC DChg,70.39999999999418,-1.6998,3.7028
31,CC DChg,70.5,-1.6998,3.7027
31,CC DChg,70.59999999997672,-1.6998,3.7027
31,CC DChg,70.69999999998254,-1.6998,3.7027
31,CC DChg,70.79999999998836,-1.6998,3.7027
31,CC DChg,70.89999999999418,-1.6998,3.7026
31,CC DChg,71.0,-1.6998,3.7026
31,CC DChg,71.09999999997672,-1.6998,3.7025
31,CC DChg,71.19999999998254,-1.6998,3.7025
31,CC DChg,71.29999999998836,-1.6998,3.7024
31,CC DChg,71.39999999999418,-1.6998,3.7024
31,CC DChg,71.5,-1.6998,3.7024
31,CC DChg,71.59999999997672,-1.6998,3.7023
31,CC DChg,71.69999999998254,-1.6998,3.7023
31,CC DChg,71.79999999998836,-1.6999,3.7022
31,CC DChg,71.89999999999418,-1.6999,3.7022
31,CC DChg,72.0,-1.6999,3.7022
31,CC DChg,72.09999999997672,-1.6999,3.7021
31,CC DChg,72.19999999998254,-1.6999,3.7021
31,CC DChg,72.29999999998836,-1.6999,3.702
31,CC DChg,72.39999999999418,-1.6999,3.702
31,CC DChg,72.5,-1.6999,3.702
31,CC DChg,72.59999999997672,-1.6999,3.7019
31,CC DChg,72.69999999998254,-1.6999,3.7019
31,CC DChg,72.79999999998836,-1.6999,3.7019
31,CC DChg,72.89999999999418,-1.6999,3.7018
31,CC DChg,73.0,-1.6999,3.7018
31,CC DChg,73.09999999997672,-1.6999,3.7018
31,CC DChg,73.19999999998254,-1.6999,3.7017
31,CC DChg,73.29999999998836,-1.6999,3.7017
31,CC DChg,73.39999999999418,-1.6999,3.7017
31,CC DChg,73.5,-1.6999,3.7016
31,CC DChg,73.59999999997672,-1.6999,3.7016
31,CC DChg,73.69999999998254,-1.6999,3.7015
31,CC DChg,73.79999999998836,-1.6999,3.7015
31,CC DChg,73.89999999999418,-1.6999,3.7015
31,CC DChg,74.0,-1.6999,3.7015
31,CC DChg,74.09999999997672,-1.6999,3.7014
31,CC DChg,74.19999999998254,-1.6999,3.7014
31,CC DChg,74.29999999998836,-1.6999,3.7013
31,CC DChg,74.39999999999418,-1.6999,3.7013
31,CC DChg,74.5,-1.6999,3.7013
31,CC DChg,74.59999999997672,-1.6999,3.7012
31,CC DChg,74.69999999998254,-1.6999,3.7012
31,CC DChg,74.79999999998836,-1.6999,3.7012
31,CC DChg,74.89999999999418,-1.6999,3.7012
31,CC DChg,75.0,-1.6999,3.7011
31,CC DChg,75.09999999997672,-1.6999,3.701
31,CC DChg,75.19999999998254,-1.6999,3.701
31,CC DChg,75.29999999998836,-1.6999,3.701
31,CC DChg,75.39999999999418,-1.6999,3.7009
31,CC DChg,75.5,-1.6999,3.7009
31,CC DChg,75.59999999997672,-1.6999,3.7009
31,CC DChg,75.69999999998254,-1.6999,3.7009
31,CC DChg,75.79999999998836,-1.6999,3.7008
31,CC DChg,75.89999999999418,-1.6999,3.7008
31,CC DChg,76.0,-1.6999,3.7007
31,CC DChg,76.09999999997672,-1.6999,3.7007
31,CC DChg,76.19999999998254,-1.6999,3.7006
31,CC DChg,76.29999999998836,-1.6999,3.7006
31,CC DChg,76.39999999999418,-1.6999,3.7006
31,CC DChg,76.5,-1.6999,3.7006
31,CC DChg,76.59999999997672,-1.6999,3.7005
31,CC DChg,76.69999999998254,-1.6999,3.7004
31,CC DChg,76.79999999998836,-1.6999,3.7004
31,CC DChg,76.89999999999418,-1.6999,3.7004
31,CC DChg,77.0,-1.6999,3.7003
31,CC DChg,77.09999999997672,-1.6999,3.7003
31,CC DChg,77.19999999998254,-1.6999,3.7003
31,CC DChg,77.29999999998836,-1.6999,3.7003
31,CC DChg,77.39999999999418,-1.6999,3.7002
31,CC DChg,77.5,-1.6999,3.7002
31,CC DChg,77.59999999997672,-1.6999,3.7001
31,CC DChg,77.69999999998254,-1.6999,3.7001
31,CC DChg,77.79999999998836,-1.6999,3.7001
31,CC DChg,77.89999999999418,-1.6999,3.7
31,CC DChg,78.0,-1.6999,3.7
31,CC DChg,78.09999999997672,-1.6999,3.7
31,CC DChg,78.19999999998254,-1.6999,3.6999
31,CC DChg,78.29999999998836,-1.6999,3.6999
31,CC DChg,78.39999999999418,-1.6999,3.6999
31,CC DChg,78.5,-1.6999,3.6998
31,CC DChg,78.59999999997672,-1.6999,3.6998
31,CC DChg,78.69999999998254,-1.6999,3.6997
31,CC DChg,78.79999999998836,-1.6999,3.6997
31,CC DChg,78.89999999999418,-1.6999,3.6997
31,CC DChg,79.0,-1.6999,3.6996
31,CC DChg,79.09999999997672,-1.6999,3.6996
31,CC DChg,79.19999999998254,-1.6999,3.6995
31,CC DChg,79.29999999998836,-1.6999,3.6995
31,CC DChg,79.39999999999418,-1.6999,3.6995
31,CC DChg,79.5,-1.6999,3.6994
31,CC DChg,79.59999999997672,-1.6999,3.6994
31,CC DChg,79.69999999998254,-1.6999,3.6994
31,CC DChg,79.79999999998836,-1.6999,3.6994
31,CC DChg,79.89999999999418,-1.6999,3.6993
31,CC DChg,80.0,-1.6999,3.6993
31,CC DChg,80.09999999997672,-1.6999,3.6992
31,CC DChg,80.19999999998254,-1.6999,3.6992
31,CC DChg,80.29999999998836,-1.6999,3.6991
31,CC DChg,80.39999999999418,-1.6999,3.6991
31,CC DChg,80.5,-1.6999,3.6991
31,CC DChg,80.59999999997672,-1.6999,3.6991
31,CC DChg,80.69999999998254,-1.6999,3.699
31,CC DChg,80.79999999998836,-1.6999,3.699
31,CC DChg,80.89999999999418,-1.6999,3.6989
31,CC DChg,81.0,-1.6999,3.6989
31,CC DChg,81.09999999997672,-1.6998,3.6989
31,CC DChg,81.19999999998254,-1.6998,3.6989
31,CC DChg,81.29999999998836,-1.6998,3.6988
31,CC DChg,81.39999999999418,-1.6998,3.6988
31,CC DChg,81.5,-1.6998,3.6988
31,CC DChg,81.59999999997672,-1.6998,3.6987
31,CC DChg,81.69999999998254,-1.6998,3.6987
31,CC DChg,81.79999999998836,-1.6998,3.6986
31,CC DChg,81.89999999999418,-1.6998,3.6986
31,CC DChg,82.0,-1.6998,3.6986
31,CC DChg,82.09999999997672,-1.6998,3.6985
31,CC DChg,82.19999999998254,-1.6998,3.6985
31,CC DChg,82.29999999998836,-1.6998,3.6984
31,CC DChg,82.39999999999418,-1.6998,3.6984
31,CC DChg,82.5,-1.6998,3.6984
31,CC DChg,82.59999999997672,-1.6998,3.6983
31,CC DChg,82.69999999998254,-1.6998,3.6983
31,CC DChg,82.79999999998836,-1.6998,3.6982
31,CC DChg,82.89999999999418,-1.6998,3.6982
31,CC DChg,83.0,-1.6998,3.6982
31,CC DChg,83.09999999997672,-1.6998,3.6982
31,CC DChg,83.19999999998254,-1.6998,3.6981
31,CC DChg,83.29999999998836,-1.6998,3.6981
31,CC DChg,83.39999999999418,-1.6998,3.698
31,CC DChg,83.5,-1.6998,3.698
31,CC DChg,83.59999999997672,-1.6998,3.698
31,CC DChg,83.69999999998254,-1.6998,3.6979
31,CC DChg,83.79999999998836,-1.6998,3.6979
31,CC DChg,83.89999999999418,-1.6998,3.6979
31,CC DChg,84.0,-1.6998,3.6978
31,CC DChg,84.09999999997672,-1.6998,3.6978
31,CC DChg,84.19999999998254,-1.6998,3.6978
31,CC DChg,84.29999999998836,-1.6998,3.6977
31,CC DChg,84.39999999999418,-1.6998,3.6977
31,CC DChg,84.5,-1.6998,3.6977
31,CC DChg,84.59999999997672,-1.6998,3.6977
31,CC DChg,84.69999999998254,-1.6998,3.6976
31,CC DChg,84.79999999998836,-1.6998,3.6975
31,CC DChg,84.89999999999418,-1.6998,3.6975
31,CC DChg,85.0,-1.6998,3.6975
31,CC DChg,85.09999999997672,-1.6998,3.6975
31,CC DChg,85.19999999998254,-1.6998,3.6974
31,CC DChg,85.29999999998836,-1.6998,3.6973
31,CC DChg,85.39999999999418,-1.6998,3.6974
31,CC DChg,85.5,-1.6998,3.6973
31,CC DChg,85.59999999997672,-1.6998,3.6973
31,CC DChg,85.69999999998254,-1.6998,3.6973
31,CC DChg,85.79999999998836,-1.6998,3.6972
31,CC DChg,85.89999999999418,-1.6998,3.6972
31,CC DChg,86.0,-1.6998,3.6972
31,CC DChg,86.09999999997672,-1.6998,3.6972
31,CC DChg,86.19999999998254,-1.6998,3.6971
31,CC DChg,86.29999999998836,-1.6998,3.6971
31,CC DChg,86.39999999999418,-1.6998,3.6971
31,CC DChg,86.5,-1.6999,3.697
31,CC DChg,86.59999999997672,-1.6999,3.697
31,CC DChg,86.69999999998254,-1.6999,3.6969
31,CC DChg,86.79999999998836,-1.6999,3.6969
31,CC DChg,86.89999999999418,-1.6999,3.6969
31,CC DChg,87.0,-1.6999,3.6968
31,CC DChg,87.09999999997672,-1.6999,3.6968
31,CC DChg,87.19999999998254,-1.6999,3.6968
31,CC DChg,87.29999999998836,-1.6999,3.6967
31,CC DChg,87.39999999999418,-1.6999,3.6967
31,CC DChg,87.5,-1.6999,3.6967
31,CC DChg,87.59999999997672,-1.6999,3.6966
31,CC DChg,87.69999999998254,-1.6999,3.6966
31,CC DChg,87.79999999998836,-1.6999,3.6966
31,CC DChg,87.89999999999418,-1.6999,3.6965
31,CC DChg,88.0,-1.6999,3.6965
31,CC DChg,88.09999999997672,-1.6999,3.6965
31,CC DChg,88.19999999998254,-1.6999,3.6965
31,CC DChg,88.29999999998836,-1.6999,3.6964
31,CC DChg,88.39999999999418,-1.6998,3.6964
31,CC DChg,88.5,-1.6998,3.6964
31,CC DChg,88.59999999997672,-1.6998,3.6963
31,CC DChg,88.69999999998254,-1.6998,3.6963
31,CC DChg,88.79999999998836,-1.6998,3.6963
31,CC DChg,88.89999999999418,-1.6998,3.6963
31,CC DChg,89.0,-1.6998,3.6962
31,CC DChg,89.09999999997672,-1.6998,3.6962
31,CC DChg,89.19999999998254,-1.6998,3.6961
31,CC DChg,89.29999999998836,-1.6998,3.6961
31,CC DChg,89.39999999999418,-1.6998,3.6961
31,CC DChg,89.5,-1.6998,3.696
31,CC DChg,89.59999999997672,-1.6998,3.696
31,CC DChg,89.69999999998254,-1.6998,3.696
31,CC DChg,89.79999999998836,-1.6998,3.6959
31,CC DChg,89.89999999999418,-1.6998,3.6959
31,CC DChg,90.0,-1.6998,3.6959
31,CC DChg,90.09999999997672,-1.6998,3.6958
31,CC DChg,90.19999999998254,-1.6998,3.6958
31,CC DChg,90.29999999998836,-1.6998,3.6958
31,CC DChg,90.39999999999418,-1.6998,3.6957
31,CC DChg,90.5,-1.6998,3.6957
31,CC DChg,90.59999999997672,-1.6998,3.6956
31,CC DChg,90.69999999998254,-1.6998,3.6956
31,CC DChg,90.79999999998836,-1.6998,3.6956
31,CC DChg,90.89999999999418,-1.6998,3.6956
31,CC DChg,91.0,-1.6998,3.6955
31,CC DChg,91.09999999997672,-1.6998,3.6955
31,CC DChg,91.19999999998254,-1.6998,3.6955
31,CC DChg,91.29999999998836,-1.6998,3.6954
31,CC DChg,91.39999999999418,-1.6998,3.6954
31,CC DChg,91.5,-1.6998,3.6953
31,CC DChg,91.59999999997672,-1.6998,3.6953
31,CC DChg,91.69999999998254,-1.6998,3.6953
31,CC DChg,91.79999999998836,-1.6998,3.6953
31,CC DChg,91.89999999999418,-1.6998,3.6952
31,CC DChg,92.0,-1.6998,3.6952
31,CC DChg,92.09999999997672,-1.6998,3.6952
31,CC DChg,92.19999999998254,-1.6998,3.6951
31,CC DChg,92.29999999998836,-1.6998,3.6951
31,CC DChg,92.39999999999418,-1.6998,3.6951
31,CC DChg,92.5,-1.6998,3.6951
31,CC DChg,92.59999999997672,-1.6998,3.695
31,CC DChg,92.69999999998254,-1.6998,3.695
31,CC DChg,92.79999999998836,-1.6998,3.695
31,CC DChg,92.89999999999418,-1.6998,3.6949
31,CC DChg,93.0,-1.6998,3.6949
31,CC DChg,93.09999999997672,-1.6998,3.6949
31,CC DChg,93.19999999998254,-1.6998,3.6949
31,CC DChg,93.29999999998836,-1.6998,3.6948
31,CC DChg,93.39999999999418,-1.6998,3.6948
31,CC DChg,93.5,-1.6998,3.6948
31,CC DChg,93.59999999997672,-1.6998,3.6947
31,CC DChg,93.69999999998254,-1.6998,3.6947
31,CC DChg,93.79999999998836,-1.6998,3.6947
31,CC DChg,93.89999999999418,-1.6998,3.6947
31,CC DChg,94.0,-1.6998,3.6947
31,CC DChg,94.09999999997672,-1.6998,3.6946
31,CC DChg,94.19999999998254,-1.6998,3.6946
31,CC DChg,94.29999999998836,-1.6998,3.6945
31,CC DChg,94.39999999999418,-1.6998,3.6945
31,CC DChg,94.5,-1.6998,3.6944
31,CC DChg,94.59999999997672,-1.6998,3.6944
31,CC DChg,94.69999999998254,-1.6998,3.6944
31,CC DChg,94.79999999998836,-1.6998,3.6944
31,CC DChg,94.89999999999418,-1.6998,3.6943
31,CC DChg,95.0,-1.6998,3.6943
31,CC DChg,95.09999999997672,-1.6998,3.6943
31,CC DChg,95.19999999998254,-1.6998,3.6942
31,CC DChg,95.29999999998836,-1.6998,3.6942
31,CC DChg,95.39999999999418,-1.6998,3.6942
31,CC DChg,95.5,-1.6998,3.6942
31,CC DChg,95.59999999997672,-1.6998,3.6941
31,CC DChg,95.69999999998254,-1.6998,3.6941
31,CC DChg,95.79999999998836,-1.6998,3.6941
31,CC DChg,95.89999999999418,-1.6998,3.6941
31,CC DChg,96.0,-1.6998,3.694
31,CC DChg,96.09999999997672,-1.6998,3.694
31,CC DChg,96.19999999998254,-1.6998,3.6939
31,CC DChg,96.29999999998836,-1.6998,3.6939
31,CC DChg,96.39999999999418,-1.6998,3.6939
31,CC DChg,96.5,-1.6998,3.6938
31,CC DChg,96.59999999997672,-1.6998,3.6938
31,CC DChg,96.69999999998254,-1.6998,3.6938
31,CC DChg,96.79999999998836,-1.6998,3.6937
31,CC DChg,96.89999999999418,-1.6998,3.6937
31,CC DChg,97.0,-1.6998,3.6937
31,CC DChg,97.09999999997672,-1.6998,3.6936
31,CC DChg,97.19999999998254,-1.6998,3.6936
31,CC DChg,97.29999999998836,-1.6998,3.6936
31,CC DChg,97.39999999999418,-1.6998,3.6936
31,CC DChg,97.5,-1.6998,3.6936
31,CC DChg,97.59999999997672,-1.6998,3.6935
31,CC DChg,97.69999999998254,-1.6998,3.6935
31,CC DChg,97.79999999998836,-1.6998,3.6935
31,CC DChg,97.89999999999418,-1.6998,3.6935
31,CC DChg,98.0,-1.6998,3.6934
31,CC DChg,98.09999999997672,-1.6998,3.6934
31,CC DChg,98.19999999998254,-1.6998,3.6933
31,CC DChg,98.29999999998836,-1.6998,3.6933
31,CC DChg,98.39999999999418,-1.6998,3.6933
31,CC DChg,98.5,-1.6998,3.6932
31,CC DChg,98.59999999997672,-1.6998,3.6932
31,CC DChg,98.69999999998254,-1.6998,3.6932
31,CC DChg,98.79999999998836,-1.6998,3.6932
31,CC DChg,98.89999999999418,-1.6998,3.6932
31,CC DChg,99.0,-1.6998,3.6931
31,CC DChg,99.09999999997672,-1.6998,3.6931
31,CC DChg,99.19999999998254,-1.6998,3.693
31,CC DChg,99.29999999998836,-1.6998,3.693
31,CC DChg,99.39999999999418,-1.6998,3.693
31,CC DChg,99.5,-1.6998,3.6929
31,CC DChg,99.59999999997672,-1.6998,3.6929
31,CC DChg,99.69999999998254,-1.6998,3.6928
31,CC DChg,99.79999999998836,-1.6998,3.6928
31,CC DChg,99.89999999999418,-1.6998,3.6928
31,CC DChg,100.0,-1.6998,3.6928
31,CC DChg,100.09999999997672,-1.6998,3.6927
31,CC DChg,100.19999999998254,-1.6998,3.6927
31,CC DChg,100.29999999998836,-1.6998,3.6927
31,CC DChg,100.39999999999418,-1.6998,3.6926
31,CC DChg,100.5,-1.6998,3.6926
31,CC DChg,100.59999999997672,-1.6998,3.6926
31,CC DChg,100.69999999998254,-1.6998,3.6926
31,CC DChg,100.79999999998836,-1.6998,3.6925
31,CC DChg,100.89999999999418,-1.6998,3.6925
31,CC DChg,101.0,-1.6998,3.6925
31,CC DChg,101.09999999997672,-1.6998,3.6924
31,CC DChg,101.19999999998254,-1.6998,3.6924
31,CC DChg,101.29999999998836,-1.6998,3.6924
31,CC DChg,101.39999999999418,-1.6998,3.6923
31,CC DChg,101.5,-1.6998,3.6923
31,CC DChg,101.59999999997672,-1.6998,3.6923
31,CC DChg,101.69999999998254,-1.6998,3.6922
31,CC DChg,101.79999999998836,-1.6998,3.6922
31,CC DChg,101.89999999999418,-1.6998,3.6922
31,CC DChg,102.0,-1.6998,3.6922
31,CC DChg,102.09999999997672,-1.6998,3.6921
31,CC DChg,102.19999999998254,-1.6998,3.6921
31,CC DChg,102.29999999998836,-1.6998,3.6921
31,CC DChg,102.39999999999418,-1.6998,3.6921
31,CC DChg,102.5,-1.6998,3.692
31,CC DChg,102.59999999997672,-1.6998,3.692
31,CC DChg,102.69999999998254,-1.6998,3.692
31,CC DChg,102.79999999998836,-1.6998,3.6919
31,CC DChg,102.89999999999418,-1.6998,3.6919
31,CC DChg,103.0,-1.6998,3.6919
31,CC DChg,103.09999999997672,-1.6998,3.6919
31,CC DChg,103.19999999998254,-1.6998,3.6918
31,CC DChg,103.29999999998836,-1.6998,3.6918
31,CC DChg,103.39999999999418,-1.6998,3.6918
31,CC DChg,103.5,-1.6998,3.6917
31,CC DChg,103.59999999997672,-1.6998,3.6917
31,CC DChg,103.69999999998254,-1.6998,3.6917
31,CC DChg,103.79999999998836,-1.6998,3.6917
31,CC DChg,103.89999999999418,-1.6998,3.6916
31,CC DChg,104.0,-1.6998,3.6916
31,CC DChg,104.09999999997672,-1.6998,3.6916
31,CC DChg,104.19999999998254,-1.6998,3.6915
31,CC DChg,104.29999999998836,-1.6998,3.6915
31,CC DChg,104.39999999999418,-1.6998,3.6915
31,CC DChg,104.5,-1.6998,3.6915
31,CC DChg,104.59999999997672,-1.6998,3.6914
31,CC DChg,104.69999999998254,-1.6998,3.6914
31,CC DChg,104.79999999998836,-1.6998,3.6914
31,CC DChg,104.89999999999418,-1.6998,3.6913
31,CC DChg,105.0,-1.6998,3.6913
31,CC DChg,105.09999999997672,-1.6998,3.6913
31,CC DChg,105.19999999998254,-1.6998,3.6913
31,CC DChg,105.29999999998836,-1.6998,3.6912
31,CC DChg,105.39999999999418,-1.6998,3.6912
31,CC DChg,105.5,-1.6998,3.6912
31,CC DChg,105.59999999997672,-1.6998,3.6912
31,CC DChg,105.69999999998254,-1.6998,3.6911
31,CC DChg,105.79999999998836,-1.6998,3.6911
31,CC DChg,105.89999999999418,-1.6998,3.6911
31,CC DChg,106.0,-1.6998,3.6911
31,CC DChg,106.09999999997672,-1.6998,3.691
31,CC DChg,106.19999999998254,-1.6998,3.691
31,CC DChg,106.29999999998836,-1.6998,3.691
31,CC DChg,106.39999999999418,-1.6998,3.691
31,CC DChg,106.5,-1.6998,3.6909
31,CC DChg,106.59999999997672,-1.6998,3.6909
31,CC DChg,106.69999999998254,-1.6998,3.6909
31,CC DChg,106.79999999998836,-1.6998,3.6908
31,CC DChg,106.89999999999418,-1.6998,3.6908
31,CC DChg,107.0,-1.6998,3.6908
31,CC DChg,107.09999999997672,-1.6998,3.6908
31,CC DChg,107.19999999998254,-1.6998,3.6907
31,CC DChg,107.29999999998836,-1.6998,3.6907
31,CC DChg,107.39999999999418,-1.6998,3.6907
31,CC DChg,107.5,-1.6998,3.6907
31,CC DChg,107.59999999997672,-1.6998,3.6906
31,CC DChg,107.69999999998254,-1.6998,3.6906
31,CC DChg,107.79999999998836,-1.6998,3.6906
31,CC DChg,107.89999999999418,-1.6998,3.6906
31,CC DChg,108.0,-1.6998,3.6905
31,CC DChg,108.09999999997672,-1.6998,3.6905
31,CC DChg,108.19999999998254,-1.6998,3.6905
31,CC DChg,108.29999999998836,-1.6998,3.6904
31,CC DChg,108.39999999999418,-1.6998,3.6904
31,CC DChg,108.5,-1.6998,3.6904
31,CC DChg,108.59999999997672,-1.6998,3.6904
31,CC DChg,108.69999999998254,-1.6998,3.6904
31,CC DChg,108.79999999998836,-1.6998,3.6903
31,CC DChg,108.89999999999418,-1.6998,3.6902
31,CC DChg,109.0,-1.6998,3.6903
31,CC DChg,109.09999999997672,-1.6998,3.6902
31,CC DChg,109.19999999998254,-1.6998,3.6902
31,CC DChg,109.29999999998836,-1.6998,3.6902
31,CC DChg,109.39999999999418,-1.6998,3.6902
31,CC DChg,109.5,-1.6998,3.6901
31,CC DChg,109.59999999997672,-1.6998,3.6901
31,CC DChg,109.69999999998254,-1.6998,3.6901
31,CC DChg,109.79999999998836,-1.6998,3.6901
31,CC DChg,109.89999999999418,-1.6998,3.69
31,CC DChg,110.0,-1.6998,3.69
31,CC DChg,110.09999999997672,-1.6998,3.69
31,CC DChg,110.19999999998254,-1.6998,3.69
31,CC DChg,110.29999999998836,-1.6998,3.6899
31,CC DChg,110.39999999999418,-1.6998,3.6899
31,CC DChg,110.5,-1.6998,3.6899
31,CC DChg,110.59999999997672,-1.6998,3.6898
31,CC DChg,110.69999999998254,-1.6998,3.6898
31,CC DChg,110.79999999998836,-1.6998,3.6898
31,CC DChg,110.89999999999418,-1.6998,3.6897
31,CC DChg,111.0,-1.6998,3.6897
31,CC DChg,111.09999999997672,-1.6998,3.6897
31,CC DChg,111.19999999998254,-1.6998,3.6896
31,CC DChg,111.29999999998836,-1.6998,3.6896
31,CC DChg,111.39999999999418,-1.6998,3.6896
31,CC DChg,111.5,-1.6998,3.6896
31,CC DChg,111.59999999997672,-1.6998,3.6896
31,CC DChg,111.69999999998254,-1.6998,3.6895
31,CC DChg,111.79999999998836,-1.6998,3.6895
31,CC DChg,111.89999999999418,-1.6998,3.6895
31,CC DChg,112.0,-1.6998,3.6895
31,CC DChg,112.09999999997672,-1.6998,3.6894
31,CC DChg,112.19999999998254,-1.6998,3.6894
31,CC DChg,112.29999999998836,-1.6998,3.6894
31,CC DChg,112.39999999999418,-1.6998,3.6894
31,CC DChg,112.5,-1.6998,3.6893
31,CC DChg,112.59999999997672,-1.6998,3.6893
31,CC DChg,112.69999999998254,-1.6998,3.6893
31,CC DChg,112.79999999998836,-1.6998,3.6892
31,CC DChg,112.89999999999418,-1.6998,3.6892
31,CC DChg,113.0,-1.6998,3.6892
31,CC DChg,113.09999999997672,-1.6998,3.6892
31,CC DChg,113.19999999998254,-1.6998,3.6891
31,CC DChg,113.29999999998836,-1.6998,3.6891
31,CC DChg,113.39999999999418,-1.6998,3.6891
31,CC DChg,113.5,-1.6998,3.6891
31,CC DChg,113.59999999997672,-1.6998,3.689
31,CC DChg,113.69999999998254,-1.6998,3.689
31,CC DChg,113.79999999998836,-1.6998,3.689
31,CC DChg,113.89999999999418,-1.6998,3.689
31,CC DChg,114.0,-1.6998,3.689
31,CC DChg,114.09999999997672,-1.6998,3.6889
31,CC DChg,114.19999999998254,-1.6998,3.6889
31,CC DChg,114.29999999998836,-1.6998,3.6889
31,CC DChg,114.39999999999418,-1.6998,3.6889
31,CC DChg,114.5,-1.6998,3.6888
31,CC DChg,114.59999999997672,-1.6998,3.6888
31,CC DChg,114.69999999998254,-1.6998,3.6887
31,CC DChg,114.79999999998836,-1.6998,3.6887
31,CC DChg,114.89999999999418,-1.6998,3.6887
31,CC DChg,115.0,-1.6998,3.6887
31,CC DChg,115.09999999997672,-1.6998,3.6887
31,CC DChg,115.19999999998254,-1.6998,3.6887
31,CC DChg,115.29999999998836,-1.6998,3.6886
31,CC DChg,115.39999999999418,-1.6998,3.6886
31,CC DChg,115.5,-1.6998,3.6885
31,CC DChg,115.59999999997672,-1.6998,3.6885
31,CC DChg,115.69999999998254,-1.6998,3.6885
31,CC DChg,115.79999999998836,-1.6998,3.6884
31,CC DChg,115.89999999999418,-1.6998,3.6884
31,CC DChg,116.0,-1.6998,3.6884
31,CC DChg,116.09999999997672,-1.6998,3.6883
31,CC DChg,116.19999999998254,-1.6998,3.6883
31,CC DChg,116.29999999998836,-1.6998,3.6883
31,CC DChg,116.39999999999418,-1.6998,3.6883
31,CC DChg,116.5,-1.6998,3.6883
31,CC DChg,116.59999999997672,-1.6998,3.6883
31,CC DChg,116.69999999998254,-1.6998,3.6882
31,CC DChg,116.79999999998836,-1.6998,3.6882
31,CC DChg,116.89999999999418,-1.6998,3.6882
31,CC DChg,117.0,-1.6998,3.6881
31,CC DChg,117.09999999997672,-1.6998,3.6881
31,CC DChg,117.19999999998254,-1.6998,3.6881
31,CC DChg,117.29999999998836,-1.6998,3.6881
31,CC DChg,117.39999999999418,-1.6998,3.6881
31,CC DChg,117.5,-1.6998,3.688
31,CC DChg,117.59999999997672,-1.6998,3.688
31,CC DChg,117.69999999998254,-1.6998,3.688
31,CC DChg,117.79999999998836,-1.6998,3.6879
31,CC DChg,117.89999999999418,-1.6998,3.6879
31,CC DChg,118.0,-1.6998,3.6879
31,CC DChg,118.09999999997672,-1.6998,3.6879
31,CC DChg,118.19999999998254,-1.6998,3.6878
31,CC DChg,118.29999999998836,-1.6998,3.6878
31,CC DChg,118.39999999999418,-1.6998,3.6878
31,CC DChg,118.5,-1.6998,3.6878
31,CC DChg,118.59999999997672,-1.6998,3.6878
31,CC DChg,118.69999999998254,-1.6998,3.6877
31,CC DChg,118.79999999998836,-1.6998,3.6876
31,CC DChg,118.89999999999418,-1.6998,3.6876
31,CC DChg,119.0,-1.6998,3.6876
31,CC DChg,119.09999999997672,-1.6998,3.6876
31,CC DChg,119.19999999998254,-1.6998,3.6875
31,CC DChg,119.29999999998836,-1.6998,3.6875
31,CC DChg,119.39999999999418,-1.6998,3.6875
31,CC DChg,119.5,-1.6998,3.6875
31,CC DChg,119.59999999997672,-1.6998,3.6875
31,CC DChg,119.69999999998254,-1.6998,3.6874
31,CC DChg,119.79999999998836,-1.6998,3.6874
31,CC DChg,119.89999999999418,-1.6998,3.6874
31,CC DChg,120.0,-1.6998,3.6874
31,CC DChg,120.09999999997672,-1.6998,3.6874
31,CC DChg,120.19999999998254,-1.6998,3.6873
31,CC DChg,120.29999999998836,-1.6998,3.6873
31,CC DChg,120.39999999999418,-1.6998,3.6873
31,CC DChg,120.5,-1.6998,3.6872
31,CC DChg,120.59999999997672,-1.6998,3.6872
31,CC DChg,120.69999999998254,-1.6998,3.6872
31,CC DChg,120.79999999998836,-1.6998,3.6872
31,CC DChg,120.89999999999418,-1.6998,3.6872
31,CC DChg,121.0,-1.6998,3.6871
31,CC DChg,121.09999999997672,-1.6998,3.6871
31,CC DChg,121.19999999998254,-1.6998,3.687
31,CC DChg,121.29999999998836,-1.6998,3.687
31,CC DChg,121.39999999999418,-1.6998,3.687
31,CC DChg,121.5,-1.6998,3.687
31,CC DChg,121.59999999997672,-1.6998,3.687
31,CC DChg,121.69999999998254,-1.6998,3.6869
31,CC DChg,121.79999999998836,-1.6998,3.6869
31,CC DChg,121.89999999999418,-1.6998,3.6869
31,CC DChg,122.0,-1.6998,3.6868
31,CC DChg,122.09999999997672,-1.6998,3.6868
31,CC DChg,122.19999999998254,-1.6998,3.6868
31,CC DChg,122.29999999998836,-1.6998,3.6868
31,CC DChg,122.39999999999418,-1.6998,3.6867
31,CC DChg,122.5,-1.6998,3.6867
31,CC DChg,122.59999999997672,-1.6998,3.6867
31,CC DChg,122.69999999998254,-1.6998,3.6867
31,CC DChg,122.79999999998836,-1.6998,3.6866
31,CC DChg,122.89999999999418,-1.6998,3.6866
31,CC DChg,123.0,-1.6998,3.6866
31,CC DChg,123.09999999997672,-1.6998,3.6866
31,CC DChg,123.19999999998254,-1.6998,3.6865
31,CC DChg,123.29999999998836,-1.6998,3.6865
31,CC DChg,123.39999999999418,-1.6998,3.6865
31,CC DChg,123.5,-1.6998,3.6865
31,CC DChg,123.59999999997672,-1.6998,3.6864
31,CC DChg,123.69999999998254,-1.6998,3.6864
31,CC DChg,123.79999999998836,-1.6998,3.6864
31,CC DChg,123.89999999999418,-1.6998,3.6864
31,CC DChg,124.0,-1.6998,3.6863
31,CC DChg,124.09999999997672,-1.6998,3.6863
31,CC DChg,124.19999999998254,-1.6998,3.6863
31,CC DChg,124.29999999998836,-1.6998,3.6863
31,CC DChg,124.39999999999418,-1.6998,3.6862
31,CC DChg,124.5,-1.6998,3.6862
31,CC DChg,124.59999999997672,-1.6998,3.6862
31,CC DChg,124.69999999998254,-1.6998,3.6861
31,CC DChg,124.79999999998836,-1.6998,3.6861
31,CC DChg,124.89999999999418,-1.6998,3.6861
31,CC DChg,125.0,-1.6998,3.6861
31,CC DChg,125.09999999997672,-1.6998,3.6861
31,CC DChg,125.19999999998254,-1.6998,3.686
31,CC DChg,125.29999999998836,-1.6998,3.686
31,CC DChg,125.39999999999418,-1.6998,3.686
31,CC DChg,125.5,-1.6998,3.686
31,CC DChg,125.59999999997672,-1.6998,3.6859
31,CC DChg,125.69999999998254,-1.6998,3.6859
31,CC DChg,125.79999999998836,-1.6998,3.6859
31,CC DChg,125.89999999999418,-1.6998,3.6859
31,CC DChg,126.0,-1.6998,3.6858
31,CC DChg,126.09999999997672,-1.6998,3.6858
31,CC DChg,126.19999999998254,-1.6998,3.6858
31,CC DChg,126.29999999998836,-1.6998,3.6858
31,CC DChg,126.39999999999418,-1.6998,3.6858
31,CC DChg,126.5,-1.6998,3.6858
31,CC DChg,126.59999999997672,-1.6998,3.6857
31,CC DChg,126.69999999998254,-1.6998,3.6857
31,CC DChg,126.79999999998836,-1.6998,3.6857
31,CC DChg,126.89999999999418,-1.6998,3.6857
31,CC DChg,127.0,-1.6998,3.6856
31,CC DChg,127.09999999997672,-1.6998,3.6856
31,CC DChg,127.19999999998254,-1.6998,3.6856
31,CC DChg,127.29999999998836,-1.6998,3.6855
31,CC DChg,127.39999999999418,-1.6998,3.6855
31,CC DChg,127.5,-1.6998,3.6855
31,CC DChg,127.59999999997672,-1.6998,3.6855
31,CC DChg,127.69999999998254,-1.6998,3.6855
31,CC DChg,127.79999999998836,-1.6998,3.6854
31,CC DChg,127.89999999999418,-1.6998,3.6854
31,CC DChg,128.0,-1.6998,3.6854
31,CC DChg,128.09999999997672,-1.6998,3.6853
31,CC DChg,128.19999999998254,-1.6998,3.6853
31,CC DChg,128.29999999998836,-1.6998,3.6853
31,CC DChg,128.39999999999418,-1.6998,3.6853
31,CC DChg,128.5,-1.6998,3.6853
31,CC DChg,128.59999999997672,-1.6998,3.6853
31,CC DChg,128.69999999998254,-1.6998,3.6852
31,CC DChg,128.79999999998836,-1.6998,3.6852
31,CC DChg,128.89999999999418,-1.6998,3.6852
31,CC DChg,129.0,-1.6998,3.6851
31,CC DChg,129.09999999997672,-1.6998,3.6852
31,CC DChg,129.19999999998254,-1.6998,3.6851
31,CC DChg,129.29999999998836,-1.6998,3.6851
31,CC DChg,129.39999999999418,-1.6998,3.6851
31,CC DChg,129.5,-1.6998,3.685
31,CC DChg,129.59999999997672,-1.6998,3.685
31,CC DChg,129.69999999998254,-1.6998,3.685
31,CC DChg,129.79999999998836,-1.6998,3.685
31,CC DChg,129.89999999999418,-1.6998,3.6849
31,CC DChg,130.0,-1.6998,3.6849
31,CC DChg,130.09999999997672,-1.6998,3.6849
31,CC DChg,130.19999999998254,-1.6998,3.6849
31,CC DChg,130.29999999998836,-1.6998,3.6848
31,CC DChg,130.39999999999418,-1.6998,3.6848
31,CC DChg,130.5,-1.6998,3.6848
31,CC DChg,130.59999999997672,-1.6998,3.6848
31,CC DChg,130.69999999998254,-1.6998,3.6847
31,CC DChg,130.79999999998836,-1.6998,3.6847
31,CC DChg,130.89999999999418,-1.6998,3.6847
31,CC DChg,131.0,-1.6998,3.6846
31,CC DChg,131.09999999997672,-1.6998,3.6846
31,CC DChg,131.19999999998254,-1.6998,3.6846
31,CC DChg,131.29999999998836,-1.6998,3.6846
31,CC DChg,131.39999999999418,-1.6998,3.6846
31,CC DChg,131.5,-1.6998,3.6845
31,CC DChg,131.59999999997672,-1.6998,3.6845
31,CC DChg,131.69999999998254,-1.6998,3.6845
31,CC DChg,131.79999999998836,-1.6998,3.6845
31,CC DChg,131.89999999999418,-1.6998,3.6844
31,CC DChg,132.0,-1.6998,3.6844
31,CC DChg,132.09999999997672,-1.6998,3.6844
31,CC DChg,132.19999999998254,-1.6998,3.6844
31,CC DChg,132.29999999998836,-1.6998,3.6844
31,CC DChg,132.39999999999418,-1.6998,3.6843
31,CC DChg,132.5,-1.6998,3.6843
31,CC DChg,132.59999999997672,-1.6998,3.6843
31,CC DChg,132.69999999998254,-1.6998,3.6842
31,CC DChg,132.79999999998836,-1.6998,3.6842
31,CC DChg,132.89999999999418,-1.6998,3.6842
31,CC DChg,133.0,-1.6998,3.6842
31,CC DChg,133.09999999997672,-1.6998,3.6842
31,CC DChg,133.19999999998254,-1.6998,3.6841
31,CC DChg,133.29999999998836,-1.6998,3.6841
31,CC DChg,133.39999999999418,-1.6998,3.6841
31,CC DChg,133.5,-1.6998,3.684
31,CC DChg,133.59999999997672,-1.6998,3.684
31,CC DChg,133.69999999998254,-1.6998,3.684
31,CC DChg,133.79999999998836,-1.6998,3.684
31,CC DChg,133.89999999999418,-1.6998,3.6839
31,CC DChg,134.0,-1.6998,3.6839
31,CC DChg,134.09999999997672,-1.6998,3.6839
31,CC DChg,134.19999999998254,-1.6998,3.6839
31,CC DChg,134.29999999998836,-1.6998,3.6839
31,CC DChg,134.39999999999418,-1.6998,3.6839
31,CC DChg,134.5,-1.6998,3.6838
31,CC DChg,134.59999999997672,-1.6998,3.6838
31,CC DChg,134.69999999998254,-1.6998,3.6838
31,CC DChg,134.79999999998836,-1.6998,3.6837
31,CC DChg,134.89999999999418,-1.6998,3.6838
31,CC DChg,135.0,-1.6998,3.6837
31,CC DChg,135.09999999997672,-1.6998,3.6837
31,CC DChg,135.19999999998254,-1.6998,3.6837
31,CC DChg,135.29999999998836,-1.6998,3.6837
31,CC DChg,135.39999999999418,-1.6998,3.6836
31,CC DChg,135.5,-1.6998,3.6836
31,CC DChg,135.59999999997672,-1.6998,3.6836
31,CC DChg,135.69999999998254,-1.6998,3.6835
31,CC DChg,135.79999999998836,-1.6998,3.6835
31,CC DChg,135.89999999999418,-1.6998,3.6835
31,CC DChg,136.0,-1.6998,3.6834
31,CC DChg,136.09999999997672,-1.6998,3.6834
31,CC DChg,136.19999999998254,-1.6998,3.6834
31,CC DChg,136.29999999998836,-1.6998,3.6834
31,CC DChg,136.39999999999418,-1.6998,3.6834
31,CC DChg,136.5,-1.6998,3.6833
31,CC DChg,136.59999999997672,-1.6998,3.6833
31,CC DChg,136.69999999998254,-1.6998,3.6833
31,CC DChg,136.79999999998836,-1.6998,3.6833
31,CC DChg,136.89999999999418,-1.6998,3.6833
31,CC DChg,137.0,-1.6998,3.6832
31,CC DChg,137.09999999997672,-1.6998,3.6832
31,CC DChg,137.19999999998254,-1.6998,3.6832
31,CC DChg,137.29999999998836,-1.6998,3.6832
31,CC DChg,137.39999999999418,-1.6998,3.6832
31,CC DChg,137.5,-1.6998,3.6831
31,CC DChg,137.59999999997672,-1.6998,3.6831
31,CC DChg,137.69999999998254,-1.6998,3.6831
31,CC DChg,137.79999999998836,-1.6998,3.683
31,CC DChg,137.89999999999418,-1.6998,3.683
31,CC DChg,138.0,-1.6998,3.683
31,CC DChg,138.09999999997672,-1.6998,3.6829
31,CC DChg,138.19999999998254,-1.6998,3.6829
31,CC DChg,138.29999999998836,-1.6998,3.6829
31,CC DChg,138.39999999999418,-1.6998,3.6829
31,CC DChg,138.5,-1.6998,3.6829
31,CC DChg,138.59999999997672,-1.6998,3.6828
31,CC DChg,138.69999999998254,-1.6998,3.6829
31,CC DChg,138.79999999998836,-1.6998,3.6828
31,CC DChg,138.89999999999418,-1.6998,3.6828
31,CC DChg,139.0,-1.6998,3.6828
31,CC DChg,139.09999999997672,-1.6998,3.6827
31,CC DChg,139.19999999998254,-1.6998,3.6827
31,CC DChg,139.29999999998836,-1.6998,3.6827
31,CC DChg,139.39999999999418,-1.6998,3.6826
31,CC DChg,139.5,-1.6998,3.6826
31,CC DChg,139.59999999997672,-1.6998,3.6826
31,CC DChg,139.69999999998254,-1.6998,3.6826
31,CC DChg,139.79999999998836,-1.6998,3.6826
31,CC DChg,139.89999999999418,-1.6998,3.6825
31,CC DChg,140.0,-1.6998,3.6825
31,CC DChg,140.09999999997672,-1.6998,3.6826
31,CC DChg,140.19999999998254,-1.6998,3.6826
31,CC DChg,140.29999999998836,-1.6998,3.6826
31,CC DChg,140.39999999999418,-1.6998,3.6825
31,CC DChg,140.5,-1.6998,3.6825
31,CC DChg,140.59999999997672,-1.6998,3.6825
31,CC DChg,140.69999999998254,-1.6998,3.6825
31,CC DChg,140.79999999998836,-1.6998,3.6824
31,CC DChg,140.89999999999418,-1.6998,3.6824
31,CC DChg,141.0,-1.6998,3.6824
31,CC DChg,141.09999999997672,-1.6998,3.6824
31,CC DChg,141.19999999998254,-1.6998,3.6823
31,CC DChg,141.29999999998836,-1.6998,3.6823
31,CC DChg,141.39999999999418,-1.6998,3.6823
31,CC DChg,141.5,-1.6998,3.6823
31,CC DChg,141.59999999997672,-1.6998,3.6823
31,CC DChg,141.69999999998254,-1.6998,3.6822
31,CC DChg,141.79999999998836,-1.6998,3.6822
31,CC DChg,141.89999999999418,-1.6998,3.6822
31,CC DChg,142.0,-1.6998,3.6821
31,CC DChg,142.09999999997672,-1.6998,3.6821
31,CC DChg,142.19999999998254,-1.6998,3.6821
31,CC DChg,142.29999999998836,-1.6998,3.6821
31,CC DChg,142.39999999999418,-1.6998,3.682
31,CC DChg,142.5,-1.6998,3.682
31,CC DChg,142.59999999997672,-1.6998,3.682
31,CC DChg,142.69999999998254,-1.6998,3.682
31,CC DChg,142.79999999998836,-1.6998,3.682
31,CC DChg,142.89999999999418,-1.6998,3.6819
31,CC DChg,143.0,-1.6998,3.6819
31,CC DChg,143.09999999997672,-1.6998,3.6819
31,CC DChg,143.19999999998254,-1.6998,3.6819
31,CC DChg,143.29999999998836,-1.6998,3.6819
31,CC DChg,143.39999999999418,-1.6998,3.6818
31,CC DChg,143.5,-1.6998,3.6818
31,CC DChg,143.59999999997672,-1.6998,3.6817
31,CC DChg,143.69999999998254,-1.6998,3.6817
31,CC DChg,143.79999999998836,-1.6998,3.6817
31,CC DChg,143.89999999999418,-1.6998,3.6817
31,CC DChg,144.0,-1.6998,3.6817
31,CC DChg,144.09999999997672,-1.6998,3.6817
31,CC DChg,144.19999999998254,-1.6998,3.6816
31,CC DChg,144.29999999998836,-1.6998,3.6816
31,CC DChg,144.39999999999418,-1.6998,3.6816
31,CC DChg,144.5,-1.6998,3.6815
31,CC DChg,144.59999999997672,-1.6998,3.6815
31,CC DChg,144.69999999998254,-1.6998,3.6815
31,CC DChg,144.79999999998836,-1.6998,3.6815
31,CC DChg,144.89999999999418,-1.6998,3.6814
31,CC DChg,145.0,-1.6998,3.6814
31,CC DChg,145.09999999997672,-1.6998,3.6814
31,CC DChg,145.19999999998254,-1.6998,3.6814
31,CC DChg,145.29999999998836,-1.6998,3.6813
31,CC DChg,145.39999999999418,-1.6998,3.6813
31,CC DChg,145.5,-1.6998,3.6813
31,CC DChg,145.59999999997672,-1.6998,3.6812
31,CC DChg,145.69999999998254,-1.6998,3.6812
31,CC DChg,145.79999999998836,-1.6998,3.6812
31,CC DChg,145.89999999999418,-1.6998,3.6812
31,CC DChg,146.0,-1.6998,3.6812
31,CC DChg,146.09999999997672,-1.6998,3.6812
31,CC DChg,146.19999999998254,-1.6998,3.6811
31,CC DChg,146.29999999998836,-1.6998,3.6811
31,CC DChg,146.39999999999418,-1.6998,3.6811
31,CC DChg,146.5,-1.6998,3.6811
31,CC DChg,146.59999999997672,-1.6998,3.6811
31,CC DChg,146.69999999998254,-1.6998,3.6811
31,CC DChg,146.79999999998836,-1.6998,3.6811
31,CC DChg,146.89999999999418,-1.6998,3.681
31,CC DChg,147.0,-1.6998,3.681
31,CC DChg,147.09999999997672,-1.6998,3.6809
31,CC DChg,147.19999999998254,-1.6998,3.6809
31,CC DChg,147.29999999998836,-1.6998,3.6809
31,CC DChg,147.39999999999418,-1.6998,3.6809
31,CC DChg,147.5,-1.6998,3.6809
31,CC DChg,147.59999999997672,-1.6998,3.6809
31,CC DChg,147.69999999998254,-1.6998,3.6808
31,CC DChg,147.79999999998836,-1.6998,3.6808
31,CC DChg,147.89999999999418,-1.6998,3.6808
31,CC DChg,148.0,-1.6998,3.6807
31,CC DChg,148.09999999997672,-1.6998,3.6807
31,CC DChg,148.19999999998254,-1.6998,3.6808
31,CC DChg,148.29999999998836,-1.6998,3.6807
31,CC DChg,148.39999999999418,-1.6998,3.6806
31,CC DChg,148.5,-1.6998,3.6806
31,CC DChg,148.59999999997672,-1.6998,3.6806
31,CC DChg,148.69999999998254,-1.6998,3.6806
31,CC DChg,148.79999999998836,-1.6998,3.6806
31,CC DChg,148.89999999999418,-1.6998,3.6805
31,CC DChg,149.0,-1.6998,3.6805
31,CC DChg,149.09999999997672,-1.6998,3.6805
31,CC DChg,149.19999999998254,-1.6998,3.6804
31,CC DChg,149.29999999998836,-1.6998,3.6804
31,CC DChg,149.39999999999418,-1.6998,3.6804
31,CC DChg,149.5,-1.6998,3.6804
31,CC DChg,149.59999999997672,-1.6998,3.6804
31,CC DChg,149.69999999998254,-1.6998,3.6804
31,CC DChg,149.79999999998836,-1.6998,3.6803
31,CC DChg,149.89999999999418,-1.6998,3.6803
31,CC DChg,150.0,-1.6998,3.6803
31,CC DChg,150.09999999997672,-1.6998,3.6803
31,CC DChg,150.19999999998254,-1.6998,3.6803
31,CC DChg,150.29999999998836,-1.6998,3.6802
31,CC DChg,150.39999999999418,-1.6998,3.6802
31,CC DChg,150.5,-1.6998,3.6802
31,CC DChg,150.59999999997672,-1.6998,3.6802
31,CC DChg,150.69999999998254,-1.6998,3.6802
31,CC DChg,150.79999999998836,-1.6998,3.6801
31,CC DChg,150.89999999999418,-1.6998,3.6801
31,CC DChg,151.0,-1.6998,3.6801
31,CC DChg,151.09999999997672,-1.6998,3.6801
31,CC DChg,151.19999999998254,-1.6998,3.68
31,CC DChg,151.29999999998836,-1.6998,3.68
31,CC DChg,151.39999999999418,-1.6998,3.68
31,CC DChg,151.5,-1.6998,3.68
31,CC DChg,151.59999999997672,-1.6998,3.68
31,CC DChg,151.69999999998254,-1.6998,3.6799
31,CC DChg,151.79166666665697,-1.6998,3.6799
31,CC DChg,151.8833333333023,-1.6998,3.6799
31,CC DChg,151.97499999997672,-1.6998,3.6799
32,Rest,152.06666666662204,0.0,3.7653
32,Rest,152.15833333329647,0.0,3.7653
32,Rest,152.25,0.0,3.7667
32,Rest,152.34166666661622,0.0,3.7679
32,Rest,152.43333333331975,0.0,3.769
32,Rest,152.52499999999418,0.0,3.7698
32,Rest,152.6166666666395,0.0,3.7703
32,Rest,152.70833333331393,0.0,3.7708
32,Rest,152.80757575758616,0.0,3.7712
32,Rest,152.9068181818002,0.0,3.7717
32,Rest,153.00606060601422,0.0,3.772
32,Rest,153.10530303028645,0.0,3.7724
32,Rest,153.20454545450048,0.0,3.7727
32,Rest,153.3037878788018,0.0,3.773
32,Rest,153.40303030301584,0.0,3.7733
32,Rest,153.50227272725897,0.0,3.7735
32,Rest,153.6015151515021,0.0,3.7738
32,Rest,153.70075757574523,0.0,3.7741
32,Rest,153.80068870523246,0.0,3.7743
32,Rest,153.9006198346906,0.0,3.7745
32,Rest,154.00055096417782,0.0,3.7747
32,Rest,154.10048209366505,0.0,3.7749
32,Rest,154.20041322315228,0.0,3.7752
32,Rest,154.3003443526395,0.0,3.7754
32,Rest,154.40027548206854,0.0,3.7756
32,Rest,154.50020661158487,0.0,3.7758
32,Rest,154.6001377410139,0.0,3.776
32,Rest,154.70006887050113,0.0,3.7762
32,Rest,154.80006260957452,0.0,3.7764
32,Rest,154.90005634858971,0.0,3.7765
32,Rest,155.000050087634,0.0,3.7767
32,Rest,155.1000438266783,0.0,3.7769
32,Rest,155.2000375657226,0.0,3.7771
32,Rest,155.300031304796,0.0,3.7772
32,Rest,155.4000250438403,0.0,3.7774
32,Rest,155.50001878285548,0.0,3.7776
32,Rest,155.60001252189977,0.0,3.7778
32,Rest,155.70000626094406,0.0,3.7779
32,Rest,155.80000569173717,0.0,3.7781
32,Rest,155.90000512258848,0.0,3.7782
32,Rest,156.0000045534398,0.0,3.7783
32,Rest,156.1000039842329,0.0,3.7785
32,Rest,156.2000034150551,0.0,3.7787
32,Rest,156.30000284587732,0.0,3.7788
32,Rest,156.40000227669952,0.0,3.779
32,Rest,156.50000170755084,0.0,3.779
32,Rest,156.60000113840215,0.0,3.7792
32,Rest,156.70000056919525,0.0,3.7793
32,Rest,156.80000051742536,0.0,3.7795
32,Rest,156.90000046568457,0.0,3.7796
32,Rest,157.000000414002,0.0,3.7797
32,Rest,157.1000003621739,0.0,3.7799
32,Rest,157.2000003104622,0.0,3.78
32,Rest,157.3000002586923,0.0,3.7801
32,Rest,157.40000020695152,0.0,3.7802
32,Rest,157.50000015518162,0.0,3.7804
32,Rest,157.60000010346994,0.0,3.7805
32,Rest,157.70000005170004,0.0,3.7806
32,Rest,157.80000004702015,0.0,3.7807
32,Rest,157.90000004231115,0.0,3.7809
32,Rest,158.00000003763125,0.0,3.781
32,Rest,158.10000003292225,0.0,3.7811
32,Rest,158.20000002824236,0.0,3.7812
32,Rest,158.30000002350425,0.0,3.7813
32,Rest,158.40000001879525,0.0,3.7814
32,Rest,158.50000001408625,0.0,3.7815
32,Rest,158.60000000943546,0.0,3.7816
32,Rest,158.70000000469736,0.0,3.7818
32,Rest,158.80000000426662,0.0,3.7819
32,Rest,158.90000000383588,0.0,3.782
32,Rest,159.00000000343425,0.0,3.7821
32,Rest,159.1000000029744,0.0,3.7822
32,Rest,159.20000000254367,0.0,3.7823
32,Rest,159.30000000211294,0.0,3.7825
32,Rest,159.4000000016822,0.0,3.7826
32,Rest,159.50000000128057,0.0,3.7827
32,Rest,159.60000000087894,0.0,3.7827
32,Rest,159.7000000004191,0.0,3.7829
32,Rest,159.8000000003958,0.0,3.783
32,Rest,159.90000000040163,0.0,3.7831
32,Rest,160.00000000029104,0.0,3.7832
32,Rest,160.10000000026776,0.0,3.7833
32,Rest,160.20000000021537,0.0,3.7834
32,Rest,160.30000000019209,0.0,3.7834
32,Rest,160.4000000001106,0.0,3.7835
32,Rest,160.50000000011642,0.0,3.7837
32,Rest,160.60000000006403,0.0,3.7837
32,Rest,160.70000000004075,0.0,3.7838
32,Rest,160.80000000007567,0.0,3.784
32,Rest,160.90000000002328,0.0,3.784
32,Rest,161.0000000000291,0.0,3.7841
32,Rest,161.10000000003492,0.0,3.7842
32,Rest,161.19999999998254,0.0,3.7844
32,Rest,161.30000000001746,0.0,3.7844
32,Rest,161.39999999999418,0.0,3.7845
32,Rest,161.5,0.0,3.7846
32,Rest,161.59999999997672,0.0,3.7847
32,Rest,161.69999999998254,0.0,3.7848
32,Rest,161.79999999998836,0.0,3.7849
32,Rest,161.89999999999418,0.0,3.785
32,Rest,162.0,0.0,3.785
32,Rest,162.09999999997672,0.0,3.7851
32,Rest,162.19999999998254,0.0,3.7852
32,Rest,162.29999999998836,0.0,3.7853
32,Rest,162.39999999999418,0.0,3.7854
32,Rest,162.5,0.0,3.7855
32,Rest,162.59999999997672,0.0,3.7856
32,Rest,162.69999999998254,0.0,3.7856
32,Rest,162.79999999998836,0.0,3.7857
32,Rest,162.89999999999418,0.0,3.7858
32,Rest,163.0,0.0,3.7859
32,Rest,163.09999999997672,0.0,3.786
32,Rest,163.19999999998254,0.0,3.7861
32,Rest,163.29999999998836,0.0,3.7862
32,Rest,163.39999999999418,0.0,3.7862
32,Rest,163.5,0.0,3.7863
32,Rest,163.59999999997672,0.0,3.7864
32,Rest,163.69999999998254,0.0,3.7865
32,Rest,163.79999999998836,0.0,3.7866
32,Rest,163.89999999999418,0.0,3.7866
32,Rest,164.0,0.0,3.7867
32,Rest,164.09999999997672,0.0,3.7868
32,Rest,164.19999999998254,0.0,3.7869
32,Rest,164.29999999998836,0.0,3.787
32,Rest,164.39999999999418,0.0,3.7871
32,Rest,164.5,0.0,3.7871
32,Rest,164.59999999997672,0.0,3.7872
32,Rest,164.69999999998254,0.0,3.7873
32,Rest,164.79999999998836,0.0,3.7874
32,Rest,164.89999999999418,0.0,3.7875
32,Rest,165.0,0.0,3.7875
32,Rest,165.09999999997672,0.0,3.7876
32,Rest,165.19999999998254,0.0,3.7877
32,Rest,165.29999999998836,0.0,3.7878
32,Rest,165.39999999999418,0.0,3.7878
32,Rest,165.5,0.0,3.7879
32,Rest,165.59999999997672,0.0,3.788
32,Rest,165.69999999998254,0.0,3.7881
32,Rest,165.79999999998836,0.0,3.7881
32,Rest,165.89999999999418,0.0,3.7882
32,Rest,166.0,0.0,3.7883
32,Rest,166.09999999997672,0.0,3.7884
32,Rest,166.19999999998254,0.0,3.7884
32,Rest,166.29999999998836,0.0,3.7885
32,Rest,166.39999999999418,0.0,3.7886
32,Rest,166.5,0.0,3.7886
32,Rest,166.59999999997672,0.0,3.7887
32,Rest,166.69999999998254,0.0,3.7888
32,Rest,166.79999999998836,0.0,3.7889
32,Rest,166.89999999999418,0.0,3.7889
32,Rest,167.0,0.0,3.789
32,Rest,167.09999999997672,0.0,3.789
32,Rest,167.19999999998254,0.0,3.7891
32,Rest,167.29999999998836,0.0,3.7892
32,Rest,167.39999999999418,0.0,3.7893
32,Rest,167.5,0.0,3.7893
32,Rest,167.59999999997672,0.0,3.7894
32,Rest,167.69999999998254,0.0,3.7895
32,Rest,167.79999999998836,0.0,3.7895
32,Rest,167.89999999999418,0.0,3.7896
32,Rest,168.0,0.0,3.7897
32,Rest,168.09999999997672,0.0,3.7897
32,Rest,168.19999999998254,0.0,3.7898
32,Rest,168.29999999998836,0.0,3.7899
32,Rest,168.39999999999418,0.0,3.7899
32,Rest,168.5,0.0,3.79
32,Rest,168.59999999997672,0.0,3.7901
32,Rest,168.69999999998254,0.0,3.7902
32,Rest,168.79999999998836,0.0,3.7902
32,Rest,168.89999999999418,0.0,3.7903
32,Rest,169.0,0.0,3.7903
32,Rest,169.09999999997672,0.0,3.7904
32,Rest,169.19999999998254,0.0,3.7905
32,Rest,169.29999999998836,0.0,3.7905
32,Rest,169.39999999999418,0.0,3.7906
32,Rest,169.5,0.0,3.7906
32,Rest,169.59999999997672,0.0,3.7907
32,Rest,169.69999999998254,0.0,3.7908
32,Rest,169.79999999998836,0.0,3.7908
32,Rest,169.89999999999418,0.0,3.7909
32,Rest,170.0,0.0,3.791
32,Rest,170.09999999997672,0.0,3.791
32,Rest,170.19999999998254,0.0,3.7911
32,Rest,170.29999999998836,0.0,3.7911
32,Rest,170.39999999999418,0.0,3.7912
32,Rest,170.5,0.0,3.7913
32,Rest,170.59999999997672,0.0,3.7913
32,Rest,170.69999999998254,0.0,3.7914
32,Rest,170.79999999998836,0.0,3.7915
32,Rest,170.89999999999418,0.0,3.7915
32,Rest,171.0,0.0,3.7916
32,Rest,171.09999999997672,0.0,3.7916
32,Rest,171.19999999998254,0.0,3.7917
32,Rest,171.29999999998836,0.0,3.7917
32,Rest,171.39999999999418,0.0,3.7918
32,Rest,171.5,0.0,3.7919
32,Rest,171.59999999997672,0.0,3.7919
32,Rest,171.69999999998254,0.0,3.792
32,Rest,171.79999999998836,0.0,3.792
32,Rest,171.89999999999418,0.0,3.7921
32,Rest,172.0,0.0,3.7922
32,Rest,172.09999999997672,0.0,3.7922
32,Rest,172.19999999998254,0.0,3.7923
32,Rest,172.29999999998836,0.0,3.7923
32,Rest,172.39999999999418,0.0,3.7924
32,Rest,172.5,0.0,3.7924
32,Rest,172.59999999997672,0.0,3.7925
32,Rest,172.69999999998254,0.0,3.7926
32,Rest,172.79999999998836,0.0,3.7926
32,Rest,172.89999999999418,0.0,3.7927
32,Rest,173.0,0.0,3.7927
32,Rest,173.09999999997672,0.0,3.7928
32,Rest,173.19999999998254,0.0,3.7928
32,Rest,173.29999999998836,0.0,3.7929
32,Rest,173.39999999999418,0.0,3.7929
32,Rest,173.5,0.0,3.793
32,Rest,173.59999999997672,0.0,3.7931
32,Rest,173.69999999998254,0.0,3.7931
32,Rest,173.79999999998836,0.0,3.7931
32,Rest,173.89999999999418,0.0,3.7932
32,Rest,174.0,0.0,3.7933
32,Rest,174.09999999997672,0.0,3.7933
32,Rest,174.19999999998254,0.0,3.7934
32,Rest,174.29999999998836,0.0,3.7934
32,Rest,174.39999999999418,0.0,3.7935
32,Rest,174.5,0.0,3.7935
32,Rest,174.59999999997672,0.0,3.7936
32,Rest,174.69999999998254,0.0,3.7937
32,Rest,174.79999999998836,0.0,3.7937
32,Rest,174.89999999999418,0.0,3.7937
32,Rest,175.0,0.0,3.7938
32,Rest,175.09999999997672,0.0,3.7938
32,Rest,175.19999999998254,0.0,3.7938
32,Rest,175.29999999998836,0.0,3.7939
32,Rest,175.39999999999418,0.0,3.794
32,Rest,175.5,0.0,3.794
32,Rest,175.59999999997672,0.0,3.7941
32,Rest,175.69999999998254,0.0,3.7941
32,Rest,175.79999999998836,0.0,3.7942
32,Rest,175.89999999999418,0.0,3.7942
32,Rest,176.0,0.0,3.7943
32,Rest,176.09999999997672,0.0,3.7943
32,Rest,176.19999999998254,0.0,3.7944
32,Rest,176.29999999998836,0.0,3.7944
32,Rest,176.39999999999418,0.0,3.7945
32,Rest,176.5,0.0,3.7945
32,Rest,176.59999999997672,0.0,3.7945
32,Rest,176.69999999998254,0.0,3.7946
32,Rest,176.79999999998836,0.0,3.7947
32,Rest,176.89999999999418,0.0,3.7947
32,Rest,177.0,0.0,3.7948
32,Rest,177.09999999997672,0.0,3.7948
32,Rest,177.19999999998254,0.0,3.7949
32,Rest,177.29999999998836,0.0,3.7949
32,Rest,177.39999999999418,0.0,3.7949
32,Rest,177.5,0.0,3.795
32,Rest,177.59999999997672,0.0,3.795
32,Rest,177.69999999998254,0.0,3.7951
32,Rest,177.79999999998836,0.0,3.7951
32,Rest,177.89999999999418,0.0,3.7952
32,Rest,178.0,0.0,3.7952
32,Rest,178.09999999997672,0.0,3.7953
32,Rest,178.19999999998254,0.0,3.7953
32,Rest,178.29999999998836,0.0,3.7954
32,Rest,178.39999999999418,0.0,3.7954
32,Rest,178.5,0.0,3.7955
32,Rest,178.59999999997672,0.0,3.7955
32,Rest,178.69999999998254,0.0,3.7956
32,Rest,178.79999999998836,0.0,3.7956
32,Rest,178.89999999999418,0.0,3.7956
32,Rest,179.0,0.0,3.7957
32,Rest,179.09999999997672,0.0,3.7957
32,Rest,179.19999999998254,0.0,3.7958
32,Rest,179.29999999998836,0.0,3.7958
32,Rest,179.39999999999418,0.0,3.7958
32,Rest,179.5,0.0,3.7959
32,Rest,179.59999999997672,0.0,3.7959
32,Rest,179.69999999998254,0.0,3.796
32,Rest,179.79999999998836,0.0,3.796
32,Rest,179.89999999999418,0.0,3.7961
32,Rest,180.0,0.0,3.7961
32,Rest,180.09999999997672,0.0,3.7962
32,Rest,180.19999999998254,0.0,3.7962
32,Rest,180.29999999998836,0.0,3.7962
32,Rest,180.39999999999418,0.0,3.7963
32,Rest,180.5,0.0,3.7964
32,Rest,180.59999999997672,0.0,3.7964
32,Rest,180.69999999998254,0.0,3.7964
32,Rest,180.79999999998836,0.0,3.7965
32,Rest,180.89999999999418,0.0,3.7965
32,Rest,181.0,0.0,3.7966
32,Rest,181.09999999997672,0.0,3.7966
32,Rest,181.19999999998254,0.0,3.7966
32,Rest,181.29999999998836,0.0,3.7967
32,Rest,181.39999999999418,0.0,3.7968
32,Rest,181.5,0.0,3.7968
32,Rest,181.59999999997672,0.0,3.7968
32,Rest,181.69999999998254,0.0,3.7969
32,Rest,181.79999999998836,0.0,3.7969
32,Rest,181.89999999999418,0.0,3.797
32,Rest,182.0,0.0,3.797
32,Rest,182.09999999997672,0.0,3.797
32,Rest,182.19999999998254,0.0,3.7971
32,Rest,182.29999999998836,0.0,3.7971
32,Rest,182.39999999999418,0.0,3.7972
32,Rest,182.5,0.0,3.7972
32,Rest,182.59999999997672,0.0,3.7972
32,Rest,182.69999999998254,0.0,3.7972
32,Rest,182.79999999998836,0.0,3.7973
32,Rest,182.89999999999418,0.0,3.7974
32,Rest,183.0,0.0,3.7974
32,Rest,183.09999999997672,0.0,3.7974
32,Rest,183.19999999998254,0.0,3.7975
32,Rest,183.29999999998836,0.0,3.7975
32,Rest,183.39999999999418,0.0,3.7976
32,Rest,183.5,0.0,3.7976
32,Rest,183.59999999997672,0.0,3.7976
32,Rest,183.69999999998254,0.0,3.7977
32,Rest,183.79999999998836,0.0,3.7977
32,Rest,183.89999999999418,0.0,3.7977
32,Rest,184.0,0.0,3.7978
32,Rest,184.09999999997672,0.0,3.7978
32,Rest,184.19999999998254,0.0,3.7979
32,Rest,184.29999999998836,0.0,3.7979
32,Rest,184.39999999999418,0.0,3.7979
32,Rest,184.5,0.0,3.798
32,Rest,184.59999999997672,0.0,3.798
32,Rest,184.69999999998254,0.0,3.7981
32,Rest,184.79999999998836,0.0,3.7981
32,Rest,184.89999999999418,0.0,3.7981
32,Rest,185.0,0.0,3.7982
32,Rest,185.09999999997672,0.0,3.7982
32,Rest,185.19999999998254,0.0,3.7982
32,Rest,185.29999999998836,0.0,3.7983
32,Rest,185.39999999999418,0.0,3.7984
32,Rest,185.5,0.0,3.7984
32,Rest,185.59999999997672,0.0,3.7984
32,Rest,185.69999999998254,0.0,3.7984
32,Rest,185.79999999998836,0.0,3.7985
32,Rest,185.89999999999418,0.0,3.7985
32,Rest,186.0,0.0,3.7985
32,Rest,186.09999999997672,0.0,3.7986
32,Rest,186.19999999998254,0.0,3.7986
32,Rest,186.29999999998836,0.0,3.7987
32,Rest,186.39999999999418,0.0,3.7987
32,Rest,186.5,0.0,3.7988
32,Rest,186.59999999997672,0.0,3.7988
32,Rest,186.69999999998254,0.0,3.7988
32,Rest,186.79999999998836,0.0,3.7989
32,Rest,186.89999999999418,0.0,3.7989
32,Rest,187.0,0.0,3.7989
32,Rest,187.09999999997672,0.0,3.7989
32,Rest,187.19999999998254,0.0,3.799
32,Rest,187.29999999998836,0.0,3.799
32,Rest,187.39999999999418,0.0,3.7991
32,Rest,187.5,0.0,3.7991
32,Rest,187.59999999997672,0.0,3.7991
32,Rest,187.69999999998254,0.0,3.7992
32,Rest,187.79999999998836,0.0,3.7992
32,Rest,187.89999999999418,0.0,3.7992
32,Rest,188.0,0.0,3.7993
32,Rest,188.09999999997672,0.0,3.7993
32,Rest,188.19999999998254,0.0,3.7993
32,Rest,188.29999999998836,0.0,3.7994
32,Rest,188.39999999999418,0.0,3.7994
32,Rest,188.5,0.0,3.7995
32,Rest,188.59999999997672,0.0,3.7995
32,Rest,188.69999999998254,0.0,3.7995
32,Rest,188.79999999998836,0.0,3.7996
32,Rest,188.89999999999418,0.0,3.7996
32,Rest,189.0,0.0,3.7996
32,Rest,189.09999999997672,0.0,3.7997
32,Rest,189.19999999998254,0.0,3.7997
32,Rest,189.29999999998836,0.0,3.7997
32,Rest,189.39999999999418,0.0,3.7998
32,Rest,189.5,0.0,3.7998
32,Rest,189.59999999997672,0.0,3.7998
32,Rest,189.69999999998254,0.0,3.7999
32,Rest,189.79999999998836,0.0,3.7999
32,Rest,189.89999999999418,0.0,3.7999
32,Rest,190.0,0.0,3.7999
32,Rest,190.09999999997672,0.0,3.8
32,Rest,190.19999999998254,0.0,3.8
32,Rest,190.29999999998836,0.0,3.8
32,Rest,190.39999999999418,0.0,3.8001
32,Rest,190.5,0.0,3.8001
32,Rest,190.59999999997672,0.0,3.8002
32,Rest,190.69999999998254,0.0,3.8002
32,Rest,190.79999999998836,0.0,3.8002
32,Rest,190.89999999999418,0.0,3.8003
32,Rest,191.0,0.0,3.8003
32,Rest,191.09999999997672,0.0,3.8003
32,Rest,191.19999999998254,0.0,3.8004
32,Rest,191.29999999998836,0.0,3.8004
32,Rest,191.39999999999418,0.0,3.8004
32,Rest,191.5,0.0,3.8004
32,Rest,191.59999999997672,0.0,3.8005
32,Rest,191.69999999998254,0.0,3.8005
32,Rest,191.79999999998836,0.0,3.8006
32,Rest,191.89999999999418,0.0,3.8006
32,Rest,192.0,0.0,3.8006
32,Rest,192.09999999997672,0.0,3.8007
32,Rest,192.19999999998254,0.0,3.8007
32,Rest,192.29999999998836,0.0,3.8007
32,Rest,192.39999999999418,0.0,3.8008
32,Rest,192.5,0.0,3.8008
32,Rest,192.59999999997672,0.0,3.8008
32,Rest,192.69999999998254,0.0,3.8008
32,Rest,192.79999999998836,0.0,3.8009
32,Rest,192.89999999999418,0.0,3.8009
32,Rest,193.0,0.0,3.8009
32,Rest,193.09999999997672,0.0,3.8009
32,Rest,193.19999999998254,0.0,3.801
32,Rest,193.29999999998836,0.0,3.801
32,Rest,193.39999999999418,0.0,3.801
32,Rest,193.5,0.0,3.801
32,Rest,193.59999999997672,0.0,3.8011
32,Rest,193.69999999998254,0.0,3.8011
32,Rest,193.79999999998836,0.0,3.8011
32,Rest,193.89999999999418,0.0,3.8012
32,Rest,194.0,0.0,3.8012
32,Rest,194.09999999997672,0.0,3.8013
32,Rest,194.19999999998254,0.0,3.8013
32,Rest,194.29999999998836,0.0,3.8013
32,Rest,194.39999999999418,0.0,3.8013
32,Rest,194.5,0.0,3.8013
32,Rest,194.59999999997672,0.0,3.8013
32,Rest,194.69999999998254,0.0,3.8014
32,Rest,194.79999999998836,0.0,3.8015
32,Rest,194.89999999999418,0.0,3.8015
32,Rest,195.0,0.0,3.8015
32,Rest,195.09999999997672,0.0,3.8015
32,Rest,195.19999999998254,0.0,3.8015
32,Rest,195.29999999998836,0.0,3.8016
32,Rest,195.39999999999418,0.0,3.8016
32,Rest,195.5,0.0,3.8016
32,Rest,195.59999999997672,0.0,3.8017
32,Rest,195.69999999998254,0.0,3.8017
32,Rest,195.79999999998836,0.0,3.8017
32,Rest,195.89999999999418,0.0,3.8017
32,Rest,196.0,0.0,3.8018
32,Rest,196.09999999997672,0.0,3.8018
32,Rest,196.19999999998254,0.0,3.8018
32,Rest,196.29999999998836,0.0,3.8018
32,Rest,196.39999999999418,0.0,3.8019
32,Rest,196.5,0.0,3.8019
32,Rest,196.59999999997672,0.0,3.802
32,Rest,196.69999999998254,0.0,3.802
32,Rest,196.79999999998836,0.0,3.802
32,Rest,196.89999999999418,0.0,3.802
32,Rest,197.0,0.0,3.8021
32,Rest,197.09999999997672,0.0,3.8021
32,Rest,197.19999999998254,0.0,3.8021
32,Rest,197.29999999998836,0.0,3.8021
32,Rest,197.39999999999418,0.0,3.8021
32,Rest,197.5,0.0,3.8022
32,Rest,197.59999999997672,0.0,3.8022
32,Rest,197.69999999998254,0.0,3.8022
32,Rest,197.79999999998836,0.0,3.8023
32,Rest,197.89999999999418,0.0,3.8023
32,Rest,198.0,0.0,3.8023
32,Rest,198.09999999997672,0.0,3.8023
32,Rest,198.19999999998254,0.0,3.8024
32,Rest,198.29999999998836,0.0,3.8024
32,Rest,198.39999999999418,0.0,3.8024
32,Rest,198.5,0.0,3.8024
32,Rest,198.59999999997672,0.0,3.8025
32,Rest,198.69999999998254,0.0,3.8025
32,Rest,198.79999999998836,0.0,3.8025
32,Rest,198.89999999999418,0.0,3.8025
32,Rest,199.0,0.0,3.8025
32,Rest,199.09999999997672,0.0,3.8026
32,Rest,199.19999999998254,0.0,3.8026
32,Rest,199.29999999998836,0.0,3.8026
32,Rest,199.39999999999418,0.0,3.8027
32,Rest,199.5,0.0,3.8027
32,Rest,199.59999999997672,0.0,3.8027
32,Rest,199.69999999998254,0.0,3.8028
32,Rest,199.79999999998836,0.0,3.8028
32,Rest,199.89999999999418,0.0,3.8028
32,Rest,200.0,0.0,3.8028
32,Rest,200.09999999997672,0.0,3.8028
32,Rest,200.19999999998254,0.0,3.8028
32,Rest,200.29999999998836,0.0,3.8029
32,Rest,200.39999999999418,0.0,3.8029
32,Rest,200.5,0.0,3.803
32,Rest,200.59999999997672,0.0,3.8029
32,Rest,200.69999999998254,0.0,3.803
32,Rest,200.79999999998836,0.0,3.803
32,Rest,200.89999999999418,0.0,3.803
32,Rest,201.0,0.0,3.803
32,Rest,201.09999999997672,0.0,3.8031
32,Rest,201.19999999998254,0.0,3.8031
32,Rest,201.29999999998836,0.0,3.8031
32,Rest,201.39999999999418,0.0,3.8031
32,Rest,201.5,0.0,3.8032
32,Rest,201.59999999997672,0.0,3.8032
32,Rest,201.69999999998254,0.0,3.8032
32,Rest,201.79999999998836,0.0,3.8032
32,Rest,201.89999999999418,0.0,3.8033
32,Rest,202.0,0.0,3.8033
32,Rest,202.09999999997672,0.0,3.8034
32,Rest,202.19999999998254,0.0,3.8034
32,Rest,202.29999999998836,0.0,3.8034
32,Rest,202.39999999999418,0.0,3.8034
32,Rest,202.5,0.0,3.8034
32,Rest,202.59999999997672,0.0,3.8035
32,Rest,202.69999999998254,0.0,3.8035
32,Rest,202.79999999998836,0.0,3.8035
32,Rest,202.89999999999418,0.0,3.8035
32,Rest,203.0,0.0,3.8035
32,Rest,203.09999999997672,0.0,3.8036
32,Rest,203.19999999998254,0.0,3.8036
32,Rest,203.29999999998836,0.0,3.8036
32,Rest,203.39999999999418,0.0,3.8036
32,Rest,203.5,0.0,3.8037
32,Rest,203.59999999997672,0.0,3.8037
32,Rest,203.69999999998254,0.0,3.8037
32,Rest,203.79999999998836,0.0,3.8037
32,Rest,203.89999999999418,0.0,3.8038
32,Rest,204.0,0.0,3.8038
32,Rest,204.09999999997672,0.0,3.8038
32,Rest,204.19999999998254,0.0,3.8038
32,Rest,204.29999999998836,0.0,3.8038
32,Rest,204.39999999999418,0.0,3.8038
32,Rest,204.5,0.0,3.8039
32,Rest,204.59999999997672,0.0,3.8039
32,Rest,204.69999999998254,0.0,3.8039
32,Rest,204.79999999998836,0.0,3.804
32,Rest,204.89999999999418,0.0,3.804
32,Rest,205.0,0.0,3.804
32,Rest,205.09999999997672,0.0,3.8041
32,Rest,205.19999999998254,0.0,3.8041
32,Rest,205.29999999998836,0.0,3.8041
32,Rest,205.39999999999418,0.0,3.8041
32,Rest,205.5,0.0,3.8041
32,Rest,205.59999999997672,0.0,3.8041
32,Rest,205.69999999998254,0.0,3.8042
32,Rest,205.79999999998836,0.0,3.8043
32,Rest,205.89999999999418,0.0,3.8042
32,Rest,206.0,0.0,3.8042
32,Rest,206.09999999997672,0.0,3.8042
32,Rest,206.19999999998254,0.0,3.8043
32,Rest,206.29999999998836,0.0,3.8043
32,Rest,206.39999999999418,0.0,3.8043
32,Rest,206.5,0.0,3.8043
32,Rest,206.59999999997672,0.0,3.8043
32,Rest,206.69999999998254,0.0,3.8043
32,Rest,206.79999999998836,0.0,3.8044
32,Rest,206.89999999999418,0.0,3.8044
32,Rest,207.0,0.0,3.8045
32,Rest,207.09999999997672,0.0,3.8045
32,Rest,207.19999999998254,0.0,3.8045
32,Rest,207.29999999998836,0.0,3.8045
32,Rest,207.39999999999418,0.0,3.8045
32,Rest,207.5,0.0,3.8046
32,Rest,207.59999999997672,0.0,3.8046
32,Rest,207.69999999998254,0.0,3.8046
32,Rest,207.79999999998836,0.0,3.8047
32,Rest,207.89999999999418,0.0,3.8046
32,Rest,208.0,0.0,3.8046
32,Rest,208.09999999997672,0.0,3.8047
32,Rest,208.19999999998254,0.0,3.8047
32,Rest,208.29999999998836,0.0,3.8047
32,Rest,208.39999999999418,0.0,3.8047
32,Rest,208.5,0.0,3.8048
32,Rest,208.59999999997672,0.0,3.8048
32,Rest,208.69999999998254,0.0,3.8048
32,Rest,208.79999999998836,0.0,3.8049
32,Rest,208.89999999999418,0.0,3.8048
32,Rest,209.0,0.0,3.8048
32,Rest,209.09999999997672,0.0,3.8049
32,Rest,209.19999999998254,0.0,3.8049
32,Rest,209.29999999998836,0.0,3.8049
32,Rest,209.39999999999418,0.0,3.805
32,Rest,209.5,0.0,3.805
32,Rest,209.59999999997672,0.0,3.805
32,Rest,209.69999999998254,0.0,3.805
32,Rest,209.79999999998836,0.0,3.8051
32,Rest,209.89999999999418,0.0,3.8051
32,Rest,210.0,0.0,3.805
32,Rest,210.09999999997672,0.0,3.8051
32,Rest,210.19999999998254,0.0,3.8051
32,Rest,210.29999999998836,0.0,3.8051
32,Rest,210.39999999999418,0.0,3.8051
32,Rest,210.5,0.0,3.8051
32,Rest,210.59999999997672,0.0,3.8052
32,Rest,210.69999999998254,0.0,3.8052
32,Rest,210.79999999998836,0.0,3.8052
32,Rest,210.89999999999418,0.0,3.8052
32,Rest,211.0,0.0,3.8053
32,Rest,211.09999999997672,0.0,3.8052
32,Rest,211.19999999998254,0.0,3.8053
32,Rest,211.29999999998836,0.0,3.8053
32,Rest,211.39999999999418,0.0,3.8053
32,Rest,211.5,0.0,3.8053
32,Rest,211.59999999997672,0.0,3.8053
32,Rest,211.69999999998254,0.0,3.8054
32,Rest,211.79999999998836,0.0,3.8054
32,Rest,211.89999999999418,0.0,3.8054
32,Rest,212.0,0.0,3.8054
32,Rest,212.09999999997672,0.0,3.8054
32,Rest,212.19999999998254,0.0,3.8054
32,Rest,212.29999999998836,0.0,3.8055
32,Rest,212.39999999999418,0.0,3.8055
32,Rest,212.5,0.0,3.8055
32,Rest,212.59999999997672,0.0,3.8055
32,Rest,212.69999999998254,0.0,3.8055
32,Rest,212.79999999998836,0.0,3.8056
32,Rest,212.89999999999418,0.0,3.8056
32,Rest,213.0,0.0,3.8056
32,Rest,213.09999999997672,0.0,3.8057
32,Rest,213.19999999998254,0.0,3.8057
32,Rest,213.29999999998836,0.0,3.8057
32,Rest,213.39999999999418,0.0,3.8057
32,Rest,213.5,0.0,3.8057
32,Rest,213.59999999997672,0.0,3.8057
32,Rest,213.69999999998254,0.0,3.8057
32,Rest,213.79999999998836,0.0,3.8057
32,Rest,213.89999999999418,0.0,3.8058
32,Rest,214.0,0.0,3.8058
32,Rest,214.09999999997672,0.0,3.8058
32,Rest,214.19999999998254,0.0,3.8058
32,Rest,214.29999999998836,0.0,3.8058
32,Rest,214.39999999999418,0.0,3.8059
32,Rest,214.5,0.0,3.8059
32,Rest,214.59999999997672,0.0,3.8059
32,Rest,214.69999999998254,0.0,3.806
32,Rest,214.79999999998836,0.0,3.806
32,Rest,214.89999999999418,0.0,3.806
32,Rest,215.0,0.0,3.806
32,Rest,215.09999999997672,0.0,3.806
32,Rest,215.19999999998254,0.0,3.806
32,Rest,215.29999999998836,0.0,3.806
32,Rest,215.39999999999418,0.0,3.806
32,Rest,215.5,0.0,3.8061
32,Rest,215.59999999997672,0.0,3.8061
32,Rest,215.69999999998254,0.0,3.8061
32,Rest,215.79999999998836,0.0,3.8061
32,Rest,215.89999999999418,0.0,3.8062
32,Rest,216.0,0.0,3.8062
32,Rest,216.09999999997672,0.0,3.8062
32,Rest,216.19999999998254,0.0,3.8062
32,Rest,216.29999999998836,0.0,3.8063
32,Rest,216.39999999999418,0.0,3.8063
32,Rest,216.5,0.0,3.8063
32,Rest,216.59999999997672,0.0,3.8063
32,Rest,216.69999999998254,0.0,3.8063
32,Rest,216.79999999998836,0.0,3.8063
32,Rest,216.89999999999418,0.0,3.8064
32,Rest,217.0,0.0,3.8064
32,Rest,217.09999999997672,0.0,3.8064
32,Rest,217.19999999998254,0.0,3.8064
32,Rest,217.29999999998836,0.0,3.8064
32,Rest,217.39999999999418,0.0,3.8065
32,Rest,217.5,0.0,3.8065
32,Rest,217.59999999997672,0.0,3.8065
32,Rest,217.69999999998254,0.0,3.8065
32,Rest,217.79999999998836,0.0,3.8065
32,Rest,217.89999999999418,0.0,3.8066
32,Rest,218.0,0.0,3.8065
32,Rest,218.09999999997672,0.0,3.8066
32,Rest,218.19999999998254,0.0,3.8066
32,Rest,218.29999999998836,0.0,3.8066
32,Rest,218.39999999999418,0.0,3.8066
32,Rest,218.5,0.0,3.8066
32,Rest,218.59999999997672,0.0,3.8067
32,Rest,218.69999999998254,0.0,3.8067
32,Rest,218.79999999998836,0.0,3.8067
32,Rest,218.89999999999418,0.0,3.8067
32,Rest,219.0,0.0,3.8068
32,Rest,219.09999999997672,0.0,3.8068
32,Rest,219.19999999998254,0.0,3.8068
32,Rest,219.29999999998836,0.0,3.8068
32,Rest,219.39999999999418,0.0,3.8068
32,Rest,219.5,0.0,3.8068
32,Rest,219.59999999997672,0.0,3.8069
32,Rest,219.69999999998254,0.0,3.8069
32,Rest,219.79999999998836,0.0,3.8068
32,Rest,219.89999999999418,0.0,3.8069
32,Rest,220.0,0.0,3.8069
32,Rest,220.09999999997672,0.0,3.8069
32,Rest,220.19999999998254,0.0,3.8069
32,Rest,220.29999999998836,0.0,3.8069
32,Rest,220.39999999999418,0.0,3.807
32,Rest,220.5,0.0,3.807
32,Rest,220.59999999997672,0.0,3.807
32,Rest,220.69999999998254,0.0,3.807
32,Rest,220.79999999998836,0.0,3.807
32,Rest,220.89999999999418,0.0,3.807
32,Rest,221.0,0.0,3.8071
32,Rest,221.09999999997672,0.0,3.8071
32,Rest,221.19999999998254,0.0,3.8071
32,Rest,221.29999999998836,0.0,3.8071
32,Rest,221.39999999999418,0.0,3.8071
32,Rest,221.5,0.0,3.8071
32,Rest,221.59999999997672,0.0,3.8071
32,Rest,221.69999999998254,0.0,3.8071
32,Rest,221.79999999998836,0.0,3.8072
32,Rest,221.89999999999418,0.0,3.8072
32,Rest,222.0,0.0,3.8072
32,Rest,222.09999999997672,0.0,3.8072
32,Rest,222.19999999998254,0.0,3.8072
32,Rest,222.29999999998836,0.0,3.8072
32,Rest,222.39999999999418,0.0,3.8072
32,Rest,222.5,0.0,3.8073
32,Rest,222.59999999997672,0.0,3.8073
32,Rest,222.69999999998254,0.0,3.8073
32,Rest,222.79999999998836,0.0,3.8073
32,Rest,222.89999999999418,0.0,3.8073
32,Rest,223.0,0.0,3.8073
32,Rest,223.09999999997672,0.0,3.8073
32,Rest,223.19999999998254,0.0,3.8073
32,Rest,223.29999999998836,0.0,3.8074
32,Rest,223.39999999999418,0.0,3.8074
32,Rest,223.5,0.0,3.8074
32,Rest,223.59999999997672,0.0,3.8074
32,Rest,223.69999999998254,0.0,3.8075
32,Rest,223.79999999998836,0.0,3.8075
32,Rest,223.89999999999418,0.0,3.8075
32,Rest,224.0,0.0,3.8075
32,Rest,224.09999999997672,0.0,3.8075
32,Rest,224.19999999998254,0.0,3.8075
32,Rest,224.29999999998836,0.0,3.8075
32,Rest,224.39999999999418,0.0,3.8075
32,Rest,224.5,0.0,3.8075
32,Rest,224.59999999997672,0.0,3.8076
32,Rest,224.69999999998254,0.0,3.8076
32,Rest,224.79999999998836,0.0,3.8076
32,Rest,224.89999999999418,0.0,3.8076
32,Rest,225.0,0.0,3.8076
32,Rest,225.09999999997672,0.0,3.8076
32,Rest,225.19999999998254,0.0,3.8076
32,Rest,225.29999999998836,0.0,3.8077
32,Rest,225.39999999999418,0.0,3.8077
32,Rest,225.5,0.0,3.8077
32,Rest,225.59999999997672,0.0,3.8077
32,Rest,225.69999999998254,0.0,3.8077
32,Rest,225.79999999998836,0.0,3.8077
32,Rest,225.89999999999418,0.0,3.8077
32,Rest,226.0,0.0,3.8077
32,Rest,226.09999999997672,0.0,3.8078
32,Rest,226.19999999998254,0.0,3.8077
32,Rest,226.29999999998836,0.0,3.8077
32,Rest,226.39999999999418,0.0,3.8078
32,Rest,226.5,0.0,3.8078
32,Rest,226.59999999997672,0.0,3.8078
32,Rest,226.69999999998254,0.0,3.8078
32,Rest,226.79999999998836,0.0,3.8078
32,Rest,226.89999999999418,0.0,3.8079
32,Rest,227.0,0.0,3.8079
32,Rest,227.09999999997672,0.0,3.8079
32,Rest,227.19999999998254,0.0,3.8079
32,Rest,227.29999999998836,0.0,3.8079
32,Rest,227.39999999999418,0.0,3.8079
32,Rest,227.5,0.0,3.8079
32,Rest,227.59999999997672,0.0,3.808
32,Rest,227.69999999998254,0.0,3.808
32,Rest,227.79999999998836,0.0,3.808
32,Rest,227.89999999999418,0.0,3.808
32,Rest,228.0,0.0,3.808
32,Rest,228.09999999997672,0.0,3.808
32,Rest,228.19999999998254,0.0,3.808
32,Rest,228.29999999998836,0.0,3.808
32,Rest,228.39999999999418,0.0,3.8081
32,Rest,228.5,0.0,3.8081
32,Rest,228.59999999997672,0.0,3.8081
32,Rest,228.69999999998254,0.0,3.8081
32,Rest,228.79999999998836,0.0,3.8081
32,Rest,228.89999999999418,0.0,3.8081
32,Rest,229.0,0.0,3.8081
32,Rest,229.09999999997672,0.0,3.8082
32,Rest,229.19999999998254,0.0,3.8081
32,Rest,229.29999999998836,0.0,3.8082
32,Rest,229.39999999999418,0.0,3.8082
32,Rest,229.5,0.0,3.8082
32,Rest,229.59999999997672,0.0,3.8082
32,Rest,229.69999999998254,0.0,3.8082
32,Rest,229.79999999998836,0.0,3.8082
32,Rest,229.89999999999418,0.0,3.8082
32,Rest,230.0,0.0,3.8083
32,Rest,230.09999999997672,0.0,3.8082
32,Rest,230.19999999998254,0.0,3.8083
32,Rest,230.29999999998836,0.0,3.8083
32,Rest,230.39999999999418,0.0,3.8083
32,Rest,230.5,0.0,3.8083
32,Rest,230.59999999997672,0.0,3.8083
32,Rest,230.69999999998254,0.0,3.8083
32,Rest,230.79999999998836,0.0,3.8083
32,Rest,230.89999999999418,0.0,3.8084
32,Rest,231.0,0.0,3.8084
32,Rest,231.09999999997672,0.0,3.8084
32,Rest,231.19999999998254,0.0,3.8084
32,Rest,231.29999999998836,0.0,3.8084
32,Rest,231.39999999999418,0.0,3.8084
32,Rest,231.5,0.0,3.8085
32,Rest,231.59999999997672,0.0,3.8085
32,Rest,231.69999999998254,0.0,3.8085
32,Rest,231.79999999998836,0.0,3.8085
32,Rest,231.89999999999418,0.0,3.8085
32,Rest,232.0,0.0,3.8085
32,Rest,232.09999999997672,0.0,3.8085
32,Rest,232.19999999998254,0.0,3.8085
32,Rest,232.29999999998836,0.0,3.8085
32,Rest,232.39999999999418,0.0,3.8086
32,Rest,232.5,0.0,3.8086
32,Rest,232.59999999997672,0.0,3.8086
32,Rest,232.69999999998254,0.0,3.8086
32,Rest,232.79999999998836,0.0,3.8086
32,Rest,232.89999999999418,0.0,3.8087
32,Rest,233.0,0.0,3.8086
32,Rest,233.09999999997672,0.0,3.8086
32,Rest,233.19999999998254,0.0,3.8086
32,Rest,233.29999999998836,0.0,3.8087
32,Rest,233.39999999999418,0.0,3.8087
32,Rest,233.5,0.0,3.8087
32,Rest,233.59999999997672,0.0,3.8087
32,Rest,233.69999999998254,0.0,3.8087
32,Rest,233.79999999998836,0.0,3.8087
32,Rest,233.89999999999418,0.0,3.8087
32,Rest,234.0,0.0,3.8088
32,Rest,234.09999999997672,0.0,3.8088
32,Rest,234.19999999998254,0.0,3.8088
32,Rest,234.29999999998836,0.0,3.8088
32,Rest,234.39999999999418,0.0,3.8088
32,Rest,234.5,0.0,3.8089
32,Rest,234.59999999997672,0.0,3.8089
32,Rest,234.69999999998254,0.0,3.8089
32,Rest,234.79999999998836,0.0,3.8089
32,Rest,234.89999999999418,0.0,3.8089
32,Rest,235.0,0.0,3.8089
32,Rest,235.09999999997672,0.0,3.8089
32,Rest,235.19999999998254,0.0,3.8089
32,Rest,235.29999999998836,0.0,3.8089
32,Rest,235.39999999999418,0.0,3.8089
32,Rest,235.5,0.0,3.8089
32,Rest,235.59999999997672,0.0,3.809
32,Rest,235.69999999998254,0.0,3.809
32,Rest,235.79999999998836,0.0,3.809
32,Rest,235.89999999999418,0.0,3.809
32,Rest,236.0,0.0,3.809
32,Rest,236.09999999997672,0.0,3.809
32,Rest,236.19999999998254,0.0,3.809
32,Rest,236.29999999998836,0.0,3.809
32,Rest,236.39999999999418,0.0,3.8091
32,Rest,236.5,0.0,3.8091
32,Rest,236.59999999997672,0.0,3.809
32,Rest,236.69999999998254,0.0,3.8091
32,Rest,236.79999999998836,0.0,3.8091
32,Rest,236.89999999999418,0.0,3.809
32,Rest,237.0,0.0,3.8091
32,Rest,237.09999999997672,0.0,3.8091
32,Rest,237.19999999998254,0.0,3.8091
32,Rest,237.29999999998836,0.0,3.8091
32,Rest,237.39999999999418,0.0,3.8091
32,Rest,237.5,0.0,3.8091
32,Rest,237.59999999997672,0.0,3.8091
32,Rest,237.69999999998254,0.0,3.8092
32,Rest,237.79999999998836,0.0,3.8092
32,Rest,237.89999999999418,0.0,3.8092
32,Rest,238.0,0.0,3.8092
32,Rest,238.09999999997672,0.0,3.8092
32,Rest,238.19999999998254,0.0,3.8093
32,Rest,238.29999999998836,0.0,3.8092
32,Rest,238.39999999999418,0.0,3.8092
32,Rest,238.5,0.0,3.8092
32,Rest,238.59999999997672,0.0,3.8093
32,Rest,238.69999999998254,0.0,3.8093
32,Rest,238.79999999998836,0.0,3.8093
32,Rest,238.89999999999418,0.0,3.8093
32,Rest,239.0,0.0,3.8093
32,Rest,239.09999999997672,0.0,3.8093
32,Rest,239.19999999998254,0.0,3.8093
32,Rest,239.29999999998836,0.0,3.8093
32,Rest,239.39999999999418,0.0,3.8093
32,Rest,239.5,0.0,3.8093
32,Rest,239.59999999997672,0.0,3.8093
32,Rest,239.69999999998254,0.0,3.8094
32,Rest,239.79999999998836,0.0,3.8094
32,Rest,239.89999999999418,0.0,3.8094
32,Rest,240.0,0.0,3.8094
32,Rest,240.09999999997672,0.0,3.8095
32,Rest,240.19999999998254,0.0,3.8095
32,Rest,240.29999999998836,0.0,3.8095
32,Rest,240.39999999999418,0.0,3.8095
32,Rest,240.5,0.0,3.8095
32,Rest,240.59999999997672,0.0,3.8095
32,Rest,240.69999999998254,0.0,3.8095
32,Rest,240.79999999998836,0.0,3.8095
32,Rest,240.89999999999418,0.0,3.8095
32,Rest,241.0,0.0,3.8096
32,Rest,241.09999999997672,0.0,3.8095
32,Rest,241.19999999998254,0.0,3.8095
32,Rest,241.29999999998836,0.0,3.8096
32,Rest,241.39999999999418,0.0,3.8096
32,Rest,241.5,0.0,3.8096
32,Rest,241.59999999997672,0.0,3.8096
32,Rest,241.69999999998254,0.0,3.8096
32,Rest,241.79999999998836,0.0,3.8096
32,Rest,241.89999999999418,0.0,3.8096
32,Rest,242.0,0.0,3.8096
32,Rest,242.09999999997672,0.0,3.8097
32,Rest,242.19999999998254,0.0,3.8097
32,Rest,242.29999999998836,0.0,3.8097
32,Rest,242.39999999999418,0.0,3.8097
32,Rest,242.5,0.0,3.8097
32,Rest,242.59999999997672,0.0,3.8097
32,Rest,242.69999999998254,0.0,3.8097
32,Rest,242.79999999998836,0.0,3.8097
32,Rest,242.89999999999418,0.0,3.8097
32,Rest,243.0,0.0,3.8097
32,Rest,243.09999999997672,0.0,3.8097
32,Rest,243.19999999998254,0.0,3.8098
32,Rest,243.29999999998836,0.0,3.8097
32,Rest,243.39999999999418,0.0,3.8097
32,Rest,243.5,0.0,3.8098
32,Rest,243.59999999997672,0.0,3.8098
32,Rest,243.69999999998254,0.0,3.8098
32,Rest,243.79999999998836,0.0,3.8098
32,Rest,243.89999999999418,0.0,3.8098
32,Rest,244.0,0.0,3.8098
32,Rest,244.09999999997672,0.0,3.8098
32,Rest,244.19999999998254,0.0,3.8099
32,Rest,244.29999999998836,0.0,3.8099
32,Rest,244.39999999999418,0.0,3.8099
32,Rest,244.5,0.0,3.8099
32,Rest,244.59999999997672,0.0,3.8099
32,Rest,244.69999999998254,0.0,3.8099
32,Rest,244.79999999998836,0.0,3.8099
32,Rest,244.89999999999418,0.0,3.8099
32,Rest,245.0,0.0,3.8099
32,Rest,245.09999999997672,0.0,3.8099
32,Rest,245.19999999998254,0.0,3.8099
32,Rest,245.29999999998836,0.0,3.81
32,Rest,245.39999999999418,0.0,3.81
32,Rest,245.5,0.0,3.81
32,Rest,245.59999999997672,0.0,3.81
32,Rest,245.69999999998254,0.0,3.81
32,Rest,245.79999999998836,0.0,3.81
32,Rest,245.89999999999418,0.0,3.81
32,Rest,246.0,0.0,3.81
32,Rest,246.09999999997672,0.0,3.81
32,Rest,246.19999999998254,0.0,3.81
32,Rest,246.29999999998836,0.0,3.81
32,Rest,246.39999999999418,0.0,3.81
32,Rest,246.5,0.0,3.81
32,Rest,246.59999999997672,0.0,3.8101
32,Rest,246.69999999998254,0.0,3.8101
32,Rest,246.79999999998836,0.0,3.8101
32,Rest,246.89999999999418,0.0,3.8101
32,Rest,247.0,0.0,3.8101
32,Rest,247.09999999997672,0.0,3.8101
32,Rest,247.19999999998254,0.0,3.8101
32,Rest,247.29999999998836,0.0,3.8101
32,Rest,247.39999999999418,0.0,3.8101
32,Rest,247.5,0.0,3.8101
32,Rest,247.59999999997672,0.0,3.8101
32,Rest,247.69999999998254,0.0,3.8101
32,Rest,247.79999999998836,0.0,3.8102
32,Rest,247.89999999999418,0.0,3.8102
32,Rest,248.0,0.0,3.8102
32,Rest,248.09999999997672,0.0,3.8101
32,Rest,248.19999999998254,0.0,3.8102
32,Rest,248.29999999998836,0.0,3.8102
32,Rest,248.39999999999418,0.0,3.8102
32,Rest,248.5,0.0,3.8102
32,Rest,248.59999999997672,0.0,3.8102
32,Rest,248.69999999998254,0.0,3.8102
32,Rest,248.79999999998836,0.0,3.8102
32,Rest,248.89999999999418,0.0,3.8102
32,Rest,249.0,0.0,3.8102
32,Rest,249.09999999997672,0.0,3.8102
32,Rest,249.19999999998254,0.0,3.8103
32,Rest,249.29999999998836,0.0,3.8103
32,Rest,249.39999999999418,0.0,3.8103
32,Rest,249.5,0.0,3.8103
32,Rest,249.59999999997672,0.0,3.8103
32,Rest,249.69999999998254,0.0,3.8103
32,Rest,249.79999999998836,0.0,3.8103
32,Rest,249.89999999999418,0.0,3.8103
32,Rest,250.0,0.0,3.8103
32,Rest,250.09999999997672,0.0,3.8103
32,Rest,250.19999999998254,0.0,3.8103
32,Rest,250.29999999998836,0.0,3.8103
32,Rest,250.39999999999418,0.0,3.8103
32,Rest,250.5,0.0,3.8103
32,Rest,250.59999999997672,0.0,3.8104
32,Rest,250.69999999998254,0.0,3.8104
32,Rest,250.79999999998836,0.0,3.8104
32,Rest,250.89999999999418,0.0,3.8104
32,Rest,251.0,0.0,3.8104
32,Rest,251.09999999997672,0.0,3.8104
32,Rest,251.19999999998254,0.0,3.8104
32,Rest,251.29999999998836,0.0,3.8104
32,Rest,251.39999999999418,0.0,3.8104
32,Rest,251.5,0.0,3.8104
32,Rest,251.59999999997672,0.0,3.8104
32,Rest,251.69999999998254,0.0,3.8104
32,Rest,251.79999999998836,0.0,3.8104
32,Rest,251.89999999999418,0.0,3.8104
32,Rest,252.0,0.0,3.8105
32,Rest,252.09999999997672,0.0,3.8105
32,Rest,252.19999999998254,0.0,3.8105
32,Rest,252.29999999998836,0.0,3.8104
32,Rest,252.39999999999418,0.0,3.8105
32,Rest,252.5,0.0,3.8105
32,Rest,252.59999999997672,0.0,3.8105
32,Rest,252.69999999998254,0.0,3.8106
32,Rest,252.79999999998836,0.0,3.8106
32,Rest,252.89999999999418,0.0,3.8106
32,Rest,253.0,0.0,3.8106
32,Rest,253.09999999997672,0.0,3.8105
32,Rest,253.19999999998254,0.0,3.8106
32,Rest,253.29999999998836,0.0,3.8106
32,Rest,253.39999999999418,0.0,3.8106
32,Rest,253.5,0.0,3.8106
32,Rest,253.59999999997672,0.0,3.8106
32,Rest,253.69999999998254,0.0,3.8106
32,Rest,253.79999999998836,0.0,3.8106
32,Rest,253.89999999999418,0.0,3.8106
32,Rest,254.0,0.0,3.8106
32,Rest,254.09999999997672,0.0,3.8106
32,Rest,254.19999999998254,0.0,3.8106
32,Rest,254.29999999998836,0.0,3.8107
32,Rest,254.39999999999418,0.0,3.8106
32,Rest,254.5,0.0,3.8106
32,Rest,254.59999999997672,0.0,3.8106
32,Rest,254.69999999998254,0.0,3.8106
32,Rest,254.79999999998836,0.0,3.8107
32,Rest,254.89999999999418,0.0,3.8107
32,Rest,255.0,0.0,3.8107
32,Rest,255.09999999997672,0.0,3.8107
32,Rest,255.19999999998254,0.0,3.8107
32,Rest,255.29999999998836,0.0,3.8107
32,Rest,255.39999999999418,0.0,3.8108
32,Rest,255.5,0.0,3.8107
32,Rest,255.59999999997672,0.0,3.8107
32,Rest,255.69999999998254,0.0,3.8108
32,Rest,255.79999999998836,0.0,3.8107
32,Rest,255.89999999999418,0.0,3.8108
32,Rest,256.0,0.0,3.8108
32,Rest,256.0999999999767,0.0,3.8108
32,Rest,256.19999999998254,0.0,3.8108
32,Rest,256.29999999998836,0.0,3.8108
32,Rest,256.3999999999942,0.0,3.8108
32,Rest,256.5,0.0,3.8108
32,Rest,256.5999999999767,0.0,3.8108
32,Rest,256.69999999998254,0.0,3.8108
32,Rest,256.79999999998836,0.0,3.8108
32,Rest,256.8999999999942,0.0,3.8109
32,Rest,257.0,0.0,3.8109
32,Rest,257.0999999999767,0.0,3.8109
32,Rest,257.19999999998254,0.0,3.8109
32,Rest,257.29999999998836,0.0,3.8109
32,Rest,257.3999999999942,0.0,3.8109
32,Rest,257.5,0.0,3.8109
32,Rest,257.5999999999767,0.0,3.8109
32,Rest,257.69999999998254,0.0,3.8109
32,Rest,257.79999999998836,0.0,3.8109
32,Rest,257.8999999999942,0.0,3.8109
32,Rest,258.0,0.0,3.8109
32,Rest,258.0999999999767,0.0,3.8109
32,Rest,258.19999999998254,0.0,3.811
32,Rest,258.29999999998836,0.0,3.811
32,Rest,258.3999999999942,0.0,3.8109
32,Rest,258.5,0.0,3.8109
32,Rest,258.5999999999767,0.0,3.8109
32,Rest,258.69999999998254,0.0,3.8109
32,Rest,258.79999999998836,0.0,3.8109
32,Rest,258.8999999999942,0.0,3.811
32,Rest,259.0,0.0,3.811
32,Rest,259.0999999999767,0.0,3.811
32,Rest,259.19999999998254,0.0,3.811
32,Rest,259.29999999998836,0.0,3.811
32,Rest,259.3999999999942,0.0,3.811
32,Rest,259.5,0.0,3.811
32,Rest,259.5999999999767,0.0,3.811
32,Rest,259.69999999998254,0.0,3.8111
32,Rest,259.79999999998836,0.0,3.8111
32,Rest,259.8999999999942,0.0,3.8111
32,Rest,260.0,0.0,3.8111
32,Rest,260.0999999999767,0.0,3.8111
32,Rest,260.19999999998254,0.0,3.8111
32,Rest,260.29999999998836,0.0,3.8111
32,Rest,260.3999999999942,0.0,3.8111
32,Rest,260.5,0.0,3.8111
32,Rest,260.5999999999767,0.0,3.8111
32,Rest,260.69999999998254,0.0,3.8111
32,Rest,260.79999999998836,0.0,3.8111
32,Rest,260.8999999999942,0.0,3.8112
32,Rest,261.0,0.0,3.8111
32,Rest,261.0999999999767,0.0,3.8112
32,Rest,261.19999999998254,0.0,3.8112
32,Rest,261.29999999998836,0.0,3.8112
32,Rest,261.3999999999942,0.0,3.8112
32,Rest,261.5,0.0,3.8112
32,Rest,261.5999999999767,0.0,3.8112
32,Rest,261.69999999998254,0.0,3.8112
32,Rest,261.79999999998836,0.0,3.8112
32,Rest,261.8999999999942,0.0,3.8112
32,Rest,262.0,0.0,3.8112
32,Rest,262.0999999999767,0.0,3.8113
32,Rest,262.19999999998254,0.0,3.8113
32,Rest,262.29999999998836,0.0,3.8113
32,Rest,262.3999999999942,0.0,3.8113
32,Rest,262.5,0.0,3.8113
32,Rest,262.5999999999767,0.0,3.8113
32,Rest,262.69999999998254,0.0,3.8113
32,Rest,262.79999999998836,0.0,3.8113
32,Rest,262.8999999999942,0.0,3.8113
32,Rest,263.0,0.0,3.8113
32,Rest,263.0999999999767,0.0,3.8113
32,Rest,263.19999999998254,0.0,3.8113
32,Rest,263.29999999998836,0.0,3.8113
32,Rest,263.3999999999942,0.0,3.8113
32,Rest,263.5,0.0,3.8114
32,Rest,263.5999999999767,0.0,3.8114
32,Rest,263.69999999998254,0.0,3.8114
32,Rest,263.79999999998836,0.0,3.8114
32,Rest,263.8999999999942,0.0,3.8114
32,Rest,264.0,0.0,3.8114
32,Rest,264.0999999999767,0.0,3.8114
32,Rest,264.19999999998254,0.0,3.8114
32,Rest,264.29999999998836,0.0,3.8114
32,Rest,264.3999999999942,0.0,3.8114
32,Rest,264.5,0.0,3.8115
32,Rest,264.5999999999767,0.0,3.8115
32,Rest,264.69999999998254,0.0,3.8115
32,Rest,264.79999999998836,0.0,3.8115
32,Rest,264.8999999999942,0.0,3.8115
32,Rest,265.0,0.0,3.8114
32,Rest,265.0999999999767,0.0,3.8115
32,Rest,265.19999999998254,0.0,3.8115
32,Rest,265.29999999998836,0.0,3.8115
32,Rest,265.3999999999942,0.0,3.8115
32,Rest,265.5,0.0,3.8115
32,Rest,265.5999999999767,0.0,3.8115
32,Rest,265.69999999998254,0.0,3.8115
32,Rest,265.79999999998836,0.0,3.8115
32,Rest,265.8999999999942,0.0,3.8115
32,Rest,266.0,0.0,3.8115
32,Rest,266.0999999999767,0.0,3.8115
32,Rest,266.19999999998254,0.0,3.8116
32,Rest,266.29999999998836,0.0,3.8115
32,Rest,266.3999999999942,0.0,3.8116
32,Rest,266.5,0.0,3.8116
32,Rest,266.5999999999767,0.0,3.8116
32,Rest,266.69999999998254,0.0,3.8115
32,Rest,266.79999999998836,0.0,3.8116
32,Rest,266.8999999999942,0.0,3.8116
32,Rest,267.0,0.0,3.8116
32,Rest,267.0999999999767,0.0,3.8116
32,Rest,267.19999999998254,0.0,3.8116
32,Rest,267.29999999998836,0.0,3.8116
32,Rest,267.3999999999942,0.0,3.8116
32,Rest,267.5,0.0,3.8116
32,Rest,267.5999999999767,0.0,3.8116
32,Rest,267.69999999998254,0.0,3.8117
32,Rest,267.79999999998836,0.0,3.8117
32,Rest,267.8999999999942,0.0,3.8116
32,Rest,268.0,0.0,3.8117
32,Rest,268.0999999999767,0.0,3.8117
32,Rest,268.19999999998254,0.0,3.8117
32,Rest,268.29999999998836,0.0,3.8117
32,Rest,268.3999999999942,0.0,3.8117
32,Rest,268.5,0.0,3.8117
32,Rest,268.5999999999767,0.0,3.8117
32,Rest,268.69999999998254,0.0,3.8117
32,Rest,268.79999999998836,0.0,3.8117
32,Rest,268.8999999999942,0.0,3.8117
32,Rest,269.0,0.0,3.8117
32,Rest,269.0999999999767,0.0,3.8117
32,Rest,269.19999999998254,0.0,3.8118
32,Rest,269.29999999998836,0.0,3.8118
32,Rest,269.3999999999942,0.0,3.8118
32,Rest,269.5,0.0,3.8118
32,Rest,269.5999999999767,0.0,3.8118
32,Rest,269.69999999998254,0.0,3.8118
32,Rest,269.79999999998836,0.0,3.8118
32,Rest,269.8999999999942,0.0,3.8118
32,Rest,270.0,0.0,3.8118
32,Rest,270.0999999999767,0.0,3.8118
32,Rest,270.19999999998254,0.0,3.8118
32,Rest,270.29999999998836,0.0,3.8118
32,Rest,270.3999999999942,0.0,3.8118
32,Rest,270.5,0.0,3.8118
32,Rest,270.5999999999767,0.0,3.8118
32,Rest,270.69999999998254,0.0,3.8118
32,Rest,270.79999999998836,0.0,3.8118
32,Rest,270.8999999999942,0.0,3.8118
32,Rest,271.0,0.0,3.8118
32,Rest,271.0999999999767,0.0,3.8118
32,Rest,271.19999999998254,0.0,3.8118
32,Rest,271.29999999998836,0.0,3.8119
32,Rest,271.3999999999942,0.0,3.8119
32,Rest,271.5,0.0,3.8119
32,Rest,271.5999999999767,0.0,3.8119
32,Rest,271.69999999998254,0.0,3.8119
32,Rest,271.79999999998836,0.0,3.8119
32,Rest,271.8999999999942,0.0,3.8119
32,Rest,272.0,0.0,3.8119
32,Rest,272.0999999999767,0.0,3.8119
32,Rest,272.19999999998254,0.0,3.8119
32,Rest,272.29999999998836,0.0,3.8119
32,Rest,272.3999999999942,0.0,3.8119
32,Rest,272.5,0.0,3.8119
32,Rest,272.5999999999767,0.0,3.8119
32,Rest,272.69999999998254,0.0,3.8119
32,Rest,272.79999999998836,0.0,3.8119
32,Rest,272.8999999999942,0.0,3.812
32,Rest,273.0,0.0,3.812
32,Rest,273.0999999999767,0.0,3.812
32,Rest,273.19999999998254,0.0,3.812
32,Rest,273.29999999998836,0.0,3.812
32,Rest,273.3999999999942,0.0,3.812
32,Rest,273.5,0.0,3.812
32,Rest,273.5999999999767,0.0,3.812
32,Rest,273.69999999998254,0.0,3.812
32,Rest,273.79999999998836,0.0,3.812
32,Rest,273.8999999999942,0.0,3.812
32,Rest,274.0,0.0,3.8121
32,Rest,274.0999999999767,0.0,3.812
32,Rest,274.19999999998254,0.0,3.812
32,Rest,274.29999999998836,0.0,3.812
32,Rest,274.3999999999942,0.0,3.812
32,Rest,274.5,0.0,3.812
32,Rest,274.5999999999767,0.0,3.812
32,Rest,274.69999999998254,0.0,3.8121
32,Rest,274.79999999998836,0.0,3.8121
32,Rest,274.8999999999942,0.0,3.8121
32,Rest,275.0,0.0,3.8121
32,Rest,275.0999999999767,0.0,3.8121
32,Rest,275.19999999998254,0.0,3.8121
32,Rest,275.29999999998836,0.0,3.8121
32,Rest,275.3999999999942,0.0,3.8121
32,Rest,275.5,0.0,3.8121
32,Rest,275.5999999999767,0.0,3.8121
32,Rest,275.69999999998254,0.0,3.8121
32,Rest,275.79999999998836,0.0,3.8121
32,Rest,275.8999999999942,0.0,3.8121
32,Rest,276.0,0.0,3.8121
32,Rest,276.0999999999767,0.0,3.8122
32,Rest,276.19999999998254,0.0,3.8122
32,Rest,276.29999999998836,0.0,3.8122
32,Rest,276.3999999999942,0.0,3.8122
32,Rest,276.5,0.0,3.8122
32,Rest,276.5999999999767,0.0,3.8122
32,Rest,276.69999999998254,0.0,3.8122
32,Rest,276.79999999998836,0.0,3.8122
32,Rest,276.8999999999942,0.0,3.8122
32,Rest,277.0,0.0,3.8122
32,Rest,277.0999999999767,0.0,3.8122
32,Rest,277.19999999998254,0.0,3.8122
32,Rest,277.29999999998836,0.0,3.8122
32,Rest,277.3999999999942,0.0,3.8122
32,Rest,277.5,0.0,3.8122
32,Rest,277.5999999999767,0.0,3.8122
32,Rest,277.69999999998254,0.0,3.8122
32,Rest,277.79999999998836,0.0,3.8123
32,Rest,277.8999999999942,0.0,3.8123
32,Rest,278.0,0.0,3.8123
32,Rest,278.0999999999767,0.0,3.8123
32,Rest,278.19999999998254,0.0,3.8123
32,Rest,278.29999999998836,0.0,3.8123
32,Rest,278.3999999999942,0.0,3.8123
32,Rest,278.5,0.0,3.8123
32,Rest,278.5999999999767,0.0,3.8123
32,Rest,278.69999999998254,0.0,3.8123
32,Rest,278.79999999998836,0.0,3.8123
32,Rest,278.8999999999942,0.0,3.8123
32,Rest,279.0,0.0,3.8123
32,Rest,279.0999999999767,0.0,3.8123
32,Rest,279.19999999998254,0.0,3.8124
32,Rest,279.29999999998836,0.0,3.8124
32,Rest,279.3999999999942,0.0,3.8124
32,Rest,279.5,0.0,3.8124
32,Rest,279.5999999999767,0.0,3.8124
32,Rest,279.69999999998254,0.0,3.8124
32,Rest,279.79999999998836,0.0,3.8124
32,Rest,279.8999999999942,0.0,3.8123
32,Rest,280.0,0.0,3.8124
32,Rest,280.0999999999767,0.0,3.8124
32,Rest,280.19999999998254,0.0,3.8124
32,Rest,280.29999999998836,0.0,3.8124
32,Rest,280.3999999999942,0.0,3.8124
32,Rest,280.5,0.0,3.8124
32,Rest,280.5999999999767,0.0,3.8124
32,Rest,280.69999999998254,0.0,3.8124
32,Rest,280.79999999998836,0.0,3.8124
32,Rest,280.8999999999942,0.0,3.8125
32,Rest,281.0,0.0,3.8124
32,Rest,281.0999999999767,0.0,3.8124
32,Rest,281.19999999998254,0.0,3.8125
32,Rest,281.29999999998836,0.0,3.8125
32,Rest,281.3999999999942,0.0,3.8125
32,Rest,281.5,0.0,3.8125
32,Rest,281.5999999999767,0.0,3.8125
32,Rest,281.69999999998254,0.0,3.8125
32,Rest,281.79999999998836,0.0,3.8125
32,Rest,281.8999999999942,0.0,3.8125
32,Rest,282.0,0.0,3.8125
32,Rest,282.0999999999767,0.0,3.8125
32,Rest,282.19999999998254,0.0,3.8125
32,Rest,282.29999999998836,0.0,3.8125
32,Rest,282.3999999999942,0.0,3.8126
32,Rest,282.5,0.0,3.8126
32,Rest,282.5999999999767,0.0,3.8126
32,Rest,282.69999999998254,0.0,3.8126
32,Rest,282.79999999998836,0.0,3.8126
32,Rest,282.8999999999942,0.0,3.8126
32,Rest,283.0,0.0,3.8125
32,Rest,283.0999999999767,0.0,3.8126
32,Rest,283.19999999998254,0.0,3.8126
32,Rest,283.29999999998836,0.0,3.8126
32,Rest,283.3999999999942,0.0,3.8126
32,Rest,283.5,0.0,3.8126
32,Rest,283.5999999999767,0.0,3.8126
32,Rest,283.69999999998254,0.0,3.8126
32,Rest,283.79999999998836,0.0,3.8126
32,Rest,283.8999999999942,0.0,3.8126
32,Rest,284.0,0.0,3.8126
32,Rest,284.0999999999767,0.0,3.8126
32,Rest,284.19999999998254,0.0,3.8126
32,Rest,284.29999999998836,0.0,3.8126
32,Rest,284.3999999999942,0.0,3.8126
32,Rest,284.5,0.0,3.8126
32,Rest,284.5999999999767,0.0,3.8126
32,Rest,284.69999999998254,0.0,3.8126
32,Rest,284.79999999998836,0.0,3.8126
32,Rest,284.8999999999942,0.0,3.8126
32,Rest,285.0,0.0,3.8126
32,Rest,285.0999999999767,0.0,3.8126
32,Rest,285.19999999998254,0.0,3.8126
32,Rest,285.29999999998836,0.0,3.8127
32,Rest,285.3999999999942,0.0,3.8127
32,Rest,285.5,0.0,3.8127
32,Rest,285.5999999999767,0.0,3.8126
32,Rest,285.69999999998254,0.0,3.8126
32,Rest,285.79999999998836,0.0,3.8127
32,Rest,285.8999999999942,0.0,3.8127
32,Rest,286.0,0.0,3.8127
32,Rest,286.0999999999767,0.0,3.8127
32,Rest,286.19999999998254,0.0,3.8127
32,Rest,286.29999999998836,0.0,3.8127
32,Rest,286.3999999999942,0.0,3.8127
32,Rest,286.5,0.0,3.8127
32,Rest,286.5999999999767,0.0,3.8127
32,Rest,286.69999999998254,0.0,3.8127
32,Rest,286.79999999998836,0.0,3.8128
32,Rest,286.8999999999942,0.0,3.8128
32,Rest,287.0,0.0,3.8127
32,Rest,287.0999999999767,0.0,3.8128
32,Rest,287.19999999998254,0.0,3.8127
32,Rest,287.29999999998836,0.0,3.8128
32,Rest,287.3999999999942,0.0,3.8128
32,Rest,287.5,0.0,3.8128
32,Rest,287.5999999999767,0.0,3.8128
32,Rest,287.69999999998254,0.0,3.8128
32,Rest,287.79999999998836,0.0,3.8128
32,Rest,287.8999999999942,0.0,3.8128
32,Rest,288.0,0.0,3.8128
32,Rest,288.0999999999767,0.0,3.8128
32,Rest,288.19999999998254,0.0,3.8128
32,Rest,288.29999999998836,0.0,3.8128
32,Rest,288.3999999999942,0.0,3.8128
32,Rest,288.5,0.0,3.8128
32,Rest,288.5999999999767,0.0,3.8128
32,Rest,288.69999999998254,0.0,3.8128
32,Rest,288.79999999998836,0.0,3.8128
32,Rest,288.8999999999942,0.0,3.8128
32,Rest,289.0,0.0,3.8128
32,Rest,289.0999999999767,0.0,3.8128
32,Rest,289.19999999998254,0.0,3.8128
32,Rest,289.29999999998836,0.0,3.8128
32,Rest,289.3999999999942,0.0,3.8129
32,Rest,289.5,0.0,3.8129
32,Rest,289.5999999999767,0.0,3.8129
32,Rest,289.69999999998254,0.0,3.8129
32,Rest,289.79999999998836,0.0,3.8129
32,Rest,289.8999999999942,0.0,3.8129
32,Rest,290.0,0.0,3.8129
32,Rest,290.0999999999767,0.0,3.8129
32,Rest,290.19999999998254,0.0,3.8129
32,Rest,290.29999999998836,0.0,3.8129
32,Rest,290.3999999999942,0.0,3.8129
32,Rest,290.5,0.0,3.8129
32,Rest,290.5999999999767,0.0,3.8129
32,Rest,290.69999999998254,0.0,3.8129
32,Rest,290.79999999998836,0.0,3.8129
32,Rest,290.8999999999942,0.0,3.8129
32,Rest,291.0,0.0,3.8129
32,Rest,291.0999999999767,0.0,3.813
32,Rest,291.19999999998254,0.0,3.813
32,Rest,291.29999999998836,0.0,3.813
32,Rest,291.3999999999942,0.0,3.813
32,Rest,291.5,0.0,3.813
32,Rest,291.5999999999767,0.0,3.813
32,Rest,291.69999999998254,0.0,3.813
32,Rest,291.79999999998836,0.0,3.813
32,Rest,291.8999999999942,0.0,3.813
32,Rest,292.0,0.0,3.8129
32,Rest,292.0999999999767,0.0,3.813
32,Rest,292.19999999998254,0.0,3.813
32,Rest,292.29999999998836,0.0,3.813
32,Rest,292.3999999999942,0.0,3.813
32,Rest,292.5,0.0,3.813
32,Rest,292.5999999999767,0.0,3.813
32,Rest,292.69999999998254,0.0,3.813
32,Rest,292.79999999998836,0.0,3.813
32,Rest,292.8999999999942,0.0,3.813
32,Rest,293.0,0.0,3.813
32,Rest,293.0999999999767,0.0,3.813
32,Rest,293.19999999998254,0.0,3.813
32,Rest,293.29999999998836,0.0,3.813
32,Rest,293.3999999999942,0.0,3.813
32,Rest,293.5,0.0,3.813
32,Rest,293.5999999999767,0.0,3.813
32,Rest,293.69999999998254,0.0,3.8131
32,Rest,293.79999999998836,0.0,3.8131
32,Rest,293.8999999999942,0.0,3.8131
32,Rest,294.0,0.0,3.8131
32,Rest,294.0999999999767,0.0,3.8131
32,Rest,294.19999999998254,0.0,3.8131
32,Rest,294.29999999998836,0.0,3.8131
32,Rest,294.3999999999942,0.0,3.8131
32,Rest,294.5,0.0,3.8131
32,Rest,294.5999999999767,0.0,3.8131
32,Rest,294.69999999998254,0.0,3.8131
32,Rest,294.79999999998836,0.0,3.8131
32,Rest,294.8999999999942,0.0,3.8131
32,Rest,295.0,0.0,3.8131
32,Rest,295.0999999999767,0.0,3.8131
32,Rest,295.19999999998254,0.0,3.8132
32,Rest,295.29999999998836,0.0,3.8132
32,Rest,295.3999999999942,0.0,3.8132
32,Rest,295.5,0.0,3.8132
32,Rest,295.5999999999767,0.0,3.8132
32,Rest,295.69999999998254,0.0,3.8131
32,Rest,295.79999999998836,0.0,3.8131
32,Rest,295.8999999999942,0.0,3.8132
32,Rest,296.0,0.0,3.8132
32,Rest,296.0999999999767,0.0,3.8132
32,Rest,296.19999999998254,0.0,3.8132
32,Rest,296.29999999998836,0.0,3.8132
32,Rest,296.3999999999942,0.0,3.8132
32,Rest,296.5,0.0,3.8132
32,Rest,296.5999999999767,0.0,3.8132
32,Rest,296.69999999998254,0.0,3.8132
32,Rest,296.79999999998836,0.0,3.8132
32,Rest,296.8999999999942,0.0,3.8132
32,Rest,297.0,0.0,3.8132
32,Rest,297.0999999999767,0.0,3.8132
32,Rest,297.19999999998254,0.0,3.8132
32,Rest,297.29999999998836,0.0,3.8132
32,Rest,297.3999999999942,0.0,3.8132
32,Rest,297.5,0.0,3.8132
32,Rest,297.5999999999767,0.0,3.8132
32,Rest,297.69999999998254,0.0,3.8132
32,Rest,297.79999999998836,0.0,3.8132
32,Rest,297.8999999999942,0.0,3.8132
32,Rest,298.0,0.0,3.8132
32,Rest,298.0999999999767,0.0,3.8133
32,Rest,298.19999999998254,0.0,3.8133
32,Rest,298.29999999998836,0.0,3.8133
32,Rest,298.3999999999942,0.0,3.8133
32,Rest,298.5,0.0,3.8133
32,Rest,298.5999999999767,0.0,3.8133
32,Rest,298.69999999998254,0.0,3.8133
32,Rest,298.79999999998836,0.0,3.8133
32,Rest,298.8999999999942,0.0,3.8133
32,Rest,299.0,0.0,3.8133
32,Rest,299.0999999999767,0.0,3.8133
32,Rest,299.19999999998254,0.0,3.8133
32,Rest,299.29999999998836,0.0,3.8133
32,Rest,299.3999999999942,0.0,3.8133
32,Rest,299.5,0.0,3.8133
32,Rest,299.5999999999767,0.0,3.8134
32,Rest,299.69999999998254,0.0,3.8133
32,Rest,299.79999999998836,0.0,3.8133
32,Rest,299.8999999999942,0.0,3.8133
32,Rest,300.0,0.0,3.8133
32,Rest,300.0999999999767,0.0,3.8133
32,Rest,300.19999999998254,0.0,3.8134
32,Rest,300.29999999998836,0.0,3.8133
32,Rest,300.3999999999942,0.0,3.8134
32,Rest,300.5,0.0,3.8134
32,Rest,300.5999999999767,0.0,3.8134
32,Rest,300.69999999998254,0.0,3.8134
32,Rest,300.79999999998836,0.0,3.8134
32,Rest,300.8999999999942,0.0,3.8134
32,Rest,301.0,0.0,3.8134
32,Rest,301.0999999999767,0.0,3.8134
32,Rest,301.19999999998254,0.0,3.8134
32,Rest,301.29999999998836,0.0,3.8134
32,Rest,301.3999999999942,0.0,3.8134
32,Rest,301.5,0.0,3.8134
32,Rest,301.5999999999767,0.0,3.8134
32,Rest,301.69999999998254,0.0,3.8134
32,Rest,301.79999999998836,0.0,3.8134
32,Rest,301.8999999999942,0.0,3.8134
32,Rest,302.0,0.0,3.8134
32,Rest,302.0999999999767,0.0,3.8134
32,Rest,302.19999999998254,0.0,3.8134
32,Rest,302.29999999998836,0.0,3.8135
32,Rest,302.3999999999942,0.0,3.8135
32,Rest,302.5,0.0,3.8134
32,Rest,302.5999999999767,0.0,3.8134
32,Rest,302.69999999998254,0.0,3.8135
32,Rest,302.79999999998836,0.0,3.8135
32,Rest,302.8999999999942,0.0,3.8135
32,Rest,303.0,0.0,3.8135
32,Rest,303.0999999999767,0.0,3.8135
32,Rest,303.19999999998254,0.0,3.8135
32,Rest,303.29999999998836,0.0,3.8135
32,Rest,303.3999999999942,0.0,3.8135
32,Rest,303.5,0.0,3.8135
32,Rest,303.5999999999767,0.0,3.8135
32,Rest,303.69999999998254,0.0,3.8135
32,Rest,303.79999999998836,0.0,3.8135
32,Rest,303.8999999999942,0.0,3.8135
32,Rest,304.0,0.0,3.8135
32,Rest,304.0999999999767,0.0,3.8135
32,Rest,304.19999999998254,0.0,3.8135
32,Rest,304.29999999998836,0.0,3.8135
32,Rest,304.3999999999942,0.0,3.8135
32,Rest,304.5,0.0,3.8136
32,Rest,304.5999999999767,0.0,3.8135
32,Rest,304.69999999998254,0.0,3.8136
32,Rest,304.79999999998836,0.0,3.8136
32,Rest,304.8999999999942,0.0,3.8136
32,Rest,305.0,0.0,3.8136
32,Rest,305.0999999999767,0.0,3.8136
32,Rest,305.19999999998254,0.0,3.8135
32,Rest,305.29999999998836,0.0,3.8136
32,Rest,305.3999999999942,0.0,3.8136
32,Rest,305.5,0.0,3.8136
32,Rest,305.5999999999767,0.0,3.8136
32,Rest,305.69999999998254,0.0,3.8136
32,Rest,305.79999999998836,0.0,3.8136
32,Rest,305.8999999999942,0.0,3.8136
32,Rest,306.0,0.0,3.8136
32,Rest,306.0999999999767,0.0,3.8136
32,Rest,306.19999999998254,0.0,3.8136
32,Rest,306.29999999998836,0.0,3.8136
32,Rest,306.3999999999942,0.0,3.8136
32,Rest,306.5,0.0,3.8136
32,Rest,306.5999999999767,0.0,3.8136
32,Rest,306.69999999998254,0.0,3.8136
32,Rest,306.79999999998836,0.0,3.8136
32,Rest,306.8999999999942,0.0,3.8136
32,Rest,307.0,0.0,3.8136
32,Rest,307.0999999999767,0.0,3.8136
32,Rest,307.19999999998254,0.0,3.8136
32,Rest,307.29999999998836,0.0,3.8136
32,Rest,307.3999999999942,0.0,3.8136
32,Rest,307.5,0.0,3.8137
32,Rest,307.5999999999767,0.0,3.8136
32,Rest,307.69999999998254,0.0,3.8136
32,Rest,307.79999999998836,0.0,3.8137
32,Rest,307.8999999999942,0.0,3.8137
32,Rest,308.0,0.0,3.8137
32,Rest,308.0999999999767,0.0,3.8137
32,Rest,308.19999999998254,0.0,3.8137
32,Rest,308.29999999998836,0.0,3.8137
32,Rest,308.3999999999942,0.0,3.8137
32,Rest,308.5,0.0,3.8137
32,Rest,308.5999999999767,0.0,3.8137
32,Rest,308.69999999998254,0.0,3.8137
32,Rest,308.79999999998836,0.0,3.8137
32,Rest,308.8999999999942,0.0,3.8137
32,Rest,309.0,0.0,3.8137
32,Rest,309.0999999999767,0.0,3.8137
32,Rest,309.19999999998254,0.0,3.8137
32,Rest,309.29999999998836,0.0,3.8137
32,Rest,309.3999999999942,0.0,3.8137
32,Rest,309.5,0.0,3.8137
32,Rest,309.5999999999767,0.0,3.8137
32,Rest,309.69999999998254,0.0,3.8137
32,Rest,309.79999999998836,0.0,3.8137
32,Rest,309.8999999999942,0.0,3.8137
32,Rest,310.0,0.0,3.8137
32,Rest,310.0999999999767,0.0,3.8138
32,Rest,310.19999999998254,0.0,3.8138
32,Rest,310.29999999998836,0.0,3.8137
32,Rest,310.3999999999942,0.0,3.8137
32,Rest,310.5,0.0,3.8138
32,Rest,310.5999999999767,0.0,3.8138
32,Rest,310.69999999998254,0.0,3.8138
32,Rest,310.79999999998836,0.0,3.8138
32,Rest,310.8999999999942,0.0,3.8138
32,Rest,311.0,0.0,3.8138
32,Rest,311.0999999999767,0.0,3.8138
32,Rest,311.19999999998254,0.0,3.8138
32,Rest,311.29999999998836,0.0,3.8138
32,Rest,311.3999999999942,0.0,3.8138
32,Rest,311.5,0.0,3.8138
32,Rest,311.5999999999767,0.0,3.8138
32,Rest,311.69999999998254,0.0,3.8138
32,Rest,311.79999999998836,0.0,3.8138
32,Rest,311.8999999999942,0.0,3.8138
32,Rest,312.0,0.0,3.8138
32,Rest,312.0999999999767,0.0,3.8138
32,Rest,312.19999999998254,0.0,3.8138
32,Rest,312.29999999998836,0.0,3.8138
32,Rest,312.3999999999942,0.0,3.8139
32,Rest,312.5,0.0,3.8139
32,Rest,312.5999999999767,0.0,3.8139
32,Rest,312.69999999998254,0.0,3.8139
32,Rest,312.79999999998836,0.0,3.8138
32,Rest,312.8999999999942,0.0,3.8139
32,Rest,313.0,0.0,3.8138
32,Rest,313.0999999999767,0.0,3.8139
32,Rest,313.19999999998254,0.0,3.8139
32,Rest,313.29999999998836,0.0,3.8139
32,Rest,313.3999999999942,0.0,3.8139
32,Rest,313.5,0.0,3.8139
32,Rest,313.5999999999767,0.0,3.8139
32,Rest,313.69999999998254,0.0,3.8139
32,Rest,313.79999999998836,0.0,3.8139
32,Rest,313.8999999999942,0.0,3.8139
32,Rest,314.0,0.0,3.8139
32,Rest,314.0999999999767,0.0,3.8139
32,Rest,314.19999999998254,0.0,3.8139
32,Rest,314.29999999998836,0.0,3.8139
32,Rest,314.3999999999942,0.0,3.8139
32,Rest,314.5,0.0,3.8139
32,Rest,314.5999999999767,0.0,3.8139
32,Rest,314.69999999998254,0.0,3.8139
32,Rest,314.79999999998836,0.0,3.8139
32,Rest,314.8999999999942,0.0,3.8139
32,Rest,315.0,0.0,3.8139
32,Rest,315.0999999999767,0.0,3.814
32,Rest,315.19999999998254,0.0,3.814
32,Rest,315.29999999998836,0.0,3.8139
32,Rest,315.3999999999942,0.0,3.8139
32,Rest,315.5,0.0,3.8139
32,Rest,315.5999999999767,0.0,3.814
32,Rest,315.69999999998254,0.0,3.814
32,Rest,315.79999999998836,0.0,3.814
32,Rest,315.8999999999942,0.0,3.814
32,Rest,316.0,0.0,3.814
32,Rest,316.0999999999767,0.0,3.814
32,Rest,316.19999999998254,0.0,3.814
32,Rest,316.29999999998836,0.0,3.814
32,Rest,316.3999999999942,0.0,3.814
32,Rest,316.5,0.0,3.8139
32,Rest,316.5999999999767,0.0,3.814
32,Rest,316.69999999998254,0.0,3.814
32,Rest,316.79999999998836,0.0,3.814
32,Rest,316.8999999999942,0.0,3.8141
32,Rest,317.0,0.0,3.8141
32,Rest,317.0999999999767,0.0,3.814
32,Rest,317.19999999998254,0.0,3.8141
32,Rest,317.29999999998836,0.0,3.814
32,Rest,317.3999999999942,0.0,3.814
32,Rest,317.5,0.0,3.814
32,Rest,317.5999999999767,0.0,3.814
32,Rest,317.69999999998254,0.0,3.814
32,Rest,317.79999999998836,0.0,3.814
32,Rest,317.8999999999942,0.0,3.814
32,Rest,318.0,0.0,3.814
32,Rest,318.0999999999767,0.0,3.8141
32,Rest,318.19999999998254,0.0,3.8141
32,Rest,318.29999999998836,0.0,3.8141
32,Rest,318.3999999999942,0.0,3.814
32,Rest,318.5,0.0,3.8141
32,Rest,318.5999999999767,0.0,3.8141
32,Rest,318.69999999998254,0.0,3.8141
32,Rest,318.79999999998836,0.0,3.8141
32,Rest,318.8999999999942,0.0,3.8141
32,Rest,319.0,0.0,3.8141
32,Rest,319.0999999999767,0.0,3.8141
32,Rest,319.19999999998254,0.0,3.8141
32,Rest,319.29999999998836,0.0,3.8141
32,Rest,319.3999999999942,0.0,3.8141
32,Rest,319.5,0.0,3.8141
32,Rest,319.5999999999767,0.0,3.8141
32,Rest,319.69999999998254,0.0,3.8141
32,Rest,319.79999999998836,0.0,3.8141
32,Rest,319.8999999999942,0.0,3.8141
32,Rest,320.0,0.0,3.8142
32,Rest,320.0999999999767,0.0,3.8141
32,Rest,320.19999999998254,0.0,3.8141
32,Rest,320.29999999998836,0.0,3.8141
32,Rest,320.3999999999942,0.0,3.8141
32,Rest,320.5,0.0,3.8142
32,Rest,320.5999999999767,0.0,3.8142
32,Rest,320.69999999998254,0.0,3.8142
32,Rest,320.79999999998836,0.0,3.8141
32,Rest,320.8999999999942,0.0,3.8142
32,Rest,321.0,0.0,3.8142
32,Rest,321.0999999999767,0.0,3.8142
32,Rest,321.19999999998254,0.0,3.8142
32,Rest,321.29999999998836,0.0,3.8142
32,Rest,321.3999999999942,0.0,3.8142
32,Rest,321.5,0.0,3.8142
32,Rest,321.5999999999767,0.0,3.8142
32,Rest,321.69999999998254,0.0,3.8142
32,Rest,321.79999999998836,0.0,3.8142
32,Rest,321.8999999999942,0.0,3.8142
32,Rest,322.0,0.0,3.8142
32,Rest,322.0999999999767,0.0,3.8142
32,Rest,322.19999999998254,0.0,3.8142
32,Rest,322.29999999998836,0.0,3.8142
32,Rest,322.3999999999942,0.0,3.8142
32,Rest,322.5,0.0,3.8142
32,Rest,322.5999999999767,0.0,3.8142
32,Rest,322.69999999998254,0.0,3.8142
32,Rest,322.79999999998836,0.0,3.8142
32,Rest,322.8999999999942,0.0,3.8142
32,Rest,323.0,0.0,3.8142
32,Rest,323.0999999999767,0.0,3.8142
32,Rest,323.19999999998254,0.0,3.8142
32,Rest,323.29999999998836,0.0,3.8142
32,Rest,323.3999999999942,0.0,3.8142
32,Rest,323.5,0.0,3.8142
32,Rest,323.5999999999767,0.0,3.8142
32,Rest,323.69999999998254,0.0,3.8142
32,Rest,323.79999999998836,0.0,3.8142
32,Rest,323.8999999999942,0.0,3.8142
32,Rest,324.0,0.0,3.8143
32,Rest,324.0999999999767,0.0,3.8143
32,Rest,324.19999999998254,0.0,3.8143
32,Rest,324.29999999998836,0.0,3.8143
32,Rest,324.3999999999942,0.0,3.8142
32,Rest,324.5,0.0,3.8143
32,Rest,324.5999999999767,0.0,3.8143
32,Rest,324.69999999998254,0.0,3.8143
32,Rest,324.79999999998836,0.0,3.8143
32,Rest,324.8999999999942,0.0,3.8143
32,Rest,325.0,0.0,3.8143
32,Rest,325.0999999999767,0.0,3.8143
32,Rest,325.19999999998254,0.0,3.8143
32,Rest,325.29999999998836,0.0,3.8143
32,Rest,325.3999999999942,0.0,3.8143
32,Rest,325.5,0.0,3.8143
32,Rest,325.5999999999767,0.0,3.8143
32,Rest,325.69999999998254,0.0,3.8143
32,Rest,325.79999999998836,0.0,3.8143
32,Rest,325.8999999999942,0.0,3.8143
32,Rest,326.0,0.0,3.8143
32,Rest,326.0999999999767,0.0,3.8143
32,Rest,326.19999999998254,0.0,3.8143
32,Rest,326.29999999998836,0.0,3.8143
32,Rest,326.3999999999942,0.0,3.8143
32,Rest,326.5,0.0,3.8144
32,Rest,326.5999999999767,0.0,3.8143
32,Rest,326.69999999998254,0.0,3.8143
32,Rest,326.79999999998836,0.0,3.8143
32,Rest,326.8999999999942,0.0,3.8144
32,Rest,327.0,0.0,3.8144
32,Rest,327.0999999999767,0.0,3.8144
32,Rest,327.19999999998254,0.0,3.8144
32,Rest,327.29999999998836,0.0,3.8144
32,Rest,327.3999999999942,0.0,3.8144
32,Rest,327.5,0.0,3.8144
32,Rest,327.5999999999767,0.0,3.8143
32,Rest,327.69999999998254,0.0,3.8144
32,Rest,327.79999999998836,0.0,3.8144
32,Rest,327.8999999999942,0.0,3.8144
32,Rest,328.0,0.0,3.8144
32,Rest,328.0999999999767,0.0,3.8144
32,Rest,328.19999999998254,0.0,3.8144
32,Rest,328.29999999998836,0.0,3.8144
32,Rest,328.3999999999942,0.0,3.8143
32,Rest,328.5,0.0,3.8144
32,Rest,328.5999999999767,0.0,3.8144
32,Rest,328.69999999998254,0.0,3.8144
32,Rest,328.79999999998836,0.0,3.8144
32,Rest,328.8999999999942,0.0,3.8144
32,Rest,329.0,0.0,3.8144
32,Rest,329.0999999999767,0.0,3.8144
32,Rest,329.19999999998254,0.0,3.8144
32,Rest,329.29999999998836,0.0,3.8144
32,Rest,329.3999999999942,0.0,3.8144
32,Rest,329.5,0.0,3.8144
32,Rest,329.5999999999767,0.0,3.8144
32,Rest,329.69999999998254,0.0,3.8144
32,Rest,329.79999999998836,0.0,3.8144
32,Rest,329.8999999999942,0.0,3.8144
32,Rest,330.0,0.0,3.8144
32,Rest,330.0999999999767,0.0,3.8144
32,Rest,330.19999999998254,0.0,3.8144
32,Rest,330.29999999998836,0.0,3.8144
32,Rest,330.3999999999942,0.0,3.8144
32,Rest,330.5,0.0,3.8144
32,Rest,330.5999999999767,0.0,3.8144
32,Rest,330.69999999998254,0.0,3.8144
32,Rest,330.79999999998836,0.0,3.8145
32,Rest,330.8999999999942,0.0,3.8145
32,Rest,331.0,0.0,3.8145
32,Rest,331.0999999999767,0.0,3.8144
32,Rest,331.19999999998254,0.0,3.8144
32,Rest,331.29999999998836,0.0,3.8144
32,Rest,331.3999999999942,0.0,3.8145
32,Rest,331.5,0.0,3.8145
32,Rest,331.5999999999767,0.0,3.8145
32,Rest,331.69999999998254,0.0,3.8145
32,Rest,331.79999999998836,0.0,3.8145
32,Rest,331.8999999999942,0.0,3.8145
32,Rest,332.0,0.0,3.8145
32,Rest,332.0999999999767,0.0,3.8145
32,Rest,332.19999999998254,0.0,3.8145
32,Rest,332.29999999998836,0.0,3.8145
32,Rest,332.3999999999942,0.0,3.8145
32,Rest,332.5,0.0,3.8145
32,Rest,332.5999999999767,0.0,3.8145
32,Rest,332.69999999998254,0.0,3.8145
32,Rest,332.79999999998836,0.0,3.8145
32,Rest,332.8999999999942,0.0,3.8145
32,Rest,333.0,0.0,3.8145
32,Rest,333.0999999999767,0.0,3.8145
32,Rest,333.19999999998254,0.0,3.8145
32,Rest,333.29999999998836,0.0,3.8145
32,Rest,333.3999999999942,0.0,3.8145
32,Rest,333.5,0.0,3.8145
32,Rest,333.5999999999767,0.0,3.8146
32,Rest,333.69999999998254,0.0,3.8145
32,Rest,333.79999999998836,0.0,3.8145
32,Rest,333.8999999999942,0.0,3.8145
32,Rest,334.0,0.0,3.8145
32,Rest,334.0999999999767,0.0,3.8145
32,Rest,334.19999999998254,0.0,3.8145
32,Rest,334.29999999998836,0.0,3.8145
32,Rest,334.3999999999942,0.0,3.8146
32,Rest,334.5,0.0,3.8145
32,Rest,334.5999999999767,0.0,3.8145
32,Rest,334.69999999998254,0.0,3.8145
32,Rest,334.79999999998836,0.0,3.8145
32,Rest,334.8999999999942,0.0,3.8145
32,Rest,335.0,0.0,3.8145
32,Rest,335.0999999999767,0.0,3.8145
32,Rest,335.19999999998254,0.0,3.8145
32,Rest,335.29999999998836,0.0,3.8145
32,Rest,335.3999999999942,0.0,3.8146
32,Rest,335.5,0.0,3.8146
32,Rest,335.5999999999767,0.0,3.8146
32,Rest,335.69999999998254,0.0,3.8146
32,Rest,335.79999999998836,0.0,3.8146
32,Rest,335.8999999999942,0.0,3.8146
32,Rest,336.0,0.0,3.8146
32,Rest,336.0999999999767,0.0,3.8146
32,Rest,336.19999999998254,0.0,3.8146
32,Rest,336.29999999998836,0.0,3.8146
32,Rest,336.3999999999942,0.0,3.8146
32,Rest,336.5,0.0,3.8146
32,Rest,336.5999999999767,0.0,3.8146
32,Rest,336.69999999998254,0.0,3.8146
32,Rest,336.79999999998836,0.0,3.8146
32,Rest,336.8999999999942,0.0,3.8146
32,Rest,337.0,0.0,3.8146
32,Rest,337.0999999999767,0.0,3.8146
32,Rest,337.19999999998254,0.0,3.8146
32,Rest,337.29999999998836,0.0,3.8146
32,Rest,337.3999999999942,0.0,3.8146
32,Rest,337.5,0.0,3.8146
32,Rest,337.5999999999767,0.0,3.8147
32,Rest,337.69999999998254,0.0,3.8146
32,Rest,337.79999999998836,0.0,3.8146
32,Rest,337.8999999999942,0.0,3.8146
32,Rest,338.0,0.0,3.8146
32,Rest,338.0999999999767,0.0,3.8146
32,Rest,338.19999999998254,0.0,3.8147
32,Rest,338.29999999998836,0.0,3.8146
32,Rest,338.3999999999942,0.0,3.8146
32,Rest,338.5,0.0,3.8146
32,Rest,338.5999999999767,0.0,3.8146
32,Rest,338.69999999998254,0.0,3.8147
32,Rest,338.79999999998836,0.0,3.8147
32,Rest,338.8999999999942,0.0,3.8147
32,Rest,339.0,0.0,3.8147
32,Rest,339.0999999999767,0.0,3.8147
32,Rest,339.19999999998254,0.0,3.8147
32,Rest,339.29999999998836,0.0,3.8146
32,Rest,339.3999999999942,0.0,3.8147
32,Rest,339.5,0.0,3.8147
32,Rest,339.5999999999767,0.0,3.8147
32,Rest,339.69999999998254,0.0,3.8147
32,Rest,339.79999999998836,0.0,3.8147
32,Rest,339.8999999999942,0.0,3.8147
32,Rest,340.0,0.0,3.8147
32,Rest,340.0999999999767,0.0,3.8147
32,Rest,340.19999999998254,0.0,3.8147
32,Rest,340.29999999998836,0.0,3.8147
32,Rest,340.3999999999942,0.0,3.8147
32,Rest,340.5,0.0,3.8148
32,Rest,340.5999999999767,0.0,3.8148
32,Rest,340.69999999998254,0.0,3.8147
32,Rest,340.79999999998836,0.0,3.8147
32,Rest,340.8999999999942,0.0,3.8147
32,Rest,341.0,0.0,3.8148
32,Rest,341.0999999999767,0.0,3.8148
32,Rest,341.19999999998254,0.0,3.8148
32,Rest,341.29999999998836,0.0,3.8148
32,Rest,341.3999999999942,0.0,3.8148
32,Rest,341.5,0.0,3.8148
32,Rest,341.5999999999767,0.0,3.8148
32,Rest,341.69999999998254,0.0,3.8148
32,Rest,341.79999999998836,0.0,3.8148
32,Rest,341.8999999999942,0.0,3.8148
32,Rest,342.0,0.0,3.8148
32,Rest,342.0999999999767,0.0,3.8148
32,Rest,342.19999999998254,0.0,3.8148
32,Rest,342.29999999998836,0.0,3.8148
32,Rest,342.3999999999942,0.0,3.8148
32,Rest,342.5,0.0,3.8149
32,Rest,342.5999999999767,0.0,3.8149
32,Rest,342.69999999998254,0.0,3.8148
32,Rest,342.79999999998836,0.0,3.8148
32,Rest,342.8999999999942,0.0,3.8148
32,Rest,343.0,0.0,3.8148
32,Rest,343.0999999999767,0.0,3.8148
32,Rest,343.19999999998254,0.0,3.8149
32,Rest,343.29999999998836,0.0,3.8149
32,Rest,343.3999999999942,0.0,3.8149
32,Rest,343.5,0.0,3.8148
32,Rest,343.5999999999767,0.0,3.8149
32,Rest,343.69999999998254,0.0,3.8149
32,Rest,343.79999999998836,0.0,3.8149
32,Rest,343.8999999999942,0.0,3.8149
32,Rest,344.0,0.0,3.8149
32,Rest,344.0999999999767,0.0,3.8149
32,Rest,344.19999999998254,0.0,3.8149
32,Rest,344.29999999998836,0.0,3.8149
32,Rest,344.3999999999942,0.0,3.8149
32,Rest,344.5,0.0,3.8149
32,Rest,344.5999999999767,0.0,3.8149
32,Rest,344.69999999998254,0.0,3.8149
32,Rest,344.79999999998836,0.0,3.8149
32,Rest,344.8999999999942,0.0,3.8149
32,Rest,345.0,0.0,3.8149
32,Rest,345.0999999999767,0.0,3.8149
32,Rest,345.19999999998254,0.0,3.8149
32,Rest,345.29999999998836,0.0,3.815
32,Rest,345.3999999999942,0.0,3.815
32,Rest,345.5,0.0,3.815
32,Rest,345.5999999999767,0.0,3.8149
32,Rest,345.69999999998254,0.0,3.8149
32,Rest,345.79999999998836,0.0,3.8149
32,Rest,345.8999999999942,0.0,3.8149
32,Rest,346.0,0.0,3.8149
32,Rest,346.0999999999767,0.0,3.8149
32,Rest,346.19999999998254,0.0,3.8149
32,Rest,346.29999999998836,0.0,3.8149
32,Rest,346.3999999999942,0.0,3.8149
32,Rest,346.5,0.0,3.8149
32,Rest,346.5999999999767,0.0,3.815
32,Rest,346.69999999998254,0.0,3.815
32,Rest,346.79999999998836,0.0,3.815
32,Rest,346.8999999999942,0.0,3.8149
32,Rest,347.0,0.0,3.8149
32,Rest,347.0999999999767,0.0,3.8149
32,Rest,347.19999999998254,0.0,3.815
32,Rest,347.29999999998836,0.0,3.815
32,Rest,347.3999999999942,0.0,3.815
32,Rest,347.5,0.0,3.815
32,Rest,347.5999999999767,0.0,3.815
32,Rest,347.69999999998254,0.0,3.815
32,Rest,347.79999999998836,0.0,3.815
32,Rest,347.8999999999942,0.0,3.815
32,Rest,348.0,0.0,3.815
32,Rest,348.0999999999767,0.0,3.815
32,Rest,348.19999999998254,0.0,3.815
32,Rest,348.29999999998836,0.0,3.815
32,Rest,348.3999999999942,0.0,3.8151
32,Rest,348.5,0.0,3.815
32,Rest,348.5999999999767,0.0,3.8151
32,Rest,348.69999999998254,0.0,3.8151
32,Rest,348.79999999998836,0.0,3.815
32,Rest,348.8999999999942,0.0,3.8151
32,Rest,349.0,0.0,3.8151
32,Rest,349.0999999999767,0.0,3.815
32,Rest,349.19999999998254,0.0,3.8151
32,Rest,349.29999999998836,0.0,3.8151
32,Rest,349.3999999999942,0.0,3.815
32,Rest,349.5,0.0,3.8151
32,Rest,349.5999999999767,0.0,3.815
32,Rest,349.69999999998254,0.0,3.815
32,Rest,349.79999999998836,0.0,3.8151
32,Rest,349.8999999999942,0.0,3.8151
32,Rest,350.0,0.0,3.8151
32,Rest,350.0999999999767,0.0,3.8151
32,Rest,350.19999999998254,0.0,3.8151
32,Rest,350.29999999998836,0.0,3.8151
32,Rest,350.3999999999942,0.0,3.8151
32,Rest,350.5,0.0,3.8151
32,Rest,350.5999999999767,0.0,3.8151
32,Rest,350.69999999998254,0.0,3.8151
32,Rest,350.79999999998836,0.0,3.8151
32,Rest,350.8999999999942,0.0,3.8151
32,Rest,351.0,0.0,3.8151
32,Rest,351.0999999999767,0.0,3.8151
32,Rest,351.19999999998254,0.0,3.8151
32,Rest,351.29999999998836,0.0,3.8151
32,Rest,351.3999999999942,0.0,3.8151
32,Rest,351.5,0.0,3.8151
32,Rest,351.5999999999767,0.0,3.8151
32,Rest,351.69999999998254,0.0,3.8151
32,Rest,351.79999999998836,0.0,3.8151
32,Rest,351.8999999999942,0.0,3.8151
32,Rest,352.0,0.0,3.8151
32,Rest,352.0999999999767,0.0,3.8151
32,Rest,352.19999999998254,0.0,3.8151
32,Rest,352.29999999998836,0.0,3.8151
32,Rest,352.3999999999942,0.0,3.8151
32,Rest,352.5,0.0,3.8151
32,Rest,352.5999999999767,0.0,3.8151
32,Rest,352.69999999998254,0.0,3.8151
32,Rest,352.79999999998836,0.0,3.8151
32,Rest,352.8999999999942,0.0,3.8151
32,Rest,353.0,0.0,3.8152
32,Rest,353.0999999999767,0.0,3.8152
32,Rest,353.19999999998254,0.0,3.8151
32,Rest,353.29999999998836,0.0,3.8151
32,Rest,353.3999999999942,0.0,3.8151
32,Rest,353.5,0.0,3.8151
32,Rest,353.5999999999767,0.0,3.8151
32,Rest,353.69999999998254,0.0,3.8152
32,Rest,353.79999999998836,0.0,3.8151
32,Rest,353.8999999999942,0.0,3.8151
32,Rest,354.0,0.0,3.8152
32,Rest,354.0999999999767,0.0,3.8151
32,Rest,354.19999999998254,0.0,3.8151
32,Rest,354.29999999998836,0.0,3.8152
32,Rest,354.3999999999942,0.0,3.8152
32,Rest,354.5,0.0,3.8151
32,Rest,354.5999999999767,0.0,3.8151
32,Rest,354.69999999998254,0.0,3.8152
32,Rest,354.79999999998836,0.0,3.8152
32,Rest,354.8999999999942,0.0,3.8152
32,Rest,355.0,0.0,3.8152
32,Rest,355.0999999999767,0.0,3.8152
32,Rest,355.19999999998254,0.0,3.8152
32,Rest,355.29999999998836,0.0,3.8152
32,Rest,355.3999999999942,0.0,3.8152
32,Rest,355.5,0.0,3.8152
32,Rest,355.5999999999767,0.0,3.8152
32,Rest,355.69999999998254,0.0,3.8152
32,Rest,355.79999999998836,0.0,3.8152
32,Rest,355.8999999999942,0.0,3.8152
32,Rest,356.0,0.0,3.8152
32,Rest,356.0999999999767,0.0,3.8152
32,Rest,356.19999999998254,0.0,3.8152
32,Rest,356.29999999998836,0.0,3.8152
32,Rest,356.3999999999942,0.0,3.8152
32,Rest,356.5,0.0,3.8152
32,Rest,356.5999999999767,0.0,3.8152
32,Rest,356.69999999998254,0.0,3.8152
32,Rest,356.79999999998836,0.0,3.8152
32,Rest,356.8999999999942,0.0,3.8152
32,Rest,357.0,0.0,3.8152
32,Rest,357.0999999999767,0.0,3.8153
32,Rest,357.19999999998254,0.0,3.8152
32,Rest,357.29999999998836,0.0,3.8152
32,Rest,357.3999999999942,0.0,3.8152
32,Rest,357.5,0.0,3.8152
32,Rest,357.5999999999767,0.0,3.8152
32,Rest,357.69999999998254,0.0,3.8152
32,Rest,357.79999999998836,0.0,3.8152
32,Rest,357.8999999999942,0.0,3.8152
32,Rest,358.0,0.0,3.8153
32,Rest,358.0999999999767,0.0,3.8153
32,Rest,358.19999999998254,0.0,3.8152
32,Rest,358.29999999998836,0.0,3.8153
32,Rest,358.3999999999942,0.0,3.8153
32,Rest,358.5,0.0,3.8153
32,Rest,358.5999999999767,0.0,3.8153
32,Rest,358.69999999998254,0.0,3.8153
32,Rest,358.79999999998836,0.0,3.8153
32,Rest,358.8999999999942,0.0,3.8153
32,Rest,359.0,0.0,3.8153
32,Rest,359.0999999999767,0.0,3.8153
32,Rest,359.19999999998254,0.0,3.8154
32,Rest,359.29999999998836,0.0,3.8153
32,Rest,359.3999999999942,0.0,3.8153
32,Rest,359.5,0.0,3.8153
32,Rest,359.5999999999767,0.0,3.8153
32,Rest,359.69999999998254,0.0,3.8153
32,Rest,359.79999999998836,0.0,3.8153
32,Rest,359.8999999999942,0.0,3.8153
32,Rest,360.0,0.0,3.8153
32,Rest,360.0999999999767,0.0,3.8154
32,Rest,360.19999999998254,0.0,3.8154
32,Rest,360.29999999998836,0.0,3.8154
32,Rest,360.3999999999942,0.0,3.8153
32,Rest,360.5,0.0,3.8153
32,Rest,360.5999999999767,0.0,3.8153
32,Rest,360.69999999998254,0.0,3.8153
32,Rest,360.79999999998836,0.0,3.8153
32,Rest,360.8999999999942,0.0,3.8154
32,Rest,361.0,0.0,3.8153
32,Rest,361.0999999999767,0.0,3.8153
32,Rest,361.19999999998254,0.0,3.8153
32,Rest,361.29999999998836,0.0,3.8153
32,Rest,361.3999999999942,0.0,3.8153
32,Rest,361.5,0.0,3.8153
32,Rest,361.5999999999767,0.0,3.8153
32,Rest,361.69999999998254,0.0,3.8153
32,Rest,361.79999999998836,0.0,3.8153
32,Rest,361.8999999999942,0.0,3.8153
32,Rest,362.0,0.0,3.8153
32,Rest,362.0999999999767,0.0,3.8154
32,Rest,362.19999999998254,0.0,3.8154
32,Rest,362.29999999998836,0.0,3.8154
32,Rest,362.3999999999942,0.0,3.8154
32,Rest,362.5,0.0,3.8154
32,Rest,362.5999999999767,0.0,3.8154
32,Rest,362.69999999998254,0.0,3.8154
32,Rest,362.79999999998836,0.0,3.8154
32,Rest,362.8999999999942,0.0,3.8154
32,Rest,363.0,0.0,3.8154
32,Rest,363.0999999999767,0.0,3.8154
32,Rest,363.19999999998254,0.0,3.8154
32,Rest,363.29999999998836,0.0,3.8154
32,Rest,363.3999999999942,0.0,3.8154
32,Rest,363.5,0.0,3.8154
32,Rest,363.5999999999767,0.0,3.8154
32,Rest,363.69999999998254,0.0,3.8154
32,Rest,363.79999999998836,0.0,3.8154
32,Rest,363.8999999999942,0.0,3.8154
32,Rest,364.0,0.0,3.8154
32,Rest,364.0999999999767,0.0,3.8154
32,Rest,364.19999999998254,0.0,3.8154
32,Rest,364.29999999998836,0.0,3.8154
32,Rest,364.3999999999942,0.0,3.8154
32,Rest,364.5,0.0,3.8154
32,Rest,364.5999999999767,0.0,3.8154
32,Rest,364.69999999998254,0.0,3.8154
32,Rest,364.79999999998836,0.0,3.8154
32,Rest,364.8999999999942,0.0,3.8154
32,Rest,365.0,0.0,3.8154
32,Rest,365.0999999999767,0.0,3.8154
32,Rest,365.19999999998254,0.0,3.8154
32,Rest,365.29999999998836,0.0,3.8154
32,Rest,365.3999999999942,0.0,3.8154
32,Rest,365.5,0.0,3.8154
32,Rest,365.5999999999767,0.0,3.8154
32,Rest,365.69999999998254,0.0,3.8154
32,Rest,365.79999999998836,0.0,3.8154
32,Rest,365.8999999999942,0.0,3.8155
32,Rest,366.0,0.0,3.8155
32,Rest,366.0999999999767,0.0,3.8155
32,Rest,366.19999999998254,0.0,3.8155
32,Rest,366.29999999998836,0.0,3.8155
32,Rest,366.3999999999942,0.0,3.8155
32,Rest,366.5,0.0,3.8154
32,Rest,366.5999999999767,0.0,3.8154
32,Rest,366.69999999998254,0.0,3.8155
32,Rest,366.79999999998836,0.0,3.8155
32,Rest,366.8999999999942,0.0,3.8155
32,Rest,367.0,0.0,3.8154
32,Rest,367.0999999999767,0.0,3.8155
32,Rest,367.19999999998254,0.0,3.8155
32,Rest,367.29999999998836,0.0,3.8155
32,Rest,367.3999999999942,0.0,3.8155
32,Rest,367.5,0.0,3.8155
32,Rest,367.5999999999767,0.0,3.8155
32,Rest,367.69999999998254,0.0,3.8155
32,Rest,367.79999999998836,0.0,3.8155
32,Rest,367.8999999999942,0.0,3.8155
32,Rest,368.0,0.0,3.8155
32,Rest,368.0999999999767,0.0,3.8155
32,Rest,368.19999999998254,0.0,3.8155
32,Rest,368.29999999998836,0.0,3.8154
32,Rest,368.3999999999942,0.0,3.8154
32,Rest,368.5,0.0,3.8155
32,Rest,368.5999999999767,0.0,3.8155
32,Rest,368.69999999998254,0.0,3.8155
32,Rest,368.79999999998836,0.0,3.8155
32,Rest,368.8999999999942,0.0,3.8155
32,Rest,369.0,0.0,3.8155
32,Rest,369.0999999999767,0.0,3.8155
32,Rest,369.19999999998254,0.0,3.8155
32,Rest,369.29999999998836,0.0,3.8155
32,Rest,369.3999999999942,0.0,3.8155
32,Rest,369.5,0.0,3.8155
32,Rest,369.5999999999767,0.0,3.8155
32,Rest,369.69999999998254,0.0,3.8155
32,Rest,369.79999999998836,0.0,3.8155
32,Rest,369.8999999999942,0.0,3.8155
32,Rest,370.0,0.0,3.8156
32,Rest,370.0999999999767,0.0,3.8156
32,Rest,370.19999999998254,0.0,3.8156
32,Rest,370.29999999998836,0.0,3.8156
32,Rest,370.3999999999942,0.0,3.8156
32,Rest,370.5,0.0,3.8156
32,Rest,370.5999999999767,0.0,3.8156
32,Rest,370.69999999998254,0.0,3.8156
32,Rest,370.79999999998836,0.0,3.8156
32,Rest,370.8999999999942,0.0,3.8155
32,Rest,371.0,0.0,3.8155
32,Rest,371.0999999999767,0.0,3.8156
32,Rest,371.19999999998254,0.0,3.8156
32,Rest,371.29999999998836,0.0,3.8155
32,Rest,371.3999999999942,0.0,3.8155
32,Rest,371.5,0.0,3.8155
32,Rest,371.5999999999767,0.0,3.8156
32,Rest,371.69999999998254,0.0,3.8156
32,Rest,371.79999999998836,0.0,3.8156
32,Rest,371.8999999999942,0.0,3.8156
32,Rest,372.0,0.0,3.8156
32,Rest,372.0999999999767,0.0,3.8156
32,Rest,372.19999999998254,0.0,3.8156
32,Rest,372.29999999998836,0.0,3.8156
32,Rest,372.3999999999942,0.0,3.8156
32,Rest,372.5,0.0,3.8156
32,Rest,372.5999999999767,0.0,3.8156
32,Rest,372.69999999998254,0.0,3.8156
32,Rest,372.79999999998836,0.0,3.8156
32,Rest,372.8999999999942,0.0,3.8156
32,Rest,373.0,0.0,3.8155
32,Rest,373.0999999999767,0.0,3.8156
32,Rest,373.19999999998254,0.0,3.8156
32,Rest,373.29999999998836,0.0,3.8156
32,Rest,373.3999999999942,0.0,3.8156
32,Rest,373.5,0.0,3.8156
32,Rest,373.5999999999767,0.0,3.8156
32,Rest,373.69999999998254,0.0,3.8156
32,Rest,373.79999999998836,0.0,3.8156
32,Rest,373.8999999999942,0.0,3.8156
32,Rest,374.0,0.0,3.8156
32,Rest,374.0999999999767,0.0,3.8156
32,Rest,374.19999999998254,0.0,3.8156
32,Rest,374.29999999998836,0.0,3.8157
32,Rest,374.3999999999942,0.0,3.8156
32,Rest,374.5,0.0,3.8156
32,Rest,374.5999999999767,0.0,3.8157
32,Rest,374.69999999998254,0.0,3.8157
32,Rest,374.79999999998836,0.0,3.8157
32,Rest,374.8999999999942,0.0,3.8157
32,Rest,375.0,0.0,3.8156
32,Rest,375.0999999999767,0.0,3.8157
32,Rest,375.19999999998254,0.0,3.8156
32,Rest,375.29999999998836,0.0,3.8157
32,Rest,375.3999999999942,0.0,3.8157
32,Rest,375.5,0.0,3.8156
32,Rest,375.5999999999767,0.0,3.8157
32,Rest,375.69999999998254,0.0,3.8157
32,Rest,375.79999999998836,0.0,3.8157
32,Rest,375.8999999999942,0.0,3.8157
32,Rest,376.0,0.0,3.8157
32,Rest,376.0999999999767,0.0,3.8157
32,Rest,376.19999999998254,0.0,3.8157
32,Rest,376.29999999998836,0.0,3.8156
32,Rest,376.3999999999942,0.0,3.8157
32,Rest,376.5,0.0,3.8157
32,Rest,376.5999999999767,0.0,3.8156
32,Rest,376.69999999998254,0.0,3.8157
32,Rest,376.79999999998836,0.0,3.8157
32,Rest,376.8999999999942,0.0,3.8157
32,Rest,377.0,0.0,3.8157
32,Rest,377.0999999999767,0.0,3.8157
32,Rest,377.19999999998254,0.0,3.8157
32,Rest,377.29999999998836,0.0,3.8157
32,Rest,377.3999999999942,0.0,3.8157
32,Rest,377.5,0.0,3.8157
32,Rest,377.5999999999767,0.0,3.8157
32,Rest,377.69999999998254,0.0,3.8157
32,Rest,377.79999999998836,0.0,3.8157
32,Rest,377.8999999999942,0.0,3.8157
32,Rest,378.0,0.0,3.8157
32,Rest,378.0999999999767,0.0,3.8157
32,Rest,378.19999999998254,0.0,3.8157
32,Rest,378.29999999998836,0.0,3.8157
32,Rest,378.3999999999942,0.0,3.8157
32,Rest,378.5,0.0,3.8157
32,Rest,378.5999999999767,0.0,3.8157
32,Rest,378.69999999998254,0.0,3.8157
32,Rest,378.79999999998836,0.0,3.8157
32,Rest,378.8999999999942,0.0,3.8157
32,Rest,379.0,0.0,3.8157
32,Rest,379.0999999999767,0.0,3.8157
32,Rest,379.19999999998254,0.0,3.8157
32,Rest,379.29999999998836,0.0,3.8157
32,Rest,379.3999999999942,0.0,3.8157
32,Rest,379.5,0.0,3.8157
32,Rest,379.5999999999767,0.0,3.8157
32,Rest,379.69999999998254,0.0,3.8158
32,Rest,379.79999999998836,0.0,3.8158
32,Rest,379.8999999999942,0.0,3.8157
32,Rest,380.0,0.0,3.8157
32,Rest,380.0999999999767,0.0,3.8158
32,Rest,380.19999999998254,0.0,3.8157
32,Rest,380.29999999998836,0.0,3.8157
32,Rest,380.3999999999942,0.0,3.8157
32,Rest,380.5,0.0,3.8158
32,Rest,380.5999999999767,0.0,3.8158
32,Rest,380.69999999998254,0.0,3.8158
32,Rest,380.79999999998836,0.0,3.8158
32,Rest,380.8999999999942,0.0,3.8158
32,Rest,381.0,0.0,3.8158
32,Rest,381.0999999999767,0.0,3.8158
32,Rest,381.19999999998254,0.0,3.8158
32,Rest,381.29999999998836,0.0,3.8158
32,Rest,381.3999999999942,0.0,3.8158
32,Rest,381.5,0.0,3.8157
32,Rest,381.5999999999767,0.0,3.8158
32,Rest,381.69999999998254,0.0,3.8158
32,Rest,381.79999999998836,0.0,3.8158
32,Rest,381.8999999999942,0.0,3.8158
32,Rest,382.0,0.0,3.8158
32,Rest,382.0999999999767,0.0,3.8158
32,Rest,382.19999999998254,0.0,3.8158
32,Rest,382.29999999998836,0.0,3.8158
32,Rest,382.3999999999942,0.0,3.8158
32,Rest,382.5,0.0,3.8158
32,Rest,382.5999999999767,0.0,3.8158
32,Rest,382.69999999998254,0.0,3.8158
32,Rest,382.79999999998836,0.0,3.8158
32,Rest,382.8999999999942,0.0,3.8158
32,Rest,383.0,0.0,3.8158
32,Rest,383.0999999999767,0.0,3.8157
32,Rest,383.19999999998254,0.0,3.8158
32,Rest,383.29999999998836,0.0,3.8158
32,Rest,383.3999999999942,0.0,3.8158
32,Rest,383.5,0.0,3.8158
32,Rest,383.5999999999767,0.0,3.8158
32,Rest,383.69999999998254,0.0,3.8158
32,Rest,383.79999999998836,0.0,3.8158
32,Rest,383.8999999999942,0.0,3.8158
32,Rest,384.0,0.0,3.8158
32,Rest,384.0999999999767,0.0,3.8158
32,Rest,384.19999999998254,0.0,3.8158
32,Rest,384.29999999998836,0.0,3.8158
32,Rest,384.3999999999942,0.0,3.8158
32,Rest,384.5,0.0,3.8158
32,Rest,384.5999999999767,0.0,3.8158
32,Rest,384.69999999998254,0.0,3.8158
32,Rest,384.79999999998836,0.0,3.8158
32,Rest,384.8999999999942,0.0,3.8158
32,Rest,385.0,0.0,3.8158
32,Rest,385.0999999999767,0.0,3.8158
32,Rest,385.19999999998254,0.0,3.8158
32,Rest,385.29999999998836,0.0,3.8158
32,Rest,385.3999999999942,0.0,3.8158
32,Rest,385.5,0.0,3.8158
32,Rest,385.5999999999767,0.0,3.8158
32,Rest,385.69999999998254,0.0,3.8158
32,Rest,385.79999999998836,0.0,3.8158
32,Rest,385.8999999999942,0.0,3.8158
32,Rest,386.0,0.0,3.8158
32,Rest,386.0999999999767,0.0,3.8158
32,Rest,386.19999999998254,0.0,3.8158
32,Rest,386.29999999998836,0.0,3.8158
32,Rest,386.3999999999942,0.0,3.8158
32,Rest,386.5,0.0,3.8159
32,Rest,386.5999999999767,0.0,3.8158
32,Rest,386.69999999998254,0.0,3.8158
32,Rest,386.79999999998836,0.0,3.8158
32,Rest,386.8999999999942,0.0,3.8158
32,Rest,387.0,0.0,3.8158
32,Rest,387.0999999999767,0.0,3.8158
32,Rest,387.19999999998254,0.0,3.8158
32,Rest,387.29999999998836,0.0,3.8158
32,Rest,387.3999999999942,0.0,3.8158
32,Rest,387.5,0.0,3.8158
32,Rest,387.5999999999767,0.0,3.8158
32,Rest,387.69999999998254,0.0,3.8158
32,Rest,387.79999999998836,0.0,3.8158
32,Rest,387.8999999999942,0.0,3.8158
32,Rest,388.0,0.0,3.8158
32,Rest,388.0999999999767,0.0,3.8158
32,Rest,388.19999999998254,0.0,3.8158
32,Rest,388.29999999998836,0.0,3.8158
32,Rest,388.3999999999942,0.0,3.8159
32,Rest,388.5,0.0,3.8159
32,Rest,388.5999999999767,0.0,3.8158
32,Rest,388.69999999998254,0.0,3.8159
32,Rest,388.79999999998836,0.0,3.8159
32,Rest,388.8999999999942,0.0,3.8159
32,Rest,389.0,0.0,3.8159
32,Rest,389.0999999999767,0.0,3.8158
32,Rest,389.19999999998254,0.0,3.8158
32,Rest,389.29999999998836,0.0,3.8158
32,Rest,389.3999999999942,0.0,3.8159
32,Rest,389.5,0.0,3.8159
32,Rest,389.5999999999767,0.0,3.8159
32,Rest,389.69999999998254,0.0,3.8159
32,Rest,389.79999999998836,0.0,3.8159
32,Rest,389.8999999999942,0.0,3.8159
32,Rest,390.0,0.0,3.8159
32,Rest,390.0999999999767,0.0,3.8159
32,Rest,390.19999999998254,0.0,3.8159
32,Rest,390.29999999998836,0.0,3.8159
32,Rest,390.3999999999942,0.0,3.8159
32,Rest,390.5,0.0,3.8159
32,Rest,390.5999999999767,0.0,3.8159
32,Rest,390.69999999998254,0.0,3.8159
32,Rest,390.79999999998836,0.0,3.8159
32,Rest,390.8999999999942,0.0,3.8159
32,Rest,391.0,0.0,3.8159
32,Rest,391.0999999999767,0.0,3.8159
32,Rest,391.19999999998254,0.0,3.8159
32,Rest,391.29999999998836,0.0,3.816
32,Rest,391.3999999999942,0.0,3.8159
32,Rest,391.5,0.0,3.8159
32,Rest,391.5999999999767,0.0,3.816
32,Rest,391.69999999998254,0.0,3.816
32,Rest,391.79999999998836,0.0,3.816
32,Rest,391.8999999999942,0.0,3.816
32,Rest,392.0,0.0,3.816
32,Rest,392.0999999999767,0.0,3.816
32,Rest,392.19999999998254,0.0,3.816
32,Rest,392.29999999998836,0.0,3.8159
32,Rest,392.3999999999942,0.0,3.8159
32,Rest,392.5,0.0,3.8159
32,Rest,392.5999999999767,0.0,3.8159
32,Rest,392.69999999998254,0.0,3.816
32,Rest,392.79999999998836,0.0,3.8159
32,Rest,392.8999999999942,0.0,3.8159
32,Rest,393.0,0.0,3.8159
32,Rest,393.0999999999767,0.0,3.8159
32,Rest,393.19999999998254,0.0,3.816
32,Rest,393.29999999998836,0.0,3.816
32,Rest,393.3999999999942,0.0,3.816
32,Rest,393.5,0.0,3.8159
32,Rest,393.5999999999767,0.0,3.816
32,Rest,393.69999999998254,0.0,3.816
32,Rest,393.79999999998836,0.0,3.816
32,Rest,393.8999999999942,0.0,3.816
32,Rest,394.0,0.0,3.816
32,Rest,394.0999999999767,0.0,3.816
32,Rest,394.19999999998254,0.0,3.816
32,Rest,394.29999999998836,0.0,3.816
32,Rest,394.3999999999942,0.0,3.816
32,Rest,394.5,0.0,3.816
32,Rest,394.5999999999767,0.0,3.816
32,Rest,394.69999999998254,0.0,3.816
32,Rest,394.79999999998836,0.0,3.816
32,Rest,394.8999999999942,0.0,3.816
32,Rest,395.0,0.0,3.816
32,Rest,395.0999999999767,0.0,3.816
32,Rest,395.19999999998254,0.0,3.816
32,Rest,395.29999999998836,0.0,3.816
32,Rest,395.3999999999942,0.0,3.816
32,Rest,395.5,0.0,3.816
32,Rest,395.5999999999767,0.0,3.816
32,Rest,395.69999999998254,0.0,3.816
32,Rest,395.79999999998836,0.0,3.816
32,Rest,395.8999999999942,0.0,3.816
32,Rest,396.0,0.0,3.816
32,Rest,396.0999999999767,0.0,3.816
32,Rest,396.19999999998254,0.0,3.8161
32,Rest,396.29999999998836,0.0,3.816
32,Rest,396.3999999999942,0.0,3.816
32,Rest,396.5,0.0,3.8161
32,Rest,396.5999999999767,0.0,3.8161
32,Rest,396.69999999998254,0.0,3.8161
32,Rest,396.79999999998836,0.0,3.8161
32,Rest,396.8999999999942,0.0,3.816
32,Rest,397.0,0.0,3.8161
32,Rest,397.0999999999767,0.0,3.816
32,Rest,397.19999999998254,0.0,3.8161
32,Rest,397.29999999998836,0.0,3.8161
32,Rest,397.3999999999942,0.0,3.8161
32,Rest,397.5,0.0,3.816
32,Rest,397.5999999999767,0.0,3.8161
32,Rest,397.69999999998254,0.0,3.8161
32,Rest,397.79999999998836,0.0,3.8161
32,Rest,397.8999999999942,0.0,3.8161
32,Rest,398.0,0.0,3.816
32,Rest,398.0999999999767,0.0,3.816
32,Rest,398.19999999998254,0.0,3.8161
32,Rest,398.29999999998836,0.0,3.8161
32,Rest,398.3999999999942,0.0,3.8161
32,Rest,398.5,0.0,3.8161
32,Rest,398.5999999999767,0.0,3.8161
32,Rest,398.69999999998254,0.0,3.8161
32,Rest,398.79999999998836,0.0,3.8161
32,Rest,398.8999999999942,0.0,3.816
32,Rest,399.0,0.0,3.816
32,Rest,399.0999999999767,0.0,3.8161
32,Rest,399.19999999998254,0.0,3.8161
32,Rest,399.29999999998836,0.0,3.8161
32,Rest,399.3999999999942,0.0,3.8161
32,Rest,399.5,0.0,3.8161
32,Rest,399.5999999999767,0.0,3.8161
32,Rest,399.69999999998254,0.0,3.8161
32,Rest,399.79999999998836,0.0,3.8161
32,Rest,399.8999999999942,0.0,3.816
32,Rest,400.0,0.0,3.8161
32,Rest,400.0999999999767,0.0,3.8161
32,Rest,400.19999999998254,0.0,3.816
32,Rest,400.29999999998836,0.0,3.8161
32,Rest,400.3999999999942,0.0,3.8161
32,Rest,400.5,0.0,3.816
32,Rest,400.5999999999767,0.0,3.816
32,Rest,400.69999999998254,0.0,3.8161
32,Rest,400.79999999998836,0.0,3.8161
32,Rest,400.8999999999942,0.0,3.8161
32,Rest,401.0,0.0,3.8161
32,Rest,401.0999999999767,0.0,3.8161
32,Rest,401.19999999998254,0.0,3.8161
32,Rest,401.29999999998836,0.0,3.8161
32,Rest,401.3999999999942,0.0,3.8161
32,Rest,401.5,0.0,3.816
32,Rest,401.5999999999767,0.0,3.8161
32,Rest,401.69999999998254,0.0,3.8161
32,Rest,401.79999999998836,0.0,3.8161
32,Rest,401.8999999999942,0.0,3.8161
32,Rest,402.0,0.0,3.8161
32,Rest,402.0999999999767,0.0,3.8161
32,Rest,402.19999999998254,0.0,3.8161
32,Rest,402.29999999998836,0.0,3.8161
32,Rest,402.3999999999942,0.0,3.8161
32,Rest,402.5,0.0,3.8161
32,Rest,402.5999999999767,0.0,3.8161
32,Rest,402.69999999998254,0.0,3.8161
32,Rest,402.79999999998836,0.0,3.8161
32,Rest,402.8999999999942,0.0,3.8161
32,Rest,403.0,0.0,3.8161
32,Rest,403.0999999999767,0.0,3.8161
32,Rest,403.19999999998254,0.0,3.8161
32,Rest,403.29999999998836,0.0,3.8162
32,Rest,403.3999999999942,0.0,3.8162
32,Rest,403.5,0.0,3.8161
32,Rest,403.5999999999767,0.0,3.8161
32,Rest,403.69999999998254,0.0,3.8162
32,Rest,403.79999999998836,0.0,3.8162
32,Rest,403.8999999999942,0.0,3.8162
32,Rest,404.0,0.0,3.8162
32,Rest,404.0999999999767,0.0,3.8162
32,Rest,404.19999999998254,0.0,3.8162
32,Rest,404.29999999998836,0.0,3.8162
32,Rest,404.3999999999942,0.0,3.8161
32,Rest,404.5,0.0,3.8161
32,Rest,404.5999999999767,0.0,3.8162
32,Rest,404.69999999998254,0.0,3.8162
32,Rest,404.79999999998836,0.0,3.8162
32,Rest,404.8999999999942,0.0,3.8161
32,Rest,405.0,0.0,3.8162
32,Rest,405.0999999999767,0.0,3.8162
32,Rest,405.19999999998254,0.0,3.8162
32,Rest,405.29999999998836,0.0,3.8161
32,Rest,405.3999999999942,0.0,3.8161
32,Rest,405.5,0.0,3.8162
32,Rest,405.5999999999767,0.0,3.8162
32,Rest,405.69999999998254,0.0,3.8162
32,Rest,405.79999999998836,0.0,3.8162
32,Rest,405.8999999999942,0.0,3.8162
32,Rest,406.0,0.0,3.8162
32,Rest,406.0999999999767,0.0,3.8162
32,Rest,406.19999999998254,0.0,3.8162
32,Rest,406.29999999998836,0.0,3.8162
32,Rest,406.3999999999942,0.0,3.8162
32,Rest,406.5,0.0,3.8162
32,Rest,406.5999999999767,0.0,3.8162
32,Rest,406.69999999998254,0.0,3.8162
32,Rest,406.79999999998836,0.0,3.8162
32,Rest,406.8999999999942,0.0,3.8162
32,Rest,407.0,0.0,3.8162
32,Rest,407.0999999999767,0.0,3.8162
32,Rest,407.19999999998254,0.0,3.8162
32,Rest,407.29999999998836,0.0,3.8162
32,Rest,407.3999999999942,0.0,3.8162
32,Rest,407.5,0.0,3.8162
32,Rest,407.5999999999767,0.0,3.8162
32,Rest,407.69999999998254,0.0,3.8162
32,Rest,407.79999999998836,0.0,3.8162
32,Rest,407.8999999999942,0.0,3.8163
32,Rest,408.0,0.0,3.8163
32,Rest,408.0999999999767,0.0,3.8162
32,Rest,408.19999999998254,0.0,3.8162
32,Rest,408.29999999998836,0.0,3.8162
32,Rest,408.3999999999942,0.0,3.8162
32,Rest,408.5,0.0,3.8163
32,Rest,408.5999999999767,0.0,3.8163
32,Rest,408.69999999998254,0.0,3.8163
32,Rest,408.79999999998836,0.0,3.8162
32,Rest,408.8999999999942,0.0,3.8163
32,Rest,409.0,0.0,3.8163
32,Rest,409.0999999999767,0.0,3.8162
32,Rest,409.19999999998254,0.0,3.8163
32,Rest,409.29999999998836,0.0,3.8163
32,Rest,409.3999999999942,0.0,3.8162
32,Rest,409.5,0.0,3.8163
32,Rest,409.5999999999767,0.0,3.8163
32,Rest,409.69999999998254,0.0,3.8163
32,Rest,409.79999999998836,0.0,3.8163
32,Rest,409.8999999999942,0.0,3.8163
32,Rest,410.0,0.0,3.8163
32,Rest,410.0999999999767,0.0,3.8163
32,Rest,410.19999999998254,0.0,3.8163
32,Rest,410.29999999998836,0.0,3.8163
32,Rest,410.3999999999942,0.0,3.8163
32,Rest,410.5,0.0,3.8163
32,Rest,410.5999999999767,0.0,3.8163
32,Rest,410.69999999998254,0.0,3.8163
32,Rest,410.79999999998836,0.0,3.8163
32,Rest,410.8999999999942,0.0,3.8163
32,Rest,411.0,0.0,3.8163
32,Rest,411.0999999999767,0.0,3.8163
32,Rest,411.19999999998254,0.0,3.8163
32,Rest,411.29999999998836,0.0,3.8163
32,Rest,411.3999999999942,0.0,3.8162
32,Rest,411.5,0.0,3.8163
32,Rest,411.5999999999767,0.0,3.8163
32,Rest,411.69999999998254,0.0,3.8163
32,Rest,411.79999999998836,0.0,3.8163
32,Rest,411.8999999999942,0.0,3.8163
32,Rest,412.0,0.0,3.8163
32,Rest,412.0999999999767,0.0,3.8163
32,Rest,412.19999999998254,0.0,3.8163
32,Rest,412.29999999998836,0.0,3.8164
32,Rest,412.3999999999942,0.0,3.8163
32,Rest,412.5,0.0,3.8163
32,Rest,412.5999999999767,0.0,3.8163
32,Rest,412.69999999998254,0.0,3.8164
32,Rest,412.79999999998836,0.0,3.8163
32,Rest,412.8999999999942,0.0,3.8163
32,Rest,413.0,0.0,3.8163
32,Rest,413.0999999999767,0.0,3.8163
32,Rest,413.19999999998254,0.0,3.8163
32,Rest,413.29999999998836,0.0,3.8164
32,Rest,413.3999999999942,0.0,3.8163
32,Rest,413.5,0.0,3.8163
32,Rest,413.5999999999767,0.0,3.8163
32,Rest,413.69999999998254,0.0,3.8164
32,Rest,413.79999999998836,0.0,3.8163
32,Rest,413.8999999999942,0.0,3.8163
32,Rest,414.0,0.0,3.8164
32,Rest,414.0999999999767,0.0,3.8164
32,Rest,414.19999999998254,0.0,3.8164
32,Rest,414.29999999998836,0.0,3.8164
32,Rest,414.3999999999942,0.0,3.8164
32,Rest,414.5,0.0,3.8163
32,Rest,414.5999999999767,0.0,3.8163
32,Rest,414.69999999998254,0.0,3.8163
32,Rest,414.79999999998836,0.0,3.8163
32,Rest,414.8999999999942,0.0,3.8163
32,Rest,415.0,0.0,3.8163
32,Rest,415.0999999999767,0.0,3.8163
32,Rest,415.19999999998254,0.0,3.8163
32,Rest,415.29999999998836,0.0,3.8163
32,Rest,415.3999999999942,0.0,3.8163
32,Rest,415.5,0.0,3.8163
32,Rest,415.5999999999767,0.0,3.8164
32,Rest,415.69999999998254,0.0,3.8164
32,Rest,415.79999999998836,0.0,3.8164
32,Rest,415.8999999999942,0.0,3.8164
32,Rest,416.0,0.0,3.8163
32,Rest,416.0999999999767,0.0,3.8163
32,Rest,416.19999999998254,0.0,3.8164
32,Rest,416.29999999998836,0.0,3.8164
32,Rest,416.3999999999942,0.0,3.8163
32,Rest,416.5,0.0,3.8164
32,Rest,416.5999999999767,0.0,3.8164
32,Rest,416.69999999998254,0.0,3.8164
32,Rest,416.79999999998836,0.0,3.8164
32,Rest,416.8999999999942,0.0,3.8164
32,Rest,417.0,0.0,3.8164
32,Rest,417.0999999999767,0.0,3.8164
32,Rest,417.19999999998254,0.0,3.8164
32,Rest,417.29999999998836,0.0,3.8164
32,Rest,417.3999999999942,0.0,3.8164
32,Rest,417.5,0.0,3.8164
32,Rest,417.5999999999767,0.0,3.8164
32,Rest,417.69999999998254,0.0,3.8164
32,Rest,417.79999999998836,0.0,3.8164
32,Rest,417.8999999999942,0.0,3.8164
32,Rest,418.0,0.0,3.8164
32,Rest,418.0999999999767,0.0,3.8164
32,Rest,418.19999999998254,0.0,3.8164
32,Rest,418.29999999998836,0.0,3.8164
32,Rest,418.3999999999942,0.0,3.8164
32,Rest,418.5,0.0,3.8164
32,Rest,418.5999999999767,0.0,3.8164
32,Rest,418.69999999998254,0.0,3.8164
32,Rest,418.79999999998836,0.0,3.8164
32,Rest,418.8999999999942,0.0,3.8164
32,Rest,419.0,0.0,3.8164
32,Rest,419.0999999999767,0.0,3.8164
32,Rest,419.19999999998254,0.0,3.8164
32,Rest,419.29999999998836,0.0,3.8164
32,Rest,419.3999999999942,0.0,3.8164
32,Rest,419.5,0.0,3.8164
32,Rest,419.5999999999767,0.0,3.8164
32,Rest,419.69999999998254,0.0,3.8164
32,Rest,419.79999999998836,0.0,3.8164
32,Rest,419.8999999999942,0.0,3.8164
32,Rest,420.0,0.0,3.8164
32,Rest,420.0999999999767,0.0,3.8164
32,Rest,420.19999999998254,0.0,3.8164
32,Rest,420.29999999998836,0.0,3.8165
32,Rest,420.3999999999942,0.0,3.8164
32,Rest,420.5,0.0,3.8164
32,Rest,420.5999999999767,0.0,3.8164
32,Rest,420.69999999998254,0.0,3.8164
32,Rest,420.79999999998836,0.0,3.8164
32,Rest,420.8999999999942,0.0,3.8165
32,Rest,421.0,0.0,3.8165
32,Rest,421.0999999999767,0.0,3.8165
32,Rest,421.19999999998254,0.0,3.8164
32,Rest,421.29999999998836,0.0,3.8165
32,Rest,421.3999999999942,0.0,3.8165
32,Rest,421.5,0.0,3.8165
32,Rest,421.5999999999767,0.0,3.8164
32,Rest,421.69999999998254,0.0,3.8165
32,Rest,421.79999999998836,0.0,3.8164
32,Rest,421.8999999999942,0.0,3.8165
32,Rest,422.0,0.0,3.8165
32,Rest,422.0999999999767,0.0,3.8164
32,Rest,422.19999999998254,0.0,3.8164
32,Rest,422.29999999998836,0.0,3.8164
32,Rest,422.3999999999942,0.0,3.8164
32,Rest,422.5,0.0,3.8164
32,Rest,422.5999999999767,0.0,3.8165
32,Rest,422.69999999998254,0.0,3.8165
32,Rest,422.79999999998836,0.0,3.8164
32,Rest,422.8999999999942,0.0,3.8165
32,Rest,423.0,0.0,3.8165
32,Rest,423.0999999999767,0.0,3.8165
32,Rest,423.19999999998254,0.0,3.8165
32,Rest,423.29999999998836,0.0,3.8165
32,Rest,423.3999999999942,0.0,3.8165
32,Rest,423.5,0.0,3.8165
32,Rest,423.5999999999767,0.0,3.8165
32,Rest,423.69999999998254,0.0,3.8165
32,Rest,423.79999999998836,0.0,3.8165
32,Rest,423.8999999999942,0.0,3.8165
32,Rest,424.0,0.0,3.8165
32,Rest,424.0999999999767,0.0,3.8165
32,Rest,424.19999999998254,0.0,3.8165
32,Rest,424.29999999998836,0.0,3.8165
32,Rest,424.3999999999942,0.0,3.8165
32,Rest,424.5,0.0,3.8165
32,Rest,424.5999999999767,0.0,3.8165
32,Rest,424.69999999998254,0.0,3.8165
32,Rest,424.79999999998836,0.0,3.8165
32,Rest,424.8999999999942,0.0,3.8165
32,Rest,425.0,0.0,3.8165
32,Rest,425.0999999999767,0.0,3.8165
32,Rest,425.19999999998254,0.0,3.8165
32,Rest,425.29999999998836,0.0,3.8165
32,Rest,425.3999999999942,0.0,3.8165
32,Rest,425.5,0.0,3.8165
32,Rest,425.5999999999767,0.0,3.8165
32,Rest,425.69999999998254,0.0,3.8165
32,Rest,425.79999999998836,0.0,3.8165
32,Rest,425.8999999999942,0.0,3.8165
32,Rest,426.0,0.0,3.8165
32,Rest,426.0999999999767,0.0,3.8165
32,Rest,426.19999999998254,0.0,3.8165
32,Rest,426.29999999998836,0.0,3.8165
32,Rest,426.3999999999942,0.0,3.8165
32,Rest,426.5,0.0,3.8165
32,Rest,426.5999999999767,0.0,3.8165
32,Rest,426.69999999998254,0.0,3.8165
32,Rest,426.79999999998836,0.0,3.8165
32,Rest,426.8999999999942,0.0,3.8165
32,Rest,427.0,0.0,3.8165
32,Rest,427.0999999999767,0.0,3.8165
32,Rest,427.19999999998254,0.0,3.8165
32,Rest,427.29999999998836,0.0,3.8165
32,Rest,427.3999999999942,0.0,3.8165
32,Rest,427.5,0.0,3.8165
32,Rest,427.5999999999767,0.0,3.8165
32,Rest,427.69999999998254,0.0,3.8165
32,Rest,427.79999999998836,0.0,3.8165
32,Rest,427.8999999999942,0.0,3.8165
32,Rest,428.0,0.0,3.8165
32,Rest,428.0999999999767,0.0,3.8165
32,Rest,428.19999999998254,0.0,3.8165
32,Rest,428.29999999998836,0.0,3.8166
32,Rest,428.3999999999942,0.0,3.8166
32,Rest,428.5,0.0,3.8165
32,Rest,428.5999999999767,0.0,3.8165
32,Rest,428.69999999998254,0.0,3.8166
32,Rest,428.79999999998836,0.0,3.8166
32,Rest,428.8999999999942,0.0,3.8165
32,Rest,429.0,0.0,3.8165
32,Rest,429.0999999999767,0.0,3.8165
32,Rest,429.19999999998254,0.0,3.8166
32,Rest,429.29999999998836,0.0,3.8166
32,Rest,429.3999999999942,0.0,3.8165
32,Rest,429.5,0.0,3.8165
32,Rest,429.5999999999767,0.0,3.8165
32,Rest,429.69999999998254,0.0,3.8166
32,Rest,429.79999999998836,0.0,3.8165
32,Rest,429.8999999999942,0.0,3.8166
32,Rest,430.0,0.0,3.8166
32,Rest,430.0999999999767,0.0,3.8166
32,Rest,430.19999999998254,0.0,3.8166
32,Rest,430.29999999998836,0.0,3.8166
32,Rest,430.3999999999942,0.0,3.8165
32,Rest,430.5,0.0,3.8165
32,Rest,430.5999999999767,0.0,3.8166
32,Rest,430.69999999998254,0.0,3.8166
32,Rest,430.79999999998836,0.0,3.8166
32,Rest,430.8999999999942,0.0,3.8166
32,Rest,431.0,0.0,3.8166
32,Rest,431.0999999999767,0.0,3.8166
32,Rest,431.19999999998254,0.0,3.8165
32,Rest,431.29999999998836,0.0,3.8166
32,Rest,431.3999999999942,0.0,3.8166
32,Rest,431.5,0.0,3.8166
32,Rest,431.5999999999767,0.0,3.8166
32,Rest,431.69999999998254,0.0,3.8166
32,Rest,431.79999999998836,0.0,3.8166
32,Rest,431.8999999999942,0.0,3.8166
32,Rest,432.0,0.0,3.8166
32,Rest,432.0999999999767,0.0,3.8166
32,Rest,432.19999999998254,0.0,3.8166
32,Rest,432.29999999998836,0.0,3.8166
32,Rest,432.3999999999942,0.0,3.8166
32,Rest,432.5,0.0,3.8166
32,Rest,432.5999999999767,0.0,3.8166
32,Rest,432.69999999998254,0.0,3.8166
32,Rest,432.79999999998836,0.0,3.8166
32,Rest,432.8999999999942,0.0,3.8167
32,Rest,433.0,0.0,3.8167
32,Rest,433.0999999999767,0.0,3.8167
32,Rest,433.19999999998254,0.0,3.8166
32,Rest,433.29999999998836,0.0,3.8167
32,Rest,433.3999999999942,0.0,3.8166
32,Rest,433.5,0.0,3.8166
32,Rest,433.5999999999767,0.0,3.8166
32,Rest,433.69999999998254,0.0,3.8166
32,Rest,433.79999999998836,0.0,3.8166
32,Rest,433.8999999999942,0.0,3.8166
32,Rest,434.0,0.0,3.8166
32,Rest,434.0999999999767,0.0,3.8167
32,Rest,434.19999999998254,0.0,3.8167
32,Rest,434.29999999998836,0.0,3.8167
32,Rest,434.3999999999942,0.0,3.8166
32,Rest,434.5,0.0,3.8167
32,Rest,434.5999999999767,0.0,3.8167
32,Rest,434.69999999998254,0.0,3.8167
32,Rest,434.79999999998836,0.0,3.8166
32,Rest,434.8999999999942,0.0,3.8167
32,Rest,435.0,0.0,3.8167
32,Rest,435.0999999999767,0.0,3.8167
32,Rest,435.19999999998254,0.0,3.8167
32,Rest,435.29999999998836,0.0,3.8166
32,Rest,435.3999999999942,0.0,3.8166
32,Rest,435.5,0.0,3.8166
32,Rest,435.5999999999767,0.0,3.8166
32,Rest,435.69999999998254,0.0,3.8167
32,Rest,435.79999999998836,0.0,3.8167
32,Rest,435.8999999999942,0.0,3.8167
32,Rest,436.0,0.0,3.8167
32,Rest,436.0999999999767,0.0,3.8167
32,Rest,436.19999999998254,0.0,3.8167
32,Rest,436.29999999998836,0.0,3.8167
32,Rest,436.3999999999942,0.0,3.8167
32,Rest,436.5,0.0,3.8167
32,Rest,436.5999999999767,0.0,3.8167
32,Rest,436.69999999998254,0.0,3.8167
32,Rest,436.79999999998836,0.0,3.8167
32,Rest,436.8999999999942,0.0,3.8167
32,Rest,437.0,0.0,3.8167
32,Rest,437.0999999999767,0.0,3.8167
32,Rest,437.19999999998254,0.0,3.8167
32,Rest,437.29999999998836,0.0,3.8167
32,Rest,437.3999999999942,0.0,3.8167
32,Rest,437.5,0.0,3.8167
32,Rest,437.5999999999767,0.0,3.8167
32,Rest,437.69999999998254,0.0,3.8167
32,Rest,437.79999999998836,0.0,3.8167
32,Rest,437.8999999999942,0.0,3.8167
32,Rest,438.0,0.0,3.8167
32,Rest,438.0999999999767,0.0,3.8167
32,Rest,438.19999999998254,0.0,3.8167
32,Rest,438.29999999998836,0.0,3.8167
32,Rest,438.3999999999942,0.0,3.8167
32,Rest,438.5,0.0,3.8167
32,Rest,438.5999999999767,0.0,3.8167
32,Rest,438.69999999998254,0.0,3.8167
32,Rest,438.79999999998836,0.0,3.8167
32,Rest,438.8999999999942,0.0,3.8167
32,Rest,439.0,0.0,3.8167
32,Rest,439.0999999999767,0.0,3.8167
32,Rest,439.19999999998254,0.0,3.8167
32,Rest,439.29999999998836,0.0,3.8167
32,Rest,439.3999999999942,0.0,3.8167
32,Rest,439.5,0.0,3.8167
32,Rest,439.5999999999767,0.0,3.8167
32,Rest,439.69999999998254,0.0,3.8167
32,Rest,439.79999999998836,0.0,3.8167
32,Rest,439.8999999999942,0.0,3.8167
32,Rest,440.0,0.0,3.8167
