Step,Step Type,"t,s","I,A","U,V"
39,CC DChg,0.0,-1.6985,3.6771
39,CC DChg,2.199999999953434,-1.6985,3.6771
39,CC DChg,4.399999999965075,-1.6987,3.6763
39,CC DChg,4.69090909085935,-1.699,3.6757
39,CC DChg,4.981818181811832,-1.6992,3.6748
39,CC DChg,5.272727272764314,-1.6993,3.6742
39,CC DChg,5.563636363600381,-1.6994,3.6737
39,CC DChg,5.854545454494655,-1.6994,3.6732
39,CC DChg,6.145454545447137,-1.6995,3.6728
39,CC DChg,6.436363636399619,-1.6995,3.6724
39,CC DChg,6.727272727235686,-1.6995,3.6721
39,CC DChg,7.018181818071753,-1.6995,3.6717
39,CC DChg,7.3090909090824425,-1.6996,3.6714
39,CC DChg,7.426446280966047,-1.6996,3.6711
39,CC DChg,7.5438016529078595,-1.6996,3.6709
39,CC DChg,7.661157024791464,-1.6996,3.6706
39,CC DChg,7.778512396675069,-1.6996,3.6704
39,CC DChg,7.895867768558674,-1.6996,3.6702
39,CC DChg,8.013223140500486,-1.6996,3.6699
39,CC DChg,8.13057851238409,-1.6996,3.6697
39,CC DChg,8.247933884267695,-1.6996,3.6695
39,CC DChg,8.3652892561513,-1.6996,3.6692
39,CC DChg,8.482644628093112,-1.6996,3.669
39,CC DChg,8.584222389152274,-1.6997,3.6688
39,CC DChg,8.685800150269642,-1.6997,3.6686
39,CC DChg,8.787377911270596,-1.6997,3.6684
39,CC DChg,8.888955672387965,-1.6997,3.6682
39,CC DChg,8.990533433505334,-1.6997,3.668
39,CC DChg,9.092111194564495,-1.6997,3.6678
39,CC DChg,9.193688955681864,-1.6997,3.6676
39,CC DChg,9.295266716799233,-1.6997,3.6675
39,CC DChg,9.396844477800187,-1.6997,3.6673
39,CC DChg,9.498422238917556,-1.6997,3.6671
39,CC DChg,9.598565671767574,-1.6997,3.6669
39,CC DChg,9.698709104559384,-1.6997,3.6668
39,CC DChg,9.798852537409402,-1.6997,3.6666
39,CC DChg,9.898995970201213,-1.6997,3.6664
39,CC DChg,9.999139403051231,-1.6997,3.6663
39,CC DChg,10.099282835843042,-1.6997,3.6661
39,CC DChg,10.19942626869306,-1.6997,3.666
39,CC DChg,10.29956970148487,-1.6997,3.6658
39,CC DChg,10.399713134393096,-1.6997,3.6656
39,CC DChg,10.499856567126699,-1.6997,3.6655
39,CC DChg,10.599869606492575,-1.6997,3.6654
39,CC DChg,10.699882645800244,-1.6997,3.6652
39,CC DChg,10.79989568516612,-1.6997,3.665
39,CC DChg,10.899908724531997,-1.6997,3.6649
39,CC DChg,10.999921763897873,-1.6998,3.6647
39,CC DChg,11.099934803205542,-1.6998,3.6646
39,CC DChg,11.199947842571419,-1.6998,3.6644
39,CC DChg,11.299960881995503,-1.6998,3.6643
39,CC DChg,11.399973921303172,-1.6998,3.6641
39,CC DChg,11.49998696061084,-1.6998,3.664
39,CC DChg,11.599988145986572,-1.6998,3.6639
39,CC DChg,11.699989331420511,-1.6998,3.6638
39,CC DChg,11.799990516796242,-1.6998,3.6636
39,CC DChg,11.899991702171974,-1.6998,3.6634
39,CC DChg,11.999992887605913,-1.6998,3.6633
39,CC DChg,12.099994072981644,-1.6998,3.6632
39,CC DChg,12.199995258415584,-1.6998,3.663
39,CC DChg,12.299996443791315,-1.6998,3.6629
39,CC DChg,12.399997629167046,-1.6998,3.6628
39,CC DChg,12.499998814600985,-1.6998,3.6626
39,CC DChg,12.59999892237829,-1.6998,3.6625
39,CC DChg,12.699999030097388,-1.6998,3.6624
39,CC DChg,12.799999137874693,-1.6998,3.6622
39,CC DChg,12.899999245651998,-1.6998,3.6621
39,CC DChg,12.999999353429303,-1.6998,3.662
39,CC DChg,13.0999994611484,-1.6998,3.6619
39,CC DChg,13.199999568925705,-1.6998,3.6617
39,CC DChg,13.29999967670301,-1.6998,3.6616
39,CC DChg,13.399999784480315,-1.6998,3.6615
39,CC DChg,13.499999892199412,-1.6998,3.6614
39,CC DChg,13.599999902013224,-1.6998,3.6613
39,CC DChg,13.699999911768828,-1.6998,3.6611
39,CC DChg,13.79999992158264,-1.6998,3.661
39,CC DChg,13.89999993139645,-1.6998,3.6609
39,CC DChg,13.999999941210262,-1.6998,3.6608
39,CC DChg,14.099999950965866,-1.6998,3.6606
39,CC DChg,14.199999960779678,-1.6998,3.6605
39,CC DChg,14.29999997059349,-1.6998,3.6604
39,CC DChg,14.399999980407301,-1.6998,3.6603
39,CC DChg,14.499999990162905,-1.6998,3.6602
39,CC DChg,14.599999991070945,-1.6998,3.6601
39,CC DChg,14.699999991920777,-1.6998,3.6599
39,CC DChg,14.799999992828816,-1.6998,3.6598
39,CC DChg,14.899999993736856,-1.6998,3.6597
39,CC DChg,14.999999994644895,-1.6998,3.6596
39,CC DChg,15.099999995494727,-1.6998,3.6595
39,CC DChg,15.199999996402767,-1.6998,3.6594
39,CC DChg,15.299999997310806,-1.6998,3.6592
39,CC DChg,15.399999998218846,-1.6998,3.6591
39,CC DChg,15.499999999068677,-1.6998,3.659
39,CC DChg,15.59999999916181,-1.6998,3.6589
39,CC DChg,15.699999999254942,-1.6998,3.6588
39,CC DChg,15.799999999289867,-1.6998,3.6587
39,CC DChg,15.899999999382999,-1.6998,3.6585
39,CC DChg,15.999999999476131,-1.6998,3.6585
39,CC DChg,16.099999999569263,-1.6998,3.6584
39,CC DChg,16.199999999662396,-1.6998,3.6582
39,CC DChg,16.299999999755528,-1.6998,3.6581
39,CC DChg,16.399999999790452,-1.6998,3.658
39,CC DChg,16.499999999883585,-1.6998,3.6579
39,CC DChg,16.59999999991851,-1.6998,3.6578
39,CC DChg,16.699999999895226,-1.6998,3.6577
39,CC DChg,16.79999999993015,-1.6998,3.6576
39,CC DChg,16.899999999965075,-1.6998,3.6575
39,CC DChg,17.0,-1.6998,3.6574
39,CC DChg,17.09999999991851,-1.6998,3.6573
39,CC DChg,17.199999999953434,-1.6998,3.6572
39,CC DChg,17.29999999993015,-1.6998,3.6571
39,CC DChg,17.399999999965075,-1.6998,3.657
39,CC DChg,17.5,-1.6998,3.6569
39,CC DChg,17.59999999991851,-1.6998,3.6567
39,CC DChg,17.699999999953434,-1.6998,3.6566
39,CC DChg,17.79999999993015,-1.6998,3.6565
39,CC DChg,17.899999999965075,-1.6998,3.6564
39,CC DChg,18.0,-1.6998,3.6563
39,CC DChg,18.099999999976717,-1.6998,3.6562
39,CC DChg,18.199999999953434,-1.6998,3.6561
39,CC DChg,18.29999999998836,-1.6998,3.656
39,CC DChg,18.399999999965075,-1.6998,3.6559
39,CC DChg,18.5,-1.6998,3.6558
39,CC DChg,18.599999999976717,-1.6998,3.6557
39,CC DChg,18.70000000001164,-1.6998,3.6556
39,CC DChg,18.79999999998836,-1.6998,3.6555
39,CC DChg,18.899999999965075,-1.6998,3.6554
39,CC DChg,19.0,-1.6998,3.6554
39,CC DChg,19.099999999976717,-1.6998,3.6552
39,CC DChg,19.20000000001164,-1.6998,3.6551
39,CC DChg,19.29999999998836,-1.6998,3.655
39,CC DChg,19.399999999965075,-1.6998,3.6549
39,CC DChg,19.5,-1.6998,3.6548
39,CC DChg,19.599999999976717,-1.6998,3.6547
39,CC DChg,19.70000000001164,-1.6998,3.6546
39,CC DChg,19.79999999998836,-1.6998,3.6546
39,CC DChg,19.899999999965075,-1.6998,3.6544
39,CC DChg,20.0,-1.6998,3.6544
39,CC DChg,20.099999999976717,-1.6998,3.6542
39,CC DChg,20.20000000001164,-1.6998,3.6541
39,CC DChg,20.29999999998836,-1.6998,3.6541
39,CC DChg,20.399999999965075,-1.6998,3.654
39,CC DChg,20.5,-1.6998,3.6539
39,CC DChg,20.599999999976717,-1.6998,3.6538
39,CC DChg,20.70000000001164,-1.6998,3.6537
39,CC DChg,20.79999999998836,-1.6998,3.6536
39,CC DChg,20.899999999965075,-1.6998,3.6535
39,CC DChg,21.0,-1.6998,3.6534
39,CC DChg,21.099999999976717,-1.6998,3.6533
39,CC DChg,21.20000000001164,-1.6998,3.6532
39,CC DChg,21.29999999998836,-1.6998,3.6531
39,CC DChg,21.399999999965075,-1.6998,3.6531
39,CC DChg,21.5,-1.6998,3.653
39,CC DChg,21.599999999976717,-1.6998,3.6528
39,CC DChg,21.70000000001164,-1.6998,3.6527
39,CC DChg,21.79999999998836,-1.6998,3.6527
39,CC DChg,21.899999999965075,-1.6998,3.6526
39,CC DChg,22.0,-1.6998,3.6524
39,CC DChg,22.099999999976717,-1.6998,3.6524
39,CC DChg,22.20000000001164,-1.6998,3.6523
39,CC DChg,22.29999999998836,-1.6998,3.6522
39,CC DChg,22.399999999965075,-1.6998,3.6521
39,CC DChg,22.5,-1.6998,3.652
39,CC DChg,22.599999999976717,-1.6998,3.652
39,CC DChg,22.70000000001164,-1.6998,3.6519
39,CC DChg,22.79999999998836,-1.6998,3.6517
39,CC DChg,22.899999999965075,-1.6998,3.6517
39,CC DChg,23.0,-1.6998,3.6516
39,CC DChg,23.099999999976717,-1.6998,3.6515
39,CC DChg,23.20000000001164,-1.6998,3.6514
39,CC DChg,23.29999999998836,-1.6998,3.6513
39,CC DChg,23.399999999965075,-1.6998,3.6512
39,CC DChg,23.5,-1.6998,3.6511
39,CC DChg,23.599999999976717,-1.6998,3.651
39,CC DChg,23.70000000001164,-1.6998,3.651
39,CC DChg,23.79999999998836,-1.6998,3.6509
39,CC DChg,23.899999999965075,-1.6998,3.6508
39,CC DChg,24.0,-1.6998,3.6507
39,CC DChg,24.099999999976717,-1.6998,3.6506
39,CC DChg,24.20000000001164,-1.6998,3.6505
39,CC DChg,24.29999999998836,-1.6998,3.6504
39,CC DChg,24.399999999965075,-1.6998,3.6504
39,CC DChg,24.5,-1.6998,3.6503
39,CC DChg,24.599999999976717,-1.6998,3.6502
39,CC DChg,24.70000000001164,-1.6998,3.6501
39,CC DChg,24.79999999998836,-1.6998,3.65
39,CC DChg,24.899999999965075,-1.6998,3.6499
39,CC DChg,25.0,-1.6998,3.6498
39,CC DChg,25.099999999976717,-1.6998,3.6497
39,CC DChg,25.20000000001164,-1.6998,3.6496
39,CC DChg,25.29999999998836,-1.6998,3.6496
39,CC DChg,25.399999999965075,-1.6998,3.6495
39,CC DChg,25.5,-1.6998,3.6494
39,CC DChg,25.599999999976717,-1.6998,3.6493
39,CC DChg,25.70000000001164,-1.6998,3.6493
39,CC DChg,25.79999999998836,-1.6998,3.6492
39,CC DChg,25.899999999965075,-1.6998,3.6491
39,CC DChg,26.0,-1.6998,3.649
39,CC DChg,26.099999999976717,-1.6998,3.6489
39,CC DChg,26.20000000001164,-1.6998,3.6489
39,CC DChg,26.29999999998836,-1.6998,3.6487
39,CC DChg,26.399999999965075,-1.6998,3.6487
39,CC DChg,26.5,-1.6998,3.6486
39,CC DChg,26.599999999976717,-1.6998,3.6485
39,CC DChg,26.70000000001164,-1.6998,3.6484
39,CC DChg,26.79999999998836,-1.6998,3.6484
39,CC DChg,26.899999999965075,-1.6998,3.6483
39,CC DChg,27.0,-1.6998,3.6482
39,CC DChg,27.099999999976717,-1.6998,3.6481
39,CC DChg,27.20000000001164,-1.6998,3.648
39,CC DChg,27.29999999998836,-1.6998,3.648
39,CC DChg,27.399999999965075,-1.6998,3.6479
39,CC DChg,27.5,-1.6998,3.6478
39,CC DChg,27.599999999976717,-1.6998,3.6477
39,CC DChg,27.70000000001164,-1.6998,3.6476
39,CC DChg,27.79999999998836,-1.6998,3.6476
39,CC DChg,27.899999999965075,-1.6998,3.6475
39,CC DChg,28.0,-1.6998,3.6474
39,CC DChg,28.099999999976717,-1.6998,3.6473
39,CC DChg,28.20000000001164,-1.6998,3.6473
39,CC DChg,28.29999999998836,-1.6998,3.6472
39,CC DChg,28.399999999965075,-1.6998,3.6471
39,CC DChg,28.5,-1.6998,3.647
39,CC DChg,28.599999999976717,-1.6998,3.647
39,CC DChg,28.70000000001164,-1.6998,3.6469
39,CC DChg,28.79999999998836,-1.6998,3.6468
39,CC DChg,28.899999999965075,-1.6998,3.6467
39,CC DChg,29.0,-1.6998,3.6467
39,CC DChg,29.099999999976717,-1.6998,3.6465
39,CC DChg,29.20000000001164,-1.6998,3.6465
39,CC DChg,29.29999999998836,-1.6998,3.6465
39,CC DChg,29.399999999965075,-1.6998,3.6463
39,CC DChg,29.5,-1.6998,3.6463
39,CC DChg,29.599999999976717,-1.6998,3.6462
39,CC DChg,29.70000000001164,-1.6998,3.6461
39,CC DChg,29.79999999998836,-1.6998,3.646
39,CC DChg,29.899999999965075,-1.6998,3.646
39,CC DChg,30.0,-1.6998,3.6459
39,CC DChg,30.099999999976717,-1.6998,3.6458
39,CC DChg,30.20000000001164,-1.6998,3.6457
39,CC DChg,30.29999999998836,-1.6998,3.6457
39,CC DChg,30.399999999965075,-1.6998,3.6456
39,CC DChg,30.5,-1.6998,3.6455
39,CC DChg,30.599999999976717,-1.6998,3.6455
39,CC DChg,30.70000000001164,-1.6998,3.6454
39,CC DChg,30.79999999998836,-1.6998,3.6453
39,CC DChg,30.899999999965075,-1.6998,3.6452
39,CC DChg,31.0,-1.6998,3.6452
39,CC DChg,31.099999999976717,-1.6998,3.645
39,CC DChg,31.20000000001164,-1.6998,3.645
39,CC DChg,31.29999999998836,-1.6998,3.6449
39,CC DChg,31.399999999965075,-1.6998,3.6448
39,CC DChg,31.5,-1.6998,3.6448
39,CC DChg,31.599999999976717,-1.6998,3.6447
39,CC DChg,31.70000000001164,-1.6998,3.6447
39,CC DChg,31.79999999998836,-1.6998,3.6446
39,CC DChg,31.899999999965075,-1.6998,3.6445
39,CC DChg,32.0,-1.6998,3.6444
39,CC DChg,32.09999999997672,-1.6998,3.6443
39,CC DChg,32.20000000001164,-1.6998,3.6443
39,CC DChg,32.29999999998836,-1.6998,3.6442
39,CC DChg,32.399999999965075,-1.6998,3.6441
39,CC DChg,32.5,-1.6998,3.6441
39,CC DChg,32.59999999997672,-1.6998,3.644
39,CC DChg,32.70000000001164,-1.6998,3.6439
39,CC DChg,32.79999999998836,-1.6998,3.6439
39,CC DChg,32.899999999965075,-1.6998,3.6438
39,CC DChg,33.0,-1.6998,3.6437
39,CC DChg,33.09999999997672,-1.6998,3.6436
39,CC DChg,33.20000000001164,-1.6998,3.6436
39,CC DChg,33.29999999998836,-1.6998,3.6435
39,CC DChg,33.399999999965075,-1.6998,3.6434
39,CC DChg,33.5,-1.6998,3.6433
39,CC DChg,33.59999999997672,-1.6998,3.6433
39,CC DChg,33.70000000001164,-1.6998,3.6432
39,CC DChg,33.79999999998836,-1.6998,3.6432
39,CC DChg,33.899999999965075,-1.6998,3.6431
39,CC DChg,34.0,-1.6998,3.643
39,CC DChg,34.09999999997672,-1.6998,3.6429
39,CC DChg,34.20000000001164,-1.6998,3.6429
39,CC DChg,34.29999999998836,-1.6998,3.6428
39,CC DChg,34.399999999965075,-1.6998,3.6427
39,CC DChg,34.5,-1.6998,3.6427
39,CC DChg,34.59999999997672,-1.6998,3.6426
39,CC DChg,34.70000000001164,-1.6998,3.6425
39,CC DChg,34.79999999998836,-1.6998,3.6425
39,CC DChg,34.899999999965075,-1.6998,3.6424
39,CC DChg,35.0,-1.6998,3.6423
39,CC DChg,35.09999999997672,-1.6998,3.6423
39,CC DChg,35.20000000001164,-1.6998,3.6422
39,CC DChg,35.29999999998836,-1.6998,3.6421
39,CC DChg,35.399999999965075,-1.6998,3.6421
39,CC DChg,35.5,-1.6998,3.642
39,CC DChg,35.59999999997672,-1.6998,3.6419
39,CC DChg,35.70000000001164,-1.6998,3.6419
39,CC DChg,35.79999999998836,-1.6998,3.6418
39,CC DChg,35.899999999965075,-1.6998,3.6417
39,CC DChg,36.0,-1.6998,3.6417
39,CC DChg,36.09999999997672,-1.6998,3.6416
39,CC DChg,36.20000000001164,-1.6998,3.6415
39,CC DChg,36.29999999998836,-1.6998,3.6414
39,CC DChg,36.399999999965075,-1.6998,3.6414
39,CC DChg,36.5,-1.6998,3.6413
39,CC DChg,36.59999999997672,-1.6998,3.6413
39,CC DChg,36.70000000001164,-1.6998,3.6412
39,CC DChg,36.79999999998836,-1.6998,3.6411
39,CC DChg,36.899999999965075,-1.6998,3.6411
39,CC DChg,37.0,-1.6998,3.641
39,CC DChg,37.09999999997672,-1.6998,3.641
39,CC DChg,37.20000000001164,-1.6998,3.6409
39,CC DChg,37.29999999998836,-1.6999,3.6408
39,CC DChg,37.399999999965075,-1.6999,3.6408
39,CC DChg,37.5,-1.6999,3.6407
39,CC DChg,37.59999999997672,-1.6999,3.6406
39,CC DChg,37.70000000001164,-1.6999,3.6406
39,CC DChg,37.79999999998836,-1.6999,3.6405
39,CC DChg,37.899999999965075,-1.6999,3.6405
39,CC DChg,38.0,-1.6999,3.6404
39,CC DChg,38.09999999997672,-1.6999,3.6403
39,CC DChg,38.20000000001164,-1.6999,3.6402
39,CC DChg,38.29999999998836,-1.6999,3.6402
39,CC DChg,38.399999999965075,-1.6999,3.6401
39,CC DChg,38.5,-1.6999,3.6401
39,CC DChg,38.59999999997672,-1.6999,3.64
39,CC DChg,38.70000000001164,-1.6999,3.6399
39,CC DChg,38.79999999998836,-1.6999,3.6399
39,CC DChg,38.899999999965075,-1.6999,3.6398
39,CC DChg,39.0,-1.6999,3.6398
39,CC DChg,39.09999999997672,-1.6999,3.6397
39,CC DChg,39.20000000001164,-1.6999,3.6396
39,CC DChg,39.29999999998836,-1.6999,3.6396
39,CC DChg,39.399999999965075,-1.6999,3.6395
39,CC DChg,39.5,-1.6999,3.6394
39,CC DChg,39.59999999997672,-1.6999,3.6394
39,CC DChg,39.70000000001164,-1.6999,3.6393
39,CC DChg,39.79999999998836,-1.6999,3.6393
39,CC DChg,39.899999999965075,-1.6999,3.6392
39,CC DChg,40.0,-1.6999,3.6392
39,CC DChg,40.09999999997672,-1.6999,3.6391
39,CC DChg,40.20000000001164,-1.6999,3.639
39,CC DChg,40.29999999998836,-1.6999,3.639
39,CC DChg,40.399999999965075,-1.6999,3.6389
39,CC DChg,40.5,-1.6999,3.6388
39,CC DChg,40.59999999997672,-1.6999,3.6388
39,CC DChg,40.70000000001164,-1.6999,3.6387
39,CC DChg,40.79999999998836,-1.6999,3.6386
39,CC DChg,40.899999999965075,-1.6999,3.6386
39,CC DChg,41.0,-1.6999,3.6385
39,CC DChg,41.09999999997672,-1.6999,3.6385
39,CC DChg,41.20000000001164,-1.6999,3.6384
39,CC DChg,41.29999999998836,-1.6999,3.6384
39,CC DChg,41.399999999965075,-1.6999,3.6383
39,CC DChg,41.5,-1.6999,3.6383
39,CC DChg,41.59999999997672,-1.6999,3.6382
39,CC DChg,41.70000000001164,-1.6999,3.6381
39,CC DChg,41.79999999998836,-1.6999,3.638
39,CC DChg,41.899999999965075,-1.6999,3.638
39,CC DChg,42.0,-1.6999,3.638
39,CC DChg,42.09999999997672,-1.6999,3.6379
39,CC DChg,42.20000000001164,-1.6999,3.6378
39,CC DChg,42.29999999998836,-1.6999,3.6378
39,CC DChg,42.399999999965075,-1.6999,3.6377
39,CC DChg,42.5,-1.6999,3.6376
39,CC DChg,42.59999999997672,-1.6999,3.6376
39,CC DChg,42.70000000001164,-1.6999,3.6376
39,CC DChg,42.79999999998836,-1.6999,3.6375
39,CC DChg,42.899999999965075,-1.6999,3.6375
39,CC DChg,43.0,-1.6999,3.6374
39,CC DChg,43.09999999997672,-1.6999,3.6373
39,CC DChg,43.20000000001164,-1.6999,3.6372
39,CC DChg,43.29999999998836,-1.6999,3.6372
39,CC DChg,43.399999999965075,-1.6999,3.6372
39,CC DChg,43.5,-1.6999,3.6371
39,CC DChg,43.59999999997672,-1.6999,3.637
39,CC DChg,43.70000000001164,-1.6999,3.637
39,CC DChg,43.79999999998836,-1.6999,3.6369
39,CC DChg,43.899999999965075,-1.6999,3.6369
39,CC DChg,44.0,-1.6999,3.6368
39,CC DChg,44.09999999997672,-1.6999,3.6367
39,CC DChg,44.20000000001164,-1.6999,3.6367
39,CC DChg,44.29999999998836,-1.6999,3.6366
39,CC DChg,44.399999999965075,-1.6999,3.6365
39,CC DChg,44.5,-1.6999,3.6365
39,CC DChg,44.59999999997672,-1.6999,3.6365
39,CC DChg,44.70000000001164,-1.6999,3.6364
39,CC DChg,44.79999999998836,-1.6999,3.6363
39,CC DChg,44.899999999965075,-1.6999,3.6363
39,CC DChg,45.0,-1.6999,3.6362
39,CC DChg,45.09999999997672,-1.6999,3.6361
39,CC DChg,45.20000000001164,-1.6999,3.6361
39,CC DChg,45.29999999998836,-1.6999,3.636
39,CC DChg,45.399999999965075,-1.6999,3.636
39,CC DChg,45.5,-1.6999,3.6359
39,CC DChg,45.59999999997672,-1.6999,3.6358
39,CC DChg,45.70000000001164,-1.6999,3.6358
39,CC DChg,45.79999999998836,-1.6999,3.6358
39,CC DChg,45.899999999965075,-1.6999,3.6357
39,CC DChg,46.0,-1.6999,3.6356
39,CC DChg,46.09999999997672,-1.6999,3.6356
39,CC DChg,46.20000000001164,-1.6999,3.6355
39,CC DChg,46.29999999998836,-1.6999,3.6355
39,CC DChg,46.399999999965075,-1.6999,3.6354
39,CC DChg,46.5,-1.6999,3.6354
39,CC DChg,46.59999999997672,-1.6998,3.6353
39,CC DChg,46.70000000001164,-1.6998,3.6352
39,CC DChg,46.79999999998836,-1.6998,3.6352
39,CC DChg,46.899999999965075,-1.6998,3.6351
39,CC DChg,47.0,-1.6998,3.6351
39,CC DChg,47.09999999997672,-1.6998,3.635
39,CC DChg,47.20000000001164,-1.6998,3.6349
39,CC DChg,47.29999999998836,-1.6998,3.6349
39,CC DChg,47.399999999965075,-1.6998,3.6348
39,CC DChg,47.5,-1.6998,3.6348
39,CC DChg,47.59999999997672,-1.6998,3.6347
39,CC DChg,47.70000000001164,-1.6998,3.6347
39,CC DChg,47.79999999998836,-1.6998,3.6346
39,CC DChg,47.899999999965075,-1.6998,3.6345
39,CC DChg,48.0,-1.6998,3.6345
39,CC DChg,48.09999999997672,-1.6998,3.6345
39,CC DChg,48.20000000001164,-1.6998,3.6344
39,CC DChg,48.29999999998836,-1.6998,3.6344
39,CC DChg,48.399999999965075,-1.6998,3.6343
39,CC DChg,48.5,-1.6998,3.6342
39,CC DChg,48.59999999997672,-1.6998,3.6341
39,CC DChg,48.70000000001164,-1.6998,3.6341
39,CC DChg,48.79999999998836,-1.6998,3.6341
39,CC DChg,48.899999999965075,-1.6998,3.634
39,CC DChg,49.0,-1.6998,3.634
39,CC DChg,49.09999999997672,-1.6998,3.6339
39,CC DChg,49.20000000001164,-1.6999,3.6339
39,CC DChg,49.29999999998836,-1.6999,3.6338
39,CC DChg,49.399999999965075,-1.6999,3.6337
39,CC DChg,49.5,-1.6999,3.6337
39,CC DChg,49.59999999997672,-1.6999,3.6336
39,CC DChg,49.70000000001164,-1.6999,3.6336
39,CC DChg,49.79999999998836,-1.6999,3.6335
39,CC DChg,49.899999999965075,-1.6999,3.6335
39,CC DChg,50.0,-1.6999,3.6334
39,CC DChg,50.09999999997672,-1.6999,3.6334
39,CC DChg,50.20000000001164,-1.6999,3.6333
39,CC DChg,50.29999999998836,-1.6999,3.6333
39,CC DChg,50.399999999965075,-1.6999,3.6333
39,CC DChg,50.5,-1.6999,3.6332
39,CC DChg,50.59999999997672,-1.6999,3.6331
39,CC DChg,50.70000000001164,-1.6999,3.6331
39,CC DChg,50.79999999998836,-1.6999,3.633
39,CC DChg,50.899999999965075,-1.6999,3.633
39,CC DChg,51.0,-1.6999,3.633
39,CC DChg,51.09999999997672,-1.6999,3.6329
39,CC DChg,51.20000000001164,-1.6999,3.6328
39,CC DChg,51.29999999998836,-1.6999,3.6328
39,CC DChg,51.399999999965075,-1.6999,3.6327
39,CC DChg,51.5,-1.6999,3.6327
39,CC DChg,51.59999999997672,-1.6999,3.6327
39,CC DChg,51.70000000001164,-1.6999,3.6326
39,CC DChg,51.79999999998836,-1.6999,3.6326
39,CC DChg,51.899999999965075,-1.6999,3.6325
39,CC DChg,52.0,-1.6999,3.6325
39,CC DChg,52.09999999997672,-1.6999,3.6324
39,CC DChg,52.20000000001164,-1.6999,3.6324
39,CC DChg,52.29999999998836,-1.6999,3.6323
39,CC DChg,52.399999999965075,-1.6999,3.6323
39,CC DChg,52.5,-1.6999,3.6322
39,CC DChg,52.59999999997672,-1.6999,3.6321
39,CC DChg,52.70000000001164,-1.6999,3.6321
39,CC DChg,52.79999999998836,-1.6999,3.632
39,CC DChg,52.899999999965075,-1.6999,3.632
39,CC DChg,53.0,-1.6999,3.6319
39,CC DChg,53.09999999997672,-1.6999,3.6319
39,CC DChg,53.20000000001164,-1.6999,3.6318
39,CC DChg,53.29999999998836,-1.6999,3.6318
39,CC DChg,53.399999999965075,-1.6999,3.6318
39,CC DChg,53.5,-1.6999,3.6317
39,CC DChg,53.59999999997672,-1.6999,3.6316
39,CC DChg,53.70000000001164,-1.6999,3.6316
39,CC DChg,53.79999999998836,-1.6999,3.6316
39,CC DChg,53.899999999965075,-1.6999,3.6315
39,CC DChg,54.0,-1.6998,3.6314
39,CC DChg,54.09999999997672,-1.6998,3.6314
39,CC DChg,54.20000000001164,-1.6998,3.6313
39,CC DChg,54.29999999998836,-1.6998,3.6313
39,CC DChg,54.399999999965075,-1.6998,3.6313
39,CC DChg,54.5,-1.6998,3.6312
39,CC DChg,54.59999999997672,-1.6998,3.6311
39,CC DChg,54.70000000001164,-1.6998,3.6311
39,CC DChg,54.79999999998836,-1.6998,3.631
39,CC DChg,54.899999999965075,-1.6998,3.631
39,CC DChg,55.0,-1.6998,3.631
39,CC DChg,55.09999999997672,-1.6998,3.6309
39,CC DChg,55.20000000001164,-1.6998,3.6308
39,CC DChg,55.29999999998836,-1.6998,3.6308
39,CC DChg,55.399999999965075,-1.6998,3.6308
39,CC DChg,55.5,-1.6998,3.6307
39,CC DChg,55.59999999997672,-1.6998,3.6307
39,CC DChg,55.70000000001164,-1.6998,3.6306
39,CC DChg,55.79999999998836,-1.6998,3.6306
39,CC DChg,55.899999999965075,-1.6998,3.6306
39,CC DChg,56.0,-1.6998,3.6305
39,CC DChg,56.09999999997672,-1.6998,3.6304
39,CC DChg,56.20000000001164,-1.6998,3.6304
39,CC DChg,56.29999999998836,-1.6998,3.6303
39,CC DChg,56.399999999965075,-1.6998,3.6303
39,CC DChg,56.5,-1.6998,3.6302
39,CC DChg,56.59999999997672,-1.6998,3.6302
39,CC DChg,56.70000000001164,-1.6998,3.6301
39,CC DChg,56.79999999998836,-1.6998,3.6301
39,CC DChg,56.899999999965075,-1.6998,3.63
39,CC DChg,57.0,-1.6998,3.63
39,CC DChg,57.09999999997672,-1.6998,3.63
39,CC DChg,57.20000000001164,-1.6998,3.6299
39,CC DChg,57.29999999998836,-1.6998,3.6298
39,CC DChg,57.399999999965075,-1.6998,3.6298
39,CC DChg,57.5,-1.6998,3.6298
39,CC DChg,57.59999999997672,-1.6998,3.6297
39,CC DChg,57.70000000001164,-1.6998,3.6297
39,CC DChg,57.79999999998836,-1.6998,3.6296
39,CC DChg,57.899999999965075,-1.6998,3.6296
39,CC DChg,58.0,-1.6998,3.6295
39,CC DChg,58.09999999997672,-1.6998,3.6295
39,CC DChg,58.20000000001164,-1.6998,3.6294
39,CC DChg,58.29999999998836,-1.6998,3.6294
39,CC DChg,58.399999999965075,-1.6998,3.6293
39,CC DChg,58.5,-1.6998,3.6293
39,CC DChg,58.59999999997672,-1.6998,3.6293
39,CC DChg,58.70000000001164,-1.6998,3.6292
39,CC DChg,58.79999999998836,-1.6998,3.6292
39,CC DChg,58.899999999965075,-1.6998,3.6291
39,CC DChg,59.0,-1.6998,3.6291
39,CC DChg,59.09999999997672,-1.6998,3.629
39,CC DChg,59.20000000001164,-1.6998,3.6289
39,CC DChg,59.29999999998836,-1.6998,3.6289
39,CC DChg,59.399999999965075,-1.6998,3.6289
39,CC DChg,59.5,-1.6998,3.6288
39,CC DChg,59.59999999997672,-1.6999,3.6289
39,CC DChg,59.70000000001164,-1.6999,3.6288
39,CC DChg,59.79999999998836,-1.6999,3.6287
39,CC DChg,59.899999999965075,-1.6999,3.6287
39,CC DChg,60.0,-1.6999,3.6286
39,CC DChg,60.09999999997672,-1.6999,3.6286
39,CC DChg,60.20000000001164,-1.6999,3.6285
39,CC DChg,60.29999999998836,-1.6999,3.6285
39,CC DChg,60.399999999965075,-1.6999,3.6285
39,CC DChg,60.5,-1.6999,3.6284
39,CC DChg,60.59999999997672,-1.6998,3.6284
39,CC DChg,60.70000000001164,-1.6998,3.6283
39,CC DChg,60.79999999998836,-1.6998,3.6282
39,CC DChg,60.899999999965075,-1.6998,3.6282
39,CC DChg,61.0,-1.6998,3.6282
39,CC DChg,61.09999999997672,-1.6998,3.6282
39,CC DChg,61.20000000001164,-1.6998,3.6281
39,CC DChg,61.29999999998836,-1.6998,3.6281
39,CC DChg,61.399999999965075,-1.6998,3.628
39,CC DChg,61.5,-1.6998,3.628
39,CC DChg,61.59999999997672,-1.6998,3.6279
39,CC DChg,61.70000000001164,-1.6998,3.6279
39,CC DChg,61.79999999998836,-1.6998,3.6278
39,CC DChg,61.899999999965075,-1.6998,3.6278
39,CC DChg,62.0,-1.6998,3.6277
39,CC DChg,62.09999999997672,-1.6998,3.6277
39,CC DChg,62.20000000001164,-1.6998,3.6276
39,CC DChg,62.29999999998836,-1.6998,3.6276
39,CC DChg,62.399999999965075,-1.6998,3.6275
39,CC DChg,62.5,-1.6998,3.6275
39,CC DChg,62.59999999997672,-1.6998,3.6274
39,CC DChg,62.70000000001164,-1.6998,3.6274
39,CC DChg,62.79999999998836,-1.6998,3.6273
39,CC DChg,62.899999999965075,-1.6998,3.6273
39,CC DChg,63.0,-1.6998,3.6273
39,CC DChg,63.09999999997672,-1.6998,3.6272
39,CC DChg,63.20000000001164,-1.6998,3.6272
39,CC DChg,63.29999999998836,-1.6998,3.6271
39,CC DChg,63.399999999965075,-1.6998,3.6271
39,CC DChg,63.5,-1.6998,3.6271
39,CC DChg,63.59999999997672,-1.6998,3.6271
39,CC DChg,63.70000000001164,-1.6998,3.627
39,CC DChg,63.79999999998836,-1.6998,3.627
39,CC DChg,63.899999999965075,-1.6998,3.6269
39,CC DChg,64.0,-1.6998,3.6269
39,CC DChg,64.09999999997672,-1.6998,3.6268
39,CC DChg,64.20000000001164,-1.6998,3.6268
39,CC DChg,64.29999999998836,-1.6998,3.6268
39,CC DChg,64.39999999996508,-1.6998,3.6267
39,CC DChg,64.5,-1.6998,3.6266
39,CC DChg,64.59999999997672,-1.6998,3.6266
39,CC DChg,64.70000000001164,-1.6998,3.6266
39,CC DChg,64.79999999998836,-1.6998,3.6266
39,CC DChg,64.89999999996508,-1.6998,3.6265
39,CC DChg,65.0,-1.6998,3.6264
39,CC DChg,65.09999999997672,-1.6998,3.6264
39,CC DChg,65.20000000001164,-1.6998,3.6264
39,CC DChg,65.29999999998836,-1.6998,3.6263
39,CC DChg,65.39999999996508,-1.6998,3.6262
39,CC DChg,65.5,-1.6998,3.6262
39,CC DChg,65.59999999997672,-1.6998,3.6262
39,CC DChg,65.70000000001164,-1.6998,3.6262
39,CC DChg,65.79999999998836,-1.6998,3.6261
39,CC DChg,65.89999999996508,-1.6998,3.626
39,CC DChg,66.0,-1.6998,3.626
39,CC DChg,66.09999999997672,-1.6998,3.6259
39,CC DChg,66.20000000001164,-1.6998,3.6259
39,CC DChg,66.29999999998836,-1.6998,3.6259
39,CC DChg,66.39999999996508,-1.6998,3.6259
39,CC DChg,66.5,-1.6998,3.6258
39,CC DChg,66.59999999997672,-1.6998,3.6258
39,CC DChg,66.70000000001164,-1.6998,3.6257
39,CC DChg,66.79999999998836,-1.6998,3.6257
39,CC DChg,66.89999999996508,-1.6998,3.6256
39,CC DChg,67.0,-1.6998,3.6256
39,CC DChg,67.09999999997672,-1.6998,3.6255
39,CC DChg,67.20000000001164,-1.6998,3.6255
39,CC DChg,67.29999999998836,-1.6998,3.6254
39,CC DChg,67.39999999996508,-1.6998,3.6254
39,CC DChg,67.5,-1.6998,3.6253
39,CC DChg,67.59999999997672,-1.6998,3.6253
39,CC DChg,67.70000000001164,-1.6998,3.6253
39,CC DChg,67.79999999998836,-1.6998,3.6252
39,CC DChg,67.89999999996508,-1.6998,3.6252
39,CC DChg,68.0,-1.6998,3.6251
39,CC DChg,68.09999999997672,-1.6998,3.6251
39,CC DChg,68.20000000001164,-1.6998,3.6251
39,CC DChg,68.29999999998836,-1.6998,3.625
39,CC DChg,68.39999999996508,-1.6998,3.625
39,CC DChg,68.5,-1.6998,3.6249
39,CC DChg,68.59999999997672,-1.6998,3.6249
39,CC DChg,68.70000000001164,-1.6998,3.6248
39,CC DChg,68.79999999998836,-1.6998,3.6248
39,CC DChg,68.89999999996508,-1.6998,3.6248
39,CC DChg,69.0,-1.6998,3.6248
39,CC DChg,69.09999999997672,-1.6998,3.6247
39,CC DChg,69.20000000001164,-1.6998,3.6246
39,CC DChg,69.29999999998836,-1.6998,3.6246
39,CC DChg,69.39999999996508,-1.6998,3.6246
39,CC DChg,69.5,-1.6998,3.6246
39,CC DChg,69.59999999997672,-1.6998,3.6245
39,CC DChg,69.70000000001164,-1.6998,3.6244
39,CC DChg,69.79999999998836,-1.6998,3.6244
39,CC DChg,69.89999999996508,-1.6998,3.6244
39,CC DChg,70.0,-1.6998,3.6243
39,CC DChg,70.09999999997672,-1.6998,3.6243
39,CC DChg,70.20000000001164,-1.6998,3.6243
39,CC DChg,70.29999999998836,-1.6998,3.6242
39,CC DChg,70.39999999996508,-1.6998,3.6241
39,CC DChg,70.5,-1.6998,3.6241
39,CC DChg,70.59999999997672,-1.6998,3.6241
39,CC DChg,70.70000000001164,-1.6998,3.6241
39,CC DChg,70.79999999998836,-1.6998,3.624
39,CC DChg,70.89999999996508,-1.6998,3.624
39,CC DChg,71.0,-1.6998,3.6239
39,CC DChg,71.09999999997672,-1.6998,3.6239
39,CC DChg,71.20000000001164,-1.6998,3.6238
39,CC DChg,71.29999999998836,-1.6998,3.6238
39,CC DChg,71.39999999996508,-1.6998,3.6238
39,CC DChg,71.5,-1.6998,3.6237
39,CC DChg,71.59999999997672,-1.6998,3.6237
39,CC DChg,71.70000000001164,-1.6998,3.6237
39,CC DChg,71.79999999998836,-1.6998,3.6236
39,CC DChg,71.89999999996508,-1.6998,3.6235
39,CC DChg,72.0,-1.6998,3.6235
39,CC DChg,72.09999999997672,-1.6998,3.6235
39,CC DChg,72.20000000001164,-1.6998,3.6234
39,CC DChg,72.29999999998836,-1.6998,3.6234
39,CC DChg,72.39999999996508,-1.6998,3.6234
39,CC DChg,72.5,-1.6998,3.6233
39,CC DChg,72.59999999997672,-1.6998,3.6233
39,CC DChg,72.70000000001164,-1.6998,3.6233
39,CC DChg,72.79999999998836,-1.6998,3.6233
39,CC DChg,72.89999999996508,-1.6998,3.6232
39,CC DChg,73.0,-1.6998,3.6232
39,CC DChg,73.09999999997672,-1.6998,3.6231
39,CC DChg,73.20000000001164,-1.6998,3.6231
39,CC DChg,73.29999999998836,-1.6998,3.623
39,CC DChg,73.39999999996508,-1.6998,3.623
39,CC DChg,73.5,-1.6998,3.623
39,CC DChg,73.59999999997672,-1.6998,3.623
39,CC DChg,73.70000000001164,-1.6998,3.623
39,CC DChg,73.79999999998836,-1.6998,3.6229
39,CC DChg,73.89999999996508,-1.6998,3.6228
39,CC DChg,74.0,-1.6998,3.6228
39,CC DChg,74.09999999997672,-1.6998,3.6228
39,CC DChg,74.20000000001164,-1.6998,3.6227
39,CC DChg,74.29999999998836,-1.6998,3.6226
39,CC DChg,74.39999999996508,-1.6998,3.6226
39,CC DChg,74.5,-1.6998,3.6226
39,CC DChg,74.59999999997672,-1.6998,3.6225
39,CC DChg,74.70000000001164,-1.6998,3.6225
39,CC DChg,74.79999999998836,-1.6998,3.6225
39,CC DChg,74.89999999996508,-1.6998,3.6224
39,CC DChg,75.0,-1.6998,3.6224
39,CC DChg,75.09999999997672,-1.6998,3.6224
39,CC DChg,75.20000000001164,-1.6998,3.6223
39,CC DChg,75.29999999998836,-1.6998,3.6223
39,CC DChg,75.39999999996508,-1.6998,3.6223
39,CC DChg,75.5,-1.6998,3.6222
39,CC DChg,75.59999999997672,-1.6998,3.6222
39,CC DChg,75.70000000001164,-1.6998,3.6221
39,CC DChg,75.79999999998836,-1.6998,3.6221
39,CC DChg,75.89999999996508,-1.6998,3.622
39,CC DChg,76.0,-1.6998,3.622
39,CC DChg,76.09999999997672,-1.6998,3.622
39,CC DChg,76.20000000001164,-1.6998,3.6219
39,CC DChg,76.29999999998836,-1.6998,3.6219
39,CC DChg,76.39999999996508,-1.6998,3.6219
39,CC DChg,76.5,-1.6998,3.6218
39,CC DChg,76.59999999997672,-1.6998,3.6218
39,CC DChg,76.70000000001164,-1.6998,3.6218
39,CC DChg,76.79999999998836,-1.6998,3.6217
39,CC DChg,76.89999999996508,-1.6998,3.6217
39,CC DChg,77.0,-1.6998,3.6216
39,CC DChg,77.09999999997672,-1.6998,3.6216
39,CC DChg,77.20000000001164,-1.6998,3.6216
39,CC DChg,77.29999999998836,-1.6998,3.6216
39,CC DChg,77.39999999996508,-1.6998,3.6215
39,CC DChg,77.5,-1.6998,3.6215
39,CC DChg,77.59999999997672,-1.6998,3.6215
39,CC DChg,77.70000000001164,-1.6998,3.6214
39,CC DChg,77.79999999998836,-1.6998,3.6214
39,CC DChg,77.89999999996508,-1.6998,3.6214
39,CC DChg,78.0,-1.6998,3.6213
39,CC DChg,78.09999999997672,-1.6998,3.6213
39,CC DChg,78.20000000001164,-1.6998,3.6212
39,CC DChg,78.29999999998836,-1.6998,3.6212
39,CC DChg,78.39999999996508,-1.6998,3.6212
39,CC DChg,78.5,-1.6998,3.6211
39,CC DChg,78.59999999997672,-1.6998,3.6211
39,CC DChg,78.70000000001164,-1.6998,3.6211
39,CC DChg,78.79999999998836,-1.6998,3.621
39,CC DChg,78.89999999996508,-1.6998,3.621
39,CC DChg,79.0,-1.6998,3.621
39,CC DChg,79.09999999997672,-1.6998,3.6209
39,CC DChg,79.20000000001164,-1.6998,3.6209
39,CC DChg,79.29999999998836,-1.6998,3.6208
39,CC DChg,79.39999999996508,-1.6998,3.6208
39,CC DChg,79.5,-1.6998,3.6207
39,CC DChg,79.59999999997672,-1.6998,3.6207
39,CC DChg,79.70000000001164,-1.6998,3.6207
39,CC DChg,79.79999999998836,-1.6998,3.6207
39,CC DChg,79.89999999996508,-1.6998,3.6206
39,CC DChg,80.0,-1.6998,3.6206
39,CC DChg,80.09999999997672,-1.6998,3.6206
39,CC DChg,80.20000000001164,-1.6998,3.6205
39,CC DChg,80.29999999998836,-1.6998,3.6205
39,CC DChg,80.39999999996508,-1.6998,3.6204
39,CC DChg,80.5,-1.6998,3.6204
39,CC DChg,80.59999999997672,-1.6998,3.6204
39,CC DChg,80.70000000001164,-1.6998,3.6203
39,CC DChg,80.79999999998836,-1.6998,3.6203
39,CC DChg,80.89999999996508,-1.6998,3.6202
39,CC DChg,81.0,-1.6998,3.6202
39,CC DChg,81.09999999997672,-1.6998,3.6202
39,CC DChg,81.20000000001164,-1.6998,3.6201
39,CC DChg,81.29999999998836,-1.6998,3.6201
39,CC DChg,81.39999999996508,-1.6998,3.6201
39,CC DChg,81.5,-1.6998,3.6201
39,CC DChg,81.59999999997672,-1.6998,3.62
39,CC DChg,81.70000000001164,-1.6998,3.62
39,CC DChg,81.79999999998836,-1.6998,3.6199
39,CC DChg,81.89999999996508,-1.6998,3.6199
39,CC DChg,82.0,-1.6998,3.6199
39,CC DChg,82.09999999997672,-1.6998,3.6199
39,CC DChg,82.20000000001164,-1.6998,3.6198
39,CC DChg,82.29999999998836,-1.6998,3.6198
39,CC DChg,82.39999999996508,-1.6998,3.6197
39,CC DChg,82.5,-1.6998,3.6197
39,CC DChg,82.59999999997672,-1.6998,3.6196
39,CC DChg,82.70000000001164,-1.6998,3.6196
39,CC DChg,82.79999999998836,-1.6998,3.6196
39,CC DChg,82.89999999996508,-1.6998,3.6195
39,CC DChg,83.0,-1.6998,3.6195
39,CC DChg,83.09999999997672,-1.6998,3.6195
39,CC DChg,83.20000000001164,-1.6998,3.6195
39,CC DChg,83.29999999998836,-1.6998,3.6194
39,CC DChg,83.39999999996508,-1.6998,3.6194
39,CC DChg,83.5,-1.6998,3.6193
39,CC DChg,83.59999999997672,-1.6998,3.6193
39,CC DChg,83.70000000001164,-1.6998,3.6193
39,CC DChg,83.79999999998836,-1.6998,3.6192
39,CC DChg,83.89999999996508,-1.6998,3.6192
39,CC DChg,84.0,-1.6998,3.6192
39,CC DChg,84.09999999997672,-1.6998,3.6192
39,CC DChg,84.20000000001164,-1.6998,3.6191
39,CC DChg,84.29999999998836,-1.6998,3.6191
39,CC DChg,84.39999999996508,-1.6998,3.619
39,CC DChg,84.5,-1.6998,3.619
39,CC DChg,84.59999999997672,-1.6998,3.6189
39,CC DChg,84.70000000001164,-1.6998,3.6189
39,CC DChg,84.79999999998836,-1.6998,3.6189
39,CC DChg,84.89999999996508,-1.6998,3.6189
39,CC DChg,85.0,-1.6998,3.6188
39,CC DChg,85.09999999997672,-1.6998,3.6188
39,CC DChg,85.20000000001164,-1.6998,3.6188
39,CC DChg,85.29999999998836,-1.6998,3.6187
39,CC DChg,85.39999999996508,-1.6998,3.6187
39,CC DChg,85.5,-1.6998,3.6187
39,CC DChg,85.59999999997672,-1.6998,3.6186
39,CC DChg,85.70000000001164,-1.6998,3.6186
39,CC DChg,85.79999999998836,-1.6998,3.6186
39,CC DChg,85.89999999996508,-1.6998,3.6185
39,CC DChg,86.0,-1.6998,3.6185
39,CC DChg,86.09999999997672,-1.6998,3.6185
39,CC DChg,86.20000000001164,-1.6998,3.6185
39,CC DChg,86.29999999998836,-1.6998,3.6184
39,CC DChg,86.39999999996508,-1.6998,3.6184
39,CC DChg,86.5,-1.6998,3.6184
39,CC DChg,86.59999999997672,-1.6998,3.6184
39,CC DChg,86.70000000001164,-1.6998,3.6183
39,CC DChg,86.79999999998836,-1.6998,3.6183
39,CC DChg,86.89999999996508,-1.6998,3.6183
39,CC DChg,87.0,-1.6998,3.6182
39,CC DChg,87.09999999997672,-1.6998,3.6182
39,CC DChg,87.20000000001164,-1.6998,3.6181
39,CC DChg,87.29999999998836,-1.6998,3.6181
39,CC DChg,87.39999999996508,-1.6998,3.6181
39,CC DChg,87.5,-1.6998,3.618
39,CC DChg,87.59999999997672,-1.6998,3.618
39,CC DChg,87.70000000001164,-1.6998,3.618
39,CC DChg,87.79999999998836,-1.6998,3.618
39,CC DChg,87.89999999996508,-1.6998,3.6179
39,CC DChg,88.0,-1.6998,3.6179
39,CC DChg,88.09999999997672,-1.6998,3.6178
39,CC DChg,88.20000000001164,-1.6998,3.6178
39,CC DChg,88.29999999998836,-1.6998,3.6177
39,CC DChg,88.39999999996508,-1.6998,3.6177
39,CC DChg,88.5,-1.6998,3.6177
39,CC DChg,88.59999999997672,-1.6998,3.6177
39,CC DChg,88.70000000001164,-1.6998,3.6176
39,CC DChg,88.79999999998836,-1.6998,3.6176
39,CC DChg,88.89999999996508,-1.6998,3.6176
39,CC DChg,89.0,-1.6998,3.6175
39,CC DChg,89.09999999997672,-1.6998,3.6175
39,CC DChg,89.20000000001164,-1.6998,3.6175
39,CC DChg,89.29999999998836,-1.6998,3.6174
39,CC DChg,89.39999999996508,-1.6998,3.6174
39,CC DChg,89.5,-1.6998,3.6173
39,CC DChg,89.59999999997672,-1.6998,3.6173
39,CC DChg,89.70000000001164,-1.6998,3.6173
39,CC DChg,89.79999999998836,-1.6998,3.6172
39,CC DChg,89.89999999996508,-1.6998,3.6172
39,CC DChg,90.0,-1.6998,3.6172
39,CC DChg,90.09999999997672,-1.6998,3.6172
39,CC DChg,90.20000000001164,-1.6998,3.6171
39,CC DChg,90.29999999998836,-1.6998,3.6171
39,CC DChg,90.39999999996508,-1.6998,3.6171
39,CC DChg,90.5,-1.6998,3.617
39,CC DChg,90.59999999997672,-1.6998,3.617
39,CC DChg,90.70000000001164,-1.6999,3.617
39,CC DChg,90.79999999998836,-1.6999,3.617
39,CC DChg,90.89999999996508,-1.6999,3.6169
39,CC DChg,91.0,-1.6999,3.6169
39,CC DChg,91.09999999997672,-1.6999,3.6168
39,CC DChg,91.20000000001164,-1.6999,3.6169
39,CC DChg,91.29999999998836,-1.6999,3.6168
39,CC DChg,91.39999999996508,-1.6999,3.6168
39,CC DChg,91.5,-1.6999,3.6167
39,CC DChg,91.59999999997672,-1.6999,3.6167
39,CC DChg,91.70000000001164,-1.6999,3.6167
39,CC DChg,91.79999999998836,-1.6999,3.6166
39,CC DChg,91.89999999996508,-1.6999,3.6166
39,CC DChg,92.0,-1.6999,3.6166
39,CC DChg,92.09999999997672,-1.6999,3.6166
39,CC DChg,92.20000000001164,-1.6999,3.6165
39,CC DChg,92.29999999998836,-1.6999,3.6165
39,CC DChg,92.39999999996508,-1.6999,3.6165
39,CC DChg,92.5,-1.6999,3.6164
39,CC DChg,92.59999999997672,-1.6999,3.6164
39,CC DChg,92.70000000001164,-1.6999,3.6164
39,CC DChg,92.79999999998836,-1.6999,3.6164
39,CC DChg,92.89999999996508,-1.6999,3.6163
39,CC DChg,93.0,-1.6999,3.6163
39,CC DChg,93.09999999997672,-1.6999,3.6163
39,CC DChg,93.20000000001164,-1.6999,3.6163
39,CC DChg,93.29999999998836,-1.6999,3.6162
39,CC DChg,93.39999999996508,-1.6999,3.6162
39,CC DChg,93.5,-1.6999,3.6162
39,CC DChg,93.59999999997672,-1.6999,3.6161
39,CC DChg,93.70000000001164,-1.6999,3.6161
39,CC DChg,93.79999999998836,-1.6999,3.6161
39,CC DChg,93.89999999996508,-1.6999,3.616
39,CC DChg,94.0,-1.6999,3.616
39,CC DChg,94.09999999997672,-1.6999,3.616
39,CC DChg,94.20000000001164,-1.6999,3.616
39,CC DChg,94.29999999998836,-1.6999,3.6159
39,CC DChg,94.39999999996508,-1.6999,3.6159
39,CC DChg,94.5,-1.6999,3.6159
39,CC DChg,94.59999999997672,-1.6999,3.6158
39,CC DChg,94.70000000001164,-1.6999,3.6158
39,CC DChg,94.79999999998836,-1.6999,3.6158
39,CC DChg,94.89999999996508,-1.6999,3.6157
39,CC DChg,95.0,-1.6999,3.6157
39,CC DChg,95.09999999997672,-1.6999,3.6157
39,CC DChg,95.20000000001164,-1.6999,3.6157
39,CC DChg,95.29999999998836,-1.6999,3.6156
39,CC DChg,95.39999999996508,-1.6999,3.6156
39,CC DChg,95.5,-1.6999,3.6156
39,CC DChg,95.59999999997672,-1.6999,3.6155
39,CC DChg,95.70000000001164,-1.6999,3.6155
39,CC DChg,95.79999999998836,-1.6999,3.6155
39,CC DChg,95.89999999996508,-1.6999,3.6155
39,CC DChg,96.0,-1.6999,3.6155
39,CC DChg,96.09999999997672,-1.6999,3.6154
39,CC DChg,96.20000000001164,-1.6999,3.6154
39,CC DChg,96.29999999998836,-1.6999,3.6153
39,CC DChg,96.39999999996508,-1.6999,3.6153
39,CC DChg,96.5,-1.6999,3.6152
39,CC DChg,96.59999999997672,-1.6999,3.6152
39,CC DChg,96.70000000001164,-1.6999,3.6152
39,CC DChg,96.79999999998836,-1.6999,3.6152
39,CC DChg,96.89999999996508,-1.6999,3.6151
39,CC DChg,97.0,-1.6999,3.6151
39,CC DChg,97.09999999997672,-1.6999,3.6151
39,CC DChg,97.20000000001164,-1.6999,3.615
39,CC DChg,97.29999999998836,-1.6999,3.615
39,CC DChg,97.39999999996508,-1.6999,3.615
39,CC DChg,97.5,-1.6999,3.615
39,CC DChg,97.59999999997672,-1.6999,3.6149
39,CC DChg,97.70000000001164,-1.6999,3.6149
39,CC DChg,97.79999999998836,-1.6999,3.6149
39,CC DChg,97.89999999996508,-1.6999,3.6148
39,CC DChg,98.0,-1.6999,3.6148
39,CC DChg,98.09999999997672,-1.6999,3.6147
39,CC DChg,98.20000000001164,-1.6999,3.6147
39,CC DChg,98.29999999998836,-1.6999,3.6147
39,CC DChg,98.39999999996508,-1.6999,3.6147
39,CC DChg,98.5,-1.6999,3.6146
39,CC DChg,98.59999999997672,-1.6999,3.6146
39,CC DChg,98.70000000001164,-1.6999,3.6145
39,CC DChg,98.79999999998836,-1.6999,3.6145
39,CC DChg,98.89999999996508,-1.6999,3.6145
39,CC DChg,99.0,-1.6998,3.6144
39,CC DChg,99.09999999997672,-1.6998,3.6144
39,CC DChg,99.20000000001164,-1.6998,3.6144
39,CC DChg,99.29999999998836,-1.6998,3.6143
39,CC DChg,99.39999999996508,-1.6998,3.6143
39,CC DChg,99.5,-1.6998,3.6143
39,CC DChg,99.59999999997672,-1.6998,3.6142
39,CC DChg,99.70000000001164,-1.6998,3.6142
39,CC DChg,99.79999999998836,-1.6998,3.6142
39,CC DChg,99.89999999996508,-1.6998,3.6142
39,CC DChg,100.0,-1.6998,3.6142
39,CC DChg,100.09999999997672,-1.6998,3.6141
39,CC DChg,100.20000000001164,-1.6998,3.6141
39,CC DChg,100.29999999998836,-1.6998,3.614
39,CC DChg,100.39999999996508,-1.6998,3.614
39,CC DChg,100.5,-1.6998,3.614
39,CC DChg,100.59999999997672,-1.6999,3.614
39,CC DChg,100.70000000001164,-1.6999,3.6139
39,CC DChg,100.79999999998836,-1.6999,3.6139
39,CC DChg,100.89999999996508,-1.6999,3.6139
39,CC DChg,101.0,-1.6999,3.6139
39,CC DChg,101.09999999997672,-1.6999,3.6139
39,CC DChg,101.20000000001164,-1.6999,3.6138
39,CC DChg,101.29999999998836,-1.6999,3.6138
39,CC DChg,101.39999999996508,-1.6999,3.6138
39,CC DChg,101.5,-1.6999,3.6137
39,CC DChg,101.59999999997672,-1.6999,3.6137
39,CC DChg,101.70000000001164,-1.6999,3.6137
39,CC DChg,101.79999999998836,-1.6999,3.6136
39,CC DChg,101.89999999996508,-1.6999,3.6136
39,CC DChg,102.0,-1.6999,3.6136
39,CC DChg,102.09999999997672,-1.6999,3.6136
39,CC DChg,102.20000000001164,-1.6999,3.6135
39,CC DChg,102.29999999998836,-1.6999,3.6135
39,CC DChg,102.39999999996508,-1.6999,3.6135
39,CC DChg,102.5,-1.6999,3.6134
39,CC DChg,102.59999999997672,-1.6999,3.6134
39,CC DChg,102.70000000001164,-1.6999,3.6134
39,CC DChg,102.79999999998836,-1.6999,3.6133
39,CC DChg,102.89999999996508,-1.6999,3.6133
39,CC DChg,103.0,-1.6999,3.6133
39,CC DChg,103.09999999997672,-1.6999,3.6132
39,CC DChg,103.20000000001164,-1.6999,3.6132
39,CC DChg,103.29999999998836,-1.6999,3.6132
39,CC DChg,103.39999999996508,-1.6999,3.6132
39,CC DChg,103.5,-1.6999,3.6131
39,CC DChg,103.59999999997672,-1.6999,3.6131
39,CC DChg,103.70000000001164,-1.6999,3.6131
39,CC DChg,103.79999999998836,-1.6999,3.613
39,CC DChg,103.89999999996508,-1.6999,3.613
39,CC DChg,104.0,-1.6999,3.613
39,CC DChg,104.09999999997672,-1.6999,3.613
39,CC DChg,104.20000000001164,-1.6999,3.6129
39,CC DChg,104.29999999998836,-1.6999,3.6129
39,CC DChg,104.39999999996508,-1.6999,3.6129
39,CC DChg,104.5,-1.6999,3.6129
39,CC DChg,104.59999999997672,-1.6999,3.6128
39,CC DChg,104.70000000001164,-1.6999,3.6128
39,CC DChg,104.79999999998836,-1.6999,3.6128
39,CC DChg,104.89999999996508,-1.6999,3.6128
39,CC DChg,105.0,-1.6999,3.6127
39,CC DChg,105.09999999997672,-1.6999,3.6127
39,CC DChg,105.20000000001164,-1.6999,3.6127
39,CC DChg,105.29999999998836,-1.6999,3.6127
39,CC DChg,105.39999999996508,-1.6999,3.6126
39,CC DChg,105.5,-1.6999,3.6126
39,CC DChg,105.59999999997672,-1.6999,3.6125
39,CC DChg,105.70000000001164,-1.6999,3.6125
39,CC DChg,105.79999999998836,-1.6999,3.6125
39,CC DChg,105.89999999996508,-1.6999,3.6124
39,CC DChg,106.0,-1.6999,3.6124
39,CC DChg,106.09999999997672,-1.6999,3.6124
39,CC DChg,106.20000000001164,-1.6999,3.6124
39,CC DChg,106.29999999998836,-1.6999,3.6123
39,CC DChg,106.39999999996508,-1.6999,3.6123
39,CC DChg,106.5,-1.6999,3.6123
39,CC DChg,106.59999999997672,-1.6999,3.6122
39,CC DChg,106.70000000001164,-1.6999,3.6122
39,CC DChg,106.79999999998836,-1.6999,3.6122
39,CC DChg,106.89999999996508,-1.6999,3.6122
39,CC DChg,107.0,-1.6999,3.6122
39,CC DChg,107.09999999997672,-1.6999,3.6122
39,CC DChg,107.20000000001164,-1.6999,3.6121
39,CC DChg,107.29999999998836,-1.6999,3.6121
39,CC DChg,107.39999999996508,-1.6999,3.612
39,CC DChg,107.5,-1.6999,3.612
39,CC DChg,107.59999999997672,-1.6999,3.612
39,CC DChg,107.70000000001164,-1.6999,3.6119
39,CC DChg,107.79999999998836,-1.6999,3.6119
39,CC DChg,107.89999999996508,-1.6999,3.6119
39,CC DChg,108.0,-1.6999,3.6119
39,CC DChg,108.09999999997672,-1.6999,3.6119
39,CC DChg,108.20000000001164,-1.6999,3.6118
39,CC DChg,108.29999999998836,-1.6999,3.6118
39,CC DChg,108.39999999996508,-1.6999,3.6118
39,CC DChg,108.5,-1.6999,3.6117
39,CC DChg,108.59999999997672,-1.6999,3.6117
39,CC DChg,108.70000000001164,-1.6999,3.6117
39,CC DChg,108.79999999998836,-1.6999,3.6116
39,CC DChg,108.89999999996508,-1.6999,3.6116
39,CC DChg,109.0,-1.6999,3.6116
39,CC DChg,109.09999999997672,-1.6999,3.6116
39,CC DChg,109.20000000001164,-1.6999,3.6116
39,CC DChg,109.29999999998836,-1.6998,3.6115
39,CC DChg,109.39999999996508,-1.6998,3.6115
39,CC DChg,109.5,-1.6998,3.6115
39,CC DChg,109.59999999997672,-1.6998,3.6114
39,CC DChg,109.70000000001164,-1.6998,3.6114
39,CC DChg,109.79999999998836,-1.6998,3.6114
39,CC DChg,109.89999999996508,-1.6998,3.6114
39,CC DChg,110.0,-1.6998,3.6113
39,CC DChg,110.09999999997672,-1.6998,3.6113
39,CC DChg,110.20000000001164,-1.6998,3.6113
39,CC DChg,110.29999999998836,-1.6998,3.6113
39,CC DChg,110.39999999996508,-1.6998,3.6112
39,CC DChg,110.5,-1.6998,3.6112
39,CC DChg,110.59999999997672,-1.6998,3.6112
39,CC DChg,110.70000000001164,-1.6998,3.6112
39,CC DChg,110.79999999998836,-1.6998,3.6111
39,CC DChg,110.89999999996508,-1.6998,3.6111
39,CC DChg,111.0,-1.6998,3.6111
39,CC DChg,111.09999999997672,-1.6998,3.611
39,CC DChg,111.20000000001164,-1.6998,3.611
39,CC DChg,111.29999999998836,-1.6998,3.611
39,CC DChg,111.39999999996508,-1.6998,3.6109
39,CC DChg,111.5,-1.6998,3.6109
39,CC DChg,111.59999999997672,-1.6998,3.6109
39,CC DChg,111.70000000001164,-1.6998,3.6109
39,CC DChg,111.79999999998836,-1.6998,3.6108
39,CC DChg,111.89999999996508,-1.6998,3.6108
39,CC DChg,112.0,-1.6998,3.6108
39,CC DChg,112.09999999997672,-1.6998,3.6107
39,CC DChg,112.20000000001164,-1.6998,3.6107
39,CC DChg,112.29999999998836,-1.6998,3.6107
39,CC DChg,112.39999999996508,-1.6998,3.6106
39,CC DChg,112.5,-1.6998,3.6106
39,CC DChg,112.59999999997672,-1.6998,3.6106
39,CC DChg,112.70000000001164,-1.6998,3.6105
39,CC DChg,112.79999999998836,-1.6998,3.6105
39,CC DChg,112.89999999996508,-1.6998,3.6105
39,CC DChg,113.0,-1.6998,3.6104
39,CC DChg,113.09999999997672,-1.6998,3.6104
39,CC DChg,113.20000000001164,-1.6998,3.6104
39,CC DChg,113.29999999998836,-1.6998,3.6104
39,CC DChg,113.39999999996508,-1.6998,3.6103
39,CC DChg,113.5,-1.6998,3.6103
39,CC DChg,113.59999999997672,-1.6998,3.6103
39,CC DChg,113.70000000001164,-1.6998,3.6102
39,CC DChg,113.79999999998836,-1.6998,3.6102
39,CC DChg,113.89999999996508,-1.6998,3.6102
39,CC DChg,114.0,-1.6998,3.6102
39,CC DChg,114.09999999997672,-1.6998,3.6102
39,CC DChg,114.20000000001164,-1.6998,3.6101
39,CC DChg,114.29999999998836,-1.6998,3.6101
39,CC DChg,114.39999999996508,-1.6998,3.6101
39,CC DChg,114.5,-1.6998,3.6101
39,CC DChg,114.59999999997672,-1.6998,3.61
39,CC DChg,114.70000000001164,-1.6998,3.61
39,CC DChg,114.79999999998836,-1.6998,3.61
39,CC DChg,114.89999999996508,-1.6998,3.6099
39,CC DChg,115.0,-1.6998,3.6099
39,CC DChg,115.09999999997672,-1.6998,3.6099
39,CC DChg,115.20000000001164,-1.6998,3.6099
39,CC DChg,115.29999999998836,-1.6998,3.6098
39,CC DChg,115.39999999996508,-1.6998,3.6098
39,CC DChg,115.5,-1.6998,3.6098
39,CC DChg,115.59999999997672,-1.6998,3.6098
39,CC DChg,115.70000000001164,-1.6998,3.6097
39,CC DChg,115.79999999998836,-1.6998,3.6097
39,CC DChg,115.89999999996508,-1.6998,3.6097
39,CC DChg,116.0,-1.6998,3.6096
39,CC DChg,116.09999999997672,-1.6998,3.6096
39,CC DChg,116.20000000001164,-1.6998,3.6096
39,CC DChg,116.29999999998836,-1.6998,3.6096
39,CC DChg,116.39999999996508,-1.6998,3.6095
39,CC DChg,116.5,-1.6998,3.6095
39,CC DChg,116.59999999997672,-1.6998,3.6095
39,CC DChg,116.70000000001164,-1.6998,3.6095
39,CC DChg,116.79999999998836,-1.6998,3.6095
39,CC DChg,116.89999999996508,-1.6998,3.6094
39,CC DChg,117.0,-1.6998,3.6094
39,CC DChg,117.09999999997672,-1.6998,3.6094
39,CC DChg,117.20000000001164,-1.6998,3.6093
39,CC DChg,117.29999999998836,-1.6998,3.6093
39,CC DChg,117.39999999996508,-1.6998,3.6093
39,CC DChg,117.5,-1.6998,3.6093
39,CC DChg,117.59999999997672,-1.6998,3.6092
39,CC DChg,117.70000000001164,-1.6998,3.6092
39,CC DChg,117.79999999998836,-1.6998,3.6092
39,CC DChg,117.89999999996508,-1.6998,3.6092
39,CC DChg,118.0,-1.6998,3.6091
39,CC DChg,118.09999999997672,-1.6998,3.6091
39,CC DChg,118.20000000001164,-1.6998,3.6091
39,CC DChg,118.29999999998836,-1.6998,3.6091
39,CC DChg,118.39999999996508,-1.6998,3.609
39,CC DChg,118.5,-1.6998,3.609
39,CC DChg,118.59999999997672,-1.6998,3.609
39,CC DChg,118.70000000001164,-1.6998,3.609
39,CC DChg,118.79999999998836,-1.6998,3.6089
39,CC DChg,118.89999999996508,-1.6998,3.6089
39,CC DChg,119.0,-1.6998,3.6089
39,CC DChg,119.09999999997672,-1.6998,3.6089
39,CC DChg,119.20000000001164,-1.6998,3.6088
39,CC DChg,119.29999999998836,-1.6998,3.6088
39,CC DChg,119.39999999996508,-1.6998,3.6088
39,CC DChg,119.5,-1.6998,3.6088
39,CC DChg,119.59999999997672,-1.6998,3.6087
39,CC DChg,119.70000000001164,-1.6998,3.6087
39,CC DChg,119.79999999998836,-1.6998,3.6087
39,CC DChg,119.89999999996508,-1.6998,3.6087
39,CC DChg,120.0,-1.6998,3.6087
39,CC DChg,120.09999999997672,-1.6998,3.6086
39,CC DChg,120.20000000001164,-1.6998,3.6086
39,CC DChg,120.29999999998836,-1.6998,3.6086
39,CC DChg,120.39999999996508,-1.6998,3.6086
39,CC DChg,120.5,-1.6998,3.6086
39,CC DChg,120.59999999997672,-1.6998,3.6085
39,CC DChg,120.70000000001164,-1.6998,3.6085
39,CC DChg,120.79999999998836,-1.6998,3.6084
39,CC DChg,120.89999999996508,-1.6998,3.6084
39,CC DChg,121.0,-1.6998,3.6084
39,CC DChg,121.09999999997672,-1.6998,3.6083
39,CC DChg,121.20000000001164,-1.6998,3.6083
39,CC DChg,121.29999999998836,-1.6998,3.6083
39,CC DChg,121.39999999996508,-1.6998,3.6083
39,CC DChg,121.5,-1.6998,3.6082
39,CC DChg,121.59999999997672,-1.6998,3.6082
39,CC DChg,121.70000000001164,-1.6998,3.6082
39,CC DChg,121.79999999998836,-1.6998,3.6081
39,CC DChg,121.89999999996508,-1.6998,3.6081
39,CC DChg,122.0,-1.6998,3.6081
39,CC DChg,122.09999999997672,-1.6998,3.6081
39,CC DChg,122.20000000001164,-1.6998,3.6081
39,CC DChg,122.29999999998836,-1.6998,3.608
39,CC DChg,122.39999999996508,-1.6998,3.608
39,CC DChg,122.5,-1.6998,3.608
39,CC DChg,122.59999999997672,-1.6998,3.6079
39,CC DChg,122.70000000001164,-1.6998,3.6079
39,CC DChg,122.79999999998836,-1.6998,3.6079
39,CC DChg,122.89999999996508,-1.6998,3.6079
39,CC DChg,123.0,-1.6998,3.6079
39,CC DChg,123.09999999997672,-1.6998,3.6079
39,CC DChg,123.20000000001164,-1.6998,3.6079
39,CC DChg,123.29999999998836,-1.6998,3.6078
39,CC DChg,123.39999999996508,-1.6998,3.6078
39,CC DChg,123.5,-1.6998,3.6077
39,CC DChg,123.59999999997672,-1.6998,3.6077
39,CC DChg,123.70000000001164,-1.6998,3.6077
39,CC DChg,123.79999999998836,-1.6998,3.6077
39,CC DChg,123.89999999996508,-1.6998,3.6077
39,CC DChg,124.0,-1.6998,3.6076
39,CC DChg,124.09999999997672,-1.6998,3.6076
39,CC DChg,124.20000000001164,-1.6998,3.6076
39,CC DChg,124.29999999998836,-1.6998,3.6075
39,CC DChg,124.39999999996508,-1.6998,3.6075
39,CC DChg,124.5,-1.6998,3.6075
39,CC DChg,124.59999999997672,-1.6998,3.6075
39,CC DChg,124.70000000001164,-1.6998,3.6075
39,CC DChg,124.79999999998836,-1.6998,3.6074
39,CC DChg,124.89999999996508,-1.6998,3.6074
39,CC DChg,125.0,-1.6998,3.6074
39,CC DChg,125.09999999997672,-1.6998,3.6073
39,CC DChg,125.20000000001164,-1.6998,3.6073
39,CC DChg,125.29999999998836,-1.6998,3.6073
39,CC DChg,125.39999999996508,-1.6998,3.6073
39,CC DChg,125.5,-1.6998,3.6073
39,CC DChg,125.59999999997672,-1.6998,3.6072
39,CC DChg,125.70000000001164,-1.6998,3.6072
39,CC DChg,125.79999999998836,-1.6998,3.6072
39,CC DChg,125.89999999996508,-1.6998,3.6072
39,CC DChg,126.0,-1.6998,3.6071
39,CC DChg,126.09999999997672,-1.6998,3.6071
39,CC DChg,126.20000000001164,-1.6998,3.6071
39,CC DChg,126.29999999998836,-1.6998,3.607
39,CC DChg,126.39999999996508,-1.6998,3.607
39,CC DChg,126.5,-1.6999,3.6069
39,CC DChg,126.59999999997672,-1.6999,3.6069
39,CC DChg,126.70000000001164,-1.6999,3.6069
39,CC DChg,126.79999999998836,-1.6999,3.6069
39,CC DChg,126.89999999996508,-1.6999,3.6069
39,CC DChg,127.0,-1.6999,3.6068
39,CC DChg,127.09999999997672,-1.6999,3.6068
39,CC DChg,127.20000000001164,-1.6999,3.6068
39,CC DChg,127.29999999998836,-1.6999,3.6068
39,CC DChg,127.39999999996508,-1.6999,3.6068
39,CC DChg,127.5,-1.6999,3.6067
39,CC DChg,127.59999999997672,-1.6999,3.6068
39,CC DChg,127.70000000001164,-1.6999,3.6067
39,CC DChg,127.79999999998836,-1.6999,3.6067
39,CC DChg,127.89999999996508,-1.6999,3.6067
39,CC DChg,128.0,-1.6999,3.6067
39,CC DChg,128.09999999997672,-1.6999,3.6067
39,CC DChg,128.20000000001164,-1.6999,3.6066
39,CC DChg,128.29999999998836,-1.6999,3.6066
39,CC DChg,128.39999999996508,-1.6999,3.6066
39,CC DChg,128.5,-1.6999,3.6066
39,CC DChg,128.59999999997672,-1.6999,3.6065
39,CC DChg,128.70000000001164,-1.6999,3.6065
39,CC DChg,128.79999999998836,-1.6999,3.6065
39,CC DChg,128.89999999996508,-1.6999,3.6064
39,CC DChg,129.0,-1.6999,3.6064
39,CC DChg,129.09999999997672,-1.6999,3.6064
39,CC DChg,129.20000000001164,-1.6999,3.6064
39,CC DChg,129.29999999998836,-1.6999,3.6064
39,CC DChg,129.39999999996508,-1.6999,3.6063
39,CC DChg,129.5,-1.6999,3.6063
39,CC DChg,129.59999999997672,-1.6999,3.6063
39,CC DChg,129.70000000001164,-1.6999,3.6063
39,CC DChg,129.79999999998836,-1.6999,3.6062
39,CC DChg,129.89999999996508,-1.6999,3.6062
39,CC DChg,130.0,-1.6999,3.6062
39,CC DChg,130.09999999997672,-1.6999,3.6062
39,CC DChg,130.20000000001164,-1.6999,3.6061
39,CC DChg,130.29999999998836,-1.6999,3.6061
39,CC DChg,130.39999999996508,-1.6999,3.6061
39,CC DChg,130.5,-1.6999,3.606
39,CC DChg,130.59999999997672,-1.6999,3.606
39,CC DChg,130.70000000001164,-1.6999,3.606
39,CC DChg,130.79999999998836,-1.6999,3.606
39,CC DChg,130.89999999996508,-1.6999,3.6059
39,CC DChg,131.0,-1.6999,3.6059
39,CC DChg,131.09999999997672,-1.6999,3.6059
39,CC DChg,131.20000000001164,-1.6999,3.6059
39,CC DChg,131.29999999998836,-1.6999,3.6058
39,CC DChg,131.39999999996508,-1.6999,3.6058
39,CC DChg,131.5,-1.6999,3.6058
39,CC DChg,131.59999999997672,-1.6999,3.6058
39,CC DChg,131.70000000001164,-1.6999,3.6058
39,CC DChg,131.79999999998836,-1.6999,3.6057
39,CC DChg,131.89999999996508,-1.6999,3.6057
39,CC DChg,132.0,-1.6999,3.6057
39,CC DChg,132.09999999997672,-1.6999,3.6056
39,CC DChg,132.20000000001164,-1.6999,3.6056
39,CC DChg,132.29999999998836,-1.6999,3.6056
39,CC DChg,132.39999999996508,-1.6999,3.6056
39,CC DChg,132.5,-1.6999,3.6055
39,CC DChg,132.59999999997672,-1.6999,3.6055
39,CC DChg,132.70000000001164,-1.6999,3.6055
39,CC DChg,132.79999999998836,-1.6999,3.6055
39,CC DChg,132.89999999996508,-1.6999,3.6054
39,CC DChg,133.0,-1.6999,3.6054
39,CC DChg,133.09999999997672,-1.6999,3.6054
39,CC DChg,133.20000000001164,-1.6999,3.6054
39,CC DChg,133.29999999998836,-1.6999,3.6054
39,CC DChg,133.39999999996508,-1.6999,3.6053
39,CC DChg,133.5,-1.6999,3.6053
39,CC DChg,133.59999999997672,-1.6999,3.6053
39,CC DChg,133.70000000001164,-1.6999,3.6052
39,CC DChg,133.79999999998836,-1.6999,3.6052
39,CC DChg,133.89999999996508,-1.6999,3.6052
39,CC DChg,134.0,-1.6999,3.6052
39,CC DChg,134.09999999997672,-1.6999,3.6052
39,CC DChg,134.20000000001164,-1.6999,3.6051
39,CC DChg,134.29999999998836,-1.6999,3.6051
39,CC DChg,134.39999999996508,-1.6999,3.6051
39,CC DChg,134.5,-1.6999,3.605
39,CC DChg,134.59999999997672,-1.6999,3.605
39,CC DChg,134.70000000001164,-1.6999,3.605
39,CC DChg,134.79999999998836,-1.6999,3.605
39,CC DChg,134.89999999996508,-1.6999,3.605
39,CC DChg,135.0,-1.6999,3.6049
39,CC DChg,135.09999999997672,-1.6999,3.6049
39,CC DChg,135.20000000001164,-1.6999,3.6049
39,CC DChg,135.29999999998836,-1.6999,3.6049
39,CC DChg,135.39999999996508,-1.6999,3.6048
39,CC DChg,135.5,-1.6999,3.6048
39,CC DChg,135.59999999997672,-1.6999,3.6048
39,CC DChg,135.70000000001164,-1.6999,3.6047
39,CC DChg,135.79999999998836,-1.6999,3.6047
39,CC DChg,135.89999999996508,-1.6999,3.6047
39,CC DChg,136.0,-1.6999,3.6047
39,CC DChg,136.09999999997672,-1.6999,3.6047
39,CC DChg,136.20000000001164,-1.6999,3.6047
39,CC DChg,136.29999999998836,-1.6999,3.6046
39,CC DChg,136.39999999996508,-1.6999,3.6046
39,CC DChg,136.5,-1.6999,3.6046
39,CC DChg,136.59999999997672,-1.6999,3.6046
39,CC DChg,136.70000000001164,-1.6999,3.6045
39,CC DChg,136.79999999998836,-1.6999,3.6045
39,CC DChg,136.89999999996508,-1.6999,3.6044
39,CC DChg,137.0,-1.6999,3.6044
39,CC DChg,137.09999999997672,-1.6999,3.6044
39,CC DChg,137.20000000001164,-1.6999,3.6044
39,CC DChg,137.29999999998836,-1.6999,3.6043
39,CC DChg,137.39999999996508,-1.6998,3.6043
39,CC DChg,137.5,-1.6998,3.6043
39,CC DChg,137.59999999997672,-1.6998,3.6043
39,CC DChg,137.70000000001164,-1.6998,3.6043
39,CC DChg,137.79999999998836,-1.6998,3.6042
39,CC DChg,137.89999999996508,-1.6998,3.6042
39,CC DChg,138.0,-1.6998,3.6042
39,CC DChg,138.09999999997672,-1.6998,3.6042
39,CC DChg,138.20000000001164,-1.6998,3.6042
39,CC DChg,138.29999999998836,-1.6998,3.6041
39,CC DChg,138.39999999996508,-1.6998,3.6041
39,CC DChg,138.5,-1.6999,3.6041
39,CC DChg,138.59999999997672,-1.6999,3.6041
39,CC DChg,138.70000000001164,-1.6999,3.604
39,CC DChg,138.79999999998836,-1.6999,3.604
39,CC DChg,138.89999999996508,-1.6999,3.604
39,CC DChg,139.0,-1.6999,3.604
39,CC DChg,139.09999999997672,-1.6999,3.6039
39,CC DChg,139.20000000001164,-1.6999,3.6039
39,CC DChg,139.29999999998836,-1.6999,3.6039
39,CC DChg,139.39999999996508,-1.6999,3.6038
39,CC DChg,139.5,-1.6999,3.6039
39,CC DChg,139.59999999997672,-1.6999,3.6038
39,CC DChg,139.70000000001164,-1.6999,3.6038
39,CC DChg,139.79999999998836,-1.6999,3.6038
39,CC DChg,139.89999999996508,-1.6999,3.6037
39,CC DChg,140.0,-1.6999,3.6037
39,CC DChg,140.09999999997672,-1.6999,3.6037
39,CC DChg,140.20000000001164,-1.6999,3.6037
39,CC DChg,140.29999999998836,-1.6999,3.6037
39,CC DChg,140.39999999996508,-1.6999,3.6036
39,CC DChg,140.5,-1.6999,3.6036
39,CC DChg,140.59999999997672,-1.6999,3.6036
39,CC DChg,140.70000000001164,-1.6999,3.6036
39,CC DChg,140.79999999998836,-1.6998,3.6035
39,CC DChg,140.89999999996508,-1.6998,3.6035
39,CC DChg,141.0,-1.6998,3.6035
39,CC DChg,141.09999999997672,-1.6998,3.6035
39,CC DChg,141.20000000001164,-1.6998,3.6035
39,CC DChg,141.29999999998836,-1.6998,3.6035
39,CC DChg,141.39999999996508,-1.6998,3.6034
39,CC DChg,141.5,-1.6998,3.6034
39,CC DChg,141.59999999997672,-1.6998,3.6033
39,CC DChg,141.70000000001164,-1.6998,3.6033
39,CC DChg,141.79999999998836,-1.6998,3.6033
39,CC DChg,141.89999999996508,-1.6998,3.6033
39,CC DChg,142.0,-1.6998,3.6033
39,CC DChg,142.09999999997672,-1.6998,3.6032
39,CC DChg,142.20000000001164,-1.6998,3.6032
39,CC DChg,142.29999999998836,-1.6998,3.6032
39,CC DChg,142.39999999996508,-1.6998,3.6032
39,CC DChg,142.5,-1.6998,3.6032
39,CC DChg,142.59999999997672,-1.6998,3.6031
39,CC DChg,142.70000000001164,-1.6998,3.6031
39,CC DChg,142.79999999998836,-1.6998,3.6031
39,CC DChg,142.89999999996508,-1.6998,3.603
39,CC DChg,143.0,-1.6998,3.603
39,CC DChg,143.09999999997672,-1.6998,3.603
39,CC DChg,143.20000000001164,-1.6998,3.6029
39,CC DChg,143.29999999998836,-1.6998,3.6029
39,CC DChg,143.39999999996508,-1.6998,3.6029
39,CC DChg,143.5,-1.6998,3.6029
39,CC DChg,143.59999999997672,-1.6998,3.6028
39,CC DChg,143.70000000001164,-1.6998,3.6028
39,CC DChg,143.79999999998836,-1.6998,3.6028
39,CC DChg,143.89999999996508,-1.6998,3.6028
39,CC DChg,144.0,-1.6998,3.6027
39,CC DChg,144.09999999997672,-1.6998,3.6027
39,CC DChg,144.20000000001164,-1.6998,3.6027
39,CC DChg,144.29999999998836,-1.6998,3.6026
39,CC DChg,144.39999999996508,-1.6998,3.6026
39,CC DChg,144.5,-1.6998,3.6026
39,CC DChg,144.59999999997672,-1.6998,3.6026
39,CC DChg,144.70000000001164,-1.6998,3.6025
39,CC DChg,144.79999999998836,-1.6998,3.6025
39,CC DChg,144.89999999996508,-1.6998,3.6025
39,CC DChg,145.0,-1.6998,3.6025
39,CC DChg,145.09999999997672,-1.6998,3.6025
39,CC DChg,145.20000000001164,-1.6998,3.6024
39,CC DChg,145.29999999998836,-1.6998,3.6024
39,CC DChg,145.39999999996508,-1.6998,3.6024
39,CC DChg,145.5,-1.6998,3.6024
39,CC DChg,145.59999999997672,-1.6998,3.6024
39,CC DChg,145.70000000001164,-1.6998,3.6023
39,CC DChg,145.79999999998836,-1.6998,3.6023
39,CC DChg,145.89999999996508,-1.6998,3.6023
39,CC DChg,146.0,-1.6998,3.6023
39,CC DChg,146.09999999997672,-1.6998,3.6022
39,CC DChg,146.20000000001164,-1.6998,3.6022
39,CC DChg,146.29999999998836,-1.6998,3.6022
39,CC DChg,146.39999999996508,-1.6998,3.6022
39,CC DChg,146.5,-1.6998,3.6022
39,CC DChg,146.59999999997672,-1.6998,3.6021
39,CC DChg,146.70000000001164,-1.6998,3.6021
39,CC DChg,146.79999999998836,-1.6998,3.6021
39,CC DChg,146.89999999996508,-1.6998,3.6021
39,CC DChg,147.0,-1.6998,3.6021
39,CC DChg,147.09999999997672,-1.6998,3.602
39,CC DChg,147.20000000001164,-1.6998,3.602
39,CC DChg,147.29999999998836,-1.6998,3.602
39,CC DChg,147.39999999996508,-1.6998,3.6019
39,CC DChg,147.5,-1.6998,3.6019
39,CC DChg,147.59999999997672,-1.6998,3.6019
39,CC DChg,147.70000000001164,-1.6998,3.6019
39,CC DChg,147.79999999998836,-1.6998,3.6018
39,CC DChg,147.89999999996508,-1.6998,3.6018
39,CC DChg,148.0,-1.6998,3.6018
39,CC DChg,148.09999999997672,-1.6998,3.6018
39,CC DChg,148.20000000001164,-1.6998,3.6018
39,CC DChg,148.29999999998836,-1.6998,3.6018
39,CC DChg,148.39999999996508,-1.6998,3.6018
39,CC DChg,148.5,-1.6998,3.6017
39,CC DChg,148.59999999997672,-1.6998,3.6017
39,CC DChg,148.70000000001164,-1.6998,3.6017
39,CC DChg,148.79999999998836,-1.6998,3.6016
39,CC DChg,148.89999999996508,-1.6998,3.6016
39,CC DChg,149.0,-1.6998,3.6016
39,CC DChg,149.09999999997672,-1.6998,3.6016
39,CC DChg,149.20000000001164,-1.6998,3.6015
39,CC DChg,149.29999999998836,-1.6998,3.6015
39,CC DChg,149.39999999996508,-1.6998,3.6015
39,CC DChg,149.5,-1.6998,3.6015
39,CC DChg,149.59999999997672,-1.6998,3.6015
39,CC DChg,149.70000000001164,-1.6998,3.6014
39,CC DChg,149.79999999998836,-1.6998,3.6014
39,CC DChg,149.89999999996508,-1.6998,3.6014
39,CC DChg,150.0,-1.6998,3.6014
39,CC DChg,150.09999999997672,-1.6998,3.6014
39,CC DChg,150.20000000001164,-1.6998,3.6014
39,CC DChg,150.29999999998836,-1.6998,3.6013
39,CC DChg,150.39999999996508,-1.6998,3.6013
39,CC DChg,150.5,-1.6998,3.6013
39,CC DChg,150.59999999997672,-1.6998,3.6012
39,CC DChg,150.70000000001164,-1.6998,3.6012
39,CC DChg,150.79999999998836,-1.6998,3.6012
39,CC DChg,150.89999999996508,-1.6998,3.6012
39,CC DChg,151.0,-1.6998,3.6012
39,CC DChg,151.09999999997672,-1.6998,3.6011
39,CC DChg,151.20000000001164,-1.6998,3.6011
39,CC DChg,151.29999999998836,-1.6998,3.6011
39,CC DChg,151.39999999996508,-1.6998,3.6011
39,CC DChg,151.5,-1.6998,3.601
39,CC DChg,151.59999999997672,-1.6998,3.601
39,CC DChg,151.70000000001164,-1.6998,3.601
39,CC DChg,151.79999999998836,-1.6998,3.601
39,CC DChg,151.89999999996508,-1.6998,3.6009
39,CC DChg,152.0,-1.6998,3.6009
39,CC DChg,152.09999999997672,-1.6998,3.6009
39,CC DChg,152.20000000001164,-1.6998,3.6009
39,CC DChg,152.29999999998836,-1.6998,3.6008
39,CC DChg,152.39999999996508,-1.6998,3.6008
39,CC DChg,152.5,-1.6998,3.6008
39,CC DChg,152.59999999997672,-1.6998,3.6008
39,CC DChg,152.70000000001164,-1.6998,3.6008
39,CC DChg,152.79999999998836,-1.6998,3.6008
39,CC DChg,152.89999999996508,-1.6998,3.6007
39,CC DChg,153.0,-1.6998,3.6007
39,CC DChg,153.09999999997672,-1.6998,3.6007
39,CC DChg,153.20000000001164,-1.6998,3.6007
39,CC DChg,153.29999999998836,-1.6998,3.6006
39,CC DChg,153.39999999996508,-1.6998,3.6006
39,CC DChg,153.5,-1.6998,3.6006
39,CC DChg,153.59999999997672,-1.6998,3.6006
39,CC DChg,153.70000000001164,-1.6998,3.6005
39,CC DChg,153.79999999998836,-1.6998,3.6005
39,CC DChg,153.89999999996508,-1.6998,3.6005
39,CC DChg,154.0,-1.6998,3.6005
39,CC DChg,154.09999999997672,-1.6998,3.6005
39,CC DChg,154.20000000001164,-1.6998,3.6005
39,CC DChg,154.29999999998836,-1.6998,3.6004
39,CC DChg,154.39999999996508,-1.6998,3.6004
39,CC DChg,154.5,-1.6998,3.6004
39,CC DChg,154.59999999997672,-1.6998,3.6004
39,CC DChg,154.70000000001164,-1.6998,3.6003
39,CC DChg,154.79999999998836,-1.6998,3.6003
39,CC DChg,154.89999999996508,-1.6998,3.6003
39,CC DChg,155.0,-1.6998,3.6003
39,CC DChg,155.09999999997672,-1.6998,3.6002
39,CC DChg,155.20000000001164,-1.6998,3.6002
39,CC DChg,155.29999999998836,-1.6998,3.6002
39,CC DChg,155.39999999996508,-1.6998,3.6002
39,CC DChg,155.5,-1.6998,3.6002
39,CC DChg,155.59999999997672,-1.6998,3.6002
39,CC DChg,155.70000000001164,-1.6998,3.6001
39,CC DChg,155.79999999998836,-1.6998,3.6001
39,CC DChg,155.89999999996508,-1.6998,3.6
39,CC DChg,156.0,-1.6998,3.6
39,CC DChg,156.09999999997672,-1.6998,3.6
39,CC DChg,156.20000000001164,-1.6998,3.6
39,CC DChg,156.29999999998836,-1.6998,3.6
39,CC DChg,156.39999999996508,-1.6998,3.6
39,CC DChg,156.5,-1.6998,3.5999
39,CC DChg,156.59999999997672,-1.6998,3.5999
39,CC DChg,156.70000000001164,-1.6998,3.5998
39,CC DChg,156.79999999998836,-1.6998,3.5998
39,CC DChg,156.89999999996508,-1.6998,3.5998
39,CC DChg,157.0,-1.6998,3.5998
39,CC DChg,157.09999999997672,-1.6998,3.5998
39,CC DChg,157.20000000001164,-1.6998,3.5997
39,CC DChg,157.29999999998836,-1.6998,3.5997
39,CC DChg,157.39999999996508,-1.6998,3.5997
39,CC DChg,157.5,-1.6998,3.5997
39,CC DChg,157.59999999997672,-1.6998,3.5996
39,CC DChg,157.70000000001164,-1.6998,3.5996
39,CC DChg,157.79999999998836,-1.6998,3.5996
39,CC DChg,157.89999999996508,-1.6998,3.5996
39,CC DChg,158.0,-1.6998,3.5996
39,CC DChg,158.09999999997672,-1.6998,3.5995
39,CC DChg,158.20000000001164,-1.6998,3.5995
39,CC DChg,158.29999999998836,-1.6998,3.5995
39,CC DChg,158.39999999996508,-1.6998,3.5995
39,CC DChg,158.5,-1.6998,3.5995
39,CC DChg,158.59999999997672,-1.6998,3.5994
39,CC DChg,158.70000000001164,-1.6999,3.5994
39,CC DChg,158.79999999998836,-1.6999,3.5994
39,CC DChg,158.89999999996508,-1.6999,3.5994
39,CC DChg,159.0,-1.6999,3.5993
39,CC DChg,159.09999999997672,-1.6999,3.5993
39,CC DChg,159.20000000001164,-1.6999,3.5994
39,CC DChg,159.29999999998836,-1.6999,3.5993
39,CC DChg,159.39999999996508,-1.6999,3.5993
39,CC DChg,159.5,-1.6999,3.5993
39,CC DChg,159.59999999997672,-1.6999,3.5993
39,CC DChg,159.70000000001164,-1.6999,3.5992
39,CC DChg,159.79999999998836,-1.6999,3.5993
39,CC DChg,159.89999999996508,-1.6999,3.5992
39,CC DChg,160.0,-1.6999,3.5992
39,CC DChg,160.09999999997672,-1.6999,3.5992
39,CC DChg,160.20000000001164,-1.6999,3.5992
39,CC DChg,160.29999999998836,-1.6999,3.5992
39,CC DChg,160.39999999996508,-1.6999,3.5991
39,CC DChg,160.5,-1.6999,3.5991
39,CC DChg,160.59999999997672,-1.6999,3.5991
39,CC DChg,160.70000000001164,-1.6999,3.599
39,CC DChg,160.79999999998836,-1.6999,3.599
39,CC DChg,160.89999999996508,-1.6999,3.599
39,CC DChg,161.0,-1.6999,3.599
39,CC DChg,161.09999999997672,-1.6999,3.599
39,CC DChg,161.20000000001164,-1.6999,3.599
39,CC DChg,161.29999999998836,-1.6999,3.5989
39,CC DChg,161.39999999996508,-1.6999,3.5989
39,CC DChg,161.5,-1.6999,3.5989
39,CC DChg,161.59999999997672,-1.6999,3.5989
39,CC DChg,161.70000000001164,-1.6999,3.5988
39,CC DChg,161.79999999998836,-1.6999,3.5988
39,CC DChg,161.89999999996508,-1.6999,3.5988
39,CC DChg,162.0,-1.6999,3.5987
39,CC DChg,162.09999999997672,-1.6999,3.5987
39,CC DChg,162.20000000001164,-1.6999,3.5987
39,CC DChg,162.29999999998836,-1.6999,3.5987
39,CC DChg,162.39999999996508,-1.6999,3.5987
39,CC DChg,162.5,-1.6999,3.5987
39,CC DChg,162.59999999997672,-1.6999,3.5986
39,CC DChg,162.70000000001164,-1.6999,3.5986
39,CC DChg,162.79999999998836,-1.6999,3.5986
39,CC DChg,162.89999999996508,-1.6999,3.5986
39,CC DChg,163.0,-1.6999,3.5985
39,CC DChg,163.09999999997672,-1.6999,3.5985
39,CC DChg,163.20000000001164,-1.6999,3.5985
39,CC DChg,163.29999999998836,-1.6999,3.5985
39,CC DChg,163.39999999996508,-1.6999,3.5985
39,CC DChg,163.5,-1.6999,3.5985
39,CC DChg,163.59999999997672,-1.6999,3.5985
39,CC DChg,163.70000000001164,-1.6999,3.5984
39,CC DChg,163.79999999998836,-1.6999,3.5984
39,CC DChg,163.89999999996508,-1.6999,3.5984
39,CC DChg,164.0,-1.6999,3.5984
39,CC DChg,164.09999999997672,-1.6999,3.5983
39,CC DChg,164.20000000001164,-1.6999,3.5983
39,CC DChg,164.29999999998836,-1.6999,3.5983
39,CC DChg,164.39999999996508,-1.6999,3.5983
39,CC DChg,164.5,-1.6999,3.5982
39,CC DChg,164.59999999997672,-1.6999,3.5982
39,CC DChg,164.70000000001164,-1.6999,3.5982
39,CC DChg,164.79999999998836,-1.6999,3.5982
39,CC DChg,164.89999999996508,-1.6999,3.5981
39,CC DChg,165.0,-1.6999,3.5981
39,CC DChg,165.09999999997672,-1.6999,3.5981
39,CC DChg,165.20000000001164,-1.6999,3.5981
39,CC DChg,165.29999999998836,-1.6999,3.598
39,CC DChg,165.39999999996508,-1.6999,3.598
39,CC DChg,165.5,-1.6999,3.598
39,CC DChg,165.59999999997672,-1.6999,3.598
39,CC DChg,165.70000000001164,-1.6999,3.5979
39,CC DChg,165.79999999998836,-1.6999,3.5979
39,CC DChg,165.89999999996508,-1.6999,3.5979
39,CC DChg,166.0,-1.6999,3.5979
39,CC DChg,166.09999999997672,-1.6999,3.5978
39,CC DChg,166.20000000001164,-1.6999,3.5978
39,CC DChg,166.29999999998836,-1.6999,3.5978
39,CC DChg,166.39999999996508,-1.6999,3.5978
39,CC DChg,166.5,-1.6999,3.5978
39,CC DChg,166.59999999997672,-1.6999,3.5977
39,CC DChg,166.70000000001164,-1.6999,3.5977
39,CC DChg,166.79999999998836,-1.6999,3.5977
39,CC DChg,166.89999999996508,-1.6999,3.5976
39,CC DChg,167.0,-1.6999,3.5976
39,CC DChg,167.09999999997672,-1.6999,3.5976
39,CC DChg,167.20000000001164,-1.6999,3.5976
39,CC DChg,167.29999999998836,-1.6999,3.5976
39,CC DChg,167.39999999996508,-1.6999,3.5975
39,CC DChg,167.5,-1.6999,3.5975
39,CC DChg,167.59999999997672,-1.6999,3.5975
39,CC DChg,167.70000000001164,-1.6999,3.5975
39,CC DChg,167.79999999998836,-1.6999,3.5974
39,CC DChg,167.89999999996508,-1.6999,3.5974
39,CC DChg,168.0,-1.6999,3.5974
39,CC DChg,168.09999999997672,-1.6999,3.5974
39,CC DChg,168.20000000001164,-1.6999,3.5974
39,CC DChg,168.29999999998836,-1.6999,3.5974
39,CC DChg,168.39999999996508,-1.6999,3.5974
39,CC DChg,168.5,-1.6999,3.5973
39,CC DChg,168.59999999997672,-1.6999,3.5973
39,CC DChg,168.70000000001164,-1.6999,3.5973
39,CC DChg,168.79999999998836,-1.6999,3.5972
39,CC DChg,168.89999999996508,-1.6999,3.5972
39,CC DChg,169.0,-1.6999,3.5972
39,CC DChg,169.09999999997672,-1.6999,3.5972
39,CC DChg,169.20000000001164,-1.6999,3.5971
39,CC DChg,169.29999999998836,-1.6999,3.5971
39,CC DChg,169.39999999996508,-1.6999,3.5971
39,CC DChg,169.5,-1.6999,3.5971
39,CC DChg,169.59999999997672,-1.6999,3.5971
39,CC DChg,169.70000000001164,-1.6999,3.597
39,CC DChg,169.79999999998836,-1.6999,3.597
39,CC DChg,169.89999999996508,-1.6999,3.597
39,CC DChg,170.0,-1.6999,3.597
39,CC DChg,170.09999999997672,-1.6999,3.597
39,CC DChg,170.20000000001164,-1.6999,3.5969
39,CC DChg,170.29999999998836,-1.6999,3.5969
39,CC DChg,170.39999999996508,-1.6999,3.5969
39,CC DChg,170.5,-1.6999,3.5969
39,CC DChg,170.59999999997672,-1.6999,3.5969
39,CC DChg,170.70000000001164,-1.6999,3.5968
39,CC DChg,170.79999999998836,-1.6999,3.5968
39,CC DChg,170.89999999996508,-1.6999,3.5967
39,CC DChg,171.0,-1.6999,3.5967
39,CC DChg,171.09999999997672,-1.6999,3.5968
39,CC DChg,171.20000000001164,-1.6999,3.5967
39,CC DChg,171.29999999998836,-1.6999,3.5967
39,CC DChg,171.39999999996508,-1.6999,3.5967
39,CC DChg,171.5,-1.6999,3.5966
39,CC DChg,171.59999999997672,-1.6999,3.5966
39,CC DChg,171.70000000001164,-1.6999,3.5966
39,CC DChg,171.79999999998836,-1.6999,3.5966
39,CC DChg,171.89999999996508,-1.6999,3.5966
39,CC DChg,172.0,-1.6999,3.5965
39,CC DChg,172.09999999997672,-1.6999,3.5965
39,CC DChg,172.20000000001164,-1.6999,3.5965
39,CC DChg,172.29999999998836,-1.6999,3.5965
39,CC DChg,172.39999999996508,-1.6999,3.5965
39,CC DChg,172.5,-1.6999,3.5964
39,CC DChg,172.59999999997672,-1.6999,3.5964
39,CC DChg,172.70000000001164,-1.6999,3.5964
39,CC DChg,172.79999999998836,-1.6998,3.5964
39,CC DChg,172.89999999996508,-1.6998,3.5964
39,CC DChg,173.0,-1.6998,3.5963
39,CC DChg,173.09999999997672,-1.6998,3.5963
39,CC DChg,173.20000000001164,-1.6998,3.5963
39,CC DChg,173.29999999998836,-1.6998,3.5963
39,CC DChg,173.39999999996508,-1.6998,3.5963
39,CC DChg,173.5,-1.6998,3.5962
39,CC DChg,173.59999999997672,-1.6998,3.5962
39,CC DChg,173.70000000001164,-1.6998,3.5962
39,CC DChg,173.79999999998836,-1.6998,3.5961
39,CC DChg,173.89999999996508,-1.6998,3.5961
39,CC DChg,174.0,-1.6998,3.5961
39,CC DChg,174.09999999997672,-1.6998,3.5961
39,CC DChg,174.20000000001164,-1.6998,3.5961
39,CC DChg,174.29999999998836,-1.6998,3.596
39,CC DChg,174.39999999996508,-1.6998,3.596
39,CC DChg,174.5,-1.6998,3.596
39,CC DChg,174.59999999997672,-1.6998,3.596
39,CC DChg,174.70000000001164,-1.6998,3.596
39,CC DChg,174.79999999998836,-1.6998,3.5959
39,CC DChg,174.89999999996508,-1.6998,3.5959
39,CC DChg,175.0,-1.6998,3.5959
39,CC DChg,175.09999999997672,-1.6998,3.5958
39,CC DChg,175.20000000001164,-1.6998,3.5958
39,CC DChg,175.29999999998836,-1.6998,3.5958
39,CC DChg,175.39999999996508,-1.6998,3.5958
39,CC DChg,175.5,-1.6998,3.5958
39,CC DChg,175.59999999997672,-1.6998,3.5958
39,CC DChg,175.70000000001164,-1.6998,3.5957
39,CC DChg,175.79999999998836,-1.6999,3.5957
39,CC DChg,175.89999999996508,-1.6999,3.5957
39,CC DChg,176.0,-1.6999,3.5956
39,CC DChg,176.09999999997672,-1.6999,3.5957
39,CC DChg,176.20000000001164,-1.6999,3.5956
39,CC DChg,176.29999999998836,-1.6999,3.5956
39,CC DChg,176.39999999996508,-1.6999,3.5956
39,CC DChg,176.5,-1.6999,3.5956
39,CC DChg,176.59999999997672,-1.6999,3.5956
39,CC DChg,176.70000000001164,-1.6999,3.5955
39,CC DChg,176.79999999998836,-1.6999,3.5955
39,CC DChg,176.89999999996508,-1.6999,3.5955
39,CC DChg,177.0,-1.6999,3.5955
39,CC DChg,177.09999999997672,-1.6999,3.5954
39,CC DChg,177.20000000001164,-1.6999,3.5954
39,CC DChg,177.29999999998836,-1.6999,3.5954
39,CC DChg,177.39999999996508,-1.6999,3.5954
39,CC DChg,177.5,-1.6999,3.5954
39,CC DChg,177.59999999997672,-1.6999,3.5953
39,CC DChg,177.70000000001164,-1.6999,3.5953
39,CC DChg,177.79999999998836,-1.6999,3.5953
39,CC DChg,177.89999999996508,-1.6999,3.5953
39,CC DChg,178.0,-1.6999,3.5952
39,CC DChg,178.09999999997672,-1.6999,3.5952
39,CC DChg,178.20000000001164,-1.6999,3.5952
39,CC DChg,178.29999999998836,-1.6999,3.5952
39,CC DChg,178.39999999996508,-1.6999,3.5951
39,CC DChg,178.5,-1.6999,3.5951
39,CC DChg,178.59999999997672,-1.6999,3.5951
39,CC DChg,178.70000000001164,-1.6999,3.5951
39,CC DChg,178.79999999998836,-1.6999,3.5951
39,CC DChg,178.89999999996508,-1.6999,3.5951
39,CC DChg,179.0,-1.6999,3.595
39,CC DChg,179.09999999997672,-1.6999,3.595
39,CC DChg,179.20000000001164,-1.6999,3.595
39,CC DChg,179.29999999998836,-1.6999,3.595
39,CC DChg,179.39999999996508,-1.6999,3.5949
39,CC DChg,179.5,-1.6999,3.5949
39,CC DChg,179.59999999997672,-1.6999,3.5949
39,CC DChg,179.70000000001164,-1.6999,3.5949
39,CC DChg,179.79999999998836,-1.6999,3.5949
39,CC DChg,179.89999999996508,-1.6999,3.5949
39,CC DChg,180.0,-1.6999,3.5948
39,CC DChg,180.09999999997672,-1.6999,3.5948
39,CC DChg,180.20000000001164,-1.6999,3.5948
39,CC DChg,180.29999999998836,-1.6999,3.5948
39,CC DChg,180.39999999996508,-1.6999,3.5947
39,CC DChg,180.5,-1.6999,3.5947
39,CC DChg,180.59999999997672,-1.6999,3.5947
39,CC DChg,180.70000000001164,-1.6999,3.5947
39,CC DChg,180.79999999998836,-1.6999,3.5947
39,CC DChg,180.89999999996508,-1.6999,3.5947
39,CC DChg,181.0,-1.6999,3.5946
39,CC DChg,181.09999999997672,-1.6999,3.5946
39,CC DChg,181.20000000001164,-1.6999,3.5946
39,CC DChg,181.29999999998836,-1.6999,3.5945
39,CC DChg,181.39999999996508,-1.6999,3.5945
39,CC DChg,181.5,-1.6999,3.5945
39,CC DChg,181.59999999997672,-1.6999,3.5945
39,CC DChg,181.70000000001164,-1.6999,3.5945
39,CC DChg,181.79999999998836,-1.6999,3.5945
39,CC DChg,181.89999999996508,-1.6999,3.5944
39,CC DChg,182.0,-1.6999,3.5944
39,CC DChg,182.09999999997672,-1.6998,3.5944
39,CC DChg,182.20000000001164,-1.6998,3.5944
39,CC DChg,182.29999999998836,-1.6998,3.5944
39,CC DChg,182.39999999996508,-1.6998,3.5943
39,CC DChg,182.5,-1.6998,3.5943
39,CC DChg,182.59999999997672,-1.6998,3.5943
39,CC DChg,182.70000000001164,-1.6998,3.5943
39,CC DChg,182.79999999998836,-1.6998,3.5942
39,CC DChg,182.89999999996508,-1.6998,3.5942
39,CC DChg,183.0,-1.6998,3.5942
39,CC DChg,183.09999999997672,-1.6998,3.5942
39,CC DChg,183.20000000001164,-1.6998,3.5941
39,CC DChg,183.29999999998836,-1.6998,3.5941
39,CC DChg,183.39999999996508,-1.6998,3.5941
39,CC DChg,183.5,-1.6998,3.5941
39,CC DChg,183.59999999997672,-1.6998,3.5941
39,CC DChg,183.70000000001164,-1.6998,3.594
39,CC DChg,183.79999999998836,-1.6998,3.594
39,CC DChg,183.89999999996508,-1.6998,3.5939
39,CC DChg,184.0,-1.6998,3.5939
39,CC DChg,184.09999999997672,-1.6998,3.594
39,CC DChg,184.20000000001164,-1.6998,3.5939
39,CC DChg,184.29999999998836,-1.6998,3.5939
39,CC DChg,184.39999999996508,-1.6998,3.5939
39,CC DChg,184.5,-1.6998,3.5938
39,CC DChg,184.59999999997672,-1.6998,3.5939
39,CC DChg,184.70000000001164,-1.6998,3.5938
39,CC DChg,184.79999999998836,-1.6998,3.5938
39,CC DChg,184.89999999996508,-1.6998,3.5938
39,CC DChg,185.0,-1.6998,3.5937
39,CC DChg,185.09999999997672,-1.6998,3.5937
39,CC DChg,185.20000000001164,-1.6998,3.5937
39,CC DChg,185.29999999998836,-1.6998,3.5937
39,CC DChg,185.39999999996508,-1.6998,3.5937
39,CC DChg,185.5,-1.6998,3.5936
39,CC DChg,185.59999999997672,-1.6998,3.5936
39,CC DChg,185.70000000001164,-1.6998,3.5936
39,CC DChg,185.79999999998836,-1.6998,3.5936
39,CC DChg,185.89999999996508,-1.6998,3.5936
39,CC DChg,186.0,-1.6998,3.5935
39,CC DChg,186.09999999997672,-1.6998,3.5935
39,CC DChg,186.20000000001164,-1.6998,3.5935
39,CC DChg,186.29999999998836,-1.6998,3.5935
39,CC DChg,186.39999999996508,-1.6998,3.5935
39,CC DChg,186.5,-1.6998,3.5934
39,CC DChg,186.59999999997672,-1.6998,3.5934
39,CC DChg,186.70000000001164,-1.6998,3.5934
39,CC DChg,186.79999999998836,-1.6998,3.5934
39,CC DChg,186.89999999996508,-1.6998,3.5934
39,CC DChg,187.0,-1.6998,3.5934
39,CC DChg,187.09999999997672,-1.6998,3.5934
39,CC DChg,187.20000000001164,-1.6998,3.5933
39,CC DChg,187.29999999998836,-1.6998,3.5933
39,CC DChg,187.39999999996508,-1.6998,3.5933
39,CC DChg,187.5,-1.6998,3.5932
39,CC DChg,187.59999999997672,-1.6998,3.5932
39,CC DChg,187.70000000001164,-1.6998,3.5932
39,CC DChg,187.79999999998836,-1.6998,3.5932
39,CC DChg,187.89999999996508,-1.6998,3.5932
39,CC DChg,188.0,-1.6998,3.5932
39,CC DChg,188.09999999997672,-1.6998,3.5931
39,CC DChg,188.20000000001164,-1.6998,3.5931
39,CC DChg,188.29999999998836,-1.6998,3.5931
39,CC DChg,188.39999999996508,-1.6998,3.5931
39,CC DChg,188.5,-1.6998,3.593
39,CC DChg,188.59999999997672,-1.6998,3.593
39,CC DChg,188.70000000001164,-1.6998,3.593
39,CC DChg,188.79999999998836,-1.6998,3.593
39,CC DChg,188.89999999996508,-1.6998,3.5929
39,CC DChg,189.0,-1.6998,3.5929
39,CC DChg,189.09999999997672,-1.6998,3.5929
39,CC DChg,189.20000000001164,-1.6998,3.5929
39,CC DChg,189.29999999998836,-1.6998,3.5929
39,CC DChg,189.39999999996508,-1.6998,3.5929
39,CC DChg,189.5,-1.6998,3.5928
39,CC DChg,189.59999999997672,-1.6998,3.5928
39,CC DChg,189.70000000001164,-1.6998,3.5928
39,CC DChg,189.79999999998836,-1.6998,3.5928
39,CC DChg,189.89999999996508,-1.6998,3.5928
39,CC DChg,190.0,-1.6998,3.5927
39,CC DChg,190.09999999997672,-1.6998,3.5927
39,CC DChg,190.20000000001164,-1.6998,3.5927
39,CC DChg,190.29999999998836,-1.6998,3.5927
39,CC DChg,190.39999999996508,-1.6998,3.5926
39,CC DChg,190.5,-1.6998,3.5926
39,CC DChg,190.59999999997672,-1.6998,3.5926
39,CC DChg,190.70000000001164,-1.6998,3.5926
39,CC DChg,190.79999999998836,-1.6998,3.5926
39,CC DChg,190.89999999996508,-1.6998,3.5926
39,CC DChg,191.0,-1.6998,3.5925
39,CC DChg,191.09999999997672,-1.6998,3.5925
39,CC DChg,191.20000000001164,-1.6998,3.5925
39,CC DChg,191.29999999998836,-1.6998,3.5924
39,CC DChg,191.39999999996508,-1.6998,3.5924
39,CC DChg,191.5,-1.6998,3.5924
39,CC DChg,191.59999999997672,-1.6998,3.5924
39,CC DChg,191.70000000001164,-1.6998,3.5924
39,CC DChg,191.79999999998836,-1.6998,3.5924
39,CC DChg,191.89999999996508,-1.6998,3.5923
39,CC DChg,192.0,-1.6998,3.5923
39,CC DChg,192.09999999997672,-1.6998,3.5923
39,CC DChg,192.20000000001164,-1.6998,3.5923
39,CC DChg,192.29999999998836,-1.6998,3.5923
39,CC DChg,192.39999999996508,-1.6998,3.5923
39,CC DChg,192.5,-1.6998,3.5922
39,CC DChg,192.59999999997672,-1.6998,3.5922
39,CC DChg,192.70000000001164,-1.6998,3.5922
39,CC DChg,192.79999999998836,-1.6998,3.5922
39,CC DChg,192.89999999996508,-1.6998,3.5922
39,CC DChg,193.0,-1.6998,3.5921
39,CC DChg,193.09999999997672,-1.6998,3.5921
39,CC DChg,193.20000000001164,-1.6998,3.5921
39,CC DChg,193.29999999998836,-1.6998,3.5921
39,CC DChg,193.39999999996508,-1.6998,3.592
39,CC DChg,193.5,-1.6998,3.592
39,CC DChg,193.59999999997672,-1.6998,3.592
39,CC DChg,193.70000000001164,-1.6998,3.5919
39,CC DChg,193.79999999998836,-1.6998,3.5919
39,CC DChg,193.89999999996508,-1.6998,3.5919
39,CC DChg,194.0,-1.6998,3.5919
39,CC DChg,194.09999999997672,-1.6998,3.5919
39,CC DChg,194.20000000001164,-1.6998,3.5919
39,CC DChg,194.29999999998836,-1.6998,3.5918
39,CC DChg,194.39999999996508,-1.6998,3.5918
39,CC DChg,194.5,-1.6998,3.5918
39,CC DChg,194.59999999997672,-1.6998,3.5917
39,CC DChg,194.70000000001164,-1.6998,3.5917
39,CC DChg,194.79999999998836,-1.6998,3.5918
39,CC DChg,194.89999999996508,-1.6998,3.5917
39,CC DChg,195.0,-1.6998,3.5917
39,CC DChg,195.09999999997672,-1.6998,3.5917
39,CC DChg,195.20000000001164,-1.6998,3.5917
39,CC DChg,195.29999999998836,-1.6998,3.5917
39,CC DChg,195.39999999996508,-1.6998,3.5916
39,CC DChg,195.5,-1.6998,3.5916
39,CC DChg,195.59999999997672,-1.6998,3.5916
39,CC DChg,195.70000000001164,-1.6998,3.5915
39,CC DChg,195.79999999998836,-1.6998,3.5916
39,CC DChg,195.89999999996508,-1.6998,3.5915
39,CC DChg,196.0,-1.6998,3.5915
39,CC DChg,196.09999999997672,-1.6998,3.5915
39,CC DChg,196.20000000001164,-1.6998,3.5914
39,CC DChg,196.29999999998836,-1.6998,3.5914
39,CC DChg,196.39999999996508,-1.6998,3.5914
39,CC DChg,196.5,-1.6998,3.5914
39,CC DChg,196.59999999997672,-1.6998,3.5914
39,CC DChg,196.70000000001164,-1.6998,3.5913
39,CC DChg,196.79999999998836,-1.6998,3.5913
39,CC DChg,196.89999999996508,-1.6998,3.5913
39,CC DChg,197.0,-1.6998,3.5913
39,CC DChg,197.09999999997672,-1.6998,3.5913
39,CC DChg,197.20000000001164,-1.6999,3.5913
39,CC DChg,197.29999999998836,-1.6999,3.5913
39,CC DChg,197.39999999996508,-1.6999,3.5912
39,CC DChg,197.5,-1.6999,3.5912
39,CC DChg,197.59999999997672,-1.6999,3.5912
39,CC DChg,197.70000000001164,-1.6999,3.5912
39,CC DChg,197.79999999998836,-1.6999,3.5911
39,CC DChg,197.89999999996508,-1.6999,3.5911
39,CC DChg,198.0,-1.6999,3.5911
39,CC DChg,198.09999999997672,-1.6999,3.5911
39,CC DChg,198.20000000001164,-1.6999,3.591
39,CC DChg,198.29999999998836,-1.6999,3.591
39,CC DChg,198.39999999996508,-1.6999,3.591
39,CC DChg,198.5,-1.6999,3.591
39,CC DChg,198.59999999997672,-1.6999,3.591
39,CC DChg,198.70000000001164,-1.6999,3.5909
39,CC DChg,198.79999999998836,-1.6999,3.5909
39,CC DChg,198.89999999996508,-1.6999,3.5909
39,CC DChg,199.0,-1.6999,3.5908
39,CC DChg,199.09999999997672,-1.6999,3.5908
39,CC DChg,199.20000000001164,-1.6999,3.5908
39,CC DChg,199.29999999998836,-1.6999,3.5908
39,CC DChg,199.39999999996508,-1.6999,3.5908
39,CC DChg,199.5,-1.6999,3.5908
39,CC DChg,199.59999999997672,-1.6999,3.5908
39,CC DChg,199.70000000001164,-1.6999,3.5908
39,CC DChg,199.79999999998836,-1.6999,3.5907
39,CC DChg,199.89999999996508,-1.6999,3.5907
39,CC DChg,200.0,-1.6999,3.5907
39,CC DChg,200.09999999997672,-1.6999,3.5906
39,CC DChg,200.20000000001164,-1.6999,3.5906
39,CC DChg,200.29999999998836,-1.6999,3.5906
39,CC DChg,200.39999999996508,-1.6999,3.5906
39,CC DChg,200.5,-1.6999,3.5906
39,CC DChg,200.59999999997672,-1.6999,3.5906
39,CC DChg,200.70000000001164,-1.6999,3.5905
39,CC DChg,200.79999999998836,-1.6999,3.5905
39,CC DChg,200.89999999996508,-1.6999,3.5905
39,CC DChg,201.0,-1.6999,3.5905
39,CC DChg,201.09999999997672,-1.6999,3.5904
39,CC DChg,201.20000000001164,-1.6999,3.5904
39,CC DChg,201.29999999998836,-1.6999,3.5904
39,CC DChg,201.39999999996508,-1.6999,3.5904
39,CC DChg,201.5,-1.6998,3.5904
39,CC DChg,201.59999999997672,-1.6998,3.5904
39,CC DChg,201.70000000001164,-1.6998,3.5903
39,CC DChg,201.79999999998836,-1.6998,3.5903
39,CC DChg,201.89999999996508,-1.6998,3.5903
39,CC DChg,202.0,-1.6998,3.5903
39,CC DChg,202.09999999997672,-1.6998,3.5903
39,CC DChg,202.20000000001164,-1.6998,3.5903
39,CC DChg,202.29999999998836,-1.6998,3.5903
39,CC DChg,202.39999999996508,-1.6998,3.5902
39,CC DChg,202.5,-1.6998,3.5902
39,CC DChg,202.59999999997672,-1.6998,3.5901
39,CC DChg,202.70000000001164,-1.6998,3.5901
39,CC DChg,202.79999999998836,-1.6998,3.5901
39,CC DChg,202.89999999996508,-1.6998,3.5901
39,CC DChg,203.0,-1.6998,3.5901
39,CC DChg,203.09999999997672,-1.6998,3.59
39,CC DChg,203.20000000001164,-1.6998,3.59
39,CC DChg,203.29999999998836,-1.6998,3.59
39,CC DChg,203.39999999996508,-1.6998,3.59
39,CC DChg,203.5,-1.6998,3.59
39,CC DChg,203.59999999997672,-1.6998,3.59
39,CC DChg,203.70000000001164,-1.6998,3.5899
39,CC DChg,203.79999999998836,-1.6998,3.5899
39,CC DChg,203.89999999996508,-1.6998,3.5899
39,CC DChg,204.0,-1.6998,3.5898
39,CC DChg,204.09999999997672,-1.6998,3.5898
39,CC DChg,204.20000000001164,-1.6998,3.5898
39,CC DChg,204.29999999998836,-1.6998,3.5898
39,CC DChg,204.39999999996508,-1.6999,3.5898
39,CC DChg,204.5,-1.6999,3.5897
39,CC DChg,204.59999999997672,-1.6999,3.5897
39,CC DChg,204.70000000001164,-1.6999,3.5897
39,CC DChg,204.79999999998836,-1.6999,3.5897
39,CC DChg,204.89999999996508,-1.6999,3.5897
39,CC DChg,205.0,-1.6999,3.5897
39,CC DChg,205.09999999997672,-1.6999,3.5896
39,CC DChg,205.20000000001164,-1.6999,3.5896
39,CC DChg,205.29999999998836,-1.6999,3.5896
39,CC DChg,205.39999999996508,-1.6999,3.5896
39,CC DChg,205.5,-1.6999,3.5895
39,CC DChg,205.59999999997672,-1.6999,3.5895
39,CC DChg,205.70000000001164,-1.6999,3.5895
39,CC DChg,205.79999999998836,-1.6999,3.5895
39,CC DChg,205.89999999996508,-1.6999,3.5895
39,CC DChg,206.0,-1.6999,3.5894
39,CC DChg,206.09999999997672,-1.6999,3.5894
39,CC DChg,206.20000000001164,-1.6999,3.5894
39,CC DChg,206.29999999998836,-1.6999,3.5894
39,CC DChg,206.39999999996508,-1.6999,3.5894
39,CC DChg,206.5,-1.6999,3.5893
39,CC DChg,206.59999999997672,-1.6999,3.5893
39,CC DChg,206.70000000001164,-1.6999,3.5893
39,CC DChg,206.79999999998836,-1.6999,3.5892
39,CC DChg,206.89999999996508,-1.6999,3.5892
39,CC DChg,207.0,-1.6999,3.5892
39,CC DChg,207.09999999997672,-1.6999,3.5892
39,CC DChg,207.20000000001164,-1.6999,3.5892
39,CC DChg,207.29999999998836,-1.6999,3.5892
39,CC DChg,207.39999999996508,-1.6999,3.5891
39,CC DChg,207.5,-1.6999,3.5891
39,CC DChg,207.59999999997672,-1.6999,3.5891
39,CC DChg,207.70000000001164,-1.6999,3.5891
39,CC DChg,207.79999999998836,-1.6999,3.5891
39,CC DChg,207.89999999996508,-1.6999,3.589
39,CC DChg,208.0,-1.6999,3.589
39,CC DChg,208.09999999997672,-1.6999,3.589
39,CC DChg,208.20000000001164,-1.6999,3.589
39,CC DChg,208.29999999998836,-1.6999,3.589
39,CC DChg,208.39999999996508,-1.6999,3.589
39,CC DChg,208.5,-1.6999,3.5889
39,CC DChg,208.59999999997672,-1.6999,3.5889
39,CC DChg,208.70000000001164,-1.6999,3.5889
39,CC DChg,208.79999999998836,-1.6999,3.5889
39,CC DChg,208.89999999996508,-1.6999,3.5888
39,CC DChg,209.0,-1.6999,3.5888
39,CC DChg,209.09999999997672,-1.6999,3.5888
39,CC DChg,209.20000000001164,-1.6999,3.5888
39,CC DChg,209.29999999998836,-1.6999,3.5888
39,CC DChg,209.39999999996508,-1.6999,3.5888
39,CC DChg,209.5,-1.6999,3.5887
39,CC DChg,209.59999999997672,-1.6999,3.5887
39,CC DChg,209.70000000001164,-1.6999,3.5887
39,CC DChg,209.79999999998836,-1.6999,3.5887
39,CC DChg,209.89999999996508,-1.6999,3.5886
39,CC DChg,210.0,-1.6999,3.5886
39,CC DChg,210.09999999997672,-1.6999,3.5886
39,CC DChg,210.20000000001164,-1.6999,3.5886
39,CC DChg,210.29999999998836,-1.6999,3.5886
39,CC DChg,210.39999999996508,-1.6999,3.5885
39,CC DChg,210.5,-1.6999,3.5885
39,CC DChg,210.59999999997672,-1.6999,3.5885
39,CC DChg,210.70000000001164,-1.6999,3.5885
39,CC DChg,210.79999999998836,-1.6999,3.5885
39,CC DChg,210.89999999996508,-1.6999,3.5885
39,CC DChg,211.0,-1.6999,3.5885
39,CC DChg,211.09999999997672,-1.6999,3.5884
39,CC DChg,211.20000000001164,-1.6999,3.5884
39,CC DChg,211.29999999998836,-1.6999,3.5884
39,CC DChg,211.39999999996508,-1.6999,3.5883
39,CC DChg,211.5,-1.6999,3.5883
39,CC DChg,211.59999999997672,-1.6999,3.5883
39,CC DChg,211.70000000001164,-1.6999,3.5883
39,CC DChg,211.79999999998836,-1.6999,3.5883
39,CC DChg,211.89999999996508,-1.6998,3.5882
39,CC DChg,212.0,-1.6998,3.5882
39,CC DChg,212.09999999997672,-1.6998,3.5882
39,CC DChg,212.20000000001164,-1.6998,3.5882
39,CC DChg,212.29999999998836,-1.6998,3.5881
39,CC DChg,212.39999999996508,-1.6998,3.5882
39,CC DChg,212.5,-1.6998,3.5882
39,CC DChg,212.59999999997672,-1.6998,3.5881
39,CC DChg,212.70000000001164,-1.6998,3.5881
39,CC DChg,212.79999999998836,-1.6998,3.5881
39,CC DChg,212.89999999996508,-1.6998,3.588
39,CC DChg,213.0,-1.6998,3.588
39,CC DChg,213.09999999997672,-1.6998,3.588
39,CC DChg,213.20000000001164,-1.6998,3.588
39,CC DChg,213.29999999998836,-1.6998,3.588
39,CC DChg,213.39999999996508,-1.6998,3.588
39,CC DChg,213.5,-1.6998,3.5879
39,CC DChg,213.59999999997672,-1.6998,3.5879
39,CC DChg,213.70000000001164,-1.6998,3.5879
39,CC DChg,213.79999999998836,-1.6998,3.5879
39,CC DChg,213.89999999996508,-1.6998,3.5879
39,CC DChg,214.0,-1.6998,3.5878
39,CC DChg,214.09999999997672,-1.6998,3.5878
39,CC DChg,214.20000000001164,-1.6998,3.5878
39,CC DChg,214.29999999998836,-1.6998,3.5878
39,CC DChg,214.39999999996508,-1.6998,3.5877
39,CC DChg,214.5,-1.6998,3.5878
39,CC DChg,214.59999999997672,-1.6998,3.5877
39,CC DChg,214.70000000001164,-1.6998,3.5877
39,CC DChg,214.79999999998836,-1.6998,3.5877
39,CC DChg,214.89999999996508,-1.6998,3.5877
39,CC DChg,215.0,-1.6998,3.5877
39,CC DChg,215.09999999997672,-1.6998,3.5876
39,CC DChg,215.20000000001164,-1.6998,3.5876
39,CC DChg,215.29999999998836,-1.6998,3.5876
39,CC DChg,215.39999999996508,-1.6998,3.5875
39,CC DChg,215.5,-1.6998,3.5875
39,CC DChg,215.59999999997672,-1.6998,3.5875
39,CC DChg,215.70000000001164,-1.6998,3.5875
39,CC DChg,215.79999999998836,-1.6998,3.5874
39,CC DChg,215.89999999996508,-1.6998,3.5874
39,CC DChg,216.0,-1.6998,3.5874
39,CC DChg,216.09999999997672,-1.6998,3.5874
39,CC DChg,216.20000000001164,-1.6998,3.5874
39,CC DChg,216.29999999998836,-1.6998,3.5873
39,CC DChg,216.39999999996508,-1.6998,3.5874
39,CC DChg,216.5,-1.6998,3.5874
39,CC DChg,216.59999999997672,-1.6998,3.5873
39,CC DChg,216.70000000001164,-1.6998,3.5873
39,CC DChg,216.79999999998836,-1.6998,3.5873
39,CC DChg,216.89999999996508,-1.6998,3.5873
39,CC DChg,217.0,-1.6998,3.5873
39,CC DChg,217.09999999997672,-1.6998,3.5872
39,CC DChg,217.20000000001164,-1.6998,3.5872
39,CC DChg,217.29999999998836,-1.6998,3.5871
39,CC DChg,217.39999999996508,-1.6998,3.5872
39,CC DChg,217.5,-1.6998,3.5871
39,CC DChg,217.59999999997672,-1.6998,3.5871
39,CC DChg,217.70000000001164,-1.6998,3.5871
39,CC DChg,217.79999999998836,-1.6998,3.5871
39,CC DChg,217.89999999996508,-1.6998,3.587
39,CC DChg,218.0,-1.6998,3.587
39,CC DChg,218.09999999997672,-1.6998,3.5871
39,CC DChg,218.20000000001164,-1.6998,3.587
39,CC DChg,218.29999999998836,-1.6998,3.587
39,CC DChg,218.39999999996508,-1.6998,3.587
39,CC DChg,218.5,-1.6998,3.5869
39,CC DChg,218.59999999997672,-1.6998,3.5869
39,CC DChg,218.70000000001164,-1.6998,3.5869
39,CC DChg,218.79999999998836,-1.6998,3.5869
39,CC DChg,218.89999999996508,-1.6998,3.5869
39,CC DChg,219.0,-1.6998,3.5868
39,CC DChg,219.09999999997672,-1.6998,3.5868
39,CC DChg,219.20000000001164,-1.6998,3.5868
39,CC DChg,219.29999999998836,-1.6998,3.5868
39,CC DChg,219.39999999996508,-1.6998,3.5868
39,CC DChg,219.5,-1.6998,3.5868
39,CC DChg,219.59999999997672,-1.6998,3.5867
39,CC DChg,219.70000000001164,-1.6998,3.5867
39,CC DChg,219.79999999998836,-1.6998,3.5867
39,CC DChg,219.89999999996508,-1.6998,3.5866
39,CC DChg,220.0,-1.6998,3.5866
39,CC DChg,220.09999999997672,-1.6998,3.5866
39,CC DChg,220.20000000001164,-1.6998,3.5866
39,CC DChg,220.29999999998836,-1.6998,3.5865
39,CC DChg,220.39999999996508,-1.6998,3.5865
39,CC DChg,220.5,-1.6998,3.5865
39,CC DChg,220.59999999997672,-1.6998,3.5865
39,CC DChg,220.70000000001164,-1.6998,3.5865
39,CC DChg,220.79999999998836,-1.6998,3.5865
39,CC DChg,220.89999999996508,-1.6998,3.5865
39,CC DChg,221.0,-1.6998,3.5864
39,CC DChg,221.09999999997672,-1.6998,3.5864
39,CC DChg,221.20000000001164,-1.6998,3.5864
39,CC DChg,221.29999999998836,-1.6998,3.5864
39,CC DChg,221.39999999996508,-1.6998,3.5863
39,CC DChg,221.5,-1.6998,3.5863
39,CC DChg,221.59999999997672,-1.6998,3.5863
39,CC DChg,221.70000000001164,-1.6998,3.5863
39,CC DChg,221.79999999998836,-1.6998,3.5863
39,CC DChg,221.89999999996508,-1.6998,3.5863
39,CC DChg,222.0,-1.6998,3.5863
39,CC DChg,222.09999999997672,-1.6998,3.5863
39,CC DChg,222.20000000001164,-1.6998,3.5862
39,CC DChg,222.29999999998836,-1.6998,3.5862
39,CC DChg,222.39999999996508,-1.6998,3.5862
39,CC DChg,222.5,-1.6998,3.5862
39,CC DChg,222.59999999997672,-1.6998,3.5861
39,CC DChg,222.70000000001164,-1.6998,3.5861
39,CC DChg,222.79999999998836,-1.6998,3.5861
39,CC DChg,222.89999999996508,-1.6998,3.5861
39,CC DChg,223.0,-1.6998,3.586
39,CC DChg,223.09999999997672,-1.6998,3.586
39,CC DChg,223.20000000001164,-1.6998,3.586
39,CC DChg,223.29999999998836,-1.6998,3.586
39,CC DChg,223.39999999996508,-1.6998,3.586
39,CC DChg,223.5,-1.6998,3.586
39,CC DChg,223.59999999997672,-1.6998,3.5859
39,CC DChg,223.70000000001164,-1.6998,3.5859
39,CC DChg,223.79999999998836,-1.6998,3.5859
39,CC DChg,223.89999999996508,-1.6998,3.5859
39,CC DChg,224.0,-1.6998,3.5859
39,CC DChg,224.09999999997672,-1.6998,3.5858
39,CC DChg,224.20000000001164,-1.6998,3.5858
39,CC DChg,224.29999999998836,-1.6998,3.5858
39,CC DChg,224.39999999996508,-1.6998,3.5857
39,CC DChg,224.5,-1.6998,3.5857
39,CC DChg,224.59999999997672,-1.6998,3.5857
39,CC DChg,224.70000000001164,-1.6998,3.5857
39,CC DChg,224.79999999998836,-1.6998,3.5857
39,CC DChg,224.89999999996508,-1.6998,3.5856
39,CC DChg,225.0,-1.6998,3.5856
39,CC DChg,225.09999999997672,-1.6998,3.5856
39,CC DChg,225.20000000001164,-1.6998,3.5855
39,CC DChg,225.29999999998836,-1.6998,3.5855
39,CC DChg,225.39999999996508,-1.6998,3.5855
39,CC DChg,225.5,-1.6998,3.5855
39,CC DChg,225.59999999997672,-1.6998,3.5855
39,CC DChg,225.70000000001164,-1.6998,3.5855
39,CC DChg,225.79999999998836,-1.6998,3.5855
39,CC DChg,225.89999999996508,-1.6998,3.5854
39,CC DChg,226.0,-1.6998,3.5854
39,CC DChg,226.09999999997672,-1.6998,3.5854
39,CC DChg,226.20000000001164,-1.6998,3.5854
39,CC DChg,226.29999999998836,-1.6998,3.5854
39,CC DChg,226.39999999996508,-1.6998,3.5854
39,CC DChg,226.5,-1.6998,3.5854
39,CC DChg,226.59999999997672,-1.6998,3.5854
39,CC DChg,226.70000000001164,-1.6998,3.5853
39,CC DChg,226.79999999998836,-1.6998,3.5853
39,CC DChg,226.89999999996508,-1.6998,3.5853
39,CC DChg,227.0,-1.6998,3.5852
39,CC DChg,227.09999999997672,-1.6998,3.5852
39,CC DChg,227.20000000001164,-1.6998,3.5852
39,CC DChg,227.29999999998836,-1.6998,3.5852
39,CC DChg,227.39999999996508,-1.6998,3.5852
39,CC DChg,227.5,-1.6998,3.5852
39,CC DChg,227.59999999997672,-1.6998,3.5851
39,CC DChg,227.70000000001164,-1.6998,3.5851
39,CC DChg,227.79999999998836,-1.6998,3.5851
39,CC DChg,227.89999999996508,-1.6998,3.585
39,CC DChg,228.0,-1.6998,3.585
39,CC DChg,228.09999999997672,-1.6998,3.585
39,CC DChg,228.20000000001164,-1.6998,3.585
39,CC DChg,228.29999999998836,-1.6998,3.585
39,CC DChg,228.39999999996508,-1.6998,3.5849
39,CC DChg,228.5,-1.6998,3.585
39,CC DChg,228.59999999997672,-1.6998,3.5849
39,CC DChg,228.70000000001164,-1.6998,3.5849
39,CC DChg,228.79999999998836,-1.6998,3.5849
39,CC DChg,228.89999999996508,-1.6998,3.5849
39,CC DChg,229.0,-1.6998,3.5848
39,CC DChg,229.09999999997672,-1.6998,3.5848
39,CC DChg,229.20000000001164,-1.6998,3.5848
39,CC DChg,229.29999999998836,-1.6999,3.5848
39,CC DChg,229.39999999996508,-1.6999,3.5848
39,CC DChg,229.5,-1.6999,3.5847
39,CC DChg,229.59999999997672,-1.6999,3.5847
39,CC DChg,229.70000000001164,-1.6999,3.5847
39,CC DChg,229.79999999998836,-1.6999,3.5847
39,CC DChg,229.89999999996508,-1.6999,3.5847
39,CC DChg,230.0,-1.6999,3.5846
39,CC DChg,230.09999999997672,-1.6999,3.5846
39,CC DChg,230.20000000001164,-1.6999,3.5846
39,CC DChg,230.29999999998836,-1.6999,3.5846
39,CC DChg,230.39999999996508,-1.6999,3.5845
39,CC DChg,230.5,-1.6999,3.5845
39,CC DChg,230.59999999997672,-1.6999,3.5845
39,CC DChg,230.70000000001164,-1.6999,3.5845
39,CC DChg,230.79999999998836,-1.6999,3.5844
39,CC DChg,230.89999999996508,-1.6999,3.5844
39,CC DChg,231.0,-1.6999,3.5844
39,CC DChg,231.09999999997672,-1.6999,3.5844
39,CC DChg,231.20000000001164,-1.6999,3.5844
39,CC DChg,231.29999999998836,-1.6999,3.5844
39,CC DChg,231.39999999996508,-1.6999,3.5844
39,CC DChg,231.5,-1.6999,3.5844
39,CC DChg,231.59999999997672,-1.6999,3.5843
39,CC DChg,231.70000000001164,-1.6999,3.5843
39,CC DChg,231.79999999998836,-1.6999,3.5843
39,CC DChg,231.89999999996508,-1.6999,3.5843
39,CC DChg,232.0,-1.6999,3.5842
39,CC DChg,232.09999999997672,-1.6999,3.5843
39,CC DChg,232.20000000001164,-1.6999,3.5842
39,CC DChg,232.29999999998836,-1.6999,3.5842
39,CC DChg,232.39999999996508,-1.6999,3.5842
39,CC DChg,232.5,-1.6999,3.5841
39,CC DChg,232.59999999997672,-1.6999,3.5841
39,CC DChg,232.70000000001164,-1.6999,3.5841
39,CC DChg,232.79999999998836,-1.6999,3.5841
39,CC DChg,232.89999999996508,-1.6999,3.5841
39,CC DChg,233.0,-1.6999,3.5841
39,CC DChg,233.09999999997672,-1.6999,3.584
39,CC DChg,233.20000000001164,-1.6999,3.584
39,CC DChg,233.29999999998836,-1.6999,3.584
39,CC DChg,233.39999999996508,-1.6999,3.584
39,CC DChg,233.5,-1.6999,3.584
39,CC DChg,233.59999999997672,-1.6999,3.5839
39,CC DChg,233.70000000001164,-1.6999,3.5839
39,CC DChg,233.79999999998836,-1.6999,3.5839
39,CC DChg,233.89999999996508,-1.6999,3.5839
39,CC DChg,234.0,-1.6999,3.5838
39,CC DChg,234.09999999997672,-1.6999,3.5839
39,CC DChg,234.20000000001164,-1.6999,3.5838
39,CC DChg,234.29999999998836,-1.6999,3.5838
39,CC DChg,234.39999999996508,-1.6999,3.5838
39,CC DChg,234.5,-1.6999,3.5837
39,CC DChg,234.59999999997672,-1.6999,3.5837
39,CC DChg,234.70000000001164,-1.6999,3.5837
39,CC DChg,234.79999999998836,-1.6998,3.5837
39,CC DChg,234.89999999996508,-1.6998,3.5837
39,CC DChg,235.0,-1.6998,3.5836
39,CC DChg,235.09999999997672,-1.6998,3.5836
39,CC DChg,235.20000000001164,-1.6998,3.5836
39,CC DChg,235.29999999998836,-1.6998,3.5836
39,CC DChg,235.39999999996508,-1.6998,3.5836
39,CC DChg,235.5,-1.6998,3.5836
39,CC DChg,235.59999999997672,-1.6998,3.5836
39,CC DChg,235.70000000001164,-1.6998,3.5835
39,CC DChg,235.79999999998836,-1.6998,3.5835
39,CC DChg,235.89999999996508,-1.6998,3.5835
39,CC DChg,236.0,-1.6998,3.5835
39,CC DChg,236.09999999997672,-1.6998,3.5835
39,CC DChg,236.20000000001164,-1.6998,3.5835
39,CC DChg,236.29999999998836,-1.6998,3.5834
39,CC DChg,236.39999999996508,-1.6998,3.5834
39,CC DChg,236.5,-1.6998,3.5834
39,CC DChg,236.59999999997672,-1.6998,3.5833
39,CC DChg,236.70000000001164,-1.6998,3.5833
39,CC DChg,236.79999999998836,-1.6998,3.5833
39,CC DChg,236.89999999996508,-1.6998,3.5833
39,CC DChg,237.0,-1.6998,3.5833
39,CC DChg,237.09999999997672,-1.6998,3.5833
39,CC DChg,237.20000000001164,-1.6998,3.5832
39,CC DChg,237.29999999998836,-1.6998,3.5832
39,CC DChg,237.39999999996508,-1.6998,3.5832
39,CC DChg,237.5,-1.6998,3.5832
39,CC DChg,237.59999999997672,-1.6998,3.5831
39,CC DChg,237.70000000001164,-1.6998,3.5831
39,CC DChg,237.79999999998836,-1.6998,3.5831
39,CC DChg,237.89999999996508,-1.6998,3.5831
39,CC DChg,238.0,-1.6998,3.583
39,CC DChg,238.09999999997672,-1.6998,3.583
39,CC DChg,238.20000000001164,-1.6998,3.583
39,CC DChg,238.29999999998836,-1.6998,3.583
39,CC DChg,238.39999999996508,-1.6998,3.5829
39,CC DChg,238.5,-1.6998,3.5829
39,CC DChg,238.59999999997672,-1.6998,3.5829
39,CC DChg,238.70000000001164,-1.6998,3.5829
39,CC DChg,238.79999999998836,-1.6998,3.5829
39,CC DChg,238.89999999996508,-1.6998,3.5829
39,CC DChg,239.0,-1.6998,3.5828
39,CC DChg,239.09999999997672,-1.6998,3.5828
39,CC DChg,239.20000000001164,-1.6998,3.5828
39,CC DChg,239.29999999998836,-1.6998,3.5828
39,CC DChg,239.39999999996508,-1.6998,3.5828
39,CC DChg,239.5,-1.6998,3.5828
39,CC DChg,239.59999999997672,-1.6998,3.5827
39,CC DChg,239.70000000001164,-1.6998,3.5827
39,CC DChg,239.79999999998836,-1.6998,3.5827
39,CC DChg,239.89999999996508,-1.6998,3.5827
39,CC DChg,240.0,-1.6998,3.5827
39,CC DChg,240.09999999997672,-1.6999,3.5826
39,CC DChg,240.20000000001164,-1.6999,3.5826
39,CC DChg,240.29999999998836,-1.6999,3.5826
39,CC DChg,240.39999999996508,-1.6999,3.5826
39,CC DChg,240.5,-1.6999,3.5826
39,CC DChg,240.59999999997672,-1.6999,3.5825
39,CC DChg,240.70000000001164,-1.6999,3.5825
39,CC DChg,240.79999999998836,-1.6999,3.5825
39,CC DChg,240.89999999996508,-1.6998,3.5825
39,CC DChg,241.0,-1.6998,3.5825
39,CC DChg,241.09999999997672,-1.6998,3.5825
39,CC DChg,241.20000000001164,-1.6998,3.5824
39,CC DChg,241.29999999998836,-1.6998,3.5824
39,CC DChg,241.39999999996508,-1.6998,3.5824
39,CC DChg,241.5,-1.6998,3.5824
39,CC DChg,241.59999999997672,-1.6998,3.5823
39,CC DChg,241.70000000001164,-1.6998,3.5824
39,CC DChg,241.79999999998836,-1.6998,3.5823
39,CC DChg,241.89999999996508,-1.6998,3.5823
39,CC DChg,242.0,-1.6998,3.5823
39,CC DChg,242.09999999997672,-1.6998,3.5822
39,CC DChg,242.20000000001164,-1.6998,3.5822
39,CC DChg,242.29999999998836,-1.6998,3.5822
39,CC DChg,242.39999999996508,-1.6998,3.5822
39,CC DChg,242.5,-1.6998,3.5822
39,CC DChg,242.59999999997672,-1.6998,3.5822
39,CC DChg,242.70000000001164,-1.6998,3.5821
39,CC DChg,242.79999999998836,-1.6998,3.5821
39,CC DChg,242.89999999996508,-1.6998,3.5821
39,CC DChg,243.0,-1.6998,3.5821
39,CC DChg,243.09999999997672,-1.6998,3.5821
39,CC DChg,243.20000000001164,-1.6998,3.5821
39,CC DChg,243.29999999998836,-1.6999,3.582
39,CC DChg,243.39999999996508,-1.6999,3.582
39,CC DChg,243.5,-1.6999,3.582
39,CC DChg,243.59999999997672,-1.6999,3.582
39,CC DChg,243.70000000001164,-1.6999,3.5819
39,CC DChg,243.79999999998836,-1.6999,3.5819
39,CC DChg,243.89999999996508,-1.6999,3.5819
39,CC DChg,244.0,-1.6998,3.5819
39,CC DChg,244.09999999997672,-1.6998,3.5819
39,CC DChg,244.20000000001164,-1.6998,3.5819
39,CC DChg,244.29999999998836,-1.6998,3.5818
39,CC DChg,244.39999999996508,-1.6998,3.5818
39,CC DChg,244.5,-1.6998,3.5818
39,CC DChg,244.59999999997672,-1.6998,3.5818
39,CC DChg,244.70000000001164,-1.6998,3.5818
39,CC DChg,244.79999999998836,-1.6998,3.5818
39,CC DChg,244.89999999996508,-1.6998,3.5818
39,CC DChg,245.0,-1.6998,3.5817
39,CC DChg,245.09999999997672,-1.6998,3.5817
39,CC DChg,245.20000000001164,-1.6998,3.5817
39,CC DChg,245.29999999998836,-1.6998,3.5816
39,CC DChg,245.39999999996508,-1.6998,3.5817
39,CC DChg,245.5,-1.6998,3.5816
39,CC DChg,245.59999999997672,-1.6998,3.5816
39,CC DChg,245.70000000001164,-1.6998,3.5816
39,CC DChg,245.79999999998836,-1.6998,3.5816
39,CC DChg,245.89999999996508,-1.6998,3.5815
39,CC DChg,246.0,-1.6998,3.5815
39,CC DChg,246.09999999997672,-1.6998,3.5815
39,CC DChg,246.20000000001164,-1.6998,3.5815
39,CC DChg,246.29999999998836,-1.6998,3.5815
39,CC DChg,246.39999999996508,-1.6998,3.5815
39,CC DChg,246.5,-1.6998,3.5814
39,CC DChg,246.59999999997672,-1.6998,3.5814
39,CC DChg,246.70000000001164,-1.6998,3.5814
39,CC DChg,246.79999999998836,-1.6998,3.5814
39,CC DChg,246.89999999996508,-1.6998,3.5813
39,CC DChg,247.0,-1.6998,3.5813
39,CC DChg,247.09999999997672,-1.6998,3.5813
39,CC DChg,247.20000000001164,-1.6998,3.5813
39,CC DChg,247.29999999998836,-1.6998,3.5813
39,CC DChg,247.39999999996508,-1.6998,3.5813
39,CC DChg,247.5,-1.6998,3.5812
39,CC DChg,247.59999999997672,-1.6998,3.5812
39,CC DChg,247.70000000001164,-1.6998,3.5812
39,CC DChg,247.79999999998836,-1.6998,3.5812
39,CC DChg,247.89999999996508,-1.6998,3.5811
39,CC DChg,248.0,-1.6998,3.5811
39,CC DChg,248.09999999997672,-1.6998,3.5811
39,CC DChg,248.20000000001164,-1.6998,3.5811
39,CC DChg,248.29999999998836,-1.6998,3.581
39,CC DChg,248.39999999996508,-1.6998,3.5811
39,CC DChg,248.5,-1.6998,3.581
39,CC DChg,248.59999999997672,-1.6998,3.581
39,CC DChg,248.70000000001164,-1.6998,3.581
39,CC DChg,248.79999999998836,-1.6998,3.5809
39,CC DChg,248.89999999996508,-1.6998,3.5809
39,CC DChg,249.0,-1.6998,3.5809
39,CC DChg,249.09999999997672,-1.6998,3.5809
39,CC DChg,249.20000000001164,-1.6998,3.5809
39,CC DChg,249.29999999998836,-1.6998,3.5809
39,CC DChg,249.39999999996508,-1.6998,3.5808
39,CC DChg,249.5,-1.6998,3.5808
39,CC DChg,249.59999999997672,-1.6998,3.5808
39,CC DChg,249.70000000001164,-1.6998,3.5808
39,CC DChg,249.79999999998836,-1.6998,3.5807
39,CC DChg,249.89999999996508,-1.6998,3.5807
39,CC DChg,250.0,-1.6998,3.5807
39,CC DChg,250.09999999997672,-1.6998,3.5807
39,CC DChg,250.20000000001164,-1.6998,3.5807
39,CC DChg,250.29999999998836,-1.6998,3.5806
39,CC DChg,250.39999999996508,-1.6998,3.5806
39,CC DChg,250.5,-1.6998,3.5806
39,CC DChg,250.59999999997672,-1.6998,3.5806
39,CC DChg,250.70000000001164,-1.6998,3.5806
39,CC DChg,250.79999999998836,-1.6998,3.5806
39,CC DChg,250.89999999996508,-1.6998,3.5806
39,CC DChg,251.0,-1.6998,3.5805
39,CC DChg,251.09999999997672,-1.6998,3.5805
39,CC DChg,251.20000000001164,-1.6998,3.5805
39,CC DChg,251.29999999998836,-1.6998,3.5804
39,CC DChg,251.39999999996508,-1.6998,3.5804
39,CC DChg,251.5,-1.6998,3.5804
39,CC DChg,251.59999999997672,-1.6998,3.5804
39,CC DChg,251.70000000001164,-1.6998,3.5804
39,CC DChg,251.79999999998836,-1.6998,3.5803
39,CC DChg,251.89999999996508,-1.6998,3.5803
39,CC DChg,252.0,-1.6998,3.5803
39,CC DChg,252.09999999997672,-1.6998,3.5803
39,CC DChg,252.20000000001164,-1.6998,3.5802
39,CC DChg,252.29999999998836,-1.6998,3.5802
39,CC DChg,252.39999999996508,-1.6998,3.5802
39,CC DChg,252.5,-1.6998,3.5802
39,CC DChg,252.59999999997672,-1.6998,3.5802
39,CC DChg,252.70000000001164,-1.6998,3.5802
39,CC DChg,252.79999999998836,-1.6998,3.5801
39,CC DChg,252.89999999996508,-1.6998,3.5801
39,CC DChg,253.0,-1.6998,3.5801
39,CC DChg,253.09999999997672,-1.6998,3.58
39,CC DChg,253.20000000001164,-1.6998,3.58
39,CC DChg,253.29999999998836,-1.6998,3.58
39,CC DChg,253.39999999996508,-1.6998,3.58
39,CC DChg,253.5,-1.6998,3.58
39,CC DChg,253.59999999997672,-1.6998,3.58
39,CC DChg,253.70000000001164,-1.6998,3.5799
39,CC DChg,253.79999999998836,-1.6998,3.5799
39,CC DChg,253.89999999996508,-1.6998,3.5799
39,CC DChg,254.0,-1.6998,3.5799
39,CC DChg,254.09999999997672,-1.6998,3.5799
39,CC DChg,254.20000000001164,-1.6998,3.5798
39,CC DChg,254.29999999998836,-1.6998,3.5798
39,CC DChg,254.39999999996508,-1.6998,3.5798
39,CC DChg,254.5,-1.6998,3.5798
39,CC DChg,254.59999999997672,-1.6998,3.5798
39,CC DChg,254.70000000001164,-1.6998,3.5797
39,CC DChg,254.79999999998836,-1.6998,3.5797
39,CC DChg,254.89999999996508,-1.6998,3.5797
39,CC DChg,255.0,-1.6998,3.5797
39,CC DChg,255.09999999997672,-1.6998,3.5796
39,CC DChg,255.20000000001164,-1.6998,3.5796
39,CC DChg,255.29999999998836,-1.6998,3.5797
39,CC DChg,255.39999999996508,-1.6998,3.5796
39,CC DChg,255.5,-1.6998,3.5796
39,CC DChg,255.59999999997672,-1.6998,3.5796
39,CC DChg,255.70000000001164,-1.6998,3.5796
39,CC DChg,255.79999999998836,-1.6998,3.5795
39,CC DChg,255.89999999996508,-1.6998,3.5795
39,CC DChg,256.0,-1.6998,3.5795
39,CC DChg,256.0999999999767,-1.6998,3.5795
39,CC DChg,256.20000000001164,-1.6998,3.5795
39,CC DChg,256.29999999998836,-1.6998,3.5794
39,CC DChg,256.3999999999651,-1.6998,3.5794
39,CC DChg,256.5,-1.6998,3.5794
39,CC DChg,256.5999999999767,-1.6998,3.5794
39,CC DChg,256.70000000001164,-1.6998,3.5794
39,CC DChg,256.79999999998836,-1.6998,3.5794
39,CC DChg,256.8999999999651,-1.6998,3.5793
39,CC DChg,257.0,-1.6998,3.5793
39,CC DChg,257.0999999999767,-1.6998,3.5793
39,CC DChg,257.20000000001164,-1.6998,3.5793
39,CC DChg,257.29999999998836,-1.6998,3.5792
39,CC DChg,257.3999999999651,-1.6998,3.5792
39,CC DChg,257.5,-1.6998,3.5792
39,CC DChg,257.5999999999767,-1.6998,3.5792
39,CC DChg,257.70000000001164,-1.6998,3.5791
39,CC DChg,257.79999999998836,-1.6998,3.5791
39,CC DChg,257.8999999999651,-1.6998,3.5791
39,CC DChg,258.0,-1.6998,3.5791
39,CC DChg,258.0999999999767,-1.6998,3.5791
39,CC DChg,258.20000000001164,-1.6998,3.5791
39,CC DChg,258.29999999998836,-1.6998,3.5791
39,CC DChg,258.3999999999651,-1.6998,3.579
39,CC DChg,258.5,-1.6998,3.579
39,CC DChg,258.5999999999767,-1.6998,3.579
39,CC DChg,258.70000000001164,-1.6998,3.5789
39,CC DChg,258.79999999998836,-1.6998,3.5789
39,CC DChg,258.8999999999651,-1.6998,3.5789
39,CC DChg,259.0,-1.6998,3.5789
39,CC DChg,259.0999999999767,-1.6998,3.5789
39,CC DChg,259.20000000001164,-1.6998,3.5789
39,CC DChg,259.29999999998836,-1.6998,3.5788
39,CC DChg,259.3999999999651,-1.6998,3.5788
39,CC DChg,259.5,-1.6998,3.5788
39,CC DChg,259.5999999999767,-1.6998,3.5788
39,CC DChg,259.70000000001164,-1.6998,3.5788
39,CC DChg,259.79999999998836,-1.6998,3.5788
39,CC DChg,259.8999999999651,-1.6998,3.5788
39,CC DChg,260.0,-1.6998,3.5787
39,CC DChg,260.0999999999767,-1.6998,3.5787
39,CC DChg,260.20000000001164,-1.6998,3.5787
39,CC DChg,260.29999999998836,-1.6998,3.5787
39,CC DChg,260.3999999999651,-1.6998,3.5787
39,CC DChg,260.5,-1.6998,3.5786
39,CC DChg,260.5999999999767,-1.6998,3.5786
39,CC DChg,260.70000000001164,-1.6998,3.5786
39,CC DChg,260.79999999998836,-1.6998,3.5786
39,CC DChg,260.8999999999651,-1.6998,3.5785
39,CC DChg,261.0,-1.6998,3.5785
39,CC DChg,261.0999999999767,-1.6998,3.5785
39,CC DChg,261.20000000001164,-1.6998,3.5785
39,CC DChg,261.29999999998836,-1.6998,3.5785
39,CC DChg,261.3999999999651,-1.6998,3.5785
39,CC DChg,261.5,-1.6998,3.5784
39,CC DChg,261.5999999999767,-1.6998,3.5784
39,CC DChg,261.70000000001164,-1.6998,3.5784
39,CC DChg,261.79999999998836,-1.6998,3.5784
39,CC DChg,261.8999999999651,-1.6998,3.5784
39,CC DChg,262.0,-1.6998,3.5784
39,CC DChg,262.0999999999767,-1.6998,3.5784
39,CC DChg,262.20000000001164,-1.6998,3.5783
39,CC DChg,262.29999999998836,-1.6998,3.5783
39,CC DChg,262.3999999999651,-1.6998,3.5783
39,CC DChg,262.5,-1.6998,3.5783
39,CC DChg,262.5999999999767,-1.6998,3.5782
39,CC DChg,262.70000000001164,-1.6998,3.5782
39,CC DChg,262.79999999998836,-1.6998,3.5782
39,CC DChg,262.8999999999651,-1.6998,3.5782
39,CC DChg,263.0,-1.6998,3.5782
39,CC DChg,263.0999999999767,-1.6998,3.5782
39,CC DChg,263.20000000001164,-1.6998,3.5781
39,CC DChg,263.29999999998836,-1.6998,3.5781
39,CC DChg,263.3999999999651,-1.6998,3.5781
39,CC DChg,263.5,-1.6998,3.5781
39,CC DChg,263.5999999999767,-1.6998,3.578
39,CC DChg,263.70000000001164,-1.6998,3.578
39,CC DChg,263.79999999998836,-1.6998,3.578
39,CC DChg,263.8999999999651,-1.6998,3.578
39,CC DChg,264.0,-1.6998,3.578
39,CC DChg,264.0999999999767,-1.6998,3.578
39,CC DChg,264.20000000001164,-1.6998,3.5779
39,CC DChg,264.29999999998836,-1.6998,3.5779
39,CC DChg,264.3999999999651,-1.6998,3.5779
39,CC DChg,264.5,-1.6998,3.5779
39,CC DChg,264.5999999999767,-1.6998,3.5779
39,CC DChg,264.70000000001164,-1.6998,3.5779
39,CC DChg,264.79999999998836,-1.6998,3.5778
39,CC DChg,264.8999999999651,-1.6998,3.5778
39,CC DChg,265.0,-1.6998,3.5778
39,CC DChg,265.0999999999767,-1.6998,3.5778
39,CC DChg,265.20000000001164,-1.6998,3.5777
39,CC DChg,265.29999999998836,-1.6998,3.5777
39,CC DChg,265.3999999999651,-1.6998,3.5777
39,CC DChg,265.5,-1.6998,3.5777
39,CC DChg,265.5999999999767,-1.6998,3.5777
39,CC DChg,265.70000000001164,-1.6998,3.5776
39,CC DChg,265.79999999998836,-1.6998,3.5776
39,CC DChg,265.8999999999651,-1.6998,3.5776
39,CC DChg,266.0,-1.6998,3.5776
39,CC DChg,266.0999999999767,-1.6998,3.5776
39,CC DChg,266.20000000001164,-1.6998,3.5776
39,CC DChg,266.29999999998836,-1.6998,3.5775
39,CC DChg,266.3999999999651,-1.6998,3.5775
39,CC DChg,266.5,-1.6998,3.5775
39,CC DChg,266.5999999999767,-1.6998,3.5775
39,CC DChg,266.70000000001164,-1.6998,3.5775
39,CC DChg,266.79999999998836,-1.6998,3.5775
39,CC DChg,266.8999999999651,-1.6998,3.5774
39,CC DChg,267.0,-1.6998,3.5774
39,CC DChg,267.0999999999767,-1.6998,3.5774
39,CC DChg,267.20000000001164,-1.6998,3.5773
39,CC DChg,267.29999999998836,-1.6998,3.5773
39,CC DChg,267.3999999999651,-1.6998,3.5773
39,CC DChg,267.5,-1.6998,3.5773
39,CC DChg,267.5999999999767,-1.6998,3.5773
39,CC DChg,267.70000000001164,-1.6998,3.5773
39,CC DChg,267.79999999998836,-1.6998,3.5773
39,CC DChg,267.8999999999651,-1.6998,3.5772
39,CC DChg,268.0,-1.6998,3.5772
39,CC DChg,268.0999999999767,-1.6998,3.5772
39,CC DChg,268.20000000001164,-1.6998,3.5772
39,CC DChg,268.29999999998836,-1.6998,3.5772
39,CC DChg,268.3999999999651,-1.6998,3.5771
39,CC DChg,268.5,-1.6998,3.5771
39,CC DChg,268.5999999999767,-1.6998,3.5771
39,CC DChg,268.70000000001164,-1.6998,3.5771
39,CC DChg,268.79999999998836,-1.6998,3.5771
39,CC DChg,268.8999999999651,-1.6998,3.577
39,CC DChg,269.0,-1.6998,3.577
39,CC DChg,269.0999999999767,-1.6998,3.577
39,CC DChg,269.20000000001164,-1.6998,3.577
39,CC DChg,269.29999999998836,-1.6998,3.577
39,CC DChg,269.3999999999651,-1.6998,3.5769
39,CC DChg,269.5,-1.6998,3.5769
39,CC DChg,269.5999999999767,-1.6998,3.5769
39,CC DChg,269.70000000001164,-1.6998,3.5769
39,CC DChg,269.79999999998836,-1.6998,3.5769
39,CC DChg,269.8999999999651,-1.6998,3.5769
39,CC DChg,270.0,-1.6998,3.5768
39,CC DChg,270.0999999999767,-1.6998,3.5768
39,CC DChg,270.20000000001164,-1.6998,3.5768
39,CC DChg,270.29999999998836,-1.6998,3.5768
39,CC DChg,270.3999999999651,-1.6998,3.5768
39,CC DChg,270.5,-1.6998,3.5768
39,CC DChg,270.5999999999767,-1.6998,3.5767
39,CC DChg,270.70000000001164,-1.6998,3.5767
39,CC DChg,270.79999999998836,-1.6998,3.5767
39,CC DChg,270.8999999999651,-1.6998,3.5767
39,CC DChg,271.0,-1.6998,3.5767
39,CC DChg,271.0999999999767,-1.6998,3.5766
39,CC DChg,271.20000000001164,-1.6998,3.5766
39,CC DChg,271.29999999998836,-1.6998,3.5766
39,CC DChg,271.3999999999651,-1.6998,3.5766
39,CC DChg,271.5,-1.6998,3.5766
39,CC DChg,271.5999999999767,-1.6998,3.5766
39,CC DChg,271.70000000001164,-1.6998,3.5766
39,CC DChg,271.79999999998836,-1.6998,3.5766
39,CC DChg,271.8999999999651,-1.6998,3.5765
39,CC DChg,272.0,-1.6998,3.5764
39,CC DChg,272.0999999999767,-1.6998,3.5765
39,CC DChg,272.20000000001164,-1.6998,3.5764
39,CC DChg,272.29999999998836,-1.6998,3.5764
39,CC DChg,272.3999999999651,-1.6998,3.5764
39,CC DChg,272.5,-1.6998,3.5764
39,CC DChg,272.5999999999767,-1.6998,3.5764
39,CC DChg,272.70000000001164,-1.6998,3.5763
39,CC DChg,272.79999999998836,-1.6998,3.5763
39,CC DChg,272.8999999999651,-1.6998,3.5763
39,CC DChg,273.0,-1.6998,3.5763
39,CC DChg,273.0999999999767,-1.6998,3.5763
39,CC DChg,273.20000000001164,-1.6998,3.5762
39,CC DChg,273.29999999998836,-1.6998,3.5762
39,CC DChg,273.3999999999651,-1.6998,3.5762
39,CC DChg,273.5,-1.6998,3.5762
39,CC DChg,273.5999999999767,-1.6998,3.5762
39,CC DChg,273.70000000001164,-1.6998,3.5762
39,CC DChg,273.79999999998836,-1.6998,3.5762
39,CC DChg,273.8999999999651,-1.6998,3.5762
39,CC DChg,274.0,-1.6998,3.5761
39,CC DChg,274.0999999999767,-1.6998,3.5761
39,CC DChg,274.20000000001164,-1.6998,3.5761
39,CC DChg,274.29999999998836,-1.6998,3.576
39,CC DChg,274.3999999999651,-1.6998,3.576
39,CC DChg,274.5,-1.6998,3.576
39,CC DChg,274.5999999999767,-1.6998,3.5759
39,CC DChg,274.70000000001164,-1.6998,3.576
39,CC DChg,274.79999999998836,-1.6998,3.5759
39,CC DChg,274.8999999999651,-1.6998,3.5759
39,CC DChg,275.0,-1.6998,3.5759
39,CC DChg,275.0999999999767,-1.6998,3.5759
39,CC DChg,275.20000000001164,-1.6998,3.5759
39,CC DChg,275.29999999998836,-1.6998,3.5759
39,CC DChg,275.3999999999651,-1.6998,3.5759
39,CC DChg,275.5,-1.6998,3.5759
39,CC DChg,275.5999999999767,-1.6998,3.5758
39,CC DChg,275.70000000001164,-1.6998,3.5758
39,CC DChg,275.79999999998836,-1.6998,3.5758
39,CC DChg,275.8999999999651,-1.6998,3.5757
39,CC DChg,276.0,-1.6998,3.5758
39,CC DChg,276.0999999999767,-1.6998,3.5757
39,CC DChg,276.20000000001164,-1.6998,3.5757
39,CC DChg,276.29999999998836,-1.6998,3.5757
39,CC DChg,276.3999999999651,-1.6998,3.5757
39,CC DChg,276.5,-1.6998,3.5757
39,CC DChg,276.5999999999767,-1.6998,3.5756
39,CC DChg,276.70000000001164,-1.6998,3.5756
39,CC DChg,276.79999999998836,-1.6998,3.5756
39,CC DChg,276.8999999999651,-1.6998,3.5756
39,CC DChg,277.0,-1.6998,3.5755
39,CC DChg,277.0999999999767,-1.6998,3.5755
39,CC DChg,277.20000000001164,-1.6998,3.5755
39,CC DChg,277.29999999998836,-1.6998,3.5755
39,CC DChg,277.3999999999651,-1.6998,3.5755
39,CC DChg,277.5,-1.6998,3.5755
39,CC DChg,277.5999999999767,-1.6998,3.5755
39,CC DChg,277.70000000001164,-1.6998,3.5754
39,CC DChg,277.79999999998836,-1.6998,3.5754
39,CC DChg,277.8999999999651,-1.6998,3.5754
39,CC DChg,278.0,-1.6998,3.5754
39,CC DChg,278.0999999999767,-1.6998,3.5754
39,CC DChg,278.20000000001164,-1.6998,3.5753
39,CC DChg,278.29999999998836,-1.6998,3.5753
39,CC DChg,278.3999999999651,-1.6998,3.5753
39,CC DChg,278.5,-1.6998,3.5753
39,CC DChg,278.5999999999767,-1.6998,3.5753
39,CC DChg,278.70000000001164,-1.6998,3.5752
39,CC DChg,278.79999999998836,-1.6998,3.5752
39,CC DChg,278.8999999999651,-1.6998,3.5752
39,CC DChg,279.0,-1.6998,3.5752
39,CC DChg,279.0999999999767,-1.6998,3.5751
39,CC DChg,279.20000000001164,-1.6998,3.5751
39,CC DChg,279.29999999998836,-1.6998,3.5751
39,CC DChg,279.3999999999651,-1.6998,3.5751
39,CC DChg,279.5,-1.6998,3.5751
39,CC DChg,279.5999999999767,-1.6998,3.5751
39,CC DChg,279.70000000001164,-1.6998,3.575
39,CC DChg,279.79999999998836,-1.6998,3.575
39,CC DChg,279.8999999999651,-1.6998,3.5749
39,CC DChg,280.0,-1.6998,3.5749
39,CC DChg,280.0999999999767,-1.6998,3.5749
39,CC DChg,280.20000000001164,-1.6998,3.5749
39,CC DChg,280.29999999998836,-1.6998,3.5749
39,CC DChg,280.3999999999651,-1.6998,3.5749
39,CC DChg,280.5,-1.6998,3.5748
39,CC DChg,280.5999999999767,-1.6998,3.5748
39,CC DChg,280.70000000001164,-1.6998,3.5749
39,CC DChg,280.79999999998836,-1.6998,3.5748
39,CC DChg,280.8999999999651,-1.6998,3.5748
39,CC DChg,281.0,-1.6998,3.5748
39,CC DChg,281.0999999999767,-1.6998,3.5748
39,CC DChg,281.20000000001164,-1.6998,3.5748
39,CC DChg,281.29999999998836,-1.6998,3.5747
39,CC DChg,281.3999999999651,-1.6998,3.5747
39,CC DChg,281.5,-1.6998,3.5747
39,CC DChg,281.5999999999767,-1.6998,3.5746
39,CC DChg,281.70000000001164,-1.6998,3.5746
39,CC DChg,281.79999999998836,-1.6998,3.5746
39,CC DChg,281.8999999999651,-1.6998,3.5746
39,CC DChg,282.0,-1.6998,3.5746
39,CC DChg,282.0999999999767,-1.6998,3.5746
39,CC DChg,282.20000000001164,-1.6998,3.5746
39,CC DChg,282.29999999998836,-1.6998,3.5745
39,CC DChg,282.3999999999651,-1.6998,3.5745
39,CC DChg,282.5,-1.6998,3.5745
39,CC DChg,282.5999999999767,-1.6998,3.5745
39,CC DChg,282.70000000001164,-1.6998,3.5745
39,CC DChg,282.79999999998836,-1.6998,3.5745
39,CC DChg,282.8999999999651,-1.6998,3.5744
39,CC DChg,283.0,-1.6998,3.5744
39,CC DChg,283.0999999999767,-1.6998,3.5744
39,CC DChg,283.20000000001164,-1.6998,3.5743
39,CC DChg,283.29999999998836,-1.6998,3.5743
39,CC DChg,283.3999999999651,-1.6998,3.5743
39,CC DChg,283.5,-1.6998,3.5743
39,CC DChg,283.5999999999767,-1.6998,3.5743
39,CC DChg,283.70000000001164,-1.6998,3.5743
39,CC DChg,283.79999999998836,-1.6998,3.5743
39,CC DChg,283.8999999999651,-1.6998,3.5743
39,CC DChg,284.0,-1.6998,3.5742
39,CC DChg,284.0999999999767,-1.6998,3.5742
39,CC DChg,284.20000000001164,-1.6998,3.5742
39,CC DChg,284.29999999998836,-1.6998,3.5742
39,CC DChg,284.3999999999651,-1.6998,3.5741
39,CC DChg,284.5,-1.6998,3.5741
39,CC DChg,284.5999999999767,-1.6998,3.5741
39,CC DChg,284.70000000001164,-1.6998,3.5741
39,CC DChg,284.79999999998836,-1.6998,3.5741
39,CC DChg,284.8999999999651,-1.6998,3.574
39,CC DChg,285.0,-1.6998,3.574
39,CC DChg,285.0999999999767,-1.6998,3.574
39,CC DChg,285.20000000001164,-1.6998,3.574
39,CC DChg,285.29999999998836,-1.6998,3.574
39,CC DChg,285.3999999999651,-1.6998,3.574
39,CC DChg,285.5,-1.6998,3.574
39,CC DChg,285.5999999999767,-1.6998,3.5739
39,CC DChg,285.70000000001164,-1.6998,3.5739
39,CC DChg,285.79999999998836,-1.6998,3.5739
39,CC DChg,285.8999999999651,-1.6998,3.5738
39,CC DChg,286.0,-1.6998,3.5738
39,CC DChg,286.0999999999767,-1.6998,3.5738
39,CC DChg,286.20000000001164,-1.6998,3.5738
39,CC DChg,286.29999999998836,-1.6998,3.5738
39,CC DChg,286.3999999999651,-1.6998,3.5737
39,CC DChg,286.5,-1.6998,3.5737
39,CC DChg,286.5999999999767,-1.6998,3.5737
39,CC DChg,286.70000000001164,-1.6998,3.5737
39,CC DChg,286.79999999998836,-1.6998,3.5737
39,CC DChg,286.8999999999651,-1.6998,3.5737
39,CC DChg,287.0,-1.6998,3.5736
39,CC DChg,287.0999999999767,-1.6998,3.5736
39,CC DChg,287.20000000001164,-1.6998,3.5736
39,CC DChg,287.29999999998836,-1.6998,3.5736
39,CC DChg,287.3999999999651,-1.6998,3.5735
39,CC DChg,287.5,-1.6998,3.5735
39,CC DChg,287.5999999999767,-1.6998,3.5735
39,CC DChg,287.70000000001164,-1.6998,3.5735
39,CC DChg,287.79999999998836,-1.6998,3.5735
39,CC DChg,287.8999999999651,-1.6998,3.5735
39,CC DChg,288.0,-1.6998,3.5735
39,CC DChg,288.0999999999767,-1.6998,3.5734
39,CC DChg,288.20000000001164,-1.6998,3.5734
39,CC DChg,288.29999999998836,-1.6998,3.5734
39,CC DChg,288.3999999999651,-1.6998,3.5734
39,CC DChg,288.5,-1.6998,3.5734
39,CC DChg,288.5999999999767,-1.6998,3.5733
39,CC DChg,288.70000000001164,-1.6998,3.5733
39,CC DChg,288.79999999998836,-1.6998,3.5733
39,CC DChg,288.8999999999651,-1.6998,3.5733
39,CC DChg,289.0,-1.6998,3.5732
39,CC DChg,289.0999999999767,-1.6998,3.5732
39,CC DChg,289.20000000001164,-1.6998,3.5732
39,CC DChg,289.29999999998836,-1.6998,3.5732
39,CC DChg,289.3999999999651,-1.6998,3.5732
39,CC DChg,289.5,-1.6998,3.5731
39,CC DChg,289.5999999999767,-1.6998,3.5732
39,CC DChg,289.70000000001164,-1.6998,3.5731
39,CC DChg,289.79999999998836,-1.6998,3.5731
39,CC DChg,289.8999999999651,-1.6998,3.5731
39,CC DChg,290.0,-1.6998,3.5731
39,CC DChg,290.0999999999767,-1.6998,3.5731
39,CC DChg,290.20000000001164,-1.6998,3.573
39,CC DChg,290.29999999998836,-1.6998,3.573
39,CC DChg,290.3999999999651,-1.6998,3.573
39,CC DChg,290.5,-1.6998,3.573
39,CC DChg,290.5999999999767,-1.6998,3.573
39,CC DChg,290.70000000001164,-1.6998,3.5729
39,CC DChg,290.79999999998836,-1.6998,3.5729
39,CC DChg,290.8999999999651,-1.6998,3.5729
39,CC DChg,291.0,-1.6998,3.5729
39,CC DChg,291.0999999999767,-1.6998,3.5728
39,CC DChg,291.20000000001164,-1.6998,3.5729
39,CC DChg,291.29999999998836,-1.6998,3.5729
39,CC DChg,291.3999999999651,-1.6998,3.5728
39,CC DChg,291.5,-1.6998,3.5728
39,CC DChg,291.5999999999767,-1.6998,3.5728
39,CC DChg,291.70000000001164,-1.6998,3.5728
39,CC DChg,291.79999999998836,-1.6998,3.5727
39,CC DChg,291.8999999999651,-1.6998,3.5727
39,CC DChg,292.0,-1.6998,3.5727
39,CC DChg,292.0999999999767,-1.6998,3.5727
39,CC DChg,292.20000000001164,-1.6998,3.5727
39,CC DChg,292.29999999998836,-1.6998,3.5726
39,CC DChg,292.3999999999651,-1.6998,3.5726
39,CC DChg,292.5,-1.6998,3.5726
39,CC DChg,292.5999999999767,-1.6998,3.5726
39,CC DChg,292.70000000001164,-1.6998,3.5726
39,CC DChg,292.79999999998836,-1.6998,3.5725
39,CC DChg,292.8999999999651,-1.6998,3.5725
39,CC DChg,293.0,-1.6998,3.5725
39,CC DChg,293.0999999999767,-1.6998,3.5725
39,CC DChg,293.20000000001164,-1.6998,3.5725
39,CC DChg,293.29999999998836,-1.6998,3.5725
39,CC DChg,293.3999999999651,-1.6998,3.5724
39,CC DChg,293.5,-1.6998,3.5724
39,CC DChg,293.5916666666744,-1.6998,3.5724
39,CC DChg,293.68333333334886,-1.6998,3.5724
39,CC DChg,293.7750000000233,-1.6998,3.5723
39,CC DChg,293.8666666666395,-1.6998,3.5723
39,CC DChg,293.95833333331393,-1.6998,3.5723
39,CC DChg,294.04999999998836,-1.6998,3.5723
39,CC DChg,294.1416666666628,-1.6998,3.5723
39,CC DChg,294.2333333333372,-1.6998,3.5723
40,Rest,294.32499999995343,0.0,3.6498
40,Rest,294.41666666662786,0.0,3.6498
40,Rest,294.5083333333023,0.0,3.6502
40,Rest,294.6075757576036,0.0,3.6511
40,Rest,294.70681818178855,0.0,3.6518
40,Rest,294.8060606060317,0.0,3.6524
40,Rest,294.9053030302748,0.0,3.6528
40,Rest,295.00454545451794,0.0,3.6533
40,Rest,295.10378787876107,0.0,3.6536
40,Rest,295.2030303030042,0.0,3.654
40,Rest,295.3022727272473,0.0,3.6543
40,Rest,295.40151515149046,0.0,3.6546
40,Rest,295.5007575757336,0.0,3.6549
40,Rest,295.6006887052208,0.0,3.6551
40,Rest,295.70061983470805,0.0,3.6554
40,Rest,295.8005509641371,0.0,3.6557
40,Rest,295.9004820936243,0.0,3.6559
40,Rest,296.00041322311154,0.0,3.6561
40,Rest,296.10034435259877,0.0,3.6563
40,Rest,296.200275482086,0.0,3.6566
40,Rest,296.30020661157323,0.0,3.6568
40,Rest,296.40013774100225,0.0,3.657
40,Rest,296.5000688704895,0.0,3.6571
40,Rest,296.600062609592,0.0,3.6573
40,Rest,296.7000563485781,0.0,3.6575
40,Rest,296.80005008762237,0.0,3.6577
40,Rest,296.90004382666666,0.0,3.6578
40,Rest,297.00003756571095,0.0,3.658
40,Rest,297.10003130475525,0.0,3.6582
40,Rest,297.20002504379954,0.0,3.6584
40,Rest,297.30001878284384,0.0,3.6586
40,Rest,297.40001252188813,0.0,3.6587
40,Rest,297.5000062609324,0.0,3.6589
40,Rest,297.60000569175463,0.0,3.659
40,Rest,297.70000512257684,0.0,3.6592
40,Rest,297.80000455339905,0.0,3.6593
40,Rest,297.90000398422126,0.0,3.6595
40,Rest,298.00000341504347,0.0,3.6596
40,Rest,298.1000028458657,0.0,3.6597
40,Rest,298.2000022766879,0.0,3.6599
40,Rest,298.3000017075101,0.0,3.66
40,Rest,298.4000011383905,0.0,3.6602
40,Rest,298.5000005691545,0.0,3.6603
40,Rest,298.6000005173846,0.0,3.6605
40,Rest,298.70000046567293,0.0,3.6606
40,Rest,298.80000041390304,0.0,3.6607
40,Rest,298.90000036219135,0.0,3.6609
40,Rest,299.00000031042146,0.0,3.661
40,Rest,299.10000025870977,0.0,3.6611
40,Rest,299.2000002069399,0.0,3.6613
40,Rest,299.3000001552282,0.0,3.6614
40,Rest,299.4000001034583,0.0,3.6615
40,Rest,299.5000000517466,0.0,3.6617
40,Rest,299.6000000470667,0.0,3.6618
40,Rest,299.7000000423286,0.0,3.6619
40,Rest,299.8000000376487,0.0,3.662
40,Rest,299.9000000329106,0.0,3.6621
40,Rest,300.0000000282307,0.0,3.6622
40,Rest,300.1000000234926,0.0,3.6624
40,Rest,300.2000000188127,0.0,3.6625
40,Rest,300.3000000140746,0.0,3.6626
40,Rest,300.4000000093947,0.0,3.6627
40,Rest,300.5000000046566,0.0,3.6628
40,Rest,300.6000000042259,0.0,3.663
40,Rest,300.70000000379514,0.0,3.6631
40,Rest,300.8000000033644,0.0,3.6631
40,Rest,300.90000000293367,0.0,3.6632
40,Rest,301.00000000250293,0.0,3.6634
40,Rest,301.1000000020722,0.0,3.6635
40,Rest,301.20000000169966,0.0,3.6636
40,Rest,301.3000000012689,0.0,3.6637
40,Rest,301.4000000008382,0.0,3.6638
40,Rest,301.50000000040745,0.0,3.6638
40,Rest,301.60000000038417,0.0,3.664
40,Rest,301.7000000003027,0.0,3.6641
40,Rest,301.8000000002794,0.0,3.6642
40,Rest,301.9000000002561,0.0,3.6643
40,Rest,302.00000000023283,0.0,3.6644
40,Rest,302.10000000015134,0.0,3.6645
40,Rest,302.20000000006985,0.0,3.6646
40,Rest,302.3000000001048,0.0,3.6647
40,Rest,302.4000000000815,0.0,3.6648
40,Rest,302.5,0.0,3.6649
40,Rest,302.5999999999767,0.0,3.665
40,Rest,302.70000000001164,0.0,3.6651
40,Rest,302.79999999998836,0.0,3.6652
40,Rest,302.8999999999651,0.0,3.6653
40,Rest,303.0,0.0,3.6653
40,Rest,303.0999999999767,0.0,3.6655
40,Rest,303.20000000001164,0.0,3.6656
40,Rest,303.29999999998836,0.0,3.6656
40,Rest,303.3999999999651,0.0,3.6658
40,Rest,303.5,0.0,3.6658
40,Rest,303.5999999999767,0.0,3.6659
40,Rest,303.70000000001164,0.0,3.666
40,Rest,303.79999999998836,0.0,3.6661
40,Rest,303.8999999999651,0.0,3.6662
40,Rest,304.0,0.0,3.6663
40,Rest,304.0999999999767,0.0,3.6664
40,Rest,304.20000000001164,0.0,3.6664
40,Rest,304.29999999998836,0.0,3.6665
40,Rest,304.3999999999651,0.0,3.6667
40,Rest,304.5,0.0,3.6667
40,Rest,304.5999999999767,0.0,3.6668
40,Rest,304.70000000001164,0.0,3.6669
40,Rest,304.79999999998836,0.0,3.667
40,Rest,304.8999999999651,0.0,3.6671
40,Rest,305.0,0.0,3.6671
40,Rest,305.0999999999767,0.0,3.6672
40,Rest,305.20000000001164,0.0,3.6673
40,Rest,305.29999999998836,0.0,3.6674
40,Rest,305.3999999999651,0.0,3.6675
40,Rest,305.5,0.0,3.6676
40,Rest,305.5999999999767,0.0,3.6676
40,Rest,305.70000000001164,0.0,3.6677
40,Rest,305.79999999998836,0.0,3.6678
40,Rest,305.8999999999651,0.0,3.6679
40,Rest,306.0,0.0,3.668
40,Rest,306.0999999999767,0.0,3.668
40,Rest,306.20000000001164,0.0,3.6682
40,Rest,306.29999999998836,0.0,3.6682
40,Rest,306.3999999999651,0.0,3.6683
40,Rest,306.5,0.0,3.6684
40,Rest,306.5999999999767,0.0,3.6684
40,Rest,306.70000000001164,0.0,3.6685
40,Rest,306.79999999998836,0.0,3.6686
40,Rest,306.8999999999651,0.0,3.6687
40,Rest,307.0,0.0,3.6687
40,Rest,307.0999999999767,0.0,3.6688
40,Rest,307.20000000001164,0.0,3.6689
40,Rest,307.29999999998836,0.0,3.669
40,Rest,307.3999999999651,0.0,3.6691
40,Rest,307.5,0.0,3.6692
40,Rest,307.5999999999767,0.0,3.6692
40,Rest,307.70000000001164,0.0,3.6693
40,Rest,307.79999999998836,0.0,3.6694
40,Rest,307.8999999999651,0.0,3.6695
40,Rest,308.0,0.0,3.6695
40,Rest,308.0999999999767,0.0,3.6696
40,Rest,308.20000000001164,0.0,3.6697
40,Rest,308.29999999998836,0.0,3.6697
40,Rest,308.3999999999651,0.0,3.6698
40,Rest,308.5,0.0,3.6699
40,Rest,308.5999999999767,0.0,3.67
40,Rest,308.70000000001164,0.0,3.6701
40,Rest,308.79999999998836,0.0,3.6701
40,Rest,308.8999999999651,0.0,3.6702
40,Rest,309.0,0.0,3.6703
40,Rest,309.0999999999767,0.0,3.6704
40,Rest,309.20000000001164,0.0,3.6704
40,Rest,309.29999999998836,0.0,3.6705
40,Rest,309.3999999999651,0.0,3.6706
40,Rest,309.5,0.0,3.6706
40,Rest,309.5999999999767,0.0,3.6707
40,Rest,309.70000000001164,0.0,3.6708
40,Rest,309.79999999998836,0.0,3.6708
40,Rest,309.8999999999651,0.0,3.6709
40,Rest,310.0,0.0,3.6709
40,Rest,310.0999999999767,0.0,3.671
40,Rest,310.20000000001164,0.0,3.6711
40,Rest,310.29999999998836,0.0,3.6712
40,Rest,310.3999999999651,0.0,3.6712
40,Rest,310.5,0.0,3.6713
40,Rest,310.5999999999767,0.0,3.6713
40,Rest,310.70000000001164,0.0,3.6714
40,Rest,310.79999999998836,0.0,3.6715
40,Rest,310.8999999999651,0.0,3.6715
40,Rest,311.0,0.0,3.6716
40,Rest,311.0999999999767,0.0,3.6717
40,Rest,311.20000000001164,0.0,3.6717
40,Rest,311.29999999998836,0.0,3.6718
40,Rest,311.3999999999651,0.0,3.6719
40,Rest,311.5,0.0,3.6719
40,Rest,311.5999999999767,0.0,3.672
40,Rest,311.70000000001164,0.0,3.6721
40,Rest,311.79999999998836,0.0,3.6721
40,Rest,311.8999999999651,0.0,3.6722
40,Rest,312.0,0.0,3.6723
40,Rest,312.0999999999767,0.0,3.6723
40,Rest,312.20000000001164,0.0,3.6724
40,Rest,312.29999999998836,0.0,3.6725
40,Rest,312.3999999999651,0.0,3.6725
40,Rest,312.5,0.0,3.6726
40,Rest,312.5999999999767,0.0,3.6727
40,Rest,312.70000000001164,0.0,3.6727
40,Rest,312.79999999998836,0.0,3.6728
40,Rest,312.8999999999651,0.0,3.6728
40,Rest,313.0,0.0,3.6729
40,Rest,313.0999999999767,0.0,3.6729
40,Rest,313.20000000001164,0.0,3.673
40,Rest,313.29999999998836,0.0,3.6731
40,Rest,313.3999999999651,0.0,3.6731
40,Rest,313.5,0.0,3.6732
40,Rest,313.5999999999767,0.0,3.6733
40,Rest,313.70000000001164,0.0,3.6733
40,Rest,313.79999999998836,0.0,3.6734
40,Rest,313.8999999999651,0.0,3.6734
40,Rest,314.0,0.0,3.6735
40,Rest,314.0999999999767,0.0,3.6736
40,Rest,314.20000000001164,0.0,3.6736
40,Rest,314.29999999998836,0.0,3.6737
40,Rest,314.3999999999651,0.0,3.6737
40,Rest,314.5,0.0,3.6738
40,Rest,314.5999999999767,0.0,3.6739
40,Rest,314.70000000001164,0.0,3.6739
40,Rest,314.79999999998836,0.0,3.6739
40,Rest,314.8999999999651,0.0,3.674
40,Rest,315.0,0.0,3.6741
40,Rest,315.0999999999767,0.0,3.6741
40,Rest,315.20000000001164,0.0,3.6742
40,Rest,315.29999999998836,0.0,3.6742
40,Rest,315.3999999999651,0.0,3.6743
40,Rest,315.5,0.0,3.6744
40,Rest,315.5999999999767,0.0,3.6744
40,Rest,315.70000000001164,0.0,3.6745
40,Rest,315.79999999998836,0.0,3.6746
40,Rest,315.8999999999651,0.0,3.6746
40,Rest,316.0,0.0,3.6746
40,Rest,316.0999999999767,0.0,3.6747
40,Rest,316.20000000001164,0.0,3.6747
40,Rest,316.29999999998836,0.0,3.6748
40,Rest,316.3999999999651,0.0,3.6749
40,Rest,316.5,0.0,3.6749
40,Rest,316.5999999999767,0.0,3.675
40,Rest,316.70000000001164,0.0,3.6751
40,Rest,316.79999999998836,0.0,3.6751
40,Rest,316.8999999999651,0.0,3.6752
40,Rest,317.0,0.0,3.6752
40,Rest,317.0999999999767,0.0,3.6753
40,Rest,317.20000000001164,0.0,3.6754
40,Rest,317.29999999998836,0.0,3.6754
40,Rest,317.3999999999651,0.0,3.6754
40,Rest,317.5,0.0,3.6755
40,Rest,317.5999999999767,0.0,3.6755
40,Rest,317.70000000001164,0.0,3.6756
40,Rest,317.79999999998836,0.0,3.6757
40,Rest,317.8999999999651,0.0,3.6757
40,Rest,318.0,0.0,3.6757
40,Rest,318.0999999999767,0.0,3.6758
40,Rest,318.20000000001164,0.0,3.6759
40,Rest,318.29999999998836,0.0,3.6759
40,Rest,318.3999999999651,0.0,3.676
40,Rest,318.5,0.0,3.676
40,Rest,318.5999999999767,0.0,3.6761
40,Rest,318.70000000001164,0.0,3.6761
40,Rest,318.79999999998836,0.0,3.6762
40,Rest,318.8999999999651,0.0,3.6762
40,Rest,319.0,0.0,3.6763
40,Rest,319.0999999999767,0.0,3.6763
40,Rest,319.20000000001164,0.0,3.6764
40,Rest,319.29999999998836,0.0,3.6764
40,Rest,319.3999999999651,0.0,3.6765
40,Rest,319.5,0.0,3.6765
40,Rest,319.5999999999767,0.0,3.6766
40,Rest,319.70000000001164,0.0,3.6766
40,Rest,319.79999999998836,0.0,3.6767
40,Rest,319.8999999999651,0.0,3.6767
40,Rest,320.0,0.0,3.6767
40,Rest,320.0999999999767,0.0,3.6768
40,Rest,320.20000000001164,0.0,3.6769
40,Rest,320.29999999998836,0.0,3.6769
40,Rest,320.3999999999651,0.0,3.6769
40,Rest,320.5,0.0,3.677
40,Rest,320.5999999999767,0.0,3.677
40,Rest,320.70000000001164,0.0,3.6771
40,Rest,320.79999999998836,0.0,3.6771
40,Rest,320.8999999999651,0.0,3.6772
40,Rest,321.0,0.0,3.6773
40,Rest,321.0999999999767,0.0,3.6773
40,Rest,321.20000000001164,0.0,3.6773
40,Rest,321.29999999998836,0.0,3.6774
40,Rest,321.3999999999651,0.0,3.6775
40,Rest,321.5,0.0,3.6775
40,Rest,321.5999999999767,0.0,3.6775
40,Rest,321.70000000001164,0.0,3.6776
40,Rest,321.79999999998836,0.0,3.6776
40,Rest,321.8999999999651,0.0,3.6777
40,Rest,322.0,0.0,3.6777
40,Rest,322.0999999999767,0.0,3.6778
40,Rest,322.20000000001164,0.0,3.6779
40,Rest,322.29999999998836,0.0,3.6779
40,Rest,322.3999999999651,0.0,3.678
40,Rest,322.5,0.0,3.678
40,Rest,322.5999999999767,0.0,3.678
40,Rest,322.70000000001164,0.0,3.6781
40,Rest,322.79999999998836,0.0,3.6781
40,Rest,322.8999999999651,0.0,3.6782
40,Rest,323.0,0.0,3.6783
40,Rest,323.0999999999767,0.0,3.6783
40,Rest,323.20000000001164,0.0,3.6783
40,Rest,323.29999999998836,0.0,3.6784
40,Rest,323.3999999999651,0.0,3.6784
40,Rest,323.5,0.0,3.6785
40,Rest,323.5999999999767,0.0,3.6785
40,Rest,323.70000000001164,0.0,3.6786
40,Rest,323.79999999998836,0.0,3.6786
40,Rest,323.8999999999651,0.0,3.6786
40,Rest,324.0,0.0,3.6787
40,Rest,324.0999999999767,0.0,3.6788
40,Rest,324.20000000001164,0.0,3.6788
40,Rest,324.29999999998836,0.0,3.6788
40,Rest,324.3999999999651,0.0,3.6789
40,Rest,324.5,0.0,3.6789
40,Rest,324.5999999999767,0.0,3.6789
40,Rest,324.70000000001164,0.0,3.679
40,Rest,324.79999999998836,0.0,3.679
40,Rest,324.8999999999651,0.0,3.6791
40,Rest,325.0,0.0,3.6791
40,Rest,325.0999999999767,0.0,3.6792
40,Rest,325.20000000001164,0.0,3.6792
40,Rest,325.29999999998836,0.0,3.6792
40,Rest,325.3999999999651,0.0,3.6793
40,Rest,325.5,0.0,3.6793
40,Rest,325.5999999999767,0.0,3.6794
40,Rest,325.70000000001164,0.0,3.6794
40,Rest,325.79999999998836,0.0,3.6795
40,Rest,325.8999999999651,0.0,3.6795
40,Rest,326.0,0.0,3.6795
40,Rest,326.0999999999767,0.0,3.6796
40,Rest,326.20000000001164,0.0,3.6796
40,Rest,326.29999999998836,0.0,3.6797
40,Rest,326.3999999999651,0.0,3.6797
40,Rest,326.5,0.0,3.6797
40,Rest,326.5999999999767,0.0,3.6798
40,Rest,326.70000000001164,0.0,3.6798
40,Rest,326.79999999998836,0.0,3.6799
40,Rest,326.8999999999651,0.0,3.6799
40,Rest,327.0,0.0,3.68
40,Rest,327.0999999999767,0.0,3.68
40,Rest,327.20000000001164,0.0,3.68
40,Rest,327.29999999998836,0.0,3.6801
40,Rest,327.3999999999651,0.0,3.6801
40,Rest,327.5,0.0,3.6802
40,Rest,327.5999999999767,0.0,3.6802
40,Rest,327.70000000001164,0.0,3.6803
40,Rest,327.79999999998836,0.0,3.6803
40,Rest,327.8999999999651,0.0,3.6803
40,Rest,328.0,0.0,3.6804
40,Rest,328.0999999999767,0.0,3.6805
40,Rest,328.20000000001164,0.0,3.6805
40,Rest,328.29999999998836,0.0,3.6805
40,Rest,328.3999999999651,0.0,3.6806
40,Rest,328.5,0.0,3.6806
40,Rest,328.5999999999767,0.0,3.6806
40,Rest,328.70000000001164,0.0,3.6807
40,Rest,328.79999999998836,0.0,3.6807
40,Rest,328.8999999999651,0.0,3.6808
40,Rest,329.0,0.0,3.6808
40,Rest,329.0999999999767,0.0,3.6808
40,Rest,329.20000000001164,0.0,3.6808
40,Rest,329.29999999998836,0.0,3.6809
40,Rest,329.3999999999651,0.0,3.6809
40,Rest,329.5,0.0,3.681
40,Rest,329.5999999999767,0.0,3.681
40,Rest,329.70000000001164,0.0,3.6811
40,Rest,329.79999999998836,0.0,3.6811
40,Rest,329.8999999999651,0.0,3.6811
40,Rest,330.0,0.0,3.6812
40,Rest,330.0999999999767,0.0,3.6812
40,Rest,330.20000000001164,0.0,3.6813
40,Rest,330.29999999998836,0.0,3.6813
40,Rest,330.3999999999651,0.0,3.6814
40,Rest,330.5,0.0,3.6814
40,Rest,330.5999999999767,0.0,3.6814
40,Rest,330.70000000001164,0.0,3.6815
40,Rest,330.79999999998836,0.0,3.6815
40,Rest,330.8999999999651,0.0,3.6815
40,Rest,331.0,0.0,3.6815
40,Rest,331.0999999999767,0.0,3.6816
40,Rest,331.20000000001164,0.0,3.6816
40,Rest,331.29999999998836,0.0,3.6817
40,Rest,331.3999999999651,0.0,3.6817
40,Rest,331.5,0.0,3.6817
40,Rest,331.5999999999767,0.0,3.6818
40,Rest,331.70000000001164,0.0,3.6818
40,Rest,331.79999999998836,0.0,3.6819
40,Rest,331.8999999999651,0.0,3.6819
40,Rest,332.0,0.0,3.6819
40,Rest,332.0999999999767,0.0,3.682
40,Rest,332.20000000001164,0.0,3.682
40,Rest,332.29999999998836,0.0,3.682
40,Rest,332.3999999999651,0.0,3.6821
40,Rest,332.5,0.0,3.6821
40,Rest,332.5999999999767,0.0,3.6821
40,Rest,332.70000000001164,0.0,3.6821
40,Rest,332.79999999998836,0.0,3.6822
40,Rest,332.8999999999651,0.0,3.6822
40,Rest,333.0,0.0,3.6823
40,Rest,333.0999999999767,0.0,3.6823
40,Rest,333.20000000001164,0.0,3.6823
40,Rest,333.29999999998836,0.0,3.6823
40,Rest,333.3999999999651,0.0,3.6824
40,Rest,333.5,0.0,3.6824
40,Rest,333.5999999999767,0.0,3.6824
40,Rest,333.70000000001164,0.0,3.6825
40,Rest,333.79999999998836,0.0,3.6825
40,Rest,333.8999999999651,0.0,3.6826
40,Rest,334.0,0.0,3.6826
40,Rest,334.0999999999767,0.0,3.6826
40,Rest,334.20000000001164,0.0,3.6827
40,Rest,334.29999999998836,0.0,3.6827
40,Rest,334.3999999999651,0.0,3.6827
40,Rest,334.5,0.0,3.6828
40,Rest,334.5999999999767,0.0,3.6829
40,Rest,334.70000000001164,0.0,3.6829
40,Rest,334.79999999998836,0.0,3.6829
40,Rest,334.8999999999651,0.0,3.683
40,Rest,335.0,0.0,3.683
40,Rest,335.0999999999767,0.0,3.683
40,Rest,335.20000000001164,0.0,3.683
40,Rest,335.29999999998836,0.0,3.6831
40,Rest,335.3999999999651,0.0,3.6831
40,Rest,335.5,0.0,3.6832
40,Rest,335.5999999999767,0.0,3.6832
40,Rest,335.70000000001164,0.0,3.6832
40,Rest,335.79999999998836,0.0,3.6832
40,Rest,335.8999999999651,0.0,3.6832
40,Rest,336.0,0.0,3.6833
40,Rest,336.0999999999767,0.0,3.6833
40,Rest,336.20000000001164,0.0,3.6834
40,Rest,336.29999999998836,0.0,3.6834
40,Rest,336.3999999999651,0.0,3.6834
40,Rest,336.5,0.0,3.6835
40,Rest,336.5999999999767,0.0,3.6835
40,Rest,336.70000000001164,0.0,3.6835
40,Rest,336.79999999998836,0.0,3.6836
40,Rest,336.8999999999651,0.0,3.6836
40,Rest,337.0,0.0,3.6836
40,Rest,337.0999999999767,0.0,3.6837
40,Rest,337.20000000001164,0.0,3.6837
40,Rest,337.29999999998836,0.0,3.6837
40,Rest,337.3999999999651,0.0,3.6837
40,Rest,337.5,0.0,3.6838
40,Rest,337.5999999999767,0.0,3.6838
40,Rest,337.70000000001164,0.0,3.6838
40,Rest,337.79999999998836,0.0,3.6839
40,Rest,337.8999999999651,0.0,3.6839
40,Rest,338.0,0.0,3.6839
40,Rest,338.0999999999767,0.0,3.6839
40,Rest,338.20000000001164,0.0,3.6839
40,Rest,338.29999999998836,0.0,3.684
40,Rest,338.3999999999651,0.0,3.6841
40,Rest,338.5,0.0,3.6841
40,Rest,338.5999999999767,0.0,3.6841
40,Rest,338.70000000001164,0.0,3.6842
40,Rest,338.79999999998836,0.0,3.6842
40,Rest,338.8999999999651,0.0,3.6842
40,Rest,339.0,0.0,3.6843
40,Rest,339.0999999999767,0.0,3.6843
40,Rest,339.20000000001164,0.0,3.6843
40,Rest,339.29999999998836,0.0,3.6844
40,Rest,339.3999999999651,0.0,3.6844
40,Rest,339.5,0.0,3.6844
40,Rest,339.5999999999767,0.0,3.6844
40,Rest,339.70000000001164,0.0,3.6845
40,Rest,339.79999999998836,0.0,3.6845
40,Rest,339.8999999999651,0.0,3.6846
40,Rest,340.0,0.0,3.6846
40,Rest,340.0999999999767,0.0,3.6846
40,Rest,340.20000000001164,0.0,3.6846
40,Rest,340.29999999998836,0.0,3.6847
40,Rest,340.3999999999651,0.0,3.6847
40,Rest,340.5,0.0,3.6847
40,Rest,340.5999999999767,0.0,3.6848
40,Rest,340.70000000001164,0.0,3.6848
40,Rest,340.79999999998836,0.0,3.6848
40,Rest,340.8999999999651,0.0,3.6848
40,Rest,341.0,0.0,3.6849
40,Rest,341.0999999999767,0.0,3.6849
40,Rest,341.20000000001164,0.0,3.685
40,Rest,341.29999999998836,0.0,3.685
40,Rest,341.3999999999651,0.0,3.685
40,Rest,341.5,0.0,3.685
40,Rest,341.5999999999767,0.0,3.6851
40,Rest,341.70000000001164,0.0,3.6851
40,Rest,341.79999999998836,0.0,3.6851
40,Rest,341.8999999999651,0.0,3.6852
40,Rest,342.0,0.0,3.6852
40,Rest,342.0999999999767,0.0,3.6852
40,Rest,342.20000000001164,0.0,3.6852
40,Rest,342.29999999998836,0.0,3.6852
40,Rest,342.3999999999651,0.0,3.6853
40,Rest,342.5,0.0,3.6853
40,Rest,342.5999999999767,0.0,3.6853
40,Rest,342.70000000001164,0.0,3.6854
40,Rest,342.79999999998836,0.0,3.6854
40,Rest,342.8999999999651,0.0,3.6854
40,Rest,343.0,0.0,3.6854
40,Rest,343.0999999999767,0.0,3.6854
40,Rest,343.20000000001164,0.0,3.6855
40,Rest,343.29999999998836,0.0,3.6855
40,Rest,343.3999999999651,0.0,3.6855
40,Rest,343.5,0.0,3.6856
40,Rest,343.5999999999767,0.0,3.6856
40,Rest,343.70000000001164,0.0,3.6856
40,Rest,343.79999999998836,0.0,3.6857
40,Rest,343.8999999999651,0.0,3.6857
40,Rest,344.0,0.0,3.6857
40,Rest,344.0999999999767,0.0,3.6858
40,Rest,344.20000000001164,0.0,3.6858
40,Rest,344.29999999998836,0.0,3.6858
40,Rest,344.3999999999651,0.0,3.6858
40,Rest,344.5,0.0,3.6859
40,Rest,344.5999999999767,0.0,3.6859
40,Rest,344.70000000001164,0.0,3.6859
40,Rest,344.79999999998836,0.0,3.6859
40,Rest,344.8999999999651,0.0,3.686
40,Rest,345.0,0.0,3.686
40,Rest,345.0999999999767,0.0,3.686
40,Rest,345.20000000001164,0.0,3.686
40,Rest,345.29999999998836,0.0,3.6861
40,Rest,345.3999999999651,0.0,3.6861
40,Rest,345.5,0.0,3.6862
40,Rest,345.5999999999767,0.0,3.6862
40,Rest,345.70000000001164,0.0,3.6862
40,Rest,345.79999999998836,0.0,3.6862
40,Rest,345.8999999999651,0.0,3.6863
40,Rest,346.0,0.0,3.6863
40,Rest,346.0999999999767,0.0,3.6863
40,Rest,346.20000000001164,0.0,3.6864
40,Rest,346.29999999998836,0.0,3.6864
40,Rest,346.3999999999651,0.0,3.6864
40,Rest,346.5,0.0,3.6864
40,Rest,346.5999999999767,0.0,3.6865
40,Rest,346.70000000001164,0.0,3.6865
40,Rest,346.79999999998836,0.0,3.6865
40,Rest,346.8999999999651,0.0,3.6865
40,Rest,347.0,0.0,3.6866
40,Rest,347.0999999999767,0.0,3.6866
40,Rest,347.20000000001164,0.0,3.6866
40,Rest,347.29999999998836,0.0,3.6866
40,Rest,347.3999999999651,0.0,3.6866
40,Rest,347.5,0.0,3.6867
40,Rest,347.5999999999767,0.0,3.6867
40,Rest,347.70000000001164,0.0,3.6867
40,Rest,347.79999999998836,0.0,3.6867
40,Rest,347.8999999999651,0.0,3.6868
40,Rest,348.0,0.0,3.6868
40,Rest,348.0999999999767,0.0,3.6868
40,Rest,348.20000000001164,0.0,3.6868
40,Rest,348.29999999998836,0.0,3.6869
40,Rest,348.3999999999651,0.0,3.6869
40,Rest,348.5,0.0,3.6869
40,Rest,348.5999999999767,0.0,3.6869
40,Rest,348.70000000001164,0.0,3.687
40,Rest,348.79999999998836,0.0,3.687
40,Rest,348.8999999999651,0.0,3.687
40,Rest,349.0,0.0,3.687
40,Rest,349.0999999999767,0.0,3.687
40,Rest,349.20000000001164,0.0,3.6871
40,Rest,349.29999999998836,0.0,3.6871
40,Rest,349.3999999999651,0.0,3.6872
40,Rest,349.5,0.0,3.6872
40,Rest,349.5999999999767,0.0,3.6872
40,Rest,349.70000000001164,0.0,3.6873
40,Rest,349.79999999998836,0.0,3.6873
40,Rest,349.8999999999651,0.0,3.6873
40,Rest,350.0,0.0,3.6874
40,Rest,350.0999999999767,0.0,3.6874
40,Rest,350.20000000001164,0.0,3.6874
40,Rest,350.29999999998836,0.0,3.6874
40,Rest,350.3999999999651,0.0,3.6874
40,Rest,350.5,0.0,3.6874
40,Rest,350.5999999999767,0.0,3.6874
40,Rest,350.70000000001164,0.0,3.6875
40,Rest,350.79999999998836,0.0,3.6875
40,Rest,350.8999999999651,0.0,3.6875
40,Rest,351.0,0.0,3.6876
40,Rest,351.0999999999767,0.0,3.6876
40,Rest,351.20000000001164,0.0,3.6876
40,Rest,351.29999999998836,0.0,3.6876
40,Rest,351.3999999999651,0.0,3.6877
40,Rest,351.5,0.0,3.6877
40,Rest,351.5999999999767,0.0,3.6877
40,Rest,351.70000000001164,0.0,3.6877
40,Rest,351.79999999998836,0.0,3.6877
40,Rest,351.8999999999651,0.0,3.6878
40,Rest,352.0,0.0,3.6878
40,Rest,352.0999999999767,0.0,3.6878
40,Rest,352.20000000001164,0.0,3.6878
40,Rest,352.29999999998836,0.0,3.6878
40,Rest,352.3999999999651,0.0,3.6879
40,Rest,352.5,0.0,3.6879
40,Rest,352.5999999999767,0.0,3.688
40,Rest,352.70000000001164,0.0,3.688
40,Rest,352.79999999998836,0.0,3.688
40,Rest,352.8999999999651,0.0,3.688
40,Rest,353.0,0.0,3.688
40,Rest,353.0999999999767,0.0,3.688
40,Rest,353.20000000001164,0.0,3.6881
40,Rest,353.29999999998836,0.0,3.6881
40,Rest,353.3999999999651,0.0,3.6881
40,Rest,353.5,0.0,3.6881
40,Rest,353.5999999999767,0.0,3.6882
40,Rest,353.70000000001164,0.0,3.6882
40,Rest,353.79999999998836,0.0,3.6882
40,Rest,353.8999999999651,0.0,3.6882
40,Rest,354.0,0.0,3.6882
40,Rest,354.0999999999767,0.0,3.6883
40,Rest,354.20000000001164,0.0,3.6883
40,Rest,354.29999999998836,0.0,3.6883
40,Rest,354.3999999999651,0.0,3.6883
40,Rest,354.5,0.0,3.6884
40,Rest,354.5999999999767,0.0,3.6884
40,Rest,354.70000000001164,0.0,3.6884
40,Rest,354.79999999998836,0.0,3.6884
40,Rest,354.8999999999651,0.0,3.6885
40,Rest,355.0,0.0,3.6885
40,Rest,355.0999999999767,0.0,3.6885
40,Rest,355.20000000001164,0.0,3.6885
40,Rest,355.29999999998836,0.0,3.6885
40,Rest,355.3999999999651,0.0,3.6886
40,Rest,355.5,0.0,3.6886
40,Rest,355.5999999999767,0.0,3.6886
40,Rest,355.70000000001164,0.0,3.6886
40,Rest,355.79999999998836,0.0,3.6887
40,Rest,355.8999999999651,0.0,3.6887
40,Rest,356.0,0.0,3.6887
40,Rest,356.0999999999767,0.0,3.6887
40,Rest,356.20000000001164,0.0,3.6887
40,Rest,356.29999999998836,0.0,3.6888
40,Rest,356.3999999999651,0.0,3.6888
40,Rest,356.5,0.0,3.6888
40,Rest,356.5999999999767,0.0,3.6888
40,Rest,356.70000000001164,0.0,3.6888
40,Rest,356.79999999998836,0.0,3.6889
40,Rest,356.8999999999651,0.0,3.6889
40,Rest,357.0,0.0,3.6889
40,Rest,357.0999999999767,0.0,3.689
40,Rest,357.20000000001164,0.0,3.689
40,Rest,357.29999999998836,0.0,3.689
40,Rest,357.3999999999651,0.0,3.689
40,Rest,357.5,0.0,3.689
40,Rest,357.5999999999767,0.0,3.689
40,Rest,357.70000000001164,0.0,3.689
40,Rest,357.79999999998836,0.0,3.6891
40,Rest,357.8999999999651,0.0,3.6891
40,Rest,358.0,0.0,3.6891
40,Rest,358.0999999999767,0.0,3.6891
40,Rest,358.20000000001164,0.0,3.6892
40,Rest,358.29999999998836,0.0,3.6892
40,Rest,358.3999999999651,0.0,3.6892
40,Rest,358.5,0.0,3.6892
40,Rest,358.5999999999767,0.0,3.6892
40,Rest,358.70000000001164,0.0,3.6893
40,Rest,358.79999999998836,0.0,3.6893
40,Rest,358.8999999999651,0.0,3.6893
40,Rest,359.0,0.0,3.6893
40,Rest,359.0999999999767,0.0,3.6893
40,Rest,359.20000000001164,0.0,3.6894
40,Rest,359.29999999998836,0.0,3.6894
40,Rest,359.3999999999651,0.0,3.6894
40,Rest,359.5,0.0,3.6894
40,Rest,359.5999999999767,0.0,3.6894
40,Rest,359.70000000001164,0.0,3.6894
40,Rest,359.79999999998836,0.0,3.6895
40,Rest,359.8999999999651,0.0,3.6895
40,Rest,360.0,0.0,3.6895
40,Rest,360.0999999999767,0.0,3.6895
40,Rest,360.20000000001164,0.0,3.6895
40,Rest,360.29999999998836,0.0,3.6895
40,Rest,360.3999999999651,0.0,3.6896
40,Rest,360.5,0.0,3.6896
40,Rest,360.5999999999767,0.0,3.6896
40,Rest,360.70000000001164,0.0,3.6896
40,Rest,360.79999999998836,0.0,3.6897
40,Rest,360.8999999999651,0.0,3.6897
40,Rest,361.0,0.0,3.6897
40,Rest,361.0999999999767,0.0,3.6897
40,Rest,361.20000000001164,0.0,3.6897
40,Rest,361.29999999998836,0.0,3.6898
40,Rest,361.3999999999651,0.0,3.6898
40,Rest,361.5,0.0,3.6898
40,Rest,361.5999999999767,0.0,3.6898
40,Rest,361.70000000001164,0.0,3.6899
40,Rest,361.79999999998836,0.0,3.6899
40,Rest,361.8999999999651,0.0,3.6899
40,Rest,362.0,0.0,3.6899
40,Rest,362.0999999999767,0.0,3.6899
40,Rest,362.20000000001164,0.0,3.69
40,Rest,362.29999999998836,0.0,3.69
40,Rest,362.3999999999651,0.0,3.69
40,Rest,362.5,0.0,3.69
40,Rest,362.5999999999767,0.0,3.69
40,Rest,362.70000000001164,0.0,3.69
40,Rest,362.79999999998836,0.0,3.69
40,Rest,362.8999999999651,0.0,3.6901
40,Rest,363.0,0.0,3.6901
40,Rest,363.0999999999767,0.0,3.6901
40,Rest,363.20000000001164,0.0,3.6901
40,Rest,363.29999999998836,0.0,3.6902
40,Rest,363.3999999999651,0.0,3.6902
40,Rest,363.5,0.0,3.6901
40,Rest,363.5999999999767,0.0,3.6901
40,Rest,363.70000000001164,0.0,3.6902
40,Rest,363.79999999998836,0.0,3.6902
40,Rest,363.8999999999651,0.0,3.6902
40,Rest,364.0,0.0,3.6903
40,Rest,364.0999999999767,0.0,3.6903
40,Rest,364.20000000001164,0.0,3.6903
40,Rest,364.29999999998836,0.0,3.6903
40,Rest,364.3999999999651,0.0,3.6903
40,Rest,364.5,0.0,3.6903
40,Rest,364.5999999999767,0.0,3.6903
40,Rest,364.70000000001164,0.0,3.6904
40,Rest,364.79999999998836,0.0,3.6904
40,Rest,364.8999999999651,0.0,3.6904
40,Rest,365.0,0.0,3.6904
40,Rest,365.0999999999767,0.0,3.6905
40,Rest,365.20000000001164,0.0,3.6905
40,Rest,365.29999999998836,0.0,3.6905
40,Rest,365.3999999999651,0.0,3.6905
40,Rest,365.5,0.0,3.6906
40,Rest,365.5999999999767,0.0,3.6906
40,Rest,365.70000000001164,0.0,3.6906
40,Rest,365.79999999998836,0.0,3.6906
40,Rest,365.8999999999651,0.0,3.6906
40,Rest,366.0,0.0,3.6906
40,Rest,366.0999999999767,0.0,3.6907
40,Rest,366.20000000001164,0.0,3.6907
40,Rest,366.29999999998836,0.0,3.6907
40,Rest,366.3999999999651,0.0,3.6907
40,Rest,366.5,0.0,3.6908
40,Rest,366.5999999999767,0.0,3.6908
40,Rest,366.70000000001164,0.0,3.6908
40,Rest,366.79999999998836,0.0,3.6908
40,Rest,366.8999999999651,0.0,3.6908
40,Rest,367.0,0.0,3.6908
40,Rest,367.0999999999767,0.0,3.6908
40,Rest,367.20000000001164,0.0,3.6909
40,Rest,367.29999999998836,0.0,3.6909
40,Rest,367.3999999999651,0.0,3.6909
40,Rest,367.5,0.0,3.6909
40,Rest,367.5999999999767,0.0,3.6909
40,Rest,367.70000000001164,0.0,3.6909
40,Rest,367.79999999998836,0.0,3.691
40,Rest,367.8999999999651,0.0,3.691
40,Rest,368.0,0.0,3.691
40,Rest,368.0999999999767,0.0,3.691
40,Rest,368.20000000001164,0.0,3.691
40,Rest,368.29999999998836,0.0,3.691
40,Rest,368.3999999999651,0.0,3.6911
40,Rest,368.5,0.0,3.6911
40,Rest,368.5999999999767,0.0,3.6911
40,Rest,368.70000000001164,0.0,3.6911
40,Rest,368.79999999998836,0.0,3.6911
40,Rest,368.8999999999651,0.0,3.6912
40,Rest,369.0,0.0,3.6912
40,Rest,369.0999999999767,0.0,3.6912
40,Rest,369.20000000001164,0.0,3.6912
40,Rest,369.29999999998836,0.0,3.6913
40,Rest,369.3999999999651,0.0,3.6913
40,Rest,369.5,0.0,3.6913
40,Rest,369.5999999999767,0.0,3.6913
40,Rest,369.70000000001164,0.0,3.6913
40,Rest,369.79999999998836,0.0,3.6914
40,Rest,369.8999999999651,0.0,3.6913
40,Rest,370.0,0.0,3.6914
40,Rest,370.0999999999767,0.0,3.6914
40,Rest,370.20000000001164,0.0,3.6914
40,Rest,370.29999999998836,0.0,3.6914
40,Rest,370.3999999999651,0.0,3.6914
40,Rest,370.5,0.0,3.6915
40,Rest,370.5999999999767,0.0,3.6915
40,Rest,370.70000000001164,0.0,3.6915
40,Rest,370.79999999998836,0.0,3.6915
40,Rest,370.8999999999651,0.0,3.6916
40,Rest,371.0,0.0,3.6916
40,Rest,371.0999999999767,0.0,3.6916
40,Rest,371.20000000001164,0.0,3.6916
40,Rest,371.29999999998836,0.0,3.6916
40,Rest,371.3999999999651,0.0,3.6916
40,Rest,371.5,0.0,3.6917
40,Rest,371.5999999999767,0.0,3.6917
40,Rest,371.70000000001164,0.0,3.6917
40,Rest,371.79999999998836,0.0,3.6917
40,Rest,371.8999999999651,0.0,3.6917
40,Rest,372.0,0.0,3.6917
40,Rest,372.0999999999767,0.0,3.6917
40,Rest,372.20000000001164,0.0,3.6918
40,Rest,372.29999999998836,0.0,3.6918
40,Rest,372.3999999999651,0.0,3.6918
40,Rest,372.5,0.0,3.6918
40,Rest,372.5999999999767,0.0,3.6919
40,Rest,372.70000000001164,0.0,3.6919
40,Rest,372.79999999998836,0.0,3.6919
40,Rest,372.8999999999651,0.0,3.6919
40,Rest,373.0,0.0,3.6919
40,Rest,373.0999999999767,0.0,3.6919
40,Rest,373.20000000001164,0.0,3.692
40,Rest,373.29999999998836,0.0,3.692
40,Rest,373.3999999999651,0.0,3.692
40,Rest,373.5,0.0,3.692
40,Rest,373.5999999999767,0.0,3.692
40,Rest,373.70000000001164,0.0,3.692
40,Rest,373.79999999998836,0.0,3.692
40,Rest,373.8999999999651,0.0,3.692
40,Rest,374.0,0.0,3.6921
40,Rest,374.0999999999767,0.0,3.6921
40,Rest,374.20000000001164,0.0,3.6921
40,Rest,374.29999999998836,0.0,3.6921
40,Rest,374.3999999999651,0.0,3.6921
40,Rest,374.5,0.0,3.6922
40,Rest,374.5999999999767,0.0,3.6922
40,Rest,374.70000000001164,0.0,3.6922
40,Rest,374.79999999998836,0.0,3.6922
40,Rest,374.8999999999651,0.0,3.6922
40,Rest,375.0,0.0,3.6922
40,Rest,375.0999999999767,0.0,3.6922
40,Rest,375.20000000001164,0.0,3.6923
40,Rest,375.29999999998836,0.0,3.6923
40,Rest,375.3999999999651,0.0,3.6923
40,Rest,375.5,0.0,3.6923
40,Rest,375.5999999999767,0.0,3.6923
40,Rest,375.70000000001164,0.0,3.6923
40,Rest,375.79999999998836,0.0,3.6924
40,Rest,375.8999999999651,0.0,3.6923
40,Rest,376.0,0.0,3.6924
40,Rest,376.0999999999767,0.0,3.6924
40,Rest,376.20000000001164,0.0,3.6924
40,Rest,376.29999999998836,0.0,3.6925
40,Rest,376.3999999999651,0.0,3.6925
40,Rest,376.5,0.0,3.6925
40,Rest,376.5999999999767,0.0,3.6925
40,Rest,376.70000000001164,0.0,3.6925
40,Rest,376.79999999998836,0.0,3.6926
40,Rest,376.8999999999651,0.0,3.6926
40,Rest,377.0,0.0,3.6926
40,Rest,377.0999999999767,0.0,3.6926
40,Rest,377.20000000001164,0.0,3.6926
40,Rest,377.29999999998836,0.0,3.6926
40,Rest,377.3999999999651,0.0,3.6926
40,Rest,377.5,0.0,3.6926
40,Rest,377.5999999999767,0.0,3.6926
40,Rest,377.70000000001164,0.0,3.6927
40,Rest,377.79999999998836,0.0,3.6927
40,Rest,377.8999999999651,0.0,3.6927
40,Rest,378.0,0.0,3.6927
40,Rest,378.0999999999767,0.0,3.6927
40,Rest,378.20000000001164,0.0,3.6927
40,Rest,378.29999999998836,0.0,3.6927
40,Rest,378.3999999999651,0.0,3.6928
40,Rest,378.5,0.0,3.6928
40,Rest,378.5999999999767,0.0,3.6928
40,Rest,378.70000000001164,0.0,3.6928
40,Rest,378.79999999998836,0.0,3.6928
40,Rest,378.8999999999651,0.0,3.6928
40,Rest,379.0,0.0,3.6928
40,Rest,379.0999999999767,0.0,3.6928
40,Rest,379.20000000001164,0.0,3.6928
40,Rest,379.29999999998836,0.0,3.6929
40,Rest,379.3999999999651,0.0,3.6929
40,Rest,379.5,0.0,3.6929
40,Rest,379.5999999999767,0.0,3.6929
40,Rest,379.70000000001164,0.0,3.6929
40,Rest,379.79999999998836,0.0,3.6929
40,Rest,379.8999999999651,0.0,3.693
40,Rest,380.0,0.0,3.693
40,Rest,380.0999999999767,0.0,3.693
40,Rest,380.20000000001164,0.0,3.693
40,Rest,380.29999999998836,0.0,3.693
40,Rest,380.3999999999651,0.0,3.693
40,Rest,380.5,0.0,3.693
40,Rest,380.5999999999767,0.0,3.6931
40,Rest,380.70000000001164,0.0,3.6931
40,Rest,380.79999999998836,0.0,3.6931
40,Rest,380.8999999999651,0.0,3.6931
40,Rest,381.0,0.0,3.6931
40,Rest,381.0999999999767,0.0,3.6932
40,Rest,381.20000000001164,0.0,3.6932
40,Rest,381.29999999998836,0.0,3.6932
40,Rest,381.3999999999651,0.0,3.6932
40,Rest,381.5,0.0,3.6932
40,Rest,381.5999999999767,0.0,3.6932
40,Rest,381.70000000001164,0.0,3.6932
40,Rest,381.79999999998836,0.0,3.6933
40,Rest,381.8999999999651,0.0,3.6932
40,Rest,382.0,0.0,3.6933
40,Rest,382.0999999999767,0.0,3.6933
40,Rest,382.20000000001164,0.0,3.6933
40,Rest,382.29999999998836,0.0,3.6933
40,Rest,382.3999999999651,0.0,3.6933
40,Rest,382.5,0.0,3.6933
40,Rest,382.5999999999767,0.0,3.6933
40,Rest,382.70000000001164,0.0,3.6933
40,Rest,382.79999999998836,0.0,3.6933
40,Rest,382.8999999999651,0.0,3.6934
40,Rest,383.0,0.0,3.6934
40,Rest,383.0999999999767,0.0,3.6934
40,Rest,383.20000000001164,0.0,3.6934
40,Rest,383.29999999998836,0.0,3.6934
40,Rest,383.3999999999651,0.0,3.6934
40,Rest,383.5,0.0,3.6934
40,Rest,383.5999999999767,0.0,3.6935
40,Rest,383.70000000001164,0.0,3.6935
40,Rest,383.79999999998836,0.0,3.6935
40,Rest,383.8999999999651,0.0,3.6935
40,Rest,384.0,0.0,3.6935
40,Rest,384.0999999999767,0.0,3.6935
40,Rest,384.20000000001164,0.0,3.6936
40,Rest,384.29999999998836,0.0,3.6936
40,Rest,384.3999999999651,0.0,3.6936
40,Rest,384.5,0.0,3.6936
40,Rest,384.5999999999767,0.0,3.6936
40,Rest,384.70000000001164,0.0,3.6936
40,Rest,384.79999999998836,0.0,3.6936
40,Rest,384.8999999999651,0.0,3.6937
40,Rest,385.0,0.0,3.6937
40,Rest,385.0999999999767,0.0,3.6937
40,Rest,385.20000000001164,0.0,3.6937
40,Rest,385.29999999998836,0.0,3.6937
40,Rest,385.3999999999651,0.0,3.6937
40,Rest,385.5,0.0,3.6937
40,Rest,385.5999999999767,0.0,3.6938
40,Rest,385.70000000001164,0.0,3.6938
40,Rest,385.79999999998836,0.0,3.6938
40,Rest,385.8999999999651,0.0,3.6938
40,Rest,386.0,0.0,3.6938
40,Rest,386.0999999999767,0.0,3.6938
40,Rest,386.20000000001164,0.0,3.6938
40,Rest,386.29999999998836,0.0,3.6938
40,Rest,386.3999999999651,0.0,3.6938
40,Rest,386.5,0.0,3.6938
40,Rest,386.5999999999767,0.0,3.6939
40,Rest,386.70000000001164,0.0,3.6938
40,Rest,386.79999999998836,0.0,3.6939
40,Rest,386.8999999999651,0.0,3.6939
40,Rest,387.0,0.0,3.6939
40,Rest,387.0999999999767,0.0,3.6939
40,Rest,387.20000000001164,0.0,3.6939
40,Rest,387.29999999998836,0.0,3.6939
40,Rest,387.3999999999651,0.0,3.6939
40,Rest,387.5,0.0,3.6939
40,Rest,387.5999999999767,0.0,3.694
40,Rest,387.70000000001164,0.0,3.694
40,Rest,387.79999999998836,0.0,3.694
40,Rest,387.8999999999651,0.0,3.694
40,Rest,388.0,0.0,3.694
40,Rest,388.0999999999767,0.0,3.6941
40,Rest,388.20000000001164,0.0,3.6941
40,Rest,388.29999999998836,0.0,3.6941
40,Rest,388.3999999999651,0.0,3.6941
40,Rest,388.5,0.0,3.6941
40,Rest,388.5999999999767,0.0,3.6942
40,Rest,388.70000000001164,0.0,3.6941
40,Rest,388.79999999998836,0.0,3.6941
40,Rest,388.8999999999651,0.0,3.6942
40,Rest,389.0,0.0,3.6942
40,Rest,389.0999999999767,0.0,3.6942
40,Rest,389.20000000001164,0.0,3.6942
40,Rest,389.29999999998836,0.0,3.6942
40,Rest,389.3999999999651,0.0,3.6942
40,Rest,389.5,0.0,3.6942
40,Rest,389.5999999999767,0.0,3.6942
40,Rest,389.70000000001164,0.0,3.6942
40,Rest,389.79999999998836,0.0,3.6942
40,Rest,389.8999999999651,0.0,3.6943
40,Rest,390.0,0.0,3.6943
40,Rest,390.0999999999767,0.0,3.6943
40,Rest,390.20000000001164,0.0,3.6943
40,Rest,390.29999999998836,0.0,3.6943
40,Rest,390.3999999999651,0.0,3.6943
40,Rest,390.5,0.0,3.6943
40,Rest,390.5999999999767,0.0,3.6943
40,Rest,390.70000000001164,0.0,3.6944
40,Rest,390.79999999998836,0.0,3.6944
40,Rest,390.8999999999651,0.0,3.6944
40,Rest,391.0,0.0,3.6944
40,Rest,391.0999999999767,0.0,3.6944
40,Rest,391.20000000001164,0.0,3.6944
40,Rest,391.29999999998836,0.0,3.6944
40,Rest,391.3999999999651,0.0,3.6944
40,Rest,391.5,0.0,3.6944
40,Rest,391.5999999999767,0.0,3.6944
40,Rest,391.70000000001164,0.0,3.6945
40,Rest,391.79999999998836,0.0,3.6945
40,Rest,391.8999999999651,0.0,3.6945
40,Rest,392.0,0.0,3.6945
40,Rest,392.0999999999767,0.0,3.6945
40,Rest,392.20000000001164,0.0,3.6945
40,Rest,392.29999999998836,0.0,3.6945
40,Rest,392.3999999999651,0.0,3.6945
40,Rest,392.5,0.0,3.6945
40,Rest,392.5999999999767,0.0,3.6946
40,Rest,392.70000000001164,0.0,3.6946
40,Rest,392.79999999998836,0.0,3.6946
40,Rest,392.8999999999651,0.0,3.6946
40,Rest,393.0,0.0,3.6947
40,Rest,393.0999999999767,0.0,3.6947
40,Rest,393.20000000001164,0.0,3.6947
40,Rest,393.29999999998836,0.0,3.6947
40,Rest,393.3999999999651,0.0,3.6947
40,Rest,393.5,0.0,3.6947
40,Rest,393.5999999999767,0.0,3.6947
40,Rest,393.70000000001164,0.0,3.6947
40,Rest,393.79999999998836,0.0,3.6947
40,Rest,393.8999999999651,0.0,3.6947
40,Rest,394.0,0.0,3.6947
40,Rest,394.0999999999767,0.0,3.6948
40,Rest,394.20000000001164,0.0,3.6948
40,Rest,394.29999999998836,0.0,3.6948
40,Rest,394.3999999999651,0.0,3.6948
40,Rest,394.5,0.0,3.6948
40,Rest,394.5999999999767,0.0,3.6949
40,Rest,394.70000000001164,0.0,3.6949
40,Rest,394.79999999998836,0.0,3.6949
40,Rest,394.8999999999651,0.0,3.6949
40,Rest,395.0,0.0,3.6949
40,Rest,395.0999999999767,0.0,3.6949
40,Rest,395.20000000001164,0.0,3.6949
40,Rest,395.29999999998836,0.0,3.6949
40,Rest,395.3999999999651,0.0,3.6949
40,Rest,395.5,0.0,3.6949
40,Rest,395.5999999999767,0.0,3.695
40,Rest,395.70000000001164,0.0,3.695
40,Rest,395.79999999998836,0.0,3.695
40,Rest,395.8999999999651,0.0,3.695
40,Rest,396.0,0.0,3.695
40,Rest,396.0999999999767,0.0,3.695
40,Rest,396.20000000001164,0.0,3.695
40,Rest,396.29999999998836,0.0,3.695
40,Rest,396.3999999999651,0.0,3.6951
40,Rest,396.5,0.0,3.6951
40,Rest,396.5999999999767,0.0,3.6951
40,Rest,396.70000000001164,0.0,3.6951
40,Rest,396.79999999998836,0.0,3.6951
40,Rest,396.8999999999651,0.0,3.6951
40,Rest,397.0,0.0,3.6952
40,Rest,397.0999999999767,0.0,3.6952
40,Rest,397.20000000001164,0.0,3.6951
40,Rest,397.29999999998836,0.0,3.6952
40,Rest,397.3999999999651,0.0,3.6952
40,Rest,397.5,0.0,3.6952
40,Rest,397.5999999999767,0.0,3.6952
40,Rest,397.70000000001164,0.0,3.6952
40,Rest,397.79999999998836,0.0,3.6952
40,Rest,397.8999999999651,0.0,3.6953
40,Rest,398.0,0.0,3.6953
40,Rest,398.0999999999767,0.0,3.6953
40,Rest,398.20000000001164,0.0,3.6953
40,Rest,398.29999999998836,0.0,3.6953
40,Rest,398.3999999999651,0.0,3.6953
40,Rest,398.5,0.0,3.6954
40,Rest,398.5999999999767,0.0,3.6953
40,Rest,398.70000000001164,0.0,3.6953
40,Rest,398.79999999998836,0.0,3.6953
40,Rest,398.8999999999651,0.0,3.6953
40,Rest,399.0,0.0,3.6953
40,Rest,399.0999999999767,0.0,3.6954
40,Rest,399.20000000001164,0.0,3.6954
40,Rest,399.29999999998836,0.0,3.6954
40,Rest,399.3999999999651,0.0,3.6954
40,Rest,399.5,0.0,3.6954
40,Rest,399.5999999999767,0.0,3.6954
40,Rest,399.70000000001164,0.0,3.6955
40,Rest,399.79999999998836,0.0,3.6954
40,Rest,399.8999999999651,0.0,3.6954
40,Rest,400.0,0.0,3.6955
40,Rest,400.0999999999767,0.0,3.6955
40,Rest,400.20000000001164,0.0,3.6955
40,Rest,400.29999999998836,0.0,3.6954
40,Rest,400.3999999999651,0.0,3.6955
40,Rest,400.5,0.0,3.6955
40,Rest,400.5999999999767,0.0,3.6955
40,Rest,400.70000000001164,0.0,3.6955
40,Rest,400.79999999998836,0.0,3.6955
40,Rest,400.8999999999651,0.0,3.6955
40,Rest,401.0,0.0,3.6955
40,Rest,401.0999999999767,0.0,3.6956
40,Rest,401.20000000001164,0.0,3.6955
40,Rest,401.29999999998836,0.0,3.6955
40,Rest,401.3999999999651,0.0,3.6956
40,Rest,401.5,0.0,3.6956
40,Rest,401.5999999999767,0.0,3.6956
40,Rest,401.70000000001164,0.0,3.6956
40,Rest,401.79999999998836,0.0,3.6956
40,Rest,401.8999999999651,0.0,3.6956
40,Rest,402.0,0.0,3.6956
40,Rest,402.0999999999767,0.0,3.6956
40,Rest,402.20000000001164,0.0,3.6956
40,Rest,402.29999999998836,0.0,3.6956
40,Rest,402.3999999999651,0.0,3.6956
40,Rest,402.5,0.0,3.6956
40,Rest,402.5999999999767,0.0,3.6957
40,Rest,402.70000000001164,0.0,3.6957
40,Rest,402.79999999998836,0.0,3.6956
40,Rest,402.8999999999651,0.0,3.6956
40,Rest,403.0,0.0,3.6957
40,Rest,403.0999999999767,0.0,3.6957
40,Rest,403.20000000001164,0.0,3.6957
40,Rest,403.29999999998836,0.0,3.6957
40,Rest,403.3999999999651,0.0,3.6958
40,Rest,403.5,0.0,3.6958
40,Rest,403.5999999999767,0.0,3.6958
40,Rest,403.70000000001164,0.0,3.6958
40,Rest,403.79999999998836,0.0,3.6958
40,Rest,403.8999999999651,0.0,3.6958
40,Rest,404.0,0.0,3.6958
40,Rest,404.0999999999767,0.0,3.6958
40,Rest,404.20000000001164,0.0,3.6958
40,Rest,404.29999999998836,0.0,3.6958
40,Rest,404.3999999999651,0.0,3.6958
40,Rest,404.5,0.0,3.6958
40,Rest,404.5999999999767,0.0,3.6958
40,Rest,404.70000000001164,0.0,3.6958
40,Rest,404.79999999998836,0.0,3.6958
40,Rest,404.8999999999651,0.0,3.6959
40,Rest,405.0,0.0,3.6959
40,Rest,405.0999999999767,0.0,3.6959
40,Rest,405.20000000001164,0.0,3.6959
40,Rest,405.29999999998836,0.0,3.6959
40,Rest,405.3999999999651,0.0,3.6959
40,Rest,405.5,0.0,3.696
40,Rest,405.5999999999767,0.0,3.696
40,Rest,405.70000000001164,0.0,3.696
40,Rest,405.79999999998836,0.0,3.696
40,Rest,405.8999999999651,0.0,3.696
40,Rest,406.0,0.0,3.696
40,Rest,406.0999999999767,0.0,3.696
40,Rest,406.20000000001164,0.0,3.696
40,Rest,406.29999999998836,0.0,3.696
40,Rest,406.3999999999651,0.0,3.696
40,Rest,406.5,0.0,3.696
40,Rest,406.5999999999767,0.0,3.696
40,Rest,406.70000000001164,0.0,3.696
40,Rest,406.79999999998836,0.0,3.6961
40,Rest,406.8999999999651,0.0,3.696
40,Rest,407.0,0.0,3.6961
40,Rest,407.0999999999767,0.0,3.6961
40,Rest,407.20000000001164,0.0,3.6961
40,Rest,407.29999999998836,0.0,3.6961
40,Rest,407.3999999999651,0.0,3.6961
40,Rest,407.5,0.0,3.6961
40,Rest,407.5999999999767,0.0,3.6961
40,Rest,407.70000000001164,0.0,3.6961
40,Rest,407.79999999998836,0.0,3.6961
40,Rest,407.8999999999651,0.0,3.6961
40,Rest,408.0,0.0,3.6962
40,Rest,408.0999999999767,0.0,3.6962
40,Rest,408.20000000001164,0.0,3.6962
40,Rest,408.29999999998836,0.0,3.6962
40,Rest,408.3999999999651,0.0,3.6962
40,Rest,408.5,0.0,3.6962
40,Rest,408.5999999999767,0.0,3.6963
40,Rest,408.70000000001164,0.0,3.6963
40,Rest,408.79999999998836,0.0,3.6963
40,Rest,408.8999999999651,0.0,3.6963
40,Rest,409.0,0.0,3.6963
40,Rest,409.0999999999767,0.0,3.6963
40,Rest,409.20000000001164,0.0,3.6963
40,Rest,409.29999999998836,0.0,3.6963
40,Rest,409.3999999999651,0.0,3.6963
40,Rest,409.5,0.0,3.6963
40,Rest,409.5999999999767,0.0,3.6963
40,Rest,409.70000000001164,0.0,3.6963
40,Rest,409.79999999998836,0.0,3.6963
40,Rest,409.8999999999651,0.0,3.6963
40,Rest,410.0,0.0,3.6963
40,Rest,410.0999999999767,0.0,3.6964
40,Rest,410.20000000001164,0.0,3.6964
40,Rest,410.29999999998836,0.0,3.6964
40,Rest,410.3999999999651,0.0,3.6964
40,Rest,410.5,0.0,3.6964
40,Rest,410.5999999999767,0.0,3.6964
40,Rest,410.70000000001164,0.0,3.6964
40,Rest,410.79999999998836,0.0,3.6964
40,Rest,410.8999999999651,0.0,3.6965
40,Rest,411.0,0.0,3.6965
40,Rest,411.0999999999767,0.0,3.6965
40,Rest,411.20000000001164,0.0,3.6965
40,Rest,411.29999999998836,0.0,3.6965
40,Rest,411.3999999999651,0.0,3.6965
40,Rest,411.5,0.0,3.6965
40,Rest,411.5999999999767,0.0,3.6965
40,Rest,411.70000000001164,0.0,3.6965
40,Rest,411.79999999998836,0.0,3.6965
40,Rest,411.8999999999651,0.0,3.6965
40,Rest,412.0,0.0,3.6966
40,Rest,412.0999999999767,0.0,3.6966
40,Rest,412.20000000001164,0.0,3.6966
40,Rest,412.29999999998836,0.0,3.6966
40,Rest,412.3999999999651,0.0,3.6966
40,Rest,412.5,0.0,3.6966
40,Rest,412.5999999999767,0.0,3.6966
40,Rest,412.70000000001164,0.0,3.6966
40,Rest,412.79999999998836,0.0,3.6966
40,Rest,412.8999999999651,0.0,3.6966
40,Rest,413.0,0.0,3.6967
40,Rest,413.0999999999767,0.0,3.6967
40,Rest,413.20000000001164,0.0,3.6967
40,Rest,413.29999999998836,0.0,3.6967
40,Rest,413.3999999999651,0.0,3.6967
40,Rest,413.5,0.0,3.6967
40,Rest,413.5999999999767,0.0,3.6967
40,Rest,413.70000000001164,0.0,3.6967
40,Rest,413.79999999998836,0.0,3.6967
40,Rest,413.8999999999651,0.0,3.6968
40,Rest,414.0,0.0,3.6967
40,Rest,414.0999999999767,0.0,3.6967
40,Rest,414.20000000001164,0.0,3.6967
40,Rest,414.29999999998836,0.0,3.6967
40,Rest,414.3999999999651,0.0,3.6968
40,Rest,414.5,0.0,3.6968
40,Rest,414.5999999999767,0.0,3.6968
40,Rest,414.70000000001164,0.0,3.6968
40,Rest,414.79999999998836,0.0,3.6968
40,Rest,414.8999999999651,0.0,3.6968
40,Rest,415.0,0.0,3.6968
40,Rest,415.0999999999767,0.0,3.6968
40,Rest,415.20000000001164,0.0,3.6969
40,Rest,415.29999999998836,0.0,3.6969
40,Rest,415.3999999999651,0.0,3.6969
40,Rest,415.5,0.0,3.6969
40,Rest,415.5999999999767,0.0,3.6969
40,Rest,415.70000000001164,0.0,3.6968
40,Rest,415.79999999998836,0.0,3.6968
40,Rest,415.8999999999651,0.0,3.6969
40,Rest,416.0,0.0,3.6969
40,Rest,416.0999999999767,0.0,3.6969
40,Rest,416.20000000001164,0.0,3.6969
40,Rest,416.29999999998836,0.0,3.6969
40,Rest,416.3999999999651,0.0,3.6969
40,Rest,416.5,0.0,3.6969
40,Rest,416.5999999999767,0.0,3.697
40,Rest,416.70000000001164,0.0,3.697
40,Rest,416.79999999998836,0.0,3.6969
40,Rest,416.8999999999651,0.0,3.697
40,Rest,417.0,0.0,3.697
40,Rest,417.0999999999767,0.0,3.697
40,Rest,417.20000000001164,0.0,3.697
40,Rest,417.29999999998836,0.0,3.697
40,Rest,417.3999999999651,0.0,3.697
40,Rest,417.5,0.0,3.697
40,Rest,417.5999999999767,0.0,3.697
40,Rest,417.70000000001164,0.0,3.697
40,Rest,417.79999999998836,0.0,3.697
40,Rest,417.8999999999651,0.0,3.697
40,Rest,418.0,0.0,3.697
40,Rest,418.0999999999767,0.0,3.697
40,Rest,418.20000000001164,0.0,3.697
40,Rest,418.29999999998836,0.0,3.697
40,Rest,418.3999999999651,0.0,3.6971
40,Rest,418.5,0.0,3.6971
40,Rest,418.5999999999767,0.0,3.6971
40,Rest,418.70000000001164,0.0,3.6971
40,Rest,418.79999999998836,0.0,3.6971
40,Rest,418.8999999999651,0.0,3.6971
40,Rest,419.0,0.0,3.6971
40,Rest,419.0999999999767,0.0,3.6971
40,Rest,419.20000000001164,0.0,3.6971
40,Rest,419.29999999998836,0.0,3.6972
40,Rest,419.3999999999651,0.0,3.6972
40,Rest,419.5,0.0,3.6972
40,Rest,419.5999999999767,0.0,3.6972
40,Rest,419.70000000001164,0.0,3.6972
40,Rest,419.79999999998836,0.0,3.6972
40,Rest,419.8999999999651,0.0,3.6972
40,Rest,420.0,0.0,3.6972
40,Rest,420.0999999999767,0.0,3.6973
40,Rest,420.20000000001164,0.0,3.6972
40,Rest,420.29999999998836,0.0,3.6972
40,Rest,420.3999999999651,0.0,3.6973
40,Rest,420.5,0.0,3.6973
40,Rest,420.5999999999767,0.0,3.6973
40,Rest,420.70000000001164,0.0,3.6973
40,Rest,420.79999999998836,0.0,3.6973
40,Rest,420.8999999999651,0.0,3.6973
40,Rest,421.0,0.0,3.6973
40,Rest,421.0999999999767,0.0,3.6973
40,Rest,421.20000000001164,0.0,3.6973
40,Rest,421.29999999998836,0.0,3.6973
40,Rest,421.3999999999651,0.0,3.6973
40,Rest,421.5,0.0,3.6974
40,Rest,421.5999999999767,0.0,3.6974
40,Rest,421.70000000001164,0.0,3.6974
40,Rest,421.79999999998836,0.0,3.6974
40,Rest,421.8999999999651,0.0,3.6974
40,Rest,422.0,0.0,3.6974
40,Rest,422.0999999999767,0.0,3.6974
40,Rest,422.20000000001164,0.0,3.6974
40,Rest,422.29999999998836,0.0,3.6974
40,Rest,422.3999999999651,0.0,3.6974
40,Rest,422.5,0.0,3.6974
40,Rest,422.5999999999767,0.0,3.6974
40,Rest,422.70000000001164,0.0,3.6974
40,Rest,422.79999999998836,0.0,3.6975
40,Rest,422.8999999999651,0.0,3.6975
40,Rest,423.0,0.0,3.6974
40,Rest,423.0999999999767,0.0,3.6975
40,Rest,423.20000000001164,0.0,3.6975
40,Rest,423.29999999998836,0.0,3.6975
40,Rest,423.3999999999651,0.0,3.6975
40,Rest,423.5,0.0,3.6975
40,Rest,423.5999999999767,0.0,3.6975
40,Rest,423.70000000001164,0.0,3.6975
40,Rest,423.79999999998836,0.0,3.6975
40,Rest,423.8999999999651,0.0,3.6975
40,Rest,424.0,0.0,3.6975
40,Rest,424.0999999999767,0.0,3.6975
40,Rest,424.20000000001164,0.0,3.6975
40,Rest,424.29999999998836,0.0,3.6975
40,Rest,424.3999999999651,0.0,3.6975
40,Rest,424.5,0.0,3.6976
40,Rest,424.5999999999767,0.0,3.6976
40,Rest,424.70000000001164,0.0,3.6976
40,Rest,424.79999999998836,0.0,3.6976
40,Rest,424.8999999999651,0.0,3.6976
40,Rest,425.0,0.0,3.6976
40,Rest,425.0999999999767,0.0,3.6976
40,Rest,425.20000000001164,0.0,3.6976
40,Rest,425.29999999998836,0.0,3.6976
40,Rest,425.3999999999651,0.0,3.6976
40,Rest,425.5,0.0,3.6976
40,Rest,425.5999999999767,0.0,3.6976
40,Rest,425.70000000001164,0.0,3.6977
40,Rest,425.79999999998836,0.0,3.6977
40,Rest,425.8999999999651,0.0,3.6977
40,Rest,426.0,0.0,3.6977
40,Rest,426.0999999999767,0.0,3.6977
40,Rest,426.20000000001164,0.0,3.6977
40,Rest,426.29999999998836,0.0,3.6977
40,Rest,426.3999999999651,0.0,3.6977
40,Rest,426.5,0.0,3.6977
40,Rest,426.5999999999767,0.0,3.6978
40,Rest,426.70000000001164,0.0,3.6977
40,Rest,426.79999999998836,0.0,3.6977
40,Rest,426.8999999999651,0.0,3.6978
40,Rest,427.0,0.0,3.6978
40,Rest,427.0999999999767,0.0,3.6978
40,Rest,427.20000000001164,0.0,3.6978
40,Rest,427.29999999998836,0.0,3.6978
40,Rest,427.3999999999651,0.0,3.6978
40,Rest,427.5,0.0,3.6978
40,Rest,427.5999999999767,0.0,3.6978
40,Rest,427.70000000001164,0.0,3.6978
40,Rest,427.79999999998836,0.0,3.6978
40,Rest,427.8999999999651,0.0,3.6978
40,Rest,428.0,0.0,3.6979
40,Rest,428.0999999999767,0.0,3.6979
40,Rest,428.20000000001164,0.0,3.6979
40,Rest,428.29999999998836,0.0,3.6979
40,Rest,428.3999999999651,0.0,3.6979
40,Rest,428.5,0.0,3.6979
40,Rest,428.5999999999767,0.0,3.6979
40,Rest,428.70000000001164,0.0,3.6979
40,Rest,428.79999999998836,0.0,3.6979
40,Rest,428.8999999999651,0.0,3.6979
40,Rest,429.0,0.0,3.6979
40,Rest,429.0999999999767,0.0,3.6979
40,Rest,429.20000000001164,0.0,3.6979
40,Rest,429.29999999998836,0.0,3.6979
40,Rest,429.3999999999651,0.0,3.6979
40,Rest,429.5,0.0,3.6979
40,Rest,429.5999999999767,0.0,3.6979
40,Rest,429.70000000001164,0.0,3.698
40,Rest,429.79999999998836,0.0,3.698
40,Rest,429.8999999999651,0.0,3.698
40,Rest,430.0,0.0,3.698
40,Rest,430.0999999999767,0.0,3.698
40,Rest,430.20000000001164,0.0,3.698
40,Rest,430.29999999998836,0.0,3.698
40,Rest,430.3999999999651,0.0,3.698
40,Rest,430.5,0.0,3.698
40,Rest,430.5999999999767,0.0,3.698
40,Rest,430.70000000001164,0.0,3.698
40,Rest,430.79999999998836,0.0,3.6981
40,Rest,430.8999999999651,0.0,3.6981
40,Rest,431.0,0.0,3.6981
40,Rest,431.0999999999767,0.0,3.6981
40,Rest,431.20000000001164,0.0,3.6981
40,Rest,431.29999999998836,0.0,3.6981
40,Rest,431.3999999999651,0.0,3.6981
40,Rest,431.5,0.0,3.6981
40,Rest,431.5999999999767,0.0,3.6981
40,Rest,431.70000000001164,0.0,3.6982
40,Rest,431.79999999998836,0.0,3.6981
40,Rest,431.8999999999651,0.0,3.6981
40,Rest,432.0,0.0,3.6982
40,Rest,432.0999999999767,0.0,3.6982
40,Rest,432.20000000001164,0.0,3.6982
40,Rest,432.29999999998836,0.0,3.6982
40,Rest,432.3999999999651,0.0,3.6982
40,Rest,432.5,0.0,3.6982
40,Rest,432.5999999999767,0.0,3.6982
40,Rest,432.70000000001164,0.0,3.6982
40,Rest,432.79999999998836,0.0,3.6982
40,Rest,432.8999999999651,0.0,3.6982
40,Rest,433.0,0.0,3.6982
40,Rest,433.0999999999767,0.0,3.6982
40,Rest,433.20000000001164,0.0,3.6982
40,Rest,433.29999999998836,0.0,3.6982
40,Rest,433.3999999999651,0.0,3.6982
40,Rest,433.5,0.0,3.6982
40,Rest,433.5999999999767,0.0,3.6983
40,Rest,433.70000000001164,0.0,3.6982
40,Rest,433.79999999998836,0.0,3.6982
40,Rest,433.8999999999651,0.0,3.6983
40,Rest,434.0,0.0,3.6983
40,Rest,434.0999999999767,0.0,3.6983
40,Rest,434.20000000001164,0.0,3.6983
40,Rest,434.29999999998836,0.0,3.6983
40,Rest,434.3999999999651,0.0,3.6983
40,Rest,434.5,0.0,3.6983
40,Rest,434.5999999999767,0.0,3.6983
40,Rest,434.70000000001164,0.0,3.6983
40,Rest,434.79999999998836,0.0,3.6983
40,Rest,434.8999999999651,0.0,3.6983
40,Rest,435.0,0.0,3.6984
40,Rest,435.0999999999767,0.0,3.6983
40,Rest,435.20000000001164,0.0,3.6984
40,Rest,435.29999999998836,0.0,3.6984
40,Rest,435.3999999999651,0.0,3.6984
40,Rest,435.5,0.0,3.6984
40,Rest,435.5999999999767,0.0,3.6984
40,Rest,435.70000000001164,0.0,3.6984
40,Rest,435.79999999998836,0.0,3.6984
40,Rest,435.8999999999651,0.0,3.6984
40,Rest,436.0,0.0,3.6984
40,Rest,436.0999999999767,0.0,3.6984
40,Rest,436.20000000001164,0.0,3.6985
40,Rest,436.29999999998836,0.0,3.6985
40,Rest,436.3999999999651,0.0,3.6985
40,Rest,436.5,0.0,3.6985
40,Rest,436.5999999999767,0.0,3.6984
40,Rest,436.70000000001164,0.0,3.6985
40,Rest,436.79999999998836,0.0,3.6985
40,Rest,436.8999999999651,0.0,3.6985
40,Rest,437.0,0.0,3.6985
40,Rest,437.0999999999767,0.0,3.6985
40,Rest,437.20000000001164,0.0,3.6985
40,Rest,437.29999999998836,0.0,3.6985
40,Rest,437.3999999999651,0.0,3.6985
40,Rest,437.5,0.0,3.6985
40,Rest,437.5999999999767,0.0,3.6986
40,Rest,437.70000000001164,0.0,3.6985
40,Rest,437.79999999998836,0.0,3.6985
40,Rest,437.8999999999651,0.0,3.6986
40,Rest,438.0,0.0,3.6986
40,Rest,438.0999999999767,0.0,3.6986
40,Rest,438.20000000001164,0.0,3.6986
40,Rest,438.29999999998836,0.0,3.6986
40,Rest,438.3999999999651,0.0,3.6986
40,Rest,438.5,0.0,3.6986
40,Rest,438.5999999999767,0.0,3.6986
40,Rest,438.70000000001164,0.0,3.6986
40,Rest,438.79999999998836,0.0,3.6986
40,Rest,438.8999999999651,0.0,3.6986
40,Rest,439.0,0.0,3.6986
40,Rest,439.0999999999767,0.0,3.6986
40,Rest,439.20000000001164,0.0,3.6986
40,Rest,439.29999999998836,0.0,3.6986
40,Rest,439.3999999999651,0.0,3.6986
40,Rest,439.5,0.0,3.6986
40,Rest,439.5999999999767,0.0,3.6987
40,Rest,439.70000000001164,0.0,3.6987
40,Rest,439.79999999998836,0.0,3.6987
40,Rest,439.8999999999651,0.0,3.6987
40,Rest,440.0,0.0,3.6987
40,Rest,440.0999999999767,0.0,3.6987
40,Rest,440.20000000001164,0.0,3.6987
40,Rest,440.29999999998836,0.0,3.6987
40,Rest,440.3999999999651,0.0,3.6987
40,Rest,440.5,0.0,3.6987
40,Rest,440.5999999999767,0.0,3.6987
40,Rest,440.70000000001164,0.0,3.6987
40,Rest,440.79999999998836,0.0,3.6987
40,Rest,440.8999999999651,0.0,3.6987
40,Rest,441.0,0.0,3.6987
40,Rest,441.0999999999767,0.0,3.6987
40,Rest,441.20000000001164,0.0,3.6987
40,Rest,441.29999999998836,0.0,3.6987
40,Rest,441.3999999999651,0.0,3.6988
40,Rest,441.5,0.0,3.6987
40,Rest,441.5999999999767,0.0,3.6988
40,Rest,441.70000000001164,0.0,3.6988
40,Rest,441.79999999998836,0.0,3.6988
40,Rest,441.8999999999651,0.0,3.6988
40,Rest,442.0,0.0,3.6988
40,Rest,442.0999999999767,0.0,3.6988
40,Rest,442.20000000001164,0.0,3.6988
40,Rest,442.29999999998836,0.0,3.6988
40,Rest,442.3999999999651,0.0,3.6988
40,Rest,442.5,0.0,3.6988
40,Rest,442.5999999999767,0.0,3.6989
40,Rest,442.70000000001164,0.0,3.6989
40,Rest,442.79999999998836,0.0,3.6989
40,Rest,442.8999999999651,0.0,3.6989
40,Rest,443.0,0.0,3.6989
40,Rest,443.0999999999767,0.0,3.6989
40,Rest,443.20000000001164,0.0,3.6989
40,Rest,443.29999999998836,0.0,3.6989
40,Rest,443.3999999999651,0.0,3.6989
40,Rest,443.5,0.0,3.6989
40,Rest,443.5999999999767,0.0,3.6989
40,Rest,443.70000000001164,0.0,3.6989
40,Rest,443.79999999998836,0.0,3.6989
40,Rest,443.8999999999651,0.0,3.699
40,Rest,444.0,0.0,3.699
40,Rest,444.0999999999767,0.0,3.699
40,Rest,444.20000000001164,0.0,3.6989
40,Rest,444.29999999998836,0.0,3.699
40,Rest,444.3999999999651,0.0,3.6989
40,Rest,444.5,0.0,3.6989
40,Rest,444.5999999999767,0.0,3.6989
40,Rest,444.70000000001164,0.0,3.6989
40,Rest,444.79999999998836,0.0,3.699
40,Rest,444.8999999999651,0.0,3.699
40,Rest,445.0,0.0,3.699
40,Rest,445.0999999999767,0.0,3.699
40,Rest,445.20000000001164,0.0,3.699
40,Rest,445.29999999998836,0.0,3.699
40,Rest,445.3999999999651,0.0,3.699
40,Rest,445.5,0.0,3.699
40,Rest,445.5999999999767,0.0,3.699
40,Rest,445.70000000001164,0.0,3.699
40,Rest,445.79999999998836,0.0,3.699
40,Rest,445.8999999999651,0.0,3.699
40,Rest,446.0,0.0,3.699
40,Rest,446.0999999999767,0.0,3.699
40,Rest,446.20000000001164,0.0,3.6991
40,Rest,446.29999999998836,0.0,3.699
40,Rest,446.3999999999651,0.0,3.699
40,Rest,446.5,0.0,3.6991
40,Rest,446.5999999999767,0.0,3.6991
40,Rest,446.70000000001164,0.0,3.699
40,Rest,446.79999999998836,0.0,3.6991
40,Rest,446.8999999999651,0.0,3.6991
40,Rest,447.0,0.0,3.6991
40,Rest,447.0999999999767,0.0,3.6991
40,Rest,447.20000000001164,0.0,3.6991
40,Rest,447.29999999998836,0.0,3.6991
40,Rest,447.3999999999651,0.0,3.6991
40,Rest,447.5,0.0,3.6991
40,Rest,447.5999999999767,0.0,3.6991
40,Rest,447.70000000001164,0.0,3.6991
40,Rest,447.79999999998836,0.0,3.6992
40,Rest,447.8999999999651,0.0,3.6991
40,Rest,448.0,0.0,3.6992
40,Rest,448.0999999999767,0.0,3.6992
40,Rest,448.20000000001164,0.0,3.6991
40,Rest,448.29999999998836,0.0,3.6991
40,Rest,448.3999999999651,0.0,3.6992
40,Rest,448.5,0.0,3.6991
40,Rest,448.5999999999767,0.0,3.6991
40,Rest,448.70000000001164,0.0,3.6992
40,Rest,448.79999999998836,0.0,3.6992
40,Rest,448.8999999999651,0.0,3.6992
40,Rest,449.0,0.0,3.6992
40,Rest,449.0999999999767,0.0,3.6992
40,Rest,449.20000000001164,0.0,3.6992
40,Rest,449.29999999998836,0.0,3.6992
40,Rest,449.3999999999651,0.0,3.6992
40,Rest,449.5,0.0,3.6992
40,Rest,449.5999999999767,0.0,3.6992
40,Rest,449.70000000001164,0.0,3.6992
40,Rest,449.79999999998836,0.0,3.6993
40,Rest,449.8999999999651,0.0,3.6993
40,Rest,450.0,0.0,3.6993
40,Rest,450.0999999999767,0.0,3.6993
40,Rest,450.20000000001164,0.0,3.6992
40,Rest,450.29999999998836,0.0,3.6992
40,Rest,450.3999999999651,0.0,3.6993
40,Rest,450.5,0.0,3.6993
40,Rest,450.5999999999767,0.0,3.6993
40,Rest,450.70000000001164,0.0,3.6993
40,Rest,450.79999999998836,0.0,3.6993
40,Rest,450.8999999999651,0.0,3.6993
40,Rest,451.0,0.0,3.6993
40,Rest,451.0999999999767,0.0,3.6993
40,Rest,451.20000000001164,0.0,3.6993
40,Rest,451.29999999998836,0.0,3.6993
40,Rest,451.3999999999651,0.0,3.6993
40,Rest,451.5,0.0,3.6993
40,Rest,451.5999999999767,0.0,3.6993
40,Rest,451.70000000001164,0.0,3.6993
40,Rest,451.79999999998836,0.0,3.6994
40,Rest,451.8999999999651,0.0,3.6994
40,Rest,452.0,0.0,3.6994
40,Rest,452.0999999999767,0.0,3.6994
40,Rest,452.20000000001164,0.0,3.6994
40,Rest,452.29999999998836,0.0,3.6994
40,Rest,452.3999999999651,0.0,3.6994
40,Rest,452.5,0.0,3.6994
40,Rest,452.5999999999767,0.0,3.6994
40,Rest,452.70000000001164,0.0,3.6994
40,Rest,452.79999999998836,0.0,3.6994
40,Rest,452.8999999999651,0.0,3.6994
40,Rest,453.0,0.0,3.6994
40,Rest,453.0999999999767,0.0,3.6994
40,Rest,453.20000000001164,0.0,3.6994
40,Rest,453.29999999998836,0.0,3.6994
40,Rest,453.3999999999651,0.0,3.6994
40,Rest,453.5,0.0,3.6994
40,Rest,453.5999999999767,0.0,3.6995
40,Rest,453.70000000001164,0.0,3.6995
40,Rest,453.79999999998836,0.0,3.6995
40,Rest,453.8999999999651,0.0,3.6995
40,Rest,454.0,0.0,3.6995
40,Rest,454.0999999999767,0.0,3.6995
40,Rest,454.20000000001164,0.0,3.6995
40,Rest,454.29999999998836,0.0,3.6995
40,Rest,454.3999999999651,0.0,3.6995
40,Rest,454.5,0.0,3.6995
40,Rest,454.5999999999767,0.0,3.6996
40,Rest,454.70000000001164,0.0,3.6996
40,Rest,454.79999999998836,0.0,3.6995
40,Rest,454.8999999999651,0.0,3.6995
40,Rest,455.0,0.0,3.6995
40,Rest,455.0999999999767,0.0,3.6995
40,Rest,455.20000000001164,0.0,3.6996
40,Rest,455.29999999998836,0.0,3.6996
40,Rest,455.3999999999651,0.0,3.6996
40,Rest,455.5,0.0,3.6996
40,Rest,455.5999999999767,0.0,3.6996
40,Rest,455.70000000001164,0.0,3.6996
40,Rest,455.79999999998836,0.0,3.6996
40,Rest,455.8999999999651,0.0,3.6996
40,Rest,456.0,0.0,3.6996
40,Rest,456.0999999999767,0.0,3.6996
40,Rest,456.20000000001164,0.0,3.6996
40,Rest,456.29999999998836,0.0,3.6996
40,Rest,456.3999999999651,0.0,3.6996
40,Rest,456.5,0.0,3.6996
40,Rest,456.5999999999767,0.0,3.6996
40,Rest,456.70000000001164,0.0,3.6996
40,Rest,456.79999999998836,0.0,3.6997
40,Rest,456.8999999999651,0.0,3.6997
40,Rest,457.0,0.0,3.6996
40,Rest,457.0999999999767,0.0,3.6997
40,Rest,457.20000000001164,0.0,3.6997
40,Rest,457.29999999998836,0.0,3.6997
40,Rest,457.3999999999651,0.0,3.6997
40,Rest,457.5,0.0,3.6997
40,Rest,457.5999999999767,0.0,3.6997
40,Rest,457.70000000001164,0.0,3.6997
40,Rest,457.79999999998836,0.0,3.6997
40,Rest,457.8999999999651,0.0,3.6997
40,Rest,458.0,0.0,3.6997
40,Rest,458.0999999999767,0.0,3.6997
40,Rest,458.20000000001164,0.0,3.6997
40,Rest,458.29999999998836,0.0,3.6998
40,Rest,458.3999999999651,0.0,3.6998
40,Rest,458.5,0.0,3.6998
40,Rest,458.5999999999767,0.0,3.6997
40,Rest,458.70000000001164,0.0,3.6997
40,Rest,458.79999999998836,0.0,3.6997
40,Rest,458.8999999999651,0.0,3.6998
40,Rest,459.0,0.0,3.6998
40,Rest,459.0999999999767,0.0,3.6997
40,Rest,459.20000000001164,0.0,3.6998
40,Rest,459.29999999998836,0.0,3.6998
40,Rest,459.3999999999651,0.0,3.6998
40,Rest,459.5,0.0,3.6998
40,Rest,459.5999999999767,0.0,3.6998
40,Rest,459.70000000001164,0.0,3.6998
40,Rest,459.79999999998836,0.0,3.6998
40,Rest,459.8999999999651,0.0,3.6998
40,Rest,460.0,0.0,3.6998
40,Rest,460.0999999999767,0.0,3.6998
40,Rest,460.20000000001164,0.0,3.6998
40,Rest,460.29999999998836,0.0,3.6999
40,Rest,460.3999999999651,0.0,3.6998
40,Rest,460.5,0.0,3.6998
40,Rest,460.5999999999767,0.0,3.6998
40,Rest,460.70000000001164,0.0,3.6999
40,Rest,460.79999999998836,0.0,3.6999
40,Rest,460.8999999999651,0.0,3.6999
40,Rest,461.0,0.0,3.6999
40,Rest,461.0999999999767,0.0,3.6999
40,Rest,461.20000000001164,0.0,3.6999
40,Rest,461.29999999998836,0.0,3.6999
40,Rest,461.3999999999651,0.0,3.6999
40,Rest,461.5,0.0,3.6999
40,Rest,461.5999999999767,0.0,3.6999
40,Rest,461.70000000001164,0.0,3.6999
40,Rest,461.79999999998836,0.0,3.6999
40,Rest,461.8999999999651,0.0,3.6999
40,Rest,462.0,0.0,3.6999
40,Rest,462.0999999999767,0.0,3.6999
40,Rest,462.20000000001164,0.0,3.6999
40,Rest,462.29999999998836,0.0,3.6999
40,Rest,462.3999999999651,0.0,3.7
40,Rest,462.5,0.0,3.7
40,Rest,462.5999999999767,0.0,3.6999
40,Rest,462.70000000001164,0.0,3.6999
40,Rest,462.79999999998836,0.0,3.6999
40,Rest,462.8999999999651,0.0,3.6999
40,Rest,463.0,0.0,3.6999
40,Rest,463.0999999999767,0.0,3.7
40,Rest,463.20000000001164,0.0,3.7
40,Rest,463.29999999998836,0.0,3.7
40,Rest,463.3999999999651,0.0,3.7
40,Rest,463.5,0.0,3.7
40,Rest,463.5999999999767,0.0,3.7
40,Rest,463.70000000001164,0.0,3.7
40,Rest,463.79999999998836,0.0,3.7
40,Rest,463.8999999999651,0.0,3.7
40,Rest,464.0,0.0,3.7
40,Rest,464.0999999999767,0.0,3.7
40,Rest,464.20000000001164,0.0,3.7
40,Rest,464.29999999998836,0.0,3.7
40,Rest,464.3999999999651,0.0,3.7
40,Rest,464.5,0.0,3.7
40,Rest,464.5999999999767,0.0,3.7
40,Rest,464.70000000001164,0.0,3.7
40,Rest,464.79999999998836,0.0,3.7001
40,Rest,464.8999999999651,0.0,3.7001
40,Rest,465.0,0.0,3.7001
40,Rest,465.0999999999767,0.0,3.7001
40,Rest,465.20000000001164,0.0,3.7001
40,Rest,465.29999999998836,0.0,3.7001
40,Rest,465.3999999999651,0.0,3.7001
40,Rest,465.5,0.0,3.7001
40,Rest,465.5999999999767,0.0,3.7001
40,Rest,465.70000000001164,0.0,3.7001
40,Rest,465.79999999998836,0.0,3.7001
40,Rest,465.8999999999651,0.0,3.7001
40,Rest,466.0,0.0,3.7001
40,Rest,466.0999999999767,0.0,3.7001
40,Rest,466.20000000001164,0.0,3.7001
40,Rest,466.29999999998836,0.0,3.7001
40,Rest,466.3999999999651,0.0,3.7002
40,Rest,466.5,0.0,3.7002
40,Rest,466.5999999999767,0.0,3.7002
40,Rest,466.70000000001164,0.0,3.7002
40,Rest,466.79999999998836,0.0,3.7002
40,Rest,466.8999999999651,0.0,3.7002
40,Rest,467.0,0.0,3.7002
40,Rest,467.0999999999767,0.0,3.7002
40,Rest,467.20000000001164,0.0,3.7002
40,Rest,467.29999999998836,0.0,3.7002
40,Rest,467.3999999999651,0.0,3.7002
40,Rest,467.5,0.0,3.7002
40,Rest,467.5999999999767,0.0,3.7002
40,Rest,467.70000000001164,0.0,3.7002
40,Rest,467.79999999998836,0.0,3.7002
40,Rest,467.8999999999651,0.0,3.7002
40,Rest,468.0,0.0,3.7002
40,Rest,468.0999999999767,0.0,3.7002
40,Rest,468.20000000001164,0.0,3.7003
40,Rest,468.29999999998836,0.0,3.7003
40,Rest,468.3999999999651,0.0,3.7003
40,Rest,468.5,0.0,3.7003
40,Rest,468.5999999999767,0.0,3.7003
40,Rest,468.70000000001164,0.0,3.7003
40,Rest,468.79999999998836,0.0,3.7003
40,Rest,468.8999999999651,0.0,3.7003
40,Rest,469.0,0.0,3.7003
40,Rest,469.0999999999767,0.0,3.7003
40,Rest,469.20000000001164,0.0,3.7003
40,Rest,469.29999999998836,0.0,3.7003
40,Rest,469.3999999999651,0.0,3.7003
40,Rest,469.5,0.0,3.7003
40,Rest,469.5999999999767,0.0,3.7003
40,Rest,469.70000000001164,0.0,3.7004
40,Rest,469.79999999998836,0.0,3.7004
40,Rest,469.8999999999651,0.0,3.7004
40,Rest,470.0,0.0,3.7004
40,Rest,470.0999999999767,0.0,3.7004
40,Rest,470.20000000001164,0.0,3.7004
40,Rest,470.29999999998836,0.0,3.7004
40,Rest,470.3999999999651,0.0,3.7004
40,Rest,470.5,0.0,3.7004
40,Rest,470.5999999999767,0.0,3.7004
40,Rest,470.70000000001164,0.0,3.7004
40,Rest,470.79999999998836,0.0,3.7004
40,Rest,470.8999999999651,0.0,3.7004
40,Rest,471.0,0.0,3.7004
40,Rest,471.0999999999767,0.0,3.7004
40,Rest,471.20000000001164,0.0,3.7004
40,Rest,471.29999999998836,0.0,3.7004
40,Rest,471.3999999999651,0.0,3.7005
40,Rest,471.5,0.0,3.7005
40,Rest,471.5999999999767,0.0,3.7004
40,Rest,471.70000000001164,0.0,3.7005
40,Rest,471.79999999998836,0.0,3.7005
40,Rest,471.8999999999651,0.0,3.7005
40,Rest,472.0,0.0,3.7005
40,Rest,472.0999999999767,0.0,3.7004
40,Rest,472.20000000001164,0.0,3.7005
40,Rest,472.29999999998836,0.0,3.7005
40,Rest,472.3999999999651,0.0,3.7005
40,Rest,472.5,0.0,3.7005
40,Rest,472.5999999999767,0.0,3.7005
40,Rest,472.70000000001164,0.0,3.7005
40,Rest,472.79999999998836,0.0,3.7005
40,Rest,472.8999999999651,0.0,3.7005
40,Rest,473.0,0.0,3.7005
40,Rest,473.0999999999767,0.0,3.7005
40,Rest,473.20000000001164,0.0,3.7005
40,Rest,473.29999999998836,0.0,3.7005
40,Rest,473.3999999999651,0.0,3.7005
40,Rest,473.5,0.0,3.7005
40,Rest,473.5999999999767,0.0,3.7005
40,Rest,473.70000000001164,0.0,3.7005
40,Rest,473.79999999998836,0.0,3.7005
40,Rest,473.8999999999651,0.0,3.7006
40,Rest,474.0,0.0,3.7006
40,Rest,474.0999999999767,0.0,3.7006
40,Rest,474.20000000001164,0.0,3.7006
40,Rest,474.29999999998836,0.0,3.7006
40,Rest,474.3999999999651,0.0,3.7006
40,Rest,474.5,0.0,3.7006
40,Rest,474.5999999999767,0.0,3.7006
40,Rest,474.70000000001164,0.0,3.7006
40,Rest,474.79999999998836,0.0,3.7006
40,Rest,474.8999999999651,0.0,3.7006
40,Rest,475.0,0.0,3.7006
40,Rest,475.0999999999767,0.0,3.7006
40,Rest,475.20000000001164,0.0,3.7006
40,Rest,475.29999999998836,0.0,3.7006
40,Rest,475.3999999999651,0.0,3.7006
40,Rest,475.5,0.0,3.7006
40,Rest,475.5999999999767,0.0,3.7006
40,Rest,475.70000000001164,0.0,3.7006
40,Rest,475.79999999998836,0.0,3.7006
40,Rest,475.8999999999651,0.0,3.7006
40,Rest,476.0,0.0,3.7006
40,Rest,476.0999999999767,0.0,3.7007
40,Rest,476.20000000001164,0.0,3.7007
40,Rest,476.29999999998836,0.0,3.7007
40,Rest,476.3999999999651,0.0,3.7006
40,Rest,476.5,0.0,3.7006
40,Rest,476.5999999999767,0.0,3.7007
40,Rest,476.70000000001164,0.0,3.7006
40,Rest,476.79999999998836,0.0,3.7007
40,Rest,476.8999999999651,0.0,3.7007
40,Rest,477.0,0.0,3.7006
40,Rest,477.0999999999767,0.0,3.7006
40,Rest,477.20000000001164,0.0,3.7007
40,Rest,477.29999999998836,0.0,3.7007
40,Rest,477.3999999999651,0.0,3.7007
40,Rest,477.5,0.0,3.7007
40,Rest,477.5999999999767,0.0,3.7007
40,Rest,477.70000000001164,0.0,3.7007
40,Rest,477.79999999998836,0.0,3.7007
40,Rest,477.8999999999651,0.0,3.7007
40,Rest,478.0,0.0,3.7007
40,Rest,478.0999999999767,0.0,3.7007
40,Rest,478.20000000001164,0.0,3.7008
40,Rest,478.29999999998836,0.0,3.7007
40,Rest,478.3999999999651,0.0,3.7007
40,Rest,478.5,0.0,3.7008
40,Rest,478.5999999999767,0.0,3.7008
40,Rest,478.70000000001164,0.0,3.7008
40,Rest,478.79999999998836,0.0,3.7008
40,Rest,478.8999999999651,0.0,3.7008
40,Rest,479.0,0.0,3.7008
40,Rest,479.0999999999767,0.0,3.7008
40,Rest,479.20000000001164,0.0,3.7008
40,Rest,479.29999999998836,0.0,3.7008
40,Rest,479.3999999999651,0.0,3.7008
40,Rest,479.5,0.0,3.7008
40,Rest,479.5999999999767,0.0,3.7008
40,Rest,479.70000000001164,0.0,3.7008
40,Rest,479.79999999998836,0.0,3.7008
40,Rest,479.8999999999651,0.0,3.7008
40,Rest,480.0,0.0,3.7008
40,Rest,480.0999999999767,0.0,3.7008
40,Rest,480.20000000001164,0.0,3.7008
40,Rest,480.29999999998836,0.0,3.7009
40,Rest,480.3999999999651,0.0,3.7009
40,Rest,480.5,0.0,3.7009
40,Rest,480.5999999999767,0.0,3.7009
40,Rest,480.70000000001164,0.0,3.7009
40,Rest,480.79999999998836,0.0,3.7009
40,Rest,480.8999999999651,0.0,3.7009
40,Rest,481.0,0.0,3.7009
40,Rest,481.0999999999767,0.0,3.7009
40,Rest,481.20000000001164,0.0,3.7009
40,Rest,481.29999999998836,0.0,3.7009
40,Rest,481.3999999999651,0.0,3.7009
40,Rest,481.5,0.0,3.7009
40,Rest,481.5999999999767,0.0,3.7009
40,Rest,481.70000000001164,0.0,3.7009
40,Rest,481.79999999998836,0.0,3.7009
40,Rest,481.8999999999651,0.0,3.7009
40,Rest,482.0,0.0,3.7009
40,Rest,482.0999999999767,0.0,3.7009
40,Rest,482.20000000001164,0.0,3.7009
40,Rest,482.29999999998836,0.0,3.7009
40,Rest,482.3999999999651,0.0,3.7009
40,Rest,482.5,0.0,3.7009
40,Rest,482.5999999999767,0.0,3.7009
40,Rest,482.70000000001164,0.0,3.7009
40,Rest,482.79999999998836,0.0,3.7009
40,Rest,482.8999999999651,0.0,3.701
40,Rest,483.0,0.0,3.701
40,Rest,483.0999999999767,0.0,3.701
40,Rest,483.20000000001164,0.0,3.701
40,Rest,483.29999999998836,0.0,3.701
40,Rest,483.3999999999651,0.0,3.701
40,Rest,483.5,0.0,3.701
40,Rest,483.5999999999767,0.0,3.701
40,Rest,483.70000000001164,0.0,3.701
40,Rest,483.79999999998836,0.0,3.701
40,Rest,483.8999999999651,0.0,3.701
40,Rest,484.0,0.0,3.701
40,Rest,484.0999999999767,0.0,3.701
40,Rest,484.20000000001164,0.0,3.701
40,Rest,484.29999999998836,0.0,3.701
40,Rest,484.3999999999651,0.0,3.701
40,Rest,484.5,0.0,3.701
40,Rest,484.5999999999767,0.0,3.701
40,Rest,484.70000000001164,0.0,3.701
40,Rest,484.79999999998836,0.0,3.701
40,Rest,484.8999999999651,0.0,3.7011
40,Rest,485.0,0.0,3.701
40,Rest,485.0999999999767,0.0,3.701
40,Rest,485.20000000001164,0.0,3.7011
40,Rest,485.29999999998836,0.0,3.7011
40,Rest,485.3999999999651,0.0,3.7011
40,Rest,485.5,0.0,3.7011
40,Rest,485.5999999999767,0.0,3.7011
40,Rest,485.70000000001164,0.0,3.7011
40,Rest,485.79999999998836,0.0,3.7011
40,Rest,485.8999999999651,0.0,3.7011
40,Rest,486.0,0.0,3.7011
40,Rest,486.0999999999767,0.0,3.7011
40,Rest,486.20000000001164,0.0,3.7011
40,Rest,486.29999999998836,0.0,3.7011
40,Rest,486.3999999999651,0.0,3.7011
40,Rest,486.5,0.0,3.7011
40,Rest,486.5999999999767,0.0,3.7011
40,Rest,486.70000000001164,0.0,3.7011
40,Rest,486.79999999998836,0.0,3.7011
40,Rest,486.8999999999651,0.0,3.7011
40,Rest,487.0,0.0,3.7011
40,Rest,487.0999999999767,0.0,3.7011
40,Rest,487.20000000001164,0.0,3.7011
40,Rest,487.29999999998836,0.0,3.7011
40,Rest,487.3999999999651,0.0,3.7011
40,Rest,487.5,0.0,3.7011
40,Rest,487.5999999999767,0.0,3.7012
40,Rest,487.70000000001164,0.0,3.7012
40,Rest,487.79999999998836,0.0,3.7011
40,Rest,487.8999999999651,0.0,3.7011
40,Rest,488.0,0.0,3.7012
40,Rest,488.0999999999767,0.0,3.7012
40,Rest,488.20000000001164,0.0,3.7012
40,Rest,488.29999999998836,0.0,3.7012
40,Rest,488.3999999999651,0.0,3.7012
40,Rest,488.5,0.0,3.7012
40,Rest,488.5999999999767,0.0,3.7012
40,Rest,488.70000000001164,0.0,3.7012
40,Rest,488.79999999998836,0.0,3.7012
40,Rest,488.8999999999651,0.0,3.7012
40,Rest,489.0,0.0,3.7012
40,Rest,489.0999999999767,0.0,3.7012
40,Rest,489.20000000001164,0.0,3.7012
40,Rest,489.29999999998836,0.0,3.7012
40,Rest,489.3999999999651,0.0,3.7012
40,Rest,489.5,0.0,3.7012
40,Rest,489.5999999999767,0.0,3.7012
40,Rest,489.70000000001164,0.0,3.7013
40,Rest,489.79999999998836,0.0,3.7012
40,Rest,489.8999999999651,0.0,3.7012
40,Rest,490.0,0.0,3.7013
40,Rest,490.0999999999767,0.0,3.7013
40,Rest,490.20000000001164,0.0,3.7013
40,Rest,490.29999999998836,0.0,3.7013
40,Rest,490.3999999999651,0.0,3.7012
40,Rest,490.5,0.0,3.7013
40,Rest,490.5999999999767,0.0,3.7012
40,Rest,490.70000000001164,0.0,3.7013
40,Rest,490.79999999998836,0.0,3.7013
40,Rest,490.8999999999651,0.0,3.7013
40,Rest,491.0,0.0,3.7013
40,Rest,491.0999999999767,0.0,3.7013
40,Rest,491.20000000001164,0.0,3.7013
40,Rest,491.29999999998836,0.0,3.7013
40,Rest,491.3999999999651,0.0,3.7013
40,Rest,491.5,0.0,3.7013
40,Rest,491.5999999999767,0.0,3.7014
40,Rest,491.70000000001164,0.0,3.7014
40,Rest,491.79999999998836,0.0,3.7013
40,Rest,491.8999999999651,0.0,3.7013
40,Rest,492.0,0.0,3.7013
40,Rest,492.0999999999767,0.0,3.7014
40,Rest,492.20000000001164,0.0,3.7014
40,Rest,492.29999999998836,0.0,3.7013
40,Rest,492.3999999999651,0.0,3.7014
40,Rest,492.5,0.0,3.7014
40,Rest,492.5999999999767,0.0,3.7014
40,Rest,492.70000000001164,0.0,3.7014
40,Rest,492.79999999998836,0.0,3.7014
40,Rest,492.8999999999651,0.0,3.7014
40,Rest,493.0,0.0,3.7014
40,Rest,493.0999999999767,0.0,3.7014
40,Rest,493.20000000001164,0.0,3.7014
40,Rest,493.29999999998836,0.0,3.7014
40,Rest,493.3999999999651,0.0,3.7014
40,Rest,493.5,0.0,3.7014
40,Rest,493.5999999999767,0.0,3.7014
40,Rest,493.70000000001164,0.0,3.7014
40,Rest,493.79999999998836,0.0,3.7014
40,Rest,493.8999999999651,0.0,3.7014
40,Rest,494.0,0.0,3.7014
40,Rest,494.0999999999767,0.0,3.7014
40,Rest,494.20000000001164,0.0,3.7014
40,Rest,494.29999999998836,0.0,3.7014
40,Rest,494.3999999999651,0.0,3.7015
40,Rest,494.5,0.0,3.7014
40,Rest,494.5999999999767,0.0,3.7014
40,Rest,494.70000000001164,0.0,3.7015
40,Rest,494.79999999998836,0.0,3.7015
40,Rest,494.8999999999651,0.0,3.7014
40,Rest,495.0,0.0,3.7015
40,Rest,495.0999999999767,0.0,3.7014
40,Rest,495.20000000001164,0.0,3.7014
40,Rest,495.29999999998836,0.0,3.7014
40,Rest,495.3999999999651,0.0,3.7014
40,Rest,495.5,0.0,3.7014
40,Rest,495.5999999999767,0.0,3.7014
40,Rest,495.70000000001164,0.0,3.7015
40,Rest,495.79999999998836,0.0,3.7015
40,Rest,495.8999999999651,0.0,3.7015
40,Rest,496.0,0.0,3.7015
40,Rest,496.0999999999767,0.0,3.7015
40,Rest,496.20000000001164,0.0,3.7015
40,Rest,496.29999999998836,0.0,3.7015
40,Rest,496.3999999999651,0.0,3.7015
40,Rest,496.5,0.0,3.7015
40,Rest,496.5999999999767,0.0,3.7015
40,Rest,496.70000000001164,0.0,3.7015
40,Rest,496.79999999998836,0.0,3.7015
40,Rest,496.8999999999651,0.0,3.7015
40,Rest,497.0,0.0,3.7015
40,Rest,497.0999999999767,0.0,3.7015
40,Rest,497.20000000001164,0.0,3.7015
40,Rest,497.29999999998836,0.0,3.7016
40,Rest,497.3999999999651,0.0,3.7015
40,Rest,497.5,0.0,3.7015
40,Rest,497.5999999999767,0.0,3.7015
40,Rest,497.70000000001164,0.0,3.7015
40,Rest,497.79999999998836,0.0,3.7015
40,Rest,497.8999999999651,0.0,3.7015
40,Rest,498.0,0.0,3.7016
40,Rest,498.0999999999767,0.0,3.7016
40,Rest,498.20000000001164,0.0,3.7015
40,Rest,498.29999999998836,0.0,3.7015
40,Rest,498.3999999999651,0.0,3.7016
40,Rest,498.5,0.0,3.7016
40,Rest,498.5999999999767,0.0,3.7016
40,Rest,498.70000000001164,0.0,3.7015
40,Rest,498.79999999998836,0.0,3.7015
40,Rest,498.8999999999651,0.0,3.7016
40,Rest,499.0,0.0,3.7016
40,Rest,499.0999999999767,0.0,3.7016
40,Rest,499.20000000001164,0.0,3.7015
40,Rest,499.29999999998836,0.0,3.7016
40,Rest,499.3999999999651,0.0,3.7016
40,Rest,499.5,0.0,3.7016
40,Rest,499.5999999999767,0.0,3.7016
40,Rest,499.70000000001164,0.0,3.7015
40,Rest,499.79999999998836,0.0,3.7015
40,Rest,499.8999999999651,0.0,3.7016
40,Rest,500.0,0.0,3.7016
40,Rest,500.0999999999767,0.0,3.7016
40,Rest,500.20000000001164,0.0,3.7016
40,Rest,500.29999999998836,0.0,3.7016
40,Rest,500.3999999999651,0.0,3.7016
40,Rest,500.5,0.0,3.7016
40,Rest,500.5999999999767,0.0,3.7016
40,Rest,500.70000000001164,0.0,3.7016
40,Rest,500.79999999998836,0.0,3.7016
40,Rest,500.8999999999651,0.0,3.7016
40,Rest,501.0,0.0,3.7017
40,Rest,501.0999999999767,0.0,3.7017
40,Rest,501.20000000001164,0.0,3.7017
40,Rest,501.29999999998836,0.0,3.7017
40,Rest,501.3999999999651,0.0,3.7017
40,Rest,501.5,0.0,3.7017
40,Rest,501.5999999999767,0.0,3.7017
40,Rest,501.70000000001164,0.0,3.7017
40,Rest,501.79999999998836,0.0,3.7017
40,Rest,501.8999999999651,0.0,3.7017
40,Rest,502.0,0.0,3.7017
40,Rest,502.0999999999767,0.0,3.7017
40,Rest,502.20000000001164,0.0,3.7017
40,Rest,502.29999999998836,0.0,3.7017
40,Rest,502.3999999999651,0.0,3.7017
40,Rest,502.5,0.0,3.7017
40,Rest,502.5999999999767,0.0,3.7017
40,Rest,502.70000000001164,0.0,3.7017
40,Rest,502.79999999998836,0.0,3.7018
40,Rest,502.8999999999651,0.0,3.7017
40,Rest,503.0,0.0,3.7018
40,Rest,503.0999999999767,0.0,3.7018
40,Rest,503.20000000001164,0.0,3.7018
40,Rest,503.29999999998836,0.0,3.7017
40,Rest,503.3999999999651,0.0,3.7018
40,Rest,503.5,0.0,3.7018
40,Rest,503.5999999999767,0.0,3.7018
40,Rest,503.70000000001164,0.0,3.7018
40,Rest,503.79999999998836,0.0,3.7018
40,Rest,503.8999999999651,0.0,3.7018
40,Rest,504.0,0.0,3.7018
40,Rest,504.0999999999767,0.0,3.7018
40,Rest,504.20000000001164,0.0,3.7018
40,Rest,504.29999999998836,0.0,3.7018
40,Rest,504.3999999999651,0.0,3.7018
40,Rest,504.5,0.0,3.7018
40,Rest,504.5999999999767,0.0,3.7018
40,Rest,504.70000000001164,0.0,3.7018
40,Rest,504.79999999998836,0.0,3.7018
40,Rest,504.8999999999651,0.0,3.7018
40,Rest,505.0,0.0,3.7018
40,Rest,505.0999999999767,0.0,3.7018
40,Rest,505.20000000001164,0.0,3.7018
40,Rest,505.29999999998836,0.0,3.7018
40,Rest,505.3999999999651,0.0,3.7019
40,Rest,505.5,0.0,3.7019
40,Rest,505.5999999999767,0.0,3.7019
40,Rest,505.70000000001164,0.0,3.7019
40,Rest,505.79999999998836,0.0,3.7018
40,Rest,505.8999999999651,0.0,3.7019
40,Rest,506.0,0.0,3.7019
40,Rest,506.0999999999767,0.0,3.7019
40,Rest,506.20000000001164,0.0,3.7019
40,Rest,506.29999999998836,0.0,3.7019
40,Rest,506.3999999999651,0.0,3.7019
40,Rest,506.5,0.0,3.7019
40,Rest,506.5999999999767,0.0,3.7019
40,Rest,506.70000000001164,0.0,3.7019
40,Rest,506.79999999998836,0.0,3.7019
40,Rest,506.8999999999651,0.0,3.7019
40,Rest,507.0,0.0,3.7019
40,Rest,507.0999999999767,0.0,3.7019
40,Rest,507.20000000001164,0.0,3.7019
40,Rest,507.29999999998836,0.0,3.7019
40,Rest,507.3999999999651,0.0,3.7019
40,Rest,507.5,0.0,3.7019
40,Rest,507.5999999999767,0.0,3.7019
40,Rest,507.70000000001164,0.0,3.7019
40,Rest,507.79999999998836,0.0,3.7019
40,Rest,507.8999999999651,0.0,3.7019
40,Rest,508.0,0.0,3.7019
40,Rest,508.0999999999767,0.0,3.7019
40,Rest,508.20000000001164,0.0,3.7019
40,Rest,508.29999999998836,0.0,3.7019
40,Rest,508.3999999999651,0.0,3.7019
40,Rest,508.5,0.0,3.7019
40,Rest,508.5999999999767,0.0,3.7019
40,Rest,508.70000000001164,0.0,3.7019
40,Rest,508.79999999998836,0.0,3.7019
40,Rest,508.8999999999651,0.0,3.7018
40,Rest,509.0,0.0,3.7019
40,Rest,509.0999999999767,0.0,3.7019
40,Rest,509.20000000001164,0.0,3.7019
40,Rest,509.29999999998836,0.0,3.7019
40,Rest,509.3999999999651,0.0,3.7019
40,Rest,509.5,0.0,3.7019
40,Rest,509.5999999999767,0.0,3.7019
40,Rest,509.70000000001164,0.0,3.7019
40,Rest,509.79999999998836,0.0,3.7019
40,Rest,509.8999999999651,0.0,3.7019
40,Rest,510.0,0.0,3.7019
40,Rest,510.0999999999767,0.0,3.7019
40,Rest,510.20000000001164,0.0,3.7019
40,Rest,510.29999999998836,0.0,3.7019
40,Rest,510.3999999999651,0.0,3.7019
40,Rest,510.5,0.0,3.7019
40,Rest,510.5999999999767,0.0,3.7019
40,Rest,510.70000000001164,0.0,3.7019
40,Rest,510.79999999998836,0.0,3.7019
40,Rest,510.8999999999651,0.0,3.7019
40,Rest,511.0,0.0,3.7019
40,Rest,511.0999999999767,0.0,3.7019
40,Rest,511.20000000001164,0.0,3.7019
40,Rest,511.29999999998836,0.0,3.7019
40,Rest,511.3999999999651,0.0,3.7019
40,Rest,511.5,0.0,3.7019
40,Rest,511.5999999999767,0.0,3.7019
40,Rest,511.70000000001164,0.0,3.702
40,Rest,511.79999999998836,0.0,3.702
40,Rest,511.8999999999651,0.0,3.702
40,Rest,512.0,0.0,3.702
40,Rest,512.0999999999767,0.0,3.702
40,Rest,512.2000000000116,0.0,3.702
40,Rest,512.2999999999884,0.0,3.7019
40,Rest,512.3999999999651,0.0,3.702
40,Rest,512.5,0.0,3.702
40,Rest,512.5999999999767,0.0,3.702
40,Rest,512.7000000000116,0.0,3.702
40,Rest,512.7999999999884,0.0,3.702
40,Rest,512.8999999999651,0.0,3.702
40,Rest,513.0,0.0,3.702
40,Rest,513.0999999999767,0.0,3.702
40,Rest,513.2000000000116,0.0,3.702
40,Rest,513.2999999999884,0.0,3.702
40,Rest,513.3999999999651,0.0,3.702
40,Rest,513.5,0.0,3.702
40,Rest,513.5999999999767,0.0,3.702
40,Rest,513.7000000000116,0.0,3.702
40,Rest,513.7999999999884,0.0,3.702
40,Rest,513.8999999999651,0.0,3.702
40,Rest,514.0,0.0,3.702
40,Rest,514.0999999999767,0.0,3.702
40,Rest,514.2000000000116,0.0,3.702
40,Rest,514.2999999999884,0.0,3.702
40,Rest,514.3999999999651,0.0,3.702
40,Rest,514.5,0.0,3.702
40,Rest,514.5999999999767,0.0,3.702
40,Rest,514.7000000000116,0.0,3.702
40,Rest,514.7999999999884,0.0,3.702
40,Rest,514.8999999999651,0.0,3.702
40,Rest,515.0,0.0,3.702
40,Rest,515.0999999999767,0.0,3.702
40,Rest,515.2000000000116,0.0,3.702
40,Rest,515.2999999999884,0.0,3.702
40,Rest,515.3999999999651,0.0,3.702
40,Rest,515.5,0.0,3.702
40,Rest,515.5999999999767,0.0,3.702
40,Rest,515.7000000000116,0.0,3.702
40,Rest,515.7999999999884,0.0,3.7021
40,Rest,515.8999999999651,0.0,3.7021
40,Rest,516.0,0.0,3.7021
40,Rest,516.0999999999767,0.0,3.7021
40,Rest,516.2000000000116,0.0,3.7021
40,Rest,516.2999999999884,0.0,3.7021
40,Rest,516.3999999999651,0.0,3.7021
40,Rest,516.5,0.0,3.7021
40,Rest,516.5999999999767,0.0,3.7021
40,Rest,516.7000000000116,0.0,3.7021
40,Rest,516.7999999999884,0.0,3.7021
40,Rest,516.8999999999651,0.0,3.7021
40,Rest,517.0,0.0,3.7021
40,Rest,517.0999999999767,0.0,3.7021
40,Rest,517.2000000000116,0.0,3.7021
40,Rest,517.2999999999884,0.0,3.7021
40,Rest,517.3999999999651,0.0,3.7021
40,Rest,517.5,0.0,3.7022
40,Rest,517.5999999999767,0.0,3.7021
40,Rest,517.7000000000116,0.0,3.7021
40,Rest,517.7999999999884,0.0,3.7021
40,Rest,517.8999999999651,0.0,3.7021
40,Rest,518.0,0.0,3.7021
40,Rest,518.0999999999767,0.0,3.7021
40,Rest,518.2000000000116,0.0,3.7021
40,Rest,518.2999999999884,0.0,3.7021
40,Rest,518.3999999999651,0.0,3.7021
40,Rest,518.5,0.0,3.7021
40,Rest,518.5999999999767,0.0,3.7021
40,Rest,518.7000000000116,0.0,3.7022
40,Rest,518.7999999999884,0.0,3.7021
40,Rest,518.8999999999651,0.0,3.7021
40,Rest,519.0,0.0,3.7022
40,Rest,519.0999999999767,0.0,3.7022
40,Rest,519.2000000000116,0.0,3.7022
40,Rest,519.2999999999884,0.0,3.7022
40,Rest,519.3999999999651,0.0,3.7022
40,Rest,519.5,0.0,3.7022
40,Rest,519.5999999999767,0.0,3.7022
40,Rest,519.7000000000116,0.0,3.7022
40,Rest,519.7999999999884,0.0,3.7022
40,Rest,519.8999999999651,0.0,3.7022
40,Rest,520.0,0.0,3.7022
40,Rest,520.0999999999767,0.0,3.7022
40,Rest,520.2000000000116,0.0,3.7022
40,Rest,520.2999999999884,0.0,3.7022
40,Rest,520.3999999999651,0.0,3.7022
40,Rest,520.5,0.0,3.7022
40,Rest,520.5999999999767,0.0,3.7022
40,Rest,520.7000000000116,0.0,3.7022
40,Rest,520.7999999999884,0.0,3.7022
40,Rest,520.8999999999651,0.0,3.7022
40,Rest,521.0,0.0,3.7022
40,Rest,521.0999999999767,0.0,3.7022
40,Rest,521.2000000000116,0.0,3.7022
40,Rest,521.2999999999884,0.0,3.7022
40,Rest,521.3999999999651,0.0,3.7022
40,Rest,521.5,0.0,3.7022
40,Rest,521.5999999999767,0.0,3.7022
40,Rest,521.7000000000116,0.0,3.7022
40,Rest,521.7999999999884,0.0,3.7022
40,Rest,521.8999999999651,0.0,3.7022
40,Rest,522.0,0.0,3.7022
40,Rest,522.0999999999767,0.0,3.7022
40,Rest,522.2000000000116,0.0,3.7022
40,Rest,522.2999999999884,0.0,3.7022
40,Rest,522.3999999999651,0.0,3.7022
40,Rest,522.5,0.0,3.7022
40,Rest,522.5999999999767,0.0,3.7022
40,Rest,522.7000000000116,0.0,3.7022
40,Rest,522.7999999999884,0.0,3.7022
40,Rest,522.8999999999651,0.0,3.7022
40,Rest,523.0,0.0,3.7023
40,Rest,523.0999999999767,0.0,3.7023
40,Rest,523.2000000000116,0.0,3.7023
40,Rest,523.2999999999884,0.0,3.7023
40,Rest,523.3999999999651,0.0,3.7023
40,Rest,523.5,0.0,3.7023
40,Rest,523.5999999999767,0.0,3.7023
40,Rest,523.7000000000116,0.0,3.7023
40,Rest,523.7999999999884,0.0,3.7023
40,Rest,523.8999999999651,0.0,3.7023
40,Rest,524.0,0.0,3.7023
40,Rest,524.0999999999767,0.0,3.7023
40,Rest,524.2000000000116,0.0,3.7023
40,Rest,524.2999999999884,0.0,3.7023
40,Rest,524.3999999999651,0.0,3.7023
40,Rest,524.5,0.0,3.7023
40,Rest,524.5999999999767,0.0,3.7023
40,Rest,524.7000000000116,0.0,3.7023
40,Rest,524.7999999999884,0.0,3.7023
40,Rest,524.8999999999651,0.0,3.7024
40,Rest,525.0,0.0,3.7024
40,Rest,525.0999999999767,0.0,3.7024
40,Rest,525.2000000000116,0.0,3.7024
40,Rest,525.2999999999884,0.0,3.7024
40,Rest,525.3999999999651,0.0,3.7024
40,Rest,525.5,0.0,3.7023
40,Rest,525.5999999999767,0.0,3.7023
40,Rest,525.7000000000116,0.0,3.7023
40,Rest,525.7999999999884,0.0,3.7023
40,Rest,525.8999999999651,0.0,3.7023
40,Rest,526.0,0.0,3.7023
40,Rest,526.0999999999767,0.0,3.7023
40,Rest,526.2000000000116,0.0,3.7024
40,Rest,526.2999999999884,0.0,3.7023
40,Rest,526.3999999999651,0.0,3.7023
40,Rest,526.5,0.0,3.7023
40,Rest,526.5999999999767,0.0,3.7023
40,Rest,526.7000000000116,0.0,3.7023
40,Rest,526.7999999999884,0.0,3.7023
40,Rest,526.8999999999651,0.0,3.7023
40,Rest,527.0,0.0,3.7023
40,Rest,527.0999999999767,0.0,3.7023
40,Rest,527.2000000000116,0.0,3.7024
40,Rest,527.2999999999884,0.0,3.7024
40,Rest,527.3999999999651,0.0,3.7024
40,Rest,527.5,0.0,3.7024
40,Rest,527.5999999999767,0.0,3.7024
40,Rest,527.7000000000116,0.0,3.7024
40,Rest,527.7999999999884,0.0,3.7024
40,Rest,527.8999999999651,0.0,3.7024
40,Rest,528.0,0.0,3.7024
40,Rest,528.0999999999767,0.0,3.7024
40,Rest,528.2000000000116,0.0,3.7024
40,Rest,528.2999999999884,0.0,3.7024
40,Rest,528.3999999999651,0.0,3.7024
40,Rest,528.5,0.0,3.7024
40,Rest,528.5999999999767,0.0,3.7024
40,Rest,528.7000000000116,0.0,3.7024
40,Rest,528.7999999999884,0.0,3.7024
40,Rest,528.8999999999651,0.0,3.7024
40,Rest,529.0,0.0,3.7024
40,Rest,529.0999999999767,0.0,3.7024
40,Rest,529.2000000000116,0.0,3.7024
40,Rest,529.2999999999884,0.0,3.7024
40,Rest,529.3999999999651,0.0,3.7024
40,Rest,529.5,0.0,3.7024
40,Rest,529.5999999999767,0.0,3.7024
40,Rest,529.7000000000116,0.0,3.7024
40,Rest,529.7999999999884,0.0,3.7024
40,Rest,529.8999999999651,0.0,3.7024
40,Rest,530.0,0.0,3.7024
40,Rest,530.0999999999767,0.0,3.7024
40,Rest,530.2000000000116,0.0,3.7024
40,Rest,530.2999999999884,0.0,3.7024
40,Rest,530.3999999999651,0.0,3.7024
40,Rest,530.5,0.0,3.7024
40,Rest,530.5999999999767,0.0,3.7025
40,Rest,530.7000000000116,0.0,3.7025
40,Rest,530.7999999999884,0.0,3.7025
40,Rest,530.8999999999651,0.0,3.7025
40,Rest,531.0,0.0,3.7025
40,Rest,531.0999999999767,0.0,3.7025
40,Rest,531.2000000000116,0.0,3.7025
40,Rest,531.2999999999884,0.0,3.7025
40,Rest,531.3999999999651,0.0,3.7025
40,Rest,531.5,0.0,3.7025
40,Rest,531.5999999999767,0.0,3.7025
40,Rest,531.7000000000116,0.0,3.7025
40,Rest,531.7999999999884,0.0,3.7025
40,Rest,531.8999999999651,0.0,3.7025
40,Rest,532.0,0.0,3.7025
40,Rest,532.0999999999767,0.0,3.7025
40,Rest,532.2000000000116,0.0,3.7025
40,Rest,532.2999999999884,0.0,3.7025
40,Rest,532.3999999999651,0.0,3.7025
40,Rest,532.5,0.0,3.7025
40,Rest,532.5999999999767,0.0,3.7025
40,Rest,532.7000000000116,0.0,3.7025
40,Rest,532.7999999999884,0.0,3.7026
40,Rest,532.8999999999651,0.0,3.7026
40,Rest,533.0,0.0,3.7026
40,Rest,533.0999999999767,0.0,3.7026
40,Rest,533.2000000000116,0.0,3.7026
40,Rest,533.2999999999884,0.0,3.7026
40,Rest,533.3999999999651,0.0,3.7026
40,Rest,533.5,0.0,3.7026
40,Rest,533.5999999999767,0.0,3.7026
40,Rest,533.7000000000116,0.0,3.7026
40,Rest,533.7999999999884,0.0,3.7026
40,Rest,533.8999999999651,0.0,3.7026
40,Rest,534.0,0.0,3.7026
40,Rest,534.0999999999767,0.0,3.7026
40,Rest,534.2000000000116,0.0,3.7026
40,Rest,534.2999999999884,0.0,3.7026
40,Rest,534.3999999999651,0.0,3.7026
40,Rest,534.5,0.0,3.7027
40,Rest,534.5999999999767,0.0,3.7027
40,Rest,534.7000000000116,0.0,3.7027
40,Rest,534.7999999999884,0.0,3.7026
40,Rest,534.8999999999651,0.0,3.7026
40,Rest,535.0,0.0,3.7027
40,Rest,535.0999999999767,0.0,3.7027
40,Rest,535.2000000000116,0.0,3.7027
40,Rest,535.2999999999884,0.0,3.7027
40,Rest,535.3999999999651,0.0,3.7027
40,Rest,535.5,0.0,3.7027
40,Rest,535.5999999999767,0.0,3.7027
40,Rest,535.7000000000116,0.0,3.7027
40,Rest,535.7999999999884,0.0,3.7027
40,Rest,535.8999999999651,0.0,3.7026
40,Rest,536.0,0.0,3.7027
40,Rest,536.0999999999767,0.0,3.7027
40,Rest,536.2000000000116,0.0,3.7027
40,Rest,536.2999999999884,0.0,3.7027
40,Rest,536.3999999999651,0.0,3.7027
40,Rest,536.5,0.0,3.7027
40,Rest,536.5999999999767,0.0,3.7027
40,Rest,536.7000000000116,0.0,3.7027
40,Rest,536.7999999999884,0.0,3.7027
40,Rest,536.8999999999651,0.0,3.7027
40,Rest,537.0,0.0,3.7027
40,Rest,537.0999999999767,0.0,3.7027
40,Rest,537.2000000000116,0.0,3.7027
40,Rest,537.2999999999884,0.0,3.7027
40,Rest,537.3999999999651,0.0,3.7027
40,Rest,537.5,0.0,3.7027
40,Rest,537.5999999999767,0.0,3.7027
40,Rest,537.7000000000116,0.0,3.7027
40,Rest,537.7999999999884,0.0,3.7027
40,Rest,537.8999999999651,0.0,3.7027
40,Rest,538.0,0.0,3.7027
40,Rest,538.0999999999767,0.0,3.7027
40,Rest,538.2000000000116,0.0,3.7027
40,Rest,538.2999999999884,0.0,3.7027
40,Rest,538.3999999999651,0.0,3.7027
40,Rest,538.5,0.0,3.7027
40,Rest,538.5999999999767,0.0,3.7027
40,Rest,538.7000000000116,0.0,3.7027
40,Rest,538.7999999999884,0.0,3.7028
40,Rest,538.8999999999651,0.0,3.7027
40,Rest,539.0,0.0,3.7027
40,Rest,539.0999999999767,0.0,3.7027
40,Rest,539.2000000000116,0.0,3.7027
40,Rest,539.2999999999884,0.0,3.7027
40,Rest,539.3999999999651,0.0,3.7027
40,Rest,539.5,0.0,3.7027
40,Rest,539.5999999999767,0.0,3.7027
40,Rest,539.7000000000116,0.0,3.7028
40,Rest,539.7999999999884,0.0,3.7028
40,Rest,539.8999999999651,0.0,3.7028
40,Rest,540.0,0.0,3.7028
40,Rest,540.0999999999767,0.0,3.7027
40,Rest,540.2000000000116,0.0,3.7028
40,Rest,540.2999999999884,0.0,3.7028
40,Rest,540.3999999999651,0.0,3.7028
40,Rest,540.5,0.0,3.7028
40,Rest,540.5999999999767,0.0,3.7028
40,Rest,540.7000000000116,0.0,3.7028
40,Rest,540.7999999999884,0.0,3.7028
40,Rest,540.8999999999651,0.0,3.7028
40,Rest,541.0,0.0,3.7028
40,Rest,541.0999999999767,0.0,3.7028
40,Rest,541.2000000000116,0.0,3.7028
40,Rest,541.2999999999884,0.0,3.7028
40,Rest,541.3999999999651,0.0,3.7028
40,Rest,541.5,0.0,3.7028
40,Rest,541.5999999999767,0.0,3.7028
40,Rest,541.7000000000116,0.0,3.7028
40,Rest,541.7999999999884,0.0,3.7028
40,Rest,541.8999999999651,0.0,3.7028
40,Rest,542.0,0.0,3.7028
40,Rest,542.0999999999767,0.0,3.7028
40,Rest,542.2000000000116,0.0,3.7028
40,Rest,542.2999999999884,0.0,3.7028
40,Rest,542.3999999999651,0.0,3.7028
40,Rest,542.5,0.0,3.7028
40,Rest,542.5999999999767,0.0,3.7028
40,Rest,542.7000000000116,0.0,3.7028
40,Rest,542.7999999999884,0.0,3.7028
40,Rest,542.8999999999651,0.0,3.7028
40,Rest,543.0,0.0,3.7028
40,Rest,543.0999999999767,0.0,3.7028
40,Rest,543.2000000000116,0.0,3.7028
40,Rest,543.2999999999884,0.0,3.7028
40,Rest,543.3999999999651,0.0,3.7028
40,Rest,543.5,0.0,3.7028
40,Rest,543.5999999999767,0.0,3.7028
40,Rest,543.7000000000116,0.0,3.7029
40,Rest,543.7999999999884,0.0,3.7029
40,Rest,543.8999999999651,0.0,3.7028
40,Rest,544.0,0.0,3.7029
40,Rest,544.0999999999767,0.0,3.7029
40,Rest,544.2000000000116,0.0,3.7029
40,Rest,544.2999999999884,0.0,3.7029
40,Rest,544.3999999999651,0.0,3.7029
40,Rest,544.5,0.0,3.7029
40,Rest,544.5999999999767,0.0,3.7029
40,Rest,544.7000000000116,0.0,3.7029
40,Rest,544.7999999999884,0.0,3.7029
40,Rest,544.8999999999651,0.0,3.7029
40,Rest,545.0,0.0,3.7029
40,Rest,545.0999999999767,0.0,3.7029
40,Rest,545.2000000000116,0.0,3.7029
40,Rest,545.2999999999884,0.0,3.7029
40,Rest,545.3999999999651,0.0,3.7029
40,Rest,545.5,0.0,3.7029
40,Rest,545.5999999999767,0.0,3.703
40,Rest,545.7000000000116,0.0,3.7029
40,Rest,545.7999999999884,0.0,3.703
40,Rest,545.8999999999651,0.0,3.703
40,Rest,546.0,0.0,3.703
40,Rest,546.0999999999767,0.0,3.703
40,Rest,546.2000000000116,0.0,3.703
40,Rest,546.2999999999884,0.0,3.703
40,Rest,546.3999999999651,0.0,3.703
40,Rest,546.5,0.0,3.703
40,Rest,546.5999999999767,0.0,3.7029
40,Rest,546.7000000000116,0.0,3.703
40,Rest,546.7999999999884,0.0,3.7029
40,Rest,546.8999999999651,0.0,3.7029
40,Rest,547.0,0.0,3.703
40,Rest,547.0999999999767,0.0,3.703
40,Rest,547.2000000000116,0.0,3.703
40,Rest,547.2999999999884,0.0,3.703
40,Rest,547.3999999999651,0.0,3.703
40,Rest,547.5,0.0,3.703
40,Rest,547.5999999999767,0.0,3.703
40,Rest,547.7000000000116,0.0,3.703
40,Rest,547.7999999999884,0.0,3.703
40,Rest,547.8999999999651,0.0,3.703
40,Rest,548.0,0.0,3.703
40,Rest,548.0999999999767,0.0,3.703
40,Rest,548.2000000000116,0.0,3.703
40,Rest,548.2999999999884,0.0,3.703
40,Rest,548.3999999999651,0.0,3.7029
40,Rest,548.5,0.0,3.7029
40,Rest,548.5999999999767,0.0,3.7029
40,Rest,548.7000000000116,0.0,3.703
40,Rest,548.7999999999884,0.0,3.703
40,Rest,548.8999999999651,0.0,3.703
40,Rest,549.0,0.0,3.703
40,Rest,549.0999999999767,0.0,3.7029
40,Rest,549.2000000000116,0.0,3.7029
40,Rest,549.2999999999884,0.0,3.703
40,Rest,549.3999999999651,0.0,3.703
40,Rest,549.5,0.0,3.703
40,Rest,549.5999999999767,0.0,3.703
40,Rest,549.7000000000116,0.0,3.703
40,Rest,549.7999999999884,0.0,3.703
40,Rest,549.8999999999651,0.0,3.703
40,Rest,550.0,0.0,3.703
40,Rest,550.0999999999767,0.0,3.703
40,Rest,550.2000000000116,0.0,3.703
40,Rest,550.2999999999884,0.0,3.703
40,Rest,550.3999999999651,0.0,3.703
40,Rest,550.5,0.0,3.703
40,Rest,550.5999999999767,0.0,3.703
40,Rest,550.7000000000116,0.0,3.703
40,Rest,550.7999999999884,0.0,3.703
40,Rest,550.8999999999651,0.0,3.703
40,Rest,551.0,0.0,3.703
40,Rest,551.0999999999767,0.0,3.703
40,Rest,551.2000000000116,0.0,3.703
40,Rest,551.2999999999884,0.0,3.7031
40,Rest,551.3999999999651,0.0,3.7031
40,Rest,551.5,0.0,3.7031
40,Rest,551.5999999999767,0.0,3.703
40,Rest,551.7000000000116,0.0,3.7031
40,Rest,551.7999999999884,0.0,3.703
40,Rest,551.8999999999651,0.0,3.703
40,Rest,552.0,0.0,3.703
40,Rest,552.0999999999767,0.0,3.7031
40,Rest,552.2000000000116,0.0,3.7031
40,Rest,552.2999999999884,0.0,3.703
40,Rest,552.3999999999651,0.0,3.703
40,Rest,552.5,0.0,3.703
40,Rest,552.5999999999767,0.0,3.7031
40,Rest,552.7000000000116,0.0,3.7031
40,Rest,552.7999999999884,0.0,3.7031
40,Rest,552.8999999999651,0.0,3.7031
40,Rest,553.0,0.0,3.703
40,Rest,553.0999999999767,0.0,3.7031
40,Rest,553.2000000000116,0.0,3.7031
40,Rest,553.2999999999884,0.0,3.7031
40,Rest,553.3999999999651,0.0,3.7031
40,Rest,553.5,0.0,3.7031
40,Rest,553.5999999999767,0.0,3.7031
40,Rest,553.7000000000116,0.0,3.7031
40,Rest,553.7999999999884,0.0,3.7031
40,Rest,553.8999999999651,0.0,3.7031
40,Rest,554.0,0.0,3.7031
40,Rest,554.0999999999767,0.0,3.7031
40,Rest,554.2000000000116,0.0,3.7031
40,Rest,554.2999999999884,0.0,3.7031
40,Rest,554.3999999999651,0.0,3.7031
40,Rest,554.5,0.0,3.7031
40,Rest,554.5999999999767,0.0,3.7031
40,Rest,554.7000000000116,0.0,3.7031
40,Rest,554.7999999999884,0.0,3.7031
40,Rest,554.8999999999651,0.0,3.7031
40,Rest,555.0,0.0,3.7031
40,Rest,555.0999999999767,0.0,3.7031
40,Rest,555.2000000000116,0.0,3.7031
40,Rest,555.2999999999884,0.0,3.7031
40,Rest,555.3999999999651,0.0,3.7031
40,Rest,555.5,0.0,3.7031
40,Rest,555.5999999999767,0.0,3.7032
40,Rest,555.7000000000116,0.0,3.7032
40,Rest,555.7999999999884,0.0,3.7031
40,Rest,555.8999999999651,0.0,3.7032
40,Rest,556.0,0.0,3.7032
40,Rest,556.0999999999767,0.0,3.7032
40,Rest,556.2000000000116,0.0,3.7032
40,Rest,556.2999999999884,0.0,3.7032
40,Rest,556.3999999999651,0.0,3.7032
40,Rest,556.5,0.0,3.7032
40,Rest,556.5999999999767,0.0,3.7032
40,Rest,556.7000000000116,0.0,3.7032
40,Rest,556.7999999999884,0.0,3.7032
40,Rest,556.8999999999651,0.0,3.7032
40,Rest,557.0,0.0,3.7032
40,Rest,557.0999999999767,0.0,3.7032
40,Rest,557.2000000000116,0.0,3.7032
40,Rest,557.2999999999884,0.0,3.7032
40,Rest,557.3999999999651,0.0,3.7032
40,Rest,557.5,0.0,3.7032
40,Rest,557.5999999999767,0.0,3.7032
40,Rest,557.7000000000116,0.0,3.7032
40,Rest,557.7999999999884,0.0,3.7032
40,Rest,557.8999999999651,0.0,3.7032
40,Rest,558.0,0.0,3.7032
40,Rest,558.0999999999767,0.0,3.7032
40,Rest,558.2000000000116,0.0,3.7032
40,Rest,558.2999999999884,0.0,3.7032
40,Rest,558.3999999999651,0.0,3.7032
40,Rest,558.5,0.0,3.7032
40,Rest,558.5999999999767,0.0,3.7032
40,Rest,558.7000000000116,0.0,3.7032
40,Rest,558.7999999999884,0.0,3.7033
40,Rest,558.8999999999651,0.0,3.7033
40,Rest,559.0,0.0,3.7033
40,Rest,559.0999999999767,0.0,3.7032
40,Rest,559.2000000000116,0.0,3.7032
40,Rest,559.2999999999884,0.0,3.7033
40,Rest,559.3999999999651,0.0,3.7033
40,Rest,559.5,0.0,3.7033
40,Rest,559.5999999999767,0.0,3.7033
40,Rest,559.7000000000116,0.0,3.7033
40,Rest,559.7999999999884,0.0,3.7033
40,Rest,559.8999999999651,0.0,3.7033
40,Rest,560.0,0.0,3.7033
40,Rest,560.0999999999767,0.0,3.7033
40,Rest,560.2000000000116,0.0,3.7033
40,Rest,560.2999999999884,0.0,3.7033
40,Rest,560.3999999999651,0.0,3.7033
40,Rest,560.5,0.0,3.7033
40,Rest,560.5999999999767,0.0,3.7033
40,Rest,560.7000000000116,0.0,3.7033
40,Rest,560.7999999999884,0.0,3.7033
40,Rest,560.8999999999651,0.0,3.7033
40,Rest,561.0,0.0,3.7033
40,Rest,561.0999999999767,0.0,3.7033
40,Rest,561.2000000000116,0.0,3.7033
40,Rest,561.2999999999884,0.0,3.7033
40,Rest,561.3999999999651,0.0,3.7033
40,Rest,561.5,0.0,3.7033
40,Rest,561.5999999999767,0.0,3.7034
40,Rest,561.7000000000116,0.0,3.7033
40,Rest,561.7999999999884,0.0,3.7033
40,Rest,561.8999999999651,0.0,3.7033
40,Rest,562.0,0.0,3.7033
40,Rest,562.0999999999767,0.0,3.7033
40,Rest,562.2000000000116,0.0,3.7034
40,Rest,562.2999999999884,0.0,3.7033
40,Rest,562.3999999999651,0.0,3.7033
40,Rest,562.5,0.0,3.7034
40,Rest,562.5999999999767,0.0,3.7033
40,Rest,562.7000000000116,0.0,3.7033
40,Rest,562.7999999999884,0.0,3.7033
40,Rest,562.8999999999651,0.0,3.7033
40,Rest,563.0,0.0,3.7033
40,Rest,563.0999999999767,0.0,3.7033
40,Rest,563.2000000000116,0.0,3.7034
40,Rest,563.2999999999884,0.0,3.7033
40,Rest,563.3999999999651,0.0,3.7033
40,Rest,563.5,0.0,3.7033
40,Rest,563.5999999999767,0.0,3.7033
40,Rest,563.7000000000116,0.0,3.7033
40,Rest,563.7999999999884,0.0,3.7033
40,Rest,563.8999999999651,0.0,3.7033
40,Rest,564.0,0.0,3.7034
40,Rest,564.0999999999767,0.0,3.7034
40,Rest,564.2000000000116,0.0,3.7034
40,Rest,564.2999999999884,0.0,3.7034
40,Rest,564.3999999999651,0.0,3.7034
40,Rest,564.5,0.0,3.7034
40,Rest,564.5999999999767,0.0,3.7034
40,Rest,564.7000000000116,0.0,3.7034
40,Rest,564.7999999999884,0.0,3.7034
40,Rest,564.8999999999651,0.0,3.7034
40,Rest,565.0,0.0,3.7034
40,Rest,565.0999999999767,0.0,3.7034
40,Rest,565.2000000000116,0.0,3.7034
40,Rest,565.2999999999884,0.0,3.7034
40,Rest,565.3999999999651,0.0,3.7034
40,Rest,565.5,0.0,3.7034
40,Rest,565.5999999999767,0.0,3.7034
40,Rest,565.7000000000116,0.0,3.7034
40,Rest,565.7999999999884,0.0,3.7034
40,Rest,565.8999999999651,0.0,3.7034
40,Rest,566.0,0.0,3.7034
40,Rest,566.0999999999767,0.0,3.7034
40,Rest,566.2000000000116,0.0,3.7035
40,Rest,566.2999999999884,0.0,3.7035
40,Rest,566.3999999999651,0.0,3.7034
40,Rest,566.5,0.0,3.7034
40,Rest,566.5999999999767,0.0,3.7034
40,Rest,566.7000000000116,0.0,3.7034
40,Rest,566.7999999999884,0.0,3.7034
40,Rest,566.8999999999651,0.0,3.7034
40,Rest,567.0,0.0,3.7034
40,Rest,567.0999999999767,0.0,3.7034
40,Rest,567.2000000000116,0.0,3.7035
40,Rest,567.2999999999884,0.0,3.7034
40,Rest,567.3999999999651,0.0,3.7034
40,Rest,567.5,0.0,3.7034
40,Rest,567.5999999999767,0.0,3.7034
40,Rest,567.7000000000116,0.0,3.7034
40,Rest,567.7999999999884,0.0,3.7034
40,Rest,567.8999999999651,0.0,3.7034
40,Rest,568.0,0.0,3.7034
40,Rest,568.0999999999767,0.0,3.7034
40,Rest,568.2000000000116,0.0,3.7034
40,Rest,568.2999999999884,0.0,3.7034
40,Rest,568.3999999999651,0.0,3.7034
40,Rest,568.5,0.0,3.7034
40,Rest,568.5999999999767,0.0,3.7034
40,Rest,568.7000000000116,0.0,3.7034
40,Rest,568.7999999999884,0.0,3.7034
40,Rest,568.8999999999651,0.0,3.7034
40,Rest,569.0,0.0,3.7034
40,Rest,569.0999999999767,0.0,3.7034
40,Rest,569.2000000000116,0.0,3.7034
40,Rest,569.2999999999884,0.0,3.7034
40,Rest,569.3999999999651,0.0,3.7034
40,Rest,569.5,0.0,3.7034
40,Rest,569.5999999999767,0.0,3.7034
40,Rest,569.7000000000116,0.0,3.7034
40,Rest,569.7999999999884,0.0,3.7034
40,Rest,569.8999999999651,0.0,3.7034
40,Rest,570.0,0.0,3.7034
40,Rest,570.0999999999767,0.0,3.7035
40,Rest,570.2000000000116,0.0,3.7034
40,Rest,570.2999999999884,0.0,3.7034
40,Rest,570.3999999999651,0.0,3.7035
40,Rest,570.5,0.0,3.7034
40,Rest,570.5999999999767,0.0,3.7035
40,Rest,570.7000000000116,0.0,3.7034
40,Rest,570.7999999999884,0.0,3.7034
40,Rest,570.8999999999651,0.0,3.7034
40,Rest,571.0,0.0,3.7034
40,Rest,571.0999999999767,0.0,3.7034
40,Rest,571.2000000000116,0.0,3.7034
40,Rest,571.2999999999884,0.0,3.7034
40,Rest,571.3999999999651,0.0,3.7034
40,Rest,571.5,0.0,3.7035
40,Rest,571.5999999999767,0.0,3.7034
40,Rest,571.7000000000116,0.0,3.7035
40,Rest,571.7999999999884,0.0,3.7034
40,Rest,571.8999999999651,0.0,3.7034
40,Rest,572.0,0.0,3.7034
40,Rest,572.0999999999767,0.0,3.7035
40,Rest,572.2000000000116,0.0,3.7035
40,Rest,572.2999999999884,0.0,3.7034
40,Rest,572.3999999999651,0.0,3.7035
40,Rest,572.5,0.0,3.7034
40,Rest,572.5999999999767,0.0,3.7034
40,Rest,572.7000000000116,0.0,3.7034
40,Rest,572.7999999999884,0.0,3.7035
40,Rest,572.8999999999651,0.0,3.7035
40,Rest,573.0,0.0,3.7035
40,Rest,573.0999999999767,0.0,3.7035
40,Rest,573.2000000000116,0.0,3.7035
40,Rest,573.2999999999884,0.0,3.7035
40,Rest,573.3999999999651,0.0,3.7035
40,Rest,573.5,0.0,3.7035
40,Rest,573.5999999999767,0.0,3.7035
40,Rest,573.7000000000116,0.0,3.7035
40,Rest,573.7999999999884,0.0,3.7035
40,Rest,573.8999999999651,0.0,3.7035
40,Rest,574.0,0.0,3.7035
40,Rest,574.0999999999767,0.0,3.7035
40,Rest,574.2000000000116,0.0,3.7035
40,Rest,574.2999999999884,0.0,3.7035
40,Rest,574.3999999999651,0.0,3.7035
40,Rest,574.5,0.0,3.7035
40,Rest,574.5999999999767,0.0,3.7035
40,Rest,574.7000000000116,0.0,3.7035
40,Rest,574.7999999999884,0.0,3.7035
40,Rest,574.8999999999651,0.0,3.7035
40,Rest,575.0,0.0,3.7035
40,Rest,575.0999999999767,0.0,3.7035
40,Rest,575.2000000000116,0.0,3.7035
40,Rest,575.2999999999884,0.0,3.7035
40,Rest,575.3999999999651,0.0,3.7035
40,Rest,575.5,0.0,3.7035
40,Rest,575.5999999999767,0.0,3.7035
40,Rest,575.7000000000116,0.0,3.7035
40,Rest,575.7999999999884,0.0,3.7035
40,Rest,575.8999999999651,0.0,3.7035
40,Rest,576.0,0.0,3.7035
40,Rest,576.0999999999767,0.0,3.7035
40,Rest,576.2000000000116,0.0,3.7035
40,Rest,576.2999999999884,0.0,3.7035
40,Rest,576.3999999999651,0.0,3.7035
40,Rest,576.5,0.0,3.7035
40,Rest,576.5999999999767,0.0,3.7035
40,Rest,576.7000000000116,0.0,3.7035
40,Rest,576.7999999999884,0.0,3.7035
40,Rest,576.8999999999651,0.0,3.7035
40,Rest,577.0,0.0,3.7035
40,Rest,577.0999999999767,0.0,3.7035
40,Rest,577.2000000000116,0.0,3.7036
40,Rest,577.2999999999884,0.0,3.7035
40,Rest,577.3999999999651,0.0,3.7035
40,Rest,577.5,0.0,3.7036
40,Rest,577.5999999999767,0.0,3.7036
40,Rest,577.7000000000116,0.0,3.7036
40,Rest,577.7999999999884,0.0,3.7036
40,Rest,577.8999999999651,0.0,3.7036
40,Rest,578.0,0.0,3.7036
40,Rest,578.0999999999767,0.0,3.7035
40,Rest,578.2000000000116,0.0,3.7036
40,Rest,578.2999999999884,0.0,3.7036
40,Rest,578.3999999999651,0.0,3.7036
40,Rest,578.5,0.0,3.7036
40,Rest,578.5999999999767,0.0,3.7036
40,Rest,578.7000000000116,0.0,3.7036
40,Rest,578.7999999999884,0.0,3.7036
40,Rest,578.8999999999651,0.0,3.7036
40,Rest,579.0,0.0,3.7036
40,Rest,579.0999999999767,0.0,3.7036
40,Rest,579.2000000000116,0.0,3.7036
40,Rest,579.2999999999884,0.0,3.7036
40,Rest,579.3999999999651,0.0,3.7036
40,Rest,579.5,0.0,3.7035
40,Rest,579.5999999999767,0.0,3.7036
40,Rest,579.7000000000116,0.0,3.7036
40,Rest,579.7999999999884,0.0,3.7036
40,Rest,579.8999999999651,0.0,3.7036
40,Rest,580.0,0.0,3.7036
40,Rest,580.0999999999767,0.0,3.7036
40,Rest,580.2000000000116,0.0,3.7036
40,Rest,580.2999999999884,0.0,3.7036
40,Rest,580.3999999999651,0.0,3.7036
40,Rest,580.5,0.0,3.7035
40,Rest,580.5999999999767,0.0,3.7036
40,Rest,580.7000000000116,0.0,3.7036
40,Rest,580.7999999999884,0.0,3.7036
40,Rest,580.8999999999651,0.0,3.7036
40,Rest,581.0,0.0,3.7036
40,Rest,581.0999999999767,0.0,3.7036
40,Rest,581.2000000000116,0.0,3.7036
40,Rest,581.2999999999884,0.0,3.7036
40,Rest,581.3999999999651,0.0,3.7036
40,Rest,581.5,0.0,3.7036
40,Rest,581.5999999999767,0.0,3.7036
40,Rest,581.7000000000116,0.0,3.7036
40,Rest,581.7999999999884,0.0,3.7036
40,Rest,581.8999999999651,0.0,3.7036
40,Rest,582.0,0.0,3.7036
40,Rest,582.0999999999767,0.0,3.7036
40,Rest,582.2000000000116,0.0,3.7036
40,Rest,582.2999999999884,0.0,3.7036
