Step,Step Type,"t,s","I,A","U,V"
45,CC DChg,0.0,-1.698,3.6122
45,CC DChg,1.2222222221898846,-1.698,3.6122
45,CC DChg,2.4444444443797693,-1.6983,3.6116
45,CC DChg,3.6666666666278616,-1.6987,3.6111
45,CC DChg,4.888888888817746,-1.699,3.6104
45,CC DChg,6.111111111124046,-1.6991,3.6098
45,CC DChg,7.333333333255723,-1.6992,3.6093
45,CC DChg,7.535353535262402,-1.6993,3.6089
45,CC DChg,7.737373737327289,-1.6993,3.6085
45,CC DChg,7.939393939333968,-1.6994,3.6082
45,CC DChg,8.14141414128244,-1.6994,3.6079
45,CC DChg,8.343434343347326,-1.6994,3.6076
45,CC DChg,8.545454545412213,-1.6995,3.6073
45,CC DChg,8.747474747418892,-1.6995,3.6071
45,CC DChg,8.94949494942557,-1.6995,3.6068
45,CC DChg,9.15151515143225,-1.6995,3.6066
45,CC DChg,9.353535353497136,-1.6995,3.6063
45,CC DChg,9.462809917284176,-1.6995,3.6061
45,CC DChg,9.572084481129423,-1.6995,3.606
45,CC DChg,9.681359045032877,-1.6995,3.6057
45,CC DChg,9.79063360876171,-1.6996,3.6055
45,CC DChg,9.899908172606956,-1.6996,3.6053
45,CC DChg,10.009182736393996,-1.6996,3.6051
45,CC DChg,10.11845730029745,-1.6996,3.6049
45,CC DChg,10.227731864026282,-1.6996,3.6048
45,CC DChg,10.337006427929737,-1.6996,3.6046
45,CC DChg,10.446280991658568,-1.6996,3.6044
45,CC DChg,10.547124133910984,-1.6996,3.6042
45,CC DChg,10.647967275988776,-1.6996,3.6041
45,CC DChg,10.748810418182984,-1.6996,3.6039
45,CC DChg,10.849653560318984,-1.6996,3.6037
45,CC DChg,10.950496702513192,-1.6996,3.6036
45,CC DChg,11.0513398447074,-1.6996,3.6034
45,CC DChg,11.1521829868434,-1.6996,3.6032
45,CC DChg,11.2530261289794,-1.6996,3.6031
45,CC DChg,11.353869271173608,-1.6996,3.6029
45,CC DChg,11.454712413309608,-1.6997,3.6028
45,CC DChg,11.554789062589407,-1.6997,3.6026
45,CC DChg,11.654865711927414,-1.6997,3.6024
45,CC DChg,11.754942361207213,-1.6997,3.6023
45,CC DChg,11.855019010487013,-1.6997,3.6021
45,CC DChg,11.955095659766812,-1.6997,3.602
45,CC DChg,12.055172309104819,-1.6997,3.6019
45,CC DChg,12.15524895832641,-1.6997,3.6017
45,CC DChg,12.25532560760621,-1.6997,3.6016
45,CC DChg,12.355402256944217,-1.6997,3.6015
45,CC DChg,12.455478906224016,-1.6997,3.6013
45,CC DChg,12.555485874356236,-1.6997,3.6012
45,CC DChg,12.655492842430249,-1.6997,3.601
45,CC DChg,12.755499810620677,-1.6997,3.6009
45,CC DChg,12.85550677869469,-1.6997,3.6007
45,CC DChg,12.95551374682691,-1.6997,3.6006
45,CC DChg,13.055520714900922,-1.6997,3.6005
45,CC DChg,13.155527683033142,-1.6997,3.6004
45,CC DChg,13.255534651165362,-1.6997,3.6003
45,CC DChg,13.355541619297583,-1.6997,3.6001
45,CC DChg,13.455548587429803,-1.6997,3.6
45,CC DChg,13.555549220822286,-1.6997,3.5999
45,CC DChg,13.655549854331184,-1.6997,3.5997
45,CC DChg,13.755550487781875,-1.6997,3.5996
45,CC DChg,13.855551121232565,-1.6997,3.5995
45,CC DChg,13.955551754683256,-1.6997,3.5994
45,CC DChg,14.055552388192154,-1.6997,3.5993
45,CC DChg,14.155553021584637,-1.6997,3.5991
45,CC DChg,14.255553655093536,-1.6997,3.599
45,CC DChg,14.355554288486019,-1.6997,3.5989
45,CC DChg,14.455554922053125,-1.6997,3.5988
45,CC DChg,14.555554979655426,-1.6997,3.5986
45,CC DChg,14.65555503719952,-1.6997,3.5985
45,CC DChg,14.75555509480182,-1.6997,3.5984
45,CC DChg,14.855555152404122,-1.6997,3.5983
45,CC DChg,14.955555210006423,-1.6997,3.5982
45,CC DChg,15.055555267608725,-1.6997,3.5981
45,CC DChg,15.155555325211026,-1.6997,3.598
45,CC DChg,15.25555538275512,-1.6997,3.5979
45,CC DChg,15.35555544035742,-1.6997,3.5977
45,CC DChg,15.455555497901514,-1.6997,3.5976
45,CC DChg,15.55555550311692,-1.6997,3.5975
45,CC DChg,15.655555508390535,-1.6997,3.5974
45,CC DChg,15.755555513605941,-1.6997,3.5973
45,CC DChg,15.855555518821348,-1.6997,3.5972
45,CC DChg,15.955555524094962,-1.6997,3.5971
45,CC DChg,16.055555529310368,-1.6997,3.597
45,CC DChg,16.155555534583982,-1.6997,3.5969
45,CC DChg,16.25555553979939,-1.6997,3.5968
45,CC DChg,16.355555545014795,-1.6997,3.5966
45,CC DChg,16.45555555028841,-1.6997,3.5965
45,CC DChg,16.555555550788995,-1.6997,3.5964
45,CC DChg,16.655555551231373,-1.6997,3.5963
45,CC DChg,16.75555555173196,-1.6997,3.5962
45,CC DChg,16.855555552232545,-1.6997,3.5961
45,CC DChg,16.955555552674923,-1.6997,3.596
45,CC DChg,17.0555555531173,-1.6997,3.5959
45,CC DChg,17.155555553617887,-1.6997,3.5958
45,CC DChg,17.255555554060265,-1.6997,3.5957
45,CC DChg,17.35555555461906,-1.6997,3.5956
45,CC DChg,17.45555555500323,-1.6997,3.5955
45,CC DChg,17.555555555038154,-1.6997,3.5953
45,CC DChg,17.655555555131286,-1.6997,3.5953
45,CC DChg,17.75555555516621,-1.6997,3.5952
45,CC DChg,17.855555555201136,-1.6997,3.595
45,CC DChg,17.955555555177853,-1.6997,3.5949
45,CC DChg,18.055555555270985,-1.6997,3.5948
45,CC DChg,18.15555555530591,-1.6997,3.5947
45,CC DChg,18.255555555340834,-1.6997,3.5946
45,CC DChg,18.355555555433966,-1.6997,3.5945
45,CC DChg,18.4555555555271,-1.6997,3.5945
45,CC DChg,18.555555555503815,-1.6997,3.5944
45,CC DChg,18.655555555480532,-1.6997,3.5943
45,CC DChg,18.755555555515457,-1.6997,3.5942
45,CC DChg,18.855555555492174,-1.6997,3.5941
45,CC DChg,18.9555555555271,-1.6997,3.594
45,CC DChg,19.055555555503815,-1.6997,3.5939
45,CC DChg,19.155555555480532,-1.6997,3.5938
45,CC DChg,19.255555555515457,-1.6997,3.5937
45,CC DChg,19.355555555492174,-1.6997,3.5936
45,CC DChg,19.4555555555271,-1.6997,3.5935
45,CC DChg,19.555555555503815,-1.6997,3.5934
45,CC DChg,19.655555555480532,-1.6997,3.5933
45,CC DChg,19.755555555515457,-1.6997,3.5932
45,CC DChg,19.855555555492174,-1.6997,3.5931
45,CC DChg,19.9555555555271,-1.6997,3.593
45,CC DChg,20.055555555503815,-1.6997,3.5929
45,CC DChg,20.155555555480532,-1.6997,3.5928
45,CC DChg,20.255555555515457,-1.6997,3.5927
45,CC DChg,20.355555555492174,-1.6997,3.5926
45,CC DChg,20.4555555555271,-1.6997,3.5925
45,CC DChg,20.555555555503815,-1.6997,3.5924
45,CC DChg,20.655555555480532,-1.6997,3.5924
45,CC DChg,20.755555555515457,-1.6997,3.5923
45,CC DChg,20.855555555492174,-1.6997,3.5922
45,CC DChg,20.9555555555271,-1.6997,3.5921
45,CC DChg,21.055555555503815,-1.6997,3.592
45,CC DChg,21.155555555480532,-1.6997,3.5919
45,CC DChg,21.255555555515457,-1.6997,3.5918
45,CC DChg,21.355555555492174,-1.6997,3.5917
45,CC DChg,21.4555555555271,-1.6997,3.5917
45,CC DChg,21.555555555503815,-1.6997,3.5916
45,CC DChg,21.655555555480532,-1.6997,3.5915
45,CC DChg,21.755555555515457,-1.6997,3.5914
45,CC DChg,21.855555555492174,-1.6997,3.5913
45,CC DChg,21.9555555555271,-1.6997,3.5912
45,CC DChg,22.055555555503815,-1.6997,3.5911
45,CC DChg,22.155555555480532,-1.6997,3.591
45,CC DChg,22.255555555515457,-1.6997,3.5909
45,CC DChg,22.355555555492174,-1.6997,3.5908
45,CC DChg,22.4555555555271,-1.6997,3.5907
45,CC DChg,22.555555555503815,-1.6997,3.5906
45,CC DChg,22.655555555480532,-1.6997,3.5906
45,CC DChg,22.755555555515457,-1.6997,3.5905
45,CC DChg,22.855555555492174,-1.6997,3.5904
45,CC DChg,22.9555555555271,-1.6997,3.5903
45,CC DChg,23.055555555503815,-1.6997,3.5902
45,CC DChg,23.155555555480532,-1.6997,3.5901
45,CC DChg,23.255555555515457,-1.6997,3.5901
45,CC DChg,23.355555555492174,-1.6997,3.59
45,CC DChg,23.4555555555271,-1.6997,3.5899
45,CC DChg,23.555555555503815,-1.6997,3.5898
45,CC DChg,23.655555555480532,-1.6997,3.5897
45,CC DChg,23.755555555515457,-1.6997,3.5896
45,CC DChg,23.855555555492174,-1.6997,3.5896
45,CC DChg,23.9555555555271,-1.6997,3.5895
45,CC DChg,24.055555555503815,-1.6997,3.5894
45,CC DChg,24.155555555480532,-1.6997,3.5893
45,CC DChg,24.255555555515457,-1.6997,3.5892
45,CC DChg,24.355555555492174,-1.6997,3.5891
45,CC DChg,24.4555555555271,-1.6997,3.589
45,CC DChg,24.555555555503815,-1.6998,3.5889
45,CC DChg,24.655555555480532,-1.6998,3.5889
45,CC DChg,24.755555555515457,-1.6998,3.5887
45,CC DChg,24.855555555492174,-1.6998,3.5887
45,CC DChg,24.9555555555271,-1.6998,3.5886
45,CC DChg,25.055555555503815,-1.6998,3.5885
45,CC DChg,25.155555555480532,-1.6998,3.5885
45,CC DChg,25.255555555515457,-1.6998,3.5884
45,CC DChg,25.355555555492174,-1.6998,3.5883
45,CC DChg,25.4555555555271,-1.6998,3.5882
45,CC DChg,25.555555555503815,-1.6998,3.5881
45,CC DChg,25.655555555480532,-1.6998,3.5881
45,CC DChg,25.755555555515457,-1.6998,3.588
45,CC DChg,25.855555555492174,-1.6998,3.5879
45,CC DChg,25.9555555555271,-1.6998,3.5878
45,CC DChg,26.055555555503815,-1.6998,3.5877
45,CC DChg,26.155555555480532,-1.6998,3.5876
45,CC DChg,26.255555555515457,-1.6998,3.5876
45,CC DChg,26.355555555492174,-1.6998,3.5875
45,CC DChg,26.4555555555271,-1.6998,3.5874
45,CC DChg,26.555555555503815,-1.6998,3.5873
45,CC DChg,26.655555555480532,-1.6998,3.5873
45,CC DChg,26.755555555515457,-1.6998,3.5872
45,CC DChg,26.855555555492174,-1.6998,3.5871
45,CC DChg,26.9555555555271,-1.6998,3.587
45,CC DChg,27.055555555503815,-1.6998,3.587
45,CC DChg,27.155555555480532,-1.6998,3.5869
45,CC DChg,27.255555555515457,-1.6998,3.5868
45,CC DChg,27.355555555492174,-1.6998,3.5867
45,CC DChg,27.4555555555271,-1.6998,3.5866
45,CC DChg,27.555555555503815,-1.6998,3.5865
45,CC DChg,27.655555555480532,-1.6998,3.5864
45,CC DChg,27.755555555515457,-1.6998,3.5864
45,CC DChg,27.855555555492174,-1.6998,3.5863
45,CC DChg,27.9555555555271,-1.6998,3.5862
45,CC DChg,28.055555555503815,-1.6998,3.5861
45,CC DChg,28.155555555480532,-1.6998,3.5861
45,CC DChg,28.255555555515457,-1.6998,3.586
45,CC DChg,28.355555555492174,-1.6998,3.5859
45,CC DChg,28.4555555555271,-1.6998,3.5859
45,CC DChg,28.555555555503815,-1.6998,3.5858
45,CC DChg,28.655555555480532,-1.6998,3.5857
45,CC DChg,28.755555555515457,-1.6998,3.5856
45,CC DChg,28.855555555492174,-1.6998,3.5855
45,CC DChg,28.9555555555271,-1.6998,3.5854
45,CC DChg,29.055555555503815,-1.6998,3.5854
45,CC DChg,29.155555555480532,-1.6998,3.5853
45,CC DChg,29.255555555515457,-1.6998,3.5852
45,CC DChg,29.355555555492174,-1.6998,3.5851
45,CC DChg,29.4555555555271,-1.6998,3.585
45,CC DChg,29.555555555503815,-1.6998,3.585
45,CC DChg,29.655555555480532,-1.6998,3.5849
45,CC DChg,29.755555555515457,-1.6998,3.5848
45,CC DChg,29.855555555492174,-1.6998,3.5848
45,CC DChg,29.9555555555271,-1.6998,3.5847
45,CC DChg,30.055555555503815,-1.6998,3.5846
45,CC DChg,30.155555555480532,-1.6998,3.5845
45,CC DChg,30.255555555515457,-1.6998,3.5845
45,CC DChg,30.355555555492174,-1.6998,3.5844
45,CC DChg,30.4555555555271,-1.6998,3.5843
45,CC DChg,30.555555555503815,-1.6998,3.5842
45,CC DChg,30.655555555480532,-1.6998,3.5842
45,CC DChg,30.755555555515457,-1.6998,3.5841
45,CC DChg,30.855555555492174,-1.6998,3.584
45,CC DChg,30.9555555555271,-1.6998,3.5839
45,CC DChg,31.055555555503815,-1.6998,3.5839
45,CC DChg,31.155555555480532,-1.6998,3.5838
45,CC DChg,31.255555555515457,-1.6998,3.5837
45,CC DChg,31.355555555492174,-1.6998,3.5836
45,CC DChg,31.4555555555271,-1.6998,3.5836
45,CC DChg,31.555555555503815,-1.6998,3.5835
45,CC DChg,31.655555555480532,-1.6998,3.5834
45,CC DChg,31.755555555515457,-1.6998,3.5833
45,CC DChg,31.855555555492174,-1.6998,3.5833
45,CC DChg,31.9555555555271,-1.6998,3.5832
45,CC DChg,32.055555555503815,-1.6998,3.5831
45,CC DChg,32.15555555548053,-1.6998,3.5831
45,CC DChg,32.25555555551546,-1.6998,3.583
45,CC DChg,32.355555555492174,-1.6998,3.5829
45,CC DChg,32.4555555555271,-1.6998,3.5828
45,CC DChg,32.555555555503815,-1.6998,3.5828
45,CC DChg,32.65555555548053,-1.6998,3.5827
45,CC DChg,32.75555555551546,-1.6998,3.5826
45,CC DChg,32.855555555492174,-1.6998,3.5826
45,CC DChg,32.9555555555271,-1.6998,3.5825
45,CC DChg,33.055555555503815,-1.6998,3.5824
45,CC DChg,33.15555555548053,-1.6998,3.5824
45,CC DChg,33.25555555551546,-1.6998,3.5823
45,CC DChg,33.355555555492174,-1.6998,3.5822
45,CC DChg,33.4555555555271,-1.6998,3.5821
45,CC DChg,33.555555555503815,-1.6998,3.5821
45,CC DChg,33.65555555548053,-1.6998,3.582
45,CC DChg,33.75555555551546,-1.6998,3.5819
45,CC DChg,33.855555555492174,-1.6998,3.5819
45,CC DChg,33.9555555555271,-1.6998,3.5818
45,CC DChg,34.055555555503815,-1.6998,3.5817
45,CC DChg,34.15555555548053,-1.6998,3.5816
45,CC DChg,34.25555555551546,-1.6998,3.5816
45,CC DChg,34.355555555492174,-1.6998,3.5815
45,CC DChg,34.4555555555271,-1.6998,3.5815
45,CC DChg,34.555555555503815,-1.6998,3.5814
45,CC DChg,34.65555555548053,-1.6998,3.5813
45,CC DChg,34.75555555551546,-1.6998,3.5812
45,CC DChg,34.855555555492174,-1.6998,3.5812
45,CC DChg,34.9555555555271,-1.6998,3.5812
45,CC DChg,35.055555555503815,-1.6998,3.5811
45,CC DChg,35.15555555548053,-1.6998,3.581
45,CC DChg,35.25555555551546,-1.6998,3.5809
45,CC DChg,35.355555555492174,-1.6998,3.5809
45,CC DChg,35.4555555555271,-1.6998,3.5808
45,CC DChg,35.555555555503815,-1.6998,3.5807
45,CC DChg,35.65555555548053,-1.6998,3.5807
45,CC DChg,35.75555555551546,-1.6998,3.5806
45,CC DChg,35.855555555492174,-1.6998,3.5805
45,CC DChg,35.9555555555271,-1.6998,3.5804
45,CC DChg,36.055555555503815,-1.6998,3.5804
45,CC DChg,36.15555555548053,-1.6998,3.5803
45,CC DChg,36.25555555551546,-1.6998,3.5803
45,CC DChg,36.355555555492174,-1.6998,3.5802
45,CC DChg,36.4555555555271,-1.6998,3.5801
45,CC DChg,36.555555555503815,-1.6998,3.58
45,CC DChg,36.65555555548053,-1.6998,3.58
45,CC DChg,36.75555555551546,-1.6998,3.5799
45,CC DChg,36.855555555492174,-1.6998,3.5798
45,CC DChg,36.9555555555271,-1.6998,3.5798
45,CC DChg,37.055555555503815,-1.6998,3.5797
45,CC DChg,37.15555555548053,-1.6998,3.5796
45,CC DChg,37.25555555551546,-1.6998,3.5796
45,CC DChg,37.355555555492174,-1.6998,3.5795
45,CC DChg,37.4555555555271,-1.6998,3.5794
45,CC DChg,37.555555555503815,-1.6998,3.5794
45,CC DChg,37.65555555548053,-1.6998,3.5793
45,CC DChg,37.75555555551546,-1.6998,3.5792
45,CC DChg,37.855555555492174,-1.6998,3.5792
45,CC DChg,37.9555555555271,-1.6998,3.5791
45,CC DChg,38.055555555503815,-1.6998,3.5791
45,CC DChg,38.15555555548053,-1.6998,3.579
45,CC DChg,38.25555555551546,-1.6998,3.5789
45,CC DChg,38.355555555492174,-1.6998,3.5788
45,CC DChg,38.4555555555271,-1.6998,3.5788
45,CC DChg,38.555555555503815,-1.6998,3.5787
45,CC DChg,38.65555555548053,-1.6998,3.5787
45,CC DChg,38.75555555551546,-1.6998,3.5786
45,CC DChg,38.855555555492174,-1.6998,3.5786
45,CC DChg,38.9555555555271,-1.6998,3.5785
45,CC DChg,39.055555555503815,-1.6998,3.5784
45,CC DChg,39.15555555548053,-1.6998,3.5783
45,CC DChg,39.25555555551546,-1.6998,3.5783
45,CC DChg,39.355555555492174,-1.6998,3.5783
45,CC DChg,39.4555555555271,-1.6998,3.5782
45,CC DChg,39.555555555503815,-1.6998,3.5781
45,CC DChg,39.65555555548053,-1.6998,3.5781
45,CC DChg,39.75555555551546,-1.6998,3.578
45,CC DChg,39.855555555492174,-1.6998,3.5779
45,CC DChg,39.9555555555271,-1.6998,3.5778
45,CC DChg,40.055555555503815,-1.6998,3.5778
45,CC DChg,40.15555555548053,-1.6998,3.5777
45,CC DChg,40.25555555551546,-1.6998,3.5777
45,CC DChg,40.355555555492174,-1.6998,3.5776
45,CC DChg,40.4555555555271,-1.6998,3.5775
45,CC DChg,40.555555555503815,-1.6998,3.5774
45,CC DChg,40.65555555548053,-1.6998,3.5774
45,CC DChg,40.75555555551546,-1.6998,3.5774
45,CC DChg,40.855555555492174,-1.6998,3.5773
45,CC DChg,40.9555555555271,-1.6998,3.5772
45,CC DChg,41.055555555503815,-1.6998,3.5772
45,CC DChg,41.15555555548053,-1.6998,3.5771
45,CC DChg,41.25555555551546,-1.6998,3.5771
45,CC DChg,41.355555555492174,-1.6998,3.577
45,CC DChg,41.4555555555271,-1.6998,3.5769
45,CC DChg,41.555555555503815,-1.6998,3.5769
45,CC DChg,41.65555555548053,-1.6998,3.5768
45,CC DChg,41.75555555551546,-1.6998,3.5767
45,CC DChg,41.855555555492174,-1.6998,3.5767
45,CC DChg,41.9555555555271,-1.6998,3.5766
45,CC DChg,42.055555555503815,-1.6998,3.5765
45,CC DChg,42.15555555548053,-1.6998,3.5765
45,CC DChg,42.25555555551546,-1.6998,3.5764
45,CC DChg,42.355555555492174,-1.6998,3.5764
45,CC DChg,42.4555555555271,-1.6998,3.5763
45,CC DChg,42.555555555503815,-1.6998,3.5763
45,CC DChg,42.65555555548053,-1.6998,3.5762
45,CC DChg,42.75555555551546,-1.6998,3.5761
45,CC DChg,42.855555555492174,-1.6998,3.5761
45,CC DChg,42.9555555555271,-1.6998,3.5761
45,CC DChg,43.055555555503815,-1.6998,3.576
45,CC DChg,43.15555555548053,-1.6998,3.5759
45,CC DChg,43.25555555551546,-1.6998,3.5758
45,CC DChg,43.355555555492174,-1.6998,3.5758
45,CC DChg,43.4555555555271,-1.6998,3.5758
45,CC DChg,43.555555555503815,-1.6998,3.5757
45,CC DChg,43.65555555548053,-1.6998,3.5756
45,CC DChg,43.75555555551546,-1.6998,3.5756
45,CC DChg,43.855555555492174,-1.6998,3.5755
45,CC DChg,43.9555555555271,-1.6998,3.5755
45,CC DChg,44.055555555503815,-1.6998,3.5755
45,CC DChg,44.15555555548053,-1.6998,3.5754
45,CC DChg,44.25555555551546,-1.6998,3.5753
45,CC DChg,44.355555555492174,-1.6998,3.5753
45,CC DChg,44.4555555555271,-1.6998,3.5752
45,CC DChg,44.555555555503815,-1.6998,3.5751
45,CC DChg,44.65555555548053,-1.6998,3.5751
45,CC DChg,44.75555555551546,-1.6998,3.575
45,CC DChg,44.855555555492174,-1.6998,3.575
45,CC DChg,44.9555555555271,-1.6998,3.5749
45,CC DChg,45.055555555503815,-1.6998,3.5749
45,CC DChg,45.15555555548053,-1.6998,3.5748
45,CC DChg,45.25555555551546,-1.6998,3.5747
45,CC DChg,45.355555555492174,-1.6998,3.5747
45,CC DChg,45.4555555555271,-1.6998,3.5746
45,CC DChg,45.555555555503815,-1.6998,3.5746
45,CC DChg,45.65555555548053,-1.6998,3.5745
45,CC DChg,45.75555555551546,-1.6998,3.5744
45,CC DChg,45.855555555492174,-1.6998,3.5744
45,CC DChg,45.9555555555271,-1.6998,3.5743
45,CC DChg,46.055555555503815,-1.6998,3.5743
45,CC DChg,46.15555555548053,-1.6998,3.5742
45,CC DChg,46.25555555551546,-1.6998,3.5742
45,CC DChg,46.355555555492174,-1.6998,3.5741
45,CC DChg,46.4555555555271,-1.6998,3.574
45,CC DChg,46.555555555503815,-1.6998,3.574
45,CC DChg,46.65555555548053,-1.6998,3.574
45,CC DChg,46.75555555551546,-1.6998,3.5739
45,CC DChg,46.855555555492174,-1.6998,3.5738
45,CC DChg,46.9555555555271,-1.6998,3.5737
45,CC DChg,47.055555555503815,-1.6998,3.5737
45,CC DChg,47.15555555548053,-1.6998,3.5737
45,CC DChg,47.25555555551546,-1.6998,3.5736
45,CC DChg,47.355555555492174,-1.6998,3.5735
45,CC DChg,47.4555555555271,-1.6998,3.5735
45,CC DChg,47.555555555503815,-1.6998,3.5735
45,CC DChg,47.65555555548053,-1.6998,3.5734
45,CC DChg,47.75555555551546,-1.6998,3.5733
45,CC DChg,47.855555555492174,-1.6998,3.5732
45,CC DChg,47.9555555555271,-1.6998,3.5732
45,CC DChg,48.055555555503815,-1.6998,3.5731
45,CC DChg,48.15555555548053,-1.6998,3.5731
45,CC DChg,48.25555555551546,-1.6998,3.573
45,CC DChg,48.355555555492174,-1.6998,3.573
45,CC DChg,48.4555555555271,-1.6999,3.5729
45,CC DChg,48.555555555503815,-1.6999,3.5729
45,CC DChg,48.65555555548053,-1.6999,3.5728
45,CC DChg,48.75555555551546,-1.6999,3.5727
45,CC DChg,48.855555555492174,-1.6998,3.5727
45,CC DChg,48.9555555555271,-1.6998,3.5727
45,CC DChg,49.055555555503815,-1.6998,3.5726
45,CC DChg,49.15555555548053,-1.6998,3.5725
45,CC DChg,49.25555555551546,-1.6998,3.5725
45,CC DChg,49.355555555492174,-1.6998,3.5724
45,CC DChg,49.4555555555271,-1.6998,3.5724
45,CC DChg,49.555555555503815,-1.6998,3.5723
45,CC DChg,49.65555555548053,-1.6999,3.5722
45,CC DChg,49.75555555551546,-1.6999,3.5722
45,CC DChg,49.855555555492174,-1.6999,3.5721
45,CC DChg,49.9555555555271,-1.6999,3.5721
45,CC DChg,50.055555555503815,-1.6999,3.572
45,CC DChg,50.15555555548053,-1.6999,3.572
45,CC DChg,50.25555555551546,-1.6999,3.5719
45,CC DChg,50.355555555492174,-1.6999,3.5719
45,CC DChg,50.4555555555271,-1.6999,3.5718
45,CC DChg,50.555555555503815,-1.6999,3.5718
45,CC DChg,50.65555555548053,-1.6999,3.5717
45,CC DChg,50.75555555551546,-1.6999,3.5717
45,CC DChg,50.855555555492174,-1.6999,3.5716
45,CC DChg,50.9555555555271,-1.6999,3.5715
45,CC DChg,51.055555555503815,-1.6999,3.5715
45,CC DChg,51.15555555548053,-1.6999,3.5715
45,CC DChg,51.25555555551546,-1.6999,3.5714
45,CC DChg,51.355555555492174,-1.6999,3.5713
45,CC DChg,51.4555555555271,-1.6999,3.5712
45,CC DChg,51.555555555503815,-1.6999,3.5712
45,CC DChg,51.65555555548053,-1.6999,3.5711
45,CC DChg,51.75555555551546,-1.6999,3.5711
45,CC DChg,51.855555555492174,-1.6999,3.5711
45,CC DChg,51.9555555555271,-1.6999,3.571
45,CC DChg,52.055555555503815,-1.6999,3.571
45,CC DChg,52.15555555548053,-1.6999,3.5709
45,CC DChg,52.25555555551546,-1.6999,3.5709
45,CC DChg,52.355555555492174,-1.6999,3.5708
45,CC DChg,52.4555555555271,-1.6999,3.5708
45,CC DChg,52.555555555503815,-1.6999,3.5707
45,CC DChg,52.65555555548053,-1.6999,3.5707
45,CC DChg,52.75555555551546,-1.6999,3.5706
45,CC DChg,52.855555555492174,-1.6999,3.5706
45,CC DChg,52.9555555555271,-1.6999,3.5706
45,CC DChg,53.055555555503815,-1.6999,3.5705
45,CC DChg,53.15555555548053,-1.6999,3.5704
45,CC DChg,53.25555555551546,-1.6999,3.5704
45,CC DChg,53.355555555492174,-1.6999,3.5703
45,CC DChg,53.4555555555271,-1.6999,3.5703
45,CC DChg,53.555555555503815,-1.6999,3.5702
45,CC DChg,53.65555555548053,-1.6999,3.5702
45,CC DChg,53.75555555551546,-1.6998,3.5701
45,CC DChg,53.855555555492174,-1.6998,3.57
45,CC DChg,53.9555555555271,-1.6998,3.57
45,CC DChg,54.055555555503815,-1.6998,3.57
45,CC DChg,54.15555555548053,-1.6998,3.5699
45,CC DChg,54.25555555551546,-1.6998,3.5698
45,CC DChg,54.355555555492174,-1.6998,3.5698
45,CC DChg,54.4555555555271,-1.6998,3.5697
45,CC DChg,54.555555555503815,-1.6998,3.5697
45,CC DChg,54.65555555548053,-1.6998,3.5696
45,CC DChg,54.75555555551546,-1.6998,3.5696
45,CC DChg,54.855555555492174,-1.6998,3.5696
45,CC DChg,54.9555555555271,-1.6998,3.5696
45,CC DChg,55.055555555503815,-1.6998,3.5695
45,CC DChg,55.15555555548053,-1.6998,3.5694
45,CC DChg,55.25555555551546,-1.6998,3.5694
45,CC DChg,55.355555555492174,-1.6998,3.5693
45,CC DChg,55.4555555555271,-1.6998,3.5693
45,CC DChg,55.555555555503815,-1.6998,3.5692
45,CC DChg,55.65555555548053,-1.6998,3.5691
45,CC DChg,55.75555555551546,-1.6998,3.5691
45,CC DChg,55.855555555492174,-1.6998,3.5691
45,CC DChg,55.9555555555271,-1.6998,3.569
45,CC DChg,56.055555555503815,-1.6998,3.569
45,CC DChg,56.15555555548053,-1.6998,3.5689
45,CC DChg,56.25555555551546,-1.6998,3.5689
45,CC DChg,56.355555555492174,-1.6998,3.5689
45,CC DChg,56.4555555555271,-1.6998,3.5688
45,CC DChg,56.555555555503815,-1.6998,3.5687
45,CC DChg,56.65555555548053,-1.6998,3.5687
45,CC DChg,56.75555555551546,-1.6998,3.5687
45,CC DChg,56.855555555492174,-1.6998,3.5686
45,CC DChg,56.9555555555271,-1.6998,3.5686
45,CC DChg,57.055555555503815,-1.6998,3.5685
45,CC DChg,57.15555555548053,-1.6998,3.5685
45,CC DChg,57.25555555551546,-1.6998,3.5684
45,CC DChg,57.355555555492174,-1.6998,3.5684
45,CC DChg,57.4555555555271,-1.6998,3.5683
45,CC DChg,57.555555555503815,-1.6998,3.5683
45,CC DChg,57.65555555548053,-1.6998,3.5682
45,CC DChg,57.75555555551546,-1.6998,3.5682
45,CC DChg,57.855555555492174,-1.6998,3.5681
45,CC DChg,57.9555555555271,-1.6998,3.5681
45,CC DChg,58.055555555503815,-1.6998,3.568
45,CC DChg,58.15555555548053,-1.6998,3.568
45,CC DChg,58.25555555551546,-1.6998,3.568
45,CC DChg,58.355555555492174,-1.6998,3.5679
45,CC DChg,58.4555555555271,-1.6998,3.5679
45,CC DChg,58.555555555503815,-1.6998,3.5678
45,CC DChg,58.65555555548053,-1.6998,3.5678
45,CC DChg,58.75555555551546,-1.6998,3.5677
45,CC DChg,58.855555555492174,-1.6998,3.5677
45,CC DChg,58.9555555555271,-1.6998,3.5676
45,CC DChg,59.055555555503815,-1.6998,3.5676
45,CC DChg,59.15555555548053,-1.6998,3.5675
45,CC DChg,59.25555555551546,-1.6998,3.5675
45,CC DChg,59.355555555492174,-1.6998,3.5675
45,CC DChg,59.4555555555271,-1.6998,3.5674
45,CC DChg,59.555555555503815,-1.6998,3.5673
45,CC DChg,59.65555555548053,-1.6998,3.5673
45,CC DChg,59.75555555551546,-1.6998,3.5673
45,CC DChg,59.855555555492174,-1.6998,3.5672
45,CC DChg,59.9555555555271,-1.6998,3.5672
45,CC DChg,60.055555555503815,-1.6998,3.5671
45,CC DChg,60.15555555548053,-1.6998,3.5671
45,CC DChg,60.25555555551546,-1.6998,3.567
45,CC DChg,60.355555555492174,-1.6998,3.567
45,CC DChg,60.4555555555271,-1.6998,3.5669
45,CC DChg,60.555555555503815,-1.6998,3.5669
45,CC DChg,60.65555555548053,-1.6998,3.5668
45,CC DChg,60.75555555551546,-1.6998,3.5668
45,CC DChg,60.855555555492174,-1.6998,3.5667
45,CC DChg,60.9555555555271,-1.6998,3.5667
45,CC DChg,61.055555555503815,-1.6998,3.5666
45,CC DChg,61.15555555548053,-1.6998,3.5666
45,CC DChg,61.25555555551546,-1.6998,3.5665
45,CC DChg,61.355555555492174,-1.6998,3.5665
45,CC DChg,61.4555555555271,-1.6998,3.5664
45,CC DChg,61.555555555503815,-1.6998,3.5664
45,CC DChg,61.65555555548053,-1.6998,3.5664
45,CC DChg,61.75555555551546,-1.6998,3.5663
45,CC DChg,61.855555555492174,-1.6998,3.5663
45,CC DChg,61.9555555555271,-1.6998,3.5662
45,CC DChg,62.055555555503815,-1.6998,3.5662
45,CC DChg,62.15555555548053,-1.6998,3.5661
45,CC DChg,62.25555555551546,-1.6998,3.5661
45,CC DChg,62.355555555492174,-1.6998,3.566
45,CC DChg,62.4555555555271,-1.6998,3.566
45,CC DChg,62.555555555503815,-1.6998,3.5659
45,CC DChg,62.65555555548053,-1.6998,3.5659
45,CC DChg,62.75555555551546,-1.6998,3.5658
45,CC DChg,62.855555555492174,-1.6998,3.5658
45,CC DChg,62.9555555555271,-1.6998,3.5658
45,CC DChg,63.055555555503815,-1.6998,3.5657
45,CC DChg,63.15555555548053,-1.6998,3.5657
45,CC DChg,63.25555555551546,-1.6998,3.5657
45,CC DChg,63.355555555492174,-1.6998,3.5656
45,CC DChg,63.4555555555271,-1.6998,3.5655
45,CC DChg,63.555555555503815,-1.6998,3.5655
45,CC DChg,63.65555555548053,-1.6998,3.5655
45,CC DChg,63.75555555551546,-1.6998,3.5654
45,CC DChg,63.855555555492174,-1.6998,3.5654
45,CC DChg,63.9555555555271,-1.6998,3.5654
45,CC DChg,64.05555555550382,-1.6998,3.5653
45,CC DChg,64.15555555548053,-1.6998,3.5653
45,CC DChg,64.25555555551546,-1.6998,3.5652
45,CC DChg,64.35555555549217,-1.6998,3.5652
45,CC DChg,64.4555555555271,-1.6998,3.5651
45,CC DChg,64.55555555550382,-1.6998,3.5651
45,CC DChg,64.65555555548053,-1.6998,3.565
45,CC DChg,64.75555555551546,-1.6998,3.565
45,CC DChg,64.85555555549217,-1.6998,3.565
45,CC DChg,64.9555555555271,-1.6998,3.5649
45,CC DChg,65.05555555550382,-1.6998,3.5649
45,CC DChg,65.15555555548053,-1.6998,3.5648
45,CC DChg,65.25555555551546,-1.6998,3.5648
45,CC DChg,65.35555555549217,-1.6998,3.5648
45,CC DChg,65.4555555555271,-1.6998,3.5647
45,CC DChg,65.55555555550382,-1.6998,3.5647
45,CC DChg,65.65555555548053,-1.6998,3.5646
45,CC DChg,65.75555555551546,-1.6998,3.5646
45,CC DChg,65.85555555549217,-1.6998,3.5645
45,CC DChg,65.9555555555271,-1.6998,3.5645
45,CC DChg,66.05555555550382,-1.6998,3.5645
45,CC DChg,66.15555555548053,-1.6998,3.5644
45,CC DChg,66.25555555551546,-1.6998,3.5643
45,CC DChg,66.35555555549217,-1.6998,3.5643
45,CC DChg,66.4555555555271,-1.6998,3.5643
45,CC DChg,66.55555555550382,-1.6998,3.5643
45,CC DChg,66.65555555548053,-1.6998,3.5642
45,CC DChg,66.75555555551546,-1.6998,3.5642
45,CC DChg,66.85555555549217,-1.6998,3.5641
45,CC DChg,66.9555555555271,-1.6998,3.5641
45,CC DChg,67.05555555550382,-1.6998,3.5641
45,CC DChg,67.15555555548053,-1.6998,3.564
45,CC DChg,67.25555555551546,-1.6998,3.564
45,CC DChg,67.35555555549217,-1.6998,3.5639
45,CC DChg,67.4555555555271,-1.6998,3.5639
45,CC DChg,67.55555555550382,-1.6998,3.5638
45,CC DChg,67.65555555548053,-1.6998,3.5638
45,CC DChg,67.75555555551546,-1.6998,3.5638
45,CC DChg,67.85555555549217,-1.6998,3.5637
45,CC DChg,67.9555555555271,-1.6998,3.5637
45,CC DChg,68.05555555550382,-1.6998,3.5636
45,CC DChg,68.15555555548053,-1.6998,3.5636
45,CC DChg,68.25555555551546,-1.6998,3.5635
45,CC DChg,68.35555555549217,-1.6998,3.5635
45,CC DChg,68.4555555555271,-1.6998,3.5635
45,CC DChg,68.55555555550382,-1.6998,3.5635
45,CC DChg,68.65555555548053,-1.6998,3.5634
45,CC DChg,68.75555555551546,-1.6998,3.5634
45,CC DChg,68.85555555549217,-1.6998,3.5634
45,CC DChg,68.9555555555271,-1.6998,3.5633
45,CC DChg,69.05555555550382,-1.6998,3.5632
45,CC DChg,69.15555555548053,-1.6998,3.5632
45,CC DChg,69.25555555551546,-1.6998,3.5632
45,CC DChg,69.35555555549217,-1.6998,3.5631
45,CC DChg,69.4555555555271,-1.6998,3.563
45,CC DChg,69.55555555550382,-1.6998,3.563
45,CC DChg,69.65555555548053,-1.6998,3.5629
45,CC DChg,69.75555555551546,-1.6998,3.5629
45,CC DChg,69.85555555549217,-1.6998,3.5629
45,CC DChg,69.9555555555271,-1.6998,3.5629
45,CC DChg,70.05555555550382,-1.6998,3.5628
45,CC DChg,70.15555555548053,-1.6998,3.5628
45,CC DChg,70.25555555551546,-1.6998,3.5627
45,CC DChg,70.35555555549217,-1.6998,3.5627
45,CC DChg,70.4555555555271,-1.6998,3.5627
45,CC DChg,70.55555555550382,-1.6998,3.5626
45,CC DChg,70.65555555548053,-1.6998,3.5625
45,CC DChg,70.75555555551546,-1.6998,3.5625
45,CC DChg,70.85555555549217,-1.6998,3.5625
45,CC DChg,70.9555555555271,-1.6998,3.5625
45,CC DChg,71.05555555550382,-1.6998,3.5624
45,CC DChg,71.15555555548053,-1.6998,3.5624
45,CC DChg,71.25555555551546,-1.6998,3.5623
45,CC DChg,71.35555555549217,-1.6998,3.5623
45,CC DChg,71.4555555555271,-1.6998,3.5622
45,CC DChg,71.55555555550382,-1.6998,3.5622
45,CC DChg,71.65555555548053,-1.6998,3.5622
45,CC DChg,71.75555555551546,-1.6998,3.5621
45,CC DChg,71.85555555549217,-1.6998,3.5621
45,CC DChg,71.9555555555271,-1.6998,3.5621
45,CC DChg,72.05555555550382,-1.6998,3.562
45,CC DChg,72.15555555548053,-1.6998,3.562
45,CC DChg,72.25555555551546,-1.6998,3.5619
45,CC DChg,72.35555555549217,-1.6998,3.5619
45,CC DChg,72.4555555555271,-1.6998,3.5618
45,CC DChg,72.55555555550382,-1.6998,3.5618
45,CC DChg,72.65555555548053,-1.6998,3.5618
45,CC DChg,72.75555555551546,-1.6998,3.5617
45,CC DChg,72.85555555549217,-1.6998,3.5617
45,CC DChg,72.9555555555271,-1.6998,3.5616
45,CC DChg,73.05555555550382,-1.6998,3.5616
45,CC DChg,73.15555555548053,-1.6998,3.5615
45,CC DChg,73.25555555551546,-1.6998,3.5615
45,CC DChg,73.35555555549217,-1.6998,3.5614
45,CC DChg,73.4555555555271,-1.6998,3.5614
45,CC DChg,73.55555555550382,-1.6998,3.5614
45,CC DChg,73.65555555548053,-1.6998,3.5613
45,CC DChg,73.75555555551546,-1.6998,3.5613
45,CC DChg,73.85555555549217,-1.6998,3.5613
45,CC DChg,73.9555555555271,-1.6998,3.5612
45,CC DChg,74.05555555550382,-1.6998,3.5612
45,CC DChg,74.15555555548053,-1.6998,3.5612
45,CC DChg,74.25555555551546,-1.6998,3.5611
45,CC DChg,74.35555555549217,-1.6998,3.5611
45,CC DChg,74.4555555555271,-1.6998,3.5611
45,CC DChg,74.55555555550382,-1.6998,3.561
45,CC DChg,74.65555555548053,-1.6998,3.561
45,CC DChg,74.75555555551546,-1.6998,3.5609
45,CC DChg,74.85555555549217,-1.6998,3.5609
45,CC DChg,74.9555555555271,-1.6998,3.5608
45,CC DChg,75.05555555550382,-1.6998,3.5608
45,CC DChg,75.15555555548053,-1.6998,3.5608
45,CC DChg,75.25555555551546,-1.6998,3.5607
45,CC DChg,75.35555555549217,-1.6998,3.5607
45,CC DChg,75.4555555555271,-1.6998,3.5606
45,CC DChg,75.55555555550382,-1.6998,3.5606
45,CC DChg,75.65555555548053,-1.6998,3.5606
45,CC DChg,75.75555555551546,-1.6998,3.5606
45,CC DChg,75.85555555549217,-1.6998,3.5605
45,CC DChg,75.9555555555271,-1.6998,3.5605
45,CC DChg,76.05555555550382,-1.6998,3.5605
45,CC DChg,76.15555555548053,-1.6998,3.5605
45,CC DChg,76.25555555551546,-1.6998,3.5604
45,CC DChg,76.35555555549217,-1.6998,3.5603
45,CC DChg,76.4555555555271,-1.6998,3.5603
45,CC DChg,76.55555555550382,-1.6998,3.5602
45,CC DChg,76.65555555548053,-1.6998,3.5602
45,CC DChg,76.75555555551546,-1.6998,3.5602
45,CC DChg,76.85555555549217,-1.6998,3.5601
45,CC DChg,76.9555555555271,-1.6998,3.5601
45,CC DChg,77.05555555550382,-1.6998,3.5601
45,CC DChg,77.15555555548053,-1.6998,3.56
45,CC DChg,77.25555555551546,-1.6998,3.56
45,CC DChg,77.35555555549217,-1.6998,3.56
45,CC DChg,77.4555555555271,-1.6998,3.5599
45,CC DChg,77.55555555550382,-1.6998,3.5599
45,CC DChg,77.65555555548053,-1.6998,3.5599
45,CC DChg,77.75555555551546,-1.6998,3.5598
45,CC DChg,77.85555555549217,-1.6998,3.5598
45,CC DChg,77.9555555555271,-1.6998,3.5597
45,CC DChg,78.05555555550382,-1.6998,3.5597
45,CC DChg,78.15555555548053,-1.6998,3.5597
45,CC DChg,78.25555555551546,-1.6997,3.5596
45,CC DChg,78.35555555549217,-1.6997,3.5596
45,CC DChg,78.4555555555271,-1.6997,3.5596
45,CC DChg,78.55555555550382,-1.6997,3.5595
45,CC DChg,78.65555555548053,-1.6997,3.5595
45,CC DChg,78.75555555551546,-1.6997,3.5595
45,CC DChg,78.85555555549217,-1.6997,3.5594
45,CC DChg,78.9555555555271,-1.6997,3.5594
45,CC DChg,79.05555555550382,-1.6997,3.5594
45,CC DChg,79.15555555548053,-1.6997,3.5594
45,CC DChg,79.25555555551546,-1.6997,3.5593
45,CC DChg,79.35555555549217,-1.6997,3.5593
45,CC DChg,79.4555555555271,-1.6997,3.5593
45,CC DChg,79.55555555550382,-1.6997,3.5592
45,CC DChg,79.65555555548053,-1.6997,3.5592
45,CC DChg,79.75555555551546,-1.6997,3.5592
45,CC DChg,79.85555555549217,-1.6997,3.5591
45,CC DChg,79.9555555555271,-1.6997,3.5591
45,CC DChg,80.05555555550382,-1.6997,3.5591
45,CC DChg,80.15555555548053,-1.6997,3.559
45,CC DChg,80.25555555551546,-1.6997,3.559
45,CC DChg,80.35555555549217,-1.6997,3.5589
45,CC DChg,80.4555555555271,-1.6997,3.5589
45,CC DChg,80.55555555550382,-1.6997,3.5589
45,CC DChg,80.65555555548053,-1.6997,3.5589
45,CC DChg,80.75555555551546,-1.6997,3.5589
45,CC DChg,80.85555555549217,-1.6997,3.5588
45,CC DChg,80.9555555555271,-1.6997,3.5587
45,CC DChg,81.05555555550382,-1.6997,3.5587
45,CC DChg,81.15555555548053,-1.6997,3.5587
45,CC DChg,81.25555555551546,-1.6997,3.5586
45,CC DChg,81.35555555549217,-1.6997,3.5586
45,CC DChg,81.4555555555271,-1.6997,3.5586
45,CC DChg,81.55555555550382,-1.6997,3.5585
45,CC DChg,81.65555555548053,-1.6997,3.5585
45,CC DChg,81.75555555551546,-1.6997,3.5585
45,CC DChg,81.85555555549217,-1.6997,3.5584
45,CC DChg,81.9555555555271,-1.6997,3.5584
45,CC DChg,82.05555555550382,-1.6997,3.5584
45,CC DChg,82.15555555548053,-1.6997,3.5583
45,CC DChg,82.25555555551546,-1.6998,3.5583
45,CC DChg,82.35555555549217,-1.6998,3.5582
45,CC DChg,82.4555555555271,-1.6998,3.5582
45,CC DChg,82.55555555550382,-1.6998,3.5581
45,CC DChg,82.65555555548053,-1.6998,3.5581
45,CC DChg,82.75555555551546,-1.6998,3.5581
45,CC DChg,82.85555555549217,-1.6998,3.558
45,CC DChg,82.9555555555271,-1.6998,3.558
45,CC DChg,83.05555555550382,-1.6998,3.558
45,CC DChg,83.15555555548053,-1.6998,3.558
45,CC DChg,83.25555555551546,-1.6998,3.5579
45,CC DChg,83.35555555549217,-1.6998,3.5579
45,CC DChg,83.4555555555271,-1.6998,3.5578
45,CC DChg,83.55555555550382,-1.6998,3.5578
45,CC DChg,83.65555555548053,-1.6998,3.5578
45,CC DChg,83.75555555551546,-1.6998,3.5578
45,CC DChg,83.85555555549217,-1.6998,3.5577
45,CC DChg,83.9555555555271,-1.6998,3.5577
45,CC DChg,84.05555555550382,-1.6998,3.5577
45,CC DChg,84.15555555548053,-1.6998,3.5577
45,CC DChg,84.25555555551546,-1.6998,3.5576
45,CC DChg,84.35555555549217,-1.6998,3.5575
45,CC DChg,84.4555555555271,-1.6998,3.5575
45,CC DChg,84.55555555550382,-1.6998,3.5574
45,CC DChg,84.65555555548053,-1.6998,3.5574
45,CC DChg,84.75555555551546,-1.6998,3.5574
45,CC DChg,84.85555555549217,-1.6998,3.5574
45,CC DChg,84.9555555555271,-1.6998,3.5573
45,CC DChg,85.05555555550382,-1.6998,3.5573
45,CC DChg,85.15555555548053,-1.6998,3.5573
45,CC DChg,85.25555555551546,-1.6998,3.5572
45,CC DChg,85.35555555549217,-1.6998,3.5571
45,CC DChg,85.4555555555271,-1.6998,3.5571
45,CC DChg,85.55555555550382,-1.6998,3.5572
45,CC DChg,85.65555555548053,-1.6998,3.5571
45,CC DChg,85.75555555551546,-1.6998,3.557
45,CC DChg,85.85555555549217,-1.6998,3.557
45,CC DChg,85.9555555555271,-1.6998,3.557
45,CC DChg,86.05555555550382,-1.6998,3.5569
45,CC DChg,86.15555555548053,-1.6998,3.5569
45,CC DChg,86.25555555551546,-1.6998,3.5569
45,CC DChg,86.35555555549217,-1.6998,3.5568
45,CC DChg,86.4555555555271,-1.6998,3.5568
45,CC DChg,86.55555555550382,-1.6998,3.5568
45,CC DChg,86.65555555548053,-1.6998,3.5567
45,CC DChg,86.75555555551546,-1.6998,3.5567
45,CC DChg,86.85555555549217,-1.6998,3.5566
45,CC DChg,86.9555555555271,-1.6998,3.5566
45,CC DChg,87.05555555550382,-1.6998,3.5566
45,CC DChg,87.15555555548053,-1.6998,3.5566
45,CC DChg,87.25555555551546,-1.6998,3.5565
45,CC DChg,87.35555555549217,-1.6998,3.5565
45,CC DChg,87.4555555555271,-1.6998,3.5564
45,CC DChg,87.55555555550382,-1.6998,3.5564
45,CC DChg,87.65555555548053,-1.6998,3.5564
45,CC DChg,87.75555555551546,-1.6998,3.5563
45,CC DChg,87.85555555549217,-1.6998,3.5563
45,CC DChg,87.9555555555271,-1.6998,3.5563
45,CC DChg,88.05555555550382,-1.6998,3.5563
45,CC DChg,88.15555555548053,-1.6998,3.5562
45,CC DChg,88.25555555551546,-1.6998,3.5562
45,CC DChg,88.35555555549217,-1.6998,3.5561
45,CC DChg,88.4555555555271,-1.6998,3.5561
45,CC DChg,88.55555555550382,-1.6998,3.5561
45,CC DChg,88.65555555548053,-1.6998,3.556
45,CC DChg,88.75555555551546,-1.6998,3.556
45,CC DChg,88.85555555549217,-1.6998,3.556
45,CC DChg,88.9555555555271,-1.6998,3.556
45,CC DChg,89.05555555550382,-1.6998,3.556
45,CC DChg,89.15555555548053,-1.6998,3.5559
45,CC DChg,89.25555555551546,-1.6998,3.5558
45,CC DChg,89.35555555549217,-1.6998,3.5558
45,CC DChg,89.4555555555271,-1.6998,3.5558
45,CC DChg,89.55555555550382,-1.6998,3.5558
45,CC DChg,89.65555555548053,-1.6998,3.5558
45,CC DChg,89.75555555551546,-1.6998,3.5557
45,CC DChg,89.85555555549217,-1.6998,3.5556
45,CC DChg,89.9555555555271,-1.6998,3.5556
45,CC DChg,90.05555555550382,-1.6998,3.5556
45,CC DChg,90.15555555548053,-1.6998,3.5556
45,CC DChg,90.25555555551546,-1.6998,3.5556
45,CC DChg,90.35555555549217,-1.6998,3.5555
45,CC DChg,90.4555555555271,-1.6998,3.5555
45,CC DChg,90.55555555550382,-1.6998,3.5554
45,CC DChg,90.65555555548053,-1.6998,3.5554
45,CC DChg,90.75555555551546,-1.6998,3.5554
45,CC DChg,90.85555555549217,-1.6998,3.5553
45,CC DChg,90.9555555555271,-1.6998,3.5553
45,CC DChg,91.05555555550382,-1.6998,3.5553
45,CC DChg,91.15555555548053,-1.6998,3.5553
45,CC DChg,91.25555555551546,-1.6998,3.5552
45,CC DChg,91.35555555549217,-1.6998,3.5552
45,CC DChg,91.4555555555271,-1.6998,3.5552
45,CC DChg,91.55555555550382,-1.6998,3.5551
45,CC DChg,91.65555555548053,-1.6998,3.5551
45,CC DChg,91.75555555551546,-1.6998,3.555
45,CC DChg,91.85555555549217,-1.6998,3.555
45,CC DChg,91.9555555555271,-1.6998,3.555
45,CC DChg,92.05555555550382,-1.6998,3.555
45,CC DChg,92.15555555548053,-1.6998,3.5549
45,CC DChg,92.25555555551546,-1.6998,3.5549
45,CC DChg,92.35555555549217,-1.6998,3.5548
45,CC DChg,92.4555555555271,-1.6998,3.5548
45,CC DChg,92.55555555550382,-1.6998,3.5548
45,CC DChg,92.65555555548053,-1.6998,3.5548
45,CC DChg,92.75555555551546,-1.6998,3.5547
45,CC DChg,92.85555555549217,-1.6998,3.5547
45,CC DChg,92.9555555555271,-1.6998,3.5547
45,CC DChg,93.05555555550382,-1.6998,3.5546
45,CC DChg,93.15555555548053,-1.6998,3.5546
45,CC DChg,93.25555555551546,-1.6998,3.5546
45,CC DChg,93.35555555549217,-1.6998,3.5546
45,CC DChg,93.4555555555271,-1.6998,3.5545
45,CC DChg,93.55555555550382,-1.6998,3.5545
45,CC DChg,93.65555555548053,-1.6998,3.5545
45,CC DChg,93.75555555551546,-1.6998,3.5544
45,CC DChg,93.85555555549217,-1.6998,3.5544
45,CC DChg,93.9555555555271,-1.6998,3.5544
45,CC DChg,94.05555555550382,-1.6998,3.5543
45,CC DChg,94.15555555548053,-1.6998,3.5543
45,CC DChg,94.25555555551546,-1.6998,3.5542
45,CC DChg,94.35555555549217,-1.6998,3.5542
45,CC DChg,94.4555555555271,-1.6998,3.5542
45,CC DChg,94.55555555550382,-1.6998,3.5542
45,CC DChg,94.65555555548053,-1.6998,3.5541
45,CC DChg,94.75555555551546,-1.6998,3.5541
45,CC DChg,94.85555555549217,-1.6998,3.5541
45,CC DChg,94.9555555555271,-1.6998,3.5541
45,CC DChg,95.05555555550382,-1.6998,3.554
45,CC DChg,95.15555555548053,-1.6998,3.554
45,CC DChg,95.25555555551546,-1.6998,3.5539
45,CC DChg,95.35555555549217,-1.6998,3.5539
45,CC DChg,95.4555555555271,-1.6998,3.5539
45,CC DChg,95.55555555550382,-1.6998,3.5538
45,CC DChg,95.65555555548053,-1.6998,3.5538
45,CC DChg,95.75555555551546,-1.6998,3.5538
45,CC DChg,95.85555555549217,-1.6998,3.5538
45,CC DChg,95.9555555555271,-1.6998,3.5537
45,CC DChg,96.05555555550382,-1.6998,3.5537
45,CC DChg,96.15555555548053,-1.6998,3.5537
45,CC DChg,96.25555555551546,-1.6998,3.5536
45,CC DChg,96.35555555549217,-1.6998,3.5536
45,CC DChg,96.4555555555271,-1.6998,3.5536
45,CC DChg,96.55555555550382,-1.6998,3.5536
45,CC DChg,96.65555555548053,-1.6998,3.5535
45,CC DChg,96.75555555551546,-1.6998,3.5535
45,CC DChg,96.85555555549217,-1.6998,3.5534
45,CC DChg,96.9555555555271,-1.6998,3.5534
45,CC DChg,97.05555555550382,-1.6998,3.5534
45,CC DChg,97.15555555548053,-1.6998,3.5534
45,CC DChg,97.25555555551546,-1.6998,3.5533
45,CC DChg,97.35555555549217,-1.6998,3.5533
45,CC DChg,97.4555555555271,-1.6998,3.5533
45,CC DChg,97.55555555550382,-1.6998,3.5532
45,CC DChg,97.65555555548053,-1.6998,3.5532
45,CC DChg,97.75555555551546,-1.6998,3.5532
45,CC DChg,97.85555555549217,-1.6998,3.5532
45,CC DChg,97.9555555555271,-1.6998,3.5532
45,CC DChg,98.05555555550382,-1.6998,3.5531
45,CC DChg,98.15555555548053,-1.6998,3.5531
45,CC DChg,98.25555555551546,-1.6998,3.5531
45,CC DChg,98.35555555549217,-1.6998,3.553
45,CC DChg,98.4555555555271,-1.6998,3.553
45,CC DChg,98.55555555550382,-1.6998,3.553
45,CC DChg,98.65555555548053,-1.6998,3.5529
45,CC DChg,98.75555555551546,-1.6998,3.5529
45,CC DChg,98.85555555549217,-1.6998,3.5529
45,CC DChg,98.9555555555271,-1.6998,3.5528
45,CC DChg,99.05555555550382,-1.6998,3.5528
45,CC DChg,99.15555555548053,-1.6998,3.5528
45,CC DChg,99.25555555551546,-1.6998,3.5527
45,CC DChg,99.35555555549217,-1.6998,3.5527
45,CC DChg,99.4555555555271,-1.6998,3.5527
45,CC DChg,99.55555555550382,-1.6998,3.5526
45,CC DChg,99.65555555548053,-1.6998,3.5526
45,CC DChg,99.75555555551546,-1.6998,3.5526
45,CC DChg,99.85555555549217,-1.6998,3.5525
45,CC DChg,99.9555555555271,-1.6998,3.5525
45,CC DChg,100.05555555550382,-1.6998,3.5525
45,CC DChg,100.15555555548053,-1.6999,3.5524
45,CC DChg,100.25555555551546,-1.6999,3.5524
45,CC DChg,100.35555555549217,-1.6999,3.5524
45,CC DChg,100.4555555555271,-1.6999,3.5523
45,CC DChg,100.55555555550382,-1.6999,3.5523
45,CC DChg,100.65555555548053,-1.6999,3.5522
45,CC DChg,100.75555555551546,-1.6999,3.5522
45,CC DChg,100.85555555549217,-1.6999,3.5522
45,CC DChg,100.9555555555271,-1.6999,3.5521
45,CC DChg,101.05555555550382,-1.6999,3.5521
45,CC DChg,101.15555555548053,-1.6999,3.552
45,CC DChg,101.25555555551546,-1.6999,3.552
45,CC DChg,101.35555555549217,-1.6999,3.552
45,CC DChg,101.4555555555271,-1.6999,3.552
45,CC DChg,101.55555555550382,-1.6999,3.552
45,CC DChg,101.65555555548053,-1.6999,3.5519
45,CC DChg,101.75555555551546,-1.6999,3.5519
45,CC DChg,101.85555555549217,-1.6999,3.5519
45,CC DChg,101.9555555555271,-1.6999,3.5518
45,CC DChg,102.05555555550382,-1.6999,3.5518
45,CC DChg,102.15555555548053,-1.6999,3.5518
45,CC DChg,102.25555555551546,-1.6999,3.5518
45,CC DChg,102.35555555549217,-1.6999,3.5518
45,CC DChg,102.4555555555271,-1.6999,3.5517
45,CC DChg,102.55555555550382,-1.6999,3.5517
45,CC DChg,102.65555555548053,-1.6999,3.5516
45,CC DChg,102.75555555551546,-1.6999,3.5516
45,CC DChg,102.85555555549217,-1.6999,3.5515
45,CC DChg,102.9555555555271,-1.6999,3.5515
45,CC DChg,103.05555555550382,-1.6999,3.5516
45,CC DChg,103.15555555548053,-1.6999,3.5515
45,CC DChg,103.25555555551546,-1.6998,3.5514
45,CC DChg,103.35555555549217,-1.6998,3.5514
45,CC DChg,103.4555555555271,-1.6998,3.5514
45,CC DChg,103.55555555550382,-1.6998,3.5514
45,CC DChg,103.65555555548053,-1.6998,3.5513
45,CC DChg,103.75555555551546,-1.6998,3.5513
45,CC DChg,103.85555555549217,-1.6998,3.5513
45,CC DChg,103.9555555555271,-1.6998,3.5513
45,CC DChg,104.05555555550382,-1.6998,3.5512
45,CC DChg,104.15555555548053,-1.6998,3.5512
45,CC DChg,104.25555555551546,-1.6998,3.5512
45,CC DChg,104.35555555549217,-1.6998,3.5511
45,CC DChg,104.4555555555271,-1.6998,3.5511
45,CC DChg,104.55555555550382,-1.6998,3.5511
45,CC DChg,104.65555555548053,-1.6998,3.551
45,CC DChg,104.75555555551546,-1.6998,3.551
45,CC DChg,104.85555555549217,-1.6998,3.5509
45,CC DChg,104.9555555555271,-1.6998,3.5509
45,CC DChg,105.05555555550382,-1.6998,3.5509
45,CC DChg,105.15555555548053,-1.6998,3.5509
45,CC DChg,105.25555555551546,-1.6998,3.5508
45,CC DChg,105.35555555549217,-1.6998,3.5508
45,CC DChg,105.4555555555271,-1.6998,3.5508
45,CC DChg,105.55555555550382,-1.6998,3.5508
45,CC DChg,105.65555555548053,-1.6998,3.5507
45,CC DChg,105.75555555551546,-1.6998,3.5507
45,CC DChg,105.85555555549217,-1.6998,3.5507
45,CC DChg,105.9555555555271,-1.6998,3.5507
45,CC DChg,106.05555555550382,-1.6998,3.5506
45,CC DChg,106.15555555548053,-1.6998,3.5506
45,CC DChg,106.25555555551546,-1.6998,3.5506
45,CC DChg,106.35555555549217,-1.6998,3.5505
45,CC DChg,106.4555555555271,-1.6998,3.5505
45,CC DChg,106.55555555550382,-1.6998,3.5505
45,CC DChg,106.65555555548053,-1.6998,3.5505
45,CC DChg,106.75555555551546,-1.6998,3.5504
45,CC DChg,106.85555555549217,-1.6998,3.5504
45,CC DChg,106.9555555555271,-1.6998,3.5504
45,CC DChg,107.05555555550382,-1.6998,3.5504
45,CC DChg,107.15555555548053,-1.6998,3.5503
45,CC DChg,107.25555555551546,-1.6998,3.5503
45,CC DChg,107.35555555549217,-1.6998,3.5503
45,CC DChg,107.4555555555271,-1.6998,3.5503
45,CC DChg,107.55555555550382,-1.6998,3.5502
45,CC DChg,107.65555555548053,-1.6998,3.5502
45,CC DChg,107.75555555551546,-1.6998,3.5502
45,CC DChg,107.85555555549217,-1.6998,3.5501
45,CC DChg,107.9555555555271,-1.6998,3.5501
45,CC DChg,108.05555555550382,-1.6998,3.5501
45,CC DChg,108.15555555548053,-1.6998,3.55
45,CC DChg,108.25555555551546,-1.6998,3.55
45,CC DChg,108.35555555549217,-1.6998,3.55
45,CC DChg,108.4555555555271,-1.6998,3.55
45,CC DChg,108.55555555550382,-1.6998,3.55
45,CC DChg,108.65555555548053,-1.6998,3.5499
45,CC DChg,108.75555555551546,-1.6998,3.5498
45,CC DChg,108.85555555549217,-1.6998,3.5498
45,CC DChg,108.9555555555271,-1.6998,3.5498
45,CC DChg,109.05555555550382,-1.6998,3.5497
45,CC DChg,109.15555555548053,-1.6998,3.5497
45,CC DChg,109.25555555551546,-1.6998,3.5497
45,CC DChg,109.35555555549217,-1.6998,3.5497
45,CC DChg,109.4555555555271,-1.6998,3.5496
45,CC DChg,109.55555555550382,-1.6998,3.5496
45,CC DChg,109.65555555548053,-1.6998,3.5496
45,CC DChg,109.75555555551546,-1.6998,3.5495
45,CC DChg,109.85555555549217,-1.6998,3.5495
45,CC DChg,109.9555555555271,-1.6998,3.5495
45,CC DChg,110.05555555550382,-1.6998,3.5495
45,CC DChg,110.15555555548053,-1.6998,3.5494
45,CC DChg,110.25555555551546,-1.6998,3.5494
45,CC DChg,110.35555555549217,-1.6998,3.5494
45,CC DChg,110.4555555555271,-1.6998,3.5493
45,CC DChg,110.55555555550382,-1.6998,3.5493
45,CC DChg,110.65555555548053,-1.6998,3.5493
45,CC DChg,110.75555555551546,-1.6998,3.5493
45,CC DChg,110.85555555549217,-1.6998,3.5492
45,CC DChg,110.9555555555271,-1.6998,3.5492
45,CC DChg,111.05555555550382,-1.6998,3.5491
45,CC DChg,111.15555555548053,-1.6998,3.5492
45,CC DChg,111.25555555551546,-1.6998,3.5492
45,CC DChg,111.35555555549217,-1.6998,3.5491
45,CC DChg,111.4555555555271,-1.6998,3.5491
45,CC DChg,111.55555555550382,-1.6998,3.549
45,CC DChg,111.65555555548053,-1.6998,3.549
45,CC DChg,111.75555555551546,-1.6998,3.549
45,CC DChg,111.85555555549217,-1.6998,3.549
45,CC DChg,111.9555555555271,-1.6998,3.5489
45,CC DChg,112.05555555550382,-1.6998,3.5489
45,CC DChg,112.15555555548053,-1.6998,3.5489
45,CC DChg,112.25555555551546,-1.6998,3.5489
45,CC DChg,112.35555555549217,-1.6998,3.5489
45,CC DChg,112.4555555555271,-1.6998,3.5488
45,CC DChg,112.55555555550382,-1.6998,3.5488
45,CC DChg,112.65555555548053,-1.6998,3.5487
45,CC DChg,112.75555555551546,-1.6998,3.5487
45,CC DChg,112.85555555549217,-1.6998,3.5487
45,CC DChg,112.9555555555271,-1.6998,3.5487
45,CC DChg,113.05555555550382,-1.6998,3.5487
45,CC DChg,113.15555555548053,-1.6998,3.5486
45,CC DChg,113.25555555551546,-1.6998,3.5486
45,CC DChg,113.35555555549217,-1.6998,3.5486
45,CC DChg,113.4555555555271,-1.6998,3.5485
45,CC DChg,113.55555555550382,-1.6998,3.5485
45,CC DChg,113.65555555548053,-1.6998,3.5485
45,CC DChg,113.75555555551546,-1.6998,3.5484
45,CC DChg,113.85555555549217,-1.6998,3.5484
45,CC DChg,113.9555555555271,-1.6998,3.5484
45,CC DChg,114.05555555550382,-1.6998,3.5483
45,CC DChg,114.15555555548053,-1.6998,3.5483
45,CC DChg,114.25555555551546,-1.6998,3.5483
45,CC DChg,114.35555555549217,-1.6998,3.5483
45,CC DChg,114.4555555555271,-1.6998,3.5483
45,CC DChg,114.55555555550382,-1.6998,3.5482
45,CC DChg,114.65555555548053,-1.6998,3.5482
45,CC DChg,114.75555555551546,-1.6998,3.5482
45,CC DChg,114.85555555549217,-1.6998,3.5482
45,CC DChg,114.9555555555271,-1.6998,3.5482
45,CC DChg,115.05555555550382,-1.6998,3.5481
45,CC DChg,115.15555555548053,-1.6998,3.5481
45,CC DChg,115.25555555551546,-1.6998,3.548
45,CC DChg,115.35555555549217,-1.6998,3.548
45,CC DChg,115.4555555555271,-1.6998,3.548
45,CC DChg,115.55555555550382,-1.6998,3.5479
45,CC DChg,115.65555555548053,-1.6998,3.5479
45,CC DChg,115.75555555551546,-1.6998,3.5479
45,CC DChg,115.85555555549217,-1.6998,3.5479
45,CC DChg,115.9555555555271,-1.6998,3.5478
45,CC DChg,116.05555555550382,-1.6998,3.5478
45,CC DChg,116.15555555548053,-1.6998,3.5478
45,CC DChg,116.25555555551546,-1.6998,3.5478
45,CC DChg,116.35555555549217,-1.6998,3.5478
45,CC DChg,116.4555555555271,-1.6998,3.5477
45,CC DChg,116.55555555550382,-1.6998,3.5477
45,CC DChg,116.65555555548053,-1.6998,3.5477
45,CC DChg,116.75555555551546,-1.6998,3.5476
45,CC DChg,116.85555555549217,-1.6998,3.5476
45,CC DChg,116.9555555555271,-1.6998,3.5476
45,CC DChg,117.05555555550382,-1.6998,3.5476
45,CC DChg,117.15555555548053,-1.6998,3.5475
45,CC DChg,117.25555555551546,-1.6998,3.5475
45,CC DChg,117.35555555549217,-1.6998,3.5475
45,CC DChg,117.4555555555271,-1.6998,3.5475
45,CC DChg,117.55555555550382,-1.6998,3.5475
45,CC DChg,117.65555555548053,-1.6998,3.5474
45,CC DChg,117.75555555551546,-1.6998,3.5474
45,CC DChg,117.85555555549217,-1.6998,3.5474
45,CC DChg,117.9555555555271,-1.6998,3.5473
45,CC DChg,118.05555555550382,-1.6998,3.5473
45,CC DChg,118.15555555548053,-1.6998,3.5473
45,CC DChg,118.25555555551546,-1.6998,3.5472
45,CC DChg,118.35555555549217,-1.6998,3.5472
45,CC DChg,118.4555555555271,-1.6998,3.5472
45,CC DChg,118.55555555550382,-1.6998,3.5472
45,CC DChg,118.65555555548053,-1.6998,3.5471
45,CC DChg,118.75555555551546,-1.6998,3.5471
45,CC DChg,118.85555555549217,-1.6998,3.547
45,CC DChg,118.9555555555271,-1.6998,3.547
45,CC DChg,119.05555555550382,-1.6998,3.547
45,CC DChg,119.15555555548053,-1.6998,3.547
45,CC DChg,119.25555555551546,-1.6998,3.547
45,CC DChg,119.35555555549217,-1.6998,3.547
45,CC DChg,119.4555555555271,-1.6998,3.5469
45,CC DChg,119.55555555550382,-1.6998,3.5469
45,CC DChg,119.65555555548053,-1.6998,3.5469
45,CC DChg,119.75555555551546,-1.6998,3.5468
45,CC DChg,119.85555555549217,-1.6998,3.5468
45,CC DChg,119.9555555555271,-1.6998,3.5468
45,CC DChg,120.05555555550382,-1.6998,3.5468
45,CC DChg,120.15555555548053,-1.6998,3.5467
45,CC DChg,120.25555555551546,-1.6998,3.5467
45,CC DChg,120.35555555549217,-1.6998,3.5467
45,CC DChg,120.4555555555271,-1.6998,3.5467
45,CC DChg,120.55555555550382,-1.6998,3.5466
45,CC DChg,120.65555555548053,-1.6998,3.5466
45,CC DChg,120.75555555551546,-1.6998,3.5466
45,CC DChg,120.85555555549217,-1.6998,3.5466
45,CC DChg,120.9555555555271,-1.6998,3.5465
45,CC DChg,121.05555555550382,-1.6998,3.5465
45,CC DChg,121.15555555548053,-1.6998,3.5465
45,CC DChg,121.25555555551546,-1.6998,3.5464
45,CC DChg,121.35555555549217,-1.6998,3.5464
45,CC DChg,121.4555555555271,-1.6998,3.5464
45,CC DChg,121.55555555550382,-1.6998,3.5464
45,CC DChg,121.65555555548053,-1.6998,3.5463
45,CC DChg,121.75555555551546,-1.6998,3.5463
45,CC DChg,121.85555555549217,-1.6998,3.5463
45,CC DChg,121.9555555555271,-1.6998,3.5463
45,CC DChg,122.05555555550382,-1.6998,3.5463
45,CC DChg,122.15555555548053,-1.6998,3.5463
45,CC DChg,122.25555555551546,-1.6998,3.5462
45,CC DChg,122.35555555549217,-1.6998,3.5462
45,CC DChg,122.4555555555271,-1.6998,3.5461
45,CC DChg,122.55555555550382,-1.6998,3.5461
45,CC DChg,122.65555555548053,-1.6998,3.546
45,CC DChg,122.75555555551546,-1.6998,3.546
45,CC DChg,122.85555555549217,-1.6998,3.546
45,CC DChg,122.9555555555271,-1.6998,3.546
45,CC DChg,123.05555555550382,-1.6998,3.546
45,CC DChg,123.15555555548053,-1.6998,3.546
45,CC DChg,123.25555555551546,-1.6998,3.5459
45,CC DChg,123.35555555549217,-1.6998,3.5459
45,CC DChg,123.4555555555271,-1.6998,3.5458
45,CC DChg,123.55555555550382,-1.6998,3.5458
45,CC DChg,123.65555555548053,-1.6998,3.5458
45,CC DChg,123.75555555551546,-1.6998,3.5458
45,CC DChg,123.85555555549217,-1.6998,3.5457
45,CC DChg,123.9555555555271,-1.6998,3.5457
45,CC DChg,124.05555555550382,-1.6998,3.5457
45,CC DChg,124.15555555548053,-1.6998,3.5456
45,CC DChg,124.25555555551546,-1.6998,3.5456
45,CC DChg,124.35555555549217,-1.6998,3.5456
45,CC DChg,124.4555555555271,-1.6998,3.5456
45,CC DChg,124.55555555550382,-1.6998,3.5456
45,CC DChg,124.65555555548053,-1.6998,3.5455
45,CC DChg,124.75555555551546,-1.6998,3.5455
45,CC DChg,124.85555555549217,-1.6998,3.5455
45,CC DChg,124.9555555555271,-1.6998,3.5455
45,CC DChg,125.05555555550382,-1.6998,3.5455
45,CC DChg,125.15555555548053,-1.6998,3.5454
45,CC DChg,125.25555555551546,-1.6998,3.5454
45,CC DChg,125.35555555549217,-1.6998,3.5454
45,CC DChg,125.4555555555271,-1.6998,3.5453
45,CC DChg,125.55555555550382,-1.6998,3.5453
45,CC DChg,125.65555555548053,-1.6998,3.5453
45,CC DChg,125.75555555551546,-1.6998,3.5452
45,CC DChg,125.85555555549217,-1.6998,3.5452
45,CC DChg,125.9555555555271,-1.6998,3.5452
45,CC DChg,126.05555555550382,-1.6998,3.5452
45,CC DChg,126.15555555548053,-1.6998,3.5451
45,CC DChg,126.25555555551546,-1.6998,3.5451
45,CC DChg,126.35555555549217,-1.6998,3.5451
45,CC DChg,126.4555555555271,-1.6998,3.5451
45,CC DChg,126.55555555550382,-1.6998,3.545
45,CC DChg,126.65555555548053,-1.6998,3.545
45,CC DChg,126.75555555551546,-1.6998,3.545
45,CC DChg,126.85555555549217,-1.6998,3.545
45,CC DChg,126.9555555555271,-1.6998,3.545
45,CC DChg,127.05555555550382,-1.6998,3.545
45,CC DChg,127.15555555548053,-1.6998,3.5449
45,CC DChg,127.25555555551546,-1.6998,3.5448
45,CC DChg,127.35555555549217,-1.6998,3.5448
45,CC DChg,127.4555555555271,-1.6998,3.5448
45,CC DChg,127.55555555550382,-1.6998,3.5448
45,CC DChg,127.65555555548053,-1.6998,3.5448
45,CC DChg,127.75555555551546,-1.6998,3.5447
45,CC DChg,127.85555555549217,-1.6998,3.5447
45,CC DChg,127.9555555555271,-1.6998,3.5447
45,CC DChg,128.05555555550382,-1.6998,3.5446
45,CC DChg,128.15555555548053,-1.6998,3.5446
45,CC DChg,128.25555555551546,-1.6998,3.5446
45,CC DChg,128.35555555549217,-1.6998,3.5446
45,CC DChg,128.4555555555271,-1.6998,3.5445
45,CC DChg,128.55555555550382,-1.6998,3.5445
45,CC DChg,128.65555555548053,-1.6998,3.5445
45,CC DChg,128.75555555551546,-1.6998,3.5445
45,CC DChg,128.85555555549217,-1.6998,3.5445
45,CC DChg,128.9555555555271,-1.6998,3.5444
45,CC DChg,129.05555555550382,-1.6998,3.5444
45,CC DChg,129.15555555548053,-1.6998,3.5444
45,CC DChg,129.25555555551546,-1.6998,3.5444
45,CC DChg,129.35555555549217,-1.6998,3.5443
45,CC DChg,129.4555555555271,-1.6998,3.5443
45,CC DChg,129.55555555550382,-1.6998,3.5443
45,CC DChg,129.65555555548053,-1.6998,3.5443
45,CC DChg,129.75555555551546,-1.6998,3.5443
45,CC DChg,129.85555555549217,-1.6998,3.5442
45,CC DChg,129.9555555555271,-1.6998,3.5442
45,CC DChg,130.05555555550382,-1.6998,3.5442
45,CC DChg,130.15555555548053,-1.6998,3.5442
45,CC DChg,130.25555555551546,-1.6998,3.5441
45,CC DChg,130.35555555549217,-1.6998,3.5441
45,CC DChg,130.4555555555271,-1.6998,3.544
45,CC DChg,130.55555555550382,-1.6998,3.544
45,CC DChg,130.65555555548053,-1.6998,3.544
45,CC DChg,130.75555555551546,-1.6998,3.544
45,CC DChg,130.85555555549217,-1.6998,3.544
45,CC DChg,130.9555555555271,-1.6998,3.5439
45,CC DChg,131.05555555550382,-1.6998,3.5439
45,CC DChg,131.15555555548053,-1.6998,3.5439
45,CC DChg,131.25555555551546,-1.6998,3.5439
45,CC DChg,131.35555555549217,-1.6998,3.5438
45,CC DChg,131.4555555555271,-1.6998,3.5438
45,CC DChg,131.55555555550382,-1.6998,3.5438
45,CC DChg,131.65555555548053,-1.6998,3.5438
45,CC DChg,131.75555555551546,-1.6998,3.5437
45,CC DChg,131.85555555549217,-1.6998,3.5437
45,CC DChg,131.9555555555271,-1.6998,3.5437
45,CC DChg,132.05555555550382,-1.6998,3.5436
45,CC DChg,132.15555555548053,-1.6998,3.5436
45,CC DChg,132.25555555551546,-1.6998,3.5436
45,CC DChg,132.35555555549217,-1.6998,3.5436
45,CC DChg,132.4555555555271,-1.6998,3.5436
45,CC DChg,132.55555555550382,-1.6998,3.5435
45,CC DChg,132.65555555548053,-1.6998,3.5435
45,CC DChg,132.75555555551546,-1.6998,3.5435
45,CC DChg,132.85555555549217,-1.6998,3.5435
45,CC DChg,132.9555555555271,-1.6998,3.5434
45,CC DChg,133.05555555550382,-1.6998,3.5434
45,CC DChg,133.15555555548053,-1.6998,3.5434
45,CC DChg,133.25555555551546,-1.6998,3.5434
45,CC DChg,133.35555555549217,-1.6998,3.5434
45,CC DChg,133.4555555555271,-1.6998,3.5433
45,CC DChg,133.55555555550382,-1.6998,3.5433
45,CC DChg,133.65555555548053,-1.6998,3.5433
45,CC DChg,133.75555555551546,-1.6998,3.5433
45,CC DChg,133.85555555549217,-1.6998,3.5432
45,CC DChg,133.9555555555271,-1.6998,3.5432
45,CC DChg,134.05555555550382,-1.6998,3.5432
45,CC DChg,134.15555555548053,-1.6997,3.5432
45,CC DChg,134.25555555551546,-1.6997,3.5432
45,CC DChg,134.35555555549217,-1.6997,3.5432
45,CC DChg,134.4555555555271,-1.6997,3.5431
45,CC DChg,134.55555555550382,-1.6997,3.5431
45,CC DChg,134.65555555548053,-1.6997,3.543
45,CC DChg,134.75555555551546,-1.6997,3.543
45,CC DChg,134.85555555549217,-1.6997,3.543
45,CC DChg,134.9555555555271,-1.6997,3.543
45,CC DChg,135.05555555550382,-1.6997,3.543
45,CC DChg,135.15555555548053,-1.6997,3.5429
45,CC DChg,135.25555555551546,-1.6997,3.5429
45,CC DChg,135.35555555549217,-1.6997,3.5429
45,CC DChg,135.4555555555271,-1.6998,3.5429
45,CC DChg,135.55555555550382,-1.6998,3.5428
45,CC DChg,135.65555555548053,-1.6998,3.5428
45,CC DChg,135.75555555551546,-1.6998,3.5428
45,CC DChg,135.85555555549217,-1.6997,3.5428
45,CC DChg,135.9555555555271,-1.6998,3.5427
45,CC DChg,136.05555555550382,-1.6998,3.5427
45,CC DChg,136.15555555548053,-1.6998,3.5427
45,CC DChg,136.25555555551546,-1.6998,3.5427
45,CC DChg,136.35555555549217,-1.6998,3.5427
45,CC DChg,136.4555555555271,-1.6998,3.5427
45,CC DChg,136.55555555550382,-1.6998,3.5426
45,CC DChg,136.65555555548053,-1.6998,3.5426
45,CC DChg,136.75555555551546,-1.6997,3.5425
45,CC DChg,136.85555555549217,-1.6997,3.5425
45,CC DChg,136.9555555555271,-1.6997,3.5425
45,CC DChg,137.05555555550382,-1.6997,3.5425
45,CC DChg,137.15555555548053,-1.6997,3.5424
45,CC DChg,137.25555555551546,-1.6997,3.5424
45,CC DChg,137.35555555549217,-1.6997,3.5424
45,CC DChg,137.4555555555271,-1.6997,3.5424
45,CC DChg,137.55555555550382,-1.6997,3.5423
45,CC DChg,137.65555555548053,-1.6997,3.5423
45,CC DChg,137.75555555551546,-1.6997,3.5423
45,CC DChg,137.85555555549217,-1.6997,3.5423
45,CC DChg,137.9555555555271,-1.6997,3.5423
45,CC DChg,138.05555555550382,-1.6997,3.5422
45,CC DChg,138.15555555548053,-1.6997,3.5422
45,CC DChg,138.25555555551546,-1.6997,3.5422
45,CC DChg,138.35555555549217,-1.6997,3.5422
45,CC DChg,138.4555555555271,-1.6997,3.5422
45,CC DChg,138.55555555550382,-1.6997,3.5421
45,CC DChg,138.65555555548053,-1.6997,3.5421
45,CC DChg,138.75555555551546,-1.6997,3.5421
45,CC DChg,138.85555555549217,-1.6997,3.5421
45,CC DChg,138.9555555555271,-1.6997,3.5421
45,CC DChg,139.05555555550382,-1.6997,3.5421
45,CC DChg,139.15555555548053,-1.6997,3.542
45,CC DChg,139.25555555551546,-1.6997,3.542
45,CC DChg,139.35555555549217,-1.6997,3.542
45,CC DChg,139.4555555555271,-1.6997,3.542
45,CC DChg,139.55555555550382,-1.6997,3.542
45,CC DChg,139.65555555548053,-1.6997,3.5419
45,CC DChg,139.75555555551546,-1.6997,3.5419
45,CC DChg,139.85555555549217,-1.6997,3.5419
45,CC DChg,139.9555555555271,-1.6997,3.5419
45,CC DChg,140.05555555550382,-1.6997,3.5418
45,CC DChg,140.15555555548053,-1.6997,3.5418
45,CC DChg,140.25555555551546,-1.6997,3.5418
45,CC DChg,140.35555555549217,-1.6997,3.5418
45,CC DChg,140.4555555555271,-1.6997,3.5418
45,CC DChg,140.55555555550382,-1.6997,3.5418
45,CC DChg,140.65555555548053,-1.6997,3.5417
45,CC DChg,140.75555555551546,-1.6997,3.5417
45,CC DChg,140.85555555549217,-1.6997,3.5417
45,CC DChg,140.9555555555271,-1.6997,3.5417
45,CC DChg,141.05555555550382,-1.6997,3.5416
45,CC DChg,141.15555555548053,-1.6997,3.5416
45,CC DChg,141.25555555551546,-1.6997,3.5415
45,CC DChg,141.35555555549217,-1.6997,3.5415
45,CC DChg,141.4555555555271,-1.6997,3.5415
45,CC DChg,141.55555555550382,-1.6997,3.5415
45,CC DChg,141.65555555548053,-1.6997,3.5414
45,CC DChg,141.75555555551546,-1.6997,3.5414
45,CC DChg,141.85555555549217,-1.6997,3.5414
45,CC DChg,141.9555555555271,-1.6997,3.5414
45,CC DChg,142.05555555550382,-1.6997,3.5414
45,CC DChg,142.15555555548053,-1.6997,3.5414
45,CC DChg,142.25555555551546,-1.6997,3.5413
45,CC DChg,142.35555555549217,-1.6997,3.5413
45,CC DChg,142.4555555555271,-1.6997,3.5413
45,CC DChg,142.55555555550382,-1.6997,3.5413
45,CC DChg,142.65555555548053,-1.6997,3.5413
45,CC DChg,142.75555555551546,-1.6997,3.5412
45,CC DChg,142.85555555549217,-1.6997,3.5412
45,CC DChg,142.9555555555271,-1.6997,3.5412
45,CC DChg,143.05555555550382,-1.6997,3.5412
45,CC DChg,143.15555555548053,-1.6997,3.5412
45,CC DChg,143.25555555551546,-1.6997,3.5411
45,CC DChg,143.35555555549217,-1.6997,3.5411
45,CC DChg,143.4555555555271,-1.6997,3.5411
45,CC DChg,143.55555555550382,-1.6997,3.541
45,CC DChg,143.65555555548053,-1.6997,3.541
45,CC DChg,143.75555555551546,-1.6997,3.541
45,CC DChg,143.85555555549217,-1.6997,3.541
45,CC DChg,143.9555555555271,-1.6997,3.541
45,CC DChg,144.05555555550382,-1.6998,3.5409
45,CC DChg,144.15555555548053,-1.6998,3.5409
45,CC DChg,144.25555555551546,-1.6998,3.5409
45,CC DChg,144.35555555549217,-1.6998,3.5409
45,CC DChg,144.4555555555271,-1.6998,3.5409
45,CC DChg,144.55555555550382,-1.6998,3.5408
45,CC DChg,144.65555555548053,-1.6998,3.5408
45,CC DChg,144.75555555551546,-1.6998,3.5407
45,CC DChg,144.85555555549217,-1.6998,3.5407
45,CC DChg,144.9555555555271,-1.6998,3.5407
45,CC DChg,145.05555555550382,-1.6998,3.5407
45,CC DChg,145.15555555548053,-1.6998,3.5407
45,CC DChg,145.25555555551546,-1.6998,3.5407
45,CC DChg,145.35555555549217,-1.6998,3.5406
45,CC DChg,145.4555555555271,-1.6998,3.5406
45,CC DChg,145.55555555550382,-1.6998,3.5406
45,CC DChg,145.65555555548053,-1.6998,3.5406
45,CC DChg,145.75555555551546,-1.6998,3.5406
45,CC DChg,145.85555555549217,-1.6998,3.5405
45,CC DChg,145.9555555555271,-1.6998,3.5405
45,CC DChg,146.05555555550382,-1.6998,3.5405
45,CC DChg,146.15555555548053,-1.6998,3.5405
45,CC DChg,146.25555555551546,-1.6998,3.5405
45,CC DChg,146.35555555549217,-1.6998,3.5404
45,CC DChg,146.4555555555271,-1.6998,3.5404
45,CC DChg,146.55555555550382,-1.6998,3.5404
45,CC DChg,146.65555555548053,-1.6998,3.5403
45,CC DChg,146.75555555551546,-1.6998,3.5403
45,CC DChg,146.85555555549217,-1.6998,3.5403
45,CC DChg,146.9555555555271,-1.6998,3.5403
45,CC DChg,147.05555555550382,-1.6998,3.5403
45,CC DChg,147.15555555548053,-1.6998,3.5402
45,CC DChg,147.25555555551546,-1.6998,3.5402
45,CC DChg,147.35555555549217,-1.6998,3.5402
45,CC DChg,147.4555555555271,-1.6998,3.5402
45,CC DChg,147.55555555550382,-1.6998,3.5402
45,CC DChg,147.65555555548053,-1.6998,3.5401
45,CC DChg,147.75555555551546,-1.6998,3.5401
45,CC DChg,147.85555555549217,-1.6998,3.5401
45,CC DChg,147.9555555555271,-1.6998,3.54
45,CC DChg,148.05555555550382,-1.6998,3.54
45,CC DChg,148.15555555548053,-1.6998,3.54
45,CC DChg,148.25555555551546,-1.6998,3.54
45,CC DChg,148.35555555549217,-1.6998,3.54
45,CC DChg,148.4555555555271,-1.6998,3.5399
45,CC DChg,148.55555555550382,-1.6998,3.5399
45,CC DChg,148.65555555548053,-1.6998,3.5399
45,CC DChg,148.75555555551546,-1.6998,3.5399
45,CC DChg,148.85555555549217,-1.6998,3.5398
45,CC DChg,148.9555555555271,-1.6998,3.5398
45,CC DChg,149.05555555550382,-1.6998,3.5398
45,CC DChg,149.15555555548053,-1.6998,3.5398
45,CC DChg,149.25555555551546,-1.6998,3.5398
45,CC DChg,149.35555555549217,-1.6998,3.5398
45,CC DChg,149.4555555555271,-1.6998,3.5397
45,CC DChg,149.55555555550382,-1.6998,3.5398
45,CC DChg,149.65555555548053,-1.6998,3.5397
45,CC DChg,149.75555555551546,-1.6998,3.5397
45,CC DChg,149.85555555549217,-1.6998,3.5396
45,CC DChg,149.9555555555271,-1.6998,3.5396
45,CC DChg,150.05555555550382,-1.6998,3.5396
45,CC DChg,150.15555555548053,-1.6998,3.5396
45,CC DChg,150.25555555551546,-1.6998,3.5396
45,CC DChg,150.35555555549217,-1.6998,3.5395
45,CC DChg,150.4555555555271,-1.6998,3.5395
45,CC DChg,150.55555555550382,-1.6998,3.5395
45,CC DChg,150.65555555548053,-1.6998,3.5395
45,CC DChg,150.75555555551546,-1.6998,3.5394
45,CC DChg,150.85555555549217,-1.6998,3.5395
45,CC DChg,150.9555555555271,-1.6998,3.5395
45,CC DChg,151.05555555550382,-1.6998,3.5394
45,CC DChg,151.15555555548053,-1.6998,3.5394
45,CC DChg,151.25555555551546,-1.6998,3.5394
45,CC DChg,151.35555555549217,-1.6998,3.5393
45,CC DChg,151.4555555555271,-1.6998,3.5393
45,CC DChg,151.55555555550382,-1.6998,3.5393
45,CC DChg,151.65555555548053,-1.6998,3.5393
45,CC DChg,151.75555555551546,-1.6998,3.5393
45,CC DChg,151.85555555549217,-1.6998,3.5393
45,CC DChg,151.9555555555271,-1.6998,3.5392
45,CC DChg,152.05555555550382,-1.6998,3.5392
45,CC DChg,152.15555555548053,-1.6998,3.5392
45,CC DChg,152.25555555551546,-1.6998,3.5392
45,CC DChg,152.35555555549217,-1.6998,3.5391
45,CC DChg,152.4555555555271,-1.6998,3.5391
45,CC DChg,152.55555555550382,-1.6998,3.5391
45,CC DChg,152.65555555548053,-1.6998,3.5391
45,CC DChg,152.75555555551546,-1.6998,3.539
45,CC DChg,152.85555555549217,-1.6998,3.539
45,CC DChg,152.9555555555271,-1.6998,3.539
45,CC DChg,153.05555555550382,-1.6998,3.539
45,CC DChg,153.15555555548053,-1.6998,3.5389
45,CC DChg,153.25555555551546,-1.6998,3.5389
45,CC DChg,153.35555555549217,-1.6998,3.5389
45,CC DChg,153.4555555555271,-1.6998,3.5389
45,CC DChg,153.55555555550382,-1.6998,3.5389
45,CC DChg,153.65555555548053,-1.6998,3.5388
45,CC DChg,153.75555555551546,-1.6998,3.5388
45,CC DChg,153.85555555549217,-1.6998,3.5388
45,CC DChg,153.9555555555271,-1.6998,3.5388
45,CC DChg,154.05555555550382,-1.6998,3.5387
45,CC DChg,154.15555555548053,-1.6998,3.5387
45,CC DChg,154.25555555551546,-1.6998,3.5387
45,CC DChg,154.35555555549217,-1.6998,3.5387
45,CC DChg,154.4555555555271,-1.6998,3.5386
45,CC DChg,154.55555555550382,-1.6998,3.5386
45,CC DChg,154.65555555548053,-1.6998,3.5386
45,CC DChg,154.75555555551546,-1.6998,3.5386
45,CC DChg,154.85555555549217,-1.6998,3.5386
45,CC DChg,154.9555555555271,-1.6998,3.5385
45,CC DChg,155.05555555550382,-1.6998,3.5385
45,CC DChg,155.15555555548053,-1.6998,3.5385
45,CC DChg,155.25555555551546,-1.6998,3.5385
45,CC DChg,155.35555555549217,-1.6998,3.5385
45,CC DChg,155.4555555555271,-1.6998,3.5384
45,CC DChg,155.55555555550382,-1.6998,3.5384
45,CC DChg,155.65555555548053,-1.6998,3.5384
45,CC DChg,155.75555555551546,-1.6998,3.5384
45,CC DChg,155.85555555549217,-1.6998,3.5383
45,CC DChg,155.9555555555271,-1.6998,3.5383
45,CC DChg,156.05555555550382,-1.6998,3.5383
45,CC DChg,156.15555555548053,-1.6998,3.5383
45,CC DChg,156.25555555551546,-1.6998,3.5383
45,CC DChg,156.35555555549217,-1.6998,3.5383
45,CC DChg,156.4555555555271,-1.6998,3.5383
45,CC DChg,156.55555555550382,-1.6998,3.5382
45,CC DChg,156.65555555548053,-1.6998,3.5382
45,CC DChg,156.75555555551546,-1.6998,3.5382
45,CC DChg,156.85555555549217,-1.6998,3.5382
45,CC DChg,156.9555555555271,-1.6998,3.5381
45,CC DChg,157.05555555550382,-1.6998,3.5381
45,CC DChg,157.15555555548053,-1.6998,3.5381
45,CC DChg,157.25555555551546,-1.6998,3.5381
45,CC DChg,157.35555555549217,-1.6998,3.5381
45,CC DChg,157.4555555555271,-1.6998,3.538
45,CC DChg,157.55555555550382,-1.6998,3.538
45,CC DChg,157.65555555548053,-1.6998,3.538
45,CC DChg,157.75555555551546,-1.6998,3.5379
45,CC DChg,157.85555555549217,-1.6998,3.5379
45,CC DChg,157.9555555555271,-1.6998,3.5379
45,CC DChg,158.05555555550382,-1.6998,3.5379
45,CC DChg,158.15555555548053,-1.6998,3.5379
45,CC DChg,158.25555555551546,-1.6998,3.5378
45,CC DChg,158.35555555549217,-1.6998,3.5378
45,CC DChg,158.4555555555271,-1.6998,3.5378
45,CC DChg,158.55555555550382,-1.6998,3.5378
45,CC DChg,158.65555555548053,-1.6998,3.5377
45,CC DChg,158.75555555551546,-1.6998,3.5377
45,CC DChg,158.85555555549217,-1.6998,3.5377
45,CC DChg,158.9555555555271,-1.6998,3.5377
45,CC DChg,159.05555555550382,-1.6998,3.5377
45,CC DChg,159.15555555548053,-1.6998,3.5377
45,CC DChg,159.25555555551546,-1.6998,3.5376
45,CC DChg,159.35555555549217,-1.6998,3.5376
45,CC DChg,159.4555555555271,-1.6998,3.5376
45,CC DChg,159.55555555550382,-1.6998,3.5375
45,CC DChg,159.65555555548053,-1.6998,3.5375
45,CC DChg,159.75555555551546,-1.6998,3.5375
45,CC DChg,159.85555555549217,-1.6998,3.5375
45,CC DChg,159.9555555555271,-1.6998,3.5375
45,CC DChg,160.05555555550382,-1.6998,3.5375
45,CC DChg,160.15555555548053,-1.6998,3.5375
45,CC DChg,160.25555555551546,-1.6998,3.5374
45,CC DChg,160.35555555549217,-1.6998,3.5374
45,CC DChg,160.4555555555271,-1.6998,3.5374
45,CC DChg,160.55555555550382,-1.6998,3.5374
45,CC DChg,160.65555555548053,-1.6998,3.5374
45,CC DChg,160.75555555551546,-1.6998,3.5373
45,CC DChg,160.85555555549217,-1.6998,3.5373
45,CC DChg,160.9555555555271,-1.6998,3.5373
45,CC DChg,161.05555555550382,-1.6998,3.5373
45,CC DChg,161.15555555548053,-1.6998,3.5372
45,CC DChg,161.25555555551546,-1.6998,3.5372
45,CC DChg,161.35555555549217,-1.6998,3.5372
45,CC DChg,161.4555555555271,-1.6998,3.5372
45,CC DChg,161.55555555550382,-1.6998,3.5372
45,CC DChg,161.65555555548053,-1.6998,3.5372
45,CC DChg,161.75555555551546,-1.6998,3.5371
45,CC DChg,161.85555555549217,-1.6998,3.5371
45,CC DChg,161.9555555555271,-1.6998,3.5371
45,CC DChg,162.05555555550382,-1.6998,3.5371
45,CC DChg,162.15555555548053,-1.6998,3.5371
45,CC DChg,162.25555555551546,-1.6998,3.537
45,CC DChg,162.35555555549217,-1.6998,3.537
45,CC DChg,162.4555555555271,-1.6998,3.537
45,CC DChg,162.55555555550382,-1.6998,3.537
45,CC DChg,162.65555555548053,-1.6998,3.5369
45,CC DChg,162.75555555551546,-1.6998,3.5369
45,CC DChg,162.85555555549217,-1.6998,3.5369
45,CC DChg,162.9555555555271,-1.6998,3.5369
45,CC DChg,163.05555555550382,-1.6998,3.5369
45,CC DChg,163.15555555548053,-1.6998,3.5368
45,CC DChg,163.25555555551546,-1.6998,3.5368
45,CC DChg,163.35555555549217,-1.6998,3.5368
45,CC DChg,163.4555555555271,-1.6998,3.5368
45,CC DChg,163.55555555550382,-1.6998,3.5368
45,CC DChg,163.65555555548053,-1.6998,3.5367
45,CC DChg,163.75555555551546,-1.6998,3.5367
45,CC DChg,163.85555555549217,-1.6998,3.5367
45,CC DChg,163.9555555555271,-1.6998,3.5367
45,CC DChg,164.05555555550382,-1.6998,3.5367
45,CC DChg,164.15555555548053,-1.6998,3.5367
45,CC DChg,164.25555555551546,-1.6998,3.5366
45,CC DChg,164.35555555549217,-1.6998,3.5366
45,CC DChg,164.4555555555271,-1.6998,3.5366
45,CC DChg,164.55555555550382,-1.6998,3.5366
45,CC DChg,164.65555555548053,-1.6998,3.5366
45,CC DChg,164.75555555551546,-1.6998,3.5365
45,CC DChg,164.85555555549217,-1.6998,3.5365
45,CC DChg,164.9555555555271,-1.6998,3.5365
45,CC DChg,165.05555555550382,-1.6998,3.5365
45,CC DChg,165.15555555548053,-1.6998,3.5365
45,CC DChg,165.25555555551546,-1.6998,3.5364
45,CC DChg,165.35555555549217,-1.6998,3.5365
45,CC DChg,165.4555555555271,-1.6998,3.5364
45,CC DChg,165.55555555550382,-1.6998,3.5364
45,CC DChg,165.65555555548053,-1.6998,3.5364
45,CC DChg,165.75555555551546,-1.6998,3.5364
45,CC DChg,165.85555555549217,-1.6998,3.5363
45,CC DChg,165.9555555555271,-1.6998,3.5363
45,CC DChg,166.05555555550382,-1.6998,3.5363
45,CC DChg,166.15555555548053,-1.6998,3.5363
45,CC DChg,166.25555555551546,-1.6998,3.5363
45,CC DChg,166.35555555549217,-1.6998,3.5362
45,CC DChg,166.4555555555271,-1.6998,3.5362
45,CC DChg,166.55555555550382,-1.6998,3.5362
45,CC DChg,166.65555555548053,-1.6998,3.5362
45,CC DChg,166.75555555551546,-1.6998,3.5362
45,CC DChg,166.85555555549217,-1.6998,3.5362
45,CC DChg,166.9555555555271,-1.6998,3.5361
45,CC DChg,167.05555555550382,-1.6998,3.5361
45,CC DChg,167.15555555548053,-1.6998,3.5361
45,CC DChg,167.25555555551546,-1.6998,3.5361
45,CC DChg,167.35555555549217,-1.6998,3.536
45,CC DChg,167.4555555555271,-1.6998,3.536
45,CC DChg,167.55555555550382,-1.6998,3.536
45,CC DChg,167.65555555548053,-1.6998,3.536
45,CC DChg,167.75555555551546,-1.6998,3.536
45,CC DChg,167.85555555549217,-1.6998,3.5359
45,CC DChg,167.9555555555271,-1.6998,3.5359
45,CC DChg,168.05555555550382,-1.6998,3.5359
45,CC DChg,168.15555555548053,-1.6998,3.5359
45,CC DChg,168.25555555551546,-1.6998,3.5358
45,CC DChg,168.35555555549217,-1.6998,3.5358
45,CC DChg,168.4555555555271,-1.6998,3.5358
45,CC DChg,168.55555555550382,-1.6998,3.5358
45,CC DChg,168.65555555548053,-1.6998,3.5358
45,CC DChg,168.75555555551546,-1.6998,3.5358
45,CC DChg,168.85555555549217,-1.6998,3.5357
45,CC DChg,168.9555555555271,-1.6998,3.5357
45,CC DChg,169.05555555550382,-1.6998,3.5357
45,CC DChg,169.15555555548053,-1.6998,3.5357
45,CC DChg,169.25555555551546,-1.6998,3.5356
45,CC DChg,169.35555555549217,-1.6998,3.5356
45,CC DChg,169.4555555555271,-1.6998,3.5356
45,CC DChg,169.55555555550382,-1.6998,3.5356
45,CC DChg,169.65555555548053,-1.6998,3.5355
45,CC DChg,169.75555555551546,-1.6998,3.5355
45,CC DChg,169.85555555549217,-1.6998,3.5355
45,CC DChg,169.9555555555271,-1.6998,3.5355
45,CC DChg,170.05555555550382,-1.6998,3.5355
45,CC DChg,170.15555555548053,-1.6998,3.5355
45,CC DChg,170.25555555551546,-1.6998,3.5354
45,CC DChg,170.35555555549217,-1.6998,3.5354
45,CC DChg,170.4555555555271,-1.6998,3.5354
45,CC DChg,170.55555555550382,-1.6998,3.5354
45,CC DChg,170.65555555548053,-1.6998,3.5353
45,CC DChg,170.75555555551546,-1.6998,3.5353
45,CC DChg,170.85555555549217,-1.6998,3.5353
45,CC DChg,170.9555555555271,-1.6998,3.5353
45,CC DChg,171.05555555550382,-1.6998,3.5353
45,CC DChg,171.15555555548053,-1.6998,3.5353
45,CC DChg,171.25555555551546,-1.6998,3.5353
45,CC DChg,171.35555555549217,-1.6998,3.5352
45,CC DChg,171.4555555555271,-1.6998,3.5352
45,CC DChg,171.55555555550382,-1.6998,3.5352
45,CC DChg,171.65555555548053,-1.6998,3.5352
45,CC DChg,171.75555555551546,-1.6998,3.5352
45,CC DChg,171.85555555549217,-1.6998,3.5351
45,CC DChg,171.9555555555271,-1.6998,3.5351
45,CC DChg,172.05555555550382,-1.6998,3.5351
45,CC DChg,172.15555555548053,-1.6998,3.5351
45,CC DChg,172.25555555551546,-1.6998,3.5351
45,CC DChg,172.35555555549217,-1.6998,3.5351
45,CC DChg,172.4555555555271,-1.6998,3.535
45,CC DChg,172.55555555550382,-1.6998,3.535
45,CC DChg,172.65555555548053,-1.6998,3.535
45,CC DChg,172.75555555551546,-1.6998,3.535
45,CC DChg,172.85555555549217,-1.6998,3.5349
45,CC DChg,172.9555555555271,-1.6998,3.5349
45,CC DChg,173.05555555550382,-1.6998,3.5349
45,CC DChg,173.15555555548053,-1.6998,3.5349
45,CC DChg,173.25555555551546,-1.6998,3.5349
45,CC DChg,173.35555555549217,-1.6998,3.5348
45,CC DChg,173.4555555555271,-1.6998,3.5348
45,CC DChg,173.55555555550382,-1.6998,3.5348
45,CC DChg,173.65555555548053,-1.6998,3.5348
45,CC DChg,173.75555555551546,-1.6998,3.5348
45,CC DChg,173.85555555549217,-1.6998,3.5347
45,CC DChg,173.9555555555271,-1.6998,3.5347
45,CC DChg,174.05555555550382,-1.6998,3.5347
45,CC DChg,174.15555555548053,-1.6998,3.5347
45,CC DChg,174.25555555551546,-1.6998,3.5347
45,CC DChg,174.35555555549217,-1.6998,3.5346
45,CC DChg,174.4555555555271,-1.6998,3.5346
45,CC DChg,174.55555555550382,-1.6998,3.5346
45,CC DChg,174.65555555548053,-1.6998,3.5346
45,CC DChg,174.75555555551546,-1.6998,3.5346
45,CC DChg,174.85555555549217,-1.6998,3.5346
45,CC DChg,174.9555555555271,-1.6999,3.5345
45,CC DChg,175.05555555550382,-1.6999,3.5345
45,CC DChg,175.15555555548053,-1.6999,3.5345
45,CC DChg,175.25555555551546,-1.6999,3.5345
45,CC DChg,175.35555555549217,-1.6999,3.5345
45,CC DChg,175.4555555555271,-1.6999,3.5344
45,CC DChg,175.55555555550382,-1.6999,3.5344
45,CC DChg,175.65555555548053,-1.6999,3.5344
45,CC DChg,175.75555555551546,-1.6999,3.5344
45,CC DChg,175.85555555549217,-1.6999,3.5344
45,CC DChg,175.9555555555271,-1.6999,3.5343
45,CC DChg,176.05555555550382,-1.6999,3.5343
45,CC DChg,176.15555555548053,-1.6999,3.5343
45,CC DChg,176.25555555551546,-1.6999,3.5343
45,CC DChg,176.35555555549217,-1.6999,3.5343
45,CC DChg,176.4555555555271,-1.6999,3.5342
45,CC DChg,176.55555555550382,-1.6999,3.5342
45,CC DChg,176.65555555548053,-1.6999,3.5342
45,CC DChg,176.75555555551546,-1.6999,3.5341
45,CC DChg,176.85555555549217,-1.6999,3.5341
45,CC DChg,176.9555555555271,-1.6999,3.5341
45,CC DChg,177.05555555550382,-1.6999,3.5341
45,CC DChg,177.15555555548053,-1.6999,3.5341
45,CC DChg,177.25555555551546,-1.6999,3.534
45,CC DChg,177.35555555549217,-1.6999,3.534
45,CC DChg,177.4555555555271,-1.6999,3.534
45,CC DChg,177.55555555550382,-1.6999,3.534
45,CC DChg,177.65555555548053,-1.6999,3.5339
45,CC DChg,177.75555555551546,-1.6999,3.5339
45,CC DChg,177.85555555549217,-1.6999,3.5339
45,CC DChg,177.9555555555271,-1.6999,3.5339
45,CC DChg,178.05555555550382,-1.6999,3.5338
45,CC DChg,178.15555555548053,-1.6999,3.5338
45,CC DChg,178.25555555551546,-1.6999,3.5338
45,CC DChg,178.35555555549217,-1.6999,3.5338
45,CC DChg,178.4555555555271,-1.6999,3.5338
45,CC DChg,178.55555555550382,-1.6999,3.5338
45,CC DChg,178.65555555548053,-1.6999,3.5338
45,CC DChg,178.75555555551546,-1.6999,3.5338
45,CC DChg,178.85555555549217,-1.6999,3.5337
45,CC DChg,178.9555555555271,-1.6999,3.5337
45,CC DChg,179.05555555550382,-1.6999,3.5337
45,CC DChg,179.15555555548053,-1.6999,3.5337
45,CC DChg,179.25555555551546,-1.6999,3.5336
45,CC DChg,179.35555555549217,-1.6999,3.5336
45,CC DChg,179.4555555555271,-1.6999,3.5336
45,CC DChg,179.55555555550382,-1.6999,3.5336
45,CC DChg,179.65555555548053,-1.6999,3.5336
45,CC DChg,179.75555555551546,-1.6999,3.5335
45,CC DChg,179.85555555549217,-1.6999,3.5335
45,CC DChg,179.9555555555271,-1.6999,3.5335
45,CC DChg,180.05555555550382,-1.6999,3.5335
45,CC DChg,180.15555555548053,-1.6999,3.5335
45,CC DChg,180.25555555551546,-1.6999,3.5335
45,CC DChg,180.35555555549217,-1.6999,3.5334
45,CC DChg,180.4555555555271,-1.6999,3.5334
45,CC DChg,180.55555555550382,-1.6999,3.5334
45,CC DChg,180.65555555548053,-1.6999,3.5333
45,CC DChg,180.75555555551546,-1.6999,3.5333
45,CC DChg,180.85555555549217,-1.6999,3.5333
45,CC DChg,180.9555555555271,-1.6999,3.5333
45,CC DChg,181.05555555550382,-1.6999,3.5333
45,CC DChg,181.15555555548053,-1.6999,3.5333
45,CC DChg,181.25555555551546,-1.6999,3.5332
45,CC DChg,181.35555555549217,-1.6999,3.5332
45,CC DChg,181.4555555555271,-1.6999,3.5332
45,CC DChg,181.55555555550382,-1.6999,3.5332
45,CC DChg,181.65555555548053,-1.6999,3.5332
45,CC DChg,181.75555555551546,-1.6999,3.5331
45,CC DChg,181.85555555549217,-1.6999,3.5331
45,CC DChg,181.9555555555271,-1.6999,3.5331
45,CC DChg,182.05555555550382,-1.6999,3.5331
45,CC DChg,182.15555555548053,-1.6999,3.533
45,CC DChg,182.25555555551546,-1.6999,3.533
45,CC DChg,182.35555555549217,-1.6999,3.533
45,CC DChg,182.4555555555271,-1.6999,3.533
45,CC DChg,182.55555555550382,-1.6999,3.533
45,CC DChg,182.65555555548053,-1.6999,3.533
45,CC DChg,182.75555555551546,-1.6999,3.5329
45,CC DChg,182.85555555549217,-1.6999,3.5329
45,CC DChg,182.9555555555271,-1.6999,3.5329
45,CC DChg,183.05555555550382,-1.6999,3.5329
45,CC DChg,183.15555555548053,-1.6999,3.5329
45,CC DChg,183.25555555551546,-1.6999,3.5329
45,CC DChg,183.35555555549217,-1.6999,3.5328
45,CC DChg,183.4555555555271,-1.6999,3.5328
45,CC DChg,183.55555555550382,-1.6999,3.5328
45,CC DChg,183.65555555548053,-1.6999,3.5328
45,CC DChg,183.75555555551546,-1.6999,3.5328
45,CC DChg,183.85555555549217,-1.6999,3.5328
45,CC DChg,183.9555555555271,-1.6999,3.5328
45,CC DChg,184.05555555550382,-1.6999,3.5327
45,CC DChg,184.15555555548053,-1.6999,3.5327
45,CC DChg,184.25555555551546,-1.6999,3.5327
45,CC DChg,184.35555555549217,-1.6999,3.5327
45,CC DChg,184.4555555555271,-1.6999,3.5326
45,CC DChg,184.55555555550382,-1.6999,3.5326
45,CC DChg,184.65555555548053,-1.6999,3.5326
45,CC DChg,184.75555555551546,-1.6999,3.5326
45,CC DChg,184.85555555549217,-1.6999,3.5326
45,CC DChg,184.9555555555271,-1.6999,3.5326
45,CC DChg,185.05555555550382,-1.6999,3.5325
45,CC DChg,185.15555555548053,-1.6999,3.5325
45,CC DChg,185.25555555551546,-1.6999,3.5325
45,CC DChg,185.35555555549217,-1.6999,3.5325
45,CC DChg,185.4555555555271,-1.6999,3.5325
45,CC DChg,185.55555555550382,-1.6999,3.5324
45,CC DChg,185.65555555548053,-1.6999,3.5324
45,CC DChg,185.75555555551546,-1.6999,3.5324
45,CC DChg,185.85555555549217,-1.6999,3.5324
45,CC DChg,185.9555555555271,-1.6999,3.5323
45,CC DChg,186.05555555550382,-1.6999,3.5323
45,CC DChg,186.15555555548053,-1.6999,3.5323
45,CC DChg,186.25555555551546,-1.6999,3.5323
45,CC DChg,186.35555555549217,-1.6999,3.5322
45,CC DChg,186.4555555555271,-1.6999,3.5322
45,CC DChg,186.55555555550382,-1.6999,3.5322
45,CC DChg,186.65555555548053,-1.6999,3.5322
45,CC DChg,186.75555555551546,-1.6999,3.5321
45,CC DChg,186.85555555549217,-1.6999,3.5322
45,CC DChg,186.9555555555271,-1.6999,3.5321
45,CC DChg,187.05555555550382,-1.6999,3.5321
45,CC DChg,187.15555555548053,-1.6999,3.5321
45,CC DChg,187.25555555551546,-1.6999,3.5321
45,CC DChg,187.35555555549217,-1.6999,3.5321
45,CC DChg,187.4555555555271,-1.6999,3.5321
45,CC DChg,187.55555555550382,-1.6999,3.532
45,CC DChg,187.65555555548053,-1.6999,3.532
45,CC DChg,187.75555555551546,-1.6999,3.532
45,CC DChg,187.85555555549217,-1.6999,3.532
45,CC DChg,187.9555555555271,-1.6999,3.532
45,CC DChg,188.05555555550382,-1.6999,3.5319
45,CC DChg,188.15555555548053,-1.6999,3.5319
45,CC DChg,188.25555555551546,-1.6999,3.5319
45,CC DChg,188.35555555549217,-1.6999,3.5319
45,CC DChg,188.4555555555271,-1.6999,3.5319
45,CC DChg,188.55555555550382,-1.6999,3.5318
45,CC DChg,188.65555555548053,-1.6999,3.5318
45,CC DChg,188.75555555551546,-1.6999,3.5318
45,CC DChg,188.85555555549217,-1.6999,3.5318
45,CC DChg,188.9555555555271,-1.6999,3.5317
45,CC DChg,189.05555555550382,-1.6999,3.5317
45,CC DChg,189.15555555548053,-1.6999,3.5317
45,CC DChg,189.25555555551546,-1.6999,3.5317
45,CC DChg,189.35555555549217,-1.6999,3.5317
45,CC DChg,189.4555555555271,-1.6999,3.5317
45,CC DChg,189.55555555550382,-1.6999,3.5316
45,CC DChg,189.65555555548053,-1.6999,3.5316
45,CC DChg,189.75555555551546,-1.6999,3.5316
45,CC DChg,189.85555555549217,-1.6999,3.5316
45,CC DChg,189.9555555555271,-1.6999,3.5316
45,CC DChg,190.05555555550382,-1.6999,3.5315
45,CC DChg,190.15555555548053,-1.6999,3.5315
45,CC DChg,190.25555555551546,-1.6999,3.5315
45,CC DChg,190.35555555549217,-1.6999,3.5315
45,CC DChg,190.4555555555271,-1.6999,3.5315
45,CC DChg,190.55555555550382,-1.6999,3.5315
45,CC DChg,190.65555555548053,-1.6999,3.5315
45,CC DChg,190.75555555551546,-1.6999,3.5314
45,CC DChg,190.85555555549217,-1.6999,3.5314
45,CC DChg,190.9555555555271,-1.6999,3.5314
45,CC DChg,191.05555555550382,-1.6999,3.5314
45,CC DChg,191.15555555548053,-1.6999,3.5314
45,CC DChg,191.25555555551546,-1.6999,3.5313
45,CC DChg,191.35555555549217,-1.6999,3.5313
45,CC DChg,191.4555555555271,-1.6999,3.5313
45,CC DChg,191.55555555550382,-1.6999,3.5313
45,CC DChg,191.65555555548053,-1.6999,3.5313
45,CC DChg,191.75555555551546,-1.6999,3.5313
45,CC DChg,191.85555555549217,-1.6999,3.5312
45,CC DChg,191.9555555555271,-1.6999,3.5313
45,CC DChg,192.05555555550382,-1.6999,3.5312
45,CC DChg,192.15555555548053,-1.6999,3.5312
45,CC DChg,192.25555555551546,-1.6999,3.5312
45,CC DChg,192.35555555549217,-1.6999,3.5311
45,CC DChg,192.4555555555271,-1.6999,3.5311
45,CC DChg,192.55555555550382,-1.6999,3.5311
45,CC DChg,192.65555555548053,-1.6999,3.5311
45,CC DChg,192.75555555551546,-1.6999,3.5311
45,CC DChg,192.85555555549217,-1.6999,3.5311
45,CC DChg,192.9555555555271,-1.6999,3.531
45,CC DChg,193.05555555550382,-1.6999,3.531
45,CC DChg,193.15555555548053,-1.6999,3.531
45,CC DChg,193.25555555551546,-1.6999,3.531
45,CC DChg,193.35555555549217,-1.6999,3.531
45,CC DChg,193.4555555555271,-1.6999,3.531
45,CC DChg,193.55555555550382,-1.6999,3.5309
45,CC DChg,193.65555555548053,-1.6999,3.5309
45,CC DChg,193.75555555551546,-1.6999,3.5309
45,CC DChg,193.85555555549217,-1.6999,3.5309
45,CC DChg,193.9555555555271,-1.6999,3.5308
45,CC DChg,194.05555555550382,-1.6999,3.5308
45,CC DChg,194.15555555548053,-1.6999,3.5308
45,CC DChg,194.25555555551546,-1.6999,3.5308
45,CC DChg,194.35555555549217,-1.6999,3.5308
45,CC DChg,194.4555555555271,-1.6999,3.5307
45,CC DChg,194.55555555550382,-1.6999,3.5307
45,CC DChg,194.65555555548053,-1.6999,3.5307
45,CC DChg,194.75555555551546,-1.6999,3.5307
45,CC DChg,194.85555555549217,-1.6999,3.5306
45,CC DChg,194.9555555555271,-1.6999,3.5306
45,CC DChg,195.05555555550382,-1.6999,3.5306
45,CC DChg,195.15555555548053,-1.6999,3.5306
45,CC DChg,195.25555555551546,-1.6999,3.5306
45,CC DChg,195.35555555549217,-1.6999,3.5306
45,CC DChg,195.4555555555271,-1.6999,3.5305
45,CC DChg,195.55555555550382,-1.6999,3.5305
45,CC DChg,195.65555555548053,-1.6999,3.5305
45,CC DChg,195.75555555551546,-1.6999,3.5305
45,CC DChg,195.85555555549217,-1.6999,3.5305
45,CC DChg,195.9555555555271,-1.6999,3.5305
45,CC DChg,196.05555555550382,-1.6999,3.5305
45,CC DChg,196.15555555548053,-1.6999,3.5304
45,CC DChg,196.25555555551546,-1.6999,3.5304
45,CC DChg,196.35555555549217,-1.6999,3.5304
45,CC DChg,196.4555555555271,-1.6999,3.5304
45,CC DChg,196.55555555550382,-1.6999,3.5304
45,CC DChg,196.65555555548053,-1.6999,3.5303
45,CC DChg,196.75555555551546,-1.6999,3.5303
45,CC DChg,196.85555555549217,-1.6999,3.5303
45,CC DChg,196.9555555555271,-1.6999,3.5303
45,CC DChg,197.05555555550382,-1.6999,3.5303
45,CC DChg,197.15555555548053,-1.6999,3.5302
45,CC DChg,197.25555555551546,-1.6999,3.5302
45,CC DChg,197.35555555549217,-1.6999,3.5302
45,CC DChg,197.4555555555271,-1.6999,3.5302
45,CC DChg,197.55555555550382,-1.6999,3.5302
45,CC DChg,197.65555555548053,-1.6999,3.5302
45,CC DChg,197.75555555551546,-1.6999,3.5302
45,CC DChg,197.85555555549217,-1.6999,3.5301
45,CC DChg,197.9555555555271,-1.6999,3.5301
45,CC DChg,198.05555555550382,-1.6999,3.5301
45,CC DChg,198.15555555548053,-1.6999,3.5301
45,CC DChg,198.25555555551546,-1.6999,3.5301
45,CC DChg,198.35555555549217,-1.6999,3.5301
45,CC DChg,198.4555555555271,-1.6999,3.5301
45,CC DChg,198.55555555550382,-1.6999,3.53
45,CC DChg,198.65555555548053,-1.6999,3.53
45,CC DChg,198.75555555551546,-1.6999,3.53
45,CC DChg,198.85555555549217,-1.6999,3.53
45,CC DChg,198.9555555555271,-1.6999,3.53
45,CC DChg,199.05555555550382,-1.6999,3.5299
45,CC DChg,199.15555555548053,-1.6999,3.5299
45,CC DChg,199.25555555551546,-1.6999,3.5299
45,CC DChg,199.35555555549217,-1.6999,3.5299
45,CC DChg,199.4555555555271,-1.6999,3.5299
45,CC DChg,199.55555555550382,-1.6999,3.5298
45,CC DChg,199.65555555548053,-1.6999,3.5298
45,CC DChg,199.75555555551546,-1.6999,3.5299
45,CC DChg,199.85555555549217,-1.6999,3.5298
45,CC DChg,199.9555555555271,-1.6999,3.5298
45,CC DChg,200.05555555550382,-1.6999,3.5297
45,CC DChg,200.15555555548053,-1.6999,3.5298
45,CC DChg,200.25555555551546,-1.6999,3.5298
45,CC DChg,200.35555555549217,-1.6999,3.5297
45,CC DChg,200.4555555555271,-1.6999,3.5297
45,CC DChg,200.55555555550382,-1.6999,3.5297
45,CC DChg,200.65555555548053,-1.6999,3.5297
45,CC DChg,200.75555555551546,-1.6999,3.5297
45,CC DChg,200.85555555549217,-1.6999,3.5297
45,CC DChg,200.9555555555271,-1.6999,3.5296
45,CC DChg,201.05555555550382,-1.6999,3.5296
45,CC DChg,201.15555555548053,-1.6999,3.5296
45,CC DChg,201.25555555551546,-1.6999,3.5296
45,CC DChg,201.35555555549217,-1.6999,3.5296
45,CC DChg,201.4555555555271,-1.6999,3.5296
45,CC DChg,201.55555555550382,-1.6999,3.5295
45,CC DChg,201.65555555548053,-1.6999,3.5295
45,CC DChg,201.75555555551546,-1.6999,3.5295
45,CC DChg,201.85555555549217,-1.6999,3.5295
45,CC DChg,201.9555555555271,-1.6999,3.5295
45,CC DChg,202.05555555550382,-1.6999,3.5294
45,CC DChg,202.15555555548053,-1.6999,3.5294
45,CC DChg,202.25555555551546,-1.6999,3.5294
45,CC DChg,202.35555555549217,-1.6999,3.5294
45,CC DChg,202.4555555555271,-1.6999,3.5294
45,CC DChg,202.55555555550382,-1.6999,3.5293
45,CC DChg,202.65555555548053,-1.6999,3.5293
45,CC DChg,202.75555555551546,-1.6999,3.5293
45,CC DChg,202.85555555549217,-1.6999,3.5293
45,CC DChg,202.9555555555271,-1.6999,3.5293
45,CC DChg,203.05555555550382,-1.6999,3.5292
45,CC DChg,203.15555555548053,-1.6999,3.5292
45,CC DChg,203.25555555551546,-1.6999,3.5292
45,CC DChg,203.35555555549217,-1.6999,3.5292
45,CC DChg,203.4555555555271,-1.6999,3.5291
45,CC DChg,203.55555555550382,-1.6999,3.5292
45,CC DChg,203.65555555548053,-1.6999,3.5292
45,CC DChg,203.75555555551546,-1.6999,3.5291
45,CC DChg,203.85555555549217,-1.6999,3.5291
45,CC DChg,203.9555555555271,-1.6999,3.5291
45,CC DChg,204.05555555550382,-1.6999,3.5291
45,CC DChg,204.15555555548053,-1.6999,3.529
45,CC DChg,204.25555555551546,-1.6999,3.529
45,CC DChg,204.35555555549217,-1.6999,3.529
45,CC DChg,204.4555555555271,-1.6999,3.529
45,CC DChg,204.55555555550382,-1.6999,3.529
45,CC DChg,204.65555555548053,-1.6999,3.529
45,CC DChg,204.75555555551546,-1.6999,3.5289
45,CC DChg,204.85555555549217,-1.6999,3.5289
45,CC DChg,204.9555555555271,-1.6999,3.5289
45,CC DChg,205.05555555550382,-1.6999,3.5289
45,CC DChg,205.15555555548053,-1.6999,3.5289
45,CC DChg,205.25555555551546,-1.6999,3.5288
45,CC DChg,205.35555555549217,-1.6999,3.5288
45,CC DChg,205.4555555555271,-1.6999,3.5288
45,CC DChg,205.55555555550382,-1.6999,3.5288
45,CC DChg,205.65555555548053,-1.6999,3.5288
45,CC DChg,205.75555555551546,-1.6999,3.5288
45,CC DChg,205.85555555549217,-1.6999,3.5288
45,CC DChg,205.9555555555271,-1.6999,3.5287
45,CC DChg,206.05555555550382,-1.6999,3.5287
45,CC DChg,206.15555555548053,-1.6999,3.5287
45,CC DChg,206.25555555551546,-1.6999,3.5287
45,CC DChg,206.35555555549217,-1.6999,3.5287
45,CC DChg,206.4555555555271,-1.6999,3.5287
45,CC DChg,206.55555555550382,-1.6999,3.5286
45,CC DChg,206.65555555548053,-1.6999,3.5286
45,CC DChg,206.75555555551546,-1.6999,3.5286
45,CC DChg,206.85555555549217,-1.6999,3.5286
45,CC DChg,206.9555555555271,-1.6999,3.5285
45,CC DChg,207.05555555550382,-1.6999,3.5285
45,CC DChg,207.15555555548053,-1.6999,3.5285
45,CC DChg,207.25555555551546,-1.6999,3.5285
45,CC DChg,207.35555555549217,-1.6999,3.5285
45,CC DChg,207.4555555555271,-1.6999,3.5285
45,CC DChg,207.55555555550382,-1.6999,3.5284
45,CC DChg,207.65555555548053,-1.6999,3.5284
45,CC DChg,207.75555555551546,-1.6999,3.5285
45,CC DChg,207.85555555549217,-1.6999,3.5284
45,CC DChg,207.9555555555271,-1.6999,3.5284
45,CC DChg,208.05555555550382,-1.6999,3.5284
45,CC DChg,208.15555555548053,-1.6999,3.5284
45,CC DChg,208.25555555551546,-1.6999,3.5283
45,CC DChg,208.35555555549217,-1.6999,3.5283
45,CC DChg,208.4555555555271,-1.6999,3.5283
45,CC DChg,208.55555555550382,-1.6999,3.5283
45,CC DChg,208.65555555548053,-1.6999,3.5282
45,CC DChg,208.75555555551546,-1.6999,3.5282
45,CC DChg,208.85555555549217,-1.6999,3.5282
45,CC DChg,208.9555555555271,-1.6999,3.5282
45,CC DChg,209.05555555550382,-1.6999,3.5282
45,CC DChg,209.15555555548053,-1.6999,3.5282
45,CC DChg,209.25555555551546,-1.6999,3.5282
45,CC DChg,209.35555555549217,-1.6999,3.5281
45,CC DChg,209.4555555555271,-1.6999,3.5281
45,CC DChg,209.55555555550382,-1.6999,3.5281
45,CC DChg,209.65555555548053,-1.6999,3.5281
45,CC DChg,209.75555555551546,-1.6999,3.528
45,CC DChg,209.85555555549217,-1.6999,3.528
45,CC DChg,209.9555555555271,-1.6999,3.5281
45,CC DChg,210.05555555550382,-1.6999,3.528
45,CC DChg,210.15555555548053,-1.6999,3.528
45,CC DChg,210.25555555551546,-1.6999,3.528
45,CC DChg,210.35555555549217,-1.6999,3.528
45,CC DChg,210.4555555555271,-1.6999,3.5279
45,CC DChg,210.55555555550382,-1.6999,3.5279
45,CC DChg,210.65555555548053,-1.6999,3.5279
45,CC DChg,210.75555555551546,-1.6999,3.5279
45,CC DChg,210.85555555549217,-1.6999,3.5278
45,CC DChg,210.9555555555271,-1.6999,3.5278
45,CC DChg,211.05555555550382,-1.6999,3.5278
45,CC DChg,211.15555555548053,-1.6999,3.5278
45,CC DChg,211.25555555551546,-1.6999,3.5278
45,CC DChg,211.35555555549217,-1.6999,3.5278
45,CC DChg,211.4555555555271,-1.6999,3.5278
45,CC DChg,211.55555555550382,-1.6999,3.5277
45,CC DChg,211.65555555548053,-1.6999,3.5277
45,CC DChg,211.75555555551546,-1.6999,3.5277
45,CC DChg,211.85555555549217,-1.6999,3.5277
45,CC DChg,211.9555555555271,-1.6999,3.5277
45,CC DChg,212.05555555550382,-1.6999,3.5276
45,CC DChg,212.15555555548053,-1.6999,3.5276
45,CC DChg,212.25555555551546,-1.6999,3.5276
45,CC DChg,212.35555555549217,-1.6999,3.5276
45,CC DChg,212.4555555555271,-1.6999,3.5276
45,CC DChg,212.55555555550382,-1.6999,3.5276
45,CC DChg,212.65555555548053,-1.6999,3.5276
45,CC DChg,212.75555555551546,-1.6999,3.5275
45,CC DChg,212.85555555549217,-1.6999,3.5275
45,CC DChg,212.9555555555271,-1.6999,3.5275
45,CC DChg,213.05555555550382,-1.6999,3.5274
45,CC DChg,213.15555555548053,-1.6999,3.5274
45,CC DChg,213.25555555551546,-1.6999,3.5274
45,CC DChg,213.35555555549217,-1.6999,3.5274
45,CC DChg,213.4555555555271,-1.6999,3.5274
45,CC DChg,213.55555555550382,-1.6999,3.5274
45,CC DChg,213.65555555548053,-1.6999,3.5273
45,CC DChg,213.75555555551546,-1.6999,3.5273
45,CC DChg,213.85555555549217,-1.6999,3.5273
45,CC DChg,213.9555555555271,-1.6999,3.5273
45,CC DChg,214.05555555550382,-1.6999,3.5273
45,CC DChg,214.15555555548053,-1.6999,3.5273
45,CC DChg,214.25555555551546,-1.6999,3.5272
45,CC DChg,214.35555555549217,-1.6999,3.5272
45,CC DChg,214.4555555555271,-1.6999,3.5272
45,CC DChg,214.55555555550382,-1.6999,3.5272
45,CC DChg,214.65555555548053,-1.6999,3.5272
45,CC DChg,214.75555555551546,-1.6999,3.5272
45,CC DChg,214.85555555549217,-1.6999,3.5271
45,CC DChg,214.9555555555271,-1.6999,3.5271
45,CC DChg,215.05555555550382,-1.6999,3.5271
45,CC DChg,215.15555555548053,-1.6999,3.5271
45,CC DChg,215.25555555551546,-1.6999,3.5271
45,CC DChg,215.35555555549217,-1.6999,3.5271
45,CC DChg,215.4555555555271,-1.6999,3.5271
45,CC DChg,215.55555555550382,-1.6999,3.527
45,CC DChg,215.65555555548053,-1.6999,3.527
45,CC DChg,215.75555555551546,-1.6999,3.527
45,CC DChg,215.85555555549217,-1.6999,3.527
45,CC DChg,215.9555555555271,-1.6999,3.527
45,CC DChg,216.05555555550382,-1.6999,3.527
45,CC DChg,216.15555555548053,-1.6999,3.5269
45,CC DChg,216.25555555551546,-1.6999,3.5269
45,CC DChg,216.35555555549217,-1.6999,3.5269
45,CC DChg,216.4555555555271,-1.6999,3.5269
45,CC DChg,216.55555555550382,-1.6999,3.5268
45,CC DChg,216.65555555548053,-1.6999,3.5268
45,CC DChg,216.75555555551546,-1.6999,3.5268
45,CC DChg,216.85555555549217,-1.6999,3.5268
45,CC DChg,216.9555555555271,-1.6999,3.5268
45,CC DChg,217.05555555550382,-1.6999,3.5268
45,CC DChg,217.15555555548053,-1.6999,3.5267
45,CC DChg,217.25555555551546,-1.6999,3.5267
45,CC DChg,217.35555555549217,-1.6999,3.5267
45,CC DChg,217.4555555555271,-1.6999,3.5267
45,CC DChg,217.55555555550382,-1.6999,3.5267
45,CC DChg,217.65555555548053,-1.6999,3.5266
45,CC DChg,217.75555555551546,-1.6999,3.5266
45,CC DChg,217.85555555549217,-1.6999,3.5266
45,CC DChg,217.9555555555271,-1.6999,3.5266
45,CC DChg,218.05555555550382,-1.6999,3.5266
45,CC DChg,218.15555555548053,-1.6999,3.5266
45,CC DChg,218.25555555551546,-1.6999,3.5265
45,CC DChg,218.35555555549217,-1.6999,3.5265
45,CC DChg,218.4555555555271,-1.6999,3.5265
45,CC DChg,218.55555555550382,-1.6999,3.5265
45,CC DChg,218.65555555548053,-1.6999,3.5265
45,CC DChg,218.75555555551546,-1.6999,3.5264
45,CC DChg,218.85555555549217,-1.6999,3.5264
45,CC DChg,218.9555555555271,-1.6999,3.5264
45,CC DChg,219.05555555550382,-1.6999,3.5264
45,CC DChg,219.15555555548053,-1.6999,3.5264
45,CC DChg,219.25555555551546,-1.6999,3.5264
45,CC DChg,219.35555555549217,-1.6998,3.5263
45,CC DChg,219.4555555555271,-1.6998,3.5263
45,CC DChg,219.55555555550382,-1.6998,3.5263
45,CC DChg,219.65555555548053,-1.6998,3.5263
45,CC DChg,219.75555555551546,-1.6998,3.5263
45,CC DChg,219.85555555549217,-1.6998,3.5262
45,CC DChg,219.9555555555271,-1.6998,3.5262
45,CC DChg,220.05555555550382,-1.6998,3.5262
45,CC DChg,220.15555555548053,-1.6998,3.5262
45,CC DChg,220.25555555551546,-1.6998,3.5262
45,CC DChg,220.35555555549217,-1.6998,3.5262
45,CC DChg,220.4555555555271,-1.6998,3.5261
45,CC DChg,220.55555555550382,-1.6998,3.5261
45,CC DChg,220.65555555548053,-1.6998,3.5261
45,CC DChg,220.75555555551546,-1.6998,3.5261
45,CC DChg,220.85555555549217,-1.6998,3.5261
45,CC DChg,220.9555555555271,-1.6998,3.5261
45,CC DChg,221.05555555550382,-1.6998,3.5261
45,CC DChg,221.15555555548053,-1.6998,3.526
45,CC DChg,221.25555555551546,-1.6998,3.526
45,CC DChg,221.35555555549217,-1.6998,3.526
45,CC DChg,221.4555555555271,-1.6998,3.526
45,CC DChg,221.55555555550382,-1.6998,3.5259
45,CC DChg,221.65555555548053,-1.6998,3.5259
45,CC DChg,221.75555555551546,-1.6998,3.5259
45,CC DChg,221.85555555549217,-1.6998,3.5259
45,CC DChg,221.9555555555271,-1.6998,3.5259
45,CC DChg,222.05555555550382,-1.6998,3.5259
45,CC DChg,222.15555555548053,-1.6998,3.5258
45,CC DChg,222.25555555551546,-1.6998,3.5258
45,CC DChg,222.35555555549217,-1.6998,3.5258
45,CC DChg,222.4555555555271,-1.6998,3.5258
45,CC DChg,222.55555555550382,-1.6998,3.5258
45,CC DChg,222.65555555548053,-1.6998,3.5257
45,CC DChg,222.75555555551546,-1.6998,3.5257
45,CC DChg,222.85555555549217,-1.6998,3.5257
45,CC DChg,222.9555555555271,-1.6998,3.5257
45,CC DChg,223.05555555550382,-1.6998,3.5256
45,CC DChg,223.15555555548053,-1.6998,3.5256
45,CC DChg,223.25555555551546,-1.6998,3.5256
45,CC DChg,223.35555555549217,-1.6998,3.5256
45,CC DChg,223.4555555555271,-1.6998,3.5256
45,CC DChg,223.55555555550382,-1.6998,3.5256
45,CC DChg,223.65555555548053,-1.6998,3.5256
45,CC DChg,223.75555555551546,-1.6998,3.5256
45,CC DChg,223.85555555549217,-1.6998,3.5256
45,CC DChg,223.9555555555271,-1.6998,3.5255
45,CC DChg,224.05555555550382,-1.6998,3.5255
45,CC DChg,224.15555555548053,-1.6998,3.5255
45,CC DChg,224.25555555551546,-1.6998,3.5255
45,CC DChg,224.35555555549217,-1.6998,3.5254
45,CC DChg,224.4555555555271,-1.6998,3.5254
45,CC DChg,224.55555555550382,-1.6998,3.5254
45,CC DChg,224.65555555548053,-1.6998,3.5254
45,CC DChg,224.75555555551546,-1.6998,3.5254
45,CC DChg,224.85555555549217,-1.6998,3.5253
45,CC DChg,224.9555555555271,-1.6998,3.5253
45,CC DChg,225.05555555550382,-1.6998,3.5253
45,CC DChg,225.15555555548053,-1.6998,3.5253
45,CC DChg,225.25555555551546,-1.6998,3.5253
45,CC DChg,225.35555555549217,-1.6998,3.5252
45,CC DChg,225.4555555555271,-1.6998,3.5252
45,CC DChg,225.55555555550382,-1.6998,3.5252
45,CC DChg,225.65555555548053,-1.6998,3.5252
45,CC DChg,225.75555555551546,-1.6998,3.5252
45,CC DChg,225.85555555549217,-1.6998,3.5252
45,CC DChg,225.9555555555271,-1.6998,3.5251
45,CC DChg,226.05555555550382,-1.6998,3.5251
45,CC DChg,226.15555555548053,-1.6998,3.5251
45,CC DChg,226.25555555551546,-1.6998,3.525
45,CC DChg,226.35555555549217,-1.6998,3.5251
45,CC DChg,226.4555555555271,-1.6998,3.5251
45,CC DChg,226.55555555550382,-1.6998,3.525
45,CC DChg,226.65555555548053,-1.6998,3.525
45,CC DChg,226.75555555551546,-1.6998,3.525
45,CC DChg,226.85555555549217,-1.6998,3.525
45,CC DChg,226.9555555555271,-1.6998,3.525
45,CC DChg,227.05555555550382,-1.6998,3.5249
45,CC DChg,227.15555555548053,-1.6998,3.5249
45,CC DChg,227.25555555551546,-1.6998,3.5249
45,CC DChg,227.35555555549217,-1.6998,3.5249
45,CC DChg,227.4555555555271,-1.6998,3.5249
45,CC DChg,227.55555555550382,-1.6998,3.5249
45,CC DChg,227.65555555548053,-1.6998,3.5249
45,CC DChg,227.75555555551546,-1.6998,3.5248
45,CC DChg,227.85555555549217,-1.6998,3.5248
45,CC DChg,227.9555555555271,-1.6998,3.5248
45,CC DChg,228.05555555550382,-1.6998,3.5247
45,CC DChg,228.15555555548053,-1.6998,3.5248
45,CC DChg,228.25555555551546,-1.6998,3.5247
45,CC DChg,228.35555555549217,-1.6998,3.5247
45,CC DChg,228.4555555555271,-1.6998,3.5247
45,CC DChg,228.55555555550382,-1.6998,3.5247
45,CC DChg,228.65555555548053,-1.6998,3.5247
45,CC DChg,228.75555555551546,-1.6998,3.5247
45,CC DChg,228.85555555549217,-1.6998,3.5246
45,CC DChg,228.9555555555271,-1.6998,3.5246
45,CC DChg,229.05555555550382,-1.6998,3.5246
45,CC DChg,229.15555555548053,-1.6998,3.5246
45,CC DChg,229.25555555551546,-1.6998,3.5246
45,CC DChg,229.35555555549217,-1.6998,3.5246
45,CC DChg,229.4555555555271,-1.6998,3.5245
45,CC DChg,229.55555555550382,-1.6998,3.5246
45,CC DChg,229.65555555548053,-1.6998,3.5245
45,CC DChg,229.75555555551546,-1.6998,3.5245
45,CC DChg,229.85555555549217,-1.6998,3.5245
45,CC DChg,229.9555555555271,-1.6998,3.5244
45,CC DChg,230.05555555550382,-1.6998,3.5244
45,CC DChg,230.15555555548053,-1.6998,3.5244
45,CC DChg,230.25555555551546,-1.6998,3.5244
45,CC DChg,230.35555555549217,-1.6998,3.5244
45,CC DChg,230.4555555555271,-1.6998,3.5243
45,CC DChg,230.55555555550382,-1.6998,3.5243
45,CC DChg,230.65555555548053,-1.6998,3.5243
45,CC DChg,230.75555555551546,-1.6998,3.5243
45,CC DChg,230.85555555549217,-1.6998,3.5243
45,CC DChg,230.9555555555271,-1.6998,3.5242
45,CC DChg,231.05555555550382,-1.6998,3.5242
45,CC DChg,231.15555555548053,-1.6998,3.5242
45,CC DChg,231.25555555551546,-1.6998,3.5242
45,CC DChg,231.35555555549217,-1.6998,3.5242
45,CC DChg,231.4555555555271,-1.6998,3.5242
45,CC DChg,231.55555555550382,-1.6998,3.5242
45,CC DChg,231.65555555548053,-1.6998,3.5242
45,CC DChg,231.75555555551546,-1.6998,3.5241
45,CC DChg,231.85555555549217,-1.6998,3.5241
45,CC DChg,231.9555555555271,-1.6998,3.5241
45,CC DChg,232.05555555550382,-1.6998,3.524
45,CC DChg,232.15555555548053,-1.6998,3.524
45,CC DChg,232.25555555551546,-1.6998,3.524
45,CC DChg,232.35555555549217,-1.6998,3.524
45,CC DChg,232.4555555555271,-1.6998,3.524
45,CC DChg,232.55555555550382,-1.6998,3.524
45,CC DChg,232.65555555548053,-1.6998,3.524
45,CC DChg,232.75555555551546,-1.6998,3.524
45,CC DChg,232.85555555549217,-1.6998,3.5239
45,CC DChg,232.9555555555271,-1.6998,3.5239
45,CC DChg,233.05555555550382,-1.6998,3.5239
45,CC DChg,233.15555555548053,-1.6998,3.5239
45,CC DChg,233.25555555551546,-1.6998,3.5239
45,CC DChg,233.35555555549217,-1.6998,3.5239
45,CC DChg,233.4555555555271,-1.6998,3.5239
45,CC DChg,233.55555555550382,-1.6998,3.5239
45,CC DChg,233.65555555548053,-1.6998,3.5238
45,CC DChg,233.75555555551546,-1.6998,3.5238
45,CC DChg,233.85555555549217,-1.6998,3.5238
45,CC DChg,233.9555555555271,-1.6998,3.5238
45,CC DChg,234.05555555550382,-1.6998,3.5238
45,CC DChg,234.15555555548053,-1.6998,3.5237
45,CC DChg,234.25555555551546,-1.6998,3.5237
45,CC DChg,234.35555555549217,-1.6998,3.5237
45,CC DChg,234.4555555555271,-1.6998,3.5237
45,CC DChg,234.55555555550382,-1.6998,3.5237
45,CC DChg,234.65555555548053,-1.6998,3.5236
45,CC DChg,234.75555555551546,-1.6998,3.5236
45,CC DChg,234.85555555549217,-1.6998,3.5236
45,CC DChg,234.9555555555271,-1.6998,3.5236
45,CC DChg,235.05555555550382,-1.6998,3.5236
45,CC DChg,235.15555555548053,-1.6998,3.5235
45,CC DChg,235.25555555551546,-1.6998,3.5235
45,CC DChg,235.35555555549217,-1.6998,3.5235
45,CC DChg,235.4555555555271,-1.6998,3.5235
45,CC DChg,235.55555555550382,-1.6998,3.5235
45,CC DChg,235.65555555548053,-1.6998,3.5235
45,CC DChg,235.75555555551546,-1.6998,3.5235
45,CC DChg,235.85555555549217,-1.6998,3.5235
45,CC DChg,235.9555555555271,-1.6998,3.5234
45,CC DChg,236.05555555550382,-1.6998,3.5234
45,CC DChg,236.15555555548053,-1.6998,3.5234
45,CC DChg,236.25555555551546,-1.6998,3.5234
45,CC DChg,236.35555555549217,-1.6998,3.5233
45,CC DChg,236.4555555555271,-1.6998,3.5233
45,CC DChg,236.55555555550382,-1.6998,3.5233
45,CC DChg,236.65555555548053,-1.6998,3.5233
45,CC DChg,236.75555555551546,-1.6998,3.5233
45,CC DChg,236.85555555549217,-1.6998,3.5233
45,CC DChg,236.9555555555271,-1.6998,3.5232
45,CC DChg,237.05555555550382,-1.6998,3.5232
45,CC DChg,237.15555555548053,-1.6998,3.5232
45,CC DChg,237.25555555551546,-1.6998,3.5232
45,CC DChg,237.35555555549217,-1.6998,3.5232
45,CC DChg,237.4555555555271,-1.6998,3.5232
45,CC DChg,237.55555555550382,-1.6998,3.5232
45,CC DChg,237.65555555548053,-1.6998,3.5232
45,CC DChg,237.75555555551546,-1.6998,3.5231
45,CC DChg,237.85555555549217,-1.6998,3.5231
45,CC DChg,237.9555555555271,-1.6998,3.5231
45,CC DChg,238.05555555550382,-1.6998,3.5231
45,CC DChg,238.15555555548053,-1.6998,3.5231
45,CC DChg,238.25555555551546,-1.6998,3.523
45,CC DChg,238.35555555549217,-1.6998,3.523
45,CC DChg,238.4555555555271,-1.6998,3.523
45,CC DChg,238.55555555550382,-1.6998,3.523
45,CC DChg,238.65555555548053,-1.6998,3.523
45,CC DChg,238.75555555551546,-1.6998,3.523
45,CC DChg,238.85555555549217,-1.6998,3.523
45,CC DChg,238.9555555555271,-1.6998,3.5229
45,CC DChg,239.05555555550382,-1.6998,3.5229
45,CC DChg,239.15555555548053,-1.6998,3.5229
45,CC DChg,239.25555555551546,-1.6998,3.5228
45,CC DChg,239.35555555549217,-1.6998,3.5228
45,CC DChg,239.4555555555271,-1.6998,3.5228
45,CC DChg,239.55555555550382,-1.6998,3.5228
45,CC DChg,239.65555555548053,-1.6998,3.5228
45,CC DChg,239.75555555551546,-1.6998,3.5228
45,CC DChg,239.85555555549217,-1.6998,3.5228
45,CC DChg,239.9555555555271,-1.6998,3.5228
45,CC DChg,240.05555555550382,-1.6998,3.5227
45,CC DChg,240.15555555548053,-1.6998,3.5227
45,CC DChg,240.25555555551546,-1.6998,3.5227
45,CC DChg,240.35555555549217,-1.6998,3.5227
45,CC DChg,240.4555555555271,-1.6998,3.5227
45,CC DChg,240.55555555550382,-1.6998,3.5227
45,CC DChg,240.65555555548053,-1.6998,3.5227
45,CC DChg,240.75555555551546,-1.6998,3.5226
45,CC DChg,240.85555555549217,-1.6998,3.5226
45,CC DChg,240.9555555555271,-1.6998,3.5226
45,CC DChg,241.05555555550382,-1.6998,3.5226
45,CC DChg,241.15555555548053,-1.6998,3.5225
45,CC DChg,241.25555555551546,-1.6998,3.5225
45,CC DChg,241.35555555549217,-1.6998,3.5225
45,CC DChg,241.4555555555271,-1.6998,3.5225
45,CC DChg,241.55555555550382,-1.6998,3.5225
45,CC DChg,241.65555555548053,-1.6998,3.5225
45,CC DChg,241.75555555551546,-1.6998,3.5225
45,CC DChg,241.85555555549217,-1.6998,3.5224
45,CC DChg,241.9555555555271,-1.6998,3.5224
45,CC DChg,242.05555555550382,-1.6998,3.5224
45,CC DChg,242.15555555548053,-1.6998,3.5224
45,CC DChg,242.25555555551546,-1.6998,3.5224
45,CC DChg,242.35555555549217,-1.6998,3.5224
45,CC DChg,242.4555555555271,-1.6998,3.5223
45,CC DChg,242.55555555550382,-1.6998,3.5223
45,CC DChg,242.65555555548053,-1.6998,3.5223
45,CC DChg,242.75555555551546,-1.6998,3.5223
45,CC DChg,242.85555555549217,-1.6998,3.5222
45,CC DChg,242.9555555555271,-1.6998,3.5222
45,CC DChg,243.05555555550382,-1.6998,3.5222
45,CC DChg,243.15555555548053,-1.6998,3.5222
45,CC DChg,243.25555555551546,-1.6998,3.5222
45,CC DChg,243.35555555549217,-1.6998,3.5222
45,CC DChg,243.4555555555271,-1.6998,3.5221
45,CC DChg,243.55555555550382,-1.6998,3.5221
45,CC DChg,243.65555555548053,-1.6998,3.5221
45,CC DChg,243.75555555551546,-1.6997,3.5221
45,CC DChg,243.85555555549217,-1.6997,3.5221
45,CC DChg,243.9555555555271,-1.6997,3.5221
45,CC DChg,244.05555555550382,-1.6997,3.522
45,CC DChg,244.15555555548053,-1.6997,3.522
45,CC DChg,244.25555555551546,-1.6997,3.522
45,CC DChg,244.35555555549217,-1.6997,3.522
45,CC DChg,244.4555555555271,-1.6997,3.522
45,CC DChg,244.55555555550382,-1.6997,3.5219
45,CC DChg,244.65555555548053,-1.6997,3.5219
45,CC DChg,244.75555555551546,-1.6997,3.5219
45,CC DChg,244.85555555549217,-1.6997,3.5219
45,CC DChg,244.9555555555271,-1.6997,3.5219
45,CC DChg,245.05555555550382,-1.6997,3.5218
45,CC DChg,245.15555555548053,-1.6997,3.5218
45,CC DChg,245.25555555551546,-1.6997,3.5218
45,CC DChg,245.35555555549217,-1.6997,3.5218
45,CC DChg,245.4555555555271,-1.6997,3.5218
45,CC DChg,245.55555555550382,-1.6997,3.5217
45,CC DChg,245.65555555548053,-1.6997,3.5217
45,CC DChg,245.75555555551546,-1.6997,3.5217
45,CC DChg,245.85555555549217,-1.6997,3.5217
45,CC DChg,245.9555555555271,-1.6997,3.5217
45,CC DChg,246.05555555550382,-1.6997,3.5216
45,CC DChg,246.15555555548053,-1.6997,3.5216
45,CC DChg,246.25555555551546,-1.6997,3.5216
45,CC DChg,246.35555555549217,-1.6997,3.5216
45,CC DChg,246.4555555555271,-1.6997,3.5216
45,CC DChg,246.55555555550382,-1.6997,3.5216
45,CC DChg,246.65555555548053,-1.6997,3.5216
45,CC DChg,246.75555555551546,-1.6997,3.5215
45,CC DChg,246.85555555549217,-1.6997,3.5215
45,CC DChg,246.9555555555271,-1.6997,3.5215
45,CC DChg,247.05555555550382,-1.6997,3.5215
45,CC DChg,247.15555555548053,-1.6997,3.5215
45,CC DChg,247.25555555551546,-1.6997,3.5215
45,CC DChg,247.35555555549217,-1.6997,3.5214
45,CC DChg,247.4555555555271,-1.6997,3.5214
45,CC DChg,247.55555555550382,-1.6997,3.5214
45,CC DChg,247.65555555548053,-1.6997,3.5214
45,CC DChg,247.75555555551546,-1.6997,3.5214
45,CC DChg,247.85555555549217,-1.6997,3.5214
45,CC DChg,247.9555555555271,-1.6997,3.5214
45,CC DChg,248.05555555550382,-1.6997,3.5213
45,CC DChg,248.15555555548053,-1.6997,3.5213
45,CC DChg,248.25555555551546,-1.6997,3.5212
45,CC DChg,248.35555555549217,-1.6997,3.5212
45,CC DChg,248.4555555555271,-1.6997,3.5212
45,CC DChg,248.55555555550382,-1.6997,3.5212
45,CC DChg,248.65555555548053,-1.6997,3.5212
45,CC DChg,248.75555555551546,-1.6997,3.5212
45,CC DChg,248.85555555549217,-1.6997,3.5212
45,CC DChg,248.9555555555271,-1.6997,3.5212
45,CC DChg,249.05555555550382,-1.6997,3.5211
45,CC DChg,249.15555555548053,-1.6998,3.5211
45,CC DChg,249.25555555551546,-1.6998,3.5211
45,CC DChg,249.35555555549217,-1.6998,3.5211
45,CC DChg,249.4555555555271,-1.6998,3.521
45,CC DChg,249.55555555550382,-1.6998,3.521
45,CC DChg,249.65555555548053,-1.6998,3.521
45,CC DChg,249.75555555551546,-1.6998,3.521
45,CC DChg,249.85555555549217,-1.6998,3.521
45,CC DChg,249.9555555555271,-1.6998,3.521
45,CC DChg,250.05555555550382,-1.6998,3.521
45,CC DChg,250.15555555548053,-1.6998,3.521
45,CC DChg,250.25555555551546,-1.6998,3.5209
45,CC DChg,250.35555555549217,-1.6998,3.5209
45,CC DChg,250.4555555555271,-1.6998,3.5209
45,CC DChg,250.55555555550382,-1.6998,3.5209
45,CC DChg,250.65555555548053,-1.6998,3.5209
45,CC DChg,250.75555555551546,-1.6998,3.5209
45,CC DChg,250.85555555549217,-1.6998,3.5209
45,CC DChg,250.9555555555271,-1.6998,3.5208
45,CC DChg,251.05555555550382,-1.6998,3.5208
45,CC DChg,251.15555555548053,-1.6998,3.5208
45,CC DChg,251.25555555551546,-1.6998,3.5208
45,CC DChg,251.35555555549217,-1.6998,3.5207
45,CC DChg,251.4555555555271,-1.6998,3.5207
45,CC DChg,251.55555555550382,-1.6998,3.5207
45,CC DChg,251.65555555548053,-1.6998,3.5207
45,CC DChg,251.75555555551546,-1.6998,3.5207
45,CC DChg,251.85555555549217,-1.6998,3.5207
45,CC DChg,251.9555555555271,-1.6998,3.5207
45,CC DChg,252.05555555550382,-1.6998,3.5207
45,CC DChg,252.15555555548053,-1.6998,3.5207
45,CC DChg,252.25555555551546,-1.6998,3.5206
45,CC DChg,252.35555555549217,-1.6998,3.5206
45,CC DChg,252.4555555555271,-1.6998,3.5205
45,CC DChg,252.55555555550382,-1.6998,3.5205
45,CC DChg,252.65555555548053,-1.6998,3.5206
45,CC DChg,252.75555555551546,-1.6998,3.5206
45,CC DChg,252.85555555549217,-1.6998,3.5205
45,CC DChg,252.9555555555271,-1.6998,3.5205
45,CC DChg,253.05555555550382,-1.6998,3.5205
45,CC DChg,253.15555555548053,-1.6998,3.5205
45,CC DChg,253.25555555551546,-1.6998,3.5205
45,CC DChg,253.35555555549217,-1.6998,3.5204
45,CC DChg,253.4555555555271,-1.6998,3.5204
45,CC DChg,253.55555555550382,-1.6998,3.5204
45,CC DChg,253.65555555548053,-1.6998,3.5204
45,CC DChg,253.75555555551546,-1.6998,3.5204
45,CC DChg,253.85555555549217,-1.6998,3.5204
45,CC DChg,253.9555555555271,-1.6998,3.5204
45,CC DChg,254.05555555550382,-1.6998,3.5203
45,CC DChg,254.15555555548053,-1.6998,3.5203
45,CC DChg,254.25555555551546,-1.6998,3.5203
45,CC DChg,254.35555555549217,-1.6998,3.5203
45,CC DChg,254.4555555555271,-1.6998,3.5203
45,CC DChg,254.55555555550382,-1.6998,3.5203
45,CC DChg,254.65555555548053,-1.6998,3.5202
45,CC DChg,254.75555555551546,-1.6998,3.5202
45,CC DChg,254.85555555549217,-1.6998,3.5202
45,CC DChg,254.9555555555271,-1.6998,3.5202
45,CC DChg,255.05555555550382,-1.6998,3.5202
45,CC DChg,255.15555555548053,-1.6998,3.5202
45,CC DChg,255.25555555551546,-1.6998,3.5201
45,CC DChg,255.35555555549217,-1.6998,3.5201
45,CC DChg,255.4555555555271,-1.6998,3.5201
45,CC DChg,255.55555555550382,-1.6998,3.5201
45,CC DChg,255.65555555548053,-1.6998,3.5201
45,CC DChg,255.75555555551546,-1.6998,3.5201
45,CC DChg,255.85555555549217,-1.6998,3.5201
45,CC DChg,255.9555555555271,-1.6998,3.52
45,CC DChg,256.0555555555038,-1.6998,3.52
45,CC DChg,256.15555555548053,-1.6998,3.52
45,CC DChg,256.25555555551546,-1.6998,3.52
45,CC DChg,256.3555555554922,-1.6998,3.52
45,CC DChg,256.4555555555271,-1.6998,3.52
45,CC DChg,256.5555555555038,-1.6998,3.52
45,CC DChg,256.65555555548053,-1.6998,3.5199
45,CC DChg,256.75555555551546,-1.6998,3.5199
45,CC DChg,256.8555555554922,-1.6998,3.5199
45,CC DChg,256.9555555555271,-1.6998,3.5199
45,CC DChg,257.0555555555038,-1.6998,3.5198
45,CC DChg,257.15555555548053,-1.6998,3.5198
45,CC DChg,257.25555555551546,-1.6998,3.5198
45,CC DChg,257.3555555554922,-1.6998,3.5198
45,CC DChg,257.4555555555271,-1.6998,3.5198
45,CC DChg,257.5555555555038,-1.6998,3.5197
45,CC DChg,257.65555555548053,-1.6998,3.5197
45,CC DChg,257.75555555551546,-1.6998,3.5197
45,CC DChg,257.8555555554922,-1.6998,3.5197
45,CC DChg,257.9555555555271,-1.6998,3.5197
45,CC DChg,258.0555555555038,-1.6998,3.5197
45,CC DChg,258.15555555548053,-1.6998,3.5197
45,CC DChg,258.25555555551546,-1.6998,3.5196
45,CC DChg,258.3555555554922,-1.6998,3.5196
45,CC DChg,258.4555555555271,-1.6998,3.5196
45,CC DChg,258.5555555555038,-1.6998,3.5196
45,CC DChg,258.65555555548053,-1.6998,3.5196
45,CC DChg,258.75555555551546,-1.6998,3.5196
45,CC DChg,258.8555555554922,-1.6998,3.5195
45,CC DChg,258.9555555555271,-1.6998,3.5195
45,CC DChg,259.0555555555038,-1.6998,3.5195
45,CC DChg,259.15555555548053,-1.6998,3.5194
45,CC DChg,259.25555555551546,-1.6998,3.5195
45,CC DChg,259.3555555554922,-1.6998,3.5195
45,CC DChg,259.4555555555271,-1.6998,3.5194
45,CC DChg,259.5555555555038,-1.6998,3.5194
45,CC DChg,259.65555555548053,-1.6998,3.5194
45,CC DChg,259.75555555551546,-1.6998,3.5194
45,CC DChg,259.8555555554922,-1.6998,3.5194
45,CC DChg,259.9555555555271,-1.6998,3.5194
45,CC DChg,260.0555555555038,-1.6998,3.5193
45,CC DChg,260.15555555548053,-1.6998,3.5193
45,CC DChg,260.25555555551546,-1.6998,3.5193
45,CC DChg,260.3555555554922,-1.6998,3.5193
45,CC DChg,260.4555555555271,-1.6998,3.5193
45,CC DChg,260.5555555555038,-1.6998,3.5193
45,CC DChg,260.65555555548053,-1.6998,3.5192
45,CC DChg,260.75555555551546,-1.6998,3.5192
45,CC DChg,260.8555555554922,-1.6998,3.5192
45,CC DChg,260.9555555555271,-1.6998,3.5192
45,CC DChg,261.0555555555038,-1.6998,3.5192
45,CC DChg,261.15555555548053,-1.6998,3.5192
45,CC DChg,261.25555555551546,-1.6998,3.5191
45,CC DChg,261.3555555554922,-1.6998,3.5191
45,CC DChg,261.4555555555271,-1.6998,3.5191
45,CC DChg,261.5555555555038,-1.6998,3.5191
45,CC DChg,261.65555555548053,-1.6998,3.5191
45,CC DChg,261.75555555551546,-1.6998,3.519
45,CC DChg,261.8555555554922,-1.6998,3.519
45,CC DChg,261.9555555555271,-1.6998,3.519
45,CC DChg,262.0555555555038,-1.6998,3.519
45,CC DChg,262.15555555548053,-1.6998,3.519
45,CC DChg,262.25555555551546,-1.6998,3.519
45,CC DChg,262.3555555554922,-1.6998,3.519
45,CC DChg,262.4555555555271,-1.6998,3.519
45,CC DChg,262.5555555555038,-1.6998,3.5189
45,CC DChg,262.65555555548053,-1.6998,3.5189
45,CC DChg,262.75555555551546,-1.6998,3.5189
45,CC DChg,262.8555555554922,-1.6998,3.5189
45,CC DChg,262.9555555555271,-1.6998,3.5188
45,CC DChg,263.0555555555038,-1.6998,3.5188
45,CC DChg,263.15555555548053,-1.6998,3.5188
45,CC DChg,263.25555555551546,-1.6998,3.5188
45,CC DChg,263.3555555554922,-1.6998,3.5188
45,CC DChg,263.4555555555271,-1.6998,3.5188
45,CC DChg,263.5555555555038,-1.6998,3.5188
45,CC DChg,263.65555555548053,-1.6998,3.5188
45,CC DChg,263.75555555551546,-1.6998,3.5188
45,CC DChg,263.8555555554922,-1.6998,3.5187
45,CC DChg,263.9555555555271,-1.6998,3.5187
45,CC DChg,264.0555555555038,-1.6998,3.5187
45,CC DChg,264.15555555548053,-1.6998,3.5187
45,CC DChg,264.25555555551546,-1.6998,3.5187
45,CC DChg,264.3555555554922,-1.6998,3.5187
45,CC DChg,264.4555555555271,-1.6998,3.5186
45,CC DChg,264.5555555555038,-1.6998,3.5186
45,CC DChg,264.65555555548053,-1.6998,3.5186
45,CC DChg,264.75555555551546,-1.6998,3.5186
45,CC DChg,264.8555555554922,-1.6998,3.5186
45,CC DChg,264.9555555555271,-1.6998,3.5185
45,CC DChg,265.0555555555038,-1.6998,3.5185
45,CC DChg,265.15555555548053,-1.6998,3.5185
45,CC DChg,265.25555555551546,-1.6998,3.5185
45,CC DChg,265.3555555554922,-1.6998,3.5185
45,CC DChg,265.4555555555271,-1.6998,3.5184
45,CC DChg,265.5555555555038,-1.6998,3.5184
45,CC DChg,265.65555555548053,-1.6998,3.5184
45,CC DChg,265.75555555551546,-1.6998,3.5184
45,CC DChg,265.8555555554922,-1.6998,3.5184
45,CC DChg,265.9555555555271,-1.6998,3.5183
45,CC DChg,266.0555555555038,-1.6998,3.5183
45,CC DChg,266.15555555548053,-1.6998,3.5183
45,CC DChg,266.25555555551546,-1.6998,3.5183
45,CC DChg,266.3555555554922,-1.6998,3.5183
45,CC DChg,266.4555555555271,-1.6998,3.5183
45,CC DChg,266.5555555555038,-1.6998,3.5182
45,CC DChg,266.65555555548053,-1.6998,3.5182
45,CC DChg,266.75555555551546,-1.6998,3.5182
45,CC DChg,266.8555555554922,-1.6998,3.5182
45,CC DChg,266.9555555555271,-1.6998,3.5182
45,CC DChg,267.0555555555038,-1.6998,3.5181
45,CC DChg,267.15555555548053,-1.6998,3.5181
45,CC DChg,267.25555555551546,-1.6998,3.5181
45,CC DChg,267.3555555554922,-1.6998,3.5181
45,CC DChg,267.4555555555271,-1.6998,3.5181
45,CC DChg,267.5555555555038,-1.6998,3.5181
45,CC DChg,267.65555555548053,-1.6998,3.5181
45,CC DChg,267.75555555551546,-1.6998,3.518
45,CC DChg,267.8555555554922,-1.6998,3.518
45,CC DChg,267.9555555555271,-1.6998,3.518
45,CC DChg,268.0555555555038,-1.6998,3.518
45,CC DChg,268.15555555548053,-1.6998,3.518
45,CC DChg,268.25555555551546,-1.6998,3.518
45,CC DChg,268.3555555554922,-1.6998,3.5179
45,CC DChg,268.4555555555271,-1.6998,3.518
45,CC DChg,268.5555555555038,-1.6998,3.5179
45,CC DChg,268.65555555548053,-1.6998,3.5179
45,CC DChg,268.75555555551546,-1.6998,3.5179
45,CC DChg,268.8555555554922,-1.6998,3.5179
45,CC DChg,268.9555555555271,-1.6998,3.5179
45,CC DChg,269.0555555555038,-1.6998,3.5178
45,CC DChg,269.15555555548053,-1.6998,3.5178
45,CC DChg,269.25555555551546,-1.6998,3.5178
45,CC DChg,269.3555555554922,-1.6998,3.5178
45,CC DChg,269.4555555555271,-1.6998,3.5178
45,CC DChg,269.5555555555038,-1.6998,3.5178
45,CC DChg,269.65555555548053,-1.6998,3.5178
45,CC DChg,269.75555555551546,-1.6998,3.5178
45,CC DChg,269.8555555554922,-1.6998,3.5177
45,CC DChg,269.9555555555271,-1.6998,3.5177
45,CC DChg,270.0555555555038,-1.6998,3.5177
45,CC DChg,270.15555555548053,-1.6998,3.5177
45,CC DChg,270.25555555551546,-1.6998,3.5177
45,CC DChg,270.3555555554922,-1.6998,3.5177
45,CC DChg,270.4555555555271,-1.6998,3.5177
45,CC DChg,270.5555555555038,-1.6998,3.5177
45,CC DChg,270.65555555548053,-1.6999,3.5176
45,CC DChg,270.75555555551546,-1.6999,3.5176
45,CC DChg,270.8555555554922,-1.6999,3.5176
45,CC DChg,270.9555555555271,-1.6999,3.5176
45,CC DChg,271.0555555555038,-1.6999,3.5176
45,CC DChg,271.15555555548053,-1.6999,3.5176
45,CC DChg,271.25555555551546,-1.6999,3.5175
45,CC DChg,271.3555555554922,-1.6999,3.5175
45,CC DChg,271.4555555555271,-1.6999,3.5175
45,CC DChg,271.5555555555038,-1.6999,3.5175
45,CC DChg,271.65555555548053,-1.6999,3.5175
45,CC DChg,271.75555555551546,-1.6999,3.5174
45,CC DChg,271.8555555554922,-1.6999,3.5174
45,CC DChg,271.9555555555271,-1.6999,3.5174
45,CC DChg,272.0555555555038,-1.6999,3.5174
45,CC DChg,272.15555555548053,-1.6999,3.5174
45,CC DChg,272.25555555551546,-1.6999,3.5173
45,CC DChg,272.3555555554922,-1.6999,3.5173
45,CC DChg,272.4555555555271,-1.6999,3.5173
45,CC DChg,272.5555555555038,-1.6999,3.5173
45,CC DChg,272.65555555548053,-1.6999,3.5173
45,CC DChg,272.75555555551546,-1.6999,3.5173
45,CC DChg,272.8555555554922,-1.6999,3.5172
45,CC DChg,272.9555555555271,-1.6999,3.5172
45,CC DChg,273.0555555555038,-1.6999,3.5172
45,CC DChg,273.15555555548053,-1.6999,3.5172
45,CC DChg,273.25555555551546,-1.6999,3.5172
45,CC DChg,273.3555555554922,-1.6998,3.5172
45,CC DChg,273.4555555555271,-1.6998,3.5172
45,CC DChg,273.5555555555038,-1.6998,3.5171
45,CC DChg,273.65555555548053,-1.6998,3.5171
45,CC DChg,273.75555555551546,-1.6998,3.5171
45,CC DChg,273.8555555554922,-1.6998,3.5171
45,CC DChg,273.9555555555271,-1.6998,3.5171
45,CC DChg,274.0555555555038,-1.6998,3.5171
45,CC DChg,274.15555555548053,-1.6998,3.5171
45,CC DChg,274.25555555551546,-1.6998,3.5171
45,CC DChg,274.3555555554922,-1.6998,3.5171
45,CC DChg,274.4555555555271,-1.6998,3.517
45,CC DChg,274.5555555555038,-1.6998,3.517
45,CC DChg,274.65555555548053,-1.6998,3.517
45,CC DChg,274.75555555551546,-1.6998,3.517
45,CC DChg,274.8555555554922,-1.6998,3.517
45,CC DChg,274.9555555555271,-1.6998,3.5169
45,CC DChg,275.0555555555038,-1.6998,3.5169
45,CC DChg,275.15555555548053,-1.6998,3.5169
45,CC DChg,275.25555555551546,-1.6998,3.5169
45,CC DChg,275.3555555554922,-1.6998,3.5169
45,CC DChg,275.4555555555271,-1.6998,3.5169
45,CC DChg,275.5555555555038,-1.6998,3.5169
45,CC DChg,275.65555555548053,-1.6998,3.5168
45,CC DChg,275.75555555551546,-1.6998,3.5168
45,CC DChg,275.8555555554922,-1.6998,3.5168
45,CC DChg,275.9555555555271,-1.6998,3.5168
45,CC DChg,276.0555555555038,-1.6998,3.5167
45,CC DChg,276.15555555548053,-1.6998,3.5167
45,CC DChg,276.25555555551546,-1.6998,3.5167
45,CC DChg,276.3555555554922,-1.6998,3.5167
45,CC DChg,276.4555555555271,-1.6998,3.5167
45,CC DChg,276.5555555555038,-1.6998,3.5166
45,CC DChg,276.65555555548053,-1.6998,3.5166
45,CC DChg,276.75555555551546,-1.6998,3.5166
45,CC DChg,276.8555555554922,-1.6998,3.5166
45,CC DChg,276.9555555555271,-1.6998,3.5166
45,CC DChg,277.0555555555038,-1.6998,3.5166
45,CC DChg,277.15555555548053,-1.6998,3.5166
45,CC DChg,277.25555555551546,-1.6998,3.5165
45,CC DChg,277.3555555554922,-1.6998,3.5165
45,CC DChg,277.4555555555271,-1.6998,3.5165
45,CC DChg,277.5555555555038,-1.6998,3.5165
45,CC DChg,277.65555555548053,-1.6998,3.5165
45,CC DChg,277.75555555551546,-1.6998,3.5164
45,CC DChg,277.8555555554922,-1.6998,3.5164
45,CC DChg,277.9555555555271,-1.6998,3.5164
45,CC DChg,278.0555555555038,-1.6998,3.5164
45,CC DChg,278.15555555548053,-1.6998,3.5164
45,CC DChg,278.25555555551546,-1.6998,3.5164
45,CC DChg,278.3555555554922,-1.6998,3.5164
45,CC DChg,278.4555555555271,-1.6998,3.5163
45,CC DChg,278.5555555555038,-1.6998,3.5163
45,CC DChg,278.65555555548053,-1.6998,3.5163
45,CC DChg,278.75555555551546,-1.6998,3.5163
45,CC DChg,278.8555555554922,-1.6998,3.5163
45,CC DChg,278.9555555555271,-1.6998,3.5163
45,CC DChg,279.0555555555038,-1.6998,3.5162
45,CC DChg,279.15555555548053,-1.6998,3.5162
45,CC DChg,279.25555555551546,-1.6998,3.5162
45,CC DChg,279.3555555554922,-1.6998,3.5162
45,CC DChg,279.4555555555271,-1.6998,3.5162
45,CC DChg,279.5555555555038,-1.6998,3.5162
45,CC DChg,279.65555555548053,-1.6998,3.5162
45,CC DChg,279.75555555551546,-1.6998,3.5161
45,CC DChg,279.8555555554922,-1.6998,3.5161
45,CC DChg,279.9555555555271,-1.6998,3.5161
45,CC DChg,280.0555555555038,-1.6998,3.5161
45,CC DChg,280.15555555548053,-1.6998,3.516
45,CC DChg,280.25555555551546,-1.6998,3.516
45,CC DChg,280.3555555554922,-1.6998,3.516
45,CC DChg,280.4555555555271,-1.6998,3.516
45,CC DChg,280.5555555555038,-1.6998,3.516
45,CC DChg,280.65555555548053,-1.6998,3.516
45,CC DChg,280.75555555551546,-1.6998,3.516
45,CC DChg,280.8555555554922,-1.6998,3.516
45,CC DChg,280.9555555555271,-1.6998,3.5159
45,CC DChg,281.0555555555038,-1.6998,3.5159
45,CC DChg,281.15555555548053,-1.6998,3.5159
45,CC DChg,281.25555555551546,-1.6998,3.5159
45,CC DChg,281.3555555554922,-1.6998,3.5159
45,CC DChg,281.4555555555271,-1.6998,3.5159
45,CC DChg,281.5555555555038,-1.6998,3.5159
45,CC DChg,281.65555555548053,-1.6998,3.5159
45,CC DChg,281.75555555551546,-1.6998,3.5159
45,CC DChg,281.8555555554922,-1.6998,3.5159
45,CC DChg,281.9555555555271,-1.6998,3.5158
45,CC DChg,282.0555555555038,-1.6998,3.5158
45,CC DChg,282.15555555548053,-1.6998,3.5158
45,CC DChg,282.25555555551546,-1.6998,3.5158
45,CC DChg,282.3555555554922,-1.6998,3.5157
45,CC DChg,282.4555555555271,-1.6998,3.5157
45,CC DChg,282.5555555555038,-1.6998,3.5157
45,CC DChg,282.65555555548053,-1.6998,3.5157
45,CC DChg,282.75555555551546,-1.6998,3.5157
45,CC DChg,282.8555555554922,-1.6998,3.5157
45,CC DChg,282.9555555555271,-1.6998,3.5157
45,CC DChg,283.0555555555038,-1.6998,3.5156
45,CC DChg,283.15555555548053,-1.6998,3.5156
45,CC DChg,283.25555555551546,-1.6998,3.5156
45,CC DChg,283.3555555554922,-1.6998,3.5156
45,CC DChg,283.4555555555271,-1.6998,3.5156
45,CC DChg,283.5555555555038,-1.6998,3.5156
45,CC DChg,283.65555555548053,-1.6998,3.5155
45,CC DChg,283.75555555551546,-1.6998,3.5155
45,CC DChg,283.8555555554922,-1.6998,3.5155
45,CC DChg,283.9555555555271,-1.6998,3.5155
45,CC DChg,284.0555555555038,-1.6998,3.5155
45,CC DChg,284.15555555548053,-1.6998,3.5154
45,CC DChg,284.25555555551546,-1.6998,3.5154
45,CC DChg,284.3555555554922,-1.6998,3.5154
45,CC DChg,284.4555555555271,-1.6998,3.5154
45,CC DChg,284.5555555555038,-1.6998,3.5153
45,CC DChg,284.65555555548053,-1.6998,3.5154
45,CC DChg,284.75555555551546,-1.6998,3.5153
45,CC DChg,284.8555555554922,-1.6998,3.5153
45,CC DChg,284.9555555555271,-1.6998,3.5153
45,CC DChg,285.0555555555038,-1.6998,3.5153
45,CC DChg,285.15555555548053,-1.6998,3.5153
45,CC DChg,285.25555555551546,-1.6998,3.5153
45,CC DChg,285.3555555554922,-1.6998,3.5152
45,CC DChg,285.4555555555271,-1.6998,3.5152
45,CC DChg,285.5555555555038,-1.6998,3.5152
45,CC DChg,285.65555555548053,-1.6998,3.5152
45,CC DChg,285.75555555551546,-1.6998,3.5152
45,CC DChg,285.8555555554922,-1.6998,3.5151
45,CC DChg,285.9555555555271,-1.6998,3.5151
45,CC DChg,286.0555555555038,-1.6998,3.5151
45,CC DChg,286.15555555548053,-1.6998,3.5151
45,CC DChg,286.25555555551546,-1.6998,3.5151
45,CC DChg,286.3555555554922,-1.6998,3.5151
45,CC DChg,286.4555555555271,-1.6998,3.5151
45,CC DChg,286.5555555555038,-1.6998,3.5151
45,CC DChg,286.65555555548053,-1.6998,3.515
45,CC DChg,286.75555555551546,-1.6998,3.515
45,CC DChg,286.8555555554922,-1.6998,3.515
45,CC DChg,286.9555555555271,-1.6998,3.515
45,CC DChg,287.0555555555038,-1.6998,3.515
45,CC DChg,287.15555555548053,-1.6998,3.515
45,CC DChg,287.25555555551546,-1.6998,3.5149
45,CC DChg,287.3555555554922,-1.6998,3.5149
45,CC DChg,287.4555555555271,-1.6998,3.5149
45,CC DChg,287.5555555555038,-1.6998,3.5149
45,CC DChg,287.65555555548053,-1.6998,3.5149
45,CC DChg,287.75555555551546,-1.6998,3.5149
45,CC DChg,287.8555555554922,-1.6998,3.5149
45,CC DChg,287.9555555555271,-1.6998,3.5148
45,CC DChg,288.0555555555038,-1.6998,3.5148
45,CC DChg,288.15555555548053,-1.6998,3.5148
45,CC DChg,288.25555555551546,-1.6998,3.5148
45,CC DChg,288.3555555554922,-1.6998,3.5148
45,CC DChg,288.4555555555271,-1.6998,3.5148
45,CC DChg,288.5555555555038,-1.6998,3.5148
45,CC DChg,288.65555555548053,-1.6998,3.5147
45,CC DChg,288.75555555551546,-1.6998,3.5147
45,CC DChg,288.8555555554922,-1.6998,3.5147
45,CC DChg,288.9555555555271,-1.6998,3.5147
45,CC DChg,289.0555555555038,-1.6998,3.5147
45,CC DChg,289.15555555548053,-1.6998,3.5147
45,CC DChg,289.25555555551546,-1.6998,3.5146
45,CC DChg,289.3555555554922,-1.6998,3.5146
45,CC DChg,289.4555555555271,-1.6998,3.5146
45,CC DChg,289.5555555555038,-1.6998,3.5146
45,CC DChg,289.65555555548053,-1.6998,3.5145
45,CC DChg,289.75555555551546,-1.6998,3.5145
45,CC DChg,289.8555555554922,-1.6998,3.5145
45,CC DChg,289.9555555555271,-1.6998,3.5145
45,CC DChg,290.0555555555038,-1.6998,3.5145
45,CC DChg,290.15555555548053,-1.6998,3.5145
45,CC DChg,290.25555555551546,-1.6998,3.5144
45,CC DChg,290.3555555554922,-1.6998,3.5144
45,CC DChg,290.4555555555271,-1.6998,3.5144
45,CC DChg,290.5555555555038,-1.6998,3.5144
45,CC DChg,290.65555555548053,-1.6998,3.5144
45,CC DChg,290.75555555551546,-1.6998,3.5144
45,CC DChg,290.8555555554922,-1.6998,3.5144
45,CC DChg,290.9555555555271,-1.6998,3.5144
45,CC DChg,291.0555555555038,-1.6998,3.5143
45,CC DChg,291.15555555548053,-1.6998,3.5143
45,CC DChg,291.25555555551546,-1.6998,3.5143
45,CC DChg,291.3555555554922,-1.6998,3.5143
45,CC DChg,291.4555555555271,-1.6998,3.5143
45,CC DChg,291.5555555555038,-1.6997,3.5143
45,CC DChg,291.65555555548053,-1.6997,3.5142
45,CC DChg,291.75555555551546,-1.6997,3.5142
45,CC DChg,291.8555555554922,-1.6997,3.5142
45,CC DChg,291.9555555555271,-1.6997,3.5142
45,CC DChg,292.0555555555038,-1.6997,3.5142
45,CC DChg,292.15555555548053,-1.6997,3.5142
45,CC DChg,292.25555555551546,-1.6997,3.5141
45,CC DChg,292.3555555554922,-1.6997,3.5141
45,CC DChg,292.4555555555271,-1.6997,3.5141
45,CC DChg,292.5555555555038,-1.6997,3.5141
45,CC DChg,292.65555555548053,-1.6997,3.5141
45,CC DChg,292.75555555551546,-1.6997,3.514
45,CC DChg,292.8555555554922,-1.6997,3.514
45,CC DChg,292.9555555555271,-1.6997,3.514
45,CC DChg,293.0555555555038,-1.6997,3.514
45,CC DChg,293.15555555548053,-1.6997,3.5139
45,CC DChg,293.25555555551546,-1.6997,3.5139
45,CC DChg,293.3555555554922,-1.6997,3.5139
45,CC DChg,293.4555555555271,-1.6997,3.5139
45,CC DChg,293.5555555555038,-1.6997,3.5139
45,CC DChg,293.65555555548053,-1.6997,3.5138
45,CC DChg,293.75555555551546,-1.6997,3.5138
45,CC DChg,293.8555555554922,-1.6997,3.5138
45,CC DChg,293.9555555555271,-1.6997,3.5138
45,CC DChg,294.0555555555038,-1.6997,3.5138
45,CC DChg,294.15555555548053,-1.6997,3.5138
45,CC DChg,294.25555555551546,-1.6997,3.5138
45,CC DChg,294.3555555554922,-1.6997,3.5138
45,CC DChg,294.4555555555271,-1.6997,3.5137
45,CC DChg,294.5555555555038,-1.6997,3.5137
45,CC DChg,294.65555555548053,-1.6997,3.5137
45,CC DChg,294.75555555551546,-1.6997,3.5137
45,CC DChg,294.8555555554922,-1.6997,3.5136
45,CC DChg,294.9555555555271,-1.6997,3.5136
45,CC DChg,295.0555555555038,-1.6997,3.5136
45,CC DChg,295.15555555548053,-1.6997,3.5136
45,CC DChg,295.25555555551546,-1.6997,3.5136
45,CC DChg,295.3555555554922,-1.6997,3.5136
45,CC DChg,295.4555555555271,-1.6997,3.5136
45,CC DChg,295.5472222222015,-1.6997,3.5136
45,CC DChg,295.63888888887595,-1.6997,3.5136
45,CC DChg,295.7305555556086,-1.6997,3.5135
45,CC DChg,295.8222222221666,-1.6997,3.5135
46,Rest,295.9138888887828,0.0,3.5869
46,Rest,296.00555555551546,0.0,3.5869
46,Rest,296.0972222221899,0.0,3.5876
46,Rest,296.1888888888643,0.0,3.5881
46,Rest,296.28055555548053,0.0,3.5887
46,Rest,296.37222222215496,0.0,3.5893
46,Rest,296.4638888888294,0.0,3.5897
46,Rest,296.5631313131307,0.0,3.59
46,Rest,296.66237373731565,0.0,3.5904
46,Rest,296.7616161615588,0.0,3.5907
46,Rest,296.8608585858019,0.0,3.591
46,Rest,296.96010101004504,0.0,3.5913
46,Rest,297.05934343428817,0.0,3.5916
46,Rest,297.1585858585313,0.0,3.5918
46,Rest,297.2578282827744,0.0,3.592
46,Rest,297.35707070701756,0.0,3.5922
46,Rest,297.4563131312607,0.0,3.5925
46,Rest,297.5562442608061,0.0,3.5926
46,Rest,297.65617539023515,0.0,3.5929
46,Rest,297.7561065196642,0.0,3.5931
46,Rest,297.8560376492096,0.0,3.5932
46,Rest,297.95596877863863,0.0,3.5934
46,Rest,298.05589990812587,0.0,3.5936
46,Rest,298.1558310376131,0.0,3.5938
46,Rest,298.25576216710033,0.0,3.594
46,Rest,298.35569329652935,0.0,3.5941
46,Rest,298.4556244260166,0.0,3.5943
46,Rest,298.5556181651191,0.0,3.5945
46,Rest,298.65561190410517,0.0,3.5946
46,Rest,298.7556056432077,0.0,3.5948
46,Rest,298.85559938219376,0.0,3.5949
46,Rest,298.95559312117985,0.0,3.5951
46,Rest,299.05558686028235,0.0,3.5952
46,Rest,299.15558059932664,0.0,3.5954
46,Rest,299.25557433837093,0.0,3.5956
46,Rest,299.3555680774152,0.0,3.5957
46,Rest,299.4555618164595,0.0,3.5958
46,Rest,299.55556124728173,0.0,3.5959
46,Rest,299.65556067810394,0.0,3.5961
46,Rest,299.75556010892615,0.0,3.5962
46,Rest,299.85555953969015,0.0,3.5963
46,Rest,299.9555589706288,0.0,3.5965
46,Rest,300.0555584013928,0.0,3.5966
46,Rest,300.155557832215,0.0,3.5967
46,Rest,300.2555572630372,0.0,3.5968
46,Rest,300.3555566939176,0.0,3.597
46,Rest,300.4555561246816,0.0,3.5971
46,Rest,300.5555560729117,0.0,3.5972
46,Rest,300.6555560212,0.0,3.5974
46,Rest,300.75555596943013,0.0,3.5974
46,Rest,300.85555591771845,0.0,3.5976
46,Rest,300.95555586589035,0.0,3.5977
46,Rest,301.05555581423687,0.0,3.5978
46,Rest,301.155555762467,0.0,3.5979
46,Rest,301.2555557107553,0.0,3.598
46,Rest,301.3555556589854,0.0,3.5981
46,Rest,301.4555556072737,0.0,3.5982
46,Rest,301.5555556025938,0.0,3.5983
46,Rest,301.6555555979139,0.0,3.5984
46,Rest,301.7555555931758,0.0,3.5986
46,Rest,301.8555555883795,0.0,3.5986
46,Rest,301.9555555837578,0.0,3.5987
46,Rest,302.0555555790197,0.0,3.5989
46,Rest,302.155555574398,0.0,3.599
46,Rest,302.2555555696017,0.0,3.5991
46,Rest,302.3555555649218,0.0,3.5991
46,Rest,302.4555555601837,0.0,3.5993
46,Rest,302.555555559753,0.0,3.5993
46,Rest,302.65555555932224,0.0,3.5995
46,Rest,302.7555555588915,0.0,3.5995
46,Rest,302.85555555846076,0.0,3.5997
46,Rest,302.95555555803,0.0,3.5998
46,Rest,303.0555555576575,0.0,3.5998
46,Rest,303.15555555722676,0.0,3.5999
46,Rest,303.255555556796,0.0,3.6
46,Rest,303.3555555563653,0.0,3.6001
46,Rest,303.45555555587634,0.0,3.6002
46,Rest,303.55555555591127,0.0,3.6003
46,Rest,303.6555555558298,0.0,3.6004
46,Rest,303.7555555558065,0.0,3.6005
46,Rest,303.8555555557832,0.0,3.6006
46,Rest,303.95555555575993,0.0,3.6006
46,Rest,304.05555555567844,0.0,3.6008
46,Rest,304.15555555565516,0.0,3.6009
46,Rest,304.2555555556319,0.0,3.6009
46,Rest,304.3555555556086,0.0,3.601
46,Rest,304.4555555555271,0.0,3.6011
46,Rest,304.5555555555038,0.0,3.6012
46,Rest,304.65555555548053,0.0,3.6013
46,Rest,304.75555555551546,0.0,3.6014
46,Rest,304.8555555554922,0.0,3.6014
46,Rest,304.9555555555271,0.0,3.6015
46,Rest,305.0555555555038,0.0,3.6016
46,Rest,305.15555555548053,0.0,3.6017
46,Rest,305.25555555551546,0.0,3.6018
46,Rest,305.3555555554922,0.0,3.6019
46,Rest,305.4555555555271,0.0,3.602
46,Rest,305.5555555555038,0.0,3.6021
46,Rest,305.65555555548053,0.0,3.6021
46,Rest,305.75555555551546,0.0,3.6022
46,Rest,305.8555555554922,0.0,3.6023
46,Rest,305.9555555555271,0.0,3.6024
46,Rest,306.0555555555038,0.0,3.6025
46,Rest,306.15555555548053,0.0,3.6025
46,Rest,306.25555555551546,0.0,3.6026
46,Rest,306.3555555554922,0.0,3.6027
46,Rest,306.4555555555271,0.0,3.6028
46,Rest,306.5555555555038,0.0,3.6029
46,Rest,306.65555555548053,0.0,3.6029
46,Rest,306.75555555551546,0.0,3.603
46,Rest,306.8555555554922,0.0,3.6031
46,Rest,306.9555555555271,0.0,3.6032
46,Rest,307.0555555555038,0.0,3.6033
46,Rest,307.15555555548053,0.0,3.6033
46,Rest,307.25555555551546,0.0,3.6034
46,Rest,307.3555555554922,0.0,3.6035
46,Rest,307.4555555555271,0.0,3.6035
46,Rest,307.5555555555038,0.0,3.6036
46,Rest,307.65555555548053,0.0,3.6037
46,Rest,307.75555555551546,0.0,3.6038
46,Rest,307.8555555554922,0.0,3.6038
46,Rest,307.9555555555271,0.0,3.6039
46,Rest,308.0555555555038,0.0,3.604
46,Rest,308.15555555548053,0.0,3.6041
46,Rest,308.25555555551546,0.0,3.6042
46,Rest,308.3555555554922,0.0,3.6042
46,Rest,308.4555555555271,0.0,3.6043
46,Rest,308.5555555555038,0.0,3.6044
46,Rest,308.65555555548053,0.0,3.6044
46,Rest,308.75555555551546,0.0,3.6046
46,Rest,308.8555555554922,0.0,3.6046
46,Rest,308.9555555555271,0.0,3.6047
46,Rest,309.0555555555038,0.0,3.6048
46,Rest,309.15555555548053,0.0,3.6048
46,Rest,309.25555555551546,0.0,3.6049
46,Rest,309.3555555554922,0.0,3.605
46,Rest,309.4555555555271,0.0,3.6051
46,Rest,309.5555555555038,0.0,3.6051
46,Rest,309.65555555548053,0.0,3.6052
46,Rest,309.75555555551546,0.0,3.6053
46,Rest,309.8555555554922,0.0,3.6054
46,Rest,309.9555555555271,0.0,3.6054
46,Rest,310.0555555555038,0.0,3.6055
46,Rest,310.15555555548053,0.0,3.6056
46,Rest,310.25555555551546,0.0,3.6056
46,Rest,310.3555555554922,0.0,3.6057
46,Rest,310.4555555555271,0.0,3.6058
46,Rest,310.5555555555038,0.0,3.6058
46,Rest,310.65555555548053,0.0,3.6059
46,Rest,310.75555555551546,0.0,3.606
46,Rest,310.8555555554922,0.0,3.6061
46,Rest,310.9555555555271,0.0,3.6061
46,Rest,311.0555555555038,0.0,3.6062
46,Rest,311.15555555548053,0.0,3.6062
46,Rest,311.25555555551546,0.0,3.6063
46,Rest,311.3555555554922,0.0,3.6064
46,Rest,311.4555555555271,0.0,3.6065
46,Rest,311.5555555555038,0.0,3.6065
46,Rest,311.65555555548053,0.0,3.6066
46,Rest,311.75555555551546,0.0,3.6066
46,Rest,311.8555555554922,0.0,3.6067
46,Rest,311.9555555555271,0.0,3.6067
46,Rest,312.0555555555038,0.0,3.6068
46,Rest,312.15555555548053,0.0,3.6068
46,Rest,312.25555555551546,0.0,3.6069
46,Rest,312.3555555554922,0.0,3.607
46,Rest,312.4555555555271,0.0,3.607
46,Rest,312.5555555555038,0.0,3.6071
46,Rest,312.65555555548053,0.0,3.6071
46,Rest,312.75555555551546,0.0,3.6072
46,Rest,312.8555555554922,0.0,3.6073
46,Rest,312.9555555555271,0.0,3.6074
46,Rest,313.0555555555038,0.0,3.6075
46,Rest,313.15555555548053,0.0,3.6075
46,Rest,313.25555555551546,0.0,3.6076
46,Rest,313.3555555554922,0.0,3.6077
46,Rest,313.4555555555271,0.0,3.6077
46,Rest,313.5555555555038,0.0,3.6077
46,Rest,313.65555555548053,0.0,3.6078
46,Rest,313.75555555551546,0.0,3.6079
46,Rest,313.8555555554922,0.0,3.6079
46,Rest,313.9555555555271,0.0,3.6079
46,Rest,314.0555555555038,0.0,3.608
46,Rest,314.15555555548053,0.0,3.6081
46,Rest,314.25555555551546,0.0,3.6082
46,Rest,314.3555555554922,0.0,3.6082
46,Rest,314.4555555555271,0.0,3.6083
46,Rest,314.5555555555038,0.0,3.6083
46,Rest,314.65555555548053,0.0,3.6084
46,Rest,314.75555555551546,0.0,3.6084
46,Rest,314.8555555554922,0.0,3.6085
46,Rest,314.9555555555271,0.0,3.6086
46,Rest,315.0555555555038,0.0,3.6086
46,Rest,315.15555555548053,0.0,3.6087
46,Rest,315.25555555551546,0.0,3.6087
46,Rest,315.3555555554922,0.0,3.6088
46,Rest,315.4555555555271,0.0,3.6088
46,Rest,315.5555555555038,0.0,3.6089
46,Rest,315.65555555548053,0.0,3.609
46,Rest,315.75555555551546,0.0,3.609
46,Rest,315.8555555554922,0.0,3.6091
46,Rest,315.9555555555271,0.0,3.6091
46,Rest,316.0555555555038,0.0,3.6092
46,Rest,316.15555555548053,0.0,3.6093
46,Rest,316.25555555551546,0.0,3.6093
46,Rest,316.3555555554922,0.0,3.6093
46,Rest,316.4555555555271,0.0,3.6094
46,Rest,316.5555555555038,0.0,3.6094
46,Rest,316.65555555548053,0.0,3.6095
46,Rest,316.75555555551546,0.0,3.6095
46,Rest,316.8555555554922,0.0,3.6096
46,Rest,316.9555555555271,0.0,3.6097
46,Rest,317.0555555555038,0.0,3.6097
46,Rest,317.15555555548053,0.0,3.6098
46,Rest,317.25555555551546,0.0,3.6098
46,Rest,317.3555555554922,0.0,3.6099
46,Rest,317.4555555555271,0.0,3.6099
46,Rest,317.5555555555038,0.0,3.61
46,Rest,317.65555555548053,0.0,3.61
46,Rest,317.75555555551546,0.0,3.6101
46,Rest,317.8555555554922,0.0,3.6101
46,Rest,317.9555555555271,0.0,3.6101
46,Rest,318.0555555555038,0.0,3.6103
46,Rest,318.15555555548053,0.0,3.6103
46,Rest,318.25555555551546,0.0,3.6103
46,Rest,318.3555555554922,0.0,3.6104
46,Rest,318.4555555555271,0.0,3.6104
46,Rest,318.5555555555038,0.0,3.6105
46,Rest,318.65555555548053,0.0,3.6105
46,Rest,318.75555555551546,0.0,3.6106
46,Rest,318.8555555554922,0.0,3.6106
46,Rest,318.9555555555271,0.0,3.6107
46,Rest,319.0555555555038,0.0,3.6107
46,Rest,319.15555555548053,0.0,3.6108
46,Rest,319.25555555551546,0.0,3.6108
46,Rest,319.3555555554922,0.0,3.6108
46,Rest,319.4555555555271,0.0,3.6109
46,Rest,319.5555555555038,0.0,3.611
46,Rest,319.65555555548053,0.0,3.611
46,Rest,319.75555555551546,0.0,3.611
46,Rest,319.8555555554922,0.0,3.6111
46,Rest,319.9555555555271,0.0,3.6112
46,Rest,320.0555555555038,0.0,3.6112
46,Rest,320.15555555548053,0.0,3.6113
46,Rest,320.25555555551546,0.0,3.6113
46,Rest,320.3555555554922,0.0,3.6114
46,Rest,320.4555555555271,0.0,3.6114
46,Rest,320.5555555555038,0.0,3.6114
46,Rest,320.65555555548053,0.0,3.6115
46,Rest,320.75555555551546,0.0,3.6115
46,Rest,320.8555555554922,0.0,3.6116
46,Rest,320.9555555555271,0.0,3.6116
46,Rest,321.0555555555038,0.0,3.6117
46,Rest,321.15555555548053,0.0,3.6118
46,Rest,321.25555555551546,0.0,3.6118
46,Rest,321.3555555554922,0.0,3.6118
46,Rest,321.4555555555271,0.0,3.6119
46,Rest,321.5555555555038,0.0,3.612
46,Rest,321.65555555548053,0.0,3.612
46,Rest,321.75555555551546,0.0,3.612
46,Rest,321.8555555554922,0.0,3.6121
46,Rest,321.9555555555271,0.0,3.6121
46,Rest,322.0555555555038,0.0,3.6122
46,Rest,322.15555555548053,0.0,3.6123
46,Rest,322.25555555551546,0.0,3.6123
46,Rest,322.3555555554922,0.0,3.6123
46,Rest,322.4555555555271,0.0,3.6124
46,Rest,322.5555555555038,0.0,3.6124
46,Rest,322.65555555548053,0.0,3.6125
46,Rest,322.75555555551546,0.0,3.6125
46,Rest,322.8555555554922,0.0,3.6126
46,Rest,322.9555555555271,0.0,3.6126
46,Rest,323.0555555555038,0.0,3.6127
46,Rest,323.15555555548053,0.0,3.6127
46,Rest,323.25555555551546,0.0,3.6128
46,Rest,323.3555555554922,0.0,3.6128
46,Rest,323.4555555555271,0.0,3.6128
46,Rest,323.5555555555038,0.0,3.6129
46,Rest,323.65555555548053,0.0,3.6129
46,Rest,323.75555555551546,0.0,3.613
46,Rest,323.8555555554922,0.0,3.613
46,Rest,323.9555555555271,0.0,3.6131
46,Rest,324.0555555555038,0.0,3.6131
46,Rest,324.15555555548053,0.0,3.6132
46,Rest,324.25555555551546,0.0,3.6132
46,Rest,324.3555555554922,0.0,3.6133
46,Rest,324.4555555555271,0.0,3.6133
46,Rest,324.5555555555038,0.0,3.6133
46,Rest,324.65555555548053,0.0,3.6134
46,Rest,324.75555555551546,0.0,3.6134
46,Rest,324.8555555554922,0.0,3.6135
46,Rest,324.9555555555271,0.0,3.6135
46,Rest,325.0555555555038,0.0,3.6135
46,Rest,325.15555555548053,0.0,3.6136
46,Rest,325.25555555551546,0.0,3.6136
46,Rest,325.3555555554922,0.0,3.6137
46,Rest,325.4555555555271,0.0,3.6137
46,Rest,325.5555555555038,0.0,3.6138
46,Rest,325.65555555548053,0.0,3.6138
46,Rest,325.75555555551546,0.0,3.6139
46,Rest,325.8555555554922,0.0,3.6139
46,Rest,325.9555555555271,0.0,3.614
46,Rest,326.0555555555038,0.0,3.614
46,Rest,326.15555555548053,0.0,3.614
46,Rest,326.25555555551546,0.0,3.6141
46,Rest,326.3555555554922,0.0,3.6141
46,Rest,326.4555555555271,0.0,3.6142
46,Rest,326.5555555555038,0.0,3.6142
46,Rest,326.65555555548053,0.0,3.6142
46,Rest,326.75555555551546,0.0,3.6143
46,Rest,326.8555555554922,0.0,3.6143
46,Rest,326.9555555555271,0.0,3.6144
46,Rest,327.0555555555038,0.0,3.6144
46,Rest,327.15555555548053,0.0,3.6145
46,Rest,327.25555555551546,0.0,3.6145
46,Rest,327.3555555554922,0.0,3.6145
46,Rest,327.4555555555271,0.0,3.6146
46,Rest,327.5555555555038,0.0,3.6146
46,Rest,327.65555555548053,0.0,3.6147
46,Rest,327.75555555551546,0.0,3.6147
46,Rest,327.8555555554922,0.0,3.6147
46,Rest,327.9555555555271,0.0,3.6148
46,Rest,328.0555555555038,0.0,3.6148
46,Rest,328.15555555548053,0.0,3.6148
46,Rest,328.25555555551546,0.0,3.6149
46,Rest,328.3555555554922,0.0,3.6149
46,Rest,328.4555555555271,0.0,3.615
46,Rest,328.5555555555038,0.0,3.615
46,Rest,328.65555555548053,0.0,3.6151
46,Rest,328.75555555551546,0.0,3.6151
46,Rest,328.8555555554922,0.0,3.6151
46,Rest,328.9555555555271,0.0,3.6152
46,Rest,329.0555555555038,0.0,3.6152
46,Rest,329.15555555548053,0.0,3.6153
46,Rest,329.25555555551546,0.0,3.6153
46,Rest,329.3555555554922,0.0,3.6153
46,Rest,329.4555555555271,0.0,3.6153
46,Rest,329.5555555555038,0.0,3.6154
46,Rest,329.65555555548053,0.0,3.6154
46,Rest,329.75555555551546,0.0,3.6155
46,Rest,329.8555555554922,0.0,3.6155
46,Rest,329.9555555555271,0.0,3.6156
46,Rest,330.0555555555038,0.0,3.6156
46,Rest,330.15555555548053,0.0,3.6156
46,Rest,330.25555555551546,0.0,3.6157
46,Rest,330.3555555554922,0.0,3.6157
46,Rest,330.4555555555271,0.0,3.6157
46,Rest,330.5555555555038,0.0,3.6158
46,Rest,330.65555555548053,0.0,3.6158
46,Rest,330.75555555551546,0.0,3.6158
46,Rest,330.8555555554922,0.0,3.6159
46,Rest,330.9555555555271,0.0,3.6159
46,Rest,331.0555555555038,0.0,3.6159
46,Rest,331.15555555548053,0.0,3.616
46,Rest,331.25555555551546,0.0,3.6161
46,Rest,331.3555555554922,0.0,3.6161
46,Rest,331.4555555555271,0.0,3.6161
46,Rest,331.5555555555038,0.0,3.6161
46,Rest,331.65555555548053,0.0,3.6162
46,Rest,331.75555555551546,0.0,3.6162
46,Rest,331.8555555554922,0.0,3.6162
46,Rest,331.9555555555271,0.0,3.6163
46,Rest,332.0555555555038,0.0,3.6163
46,Rest,332.15555555548053,0.0,3.6163
46,Rest,332.25555555551546,0.0,3.6164
46,Rest,332.3555555554922,0.0,3.6164
46,Rest,332.4555555555271,0.0,3.6165
46,Rest,332.5555555555038,0.0,3.6165
46,Rest,332.65555555548053,0.0,3.6165
46,Rest,332.75555555551546,0.0,3.6166
46,Rest,332.8555555554922,0.0,3.6166
46,Rest,332.9555555555271,0.0,3.6166
46,Rest,333.0555555555038,0.0,3.6167
46,Rest,333.15555555548053,0.0,3.6167
46,Rest,333.25555555551546,0.0,3.6168
46,Rest,333.3555555554922,0.0,3.6168
46,Rest,333.4555555555271,0.0,3.6168
46,Rest,333.5555555555038,0.0,3.6168
46,Rest,333.65555555548053,0.0,3.6169
46,Rest,333.75555555551546,0.0,3.6169
46,Rest,333.8555555554922,0.0,3.617
46,Rest,333.9555555555271,0.0,3.617
46,Rest,334.0555555555038,0.0,3.617
46,Rest,334.15555555548053,0.0,3.617
46,Rest,334.25555555551546,0.0,3.6171
46,Rest,334.3555555554922,0.0,3.6171
46,Rest,334.4555555555271,0.0,3.6172
46,Rest,334.5555555555038,0.0,3.6172
46,Rest,334.65555555548053,0.0,3.6172
46,Rest,334.75555555551546,0.0,3.6173
46,Rest,334.8555555554922,0.0,3.6173
46,Rest,334.9555555555271,0.0,3.6173
46,Rest,335.0555555555038,0.0,3.6174
46,Rest,335.15555555548053,0.0,3.6174
46,Rest,335.25555555551546,0.0,3.6174
46,Rest,335.3555555554922,0.0,3.6175
46,Rest,335.4555555555271,0.0,3.6175
46,Rest,335.5555555555038,0.0,3.6175
46,Rest,335.65555555548053,0.0,3.6176
46,Rest,335.75555555551546,0.0,3.6176
46,Rest,335.8555555554922,0.0,3.6177
46,Rest,335.9555555555271,0.0,3.6177
46,Rest,336.0555555555038,0.0,3.6177
46,Rest,336.15555555548053,0.0,3.6178
46,Rest,336.25555555551546,0.0,3.6178
46,Rest,336.3555555554922,0.0,3.6178
46,Rest,336.4555555555271,0.0,3.6179
46,Rest,336.5555555555038,0.0,3.6179
46,Rest,336.65555555548053,0.0,3.6179
46,Rest,336.75555555551546,0.0,3.6179
46,Rest,336.8555555554922,0.0,3.618
46,Rest,336.9555555555271,0.0,3.618
46,Rest,337.0555555555038,0.0,3.6181
46,Rest,337.15555555548053,0.0,3.6181
46,Rest,337.25555555551546,0.0,3.6181
46,Rest,337.3555555554922,0.0,3.6181
46,Rest,337.4555555555271,0.0,3.6182
46,Rest,337.5555555555038,0.0,3.6182
46,Rest,337.65555555548053,0.0,3.6182
46,Rest,337.75555555551546,0.0,3.6183
46,Rest,337.8555555554922,0.0,3.6183
46,Rest,337.9555555555271,0.0,3.6183
46,Rest,338.0555555555038,0.0,3.6183
46,Rest,338.15555555548053,0.0,3.6184
46,Rest,338.25555555551546,0.0,3.6184
46,Rest,338.3555555554922,0.0,3.6184
46,Rest,338.4555555555271,0.0,3.6185
46,Rest,338.5555555555038,0.0,3.6185
46,Rest,338.65555555548053,0.0,3.6186
46,Rest,338.75555555551546,0.0,3.6186
46,Rest,338.8555555554922,0.0,3.6186
46,Rest,338.9555555555271,0.0,3.6187
46,Rest,339.0555555555038,0.0,3.6187
46,Rest,339.15555555548053,0.0,3.6187
46,Rest,339.25555555551546,0.0,3.6187
46,Rest,339.3555555554922,0.0,3.6188
46,Rest,339.4555555555271,0.0,3.6188
46,Rest,339.5555555555038,0.0,3.6188
46,Rest,339.65555555548053,0.0,3.6189
46,Rest,339.75555555551546,0.0,3.6189
46,Rest,339.8555555554922,0.0,3.6189
46,Rest,339.9555555555271,0.0,3.619
46,Rest,340.0555555555038,0.0,3.619
46,Rest,340.15555555548053,0.0,3.619
46,Rest,340.25555555551546,0.0,3.619
46,Rest,340.3555555554922,0.0,3.6191
46,Rest,340.4555555555271,0.0,3.6191
46,Rest,340.5555555555038,0.0,3.6192
46,Rest,340.65555555548053,0.0,3.6192
46,Rest,340.75555555551546,0.0,3.6192
46,Rest,340.8555555554922,0.0,3.6192
46,Rest,340.9555555555271,0.0,3.6193
46,Rest,341.0555555555038,0.0,3.6193
46,Rest,341.15555555548053,0.0,3.6194
46,Rest,341.25555555551546,0.0,3.6194
46,Rest,341.3555555554922,0.0,3.6194
46,Rest,341.4555555555271,0.0,3.6194
46,Rest,341.5555555555038,0.0,3.6195
46,Rest,341.65555555548053,0.0,3.6195
46,Rest,341.75555555551546,0.0,3.6195
46,Rest,341.8555555554922,0.0,3.6195
46,Rest,341.9555555555271,0.0,3.6196
46,Rest,342.0555555555038,0.0,3.6197
46,Rest,342.15555555548053,0.0,3.6197
46,Rest,342.25555555551546,0.0,3.6197
46,Rest,342.3555555554922,0.0,3.6197
46,Rest,342.4555555555271,0.0,3.6197
46,Rest,342.5555555555038,0.0,3.6198
46,Rest,342.65555555548053,0.0,3.6198
46,Rest,342.75555555551546,0.0,3.6198
46,Rest,342.8555555554922,0.0,3.6198
46,Rest,342.9555555555271,0.0,3.6198
46,Rest,343.0555555555038,0.0,3.6199
46,Rest,343.15555555548053,0.0,3.6199
46,Rest,343.25555555551546,0.0,3.6199
46,Rest,343.3555555554922,0.0,3.62
46,Rest,343.4555555555271,0.0,3.62
46,Rest,343.5555555555038,0.0,3.62
46,Rest,343.65555555548053,0.0,3.6201
46,Rest,343.75555555551546,0.0,3.6201
46,Rest,343.8555555554922,0.0,3.6201
46,Rest,343.9555555555271,0.0,3.6202
46,Rest,344.0555555555038,0.0,3.6202
46,Rest,344.15555555548053,0.0,3.6202
46,Rest,344.25555555551546,0.0,3.6202
46,Rest,344.3555555554922,0.0,3.6202
46,Rest,344.4555555555271,0.0,3.6203
46,Rest,344.5555555555038,0.0,3.6203
46,Rest,344.65555555548053,0.0,3.6203
46,Rest,344.75555555551546,0.0,3.6204
46,Rest,344.8555555554922,0.0,3.6204
46,Rest,344.9555555555271,0.0,3.6204
46,Rest,345.0555555555038,0.0,3.6205
46,Rest,345.15555555548053,0.0,3.6205
46,Rest,345.25555555551546,0.0,3.6205
46,Rest,345.3555555554922,0.0,3.6205
46,Rest,345.4555555555271,0.0,3.6205
46,Rest,345.5555555555038,0.0,3.6205
46,Rest,345.65555555548053,0.0,3.6206
46,Rest,345.75555555551546,0.0,3.6206
46,Rest,345.8555555554922,0.0,3.6206
46,Rest,345.9555555555271,0.0,3.6207
46,Rest,346.0555555555038,0.0,3.6207
46,Rest,346.15555555548053,0.0,3.6208
46,Rest,346.25555555551546,0.0,3.6208
46,Rest,346.3555555554922,0.0,3.6208
46,Rest,346.4555555555271,0.0,3.6209
46,Rest,346.5555555555038,0.0,3.6209
46,Rest,346.65555555548053,0.0,3.6209
46,Rest,346.75555555551546,0.0,3.6209
46,Rest,346.8555555554922,0.0,3.6209
46,Rest,346.9555555555271,0.0,3.6209
46,Rest,347.0555555555038,0.0,3.621
46,Rest,347.15555555548053,0.0,3.621
46,Rest,347.25555555551546,0.0,3.621
46,Rest,347.3555555554922,0.0,3.621
46,Rest,347.4555555555271,0.0,3.621
46,Rest,347.5555555555038,0.0,3.6211
46,Rest,347.65555555548053,0.0,3.6211
46,Rest,347.75555555551546,0.0,3.6211
46,Rest,347.8555555554922,0.0,3.6212
46,Rest,347.9555555555271,0.0,3.6212
46,Rest,348.0555555555038,0.0,3.6212
46,Rest,348.15555555548053,0.0,3.6212
46,Rest,348.25555555551546,0.0,3.6212
46,Rest,348.3555555554922,0.0,3.6213
46,Rest,348.4555555555271,0.0,3.6213
46,Rest,348.5555555555038,0.0,3.6214
46,Rest,348.65555555548053,0.0,3.6214
46,Rest,348.75555555551546,0.0,3.6214
46,Rest,348.8555555554922,0.0,3.6214
46,Rest,348.9555555555271,0.0,3.6214
46,Rest,349.0555555555038,0.0,3.6214
46,Rest,349.15555555548053,0.0,3.6215
46,Rest,349.25555555551546,0.0,3.6215
46,Rest,349.3555555554922,0.0,3.6215
46,Rest,349.4555555555271,0.0,3.6215
46,Rest,349.5555555555038,0.0,3.6216
46,Rest,349.65555555548053,0.0,3.6216
46,Rest,349.75555555551546,0.0,3.6216
46,Rest,349.8555555554922,0.0,3.6216
46,Rest,349.9555555555271,0.0,3.6217
46,Rest,350.0555555555038,0.0,3.6217
46,Rest,350.15555555548053,0.0,3.6217
46,Rest,350.25555555551546,0.0,3.6218
46,Rest,350.3555555554922,0.0,3.6218
46,Rest,350.4555555555271,0.0,3.6218
46,Rest,350.5555555555038,0.0,3.6218
46,Rest,350.65555555548053,0.0,3.6218
46,Rest,350.75555555551546,0.0,3.6218
46,Rest,350.8555555554922,0.0,3.6219
46,Rest,350.9555555555271,0.0,3.6219
46,Rest,351.0555555555038,0.0,3.6219
46,Rest,351.15555555548053,0.0,3.6219
46,Rest,351.25555555551546,0.0,3.622
46,Rest,351.3555555554922,0.0,3.622
46,Rest,351.4555555555271,0.0,3.622
46,Rest,351.5555555555038,0.0,3.6221
46,Rest,351.65555555548053,0.0,3.6221
46,Rest,351.75555555551546,0.0,3.6221
46,Rest,351.8555555554922,0.0,3.6221
46,Rest,351.9555555555271,0.0,3.6222
46,Rest,352.0555555555038,0.0,3.6222
46,Rest,352.15555555548053,0.0,3.6222
46,Rest,352.25555555551546,0.0,3.6222
46,Rest,352.3555555554922,0.0,3.6223
46,Rest,352.4555555555271,0.0,3.6223
46,Rest,352.5555555555038,0.0,3.6223
46,Rest,352.65555555548053,0.0,3.6223
46,Rest,352.75555555551546,0.0,3.6223
46,Rest,352.8555555554922,0.0,3.6224
46,Rest,352.9555555555271,0.0,3.6224
46,Rest,353.0555555555038,0.0,3.6224
46,Rest,353.15555555548053,0.0,3.6225
46,Rest,353.25555555551546,0.0,3.6225
46,Rest,353.3555555554922,0.0,3.6225
46,Rest,353.4555555555271,0.0,3.6225
46,Rest,353.5555555555038,0.0,3.6226
46,Rest,353.65555555548053,0.0,3.6226
46,Rest,353.75555555551546,0.0,3.6226
46,Rest,353.8555555554922,0.0,3.6226
46,Rest,353.9555555555271,0.0,3.6227
46,Rest,354.0555555555038,0.0,3.6227
46,Rest,354.15555555548053,0.0,3.6227
46,Rest,354.25555555551546,0.0,3.6227
46,Rest,354.3555555554922,0.0,3.6227
46,Rest,354.4555555555271,0.0,3.6227
46,Rest,354.5555555555038,0.0,3.6228
46,Rest,354.65555555548053,0.0,3.6229
46,Rest,354.75555555551546,0.0,3.6229
46,Rest,354.8555555554922,0.0,3.6229
46,Rest,354.9555555555271,0.0,3.6229
46,Rest,355.0555555555038,0.0,3.6229
46,Rest,355.15555555548053,0.0,3.6229
46,Rest,355.25555555551546,0.0,3.6229
46,Rest,355.3555555554922,0.0,3.623
46,Rest,355.4555555555271,0.0,3.623
46,Rest,355.5555555555038,0.0,3.623
46,Rest,355.65555555548053,0.0,3.6231
46,Rest,355.75555555551546,0.0,3.6231
46,Rest,355.8555555554922,0.0,3.6231
46,Rest,355.9555555555271,0.0,3.6231
46,Rest,356.0555555555038,0.0,3.6231
46,Rest,356.15555555548053,0.0,3.6232
46,Rest,356.25555555551546,0.0,3.6232
46,Rest,356.3555555554922,0.0,3.6232
46,Rest,356.4555555555271,0.0,3.6232
46,Rest,356.5555555555038,0.0,3.6233
46,Rest,356.65555555548053,0.0,3.6233
46,Rest,356.75555555551546,0.0,3.6233
46,Rest,356.8555555554922,0.0,3.6233
46,Rest,356.9555555555271,0.0,3.6233
46,Rest,357.0555555555038,0.0,3.6234
46,Rest,357.15555555548053,0.0,3.6234
46,Rest,357.25555555551546,0.0,3.6234
46,Rest,357.3555555554922,0.0,3.6234
46,Rest,357.4555555555271,0.0,3.6234
46,Rest,357.5555555555038,0.0,3.6235
46,Rest,357.65555555548053,0.0,3.6235
46,Rest,357.75555555551546,0.0,3.6235
46,Rest,357.8555555554922,0.0,3.6235
46,Rest,357.9555555555271,0.0,3.6235
46,Rest,358.0555555555038,0.0,3.6236
46,Rest,358.15555555548053,0.0,3.6236
46,Rest,358.25555555551546,0.0,3.6237
46,Rest,358.3555555554922,0.0,3.6237
46,Rest,358.4555555555271,0.0,3.6237
46,Rest,358.5555555555038,0.0,3.6237
46,Rest,358.65555555548053,0.0,3.6237
46,Rest,358.75555555551546,0.0,3.6237
46,Rest,358.8555555554922,0.0,3.6237
46,Rest,358.9555555555271,0.0,3.6238
46,Rest,359.0555555555038,0.0,3.6238
46,Rest,359.15555555548053,0.0,3.6238
46,Rest,359.25555555551546,0.0,3.6238
46,Rest,359.3555555554922,0.0,3.6238
46,Rest,359.4555555555271,0.0,3.6239
46,Rest,359.5555555555038,0.0,3.6239
46,Rest,359.65555555548053,0.0,3.6239
46,Rest,359.75555555551546,0.0,3.6239
46,Rest,359.8555555554922,0.0,3.624
46,Rest,359.9555555555271,0.0,3.624
46,Rest,360.0555555555038,0.0,3.624
46,Rest,360.15555555548053,0.0,3.624
46,Rest,360.25555555551546,0.0,3.6241
46,Rest,360.3555555554922,0.0,3.6241
46,Rest,360.4555555555271,0.0,3.6241
46,Rest,360.5555555555038,0.0,3.6241
46,Rest,360.65555555548053,0.0,3.6242
46,Rest,360.75555555551546,0.0,3.6241
46,Rest,360.8555555554922,0.0,3.6242
46,Rest,360.9555555555271,0.0,3.6242
46,Rest,361.0555555555038,0.0,3.6242
46,Rest,361.15555555548053,0.0,3.6242
46,Rest,361.25555555551546,0.0,3.6243
46,Rest,361.3555555554922,0.0,3.6243
46,Rest,361.4555555555271,0.0,3.6243
46,Rest,361.5555555555038,0.0,3.6243
46,Rest,361.65555555548053,0.0,3.6243
46,Rest,361.75555555551546,0.0,3.6244
46,Rest,361.8555555554922,0.0,3.6244
46,Rest,361.9555555555271,0.0,3.6244
46,Rest,362.0555555555038,0.0,3.6244
46,Rest,362.15555555548053,0.0,3.6244
46,Rest,362.25555555551546,0.0,3.6244
46,Rest,362.3555555554922,0.0,3.6245
46,Rest,362.4555555555271,0.0,3.6245
46,Rest,362.5555555555038,0.0,3.6246
46,Rest,362.65555555548053,0.0,3.6246
46,Rest,362.75555555551546,0.0,3.6246
46,Rest,362.8555555554922,0.0,3.6246
46,Rest,362.9555555555271,0.0,3.6246
46,Rest,363.0555555555038,0.0,3.6246
46,Rest,363.15555555548053,0.0,3.6247
46,Rest,363.25555555551546,0.0,3.6247
46,Rest,363.3555555554922,0.0,3.6247
46,Rest,363.4555555555271,0.0,3.6247
46,Rest,363.5555555555038,0.0,3.6247
46,Rest,363.65555555548053,0.0,3.6248
46,Rest,363.75555555551546,0.0,3.6247
46,Rest,363.8555555554922,0.0,3.6248
46,Rest,363.9555555555271,0.0,3.6248
46,Rest,364.0555555555038,0.0,3.6248
46,Rest,364.15555555548053,0.0,3.6248
46,Rest,364.25555555551546,0.0,3.6249
46,Rest,364.3555555554922,0.0,3.6249
46,Rest,364.4555555555271,0.0,3.6249
46,Rest,364.5555555555038,0.0,3.6249
46,Rest,364.65555555548053,0.0,3.6249
46,Rest,364.75555555551546,0.0,3.625
46,Rest,364.8555555554922,0.0,3.625
46,Rest,364.9555555555271,0.0,3.625
46,Rest,365.0555555555038,0.0,3.625
46,Rest,365.15555555548053,0.0,3.625
46,Rest,365.25555555551546,0.0,3.625
46,Rest,365.3555555554922,0.0,3.6251
46,Rest,365.4555555555271,0.0,3.6251
46,Rest,365.5555555555038,0.0,3.6251
46,Rest,365.65555555548053,0.0,3.6251
46,Rest,365.75555555551546,0.0,3.6252
46,Rest,365.8555555554922,0.0,3.6252
46,Rest,365.9555555555271,0.0,3.6252
46,Rest,366.0555555555038,0.0,3.6252
46,Rest,366.15555555548053,0.0,3.6252
46,Rest,366.25555555551546,0.0,3.6252
46,Rest,366.3555555554922,0.0,3.6252
46,Rest,366.4555555555271,0.0,3.6253
46,Rest,366.5555555555038,0.0,3.6253
46,Rest,366.65555555548053,0.0,3.6253
46,Rest,366.75555555551546,0.0,3.6253
46,Rest,366.8555555554922,0.0,3.6254
46,Rest,366.9555555555271,0.0,3.6254
46,Rest,367.0555555555038,0.0,3.6254
46,Rest,367.15555555548053,0.0,3.6254
46,Rest,367.25555555551546,0.0,3.6254
46,Rest,367.3555555554922,0.0,3.6255
46,Rest,367.4555555555271,0.0,3.6255
46,Rest,367.5555555555038,0.0,3.6255
46,Rest,367.65555555548053,0.0,3.6255
46,Rest,367.75555555551546,0.0,3.6256
46,Rest,367.8555555554922,0.0,3.6256
46,Rest,367.9555555555271,0.0,3.6256
46,Rest,368.0555555555038,0.0,3.6256
46,Rest,368.15555555548053,0.0,3.6256
46,Rest,368.25555555551546,0.0,3.6257
46,Rest,368.3555555554922,0.0,3.6257
46,Rest,368.4555555555271,0.0,3.6257
46,Rest,368.5555555555038,0.0,3.6257
46,Rest,368.65555555548053,0.0,3.6258
46,Rest,368.75555555551546,0.0,3.6258
46,Rest,368.8555555554922,0.0,3.6258
46,Rest,368.9555555555271,0.0,3.6258
46,Rest,369.0555555555038,0.0,3.6259
46,Rest,369.15555555548053,0.0,3.6259
46,Rest,369.25555555551546,0.0,3.6259
46,Rest,369.3555555554922,0.0,3.6259
46,Rest,369.4555555555271,0.0,3.6259
46,Rest,369.5555555555038,0.0,3.6259
46,Rest,369.65555555548053,0.0,3.626
46,Rest,369.75555555551546,0.0,3.626
46,Rest,369.8555555554922,0.0,3.626
46,Rest,369.9555555555271,0.0,3.626
46,Rest,370.0555555555038,0.0,3.6261
46,Rest,370.15555555548053,0.0,3.6261
46,Rest,370.25555555551546,0.0,3.6261
46,Rest,370.3555555554922,0.0,3.6261
46,Rest,370.4555555555271,0.0,3.6261
46,Rest,370.5555555555038,0.0,3.6261
46,Rest,370.65555555548053,0.0,3.6261
46,Rest,370.75555555551546,0.0,3.6262
46,Rest,370.8555555554922,0.0,3.6262
46,Rest,370.9555555555271,0.0,3.6262
46,Rest,371.0555555555038,0.0,3.6262
46,Rest,371.15555555548053,0.0,3.6262
46,Rest,371.25555555551546,0.0,3.6263
46,Rest,371.3555555554922,0.0,3.6263
46,Rest,371.4555555555271,0.0,3.6263
46,Rest,371.5555555555038,0.0,3.6263
46,Rest,371.65555555548053,0.0,3.6263
46,Rest,371.75555555551546,0.0,3.6263
46,Rest,371.8555555554922,0.0,3.6264
46,Rest,371.9555555555271,0.0,3.6264
46,Rest,372.0555555555038,0.0,3.6264
46,Rest,372.15555555548053,0.0,3.6264
46,Rest,372.25555555551546,0.0,3.6264
46,Rest,372.3555555554922,0.0,3.6264
46,Rest,372.4555555555271,0.0,3.6265
46,Rest,372.5555555555038,0.0,3.6265
46,Rest,372.65555555548053,0.0,3.6265
46,Rest,372.75555555551546,0.0,3.6265
46,Rest,372.8555555554922,0.0,3.6265
46,Rest,372.9555555555271,0.0,3.6265
46,Rest,373.0555555555038,0.0,3.6266
46,Rest,373.15555555548053,0.0,3.6266
46,Rest,373.25555555551546,0.0,3.6266
46,Rest,373.3555555554922,0.0,3.6266
46,Rest,373.4555555555271,0.0,3.6266
46,Rest,373.5555555555038,0.0,3.6266
46,Rest,373.65555555548053,0.0,3.6267
46,Rest,373.75555555551546,0.0,3.6267
46,Rest,373.8555555554922,0.0,3.6267
46,Rest,373.9555555555271,0.0,3.6267
46,Rest,374.0555555555038,0.0,3.6267
46,Rest,374.15555555548053,0.0,3.6268
46,Rest,374.25555555551546,0.0,3.6268
46,Rest,374.3555555554922,0.0,3.6268
46,Rest,374.4555555555271,0.0,3.6268
46,Rest,374.5555555555038,0.0,3.6268
46,Rest,374.65555555548053,0.0,3.6268
46,Rest,374.75555555551546,0.0,3.6268
46,Rest,374.8555555554922,0.0,3.6268
46,Rest,374.9555555555271,0.0,3.6268
46,Rest,375.0555555555038,0.0,3.6268
46,Rest,375.15555555548053,0.0,3.6269
46,Rest,375.25555555551546,0.0,3.6269
46,Rest,375.3555555554922,0.0,3.627
46,Rest,375.4555555555271,0.0,3.6269
46,Rest,375.5555555555038,0.0,3.6269
46,Rest,375.65555555548053,0.0,3.627
46,Rest,375.75555555551546,0.0,3.627
46,Rest,375.8555555554922,0.0,3.627
46,Rest,375.9555555555271,0.0,3.627
46,Rest,376.0555555555038,0.0,3.627
46,Rest,376.15555555548053,0.0,3.6271
46,Rest,376.25555555551546,0.0,3.6271
46,Rest,376.3555555554922,0.0,3.6271
46,Rest,376.4555555555271,0.0,3.6271
46,Rest,376.5555555555038,0.0,3.6271
46,Rest,376.65555555548053,0.0,3.6271
46,Rest,376.75555555551546,0.0,3.6271
46,Rest,376.8555555554922,0.0,3.6272
46,Rest,376.9555555555271,0.0,3.6272
46,Rest,377.0555555555038,0.0,3.6272
46,Rest,377.15555555548053,0.0,3.6272
46,Rest,377.25555555551546,0.0,3.6272
46,Rest,377.3555555554922,0.0,3.6272
46,Rest,377.4555555555271,0.0,3.6273
46,Rest,377.5555555555038,0.0,3.6273
46,Rest,377.65555555548053,0.0,3.6273
46,Rest,377.75555555551546,0.0,3.6273
46,Rest,377.8555555554922,0.0,3.6273
46,Rest,377.9555555555271,0.0,3.6273
46,Rest,378.0555555555038,0.0,3.6274
46,Rest,378.15555555548053,0.0,3.6274
46,Rest,378.25555555551546,0.0,3.6274
46,Rest,378.3555555554922,0.0,3.6274
46,Rest,378.4555555555271,0.0,3.6274
46,Rest,378.5555555555038,0.0,3.6274
46,Rest,378.65555555548053,0.0,3.6274
46,Rest,378.75555555551546,0.0,3.6275
46,Rest,378.8555555554922,0.0,3.6275
46,Rest,378.9555555555271,0.0,3.6275
46,Rest,379.0555555555038,0.0,3.6275
46,Rest,379.15555555548053,0.0,3.6275
46,Rest,379.25555555551546,0.0,3.6275
46,Rest,379.3555555554922,0.0,3.6276
46,Rest,379.4555555555271,0.0,3.6276
46,Rest,379.5555555555038,0.0,3.6276
46,Rest,379.65555555548053,0.0,3.6276
46,Rest,379.75555555551546,0.0,3.6276
46,Rest,379.8555555554922,0.0,3.6276
46,Rest,379.9555555555271,0.0,3.6277
46,Rest,380.0555555555038,0.0,3.6277
46,Rest,380.15555555548053,0.0,3.6277
46,Rest,380.25555555551546,0.0,3.6277
46,Rest,380.3555555554922,0.0,3.6277
46,Rest,380.4555555555271,0.0,3.6277
46,Rest,380.5555555555038,0.0,3.6278
46,Rest,380.65555555548053,0.0,3.6278
46,Rest,380.75555555551546,0.0,3.6278
46,Rest,380.8555555554922,0.0,3.6278
46,Rest,380.9555555555271,0.0,3.6278
46,Rest,381.0555555555038,0.0,3.6279
46,Rest,381.15555555548053,0.0,3.6279
46,Rest,381.25555555551546,0.0,3.6279
46,Rest,381.3555555554922,0.0,3.6279
46,Rest,381.4555555555271,0.0,3.6279
46,Rest,381.5555555555038,0.0,3.6279
46,Rest,381.65555555548053,0.0,3.628
46,Rest,381.75555555551546,0.0,3.628
46,Rest,381.8555555554922,0.0,3.628
46,Rest,381.9555555555271,0.0,3.628
46,Rest,382.0555555555038,0.0,3.628
46,Rest,382.15555555548053,0.0,3.628
46,Rest,382.25555555551546,0.0,3.6281
46,Rest,382.3555555554922,0.0,3.6281
46,Rest,382.4555555555271,0.0,3.6281
46,Rest,382.5555555555038,0.0,3.6281
46,Rest,382.65555555548053,0.0,3.6281
46,Rest,382.75555555551546,0.0,3.6281
46,Rest,382.8555555554922,0.0,3.6282
46,Rest,382.9555555555271,0.0,3.6282
46,Rest,383.0555555555038,0.0,3.6282
46,Rest,383.15555555548053,0.0,3.6282
46,Rest,383.25555555551546,0.0,3.6282
46,Rest,383.3555555554922,0.0,3.6282
46,Rest,383.4555555555271,0.0,3.6282
46,Rest,383.5555555555038,0.0,3.6282
46,Rest,383.65555555548053,0.0,3.6282
46,Rest,383.75555555551546,0.0,3.6283
46,Rest,383.8555555554922,0.0,3.6283
46,Rest,383.9555555555271,0.0,3.6283
46,Rest,384.0555555555038,0.0,3.6283
46,Rest,384.15555555548053,0.0,3.6283
46,Rest,384.25555555551546,0.0,3.6283
46,Rest,384.3555555554922,0.0,3.6283
46,Rest,384.4555555555271,0.0,3.6283
46,Rest,384.5555555555038,0.0,3.6284
46,Rest,384.65555555548053,0.0,3.6284
46,Rest,384.75555555551546,0.0,3.6284
46,Rest,384.8555555554922,0.0,3.6284
46,Rest,384.9555555555271,0.0,3.6285
46,Rest,385.0555555555038,0.0,3.6285
46,Rest,385.15555555548053,0.0,3.6285
46,Rest,385.25555555551546,0.0,3.6285
46,Rest,385.3555555554922,0.0,3.6285
46,Rest,385.4555555555271,0.0,3.6285
46,Rest,385.5555555555038,0.0,3.6286
46,Rest,385.65555555548053,0.0,3.6286
46,Rest,385.75555555551546,0.0,3.6286
46,Rest,385.8555555554922,0.0,3.6286
46,Rest,385.9555555555271,0.0,3.6286
46,Rest,386.0555555555038,0.0,3.6286
46,Rest,386.15555555548053,0.0,3.6286
46,Rest,386.25555555551546,0.0,3.6286
46,Rest,386.3555555554922,0.0,3.6287
46,Rest,386.4555555555271,0.0,3.6287
46,Rest,386.5555555555038,0.0,3.6287
46,Rest,386.65555555548053,0.0,3.6287
46,Rest,386.75555555551546,0.0,3.6287
46,Rest,386.8555555554922,0.0,3.6287
46,Rest,386.9555555555271,0.0,3.6288
46,Rest,387.0555555555038,0.0,3.6288
46,Rest,387.15555555548053,0.0,3.6288
46,Rest,387.25555555551546,0.0,3.6288
46,Rest,387.3555555554922,0.0,3.6288
46,Rest,387.4555555555271,0.0,3.6288
46,Rest,387.5555555555038,0.0,3.6288
46,Rest,387.65555555548053,0.0,3.6288
46,Rest,387.75555555551546,0.0,3.6289
46,Rest,387.8555555554922,0.0,3.6289
46,Rest,387.9555555555271,0.0,3.6289
46,Rest,388.0555555555038,0.0,3.6289
46,Rest,388.15555555548053,0.0,3.6289
46,Rest,388.25555555551546,0.0,3.6289
46,Rest,388.3555555554922,0.0,3.629
46,Rest,388.4555555555271,0.0,3.629
46,Rest,388.5555555555038,0.0,3.629
46,Rest,388.65555555548053,0.0,3.629
46,Rest,388.75555555551546,0.0,3.629
46,Rest,388.8555555554922,0.0,3.629
46,Rest,388.9555555555271,0.0,3.629
46,Rest,389.0555555555038,0.0,3.6291
46,Rest,389.15555555548053,0.0,3.6291
46,Rest,389.25555555551546,0.0,3.6291
46,Rest,389.3555555554922,0.0,3.6291
46,Rest,389.4555555555271,0.0,3.6291
46,Rest,389.5555555555038,0.0,3.6291
46,Rest,389.65555555548053,0.0,3.6291
46,Rest,389.75555555551546,0.0,3.6292
46,Rest,389.8555555554922,0.0,3.6292
46,Rest,389.9555555555271,0.0,3.6292
46,Rest,390.0555555555038,0.0,3.6292
46,Rest,390.15555555548053,0.0,3.6292
46,Rest,390.25555555551546,0.0,3.6292
46,Rest,390.3555555554922,0.0,3.6292
46,Rest,390.4555555555271,0.0,3.6293
46,Rest,390.5555555555038,0.0,3.6292
46,Rest,390.65555555548053,0.0,3.6293
46,Rest,390.75555555551546,0.0,3.6293
46,Rest,390.8555555554922,0.0,3.6293
46,Rest,390.9555555555271,0.0,3.6293
46,Rest,391.0555555555038,0.0,3.6293
46,Rest,391.15555555548053,0.0,3.6293
46,Rest,391.25555555551546,0.0,3.6293
46,Rest,391.3555555554922,0.0,3.6293
46,Rest,391.4555555555271,0.0,3.6293
46,Rest,391.5555555555038,0.0,3.6294
46,Rest,391.65555555548053,0.0,3.6294
46,Rest,391.75555555551546,0.0,3.6294
46,Rest,391.8555555554922,0.0,3.6294
46,Rest,391.9555555555271,0.0,3.6294
46,Rest,392.0555555555038,0.0,3.6294
46,Rest,392.15555555548053,0.0,3.6294
46,Rest,392.25555555551546,0.0,3.6294
46,Rest,392.3555555554922,0.0,3.6294
46,Rest,392.4555555555271,0.0,3.6294
46,Rest,392.5555555555038,0.0,3.6295
46,Rest,392.65555555548053,0.0,3.6295
46,Rest,392.75555555551546,0.0,3.6295
46,Rest,392.8555555554922,0.0,3.6295
46,Rest,392.9555555555271,0.0,3.6295
46,Rest,393.0555555555038,0.0,3.6295
46,Rest,393.15555555548053,0.0,3.6295
46,Rest,393.25555555551546,0.0,3.6295
46,Rest,393.3555555554922,0.0,3.6296
46,Rest,393.4555555555271,0.0,3.6296
46,Rest,393.5555555555038,0.0,3.6296
46,Rest,393.65555555548053,0.0,3.6296
46,Rest,393.75555555551546,0.0,3.6296
46,Rest,393.8555555554922,0.0,3.6296
46,Rest,393.9555555555271,0.0,3.6297
46,Rest,394.0555555555038,0.0,3.6297
46,Rest,394.15555555548053,0.0,3.6297
46,Rest,394.25555555551546,0.0,3.6297
46,Rest,394.3555555554922,0.0,3.6297
46,Rest,394.4555555555271,0.0,3.6297
46,Rest,394.5555555555038,0.0,3.6297
46,Rest,394.65555555548053,0.0,3.6297
46,Rest,394.75555555551546,0.0,3.6297
46,Rest,394.8555555554922,0.0,3.6297
46,Rest,394.9555555555271,0.0,3.6298
46,Rest,395.0555555555038,0.0,3.6298
46,Rest,395.15555555548053,0.0,3.6298
46,Rest,395.25555555551546,0.0,3.6298
46,Rest,395.3555555554922,0.0,3.6298
46,Rest,395.4555555555271,0.0,3.6298
46,Rest,395.5555555555038,0.0,3.6299
46,Rest,395.65555555548053,0.0,3.6299
46,Rest,395.75555555551546,0.0,3.6299
46,Rest,395.8555555554922,0.0,3.6299
46,Rest,395.9555555555271,0.0,3.6299
46,Rest,396.0555555555038,0.0,3.6299
46,Rest,396.15555555548053,0.0,3.63
46,Rest,396.25555555551546,0.0,3.6299
46,Rest,396.3555555554922,0.0,3.63
46,Rest,396.4555555555271,0.0,3.63
46,Rest,396.5555555555038,0.0,3.63
46,Rest,396.65555555548053,0.0,3.63
46,Rest,396.75555555551546,0.0,3.63
46,Rest,396.8555555554922,0.0,3.63
46,Rest,396.9555555555271,0.0,3.63
46,Rest,397.0555555555038,0.0,3.63
46,Rest,397.15555555548053,0.0,3.63
46,Rest,397.25555555551546,0.0,3.6301
46,Rest,397.3555555554922,0.0,3.6301
46,Rest,397.4555555555271,0.0,3.6301
46,Rest,397.5555555555038,0.0,3.6301
46,Rest,397.65555555548053,0.0,3.6301
46,Rest,397.75555555551546,0.0,3.6301
46,Rest,397.8555555554922,0.0,3.6302
46,Rest,397.9555555555271,0.0,3.6302
46,Rest,398.0555555555038,0.0,3.6302
46,Rest,398.15555555548053,0.0,3.6302
46,Rest,398.25555555551546,0.0,3.6302
46,Rest,398.3555555554922,0.0,3.6302
46,Rest,398.4555555555271,0.0,3.6302
46,Rest,398.5555555555038,0.0,3.6302
46,Rest,398.65555555548053,0.0,3.6302
46,Rest,398.75555555551546,0.0,3.6303
46,Rest,398.8555555554922,0.0,3.6303
46,Rest,398.9555555555271,0.0,3.6303
46,Rest,399.0555555555038,0.0,3.6303
46,Rest,399.15555555548053,0.0,3.6303
46,Rest,399.25555555551546,0.0,3.6303
46,Rest,399.3555555554922,0.0,3.6303
46,Rest,399.4555555555271,0.0,3.6304
46,Rest,399.5555555555038,0.0,3.6304
46,Rest,399.65555555548053,0.0,3.6304
46,Rest,399.75555555551546,0.0,3.6304
46,Rest,399.8555555554922,0.0,3.6304
46,Rest,399.9555555555271,0.0,3.6305
46,Rest,400.0555555555038,0.0,3.6305
46,Rest,400.15555555548053,0.0,3.6305
46,Rest,400.25555555551546,0.0,3.6305
46,Rest,400.3555555554922,0.0,3.6305
46,Rest,400.4555555555271,0.0,3.6305
46,Rest,400.5555555555038,0.0,3.6305
46,Rest,400.65555555548053,0.0,3.6305
46,Rest,400.75555555551546,0.0,3.6305
46,Rest,400.8555555554922,0.0,3.6305
46,Rest,400.9555555555271,0.0,3.6306
46,Rest,401.0555555555038,0.0,3.6306
46,Rest,401.15555555548053,0.0,3.6305
46,Rest,401.25555555551546,0.0,3.6306
46,Rest,401.3555555554922,0.0,3.6306
46,Rest,401.4555555555271,0.0,3.6306
46,Rest,401.5555555555038,0.0,3.6306
46,Rest,401.65555555548053,0.0,3.6307
46,Rest,401.75555555551546,0.0,3.6307
46,Rest,401.8555555554922,0.0,3.6307
46,Rest,401.9555555555271,0.0,3.6307
46,Rest,402.0555555555038,0.0,3.6307
46,Rest,402.15555555548053,0.0,3.6307
46,Rest,402.25555555551546,0.0,3.6307
46,Rest,402.3555555554922,0.0,3.6307
46,Rest,402.4555555555271,0.0,3.6307
46,Rest,402.5555555555038,0.0,3.6307
46,Rest,402.65555555548053,0.0,3.6308
46,Rest,402.75555555551546,0.0,3.6308
46,Rest,402.8555555554922,0.0,3.6308
46,Rest,402.9555555555271,0.0,3.6308
46,Rest,403.0555555555038,0.0,3.6308
46,Rest,403.15555555548053,0.0,3.6309
46,Rest,403.25555555551546,0.0,3.6309
46,Rest,403.3555555554922,0.0,3.6309
46,Rest,403.4555555555271,0.0,3.6309
46,Rest,403.5555555555038,0.0,3.6309
46,Rest,403.65555555548053,0.0,3.6309
46,Rest,403.75555555551546,0.0,3.6309
46,Rest,403.8555555554922,0.0,3.6309
46,Rest,403.9555555555271,0.0,3.6309
46,Rest,404.0555555555038,0.0,3.6309
46,Rest,404.15555555548053,0.0,3.6309
46,Rest,404.25555555551546,0.0,3.6309
46,Rest,404.3555555554922,0.0,3.631
46,Rest,404.4555555555271,0.0,3.631
46,Rest,404.5555555555038,0.0,3.631
46,Rest,404.65555555548053,0.0,3.631
46,Rest,404.75555555551546,0.0,3.631
46,Rest,404.8555555554922,0.0,3.631
46,Rest,404.9555555555271,0.0,3.631
46,Rest,405.0555555555038,0.0,3.6311
46,Rest,405.15555555548053,0.0,3.6311
46,Rest,405.25555555551546,0.0,3.6311
46,Rest,405.3555555554922,0.0,3.6311
46,Rest,405.4555555555271,0.0,3.6311
46,Rest,405.5555555555038,0.0,3.6311
46,Rest,405.65555555548053,0.0,3.6311
46,Rest,405.75555555551546,0.0,3.6312
46,Rest,405.8555555554922,0.0,3.6312
46,Rest,405.9555555555271,0.0,3.6312
46,Rest,406.0555555555038,0.0,3.6312
46,Rest,406.15555555548053,0.0,3.6312
46,Rest,406.25555555551546,0.0,3.6312
46,Rest,406.3555555554922,0.0,3.6312
46,Rest,406.4555555555271,0.0,3.6312
46,Rest,406.5555555555038,0.0,3.6313
46,Rest,406.65555555548053,0.0,3.6312
46,Rest,406.75555555551546,0.0,3.6313
46,Rest,406.8555555554922,0.0,3.6313
46,Rest,406.9555555555271,0.0,3.6313
46,Rest,407.0555555555038,0.0,3.6313
46,Rest,407.15555555548053,0.0,3.6313
46,Rest,407.25555555551546,0.0,3.6313
46,Rest,407.3555555554922,0.0,3.6313
46,Rest,407.4555555555271,0.0,3.6314
46,Rest,407.5555555555038,0.0,3.6314
46,Rest,407.65555555548053,0.0,3.6314
46,Rest,407.75555555551546,0.0,3.6314
46,Rest,407.8555555554922,0.0,3.6314
46,Rest,407.9555555555271,0.0,3.6314
46,Rest,408.0555555555038,0.0,3.6314
46,Rest,408.15555555548053,0.0,3.6314
46,Rest,408.25555555551546,0.0,3.6315
46,Rest,408.3555555554922,0.0,3.6314
46,Rest,408.4555555555271,0.0,3.6315
46,Rest,408.5555555555038,0.0,3.6315
46,Rest,408.65555555548053,0.0,3.6315
46,Rest,408.75555555551546,0.0,3.6315
46,Rest,408.8555555554922,0.0,3.6315
46,Rest,408.9555555555271,0.0,3.6315
46,Rest,409.0555555555038,0.0,3.6316
46,Rest,409.15555555548053,0.0,3.6316
46,Rest,409.25555555551546,0.0,3.6316
46,Rest,409.3555555554922,0.0,3.6316
46,Rest,409.4555555555271,0.0,3.6316
46,Rest,409.5555555555038,0.0,3.6316
46,Rest,409.65555555548053,0.0,3.6316
46,Rest,409.75555555551546,0.0,3.6316
46,Rest,409.8555555554922,0.0,3.6316
46,Rest,409.9555555555271,0.0,3.6316
46,Rest,410.0555555555038,0.0,3.6316
46,Rest,410.15555555548053,0.0,3.6316
46,Rest,410.25555555551546,0.0,3.6316
46,Rest,410.3555555554922,0.0,3.6317
46,Rest,410.4555555555271,0.0,3.6317
46,Rest,410.5555555555038,0.0,3.6317
46,Rest,410.65555555548053,0.0,3.6317
46,Rest,410.75555555551546,0.0,3.6317
46,Rest,410.8555555554922,0.0,3.6318
46,Rest,410.9555555555271,0.0,3.6318
46,Rest,411.0555555555038,0.0,3.6318
46,Rest,411.15555555548053,0.0,3.6318
46,Rest,411.25555555551546,0.0,3.6318
46,Rest,411.3555555554922,0.0,3.6318
46,Rest,411.4555555555271,0.0,3.6318
46,Rest,411.5555555555038,0.0,3.6318
46,Rest,411.65555555548053,0.0,3.6318
46,Rest,411.75555555551546,0.0,3.6318
46,Rest,411.8555555554922,0.0,3.6319
46,Rest,411.9555555555271,0.0,3.6319
46,Rest,412.0555555555038,0.0,3.6319
46,Rest,412.15555555548053,0.0,3.6319
46,Rest,412.25555555551546,0.0,3.6319
46,Rest,412.3555555554922,0.0,3.6319
46,Rest,412.4555555555271,0.0,3.6319
46,Rest,412.5555555555038,0.0,3.632
46,Rest,412.65555555548053,0.0,3.632
46,Rest,412.75555555551546,0.0,3.6319
46,Rest,412.8555555554922,0.0,3.632
46,Rest,412.9555555555271,0.0,3.632
46,Rest,413.0555555555038,0.0,3.632
46,Rest,413.15555555548053,0.0,3.632
46,Rest,413.25555555551546,0.0,3.6321
46,Rest,413.3555555554922,0.0,3.6321
46,Rest,413.4555555555271,0.0,3.6321
46,Rest,413.5555555555038,0.0,3.6321
46,Rest,413.65555555548053,0.0,3.6321
46,Rest,413.75555555551546,0.0,3.6321
46,Rest,413.8555555554922,0.0,3.6321
46,Rest,413.9555555555271,0.0,3.6321
46,Rest,414.0555555555038,0.0,3.6321
46,Rest,414.15555555548053,0.0,3.6322
46,Rest,414.25555555551546,0.0,3.6322
46,Rest,414.3555555554922,0.0,3.6322
46,Rest,414.4555555555271,0.0,3.6322
46,Rest,414.5555555555038,0.0,3.6322
46,Rest,414.65555555548053,0.0,3.6322
46,Rest,414.75555555551546,0.0,3.6322
46,Rest,414.8555555554922,0.0,3.6322
46,Rest,414.9555555555271,0.0,3.6322
46,Rest,415.0555555555038,0.0,3.6322
46,Rest,415.15555555548053,0.0,3.6322
46,Rest,415.25555555551546,0.0,3.6323
46,Rest,415.3555555554922,0.0,3.6323
46,Rest,415.4555555555271,0.0,3.6323
46,Rest,415.5555555555038,0.0,3.6323
46,Rest,415.65555555548053,0.0,3.6323
46,Rest,415.75555555551546,0.0,3.6323
46,Rest,415.8555555554922,0.0,3.6323
46,Rest,415.9555555555271,0.0,3.6323
46,Rest,416.0555555555038,0.0,3.6324
46,Rest,416.15555555548053,0.0,3.6324
46,Rest,416.25555555551546,0.0,3.6324
46,Rest,416.3555555554922,0.0,3.6324
46,Rest,416.4555555555271,0.0,3.6324
46,Rest,416.5555555555038,0.0,3.6324
46,Rest,416.65555555548053,0.0,3.6324
46,Rest,416.75555555551546,0.0,3.6324
46,Rest,416.8555555554922,0.0,3.6324
46,Rest,416.9555555555271,0.0,3.6324
46,Rest,417.0555555555038,0.0,3.6324
46,Rest,417.15555555548053,0.0,3.6325
46,Rest,417.25555555551546,0.0,3.6325
46,Rest,417.3555555554922,0.0,3.6325
46,Rest,417.4555555555271,0.0,3.6325
46,Rest,417.5555555555038,0.0,3.6325
46,Rest,417.65555555548053,0.0,3.6325
46,Rest,417.75555555551546,0.0,3.6325
46,Rest,417.8555555554922,0.0,3.6325
46,Rest,417.9555555555271,0.0,3.6325
46,Rest,418.0555555555038,0.0,3.6325
46,Rest,418.15555555548053,0.0,3.6326
46,Rest,418.25555555551546,0.0,3.6326
46,Rest,418.3555555554922,0.0,3.6326
46,Rest,418.4555555555271,0.0,3.6326
46,Rest,418.5555555555038,0.0,3.6326
46,Rest,418.65555555548053,0.0,3.6326
46,Rest,418.75555555551546,0.0,3.6326
46,Rest,418.8555555554922,0.0,3.6326
46,Rest,418.9555555555271,0.0,3.6327
46,Rest,419.0555555555038,0.0,3.6327
46,Rest,419.15555555548053,0.0,3.6326
46,Rest,419.25555555551546,0.0,3.6327
46,Rest,419.3555555554922,0.0,3.6327
46,Rest,419.4555555555271,0.0,3.6327
46,Rest,419.5555555555038,0.0,3.6327
46,Rest,419.65555555548053,0.0,3.6327
46,Rest,419.75555555551546,0.0,3.6327
46,Rest,419.8555555554922,0.0,3.6327
46,Rest,419.9555555555271,0.0,3.6327
46,Rest,420.0555555555038,0.0,3.6327
46,Rest,420.15555555548053,0.0,3.6328
46,Rest,420.25555555551546,0.0,3.6328
46,Rest,420.3555555554922,0.0,3.6328
46,Rest,420.4555555555271,0.0,3.6328
46,Rest,420.5555555555038,0.0,3.6328
46,Rest,420.65555555548053,0.0,3.6328
46,Rest,420.75555555551546,0.0,3.6328
46,Rest,420.8555555554922,0.0,3.6328
46,Rest,420.9555555555271,0.0,3.6328
46,Rest,421.0555555555038,0.0,3.6328
46,Rest,421.15555555548053,0.0,3.6329
46,Rest,421.25555555551546,0.0,3.6329
46,Rest,421.3555555554922,0.0,3.6329
46,Rest,421.4555555555271,0.0,3.6329
46,Rest,421.5555555555038,0.0,3.6329
46,Rest,421.65555555548053,0.0,3.6329
46,Rest,421.75555555551546,0.0,3.6329
46,Rest,421.8555555554922,0.0,3.6329
46,Rest,421.9555555555271,0.0,3.6329
46,Rest,422.0555555555038,0.0,3.6329
46,Rest,422.15555555548053,0.0,3.6329
46,Rest,422.25555555551546,0.0,3.633
46,Rest,422.3555555554922,0.0,3.633
46,Rest,422.4555555555271,0.0,3.633
46,Rest,422.5555555555038,0.0,3.633
46,Rest,422.65555555548053,0.0,3.633
46,Rest,422.75555555551546,0.0,3.633
46,Rest,422.8555555554922,0.0,3.633
46,Rest,422.9555555555271,0.0,3.633
46,Rest,423.0555555555038,0.0,3.6331
46,Rest,423.15555555548053,0.0,3.6331
46,Rest,423.25555555551546,0.0,3.6331
46,Rest,423.3555555554922,0.0,3.6331
46,Rest,423.4555555555271,0.0,3.6331
46,Rest,423.5555555555038,0.0,3.6331
46,Rest,423.65555555548053,0.0,3.6331
46,Rest,423.75555555551546,0.0,3.6331
46,Rest,423.8555555554922,0.0,3.6331
46,Rest,423.9555555555271,0.0,3.6331
46,Rest,424.0555555555038,0.0,3.6332
46,Rest,424.15555555548053,0.0,3.6332
46,Rest,424.25555555551546,0.0,3.6332
46,Rest,424.3555555554922,0.0,3.6332
46,Rest,424.4555555555271,0.0,3.6332
46,Rest,424.5555555555038,0.0,3.6332
46,Rest,424.65555555548053,0.0,3.6332
46,Rest,424.75555555551546,0.0,3.6332
46,Rest,424.8555555554922,0.0,3.6332
46,Rest,424.9555555555271,0.0,3.6333
46,Rest,425.0555555555038,0.0,3.6333
46,Rest,425.15555555548053,0.0,3.6332
46,Rest,425.25555555551546,0.0,3.6333
46,Rest,425.3555555554922,0.0,3.6333
46,Rest,425.4555555555271,0.0,3.6333
46,Rest,425.5555555555038,0.0,3.6333
46,Rest,425.65555555548053,0.0,3.6333
46,Rest,425.75555555551546,0.0,3.6333
46,Rest,425.8555555554922,0.0,3.6333
46,Rest,425.9555555555271,0.0,3.6334
46,Rest,426.0555555555038,0.0,3.6334
46,Rest,426.15555555548053,0.0,3.6334
46,Rest,426.25555555551546,0.0,3.6334
46,Rest,426.3555555554922,0.0,3.6334
46,Rest,426.4555555555271,0.0,3.6334
46,Rest,426.5555555555038,0.0,3.6334
46,Rest,426.65555555548053,0.0,3.6334
46,Rest,426.75555555551546,0.0,3.6334
46,Rest,426.8555555554922,0.0,3.6334
46,Rest,426.9555555555271,0.0,3.6334
46,Rest,427.0555555555038,0.0,3.6335
46,Rest,427.15555555548053,0.0,3.6335
46,Rest,427.25555555551546,0.0,3.6335
46,Rest,427.3555555554922,0.0,3.6335
46,Rest,427.4555555555271,0.0,3.6335
46,Rest,427.5555555555038,0.0,3.6335
46,Rest,427.65555555548053,0.0,3.6336
46,Rest,427.75555555551546,0.0,3.6335
46,Rest,427.8555555554922,0.0,3.6335
46,Rest,427.9555555555271,0.0,3.6335
46,Rest,428.0555555555038,0.0,3.6336
46,Rest,428.15555555548053,0.0,3.6336
46,Rest,428.25555555551546,0.0,3.6336
46,Rest,428.3555555554922,0.0,3.6336
46,Rest,428.4555555555271,0.0,3.6336
46,Rest,428.5555555555038,0.0,3.6336
46,Rest,428.65555555548053,0.0,3.6336
46,Rest,428.75555555551546,0.0,3.6336
46,Rest,428.8555555554922,0.0,3.6336
46,Rest,428.9555555555271,0.0,3.6337
46,Rest,429.0555555555038,0.0,3.6336
46,Rest,429.15555555548053,0.0,3.6337
46,Rest,429.25555555551546,0.0,3.6337
46,Rest,429.3555555554922,0.0,3.6337
46,Rest,429.4555555555271,0.0,3.6337
46,Rest,429.5555555555038,0.0,3.6337
46,Rest,429.65555555548053,0.0,3.6337
46,Rest,429.75555555551546,0.0,3.6337
46,Rest,429.8555555554922,0.0,3.6337
46,Rest,429.9555555555271,0.0,3.6337
46,Rest,430.0555555555038,0.0,3.6338
46,Rest,430.15555555548053,0.0,3.6338
46,Rest,430.25555555551546,0.0,3.6338
46,Rest,430.3555555554922,0.0,3.6338
46,Rest,430.4555555555271,0.0,3.6338
46,Rest,430.5555555555038,0.0,3.6338
46,Rest,430.65555555548053,0.0,3.6338
46,Rest,430.75555555551546,0.0,3.6338
46,Rest,430.8555555554922,0.0,3.6338
46,Rest,430.9555555555271,0.0,3.6339
46,Rest,431.0555555555038,0.0,3.6339
46,Rest,431.15555555548053,0.0,3.6339
46,Rest,431.25555555551546,0.0,3.6339
46,Rest,431.3555555554922,0.0,3.6339
46,Rest,431.4555555555271,0.0,3.6339
46,Rest,431.5555555555038,0.0,3.6339
46,Rest,431.65555555548053,0.0,3.6339
46,Rest,431.75555555551546,0.0,3.6339
46,Rest,431.8555555554922,0.0,3.634
46,Rest,431.9555555555271,0.0,3.6339
46,Rest,432.0555555555038,0.0,3.6339
46,Rest,432.15555555548053,0.0,3.634
46,Rest,432.25555555551546,0.0,3.634
46,Rest,432.3555555554922,0.0,3.6339
46,Rest,432.4555555555271,0.0,3.6339
46,Rest,432.5555555555038,0.0,3.634
46,Rest,432.65555555548053,0.0,3.634
46,Rest,432.75555555551546,0.0,3.634
46,Rest,432.8555555554922,0.0,3.634
46,Rest,432.9555555555271,0.0,3.634
46,Rest,433.0555555555038,0.0,3.634
46,Rest,433.15555555548053,0.0,3.634
46,Rest,433.25555555551546,0.0,3.6341
46,Rest,433.3555555554922,0.0,3.634
46,Rest,433.4555555555271,0.0,3.6341
46,Rest,433.5555555555038,0.0,3.6341
46,Rest,433.65555555548053,0.0,3.6341
46,Rest,433.75555555551546,0.0,3.6341
46,Rest,433.8555555554922,0.0,3.6341
46,Rest,433.9555555555271,0.0,3.6341
46,Rest,434.0555555555038,0.0,3.6341
46,Rest,434.15555555548053,0.0,3.6341
46,Rest,434.25555555551546,0.0,3.6341
46,Rest,434.3555555554922,0.0,3.6341
46,Rest,434.4555555555271,0.0,3.6342
46,Rest,434.5555555555038,0.0,3.6342
46,Rest,434.65555555548053,0.0,3.6342
46,Rest,434.75555555551546,0.0,3.6342
46,Rest,434.8555555554922,0.0,3.6342
46,Rest,434.9555555555271,0.0,3.6342
46,Rest,435.0555555555038,0.0,3.6342
46,Rest,435.15555555548053,0.0,3.6342
46,Rest,435.25555555551546,0.0,3.6342
46,Rest,435.3555555554922,0.0,3.6343
46,Rest,435.4555555555271,0.0,3.6343
46,Rest,435.5555555555038,0.0,3.6343
46,Rest,435.65555555548053,0.0,3.6343
46,Rest,435.75555555551546,0.0,3.6343
46,Rest,435.8555555554922,0.0,3.6343
46,Rest,435.9555555555271,0.0,3.6343
46,Rest,436.0555555555038,0.0,3.6343
46,Rest,436.15555555548053,0.0,3.6343
46,Rest,436.25555555551546,0.0,3.6344
46,Rest,436.3555555554922,0.0,3.6343
46,Rest,436.4555555555271,0.0,3.6343
46,Rest,436.5555555555038,0.0,3.6344
46,Rest,436.65555555548053,0.0,3.6344
46,Rest,436.75555555551546,0.0,3.6344
46,Rest,436.8555555554922,0.0,3.6343
46,Rest,436.9555555555271,0.0,3.6344
46,Rest,437.0555555555038,0.0,3.6344
46,Rest,437.15555555548053,0.0,3.6343
46,Rest,437.25555555551546,0.0,3.6344
46,Rest,437.3555555554922,0.0,3.6344
46,Rest,437.4555555555271,0.0,3.6344
46,Rest,437.5555555555038,0.0,3.6344
46,Rest,437.65555555548053,0.0,3.6344
46,Rest,437.75555555551546,0.0,3.6344
46,Rest,437.8555555554922,0.0,3.6344
46,Rest,437.9555555555271,0.0,3.6344
46,Rest,438.0555555555038,0.0,3.6344
46,Rest,438.15555555548053,0.0,3.6345
46,Rest,438.25555555551546,0.0,3.6345
46,Rest,438.3555555554922,0.0,3.6345
46,Rest,438.4555555555271,0.0,3.6345
46,Rest,438.5555555555038,0.0,3.6345
46,Rest,438.65555555548053,0.0,3.6345
46,Rest,438.75555555551546,0.0,3.6345
46,Rest,438.8555555554922,0.0,3.6345
46,Rest,438.9555555555271,0.0,3.6346
46,Rest,439.0555555555038,0.0,3.6346
46,Rest,439.15555555548053,0.0,3.6346
46,Rest,439.25555555551546,0.0,3.6346
46,Rest,439.3555555554922,0.0,3.6346
46,Rest,439.4555555555271,0.0,3.6346
46,Rest,439.5555555555038,0.0,3.6346
46,Rest,439.65555555548053,0.0,3.6346
46,Rest,439.75555555551546,0.0,3.6346
46,Rest,439.8555555554922,0.0,3.6346
46,Rest,439.9555555555271,0.0,3.6346
46,Rest,440.0555555555038,0.0,3.6347
46,Rest,440.15555555548053,0.0,3.6347
46,Rest,440.25555555551546,0.0,3.6347
46,Rest,440.3555555554922,0.0,3.6347
46,Rest,440.4555555555271,0.0,3.6347
46,Rest,440.5555555555038,0.0,3.6347
46,Rest,440.65555555548053,0.0,3.6347
46,Rest,440.75555555551546,0.0,3.6347
46,Rest,440.8555555554922,0.0,3.6347
46,Rest,440.9555555555271,0.0,3.6347
46,Rest,441.0555555555038,0.0,3.6347
46,Rest,441.15555555548053,0.0,3.6348
46,Rest,441.25555555551546,0.0,3.6347
46,Rest,441.3555555554922,0.0,3.6348
46,Rest,441.4555555555271,0.0,3.6348
46,Rest,441.5555555555038,0.0,3.6348
46,Rest,441.65555555548053,0.0,3.6348
46,Rest,441.75555555551546,0.0,3.6348
46,Rest,441.8555555554922,0.0,3.6348
46,Rest,441.9555555555271,0.0,3.6348
46,Rest,442.0555555555038,0.0,3.6348
46,Rest,442.15555555548053,0.0,3.6348
46,Rest,442.25555555551546,0.0,3.6348
46,Rest,442.3555555554922,0.0,3.6348
46,Rest,442.4555555555271,0.0,3.6349
46,Rest,442.5555555555038,0.0,3.6349
46,Rest,442.65555555548053,0.0,3.6349
46,Rest,442.75555555551546,0.0,3.6349
46,Rest,442.8555555554922,0.0,3.6349
46,Rest,442.9555555555271,0.0,3.6349
46,Rest,443.0555555555038,0.0,3.6349
46,Rest,443.15555555548053,0.0,3.6349
46,Rest,443.25555555551546,0.0,3.6349
46,Rest,443.3555555554922,0.0,3.6349
46,Rest,443.4555555555271,0.0,3.635
46,Rest,443.5555555555038,0.0,3.635
46,Rest,443.65555555548053,0.0,3.635
46,Rest,443.75555555551546,0.0,3.635
46,Rest,443.8555555554922,0.0,3.635
46,Rest,443.9555555555271,0.0,3.635
46,Rest,444.0555555555038,0.0,3.635
46,Rest,444.15555555548053,0.0,3.635
46,Rest,444.25555555551546,0.0,3.635
46,Rest,444.3555555554922,0.0,3.635
46,Rest,444.4555555555271,0.0,3.635
46,Rest,444.5555555555038,0.0,3.635
46,Rest,444.65555555548053,0.0,3.635
46,Rest,444.75555555551546,0.0,3.635
46,Rest,444.8555555554922,0.0,3.6351
46,Rest,444.9555555555271,0.0,3.6351
46,Rest,445.0555555555038,0.0,3.6351
46,Rest,445.15555555548053,0.0,3.6351
46,Rest,445.25555555551546,0.0,3.6351
46,Rest,445.3555555554922,0.0,3.6351
46,Rest,445.4555555555271,0.0,3.6351
46,Rest,445.5555555555038,0.0,3.6351
46,Rest,445.65555555548053,0.0,3.6351
46,Rest,445.75555555551546,0.0,3.6351
46,Rest,445.8555555554922,0.0,3.6352
46,Rest,445.9555555555271,0.0,3.6352
46,Rest,446.0555555555038,0.0,3.6352
46,Rest,446.15555555548053,0.0,3.6352
46,Rest,446.25555555551546,0.0,3.6352
46,Rest,446.3555555554922,0.0,3.6352
46,Rest,446.4555555555271,0.0,3.6352
46,Rest,446.5555555555038,0.0,3.6352
46,Rest,446.65555555548053,0.0,3.6352
46,Rest,446.75555555551546,0.0,3.6352
46,Rest,446.8555555554922,0.0,3.6352
46,Rest,446.9555555555271,0.0,3.6352
46,Rest,447.0555555555038,0.0,3.6352
46,Rest,447.15555555548053,0.0,3.6353
46,Rest,447.25555555551546,0.0,3.6353
46,Rest,447.3555555554922,0.0,3.6352
46,Rest,447.4555555555271,0.0,3.6352
46,Rest,447.5555555555038,0.0,3.6352
46,Rest,447.65555555548053,0.0,3.6352
46,Rest,447.75555555551546,0.0,3.6352
46,Rest,447.8555555554922,0.0,3.6353
46,Rest,447.9555555555271,0.0,3.6353
46,Rest,448.0555555555038,0.0,3.6353
46,Rest,448.15555555548053,0.0,3.6353
46,Rest,448.25555555551546,0.0,3.6353
46,Rest,448.3555555554922,0.0,3.6353
46,Rest,448.4555555555271,0.0,3.6354
46,Rest,448.5555555555038,0.0,3.6353
46,Rest,448.65555555548053,0.0,3.6353
46,Rest,448.75555555551546,0.0,3.6353
46,Rest,448.8555555554922,0.0,3.6354
46,Rest,448.9555555555271,0.0,3.6354
46,Rest,449.0555555555038,0.0,3.6354
46,Rest,449.15555555548053,0.0,3.6354
46,Rest,449.25555555551546,0.0,3.6354
46,Rest,449.3555555554922,0.0,3.6354
46,Rest,449.4555555555271,0.0,3.6354
46,Rest,449.5555555555038,0.0,3.6355
46,Rest,449.65555555548053,0.0,3.6355
46,Rest,449.75555555551546,0.0,3.6355
46,Rest,449.8555555554922,0.0,3.6355
46,Rest,449.9555555555271,0.0,3.6355
46,Rest,450.0555555555038,0.0,3.6355
46,Rest,450.15555555548053,0.0,3.6355
46,Rest,450.25555555551546,0.0,3.6355
46,Rest,450.3555555554922,0.0,3.6355
46,Rest,450.4555555555271,0.0,3.6355
46,Rest,450.5555555555038,0.0,3.6355
46,Rest,450.65555555548053,0.0,3.6355
46,Rest,450.75555555551546,0.0,3.6355
46,Rest,450.8555555554922,0.0,3.6355
46,Rest,450.9555555555271,0.0,3.6356
46,Rest,451.0555555555038,0.0,3.6356
46,Rest,451.15555555548053,0.0,3.6356
46,Rest,451.25555555551546,0.0,3.6356
46,Rest,451.3555555554922,0.0,3.6355
46,Rest,451.4555555555271,0.0,3.6355
46,Rest,451.5555555555038,0.0,3.6356
46,Rest,451.65555555548053,0.0,3.6356
46,Rest,451.75555555551546,0.0,3.6356
46,Rest,451.8555555554922,0.0,3.6356
46,Rest,451.9555555555271,0.0,3.6356
46,Rest,452.0555555555038,0.0,3.6356
46,Rest,452.15555555548053,0.0,3.6356
46,Rest,452.25555555551546,0.0,3.6356
46,Rest,452.3555555554922,0.0,3.6356
46,Rest,452.4555555555271,0.0,3.6357
46,Rest,452.5555555555038,0.0,3.6357
46,Rest,452.65555555548053,0.0,3.6357
46,Rest,452.75555555551546,0.0,3.6357
46,Rest,452.8555555554922,0.0,3.6357
46,Rest,452.9555555555271,0.0,3.6357
46,Rest,453.0555555555038,0.0,3.6357
46,Rest,453.15555555548053,0.0,3.6357
46,Rest,453.25555555551546,0.0,3.6357
46,Rest,453.3555555554922,0.0,3.6358
46,Rest,453.4555555555271,0.0,3.6358
46,Rest,453.5555555555038,0.0,3.6357
46,Rest,453.65555555548053,0.0,3.6357
46,Rest,453.75555555551546,0.0,3.6358
46,Rest,453.8555555554922,0.0,3.6358
46,Rest,453.9555555555271,0.0,3.6358
46,Rest,454.0555555555038,0.0,3.6358
46,Rest,454.15555555548053,0.0,3.6358
46,Rest,454.25555555551546,0.0,3.6358
46,Rest,454.3555555554922,0.0,3.6358
46,Rest,454.4555555555271,0.0,3.6358
46,Rest,454.5555555555038,0.0,3.6358
46,Rest,454.65555555548053,0.0,3.6358
46,Rest,454.75555555551546,0.0,3.6358
46,Rest,454.8555555554922,0.0,3.6359
46,Rest,454.9555555555271,0.0,3.6358
46,Rest,455.0555555555038,0.0,3.6358
46,Rest,455.15555555548053,0.0,3.6359
46,Rest,455.25555555551546,0.0,3.6359
46,Rest,455.3555555554922,0.0,3.6358
46,Rest,455.4555555555271,0.0,3.6359
46,Rest,455.5555555555038,0.0,3.6359
46,Rest,455.65555555548053,0.0,3.6359
46,Rest,455.75555555551546,0.0,3.6359
46,Rest,455.8555555554922,0.0,3.6359
46,Rest,455.9555555555271,0.0,3.6359
46,Rest,456.0555555555038,0.0,3.6359
46,Rest,456.15555555548053,0.0,3.6359
46,Rest,456.25555555551546,0.0,3.6359
46,Rest,456.3555555554922,0.0,3.636
46,Rest,456.4555555555271,0.0,3.636
46,Rest,456.5555555555038,0.0,3.636
46,Rest,456.65555555548053,0.0,3.636
46,Rest,456.75555555551546,0.0,3.636
46,Rest,456.8555555554922,0.0,3.636
46,Rest,456.9555555555271,0.0,3.636
46,Rest,457.0555555555038,0.0,3.636
46,Rest,457.15555555548053,0.0,3.636
46,Rest,457.25555555551546,0.0,3.636
46,Rest,457.3555555554922,0.0,3.636
46,Rest,457.4555555555271,0.0,3.636
46,Rest,457.5555555555038,0.0,3.6361
46,Rest,457.65555555548053,0.0,3.6361
46,Rest,457.75555555551546,0.0,3.6361
46,Rest,457.8555555554922,0.0,3.6361
46,Rest,457.9555555555271,0.0,3.6361
46,Rest,458.0555555555038,0.0,3.6361
46,Rest,458.15555555548053,0.0,3.6361
46,Rest,458.25555555551546,0.0,3.6361
46,Rest,458.3555555554922,0.0,3.6361
46,Rest,458.4555555555271,0.0,3.6361
46,Rest,458.5555555555038,0.0,3.6361
46,Rest,458.65555555548053,0.0,3.6361
46,Rest,458.75555555551546,0.0,3.6362
46,Rest,458.8555555554922,0.0,3.6362
46,Rest,458.9555555555271,0.0,3.6361
46,Rest,459.0555555555038,0.0,3.6362
46,Rest,459.15555555548053,0.0,3.6362
46,Rest,459.25555555551546,0.0,3.6362
46,Rest,459.3555555554922,0.0,3.6362
46,Rest,459.4555555555271,0.0,3.6362
46,Rest,459.5555555555038,0.0,3.6362
46,Rest,459.65555555548053,0.0,3.6362
46,Rest,459.75555555551546,0.0,3.6362
46,Rest,459.8555555554922,0.0,3.6362
46,Rest,459.9555555555271,0.0,3.6362
46,Rest,460.0555555555038,0.0,3.6362
46,Rest,460.15555555548053,0.0,3.6362
46,Rest,460.25555555551546,0.0,3.6362
46,Rest,460.3555555554922,0.0,3.6362
46,Rest,460.4555555555271,0.0,3.6362
46,Rest,460.5555555555038,0.0,3.6362
46,Rest,460.65555555548053,0.0,3.6363
46,Rest,460.75555555551546,0.0,3.6363
46,Rest,460.8555555554922,0.0,3.6362
46,Rest,460.9555555555271,0.0,3.6363
46,Rest,461.0555555555038,0.0,3.6363
46,Rest,461.15555555548053,0.0,3.6363
46,Rest,461.25555555551546,0.0,3.6363
46,Rest,461.3555555554922,0.0,3.6363
46,Rest,461.4555555555271,0.0,3.6363
46,Rest,461.5555555555038,0.0,3.6364
46,Rest,461.65555555548053,0.0,3.6364
46,Rest,461.75555555551546,0.0,3.6364
46,Rest,461.8555555554922,0.0,3.6363
46,Rest,461.9555555555271,0.0,3.6364
46,Rest,462.0555555555038,0.0,3.6364
46,Rest,462.15555555548053,0.0,3.6364
46,Rest,462.25555555551546,0.0,3.6364
46,Rest,462.3555555554922,0.0,3.6364
46,Rest,462.4555555555271,0.0,3.6364
46,Rest,462.5555555555038,0.0,3.6364
46,Rest,462.65555555548053,0.0,3.6365
46,Rest,462.75555555551546,0.0,3.6364
46,Rest,462.8555555554922,0.0,3.6364
46,Rest,462.9555555555271,0.0,3.6365
46,Rest,463.0555555555038,0.0,3.6365
46,Rest,463.15555555548053,0.0,3.6365
46,Rest,463.25555555551546,0.0,3.6365
46,Rest,463.3555555554922,0.0,3.6365
46,Rest,463.4555555555271,0.0,3.6365
46,Rest,463.5555555555038,0.0,3.6365
46,Rest,463.65555555548053,0.0,3.6365
46,Rest,463.75555555551546,0.0,3.6365
46,Rest,463.8555555554922,0.0,3.6365
46,Rest,463.9555555555271,0.0,3.6365
46,Rest,464.0555555555038,0.0,3.6365
46,Rest,464.15555555548053,0.0,3.6365
46,Rest,464.25555555551546,0.0,3.6365
46,Rest,464.3555555554922,0.0,3.6366
46,Rest,464.4555555555271,0.0,3.6366
46,Rest,464.5555555555038,0.0,3.6366
46,Rest,464.65555555548053,0.0,3.6366
46,Rest,464.75555555551546,0.0,3.6366
46,Rest,464.8555555554922,0.0,3.6366
46,Rest,464.9555555555271,0.0,3.6366
46,Rest,465.0555555555038,0.0,3.6366
46,Rest,465.15555555548053,0.0,3.6366
46,Rest,465.25555555551546,0.0,3.6366
46,Rest,465.3555555554922,0.0,3.6366
46,Rest,465.4555555555271,0.0,3.6366
46,Rest,465.5555555555038,0.0,3.6366
46,Rest,465.65555555548053,0.0,3.6367
46,Rest,465.75555555551546,0.0,3.6367
46,Rest,465.8555555554922,0.0,3.6367
46,Rest,465.9555555555271,0.0,3.6367
46,Rest,466.0555555555038,0.0,3.6367
46,Rest,466.15555555548053,0.0,3.6367
46,Rest,466.25555555551546,0.0,3.6367
46,Rest,466.3555555554922,0.0,3.6367
46,Rest,466.4555555555271,0.0,3.6367
46,Rest,466.5555555555038,0.0,3.6367
46,Rest,466.65555555548053,0.0,3.6367
46,Rest,466.75555555551546,0.0,3.6367
46,Rest,466.8555555554922,0.0,3.6367
46,Rest,466.9555555555271,0.0,3.6367
46,Rest,467.0555555555038,0.0,3.6367
46,Rest,467.15555555548053,0.0,3.6367
46,Rest,467.25555555551546,0.0,3.6367
46,Rest,467.3555555554922,0.0,3.6367
46,Rest,467.4555555555271,0.0,3.6367
46,Rest,467.5555555555038,0.0,3.6367
46,Rest,467.65555555548053,0.0,3.6368
46,Rest,467.75555555551546,0.0,3.6368
46,Rest,467.8555555554922,0.0,3.6367
46,Rest,467.9555555555271,0.0,3.6368
46,Rest,468.0555555555038,0.0,3.6368
46,Rest,468.15555555548053,0.0,3.6368
46,Rest,468.25555555551546,0.0,3.6368
46,Rest,468.3555555554922,0.0,3.6368
46,Rest,468.4555555555271,0.0,3.6368
46,Rest,468.5555555555038,0.0,3.6368
46,Rest,468.65555555548053,0.0,3.6368
46,Rest,468.75555555551546,0.0,3.6368
46,Rest,468.8555555554922,0.0,3.6368
46,Rest,468.9555555555271,0.0,3.6368
46,Rest,469.0555555555038,0.0,3.6369
46,Rest,469.15555555548053,0.0,3.6369
46,Rest,469.25555555551546,0.0,3.6369
46,Rest,469.3555555554922,0.0,3.6369
46,Rest,469.4555555555271,0.0,3.6369
46,Rest,469.5555555555038,0.0,3.6369
46,Rest,469.65555555548053,0.0,3.6369
46,Rest,469.75555555551546,0.0,3.6369
46,Rest,469.8555555554922,0.0,3.6369
46,Rest,469.9555555555271,0.0,3.6369
46,Rest,470.0555555555038,0.0,3.6369
46,Rest,470.15555555548053,0.0,3.6369
46,Rest,470.25555555551546,0.0,3.6369
46,Rest,470.3555555554922,0.0,3.6369
46,Rest,470.4555555555271,0.0,3.637
46,Rest,470.5555555555038,0.0,3.637
46,Rest,470.65555555548053,0.0,3.637
46,Rest,470.75555555551546,0.0,3.637
46,Rest,470.8555555554922,0.0,3.637
46,Rest,470.9555555555271,0.0,3.637
46,Rest,471.0555555555038,0.0,3.637
46,Rest,471.15555555548053,0.0,3.637
46,Rest,471.25555555551546,0.0,3.637
46,Rest,471.3555555554922,0.0,3.637
46,Rest,471.4555555555271,0.0,3.637
46,Rest,471.5555555555038,0.0,3.637
46,Rest,471.65555555548053,0.0,3.6371
46,Rest,471.75555555551546,0.0,3.6371
46,Rest,471.8555555554922,0.0,3.6371
46,Rest,471.9555555555271,0.0,3.6371
46,Rest,472.0555555555038,0.0,3.6371
46,Rest,472.15555555548053,0.0,3.6371
46,Rest,472.25555555551546,0.0,3.6371
46,Rest,472.3555555554922,0.0,3.6371
46,Rest,472.4555555555271,0.0,3.6371
46,Rest,472.5555555555038,0.0,3.6371
46,Rest,472.65555555548053,0.0,3.6371
46,Rest,472.75555555551546,0.0,3.6371
46,Rest,472.8555555554922,0.0,3.6372
46,Rest,472.9555555555271,0.0,3.6371
46,Rest,473.0555555555038,0.0,3.6371
46,Rest,473.15555555548053,0.0,3.6371
46,Rest,473.25555555551546,0.0,3.6372
46,Rest,473.3555555554922,0.0,3.6372
46,Rest,473.4555555555271,0.0,3.6372
46,Rest,473.5555555555038,0.0,3.6372
46,Rest,473.65555555548053,0.0,3.6372
46,Rest,473.75555555551546,0.0,3.6372
46,Rest,473.8555555554922,0.0,3.6372
46,Rest,473.9555555555271,0.0,3.6372
46,Rest,474.0555555555038,0.0,3.6372
46,Rest,474.15555555548053,0.0,3.6372
46,Rest,474.25555555551546,0.0,3.6372
46,Rest,474.3555555554922,0.0,3.6372
46,Rest,474.4555555555271,0.0,3.6372
46,Rest,474.5555555555038,0.0,3.6373
46,Rest,474.65555555548053,0.0,3.6373
46,Rest,474.75555555551546,0.0,3.6372
46,Rest,474.8555555554922,0.0,3.6372
46,Rest,474.9555555555271,0.0,3.6372
46,Rest,475.0555555555038,0.0,3.6373
46,Rest,475.15555555548053,0.0,3.6373
46,Rest,475.25555555551546,0.0,3.6373
46,Rest,475.3555555554922,0.0,3.6373
46,Rest,475.4555555555271,0.0,3.6373
46,Rest,475.5555555555038,0.0,3.6373
46,Rest,475.65555555548053,0.0,3.6373
46,Rest,475.75555555551546,0.0,3.6373
46,Rest,475.8555555554922,0.0,3.6373
46,Rest,475.9555555555271,0.0,3.6373
46,Rest,476.0555555555038,0.0,3.6373
46,Rest,476.15555555548053,0.0,3.6374
46,Rest,476.25555555551546,0.0,3.6374
46,Rest,476.3555555554922,0.0,3.6374
46,Rest,476.4555555555271,0.0,3.6374
46,Rest,476.5555555555038,0.0,3.6374
46,Rest,476.65555555548053,0.0,3.6374
46,Rest,476.75555555551546,0.0,3.6374
46,Rest,476.8555555554922,0.0,3.6374
46,Rest,476.9555555555271,0.0,3.6374
46,Rest,477.0555555555038,0.0,3.6374
46,Rest,477.15555555548053,0.0,3.6374
46,Rest,477.25555555551546,0.0,3.6374
46,Rest,477.3555555554922,0.0,3.6374
46,Rest,477.4555555555271,0.0,3.6374
46,Rest,477.5555555555038,0.0,3.6375
46,Rest,477.65555555548053,0.0,3.6374
46,Rest,477.75555555551546,0.0,3.6374
46,Rest,477.8555555554922,0.0,3.6374
46,Rest,477.9555555555271,0.0,3.6374
46,Rest,478.0555555555038,0.0,3.6374
46,Rest,478.15555555548053,0.0,3.6375
46,Rest,478.25555555551546,0.0,3.6375
46,Rest,478.3555555554922,0.0,3.6375
46,Rest,478.4555555555271,0.0,3.6375
46,Rest,478.5555555555038,0.0,3.6375
46,Rest,478.65555555548053,0.0,3.6375
46,Rest,478.75555555551546,0.0,3.6375
46,Rest,478.8555555554922,0.0,3.6375
46,Rest,478.9555555555271,0.0,3.6375
46,Rest,479.0555555555038,0.0,3.6375
46,Rest,479.15555555548053,0.0,3.6375
46,Rest,479.25555555551546,0.0,3.6375
46,Rest,479.3555555554922,0.0,3.6375
46,Rest,479.4555555555271,0.0,3.6376
46,Rest,479.5555555555038,0.0,3.6376
46,Rest,479.65555555548053,0.0,3.6375
46,Rest,479.75555555551546,0.0,3.6375
46,Rest,479.8555555554922,0.0,3.6375
46,Rest,479.9555555555271,0.0,3.6376
46,Rest,480.0555555555038,0.0,3.6376
46,Rest,480.15555555548053,0.0,3.6376
46,Rest,480.25555555551546,0.0,3.6375
46,Rest,480.3555555554922,0.0,3.6376
46,Rest,480.4555555555271,0.0,3.6376
46,Rest,480.5555555555038,0.0,3.6376
46,Rest,480.65555555548053,0.0,3.6376
46,Rest,480.75555555551546,0.0,3.6376
46,Rest,480.8555555554922,0.0,3.6376
46,Rest,480.9555555555271,0.0,3.6376
46,Rest,481.0555555555038,0.0,3.6376
46,Rest,481.15555555548053,0.0,3.6376
46,Rest,481.25555555551546,0.0,3.6377
46,Rest,481.3555555554922,0.0,3.6376
46,Rest,481.4555555555271,0.0,3.6376
46,Rest,481.5555555555038,0.0,3.6376
46,Rest,481.65555555548053,0.0,3.6376
46,Rest,481.75555555551546,0.0,3.6376
46,Rest,481.8555555554922,0.0,3.6376
46,Rest,481.9555555555271,0.0,3.6377
46,Rest,482.0555555555038,0.0,3.6377
46,Rest,482.15555555548053,0.0,3.6377
46,Rest,482.25555555551546,0.0,3.6377
46,Rest,482.3555555554922,0.0,3.6377
46,Rest,482.4555555555271,0.0,3.6377
46,Rest,482.5555555555038,0.0,3.6377
46,Rest,482.65555555548053,0.0,3.6377
46,Rest,482.75555555551546,0.0,3.6377
46,Rest,482.8555555554922,0.0,3.6377
46,Rest,482.9555555555271,0.0,3.6377
46,Rest,483.0555555555038,0.0,3.6377
46,Rest,483.15555555548053,0.0,3.6377
46,Rest,483.25555555551546,0.0,3.6377
46,Rest,483.3555555554922,0.0,3.6378
46,Rest,483.4555555555271,0.0,3.6378
46,Rest,483.5555555555038,0.0,3.6377
46,Rest,483.65555555548053,0.0,3.6378
46,Rest,483.75555555551546,0.0,3.6378
46,Rest,483.8555555554922,0.0,3.6378
46,Rest,483.9555555555271,0.0,3.6378
46,Rest,484.0555555555038,0.0,3.6378
46,Rest,484.15555555548053,0.0,3.6378
46,Rest,484.25555555551546,0.0,3.6378
46,Rest,484.3555555554922,0.0,3.6378
46,Rest,484.4555555555271,0.0,3.6378
46,Rest,484.5555555555038,0.0,3.6378
46,Rest,484.65555555548053,0.0,3.6378
46,Rest,484.75555555551546,0.0,3.6379
46,Rest,484.8555555554922,0.0,3.6379
46,Rest,484.9555555555271,0.0,3.6378
46,Rest,485.0555555555038,0.0,3.6378
46,Rest,485.15555555548053,0.0,3.6379
46,Rest,485.25555555551546,0.0,3.6379
46,Rest,485.3555555554922,0.0,3.6379
46,Rest,485.4555555555271,0.0,3.6379
46,Rest,485.5555555555038,0.0,3.6379
46,Rest,485.65555555548053,0.0,3.6379
46,Rest,485.75555555551546,0.0,3.6379
46,Rest,485.8555555554922,0.0,3.6379
46,Rest,485.9555555555271,0.0,3.6379
46,Rest,486.0555555555038,0.0,3.6379
46,Rest,486.15555555548053,0.0,3.6379
46,Rest,486.25555555551546,0.0,3.6379
46,Rest,486.3555555554922,0.0,3.6379
46,Rest,486.4555555555271,0.0,3.6379
46,Rest,486.5555555555038,0.0,3.6379
46,Rest,486.65555555548053,0.0,3.6379
46,Rest,486.75555555551546,0.0,3.6379
46,Rest,486.8555555554922,0.0,3.6379
46,Rest,486.9555555555271,0.0,3.6379
46,Rest,487.0555555555038,0.0,3.6379
46,Rest,487.15555555548053,0.0,3.638
46,Rest,487.25555555551546,0.0,3.638
46,Rest,487.3555555554922,0.0,3.638
46,Rest,487.4555555555271,0.0,3.638
46,Rest,487.5555555555038,0.0,3.638
46,Rest,487.65555555548053,0.0,3.638
46,Rest,487.75555555551546,0.0,3.638
46,Rest,487.8555555554922,0.0,3.638
46,Rest,487.9555555555271,0.0,3.638
46,Rest,488.0555555555038,0.0,3.638
46,Rest,488.15555555548053,0.0,3.6381
46,Rest,488.25555555551546,0.0,3.638
46,Rest,488.3555555554922,0.0,3.6381
46,Rest,488.4555555555271,0.0,3.6381
46,Rest,488.5555555555038,0.0,3.6381
46,Rest,488.65555555548053,0.0,3.6381
46,Rest,488.75555555551546,0.0,3.6381
46,Rest,488.8555555554922,0.0,3.6381
46,Rest,488.9555555555271,0.0,3.6381
46,Rest,489.0555555555038,0.0,3.6381
46,Rest,489.15555555548053,0.0,3.6381
46,Rest,489.25555555551546,0.0,3.6381
46,Rest,489.3555555554922,0.0,3.6381
46,Rest,489.4555555555271,0.0,3.6381
46,Rest,489.5555555555038,0.0,3.6382
46,Rest,489.65555555548053,0.0,3.6382
46,Rest,489.75555555551546,0.0,3.6381
46,Rest,489.8555555554922,0.0,3.6382
46,Rest,489.9555555555271,0.0,3.6382
46,Rest,490.0555555555038,0.0,3.6382
46,Rest,490.15555555548053,0.0,3.6382
46,Rest,490.25555555551546,0.0,3.6382
46,Rest,490.3555555554922,0.0,3.6382
46,Rest,490.4555555555271,0.0,3.6382
46,Rest,490.5555555555038,0.0,3.6382
46,Rest,490.65555555548053,0.0,3.6382
46,Rest,490.75555555551546,0.0,3.6382
46,Rest,490.8555555554922,0.0,3.6382
46,Rest,490.9555555555271,0.0,3.6382
46,Rest,491.0555555555038,0.0,3.6382
46,Rest,491.15555555548053,0.0,3.6382
46,Rest,491.25555555551546,0.0,3.6382
46,Rest,491.3555555554922,0.0,3.6382
46,Rest,491.4555555555271,0.0,3.6382
46,Rest,491.5555555555038,0.0,3.6382
46,Rest,491.65555555548053,0.0,3.6383
46,Rest,491.75555555551546,0.0,3.6383
46,Rest,491.8555555554922,0.0,3.6383
46,Rest,491.9555555555271,0.0,3.6383
46,Rest,492.0555555555038,0.0,3.6383
46,Rest,492.15555555548053,0.0,3.6383
46,Rest,492.25555555551546,0.0,3.6383
46,Rest,492.3555555554922,0.0,3.6383
46,Rest,492.4555555555271,0.0,3.6383
46,Rest,492.5555555555038,0.0,3.6384
46,Rest,492.65555555548053,0.0,3.6384
46,Rest,492.75555555551546,0.0,3.6384
46,Rest,492.8555555554922,0.0,3.6384
46,Rest,492.9555555555271,0.0,3.6384
46,Rest,493.0555555555038,0.0,3.6384
46,Rest,493.15555555548053,0.0,3.6384
46,Rest,493.25555555551546,0.0,3.6384
46,Rest,493.3555555554922,0.0,3.6384
46,Rest,493.4555555555271,0.0,3.6384
46,Rest,493.5555555555038,0.0,3.6384
46,Rest,493.65555555548053,0.0,3.6384
46,Rest,493.75555555551546,0.0,3.6385
46,Rest,493.8555555554922,0.0,3.6385
46,Rest,493.9555555555271,0.0,3.6384
46,Rest,494.0555555555038,0.0,3.6385
46,Rest,494.15555555548053,0.0,3.6385
46,Rest,494.25555555551546,0.0,3.6385
46,Rest,494.3555555554922,0.0,3.6385
46,Rest,494.4555555555271,0.0,3.6385
46,Rest,494.5555555555038,0.0,3.6385
46,Rest,494.65555555548053,0.0,3.6385
46,Rest,494.75555555551546,0.0,3.6385
46,Rest,494.8555555554922,0.0,3.6385
46,Rest,494.9555555555271,0.0,3.6386
46,Rest,495.0555555555038,0.0,3.6386
46,Rest,495.15555555548053,0.0,3.6385
46,Rest,495.25555555551546,0.0,3.6385
46,Rest,495.3555555554922,0.0,3.6386
46,Rest,495.4555555555271,0.0,3.6385
46,Rest,495.5555555555038,0.0,3.6385
46,Rest,495.65555555548053,0.0,3.6386
46,Rest,495.75555555551546,0.0,3.6386
46,Rest,495.8555555554922,0.0,3.6386
46,Rest,495.9555555555271,0.0,3.6386
46,Rest,496.0555555555038,0.0,3.6386
46,Rest,496.15555555548053,0.0,3.6386
46,Rest,496.25555555551546,0.0,3.6386
46,Rest,496.3555555554922,0.0,3.6386
46,Rest,496.4555555555271,0.0,3.6386
46,Rest,496.5555555555038,0.0,3.6386
46,Rest,496.65555555548053,0.0,3.6386
46,Rest,496.75555555551546,0.0,3.6386
46,Rest,496.8555555554922,0.0,3.6387
46,Rest,496.9555555555271,0.0,3.6387
46,Rest,497.0555555555038,0.0,3.6387
46,Rest,497.15555555548053,0.0,3.6387
46,Rest,497.25555555551546,0.0,3.6386
46,Rest,497.3555555554922,0.0,3.6387
46,Rest,497.4555555555271,0.0,3.6387
46,Rest,497.5555555555038,0.0,3.6387
46,Rest,497.65555555548053,0.0,3.6387
46,Rest,497.75555555551546,0.0,3.6387
46,Rest,497.8555555554922,0.0,3.6387
46,Rest,497.9555555555271,0.0,3.6387
46,Rest,498.0555555555038,0.0,3.6387
46,Rest,498.15555555548053,0.0,3.6387
46,Rest,498.25555555551546,0.0,3.6387
46,Rest,498.3555555554922,0.0,3.6387
46,Rest,498.4555555555271,0.0,3.6387
46,Rest,498.5555555555038,0.0,3.6387
46,Rest,498.65555555548053,0.0,3.6387
46,Rest,498.75555555551546,0.0,3.6387
46,Rest,498.8555555554922,0.0,3.6387
46,Rest,498.9555555555271,0.0,3.6387
46,Rest,499.0555555555038,0.0,3.6388
46,Rest,499.15555555548053,0.0,3.6388
46,Rest,499.25555555551546,0.0,3.6388
46,Rest,499.3555555554922,0.0,3.6388
46,Rest,499.4555555555271,0.0,3.6388
46,Rest,499.5555555555038,0.0,3.6388
46,Rest,499.65555555548053,0.0,3.6388
46,Rest,499.75555555551546,0.0,3.6388
46,Rest,499.8555555554922,0.0,3.6388
46,Rest,499.9555555555271,0.0,3.6388
46,Rest,500.0555555555038,0.0,3.6388
46,Rest,500.15555555548053,0.0,3.6388
46,Rest,500.25555555551546,0.0,3.6388
46,Rest,500.3555555554922,0.0,3.6388
46,Rest,500.4555555555271,0.0,3.6388
46,Rest,500.5555555555038,0.0,3.6388
46,Rest,500.65555555548053,0.0,3.6388
46,Rest,500.75555555551546,0.0,3.6388
46,Rest,500.8555555554922,0.0,3.6389
46,Rest,500.9555555555271,0.0,3.6388
46,Rest,501.0555555555038,0.0,3.6388
46,Rest,501.15555555548053,0.0,3.6388
46,Rest,501.25555555551546,0.0,3.6389
46,Rest,501.3555555554922,0.0,3.6389
46,Rest,501.4555555555271,0.0,3.6389
46,Rest,501.5555555555038,0.0,3.6389
46,Rest,501.65555555548053,0.0,3.6389
46,Rest,501.75555555551546,0.0,3.6389
46,Rest,501.8555555554922,0.0,3.6389
46,Rest,501.9555555555271,0.0,3.6389
46,Rest,502.0555555555038,0.0,3.6389
46,Rest,502.15555555548053,0.0,3.6389
46,Rest,502.25555555551546,0.0,3.6389
46,Rest,502.3555555554922,0.0,3.6389
46,Rest,502.4555555555271,0.0,3.6389
46,Rest,502.5555555555038,0.0,3.6389
46,Rest,502.65555555548053,0.0,3.6389
46,Rest,502.75555555551546,0.0,3.6389
46,Rest,502.8555555554922,0.0,3.6389
46,Rest,502.9555555555271,0.0,3.6389
46,Rest,503.0555555555038,0.0,3.639
46,Rest,503.15555555548053,0.0,3.639
46,Rest,503.25555555551546,0.0,3.639
46,Rest,503.3555555554922,0.0,3.639
46,Rest,503.4555555555271,0.0,3.639
46,Rest,503.5555555555038,0.0,3.639
46,Rest,503.65555555548053,0.0,3.639
46,Rest,503.75555555551546,0.0,3.639
46,Rest,503.8555555554922,0.0,3.639
46,Rest,503.9555555555271,0.0,3.639
46,Rest,504.0555555555038,0.0,3.639
46,Rest,504.15555555548053,0.0,3.639
46,Rest,504.25555555551546,0.0,3.639
46,Rest,504.3555555554922,0.0,3.639
46,Rest,504.4555555555271,0.0,3.6391
46,Rest,504.5555555555038,0.0,3.639
46,Rest,504.65555555548053,0.0,3.639
46,Rest,504.75555555551546,0.0,3.6391
46,Rest,504.8555555554922,0.0,3.639
46,Rest,504.9555555555271,0.0,3.6391
46,Rest,505.0555555555038,0.0,3.6391
46,Rest,505.15555555548053,0.0,3.639
46,Rest,505.25555555551546,0.0,3.639
46,Rest,505.3555555554922,0.0,3.6391
46,Rest,505.4555555555271,0.0,3.6391
46,Rest,505.5555555555038,0.0,3.6391
46,Rest,505.65555555548053,0.0,3.6391
46,Rest,505.75555555551546,0.0,3.6391
46,Rest,505.8555555554922,0.0,3.6391
46,Rest,505.9555555555271,0.0,3.6391
46,Rest,506.0555555555038,0.0,3.6392
46,Rest,506.15555555548053,0.0,3.6392
46,Rest,506.25555555551546,0.0,3.6392
46,Rest,506.3555555554922,0.0,3.6391
46,Rest,506.4555555555271,0.0,3.6392
46,Rest,506.5555555555038,0.0,3.6391
46,Rest,506.65555555548053,0.0,3.6391
46,Rest,506.75555555551546,0.0,3.6391
46,Rest,506.8555555554922,0.0,3.6391
46,Rest,506.9555555555271,0.0,3.6391
46,Rest,507.0555555555038,0.0,3.6392
46,Rest,507.15555555548053,0.0,3.6392
46,Rest,507.25555555551546,0.0,3.6392
46,Rest,507.3555555554922,0.0,3.6392
46,Rest,507.4555555555271,0.0,3.6392
46,Rest,507.5555555555038,0.0,3.6392
46,Rest,507.65555555548053,0.0,3.6392
46,Rest,507.75555555551546,0.0,3.6392
46,Rest,507.8555555554922,0.0,3.6392
46,Rest,507.9555555555271,0.0,3.6392
46,Rest,508.0555555555038,0.0,3.6392
46,Rest,508.15555555548053,0.0,3.6392
46,Rest,508.25555555551546,0.0,3.6392
46,Rest,508.3555555554922,0.0,3.6392
46,Rest,508.4555555555271,0.0,3.6392
46,Rest,508.5555555555038,0.0,3.6392
46,Rest,508.65555555548053,0.0,3.6392
46,Rest,508.75555555551546,0.0,3.6393
46,Rest,508.8555555554922,0.0,3.6392
46,Rest,508.9555555555271,0.0,3.6392
46,Rest,509.0555555555038,0.0,3.6392
46,Rest,509.15555555548053,0.0,3.6392
46,Rest,509.25555555551546,0.0,3.6392
46,Rest,509.3555555554922,0.0,3.6393
46,Rest,509.4555555555271,0.0,3.6393
46,Rest,509.5555555555038,0.0,3.6392
46,Rest,509.65555555548053,0.0,3.6393
46,Rest,509.75555555551546,0.0,3.6393
46,Rest,509.8555555554922,0.0,3.6393
46,Rest,509.9555555555271,0.0,3.6393
46,Rest,510.0555555555038,0.0,3.6393
46,Rest,510.15555555548053,0.0,3.6393
46,Rest,510.25555555551546,0.0,3.6393
46,Rest,510.3555555554922,0.0,3.6393
46,Rest,510.4555555555271,0.0,3.6393
46,Rest,510.5555555555038,0.0,3.6393
46,Rest,510.65555555548053,0.0,3.6394
46,Rest,510.75555555551546,0.0,3.6393
46,Rest,510.8555555554922,0.0,3.6394
46,Rest,510.9555555555271,0.0,3.6394
46,Rest,511.0555555555038,0.0,3.6394
46,Rest,511.15555555548053,0.0,3.6393
46,Rest,511.25555555551546,0.0,3.6394
46,Rest,511.3555555554922,0.0,3.6394
46,Rest,511.4555555555271,0.0,3.6394
46,Rest,511.5555555555038,0.0,3.6394
46,Rest,511.65555555548053,0.0,3.6394
46,Rest,511.75555555551546,0.0,3.6394
46,Rest,511.8555555554922,0.0,3.6394
46,Rest,511.9555555555271,0.0,3.6394
46,Rest,512.0555555555038,0.0,3.6394
46,Rest,512.1555555554805,0.0,3.6394
46,Rest,512.2555555555155,0.0,3.6395
46,Rest,512.3555555554922,0.0,3.6394
46,Rest,512.4555555555271,0.0,3.6394
46,Rest,512.5555555555038,0.0,3.6394
46,Rest,512.6555555554805,0.0,3.6395
46,Rest,512.7555555555155,0.0,3.6395
46,Rest,512.8555555554922,0.0,3.6395
46,Rest,512.9555555555271,0.0,3.6395
46,Rest,513.0555555555038,0.0,3.6395
46,Rest,513.1555555554805,0.0,3.6395
46,Rest,513.2555555555155,0.0,3.6395
46,Rest,513.3555555554922,0.0,3.6395
46,Rest,513.4555555555271,0.0,3.6395
46,Rest,513.5555555555038,0.0,3.6395
46,Rest,513.6555555554805,0.0,3.6395
46,Rest,513.7555555555155,0.0,3.6395
46,Rest,513.8555555554922,0.0,3.6395
46,Rest,513.9555555555271,0.0,3.6395
46,Rest,514.0555555555038,0.0,3.6395
46,Rest,514.1555555554805,0.0,3.6395
46,Rest,514.2555555555155,0.0,3.6395
46,Rest,514.3555555554922,0.0,3.6396
46,Rest,514.4555555555271,0.0,3.6396
46,Rest,514.5555555555038,0.0,3.6396
46,Rest,514.6555555554805,0.0,3.6396
46,Rest,514.7555555555155,0.0,3.6396
46,Rest,514.8555555554922,0.0,3.6396
46,Rest,514.9555555555271,0.0,3.6396
46,Rest,515.0555555555038,0.0,3.6396
46,Rest,515.1555555554805,0.0,3.6396
46,Rest,515.2555555555155,0.0,3.6396
46,Rest,515.3555555554922,0.0,3.6396
46,Rest,515.4555555555271,0.0,3.6396
46,Rest,515.5555555555038,0.0,3.6396
46,Rest,515.6555555554805,0.0,3.6396
46,Rest,515.7555555555155,0.0,3.6396
46,Rest,515.8555555554922,0.0,3.6396
46,Rest,515.9555555555271,0.0,3.6396
46,Rest,516.0555555555038,0.0,3.6397
46,Rest,516.1555555554805,0.0,3.6397
46,Rest,516.2555555555155,0.0,3.6397
46,Rest,516.3555555554922,0.0,3.6397
46,Rest,516.4555555555271,0.0,3.6396
46,Rest,516.5555555555038,0.0,3.6396
46,Rest,516.6555555554805,0.0,3.6397
46,Rest,516.7555555555155,0.0,3.6396
46,Rest,516.8555555554922,0.0,3.6396
46,Rest,516.9555555555271,0.0,3.6397
46,Rest,517.0555555555038,0.0,3.6397
46,Rest,517.1555555554805,0.0,3.6397
46,Rest,517.2555555555155,0.0,3.6397
46,Rest,517.3555555554922,0.0,3.6397
46,Rest,517.4555555555271,0.0,3.6397
46,Rest,517.5555555555038,0.0,3.6397
46,Rest,517.6555555554805,0.0,3.6397
46,Rest,517.7555555555155,0.0,3.6397
46,Rest,517.8555555554922,0.0,3.6397
46,Rest,517.9555555555271,0.0,3.6397
46,Rest,518.0555555555038,0.0,3.6397
46,Rest,518.1555555554805,0.0,3.6397
46,Rest,518.2555555555155,0.0,3.6397
46,Rest,518.3555555554922,0.0,3.6397
46,Rest,518.4555555555271,0.0,3.6398
46,Rest,518.5555555555038,0.0,3.6398
46,Rest,518.6555555554805,0.0,3.6398
46,Rest,518.7555555555155,0.0,3.6398
46,Rest,518.8555555554922,0.0,3.6398
46,Rest,518.9555555555271,0.0,3.6398
46,Rest,519.0555555555038,0.0,3.6398
46,Rest,519.1555555554805,0.0,3.6398
46,Rest,519.2555555555155,0.0,3.6398
46,Rest,519.3555555554922,0.0,3.6398
46,Rest,519.4555555555271,0.0,3.6398
46,Rest,519.5555555555038,0.0,3.6398
46,Rest,519.6555555554805,0.0,3.6398
46,Rest,519.7555555555155,0.0,3.6398
46,Rest,519.8555555554922,0.0,3.6398
46,Rest,519.9555555555271,0.0,3.6398
46,Rest,520.0555555555038,0.0,3.6399
46,Rest,520.1555555554805,0.0,3.6398
46,Rest,520.2555555555155,0.0,3.6398
46,Rest,520.3555555554922,0.0,3.6398
46,Rest,520.4555555555271,0.0,3.6399
46,Rest,520.5555555555038,0.0,3.6398
46,Rest,520.6555555554805,0.0,3.6399
46,Rest,520.7555555555155,0.0,3.6399
46,Rest,520.8555555554922,0.0,3.6399
46,Rest,520.9555555555271,0.0,3.6399
46,Rest,521.0555555555038,0.0,3.6399
46,Rest,521.1555555554805,0.0,3.6398
46,Rest,521.2555555555155,0.0,3.6399
46,Rest,521.3555555554922,0.0,3.6399
46,Rest,521.4555555555271,0.0,3.6399
46,Rest,521.5555555555038,0.0,3.6399
46,Rest,521.6555555554805,0.0,3.6399
46,Rest,521.7555555555155,0.0,3.6399
46,Rest,521.8555555554922,0.0,3.6399
46,Rest,521.9555555555271,0.0,3.6399
46,Rest,522.0555555555038,0.0,3.6399
46,Rest,522.1555555554805,0.0,3.6399
46,Rest,522.2555555555155,0.0,3.6399
46,Rest,522.3555555554922,0.0,3.6399
46,Rest,522.4555555555271,0.0,3.6399
46,Rest,522.5555555555038,0.0,3.6399
46,Rest,522.6555555554805,0.0,3.6399
46,Rest,522.7555555555155,0.0,3.6399
46,Rest,522.8555555554922,0.0,3.64
46,Rest,522.9555555555271,0.0,3.6399
46,Rest,523.0555555555038,0.0,3.6399
46,Rest,523.1555555554805,0.0,3.64
46,Rest,523.2555555555155,0.0,3.64
46,Rest,523.3555555554922,0.0,3.64
46,Rest,523.4555555555271,0.0,3.64
46,Rest,523.5555555555038,0.0,3.64
46,Rest,523.6555555554805,0.0,3.64
46,Rest,523.7555555555155,0.0,3.64
46,Rest,523.8555555554922,0.0,3.64
46,Rest,523.9555555555271,0.0,3.64
46,Rest,524.0555555555038,0.0,3.64
46,Rest,524.1555555554805,0.0,3.64
46,Rest,524.2555555555155,0.0,3.64
46,Rest,524.3555555554922,0.0,3.64
46,Rest,524.4555555555271,0.0,3.64
46,Rest,524.5555555555038,0.0,3.64
46,Rest,524.6555555554805,0.0,3.6401
46,Rest,524.7555555555155,0.0,3.6401
46,Rest,524.8555555554922,0.0,3.64
46,Rest,524.9555555555271,0.0,3.64
46,Rest,525.0555555555038,0.0,3.64
46,Rest,525.1555555554805,0.0,3.64
46,Rest,525.2555555555155,0.0,3.6401
46,Rest,525.3555555554922,0.0,3.6401
46,Rest,525.4555555555271,0.0,3.6401
46,Rest,525.5555555555038,0.0,3.6401
46,Rest,525.6555555554805,0.0,3.6401
46,Rest,525.7555555555155,0.0,3.6401
46,Rest,525.8555555554922,0.0,3.6401
46,Rest,525.9555555555271,0.0,3.6401
46,Rest,526.0555555555038,0.0,3.6401
46,Rest,526.1555555554805,0.0,3.6401
46,Rest,526.2555555555155,0.0,3.6401
46,Rest,526.3555555554922,0.0,3.6401
46,Rest,526.4555555555271,0.0,3.6401
46,Rest,526.5555555555038,0.0,3.6401
46,Rest,526.6555555554805,0.0,3.6401
46,Rest,526.7555555555155,0.0,3.6401
46,Rest,526.8555555554922,0.0,3.6401
46,Rest,526.9555555555271,0.0,3.6401
46,Rest,527.0555555555038,0.0,3.6401
46,Rest,527.1555555554805,0.0,3.6401
46,Rest,527.2555555555155,0.0,3.6401
46,Rest,527.3555555554922,0.0,3.6401
46,Rest,527.4555555555271,0.0,3.6401
46,Rest,527.5555555555038,0.0,3.6401
46,Rest,527.6555555554805,0.0,3.6402
46,Rest,527.7555555555155,0.0,3.6402
46,Rest,527.8555555554922,0.0,3.6402
46,Rest,527.9555555555271,0.0,3.6401
46,Rest,528.0555555555038,0.0,3.6401
46,Rest,528.1555555554805,0.0,3.6401
46,Rest,528.2555555555155,0.0,3.6402
46,Rest,528.3555555554922,0.0,3.6402
46,Rest,528.4555555555271,0.0,3.6402
46,Rest,528.5555555555038,0.0,3.6402
46,Rest,528.6555555554805,0.0,3.6402
46,Rest,528.7555555555155,0.0,3.6402
46,Rest,528.8555555554922,0.0,3.6402
46,Rest,528.9555555555271,0.0,3.6402
46,Rest,529.0555555555038,0.0,3.6402
46,Rest,529.1555555554805,0.0,3.6402
46,Rest,529.2555555555155,0.0,3.6402
46,Rest,529.3555555554922,0.0,3.6402
46,Rest,529.4555555555271,0.0,3.6402
46,Rest,529.5555555555038,0.0,3.6402
46,Rest,529.6555555554805,0.0,3.6402
46,Rest,529.7555555555155,0.0,3.6402
46,Rest,529.8555555554922,0.0,3.6402
46,Rest,529.9555555555271,0.0,3.6402
46,Rest,530.0555555555038,0.0,3.6402
46,Rest,530.1555555554805,0.0,3.6403
46,Rest,530.2555555555155,0.0,3.6403
46,Rest,530.3555555554922,0.0,3.6403
46,Rest,530.4555555555271,0.0,3.6403
46,Rest,530.5555555555038,0.0,3.6402
46,Rest,530.6555555554805,0.0,3.6402
46,Rest,530.7555555555155,0.0,3.6403
46,Rest,530.8555555554922,0.0,3.6403
46,Rest,530.9555555555271,0.0,3.6403
46,Rest,531.0555555555038,0.0,3.6403
46,Rest,531.1555555554805,0.0,3.6403
46,Rest,531.2555555555155,0.0,3.6402
46,Rest,531.3555555554922,0.0,3.6403
46,Rest,531.4555555555271,0.0,3.6403
46,Rest,531.5555555555038,0.0,3.6403
46,Rest,531.6555555554805,0.0,3.6403
46,Rest,531.7555555555155,0.0,3.6403
46,Rest,531.8555555554922,0.0,3.6403
46,Rest,531.9555555555271,0.0,3.6403
46,Rest,532.0555555555038,0.0,3.6403
46,Rest,532.1555555554805,0.0,3.6403
46,Rest,532.2555555555155,0.0,3.6403
46,Rest,532.3555555554922,0.0,3.6403
46,Rest,532.4555555555271,0.0,3.6403
46,Rest,532.5555555555038,0.0,3.6403
46,Rest,532.6555555554805,0.0,3.6403
46,Rest,532.7555555555155,0.0,3.6403
46,Rest,532.8555555554922,0.0,3.6404
46,Rest,532.9555555555271,0.0,3.6403
46,Rest,533.0555555555038,0.0,3.6404
46,Rest,533.1555555554805,0.0,3.6403
46,Rest,533.2555555555155,0.0,3.6403
46,Rest,533.3555555554922,0.0,3.6404
46,Rest,533.4555555555271,0.0,3.6404
46,Rest,533.5555555555038,0.0,3.6403
46,Rest,533.6555555554805,0.0,3.6403
46,Rest,533.7555555555155,0.0,3.6403
46,Rest,533.8555555554922,0.0,3.6403
46,Rest,533.9555555555271,0.0,3.6404
46,Rest,534.0555555555038,0.0,3.6404
46,Rest,534.1555555554805,0.0,3.6404
46,Rest,534.2555555555155,0.0,3.6404
46,Rest,534.3555555554922,0.0,3.6404
46,Rest,534.4555555555271,0.0,3.6404
46,Rest,534.5555555555038,0.0,3.6404
46,Rest,534.6555555554805,0.0,3.6404
46,Rest,534.7555555555155,0.0,3.6404
46,Rest,534.8555555554922,0.0,3.6404
46,Rest,534.9555555555271,0.0,3.6404
46,Rest,535.0555555555038,0.0,3.6404
46,Rest,535.1555555554805,0.0,3.6404
46,Rest,535.2555555555155,0.0,3.6404
46,Rest,535.3555555554922,0.0,3.6404
46,Rest,535.4555555555271,0.0,3.6404
46,Rest,535.5555555555038,0.0,3.6404
46,Rest,535.6555555554805,0.0,3.6404
46,Rest,535.7555555555155,0.0,3.6404
46,Rest,535.8555555554922,0.0,3.6404
46,Rest,535.9555555555271,0.0,3.6404
46,Rest,536.0555555555038,0.0,3.6404
46,Rest,536.1555555554805,0.0,3.6404
46,Rest,536.2555555555155,0.0,3.6404
46,Rest,536.3555555554922,0.0,3.6404
46,Rest,536.4555555555271,0.0,3.6404
46,Rest,536.5555555555038,0.0,3.6404
46,Rest,536.6555555554805,0.0,3.6405
46,Rest,536.7555555555155,0.0,3.6405
46,Rest,536.8555555554922,0.0,3.6405
46,Rest,536.9555555555271,0.0,3.6405
46,Rest,537.0555555555038,0.0,3.6405
46,Rest,537.1555555554805,0.0,3.6405
46,Rest,537.2555555555155,0.0,3.6405
46,Rest,537.3555555554922,0.0,3.6405
46,Rest,537.4555555555271,0.0,3.6405
46,Rest,537.5555555555038,0.0,3.6405
46,Rest,537.6555555554805,0.0,3.6405
46,Rest,537.7555555555155,0.0,3.6405
46,Rest,537.8555555554922,0.0,3.6405
46,Rest,537.9555555555271,0.0,3.6405
46,Rest,538.0555555555038,0.0,3.6405
46,Rest,538.1555555554805,0.0,3.6405
46,Rest,538.2555555555155,0.0,3.6405
46,Rest,538.3555555554922,0.0,3.6405
46,Rest,538.4555555555271,0.0,3.6405
46,Rest,538.5555555555038,0.0,3.6405
46,Rest,538.6555555554805,0.0,3.6405
46,Rest,538.7555555555155,0.0,3.6405
46,Rest,538.8555555554922,0.0,3.6405
46,Rest,538.9555555555271,0.0,3.6405
46,Rest,539.0555555555038,0.0,3.6405
46,Rest,539.1555555554805,0.0,3.6406
46,Rest,539.2555555555155,0.0,3.6406
46,Rest,539.3555555554922,0.0,3.6406
46,Rest,539.4555555555271,0.0,3.6406
46,Rest,539.5555555555038,0.0,3.6406
46,Rest,539.6555555554805,0.0,3.6406
46,Rest,539.7555555555155,0.0,3.6406
46,Rest,539.8555555554922,0.0,3.6406
46,Rest,539.9555555555271,0.0,3.6406
46,Rest,540.0555555555038,0.0,3.6406
46,Rest,540.1555555554805,0.0,3.6406
46,Rest,540.2555555555155,0.0,3.6406
46,Rest,540.3555555554922,0.0,3.6406
46,Rest,540.4555555555271,0.0,3.6406
46,Rest,540.5555555555038,0.0,3.6405
46,Rest,540.6555555554805,0.0,3.6406
46,Rest,540.7555555555155,0.0,3.6406
46,Rest,540.8555555554922,0.0,3.6406
46,Rest,540.9555555555271,0.0,3.6406
46,Rest,541.0555555555038,0.0,3.6406
46,Rest,541.1555555554805,0.0,3.6406
46,Rest,541.2555555555155,0.0,3.6406
46,Rest,541.3555555554922,0.0,3.6406
46,Rest,541.4555555555271,0.0,3.6406
46,Rest,541.5555555555038,0.0,3.6406
46,Rest,541.6555555554805,0.0,3.6406
46,Rest,541.7555555555155,0.0,3.6406
46,Rest,541.8555555554922,0.0,3.6407
46,Rest,541.9555555555271,0.0,3.6407
46,Rest,542.0555555555038,0.0,3.6407
46,Rest,542.1555555554805,0.0,3.6406
46,Rest,542.2555555555155,0.0,3.6407
46,Rest,542.3555555554922,0.0,3.6407
46,Rest,542.4555555555271,0.0,3.6407
46,Rest,542.5555555555038,0.0,3.6407
46,Rest,542.6555555554805,0.0,3.6407
46,Rest,542.7555555555155,0.0,3.6407
46,Rest,542.8555555554922,0.0,3.6407
46,Rest,542.9555555555271,0.0,3.6407
46,Rest,543.0555555555038,0.0,3.6407
46,Rest,543.1555555554805,0.0,3.6407
46,Rest,543.2555555555155,0.0,3.6407
46,Rest,543.3555555554922,0.0,3.6407
46,Rest,543.4555555555271,0.0,3.6407
46,Rest,543.5555555555038,0.0,3.6407
46,Rest,543.6555555554805,0.0,3.6407
46,Rest,543.7555555555155,0.0,3.6407
46,Rest,543.8555555554922,0.0,3.6407
46,Rest,543.9555555555271,0.0,3.6407
46,Rest,544.0555555555038,0.0,3.6407
46,Rest,544.1555555554805,0.0,3.6407
46,Rest,544.2555555555155,0.0,3.6407
46,Rest,544.3555555554922,0.0,3.6407
46,Rest,544.4555555555271,0.0,3.6407
46,Rest,544.5555555555038,0.0,3.6407
46,Rest,544.6555555554805,0.0,3.6408
46,Rest,544.7555555555155,0.0,3.6408
46,Rest,544.8555555554922,0.0,3.6407
46,Rest,544.9555555555271,0.0,3.6407
46,Rest,545.0555555555038,0.0,3.6407
46,Rest,545.1555555554805,0.0,3.6407
46,Rest,545.2555555555155,0.0,3.6407
46,Rest,545.3555555554922,0.0,3.6408
46,Rest,545.4555555555271,0.0,3.6408
46,Rest,545.5555555555038,0.0,3.6407
46,Rest,545.6555555554805,0.0,3.6407
46,Rest,545.7555555555155,0.0,3.6408
46,Rest,545.8555555554922,0.0,3.6408
46,Rest,545.9555555555271,0.0,3.6408
46,Rest,546.0555555555038,0.0,3.6408
46,Rest,546.1555555554805,0.0,3.6408
46,Rest,546.2555555555155,0.0,3.6408
46,Rest,546.3555555554922,0.0,3.6408
46,Rest,546.4555555555271,0.0,3.6408
46,Rest,546.5555555555038,0.0,3.6408
46,Rest,546.6555555554805,0.0,3.6408
46,Rest,546.7555555555155,0.0,3.6409
46,Rest,546.8555555554922,0.0,3.6408
46,Rest,546.9555555555271,0.0,3.6408
46,Rest,547.0555555555038,0.0,3.6408
46,Rest,547.1555555554805,0.0,3.6408
46,Rest,547.2555555555155,0.0,3.6409
46,Rest,547.3555555554922,0.0,3.6409
46,Rest,547.4555555555271,0.0,3.6408
46,Rest,547.5555555555038,0.0,3.6409
46,Rest,547.6555555554805,0.0,3.6409
46,Rest,547.7555555555155,0.0,3.6408
46,Rest,547.8555555554922,0.0,3.6408
46,Rest,547.9555555555271,0.0,3.6409
46,Rest,548.0555555555038,0.0,3.6408
46,Rest,548.1555555554805,0.0,3.6409
46,Rest,548.2555555555155,0.0,3.6409
46,Rest,548.3555555554922,0.0,3.6409
46,Rest,548.4555555555271,0.0,3.6409
46,Rest,548.5555555555038,0.0,3.6409
46,Rest,548.6555555554805,0.0,3.6409
46,Rest,548.7555555555155,0.0,3.6409
46,Rest,548.8555555554922,0.0,3.6409
46,Rest,548.9555555555271,0.0,3.6409
46,Rest,549.0555555555038,0.0,3.6409
46,Rest,549.1555555554805,0.0,3.6409
46,Rest,549.2555555555155,0.0,3.6409
46,Rest,549.3555555554922,0.0,3.6409
46,Rest,549.4555555555271,0.0,3.6409
46,Rest,549.5555555555038,0.0,3.6409
46,Rest,549.6555555554805,0.0,3.6409
46,Rest,549.7555555555155,0.0,3.6409
46,Rest,549.8555555554922,0.0,3.6409
46,Rest,549.9555555555271,0.0,3.6409
46,Rest,550.0555555555038,0.0,3.6409
46,Rest,550.1555555554805,0.0,3.6409
46,Rest,550.2555555555155,0.0,3.6409
46,Rest,550.3555555554922,0.0,3.6409
46,Rest,550.4555555555271,0.0,3.641
46,Rest,550.5555555555038,0.0,3.641
46,Rest,550.6555555554805,0.0,3.6409
46,Rest,550.7555555555155,0.0,3.6409
46,Rest,550.8555555554922,0.0,3.6409
46,Rest,550.9555555555271,0.0,3.641
46,Rest,551.0555555555038,0.0,3.641
46,Rest,551.1555555554805,0.0,3.641
46,Rest,551.2555555555155,0.0,3.641
46,Rest,551.3555555554922,0.0,3.641
46,Rest,551.4555555555271,0.0,3.641
46,Rest,551.5555555555038,0.0,3.641
46,Rest,551.6555555554805,0.0,3.641
46,Rest,551.7555555555155,0.0,3.641
46,Rest,551.8555555554922,0.0,3.641
46,Rest,551.9555555555271,0.0,3.641
46,Rest,552.0555555555038,0.0,3.641
46,Rest,552.1555555554805,0.0,3.641
46,Rest,552.2555555555155,0.0,3.641
46,Rest,552.3555555554922,0.0,3.641
46,Rest,552.4555555555271,0.0,3.641
46,Rest,552.5555555555038,0.0,3.641
46,Rest,552.6555555554805,0.0,3.641
46,Rest,552.7555555555155,0.0,3.6411
46,Rest,552.8555555554922,0.0,3.641
46,Rest,552.9555555555271,0.0,3.6411
46,Rest,553.0555555555038,0.0,3.641
46,Rest,553.1555555554805,0.0,3.6411
46,Rest,553.2555555555155,0.0,3.6411
46,Rest,553.3555555554922,0.0,3.6411
46,Rest,553.4555555555271,0.0,3.6411
46,Rest,553.5555555555038,0.0,3.6411
46,Rest,553.6555555554805,0.0,3.6411
46,Rest,553.7555555555155,0.0,3.6411
46,Rest,553.8555555554922,0.0,3.6411
46,Rest,553.9555555555271,0.0,3.6411
46,Rest,554.0555555555038,0.0,3.6411
46,Rest,554.1555555554805,0.0,3.6411
46,Rest,554.2555555555155,0.0,3.6411
46,Rest,554.3555555554922,0.0,3.6411
46,Rest,554.4555555555271,0.0,3.6411
46,Rest,554.5555555555038,0.0,3.6411
46,Rest,554.6555555554805,0.0,3.6411
46,Rest,554.7555555555155,0.0,3.6411
46,Rest,554.8555555554922,0.0,3.6411
46,Rest,554.9555555555271,0.0,3.6411
46,Rest,555.0555555555038,0.0,3.6411
46,Rest,555.1555555554805,0.0,3.6411
46,Rest,555.2555555555155,0.0,3.6411
46,Rest,555.3555555554922,0.0,3.6411
46,Rest,555.4555555555271,0.0,3.6411
46,Rest,555.5555555555038,0.0,3.6411
46,Rest,555.6555555554805,0.0,3.6411
46,Rest,555.7555555555155,0.0,3.6411
46,Rest,555.8555555554922,0.0,3.6411
46,Rest,555.9555555555271,0.0,3.6412
46,Rest,556.0555555555038,0.0,3.6412
46,Rest,556.1555555554805,0.0,3.6412
46,Rest,556.2555555555155,0.0,3.6412
46,Rest,556.3555555554922,0.0,3.6412
46,Rest,556.4555555555271,0.0,3.6412
46,Rest,556.5555555555038,0.0,3.6412
46,Rest,556.6555555554805,0.0,3.6412
46,Rest,556.7555555555155,0.0,3.6412
46,Rest,556.8555555554922,0.0,3.6412
46,Rest,556.9555555555271,0.0,3.6412
46,Rest,557.0555555555038,0.0,3.6412
46,Rest,557.1555555554805,0.0,3.6412
46,Rest,557.2555555555155,0.0,3.6412
46,Rest,557.3555555554922,0.0,3.6412
46,Rest,557.4555555555271,0.0,3.6412
46,Rest,557.5555555555038,0.0,3.6412
46,Rest,557.6555555554805,0.0,3.6412
46,Rest,557.7555555555155,0.0,3.6412
46,Rest,557.8555555554922,0.0,3.6412
46,Rest,557.9555555555271,0.0,3.6412
46,Rest,558.0555555555038,0.0,3.6412
46,Rest,558.1555555554805,0.0,3.6412
46,Rest,558.2555555555155,0.0,3.6412
46,Rest,558.3555555554922,0.0,3.6412
46,Rest,558.4555555555271,0.0,3.6412
46,Rest,558.5555555555038,0.0,3.6412
46,Rest,558.6555555554805,0.0,3.6412
46,Rest,558.7555555555155,0.0,3.6412
46,Rest,558.8555555554922,0.0,3.6412
46,Rest,558.9555555555271,0.0,3.6412
46,Rest,559.0555555555038,0.0,3.6412
46,Rest,559.1555555554805,0.0,3.6412
46,Rest,559.2555555555155,0.0,3.6412
46,Rest,559.3555555554922,0.0,3.6412
46,Rest,559.4555555555271,0.0,3.6413
46,Rest,559.5555555555038,0.0,3.6412
46,Rest,559.6555555554805,0.0,3.6413
46,Rest,559.7555555555155,0.0,3.6413
46,Rest,559.8555555554922,0.0,3.6413
46,Rest,559.9555555555271,0.0,3.6413
46,Rest,560.0555555555038,0.0,3.6413
46,Rest,560.1555555554805,0.0,3.6413
46,Rest,560.2555555555155,0.0,3.6413
46,Rest,560.3555555554922,0.0,3.6413
46,Rest,560.4555555555271,0.0,3.6413
46,Rest,560.5555555555038,0.0,3.6413
46,Rest,560.6555555554805,0.0,3.6413
46,Rest,560.7555555555155,0.0,3.6413
46,Rest,560.8555555554922,0.0,3.6413
46,Rest,560.9555555555271,0.0,3.6413
46,Rest,561.0555555555038,0.0,3.6413
46,Rest,561.1555555554805,0.0,3.6413
46,Rest,561.2555555555155,0.0,3.6413
46,Rest,561.3555555554922,0.0,3.6413
46,Rest,561.4555555555271,0.0,3.6413
46,Rest,561.5555555555038,0.0,3.6413
46,Rest,561.6555555554805,0.0,3.6413
46,Rest,561.7555555555155,0.0,3.6413
46,Rest,561.8555555554922,0.0,3.6413
46,Rest,561.9555555555271,0.0,3.6413
46,Rest,562.0555555555038,0.0,3.6413
46,Rest,562.1555555554805,0.0,3.6413
46,Rest,562.2555555555155,0.0,3.6413
46,Rest,562.3555555554922,0.0,3.6414
46,Rest,562.4555555555271,0.0,3.6414
46,Rest,562.5555555555038,0.0,3.6414
46,Rest,562.6555555554805,0.0,3.6414
46,Rest,562.7555555555155,0.0,3.6414
46,Rest,562.8555555554922,0.0,3.6414
46,Rest,562.9555555555271,0.0,3.6414
46,Rest,563.0555555555038,0.0,3.6414
46,Rest,563.1555555554805,0.0,3.6414
46,Rest,563.2555555555155,0.0,3.6414
46,Rest,563.3555555554922,0.0,3.6414
46,Rest,563.4555555555271,0.0,3.6414
46,Rest,563.5555555555038,0.0,3.6414
46,Rest,563.6555555554805,0.0,3.6414
46,Rest,563.7555555555155,0.0,3.6414
46,Rest,563.8555555554922,0.0,3.6414
46,Rest,563.9555555555271,0.0,3.6414
46,Rest,564.0555555555038,0.0,3.6414
46,Rest,564.1555555554805,0.0,3.6414
46,Rest,564.2555555555155,0.0,3.6414
46,Rest,564.3555555554922,0.0,3.6414
46,Rest,564.4555555555271,0.0,3.6415
46,Rest,564.5555555555038,0.0,3.6415
46,Rest,564.6555555554805,0.0,3.6415
46,Rest,564.7555555555155,0.0,3.6415
46,Rest,564.8555555554922,0.0,3.6415
46,Rest,564.9555555555271,0.0,3.6415
46,Rest,565.0555555555038,0.0,3.6415
46,Rest,565.1555555554805,0.0,3.6415
46,Rest,565.2555555555155,0.0,3.6415
46,Rest,565.3555555554922,0.0,3.6415
46,Rest,565.4555555555271,0.0,3.6415
46,Rest,565.5555555555038,0.0,3.6415
46,Rest,565.6555555554805,0.0,3.6415
46,Rest,565.7555555555155,0.0,3.6414
46,Rest,565.8555555554922,0.0,3.6415
46,Rest,565.9555555555271,0.0,3.6415
46,Rest,566.0555555555038,0.0,3.6415
46,Rest,566.1555555554805,0.0,3.6415
46,Rest,566.2555555555155,0.0,3.6415
46,Rest,566.3555555554922,0.0,3.6415
46,Rest,566.4555555555271,0.0,3.6415
46,Rest,566.5555555555038,0.0,3.6415
46,Rest,566.6555555554805,0.0,3.6415
46,Rest,566.7555555555155,0.0,3.6415
46,Rest,566.8555555554922,0.0,3.6415
46,Rest,566.9555555555271,0.0,3.6415
46,Rest,567.0555555555038,0.0,3.6415
46,Rest,567.1555555554805,0.0,3.6415
46,Rest,567.2555555555155,0.0,3.6415
46,Rest,567.3555555554922,0.0,3.6415
46,Rest,567.4555555555271,0.0,3.6415
46,Rest,567.5555555555038,0.0,3.6415
46,Rest,567.6555555554805,0.0,3.6415
46,Rest,567.7555555555155,0.0,3.6415
46,Rest,567.8555555554922,0.0,3.6415
46,Rest,567.9555555555271,0.0,3.6415
46,Rest,568.0555555555038,0.0,3.6416
46,Rest,568.1555555554805,0.0,3.6416
46,Rest,568.2555555555155,0.0,3.6416
46,Rest,568.3555555554922,0.0,3.6416
46,Rest,568.4555555555271,0.0,3.6416
46,Rest,568.5555555555038,0.0,3.6416
46,Rest,568.6555555554805,0.0,3.6416
46,Rest,568.7555555555155,0.0,3.6416
46,Rest,568.8555555554922,0.0,3.6416
46,Rest,568.9555555555271,0.0,3.6416
46,Rest,569.0555555555038,0.0,3.6416
46,Rest,569.1555555554805,0.0,3.6417
46,Rest,569.2555555555155,0.0,3.6416
46,Rest,569.3555555554922,0.0,3.6416
46,Rest,569.4555555555271,0.0,3.6416
46,Rest,569.5555555555038,0.0,3.6416
46,Rest,569.6555555554805,0.0,3.6416
46,Rest,569.7555555555155,0.0,3.6416
46,Rest,569.8555555554922,0.0,3.6416
46,Rest,569.9555555555271,0.0,3.6416
46,Rest,570.0555555555038,0.0,3.6416
46,Rest,570.1555555554805,0.0,3.6416
46,Rest,570.2555555555155,0.0,3.6416
46,Rest,570.3555555554922,0.0,3.6416
46,Rest,570.4555555555271,0.0,3.6416
46,Rest,570.5555555555038,0.0,3.6416
46,Rest,570.6555555554805,0.0,3.6417
46,Rest,570.7555555555155,0.0,3.6417
46,Rest,570.8555555554922,0.0,3.6417
46,Rest,570.9555555555271,0.0,3.6417
46,Rest,571.0555555555038,0.0,3.6417
46,Rest,571.1555555554805,0.0,3.6417
46,Rest,571.2555555555155,0.0,3.6416
46,Rest,571.3555555554922,0.0,3.6416
46,Rest,571.4555555555271,0.0,3.6417
46,Rest,571.5555555555038,0.0,3.6417
46,Rest,571.6555555554805,0.0,3.6417
46,Rest,571.7555555555155,0.0,3.6417
46,Rest,571.8555555554922,0.0,3.6416
46,Rest,571.9555555555271,0.0,3.6417
46,Rest,572.0555555555038,0.0,3.6417
46,Rest,572.1555555554805,0.0,3.6417
46,Rest,572.2555555555155,0.0,3.6417
46,Rest,572.3555555554922,0.0,3.6417
46,Rest,572.4555555555271,0.0,3.6417
46,Rest,572.5555555555038,0.0,3.6417
46,Rest,572.6555555554805,0.0,3.6417
46,Rest,572.7555555555155,0.0,3.6417
46,Rest,572.8555555554922,0.0,3.6418
46,Rest,572.9555555555271,0.0,3.6417
46,Rest,573.0555555555038,0.0,3.6417
46,Rest,573.1555555554805,0.0,3.6417
46,Rest,573.2555555555155,0.0,3.6417
46,Rest,573.3555555554922,0.0,3.6417
46,Rest,573.4555555555271,0.0,3.6417
46,Rest,573.5555555555038,0.0,3.6417
46,Rest,573.6555555554805,0.0,3.6417
46,Rest,573.7555555555155,0.0,3.6418
46,Rest,573.8555555554922,0.0,3.6418
46,Rest,573.9555555555271,0.0,3.6418
46,Rest,574.0555555555038,0.0,3.6418
46,Rest,574.1555555554805,0.0,3.6418
46,Rest,574.2555555555155,0.0,3.6418
46,Rest,574.3555555554922,0.0,3.6418
46,Rest,574.4555555555271,0.0,3.6418
46,Rest,574.5555555555038,0.0,3.6418
46,Rest,574.6555555554805,0.0,3.6418
46,Rest,574.7555555555155,0.0,3.6418
46,Rest,574.8555555554922,0.0,3.6418
46,Rest,574.9555555555271,0.0,3.6418
46,Rest,575.0555555555038,0.0,3.6418
46,Rest,575.1555555554805,0.0,3.6418
46,Rest,575.2555555555155,0.0,3.6418
46,Rest,575.3555555554922,0.0,3.6418
46,Rest,575.4555555555271,0.0,3.6418
46,Rest,575.5555555555038,0.0,3.6418
46,Rest,575.6555555554805,0.0,3.6419
46,Rest,575.7555555555155,0.0,3.6419
46,Rest,575.8555555554922,0.0,3.6419
46,Rest,575.9555555555271,0.0,3.6418
46,Rest,576.0555555555038,0.0,3.6419
46,Rest,576.1555555554805,0.0,3.6418
46,Rest,576.2555555555155,0.0,3.6418
46,Rest,576.3555555554922,0.0,3.6418
46,Rest,576.4555555555271,0.0,3.6418
46,Rest,576.5555555555038,0.0,3.6418
46,Rest,576.6555555554805,0.0,3.6418
46,Rest,576.7555555555155,0.0,3.6418
46,Rest,576.8555555554922,0.0,3.6419
46,Rest,576.9555555555271,0.0,3.6418
46,Rest,577.0555555555038,0.0,3.6418
46,Rest,577.1555555554805,0.0,3.6418
46,Rest,577.2555555555155,0.0,3.6419
46,Rest,577.3555555554922,0.0,3.6418
46,Rest,577.4555555555271,0.0,3.6418
46,Rest,577.5555555555038,0.0,3.6419
46,Rest,577.6555555554805,0.0,3.6419
46,Rest,577.7555555555155,0.0,3.6419
46,Rest,577.8555555554922,0.0,3.6419
46,Rest,577.9555555555271,0.0,3.6419
46,Rest,578.0555555555038,0.0,3.6419
46,Rest,578.1555555554805,0.0,3.6419
46,Rest,578.2555555555155,0.0,3.6419
46,Rest,578.3555555554922,0.0,3.6419
46,Rest,578.4555555555271,0.0,3.6419
46,Rest,578.5555555555038,0.0,3.6419
46,Rest,578.6555555554805,0.0,3.6419
46,Rest,578.7555555555155,0.0,3.6419
46,Rest,578.8555555554922,0.0,3.6419
46,Rest,578.9555555555271,0.0,3.6419
46,Rest,579.0555555555038,0.0,3.6419
46,Rest,579.1555555554805,0.0,3.6419
46,Rest,579.2555555555155,0.0,3.6419
46,Rest,579.3555555554922,0.0,3.642
46,Rest,579.4555555555271,0.0,3.6419
46,Rest,579.5555555555038,0.0,3.642
46,Rest,579.6555555554805,0.0,3.642
46,Rest,579.7555555555155,0.0,3.6419
46,Rest,579.8555555554922,0.0,3.6419
46,Rest,579.9555555555271,0.0,3.6419
46,Rest,580.0555555555038,0.0,3.6419
46,Rest,580.1555555554805,0.0,3.642
46,Rest,580.2555555555155,0.0,3.642
46,Rest,580.3555555554922,0.0,3.6419
46,Rest,580.4555555555271,0.0,3.6419
46,Rest,580.5555555555038,0.0,3.6419
46,Rest,580.6555555554805,0.0,3.6419
46,Rest,580.7555555555155,0.0,3.642
46,Rest,580.8555555554922,0.0,3.642
46,Rest,580.9555555555271,0.0,3.642
46,Rest,581.0555555555038,0.0,3.642
46,Rest,581.1555555554805,0.0,3.642
46,Rest,581.2555555555155,0.0,3.642
46,Rest,581.3555555554922,0.0,3.642
46,Rest,581.4555555555271,0.0,3.642
46,Rest,581.5555555555038,0.0,3.642
46,Rest,581.6555555554805,0.0,3.642
46,Rest,581.7555555555155,0.0,3.642
46,Rest,581.8555555554922,0.0,3.642
46,Rest,581.9555555555271,0.0,3.642
46,Rest,582.0555555555038,0.0,3.642
46,Rest,582.1555555554805,0.0,3.642
46,Rest,582.2555555555155,0.0,3.642
46,Rest,582.3555555554922,0.0,3.642
46,Rest,582.4555555555271,0.0,3.642
46,Rest,582.5555555555038,0.0,3.642
46,Rest,582.6555555554805,0.0,3.642
46,Rest,582.7555555555155,0.0,3.642
46,Rest,582.8555555554922,0.0,3.6421
46,Rest,582.9555555555271,0.0,3.6421
46,Rest,583.0555555555038,0.0,3.6421
46,Rest,583.1555555554805,0.0,3.642
46,Rest,583.2555555555155,0.0,3.6421
46,Rest,583.3555555554922,0.0,3.6421
46,Rest,583.4555555555271,0.0,3.6421
46,Rest,583.5555555555038,0.0,3.6421
46,Rest,583.6555555554805,0.0,3.6421
46,Rest,583.7555555555155,0.0,3.6421
46,Rest,583.8555555554922,0.0,3.6421
