Step,Step Type,"t,s","I,A","U,V"
47,CC DChg,0.0,-1.6983,3.5741
47,CC DChg,2.199999999953434,-1.6983,3.5741
47,CC DChg,4.399999999965075,-1.6986,3.5733
47,CC DChg,4.69090909085935,-1.699,3.5729
47,CC DChg,4.981818181753624,-1.6992,3.572
47,CC DChg,5.272727272706106,-1.6993,3.5714
47,CC DChg,5.563636363600381,-1.6994,3.5709
47,CC DChg,5.854545454494655,-1.6994,3.5705
47,CC DChg,6.145454545505345,-1.6995,3.57
47,CC DChg,6.436363636399619,-1.6995,3.5697
47,CC DChg,6.727272727235686,-1.6996,3.5694
47,CC DChg,7.0181818181299604,-1.6996,3.5691
47,CC DChg,7.3090909090824425,-1.6996,3.5688
47,CC DChg,7.426446280966047,-1.6996,3.5685
47,CC DChg,7.543801652849652,-1.6996,3.5683
47,CC DChg,7.661157024791464,-1.6996,3.568
47,CC DChg,7.778512396675069,-1.6996,3.5678
47,CC DChg,7.895867768558674,-1.6997,3.5676
47,CC DChg,8.013223140500486,-1.6997,3.5674
47,CC DChg,8.13057851238409,-1.6997,3.5671
47,CC DChg,8.247933884267695,-1.6997,3.567
47,CC DChg,8.3652892561513,-1.6997,3.5667
47,CC DChg,8.482644628093112,-1.6997,3.5666
47,CC DChg,8.584222389152274,-1.6997,3.5663
47,CC DChg,8.685800150269642,-1.6997,3.5662
47,CC DChg,8.787377911328804,-1.6997,3.566
47,CC DChg,8.888955672387965,-1.6997,3.5658
47,CC DChg,8.990533433505334,-1.6997,3.5656
47,CC DChg,9.092111194564495,-1.6997,3.5654
47,CC DChg,9.193688955681864,-1.6997,3.5652
47,CC DChg,9.295266716799233,-1.6997,3.5651
47,CC DChg,9.396844477800187,-1.6997,3.5649
47,CC DChg,9.498422238859348,-1.6997,3.5647
47,CC DChg,9.598565671767574,-1.6998,3.5646
47,CC DChg,9.698709104559384,-1.6998,3.5644
47,CC DChg,9.798852537409402,-1.6998,3.5642
47,CC DChg,9.898995970201213,-1.6998,3.5641
47,CC DChg,9.999139403051231,-1.6998,3.5639
47,CC DChg,10.09928283590125,-1.6998,3.5638
47,CC DChg,10.19942626869306,-1.6998,3.5636
47,CC DChg,10.29956970148487,-1.6998,3.5635
47,CC DChg,10.399713134393096,-1.6998,3.5633
47,CC DChg,10.499856567184906,-1.6998,3.5632
47,CC DChg,10.599869606492575,-1.6998,3.563
47,CC DChg,10.699882645800244,-1.6998,3.5629
47,CC DChg,10.79989568516612,-1.6998,3.5627
47,CC DChg,10.899908724531997,-1.6998,3.5626
47,CC DChg,10.999921763897873,-1.6998,3.5624
47,CC DChg,11.099934803205542,-1.6998,3.5623
47,CC DChg,11.199947842571419,-1.6998,3.5622
47,CC DChg,11.299960881995503,-1.6998,3.562
47,CC DChg,11.399973921303172,-1.6998,3.5619
47,CC DChg,11.49998696061084,-1.6998,3.5618
47,CC DChg,11.599988145986572,-1.6998,3.5616
47,CC DChg,11.699989331362303,-1.6998,3.5615
47,CC DChg,11.799990516796242,-1.6998,3.5614
47,CC DChg,11.899991702171974,-1.6998,3.5613
47,CC DChg,11.999992887547705,-1.6998,3.5612
47,CC DChg,12.099994072981644,-1.6998,3.561
47,CC DChg,12.199995258357376,-1.6998,3.5609
47,CC DChg,12.299996443791315,-1.6998,3.5607
47,CC DChg,12.399997629167046,-1.6998,3.5606
47,CC DChg,12.499998814600985,-1.6998,3.5605
47,CC DChg,12.59999892237829,-1.6998,3.5603
47,CC DChg,12.699999030097388,-1.6998,3.5602
47,CC DChg,12.799999137874693,-1.6998,3.5601
47,CC DChg,12.899999245651998,-1.6998,3.56
47,CC DChg,12.99999935348751,-1.6998,3.5599
47,CC DChg,13.0999994611484,-1.6998,3.5598
47,CC DChg,13.199999568925705,-1.6999,3.5596
47,CC DChg,13.29999967670301,-1.6999,3.5595
47,CC DChg,13.399999784480315,-1.6999,3.5594
47,CC DChg,13.499999892199412,-1.6999,3.5592
47,CC DChg,13.599999902071431,-1.6999,3.5591
47,CC DChg,13.699999911768828,-1.6999,3.559
47,CC DChg,13.79999992158264,-1.6999,3.5589
47,CC DChg,13.89999993139645,-1.6999,3.5588
47,CC DChg,13.999999941152055,-1.6999,3.5587
47,CC DChg,14.099999950965866,-1.6999,3.5585
47,CC DChg,14.199999960779678,-1.6999,3.5584
47,CC DChg,14.29999997059349,-1.6999,3.5583
47,CC DChg,14.399999980349094,-1.6999,3.5582
47,CC DChg,14.499999990162905,-1.6999,3.5581
47,CC DChg,14.599999991070945,-1.6999,3.558
47,CC DChg,14.699999991978984,-1.6999,3.5579
47,CC DChg,14.799999992828816,-1.6999,3.5578
47,CC DChg,14.899999993736856,-1.6999,3.5577
47,CC DChg,14.999999994644895,-1.6999,3.5575
47,CC DChg,15.099999995494727,-1.6999,3.5574
47,CC DChg,15.199999996402767,-1.6999,3.5573
47,CC DChg,15.299999997252598,-1.6999,3.5572
47,CC DChg,15.399999998218846,-1.6999,3.5571
47,CC DChg,15.499999999068677,-1.6999,3.557
47,CC DChg,15.59999999916181,-1.6999,3.5569
47,CC DChg,15.699999999254942,-1.6999,3.5568
47,CC DChg,15.799999999289867,-1.6999,3.5566
47,CC DChg,15.899999999382999,-1.6999,3.5565
47,CC DChg,15.999999999476131,-1.6999,3.5564
47,CC DChg,16.099999999569263,-1.6999,3.5564
47,CC DChg,16.199999999662396,-1.6999,3.5563
47,CC DChg,16.299999999755528,-1.6999,3.5562
47,CC DChg,16.399999999790452,-1.6999,3.556
47,CC DChg,16.499999999883585,-1.6999,3.5559
47,CC DChg,16.599999999976717,-1.6999,3.5559
47,CC DChg,16.699999999895226,-1.6999,3.5557
47,CC DChg,16.79999999998836,-1.6998,3.5556
47,CC DChg,16.899999999906868,-1.6998,3.5555
47,CC DChg,17.0,-1.6998,3.5555
47,CC DChg,17.099999999976717,-1.6998,3.5554
47,CC DChg,17.199999999953434,-1.6998,3.5553
47,CC DChg,17.29999999998836,-1.6998,3.5551
47,CC DChg,17.399999999965075,-1.6998,3.555
47,CC DChg,17.5,-1.6998,3.5549
47,CC DChg,17.599999999976717,-1.6998,3.5548
47,CC DChg,17.699999999953434,-1.6998,3.5548
47,CC DChg,17.79999999998836,-1.6998,3.5547
47,CC DChg,17.899999999965075,-1.6999,3.5545
47,CC DChg,18.0,-1.6999,3.5544
47,CC DChg,18.099999999976717,-1.6999,3.5543
47,CC DChg,18.199999999953434,-1.6999,3.5542
47,CC DChg,18.29999999998836,-1.6999,3.5542
47,CC DChg,18.399999999965075,-1.6999,3.554
47,CC DChg,18.5,-1.6999,3.5539
47,CC DChg,18.599999999976717,-1.6999,3.5538
47,CC DChg,18.699999999953434,-1.6999,3.5538
47,CC DChg,18.79999999998836,-1.6999,3.5536
47,CC DChg,18.899999999965075,-1.6999,3.5536
47,CC DChg,19.0,-1.6999,3.5535
47,CC DChg,19.099999999976717,-1.6999,3.5534
47,CC DChg,19.199999999953434,-1.6998,3.5533
47,CC DChg,19.29999999998836,-1.6998,3.5532
47,CC DChg,19.399999999965075,-1.6998,3.5531
47,CC DChg,19.5,-1.6998,3.553
47,CC DChg,19.599999999976717,-1.6998,3.5529
47,CC DChg,19.699999999953434,-1.6998,3.5528
47,CC DChg,19.79999999998836,-1.6998,3.5527
47,CC DChg,19.899999999965075,-1.6998,3.5526
47,CC DChg,20.0,-1.6998,3.5525
47,CC DChg,20.099999999976717,-1.6998,3.5524
47,CC DChg,20.199999999953434,-1.6998,3.5523
47,CC DChg,20.29999999998836,-1.6998,3.5522
47,CC DChg,20.399999999965075,-1.6998,3.5522
47,CC DChg,20.5,-1.6998,3.5521
47,CC DChg,20.599999999976717,-1.6998,3.552
47,CC DChg,20.699999999953434,-1.6998,3.5519
47,CC DChg,20.79999999998836,-1.6998,3.5518
47,CC DChg,20.899999999965075,-1.6998,3.5517
47,CC DChg,21.0,-1.6998,3.5516
47,CC DChg,21.099999999976717,-1.6998,3.5515
47,CC DChg,21.199999999953434,-1.6998,3.5515
47,CC DChg,21.29999999998836,-1.6998,3.5514
47,CC DChg,21.399999999965075,-1.6998,3.5513
47,CC DChg,21.5,-1.6998,3.5512
47,CC DChg,21.599999999976717,-1.6998,3.5511
47,CC DChg,21.699999999953434,-1.6998,3.551
47,CC DChg,21.79999999998836,-1.6998,3.5509
47,CC DChg,21.899999999965075,-1.6998,3.5509
47,CC DChg,22.0,-1.6999,3.5507
47,CC DChg,22.099999999976717,-1.6999,3.5507
47,CC DChg,22.199999999953434,-1.6999,3.5506
47,CC DChg,22.29999999998836,-1.6999,3.5505
47,CC DChg,22.399999999965075,-1.6999,3.5504
47,CC DChg,22.5,-1.6999,3.5503
47,CC DChg,22.599999999976717,-1.6999,3.5502
47,CC DChg,22.699999999953434,-1.6999,3.5501
47,CC DChg,22.79999999998836,-1.6999,3.55
47,CC DChg,22.899999999965075,-1.6999,3.5499
47,CC DChg,23.0,-1.6999,3.5498
47,CC DChg,23.099999999976717,-1.6999,3.5498
47,CC DChg,23.199999999953434,-1.6999,3.5497
47,CC DChg,23.29999999998836,-1.6999,3.5496
47,CC DChg,23.399999999965075,-1.6999,3.5495
47,CC DChg,23.5,-1.6999,3.5494
47,CC DChg,23.599999999976717,-1.6999,3.5493
47,CC DChg,23.699999999953434,-1.6999,3.5492
47,CC DChg,23.79999999998836,-1.6999,3.5492
47,CC DChg,23.899999999965075,-1.6999,3.5491
47,CC DChg,24.0,-1.6999,3.549
47,CC DChg,24.099999999976717,-1.6999,3.5489
47,CC DChg,24.199999999953434,-1.6999,3.5488
47,CC DChg,24.29999999998836,-1.6999,3.5487
47,CC DChg,24.399999999965075,-1.6999,3.5486
47,CC DChg,24.5,-1.6999,3.5486
47,CC DChg,24.599999999976717,-1.6999,3.5485
47,CC DChg,24.699999999953434,-1.6999,3.5484
47,CC DChg,24.79999999998836,-1.6999,3.5483
47,CC DChg,24.899999999965075,-1.6999,3.5483
47,CC DChg,25.0,-1.6999,3.5482
47,CC DChg,25.099999999976717,-1.6999,3.5481
47,CC DChg,25.199999999953434,-1.6999,3.548
47,CC DChg,25.29999999998836,-1.6999,3.5479
47,CC DChg,25.399999999965075,-1.6999,3.5478
47,CC DChg,25.5,-1.6999,3.5477
47,CC DChg,25.599999999976717,-1.6999,3.5476
47,CC DChg,25.699999999953434,-1.6999,3.5475
47,CC DChg,25.79999999998836,-1.6999,3.5475
47,CC DChg,25.899999999965075,-1.6999,3.5474
47,CC DChg,26.0,-1.6999,3.5473
47,CC DChg,26.099999999976717,-1.6999,3.5472
47,CC DChg,26.199999999953434,-1.6999,3.5471
47,CC DChg,26.29999999998836,-1.6999,3.5471
47,CC DChg,26.399999999965075,-1.6999,3.547
47,CC DChg,26.5,-1.6999,3.5469
47,CC DChg,26.599999999976717,-1.6999,3.5468
47,CC DChg,26.699999999953434,-1.6999,3.5467
47,CC DChg,26.79999999998836,-1.6999,3.5466
47,CC DChg,26.899999999965075,-1.6999,3.5466
47,CC DChg,27.0,-1.6999,3.5465
47,CC DChg,27.099999999976717,-1.6999,3.5464
47,CC DChg,27.199999999953434,-1.6999,3.5463
47,CC DChg,27.29999999998836,-1.6999,3.5463
47,CC DChg,27.399999999965075,-1.6999,3.5462
47,CC DChg,27.5,-1.6999,3.5461
47,CC DChg,27.599999999976717,-1.6999,3.546
47,CC DChg,27.699999999953434,-1.6999,3.5459
47,CC DChg,27.79999999998836,-1.6999,3.5458
47,CC DChg,27.899999999965075,-1.6999,3.5458
47,CC DChg,28.0,-1.6999,3.5457
47,CC DChg,28.099999999976717,-1.6999,3.5456
47,CC DChg,28.199999999953434,-1.6999,3.5455
47,CC DChg,28.29999999998836,-1.6999,3.5455
47,CC DChg,28.399999999965075,-1.6999,3.5454
47,CC DChg,28.5,-1.6999,3.5453
47,CC DChg,28.599999999976717,-1.6999,3.5452
47,CC DChg,28.699999999953434,-1.6999,3.5452
47,CC DChg,28.79999999998836,-1.6999,3.5451
47,CC DChg,28.899999999965075,-1.6999,3.545
47,CC DChg,29.0,-1.6999,3.5449
47,CC DChg,29.099999999976717,-1.6999,3.5449
47,CC DChg,29.199999999953434,-1.6999,3.5448
47,CC DChg,29.29999999998836,-1.6999,3.5447
47,CC DChg,29.399999999965075,-1.6999,3.5447
47,CC DChg,29.5,-1.6999,3.5446
47,CC DChg,29.599999999976717,-1.6999,3.5445
47,CC DChg,29.699999999953434,-1.6999,3.5445
47,CC DChg,29.79999999998836,-1.6999,3.5444
47,CC DChg,29.899999999965075,-1.6999,3.5443
47,CC DChg,30.0,-1.6999,3.5442
47,CC DChg,30.099999999976717,-1.6999,3.5441
47,CC DChg,30.199999999953434,-1.6998,3.5441
47,CC DChg,30.29999999998836,-1.6998,3.544
47,CC DChg,30.399999999965075,-1.6998,3.5439
47,CC DChg,30.5,-1.6998,3.5438
47,CC DChg,30.599999999976717,-1.6998,3.5438
47,CC DChg,30.699999999953434,-1.6998,3.5437
47,CC DChg,30.79999999998836,-1.6998,3.5436
47,CC DChg,30.899999999965075,-1.6998,3.5436
47,CC DChg,31.0,-1.6998,3.5435
47,CC DChg,31.099999999976717,-1.6998,3.5434
47,CC DChg,31.199999999953434,-1.6998,3.5433
47,CC DChg,31.29999999998836,-1.6998,3.5433
47,CC DChg,31.399999999965075,-1.6998,3.5432
47,CC DChg,31.5,-1.6998,3.5431
47,CC DChg,31.599999999976717,-1.6998,3.543
47,CC DChg,31.699999999953434,-1.6998,3.543
47,CC DChg,31.79999999998836,-1.6998,3.5429
47,CC DChg,31.899999999965075,-1.6998,3.5428
47,CC DChg,32.0,-1.6998,3.5428
47,CC DChg,32.09999999997672,-1.6998,3.5427
47,CC DChg,32.199999999953434,-1.6998,3.5426
47,CC DChg,32.29999999998836,-1.6998,3.5425
47,CC DChg,32.399999999965075,-1.6998,3.5425
47,CC DChg,32.5,-1.6998,3.5424
47,CC DChg,32.59999999997672,-1.6998,3.5423
47,CC DChg,32.699999999953434,-1.6998,3.5422
47,CC DChg,32.79999999998836,-1.6998,3.5422
47,CC DChg,32.899999999965075,-1.6998,3.5421
47,CC DChg,33.0,-1.6998,3.542
47,CC DChg,33.09999999997672,-1.6998,3.542
47,CC DChg,33.199999999953434,-1.6998,3.5419
47,CC DChg,33.29999999998836,-1.6998,3.5418
47,CC DChg,33.399999999965075,-1.6998,3.5418
47,CC DChg,33.5,-1.6998,3.5417
47,CC DChg,33.59999999997672,-1.6998,3.5416
47,CC DChg,33.699999999953434,-1.6998,3.5416
47,CC DChg,33.79999999998836,-1.6998,3.5415
47,CC DChg,33.899999999965075,-1.6998,3.5414
47,CC DChg,34.0,-1.6998,3.5414
47,CC DChg,34.09999999997672,-1.6998,3.5413
47,CC DChg,34.199999999953434,-1.6998,3.5412
47,CC DChg,34.29999999998836,-1.6998,3.5411
47,CC DChg,34.399999999965075,-1.6998,3.5411
47,CC DChg,34.5,-1.6998,3.541
47,CC DChg,34.59999999997672,-1.6998,3.5409
47,CC DChg,34.699999999953434,-1.6998,3.5409
47,CC DChg,34.79999999998836,-1.6998,3.5408
47,CC DChg,34.899999999965075,-1.6998,3.5407
47,CC DChg,35.0,-1.6998,3.5406
47,CC DChg,35.09999999997672,-1.6998,3.5406
47,CC DChg,35.199999999953434,-1.6998,3.5405
47,CC DChg,35.29999999998836,-1.6998,3.5404
47,CC DChg,35.399999999965075,-1.6998,3.5404
47,CC DChg,35.5,-1.6998,3.5403
47,CC DChg,35.59999999997672,-1.6998,3.5402
47,CC DChg,35.699999999953434,-1.6998,3.5402
47,CC DChg,35.79999999998836,-1.6998,3.5401
47,CC DChg,35.899999999965075,-1.6998,3.54
47,CC DChg,36.0,-1.6998,3.54
47,CC DChg,36.09999999997672,-1.6998,3.5399
47,CC DChg,36.199999999953434,-1.6998,3.5398
47,CC DChg,36.29999999998836,-1.6998,3.5398
47,CC DChg,36.399999999965075,-1.6998,3.5397
47,CC DChg,36.5,-1.6998,3.5397
47,CC DChg,36.59999999997672,-1.6998,3.5396
47,CC DChg,36.699999999953434,-1.6998,3.5396
47,CC DChg,36.79999999998836,-1.6998,3.5395
47,CC DChg,36.899999999965075,-1.6998,3.5394
47,CC DChg,37.0,-1.6998,3.5393
47,CC DChg,37.09999999997672,-1.6998,3.5393
47,CC DChg,37.199999999953434,-1.6998,3.5392
47,CC DChg,37.29999999998836,-1.6998,3.5391
47,CC DChg,37.399999999965075,-1.6998,3.5391
47,CC DChg,37.5,-1.6998,3.539
47,CC DChg,37.59999999997672,-1.6998,3.539
47,CC DChg,37.699999999953434,-1.6998,3.5389
47,CC DChg,37.79999999998836,-1.6998,3.5388
47,CC DChg,37.899999999965075,-1.6998,3.5388
47,CC DChg,38.0,-1.6998,3.5387
47,CC DChg,38.09999999997672,-1.6998,3.5386
47,CC DChg,38.199999999953434,-1.6998,3.5386
47,CC DChg,38.29999999998836,-1.6998,3.5385
47,CC DChg,38.399999999965075,-1.6998,3.5385
47,CC DChg,38.5,-1.6998,3.5384
47,CC DChg,38.59999999997672,-1.6998,3.5383
47,CC DChg,38.699999999953434,-1.6998,3.5383
47,CC DChg,38.79999999998836,-1.6998,3.5382
47,CC DChg,38.899999999965075,-1.6998,3.5382
47,CC DChg,39.0,-1.6998,3.5381
47,CC DChg,39.09999999997672,-1.6998,3.538
47,CC DChg,39.199999999953434,-1.6998,3.538
47,CC DChg,39.29999999998836,-1.6998,3.5379
47,CC DChg,39.399999999965075,-1.6998,3.5378
47,CC DChg,39.5,-1.6998,3.5378
47,CC DChg,39.59999999997672,-1.6998,3.5377
47,CC DChg,39.699999999953434,-1.6998,3.5376
47,CC DChg,39.79999999998836,-1.6998,3.5376
47,CC DChg,39.899999999965075,-1.6998,3.5375
47,CC DChg,40.0,-1.6998,3.5375
47,CC DChg,40.09999999997672,-1.6998,3.5374
47,CC DChg,40.199999999953434,-1.6998,3.5373
47,CC DChg,40.29999999998836,-1.6998,3.5372
47,CC DChg,40.399999999965075,-1.6998,3.5371
47,CC DChg,40.5,-1.6998,3.5371
47,CC DChg,40.59999999997672,-1.6998,3.537
47,CC DChg,40.699999999953434,-1.6998,3.537
47,CC DChg,40.79999999998836,-1.6998,3.5369
47,CC DChg,40.899999999965075,-1.6998,3.5368
47,CC DChg,41.0,-1.6998,3.5368
47,CC DChg,41.09999999997672,-1.6998,3.5367
47,CC DChg,41.199999999953434,-1.6998,3.5367
47,CC DChg,41.29999999998836,-1.6998,3.5366
47,CC DChg,41.399999999965075,-1.6998,3.5365
47,CC DChg,41.5,-1.6998,3.5365
47,CC DChg,41.59999999997672,-1.6998,3.5364
47,CC DChg,41.699999999953434,-1.6998,3.5364
47,CC DChg,41.79999999998836,-1.6998,3.5363
47,CC DChg,41.899999999965075,-1.6998,3.5362
47,CC DChg,42.0,-1.6998,3.5362
47,CC DChg,42.09999999997672,-1.6998,3.5361
47,CC DChg,42.199999999953434,-1.6998,3.5361
47,CC DChg,42.29999999998836,-1.6998,3.536
47,CC DChg,42.399999999965075,-1.6998,3.5359
47,CC DChg,42.5,-1.6998,3.5359
47,CC DChg,42.59999999997672,-1.6998,3.5358
47,CC DChg,42.699999999953434,-1.6998,3.5357
47,CC DChg,42.79999999998836,-1.6998,3.5357
47,CC DChg,42.899999999965075,-1.6998,3.5357
47,CC DChg,43.0,-1.6998,3.5356
47,CC DChg,43.09999999997672,-1.6998,3.5356
47,CC DChg,43.199999999953434,-1.6998,3.5355
47,CC DChg,43.29999999998836,-1.6998,3.5354
47,CC DChg,43.399999999965075,-1.6998,3.5354
47,CC DChg,43.5,-1.6998,3.5353
47,CC DChg,43.59999999997672,-1.6998,3.5352
47,CC DChg,43.699999999953434,-1.6998,3.5352
47,CC DChg,43.79999999998836,-1.6998,3.5351
47,CC DChg,43.899999999965075,-1.6998,3.5351
47,CC DChg,44.0,-1.6998,3.535
47,CC DChg,44.09999999997672,-1.6998,3.535
47,CC DChg,44.199999999953434,-1.6998,3.5349
47,CC DChg,44.29999999998836,-1.6998,3.5349
47,CC DChg,44.399999999965075,-1.6998,3.5348
47,CC DChg,44.5,-1.6998,3.5347
47,CC DChg,44.59999999997672,-1.6998,3.5347
47,CC DChg,44.699999999953434,-1.6998,3.5346
47,CC DChg,44.79999999998836,-1.6998,3.5346
47,CC DChg,44.899999999965075,-1.6998,3.5345
47,CC DChg,45.0,-1.6998,3.5344
47,CC DChg,45.09999999997672,-1.6998,3.5344
47,CC DChg,45.199999999953434,-1.6998,3.5343
47,CC DChg,45.29999999998836,-1.6998,3.5343
47,CC DChg,45.399999999965075,-1.6998,3.5342
47,CC DChg,45.5,-1.6998,3.5341
47,CC DChg,45.59999999997672,-1.6998,3.5341
47,CC DChg,45.699999999953434,-1.6998,3.534
47,CC DChg,45.79999999998836,-1.6998,3.534
47,CC DChg,45.899999999965075,-1.6998,3.5339
47,CC DChg,46.0,-1.6998,3.5339
47,CC DChg,46.09999999997672,-1.6998,3.5338
47,CC DChg,46.199999999953434,-1.6998,3.5337
47,CC DChg,46.29999999998836,-1.6998,3.5337
47,CC DChg,46.399999999965075,-1.6998,3.5336
47,CC DChg,46.5,-1.6998,3.5336
47,CC DChg,46.59999999997672,-1.6998,3.5335
47,CC DChg,46.699999999953434,-1.6998,3.5334
47,CC DChg,46.79999999998836,-1.6998,3.5334
47,CC DChg,46.899999999965075,-1.6998,3.5333
47,CC DChg,47.0,-1.6998,3.5333
47,CC DChg,47.09999999997672,-1.6998,3.5332
47,CC DChg,47.199999999953434,-1.6998,3.5332
47,CC DChg,47.29999999998836,-1.6998,3.5331
47,CC DChg,47.399999999965075,-1.6998,3.5331
47,CC DChg,47.5,-1.6998,3.533
47,CC DChg,47.59999999997672,-1.6998,3.5329
47,CC DChg,47.699999999953434,-1.6998,3.5329
47,CC DChg,47.79999999998836,-1.6998,3.5328
47,CC DChg,47.899999999965075,-1.6998,3.5328
47,CC DChg,48.0,-1.6998,3.5327
47,CC DChg,48.09999999997672,-1.6998,3.5327
47,CC DChg,48.199999999953434,-1.6998,3.5326
47,CC DChg,48.29999999998836,-1.6998,3.5325
47,CC DChg,48.399999999965075,-1.6998,3.5325
47,CC DChg,48.5,-1.6998,3.5324
47,CC DChg,48.59999999997672,-1.6998,3.5324
47,CC DChg,48.699999999953434,-1.6998,3.5323
47,CC DChg,48.79999999998836,-1.6998,3.5323
47,CC DChg,48.899999999965075,-1.6998,3.5322
47,CC DChg,49.0,-1.6998,3.5322
47,CC DChg,49.09999999997672,-1.6998,3.5321
47,CC DChg,49.199999999953434,-1.6998,3.5321
47,CC DChg,49.29999999998836,-1.6998,3.532
47,CC DChg,49.399999999965075,-1.6998,3.532
47,CC DChg,49.5,-1.6998,3.5319
47,CC DChg,49.59999999997672,-1.6998,3.5318
47,CC DChg,49.699999999953434,-1.6998,3.5318
47,CC DChg,49.79999999998836,-1.6998,3.5317
47,CC DChg,49.899999999965075,-1.6998,3.5317
47,CC DChg,50.0,-1.6998,3.5316
47,CC DChg,50.09999999997672,-1.6998,3.5315
47,CC DChg,50.199999999953434,-1.6998,3.5315
47,CC DChg,50.29999999998836,-1.6998,3.5315
47,CC DChg,50.399999999965075,-1.6998,3.5314
47,CC DChg,50.5,-1.6998,3.5313
47,CC DChg,50.59999999997672,-1.6998,3.5313
47,CC DChg,50.699999999953434,-1.6998,3.5312
47,CC DChg,50.79999999998836,-1.6998,3.5312
47,CC DChg,50.899999999965075,-1.6998,3.5311
47,CC DChg,51.0,-1.6998,3.5311
47,CC DChg,51.09999999997672,-1.6998,3.531
47,CC DChg,51.199999999953434,-1.6998,3.531
47,CC DChg,51.29999999998836,-1.6998,3.5309
47,CC DChg,51.399999999965075,-1.6998,3.5309
47,CC DChg,51.5,-1.6998,3.5308
47,CC DChg,51.59999999997672,-1.6998,3.5307
47,CC DChg,51.699999999953434,-1.6998,3.5307
47,CC DChg,51.79999999998836,-1.6998,3.5307
47,CC DChg,51.899999999965075,-1.6998,3.5306
47,CC DChg,52.0,-1.6998,3.5306
47,CC DChg,52.09999999997672,-1.6998,3.5305
47,CC DChg,52.199999999953434,-1.6998,3.5305
47,CC DChg,52.29999999998836,-1.6998,3.5304
47,CC DChg,52.399999999965075,-1.6998,3.5303
47,CC DChg,52.5,-1.6998,3.5303
47,CC DChg,52.59999999997672,-1.6998,3.5303
47,CC DChg,52.699999999953434,-1.6998,3.5302
47,CC DChg,52.79999999998836,-1.6998,3.5302
47,CC DChg,52.899999999965075,-1.6998,3.5301
47,CC DChg,53.0,-1.6998,3.53
47,CC DChg,53.09999999997672,-1.6998,3.53
47,CC DChg,53.199999999953434,-1.6998,3.5299
47,CC DChg,53.29999999998836,-1.6998,3.5299
47,CC DChg,53.399999999965075,-1.6998,3.5298
47,CC DChg,53.5,-1.6998,3.5298
47,CC DChg,53.59999999997672,-1.6998,3.5297
47,CC DChg,53.699999999953434,-1.6998,3.5297
47,CC DChg,53.79999999998836,-1.6998,3.5296
47,CC DChg,53.899999999965075,-1.6998,3.5296
47,CC DChg,54.0,-1.6998,3.5295
47,CC DChg,54.09999999997672,-1.6998,3.5295
47,CC DChg,54.199999999953434,-1.6998,3.5294
47,CC DChg,54.29999999998836,-1.6998,3.5293
47,CC DChg,54.399999999965075,-1.6998,3.5293
47,CC DChg,54.5,-1.6998,3.5293
47,CC DChg,54.59999999997672,-1.6998,3.5292
47,CC DChg,54.699999999953434,-1.6998,3.5292
47,CC DChg,54.79999999998836,-1.6998,3.5291
47,CC DChg,54.899999999965075,-1.6998,3.529
47,CC DChg,55.0,-1.6998,3.529
47,CC DChg,55.09999999997672,-1.6998,3.529
47,CC DChg,55.199999999953434,-1.6998,3.5289
47,CC DChg,55.29999999998836,-1.6998,3.5288
47,CC DChg,55.399999999965075,-1.6998,3.5288
47,CC DChg,55.5,-1.6998,3.5288
47,CC DChg,55.59999999997672,-1.6998,3.5287
47,CC DChg,55.699999999953434,-1.6998,3.5286
47,CC DChg,55.79999999998836,-1.6998,3.5286
47,CC DChg,55.899999999965075,-1.6998,3.5285
47,CC DChg,56.0,-1.6998,3.5285
47,CC DChg,56.09999999997672,-1.6998,3.5285
47,CC DChg,56.199999999953434,-1.6998,3.5284
47,CC DChg,56.29999999998836,-1.6998,3.5284
47,CC DChg,56.399999999965075,-1.6998,3.5284
47,CC DChg,56.5,-1.6998,3.5283
47,CC DChg,56.59999999997672,-1.6998,3.5282
47,CC DChg,56.699999999953434,-1.6998,3.5282
47,CC DChg,56.79999999998836,-1.6998,3.5282
47,CC DChg,56.899999999965075,-1.6998,3.5281
47,CC DChg,57.0,-1.6998,3.5281
47,CC DChg,57.09999999997672,-1.6998,3.528
47,CC DChg,57.199999999953434,-1.6998,3.528
47,CC DChg,57.29999999998836,-1.6998,3.5279
47,CC DChg,57.399999999965075,-1.6998,3.5279
47,CC DChg,57.5,-1.6998,3.5278
47,CC DChg,57.59999999997672,-1.6998,3.5278
47,CC DChg,57.699999999953434,-1.6998,3.5277
47,CC DChg,57.79999999998836,-1.6998,3.5277
47,CC DChg,57.899999999965075,-1.6998,3.5276
47,CC DChg,58.0,-1.6998,3.5276
47,CC DChg,58.09999999997672,-1.6998,3.5275
47,CC DChg,58.199999999953434,-1.6998,3.5275
47,CC DChg,58.29999999998836,-1.6998,3.5275
47,CC DChg,58.399999999965075,-1.6998,3.5274
47,CC DChg,58.5,-1.6998,3.5274
47,CC DChg,58.59999999997672,-1.6998,3.5273
47,CC DChg,58.699999999953434,-1.6998,3.5273
47,CC DChg,58.79999999998836,-1.6998,3.5272
47,CC DChg,58.899999999965075,-1.6998,3.5271
47,CC DChg,59.0,-1.6998,3.5271
47,CC DChg,59.09999999997672,-1.6998,3.5271
47,CC DChg,59.199999999953434,-1.6998,3.527
47,CC DChg,59.29999999998836,-1.6998,3.527
47,CC DChg,59.399999999965075,-1.6998,3.5269
47,CC DChg,59.5,-1.6998,3.5269
47,CC DChg,59.59999999997672,-1.6998,3.5268
47,CC DChg,59.699999999953434,-1.6998,3.5268
47,CC DChg,59.79999999998836,-1.6998,3.5267
47,CC DChg,59.899999999965075,-1.6998,3.5267
47,CC DChg,60.0,-1.6998,3.5267
47,CC DChg,60.09999999997672,-1.6998,3.5266
47,CC DChg,60.199999999953434,-1.6998,3.5266
47,CC DChg,60.29999999998836,-1.6998,3.5266
47,CC DChg,60.399999999965075,-1.6998,3.5265
47,CC DChg,60.5,-1.6998,3.5264
47,CC DChg,60.59999999997672,-1.6998,3.5264
47,CC DChg,60.699999999953434,-1.6998,3.5264
47,CC DChg,60.79999999998836,-1.6998,3.5263
47,CC DChg,60.899999999965075,-1.6998,3.5263
47,CC DChg,61.0,-1.6998,3.5263
47,CC DChg,61.09999999997672,-1.6998,3.5262
47,CC DChg,61.199999999953434,-1.6998,3.5261
47,CC DChg,61.29999999998836,-1.6998,3.5261
47,CC DChg,61.399999999965075,-1.6998,3.526
47,CC DChg,61.5,-1.6998,3.526
47,CC DChg,61.59999999997672,-1.6998,3.5259
47,CC DChg,61.699999999953434,-1.6998,3.5259
47,CC DChg,61.79999999998836,-1.6998,3.5258
47,CC DChg,61.899999999965075,-1.6998,3.5258
47,CC DChg,62.0,-1.6998,3.5258
47,CC DChg,62.09999999997672,-1.6998,3.5257
47,CC DChg,62.199999999953434,-1.6998,3.5256
47,CC DChg,62.29999999998836,-1.6998,3.5256
47,CC DChg,62.399999999965075,-1.6998,3.5256
47,CC DChg,62.5,-1.6998,3.5255
47,CC DChg,62.59999999997672,-1.6998,3.5255
47,CC DChg,62.699999999953434,-1.6998,3.5255
47,CC DChg,62.79999999998836,-1.6998,3.5254
47,CC DChg,62.899999999965075,-1.6998,3.5253
47,CC DChg,63.0,-1.6998,3.5253
47,CC DChg,63.09999999997672,-1.6998,3.5252
47,CC DChg,63.199999999953434,-1.6998,3.5252
47,CC DChg,63.29999999998836,-1.6998,3.5252
47,CC DChg,63.399999999965075,-1.6998,3.5251
47,CC DChg,63.5,-1.6998,3.5251
47,CC DChg,63.59999999997672,-1.6998,3.525
47,CC DChg,63.699999999953434,-1.6998,3.525
47,CC DChg,63.79999999998836,-1.6998,3.5249
47,CC DChg,63.899999999965075,-1.6998,3.5249
47,CC DChg,64.0,-1.6998,3.5248
47,CC DChg,64.09999999997672,-1.6998,3.5248
47,CC DChg,64.19999999995343,-1.6998,3.5247
47,CC DChg,64.29999999998836,-1.6998,3.5247
47,CC DChg,64.39999999996508,-1.6998,3.5247
47,CC DChg,64.5,-1.6998,3.5246
47,CC DChg,64.59999999997672,-1.6998,3.5246
47,CC DChg,64.69999999995343,-1.6998,3.5245
47,CC DChg,64.79999999998836,-1.6998,3.5245
47,CC DChg,64.89999999996508,-1.6998,3.5245
47,CC DChg,65.0,-1.6998,3.5244
47,CC DChg,65.09999999997672,-1.6999,3.5244
47,CC DChg,65.19999999995343,-1.6999,3.5243
47,CC DChg,65.29999999998836,-1.6999,3.5243
47,CC DChg,65.39999999996508,-1.6999,3.5242
47,CC DChg,65.5,-1.6999,3.5242
47,CC DChg,65.59999999997672,-1.6999,3.5241
47,CC DChg,65.69999999995343,-1.6999,3.5241
47,CC DChg,65.79999999998836,-1.6999,3.5241
47,CC DChg,65.89999999996508,-1.6999,3.524
47,CC DChg,66.0,-1.6998,3.5239
47,CC DChg,66.09999999997672,-1.6998,3.5239
47,CC DChg,66.19999999995343,-1.6998,3.5239
47,CC DChg,66.29999999998836,-1.6998,3.5238
47,CC DChg,66.39999999996508,-1.6998,3.5238
47,CC DChg,66.5,-1.6998,3.5238
47,CC DChg,66.59999999997672,-1.6998,3.5237
47,CC DChg,66.69999999995343,-1.6998,3.5237
47,CC DChg,66.79999999998836,-1.6998,3.5236
47,CC DChg,66.89999999996508,-1.6998,3.5236
47,CC DChg,67.0,-1.6998,3.5236
47,CC DChg,67.09999999997672,-1.6998,3.5235
47,CC DChg,67.19999999995343,-1.6998,3.5235
47,CC DChg,67.29999999998836,-1.6998,3.5234
47,CC DChg,67.39999999996508,-1.6998,3.5234
47,CC DChg,67.5,-1.6999,3.5233
47,CC DChg,67.59999999997672,-1.6999,3.5233
47,CC DChg,67.69999999995343,-1.6999,3.5233
47,CC DChg,67.79999999998836,-1.6999,3.5232
47,CC DChg,67.89999999996508,-1.6999,3.5232
47,CC DChg,68.0,-1.6999,3.5231
47,CC DChg,68.09999999997672,-1.6999,3.5231
47,CC DChg,68.19999999995343,-1.6999,3.523
47,CC DChg,68.29999999998836,-1.6999,3.523
47,CC DChg,68.39999999996508,-1.6999,3.5229
47,CC DChg,68.5,-1.6999,3.5229
47,CC DChg,68.59999999997672,-1.6999,3.5228
47,CC DChg,68.69999999995343,-1.6999,3.5228
47,CC DChg,68.79999999998836,-1.6999,3.5227
47,CC DChg,68.89999999996508,-1.6999,3.5227
47,CC DChg,69.0,-1.6999,3.5227
47,CC DChg,69.09999999997672,-1.6999,3.5226
47,CC DChg,69.19999999995343,-1.6999,3.5226
47,CC DChg,69.29999999998836,-1.6999,3.5225
47,CC DChg,69.39999999996508,-1.6999,3.5225
47,CC DChg,69.5,-1.6999,3.5224
47,CC DChg,69.59999999997672,-1.6999,3.5224
47,CC DChg,69.69999999995343,-1.6999,3.5224
47,CC DChg,69.79999999998836,-1.6999,3.5223
47,CC DChg,69.89999999996508,-1.6999,3.5223
47,CC DChg,70.0,-1.6999,3.5222
47,CC DChg,70.09999999997672,-1.6999,3.5222
47,CC DChg,70.19999999995343,-1.6999,3.5221
47,CC DChg,70.29999999998836,-1.6999,3.5221
47,CC DChg,70.39999999996508,-1.6999,3.5221
47,CC DChg,70.5,-1.6999,3.522
47,CC DChg,70.59999999997672,-1.6999,3.522
47,CC DChg,70.69999999995343,-1.6999,3.522
47,CC DChg,70.79999999998836,-1.6999,3.5219
47,CC DChg,70.89999999996508,-1.6999,3.5218
47,CC DChg,71.0,-1.6999,3.5218
47,CC DChg,71.09999999997672,-1.6999,3.5218
47,CC DChg,71.19999999995343,-1.6999,3.5217
47,CC DChg,71.29999999998836,-1.6999,3.5217
47,CC DChg,71.39999999996508,-1.6999,3.5216
47,CC DChg,71.5,-1.6999,3.5216
47,CC DChg,71.59999999997672,-1.6999,3.5216
47,CC DChg,71.69999999995343,-1.6999,3.5215
47,CC DChg,71.79999999998836,-1.6999,3.5215
47,CC DChg,71.89999999996508,-1.6999,3.5214
47,CC DChg,72.0,-1.6999,3.5214
47,CC DChg,72.09999999997672,-1.6999,3.5213
47,CC DChg,72.19999999995343,-1.6999,3.5213
47,CC DChg,72.29999999998836,-1.6999,3.5213
47,CC DChg,72.39999999996508,-1.6999,3.5212
47,CC DChg,72.5,-1.6999,3.5212
47,CC DChg,72.59999999997672,-1.6999,3.5212
47,CC DChg,72.69999999995343,-1.6999,3.5211
47,CC DChg,72.79999999998836,-1.6999,3.5211
47,CC DChg,72.89999999996508,-1.6999,3.521
47,CC DChg,73.0,-1.6999,3.521
47,CC DChg,73.09999999997672,-1.6999,3.521
47,CC DChg,73.19999999995343,-1.6999,3.5209
47,CC DChg,73.29999999998836,-1.6999,3.5209
47,CC DChg,73.39999999996508,-1.6999,3.5209
47,CC DChg,73.5,-1.6999,3.5208
47,CC DChg,73.59999999997672,-1.6999,3.5208
47,CC DChg,73.69999999995343,-1.6999,3.5208
47,CC DChg,73.79999999998836,-1.6999,3.5207
47,CC DChg,73.89999999996508,-1.6999,3.5206
47,CC DChg,74.0,-1.6999,3.5206
47,CC DChg,74.09999999997672,-1.6999,3.5206
47,CC DChg,74.19999999995343,-1.6999,3.5205
47,CC DChg,74.29999999998836,-1.6999,3.5205
47,CC DChg,74.39999999996508,-1.6999,3.5205
47,CC DChg,74.5,-1.6999,3.5204
47,CC DChg,74.59999999997672,-1.6999,3.5204
47,CC DChg,74.69999999995343,-1.6999,3.5203
47,CC DChg,74.79999999998836,-1.6999,3.5203
47,CC DChg,74.89999999996508,-1.6999,3.5203
47,CC DChg,75.0,-1.6999,3.5202
47,CC DChg,75.09999999997672,-1.6999,3.5202
47,CC DChg,75.19999999995343,-1.6999,3.5202
47,CC DChg,75.29999999998836,-1.6999,3.5201
47,CC DChg,75.39999999996508,-1.6998,3.5201
47,CC DChg,75.5,-1.6998,3.5201
47,CC DChg,75.59999999997672,-1.6998,3.52
47,CC DChg,75.69999999995343,-1.6999,3.5199
47,CC DChg,75.79999999998836,-1.6999,3.5199
47,CC DChg,75.89999999996508,-1.6998,3.5199
47,CC DChg,76.0,-1.6998,3.5198
47,CC DChg,76.09999999997672,-1.6998,3.5198
47,CC DChg,76.19999999995343,-1.6998,3.5198
47,CC DChg,76.29999999998836,-1.6998,3.5197
47,CC DChg,76.39999999996508,-1.6998,3.5196
47,CC DChg,76.5,-1.6998,3.5196
47,CC DChg,76.59999999997672,-1.6998,3.5196
47,CC DChg,76.69999999995343,-1.6998,3.5195
47,CC DChg,76.79999999998836,-1.6998,3.5195
47,CC DChg,76.89999999996508,-1.6998,3.5194
47,CC DChg,77.0,-1.6998,3.5194
47,CC DChg,77.09999999997672,-1.6998,3.5194
47,CC DChg,77.19999999995343,-1.6998,3.5194
47,CC DChg,77.29999999998836,-1.6998,3.5193
47,CC DChg,77.39999999996508,-1.6998,3.5192
47,CC DChg,77.5,-1.6998,3.5192
47,CC DChg,77.59166666667443,-1.6999,3.5192
47,CC DChg,77.68333333334886,-1.6999,3.5192
47,CC DChg,77.77500000008149,-1.6999,3.5191
47,CC DChg,77.8666666666395,-1.6999,3.5191
47,CC DChg,77.95833333325572,-1.6999,3.519
47,CC DChg,78.04999999998836,-1.6999,3.519
47,CC DChg,78.14166666666279,-1.6999,3.519
47,CC DChg,78.23333333333721,-1.6999,3.5189
48,Rest,78.32499999995343,0.0,3.5962
48,Rest,78.41666666662786,0.0,3.5962
48,Rest,78.50833333330229,0.0,3.5966
48,Rest,78.60757575760363,0.0,3.5973
48,Rest,78.70681818178855,0.0,3.598
48,Rest,78.80606060603168,0.0,3.5986
48,Rest,78.90530303027481,0.0,3.5989
48,Rest,79.00454545451794,0.0,3.5993
48,Rest,79.10378787876107,0.0,3.5997
48,Rest,79.2030303030042,0.0,3.6
48,Rest,79.30227272724733,0.0,3.6002
48,Rest,79.40151515149046,0.0,3.6005
48,Rest,79.50075757573359,0.0,3.6007
48,Rest,79.60068870527903,0.0,3.601
48,Rest,79.70061983470805,0.0,3.6012
48,Rest,79.80055096413707,0.0,3.6014
48,Rest,79.90048209368251,0.0,3.6016
48,Rest,80.00041322311154,0.0,3.6018
48,Rest,80.10034435259877,0.0,3.602
48,Rest,80.200275482086,0.0,3.6022
48,Rest,80.30020661157323,0.0,3.6023
48,Rest,80.40013774100225,0.0,3.6025
48,Rest,80.50006887048949,0.0,3.6027
48,Rest,80.60006260959199,0.0,3.6028
48,Rest,80.70005634857807,0.0,3.603
48,Rest,80.80005008768057,0.0,3.6031
48,Rest,80.90004382666666,0.0,3.6033
48,Rest,81.00003756565275,0.0,3.6034
48,Rest,81.10003130475525,0.0,3.6036
48,Rest,81.20002504379954,0.0,3.6037
48,Rest,81.30001878284384,0.0,3.6038
48,Rest,81.40001252188813,0.0,3.604
48,Rest,81.50000626093242,0.0,3.6041
48,Rest,81.60000569175463,0.0,3.6042
48,Rest,81.70000512257684,0.0,3.6043
48,Rest,81.80000455339905,0.0,3.6045
48,Rest,81.90000398416305,0.0,3.6046
48,Rest,82.00000341510167,0.0,3.6047
48,Rest,82.10000284586567,0.0,3.6048
48,Rest,82.20000227668788,0.0,3.6049
48,Rest,82.30000170751009,0.0,3.605
48,Rest,82.40000113839051,0.0,3.6052
48,Rest,82.50000056915451,0.0,3.6053
48,Rest,82.60000051738461,0.0,3.6054
48,Rest,82.70000046567293,0.0,3.6055
48,Rest,82.80000041390304,0.0,3.6056
48,Rest,82.90000036219135,0.0,3.6057
48,Rest,83.00000031036325,0.0,3.6058
48,Rest,83.10000025870977,0.0,3.6059
48,Rest,83.20000020693988,0.0,3.606
48,Rest,83.30000015522819,0.0,3.6061
48,Rest,83.4000001034583,0.0,3.6062
48,Rest,83.50000005174661,0.0,3.6063
48,Rest,83.60000004706671,0.0,3.6064
48,Rest,83.70000004238682,0.0,3.6065
48,Rest,83.80000003764872,0.0,3.6066
48,Rest,83.9000000328524,0.0,3.6067
48,Rest,84.00000002823072,0.0,3.6068
48,Rest,84.10000002349261,0.0,3.6069
48,Rest,84.20000001887092,0.0,3.6069
48,Rest,84.30000001407461,0.0,3.607
48,Rest,84.40000000939472,0.0,3.6071
48,Rest,84.50000000465661,0.0,3.6072
48,Rest,84.60000000422588,0.0,3.6073
48,Rest,84.70000000379514,0.0,3.6074
48,Rest,84.8000000033644,0.0,3.6075
48,Rest,84.90000000293367,0.0,3.6076
48,Rest,85.00000000250293,0.0,3.6076
48,Rest,85.1000000021304,0.0,3.6077
48,Rest,85.20000000169966,0.0,3.6078
48,Rest,85.30000000126893,0.0,3.6079
48,Rest,85.40000000083819,0.0,3.6079
48,Rest,85.50000000034925,0.0,3.608
48,Rest,85.60000000038417,0.0,3.6081
48,Rest,85.70000000030268,0.0,3.6082
48,Rest,85.8000000002794,0.0,3.6083
48,Rest,85.90000000025611,0.0,3.6083
48,Rest,86.00000000023283,0.0,3.6085
48,Rest,86.10000000015134,0.0,3.6085
48,Rest,86.20000000012806,0.0,3.6086
48,Rest,86.30000000010477,0.0,3.6086
48,Rest,86.40000000008149,0.0,3.6087
48,Rest,86.5,0.0,3.6088
48,Rest,86.59999999997672,0.0,3.6089
48,Rest,86.69999999995343,0.0,3.609
48,Rest,86.79999999998836,0.0,3.6091
48,Rest,86.89999999996508,0.0,3.6091
48,Rest,87.0,0.0,3.6092
48,Rest,87.09999999997672,0.0,3.6093
48,Rest,87.19999999995343,0.0,3.6093
48,Rest,87.29999999998836,0.0,3.6094
48,Rest,87.39999999996508,0.0,3.6095
48,Rest,87.5,0.0,3.6096
48,Rest,87.59999999997672,0.0,3.6096
48,Rest,87.69999999995343,0.0,3.6097
48,Rest,87.79999999998836,0.0,3.6098
48,Rest,87.89999999996508,0.0,3.6098
48,Rest,88.0,0.0,3.6099
48,Rest,88.09999999997672,0.0,3.61
48,Rest,88.19999999995343,0.0,3.6101
48,Rest,88.29999999998836,0.0,3.6101
48,Rest,88.39999999996508,0.0,3.6102
48,Rest,88.5,0.0,3.6103
48,Rest,88.59999999997672,0.0,3.6103
48,Rest,88.69999999995343,0.0,3.6104
48,Rest,88.79999999998836,0.0,3.6105
48,Rest,88.89999999996508,0.0,3.6105
48,Rest,89.0,0.0,3.6106
48,Rest,89.09999999997672,0.0,3.6106
48,Rest,89.19999999995343,0.0,3.6107
48,Rest,89.29999999998836,0.0,3.6108
48,Rest,89.39999999996508,0.0,3.6108
48,Rest,89.5,0.0,3.6109
48,Rest,89.59999999997672,0.0,3.6109
48,Rest,89.69999999995343,0.0,3.611
48,Rest,89.79999999998836,0.0,3.6111
48,Rest,89.89999999996508,0.0,3.6111
48,Rest,90.0,0.0,3.6112
48,Rest,90.09999999997672,0.0,3.6113
48,Rest,90.19999999995343,0.0,3.6113
48,Rest,90.29999999998836,0.0,3.6114
48,Rest,90.39999999996508,0.0,3.6114
48,Rest,90.5,0.0,3.6115
48,Rest,90.59999999997672,0.0,3.6115
48,Rest,90.69999999995343,0.0,3.6116
48,Rest,90.79999999998836,0.0,3.6116
48,Rest,90.89999999996508,0.0,3.6117
48,Rest,91.0,0.0,3.6117
48,Rest,91.09999999997672,0.0,3.6118
48,Rest,91.19999999995343,0.0,3.6119
48,Rest,91.29999999998836,0.0,3.6119
48,Rest,91.39999999996508,0.0,3.612
48,Rest,91.5,0.0,3.6121
48,Rest,91.59999999997672,0.0,3.6121
48,Rest,91.69999999995343,0.0,3.6122
48,Rest,91.79999999998836,0.0,3.6122
48,Rest,91.89999999996508,0.0,3.6123
48,Rest,92.0,0.0,3.6123
48,Rest,92.09999999997672,0.0,3.6124
48,Rest,92.19999999995343,0.0,3.6125
48,Rest,92.29999999998836,0.0,3.6126
48,Rest,92.39999999996508,0.0,3.6126
48,Rest,92.5,0.0,3.6126
48,Rest,92.59999999997672,0.0,3.6127
48,Rest,92.69999999995343,0.0,3.6127
48,Rest,92.79999999998836,0.0,3.6128
48,Rest,92.89999999996508,0.0,3.6128
48,Rest,93.0,0.0,3.6129
48,Rest,93.09999999997672,0.0,3.613
48,Rest,93.19999999995343,0.0,3.613
48,Rest,93.29999999998836,0.0,3.613
48,Rest,93.39999999996508,0.0,3.6131
48,Rest,93.5,0.0,3.6132
48,Rest,93.59999999997672,0.0,3.6132
48,Rest,93.69999999995343,0.0,3.6132
48,Rest,93.79999999998836,0.0,3.6133
48,Rest,93.89999999996508,0.0,3.6133
48,Rest,94.0,0.0,3.6134
48,Rest,94.09999999997672,0.0,3.6134
48,Rest,94.19999999995343,0.0,3.6135
48,Rest,94.29999999998836,0.0,3.6135
48,Rest,94.39999999996508,0.0,3.6136
48,Rest,94.5,0.0,3.6136
48,Rest,94.59999999997672,0.0,3.6137
48,Rest,94.69999999995343,0.0,3.6137
48,Rest,94.79999999998836,0.0,3.6138
48,Rest,94.89999999996508,0.0,3.6138
48,Rest,95.0,0.0,3.6138
48,Rest,95.09999999997672,0.0,3.6139
48,Rest,95.19999999995343,0.0,3.614
48,Rest,95.29999999998836,0.0,3.614
48,Rest,95.39999999996508,0.0,3.614
48,Rest,95.5,0.0,3.6141
48,Rest,95.59999999997672,0.0,3.6142
48,Rest,95.69999999995343,0.0,3.6142
48,Rest,95.79999999998836,0.0,3.6143
48,Rest,95.89999999996508,0.0,3.6143
48,Rest,96.0,0.0,3.6143
48,Rest,96.09999999997672,0.0,3.6144
48,Rest,96.19999999995343,0.0,3.6145
48,Rest,96.29999999998836,0.0,3.6145
48,Rest,96.39999999996508,0.0,3.6145
48,Rest,96.5,0.0,3.6146
48,Rest,96.59999999997672,0.0,3.6147
48,Rest,96.69999999995343,0.0,3.6147
48,Rest,96.79999999998836,0.0,3.6147
48,Rest,96.89999999996508,0.0,3.6148
48,Rest,97.0,0.0,3.6148
48,Rest,97.09999999997672,0.0,3.6149
48,Rest,97.19999999995343,0.0,3.6149
48,Rest,97.29999999998836,0.0,3.615
48,Rest,97.39999999996508,0.0,3.615
48,Rest,97.5,0.0,3.615
48,Rest,97.59999999997672,0.0,3.6151
48,Rest,97.69999999995343,0.0,3.6151
48,Rest,97.79999999998836,0.0,3.6152
48,Rest,97.89999999996508,0.0,3.6152
48,Rest,98.0,0.0,3.6152
48,Rest,98.09999999997672,0.0,3.6153
48,Rest,98.19999999995343,0.0,3.6153
48,Rest,98.29999999998836,0.0,3.6154
48,Rest,98.39999999996508,0.0,3.6154
48,Rest,98.5,0.0,3.6155
48,Rest,98.59999999997672,0.0,3.6155
48,Rest,98.69999999995343,0.0,3.6156
48,Rest,98.79999999998836,0.0,3.6156
48,Rest,98.89999999996508,0.0,3.6156
48,Rest,99.0,0.0,3.6157
48,Rest,99.09999999997672,0.0,3.6157
48,Rest,99.19999999995343,0.0,3.6158
48,Rest,99.29999999998836,0.0,3.6158
48,Rest,99.39999999996508,0.0,3.6159
48,Rest,99.5,0.0,3.6159
48,Rest,99.59999999997672,0.0,3.6159
48,Rest,99.69999999995343,0.0,3.616
48,Rest,99.79999999998836,0.0,3.616
48,Rest,99.89999999996508,0.0,3.616
48,Rest,100.0,0.0,3.616
48,Rest,100.09999999997672,0.0,3.6161
48,Rest,100.19999999995343,0.0,3.6161
48,Rest,100.29999999998836,0.0,3.6162
48,Rest,100.39999999996508,0.0,3.6163
48,Rest,100.5,0.0,3.6163
48,Rest,100.59999999997672,0.0,3.6163
48,Rest,100.69999999995343,0.0,3.6164
48,Rest,100.79999999998836,0.0,3.6164
48,Rest,100.89999999996508,0.0,3.6164
48,Rest,101.0,0.0,3.6165
48,Rest,101.09999999997672,0.0,3.6165
48,Rest,101.19999999995343,0.0,3.6165
48,Rest,101.29999999998836,0.0,3.6166
48,Rest,101.39999999996508,0.0,3.6167
48,Rest,101.5,0.0,3.6167
48,Rest,101.59999999997672,0.0,3.6167
48,Rest,101.69999999995343,0.0,3.6168
48,Rest,101.79999999998836,0.0,3.6168
48,Rest,101.89999999996508,0.0,3.6169
48,Rest,102.0,0.0,3.6169
48,Rest,102.09999999997672,0.0,3.617
48,Rest,102.19999999995343,0.0,3.617
48,Rest,102.29999999998836,0.0,3.617
48,Rest,102.39999999996508,0.0,3.617
48,Rest,102.5,0.0,3.6171
48,Rest,102.59999999997672,0.0,3.6171
48,Rest,102.69999999995343,0.0,3.6171
48,Rest,102.79999999998836,0.0,3.6172
48,Rest,102.89999999996508,0.0,3.6172
48,Rest,103.0,0.0,3.6173
48,Rest,103.09999999997672,0.0,3.6173
48,Rest,103.19999999995343,0.0,3.6173
48,Rest,103.29999999998836,0.0,3.6174
48,Rest,103.39999999996508,0.0,3.6174
48,Rest,103.5,0.0,3.6175
48,Rest,103.59999999997672,0.0,3.6175
48,Rest,103.69999999995343,0.0,3.6175
48,Rest,103.79999999998836,0.0,3.6175
48,Rest,103.89999999996508,0.0,3.6175
48,Rest,104.0,0.0,3.6176
48,Rest,104.09999999997672,0.0,3.6176
48,Rest,104.19999999995343,0.0,3.6177
48,Rest,104.29999999998836,0.0,3.6177
48,Rest,104.39999999996508,0.0,3.6177
48,Rest,104.5,0.0,3.6178
48,Rest,104.59999999997672,0.0,3.6178
48,Rest,104.69999999995343,0.0,3.6179
48,Rest,104.79999999998836,0.0,3.6179
48,Rest,104.89999999996508,0.0,3.6179
48,Rest,105.0,0.0,3.618
48,Rest,105.09999999997672,0.0,3.618
48,Rest,105.19999999995343,0.0,3.618
48,Rest,105.29999999998836,0.0,3.6181
48,Rest,105.39999999996508,0.0,3.6181
48,Rest,105.5,0.0,3.6182
48,Rest,105.59999999997672,0.0,3.6182
48,Rest,105.69999999995343,0.0,3.6182
48,Rest,105.79999999998836,0.0,3.6183
48,Rest,105.89999999996508,0.0,3.6183
48,Rest,106.0,0.0,3.6183
48,Rest,106.09999999997672,0.0,3.6184
48,Rest,106.19999999995343,0.0,3.6184
48,Rest,106.29999999998836,0.0,3.6185
48,Rest,106.39999999996508,0.0,3.6185
48,Rest,106.5,0.0,3.6185
48,Rest,106.59999999997672,0.0,3.6185
48,Rest,106.69999999995343,0.0,3.6186
48,Rest,106.79999999998836,0.0,3.6186
48,Rest,106.89999999996508,0.0,3.6186
48,Rest,107.0,0.0,3.6187
48,Rest,107.09999999997672,0.0,3.6187
48,Rest,107.19999999995343,0.0,3.6188
48,Rest,107.29999999998836,0.0,3.6188
48,Rest,107.39999999996508,0.0,3.6188
48,Rest,107.5,0.0,3.6188
48,Rest,107.59999999997672,0.0,3.6189
48,Rest,107.69999999995343,0.0,3.6189
48,Rest,107.79999999998836,0.0,3.6189
48,Rest,107.89999999996508,0.0,3.6189
48,Rest,108.0,0.0,3.619
48,Rest,108.09999999997672,0.0,3.619
48,Rest,108.19999999995343,0.0,3.619
48,Rest,108.29999999998836,0.0,3.6191
48,Rest,108.39999999996508,0.0,3.6191
48,Rest,108.5,0.0,3.6191
48,Rest,108.59999999997672,0.0,3.6192
48,Rest,108.69999999995343,0.0,3.6192
48,Rest,108.79999999998836,0.0,3.6192
48,Rest,108.89999999996508,0.0,3.6192
48,Rest,109.0,0.0,3.6193
48,Rest,109.09999999997672,0.0,3.6193
48,Rest,109.19999999995343,0.0,3.6193
48,Rest,109.29999999998836,0.0,3.6194
48,Rest,109.39999999996508,0.0,3.6194
48,Rest,109.5,0.0,3.6195
48,Rest,109.59999999997672,0.0,3.6195
48,Rest,109.69999999995343,0.0,3.6195
48,Rest,109.79999999998836,0.0,3.6196
48,Rest,109.89999999996508,0.0,3.6196
48,Rest,110.0,0.0,3.6195
48,Rest,110.09999999997672,0.0,3.6196
48,Rest,110.19999999995343,0.0,3.6196
48,Rest,110.29999999998836,0.0,3.6197
48,Rest,110.39999999996508,0.0,3.6198
48,Rest,110.5,0.0,3.6198
48,Rest,110.59999999997672,0.0,3.6198
48,Rest,110.69999999995343,0.0,3.6198
48,Rest,110.79999999998836,0.0,3.6198
48,Rest,110.89999999996508,0.0,3.6199
48,Rest,111.0,0.0,3.6199
48,Rest,111.09999999997672,0.0,3.6199
48,Rest,111.19999999995343,0.0,3.6199
48,Rest,111.29999999998836,0.0,3.62
48,Rest,111.39999999996508,0.0,3.62
48,Rest,111.5,0.0,3.62
48,Rest,111.59999999997672,0.0,3.62
48,Rest,111.69999999995343,0.0,3.6201
48,Rest,111.79999999998836,0.0,3.6201
48,Rest,111.89999999996508,0.0,3.6201
48,Rest,112.0,0.0,3.6202
48,Rest,112.09999999997672,0.0,3.6202
48,Rest,112.19999999995343,0.0,3.6202
48,Rest,112.29999999998836,0.0,3.6203
48,Rest,112.39999999996508,0.0,3.6203
48,Rest,112.5,0.0,3.6203
48,Rest,112.59999999997672,0.0,3.6203
48,Rest,112.69999999995343,0.0,3.6204
48,Rest,112.79999999998836,0.0,3.6204
48,Rest,112.89999999996508,0.0,3.6204
48,Rest,113.0,0.0,3.6204
48,Rest,113.09999999997672,0.0,3.6205
48,Rest,113.19999999995343,0.0,3.6205
48,Rest,113.29999999998836,0.0,3.6205
48,Rest,113.39999999996508,0.0,3.6205
48,Rest,113.5,0.0,3.6206
48,Rest,113.59999999997672,0.0,3.6206
48,Rest,113.69999999995343,0.0,3.6206
48,Rest,113.79999999998836,0.0,3.6206
48,Rest,113.89999999996508,0.0,3.6207
48,Rest,114.0,0.0,3.6207
48,Rest,114.09999999997672,0.0,3.6207
48,Rest,114.19999999995343,0.0,3.6207
48,Rest,114.29999999998836,0.0,3.6208
48,Rest,114.39999999996508,0.0,3.6208
48,Rest,114.5,0.0,3.6208
48,Rest,114.59999999997672,0.0,3.6209
48,Rest,114.69999999995343,0.0,3.6209
48,Rest,114.79999999998836,0.0,3.6209
48,Rest,114.89999999996508,0.0,3.6209
48,Rest,115.0,0.0,3.621
48,Rest,115.09999999997672,0.0,3.621
48,Rest,115.19999999995343,0.0,3.621
48,Rest,115.29999999998836,0.0,3.6211
48,Rest,115.39999999996508,0.0,3.6211
48,Rest,115.5,0.0,3.6211
48,Rest,115.59999999997672,0.0,3.6211
48,Rest,115.69999999995343,0.0,3.6212
48,Rest,115.79999999998836,0.0,3.6212
48,Rest,115.89999999996508,0.0,3.6212
48,Rest,116.0,0.0,3.6212
48,Rest,116.09999999997672,0.0,3.6213
48,Rest,116.19999999995343,0.0,3.6213
48,Rest,116.29999999998836,0.0,3.6214
48,Rest,116.39999999996508,0.0,3.6214
48,Rest,116.5,0.0,3.6213
48,Rest,116.59999999997672,0.0,3.6214
48,Rest,116.69999999995343,0.0,3.6214
48,Rest,116.79999999998836,0.0,3.6214
48,Rest,116.89999999996508,0.0,3.6214
48,Rest,117.0,0.0,3.6215
48,Rest,117.09999999997672,0.0,3.6215
48,Rest,117.19999999995343,0.0,3.6215
48,Rest,117.29999999998836,0.0,3.6215
48,Rest,117.39999999996508,0.0,3.6216
48,Rest,117.5,0.0,3.6216
48,Rest,117.59999999997672,0.0,3.6216
48,Rest,117.69999999995343,0.0,3.6217
48,Rest,117.79999999998836,0.0,3.6217
48,Rest,117.89999999996508,0.0,3.6217
48,Rest,118.0,0.0,3.6217
48,Rest,118.09999999997672,0.0,3.6217
48,Rest,118.19999999995343,0.0,3.6218
48,Rest,118.29999999998836,0.0,3.6218
48,Rest,118.39999999996508,0.0,3.6218
48,Rest,118.5,0.0,3.6219
48,Rest,118.59999999997672,0.0,3.6219
48,Rest,118.69999999995343,0.0,3.6219
48,Rest,118.79999999998836,0.0,3.6219
48,Rest,118.89999999996508,0.0,3.6219
48,Rest,119.0,0.0,3.6219
48,Rest,119.09999999997672,0.0,3.622
48,Rest,119.19999999995343,0.0,3.6221
48,Rest,119.29999999998836,0.0,3.6221
48,Rest,119.39999999996508,0.0,3.6221
48,Rest,119.5,0.0,3.6221
48,Rest,119.59999999997672,0.0,3.6221
48,Rest,119.69999999995343,0.0,3.6222
48,Rest,119.79999999998836,0.0,3.6222
48,Rest,119.89999999996508,0.0,3.6222
48,Rest,120.0,0.0,3.6222
48,Rest,120.09999999997672,0.0,3.6222
48,Rest,120.19999999995343,0.0,3.6222
48,Rest,120.29999999998836,0.0,3.6223
48,Rest,120.39999999996508,0.0,3.6223
48,Rest,120.5,0.0,3.6223
48,Rest,120.59999999997672,0.0,3.6223
48,Rest,120.69999999995343,0.0,3.6224
48,Rest,120.79999999998836,0.0,3.6223
48,Rest,120.89999999996508,0.0,3.6224
48,Rest,121.0,0.0,3.6224
48,Rest,121.09999999997672,0.0,3.6224
48,Rest,121.19999999995343,0.0,3.6224
48,Rest,121.29999999998836,0.0,3.6225
48,Rest,121.39999999996508,0.0,3.6225
48,Rest,121.5,0.0,3.6225
48,Rest,121.59999999997672,0.0,3.6226
48,Rest,121.69999999995343,0.0,3.6226
48,Rest,121.79999999998836,0.0,3.6226
48,Rest,121.89999999996508,0.0,3.6226
48,Rest,122.0,0.0,3.6226
48,Rest,122.09999999997672,0.0,3.6226
48,Rest,122.19999999995343,0.0,3.6227
48,Rest,122.29999999998836,0.0,3.6227
48,Rest,122.39999999996508,0.0,3.6227
48,Rest,122.5,0.0,3.6227
48,Rest,122.59999999997672,0.0,3.6228
48,Rest,122.69999999995343,0.0,3.6228
48,Rest,122.79999999998836,0.0,3.6228
48,Rest,122.89999999996508,0.0,3.6228
48,Rest,123.0,0.0,3.6228
48,Rest,123.09999999997672,0.0,3.6228
48,Rest,123.19999999995343,0.0,3.6229
48,Rest,123.29999999998836,0.0,3.6229
48,Rest,123.39999999996508,0.0,3.623
48,Rest,123.5,0.0,3.623
48,Rest,123.59999999997672,0.0,3.623
48,Rest,123.69999999995343,0.0,3.623
48,Rest,123.79999999998836,0.0,3.623
48,Rest,123.89999999996508,0.0,3.6231
48,Rest,124.0,0.0,3.6231
48,Rest,124.09999999997672,0.0,3.6231
48,Rest,124.19999999995343,0.0,3.6231
48,Rest,124.29999999998836,0.0,3.6231
48,Rest,124.39999999996508,0.0,3.6232
48,Rest,124.5,0.0,3.6232
48,Rest,124.59999999997672,0.0,3.6232
48,Rest,124.69999999995343,0.0,3.6232
48,Rest,124.79999999998836,0.0,3.6232
48,Rest,124.89999999996508,0.0,3.6233
48,Rest,125.0,0.0,3.6233
48,Rest,125.09999999997672,0.0,3.6233
48,Rest,125.19999999995343,0.0,3.6233
48,Rest,125.29999999998836,0.0,3.6233
48,Rest,125.39999999996508,0.0,3.6234
48,Rest,125.5,0.0,3.6234
48,Rest,125.59999999997672,0.0,3.6234
48,Rest,125.69999999995343,0.0,3.6234
48,Rest,125.79999999998836,0.0,3.6234
48,Rest,125.89999999996508,0.0,3.6234
48,Rest,126.0,0.0,3.6235
48,Rest,126.09999999997672,0.0,3.6235
48,Rest,126.19999999995343,0.0,3.6235
48,Rest,126.29999999998836,0.0,3.6235
48,Rest,126.39999999996508,0.0,3.6236
48,Rest,126.5,0.0,3.6236
48,Rest,126.59999999997672,0.0,3.6236
48,Rest,126.69999999995343,0.0,3.6236
48,Rest,126.79999999998836,0.0,3.6236
48,Rest,126.89999999996508,0.0,3.6237
48,Rest,127.0,0.0,3.6237
48,Rest,127.09999999997672,0.0,3.6237
48,Rest,127.19999999995343,0.0,3.6237
48,Rest,127.29999999998836,0.0,3.6237
48,Rest,127.39999999996508,0.0,3.6237
48,Rest,127.5,0.0,3.6237
48,Rest,127.59999999997672,0.0,3.6238
48,Rest,127.69999999995343,0.0,3.6238
48,Rest,127.79999999998836,0.0,3.6238
48,Rest,127.89999999996508,0.0,3.6239
48,Rest,128.0,0.0,3.6239
48,Rest,128.09999999997672,0.0,3.6239
48,Rest,128.19999999995343,0.0,3.6239
48,Rest,128.29999999998836,0.0,3.6239
48,Rest,128.39999999996508,0.0,3.624
48,Rest,128.5,0.0,3.624
48,Rest,128.59999999997672,0.0,3.624
48,Rest,128.69999999995343,0.0,3.624
48,Rest,128.79999999998836,0.0,3.624
48,Rest,128.89999999996508,0.0,3.624
48,Rest,129.0,0.0,3.6241
48,Rest,129.09999999997672,0.0,3.6241
48,Rest,129.19999999995343,0.0,3.6241
48,Rest,129.29999999998836,0.0,3.6241
48,Rest,129.39999999996508,0.0,3.6241
48,Rest,129.5,0.0,3.6241
48,Rest,129.59999999997672,0.0,3.6242
48,Rest,129.69999999995343,0.0,3.6242
48,Rest,129.79999999998836,0.0,3.6242
48,Rest,129.89999999996508,0.0,3.6242
48,Rest,130.0,0.0,3.6243
48,Rest,130.09999999997672,0.0,3.6243
48,Rest,130.19999999995343,0.0,3.6243
48,Rest,130.29999999998836,0.0,3.6243
48,Rest,130.39999999996508,0.0,3.6243
48,Rest,130.5,0.0,3.6243
48,Rest,130.59999999997672,0.0,3.6244
48,Rest,130.69999999995343,0.0,3.6244
48,Rest,130.79999999998836,0.0,3.6244
48,Rest,130.89999999996508,0.0,3.6244
48,Rest,131.0,0.0,3.6244
48,Rest,131.09999999997672,0.0,3.6244
48,Rest,131.19999999995343,0.0,3.6244
48,Rest,131.29999999998836,0.0,3.6244
48,Rest,131.39999999996508,0.0,3.6244
48,Rest,131.5,0.0,3.6245
48,Rest,131.59999999997672,0.0,3.6245
48,Rest,131.69999999995343,0.0,3.6245
48,Rest,131.79999999998836,0.0,3.6246
48,Rest,131.89999999996508,0.0,3.6246
48,Rest,132.0,0.0,3.6246
48,Rest,132.09999999997672,0.0,3.6246
48,Rest,132.19999999995343,0.0,3.6246
48,Rest,132.29999999998836,0.0,3.6246
48,Rest,132.39999999996508,0.0,3.6246
48,Rest,132.5,0.0,3.6247
48,Rest,132.59999999997672,0.0,3.6247
48,Rest,132.69999999995343,0.0,3.6247
48,Rest,132.79999999998836,0.0,3.6248
48,Rest,132.89999999996508,0.0,3.6248
48,Rest,133.0,0.0,3.6247
48,Rest,133.09999999997672,0.0,3.6248
48,Rest,133.19999999995343,0.0,3.6248
48,Rest,133.29999999998836,0.0,3.6248
48,Rest,133.39999999996508,0.0,3.6248
48,Rest,133.5,0.0,3.6249
48,Rest,133.59999999997672,0.0,3.6249
48,Rest,133.69999999995343,0.0,3.6249
48,Rest,133.79999999998836,0.0,3.6249
48,Rest,133.89999999996508,0.0,3.625
48,Rest,134.0,0.0,3.625
48,Rest,134.09999999997672,0.0,3.625
48,Rest,134.19999999995343,0.0,3.625
48,Rest,134.29999999998836,0.0,3.625
48,Rest,134.39999999996508,0.0,3.625
48,Rest,134.5,0.0,3.625
48,Rest,134.59999999997672,0.0,3.625
48,Rest,134.69999999995343,0.0,3.625
48,Rest,134.79999999998836,0.0,3.6251
48,Rest,134.89999999996508,0.0,3.625
48,Rest,135.0,0.0,3.6251
48,Rest,135.09999999997672,0.0,3.6251
48,Rest,135.19999999995343,0.0,3.6251
48,Rest,135.29999999998836,0.0,3.6252
48,Rest,135.39999999996508,0.0,3.6252
48,Rest,135.5,0.0,3.6252
48,Rest,135.59999999997672,0.0,3.6252
48,Rest,135.69999999995343,0.0,3.6252
48,Rest,135.79999999998836,0.0,3.6252
48,Rest,135.89999999996508,0.0,3.6252
48,Rest,136.0,0.0,3.6253
48,Rest,136.09999999997672,0.0,3.6253
48,Rest,136.19999999995343,0.0,3.6253
48,Rest,136.29999999998836,0.0,3.6253
48,Rest,136.39999999996508,0.0,3.6253
48,Rest,136.5,0.0,3.6253
48,Rest,136.59999999997672,0.0,3.6253
48,Rest,136.69999999995343,0.0,3.6254
48,Rest,136.79999999998836,0.0,3.6254
48,Rest,136.89999999996508,0.0,3.6254
48,Rest,137.0,0.0,3.6254
48,Rest,137.09999999997672,0.0,3.6254
48,Rest,137.19999999995343,0.0,3.6254
48,Rest,137.29999999998836,0.0,3.6255
48,Rest,137.39999999996508,0.0,3.6255
48,Rest,137.5,0.0,3.6255
48,Rest,137.59999999997672,0.0,3.6255
48,Rest,137.69999999995343,0.0,3.6255
48,Rest,137.79999999998836,0.0,3.6256
48,Rest,137.89999999996508,0.0,3.6256
48,Rest,138.0,0.0,3.6256
48,Rest,138.09999999997672,0.0,3.6256
48,Rest,138.19999999995343,0.0,3.6256
48,Rest,138.29999999998836,0.0,3.6256
48,Rest,138.39999999996508,0.0,3.6256
48,Rest,138.5,0.0,3.6256
48,Rest,138.59999999997672,0.0,3.6257
48,Rest,138.69999999995343,0.0,3.6257
48,Rest,138.79999999998836,0.0,3.6257
48,Rest,138.89999999996508,0.0,3.6257
48,Rest,139.0,0.0,3.6257
48,Rest,139.09999999997672,0.0,3.6257
48,Rest,139.19999999995343,0.0,3.6257
48,Rest,139.29999999998836,0.0,3.6257
48,Rest,139.39999999996508,0.0,3.6257
48,Rest,139.5,0.0,3.6258
48,Rest,139.59999999997672,0.0,3.6258
48,Rest,139.69999999995343,0.0,3.6258
48,Rest,139.79999999998836,0.0,3.6258
48,Rest,139.89999999996508,0.0,3.6258
48,Rest,140.0,0.0,3.6258
48,Rest,140.09999999997672,0.0,3.6258
48,Rest,140.19999999995343,0.0,3.6259
48,Rest,140.29999999998836,0.0,3.6259
48,Rest,140.39999999996508,0.0,3.6259
48,Rest,140.5,0.0,3.6259
48,Rest,140.59999999997672,0.0,3.6259
48,Rest,140.69999999995343,0.0,3.626
48,Rest,140.79999999998836,0.0,3.626
48,Rest,140.89999999996508,0.0,3.626
48,Rest,141.0,0.0,3.626
48,Rest,141.09999999997672,0.0,3.626
48,Rest,141.19999999995343,0.0,3.626
48,Rest,141.29999999998836,0.0,3.626
48,Rest,141.39999999996508,0.0,3.626
48,Rest,141.5,0.0,3.6261
48,Rest,141.59999999997672,0.0,3.626
48,Rest,141.69999999995343,0.0,3.626
48,Rest,141.79999999998836,0.0,3.626
48,Rest,141.89999999996508,0.0,3.6261
48,Rest,142.0,0.0,3.6261
48,Rest,142.09999999997672,0.0,3.6261
48,Rest,142.19999999995343,0.0,3.6261
48,Rest,142.29999999998836,0.0,3.6262
48,Rest,142.39999999996508,0.0,3.6262
48,Rest,142.5,0.0,3.6262
48,Rest,142.59999999997672,0.0,3.6262
48,Rest,142.69999999995343,0.0,3.6262
48,Rest,142.79999999998836,0.0,3.6262
48,Rest,142.89999999996508,0.0,3.6262
48,Rest,143.0,0.0,3.6262
48,Rest,143.09999999997672,0.0,3.6262
48,Rest,143.19999999995343,0.0,3.6263
48,Rest,143.29999999998836,0.0,3.6263
48,Rest,143.39999999996508,0.0,3.6263
48,Rest,143.5,0.0,3.6263
48,Rest,143.59999999997672,0.0,3.6263
48,Rest,143.69999999995343,0.0,3.6263
48,Rest,143.79999999998836,0.0,3.6263
48,Rest,143.89999999996508,0.0,3.6264
48,Rest,144.0,0.0,3.6264
48,Rest,144.09999999997672,0.0,3.6263
48,Rest,144.19999999995343,0.0,3.6264
48,Rest,144.29999999998836,0.0,3.6264
48,Rest,144.39999999996508,0.0,3.6265
48,Rest,144.5,0.0,3.6265
48,Rest,144.59999999997672,0.0,3.6265
48,Rest,144.69999999995343,0.0,3.6265
48,Rest,144.79999999998836,0.0,3.6265
48,Rest,144.89999999996508,0.0,3.6265
48,Rest,145.0,0.0,3.6265
48,Rest,145.09999999997672,0.0,3.6266
48,Rest,145.19999999995343,0.0,3.6266
48,Rest,145.29999999998836,0.0,3.6265
48,Rest,145.39999999996508,0.0,3.6265
48,Rest,145.5,0.0,3.6265
48,Rest,145.59999999997672,0.0,3.6266
48,Rest,145.69999999995343,0.0,3.6266
48,Rest,145.79999999998836,0.0,3.6266
48,Rest,145.89999999996508,0.0,3.6266
48,Rest,146.0,0.0,3.6266
48,Rest,146.09999999997672,0.0,3.6267
48,Rest,146.19999999995343,0.0,3.6267
48,Rest,146.29999999998836,0.0,3.6267
48,Rest,146.39999999996508,0.0,3.6267
48,Rest,146.5,0.0,3.6267
48,Rest,146.59999999997672,0.0,3.6267
48,Rest,146.69999999995343,0.0,3.6268
48,Rest,146.79999999998836,0.0,3.6268
48,Rest,146.89999999996508,0.0,3.6268
48,Rest,147.0,0.0,3.6267
48,Rest,147.09999999997672,0.0,3.6268
48,Rest,147.19999999995343,0.0,3.6268
48,Rest,147.29999999998836,0.0,3.6268
48,Rest,147.39999999996508,0.0,3.6268
48,Rest,147.5,0.0,3.6268
48,Rest,147.59999999997672,0.0,3.6268
48,Rest,147.69999999995343,0.0,3.6269
48,Rest,147.79999999998836,0.0,3.6268
48,Rest,147.89999999996508,0.0,3.6269
48,Rest,148.0,0.0,3.6269
48,Rest,148.09999999997672,0.0,3.6269
48,Rest,148.19999999995343,0.0,3.6269
48,Rest,148.29999999998836,0.0,3.6269
48,Rest,148.39999999996508,0.0,3.627
48,Rest,148.5,0.0,3.627
48,Rest,148.59999999997672,0.0,3.6269
48,Rest,148.69999999995343,0.0,3.6269
48,Rest,148.79999999998836,0.0,3.627
48,Rest,148.89999999996508,0.0,3.627
48,Rest,149.0,0.0,3.627
48,Rest,149.09999999997672,0.0,3.627
48,Rest,149.19999999995343,0.0,3.627
48,Rest,149.29999999998836,0.0,3.627
48,Rest,149.39999999996508,0.0,3.6271
48,Rest,149.5,0.0,3.6271
48,Rest,149.59999999997672,0.0,3.6271
48,Rest,149.69999999995343,0.0,3.6271
48,Rest,149.79999999998836,0.0,3.6271
48,Rest,149.89999999996508,0.0,3.6271
48,Rest,150.0,0.0,3.6271
48,Rest,150.09999999997672,0.0,3.6271
48,Rest,150.19999999995343,0.0,3.6271
48,Rest,150.29999999998836,0.0,3.6271
48,Rest,150.39999999996508,0.0,3.6272
48,Rest,150.5,0.0,3.6272
48,Rest,150.59999999997672,0.0,3.6272
48,Rest,150.69999999995343,0.0,3.6272
48,Rest,150.79999999998836,0.0,3.6272
48,Rest,150.89999999996508,0.0,3.6272
48,Rest,151.0,0.0,3.6273
48,Rest,151.09999999997672,0.0,3.6273
48,Rest,151.19999999995343,0.0,3.6273
48,Rest,151.29999999998836,0.0,3.6273
48,Rest,151.39999999996508,0.0,3.6273
48,Rest,151.5,0.0,3.6273
48,Rest,151.59999999997672,0.0,3.6273
48,Rest,151.69999999995343,0.0,3.6274
48,Rest,151.79999999998836,0.0,3.6274
48,Rest,151.89999999996508,0.0,3.6274
48,Rest,152.0,0.0,3.6274
48,Rest,152.09999999997672,0.0,3.6274
48,Rest,152.19999999995343,0.0,3.6274
48,Rest,152.29999999998836,0.0,3.6274
48,Rest,152.39999999996508,0.0,3.6274
48,Rest,152.5,0.0,3.6274
48,Rest,152.59999999997672,0.0,3.6275
48,Rest,152.69999999995343,0.0,3.6274
48,Rest,152.79999999998836,0.0,3.6274
48,Rest,152.89999999996508,0.0,3.6275
48,Rest,153.0,0.0,3.6275
48,Rest,153.09999999997672,0.0,3.6275
48,Rest,153.19999999995343,0.0,3.6275
48,Rest,153.29999999998836,0.0,3.6275
48,Rest,153.39999999996508,0.0,3.6275
48,Rest,153.5,0.0,3.6275
48,Rest,153.59999999997672,0.0,3.6275
48,Rest,153.69999999995343,0.0,3.6275
48,Rest,153.79999999998836,0.0,3.6276
48,Rest,153.89999999996508,0.0,3.6276
48,Rest,154.0,0.0,3.6276
48,Rest,154.09999999997672,0.0,3.6276
48,Rest,154.19999999995343,0.0,3.6276
48,Rest,154.29999999998836,0.0,3.6276
48,Rest,154.39999999996508,0.0,3.6276
48,Rest,154.5,0.0,3.6276
48,Rest,154.59999999997672,0.0,3.6276
48,Rest,154.69999999995343,0.0,3.6276
48,Rest,154.79999999998836,0.0,3.6277
48,Rest,154.89999999996508,0.0,3.6277
48,Rest,155.0,0.0,3.6277
48,Rest,155.09999999997672,0.0,3.6277
48,Rest,155.19999999995343,0.0,3.6277
48,Rest,155.29999999998836,0.0,3.6278
48,Rest,155.39999999996508,0.0,3.6278
48,Rest,155.5,0.0,3.6278
48,Rest,155.59999999997672,0.0,3.6278
48,Rest,155.69999999995343,0.0,3.6278
48,Rest,155.79999999998836,0.0,3.6278
48,Rest,155.89999999996508,0.0,3.6278
48,Rest,156.0,0.0,3.6278
48,Rest,156.09999999997672,0.0,3.6278
48,Rest,156.19999999995343,0.0,3.6278
48,Rest,156.29999999998836,0.0,3.6279
48,Rest,156.39999999996508,0.0,3.6279
48,Rest,156.5,0.0,3.6279
48,Rest,156.59999999997672,0.0,3.6278
48,Rest,156.69999999995343,0.0,3.6279
48,Rest,156.79999999998836,0.0,3.6279
48,Rest,156.89999999996508,0.0,3.6279
48,Rest,157.0,0.0,3.6279
48,Rest,157.09999999997672,0.0,3.6279
48,Rest,157.19999999995343,0.0,3.6279
48,Rest,157.29999999998836,0.0,3.6279
48,Rest,157.39999999996508,0.0,3.628
48,Rest,157.5,0.0,3.628
48,Rest,157.59999999997672,0.0,3.628
48,Rest,157.69999999995343,0.0,3.628
48,Rest,157.79999999998836,0.0,3.628
48,Rest,157.89999999996508,0.0,3.628
48,Rest,158.0,0.0,3.628
48,Rest,158.09999999997672,0.0,3.628
48,Rest,158.19999999995343,0.0,3.628
48,Rest,158.29999999998836,0.0,3.628
48,Rest,158.39999999996508,0.0,3.628
48,Rest,158.5,0.0,3.6281
48,Rest,158.59999999997672,0.0,3.628
48,Rest,158.69999999995343,0.0,3.628
48,Rest,158.79999999998836,0.0,3.6281
48,Rest,158.89999999996508,0.0,3.6281
48,Rest,159.0,0.0,3.6281
48,Rest,159.09999999997672,0.0,3.6281
48,Rest,159.19999999995343,0.0,3.6281
48,Rest,159.29999999998836,0.0,3.6281
48,Rest,159.39999999996508,0.0,3.6281
48,Rest,159.5,0.0,3.6281
48,Rest,159.59999999997672,0.0,3.6282
48,Rest,159.69999999995343,0.0,3.6282
48,Rest,159.79999999998836,0.0,3.6282
48,Rest,159.89999999996508,0.0,3.6282
48,Rest,160.0,0.0,3.6282
48,Rest,160.09999999997672,0.0,3.6283
48,Rest,160.19999999995343,0.0,3.6283
48,Rest,160.29999999998836,0.0,3.6283
48,Rest,160.39999999996508,0.0,3.6283
48,Rest,160.5,0.0,3.6283
48,Rest,160.59999999997672,0.0,3.6283
48,Rest,160.69999999995343,0.0,3.6283
48,Rest,160.79999999998836,0.0,3.6283
48,Rest,160.89999999996508,0.0,3.6284
48,Rest,161.0,0.0,3.6284
48,Rest,161.09999999997672,0.0,3.6284
48,Rest,161.19999999995343,0.0,3.6284
48,Rest,161.29999999998836,0.0,3.6284
48,Rest,161.39999999996508,0.0,3.6284
48,Rest,161.5,0.0,3.6284
48,Rest,161.59999999997672,0.0,3.6284
48,Rest,161.69999999995343,0.0,3.6284
48,Rest,161.79999999998836,0.0,3.6284
48,Rest,161.89999999996508,0.0,3.6284
48,Rest,162.0,0.0,3.6284
48,Rest,162.09999999997672,0.0,3.6285
48,Rest,162.19999999995343,0.0,3.6285
48,Rest,162.29999999998836,0.0,3.6285
48,Rest,162.39999999996508,0.0,3.6285
48,Rest,162.5,0.0,3.6285
48,Rest,162.59999999997672,0.0,3.6285
48,Rest,162.69999999995343,0.0,3.6285
48,Rest,162.79999999998836,0.0,3.6285
48,Rest,162.89999999996508,0.0,3.6285
48,Rest,163.0,0.0,3.6285
48,Rest,163.09999999997672,0.0,3.6285
48,Rest,163.19999999995343,0.0,3.6285
48,Rest,163.29999999998836,0.0,3.6286
48,Rest,163.39999999996508,0.0,3.6286
48,Rest,163.5,0.0,3.6285
48,Rest,163.59999999997672,0.0,3.6286
48,Rest,163.69999999995343,0.0,3.6286
48,Rest,163.79999999998836,0.0,3.6286
48,Rest,163.89999999996508,0.0,3.6286
48,Rest,164.0,0.0,3.6286
48,Rest,164.09999999997672,0.0,3.6286
48,Rest,164.19999999995343,0.0,3.6286
48,Rest,164.29999999998836,0.0,3.6286
48,Rest,164.39999999996508,0.0,3.6287
48,Rest,164.5,0.0,3.6286
48,Rest,164.59999999997672,0.0,3.6287
48,Rest,164.69999999995343,0.0,3.6287
48,Rest,164.79999999998836,0.0,3.6286
48,Rest,164.89999999996508,0.0,3.6287
48,Rest,165.0,0.0,3.6287
48,Rest,165.09999999997672,0.0,3.6287
48,Rest,165.19999999995343,0.0,3.6287
48,Rest,165.29999999998836,0.0,3.6287
48,Rest,165.39999999996508,0.0,3.6288
48,Rest,165.5,0.0,3.6288
48,Rest,165.59999999997672,0.0,3.6288
48,Rest,165.69999999995343,0.0,3.6288
48,Rest,165.79999999998836,0.0,3.6288
48,Rest,165.89999999996508,0.0,3.6288
48,Rest,166.0,0.0,3.6288
48,Rest,166.09999999997672,0.0,3.6288
48,Rest,166.19999999995343,0.0,3.6289
48,Rest,166.29999999998836,0.0,3.6289
48,Rest,166.39999999996508,0.0,3.6288
48,Rest,166.5,0.0,3.6289
48,Rest,166.59999999997672,0.0,3.6289
48,Rest,166.69999999995343,0.0,3.6289
48,Rest,166.79999999998836,0.0,3.6289
48,Rest,166.89999999996508,0.0,3.6289
48,Rest,167.0,0.0,3.6289
48,Rest,167.09999999997672,0.0,3.6289
48,Rest,167.19999999995343,0.0,3.6289
48,Rest,167.29999999998836,0.0,3.6289
48,Rest,167.39999999996508,0.0,3.6289
48,Rest,167.5,0.0,3.6289
48,Rest,167.59999999997672,0.0,3.629
48,Rest,167.69999999995343,0.0,3.629
48,Rest,167.79999999998836,0.0,3.629
48,Rest,167.89999999996508,0.0,3.629
48,Rest,168.0,0.0,3.629
48,Rest,168.09999999997672,0.0,3.629
48,Rest,168.19999999995343,0.0,3.629
48,Rest,168.29999999998836,0.0,3.629
48,Rest,168.39999999996508,0.0,3.6291
48,Rest,168.5,0.0,3.629
48,Rest,168.59999999997672,0.0,3.629
48,Rest,168.69999999995343,0.0,3.629
48,Rest,168.79999999998836,0.0,3.629
48,Rest,168.89999999996508,0.0,3.6291
48,Rest,169.0,0.0,3.6291
48,Rest,169.09999999997672,0.0,3.6291
48,Rest,169.19999999995343,0.0,3.6291
48,Rest,169.29999999998836,0.0,3.6291
48,Rest,169.39999999996508,0.0,3.6291
48,Rest,169.5,0.0,3.6291
48,Rest,169.59999999997672,0.0,3.6291
48,Rest,169.69999999995343,0.0,3.6291
48,Rest,169.79999999998836,0.0,3.6291
48,Rest,169.89999999996508,0.0,3.6292
48,Rest,170.0,0.0,3.6292
48,Rest,170.09999999997672,0.0,3.6292
48,Rest,170.19999999995343,0.0,3.6292
48,Rest,170.29999999998836,0.0,3.6292
48,Rest,170.39999999996508,0.0,3.6292
48,Rest,170.5,0.0,3.6292
48,Rest,170.59999999997672,0.0,3.6292
48,Rest,170.69999999995343,0.0,3.6293
48,Rest,170.79999999998836,0.0,3.6293
48,Rest,170.89999999996508,0.0,3.6293
48,Rest,171.0,0.0,3.6293
48,Rest,171.09999999997672,0.0,3.6293
48,Rest,171.19999999995343,0.0,3.6293
48,Rest,171.29999999998836,0.0,3.6293
48,Rest,171.39999999996508,0.0,3.6293
48,Rest,171.5,0.0,3.6293
48,Rest,171.59999999997672,0.0,3.6293
48,Rest,171.69999999995343,0.0,3.6293
48,Rest,171.79999999998836,0.0,3.6293
48,Rest,171.89999999996508,0.0,3.6293
48,Rest,172.0,0.0,3.6293
48,Rest,172.09999999997672,0.0,3.6293
48,Rest,172.19999999995343,0.0,3.6294
48,Rest,172.29999999998836,0.0,3.6294
48,Rest,172.39999999996508,0.0,3.6294
48,Rest,172.5,0.0,3.6294
48,Rest,172.59999999997672,0.0,3.6294
48,Rest,172.69999999995343,0.0,3.6294
48,Rest,172.79999999998836,0.0,3.6294
48,Rest,172.89999999996508,0.0,3.6294
48,Rest,173.0,0.0,3.6294
48,Rest,173.09999999997672,0.0,3.6294
48,Rest,173.19999999995343,0.0,3.6294
48,Rest,173.29999999998836,0.0,3.6294
48,Rest,173.39999999996508,0.0,3.6294
48,Rest,173.5,0.0,3.6295
48,Rest,173.59999999997672,0.0,3.6295
48,Rest,173.69999999995343,0.0,3.6295
48,Rest,173.79999999998836,0.0,3.6295
48,Rest,173.89999999996508,0.0,3.6295
48,Rest,174.0,0.0,3.6295
48,Rest,174.09999999997672,0.0,3.6295
48,Rest,174.19999999995343,0.0,3.6295
48,Rest,174.29999999998836,0.0,3.6295
48,Rest,174.39999999996508,0.0,3.6295
48,Rest,174.5,0.0,3.6295
48,Rest,174.59999999997672,0.0,3.6295
48,Rest,174.69999999995343,0.0,3.6295
48,Rest,174.79999999998836,0.0,3.6295
48,Rest,174.89999999996508,0.0,3.6295
48,Rest,175.0,0.0,3.6296
48,Rest,175.09999999997672,0.0,3.6296
48,Rest,175.19999999995343,0.0,3.6296
48,Rest,175.29999999998836,0.0,3.6296
48,Rest,175.39999999996508,0.0,3.6296
48,Rest,175.5,0.0,3.6296
48,Rest,175.59999999997672,0.0,3.6296
48,Rest,175.69999999995343,0.0,3.6296
48,Rest,175.79999999998836,0.0,3.6296
48,Rest,175.89999999996508,0.0,3.6296
48,Rest,176.0,0.0,3.6296
48,Rest,176.09999999997672,0.0,3.6296
48,Rest,176.19999999995343,0.0,3.6296
48,Rest,176.29999999998836,0.0,3.6296
48,Rest,176.39999999996508,0.0,3.6297
48,Rest,176.5,0.0,3.6297
48,Rest,176.59999999997672,0.0,3.6297
48,Rest,176.69999999995343,0.0,3.6297
48,Rest,176.79999999998836,0.0,3.6297
48,Rest,176.89999999996508,0.0,3.6297
48,Rest,177.0,0.0,3.6297
48,Rest,177.09999999997672,0.0,3.6297
48,Rest,177.19999999995343,0.0,3.6298
48,Rest,177.29999999998836,0.0,3.6298
48,Rest,177.39999999996508,0.0,3.6297
48,Rest,177.5,0.0,3.6297
48,Rest,177.59999999997672,0.0,3.6298
48,Rest,177.69999999995343,0.0,3.6298
48,Rest,177.79999999998836,0.0,3.6298
48,Rest,177.89999999996508,0.0,3.6298
48,Rest,178.0,0.0,3.6298
48,Rest,178.09999999997672,0.0,3.6298
48,Rest,178.19999999995343,0.0,3.6299
48,Rest,178.29999999998836,0.0,3.6299
48,Rest,178.39999999996508,0.0,3.6299
48,Rest,178.5,0.0,3.6298
48,Rest,178.59999999997672,0.0,3.6299
48,Rest,178.69999999995343,0.0,3.6299
48,Rest,178.79999999998836,0.0,3.6299
48,Rest,178.89999999996508,0.0,3.6299
48,Rest,179.0,0.0,3.6299
48,Rest,179.09999999997672,0.0,3.6299
48,Rest,179.19999999995343,0.0,3.6299
48,Rest,179.29999999998836,0.0,3.6299
48,Rest,179.39999999996508,0.0,3.6299
48,Rest,179.5,0.0,3.6299
48,Rest,179.59999999997672,0.0,3.63
48,Rest,179.69999999995343,0.0,3.63
48,Rest,179.79999999998836,0.0,3.63
48,Rest,179.89999999996508,0.0,3.63
48,Rest,180.0,0.0,3.63
48,Rest,180.09999999997672,0.0,3.63
48,Rest,180.19999999995343,0.0,3.63
48,Rest,180.29999999998836,0.0,3.63
48,Rest,180.39999999996508,0.0,3.63
48,Rest,180.5,0.0,3.63
48,Rest,180.59999999997672,0.0,3.63
48,Rest,180.69999999995343,0.0,3.63
48,Rest,180.79999999998836,0.0,3.63
48,Rest,180.89999999996508,0.0,3.63
48,Rest,181.0,0.0,3.63
48,Rest,181.09999999997672,0.0,3.63
48,Rest,181.19999999995343,0.0,3.63
48,Rest,181.29999999998836,0.0,3.63
48,Rest,181.39999999996508,0.0,3.63
48,Rest,181.5,0.0,3.63
48,Rest,181.59999999997672,0.0,3.63
48,Rest,181.69999999995343,0.0,3.63
48,Rest,181.79999999998836,0.0,3.6301
48,Rest,181.89999999996508,0.0,3.6301
48,Rest,182.0,0.0,3.6301
48,Rest,182.09999999997672,0.0,3.6301
48,Rest,182.19999999995343,0.0,3.6301
48,Rest,182.29999999998836,0.0,3.6301
48,Rest,182.39999999996508,0.0,3.6301
48,Rest,182.5,0.0,3.6301
48,Rest,182.59999999997672,0.0,3.6302
48,Rest,182.69999999995343,0.0,3.6302
48,Rest,182.79999999998836,0.0,3.6302
48,Rest,182.89999999996508,0.0,3.6302
48,Rest,183.0,0.0,3.6302
48,Rest,183.09999999997672,0.0,3.6302
48,Rest,183.19999999995343,0.0,3.6302
48,Rest,183.29999999998836,0.0,3.6302
48,Rest,183.39999999996508,0.0,3.6302
48,Rest,183.5,0.0,3.6302
48,Rest,183.59999999997672,0.0,3.6302
48,Rest,183.69999999995343,0.0,3.6302
48,Rest,183.79999999998836,0.0,3.6302
48,Rest,183.89999999996508,0.0,3.6302
48,Rest,184.0,0.0,3.6302
48,Rest,184.09999999997672,0.0,3.6302
48,Rest,184.19999999995343,0.0,3.6302
48,Rest,184.29999999998836,0.0,3.6303
48,Rest,184.39999999996508,0.0,3.6303
48,Rest,184.5,0.0,3.6303
48,Rest,184.59999999997672,0.0,3.6303
48,Rest,184.69999999995343,0.0,3.6303
48,Rest,184.79999999998836,0.0,3.6303
48,Rest,184.89999999996508,0.0,3.6303
48,Rest,185.0,0.0,3.6303
48,Rest,185.09999999997672,0.0,3.6303
48,Rest,185.19999999995343,0.0,3.6303
48,Rest,185.29999999998836,0.0,3.6303
48,Rest,185.39999999996508,0.0,3.6303
48,Rest,185.5,0.0,3.6304
48,Rest,185.59999999997672,0.0,3.6304
48,Rest,185.69999999995343,0.0,3.6304
48,Rest,185.79999999998836,0.0,3.6304
48,Rest,185.89999999996508,0.0,3.6304
48,Rest,186.0,0.0,3.6303
48,Rest,186.09999999997672,0.0,3.6304
48,Rest,186.19999999995343,0.0,3.6304
48,Rest,186.29999999998836,0.0,3.6304
48,Rest,186.39999999996508,0.0,3.6304
48,Rest,186.5,0.0,3.6304
48,Rest,186.59999999997672,0.0,3.6304
48,Rest,186.69999999995343,0.0,3.6304
48,Rest,186.79999999998836,0.0,3.6304
48,Rest,186.89999999996508,0.0,3.6304
48,Rest,187.0,0.0,3.6305
48,Rest,187.09999999997672,0.0,3.6305
48,Rest,187.19999999995343,0.0,3.6305
48,Rest,187.29999999998836,0.0,3.6305
48,Rest,187.39999999996508,0.0,3.6305
48,Rest,187.5,0.0,3.6305
48,Rest,187.59999999997672,0.0,3.6305
48,Rest,187.69999999995343,0.0,3.6305
48,Rest,187.79999999998836,0.0,3.6305
48,Rest,187.89999999996508,0.0,3.6305
48,Rest,188.0,0.0,3.6305
48,Rest,188.09999999997672,0.0,3.6305
48,Rest,188.19999999995343,0.0,3.6305
48,Rest,188.29999999998836,0.0,3.6305
48,Rest,188.39999999996508,0.0,3.6305
48,Rest,188.5,0.0,3.6305
48,Rest,188.59999999997672,0.0,3.6305
48,Rest,188.69999999995343,0.0,3.6305
48,Rest,188.79999999998836,0.0,3.6306
48,Rest,188.89999999996508,0.0,3.6306
48,Rest,189.0,0.0,3.6306
48,Rest,189.09999999997672,0.0,3.6306
48,Rest,189.19999999995343,0.0,3.6306
48,Rest,189.29999999998836,0.0,3.6306
48,Rest,189.39999999996508,0.0,3.6306
48,Rest,189.5,0.0,3.6306
48,Rest,189.59999999997672,0.0,3.6306
48,Rest,189.69999999995343,0.0,3.6306
48,Rest,189.79999999998836,0.0,3.6306
48,Rest,189.89999999996508,0.0,3.6306
48,Rest,190.0,0.0,3.6306
48,Rest,190.09999999997672,0.0,3.6306
48,Rest,190.19999999995343,0.0,3.6306
48,Rest,190.29999999998836,0.0,3.6306
48,Rest,190.39999999996508,0.0,3.6306
48,Rest,190.5,0.0,3.6307
48,Rest,190.59999999997672,0.0,3.6307
48,Rest,190.69999999995343,0.0,3.6307
48,Rest,190.79999999998836,0.0,3.6307
48,Rest,190.89999999996508,0.0,3.6307
48,Rest,191.0,0.0,3.6307
48,Rest,191.09999999997672,0.0,3.6307
48,Rest,191.19999999995343,0.0,3.6307
48,Rest,191.29999999998836,0.0,3.6307
48,Rest,191.39999999996508,0.0,3.6307
48,Rest,191.5,0.0,3.6307
48,Rest,191.59999999997672,0.0,3.6307
48,Rest,191.69999999995343,0.0,3.6308
48,Rest,191.79999999998836,0.0,3.6308
48,Rest,191.89999999996508,0.0,3.6308
48,Rest,192.0,0.0,3.6308
48,Rest,192.09999999997672,0.0,3.6308
48,Rest,192.19999999995343,0.0,3.6308
48,Rest,192.29999999998836,0.0,3.6308
48,Rest,192.39999999996508,0.0,3.6308
48,Rest,192.5,0.0,3.6308
48,Rest,192.59999999997672,0.0,3.6308
48,Rest,192.69999999995343,0.0,3.6308
48,Rest,192.79999999998836,0.0,3.6308
48,Rest,192.89999999996508,0.0,3.6308
48,Rest,193.0,0.0,3.6309
48,Rest,193.09999999997672,0.0,3.6309
48,Rest,193.19999999995343,0.0,3.6309
48,Rest,193.29999999998836,0.0,3.6309
48,Rest,193.39999999996508,0.0,3.6309
48,Rest,193.5,0.0,3.6309
48,Rest,193.59999999997672,0.0,3.6309
48,Rest,193.69999999995343,0.0,3.6309
48,Rest,193.79999999998836,0.0,3.6309
48,Rest,193.89999999996508,0.0,3.6309
48,Rest,194.0,0.0,3.6309
48,Rest,194.09999999997672,0.0,3.6309
48,Rest,194.19999999995343,0.0,3.6309
48,Rest,194.29999999998836,0.0,3.6309
48,Rest,194.39999999996508,0.0,3.6309
48,Rest,194.5,0.0,3.6309
48,Rest,194.59999999997672,0.0,3.6309
48,Rest,194.69999999995343,0.0,3.6309
48,Rest,194.79999999998836,0.0,3.6309
48,Rest,194.89999999996508,0.0,3.6309
48,Rest,195.0,0.0,3.6309
48,Rest,195.09999999997672,0.0,3.631
48,Rest,195.19999999995343,0.0,3.631
48,Rest,195.29999999998836,0.0,3.631
48,Rest,195.39999999996508,0.0,3.631
48,Rest,195.5,0.0,3.631
48,Rest,195.59999999997672,0.0,3.631
48,Rest,195.69999999995343,0.0,3.631
48,Rest,195.79999999998836,0.0,3.631
48,Rest,195.89999999996508,0.0,3.631
48,Rest,196.0,0.0,3.631
48,Rest,196.09999999997672,0.0,3.631
48,Rest,196.19999999995343,0.0,3.631
48,Rest,196.29999999998836,0.0,3.631
48,Rest,196.39999999996508,0.0,3.6311
48,Rest,196.5,0.0,3.6311
48,Rest,196.59999999997672,0.0,3.6311
48,Rest,196.69999999995343,0.0,3.6311
48,Rest,196.79999999998836,0.0,3.6311
48,Rest,196.89999999996508,0.0,3.6311
48,Rest,197.0,0.0,3.6311
48,Rest,197.09999999997672,0.0,3.6311
48,Rest,197.19999999995343,0.0,3.6311
48,Rest,197.29999999998836,0.0,3.6311
48,Rest,197.39999999996508,0.0,3.6311
48,Rest,197.5,0.0,3.6311
48,Rest,197.59999999997672,0.0,3.6311
48,Rest,197.69999999995343,0.0,3.6311
48,Rest,197.79999999998836,0.0,3.6312
48,Rest,197.89999999996508,0.0,3.6312
48,Rest,198.0,0.0,3.6311
48,Rest,198.09999999997672,0.0,3.6312
48,Rest,198.19999999995343,0.0,3.6312
48,Rest,198.29999999998836,0.0,3.6312
48,Rest,198.39999999996508,0.0,3.6312
48,Rest,198.5,0.0,3.6312
48,Rest,198.59999999997672,0.0,3.6312
48,Rest,198.69999999995343,0.0,3.6312
48,Rest,198.79999999998836,0.0,3.6312
48,Rest,198.89999999996508,0.0,3.6312
48,Rest,199.0,0.0,3.6312
48,Rest,199.09999999997672,0.0,3.6312
48,Rest,199.19999999995343,0.0,3.6312
48,Rest,199.29999999998836,0.0,3.6312
48,Rest,199.39999999996508,0.0,3.6312
48,Rest,199.5,0.0,3.6313
48,Rest,199.59999999997672,0.0,3.6312
48,Rest,199.69999999995343,0.0,3.6312
48,Rest,199.79999999998836,0.0,3.6313
48,Rest,199.89999999996508,0.0,3.6313
48,Rest,200.0,0.0,3.6313
48,Rest,200.09999999997672,0.0,3.6312
48,Rest,200.19999999995343,0.0,3.6313
48,Rest,200.29999999998836,0.0,3.6313
48,Rest,200.39999999996508,0.0,3.6313
48,Rest,200.5,0.0,3.6313
48,Rest,200.59999999997672,0.0,3.6313
48,Rest,200.69999999995343,0.0,3.6313
48,Rest,200.79999999998836,0.0,3.6313
48,Rest,200.89999999996508,0.0,3.6313
48,Rest,201.0,0.0,3.6313
48,Rest,201.09999999997672,0.0,3.6314
48,Rest,201.19999999995343,0.0,3.6313
48,Rest,201.29999999998836,0.0,3.6313
48,Rest,201.39999999996508,0.0,3.6313
48,Rest,201.5,0.0,3.6313
48,Rest,201.59999999997672,0.0,3.6313
48,Rest,201.69999999995343,0.0,3.6313
48,Rest,201.79999999998836,0.0,3.6314
48,Rest,201.89999999996508,0.0,3.6314
48,Rest,202.0,0.0,3.6313
48,Rest,202.09999999997672,0.0,3.6314
48,Rest,202.19999999995343,0.0,3.6314
48,Rest,202.29999999998836,0.0,3.6314
48,Rest,202.39999999996508,0.0,3.6314
48,Rest,202.5,0.0,3.6314
48,Rest,202.59999999997672,0.0,3.6314
48,Rest,202.69999999995343,0.0,3.6314
48,Rest,202.79999999998836,0.0,3.6314
48,Rest,202.89999999996508,0.0,3.6314
48,Rest,203.0,0.0,3.6314
48,Rest,203.09999999997672,0.0,3.6314
48,Rest,203.19999999995343,0.0,3.6314
48,Rest,203.29999999998836,0.0,3.6314
48,Rest,203.39999999996508,0.0,3.6314
48,Rest,203.5,0.0,3.6315
48,Rest,203.59999999997672,0.0,3.6315
48,Rest,203.69999999995343,0.0,3.6314
48,Rest,203.79999999998836,0.0,3.6314
48,Rest,203.89999999996508,0.0,3.6315
48,Rest,204.0,0.0,3.6315
48,Rest,204.09999999997672,0.0,3.6315
48,Rest,204.19999999995343,0.0,3.6315
48,Rest,204.29999999998836,0.0,3.6315
48,Rest,204.39999999996508,0.0,3.6315
48,Rest,204.5,0.0,3.6315
48,Rest,204.59999999997672,0.0,3.6315
48,Rest,204.69999999995343,0.0,3.6315
48,Rest,204.79999999998836,0.0,3.6315
48,Rest,204.89999999996508,0.0,3.6315
48,Rest,205.0,0.0,3.6315
48,Rest,205.09999999997672,0.0,3.6315
48,Rest,205.19999999995343,0.0,3.6316
48,Rest,205.29999999998836,0.0,3.6316
48,Rest,205.39999999996508,0.0,3.6315
48,Rest,205.5,0.0,3.6316
48,Rest,205.59999999997672,0.0,3.6316
48,Rest,205.69999999995343,0.0,3.6316
48,Rest,205.79999999998836,0.0,3.6316
48,Rest,205.89999999996508,0.0,3.6316
48,Rest,206.0,0.0,3.6316
48,Rest,206.09999999997672,0.0,3.6316
48,Rest,206.19999999995343,0.0,3.6317
48,Rest,206.29999999998836,0.0,3.6316
48,Rest,206.39999999996508,0.0,3.6316
48,Rest,206.5,0.0,3.6316
48,Rest,206.59999999997672,0.0,3.6316
48,Rest,206.69999999995343,0.0,3.6316
48,Rest,206.79999999998836,0.0,3.6316
48,Rest,206.89999999996508,0.0,3.6317
48,Rest,207.0,0.0,3.6317
48,Rest,207.09999999997672,0.0,3.6317
48,Rest,207.19999999995343,0.0,3.6317
48,Rest,207.29999999998836,0.0,3.6317
48,Rest,207.39999999996508,0.0,3.6317
48,Rest,207.5,0.0,3.6317
48,Rest,207.59999999997672,0.0,3.6317
48,Rest,207.69999999995343,0.0,3.6317
48,Rest,207.79999999998836,0.0,3.6317
48,Rest,207.89999999996508,0.0,3.6317
48,Rest,208.0,0.0,3.6317
48,Rest,208.09999999997672,0.0,3.6317
48,Rest,208.19999999995343,0.0,3.6317
48,Rest,208.29999999998836,0.0,3.6317
48,Rest,208.39999999996508,0.0,3.6317
48,Rest,208.5,0.0,3.6317
48,Rest,208.59999999997672,0.0,3.6317
48,Rest,208.69999999995343,0.0,3.6317
48,Rest,208.79999999998836,0.0,3.6317
48,Rest,208.89999999996508,0.0,3.6317
48,Rest,209.0,0.0,3.6317
48,Rest,209.09999999997672,0.0,3.6318
48,Rest,209.19999999995343,0.0,3.6318
48,Rest,209.29999999998836,0.0,3.6318
48,Rest,209.39999999996508,0.0,3.6318
48,Rest,209.5,0.0,3.6318
48,Rest,209.59999999997672,0.0,3.6318
48,Rest,209.69999999995343,0.0,3.6318
48,Rest,209.79999999998836,0.0,3.6318
48,Rest,209.89999999996508,0.0,3.6318
48,Rest,210.0,0.0,3.6318
48,Rest,210.09999999997672,0.0,3.6318
48,Rest,210.19999999995343,0.0,3.6318
48,Rest,210.29999999998836,0.0,3.6318
48,Rest,210.39999999996508,0.0,3.6318
48,Rest,210.5,0.0,3.6318
48,Rest,210.59999999997672,0.0,3.6318
48,Rest,210.69999999995343,0.0,3.6318
48,Rest,210.79999999998836,0.0,3.6319
48,Rest,210.89999999996508,0.0,3.6319
48,Rest,211.0,0.0,3.6319
48,Rest,211.09999999997672,0.0,3.6319
48,Rest,211.19999999995343,0.0,3.6319
48,Rest,211.29999999998836,0.0,3.6319
48,Rest,211.39999999996508,0.0,3.6319
48,Rest,211.5,0.0,3.6319
48,Rest,211.59999999997672,0.0,3.6319
48,Rest,211.69999999995343,0.0,3.6319
48,Rest,211.79999999998836,0.0,3.6319
48,Rest,211.89999999996508,0.0,3.6319
48,Rest,212.0,0.0,3.6319
48,Rest,212.09999999997672,0.0,3.6319
48,Rest,212.19999999995343,0.0,3.6319
48,Rest,212.29999999998836,0.0,3.6319
48,Rest,212.39999999996508,0.0,3.6319
48,Rest,212.5,0.0,3.6319
48,Rest,212.59999999997672,0.0,3.6319
48,Rest,212.69999999995343,0.0,3.6319
48,Rest,212.79999999998836,0.0,3.6319
48,Rest,212.89999999996508,0.0,3.6319
48,Rest,213.0,0.0,3.6319
48,Rest,213.09999999997672,0.0,3.6319
48,Rest,213.19999999995343,0.0,3.632
48,Rest,213.29999999998836,0.0,3.6319
48,Rest,213.39999999996508,0.0,3.632
48,Rest,213.5,0.0,3.6319
48,Rest,213.59999999997672,0.0,3.632
48,Rest,213.69999999995343,0.0,3.632
48,Rest,213.79999999998836,0.0,3.6319
48,Rest,213.89999999996508,0.0,3.632
48,Rest,214.0,0.0,3.632
48,Rest,214.09999999997672,0.0,3.632
48,Rest,214.19999999995343,0.0,3.632
48,Rest,214.29999999998836,0.0,3.632
48,Rest,214.39999999996508,0.0,3.632
48,Rest,214.5,0.0,3.632
48,Rest,214.59999999997672,0.0,3.632
48,Rest,214.69999999995343,0.0,3.632
48,Rest,214.79999999998836,0.0,3.632
48,Rest,214.89999999996508,0.0,3.632
48,Rest,215.0,0.0,3.632
48,Rest,215.09999999997672,0.0,3.632
48,Rest,215.19999999995343,0.0,3.632
48,Rest,215.29999999998836,0.0,3.632
48,Rest,215.39999999996508,0.0,3.632
48,Rest,215.5,0.0,3.632
48,Rest,215.59999999997672,0.0,3.632
48,Rest,215.69999999995343,0.0,3.6321
48,Rest,215.79999999998836,0.0,3.632
48,Rest,215.89999999996508,0.0,3.6321
48,Rest,216.0,0.0,3.6321
48,Rest,216.09999999997672,0.0,3.6321
48,Rest,216.19999999995343,0.0,3.6321
48,Rest,216.29999999998836,0.0,3.6321
48,Rest,216.39999999996508,0.0,3.6321
48,Rest,216.5,0.0,3.6321
48,Rest,216.59999999997672,0.0,3.6321
48,Rest,216.69999999995343,0.0,3.6321
48,Rest,216.79999999998836,0.0,3.6321
48,Rest,216.89999999996508,0.0,3.6321
48,Rest,217.0,0.0,3.6321
48,Rest,217.09999999997672,0.0,3.6321
48,Rest,217.19999999995343,0.0,3.6321
48,Rest,217.29999999998836,0.0,3.6321
48,Rest,217.39999999996508,0.0,3.6321
48,Rest,217.5,0.0,3.6321
48,Rest,217.59999999997672,0.0,3.6321
48,Rest,217.69999999995343,0.0,3.6321
48,Rest,217.79999999998836,0.0,3.6321
48,Rest,217.89999999996508,0.0,3.6321
48,Rest,218.0,0.0,3.6321
48,Rest,218.09999999997672,0.0,3.6322
48,Rest,218.19999999995343,0.0,3.6321
48,Rest,218.29999999998836,0.0,3.6322
48,Rest,218.39999999996508,0.0,3.6322
48,Rest,218.5,0.0,3.6322
48,Rest,218.59999999997672,0.0,3.6322
48,Rest,218.69999999995343,0.0,3.6321
48,Rest,218.79999999998836,0.0,3.6322
48,Rest,218.89999999996508,0.0,3.6322
48,Rest,219.0,0.0,3.6322
48,Rest,219.09999999997672,0.0,3.6322
48,Rest,219.19999999995343,0.0,3.6322
48,Rest,219.29999999998836,0.0,3.6322
48,Rest,219.39999999996508,0.0,3.6322
48,Rest,219.5,0.0,3.6323
48,Rest,219.59999999997672,0.0,3.6322
48,Rest,219.69999999995343,0.0,3.6322
48,Rest,219.79999999998836,0.0,3.6322
48,Rest,219.89999999996508,0.0,3.6323
48,Rest,220.0,0.0,3.6323
48,Rest,220.09999999997672,0.0,3.6322
48,Rest,220.19999999995343,0.0,3.6322
48,Rest,220.29999999998836,0.0,3.6323
48,Rest,220.39999999996508,0.0,3.6323
48,Rest,220.5,0.0,3.6322
48,Rest,220.59999999997672,0.0,3.6323
48,Rest,220.69999999995343,0.0,3.6323
48,Rest,220.79999999998836,0.0,3.6323
48,Rest,220.89999999996508,0.0,3.6323
48,Rest,221.0,0.0,3.6323
48,Rest,221.09999999997672,0.0,3.6323
48,Rest,221.19999999995343,0.0,3.6323
48,Rest,221.29999999998836,0.0,3.6323
48,Rest,221.39999999996508,0.0,3.6323
48,Rest,221.5,0.0,3.6323
48,Rest,221.59999999997672,0.0,3.6323
48,Rest,221.69999999995343,0.0,3.6323
48,Rest,221.79999999998836,0.0,3.6323
48,Rest,221.89999999996508,0.0,3.6323
48,Rest,222.0,0.0,3.6323
48,Rest,222.09999999997672,0.0,3.6323
48,Rest,222.19999999995343,0.0,3.6323
48,Rest,222.29999999998836,0.0,3.6324
48,Rest,222.39999999996508,0.0,3.6324
48,Rest,222.5,0.0,3.6324
48,Rest,222.59999999997672,0.0,3.6323
48,Rest,222.69999999995343,0.0,3.6323
48,Rest,222.79999999998836,0.0,3.6323
48,Rest,222.89999999996508,0.0,3.6324
48,Rest,223.0,0.0,3.6324
48,Rest,223.09999999997672,0.0,3.6324
48,Rest,223.19999999995343,0.0,3.6324
48,Rest,223.29999999998836,0.0,3.6324
48,Rest,223.39999999996508,0.0,3.6324
48,Rest,223.5,0.0,3.6324
48,Rest,223.59999999997672,0.0,3.6324
48,Rest,223.69999999995343,0.0,3.6324
48,Rest,223.79999999998836,0.0,3.6324
48,Rest,223.89999999996508,0.0,3.6324
48,Rest,224.0,0.0,3.6324
48,Rest,224.09999999997672,0.0,3.6324
48,Rest,224.19999999995343,0.0,3.6324
48,Rest,224.29999999998836,0.0,3.6324
48,Rest,224.39999999996508,0.0,3.6324
48,Rest,224.5,0.0,3.6324
48,Rest,224.59999999997672,0.0,3.6324
48,Rest,224.69999999995343,0.0,3.6324
48,Rest,224.79999999998836,0.0,3.6325
48,Rest,224.89999999996508,0.0,3.6325
48,Rest,225.0,0.0,3.6325
48,Rest,225.09999999997672,0.0,3.6325
48,Rest,225.19999999995343,0.0,3.6325
48,Rest,225.29999999998836,0.0,3.6325
48,Rest,225.39999999996508,0.0,3.6325
48,Rest,225.5,0.0,3.6325
48,Rest,225.59999999997672,0.0,3.6325
48,Rest,225.69999999995343,0.0,3.6325
48,Rest,225.79999999998836,0.0,3.6325
48,Rest,225.89999999996508,0.0,3.6325
48,Rest,226.0,0.0,3.6325
48,Rest,226.09999999997672,0.0,3.6325
48,Rest,226.19999999995343,0.0,3.6325
48,Rest,226.29999999998836,0.0,3.6325
48,Rest,226.39999999996508,0.0,3.6325
48,Rest,226.5,0.0,3.6325
48,Rest,226.59999999997672,0.0,3.6325
48,Rest,226.69999999995343,0.0,3.6325
48,Rest,226.79999999998836,0.0,3.6325
48,Rest,226.89999999996508,0.0,3.6325
48,Rest,227.0,0.0,3.6325
48,Rest,227.09999999997672,0.0,3.6325
48,Rest,227.19999999995343,0.0,3.6325
48,Rest,227.29999999998836,0.0,3.6326
48,Rest,227.39999999996508,0.0,3.6326
48,Rest,227.5,0.0,3.6326
48,Rest,227.59999999997672,0.0,3.6326
48,Rest,227.69999999995343,0.0,3.6326
48,Rest,227.79999999998836,0.0,3.6326
48,Rest,227.89999999996508,0.0,3.6326
48,Rest,228.0,0.0,3.6326
48,Rest,228.09999999997672,0.0,3.6326
48,Rest,228.19999999995343,0.0,3.6326
48,Rest,228.29999999998836,0.0,3.6326
48,Rest,228.39999999996508,0.0,3.6326
48,Rest,228.5,0.0,3.6326
48,Rest,228.59999999997672,0.0,3.6326
48,Rest,228.69999999995343,0.0,3.6326
48,Rest,228.79999999998836,0.0,3.6327
48,Rest,228.89999999996508,0.0,3.6327
48,Rest,229.0,0.0,3.6326
48,Rest,229.09999999997672,0.0,3.6327
48,Rest,229.19999999995343,0.0,3.6326
48,Rest,229.29999999998836,0.0,3.6326
48,Rest,229.39999999996508,0.0,3.6326
48,Rest,229.5,0.0,3.6327
48,Rest,229.59999999997672,0.0,3.6327
48,Rest,229.69999999995343,0.0,3.6326
48,Rest,229.79999999998836,0.0,3.6327
48,Rest,229.89999999996508,0.0,3.6327
48,Rest,230.0,0.0,3.6327
48,Rest,230.09999999997672,0.0,3.6327
48,Rest,230.19999999995343,0.0,3.6327
48,Rest,230.29999999998836,0.0,3.6327
48,Rest,230.39999999996508,0.0,3.6327
48,Rest,230.5,0.0,3.6327
48,Rest,230.59999999997672,0.0,3.6327
48,Rest,230.69999999995343,0.0,3.6327
48,Rest,230.79999999998836,0.0,3.6327
48,Rest,230.89999999996508,0.0,3.6327
48,Rest,231.0,0.0,3.6327
48,Rest,231.09999999997672,0.0,3.6327
48,Rest,231.19999999995343,0.0,3.6327
48,Rest,231.29999999998836,0.0,3.6327
48,Rest,231.39999999996508,0.0,3.6327
48,Rest,231.5,0.0,3.6327
48,Rest,231.59999999997672,0.0,3.6327
48,Rest,231.69999999995343,0.0,3.6328
48,Rest,231.79999999998836,0.0,3.6328
48,Rest,231.89999999996508,0.0,3.6328
48,Rest,232.0,0.0,3.6328
48,Rest,232.09999999997672,0.0,3.6328
48,Rest,232.19999999995343,0.0,3.6328
48,Rest,232.29999999998836,0.0,3.6328
48,Rest,232.39999999996508,0.0,3.6328
48,Rest,232.5,0.0,3.6328
48,Rest,232.59999999997672,0.0,3.6328
48,Rest,232.69999999995343,0.0,3.6328
48,Rest,232.79999999998836,0.0,3.6328
48,Rest,232.89999999996508,0.0,3.6328
48,Rest,233.0,0.0,3.6328
48,Rest,233.09999999997672,0.0,3.6328
48,Rest,233.19999999995343,0.0,3.6328
48,Rest,233.29999999998836,0.0,3.6328
48,Rest,233.39999999996508,0.0,3.6328
48,Rest,233.5,0.0,3.6328
48,Rest,233.59999999997672,0.0,3.6328
48,Rest,233.69999999995343,0.0,3.6328
48,Rest,233.79999999998836,0.0,3.6328
48,Rest,233.89999999996508,0.0,3.6328
48,Rest,234.0,0.0,3.6328
48,Rest,234.09999999997672,0.0,3.6328
48,Rest,234.19999999995343,0.0,3.6329
48,Rest,234.29999999998836,0.0,3.6329
48,Rest,234.39999999996508,0.0,3.6329
48,Rest,234.5,0.0,3.6329
48,Rest,234.59999999997672,0.0,3.6329
48,Rest,234.69999999995343,0.0,3.6329
48,Rest,234.79999999998836,0.0,3.6329
48,Rest,234.89999999996508,0.0,3.6329
48,Rest,235.0,0.0,3.6329
48,Rest,235.09999999997672,0.0,3.6329
48,Rest,235.19999999995343,0.0,3.6329
48,Rest,235.29999999998836,0.0,3.6329
48,Rest,235.39999999996508,0.0,3.6329
48,Rest,235.5,0.0,3.6329
48,Rest,235.59999999997672,0.0,3.6329
48,Rest,235.69999999995343,0.0,3.6329
48,Rest,235.79999999998836,0.0,3.6329
48,Rest,235.89999999996508,0.0,3.6329
48,Rest,236.0,0.0,3.6329
48,Rest,236.09999999997672,0.0,3.6329
48,Rest,236.19999999995343,0.0,3.6329
48,Rest,236.29999999998836,0.0,3.6329
48,Rest,236.39999999996508,0.0,3.6329
48,Rest,236.5,0.0,3.6329
48,Rest,236.59999999997672,0.0,3.633
48,Rest,236.69999999995343,0.0,3.633
48,Rest,236.79999999998836,0.0,3.633
48,Rest,236.89999999996508,0.0,3.633
48,Rest,237.0,0.0,3.633
48,Rest,237.09999999997672,0.0,3.633
48,Rest,237.19999999995343,0.0,3.633
48,Rest,237.29999999998836,0.0,3.633
48,Rest,237.39999999996508,0.0,3.633
48,Rest,237.5,0.0,3.633
48,Rest,237.59999999997672,0.0,3.633
48,Rest,237.69999999995343,0.0,3.633
48,Rest,237.79999999998836,0.0,3.633
48,Rest,237.89999999996508,0.0,3.633
48,Rest,238.0,0.0,3.633
48,Rest,238.09999999997672,0.0,3.633
48,Rest,238.19999999995343,0.0,3.633
48,Rest,238.29999999998836,0.0,3.633
48,Rest,238.39999999996508,0.0,3.633
48,Rest,238.5,0.0,3.633
48,Rest,238.59999999997672,0.0,3.633
48,Rest,238.69999999995343,0.0,3.633
48,Rest,238.79999999998836,0.0,3.633
48,Rest,238.89999999996508,0.0,3.6331
48,Rest,239.0,0.0,3.6331
48,Rest,239.09999999997672,0.0,3.6331
48,Rest,239.19999999995343,0.0,3.633
48,Rest,239.29999999998836,0.0,3.633
48,Rest,239.39999999996508,0.0,3.6331
48,Rest,239.5,0.0,3.6331
48,Rest,239.59999999997672,0.0,3.6331
48,Rest,239.69999999995343,0.0,3.6331
48,Rest,239.79999999998836,0.0,3.6331
48,Rest,239.89999999996508,0.0,3.6331
48,Rest,240.0,0.0,3.6331
48,Rest,240.09999999997672,0.0,3.6331
48,Rest,240.19999999995343,0.0,3.6331
48,Rest,240.29999999998836,0.0,3.6331
48,Rest,240.39999999996508,0.0,3.6331
48,Rest,240.5,0.0,3.6331
48,Rest,240.59999999997672,0.0,3.6331
48,Rest,240.69999999995343,0.0,3.6331
48,Rest,240.79999999998836,0.0,3.6331
48,Rest,240.89999999996508,0.0,3.6331
48,Rest,241.0,0.0,3.6331
48,Rest,241.09999999997672,0.0,3.6331
48,Rest,241.19999999995343,0.0,3.6331
48,Rest,241.29999999998836,0.0,3.6331
48,Rest,241.39999999996508,0.0,3.6332
48,Rest,241.5,0.0,3.6332
48,Rest,241.59999999997672,0.0,3.6332
48,Rest,241.69999999995343,0.0,3.6331
48,Rest,241.79999999998836,0.0,3.6331
48,Rest,241.89999999996508,0.0,3.6332
48,Rest,242.0,0.0,3.6332
48,Rest,242.09999999997672,0.0,3.6332
48,Rest,242.19999999995343,0.0,3.6332
48,Rest,242.29999999998836,0.0,3.6332
48,Rest,242.39999999996508,0.0,3.6332
48,Rest,242.5,0.0,3.6332
48,Rest,242.59999999997672,0.0,3.6332
48,Rest,242.69999999995343,0.0,3.6332
48,Rest,242.79999999998836,0.0,3.6332
48,Rest,242.89999999996508,0.0,3.6332
48,Rest,243.0,0.0,3.6332
48,Rest,243.09999999997672,0.0,3.6332
48,Rest,243.19999999995343,0.0,3.6332
48,Rest,243.29999999998836,0.0,3.6332
48,Rest,243.39999999996508,0.0,3.6332
48,Rest,243.5,0.0,3.6332
48,Rest,243.59999999997672,0.0,3.6332
48,Rest,243.69999999995343,0.0,3.6332
48,Rest,243.79999999998836,0.0,3.6332
48,Rest,243.89999999996508,0.0,3.6332
48,Rest,244.0,0.0,3.6332
48,Rest,244.09999999997672,0.0,3.6333
48,Rest,244.19999999995343,0.0,3.6333
48,Rest,244.29999999998836,0.0,3.6332
48,Rest,244.39999999996508,0.0,3.6333
48,Rest,244.5,0.0,3.6333
48,Rest,244.59999999997672,0.0,3.6332
48,Rest,244.69999999995343,0.0,3.6332
48,Rest,244.79999999998836,0.0,3.6332
48,Rest,244.89999999996508,0.0,3.6333
48,Rest,245.0,0.0,3.6333
48,Rest,245.09999999997672,0.0,3.6333
48,Rest,245.19999999995343,0.0,3.6333
48,Rest,245.29999999998836,0.0,3.6333
48,Rest,245.39999999996508,0.0,3.6333
48,Rest,245.5,0.0,3.6333
48,Rest,245.59999999997672,0.0,3.6333
48,Rest,245.69999999995343,0.0,3.6333
48,Rest,245.79999999998836,0.0,3.6333
48,Rest,245.89999999996508,0.0,3.6333
48,Rest,246.0,0.0,3.6333
48,Rest,246.09999999997672,0.0,3.6333
48,Rest,246.19999999995343,0.0,3.6333
48,Rest,246.29999999998836,0.0,3.6333
48,Rest,246.39999999996508,0.0,3.6334
48,Rest,246.5,0.0,3.6334
48,Rest,246.59999999997672,0.0,3.6334
48,Rest,246.69999999995343,0.0,3.6333
48,Rest,246.79999999998836,0.0,3.6334
48,Rest,246.89999999996508,0.0,3.6334
48,Rest,247.0,0.0,3.6334
48,Rest,247.09999999997672,0.0,3.6334
48,Rest,247.19999999995343,0.0,3.6334
48,Rest,247.29999999998836,0.0,3.6334
48,Rest,247.39999999996508,0.0,3.6334
48,Rest,247.5,0.0,3.6334
48,Rest,247.59999999997672,0.0,3.6334
48,Rest,247.69999999995343,0.0,3.6334
48,Rest,247.79999999998836,0.0,3.6334
48,Rest,247.89999999996508,0.0,3.6334
48,Rest,248.0,0.0,3.6334
48,Rest,248.09999999997672,0.0,3.6334
48,Rest,248.19999999995343,0.0,3.6334
48,Rest,248.29999999998836,0.0,3.6334
48,Rest,248.39999999996508,0.0,3.6334
48,Rest,248.5,0.0,3.6334
48,Rest,248.59999999997672,0.0,3.6334
48,Rest,248.69999999995343,0.0,3.6335
48,Rest,248.79999999998836,0.0,3.6335
48,Rest,248.89999999996508,0.0,3.6334
48,Rest,249.0,0.0,3.6334
48,Rest,249.09999999997672,0.0,3.6334
48,Rest,249.19999999995343,0.0,3.6334
48,Rest,249.29999999998836,0.0,3.6334
48,Rest,249.39999999996508,0.0,3.6334
48,Rest,249.5,0.0,3.6335
48,Rest,249.59999999997672,0.0,3.6335
48,Rest,249.69999999995343,0.0,3.6334
48,Rest,249.79999999998836,0.0,3.6334
48,Rest,249.89999999996508,0.0,3.6335
48,Rest,250.0,0.0,3.6335
48,Rest,250.09999999997672,0.0,3.6335
48,Rest,250.19999999995343,0.0,3.6335
48,Rest,250.29999999998836,0.0,3.6335
48,Rest,250.39999999996508,0.0,3.6335
48,Rest,250.5,0.0,3.6335
48,Rest,250.59999999997672,0.0,3.6335
48,Rest,250.69999999995343,0.0,3.6335
48,Rest,250.79999999998836,0.0,3.6335
48,Rest,250.89999999996508,0.0,3.6335
48,Rest,251.0,0.0,3.6335
48,Rest,251.09999999997672,0.0,3.6335
48,Rest,251.19999999995343,0.0,3.6335
48,Rest,251.29999999998836,0.0,3.6335
48,Rest,251.39999999996508,0.0,3.6335
48,Rest,251.5,0.0,3.6335
48,Rest,251.59999999997672,0.0,3.6335
48,Rest,251.69999999995343,0.0,3.6335
48,Rest,251.79999999998836,0.0,3.6335
48,Rest,251.89999999996508,0.0,3.6335
48,Rest,252.0,0.0,3.6335
48,Rest,252.09999999997672,0.0,3.6335
48,Rest,252.19999999995343,0.0,3.6335
48,Rest,252.29999999998836,0.0,3.6335
48,Rest,252.39999999996508,0.0,3.6335
48,Rest,252.5,0.0,3.6335
48,Rest,252.59999999997672,0.0,3.6335
48,Rest,252.69999999995343,0.0,3.6335
48,Rest,252.79999999998836,0.0,3.6336
48,Rest,252.89999999996508,0.0,3.6335
48,Rest,253.0,0.0,3.6335
48,Rest,253.09999999997672,0.0,3.6336
48,Rest,253.19999999995343,0.0,3.6336
48,Rest,253.29999999998836,0.0,3.6335
48,Rest,253.39999999996508,0.0,3.6335
48,Rest,253.5,0.0,3.6336
48,Rest,253.59999999997672,0.0,3.6336
48,Rest,253.69999999995343,0.0,3.6336
48,Rest,253.79999999998836,0.0,3.6336
48,Rest,253.89999999996508,0.0,3.6336
48,Rest,254.0,0.0,3.6336
48,Rest,254.09999999997672,0.0,3.6336
48,Rest,254.19999999995343,0.0,3.6336
48,Rest,254.29999999998836,0.0,3.6336
48,Rest,254.39999999996508,0.0,3.6336
48,Rest,254.5,0.0,3.6336
48,Rest,254.59999999997672,0.0,3.6336
48,Rest,254.69999999995343,0.0,3.6336
48,Rest,254.79999999998836,0.0,3.6336
48,Rest,254.89999999996508,0.0,3.6336
48,Rest,255.0,0.0,3.6336
48,Rest,255.09999999997672,0.0,3.6336
48,Rest,255.19999999995343,0.0,3.6336
48,Rest,255.29999999998836,0.0,3.6336
48,Rest,255.39999999996508,0.0,3.6336
48,Rest,255.5,0.0,3.6336
48,Rest,255.59999999997672,0.0,3.6336
48,Rest,255.69999999995343,0.0,3.6336
48,Rest,255.79999999998836,0.0,3.6336
48,Rest,255.89999999996508,0.0,3.6337
48,Rest,256.0,0.0,3.6337
48,Rest,256.0999999999767,0.0,3.6336
48,Rest,256.19999999995343,0.0,3.6336
48,Rest,256.29999999998836,0.0,3.6336
48,Rest,256.3999999999651,0.0,3.6337
48,Rest,256.5,0.0,3.6337
48,Rest,256.5999999999767,0.0,3.6337
48,Rest,256.69999999995343,0.0,3.6336
48,Rest,256.79999999998836,0.0,3.6337
48,Rest,256.8999999999651,0.0,3.6337
48,Rest,257.0,0.0,3.6337
48,Rest,257.0999999999767,0.0,3.6337
48,Rest,257.19999999995343,0.0,3.6336
48,Rest,257.29999999998836,0.0,3.6336
48,Rest,257.3999999999651,0.0,3.6337
48,Rest,257.5,0.0,3.6337
48,Rest,257.5999999999767,0.0,3.6337
48,Rest,257.69999999995343,0.0,3.6337
48,Rest,257.79999999998836,0.0,3.6337
48,Rest,257.8999999999651,0.0,3.6337
48,Rest,258.0,0.0,3.6337
48,Rest,258.0999999999767,0.0,3.6337
48,Rest,258.19999999995343,0.0,3.6337
48,Rest,258.29999999998836,0.0,3.6337
48,Rest,258.3999999999651,0.0,3.6337
48,Rest,258.5,0.0,3.6337
48,Rest,258.5999999999767,0.0,3.6337
48,Rest,258.69999999995343,0.0,3.6337
48,Rest,258.79999999998836,0.0,3.6337
48,Rest,258.8999999999651,0.0,3.6337
48,Rest,259.0,0.0,3.6337
48,Rest,259.0999999999767,0.0,3.6337
48,Rest,259.19999999995343,0.0,3.6337
48,Rest,259.29999999998836,0.0,3.6338
48,Rest,259.3999999999651,0.0,3.6337
48,Rest,259.5,0.0,3.6337
48,Rest,259.5999999999767,0.0,3.6338
48,Rest,259.69999999995343,0.0,3.6338
48,Rest,259.79999999998836,0.0,3.6338
48,Rest,259.8999999999651,0.0,3.6338
48,Rest,260.0,0.0,3.6338
48,Rest,260.0999999999767,0.0,3.6338
48,Rest,260.19999999995343,0.0,3.6338
48,Rest,260.29999999998836,0.0,3.6338
48,Rest,260.3999999999651,0.0,3.6338
48,Rest,260.5,0.0,3.6338
48,Rest,260.5999999999767,0.0,3.6338
48,Rest,260.69999999995343,0.0,3.6338
48,Rest,260.79999999998836,0.0,3.6338
48,Rest,260.8999999999651,0.0,3.6338
48,Rest,261.0,0.0,3.6338
48,Rest,261.0999999999767,0.0,3.6338
48,Rest,261.19999999995343,0.0,3.6338
48,Rest,261.29999999998836,0.0,3.6338
48,Rest,261.3999999999651,0.0,3.6338
48,Rest,261.5,0.0,3.6338
48,Rest,261.5999999999767,0.0,3.6338
48,Rest,261.69999999995343,0.0,3.6338
48,Rest,261.79999999998836,0.0,3.6338
48,Rest,261.8999999999651,0.0,3.6338
48,Rest,262.0,0.0,3.6338
48,Rest,262.0999999999767,0.0,3.6338
48,Rest,262.19999999995343,0.0,3.6338
48,Rest,262.29999999998836,0.0,3.6338
48,Rest,262.3999999999651,0.0,3.6338
48,Rest,262.5,0.0,3.6338
48,Rest,262.5999999999767,0.0,3.6338
48,Rest,262.69999999995343,0.0,3.6338
48,Rest,262.79999999998836,0.0,3.6338
48,Rest,262.8999999999651,0.0,3.6338
48,Rest,263.0,0.0,3.6339
48,Rest,263.0999999999767,0.0,3.6339
48,Rest,263.19999999995343,0.0,3.6339
48,Rest,263.29999999998836,0.0,3.6339
48,Rest,263.3999999999651,0.0,3.6338
48,Rest,263.5,0.0,3.6338
48,Rest,263.5999999999767,0.0,3.6339
48,Rest,263.69999999995343,0.0,3.6339
48,Rest,263.79999999998836,0.0,3.6339
48,Rest,263.8999999999651,0.0,3.6339
48,Rest,264.0,0.0,3.6339
48,Rest,264.0999999999767,0.0,3.6339
48,Rest,264.19999999995343,0.0,3.6339
48,Rest,264.29999999998836,0.0,3.6339
48,Rest,264.3999999999651,0.0,3.6339
48,Rest,264.5,0.0,3.6338
48,Rest,264.5999999999767,0.0,3.6339
48,Rest,264.69999999995343,0.0,3.6339
48,Rest,264.79999999998836,0.0,3.6339
48,Rest,264.8999999999651,0.0,3.6338
48,Rest,265.0,0.0,3.6338
48,Rest,265.0999999999767,0.0,3.6338
48,Rest,265.19999999995343,0.0,3.6338
48,Rest,265.29999999998836,0.0,3.6339
48,Rest,265.3999999999651,0.0,3.6339
48,Rest,265.5,0.0,3.6339
48,Rest,265.5999999999767,0.0,3.6339
48,Rest,265.69999999995343,0.0,3.6339
48,Rest,265.79999999998836,0.0,3.6339
48,Rest,265.8999999999651,0.0,3.6339
48,Rest,266.0,0.0,3.6339
48,Rest,266.0999999999767,0.0,3.6338
48,Rest,266.19999999995343,0.0,3.6339
48,Rest,266.29999999998836,0.0,3.6339
48,Rest,266.3999999999651,0.0,3.6339
48,Rest,266.5,0.0,3.6339
48,Rest,266.5999999999767,0.0,3.6339
48,Rest,266.69999999995343,0.0,3.6339
48,Rest,266.79999999998836,0.0,3.6339
48,Rest,266.8999999999651,0.0,3.6339
48,Rest,267.0,0.0,3.6339
48,Rest,267.0999999999767,0.0,3.6339
48,Rest,267.19999999995343,0.0,3.6339
48,Rest,267.29999999998836,0.0,3.6339
48,Rest,267.3999999999651,0.0,3.6339
48,Rest,267.5,0.0,3.6339
48,Rest,267.5999999999767,0.0,3.6339
48,Rest,267.69999999995343,0.0,3.6339
48,Rest,267.79999999998836,0.0,3.6339
48,Rest,267.8999999999651,0.0,3.6339
48,Rest,268.0,0.0,3.6339
48,Rest,268.0999999999767,0.0,3.6339
48,Rest,268.19999999995343,0.0,3.6339
48,Rest,268.29999999998836,0.0,3.6339
48,Rest,268.3999999999651,0.0,3.6339
48,Rest,268.5,0.0,3.6339
48,Rest,268.5999999999767,0.0,3.6339
48,Rest,268.69999999995343,0.0,3.6339
48,Rest,268.79999999998836,0.0,3.6339
48,Rest,268.8999999999651,0.0,3.6339
48,Rest,269.0,0.0,3.6339
48,Rest,269.0999999999767,0.0,3.6339
48,Rest,269.19999999995343,0.0,3.634
48,Rest,269.29999999998836,0.0,3.634
48,Rest,269.3999999999651,0.0,3.6339
48,Rest,269.5,0.0,3.6339
48,Rest,269.5999999999767,0.0,3.6339
48,Rest,269.69999999995343,0.0,3.6339
48,Rest,269.79999999998836,0.0,3.634
48,Rest,269.8999999999651,0.0,3.634
48,Rest,270.0,0.0,3.634
48,Rest,270.0999999999767,0.0,3.634
48,Rest,270.19999999995343,0.0,3.634
48,Rest,270.29999999998836,0.0,3.634
48,Rest,270.3999999999651,0.0,3.6339
48,Rest,270.5,0.0,3.634
48,Rest,270.5999999999767,0.0,3.634
48,Rest,270.69999999995343,0.0,3.634
48,Rest,270.79999999998836,0.0,3.634
48,Rest,270.8999999999651,0.0,3.634
48,Rest,271.0,0.0,3.634
48,Rest,271.0999999999767,0.0,3.634
48,Rest,271.19999999995343,0.0,3.634
48,Rest,271.29999999998836,0.0,3.634
48,Rest,271.3999999999651,0.0,3.634
48,Rest,271.5,0.0,3.634
48,Rest,271.5999999999767,0.0,3.634
48,Rest,271.69999999995343,0.0,3.634
48,Rest,271.79999999998836,0.0,3.634
48,Rest,271.8999999999651,0.0,3.634
48,Rest,272.0,0.0,3.634
48,Rest,272.0999999999767,0.0,3.634
48,Rest,272.19999999995343,0.0,3.634
48,Rest,272.29999999998836,0.0,3.634
48,Rest,272.3999999999651,0.0,3.6341
48,Rest,272.5,0.0,3.6341
48,Rest,272.5999999999767,0.0,3.6341
48,Rest,272.69999999995343,0.0,3.6341
48,Rest,272.79999999998836,0.0,3.6341
48,Rest,272.8999999999651,0.0,3.6341
48,Rest,273.0,0.0,3.6341
48,Rest,273.0999999999767,0.0,3.6341
48,Rest,273.19999999995343,0.0,3.6341
48,Rest,273.29999999998836,0.0,3.6341
48,Rest,273.3999999999651,0.0,3.6341
48,Rest,273.5,0.0,3.6341
48,Rest,273.5999999999767,0.0,3.6341
48,Rest,273.69999999995343,0.0,3.6341
48,Rest,273.79999999998836,0.0,3.6341
48,Rest,273.8999999999651,0.0,3.6341
48,Rest,274.0,0.0,3.6341
48,Rest,274.0999999999767,0.0,3.6341
48,Rest,274.19999999995343,0.0,3.6341
48,Rest,274.29999999998836,0.0,3.6341
48,Rest,274.3999999999651,0.0,3.6342
48,Rest,274.5,0.0,3.6342
48,Rest,274.5999999999767,0.0,3.6342
48,Rest,274.69999999995343,0.0,3.6342
48,Rest,274.79999999998836,0.0,3.6342
48,Rest,274.8999999999651,0.0,3.6342
48,Rest,275.0,0.0,3.6342
48,Rest,275.0999999999767,0.0,3.6342
48,Rest,275.19999999995343,0.0,3.6341
48,Rest,275.29999999998836,0.0,3.6342
48,Rest,275.3999999999651,0.0,3.6342
48,Rest,275.5,0.0,3.6342
48,Rest,275.5999999999767,0.0,3.6342
48,Rest,275.69999999995343,0.0,3.6342
48,Rest,275.79999999998836,0.0,3.6342
48,Rest,275.8999999999651,0.0,3.6342
48,Rest,276.0,0.0,3.6342
48,Rest,276.0999999999767,0.0,3.6342
48,Rest,276.19999999995343,0.0,3.6342
48,Rest,276.29999999998836,0.0,3.6342
48,Rest,276.3999999999651,0.0,3.6342
48,Rest,276.5,0.0,3.6342
48,Rest,276.5999999999767,0.0,3.6342
48,Rest,276.69999999995343,0.0,3.6342
48,Rest,276.79999999998836,0.0,3.6342
48,Rest,276.8999999999651,0.0,3.6342
48,Rest,277.0,0.0,3.6342
48,Rest,277.0999999999767,0.0,3.6342
48,Rest,277.19999999995343,0.0,3.6342
48,Rest,277.29999999998836,0.0,3.6342
48,Rest,277.3999999999651,0.0,3.6342
48,Rest,277.5,0.0,3.6342
48,Rest,277.5999999999767,0.0,3.6343
48,Rest,277.69999999995343,0.0,3.6342
48,Rest,277.79999999998836,0.0,3.6342
48,Rest,277.8999999999651,0.0,3.6342
48,Rest,278.0,0.0,3.6342
48,Rest,278.0999999999767,0.0,3.6342
48,Rest,278.19999999995343,0.0,3.6343
48,Rest,278.29999999998836,0.0,3.6343
48,Rest,278.3999999999651,0.0,3.6343
48,Rest,278.5,0.0,3.6343
48,Rest,278.5999999999767,0.0,3.6342
48,Rest,278.69999999995343,0.0,3.6343
48,Rest,278.79999999998836,0.0,3.6343
48,Rest,278.8999999999651,0.0,3.6343
48,Rest,279.0,0.0,3.6343
48,Rest,279.0999999999767,0.0,3.6343
48,Rest,279.19999999995343,0.0,3.6343
48,Rest,279.29999999998836,0.0,3.6343
48,Rest,279.3999999999651,0.0,3.6343
48,Rest,279.5,0.0,3.6343
48,Rest,279.5999999999767,0.0,3.6343
48,Rest,279.69999999995343,0.0,3.6343
48,Rest,279.79999999998836,0.0,3.6343
48,Rest,279.8999999999651,0.0,3.6343
48,Rest,280.0,0.0,3.6343
48,Rest,280.0999999999767,0.0,3.6343
48,Rest,280.19999999995343,0.0,3.6343
48,Rest,280.29999999998836,0.0,3.6343
48,Rest,280.3999999999651,0.0,3.6343
48,Rest,280.5,0.0,3.6343
48,Rest,280.5999999999767,0.0,3.6343
48,Rest,280.69999999995343,0.0,3.6343
48,Rest,280.79999999998836,0.0,3.6343
48,Rest,280.8999999999651,0.0,3.6343
48,Rest,281.0,0.0,3.6343
48,Rest,281.0999999999767,0.0,3.6343
48,Rest,281.19999999995343,0.0,3.6343
48,Rest,281.29999999998836,0.0,3.6343
48,Rest,281.3999999999651,0.0,3.6343
48,Rest,281.5,0.0,3.6343
48,Rest,281.5999999999767,0.0,3.6344
48,Rest,281.69999999995343,0.0,3.6343
48,Rest,281.79999999998836,0.0,3.6343
48,Rest,281.8999999999651,0.0,3.6344
48,Rest,282.0,0.0,3.6344
48,Rest,282.0999999999767,0.0,3.6344
48,Rest,282.19999999995343,0.0,3.6344
48,Rest,282.29999999998836,0.0,3.6344
48,Rest,282.3999999999651,0.0,3.6343
48,Rest,282.5,0.0,3.6343
48,Rest,282.5999999999767,0.0,3.6344
48,Rest,282.69999999995343,0.0,3.6344
48,Rest,282.79999999998836,0.0,3.6344
48,Rest,282.8999999999651,0.0,3.6344
48,Rest,283.0,0.0,3.6344
48,Rest,283.0999999999767,0.0,3.6343
48,Rest,283.19999999995343,0.0,3.6343
48,Rest,283.29999999998836,0.0,3.6343
48,Rest,283.3999999999651,0.0,3.6344
48,Rest,283.5,0.0,3.6344
48,Rest,283.5999999999767,0.0,3.6344
48,Rest,283.69999999995343,0.0,3.6344
48,Rest,283.79999999998836,0.0,3.6344
48,Rest,283.8999999999651,0.0,3.6344
48,Rest,284.0,0.0,3.6344
48,Rest,284.0999999999767,0.0,3.6344
48,Rest,284.19999999995343,0.0,3.6344
48,Rest,284.29999999998836,0.0,3.6344
48,Rest,284.3999999999651,0.0,3.6344
48,Rest,284.5,0.0,3.6344
48,Rest,284.5999999999767,0.0,3.6344
48,Rest,284.69999999995343,0.0,3.6344
48,Rest,284.79999999998836,0.0,3.6344
48,Rest,284.8999999999651,0.0,3.6344
48,Rest,285.0,0.0,3.6344
48,Rest,285.0999999999767,0.0,3.6344
48,Rest,285.19999999995343,0.0,3.6344
48,Rest,285.29999999998836,0.0,3.6344
48,Rest,285.3999999999651,0.0,3.6344
48,Rest,285.5,0.0,3.6344
48,Rest,285.5999999999767,0.0,3.6344
48,Rest,285.69999999995343,0.0,3.6344
48,Rest,285.79999999998836,0.0,3.6344
48,Rest,285.8999999999651,0.0,3.6345
48,Rest,286.0,0.0,3.6345
48,Rest,286.0999999999767,0.0,3.6345
48,Rest,286.19999999995343,0.0,3.6345
48,Rest,286.29999999998836,0.0,3.6344
48,Rest,286.3999999999651,0.0,3.6345
48,Rest,286.5,0.0,3.6345
48,Rest,286.5999999999767,0.0,3.6345
48,Rest,286.69999999995343,0.0,3.6345
48,Rest,286.79999999998836,0.0,3.6345
48,Rest,286.8999999999651,0.0,3.6345
48,Rest,287.0,0.0,3.6345
48,Rest,287.0999999999767,0.0,3.6345
48,Rest,287.19999999995343,0.0,3.6345
48,Rest,287.29999999998836,0.0,3.6345
48,Rest,287.3999999999651,0.0,3.6345
48,Rest,287.5,0.0,3.6345
48,Rest,287.5999999999767,0.0,3.6345
48,Rest,287.69999999995343,0.0,3.6345
48,Rest,287.79999999998836,0.0,3.6345
48,Rest,287.8999999999651,0.0,3.6345
48,Rest,288.0,0.0,3.6345
48,Rest,288.0999999999767,0.0,3.6345
48,Rest,288.19999999995343,0.0,3.6345
48,Rest,288.29999999998836,0.0,3.6345
48,Rest,288.3999999999651,0.0,3.6345
48,Rest,288.5,0.0,3.6345
48,Rest,288.5999999999767,0.0,3.6345
48,Rest,288.69999999995343,0.0,3.6345
48,Rest,288.79999999998836,0.0,3.6346
48,Rest,288.8999999999651,0.0,3.6345
48,Rest,289.0,0.0,3.6345
48,Rest,289.0999999999767,0.0,3.6345
48,Rest,289.19999999995343,0.0,3.6345
48,Rest,289.29999999998836,0.0,3.6345
48,Rest,289.3999999999651,0.0,3.6345
48,Rest,289.5,0.0,3.6345
48,Rest,289.5999999999767,0.0,3.6345
48,Rest,289.69999999995343,0.0,3.6345
48,Rest,289.79999999998836,0.0,3.6345
48,Rest,289.8999999999651,0.0,3.6345
48,Rest,290.0,0.0,3.6345
48,Rest,290.0999999999767,0.0,3.6345
48,Rest,290.19999999995343,0.0,3.6345
48,Rest,290.29999999998836,0.0,3.6345
48,Rest,290.3999999999651,0.0,3.6345
48,Rest,290.5,0.0,3.6345
48,Rest,290.5999999999767,0.0,3.6346
48,Rest,290.69999999995343,0.0,3.6346
48,Rest,290.79999999998836,0.0,3.6346
48,Rest,290.8999999999651,0.0,3.6346
48,Rest,291.0,0.0,3.6346
48,Rest,291.0999999999767,0.0,3.6346
48,Rest,291.19999999995343,0.0,3.6346
48,Rest,291.29999999998836,0.0,3.6346
48,Rest,291.3999999999651,0.0,3.6346
48,Rest,291.5,0.0,3.6346
48,Rest,291.5999999999767,0.0,3.6346
48,Rest,291.69999999995343,0.0,3.6346
48,Rest,291.79999999998836,0.0,3.6346
48,Rest,291.8999999999651,0.0,3.6346
48,Rest,292.0,0.0,3.6346
48,Rest,292.0999999999767,0.0,3.6346
48,Rest,292.19999999995343,0.0,3.6346
48,Rest,292.29999999998836,0.0,3.6346
48,Rest,292.3999999999651,0.0,3.6347
48,Rest,292.5,0.0,3.6347
48,Rest,292.5999999999767,0.0,3.6347
48,Rest,292.69999999995343,0.0,3.6347
48,Rest,292.79999999998836,0.0,3.6347
48,Rest,292.8999999999651,0.0,3.6346
48,Rest,293.0,0.0,3.6346
48,Rest,293.0999999999767,0.0,3.6347
48,Rest,293.19999999995343,0.0,3.6347
48,Rest,293.29999999998836,0.0,3.6347
48,Rest,293.3999999999651,0.0,3.6347
48,Rest,293.5,0.0,3.6347
48,Rest,293.5999999999767,0.0,3.6347
48,Rest,293.69999999995343,0.0,3.6347
48,Rest,293.79999999998836,0.0,3.6347
48,Rest,293.8999999999651,0.0,3.6347
48,Rest,294.0,0.0,3.6347
48,Rest,294.0999999999767,0.0,3.6347
48,Rest,294.19999999995343,0.0,3.6347
48,Rest,294.29999999998836,0.0,3.6348
48,Rest,294.3999999999651,0.0,3.6348
48,Rest,294.5,0.0,3.6347
48,Rest,294.5999999999767,0.0,3.6348
48,Rest,294.69999999995343,0.0,3.6348
48,Rest,294.79999999998836,0.0,3.6348
48,Rest,294.8999999999651,0.0,3.6348
48,Rest,295.0,0.0,3.6348
48,Rest,295.0999999999767,0.0,3.6348
48,Rest,295.19999999995343,0.0,3.6348
48,Rest,295.29999999998836,0.0,3.6348
48,Rest,295.3999999999651,0.0,3.6348
48,Rest,295.5,0.0,3.6348
48,Rest,295.5999999999767,0.0,3.6348
48,Rest,295.69999999995343,0.0,3.6348
48,Rest,295.79999999998836,0.0,3.6348
48,Rest,295.8999999999651,0.0,3.6348
48,Rest,296.0,0.0,3.6348
48,Rest,296.0999999999767,0.0,3.6348
48,Rest,296.19999999995343,0.0,3.6348
48,Rest,296.29999999998836,0.0,3.6348
48,Rest,296.3999999999651,0.0,3.6348
48,Rest,296.5,0.0,3.6348
48,Rest,296.5999999999767,0.0,3.6348
48,Rest,296.69999999995343,0.0,3.6348
48,Rest,296.79999999998836,0.0,3.6348
48,Rest,296.8999999999651,0.0,3.6348
48,Rest,297.0,0.0,3.6348
48,Rest,297.0999999999767,0.0,3.6348
48,Rest,297.19999999995343,0.0,3.6348
48,Rest,297.29999999998836,0.0,3.6348
48,Rest,297.3999999999651,0.0,3.6348
48,Rest,297.5,0.0,3.6348
48,Rest,297.5999999999767,0.0,3.6348
48,Rest,297.69999999995343,0.0,3.6348
48,Rest,297.79999999998836,0.0,3.6348
48,Rest,297.8999999999651,0.0,3.6348
48,Rest,298.0,0.0,3.6348
48,Rest,298.0999999999767,0.0,3.6348
48,Rest,298.19999999995343,0.0,3.6348
48,Rest,298.29999999998836,0.0,3.6348
48,Rest,298.3999999999651,0.0,3.6348
48,Rest,298.5,0.0,3.6348
48,Rest,298.5999999999767,0.0,3.6349
48,Rest,298.69999999995343,0.0,3.6349
48,Rest,298.79999999998836,0.0,3.6348
48,Rest,298.8999999999651,0.0,3.6349
48,Rest,299.0,0.0,3.6349
48,Rest,299.0999999999767,0.0,3.6348
48,Rest,299.19999999995343,0.0,3.6348
48,Rest,299.29999999998836,0.0,3.6348
48,Rest,299.3999999999651,0.0,3.6348
48,Rest,299.5,0.0,3.6349
48,Rest,299.5999999999767,0.0,3.6349
48,Rest,299.69999999995343,0.0,3.6349
48,Rest,299.79999999998836,0.0,3.6349
48,Rest,299.8999999999651,0.0,3.6349
48,Rest,300.0,0.0,3.6349
48,Rest,300.0999999999767,0.0,3.6349
48,Rest,300.19999999995343,0.0,3.6349
48,Rest,300.29999999998836,0.0,3.6349
48,Rest,300.3999999999651,0.0,3.6349
48,Rest,300.5,0.0,3.6349
48,Rest,300.5999999999767,0.0,3.6349
48,Rest,300.69999999995343,0.0,3.6349
48,Rest,300.79999999998836,0.0,3.6348
48,Rest,300.8999999999651,0.0,3.6349
48,Rest,301.0,0.0,3.6349
48,Rest,301.0999999999767,0.0,3.6349
48,Rest,301.19999999995343,0.0,3.6349
48,Rest,301.29999999998836,0.0,3.6349
48,Rest,301.3999999999651,0.0,3.6349
48,Rest,301.5,0.0,3.6349
48,Rest,301.5999999999767,0.0,3.6349
48,Rest,301.69999999995343,0.0,3.6349
48,Rest,301.79999999998836,0.0,3.6349
48,Rest,301.8999999999651,0.0,3.6349
48,Rest,302.0,0.0,3.6349
48,Rest,302.0999999999767,0.0,3.6349
48,Rest,302.19999999995343,0.0,3.6349
48,Rest,302.29999999998836,0.0,3.6349
48,Rest,302.3999999999651,0.0,3.6349
48,Rest,302.5,0.0,3.6349
48,Rest,302.5999999999767,0.0,3.6349
48,Rest,302.69999999995343,0.0,3.6349
48,Rest,302.79999999998836,0.0,3.6349
48,Rest,302.8999999999651,0.0,3.6349
48,Rest,303.0,0.0,3.6349
48,Rest,303.0999999999767,0.0,3.6349
48,Rest,303.19999999995343,0.0,3.6349
48,Rest,303.29999999998836,0.0,3.6349
48,Rest,303.3999999999651,0.0,3.6349
48,Rest,303.5,0.0,3.6349
48,Rest,303.5999999999767,0.0,3.6349
48,Rest,303.69999999995343,0.0,3.6349
48,Rest,303.79999999998836,0.0,3.6349
48,Rest,303.8999999999651,0.0,3.6349
48,Rest,304.0,0.0,3.6349
48,Rest,304.0999999999767,0.0,3.6349
48,Rest,304.19999999995343,0.0,3.6349
48,Rest,304.29999999998836,0.0,3.635
48,Rest,304.3999999999651,0.0,3.635
48,Rest,304.5,0.0,3.6349
48,Rest,304.5999999999767,0.0,3.635
48,Rest,304.69999999995343,0.0,3.635
48,Rest,304.79999999998836,0.0,3.6349
48,Rest,304.8999999999651,0.0,3.6349
48,Rest,305.0,0.0,3.635
48,Rest,305.0999999999767,0.0,3.635
48,Rest,305.19999999995343,0.0,3.6349
48,Rest,305.29999999998836,0.0,3.635
48,Rest,305.3999999999651,0.0,3.6349
48,Rest,305.5,0.0,3.6349
48,Rest,305.5999999999767,0.0,3.6349
48,Rest,305.69999999995343,0.0,3.635
48,Rest,305.79999999998836,0.0,3.635
48,Rest,305.8999999999651,0.0,3.635
48,Rest,306.0,0.0,3.635
48,Rest,306.0999999999767,0.0,3.635
48,Rest,306.19999999995343,0.0,3.635
48,Rest,306.29999999998836,0.0,3.6349
48,Rest,306.3999999999651,0.0,3.635
48,Rest,306.5,0.0,3.635
48,Rest,306.5999999999767,0.0,3.635
48,Rest,306.69999999995343,0.0,3.635
48,Rest,306.79999999998836,0.0,3.635
48,Rest,306.8999999999651,0.0,3.635
48,Rest,307.0,0.0,3.635
48,Rest,307.0999999999767,0.0,3.635
48,Rest,307.19999999995343,0.0,3.635
48,Rest,307.29999999998836,0.0,3.635
48,Rest,307.3999999999651,0.0,3.635
48,Rest,307.5,0.0,3.635
48,Rest,307.5999999999767,0.0,3.635
48,Rest,307.69999999995343,0.0,3.635
48,Rest,307.79999999998836,0.0,3.635
48,Rest,307.8999999999651,0.0,3.635
48,Rest,308.0,0.0,3.635
48,Rest,308.0999999999767,0.0,3.635
48,Rest,308.19999999995343,0.0,3.635
48,Rest,308.29999999998836,0.0,3.635
48,Rest,308.3999999999651,0.0,3.635
48,Rest,308.5,0.0,3.635
48,Rest,308.5999999999767,0.0,3.635
48,Rest,308.69999999995343,0.0,3.635
48,Rest,308.79999999998836,0.0,3.635
48,Rest,308.8999999999651,0.0,3.635
48,Rest,309.0,0.0,3.635
48,Rest,309.0999999999767,0.0,3.6351
48,Rest,309.19999999995343,0.0,3.6351
48,Rest,309.29999999998836,0.0,3.6351
48,Rest,309.3999999999651,0.0,3.6351
48,Rest,309.5,0.0,3.6351
48,Rest,309.5999999999767,0.0,3.6351
48,Rest,309.69999999995343,0.0,3.6351
48,Rest,309.79999999998836,0.0,3.6351
48,Rest,309.8999999999651,0.0,3.6351
48,Rest,310.0,0.0,3.6351
48,Rest,310.0999999999767,0.0,3.6351
48,Rest,310.19999999995343,0.0,3.6351
48,Rest,310.29999999998836,0.0,3.6351
48,Rest,310.3999999999651,0.0,3.6351
48,Rest,310.5,0.0,3.6351
48,Rest,310.5999999999767,0.0,3.6351
48,Rest,310.69999999995343,0.0,3.6351
48,Rest,310.79999999998836,0.0,3.6351
48,Rest,310.8999999999651,0.0,3.6351
48,Rest,311.0,0.0,3.6351
48,Rest,311.0999999999767,0.0,3.6351
48,Rest,311.19999999995343,0.0,3.6351
48,Rest,311.29999999998836,0.0,3.6351
48,Rest,311.3999999999651,0.0,3.6351
48,Rest,311.5,0.0,3.6351
48,Rest,311.5999999999767,0.0,3.6351
48,Rest,311.69999999995343,0.0,3.6351
48,Rest,311.79999999998836,0.0,3.6351
48,Rest,311.8999999999651,0.0,3.6351
48,Rest,312.0,0.0,3.6351
48,Rest,312.0999999999767,0.0,3.6351
48,Rest,312.19999999995343,0.0,3.6351
48,Rest,312.29999999998836,0.0,3.6351
48,Rest,312.3999999999651,0.0,3.6351
48,Rest,312.5,0.0,3.6351
48,Rest,312.5999999999767,0.0,3.6351
48,Rest,312.69999999995343,0.0,3.6351
48,Rest,312.79999999998836,0.0,3.6351
48,Rest,312.8999999999651,0.0,3.6351
48,Rest,313.0,0.0,3.6351
48,Rest,313.0999999999767,0.0,3.6351
48,Rest,313.19999999995343,0.0,3.6351
48,Rest,313.29999999998836,0.0,3.6352
48,Rest,313.3999999999651,0.0,3.6352
48,Rest,313.5,0.0,3.6352
48,Rest,313.5999999999767,0.0,3.6352
48,Rest,313.69999999995343,0.0,3.6352
48,Rest,313.79999999998836,0.0,3.6352
48,Rest,313.8999999999651,0.0,3.6352
48,Rest,314.0,0.0,3.6352
48,Rest,314.0999999999767,0.0,3.6352
48,Rest,314.19999999995343,0.0,3.6352
48,Rest,314.29999999998836,0.0,3.6351
48,Rest,314.3999999999651,0.0,3.6352
48,Rest,314.5,0.0,3.6352
48,Rest,314.5999999999767,0.0,3.6351
48,Rest,314.69999999995343,0.0,3.6352
48,Rest,314.79999999998836,0.0,3.6352
48,Rest,314.8999999999651,0.0,3.6352
48,Rest,315.0,0.0,3.6352
48,Rest,315.0999999999767,0.0,3.6352
48,Rest,315.19999999995343,0.0,3.6352
48,Rest,315.29999999998836,0.0,3.6352
48,Rest,315.3999999999651,0.0,3.6352
48,Rest,315.5,0.0,3.6352
48,Rest,315.5999999999767,0.0,3.6352
48,Rest,315.69999999995343,0.0,3.6352
48,Rest,315.79999999998836,0.0,3.6352
48,Rest,315.8999999999651,0.0,3.6352
48,Rest,316.0,0.0,3.6352
48,Rest,316.0999999999767,0.0,3.6352
48,Rest,316.19999999995343,0.0,3.6352
48,Rest,316.29999999998836,0.0,3.6352
48,Rest,316.3999999999651,0.0,3.6352
48,Rest,316.5,0.0,3.6352
48,Rest,316.5999999999767,0.0,3.6352
48,Rest,316.69999999995343,0.0,3.6352
48,Rest,316.79999999998836,0.0,3.6352
48,Rest,316.8999999999651,0.0,3.6352
48,Rest,317.0,0.0,3.6352
48,Rest,317.0999999999767,0.0,3.6352
48,Rest,317.19999999995343,0.0,3.6352
48,Rest,317.29999999998836,0.0,3.6352
48,Rest,317.3999999999651,0.0,3.6352
48,Rest,317.5,0.0,3.6352
48,Rest,317.5999999999767,0.0,3.6353
48,Rest,317.69999999995343,0.0,3.6353
48,Rest,317.79999999998836,0.0,3.6353
48,Rest,317.8999999999651,0.0,3.6352
48,Rest,318.0,0.0,3.6353
48,Rest,318.0999999999767,0.0,3.6353
48,Rest,318.19999999995343,0.0,3.6353
48,Rest,318.29999999998836,0.0,3.6353
48,Rest,318.3999999999651,0.0,3.6353
48,Rest,318.5,0.0,3.6353
48,Rest,318.5999999999767,0.0,3.6353
48,Rest,318.69999999995343,0.0,3.6353
48,Rest,318.79999999998836,0.0,3.6353
48,Rest,318.8999999999651,0.0,3.6353
48,Rest,319.0,0.0,3.6353
48,Rest,319.0999999999767,0.0,3.6353
48,Rest,319.19999999995343,0.0,3.6353
48,Rest,319.29999999998836,0.0,3.6353
48,Rest,319.3999999999651,0.0,3.6353
48,Rest,319.5,0.0,3.6353
48,Rest,319.5999999999767,0.0,3.6353
48,Rest,319.69999999995343,0.0,3.6353
48,Rest,319.79999999998836,0.0,3.6353
48,Rest,319.8999999999651,0.0,3.6353
48,Rest,320.0,0.0,3.6353
48,Rest,320.0999999999767,0.0,3.6353
48,Rest,320.19999999995343,0.0,3.6353
48,Rest,320.29999999998836,0.0,3.6353
48,Rest,320.3999999999651,0.0,3.6353
48,Rest,320.5,0.0,3.6353
48,Rest,320.5999999999767,0.0,3.6353
48,Rest,320.69999999995343,0.0,3.6353
48,Rest,320.79999999998836,0.0,3.6353
48,Rest,320.8999999999651,0.0,3.6353
48,Rest,321.0,0.0,3.6353
48,Rest,321.0999999999767,0.0,3.6353
48,Rest,321.19999999995343,0.0,3.6353
48,Rest,321.29999999998836,0.0,3.6353
48,Rest,321.3999999999651,0.0,3.6353
48,Rest,321.5,0.0,3.6353
48,Rest,321.5999999999767,0.0,3.6353
48,Rest,321.69999999995343,0.0,3.6353
48,Rest,321.79999999998836,0.0,3.6353
48,Rest,321.8999999999651,0.0,3.6353
48,Rest,322.0,0.0,3.6354
48,Rest,322.0999999999767,0.0,3.6353
48,Rest,322.19999999995343,0.0,3.6353
48,Rest,322.29999999998836,0.0,3.6353
48,Rest,322.3999999999651,0.0,3.6353
48,Rest,322.5,0.0,3.6353
48,Rest,322.5999999999767,0.0,3.6353
48,Rest,322.69999999995343,0.0,3.6353
48,Rest,322.79999999998836,0.0,3.6353
48,Rest,322.8999999999651,0.0,3.6354
48,Rest,323.0,0.0,3.6354
48,Rest,323.0999999999767,0.0,3.6353
48,Rest,323.19999999995343,0.0,3.6353
48,Rest,323.29999999998836,0.0,3.6353
48,Rest,323.3999999999651,0.0,3.6353
48,Rest,323.5,0.0,3.6353
48,Rest,323.5999999999767,0.0,3.6353
48,Rest,323.69999999995343,0.0,3.6353
48,Rest,323.79999999998836,0.0,3.6353
48,Rest,323.8999999999651,0.0,3.6354
48,Rest,324.0,0.0,3.6354
48,Rest,324.0999999999767,0.0,3.6353
48,Rest,324.19999999995343,0.0,3.6353
48,Rest,324.29999999998836,0.0,3.6354
48,Rest,324.3999999999651,0.0,3.6354
48,Rest,324.5,0.0,3.6354
48,Rest,324.5999999999767,0.0,3.6354
48,Rest,324.69999999995343,0.0,3.6354
48,Rest,324.79999999998836,0.0,3.6354
48,Rest,324.8999999999651,0.0,3.6354
48,Rest,325.0,0.0,3.6354
48,Rest,325.0999999999767,0.0,3.6354
48,Rest,325.19999999995343,0.0,3.6354
48,Rest,325.29999999998836,0.0,3.6354
48,Rest,325.3999999999651,0.0,3.6354
48,Rest,325.5,0.0,3.6354
48,Rest,325.5999999999767,0.0,3.6354
48,Rest,325.69999999995343,0.0,3.6354
48,Rest,325.79999999998836,0.0,3.6354
48,Rest,325.8999999999651,0.0,3.6354
48,Rest,326.0,0.0,3.6354
48,Rest,326.0999999999767,0.0,3.6353
48,Rest,326.19999999995343,0.0,3.6354
48,Rest,326.29999999998836,0.0,3.6354
48,Rest,326.3999999999651,0.0,3.6354
48,Rest,326.5,0.0,3.6354
48,Rest,326.5999999999767,0.0,3.6354
48,Rest,326.69999999995343,0.0,3.6354
48,Rest,326.79999999998836,0.0,3.6354
48,Rest,326.8999999999651,0.0,3.6354
48,Rest,327.0,0.0,3.6354
48,Rest,327.0999999999767,0.0,3.6354
48,Rest,327.19999999995343,0.0,3.6354
48,Rest,327.29999999998836,0.0,3.6355
48,Rest,327.3999999999651,0.0,3.6355
48,Rest,327.5,0.0,3.6355
48,Rest,327.5999999999767,0.0,3.6354
48,Rest,327.69999999995343,0.0,3.6354
48,Rest,327.79999999998836,0.0,3.6354
48,Rest,327.8999999999651,0.0,3.6354
48,Rest,328.0,0.0,3.6354
48,Rest,328.0999999999767,0.0,3.6354
48,Rest,328.19999999995343,0.0,3.6354
48,Rest,328.29999999998836,0.0,3.6354
48,Rest,328.3999999999651,0.0,3.6355
48,Rest,328.5,0.0,3.6355
48,Rest,328.5999999999767,0.0,3.6354
48,Rest,328.69999999995343,0.0,3.6355
48,Rest,328.79999999998836,0.0,3.6355
48,Rest,328.8999999999651,0.0,3.6354
48,Rest,329.0,0.0,3.6355
48,Rest,329.0999999999767,0.0,3.6355
48,Rest,329.19999999995343,0.0,3.6354
48,Rest,329.29999999998836,0.0,3.6354
48,Rest,329.3999999999651,0.0,3.6354
48,Rest,329.5,0.0,3.6354
48,Rest,329.5999999999767,0.0,3.6354
48,Rest,329.69999999995343,0.0,3.6355
48,Rest,329.79999999998836,0.0,3.6354
48,Rest,329.8999999999651,0.0,3.6354
48,Rest,330.0,0.0,3.6354
48,Rest,330.0999999999767,0.0,3.6354
48,Rest,330.19999999995343,0.0,3.6354
48,Rest,330.29999999998836,0.0,3.6354
48,Rest,330.3999999999651,0.0,3.6354
48,Rest,330.5,0.0,3.6354
48,Rest,330.5999999999767,0.0,3.6354
48,Rest,330.69999999995343,0.0,3.6355
48,Rest,330.79999999998836,0.0,3.6355
48,Rest,330.8999999999651,0.0,3.6355
48,Rest,331.0,0.0,3.6355
48,Rest,331.0999999999767,0.0,3.6355
48,Rest,331.19999999995343,0.0,3.6355
48,Rest,331.29999999998836,0.0,3.6355
48,Rest,331.3999999999651,0.0,3.6355
48,Rest,331.5,0.0,3.6355
48,Rest,331.5999999999767,0.0,3.6355
48,Rest,331.69999999995343,0.0,3.6355
48,Rest,331.79999999998836,0.0,3.6355
48,Rest,331.8999999999651,0.0,3.6355
48,Rest,332.0,0.0,3.6355
48,Rest,332.0999999999767,0.0,3.6355
48,Rest,332.19999999995343,0.0,3.6355
48,Rest,332.29999999998836,0.0,3.6355
48,Rest,332.3999999999651,0.0,3.6355
48,Rest,332.5,0.0,3.6355
48,Rest,332.5999999999767,0.0,3.6355
48,Rest,332.69999999995343,0.0,3.6355
48,Rest,332.79999999998836,0.0,3.6355
48,Rest,332.8999999999651,0.0,3.6355
48,Rest,333.0,0.0,3.6355
48,Rest,333.0999999999767,0.0,3.6355
48,Rest,333.19999999995343,0.0,3.6355
48,Rest,333.29999999998836,0.0,3.6355
48,Rest,333.3999999999651,0.0,3.6355
48,Rest,333.5,0.0,3.6355
48,Rest,333.5999999999767,0.0,3.6355
48,Rest,333.69999999995343,0.0,3.6355
48,Rest,333.79999999998836,0.0,3.6355
48,Rest,333.8999999999651,0.0,3.6355
48,Rest,334.0,0.0,3.6355
48,Rest,334.0999999999767,0.0,3.6355
48,Rest,334.19999999995343,0.0,3.6355
48,Rest,334.29999999998836,0.0,3.6355
48,Rest,334.3999999999651,0.0,3.6355
48,Rest,334.5,0.0,3.6355
48,Rest,334.5999999999767,0.0,3.6355
48,Rest,334.69999999995343,0.0,3.6355
48,Rest,334.79999999998836,0.0,3.6355
48,Rest,334.8999999999651,0.0,3.6356
48,Rest,335.0,0.0,3.6356
48,Rest,335.0999999999767,0.0,3.6355
48,Rest,335.19999999995343,0.0,3.6356
48,Rest,335.29999999998836,0.0,3.6355
48,Rest,335.3999999999651,0.0,3.6355
48,Rest,335.5,0.0,3.6356
48,Rest,335.5999999999767,0.0,3.6356
48,Rest,335.69999999995343,0.0,3.6356
48,Rest,335.79999999998836,0.0,3.6356
48,Rest,335.8999999999651,0.0,3.6356
48,Rest,336.0,0.0,3.6356
48,Rest,336.0999999999767,0.0,3.6356
48,Rest,336.19999999995343,0.0,3.6356
48,Rest,336.29999999998836,0.0,3.6356
48,Rest,336.3999999999651,0.0,3.6356
48,Rest,336.5,0.0,3.6356
48,Rest,336.5999999999767,0.0,3.6356
48,Rest,336.69999999995343,0.0,3.6356
48,Rest,336.79999999998836,0.0,3.6356
48,Rest,336.8999999999651,0.0,3.6356
48,Rest,337.0,0.0,3.6356
48,Rest,337.0999999999767,0.0,3.6356
48,Rest,337.19999999995343,0.0,3.6356
48,Rest,337.29999999998836,0.0,3.6356
48,Rest,337.3999999999651,0.0,3.6356
48,Rest,337.5,0.0,3.6356
48,Rest,337.5999999999767,0.0,3.6356
48,Rest,337.69999999995343,0.0,3.6356
48,Rest,337.79999999998836,0.0,3.6356
48,Rest,337.8999999999651,0.0,3.6356
48,Rest,338.0,0.0,3.6356
48,Rest,338.0999999999767,0.0,3.6356
48,Rest,338.19999999995343,0.0,3.6356
48,Rest,338.29999999998836,0.0,3.6356
48,Rest,338.3999999999651,0.0,3.6356
48,Rest,338.5,0.0,3.6356
48,Rest,338.5999999999767,0.0,3.6356
48,Rest,338.69999999995343,0.0,3.6356
48,Rest,338.79999999998836,0.0,3.6355
48,Rest,338.8999999999651,0.0,3.6356
48,Rest,339.0,0.0,3.6356
48,Rest,339.0999999999767,0.0,3.6356
48,Rest,339.19999999995343,0.0,3.6356
48,Rest,339.29999999998836,0.0,3.6356
48,Rest,339.3999999999651,0.0,3.6356
48,Rest,339.5,0.0,3.6356
48,Rest,339.5999999999767,0.0,3.6356
48,Rest,339.69999999995343,0.0,3.6356
48,Rest,339.79999999998836,0.0,3.6356
48,Rest,339.8999999999651,0.0,3.6356
48,Rest,340.0,0.0,3.6356
48,Rest,340.0999999999767,0.0,3.6356
48,Rest,340.19999999995343,0.0,3.6356
48,Rest,340.29999999998836,0.0,3.6357
48,Rest,340.3999999999651,0.0,3.6356
48,Rest,340.5,0.0,3.6356
48,Rest,340.5999999999767,0.0,3.6357
48,Rest,340.69999999995343,0.0,3.6357
48,Rest,340.79999999998836,0.0,3.6357
48,Rest,340.8999999999651,0.0,3.6357
48,Rest,341.0,0.0,3.6357
48,Rest,341.0999999999767,0.0,3.6357
48,Rest,341.19999999995343,0.0,3.6357
48,Rest,341.29999999998836,0.0,3.6357
48,Rest,341.3999999999651,0.0,3.6357
48,Rest,341.5,0.0,3.6357
48,Rest,341.5999999999767,0.0,3.6357
48,Rest,341.69999999995343,0.0,3.6357
48,Rest,341.79999999998836,0.0,3.6357
48,Rest,341.8999999999651,0.0,3.6357
48,Rest,342.0,0.0,3.6357
48,Rest,342.0999999999767,0.0,3.6358
48,Rest,342.19999999995343,0.0,3.6357
48,Rest,342.29999999998836,0.0,3.6357
48,Rest,342.3999999999651,0.0,3.6357
48,Rest,342.5,0.0,3.6357
48,Rest,342.5999999999767,0.0,3.6357
48,Rest,342.69999999995343,0.0,3.6357
48,Rest,342.79999999998836,0.0,3.6357
48,Rest,342.8999999999651,0.0,3.6357
48,Rest,343.0,0.0,3.6357
48,Rest,343.0999999999767,0.0,3.6357
48,Rest,343.19999999995343,0.0,3.6357
48,Rest,343.29999999998836,0.0,3.6357
48,Rest,343.3999999999651,0.0,3.6357
48,Rest,343.5,0.0,3.6357
48,Rest,343.5999999999767,0.0,3.6357
48,Rest,343.69999999995343,0.0,3.6357
48,Rest,343.79999999998836,0.0,3.6357
48,Rest,343.8999999999651,0.0,3.6357
48,Rest,344.0,0.0,3.6358
48,Rest,344.0999999999767,0.0,3.6357
48,Rest,344.19999999995343,0.0,3.6357
48,Rest,344.29999999998836,0.0,3.6357
48,Rest,344.3999999999651,0.0,3.6358
48,Rest,344.5,0.0,3.6357
48,Rest,344.5999999999767,0.0,3.6357
48,Rest,344.69999999995343,0.0,3.6358
48,Rest,344.79999999998836,0.0,3.6358
48,Rest,344.8999999999651,0.0,3.6358
48,Rest,345.0,0.0,3.6358
48,Rest,345.0999999999767,0.0,3.6358
48,Rest,345.19999999995343,0.0,3.6358
48,Rest,345.29999999998836,0.0,3.6358
48,Rest,345.3999999999651,0.0,3.6358
48,Rest,345.5,0.0,3.6358
48,Rest,345.5999999999767,0.0,3.6358
48,Rest,345.69999999995343,0.0,3.6358
48,Rest,345.79999999998836,0.0,3.6358
48,Rest,345.8999999999651,0.0,3.6358
48,Rest,346.0,0.0,3.6358
48,Rest,346.0999999999767,0.0,3.6358
48,Rest,346.19999999995343,0.0,3.6358
48,Rest,346.29999999998836,0.0,3.6358
48,Rest,346.3999999999651,0.0,3.6358
48,Rest,346.5,0.0,3.6358
48,Rest,346.5999999999767,0.0,3.6358
48,Rest,346.69999999995343,0.0,3.6358
48,Rest,346.79999999998836,0.0,3.6358
48,Rest,346.8999999999651,0.0,3.6358
48,Rest,347.0,0.0,3.6358
48,Rest,347.0999999999767,0.0,3.6358
48,Rest,347.19999999995343,0.0,3.6358
48,Rest,347.29999999998836,0.0,3.6358
48,Rest,347.3999999999651,0.0,3.6358
48,Rest,347.5,0.0,3.6358
48,Rest,347.5999999999767,0.0,3.6358
48,Rest,347.69999999995343,0.0,3.6358
48,Rest,347.79999999998836,0.0,3.6358
48,Rest,347.8999999999651,0.0,3.6358
48,Rest,348.0,0.0,3.6358
48,Rest,348.0999999999767,0.0,3.6358
48,Rest,348.19999999995343,0.0,3.6358
48,Rest,348.29999999998836,0.0,3.6358
48,Rest,348.3999999999651,0.0,3.6358
48,Rest,348.5,0.0,3.6358
48,Rest,348.5999999999767,0.0,3.6358
48,Rest,348.69999999995343,0.0,3.6358
48,Rest,348.79999999998836,0.0,3.6358
48,Rest,348.8999999999651,0.0,3.6359
48,Rest,349.0,0.0,3.6358
48,Rest,349.0999999999767,0.0,3.6359
48,Rest,349.19999999995343,0.0,3.6358
48,Rest,349.29999999998836,0.0,3.6358
48,Rest,349.3999999999651,0.0,3.6359
48,Rest,349.5,0.0,3.6359
48,Rest,349.5999999999767,0.0,3.6358
48,Rest,349.69999999995343,0.0,3.6359
48,Rest,349.79999999998836,0.0,3.6359
48,Rest,349.8999999999651,0.0,3.6359
48,Rest,350.0,0.0,3.6359
48,Rest,350.0999999999767,0.0,3.6359
48,Rest,350.19999999995343,0.0,3.6359
48,Rest,350.29999999998836,0.0,3.6359
48,Rest,350.3999999999651,0.0,3.6359
48,Rest,350.5,0.0,3.6359
48,Rest,350.5999999999767,0.0,3.6359
48,Rest,350.69999999995343,0.0,3.6359
48,Rest,350.79999999998836,0.0,3.6359
48,Rest,350.8999999999651,0.0,3.6359
48,Rest,351.0,0.0,3.6359
48,Rest,351.0999999999767,0.0,3.6359
48,Rest,351.19999999995343,0.0,3.6359
48,Rest,351.29999999998836,0.0,3.6359
48,Rest,351.3999999999651,0.0,3.6359
48,Rest,351.5,0.0,3.6359
48,Rest,351.5999999999767,0.0,3.6359
48,Rest,351.69999999995343,0.0,3.6359
48,Rest,351.79999999998836,0.0,3.6359
48,Rest,351.8999999999651,0.0,3.6359
48,Rest,352.0,0.0,3.6359
48,Rest,352.0999999999767,0.0,3.6359
48,Rest,352.19999999995343,0.0,3.6359
48,Rest,352.29999999998836,0.0,3.6359
48,Rest,352.3999999999651,0.0,3.6359
48,Rest,352.5,0.0,3.6359
48,Rest,352.5999999999767,0.0,3.6359
48,Rest,352.69999999995343,0.0,3.6359
48,Rest,352.79999999998836,0.0,3.6359
48,Rest,352.8999999999651,0.0,3.6359
48,Rest,353.0,0.0,3.6359
48,Rest,353.0999999999767,0.0,3.6359
48,Rest,353.19999999995343,0.0,3.6359
48,Rest,353.29999999998836,0.0,3.6359
48,Rest,353.3999999999651,0.0,3.6359
48,Rest,353.5,0.0,3.6359
48,Rest,353.5999999999767,0.0,3.6359
48,Rest,353.69999999995343,0.0,3.6359
48,Rest,353.79999999998836,0.0,3.6359
48,Rest,353.8999999999651,0.0,3.6359
48,Rest,354.0,0.0,3.6359
48,Rest,354.0999999999767,0.0,3.636
48,Rest,354.19999999995343,0.0,3.6359
48,Rest,354.29999999998836,0.0,3.6359
48,Rest,354.3999999999651,0.0,3.6359
48,Rest,354.5,0.0,3.6359
48,Rest,354.5999999999767,0.0,3.6359
48,Rest,354.69999999995343,0.0,3.636
48,Rest,354.79999999998836,0.0,3.6359
48,Rest,354.8999999999651,0.0,3.6359
48,Rest,355.0,0.0,3.6359
48,Rest,355.0999999999767,0.0,3.6359
48,Rest,355.19999999995343,0.0,3.6359
48,Rest,355.29999999998836,0.0,3.6359
48,Rest,355.3999999999651,0.0,3.6359
48,Rest,355.5,0.0,3.6359
48,Rest,355.5999999999767,0.0,3.6359
48,Rest,355.69999999995343,0.0,3.6359
48,Rest,355.79999999998836,0.0,3.6359
48,Rest,355.8999999999651,0.0,3.6359
48,Rest,356.0,0.0,3.6359
48,Rest,356.0999999999767,0.0,3.6359
48,Rest,356.19999999995343,0.0,3.6359
48,Rest,356.29999999998836,0.0,3.6359
48,Rest,356.3999999999651,0.0,3.6359
48,Rest,356.5,0.0,3.6359
48,Rest,356.5999999999767,0.0,3.636
48,Rest,356.69999999995343,0.0,3.6359
48,Rest,356.79999999998836,0.0,3.6359
48,Rest,356.8999999999651,0.0,3.6359
48,Rest,357.0,0.0,3.6359
48,Rest,357.0999999999767,0.0,3.6359
48,Rest,357.19999999995343,0.0,3.6359
48,Rest,357.29999999998836,0.0,3.6359
48,Rest,357.3999999999651,0.0,3.6359
48,Rest,357.5,0.0,3.6359
48,Rest,357.5999999999767,0.0,3.6359
48,Rest,357.69999999995343,0.0,3.6359
48,Rest,357.79999999998836,0.0,3.636
48,Rest,357.8999999999651,0.0,3.6359
48,Rest,358.0,0.0,3.6359
48,Rest,358.0999999999767,0.0,3.6359
48,Rest,358.19999999995343,0.0,3.636
48,Rest,358.29999999998836,0.0,3.636
48,Rest,358.3999999999651,0.0,3.636
48,Rest,358.5,0.0,3.636
48,Rest,358.5999999999767,0.0,3.636
48,Rest,358.69999999995343,0.0,3.636
48,Rest,358.79999999998836,0.0,3.636
48,Rest,358.8999999999651,0.0,3.636
48,Rest,359.0,0.0,3.636
48,Rest,359.0999999999767,0.0,3.636
48,Rest,359.19999999995343,0.0,3.636
48,Rest,359.29999999998836,0.0,3.636
48,Rest,359.3999999999651,0.0,3.636
48,Rest,359.5,0.0,3.636
48,Rest,359.5999999999767,0.0,3.636
48,Rest,359.69999999995343,0.0,3.636
48,Rest,359.79999999998836,0.0,3.636
48,Rest,359.8999999999651,0.0,3.6359
48,Rest,360.0,0.0,3.636
48,Rest,360.0999999999767,0.0,3.636
48,Rest,360.19999999995343,0.0,3.6359
48,Rest,360.29999999998836,0.0,3.636
48,Rest,360.3999999999651,0.0,3.636
48,Rest,360.5,0.0,3.636
48,Rest,360.5999999999767,0.0,3.636
48,Rest,360.69999999995343,0.0,3.636
48,Rest,360.79999999998836,0.0,3.636
48,Rest,360.8999999999651,0.0,3.636
48,Rest,361.0,0.0,3.636
48,Rest,361.0999999999767,0.0,3.6359
48,Rest,361.19999999995343,0.0,3.6359
48,Rest,361.29999999998836,0.0,3.636
48,Rest,361.3999999999651,0.0,3.636
48,Rest,361.5,0.0,3.636
48,Rest,361.5999999999767,0.0,3.6359
48,Rest,361.69999999995343,0.0,3.6359
48,Rest,361.79999999998836,0.0,3.636
48,Rest,361.8999999999651,0.0,3.636
48,Rest,362.0,0.0,3.636
48,Rest,362.0999999999767,0.0,3.636
48,Rest,362.19999999995343,0.0,3.636
48,Rest,362.29999999998836,0.0,3.636
48,Rest,362.3999999999651,0.0,3.636
48,Rest,362.5,0.0,3.636
48,Rest,362.5999999999767,0.0,3.636
48,Rest,362.69999999995343,0.0,3.636
48,Rest,362.79999999998836,0.0,3.636
48,Rest,362.8999999999651,0.0,3.636
48,Rest,363.0,0.0,3.636
48,Rest,363.0999999999767,0.0,3.636
48,Rest,363.19999999995343,0.0,3.636
48,Rest,363.29999999998836,0.0,3.636
48,Rest,363.3999999999651,0.0,3.636
48,Rest,363.5,0.0,3.636
48,Rest,363.5999999999767,0.0,3.636
48,Rest,363.69999999995343,0.0,3.636
48,Rest,363.79999999998836,0.0,3.636
48,Rest,363.8999999999651,0.0,3.636
48,Rest,364.0,0.0,3.636
48,Rest,364.0999999999767,0.0,3.636
48,Rest,364.19999999995343,0.0,3.636
48,Rest,364.29999999998836,0.0,3.636
48,Rest,364.3999999999651,0.0,3.636
48,Rest,364.5,0.0,3.636
48,Rest,364.5999999999767,0.0,3.636
48,Rest,364.69999999995343,0.0,3.636
48,Rest,364.79999999998836,0.0,3.6361
48,Rest,364.8999999999651,0.0,3.636
48,Rest,365.0,0.0,3.636
48,Rest,365.0999999999767,0.0,3.636
48,Rest,365.19999999995343,0.0,3.636
48,Rest,365.29999999998836,0.0,3.6361
48,Rest,365.3999999999651,0.0,3.6361
48,Rest,365.5,0.0,3.6361
48,Rest,365.5999999999767,0.0,3.6361
48,Rest,365.69999999995343,0.0,3.636
48,Rest,365.79999999998836,0.0,3.6361
48,Rest,365.8999999999651,0.0,3.636
48,Rest,366.0,0.0,3.6361
48,Rest,366.0999999999767,0.0,3.6361
48,Rest,366.19999999995343,0.0,3.636
48,Rest,366.29999999998836,0.0,3.6361
