Step,Step Type,"t,s","I,A","U,V"
19,CC DChg,0.0,-1.6981,3.9136
19,CC DChg,1.8333333333139308,-1.6981,3.9136
19,CC DChg,3.6666666666278616,-1.6984,3.9102
19,CC DChg,5.5,-1.6989,3.9083
19,CC DChg,5.75757575755415,-1.6991,3.9053
19,CC DChg,6.015151515137404,-1.6992,3.9037
19,CC DChg,6.272727272720658,-1.6993,3.9027
19,CC DChg,6.53030303028936,-1.6994,3.9018
19,CC DChg,6.787878787858062,-1.6995,3.9013
19,CC DChg,7.0454545454267645,-1.6995,3.9007
19,CC DChg,7.3030303030100185,-1.6995,3.9001
19,CC DChg,7.560606060593273,-1.6996,3.8996
19,CC DChg,7.818181818147423,-1.6996,3.8992
19,CC DChg,8.07575757575978,-1.6996,3.8987
19,CC DChg,8.190082644636277,-1.6996,3.8983
19,CC DChg,8.304407713469118,-1.6996,3.8979
19,CC DChg,8.418732782360166,-1.6996,3.8976
19,CC DChg,8.533057851236663,-1.6997,3.8973
19,CC DChg,8.647382920098607,-1.6997,3.8969
19,CC DChg,8.761707988960552,-1.6997,3.8966
19,CC DChg,8.876033057837049,-1.6997,3.8963
19,CC DChg,8.990358126713545,-1.6997,3.8959
19,CC DChg,9.10468319557549,-1.6997,3.8957
19,CC DChg,9.219008264437434,-1.6997,3.8954
19,CC DChg,9.32031054343679,-1.6997,3.8951
19,CC DChg,9.421612822436146,-1.6997,3.8948
19,CC DChg,9.522915101391845,-1.6997,3.8945
19,CC DChg,9.624217380391201,-1.6998,3.8942
19,CC DChg,9.725519659376005,-1.6998,3.894
19,CC DChg,9.82682193837536,-1.6998,3.8938
19,CC DChg,9.928124217360164,-1.6998,3.8935
19,CC DChg,10.02942649635952,-1.6998,3.8933
19,CC DChg,10.130728775329771,-1.6998,3.893
19,CC DChg,10.232031054329127,-1.6998,3.8928
19,CC DChg,10.332149443333037,-1.6998,3.8925
19,CC DChg,10.432267832307843,-1.6998,3.8923
19,CC DChg,10.532386221311754,-1.6998,3.892
19,CC DChg,10.632504610330216,-1.6998,3.8918
19,CC DChg,10.732622999319574,-1.6998,3.8916
19,CC DChg,10.832741388308932,-1.6998,3.8913
19,CC DChg,10.932859777312842,-1.6998,3.8911
19,CC DChg,11.032978166316752,-1.6998,3.8909
19,CC DChg,11.133096555320662,-1.6998,3.8907
19,CC DChg,11.23321494431002,-1.6998,3.8904
19,CC DChg,11.333225706956,-1.6998,3.8903
19,CC DChg,11.433236469587428,-1.6998,3.89
19,CC DChg,11.533247232218855,-1.6998,3.8898
19,CC DChg,11.633257994850283,-1.6999,3.8896
19,CC DChg,11.733268757496262,-1.6999,3.8894
19,CC DChg,11.833279520113138,-1.6999,3.8892
19,CC DChg,11.933290282773669,-1.6999,3.889
19,CC DChg,12.033301045390544,-1.6999,3.8888
19,CC DChg,12.133311808036524,-1.6999,3.8886
19,CC DChg,12.233322570667951,-1.6999,3.8884
19,CC DChg,12.333323549115448,-1.6999,3.8882
19,CC DChg,12.43332452751929,-1.6999,3.888
19,CC DChg,12.533325505952234,-1.6999,3.8878
19,CC DChg,12.633326484370627,-1.6999,3.8876
19,CC DChg,12.73332746278902,-1.6999,3.8874
19,CC DChg,12.833328441207414,-1.6999,3.8872
19,CC DChg,12.933329419640359,-1.6999,3.8871
19,CC DChg,13.033330398029648,-1.6999,3.8869
19,CC DChg,13.133331376477145,-1.6999,3.8867
19,CC DChg,13.233332354895538,-1.6999,3.8865
19,CC DChg,13.333332443828112,-1.6999,3.8863
19,CC DChg,13.433332532789791,-1.6999,3.8862
19,CC DChg,13.533332621736918,-1.6999,3.886
19,CC DChg,13.633332710669492,-1.6999,3.8858
19,CC DChg,13.733332799631171,-1.6999,3.8856
19,CC DChg,13.833332888578298,-1.6999,3.8854
19,CC DChg,13.933332977510872,-1.6999,3.8853
19,CC DChg,14.03333306647255,-1.6999,3.8851
19,CC DChg,14.133333155419677,-1.6999,3.8849
19,CC DChg,14.233333244352252,-1.6999,3.8847
19,CC DChg,14.333333252448938,-1.6999,3.8845
19,CC DChg,14.433333260560175,-1.6999,3.8844
19,CC DChg,14.533333268627757,-1.6999,3.8842
19,CC DChg,14.633333276709891,-1.6999,3.884
19,CC DChg,14.733333284792025,-1.6999,3.8838
19,CC DChg,14.833333292874158,-1.6999,3.8837
19,CC DChg,14.933333300970844,-1.6999,3.8835
19,CC DChg,15.033333309052978,-1.6999,3.8834
19,CC DChg,15.133333317135111,-1.6999,3.8832
19,CC DChg,15.233333325231797,-1.6999,3.8831
19,CC DChg,15.333333325950662,-1.6999,3.8829
19,CC DChg,15.43333332669863,-1.6999,3.8827
19,CC DChg,15.533333327432047,-1.6999,3.8825
19,CC DChg,15.633333328150911,-1.6999,3.8824
19,CC DChg,15.73333332889888,-1.6999,3.8822
19,CC DChg,15.833333329632296,-1.6999,3.8821
19,CC DChg,15.933333330394817,-1.6999,3.8819
19,CC DChg,16.03333333111368,-1.6999,3.8817
19,CC DChg,16.133333331832546,-1.6999,3.8816
19,CC DChg,16.233333332595066,-1.6999,3.8814
19,CC DChg,16.33333333262999,-1.6999,3.8812
19,CC DChg,16.43333333270857,-1.6999,3.8811
19,CC DChg,16.53333333278715,-1.6999,3.881
19,CC DChg,16.63333333285118,-1.6999,3.8808
19,CC DChg,16.73333333291521,-1.6999,3.8806
19,CC DChg,16.83333333299379,-1.6999,3.8805
19,CC DChg,16.933333333028713,-1.6999,3.8803
19,CC DChg,17.033333333107294,-1.6999,3.8802
19,CC DChg,17.133333333200426,-1.6999,3.88
19,CC DChg,17.233333333249902,-1.6999,3.8799
19,CC DChg,17.333333333255723,-1.6999,3.8797
19,CC DChg,17.433333333276096,-1.6999,3.8796
19,CC DChg,17.533333333267365,-1.6999,3.8794
19,CC DChg,17.633333333273185,-1.6999,3.8793
19,CC DChg,17.733333333279006,-1.6999,3.8791
19,CC DChg,17.833333333270275,-1.6999,3.879
19,CC DChg,17.933333333290648,-1.6999,3.8789
19,CC DChg,18.03333333329647,-1.6999,3.8787
19,CC DChg,18.13333333331684,-1.6999,3.8785
19,CC DChg,18.23333333330811,-1.6999,3.8784
19,CC DChg,18.33333333331393,-1.6999,3.8782
19,CC DChg,18.43333333331975,-1.6999,3.8781
19,CC DChg,18.53333333331102,-1.6999,3.878
19,CC DChg,18.63333333331684,-1.6999,3.8778
19,CC DChg,18.73333333330811,-1.6999,3.8777
19,CC DChg,18.83333333331393,-1.6999,3.8776
19,CC DChg,18.93333333331975,-1.6999,3.8774
19,CC DChg,19.03333333331102,-1.6999,3.8772
19,CC DChg,19.13333333331684,-1.6999,3.8772
19,CC DChg,19.23333333330811,-1.6999,3.8771
19,CC DChg,19.33333333331393,-1.6999,3.8768
19,CC DChg,19.43333333331975,-1.6999,3.8767
19,CC DChg,19.53333333331102,-1.6999,3.8766
19,CC DChg,19.63333333331684,-1.6999,3.8765
19,CC DChg,19.73333333330811,-1.6999,3.8763
19,CC DChg,19.83333333331393,-1.6999,3.8761
19,CC DChg,19.93333333331975,-1.6999,3.876
19,CC DChg,20.03333333331102,-1.6999,3.8759
19,CC DChg,20.13333333331684,-1.6999,3.8757
19,CC DChg,20.23333333330811,-1.6999,3.8757
19,CC DChg,20.33333333331393,-1.6999,3.8754
19,CC DChg,20.43333333331975,-1.6999,3.8753
19,CC DChg,20.53333333331102,-1.6999,3.8752
19,CC DChg,20.63333333331684,-1.6999,3.875
19,CC DChg,20.73333333330811,-1.6999,3.8749
19,CC DChg,20.83333333331393,-1.6999,3.8748
19,CC DChg,20.93333333331975,-1.6999,3.8746
19,CC DChg,21.03333333331102,-1.6999,3.8745
19,CC DChg,21.13333333331684,-1.6999,3.8744
19,CC DChg,21.23333333330811,-1.6999,3.8742
19,CC DChg,21.33333333331393,-1.6999,3.8741
19,CC DChg,21.43333333331975,-1.6999,3.8739
19,CC DChg,21.53333333331102,-1.6999,3.8738
19,CC DChg,21.63333333331684,-1.6999,3.8737
19,CC DChg,21.73333333330811,-1.6999,3.8736
19,CC DChg,21.83333333331393,-1.6999,3.8735
19,CC DChg,21.93333333331975,-1.6999,3.8733
19,CC DChg,22.03333333331102,-1.6999,3.8732
19,CC DChg,22.13333333331684,-1.6999,3.8731
19,CC DChg,22.23333333330811,-1.6999,3.8729
19,CC DChg,22.33333333331393,-1.6999,3.8728
19,CC DChg,22.43333333331975,-1.6999,3.8727
19,CC DChg,22.53333333331102,-1.6999,3.8726
19,CC DChg,22.63333333331684,-1.6999,3.8724
19,CC DChg,22.73333333330811,-1.6999,3.8723
19,CC DChg,22.83333333331393,-1.6999,3.8721
19,CC DChg,22.93333333331975,-1.6999,3.872
19,CC DChg,23.03333333331102,-1.6999,3.8719
19,CC DChg,23.13333333331684,-1.6999,3.8718
19,CC DChg,23.23333333330811,-1.6999,3.8716
19,CC DChg,23.33333333331393,-1.6999,3.8715
19,CC DChg,23.43333333331975,-1.6999,3.8714
19,CC DChg,23.53333333331102,-1.6999,3.8713
19,CC DChg,23.63333333331684,-1.6999,3.8711
19,CC DChg,23.73333333330811,-1.6999,3.871
19,CC DChg,23.83333333331393,-1.6999,3.8709
19,CC DChg,23.93333333331975,-1.6999,3.8707
19,CC DChg,24.03333333331102,-1.6999,3.8706
19,CC DChg,24.13333333331684,-1.6999,3.8705
19,CC DChg,24.23333333330811,-1.6999,3.8704
19,CC DChg,24.33333333331393,-1.6999,3.8702
19,CC DChg,24.43333333331975,-1.6999,3.8701
19,CC DChg,24.53333333331102,-1.6999,3.87
19,CC DChg,24.63333333331684,-1.6999,3.8699
19,CC DChg,24.73333333330811,-1.6999,3.8698
19,CC DChg,24.83333333331393,-1.6999,3.8697
19,CC DChg,24.93333333331975,-1.6999,3.8695
19,CC DChg,25.03333333331102,-1.6999,3.8694
19,CC DChg,25.13333333331684,-1.6999,3.8693
19,CC DChg,25.23333333330811,-1.6999,3.8692
19,CC DChg,25.33333333331393,-1.6999,3.8691
19,CC DChg,25.43333333331975,-1.6999,3.8689
19,CC DChg,25.53333333331102,-1.6999,3.8688
19,CC DChg,25.63333333331684,-1.6999,3.8687
19,CC DChg,25.73333333330811,-1.6999,3.8685
19,CC DChg,25.83333333331393,-1.6999,3.8685
19,CC DChg,25.93333333331975,-1.6999,3.8683
19,CC DChg,26.03333333331102,-1.6999,3.8682
19,CC DChg,26.13333333331684,-1.6999,3.8681
19,CC DChg,26.23333333330811,-1.6999,3.8679
19,CC DChg,26.33333333331393,-1.6999,3.8678
19,CC DChg,26.43333333331975,-1.6999,3.8677
19,CC DChg,26.53333333331102,-1.6999,3.8676
19,CC DChg,26.63333333331684,-1.6999,3.8675
19,CC DChg,26.73333333330811,-1.6999,3.8673
19,CC DChg,26.83333333331393,-1.6999,3.8673
19,CC DChg,26.93333333331975,-1.6999,3.8671
19,CC DChg,27.03333333331102,-1.6999,3.867
19,CC DChg,27.13333333331684,-1.6999,3.8669
19,CC DChg,27.23333333330811,-1.6999,3.8668
19,CC DChg,27.33333333331393,-1.6999,3.8667
19,CC DChg,27.43333333331975,-1.6999,3.8665
19,CC DChg,27.53333333331102,-1.6999,3.8664
19,CC DChg,27.63333333331684,-1.6999,3.8664
19,CC DChg,27.73333333330811,-1.6999,3.8662
19,CC DChg,27.83333333331393,-1.6999,3.8661
19,CC DChg,27.93333333331975,-1.6999,3.866
19,CC DChg,28.03333333331102,-1.6999,3.8658
19,CC DChg,28.13333333331684,-1.6999,3.8657
19,CC DChg,28.23333333330811,-1.6999,3.8656
19,CC DChg,28.33333333331393,-1.6999,3.8655
19,CC DChg,28.43333333331975,-1.6999,3.8654
19,CC DChg,28.53333333331102,-1.6999,3.8653
19,CC DChg,28.63333333331684,-1.6999,3.8652
19,CC DChg,28.73333333330811,-1.6999,3.8651
19,CC DChg,28.83333333331393,-1.6999,3.8649
19,CC DChg,28.93333333331975,-1.6999,3.8648
19,CC DChg,29.03333333331102,-1.6999,3.8647
19,CC DChg,29.13333333331684,-1.6999,3.8646
19,CC DChg,29.23333333330811,-1.6999,3.8645
19,CC DChg,29.33333333331393,-1.6999,3.8644
19,CC DChg,29.43333333331975,-1.6999,3.8643
19,CC DChg,29.53333333331102,-1.6999,3.8642
19,CC DChg,29.63333333331684,-1.6999,3.8641
19,CC DChg,29.73333333330811,-1.6999,3.864
19,CC DChg,29.83333333331393,-1.6999,3.8638
19,CC DChg,29.93333333331975,-1.6999,3.8637
19,CC DChg,30.03333333331102,-1.6999,3.8636
19,CC DChg,30.13333333331684,-1.6999,3.8635
19,CC DChg,30.23333333330811,-1.6999,3.8634
19,CC DChg,30.33333333331393,-1.6999,3.8633
19,CC DChg,30.43333333331975,-1.6999,3.8632
19,CC DChg,30.53333333331102,-1.6999,3.8631
19,CC DChg,30.63333333331684,-1.6999,3.8629
19,CC DChg,30.73333333330811,-1.6999,3.8629
19,CC DChg,30.83333333331393,-1.6999,3.8628
19,CC DChg,30.93333333331975,-1.6999,3.8626
19,CC DChg,31.03333333331102,-1.6999,3.8626
19,CC DChg,31.13333333331684,-1.6999,3.8625
19,CC DChg,31.23333333330811,-1.6999,3.8623
19,CC DChg,31.33333333331393,-1.6999,3.8622
19,CC DChg,31.43333333331975,-1.6999,3.8621
19,CC DChg,31.53333333331102,-1.6999,3.862
19,CC DChg,31.63333333331684,-1.6999,3.8619
19,CC DChg,31.73333333330811,-1.6999,3.8618
19,CC DChg,31.83333333331393,-1.6999,3.8617
19,CC DChg,31.93333333331975,-1.6999,3.8616
19,CC DChg,32.03333333331102,-1.6999,3.8615
19,CC DChg,32.13333333331684,-1.6999,3.8613
19,CC DChg,32.23333333330811,-1.6999,3.8613
19,CC DChg,32.33333333331393,-1.6999,3.8612
19,CC DChg,32.43333333331975,-1.6999,3.861
19,CC DChg,32.53333333331102,-1.6999,3.861
19,CC DChg,32.63333333331684,-1.6999,3.8608
19,CC DChg,32.73333333330811,-1.6999,3.8608
19,CC DChg,32.83333333331393,-1.6999,3.8607
19,CC DChg,32.93333333331975,-1.6999,3.8606
19,CC DChg,33.03333333331102,-1.6999,3.8604
19,CC DChg,33.13333333331684,-1.6999,3.8603
19,CC DChg,33.23333333330811,-1.6999,3.8602
19,CC DChg,33.33333333331393,-1.6999,3.8601
19,CC DChg,33.43333333331975,-1.6999,3.86
19,CC DChg,33.53333333331102,-1.6999,3.8599
19,CC DChg,33.63333333331684,-1.6999,3.8598
19,CC DChg,33.73333333330811,-1.6999,3.8597
19,CC DChg,33.83333333331393,-1.6999,3.8596
19,CC DChg,33.93333333331975,-1.6999,3.8595
19,CC DChg,34.03333333331102,-1.6999,3.8594
19,CC DChg,34.13333333331684,-1.6999,3.8594
19,CC DChg,34.23333333330811,-1.6999,3.8592
19,CC DChg,34.33333333331393,-1.6999,3.8591
19,CC DChg,34.43333333331975,-1.6999,3.859
19,CC DChg,34.53333333331102,-1.6999,3.8589
19,CC DChg,34.63333333331684,-1.6999,3.8588
19,CC DChg,34.73333333330811,-1.6999,3.8587
19,CC DChg,34.83333333331393,-1.6999,3.8586
19,CC DChg,34.93333333331975,-1.6999,3.8586
19,CC DChg,35.03333333331102,-1.6999,3.8584
19,CC DChg,35.13333333331684,-1.6999,3.8583
19,CC DChg,35.23333333330811,-1.6999,3.8582
19,CC DChg,35.33333333331393,-1.6999,3.8581
19,CC DChg,35.43333333331975,-1.6999,3.858
19,CC DChg,35.53333333331102,-1.6999,3.8579
19,CC DChg,35.63333333331684,-1.6999,3.8578
19,CC DChg,35.73333333330811,-1.6999,3.8577
19,CC DChg,35.83333333331393,-1.6999,3.8576
19,CC DChg,35.93333333331975,-1.6999,3.8575
19,CC DChg,36.03333333331102,-1.6999,3.8574
19,CC DChg,36.13333333331684,-1.6999,3.8573
19,CC DChg,36.23333333330811,-1.6999,3.8572
19,CC DChg,36.33333333331393,-1.6999,3.8572
19,CC DChg,36.43333333331975,-1.6999,3.857
19,CC DChg,36.53333333331102,-1.6999,3.857
19,CC DChg,36.63333333331684,-1.6999,3.8569
19,CC DChg,36.73333333330811,-1.6999,3.8568
19,CC DChg,36.83333333331393,-1.6999,3.8567
19,CC DChg,36.93333333331975,-1.6999,3.8566
19,CC DChg,37.03333333331102,-1.6999,3.8565
19,CC DChg,37.13333333331684,-1.6999,3.8564
19,CC DChg,37.23333333330811,-1.6999,3.8563
19,CC DChg,37.33333333331393,-1.6999,3.8562
19,CC DChg,37.43333333331975,-1.6999,3.8561
19,CC DChg,37.53333333331102,-1.6999,3.856
19,CC DChg,37.63333333331684,-1.6999,3.8559
19,CC DChg,37.73333333330811,-1.7,3.8558
19,CC DChg,37.83333333331393,-1.7,3.8557
19,CC DChg,37.93333333331975,-1.7,3.8556
19,CC DChg,38.03333333331102,-1.7,3.8555
19,CC DChg,38.13333333331684,-1.7,3.8554
19,CC DChg,38.23333333330811,-1.7,3.8554
19,CC DChg,38.33333333331393,-1.7,3.8552
19,CC DChg,38.43333333331975,-1.7,3.8552
19,CC DChg,38.53333333331102,-1.7,3.8551
19,CC DChg,38.63333333331684,-1.7,3.855
19,CC DChg,38.73333333330811,-1.7,3.8549
19,CC DChg,38.83333333331393,-1.7,3.8548
19,CC DChg,38.93333333331975,-1.7,3.8547
19,CC DChg,39.03333333331102,-1.7,3.8546
19,CC DChg,39.13333333331684,-1.7,3.8545
19,CC DChg,39.23333333330811,-1.7,3.8544
19,CC DChg,39.33333333331393,-1.7,3.8543
19,CC DChg,39.43333333331975,-1.7,3.8542
19,CC DChg,39.53333333331102,-1.7,3.8542
19,CC DChg,39.63333333331684,-1.7,3.8541
19,CC DChg,39.73333333330811,-1.7,3.854
19,CC DChg,39.83333333331393,-1.7,3.8538
19,CC DChg,39.93333333331975,-1.7,3.8538
19,CC DChg,40.03333333331102,-1.7,3.8537
19,CC DChg,40.13333333331684,-1.7,3.8536
19,CC DChg,40.23333333330811,-1.7,3.8535
19,CC DChg,40.33333333331393,-1.7,3.8534
19,CC DChg,40.43333333331975,-1.7,3.8534
19,CC DChg,40.53333333331102,-1.7,3.8532
19,CC DChg,40.63333333331684,-1.7,3.8531
19,CC DChg,40.73333333330811,-1.7,3.8531
19,CC DChg,40.83333333331393,-1.7,3.8529
19,CC DChg,40.93333333331975,-1.7,3.8529
19,CC DChg,41.03333333331102,-1.7,3.8528
19,CC DChg,41.13333333331684,-1.7,3.8527
19,CC DChg,41.23333333330811,-1.7,3.8526
19,CC DChg,41.33333333331393,-1.7,3.8525
19,CC DChg,41.43333333331975,-1.7,3.8524
19,CC DChg,41.53333333331102,-1.7,3.8524
19,CC DChg,41.63333333331684,-1.7,3.8523
19,CC DChg,41.73333333330811,-1.7,3.8522
19,CC DChg,41.83333333331393,-1.7,3.852
19,CC DChg,41.93333333331975,-1.7,3.852
19,CC DChg,42.03333333331102,-1.7,3.8519
19,CC DChg,42.13333333331684,-1.7,3.8518
19,CC DChg,42.23333333330811,-1.7,3.8517
19,CC DChg,42.33333333331393,-1.7,3.8516
19,CC DChg,42.43333333331975,-1.7,3.8516
19,CC DChg,42.53333333331102,-1.7,3.8514
19,CC DChg,42.63333333331684,-1.7,3.8514
19,CC DChg,42.73333333330811,-1.7,3.8513
19,CC DChg,42.83333333331393,-1.7,3.8512
19,CC DChg,42.93333333331975,-1.7,3.8511
19,CC DChg,43.03333333331102,-1.7,3.851
19,CC DChg,43.13333333331684,-1.7,3.8509
19,CC DChg,43.23333333330811,-1.7,3.8508
19,CC DChg,43.33333333331393,-1.7,3.8507
19,CC DChg,43.43333333331975,-1.7,3.8507
19,CC DChg,43.53333333331102,-1.7,3.8506
19,CC DChg,43.63333333331684,-1.7,3.8505
19,CC DChg,43.73333333330811,-1.7,3.8504
19,CC DChg,43.83333333331393,-1.7,3.8503
19,CC DChg,43.93333333331975,-1.7,3.8503
19,CC DChg,44.03333333331102,-1.7,3.8502
19,CC DChg,44.13333333331684,-1.7,3.8501
19,CC DChg,44.23333333330811,-1.7,3.85
19,CC DChg,44.33333333331393,-1.7,3.8499
19,CC DChg,44.43333333331975,-1.7,3.8499
19,CC DChg,44.53333333331102,-1.7,3.8498
19,CC DChg,44.63333333331684,-1.7,3.8497
19,CC DChg,44.73333333330811,-1.7,3.8496
19,CC DChg,44.83333333331393,-1.7,3.8495
19,CC DChg,44.93333333331975,-1.7,3.8495
19,CC DChg,45.03333333331102,-1.7,3.8493
19,CC DChg,45.13333333331684,-1.7,3.8493
19,CC DChg,45.23333333330811,-1.7,3.8491
19,CC DChg,45.33333333331393,-1.7,3.8491
19,CC DChg,45.43333333331975,-1.7,3.849
19,CC DChg,45.53333333331102,-1.7,3.8489
19,CC DChg,45.63333333331684,-1.7,3.8488
19,CC DChg,45.73333333330811,-1.7,3.8488
19,CC DChg,45.83333333331393,-1.7,3.8487
19,CC DChg,45.93333333331975,-1.7,3.8486
19,CC DChg,46.03333333331102,-1.7,3.8485
19,CC DChg,46.13333333331684,-1.7,3.8484
19,CC DChg,46.23333333330811,-1.7,3.8484
19,CC DChg,46.33333333331393,-1.7,3.8483
19,CC DChg,46.43333333331975,-1.7,3.8482
19,CC DChg,46.53333333331102,-1.7,3.8481
19,CC DChg,46.63333333331684,-1.7,3.8481
19,CC DChg,46.73333333330811,-1.7,3.848
19,CC DChg,46.83333333331393,-1.7,3.8479
19,CC DChg,46.93333333331975,-1.7,3.8478
19,CC DChg,47.03333333331102,-1.7,3.8477
19,CC DChg,47.13333333331684,-1.7,3.8476
19,CC DChg,47.23333333330811,-1.7,3.8476
19,CC DChg,47.33333333331393,-1.7,3.8475
19,CC DChg,47.43333333331975,-1.7,3.8474
19,CC DChg,47.53333333331102,-1.7,3.8473
19,CC DChg,47.63333333331684,-1.7,3.8473
19,CC DChg,47.73333333330811,-1.7,3.8471
19,CC DChg,47.83333333331393,-1.7,3.8471
19,CC DChg,47.93333333331975,-1.7,3.847
19,CC DChg,48.03333333331102,-1.7,3.8469
19,CC DChg,48.13333333331684,-1.7,3.8468
19,CC DChg,48.23333333330811,-1.7,3.8468
19,CC DChg,48.33333333331393,-1.7,3.8466
19,CC DChg,48.43333333331975,-1.7,3.8466
19,CC DChg,48.53333333331102,-1.7,3.8465
19,CC DChg,48.63333333331684,-1.7,3.8464
19,CC DChg,48.73333333330811,-1.7,3.8463
19,CC DChg,48.83333333331393,-1.7,3.8463
19,CC DChg,48.93333333331975,-1.7,3.8462
19,CC DChg,49.03333333331102,-1.7,3.8461
19,CC DChg,49.13333333331684,-1.7,3.846
19,CC DChg,49.23333333330811,-1.7,3.846
19,CC DChg,49.33333333331393,-1.7,3.8459
19,CC DChg,49.43333333331975,-1.7,3.8459
19,CC DChg,49.53333333331102,-1.7,3.8457
19,CC DChg,49.63333333331684,-1.7,3.8456
19,CC DChg,49.73333333330811,-1.7,3.8456
19,CC DChg,49.83333333331393,-1.7,3.8455
19,CC DChg,49.93333333331975,-1.7,3.8454
19,CC DChg,50.03333333331102,-1.7,3.8454
19,CC DChg,50.13333333331684,-1.7,3.8453
19,CC DChg,50.23333333330811,-1.7,3.8452
19,CC DChg,50.33333333331393,-1.7,3.8451
19,CC DChg,50.43333333331975,-1.7,3.8451
19,CC DChg,50.53333333331102,-1.7,3.8449
19,CC DChg,50.63333333331684,-1.7,3.8449
19,CC DChg,50.73333333330811,-1.7,3.8448
19,CC DChg,50.83333333331393,-1.7,3.8447
19,CC DChg,50.93333333331975,-1.7,3.8447
19,CC DChg,51.03333333331102,-1.7,3.8446
19,CC DChg,51.13333333331684,-1.7,3.8445
19,CC DChg,51.23333333330811,-1.7,3.8444
19,CC DChg,51.33333333331393,-1.7,3.8443
19,CC DChg,51.43333333331975,-1.7,3.8442
19,CC DChg,51.53333333331102,-1.7,3.8442
19,CC DChg,51.63333333331684,-1.7,3.8442
19,CC DChg,51.73333333330811,-1.7,3.8441
19,CC DChg,51.83333333331393,-1.7,3.844
19,CC DChg,51.93333333331975,-1.7,3.844
19,CC DChg,52.03333333331102,-1.7,3.8439
19,CC DChg,52.13333333331684,-1.7,3.8438
19,CC DChg,52.23333333330811,-1.7,3.8437
19,CC DChg,52.33333333331393,-1.7,3.8436
19,CC DChg,52.43333333331975,-1.7,3.8436
19,CC DChg,52.53333333331102,-1.7,3.8435
19,CC DChg,52.63333333331684,-1.7,3.8434
19,CC DChg,52.73333333330811,-1.7,3.8433
19,CC DChg,52.83333333331393,-1.7,3.8433
19,CC DChg,52.93333333331975,-1.7,3.8432
19,CC DChg,53.03333333331102,-1.7,3.8432
19,CC DChg,53.13333333331684,-1.7,3.8431
19,CC DChg,53.23333333330811,-1.7,3.843
19,CC DChg,53.33333333331393,-1.7,3.8428
19,CC DChg,53.43333333331975,-1.7,3.8428
19,CC DChg,53.53333333331102,-1.7,3.8428
19,CC DChg,53.63333333331684,-1.7,3.8427
19,CC DChg,53.73333333330811,-1.7,3.8426
19,CC DChg,53.83333333331393,-1.7,3.8425
19,CC DChg,53.93333333331975,-1.7,3.8425
19,CC DChg,54.03333333331102,-1.7,3.8424
19,CC DChg,54.13333333331684,-1.7,3.8424
19,CC DChg,54.23333333330811,-1.7,3.8423
19,CC DChg,54.33333333331393,-1.7,3.8422
19,CC DChg,54.43333333331975,-1.7,3.8421
19,CC DChg,54.53333333331102,-1.7,3.842
19,CC DChg,54.63333333331684,-1.7,3.842
19,CC DChg,54.73333333330811,-1.7,3.8419
19,CC DChg,54.83333333331393,-1.7,3.8418
19,CC DChg,54.93333333331975,-1.7,3.8418
19,CC DChg,55.03333333331102,-1.7,3.8417
19,CC DChg,55.13333333331684,-1.7,3.8416
19,CC DChg,55.23333333330811,-1.7,3.8415
19,CC DChg,55.33333333331393,-1.7,3.8415
19,CC DChg,55.43333333331975,-1.7,3.8414
19,CC DChg,55.53333333331102,-1.7,3.8414
19,CC DChg,55.63333333331684,-1.7,3.8413
19,CC DChg,55.73333333330811,-1.7,3.8412
19,CC DChg,55.83333333331393,-1.7,3.8411
19,CC DChg,55.93333333331975,-1.7,3.8411
19,CC DChg,56.03333333331102,-1.7,3.841
19,CC DChg,56.13333333331684,-1.7,3.8409
19,CC DChg,56.23333333330811,-1.7,3.8409
19,CC DChg,56.33333333331393,-1.6999,3.8408
19,CC DChg,56.43333333331975,-1.6999,3.8407
19,CC DChg,56.53333333331102,-1.6999,3.8406
19,CC DChg,56.63333333331684,-1.6999,3.8406
19,CC DChg,56.73333333330811,-1.6999,3.8405
19,CC DChg,56.83333333331393,-1.6999,3.8404
19,CC DChg,56.93333333331975,-1.6999,3.8404
19,CC DChg,57.03333333331102,-1.6999,3.8403
19,CC DChg,57.13333333331684,-1.6999,3.8402
19,CC DChg,57.23333333330811,-1.6999,3.8402
19,CC DChg,57.33333333331393,-1.6999,3.8401
19,CC DChg,57.43333333331975,-1.6999,3.84
19,CC DChg,57.53333333331102,-1.6999,3.84
19,CC DChg,57.63333333331684,-1.6999,3.8399
19,CC DChg,57.73333333330811,-1.6999,3.8398
19,CC DChg,57.83333333331393,-1.6999,3.8397
19,CC DChg,57.93333333331975,-1.6999,3.8397
19,CC DChg,58.03333333331102,-1.6999,3.8396
19,CC DChg,58.13333333331684,-1.6999,3.8396
19,CC DChg,58.23333333330811,-1.6999,3.8395
19,CC DChg,58.33333333331393,-1.6999,3.8394
19,CC DChg,58.43333333331975,-1.6999,3.8393
19,CC DChg,58.53333333331102,-1.6999,3.8393
19,CC DChg,58.63333333331684,-1.6999,3.8392
19,CC DChg,58.73333333330811,-1.6999,3.8392
19,CC DChg,58.83333333331393,-1.6999,3.8391
19,CC DChg,58.93333333331975,-1.6999,3.839
19,CC DChg,59.03333333331102,-1.6999,3.839
19,CC DChg,59.13333333331684,-1.6999,3.8389
19,CC DChg,59.23333333330811,-1.6999,3.8388
19,CC DChg,59.33333333331393,-1.6999,3.8388
19,CC DChg,59.43333333331975,-1.6999,3.8387
19,CC DChg,59.53333333331102,-1.6999,3.8387
19,CC DChg,59.63333333331684,-1.6999,3.8386
19,CC DChg,59.73333333330811,-1.6999,3.8385
19,CC DChg,59.83333333331393,-1.6999,3.8384
19,CC DChg,59.93333333331975,-1.6999,3.8384
19,CC DChg,60.03333333331102,-1.6999,3.8383
19,CC DChg,60.13333333331684,-1.6999,3.8383
19,CC DChg,60.23333333330811,-1.6999,3.8382
19,CC DChg,60.33333333331393,-1.6999,3.8381
19,CC DChg,60.43333333331975,-1.6999,3.8381
19,CC DChg,60.53333333331102,-1.6999,3.838
19,CC DChg,60.63333333331684,-1.6999,3.8379
19,CC DChg,60.73333333330811,-1.6999,3.8379
19,CC DChg,60.83333333331393,-1.6999,3.8378
19,CC DChg,60.93333333331975,-1.6999,3.8377
19,CC DChg,61.03333333331102,-1.6999,3.8377
19,CC DChg,61.13333333331684,-1.6999,3.8376
19,CC DChg,61.23333333330811,-1.6999,3.8375
19,CC DChg,61.33333333331393,-1.6999,3.8375
19,CC DChg,61.43333333331975,-1.6999,3.8374
19,CC DChg,61.53333333331102,-1.6999,3.8374
19,CC DChg,61.63333333331684,-1.6999,3.8373
19,CC DChg,61.73333333330811,-1.6999,3.8372
19,CC DChg,61.83333333331393,-1.6999,3.8371
19,CC DChg,61.93333333331975,-1.6999,3.8371
19,CC DChg,62.03333333331102,-1.6999,3.837
19,CC DChg,62.13333333331684,-1.6999,3.837
19,CC DChg,62.23333333330811,-1.6999,3.8369
19,CC DChg,62.33333333331393,-1.6999,3.8368
19,CC DChg,62.43333333331975,-1.6999,3.8368
19,CC DChg,62.53333333331102,-1.6999,3.8367
19,CC DChg,62.63333333331684,-1.6999,3.8366
19,CC DChg,62.73333333330811,-1.6999,3.8366
19,CC DChg,62.83333333331393,-1.6999,3.8365
19,CC DChg,62.93333333331975,-1.6999,3.8365
19,CC DChg,63.03333333331102,-1.6999,3.8364
19,CC DChg,63.13333333331684,-1.6999,3.8364
19,CC DChg,63.23333333330811,-1.6999,3.8363
19,CC DChg,63.33333333331393,-1.6999,3.8362
19,CC DChg,63.43333333331975,-1.6999,3.8362
19,CC DChg,63.53333333331102,-1.6999,3.8361
19,CC DChg,63.63333333331684,-1.6999,3.836
19,CC DChg,63.73333333330811,-1.6999,3.836
19,CC DChg,63.83333333331393,-1.6999,3.8359
19,CC DChg,63.93333333331975,-1.6999,3.8358
19,CC DChg,64.03333333331102,-1.6999,3.8358
19,CC DChg,64.13333333331684,-1.6999,3.8357
19,CC DChg,64.23333333330811,-1.6999,3.8357
19,CC DChg,64.33333333331393,-1.6999,3.8356
19,CC DChg,64.43333333331975,-1.6999,3.8356
19,CC DChg,64.53333333331102,-1.6999,3.8355
19,CC DChg,64.63333333331684,-1.6999,3.8355
19,CC DChg,64.73333333330811,-1.6999,3.8354
19,CC DChg,64.83333333331393,-1.6999,3.8353
19,CC DChg,64.93333333331975,-1.6999,3.8353
19,CC DChg,65.03333333331102,-1.6999,3.8352
19,CC DChg,65.13333333331684,-1.6999,3.8352
19,CC DChg,65.23333333330811,-1.6999,3.8351
19,CC DChg,65.33333333331393,-1.6999,3.835
19,CC DChg,65.43333333331975,-1.6999,3.835
19,CC DChg,65.53333333331102,-1.6999,3.8349
19,CC DChg,65.63333333331684,-1.6999,3.8348
19,CC DChg,65.73333333330811,-1.6999,3.8348
19,CC DChg,65.83333333331393,-1.6999,3.8347
19,CC DChg,65.93333333331975,-1.6999,3.8346
19,CC DChg,66.03333333331102,-1.6999,3.8346
19,CC DChg,66.13333333331684,-1.6999,3.8345
19,CC DChg,66.23333333330811,-1.6999,3.8345
19,CC DChg,66.33333333331393,-1.6999,3.8344
19,CC DChg,66.43333333331975,-1.6999,3.8344
19,CC DChg,66.53333333331102,-1.6999,3.8343
19,CC DChg,66.63333333331684,-1.6999,3.8342
19,CC DChg,66.73333333330811,-1.6999,3.8341
19,CC DChg,66.83333333331393,-1.6999,3.8341
19,CC DChg,66.93333333331975,-1.6999,3.8341
19,CC DChg,67.03333333331102,-1.6999,3.834
19,CC DChg,67.13333333331684,-1.6999,3.8339
19,CC DChg,67.23333333330811,-1.6999,3.8339
19,CC DChg,67.33333333331393,-1.6999,3.8338
19,CC DChg,67.43333333331975,-1.6999,3.8337
19,CC DChg,67.53333333331102,-1.6999,3.8336
19,CC DChg,67.63333333331684,-1.6999,3.8336
19,CC DChg,67.73333333330811,-1.6999,3.8336
19,CC DChg,67.83333333331393,-1.6999,3.8335
19,CC DChg,67.93333333331975,-1.6999,3.8334
19,CC DChg,68.03333333331102,-1.6999,3.8334
19,CC DChg,68.13333333331684,-1.6999,3.8333
19,CC DChg,68.23333333330811,-1.6999,3.8333
19,CC DChg,68.33333333331393,-1.6999,3.8333
19,CC DChg,68.43333333331975,-1.6999,3.8332
19,CC DChg,68.53333333331102,-1.6999,3.8331
19,CC DChg,68.63333333331684,-1.6999,3.833
19,CC DChg,68.73333333330811,-1.6999,3.833
19,CC DChg,68.83333333331393,-1.6999,3.8329
19,CC DChg,68.93333333331975,-1.6999,3.8329
19,CC DChg,69.03333333331102,-1.6999,3.8329
19,CC DChg,69.13333333331684,-1.6999,3.8328
19,CC DChg,69.23333333330811,-1.6999,3.8327
19,CC DChg,69.33333333331393,-1.6999,3.8327
19,CC DChg,69.43333333331975,-1.6999,3.8326
19,CC DChg,69.53333333331102,-1.6999,3.8326
19,CC DChg,69.63333333331684,-1.6999,3.8325
19,CC DChg,69.73333333330811,-1.6999,3.8325
19,CC DChg,69.83333333331393,-1.6999,3.8324
19,CC DChg,69.93333333331975,-1.6999,3.8323
19,CC DChg,70.03333333331102,-1.6999,3.8323
19,CC DChg,70.13333333331684,-1.6999,3.8322
19,CC DChg,70.23333333330811,-1.6999,3.8322
19,CC DChg,70.33333333331393,-1.6999,3.8322
19,CC DChg,70.43333333331975,-1.6999,3.8321
19,CC DChg,70.53333333331102,-1.6999,3.832
19,CC DChg,70.63333333331684,-1.6999,3.832
19,CC DChg,70.73333333330811,-1.6999,3.8319
19,CC DChg,70.83333333331393,-1.6999,3.8318
19,CC DChg,70.93333333331975,-1.6999,3.8317
19,CC DChg,71.03333333331102,-1.6999,3.8317
19,CC DChg,71.13333333331684,-1.6999,3.8317
19,CC DChg,71.23333333330811,-1.6999,3.8316
19,CC DChg,71.33333333331393,-1.6999,3.8315
19,CC DChg,71.43333333331975,-1.6999,3.8315
19,CC DChg,71.53333333331102,-1.6999,3.8314
19,CC DChg,71.63333333331684,-1.6999,3.8314
19,CC DChg,71.73333333330811,-1.6999,3.8313
19,CC DChg,71.83333333331393,-1.6999,3.8313
19,CC DChg,71.93333333331975,-1.6999,3.8312
19,CC DChg,72.03333333331102,-1.6999,3.8311
19,CC DChg,72.13333333331684,-1.6999,3.8311
19,CC DChg,72.23333333330811,-1.6999,3.8311
19,CC DChg,72.33333333331393,-1.6999,3.831
19,CC DChg,72.43333333331975,-1.6999,3.831
19,CC DChg,72.53333333331102,-1.6999,3.8309
19,CC DChg,72.63333333331684,-1.6999,3.8309
19,CC DChg,72.73333333330811,-1.6999,3.8308
19,CC DChg,72.83333333331393,-1.6999,3.8307
19,CC DChg,72.93333333331975,-1.6999,3.8307
19,CC DChg,73.03333333331102,-1.6999,3.8306
19,CC DChg,73.13333333331684,-1.6999,3.8306
19,CC DChg,73.23333333330811,-1.6999,3.8305
19,CC DChg,73.33333333331393,-1.6999,3.8305
19,CC DChg,73.43333333331975,-1.6999,3.8305
19,CC DChg,73.53333333331102,-1.6999,3.8304
19,CC DChg,73.63333333331684,-1.6999,3.8303
19,CC DChg,73.73333333330811,-1.6999,3.8302
19,CC DChg,73.83333333331393,-1.6999,3.8302
19,CC DChg,73.93333333331975,-1.6999,3.8301
19,CC DChg,74.03333333331102,-1.6999,3.8301
19,CC DChg,74.13333333331684,-1.6999,3.8301
19,CC DChg,74.23333333330811,-1.6999,3.83
19,CC DChg,74.33333333331393,-1.6999,3.8299
19,CC DChg,74.43333333331975,-1.6999,3.8299
19,CC DChg,74.53333333331102,-1.6999,3.8298
19,CC DChg,74.63333333331684,-1.6999,3.8298
19,CC DChg,74.73333333330811,-1.6999,3.8297
19,CC DChg,74.83333333331393,-1.6999,3.8297
19,CC DChg,74.93333333331975,-1.6999,3.8296
19,CC DChg,75.03333333331102,-1.6999,3.8295
19,CC DChg,75.13333333331684,-1.6999,3.8295
19,CC DChg,75.23333333330811,-1.6999,3.8294
19,CC DChg,75.33333333331393,-1.6999,3.8294
19,CC DChg,75.43333333331975,-1.6999,3.8293
19,CC DChg,75.53333333331102,-1.6999,3.8293
19,CC DChg,75.63333333331684,-1.6999,3.8292
19,CC DChg,75.73333333330811,-1.6999,3.8292
19,CC DChg,75.83333333331393,-1.6999,3.8291
19,CC DChg,75.93333333331975,-1.6999,3.8291
19,CC DChg,76.03333333331102,-1.6999,3.829
19,CC DChg,76.13333333331684,-1.6999,3.829
19,CC DChg,76.23333333330811,-1.6999,3.8289
19,CC DChg,76.33333333331393,-1.6999,3.8289
19,CC DChg,76.43333333331975,-1.6999,3.8288
19,CC DChg,76.53333333331102,-1.6999,3.8287
19,CC DChg,76.63333333331684,-1.6999,3.8287
19,CC DChg,76.73333333330811,-1.6999,3.8286
19,CC DChg,76.83333333331393,-1.6999,3.8286
19,CC DChg,76.93333333331975,-1.6999,3.8286
19,CC DChg,77.03333333331102,-1.6999,3.8285
19,CC DChg,77.13333333331684,-1.6999,3.8284
19,CC DChg,77.23333333330811,-1.6999,3.8284
19,CC DChg,77.33333333331393,-1.6999,3.8284
19,CC DChg,77.43333333331975,-1.6999,3.8283
19,CC DChg,77.53333333331102,-1.6999,3.8283
19,CC DChg,77.63333333331684,-1.6999,3.8282
19,CC DChg,77.73333333330811,-1.6999,3.8282
19,CC DChg,77.83333333331393,-1.6999,3.8281
19,CC DChg,77.93333333331975,-1.6999,3.8281
19,CC DChg,78.03333333331102,-1.6999,3.828
19,CC DChg,78.13333333331684,-1.6999,3.828
19,CC DChg,78.23333333330811,-1.6999,3.8279
19,CC DChg,78.33333333331393,-1.6999,3.8279
19,CC DChg,78.43333333331975,-1.6999,3.8278
19,CC DChg,78.53333333331102,-1.6999,3.8278
19,CC DChg,78.63333333331684,-1.6999,3.8277
19,CC DChg,78.73333333330811,-1.6999,3.8277
19,CC DChg,78.83333333331393,-1.6999,3.8276
19,CC DChg,78.93333333331975,-1.6999,3.8276
19,CC DChg,79.03333333331102,-1.6999,3.8275
19,CC DChg,79.13333333331684,-1.6999,3.8275
19,CC DChg,79.23333333330811,-1.6999,3.8274
19,CC DChg,79.33333333331393,-1.6999,3.8274
19,CC DChg,79.43333333331975,-1.6999,3.8273
19,CC DChg,79.53333333331102,-1.6999,3.8273
19,CC DChg,79.63333333331684,-1.6999,3.8272
19,CC DChg,79.73333333330811,-1.6999,3.8272
19,CC DChg,79.83333333331393,-1.6999,3.8272
19,CC DChg,79.93333333331975,-1.6999,3.8271
19,CC DChg,80.03333333331102,-1.6999,3.827
19,CC DChg,80.13333333331684,-1.6999,3.827
19,CC DChg,80.23333333330811,-1.6999,3.827
19,CC DChg,80.33333333331393,-1.6999,3.8269
19,CC DChg,80.43333333331975,-1.6999,3.8268
19,CC DChg,80.53333333331102,-1.6999,3.8267
19,CC DChg,80.63333333331684,-1.6999,3.8267
19,CC DChg,80.73333333330811,-1.6999,3.8267
19,CC DChg,80.83333333331393,-1.6999,3.8267
19,CC DChg,80.93333333331975,-1.6999,3.8266
19,CC DChg,81.03333333331102,-1.6999,3.8265
19,CC DChg,81.13333333331684,-1.6999,3.8265
19,CC DChg,81.23333333330811,-1.6999,3.8264
19,CC DChg,81.33333333331393,-1.6999,3.8264
19,CC DChg,81.43333333331975,-1.6999,3.8263
19,CC DChg,81.53333333331102,-1.6999,3.8263
19,CC DChg,81.63333333331684,-1.6999,3.8263
19,CC DChg,81.73333333330811,-1.6999,3.8262
19,CC DChg,81.83333333331393,-1.6999,3.8262
19,CC DChg,81.93333333331975,-1.6999,3.8261
19,CC DChg,82.03333333331102,-1.6999,3.8261
19,CC DChg,82.13333333331684,-1.6999,3.8261
19,CC DChg,82.23333333330811,-1.6999,3.826
19,CC DChg,82.33333333331393,-1.6999,3.8259
19,CC DChg,82.43333333331975,-1.6999,3.8259
19,CC DChg,82.53333333331102,-1.6999,3.8258
19,CC DChg,82.63333333331684,-1.6999,3.8258
19,CC DChg,82.73333333330811,-1.6999,3.8257
19,CC DChg,82.83333333331393,-1.6999,3.8257
19,CC DChg,82.93333333331975,-1.6999,3.8256
19,CC DChg,83.03333333331102,-1.6999,3.8256
19,CC DChg,83.13333333331684,-1.6999,3.8255
19,CC DChg,83.23333333330811,-1.6999,3.8255
19,CC DChg,83.33333333331393,-1.6999,3.8254
19,CC DChg,83.43333333331975,-1.6999,3.8254
19,CC DChg,83.53333333331102,-1.6999,3.8254
19,CC DChg,83.63333333331684,-1.6999,3.8253
19,CC DChg,83.73333333330811,-1.6999,3.8252
19,CC DChg,83.83333333331393,-1.6999,3.8252
19,CC DChg,83.93333333331975,-1.6999,3.8252
19,CC DChg,84.03333333331102,-1.6999,3.8251
19,CC DChg,84.13333333331684,-1.6999,3.8251
19,CC DChg,84.23333333330811,-1.6999,3.825
19,CC DChg,84.33333333331393,-1.6999,3.825
19,CC DChg,84.43333333331975,-1.6999,3.8249
19,CC DChg,84.53333333331102,-1.6999,3.8249
19,CC DChg,84.63333333331684,-1.6999,3.8248
19,CC DChg,84.73333333330811,-1.6999,3.8248
19,CC DChg,84.83333333331393,-1.6999,3.8248
19,CC DChg,84.93333333331975,-1.6999,3.8247
19,CC DChg,85.03333333331102,-1.6999,3.8247
19,CC DChg,85.13333333331684,-1.6999,3.8246
19,CC DChg,85.23333333330811,-1.6999,3.8246
19,CC DChg,85.33333333331393,-1.6999,3.8245
19,CC DChg,85.43333333331975,-1.6999,3.8245
19,CC DChg,85.53333333331102,-1.6999,3.8244
19,CC DChg,85.63333333331684,-1.6999,3.8244
19,CC DChg,85.73333333330811,-1.6999,3.8244
19,CC DChg,85.83333333331393,-1.6999,3.8243
19,CC DChg,85.93333333331975,-1.6999,3.8242
19,CC DChg,86.03333333331102,-1.6999,3.8242
19,CC DChg,86.13333333331684,-1.6999,3.8242
19,CC DChg,86.23333333330811,-1.6999,3.8241
19,CC DChg,86.33333333331393,-1.6999,3.8241
19,CC DChg,86.43333333331975,-1.6999,3.824
19,CC DChg,86.53333333331102,-1.6999,3.8239
19,CC DChg,86.63333333331684,-1.6999,3.8239
19,CC DChg,86.73333333330811,-1.6999,3.8238
19,CC DChg,86.83333333331393,-1.6999,3.8238
19,CC DChg,86.93333333331975,-1.6999,3.8238
19,CC DChg,87.03333333331102,-1.6999,3.8237
19,CC DChg,87.13333333331684,-1.6999,3.8237
19,CC DChg,87.23333333330811,-1.6999,3.8237
19,CC DChg,87.33333333331393,-1.6999,3.8236
19,CC DChg,87.43333333331975,-1.6999,3.8236
19,CC DChg,87.53333333331102,-1.6999,3.8235
19,CC DChg,87.63333333331684,-1.6999,3.8235
19,CC DChg,87.73333333330811,-1.6999,3.8234
19,CC DChg,87.83333333331393,-1.6999,3.8234
19,CC DChg,87.93333333331975,-1.6999,3.8233
19,CC DChg,88.03333333331102,-1.6999,3.8233
19,CC DChg,88.13333333331684,-1.6999,3.8233
19,CC DChg,88.23333333330811,-1.6999,3.8232
19,CC DChg,88.33333333331393,-1.6999,3.8231
19,CC DChg,88.43333333331975,-1.6999,3.8231
19,CC DChg,88.53333333331102,-1.6999,3.8231
19,CC DChg,88.63333333331684,-1.6999,3.823
19,CC DChg,88.73333333330811,-1.6999,3.823
19,CC DChg,88.83333333331393,-1.6999,3.823
19,CC DChg,88.93333333331975,-1.6999,3.8229
19,CC DChg,89.03333333331102,-1.6999,3.8229
19,CC DChg,89.13333333331684,-1.6999,3.8228
19,CC DChg,89.23333333330811,-1.6999,3.8228
19,CC DChg,89.33333333331393,-1.6999,3.8228
19,CC DChg,89.43333333331975,-1.6999,3.8227
19,CC DChg,89.53333333331102,-1.6999,3.8226
19,CC DChg,89.63333333331684,-1.6999,3.8226
19,CC DChg,89.73333333330811,-1.6999,3.8226
19,CC DChg,89.83333333331393,-1.6999,3.8225
19,CC DChg,89.93333333331975,-1.6999,3.8225
19,CC DChg,90.03333333331102,-1.6999,3.8225
19,CC DChg,90.13333333331684,-1.6999,3.8224
19,CC DChg,90.23333333330811,-1.6999,3.8223
19,CC DChg,90.33333333331393,-1.6999,3.8223
19,CC DChg,90.43333333331975,-1.6999,3.8223
19,CC DChg,90.53333333331102,-1.6999,3.8222
19,CC DChg,90.63333333331684,-1.6999,3.8221
19,CC DChg,90.73333333330811,-1.6999,3.8221
19,CC DChg,90.83333333331393,-1.6999,3.8221
19,CC DChg,90.93333333331975,-1.6999,3.8221
19,CC DChg,91.03333333331102,-1.6999,3.822
19,CC DChg,91.13333333331684,-1.6999,3.8219
19,CC DChg,91.23333333330811,-1.6999,3.8219
19,CC DChg,91.33333333331393,-1.6999,3.8219
19,CC DChg,91.43333333331975,-1.6999,3.8218
19,CC DChg,91.53333333331102,-1.6999,3.8218
19,CC DChg,91.63333333331684,-1.6999,3.8217
19,CC DChg,91.73333333330811,-1.6999,3.8217
19,CC DChg,91.83333333331393,-1.6999,3.8216
19,CC DChg,91.93333333331975,-1.6999,3.8216
19,CC DChg,92.03333333331102,-1.6999,3.8215
19,CC DChg,92.13333333331684,-1.6999,3.8215
19,CC DChg,92.23333333330811,-1.6999,3.8215
19,CC DChg,92.33333333331393,-1.6999,3.8215
19,CC DChg,92.43333333331975,-1.6999,3.8214
19,CC DChg,92.53333333331102,-1.6999,3.8213
19,CC DChg,92.63333333331684,-1.6999,3.8213
19,CC DChg,92.73333333330811,-1.6999,3.8212
19,CC DChg,92.83333333331393,-1.6999,3.8212
19,CC DChg,92.93333333331975,-1.6999,3.8212
19,CC DChg,93.03333333331102,-1.6999,3.8211
19,CC DChg,93.13333333331684,-1.6999,3.8211
19,CC DChg,93.23333333330811,-1.6999,3.821
19,CC DChg,93.33333333331393,-1.6999,3.821
19,CC DChg,93.43333333331975,-1.6999,3.821
19,CC DChg,93.53333333331102,-1.6999,3.8209
19,CC DChg,93.63333333331684,-1.6999,3.8209
19,CC DChg,93.73333333330811,-1.6999,3.8209
19,CC DChg,93.83333333331393,-1.6999,3.8208
19,CC DChg,93.93333333331975,-1.6999,3.8208
19,CC DChg,94.03333333331102,-1.6999,3.8207
19,CC DChg,94.13333333331684,-1.6999,3.8206
19,CC DChg,94.23333333330811,-1.6999,3.8206
19,CC DChg,94.33333333331393,-1.6999,3.8206
19,CC DChg,94.43333333331975,-1.6999,3.8205
19,CC DChg,94.53333333331102,-1.6999,3.8205
19,CC DChg,94.63333333331684,-1.6999,3.8205
19,CC DChg,94.73333333330811,-1.6999,3.8204
19,CC DChg,94.83333333331393,-1.6999,3.8204
19,CC DChg,94.93333333331975,-1.6999,3.8203
19,CC DChg,95.03333333331102,-1.6999,3.8203
19,CC DChg,95.13333333331684,-1.6999,3.8203
19,CC DChg,95.23333333330811,-1.6999,3.8202
19,CC DChg,95.33333333331393,-1.6999,3.8202
19,CC DChg,95.43333333331975,-1.6999,3.8201
19,CC DChg,95.53333333331102,-1.6999,3.8201
19,CC DChg,95.63333333331684,-1.6999,3.82
19,CC DChg,95.73333333330811,-1.6999,3.82
19,CC DChg,95.83333333331393,-1.6999,3.82
19,CC DChg,95.93333333331975,-1.6999,3.8199
19,CC DChg,96.03333333331102,-1.6999,3.8199
19,CC DChg,96.13333333331684,-1.6999,3.8199
19,CC DChg,96.23333333330811,-1.6999,3.8198
19,CC DChg,96.33333333331393,-1.6999,3.8198
19,CC DChg,96.43333333331975,-1.6999,3.8197
19,CC DChg,96.53333333331102,-1.6999,3.8197
19,CC DChg,96.63333333331684,-1.6999,3.8196
19,CC DChg,96.73333333330811,-1.6999,3.8196
19,CC DChg,96.83333333331393,-1.6999,3.8196
19,CC DChg,96.93333333331975,-1.6999,3.8195
19,CC DChg,97.03333333331102,-1.6999,3.8195
19,CC DChg,97.13333333331684,-1.6999,3.8195
19,CC DChg,97.23333333330811,-1.6999,3.8194
19,CC DChg,97.33333333331393,-1.6999,3.8194
19,CC DChg,97.43333333331975,-1.6999,3.8194
19,CC DChg,97.53333333331102,-1.6999,3.8193
19,CC DChg,97.63333333331684,-1.6999,3.8192
19,CC DChg,97.73333333330811,-1.6999,3.8192
19,CC DChg,97.83333333331393,-1.6999,3.8192
19,CC DChg,97.93333333331975,-1.6999,3.8192
19,CC DChg,98.03333333331102,-1.6999,3.8191
19,CC DChg,98.13333333331684,-1.6999,3.8191
19,CC DChg,98.23333333330811,-1.6999,3.819
19,CC DChg,98.33333333331393,-1.6999,3.819
19,CC DChg,98.43333333331975,-1.6999,3.819
19,CC DChg,98.53333333331102,-1.6999,3.819
19,CC DChg,98.63333333331684,-1.6999,3.8189
19,CC DChg,98.73333333330811,-1.6999,3.8189
19,CC DChg,98.83333333331393,-1.6999,3.8188
19,CC DChg,98.93333333331975,-1.6999,3.8188
19,CC DChg,99.03333333331102,-1.6999,3.8187
19,CC DChg,99.13333333331684,-1.6999,3.8187
19,CC DChg,99.23333333330811,-1.6999,3.8187
19,CC DChg,99.33333333331393,-1.6999,3.8186
19,CC DChg,99.43333333331975,-1.6999,3.8186
19,CC DChg,99.53333333331102,-1.6999,3.8185
19,CC DChg,99.63333333331684,-1.6999,3.8185
19,CC DChg,99.73333333330811,-1.6999,3.8185
19,CC DChg,99.83333333331393,-1.6999,3.8185
19,CC DChg,99.93333333331975,-1.6999,3.8184
19,CC DChg,100.03333333331102,-1.6999,3.8184
19,CC DChg,100.13333333331684,-1.6999,3.8183
19,CC DChg,100.23333333330811,-1.6999,3.8183
19,CC DChg,100.33333333331393,-1.6999,3.8183
19,CC DChg,100.43333333331975,-1.6999,3.8182
19,CC DChg,100.53333333331102,-1.6999,3.8182
19,CC DChg,100.63333333331684,-1.6999,3.8182
19,CC DChg,100.73333333330811,-1.6999,3.8181
19,CC DChg,100.83333333331393,-1.6999,3.8181
19,CC DChg,100.93333333331975,-1.6999,3.818
19,CC DChg,101.03333333331102,-1.6999,3.8179
19,CC DChg,101.13333333331684,-1.6999,3.8179
19,CC DChg,101.23333333330811,-1.6999,3.8179
19,CC DChg,101.33333333331393,-1.6999,3.8179
19,CC DChg,101.43333333331975,-1.6999,3.8178
19,CC DChg,101.53333333331102,-1.6999,3.8178
19,CC DChg,101.63333333331684,-1.6999,3.8178
19,CC DChg,101.73333333330811,-1.6999,3.8178
19,CC DChg,101.83333333331393,-1.6999,3.8177
19,CC DChg,101.93333333331975,-1.6999,3.8176
19,CC DChg,102.03333333331102,-1.6999,3.8176
19,CC DChg,102.13333333331684,-1.6999,3.8176
19,CC DChg,102.23333333330811,-1.6999,3.8175
19,CC DChg,102.33333333331393,-1.6999,3.8175
19,CC DChg,102.43333333331975,-1.6999,3.8175
19,CC DChg,102.53333333331102,-1.6999,3.8175
19,CC DChg,102.63333333331684,-1.6999,3.8174
19,CC DChg,102.73333333330811,-1.6999,3.8174
19,CC DChg,102.83333333331393,-1.6999,3.8173
19,CC DChg,102.93333333331975,-1.6999,3.8173
19,CC DChg,103.03333333331102,-1.6999,3.8172
19,CC DChg,103.13333333331684,-1.6999,3.8172
19,CC DChg,103.23333333330811,-1.6999,3.8172
19,CC DChg,103.33333333331393,-1.6999,3.8171
19,CC DChg,103.43333333331975,-1.6999,3.8171
19,CC DChg,103.53333333331102,-1.6999,3.8171
19,CC DChg,103.63333333331684,-1.6999,3.817
19,CC DChg,103.73333333330811,-1.6999,3.817
19,CC DChg,103.83333333331393,-1.6999,3.8169
19,CC DChg,103.93333333331975,-1.6999,3.8169
19,CC DChg,104.03333333331102,-1.6999,3.8169
19,CC DChg,104.13333333331684,-1.6999,3.8168
19,CC DChg,104.23333333330811,-1.6999,3.8168
19,CC DChg,104.33333333331393,-1.6999,3.8167
19,CC DChg,104.43333333331975,-1.6999,3.8167
19,CC DChg,104.53333333331102,-1.6999,3.8167
19,CC DChg,104.63333333331684,-1.6999,3.8166
19,CC DChg,104.73333333330811,-1.6999,3.8166
19,CC DChg,104.83333333331393,-1.6999,3.8166
19,CC DChg,104.93333333331975,-1.6999,3.8166
19,CC DChg,105.03333333331102,-1.6999,3.8165
19,CC DChg,105.13333333331684,-1.6999,3.8165
19,CC DChg,105.23333333330811,-1.6999,3.8164
19,CC DChg,105.33333333331393,-1.6999,3.8164
19,CC DChg,105.43333333331975,-1.6999,3.8164
19,CC DChg,105.53333333331102,-1.6999,3.8163
19,CC DChg,105.63333333331684,-1.6999,3.8163
19,CC DChg,105.73333333330811,-1.6999,3.8163
19,CC DChg,105.83333333331393,-1.6999,3.8162
19,CC DChg,105.93333333331975,-1.6999,3.8162
19,CC DChg,106.03333333331102,-1.6999,3.8162
19,CC DChg,106.13333333331684,-1.6999,3.8161
19,CC DChg,106.23333333330811,-1.6999,3.8161
19,CC DChg,106.33333333331393,-1.6999,3.816
19,CC DChg,106.43333333331975,-1.6999,3.816
19,CC DChg,106.53333333331102,-1.6999,3.8159
19,CC DChg,106.63333333331684,-1.6999,3.8159
19,CC DChg,106.73333333330811,-1.6999,3.8158
19,CC DChg,106.83333333331393,-1.6999,3.8158
19,CC DChg,106.93333333331975,-1.6999,3.8158
19,CC DChg,107.03333333331102,-1.6999,3.8158
19,CC DChg,107.13333333331684,-1.6999,3.8157
19,CC DChg,107.23333333330811,-1.6999,3.8157
19,CC DChg,107.33333333331393,-1.6999,3.8157
19,CC DChg,107.43333333331975,-1.6999,3.8156
19,CC DChg,107.53333333331102,-1.6999,3.8156
19,CC DChg,107.63333333331684,-1.6999,3.8156
19,CC DChg,107.73333333330811,-1.6999,3.8155
19,CC DChg,107.83333333331393,-1.6999,3.8155
19,CC DChg,107.93333333331975,-1.6999,3.8154
19,CC DChg,108.03333333331102,-1.6999,3.8154
19,CC DChg,108.13333333331684,-1.6999,3.8154
19,CC DChg,108.23333333330811,-1.6999,3.8154
19,CC DChg,108.33333333331393,-1.6999,3.8153
19,CC DChg,108.43333333331975,-1.6999,3.8153
19,CC DChg,108.53333333331102,-1.6999,3.8153
19,CC DChg,108.63333333331684,-1.6999,3.8152
19,CC DChg,108.73333333330811,-1.6999,3.8152
19,CC DChg,108.83333333331393,-1.6999,3.8151
19,CC DChg,108.93333333331975,-1.6999,3.8151
19,CC DChg,109.03333333331102,-1.6999,3.8151
19,CC DChg,109.13333333331684,-1.6999,3.815
19,CC DChg,109.23333333330811,-1.6999,3.815
19,CC DChg,109.33333333331393,-1.6999,3.815
19,CC DChg,109.43333333331975,-1.6999,3.8149
19,CC DChg,109.53333333331102,-1.6999,3.8149
19,CC DChg,109.63333333331684,-1.6999,3.8148
19,CC DChg,109.73333333330811,-1.6999,3.8148
19,CC DChg,109.83333333331393,-1.6999,3.8148
19,CC DChg,109.93333333331975,-1.6999,3.8147
19,CC DChg,110.03333333331102,-1.6999,3.8147
19,CC DChg,110.13333333331684,-1.6999,3.8146
19,CC DChg,110.23333333330811,-1.6999,3.8146
19,CC DChg,110.33333333331393,-1.6999,3.8146
19,CC DChg,110.43333333331975,-1.6999,3.8146
19,CC DChg,110.53333333331102,-1.6999,3.8145
19,CC DChg,110.63333333331684,-1.6999,3.8145
19,CC DChg,110.73333333330811,-1.6999,3.8144
19,CC DChg,110.83333333331393,-1.6999,3.8144
19,CC DChg,110.93333333331975,-1.6999,3.8143
19,CC DChg,111.03333333331102,-1.6999,3.8144
19,CC DChg,111.13333333331684,-1.6999,3.8143
19,CC DChg,111.23333333330811,-1.6999,3.8143
19,CC DChg,111.33333333331393,-1.6999,3.8142
19,CC DChg,111.43333333331975,-1.6999,3.8142
19,CC DChg,111.53333333331102,-1.6999,3.8142
19,CC DChg,111.63333333331684,-1.6999,3.8141
19,CC DChg,111.73333333330811,-1.6999,3.8141
19,CC DChg,111.83333333331393,-1.6999,3.8141
19,CC DChg,111.93333333331975,-1.6999,3.8141
19,CC DChg,112.03333333331102,-1.6999,3.814
19,CC DChg,112.13333333331684,-1.6999,3.814
19,CC DChg,112.23333333330811,-1.6999,3.8139
19,CC DChg,112.33333333331393,-1.6999,3.8139
19,CC DChg,112.43333333331975,-1.6999,3.8139
19,CC DChg,112.53333333331102,-1.6999,3.8138
19,CC DChg,112.63333333331684,-1.6999,3.8138
19,CC DChg,112.73333333330811,-1.6999,3.8137
19,CC DChg,112.83333333331393,-1.6999,3.8137
19,CC DChg,112.93333333331975,-1.6999,3.8137
19,CC DChg,113.03333333331102,-1.6999,3.8137
19,CC DChg,113.13333333331684,-1.6999,3.8136
19,CC DChg,113.23333333330811,-1.6999,3.8136
19,CC DChg,113.33333333331393,-1.6999,3.8136
19,CC DChg,113.43333333331975,-1.6999,3.8135
19,CC DChg,113.53333333331102,-1.6999,3.8135
19,CC DChg,113.63333333331684,-1.6999,3.8134
19,CC DChg,113.73333333330811,-1.6999,3.8134
19,CC DChg,113.83333333331393,-1.6999,3.8134
19,CC DChg,113.93333333331975,-1.6999,3.8134
19,CC DChg,114.03333333331102,-1.6999,3.8133
19,CC DChg,114.13333333331684,-1.6999,3.8133
19,CC DChg,114.23333333330811,-1.6999,3.8133
19,CC DChg,114.33333333331393,-1.6999,3.8132
19,CC DChg,114.43333333331975,-1.6999,3.8132
19,CC DChg,114.53333333331102,-1.6999,3.8132
19,CC DChg,114.63333333331684,-1.6999,3.8131
19,CC DChg,114.73333333330811,-1.6999,3.8131
19,CC DChg,114.83333333331393,-1.6999,3.813
19,CC DChg,114.93333333331975,-1.6999,3.813
19,CC DChg,115.03333333331102,-1.6999,3.813
19,CC DChg,115.13333333331684,-1.6999,3.8129
19,CC DChg,115.23333333330811,-1.6999,3.8129
19,CC DChg,115.33333333331393,-1.6999,3.8129
19,CC DChg,115.43333333331975,-1.6999,3.8128
19,CC DChg,115.53333333331102,-1.6999,3.8128
19,CC DChg,115.63333333331684,-1.6999,3.8128
19,CC DChg,115.73333333330811,-1.6999,3.8128
19,CC DChg,115.83333333331393,-1.6999,3.8127
19,CC DChg,115.93333333331975,-1.6999,3.8127
19,CC DChg,116.03333333331102,-1.6999,3.8127
19,CC DChg,116.13333333331684,-1.6999,3.8126
19,CC DChg,116.23333333330811,-1.6998,3.8126
19,CC DChg,116.33333333331393,-1.6998,3.8126
19,CC DChg,116.43333333331975,-1.6998,3.8125
19,CC DChg,116.53333333331102,-1.6998,3.8125
19,CC DChg,116.63333333331684,-1.6998,3.8125
19,CC DChg,116.73333333330811,-1.6998,3.8124
19,CC DChg,116.83333333331393,-1.6998,3.8124
19,CC DChg,116.93333333331975,-1.6998,3.8124
19,CC DChg,117.03333333331102,-1.6998,3.8124
19,CC DChg,117.13333333331684,-1.6998,3.8123
19,CC DChg,117.23333333330811,-1.6998,3.8123
19,CC DChg,117.33333333331393,-1.6998,3.8123
19,CC DChg,117.43333333331975,-1.6998,3.8123
19,CC DChg,117.53333333331102,-1.6998,3.8122
19,CC DChg,117.63333333331684,-1.6998,3.8121
19,CC DChg,117.73333333330811,-1.6998,3.8121
19,CC DChg,117.83333333331393,-1.6998,3.8121
19,CC DChg,117.93333333331975,-1.6998,3.8121
19,CC DChg,118.03333333331102,-1.6998,3.812
19,CC DChg,118.13333333331684,-1.6998,3.812
19,CC DChg,118.23333333330811,-1.6998,3.812
19,CC DChg,118.33333333331393,-1.6998,3.8119
19,CC DChg,118.43333333331975,-1.6998,3.8119
19,CC DChg,118.53333333331102,-1.6998,3.8118
19,CC DChg,118.63333333331684,-1.6998,3.8118
19,CC DChg,118.73333333330811,-1.6998,3.8118
19,CC DChg,118.83333333331393,-1.6998,3.8117
19,CC DChg,118.93333333331975,-1.6998,3.8117
19,CC DChg,119.03333333331102,-1.6998,3.8117
19,CC DChg,119.13333333331684,-1.6998,3.8117
19,CC DChg,119.23333333330811,-1.6998,3.8116
19,CC DChg,119.33333333331393,-1.6998,3.8116
19,CC DChg,119.43333333331975,-1.6998,3.8116
19,CC DChg,119.53333333331102,-1.6998,3.8116
19,CC DChg,119.63333333331684,-1.6998,3.8115
19,CC DChg,119.73333333330811,-1.6998,3.8115
19,CC DChg,119.83333333331393,-1.6998,3.8114
19,CC DChg,119.93333333331975,-1.6998,3.8114
19,CC DChg,120.03333333331102,-1.6998,3.8114
19,CC DChg,120.13333333331684,-1.6998,3.8114
19,CC DChg,120.23333333330811,-1.6998,3.8113
19,CC DChg,120.33333333331393,-1.6998,3.8113
19,CC DChg,120.43333333331975,-1.6998,3.8113
19,CC DChg,120.53333333331102,-1.6998,3.8112
19,CC DChg,120.63333333331684,-1.6998,3.8112
19,CC DChg,120.73333333330811,-1.6998,3.8112
19,CC DChg,120.83333333331393,-1.6998,3.8111
19,CC DChg,120.93333333331975,-1.6998,3.8111
19,CC DChg,121.03333333331102,-1.6998,3.8111
19,CC DChg,121.13333333331684,-1.6998,3.8111
19,CC DChg,121.23333333330811,-1.6998,3.811
19,CC DChg,121.33333333331393,-1.6998,3.811
19,CC DChg,121.43333333331975,-1.6998,3.811
19,CC DChg,121.53333333331102,-1.6998,3.8109
19,CC DChg,121.63333333331684,-1.6998,3.8109
19,CC DChg,121.73333333330811,-1.6998,3.8108
19,CC DChg,121.83333333331393,-1.6998,3.8108
19,CC DChg,121.93333333331975,-1.6998,3.8108
19,CC DChg,122.03333333331102,-1.6998,3.8108
19,CC DChg,122.13333333331684,-1.6998,3.8108
19,CC DChg,122.23333333330811,-1.6998,3.8107
19,CC DChg,122.33333333331393,-1.6998,3.8107
19,CC DChg,122.43333333331975,-1.6998,3.8106
19,CC DChg,122.53333333331102,-1.6998,3.8106
19,CC DChg,122.63333333331684,-1.6998,3.8106
19,CC DChg,122.73333333330811,-1.6998,3.8105
19,CC DChg,122.83333333331393,-1.6999,3.8105
19,CC DChg,122.93333333331975,-1.6999,3.8105
19,CC DChg,123.03333333331102,-1.6999,3.8105
19,CC DChg,123.13333333331684,-1.6999,3.8104
19,CC DChg,123.23333333330811,-1.6999,3.8104
19,CC DChg,123.33333333331393,-1.6999,3.8104
19,CC DChg,123.43333333331975,-1.6999,3.8104
19,CC DChg,123.53333333331102,-1.6999,3.8103
19,CC DChg,123.63333333331684,-1.6999,3.8103
19,CC DChg,123.73333333330811,-1.6999,3.8103
19,CC DChg,123.83333333331393,-1.6999,3.8102
19,CC DChg,123.93333333331975,-1.6999,3.8102
19,CC DChg,124.03333333331102,-1.6999,3.8102
19,CC DChg,124.13333333331684,-1.6999,3.8101
19,CC DChg,124.23333333330811,-1.6999,3.8101
19,CC DChg,124.33333333331393,-1.6999,3.81
19,CC DChg,124.43333333331975,-1.6999,3.81
19,CC DChg,124.53333333331102,-1.6999,3.8099
19,CC DChg,124.63333333331684,-1.6999,3.8099
19,CC DChg,124.73333333330811,-1.6999,3.81
19,CC DChg,124.83333333331393,-1.6999,3.8099
19,CC DChg,124.93333333331975,-1.6999,3.8099
19,CC DChg,125.03333333331102,-1.6999,3.8098
19,CC DChg,125.13333333331684,-1.6999,3.8098
19,CC DChg,125.23333333330811,-1.6999,3.8098
19,CC DChg,125.33333333331393,-1.6999,3.8097
19,CC DChg,125.43333333331975,-1.6999,3.8097
19,CC DChg,125.53333333331102,-1.6999,3.8097
19,CC DChg,125.63333333331684,-1.6999,3.8097
19,CC DChg,125.73333333330811,-1.6999,3.8096
19,CC DChg,125.83333333331393,-1.6999,3.8096
19,CC DChg,125.93333333331975,-1.6999,3.8096
19,CC DChg,126.03333333331102,-1.6999,3.8096
19,CC DChg,126.13333333331684,-1.6999,3.8095
19,CC DChg,126.23333333330811,-1.6999,3.8095
19,CC DChg,126.33333333331393,-1.6999,3.8095
19,CC DChg,126.43333333331975,-1.6999,3.8094
19,CC DChg,126.53333333331102,-1.6999,3.8094
19,CC DChg,126.63333333331684,-1.6999,3.8094
19,CC DChg,126.73333333330811,-1.6999,3.8094
19,CC DChg,126.83333333331393,-1.6999,3.8093
19,CC DChg,126.93333333331975,-1.6999,3.8093
19,CC DChg,127.03333333331102,-1.6999,3.8092
19,CC DChg,127.13333333331684,-1.6999,3.8092
19,CC DChg,127.23333333330811,-1.6999,3.8092
19,CC DChg,127.33333333331393,-1.6999,3.8092
19,CC DChg,127.43333333331975,-1.6999,3.8092
19,CC DChg,127.53333333331102,-1.6999,3.8091
19,CC DChg,127.63333333331684,-1.6999,3.8091
19,CC DChg,127.73333333330811,-1.6999,3.8091
19,CC DChg,127.83333333331393,-1.6999,3.809
19,CC DChg,127.93333333331975,-1.6999,3.809
19,CC DChg,128.03333333331102,-1.6999,3.809
19,CC DChg,128.13333333331684,-1.6999,3.809
19,CC DChg,128.2333333333081,-1.6999,3.8089
19,CC DChg,128.33333333331393,-1.6999,3.8089
19,CC DChg,128.43333333331975,-1.6999,3.8089
19,CC DChg,128.53333333331102,-1.6999,3.8089
19,CC DChg,128.63333333331684,-1.6999,3.8088
19,CC DChg,128.7333333333081,-1.6999,3.8087
19,CC DChg,128.83333333331393,-1.6999,3.8087
19,CC DChg,128.93333333331975,-1.6999,3.8088
19,CC DChg,129.03333333331102,-1.6999,3.8087
19,CC DChg,129.13333333331684,-1.6999,3.8086
19,CC DChg,129.2333333333081,-1.6999,3.8086
19,CC DChg,129.33333333331393,-1.6999,3.8086
19,CC DChg,129.43333333331975,-1.6999,3.8085
19,CC DChg,129.53333333331102,-1.6999,3.8085
19,CC DChg,129.63333333331684,-1.6999,3.8085
19,CC DChg,129.7333333333081,-1.6999,3.8084
19,CC DChg,129.83333333331393,-1.6999,3.8084
19,CC DChg,129.93333333331975,-1.6999,3.8084
19,CC DChg,130.03333333331102,-1.6999,3.8084
19,CC DChg,130.13333333331684,-1.6999,3.8083
19,CC DChg,130.2333333333081,-1.6999,3.8083
19,CC DChg,130.33333333331393,-1.6999,3.8082
19,CC DChg,130.43333333331975,-1.6999,3.8082
19,CC DChg,130.53333333331102,-1.6999,3.8082
19,CC DChg,130.63333333331684,-1.6999,3.8082
19,CC DChg,130.7333333333081,-1.6999,3.8081
19,CC DChg,130.83333333331393,-1.6999,3.8081
19,CC DChg,130.93333333331975,-1.6999,3.8081
19,CC DChg,131.03333333331102,-1.6999,3.808
19,CC DChg,131.13333333331684,-1.6999,3.808
19,CC DChg,131.2333333333081,-1.6999,3.808
19,CC DChg,131.33333333331393,-1.6999,3.808
19,CC DChg,131.43333333331975,-1.6999,3.808
19,CC DChg,131.53333333331102,-1.6999,3.8079
19,CC DChg,131.63333333331684,-1.6999,3.8079
19,CC DChg,131.7333333333081,-1.6999,3.8078
19,CC DChg,131.83333333331393,-1.6999,3.8078
19,CC DChg,131.93333333331975,-1.6999,3.8078
19,CC DChg,132.03333333331102,-1.6999,3.8078
19,CC DChg,132.13333333331684,-1.6999,3.8077
19,CC DChg,132.2333333333081,-1.6999,3.8077
19,CC DChg,132.33333333331393,-1.6999,3.8077
19,CC DChg,132.43333333331975,-1.6999,3.8077
19,CC DChg,132.53333333331102,-1.6999,3.8077
19,CC DChg,132.63333333331684,-1.6999,3.8076
19,CC DChg,132.7333333333081,-1.6999,3.8076
19,CC DChg,132.83333333331393,-1.6999,3.8076
19,CC DChg,132.93333333331975,-1.6999,3.8075
19,CC DChg,133.03333333331102,-1.6999,3.8075
19,CC DChg,133.13333333331684,-1.6999,3.8075
19,CC DChg,133.2333333333081,-1.6999,3.8074
19,CC DChg,133.33333333331393,-1.6999,3.8074
19,CC DChg,133.43333333331975,-1.6999,3.8073
19,CC DChg,133.53333333331102,-1.6999,3.8074
19,CC DChg,133.63333333331684,-1.6999,3.8073
19,CC DChg,133.7333333333081,-1.6999,3.8073
19,CC DChg,133.83333333331393,-1.6999,3.8072
19,CC DChg,133.93333333331975,-1.6999,3.8072
19,CC DChg,134.03333333331102,-1.6999,3.8072
19,CC DChg,134.13333333331684,-1.6999,3.8072
19,CC DChg,134.2333333333081,-1.6999,3.8072
19,CC DChg,134.33333333331393,-1.6999,3.8071
19,CC DChg,134.43333333331975,-1.6999,3.8071
19,CC DChg,134.53333333331102,-1.6999,3.807
19,CC DChg,134.63333333331684,-1.6999,3.807
19,CC DChg,134.7333333333081,-1.6999,3.8071
19,CC DChg,134.83333333331393,-1.6999,3.807
19,CC DChg,134.93333333331975,-1.6999,3.8069
19,CC DChg,135.03333333331102,-1.6999,3.8069
19,CC DChg,135.13333333331684,-1.6999,3.8069
19,CC DChg,135.2333333333081,-1.6999,3.8069
19,CC DChg,135.33333333331393,-1.6999,3.8068
19,CC DChg,135.43333333331975,-1.6999,3.8068
19,CC DChg,135.53333333331102,-1.6999,3.8068
19,CC DChg,135.63333333331684,-1.6999,3.8068
19,CC DChg,135.7333333333081,-1.6999,3.8067
19,CC DChg,135.83333333331393,-1.6999,3.8067
19,CC DChg,135.93333333331975,-1.6999,3.8067
19,CC DChg,136.03333333331102,-1.6999,3.8067
19,CC DChg,136.13333333331684,-1.6999,3.8066
19,CC DChg,136.2333333333081,-1.6999,3.8066
19,CC DChg,136.33333333331393,-1.6999,3.8065
19,CC DChg,136.43333333331975,-1.6999,3.8065
19,CC DChg,136.53333333331102,-1.6999,3.8065
19,CC DChg,136.63333333331684,-1.6999,3.8065
19,CC DChg,136.7333333333081,-1.6999,3.8065
19,CC DChg,136.83333333331393,-1.6999,3.8064
19,CC DChg,136.93333333331975,-1.6999,3.8064
19,CC DChg,137.03333333331102,-1.6999,3.8064
19,CC DChg,137.13333333331684,-1.6999,3.8063
19,CC DChg,137.2333333333081,-1.6999,3.8063
19,CC DChg,137.33333333331393,-1.6999,3.8063
19,CC DChg,137.43333333331975,-1.6999,3.8063
19,CC DChg,137.53333333331102,-1.6999,3.8062
19,CC DChg,137.63333333331684,-1.6999,3.8062
19,CC DChg,137.7333333333081,-1.6999,3.8062
19,CC DChg,137.83333333331393,-1.6999,3.8062
19,CC DChg,137.93333333331975,-1.6999,3.8061
19,CC DChg,138.03333333331102,-1.6999,3.8061
19,CC DChg,138.13333333331684,-1.6999,3.8061
19,CC DChg,138.2333333333081,-1.6999,3.806
19,CC DChg,138.33333333331393,-1.6999,3.806
19,CC DChg,138.43333333331975,-1.6999,3.806
19,CC DChg,138.53333333331102,-1.6999,3.806
19,CC DChg,138.63333333331684,-1.6999,3.8059
19,CC DChg,138.7333333333081,-1.6999,3.8059
19,CC DChg,138.83333333331393,-1.6999,3.8059
19,CC DChg,138.93333333331975,-1.6999,3.8059
19,CC DChg,139.03333333331102,-1.6999,3.8058
19,CC DChg,139.13333333331684,-1.6999,3.8058
19,CC DChg,139.2333333333081,-1.6999,3.8058
19,CC DChg,139.33333333331393,-1.6999,3.8057
19,CC DChg,139.43333333331975,-1.6999,3.8057
19,CC DChg,139.53333333331102,-1.6999,3.8057
19,CC DChg,139.63333333331684,-1.6999,3.8056
19,CC DChg,139.7333333333081,-1.6999,3.8056
19,CC DChg,139.83333333331393,-1.6999,3.8056
19,CC DChg,139.93333333331975,-1.6999,3.8056
19,CC DChg,140.03333333331102,-1.6999,3.8056
19,CC DChg,140.13333333331684,-1.6999,3.8055
19,CC DChg,140.2333333333081,-1.6999,3.8055
19,CC DChg,140.33333333331393,-1.6999,3.8055
19,CC DChg,140.43333333331975,-1.6999,3.8055
19,CC DChg,140.53333333331102,-1.6999,3.8055
19,CC DChg,140.63333333331684,-1.6999,3.8054
19,CC DChg,140.7333333333081,-1.6999,3.8054
19,CC DChg,140.83333333331393,-1.6999,3.8053
19,CC DChg,140.93333333331975,-1.6999,3.8053
19,CC DChg,141.03333333331102,-1.6999,3.8053
19,CC DChg,141.13333333331684,-1.6999,3.8052
19,CC DChg,141.2333333333081,-1.6999,3.8052
19,CC DChg,141.33333333331393,-1.6999,3.8052
19,CC DChg,141.43333333331975,-1.6999,3.8052
19,CC DChg,141.53333333331102,-1.6999,3.8051
19,CC DChg,141.63333333331684,-1.6999,3.8051
19,CC DChg,141.7333333333081,-1.6999,3.8051
19,CC DChg,141.83333333331393,-1.6999,3.8051
19,CC DChg,141.93333333331975,-1.6999,3.8051
19,CC DChg,142.03333333331102,-1.6999,3.805
19,CC DChg,142.13333333331684,-1.6999,3.805
19,CC DChg,142.2333333333081,-1.6999,3.805
19,CC DChg,142.33333333331393,-1.6999,3.8049
19,CC DChg,142.43333333331975,-1.6999,3.8049
19,CC DChg,142.53333333331102,-1.6999,3.8049
19,CC DChg,142.63333333331684,-1.6999,3.8049
19,CC DChg,142.7333333333081,-1.6999,3.8048
19,CC DChg,142.83333333331393,-1.6999,3.8048
19,CC DChg,142.93333333331975,-1.7,3.8048
19,CC DChg,143.03333333331102,-1.7,3.8048
19,CC DChg,143.13333333331684,-1.7,3.8048
19,CC DChg,143.2333333333081,-1.7,3.8047
19,CC DChg,143.33333333331393,-1.7,3.8047
19,CC DChg,143.43333333331975,-1.7,3.8046
19,CC DChg,143.53333333331102,-1.7,3.8046
19,CC DChg,143.63333333331684,-1.7,3.8046
19,CC DChg,143.7333333333081,-1.7,3.8046
19,CC DChg,143.83333333331393,-1.7,3.8045
19,CC DChg,143.93333333331975,-1.7,3.8045
19,CC DChg,144.03333333331102,-1.7,3.8044
19,CC DChg,144.13333333331684,-1.7,3.8044
19,CC DChg,144.2333333333081,-1.7,3.8044
19,CC DChg,144.33333333331393,-1.7,3.8044
19,CC DChg,144.43333333331975,-1.7,3.8043
19,CC DChg,144.53333333331102,-1.7,3.8043
19,CC DChg,144.63333333331684,-1.7,3.8043
19,CC DChg,144.7333333333081,-1.7,3.8042
19,CC DChg,144.83333333331393,-1.7,3.8042
19,CC DChg,144.93333333331975,-1.7,3.8042
19,CC DChg,145.03333333331102,-1.7,3.8042
19,CC DChg,145.13333333331684,-1.7,3.8041
19,CC DChg,145.2333333333081,-1.7,3.8041
19,CC DChg,145.33333333331393,-1.7,3.8041
19,CC DChg,145.43333333331975,-1.7,3.8041
19,CC DChg,145.53333333331102,-1.7,3.804
19,CC DChg,145.63333333331684,-1.7,3.804
19,CC DChg,145.7333333333081,-1.7,3.804
19,CC DChg,145.83333333331393,-1.7,3.8039
19,CC DChg,145.93333333331975,-1.7,3.8039
19,CC DChg,146.03333333331102,-1.7,3.8039
19,CC DChg,146.13333333331684,-1.7,3.8039
19,CC DChg,146.2333333333081,-1.7,3.8038
19,CC DChg,146.33333333331393,-1.7,3.8038
19,CC DChg,146.43333333331975,-1.7,3.8038
19,CC DChg,146.53333333331102,-1.7,3.8038
19,CC DChg,146.63333333331684,-1.7,3.8037
19,CC DChg,146.7333333333081,-1.7,3.8037
19,CC DChg,146.83333333331393,-1.7,3.8037
19,CC DChg,146.93333333331975,-1.7,3.8036
19,CC DChg,147.03333333331102,-1.7,3.8036
19,CC DChg,147.13333333331684,-1.7,3.8036
19,CC DChg,147.2333333333081,-1.7,3.8036
19,CC DChg,147.33333333331393,-1.7,3.8035
19,CC DChg,147.43333333331975,-1.7,3.8035
19,CC DChg,147.53333333331102,-1.7,3.8035
19,CC DChg,147.63333333331684,-1.7,3.8035
19,CC DChg,147.7333333333081,-1.7,3.8034
19,CC DChg,147.83333333331393,-1.7,3.8034
19,CC DChg,147.93333333331975,-1.7,3.8034
19,CC DChg,148.03333333331102,-1.7,3.8034
19,CC DChg,148.13333333331684,-1.7,3.8033
19,CC DChg,148.2333333333081,-1.7,3.8033
19,CC DChg,148.33333333331393,-1.7,3.8033
19,CC DChg,148.43333333331975,-1.7,3.8032
19,CC DChg,148.53333333331102,-1.7,3.8032
19,CC DChg,148.63333333331684,-1.7,3.8032
19,CC DChg,148.7333333333081,-1.7,3.8032
19,CC DChg,148.83333333331393,-1.7,3.8031
19,CC DChg,148.93333333331975,-1.7,3.8031
19,CC DChg,149.03333333331102,-1.7,3.8031
19,CC DChg,149.13333333331684,-1.7,3.8031
19,CC DChg,149.2333333333081,-1.7,3.8031
19,CC DChg,149.33333333331393,-1.7,3.8031
19,CC DChg,149.43333333331975,-1.7,3.803
19,CC DChg,149.53333333331102,-1.7,3.803
19,CC DChg,149.63333333331684,-1.7,3.8029
19,CC DChg,149.7333333333081,-1.7,3.8029
19,CC DChg,149.83333333331393,-1.7,3.803
19,CC DChg,149.93333333331975,-1.7,3.8029
19,CC DChg,150.03333333331102,-1.7,3.8028
19,CC DChg,150.13333333331684,-1.7,3.8028
19,CC DChg,150.2333333333081,-1.7,3.8028
19,CC DChg,150.3249999999971,-1.7,3.8028
19,CC DChg,150.41666666662786,-1.7,3.8027
19,CC DChg,150.50833333331684,-1.6999,3.8027
19,CC DChg,150.59999999997672,-1.6999,3.8027
19,CC DChg,150.69166666665114,-1.6999,3.8027
19,CC DChg,150.78333333331102,-1.6999,3.8026
19,CC DChg,150.8749999999709,-1.6999,3.8026
20,Rest,150.96666666663077,0.0,3.8943
20,Rest,151.05833333331975,0.0,3.8943
20,Rest,151.14999999999418,0.0,3.8955
20,Rest,151.2416666666395,0.0,3.8977
20,Rest,151.34090909086808,0.0,3.8994
20,Rest,151.4401515151112,0.0,3.9004
20,Rest,151.53939393935434,0.0,3.9012
20,Rest,151.63863636361202,0.0,3.9018
20,Rest,151.73787878785515,0.0,3.9024
20,Rest,151.83712121209828,0.0,3.9028
20,Rest,151.93636363635596,0.0,3.9032
20,Rest,152.0356060605991,0.0,3.9036
20,Rest,152.13484848482767,0.0,3.904
20,Rest,152.2340909090708,0.0,3.9044
20,Rest,152.33402203855803,0.0,3.9047
20,Rest,152.4339531680307,0.0,3.905
20,Rest,152.53388429751794,0.0,3.9053
20,Rest,152.63381542697607,0.0,3.9056
20,Rest,152.7337465564342,0.0,3.906
20,Rest,152.83367768593598,0.0,3.9062
20,Rest,152.93360881540866,0.0,3.9065
20,Rest,153.0335399448668,0.0,3.9068
20,Rest,153.13347107435402,0.0,3.907
20,Rest,153.2334022038267,0.0,3.9073
20,Rest,153.333395942871,0.0,3.9075
20,Rest,153.43338968192984,0.0,3.9078
20,Rest,153.53338342097413,0.0,3.908
20,Rest,153.63337716001843,0.0,3.9082
20,Rest,153.73337089907727,0.0,3.9084
20,Rest,153.83336463809246,0.0,3.9087
20,Rest,153.93335837713676,0.0,3.9088
20,Rest,154.0333521161956,0.0,3.909
20,Rest,154.1333458552399,0.0,3.9093
20,Rest,154.23333959426964,0.0,3.9095
20,Rest,154.33333902509185,0.0,3.9097
20,Rest,154.43333845591405,0.0,3.9098
20,Rest,154.53333788673626,0.0,3.9101
20,Rest,154.63333731755847,0.0,3.9102
20,Rest,154.73333674839523,0.0,3.9105
20,Rest,154.83333617918834,0.0,3.9106
20,Rest,154.93333561003965,0.0,3.9108
20,Rest,155.03333504083275,0.0,3.911
20,Rest,155.1333344716695,0.0,3.9112
20,Rest,155.23333390249172,0.0,3.9113
20,Rest,155.33333385075093,0.0,3.9115
20,Rest,155.43333379901014,0.0,3.9117
20,Rest,155.5333337472548,0.0,3.9119
20,Rest,155.633333695514,0.0,3.9121
20,Rest,155.73333364377322,0.0,3.9122
20,Rest,155.83333359203243,0.0,3.9124
20,Rest,155.93333354029164,0.0,3.9125
20,Rest,156.03333348855085,0.0,3.9127
20,Rest,156.1333334367955,0.0,3.9129
20,Rest,156.23333338505472,0.0,3.913
20,Rest,156.33333338036027,0.0,3.9132
20,Rest,156.43333337565127,0.0,3.9134
20,Rest,156.53333337095683,0.0,3.9135
20,Rest,156.63333336623327,0.0,3.9137
20,Rest,156.73333336153883,0.0,3.9138
20,Rest,156.83333335682983,0.0,3.914
20,Rest,156.93333335213538,0.0,3.9141
20,Rest,157.03333334744093,0.0,3.9143
20,Rest,157.13333334271738,0.0,3.9145
20,Rest,157.23333333803748,0.0,3.9146
20,Rest,157.3333333375922,0.0,3.9147
20,Rest,157.4333333371469,0.0,3.9148
20,Rest,157.53333333675982,0.0,3.915
20,Rest,157.63333333631454,0.0,3.9151
20,Rest,157.73333333586925,0.0,3.9152
20,Rest,157.83333333545306,0.0,3.9154
20,Rest,157.93333333503688,0.0,3.9155
20,Rest,158.0333333345916,0.0,3.9156
20,Rest,158.1333333341754,0.0,3.9158
20,Rest,158.23333333375922,0.0,3.9159
20,Rest,158.33333333370683,0.0,3.9161
20,Rest,158.433333333669,0.0,3.9162
20,Rest,158.53333333363116,0.0,3.9164
20,Rest,158.63333333359333,0.0,3.9164
20,Rest,158.7333333335555,0.0,3.9166
20,Rest,158.83333333351766,0.0,3.9167
20,Rest,158.93333333347982,0.0,3.9169
20,Rest,159.03333333342744,0.0,3.917
20,Rest,159.1333333333896,0.0,3.9171
20,Rest,159.23333333335177,0.0,3.9172
20,Rest,159.3333333333576,0.0,3.9173
20,Rest,159.43333333334886,0.0,3.9174
20,Rest,159.53333333335468,0.0,3.9175
20,Rest,159.6333333333314,0.0,3.9177
20,Rest,159.7333333333372,0.0,3.9178
20,Rest,159.83333333331393,0.0,3.9179
20,Rest,159.9333333333343,0.0,3.918
20,Rest,160.03333333331102,0.0,3.9181
20,Rest,160.13333333331684,0.0,3.9182
20,Rest,160.2333333333081,0.0,3.9184
20,Rest,160.33333333331393,0.0,3.9185
20,Rest,160.43333333331975,0.0,3.9186
20,Rest,160.53333333331102,0.0,3.9187
20,Rest,160.63333333331684,0.0,3.9189
20,Rest,160.7333333333081,0.0,3.919
20,Rest,160.83333333331393,0.0,3.919
20,Rest,160.93333333331975,0.0,3.9192
20,Rest,161.03333333331102,0.0,3.9193
20,Rest,161.13333333331684,0.0,3.9194
20,Rest,161.2333333333081,0.0,3.9196
20,Rest,161.33333333331393,0.0,3.9197
20,Rest,161.43333333331975,0.0,3.9198
20,Rest,161.53333333331102,0.0,3.9199
20,Rest,161.63333333331684,0.0,3.9199
20,Rest,161.7333333333081,0.0,3.9201
20,Rest,161.83333333331393,0.0,3.9202
20,Rest,161.93333333331975,0.0,3.9202
20,Rest,162.03333333331102,0.0,3.9204
20,Rest,162.13333333331684,0.0,3.9205
20,Rest,162.2333333333081,0.0,3.9206
20,Rest,162.33333333331393,0.0,3.9207
20,Rest,162.43333333331975,0.0,3.9208
20,Rest,162.53333333331102,0.0,3.9209
20,Rest,162.63333333331684,0.0,3.9211
20,Rest,162.7333333333081,0.0,3.9211
20,Rest,162.83333333331393,0.0,3.9212
20,Rest,162.93333333331975,0.0,3.9214
20,Rest,163.03333333331102,0.0,3.9214
20,Rest,163.13333333331684,0.0,3.9215
20,Rest,163.2333333333081,0.0,3.9216
20,Rest,163.33333333331393,0.0,3.9217
20,Rest,163.43333333331975,0.0,3.9218
20,Rest,163.53333333331102,0.0,3.9219
20,Rest,163.63333333331684,0.0,3.922
20,Rest,163.7333333333081,0.0,3.9221
20,Rest,163.83333333331393,0.0,3.9222
20,Rest,163.93333333331975,0.0,3.9223
20,Rest,164.03333333331102,0.0,3.9223
20,Rest,164.13333333331684,0.0,3.9224
20,Rest,164.2333333333081,0.0,3.9225
20,Rest,164.33333333331393,0.0,3.9226
20,Rest,164.43333333331975,0.0,3.9227
20,Rest,164.53333333331102,0.0,3.9228
20,Rest,164.63333333331684,0.0,3.9229
20,Rest,164.7333333333081,0.0,3.923
20,Rest,164.83333333331393,0.0,3.9231
20,Rest,164.93333333331975,0.0,3.9232
20,Rest,165.03333333331102,0.0,3.9233
20,Rest,165.13333333331684,0.0,3.9233
20,Rest,165.2333333333081,0.0,3.9235
20,Rest,165.33333333331393,0.0,3.9236
20,Rest,165.43333333331975,0.0,3.9236
20,Rest,165.53333333331102,0.0,3.9238
20,Rest,165.63333333331684,0.0,3.9239
20,Rest,165.7333333333081,0.0,3.9239
20,Rest,165.83333333331393,0.0,3.924
20,Rest,165.93333333331975,0.0,3.9241
20,Rest,166.03333333331102,0.0,3.9242
20,Rest,166.13333333331684,0.0,3.9242
20,Rest,166.2333333333081,0.0,3.9244
20,Rest,166.33333333331393,0.0,3.9244
20,Rest,166.43333333331975,0.0,3.9245
20,Rest,166.53333333331102,0.0,3.9247
20,Rest,166.63333333331684,0.0,3.9247
20,Rest,166.7333333333081,0.0,3.9248
20,Rest,166.83333333331393,0.0,3.9249
20,Rest,166.93333333331975,0.0,3.925
20,Rest,167.03333333331102,0.0,3.9251
20,Rest,167.13333333331684,0.0,3.9252
20,Rest,167.2333333333081,0.0,3.9253
20,Rest,167.33333333331393,0.0,3.9253
20,Rest,167.43333333331975,0.0,3.9255
20,Rest,167.53333333331102,0.0,3.9255
20,Rest,167.63333333331684,0.0,3.9256
20,Rest,167.7333333333081,0.0,3.9257
20,Rest,167.83333333331393,0.0,3.9258
20,Rest,167.93333333331975,0.0,3.9259
20,Rest,168.03333333331102,0.0,3.926
20,Rest,168.13333333331684,0.0,3.926
20,Rest,168.2333333333081,0.0,3.9261
20,Rest,168.33333333331393,0.0,3.9262
20,Rest,168.43333333331975,0.0,3.9263
20,Rest,168.53333333331102,0.0,3.9263
20,Rest,168.63333333331684,0.0,3.9264
20,Rest,168.7333333333081,0.0,3.9265
20,Rest,168.83333333331393,0.0,3.9266
20,Rest,168.93333333331975,0.0,3.9267
20,Rest,169.03333333331102,0.0,3.9268
20,Rest,169.13333333331684,0.0,3.9269
20,Rest,169.2333333333081,0.0,3.927
20,Rest,169.33333333331393,0.0,3.927
20,Rest,169.43333333331975,0.0,3.9271
20,Rest,169.53333333331102,0.0,3.9271
20,Rest,169.63333333331684,0.0,3.9273
20,Rest,169.7333333333081,0.0,3.9273
20,Rest,169.83333333331393,0.0,3.9274
20,Rest,169.93333333331975,0.0,3.9275
20,Rest,170.03333333331102,0.0,3.9275
20,Rest,170.13333333331684,0.0,3.9276
20,Rest,170.2333333333081,0.0,3.9277
20,Rest,170.33333333331393,0.0,3.9277
20,Rest,170.43333333331975,0.0,3.9278
20,Rest,170.53333333331102,0.0,3.9279
20,Rest,170.63333333331684,0.0,3.928
20,Rest,170.7333333333081,0.0,3.9281
20,Rest,170.83333333331393,0.0,3.9282
20,Rest,170.93333333331975,0.0,3.9282
20,Rest,171.03333333331102,0.0,3.9283
20,Rest,171.13333333331684,0.0,3.9283
20,Rest,171.2333333333081,0.0,3.9284
20,Rest,171.33333333331393,0.0,3.9285
20,Rest,171.43333333331975,0.0,3.9285
20,Rest,171.53333333331102,0.0,3.9286
20,Rest,171.63333333331684,0.0,3.9287
20,Rest,171.7333333333081,0.0,3.9288
20,Rest,171.83333333331393,0.0,3.9289
20,Rest,171.93333333331975,0.0,3.929
20,Rest,172.03333333331102,0.0,3.929
20,Rest,172.13333333331684,0.0,3.9291
20,Rest,172.2333333333081,0.0,3.9291
20,Rest,172.33333333331393,0.0,3.9292
20,Rest,172.43333333331975,0.0,3.9293
20,Rest,172.53333333331102,0.0,3.9293
20,Rest,172.63333333331684,0.0,3.9294
20,Rest,172.7333333333081,0.0,3.9295
20,Rest,172.83333333331393,0.0,3.9296
20,Rest,172.93333333331975,0.0,3.9297
20,Rest,173.03333333331102,0.0,3.9297
20,Rest,173.13333333331684,0.0,3.9298
20,Rest,173.2333333333081,0.0,3.9299
20,Rest,173.33333333331393,0.0,3.9299
20,Rest,173.43333333331975,0.0,3.93
20,Rest,173.53333333331102,0.0,3.93
20,Rest,173.63333333331684,0.0,3.9301
20,Rest,173.7333333333081,0.0,3.9301
20,Rest,173.83333333331393,0.0,3.9303
20,Rest,173.93333333331975,0.0,3.9304
20,Rest,174.03333333331102,0.0,3.9304
20,Rest,174.13333333331684,0.0,3.9304
20,Rest,174.2333333333081,0.0,3.9305
20,Rest,174.33333333331393,0.0,3.9306
20,Rest,174.43333333331975,0.0,3.9307
20,Rest,174.53333333331102,0.0,3.9308
20,Rest,174.63333333331684,0.0,3.9308
20,Rest,174.7333333333081,0.0,3.9308
20,Rest,174.83333333331393,0.0,3.9309
20,Rest,174.93333333331975,0.0,3.931
20,Rest,175.03333333331102,0.0,3.9311
20,Rest,175.13333333331684,0.0,3.9312
20,Rest,175.2333333333081,0.0,3.9312
20,Rest,175.33333333331393,0.0,3.9312
20,Rest,175.43333333331975,0.0,3.9313
20,Rest,175.53333333331102,0.0,3.9314
20,Rest,175.63333333331684,0.0,3.9315
20,Rest,175.7333333333081,0.0,3.9315
20,Rest,175.83333333331393,0.0,3.9316
20,Rest,175.93333333331975,0.0,3.9316
20,Rest,176.03333333331102,0.0,3.9317
20,Rest,176.13333333331684,0.0,3.9318
20,Rest,176.2333333333081,0.0,3.9319
20,Rest,176.33333333331393,0.0,3.9319
20,Rest,176.43333333331975,0.0,3.9319
20,Rest,176.53333333331102,0.0,3.932
20,Rest,176.63333333331684,0.0,3.9321
20,Rest,176.7333333333081,0.0,3.9322
20,Rest,176.83333333331393,0.0,3.9323
20,Rest,176.93333333331975,0.0,3.9323
20,Rest,177.03333333331102,0.0,3.9324
20,Rest,177.13333333331684,0.0,3.9324
20,Rest,177.2333333333081,0.0,3.9325
20,Rest,177.33333333331393,0.0,3.9326
20,Rest,177.43333333331975,0.0,3.9326
20,Rest,177.53333333331102,0.0,3.9327
20,Rest,177.63333333331684,0.0,3.9327
20,Rest,177.7333333333081,0.0,3.9328
20,Rest,177.83333333331393,0.0,3.9329
20,Rest,177.93333333331975,0.0,3.933
20,Rest,178.03333333331102,0.0,3.933
20,Rest,178.13333333331684,0.0,3.9331
20,Rest,178.2333333333081,0.0,3.9332
20,Rest,178.33333333331393,0.0,3.9332
20,Rest,178.43333333331975,0.0,3.9332
20,Rest,178.53333333331102,0.0,3.9333
20,Rest,178.63333333331684,0.0,3.9334
20,Rest,178.7333333333081,0.0,3.9334
20,Rest,178.83333333331393,0.0,3.9335
20,Rest,178.93333333331975,0.0,3.9335
20,Rest,179.03333333331102,0.0,3.9336
20,Rest,179.13333333331684,0.0,3.9337
20,Rest,179.2333333333081,0.0,3.9337
20,Rest,179.33333333331393,0.0,3.9338
20,Rest,179.43333333331975,0.0,3.9338
20,Rest,179.53333333331102,0.0,3.9339
20,Rest,179.63333333331684,0.0,3.934
20,Rest,179.7333333333081,0.0,3.934
20,Rest,179.83333333331393,0.0,3.9341
20,Rest,179.93333333331975,0.0,3.9341
20,Rest,180.03333333331102,0.0,3.9342
20,Rest,180.13333333331684,0.0,3.9342
20,Rest,180.2333333333081,0.0,3.9343
20,Rest,180.33333333331393,0.0,3.9343
20,Rest,180.43333333331975,0.0,3.9344
20,Rest,180.53333333331102,0.0,3.9345
20,Rest,180.63333333331684,0.0,3.9345
20,Rest,180.7333333333081,0.0,3.9346
20,Rest,180.83333333331393,0.0,3.9347
20,Rest,180.93333333331975,0.0,3.9347
20,Rest,181.03333333331102,0.0,3.9348
20,Rest,181.13333333331684,0.0,3.9348
20,Rest,181.2333333333081,0.0,3.9349
20,Rest,181.33333333331393,0.0,3.9349
20,Rest,181.43333333331975,0.0,3.9349
20,Rest,181.53333333331102,0.0,3.935
20,Rest,181.63333333331684,0.0,3.9351
20,Rest,181.7333333333081,0.0,3.9351
20,Rest,181.83333333331393,0.0,3.9352
20,Rest,181.93333333331975,0.0,3.9353
20,Rest,182.03333333331102,0.0,3.9353
20,Rest,182.13333333331684,0.0,3.9353
20,Rest,182.2333333333081,0.0,3.9354
20,Rest,182.33333333331393,0.0,3.9355
20,Rest,182.43333333331975,0.0,3.9356
20,Rest,182.53333333331102,0.0,3.9356
20,Rest,182.63333333331684,0.0,3.9357
20,Rest,182.7333333333081,0.0,3.9357
20,Rest,182.83333333331393,0.0,3.9357
20,Rest,182.93333333331975,0.0,3.9358
20,Rest,183.03333333331102,0.0,3.9359
20,Rest,183.13333333331684,0.0,3.9359
20,Rest,183.2333333333081,0.0,3.9359
20,Rest,183.33333333331393,0.0,3.936
20,Rest,183.43333333331975,0.0,3.936
20,Rest,183.53333333331102,0.0,3.9361
20,Rest,183.63333333331684,0.0,3.9362
20,Rest,183.7333333333081,0.0,3.9362
20,Rest,183.83333333331393,0.0,3.9363
20,Rest,183.93333333331975,0.0,3.9363
20,Rest,184.03333333331102,0.0,3.9363
20,Rest,184.13333333331684,0.0,3.9364
20,Rest,184.2333333333081,0.0,3.9365
20,Rest,184.33333333331393,0.0,3.9365
20,Rest,184.43333333331975,0.0,3.9366
20,Rest,184.53333333331102,0.0,3.9366
20,Rest,184.63333333331684,0.0,3.9367
20,Rest,184.7333333333081,0.0,3.9367
20,Rest,184.83333333331393,0.0,3.9367
20,Rest,184.93333333331975,0.0,3.9368
20,Rest,185.03333333331102,0.0,3.9368
20,Rest,185.13333333331684,0.0,3.9369
20,Rest,185.2333333333081,0.0,3.937
20,Rest,185.33333333331393,0.0,3.937
20,Rest,185.43333333331975,0.0,3.937
20,Rest,185.53333333331102,0.0,3.9371
20,Rest,185.63333333331684,0.0,3.9371
20,Rest,185.7333333333081,0.0,3.9372
20,Rest,185.83333333331393,0.0,3.9372
20,Rest,185.93333333331975,0.0,3.9373
20,Rest,186.03333333331102,0.0,3.9373
20,Rest,186.13333333331684,0.0,3.9374
20,Rest,186.2333333333081,0.0,3.9374
20,Rest,186.33333333331393,0.0,3.9375
20,Rest,186.43333333331975,0.0,3.9375
20,Rest,186.53333333331102,0.0,3.9376
20,Rest,186.63333333331684,0.0,3.9376
20,Rest,186.7333333333081,0.0,3.9377
20,Rest,186.83333333331393,0.0,3.9377
20,Rest,186.93333333331975,0.0,3.9378
20,Rest,187.03333333331102,0.0,3.9378
20,Rest,187.13333333331684,0.0,3.9379
20,Rest,187.2333333333081,0.0,3.9379
20,Rest,187.33333333331393,0.0,3.938
20,Rest,187.43333333331975,0.0,3.938
20,Rest,187.53333333331102,0.0,3.9381
20,Rest,187.63333333331684,0.0,3.9381
20,Rest,187.7333333333081,0.0,3.9381
20,Rest,187.83333333331393,0.0,3.9382
20,Rest,187.93333333331975,0.0,3.9382
20,Rest,188.03333333331102,0.0,3.9383
20,Rest,188.13333333331684,0.0,3.9383
20,Rest,188.2333333333081,0.0,3.9384
20,Rest,188.33333333331393,0.0,3.9384
20,Rest,188.43333333331975,0.0,3.9385
20,Rest,188.53333333331102,0.0,3.9385
20,Rest,188.63333333331684,0.0,3.9386
20,Rest,188.7333333333081,0.0,3.9386
20,Rest,188.83333333331393,0.0,3.9386
20,Rest,188.93333333331975,0.0,3.9387
20,Rest,189.03333333331102,0.0,3.9388
20,Rest,189.13333333331684,0.0,3.9388
20,Rest,189.2333333333081,0.0,3.9388
20,Rest,189.33333333331393,0.0,3.9389
20,Rest,189.43333333331975,0.0,3.9389
20,Rest,189.53333333331102,0.0,3.939
20,Rest,189.63333333331684,0.0,3.939
20,Rest,189.7333333333081,0.0,3.9391
20,Rest,189.83333333331393,0.0,3.9391
20,Rest,189.93333333331975,0.0,3.9392
20,Rest,190.03333333331102,0.0,3.9392
20,Rest,190.13333333331684,0.0,3.9393
20,Rest,190.2333333333081,0.0,3.9393
20,Rest,190.33333333331393,0.0,3.9394
20,Rest,190.43333333331975,0.0,3.9394
20,Rest,190.53333333331102,0.0,3.9395
20,Rest,190.63333333331684,0.0,3.9395
20,Rest,190.7333333333081,0.0,3.9395
20,Rest,190.83333333331393,0.0,3.9396
20,Rest,190.93333333331975,0.0,3.9396
20,Rest,191.03333333331102,0.0,3.9397
20,Rest,191.13333333331684,0.0,3.9397
20,Rest,191.2333333333081,0.0,3.9397
20,Rest,191.33333333331393,0.0,3.9398
20,Rest,191.43333333331975,0.0,3.9398
20,Rest,191.53333333331102,0.0,3.9398
20,Rest,191.63333333331684,0.0,3.9398
20,Rest,191.7333333333081,0.0,3.9399
20,Rest,191.83333333331393,0.0,3.94
20,Rest,191.93333333331975,0.0,3.94
20,Rest,192.03333333331102,0.0,3.94
20,Rest,192.13333333331684,0.0,3.9401
20,Rest,192.2333333333081,0.0,3.9402
20,Rest,192.33333333331393,0.0,3.9402
20,Rest,192.43333333331975,0.0,3.9402
20,Rest,192.53333333331102,0.0,3.9403
20,Rest,192.63333333331684,0.0,3.9403
20,Rest,192.7333333333081,0.0,3.9403
20,Rest,192.83333333331393,0.0,3.9404
20,Rest,192.93333333331975,0.0,3.9404
20,Rest,193.03333333331102,0.0,3.9405
20,Rest,193.13333333331684,0.0,3.9405
20,Rest,193.2333333333081,0.0,3.9406
20,Rest,193.33333333331393,0.0,3.9406
20,Rest,193.43333333331975,0.0,3.9407
20,Rest,193.53333333331102,0.0,3.9407
20,Rest,193.63333333331684,0.0,3.9408
20,Rest,193.7333333333081,0.0,3.9408
20,Rest,193.83333333331393,0.0,3.9408
20,Rest,193.93333333331975,0.0,3.9409
20,Rest,194.03333333331102,0.0,3.9409
20,Rest,194.13333333331684,0.0,3.9409
20,Rest,194.2333333333081,0.0,3.941
20,Rest,194.33333333331393,0.0,3.941
20,Rest,194.43333333331975,0.0,3.9411
20,Rest,194.53333333331102,0.0,3.9411
20,Rest,194.63333333331684,0.0,3.9412
20,Rest,194.7333333333081,0.0,3.9413
20,Rest,194.83333333331393,0.0,3.9413
20,Rest,194.93333333331975,0.0,3.9413
20,Rest,195.03333333331102,0.0,3.9413
20,Rest,195.13333333331684,0.0,3.9414
20,Rest,195.2333333333081,0.0,3.9414
20,Rest,195.33333333331393,0.0,3.9414
20,Rest,195.43333333331975,0.0,3.9415
20,Rest,195.53333333331102,0.0,3.9415
20,Rest,195.63333333331684,0.0,3.9416
20,Rest,195.7333333333081,0.0,3.9416
20,Rest,195.83333333331393,0.0,3.9417
20,Rest,195.93333333331975,0.0,3.9417
20,Rest,196.03333333331102,0.0,3.9417
20,Rest,196.13333333331684,0.0,3.9418
20,Rest,196.2333333333081,0.0,3.9418
20,Rest,196.33333333331393,0.0,3.9418
20,Rest,196.43333333331975,0.0,3.9419
20,Rest,196.53333333331102,0.0,3.9419
20,Rest,196.63333333331684,0.0,3.942
20,Rest,196.7333333333081,0.0,3.942
20,Rest,196.83333333331393,0.0,3.9421
20,Rest,196.93333333331975,0.0,3.9421
20,Rest,197.03333333331102,0.0,3.9422
20,Rest,197.13333333331684,0.0,3.9422
20,Rest,197.2333333333081,0.0,3.9422
20,Rest,197.33333333331393,0.0,3.9423
20,Rest,197.43333333331975,0.0,3.9423
20,Rest,197.53333333331102,0.0,3.9423
20,Rest,197.63333333331684,0.0,3.9423
20,Rest,197.7333333333081,0.0,3.9424
20,Rest,197.83333333331393,0.0,3.9424
20,Rest,197.93333333331975,0.0,3.9425
20,Rest,198.03333333331102,0.0,3.9425
20,Rest,198.13333333331684,0.0,3.9426
20,Rest,198.2333333333081,0.0,3.9426
20,Rest,198.33333333331393,0.0,3.9426
20,Rest,198.43333333331975,0.0,3.9427
20,Rest,198.53333333331102,0.0,3.9427
20,Rest,198.63333333331684,0.0,3.9428
20,Rest,198.7333333333081,0.0,3.9428
20,Rest,198.83333333331393,0.0,3.9428
20,Rest,198.93333333331975,0.0,3.9429
20,Rest,199.03333333331102,0.0,3.9429
20,Rest,199.13333333331684,0.0,3.9429
20,Rest,199.2333333333081,0.0,3.9429
20,Rest,199.33333333331393,0.0,3.943
20,Rest,199.43333333331975,0.0,3.943
20,Rest,199.53333333331102,0.0,3.9431
20,Rest,199.63333333331684,0.0,3.9431
20,Rest,199.7333333333081,0.0,3.9431
20,Rest,199.83333333331393,0.0,3.9431
20,Rest,199.93333333331975,0.0,3.9432
20,Rest,200.03333333331102,0.0,3.9432
20,Rest,200.13333333331684,0.0,3.9432
20,Rest,200.2333333333081,0.0,3.9433
20,Rest,200.33333333331393,0.0,3.9433
20,Rest,200.43333333331975,0.0,3.9434
20,Rest,200.53333333331102,0.0,3.9434
20,Rest,200.63333333331684,0.0,3.9434
20,Rest,200.7333333333081,0.0,3.9435
20,Rest,200.83333333331393,0.0,3.9435
20,Rest,200.93333333331975,0.0,3.9436
20,Rest,201.03333333331102,0.0,3.9436
20,Rest,201.13333333331684,0.0,3.9436
20,Rest,201.2333333333081,0.0,3.9437
20,Rest,201.33333333331393,0.0,3.9437
20,Rest,201.43333333331975,0.0,3.9437
20,Rest,201.53333333331102,0.0,3.9438
20,Rest,201.63333333331684,0.0,3.9438
20,Rest,201.7333333333081,0.0,3.9438
20,Rest,201.83333333331393,0.0,3.9439
20,Rest,201.93333333331975,0.0,3.9439
20,Rest,202.03333333331102,0.0,3.9439
20,Rest,202.13333333331684,0.0,3.9439
20,Rest,202.2333333333081,0.0,3.944
20,Rest,202.33333333331393,0.0,3.944
20,Rest,202.43333333331975,0.0,3.9441
20,Rest,202.53333333331102,0.0,3.9441
20,Rest,202.63333333331684,0.0,3.9441
20,Rest,202.7333333333081,0.0,3.9442
20,Rest,202.83333333331393,0.0,3.9442
20,Rest,202.93333333331975,0.0,3.9442
20,Rest,203.03333333331102,0.0,3.9443
20,Rest,203.13333333331684,0.0,3.9443
20,Rest,203.2333333333081,0.0,3.9444
20,Rest,203.33333333331393,0.0,3.9444
20,Rest,203.43333333331975,0.0,3.9444
20,Rest,203.53333333331102,0.0,3.9445
20,Rest,203.63333333331684,0.0,3.9445
20,Rest,203.7333333333081,0.0,3.9445
20,Rest,203.83333333331393,0.0,3.9446
20,Rest,203.93333333331975,0.0,3.9446
20,Rest,204.03333333331102,0.0,3.9446
20,Rest,204.13333333331684,0.0,3.9446
20,Rest,204.2333333333081,0.0,3.9447
20,Rest,204.33333333331393,0.0,3.9447
20,Rest,204.43333333331975,0.0,3.9448
20,Rest,204.53333333331102,0.0,3.9448
20,Rest,204.63333333331684,0.0,3.9448
20,Rest,204.7333333333081,0.0,3.9448
20,Rest,204.83333333331393,0.0,3.9449
20,Rest,204.93333333331975,0.0,3.9449
20,Rest,205.03333333331102,0.0,3.945
20,Rest,205.13333333331684,0.0,3.945
20,Rest,205.2333333333081,0.0,3.945
20,Rest,205.33333333331393,0.0,3.9451
20,Rest,205.43333333331975,0.0,3.9451
20,Rest,205.53333333331102,0.0,3.9452
20,Rest,205.63333333331684,0.0,3.9452
20,Rest,205.7333333333081,0.0,3.9453
20,Rest,205.83333333331393,0.0,3.9452
20,Rest,205.93333333331975,0.0,3.9453
20,Rest,206.03333333331102,0.0,3.9454
20,Rest,206.13333333331684,0.0,3.9454
20,Rest,206.2333333333081,0.0,3.9454
20,Rest,206.33333333331393,0.0,3.9454
20,Rest,206.43333333331975,0.0,3.9455
20,Rest,206.53333333331102,0.0,3.9455
20,Rest,206.63333333331684,0.0,3.9455
20,Rest,206.7333333333081,0.0,3.9456
20,Rest,206.83333333331393,0.0,3.9456
20,Rest,206.93333333331975,0.0,3.9457
20,Rest,207.03333333331102,0.0,3.9457
20,Rest,207.13333333331684,0.0,3.9457
20,Rest,207.2333333333081,0.0,3.9457
20,Rest,207.33333333331393,0.0,3.9457
20,Rest,207.43333333331975,0.0,3.9458
20,Rest,207.53333333331102,0.0,3.9458
20,Rest,207.63333333331684,0.0,3.9459
20,Rest,207.7333333333081,0.0,3.9459
20,Rest,207.83333333331393,0.0,3.9459
20,Rest,207.93333333331975,0.0,3.946
20,Rest,208.03333333331102,0.0,3.946
20,Rest,208.13333333331684,0.0,3.946
20,Rest,208.2333333333081,0.0,3.9461
20,Rest,208.33333333331393,0.0,3.9461
20,Rest,208.43333333331975,0.0,3.9462
20,Rest,208.53333333331102,0.0,3.9462
20,Rest,208.63333333331684,0.0,3.9461
20,Rest,208.7333333333081,0.0,3.9462
20,Rest,208.83333333331393,0.0,3.9463
20,Rest,208.93333333331975,0.0,3.9463
20,Rest,209.03333333331102,0.0,3.9463
20,Rest,209.13333333331684,0.0,3.9464
20,Rest,209.2333333333081,0.0,3.9464
20,Rest,209.33333333331393,0.0,3.9464
20,Rest,209.43333333331975,0.0,3.9464
20,Rest,209.53333333331102,0.0,3.9465
20,Rest,209.63333333331684,0.0,3.9465
20,Rest,209.7333333333081,0.0,3.9465
20,Rest,209.83333333331393,0.0,3.9465
20,Rest,209.93333333331975,0.0,3.9466
20,Rest,210.03333333331102,0.0,3.9466
20,Rest,210.13333333331684,0.0,3.9466
20,Rest,210.2333333333081,0.0,3.9467
20,Rest,210.33333333331393,0.0,3.9467
20,Rest,210.43333333331975,0.0,3.9467
20,Rest,210.53333333331102,0.0,3.9468
20,Rest,210.63333333331684,0.0,3.9467
20,Rest,210.7333333333081,0.0,3.9468
20,Rest,210.83333333331393,0.0,3.9468
20,Rest,210.93333333331975,0.0,3.9469
20,Rest,211.03333333331102,0.0,3.9469
20,Rest,211.13333333331684,0.0,3.947
20,Rest,211.2333333333081,0.0,3.947
20,Rest,211.33333333331393,0.0,3.947
20,Rest,211.43333333331975,0.0,3.947
20,Rest,211.53333333331102,0.0,3.947
20,Rest,211.63333333331684,0.0,3.9471
20,Rest,211.7333333333081,0.0,3.9471
20,Rest,211.83333333331393,0.0,3.9472
20,Rest,211.93333333331975,0.0,3.9472
20,Rest,212.03333333331102,0.0,3.9472
20,Rest,212.13333333331684,0.0,3.9473
20,Rest,212.2333333333081,0.0,3.9473
20,Rest,212.33333333331393,0.0,3.9473
20,Rest,212.43333333331975,0.0,3.9473
20,Rest,212.53333333331102,0.0,3.9473
20,Rest,212.63333333331684,0.0,3.9474
20,Rest,212.7333333333081,0.0,3.9474
20,Rest,212.83333333331393,0.0,3.9474
20,Rest,212.93333333331975,0.0,3.9474
20,Rest,213.03333333331102,0.0,3.9475
20,Rest,213.13333333331684,0.0,3.9475
20,Rest,213.2333333333081,0.0,3.9475
20,Rest,213.33333333331393,0.0,3.9476
20,Rest,213.43333333331975,0.0,3.9476
20,Rest,213.53333333331102,0.0,3.9476
20,Rest,213.63333333331684,0.0,3.9476
20,Rest,213.7333333333081,0.0,3.9476
20,Rest,213.83333333331393,0.0,3.9477
20,Rest,213.93333333331975,0.0,3.9477
20,Rest,214.03333333331102,0.0,3.9477
20,Rest,214.13333333331684,0.0,3.9478
20,Rest,214.2333333333081,0.0,3.9478
20,Rest,214.33333333331393,0.0,3.9478
20,Rest,214.43333333331975,0.0,3.9479
20,Rest,214.53333333331102,0.0,3.9479
20,Rest,214.63333333331684,0.0,3.9479
20,Rest,214.7333333333081,0.0,3.948
20,Rest,214.83333333331393,0.0,3.948
20,Rest,214.93333333331975,0.0,3.948
20,Rest,215.03333333331102,0.0,3.9481
20,Rest,215.13333333331684,0.0,3.9481
20,Rest,215.2333333333081,0.0,3.9481
20,Rest,215.33333333331393,0.0,3.9481
20,Rest,215.43333333331975,0.0,3.9482
20,Rest,215.53333333331102,0.0,3.9482
20,Rest,215.63333333331684,0.0,3.9482
20,Rest,215.7333333333081,0.0,3.9482
20,Rest,215.83333333331393,0.0,3.9482
20,Rest,215.93333333331975,0.0,3.9483
20,Rest,216.03333333331102,0.0,3.9483
20,Rest,216.13333333331684,0.0,3.9483
20,Rest,216.2333333333081,0.0,3.9484
20,Rest,216.33333333331393,0.0,3.9484
20,Rest,216.43333333331975,0.0,3.9484
20,Rest,216.53333333331102,0.0,3.9484
20,Rest,216.63333333331684,0.0,3.9485
20,Rest,216.7333333333081,0.0,3.9485
20,Rest,216.83333333331393,0.0,3.9485
20,Rest,216.93333333331975,0.0,3.9486
20,Rest,217.03333333331102,0.0,3.9486
20,Rest,217.13333333331684,0.0,3.9486
20,Rest,217.2333333333081,0.0,3.9486
20,Rest,217.33333333331393,0.0,3.9487
20,Rest,217.43333333331975,0.0,3.9487
20,Rest,217.53333333331102,0.0,3.9488
20,Rest,217.63333333331684,0.0,3.9488
20,Rest,217.7333333333081,0.0,3.9488
20,Rest,217.83333333331393,0.0,3.9488
20,Rest,217.93333333331975,0.0,3.9489
20,Rest,218.03333333331102,0.0,3.9489
20,Rest,218.13333333331684,0.0,3.9489
20,Rest,218.2333333333081,0.0,3.9489
20,Rest,218.33333333331393,0.0,3.9489
20,Rest,218.43333333331975,0.0,3.949
20,Rest,218.53333333331102,0.0,3.949
20,Rest,218.63333333331684,0.0,3.949
20,Rest,218.7333333333081,0.0,3.949
20,Rest,218.83333333331393,0.0,3.9491
20,Rest,218.93333333331975,0.0,3.9491
20,Rest,219.03333333331102,0.0,3.9491
20,Rest,219.13333333331684,0.0,3.9491
20,Rest,219.2333333333081,0.0,3.9491
20,Rest,219.33333333331393,0.0,3.9492
20,Rest,219.43333333331975,0.0,3.9492
20,Rest,219.53333333331102,0.0,3.9492
20,Rest,219.63333333331684,0.0,3.9492
20,Rest,219.7333333333081,0.0,3.9493
20,Rest,219.83333333331393,0.0,3.9493
20,Rest,219.93333333331975,0.0,3.9493
20,Rest,220.03333333331102,0.0,3.9494
20,Rest,220.13333333331684,0.0,3.9494
20,Rest,220.2333333333081,0.0,3.9494
20,Rest,220.33333333331393,0.0,3.9494
20,Rest,220.43333333331975,0.0,3.9495
20,Rest,220.53333333331102,0.0,3.9495
20,Rest,220.63333333331684,0.0,3.9495
20,Rest,220.7333333333081,0.0,3.9495
20,Rest,220.83333333331393,0.0,3.9495
20,Rest,220.93333333331975,0.0,3.9496
20,Rest,221.03333333331102,0.0,3.9496
20,Rest,221.13333333331684,0.0,3.9496
20,Rest,221.2333333333081,0.0,3.9497
20,Rest,221.33333333331393,0.0,3.9497
20,Rest,221.43333333331975,0.0,3.9497
20,Rest,221.53333333331102,0.0,3.9497
20,Rest,221.63333333331684,0.0,3.9498
20,Rest,221.7333333333081,0.0,3.9498
20,Rest,221.83333333331393,0.0,3.9498
20,Rest,221.93333333331975,0.0,3.9499
20,Rest,222.03333333331102,0.0,3.9499
20,Rest,222.13333333331684,0.0,3.9499
20,Rest,222.2333333333081,0.0,3.9499
20,Rest,222.33333333331393,0.0,3.95
20,Rest,222.43333333331975,0.0,3.95
20,Rest,222.53333333331102,0.0,3.95
20,Rest,222.63333333331684,0.0,3.95
20,Rest,222.7333333333081,0.0,3.95
20,Rest,222.83333333331393,0.0,3.9501
20,Rest,222.93333333331975,0.0,3.9501
20,Rest,223.03333333331102,0.0,3.9501
20,Rest,223.13333333331684,0.0,3.9501
20,Rest,223.2333333333081,0.0,3.9502
20,Rest,223.33333333331393,0.0,3.9502
20,Rest,223.43333333331975,0.0,3.9503
20,Rest,223.53333333331102,0.0,3.9503
20,Rest,223.63333333331684,0.0,3.9502
20,Rest,223.7333333333081,0.0,3.9503
20,Rest,223.83333333331393,0.0,3.9503
20,Rest,223.93333333331975,0.0,3.9503
20,Rest,224.03333333331102,0.0,3.9503
20,Rest,224.13333333331684,0.0,3.9503
20,Rest,224.2333333333081,0.0,3.9504
20,Rest,224.33333333331393,0.0,3.9504
20,Rest,224.43333333331975,0.0,3.9505
20,Rest,224.53333333331102,0.0,3.9505
20,Rest,224.63333333331684,0.0,3.9505
20,Rest,224.7333333333081,0.0,3.9505
20,Rest,224.83333333331393,0.0,3.9505
20,Rest,224.93333333331975,0.0,3.9505
20,Rest,225.03333333331102,0.0,3.9505
20,Rest,225.13333333331684,0.0,3.9506
20,Rest,225.2333333333081,0.0,3.9506
20,Rest,225.33333333331393,0.0,3.9506
20,Rest,225.43333333331975,0.0,3.9507
20,Rest,225.53333333331102,0.0,3.9507
20,Rest,225.63333333331684,0.0,3.9508
20,Rest,225.7333333333081,0.0,3.9508
20,Rest,225.83333333331393,0.0,3.9508
20,Rest,225.93333333331975,0.0,3.9508
20,Rest,226.03333333331102,0.0,3.9508
20,Rest,226.13333333331684,0.0,3.9508
20,Rest,226.2333333333081,0.0,3.9509
20,Rest,226.33333333331393,0.0,3.9509
20,Rest,226.43333333331975,0.0,3.9509
20,Rest,226.53333333331102,0.0,3.9509
20,Rest,226.63333333331684,0.0,3.951
20,Rest,226.7333333333081,0.0,3.951
20,Rest,226.83333333331393,0.0,3.951
20,Rest,226.93333333331975,0.0,3.9511
20,Rest,227.03333333331102,0.0,3.9511
20,Rest,227.13333333331684,0.0,3.9511
20,Rest,227.2333333333081,0.0,3.9511
20,Rest,227.33333333331393,0.0,3.9511
20,Rest,227.43333333331975,0.0,3.9512
20,Rest,227.53333333331102,0.0,3.9512
20,Rest,227.63333333331684,0.0,3.9513
20,Rest,227.7333333333081,0.0,3.9512
20,Rest,227.83333333331393,0.0,3.9513
20,Rest,227.93333333331975,0.0,3.9513
20,Rest,228.03333333331102,0.0,3.9513
20,Rest,228.13333333331684,0.0,3.9513
20,Rest,228.2333333333081,0.0,3.9513
20,Rest,228.33333333331393,0.0,3.9513
20,Rest,228.43333333331975,0.0,3.9514
20,Rest,228.53333333331102,0.0,3.9514
20,Rest,228.63333333331684,0.0,3.9514
20,Rest,228.7333333333081,0.0,3.9515
20,Rest,228.83333333331393,0.0,3.9515
20,Rest,228.93333333331975,0.0,3.9515
20,Rest,229.03333333331102,0.0,3.9515
20,Rest,229.13333333331684,0.0,3.9515
20,Rest,229.2333333333081,0.0,3.9516
20,Rest,229.33333333331393,0.0,3.9516
20,Rest,229.43333333331975,0.0,3.9516
20,Rest,229.53333333331102,0.0,3.9517
20,Rest,229.63333333331684,0.0,3.9516
20,Rest,229.7333333333081,0.0,3.9516
20,Rest,229.83333333331393,0.0,3.9517
20,Rest,229.93333333331975,0.0,3.9518
20,Rest,230.03333333331102,0.0,3.9518
20,Rest,230.13333333331684,0.0,3.9518
20,Rest,230.2333333333081,0.0,3.9518
20,Rest,230.33333333331393,0.0,3.9519
20,Rest,230.43333333331975,0.0,3.9518
20,Rest,230.53333333331102,0.0,3.9519
20,Rest,230.63333333331684,0.0,3.9519
20,Rest,230.7333333333081,0.0,3.9519
20,Rest,230.83333333331393,0.0,3.9519
20,Rest,230.93333333331975,0.0,3.9519
20,Rest,231.03333333331102,0.0,3.952
20,Rest,231.13333333331684,0.0,3.952
20,Rest,231.2333333333081,0.0,3.952
20,Rest,231.33333333331393,0.0,3.952
20,Rest,231.43333333331975,0.0,3.952
20,Rest,231.53333333331102,0.0,3.9521
20,Rest,231.63333333331684,0.0,3.9521
20,Rest,231.7333333333081,0.0,3.9522
20,Rest,231.83333333331393,0.0,3.9522
20,Rest,231.93333333331975,0.0,3.9521
20,Rest,232.03333333331102,0.0,3.9522
20,Rest,232.13333333331684,0.0,3.9522
20,Rest,232.2333333333081,0.0,3.9522
20,Rest,232.33333333331393,0.0,3.9522
20,Rest,232.43333333331975,0.0,3.9523
20,Rest,232.53333333331102,0.0,3.9523
20,Rest,232.63333333331684,0.0,3.9523
20,Rest,232.7333333333081,0.0,3.9523
20,Rest,232.83333333331393,0.0,3.9524
20,Rest,232.93333333331975,0.0,3.9524
20,Rest,233.03333333331102,0.0,3.9524
20,Rest,233.13333333331684,0.0,3.9524
20,Rest,233.2333333333081,0.0,3.9524
20,Rest,233.33333333331393,0.0,3.9524
20,Rest,233.43333333331975,0.0,3.9525
20,Rest,233.53333333331102,0.0,3.9525
20,Rest,233.63333333331684,0.0,3.9525
20,Rest,233.7333333333081,0.0,3.9525
20,Rest,233.83333333331393,0.0,3.9525
20,Rest,233.93333333331975,0.0,3.9525
20,Rest,234.03333333331102,0.0,3.9526
20,Rest,234.13333333331684,0.0,3.9526
20,Rest,234.2333333333081,0.0,3.9526
20,Rest,234.33333333331393,0.0,3.9526
20,Rest,234.43333333331975,0.0,3.9527
20,Rest,234.53333333331102,0.0,3.9527
20,Rest,234.63333333331684,0.0,3.9527
20,Rest,234.7333333333081,0.0,3.9528
20,Rest,234.83333333331393,0.0,3.9528
20,Rest,234.93333333331975,0.0,3.9528
20,Rest,235.03333333331102,0.0,3.9528
20,Rest,235.13333333331684,0.0,3.9528
20,Rest,235.2333333333081,0.0,3.9529
20,Rest,235.33333333331393,0.0,3.9529
20,Rest,235.43333333331975,0.0,3.9529
20,Rest,235.53333333331102,0.0,3.9529
20,Rest,235.63333333331684,0.0,3.9529
20,Rest,235.7333333333081,0.0,3.9529
20,Rest,235.83333333331393,0.0,3.953
20,Rest,235.93333333331975,0.0,3.953
20,Rest,236.03333333331102,0.0,3.953
20,Rest,236.13333333331684,0.0,3.953
20,Rest,236.2333333333081,0.0,3.953
20,Rest,236.33333333331393,0.0,3.953
20,Rest,236.43333333331975,0.0,3.953
20,Rest,236.53333333331102,0.0,3.9531
20,Rest,236.63333333331684,0.0,3.9531
20,Rest,236.7333333333081,0.0,3.9531
20,Rest,236.83333333331393,0.0,3.9532
20,Rest,236.93333333331975,0.0,3.9532
20,Rest,237.03333333331102,0.0,3.9532
20,Rest,237.13333333331684,0.0,3.9532
20,Rest,237.2333333333081,0.0,3.9532
20,Rest,237.33333333331393,0.0,3.9533
20,Rest,237.43333333331975,0.0,3.9533
20,Rest,237.53333333331102,0.0,3.9533
20,Rest,237.63333333331684,0.0,3.9533
20,Rest,237.7333333333081,0.0,3.9533
20,Rest,237.83333333331393,0.0,3.9533
20,Rest,237.93333333331975,0.0,3.9533
20,Rest,238.03333333331102,0.0,3.9534
20,Rest,238.13333333331684,0.0,3.9534
20,Rest,238.2333333333081,0.0,3.9534
20,Rest,238.33333333331393,0.0,3.9534
20,Rest,238.43333333331975,0.0,3.9535
20,Rest,238.53333333331102,0.0,3.9535
20,Rest,238.63333333331684,0.0,3.9535
20,Rest,238.7333333333081,0.0,3.9536
20,Rest,238.83333333331393,0.0,3.9536
20,Rest,238.93333333331975,0.0,3.9536
20,Rest,239.03333333331102,0.0,3.9536
20,Rest,239.13333333331684,0.0,3.9536
20,Rest,239.2333333333081,0.0,3.9536
20,Rest,239.33333333331393,0.0,3.9536
20,Rest,239.43333333331975,0.0,3.9536
20,Rest,239.53333333331102,0.0,3.9537
20,Rest,239.63333333331684,0.0,3.9537
20,Rest,239.7333333333081,0.0,3.9537
20,Rest,239.83333333331393,0.0,3.9537
20,Rest,239.93333333331975,0.0,3.9537
20,Rest,240.03333333331102,0.0,3.9537
20,Rest,240.13333333331684,0.0,3.9538
20,Rest,240.2333333333081,0.0,3.9538
20,Rest,240.33333333331393,0.0,3.9538
20,Rest,240.43333333331975,0.0,3.9539
20,Rest,240.53333333331102,0.0,3.9539
20,Rest,240.63333333331684,0.0,3.9539
20,Rest,240.7333333333081,0.0,3.9539
20,Rest,240.83333333331393,0.0,3.9539
20,Rest,240.93333333331975,0.0,3.9539
20,Rest,241.03333333331102,0.0,3.954
20,Rest,241.13333333331684,0.0,3.954
20,Rest,241.2333333333081,0.0,3.954
20,Rest,241.33333333331393,0.0,3.954
20,Rest,241.43333333331975,0.0,3.954
20,Rest,241.53333333331102,0.0,3.954
20,Rest,241.63333333331684,0.0,3.9541
20,Rest,241.7333333333081,0.0,3.9541
20,Rest,241.83333333331393,0.0,3.9541
20,Rest,241.93333333331975,0.0,3.9541
20,Rest,242.03333333331102,0.0,3.9541
20,Rest,242.13333333331684,0.0,3.9542
20,Rest,242.2333333333081,0.0,3.9542
20,Rest,242.33333333331393,0.0,3.9542
20,Rest,242.43333333331975,0.0,3.9542
20,Rest,242.53333333331102,0.0,3.9543
20,Rest,242.63333333331684,0.0,3.9543
20,Rest,242.7333333333081,0.0,3.9543
20,Rest,242.83333333331393,0.0,3.9543
20,Rest,242.93333333331975,0.0,3.9543
20,Rest,243.03333333331102,0.0,3.9543
20,Rest,243.13333333331684,0.0,3.9544
20,Rest,243.2333333333081,0.0,3.9544
20,Rest,243.33333333331393,0.0,3.9544
20,Rest,243.43333333331975,0.0,3.9544
20,Rest,243.53333333331102,0.0,3.9544
20,Rest,243.63333333331684,0.0,3.9544
20,Rest,243.7333333333081,0.0,3.9545
20,Rest,243.83333333331393,0.0,3.9545
20,Rest,243.93333333331975,0.0,3.9545
20,Rest,244.03333333331102,0.0,3.9545
20,Rest,244.13333333331684,0.0,3.9546
20,Rest,244.2333333333081,0.0,3.9546
20,Rest,244.33333333331393,0.0,3.9546
20,Rest,244.43333333331975,0.0,3.9546
20,Rest,244.53333333331102,0.0,3.9546
20,Rest,244.63333333331684,0.0,3.9546
20,Rest,244.7333333333081,0.0,3.9547
20,Rest,244.83333333331393,0.0,3.9547
20,Rest,244.93333333331975,0.0,3.9547
20,Rest,245.03333333331102,0.0,3.9547
20,Rest,245.13333333331684,0.0,3.9547
20,Rest,245.2333333333081,0.0,3.9548
20,Rest,245.33333333331393,0.0,3.9548
20,Rest,245.43333333331975,0.0,3.9548
20,Rest,245.53333333331102,0.0,3.9548
20,Rest,245.63333333331684,0.0,3.9548
20,Rest,245.7333333333081,0.0,3.9549
20,Rest,245.83333333331393,0.0,3.9549
20,Rest,245.93333333331975,0.0,3.9549
20,Rest,246.03333333331102,0.0,3.9549
20,Rest,246.13333333331684,0.0,3.9549
20,Rest,246.2333333333081,0.0,3.9549
20,Rest,246.33333333331393,0.0,3.955
20,Rest,246.43333333331975,0.0,3.955
20,Rest,246.53333333331102,0.0,3.955
20,Rest,246.63333333331684,0.0,3.955
20,Rest,246.7333333333081,0.0,3.955
20,Rest,246.83333333331393,0.0,3.955
20,Rest,246.93333333331975,0.0,3.9551
20,Rest,247.03333333331102,0.0,3.9551
20,Rest,247.13333333331684,0.0,3.9551
20,Rest,247.2333333333081,0.0,3.9552
20,Rest,247.33333333331393,0.0,3.9552
20,Rest,247.43333333331975,0.0,3.9552
20,Rest,247.53333333331102,0.0,3.9552
20,Rest,247.63333333331684,0.0,3.9552
20,Rest,247.7333333333081,0.0,3.9553
20,Rest,247.83333333331393,0.0,3.9553
20,Rest,247.93333333331975,0.0,3.9553
20,Rest,248.03333333331102,0.0,3.9553
20,Rest,248.13333333331684,0.0,3.9553
20,Rest,248.2333333333081,0.0,3.9553
20,Rest,248.33333333331393,0.0,3.9553
20,Rest,248.43333333331975,0.0,3.9554
20,Rest,248.53333333331102,0.0,3.9554
20,Rest,248.63333333331684,0.0,3.9554
20,Rest,248.7333333333081,0.0,3.9554
20,Rest,248.83333333331393,0.0,3.9554
20,Rest,248.93333333331975,0.0,3.9554
20,Rest,249.03333333331102,0.0,3.9554
20,Rest,249.13333333331684,0.0,3.9555
20,Rest,249.2333333333081,0.0,3.9555
20,Rest,249.33333333331393,0.0,3.9555
20,Rest,249.43333333331975,0.0,3.9555
20,Rest,249.53333333331102,0.0,3.9555
20,Rest,249.63333333331684,0.0,3.9556
20,Rest,249.7333333333081,0.0,3.9556
20,Rest,249.83333333331393,0.0,3.9556
20,Rest,249.93333333331975,0.0,3.9556
20,Rest,250.03333333331102,0.0,3.9556
20,Rest,250.13333333331684,0.0,3.9556
20,Rest,250.2333333333081,0.0,3.9556
20,Rest,250.33333333331393,0.0,3.9557
20,Rest,250.43333333331975,0.0,3.9557
20,Rest,250.53333333331102,0.0,3.9557
20,Rest,250.63333333331684,0.0,3.9557
20,Rest,250.7333333333081,0.0,3.9557
20,Rest,250.83333333331393,0.0,3.9557
20,Rest,250.93333333331975,0.0,3.9558
20,Rest,251.03333333331102,0.0,3.9558
20,Rest,251.13333333331684,0.0,3.9558
20,Rest,251.2333333333081,0.0,3.9558
20,Rest,251.33333333331393,0.0,3.9558
20,Rest,251.43333333331975,0.0,3.9558
20,Rest,251.53333333331102,0.0,3.9558
20,Rest,251.63333333331684,0.0,3.9559
20,Rest,251.7333333333081,0.0,3.9559
20,Rest,251.83333333331393,0.0,3.9559
20,Rest,251.93333333331975,0.0,3.956
20,Rest,252.03333333331102,0.0,3.956
20,Rest,252.13333333331684,0.0,3.956
20,Rest,252.2333333333081,0.0,3.956
20,Rest,252.33333333331393,0.0,3.956
20,Rest,252.43333333331975,0.0,3.956
20,Rest,252.53333333331102,0.0,3.956
20,Rest,252.63333333331684,0.0,3.956
20,Rest,252.7333333333081,0.0,3.9561
20,Rest,252.83333333331393,0.0,3.9561
20,Rest,252.93333333331975,0.0,3.9561
20,Rest,253.03333333331102,0.0,3.9561
20,Rest,253.13333333331684,0.0,3.9561
20,Rest,253.2333333333081,0.0,3.9561
20,Rest,253.33333333331393,0.0,3.9562
20,Rest,253.43333333331975,0.0,3.9562
20,Rest,253.53333333331102,0.0,3.9562
20,Rest,253.63333333331684,0.0,3.9562
20,Rest,253.7333333333081,0.0,3.9563
20,Rest,253.83333333331393,0.0,3.9563
20,Rest,253.93333333331975,0.0,3.9563
20,Rest,254.03333333331102,0.0,3.9563
20,Rest,254.13333333331684,0.0,3.9563
20,Rest,254.2333333333081,0.0,3.9563
20,Rest,254.33333333331393,0.0,3.9563
20,Rest,254.43333333331975,0.0,3.9564
20,Rest,254.53333333331102,0.0,3.9564
20,Rest,254.63333333331684,0.0,3.9564
20,Rest,254.7333333333081,0.0,3.9564
20,Rest,254.83333333331393,0.0,3.9564
20,Rest,254.93333333331975,0.0,3.9564
20,Rest,255.03333333331102,0.0,3.9564
20,Rest,255.13333333331684,0.0,3.9565
20,Rest,255.2333333333081,0.0,3.9565
20,Rest,255.33333333331393,0.0,3.9565
20,Rest,255.43333333331975,0.0,3.9565
20,Rest,255.53333333331102,0.0,3.9565
20,Rest,255.63333333331684,0.0,3.9565
20,Rest,255.7333333333081,0.0,3.9566
20,Rest,255.83333333331393,0.0,3.9566
20,Rest,255.93333333331975,0.0,3.9566
20,Rest,256.033333333311,0.0,3.9566
20,Rest,256.13333333331684,0.0,3.9566
20,Rest,256.2333333333081,0.0,3.9566
20,Rest,256.33333333331393,0.0,3.9567
20,Rest,256.43333333331975,0.0,3.9567
20,Rest,256.533333333311,0.0,3.9567
20,Rest,256.63333333331684,0.0,3.9567
20,Rest,256.7333333333081,0.0,3.9567
20,Rest,256.83333333331393,0.0,3.9567
20,Rest,256.93333333331975,0.0,3.9568
20,Rest,257.033333333311,0.0,3.9568
20,Rest,257.13333333331684,0.0,3.9568
20,Rest,257.2333333333081,0.0,3.9568
20,Rest,257.33333333331393,0.0,3.9568
20,Rest,257.43333333331975,0.0,3.9568
20,Rest,257.533333333311,0.0,3.9568
20,Rest,257.63333333331684,0.0,3.9568
20,Rest,257.7333333333081,0.0,3.9569
20,Rest,257.83333333331393,0.0,3.9569
20,Rest,257.93333333331975,0.0,3.9569
20,Rest,258.033333333311,0.0,3.9569
20,Rest,258.13333333331684,0.0,3.9569
20,Rest,258.2333333333081,0.0,3.9569
20,Rest,258.33333333331393,0.0,3.957
20,Rest,258.43333333331975,0.0,3.957
20,Rest,258.533333333311,0.0,3.957
20,Rest,258.63333333331684,0.0,3.957
20,Rest,258.7333333333081,0.0,3.957
20,Rest,258.83333333331393,0.0,3.957
20,Rest,258.93333333331975,0.0,3.957
20,Rest,259.033333333311,0.0,3.9571
20,Rest,259.13333333331684,0.0,3.9571
20,Rest,259.2333333333081,0.0,3.9571
20,Rest,259.33333333331393,0.0,3.9571
20,Rest,259.43333333331975,0.0,3.9571
20,Rest,259.533333333311,0.0,3.9571
20,Rest,259.63333333331684,0.0,3.9572
20,Rest,259.7333333333081,0.0,3.9572
20,Rest,259.83333333331393,0.0,3.9572
20,Rest,259.93333333331975,0.0,3.9572
20,Rest,260.033333333311,0.0,3.9572
20,Rest,260.13333333331684,0.0,3.9573
20,Rest,260.2333333333081,0.0,3.9573
20,Rest,260.33333333331393,0.0,3.9573
20,Rest,260.43333333331975,0.0,3.9573
20,Rest,260.533333333311,0.0,3.9573
20,Rest,260.63333333331684,0.0,3.9573
20,Rest,260.7333333333081,0.0,3.9573
20,Rest,260.83333333331393,0.0,3.9573
20,Rest,260.93333333331975,0.0,3.9574
20,Rest,261.033333333311,0.0,3.9574
20,Rest,261.13333333331684,0.0,3.9574
20,Rest,261.2333333333081,0.0,3.9574
20,Rest,261.33333333331393,0.0,3.9575
20,Rest,261.43333333331975,0.0,3.9575
20,Rest,261.533333333311,0.0,3.9575
20,Rest,261.63333333331684,0.0,3.9575
20,Rest,261.7333333333081,0.0,3.9575
20,Rest,261.83333333331393,0.0,3.9575
20,Rest,261.93333333331975,0.0,3.9575
20,Rest,262.033333333311,0.0,3.9576
20,Rest,262.13333333331684,0.0,3.9576
20,Rest,262.2333333333081,0.0,3.9576
20,Rest,262.33333333331393,0.0,3.9576
20,Rest,262.43333333331975,0.0,3.9576
20,Rest,262.533333333311,0.0,3.9576
20,Rest,262.63333333331684,0.0,3.9576
20,Rest,262.7333333333081,0.0,3.9576
20,Rest,262.83333333331393,0.0,3.9576
20,Rest,262.93333333331975,0.0,3.9576
20,Rest,263.033333333311,0.0,3.9577
20,Rest,263.13333333331684,0.0,3.9577
20,Rest,263.2333333333081,0.0,3.9577
20,Rest,263.33333333331393,0.0,3.9577
20,Rest,263.43333333331975,0.0,3.9577
20,Rest,263.533333333311,0.0,3.9577
20,Rest,263.63333333331684,0.0,3.9578
20,Rest,263.7333333333081,0.0,3.9577
20,Rest,263.83333333331393,0.0,3.9577
20,Rest,263.93333333331975,0.0,3.9578
20,Rest,264.033333333311,0.0,3.9578
20,Rest,264.13333333331684,0.0,3.9579
20,Rest,264.2333333333081,0.0,3.9579
20,Rest,264.33333333331393,0.0,3.9579
20,Rest,264.43333333331975,0.0,3.9579
20,Rest,264.533333333311,0.0,3.9579
20,Rest,264.63333333331684,0.0,3.9579
20,Rest,264.7333333333081,0.0,3.9579
20,Rest,264.83333333331393,0.0,3.9579
20,Rest,264.93333333331975,0.0,3.9579
20,Rest,265.033333333311,0.0,3.9579
20,Rest,265.13333333331684,0.0,3.958
20,Rest,265.2333333333081,0.0,3.958
20,Rest,265.33333333331393,0.0,3.958
20,Rest,265.43333333331975,0.0,3.958
20,Rest,265.533333333311,0.0,3.958
20,Rest,265.63333333331684,0.0,3.958
20,Rest,265.7333333333081,0.0,3.9581
20,Rest,265.83333333331393,0.0,3.9581
20,Rest,265.93333333331975,0.0,3.9581
20,Rest,266.033333333311,0.0,3.9581
20,Rest,266.13333333331684,0.0,3.9581
20,Rest,266.2333333333081,0.0,3.9582
20,Rest,266.33333333331393,0.0,3.9581
20,Rest,266.43333333331975,0.0,3.9581
20,Rest,266.533333333311,0.0,3.9582
20,Rest,266.63333333331684,0.0,3.9582
20,Rest,266.7333333333081,0.0,3.9582
20,Rest,266.83333333331393,0.0,3.9582
20,Rest,266.93333333331975,0.0,3.9582
20,Rest,267.033333333311,0.0,3.9583
20,Rest,267.13333333331684,0.0,3.9582
20,Rest,267.2333333333081,0.0,3.9583
20,Rest,267.33333333331393,0.0,3.9583
20,Rest,267.43333333331975,0.0,3.9583
20,Rest,267.533333333311,0.0,3.9583
20,Rest,267.63333333331684,0.0,3.9583
20,Rest,267.7333333333081,0.0,3.9583
20,Rest,267.83333333331393,0.0,3.9583
20,Rest,267.93333333331975,0.0,3.9583
20,Rest,268.033333333311,0.0,3.9583
20,Rest,268.13333333331684,0.0,3.9584
20,Rest,268.2333333333081,0.0,3.9584
20,Rest,268.33333333331393,0.0,3.9584
20,Rest,268.43333333331975,0.0,3.9584
20,Rest,268.533333333311,0.0,3.9584
20,Rest,268.63333333331684,0.0,3.9584
20,Rest,268.7333333333081,0.0,3.9584
20,Rest,268.83333333331393,0.0,3.9585
20,Rest,268.93333333331975,0.0,3.9585
20,Rest,269.033333333311,0.0,3.9585
20,Rest,269.13333333331684,0.0,3.9585
20,Rest,269.2333333333081,0.0,3.9585
20,Rest,269.33333333331393,0.0,3.9585
20,Rest,269.43333333331975,0.0,3.9585
20,Rest,269.533333333311,0.0,3.9585
20,Rest,269.63333333331684,0.0,3.9586
20,Rest,269.7333333333081,0.0,3.9586
20,Rest,269.83333333331393,0.0,3.9586
20,Rest,269.93333333331975,0.0,3.9586
20,Rest,270.033333333311,0.0,3.9586
20,Rest,270.13333333331684,0.0,3.9587
20,Rest,270.2333333333081,0.0,3.9587
20,Rest,270.33333333331393,0.0,3.9587
20,Rest,270.43333333331975,0.0,3.9587
20,Rest,270.533333333311,0.0,3.9587
20,Rest,270.63333333331684,0.0,3.9587
20,Rest,270.7333333333081,0.0,3.9587
20,Rest,270.83333333331393,0.0,3.9587
20,Rest,270.93333333331975,0.0,3.9588
20,Rest,271.033333333311,0.0,3.9588
20,Rest,271.13333333331684,0.0,3.9588
20,Rest,271.2333333333081,0.0,3.9588
20,Rest,271.33333333331393,0.0,3.9588
20,Rest,271.43333333331975,0.0,3.9588
20,Rest,271.533333333311,0.0,3.9589
20,Rest,271.63333333331684,0.0,3.9588
20,Rest,271.7333333333081,0.0,3.9588
20,Rest,271.83333333331393,0.0,3.9589
20,Rest,271.93333333331975,0.0,3.9589
20,Rest,272.033333333311,0.0,3.9589
20,Rest,272.13333333331684,0.0,3.9589
20,Rest,272.2333333333081,0.0,3.9589
20,Rest,272.33333333331393,0.0,3.9589
20,Rest,272.43333333331975,0.0,3.9589
20,Rest,272.533333333311,0.0,3.959
20,Rest,272.63333333331684,0.0,3.959
20,Rest,272.7333333333081,0.0,3.959
20,Rest,272.83333333331393,0.0,3.959
20,Rest,272.93333333331975,0.0,3.959
20,Rest,273.033333333311,0.0,3.9591
20,Rest,273.13333333331684,0.0,3.959
20,Rest,273.2333333333081,0.0,3.959
20,Rest,273.33333333331393,0.0,3.959
20,Rest,273.43333333331975,0.0,3.9591
20,Rest,273.533333333311,0.0,3.9591
20,Rest,273.63333333331684,0.0,3.9591
20,Rest,273.7333333333081,0.0,3.9591
20,Rest,273.83333333331393,0.0,3.9591
20,Rest,273.93333333331975,0.0,3.9591
20,Rest,274.033333333311,0.0,3.9591
20,Rest,274.13333333331684,0.0,3.9591
20,Rest,274.2333333333081,0.0,3.9592
20,Rest,274.33333333331393,0.0,3.9592
20,Rest,274.43333333331975,0.0,3.9592
20,Rest,274.533333333311,0.0,3.9592
20,Rest,274.63333333331684,0.0,3.9592
20,Rest,274.7333333333081,0.0,3.9592
20,Rest,274.83333333331393,0.0,3.9592
20,Rest,274.93333333331975,0.0,3.9593
20,Rest,275.033333333311,0.0,3.9593
20,Rest,275.13333333331684,0.0,3.9593
20,Rest,275.2333333333081,0.0,3.9593
20,Rest,275.33333333331393,0.0,3.9593
20,Rest,275.43333333331975,0.0,3.9593
20,Rest,275.533333333311,0.0,3.9593
20,Rest,275.63333333331684,0.0,3.9593
20,Rest,275.7333333333081,0.0,3.9594
20,Rest,275.83333333331393,0.0,3.9594
20,Rest,275.93333333331975,0.0,3.9594
20,Rest,276.033333333311,0.0,3.9594
20,Rest,276.13333333331684,0.0,3.9594
20,Rest,276.2333333333081,0.0,3.9594
20,Rest,276.33333333331393,0.0,3.9594
20,Rest,276.43333333331975,0.0,3.9595
20,Rest,276.533333333311,0.0,3.9595
20,Rest,276.63333333331684,0.0,3.9595
20,Rest,276.7333333333081,0.0,3.9595
20,Rest,276.83333333331393,0.0,3.9595
20,Rest,276.93333333331975,0.0,3.9595
20,Rest,277.033333333311,0.0,3.9595
20,Rest,277.13333333331684,0.0,3.9595
20,Rest,277.2333333333081,0.0,3.9596
20,Rest,277.33333333331393,0.0,3.9596
20,Rest,277.43333333331975,0.0,3.9596
20,Rest,277.533333333311,0.0,3.9596
20,Rest,277.63333333331684,0.0,3.9597
20,Rest,277.7333333333081,0.0,3.9596
20,Rest,277.83333333331393,0.0,3.9596
20,Rest,277.93333333331975,0.0,3.9597
20,Rest,278.033333333311,0.0,3.9597
20,Rest,278.13333333331684,0.0,3.9597
20,Rest,278.2333333333081,0.0,3.9597
20,Rest,278.33333333331393,0.0,3.9597
20,Rest,278.43333333331975,0.0,3.9597
20,Rest,278.533333333311,0.0,3.9598
20,Rest,278.63333333331684,0.0,3.9598
20,Rest,278.7333333333081,0.0,3.9598
20,Rest,278.83333333331393,0.0,3.9598
20,Rest,278.93333333331975,0.0,3.9598
20,Rest,279.033333333311,0.0,3.9598
20,Rest,279.13333333331684,0.0,3.9598
20,Rest,279.2333333333081,0.0,3.9598
20,Rest,279.33333333331393,0.0,3.9598
20,Rest,279.43333333331975,0.0,3.9598
20,Rest,279.533333333311,0.0,3.9598
20,Rest,279.63333333331684,0.0,3.9599
20,Rest,279.7333333333081,0.0,3.9599
20,Rest,279.83333333331393,0.0,3.9599
20,Rest,279.93333333331975,0.0,3.9599
20,Rest,280.033333333311,0.0,3.9599
20,Rest,280.13333333331684,0.0,3.9599
20,Rest,280.2333333333081,0.0,3.9599
20,Rest,280.33333333331393,0.0,3.9599
20,Rest,280.43333333331975,0.0,3.9599
20,Rest,280.533333333311,0.0,3.9599
20,Rest,280.63333333331684,0.0,3.96
20,Rest,280.7333333333081,0.0,3.96
20,Rest,280.83333333331393,0.0,3.96
20,Rest,280.93333333331975,0.0,3.96
20,Rest,281.033333333311,0.0,3.96
20,Rest,281.13333333331684,0.0,3.9601
20,Rest,281.2333333333081,0.0,3.9601
20,Rest,281.33333333331393,0.0,3.9601
20,Rest,281.43333333331975,0.0,3.9601
20,Rest,281.533333333311,0.0,3.9601
20,Rest,281.63333333331684,0.0,3.9601
20,Rest,281.7333333333081,0.0,3.9601
20,Rest,281.83333333331393,0.0,3.9601
20,Rest,281.93333333331975,0.0,3.9601
20,Rest,282.033333333311,0.0,3.9602
20,Rest,282.13333333331684,0.0,3.9602
20,Rest,282.2333333333081,0.0,3.9602
20,Rest,282.33333333331393,0.0,3.9602
20,Rest,282.43333333331975,0.0,3.9602
20,Rest,282.533333333311,0.0,3.9602
20,Rest,282.63333333331684,0.0,3.9602
20,Rest,282.7333333333081,0.0,3.9602
20,Rest,282.83333333331393,0.0,3.9602
20,Rest,282.93333333331975,0.0,3.9602
20,Rest,283.033333333311,0.0,3.9602
20,Rest,283.13333333331684,0.0,3.9603
20,Rest,283.2333333333081,0.0,3.9603
20,Rest,283.33333333331393,0.0,3.9603
20,Rest,283.43333333331975,0.0,3.9603
20,Rest,283.533333333311,0.0,3.9603
20,Rest,283.63333333331684,0.0,3.9603
20,Rest,283.7333333333081,0.0,3.9604
20,Rest,283.83333333331393,0.0,3.9604
20,Rest,283.93333333331975,0.0,3.9604
20,Rest,284.033333333311,0.0,3.9604
20,Rest,284.13333333331684,0.0,3.9604
20,Rest,284.2333333333081,0.0,3.9604
20,Rest,284.33333333331393,0.0,3.9604
20,Rest,284.43333333331975,0.0,3.9604
20,Rest,284.533333333311,0.0,3.9605
20,Rest,284.63333333331684,0.0,3.9605
20,Rest,284.7333333333081,0.0,3.9605
20,Rest,284.83333333331393,0.0,3.9605
20,Rest,284.93333333331975,0.0,3.9605
20,Rest,285.033333333311,0.0,3.9605
20,Rest,285.13333333331684,0.0,3.9606
20,Rest,285.2333333333081,0.0,3.9606
20,Rest,285.33333333331393,0.0,3.9606
20,Rest,285.43333333331975,0.0,3.9606
20,Rest,285.533333333311,0.0,3.9606
20,Rest,285.63333333331684,0.0,3.9606
20,Rest,285.7333333333081,0.0,3.9606
20,Rest,285.83333333331393,0.0,3.9606
20,Rest,285.93333333331975,0.0,3.9606
20,Rest,286.033333333311,0.0,3.9607
20,Rest,286.13333333331684,0.0,3.9607
20,Rest,286.2333333333081,0.0,3.9607
20,Rest,286.33333333331393,0.0,3.9607
20,Rest,286.43333333331975,0.0,3.9607
20,Rest,286.533333333311,0.0,3.9607
20,Rest,286.63333333331684,0.0,3.9607
20,Rest,286.7333333333081,0.0,3.9607
20,Rest,286.83333333331393,0.0,3.9607
20,Rest,286.93333333331975,0.0,3.9607
20,Rest,287.033333333311,0.0,3.9607
20,Rest,287.13333333331684,0.0,3.9608
20,Rest,287.2333333333081,0.0,3.9608
20,Rest,287.33333333331393,0.0,3.9608
20,Rest,287.43333333331975,0.0,3.9608
20,Rest,287.533333333311,0.0,3.9609
20,Rest,287.63333333331684,0.0,3.9608
20,Rest,287.7333333333081,0.0,3.9609
20,Rest,287.83333333331393,0.0,3.9609
20,Rest,287.93333333331975,0.0,3.9609
20,Rest,288.033333333311,0.0,3.9609
20,Rest,288.13333333331684,0.0,3.9609
20,Rest,288.2333333333081,0.0,3.9609
20,Rest,288.33333333331393,0.0,3.9609
20,Rest,288.43333333331975,0.0,3.9609
20,Rest,288.533333333311,0.0,3.9609
20,Rest,288.63333333331684,0.0,3.961
20,Rest,288.7333333333081,0.0,3.961
20,Rest,288.83333333331393,0.0,3.961
20,Rest,288.93333333331975,0.0,3.961
20,Rest,289.033333333311,0.0,3.961
20,Rest,289.13333333331684,0.0,3.961
20,Rest,289.2333333333081,0.0,3.961
20,Rest,289.33333333331393,0.0,3.961
20,Rest,289.43333333331975,0.0,3.9611
20,Rest,289.533333333311,0.0,3.9611
20,Rest,289.63333333331684,0.0,3.9611
20,Rest,289.7333333333081,0.0,3.9611
20,Rest,289.83333333331393,0.0,3.9611
20,Rest,289.93333333331975,0.0,3.9611
20,Rest,290.033333333311,0.0,3.9611
20,Rest,290.13333333331684,0.0,3.9611
20,Rest,290.2333333333081,0.0,3.9611
20,Rest,290.33333333331393,0.0,3.9611
20,Rest,290.43333333331975,0.0,3.9612
20,Rest,290.533333333311,0.0,3.9612
20,Rest,290.63333333331684,0.0,3.9612
20,Rest,290.7333333333081,0.0,3.9612
20,Rest,290.83333333331393,0.0,3.9612
20,Rest,290.93333333331975,0.0,3.9612
20,Rest,291.033333333311,0.0,3.9613
20,Rest,291.13333333331684,0.0,3.9612
20,Rest,291.2333333333081,0.0,3.9612
20,Rest,291.33333333331393,0.0,3.9613
20,Rest,291.43333333331975,0.0,3.9613
20,Rest,291.533333333311,0.0,3.9613
20,Rest,291.63333333331684,0.0,3.9613
20,Rest,291.7333333333081,0.0,3.9613
20,Rest,291.83333333331393,0.0,3.9614
20,Rest,291.93333333331975,0.0,3.9614
20,Rest,292.033333333311,0.0,3.9613
20,Rest,292.13333333331684,0.0,3.9613
20,Rest,292.2333333333081,0.0,3.9613
20,Rest,292.33333333331393,0.0,3.9614
20,Rest,292.43333333331975,0.0,3.9614
20,Rest,292.533333333311,0.0,3.9614
20,Rest,292.63333333331684,0.0,3.9615
20,Rest,292.7333333333081,0.0,3.9614
20,Rest,292.83333333331393,0.0,3.9614
20,Rest,292.93333333331975,0.0,3.9614
20,Rest,293.033333333311,0.0,3.9614
20,Rest,293.13333333331684,0.0,3.9615
20,Rest,293.2333333333081,0.0,3.9615
20,Rest,293.33333333331393,0.0,3.9615
20,Rest,293.43333333331975,0.0,3.9615
20,Rest,293.533333333311,0.0,3.9615
20,Rest,293.63333333331684,0.0,3.9615
20,Rest,293.7333333333081,0.0,3.9615
20,Rest,293.83333333331393,0.0,3.9616
20,Rest,293.93333333331975,0.0,3.9615
20,Rest,294.033333333311,0.0,3.9615
20,Rest,294.13333333331684,0.0,3.9615
20,Rest,294.2333333333081,0.0,3.9616
20,Rest,294.33333333331393,0.0,3.9616
20,Rest,294.43333333331975,0.0,3.9616
20,Rest,294.533333333311,0.0,3.9616
20,Rest,294.63333333331684,0.0,3.9616
20,Rest,294.7333333333081,0.0,3.9616
20,Rest,294.83333333331393,0.0,3.9616
20,Rest,294.93333333331975,0.0,3.9616
20,Rest,295.033333333311,0.0,3.9617
20,Rest,295.13333333331684,0.0,3.9617
20,Rest,295.2333333333081,0.0,3.9617
20,Rest,295.33333333331393,0.0,3.9616
20,Rest,295.43333333331975,0.0,3.9617
20,Rest,295.533333333311,0.0,3.9617
20,Rest,295.63333333331684,0.0,3.9617
20,Rest,295.7333333333081,0.0,3.9617
20,Rest,295.83333333331393,0.0,3.9617
20,Rest,295.93333333331975,0.0,3.9618
20,Rest,296.033333333311,0.0,3.9618
20,Rest,296.13333333331684,0.0,3.9617
20,Rest,296.2333333333081,0.0,3.9618
20,Rest,296.33333333331393,0.0,3.9618
20,Rest,296.43333333331975,0.0,3.9618
20,Rest,296.533333333311,0.0,3.9618
20,Rest,296.63333333331684,0.0,3.9618
20,Rest,296.7333333333081,0.0,3.9618
20,Rest,296.83333333331393,0.0,3.9619
20,Rest,296.93333333331975,0.0,3.9618
20,Rest,297.033333333311,0.0,3.9618
20,Rest,297.13333333331684,0.0,3.9619
20,Rest,297.2333333333081,0.0,3.9619
20,Rest,297.33333333331393,0.0,3.9619
20,Rest,297.43333333331975,0.0,3.9619
20,Rest,297.533333333311,0.0,3.9619
20,Rest,297.63333333331684,0.0,3.9619
20,Rest,297.7333333333081,0.0,3.9619
20,Rest,297.83333333331393,0.0,3.9619
20,Rest,297.93333333331975,0.0,3.9619
20,Rest,298.033333333311,0.0,3.9619
20,Rest,298.13333333331684,0.0,3.962
20,Rest,298.2333333333081,0.0,3.9619
20,Rest,298.33333333331393,0.0,3.962
20,Rest,298.43333333331975,0.0,3.9621
20,Rest,298.533333333311,0.0,3.9621
20,Rest,298.63333333331684,0.0,3.962
20,Rest,298.7333333333081,0.0,3.9621
20,Rest,298.83333333331393,0.0,3.9621
20,Rest,298.93333333331975,0.0,3.962
20,Rest,299.033333333311,0.0,3.9621
20,Rest,299.13333333331684,0.0,3.9621
20,Rest,299.2333333333081,0.0,3.9621
20,Rest,299.33333333331393,0.0,3.9621
20,Rest,299.43333333331975,0.0,3.9621
20,Rest,299.533333333311,0.0,3.9621
20,Rest,299.63333333331684,0.0,3.9622
20,Rest,299.7333333333081,0.0,3.9621
20,Rest,299.83333333331393,0.0,3.9621
20,Rest,299.93333333331975,0.0,3.9622
20,Rest,300.033333333311,0.0,3.9622
20,Rest,300.13333333331684,0.0,3.9622
20,Rest,300.2333333333081,0.0,3.9622
20,Rest,300.33333333331393,0.0,3.9622
20,Rest,300.43333333331975,0.0,3.9622
20,Rest,300.533333333311,0.0,3.9622
20,Rest,300.63333333331684,0.0,3.9623
20,Rest,300.7333333333081,0.0,3.9622
20,Rest,300.83333333331393,0.0,3.9622
20,Rest,300.93333333331975,0.0,3.9623
20,Rest,301.033333333311,0.0,3.9623
20,Rest,301.13333333331684,0.0,3.9623
20,Rest,301.2333333333081,0.0,3.9623
20,Rest,301.33333333331393,0.0,3.9623
20,Rest,301.43333333331975,0.0,3.9623
20,Rest,301.533333333311,0.0,3.9623
20,Rest,301.63333333331684,0.0,3.9623
20,Rest,301.7333333333081,0.0,3.9624
20,Rest,301.83333333331393,0.0,3.9624
20,Rest,301.93333333331975,0.0,3.9624
20,Rest,302.033333333311,0.0,3.9624
20,Rest,302.13333333331684,0.0,3.9624
20,Rest,302.2333333333081,0.0,3.9624
20,Rest,302.33333333331393,0.0,3.9624
20,Rest,302.43333333331975,0.0,3.9624
20,Rest,302.533333333311,0.0,3.9624
20,Rest,302.63333333331684,0.0,3.9624
20,Rest,302.7333333333081,0.0,3.9625
20,Rest,302.83333333331393,0.0,3.9625
20,Rest,302.93333333331975,0.0,3.9625
20,Rest,303.033333333311,0.0,3.9625
20,Rest,303.13333333331684,0.0,3.9625
20,Rest,303.2333333333081,0.0,3.9625
20,Rest,303.33333333331393,0.0,3.9625
20,Rest,303.43333333331975,0.0,3.9625
20,Rest,303.533333333311,0.0,3.9625
20,Rest,303.63333333331684,0.0,3.9626
20,Rest,303.7333333333081,0.0,3.9625
20,Rest,303.83333333331393,0.0,3.9625
20,Rest,303.93333333331975,0.0,3.9625
20,Rest,304.033333333311,0.0,3.9626
20,Rest,304.13333333331684,0.0,3.9626
20,Rest,304.2333333333081,0.0,3.9626
20,Rest,304.33333333331393,0.0,3.9626
20,Rest,304.43333333331975,0.0,3.9626
20,Rest,304.533333333311,0.0,3.9626
20,Rest,304.63333333331684,0.0,3.9627
20,Rest,304.7333333333081,0.0,3.9627
20,Rest,304.83333333331393,0.0,3.9626
20,Rest,304.93333333331975,0.0,3.9626
20,Rest,305.033333333311,0.0,3.9626
20,Rest,305.13333333331684,0.0,3.9627
20,Rest,305.2333333333081,0.0,3.9627
20,Rest,305.33333333331393,0.0,3.9627
20,Rest,305.43333333331975,0.0,3.9627
20,Rest,305.533333333311,0.0,3.9627
20,Rest,305.63333333331684,0.0,3.9627
20,Rest,305.7333333333081,0.0,3.9627
20,Rest,305.83333333331393,0.0,3.9627
20,Rest,305.93333333331975,0.0,3.9627
20,Rest,306.033333333311,0.0,3.9628
20,Rest,306.13333333331684,0.0,3.9628
20,Rest,306.2333333333081,0.0,3.9628
20,Rest,306.33333333331393,0.0,3.9628
20,Rest,306.43333333331975,0.0,3.9628
20,Rest,306.533333333311,0.0,3.9628
20,Rest,306.63333333331684,0.0,3.9628
20,Rest,306.7333333333081,0.0,3.9628
20,Rest,306.83333333331393,0.0,3.9628
20,Rest,306.93333333331975,0.0,3.9628
20,Rest,307.033333333311,0.0,3.9628
20,Rest,307.13333333331684,0.0,3.9628
20,Rest,307.2333333333081,0.0,3.9629
20,Rest,307.33333333331393,0.0,3.9629
20,Rest,307.43333333331975,0.0,3.9629
20,Rest,307.533333333311,0.0,3.9629
20,Rest,307.63333333331684,0.0,3.9629
20,Rest,307.7333333333081,0.0,3.9629
20,Rest,307.83333333331393,0.0,3.9629
20,Rest,307.93333333331975,0.0,3.9629
20,Rest,308.033333333311,0.0,3.9629
20,Rest,308.13333333331684,0.0,3.963
20,Rest,308.2333333333081,0.0,3.963
20,Rest,308.33333333331393,0.0,3.9629
20,Rest,308.43333333331975,0.0,3.963
20,Rest,308.533333333311,0.0,3.963
20,Rest,308.63333333331684,0.0,3.963
20,Rest,308.7333333333081,0.0,3.963
20,Rest,308.83333333331393,0.0,3.963
20,Rest,308.93333333331975,0.0,3.963
20,Rest,309.033333333311,0.0,3.963
20,Rest,309.13333333331684,0.0,3.963
20,Rest,309.2333333333081,0.0,3.963
20,Rest,309.33333333331393,0.0,3.9631
20,Rest,309.43333333331975,0.0,3.9631
20,Rest,309.533333333311,0.0,3.9631
20,Rest,309.63333333331684,0.0,3.9631
20,Rest,309.7333333333081,0.0,3.9631
20,Rest,309.83333333331393,0.0,3.9631
20,Rest,309.93333333331975,0.0,3.9631
20,Rest,310.033333333311,0.0,3.9632
20,Rest,310.13333333331684,0.0,3.9632
20,Rest,310.2333333333081,0.0,3.9632
20,Rest,310.33333333331393,0.0,3.9632
20,Rest,310.43333333331975,0.0,3.9632
20,Rest,310.533333333311,0.0,3.9632
20,Rest,310.63333333331684,0.0,3.9632
20,Rest,310.7333333333081,0.0,3.9632
20,Rest,310.83333333331393,0.0,3.9632
20,Rest,310.93333333331975,0.0,3.9632
20,Rest,311.033333333311,0.0,3.9632
20,Rest,311.13333333331684,0.0,3.9632
20,Rest,311.2333333333081,0.0,3.9632
20,Rest,311.33333333331393,0.0,3.9633
20,Rest,311.43333333331975,0.0,3.9633
20,Rest,311.533333333311,0.0,3.9633
20,Rest,311.63333333331684,0.0,3.9633
20,Rest,311.7333333333081,0.0,3.9633
20,Rest,311.83333333331393,0.0,3.9633
20,Rest,311.93333333331975,0.0,3.9633
20,Rest,312.033333333311,0.0,3.9633
20,Rest,312.13333333331684,0.0,3.9633
20,Rest,312.2333333333081,0.0,3.9634
20,Rest,312.33333333331393,0.0,3.9634
20,Rest,312.43333333331975,0.0,3.9634
20,Rest,312.533333333311,0.0,3.9634
20,Rest,312.63333333331684,0.0,3.9634
20,Rest,312.7333333333081,0.0,3.9634
20,Rest,312.83333333331393,0.0,3.9634
20,Rest,312.93333333331975,0.0,3.9634
20,Rest,313.033333333311,0.0,3.9634
20,Rest,313.13333333331684,0.0,3.9634
20,Rest,313.2333333333081,0.0,3.9634
20,Rest,313.33333333331393,0.0,3.9635
20,Rest,313.43333333331975,0.0,3.9634
20,Rest,313.533333333311,0.0,3.9635
20,Rest,313.63333333331684,0.0,3.9635
20,Rest,313.7333333333081,0.0,3.9635
20,Rest,313.83333333331393,0.0,3.9635
20,Rest,313.93333333331975,0.0,3.9635
20,Rest,314.033333333311,0.0,3.9635
20,Rest,314.13333333331684,0.0,3.9635
20,Rest,314.2333333333081,0.0,3.9635
20,Rest,314.33333333331393,0.0,3.9635
20,Rest,314.43333333331975,0.0,3.9635
20,Rest,314.533333333311,0.0,3.9636
20,Rest,314.63333333331684,0.0,3.9636
20,Rest,314.7333333333081,0.0,3.9636
20,Rest,314.83333333331393,0.0,3.9636
20,Rest,314.93333333331975,0.0,3.9636
20,Rest,315.033333333311,0.0,3.9636
20,Rest,315.13333333331684,0.0,3.9636
20,Rest,315.2333333333081,0.0,3.9636
20,Rest,315.33333333331393,0.0,3.9636
20,Rest,315.43333333331975,0.0,3.9636
20,Rest,315.533333333311,0.0,3.9636
20,Rest,315.63333333331684,0.0,3.9636
20,Rest,315.7333333333081,0.0,3.9636
20,Rest,315.83333333331393,0.0,3.9637
20,Rest,315.93333333331975,0.0,3.9637
20,Rest,316.033333333311,0.0,3.9637
20,Rest,316.13333333331684,0.0,3.9637
20,Rest,316.2333333333081,0.0,3.9638
20,Rest,316.33333333331393,0.0,3.9637
20,Rest,316.43333333331975,0.0,3.9637
20,Rest,316.533333333311,0.0,3.9637
20,Rest,316.63333333331684,0.0,3.9638
20,Rest,316.7333333333081,0.0,3.9638
20,Rest,316.83333333331393,0.0,3.9638
20,Rest,316.93333333331975,0.0,3.9638
20,Rest,317.033333333311,0.0,3.9638
20,Rest,317.13333333331684,0.0,3.9638
20,Rest,317.2333333333081,0.0,3.9638
20,Rest,317.33333333331393,0.0,3.9638
20,Rest,317.43333333331975,0.0,3.9638
20,Rest,317.533333333311,0.0,3.9638
20,Rest,317.63333333331684,0.0,3.9639
20,Rest,317.7333333333081,0.0,3.9639
20,Rest,317.83333333331393,0.0,3.9639
20,Rest,317.93333333331975,0.0,3.9639
20,Rest,318.033333333311,0.0,3.9639
20,Rest,318.13333333331684,0.0,3.9639
20,Rest,318.2333333333081,0.0,3.9639
20,Rest,318.33333333331393,0.0,3.964
20,Rest,318.43333333331975,0.0,3.9639
20,Rest,318.533333333311,0.0,3.9639
20,Rest,318.63333333331684,0.0,3.9639
20,Rest,318.7333333333081,0.0,3.964
20,Rest,318.83333333331393,0.0,3.964
20,Rest,318.93333333331975,0.0,3.964
20,Rest,319.033333333311,0.0,3.964
20,Rest,319.13333333331684,0.0,3.964
20,Rest,319.2333333333081,0.0,3.964
20,Rest,319.33333333331393,0.0,3.964
20,Rest,319.43333333331975,0.0,3.964
20,Rest,319.533333333311,0.0,3.964
20,Rest,319.63333333331684,0.0,3.964
20,Rest,319.7333333333081,0.0,3.964
20,Rest,319.83333333331393,0.0,3.9641
20,Rest,319.93333333331975,0.0,3.9641
20,Rest,320.033333333311,0.0,3.9641
20,Rest,320.13333333331684,0.0,3.9641
20,Rest,320.2333333333081,0.0,3.9641
20,Rest,320.33333333331393,0.0,3.9641
20,Rest,320.43333333331975,0.0,3.9641
20,Rest,320.533333333311,0.0,3.9641
20,Rest,320.63333333331684,0.0,3.9642
20,Rest,320.7333333333081,0.0,3.9641
20,Rest,320.83333333331393,0.0,3.9641
20,Rest,320.93333333331975,0.0,3.9641
20,Rest,321.033333333311,0.0,3.9642
20,Rest,321.13333333331684,0.0,3.9642
20,Rest,321.2333333333081,0.0,3.9642
20,Rest,321.33333333331393,0.0,3.9642
20,Rest,321.43333333331975,0.0,3.9642
20,Rest,321.533333333311,0.0,3.9642
20,Rest,321.63333333331684,0.0,3.9642
20,Rest,321.7333333333081,0.0,3.9642
20,Rest,321.83333333331393,0.0,3.9642
20,Rest,321.93333333331975,0.0,3.9642
20,Rest,322.033333333311,0.0,3.9642
20,Rest,322.13333333331684,0.0,3.9642
20,Rest,322.2333333333081,0.0,3.9642
20,Rest,322.33333333331393,0.0,3.9643
20,Rest,322.43333333331975,0.0,3.9642
20,Rest,322.533333333311,0.0,3.9642
20,Rest,322.63333333331684,0.0,3.9643
20,Rest,322.7333333333081,0.0,3.9643
20,Rest,322.83333333331393,0.0,3.9643
20,Rest,322.93333333331975,0.0,3.9643
20,Rest,323.033333333311,0.0,3.9643
20,Rest,323.13333333331684,0.0,3.9643
20,Rest,323.2333333333081,0.0,3.9643
20,Rest,323.33333333331393,0.0,3.9643
20,Rest,323.43333333331975,0.0,3.9643
20,Rest,323.533333333311,0.0,3.9643
20,Rest,323.63333333331684,0.0,3.9643
20,Rest,323.7333333333081,0.0,3.9643
20,Rest,323.83333333331393,0.0,3.9644
20,Rest,323.93333333331975,0.0,3.9644
20,Rest,324.033333333311,0.0,3.9644
20,Rest,324.13333333331684,0.0,3.9644
20,Rest,324.2333333333081,0.0,3.9644
20,Rest,324.33333333331393,0.0,3.9644
20,Rest,324.43333333331975,0.0,3.9644
20,Rest,324.533333333311,0.0,3.9644
20,Rest,324.63333333331684,0.0,3.9644
20,Rest,324.7333333333081,0.0,3.9644
20,Rest,324.83333333331393,0.0,3.9644
20,Rest,324.93333333331975,0.0,3.9645
20,Rest,325.033333333311,0.0,3.9645
20,Rest,325.13333333331684,0.0,3.9645
20,Rest,325.2333333333081,0.0,3.9645
20,Rest,325.33333333331393,0.0,3.9645
20,Rest,325.43333333331975,0.0,3.9644
20,Rest,325.533333333311,0.0,3.9645
20,Rest,325.63333333331684,0.0,3.9645
20,Rest,325.7333333333081,0.0,3.9645
20,Rest,325.83333333331393,0.0,3.9645
20,Rest,325.93333333331975,0.0,3.9645
20,Rest,326.033333333311,0.0,3.9645
20,Rest,326.13333333331684,0.0,3.9645
20,Rest,326.2333333333081,0.0,3.9645
20,Rest,326.33333333331393,0.0,3.9646
20,Rest,326.43333333331975,0.0,3.9645
20,Rest,326.533333333311,0.0,3.9646
20,Rest,326.63333333331684,0.0,3.9646
20,Rest,326.7333333333081,0.0,3.9646
20,Rest,326.83333333331393,0.0,3.9646
20,Rest,326.93333333331975,0.0,3.9646
20,Rest,327.033333333311,0.0,3.9646
20,Rest,327.13333333331684,0.0,3.9646
20,Rest,327.2333333333081,0.0,3.9646
20,Rest,327.33333333331393,0.0,3.9646
20,Rest,327.43333333331975,0.0,3.9646
20,Rest,327.533333333311,0.0,3.9646
20,Rest,327.63333333331684,0.0,3.9647
20,Rest,327.7333333333081,0.0,3.9647
20,Rest,327.83333333331393,0.0,3.9647
20,Rest,327.93333333331975,0.0,3.9647
20,Rest,328.033333333311,0.0,3.9647
20,Rest,328.13333333331684,0.0,3.9647
20,Rest,328.2333333333081,0.0,3.9647
20,Rest,328.33333333331393,0.0,3.9647
20,Rest,328.43333333331975,0.0,3.9647
20,Rest,328.533333333311,0.0,3.9647
20,Rest,328.63333333331684,0.0,3.9647
20,Rest,328.7333333333081,0.0,3.9648
20,Rest,328.83333333331393,0.0,3.9648
20,Rest,328.93333333331975,0.0,3.9648
20,Rest,329.033333333311,0.0,3.9648
20,Rest,329.13333333331684,0.0,3.9648
20,Rest,329.2333333333081,0.0,3.9648
20,Rest,329.33333333331393,0.0,3.9648
20,Rest,329.43333333331975,0.0,3.9648
20,Rest,329.533333333311,0.0,3.9648
20,Rest,329.63333333331684,0.0,3.9648
20,Rest,329.7333333333081,0.0,3.9648
20,Rest,329.83333333331393,0.0,3.9648
20,Rest,329.93333333331975,0.0,3.9648
20,Rest,330.033333333311,0.0,3.9648
20,Rest,330.13333333331684,0.0,3.9649
20,Rest,330.2333333333081,0.0,3.9649
20,Rest,330.33333333331393,0.0,3.9649
20,Rest,330.43333333331975,0.0,3.9649
20,Rest,330.533333333311,0.0,3.9649
20,Rest,330.63333333331684,0.0,3.9649
20,Rest,330.7333333333081,0.0,3.9649
20,Rest,330.83333333331393,0.0,3.9649
20,Rest,330.93333333331975,0.0,3.9649
20,Rest,331.033333333311,0.0,3.9649
20,Rest,331.13333333331684,0.0,3.9649
20,Rest,331.2333333333081,0.0,3.965
20,Rest,331.33333333331393,0.0,3.965
20,Rest,331.43333333331975,0.0,3.9649
20,Rest,331.533333333311,0.0,3.965
20,Rest,331.63333333331684,0.0,3.965
20,Rest,331.7333333333081,0.0,3.965
20,Rest,331.83333333331393,0.0,3.965
20,Rest,331.93333333331975,0.0,3.965
20,Rest,332.033333333311,0.0,3.965
20,Rest,332.13333333331684,0.0,3.965
20,Rest,332.2333333333081,0.0,3.965
20,Rest,332.33333333331393,0.0,3.965
20,Rest,332.43333333331975,0.0,3.965
20,Rest,332.533333333311,0.0,3.9651
20,Rest,332.63333333331684,0.0,3.9651
20,Rest,332.7333333333081,0.0,3.9651
20,Rest,332.83333333331393,0.0,3.9651
20,Rest,332.93333333331975,0.0,3.9651
20,Rest,333.033333333311,0.0,3.9651
20,Rest,333.13333333331684,0.0,3.9651
20,Rest,333.2333333333081,0.0,3.9651
20,Rest,333.33333333331393,0.0,3.9651
20,Rest,333.43333333331975,0.0,3.9651
20,Rest,333.533333333311,0.0,3.9651
20,Rest,333.63333333331684,0.0,3.9651
20,Rest,333.7333333333081,0.0,3.9651
20,Rest,333.83333333331393,0.0,3.9651
20,Rest,333.93333333331975,0.0,3.9651
20,Rest,334.033333333311,0.0,3.9651
20,Rest,334.13333333331684,0.0,3.9652
20,Rest,334.2333333333081,0.0,3.9652
20,Rest,334.33333333331393,0.0,3.9652
20,Rest,334.43333333331975,0.0,3.9652
20,Rest,334.533333333311,0.0,3.9652
20,Rest,334.63333333331684,0.0,3.9652
20,Rest,334.7333333333081,0.0,3.9653
20,Rest,334.83333333331393,0.0,3.9652
20,Rest,334.93333333331975,0.0,3.9652
20,Rest,335.033333333311,0.0,3.9652
20,Rest,335.13333333331684,0.0,3.9653
20,Rest,335.2333333333081,0.0,3.9653
20,Rest,335.33333333331393,0.0,3.9653
20,Rest,335.43333333331975,0.0,3.9653
20,Rest,335.533333333311,0.0,3.9653
20,Rest,335.63333333331684,0.0,3.9653
20,Rest,335.7333333333081,0.0,3.9653
20,Rest,335.83333333331393,0.0,3.9653
20,Rest,335.93333333331975,0.0,3.9653
20,Rest,336.033333333311,0.0,3.9653
20,Rest,336.13333333331684,0.0,3.9654
20,Rest,336.2333333333081,0.0,3.9653
20,Rest,336.33333333331393,0.0,3.9653
20,Rest,336.43333333331975,0.0,3.9653
20,Rest,336.533333333311,0.0,3.9653
20,Rest,336.63333333331684,0.0,3.9654
20,Rest,336.7333333333081,0.0,3.9654
20,Rest,336.83333333331393,0.0,3.9654
20,Rest,336.93333333331975,0.0,3.9654
20,Rest,337.033333333311,0.0,3.9654
20,Rest,337.13333333331684,0.0,3.9654
20,Rest,337.2333333333081,0.0,3.9654
20,Rest,337.33333333331393,0.0,3.9653
20,Rest,337.43333333331975,0.0,3.9653
20,Rest,337.533333333311,0.0,3.9654
20,Rest,337.63333333331684,0.0,3.9654
20,Rest,337.7333333333081,0.0,3.9655
20,Rest,337.83333333331393,0.0,3.9654
20,Rest,337.93333333331975,0.0,3.9654
20,Rest,338.033333333311,0.0,3.9654
20,Rest,338.13333333331684,0.0,3.9654
20,Rest,338.2333333333081,0.0,3.9654
20,Rest,338.33333333331393,0.0,3.9655
20,Rest,338.43333333331975,0.0,3.9655
20,Rest,338.533333333311,0.0,3.9655
20,Rest,338.63333333331684,0.0,3.9655
20,Rest,338.7333333333081,0.0,3.9655
20,Rest,338.83333333331393,0.0,3.9655
20,Rest,338.93333333331975,0.0,3.9655
20,Rest,339.033333333311,0.0,3.9655
20,Rest,339.13333333331684,0.0,3.9655
20,Rest,339.2333333333081,0.0,3.9655
20,Rest,339.33333333331393,0.0,3.9655
20,Rest,339.43333333331975,0.0,3.9656
20,Rest,339.533333333311,0.0,3.9656
20,Rest,339.63333333331684,0.0,3.9656
20,Rest,339.7333333333081,0.0,3.9656
20,Rest,339.83333333331393,0.0,3.9656
20,Rest,339.93333333331975,0.0,3.9656
20,Rest,340.033333333311,0.0,3.9656
20,Rest,340.13333333331684,0.0,3.9656
20,Rest,340.2333333333081,0.0,3.9656
20,Rest,340.33333333331393,0.0,3.9656
20,Rest,340.43333333331975,0.0,3.9656
20,Rest,340.533333333311,0.0,3.9657
20,Rest,340.63333333331684,0.0,3.9656
20,Rest,340.7333333333081,0.0,3.9656
20,Rest,340.83333333331393,0.0,3.9657
20,Rest,340.93333333331975,0.0,3.9656
20,Rest,341.033333333311,0.0,3.9657
20,Rest,341.13333333331684,0.0,3.9657
20,Rest,341.2333333333081,0.0,3.9657
20,Rest,341.33333333331393,0.0,3.9657
20,Rest,341.43333333331975,0.0,3.9657
20,Rest,341.533333333311,0.0,3.9657
20,Rest,341.63333333331684,0.0,3.9657
20,Rest,341.7333333333081,0.0,3.9657
20,Rest,341.83333333331393,0.0,3.9657
20,Rest,341.93333333331975,0.0,3.9657
20,Rest,342.033333333311,0.0,3.9657
20,Rest,342.13333333331684,0.0,3.9657
20,Rest,342.2333333333081,0.0,3.9658
20,Rest,342.33333333331393,0.0,3.9658
20,Rest,342.43333333331975,0.0,3.9658
20,Rest,342.533333333311,0.0,3.9658
20,Rest,342.63333333331684,0.0,3.9658
20,Rest,342.7333333333081,0.0,3.9658
20,Rest,342.83333333331393,0.0,3.9658
20,Rest,342.93333333331975,0.0,3.9658
20,Rest,343.033333333311,0.0,3.9658
20,Rest,343.13333333331684,0.0,3.9658
20,Rest,343.2333333333081,0.0,3.9658
20,Rest,343.33333333331393,0.0,3.9658
20,Rest,343.43333333331975,0.0,3.9658
20,Rest,343.533333333311,0.0,3.9659
20,Rest,343.63333333331684,0.0,3.9658
20,Rest,343.7333333333081,0.0,3.9658
20,Rest,343.83333333331393,0.0,3.9659
20,Rest,343.93333333331975,0.0,3.9659
20,Rest,344.033333333311,0.0,3.9658
20,Rest,344.13333333331684,0.0,3.9658
20,Rest,344.2333333333081,0.0,3.9659
20,Rest,344.33333333331393,0.0,3.9659
20,Rest,344.43333333331975,0.0,3.9659
20,Rest,344.533333333311,0.0,3.9659
20,Rest,344.63333333331684,0.0,3.9659
20,Rest,344.7333333333081,0.0,3.9659
20,Rest,344.83333333331393,0.0,3.9659
20,Rest,344.93333333331975,0.0,3.9659
20,Rest,345.033333333311,0.0,3.9659
20,Rest,345.13333333331684,0.0,3.9659
20,Rest,345.2333333333081,0.0,3.9659
20,Rest,345.33333333331393,0.0,3.966
20,Rest,345.43333333331975,0.0,3.966
20,Rest,345.533333333311,0.0,3.966
20,Rest,345.63333333331684,0.0,3.966
20,Rest,345.7333333333081,0.0,3.966
20,Rest,345.83333333331393,0.0,3.966
20,Rest,345.93333333331975,0.0,3.966
20,Rest,346.033333333311,0.0,3.966
20,Rest,346.13333333331684,0.0,3.966
20,Rest,346.2333333333081,0.0,3.966
20,Rest,346.33333333331393,0.0,3.966
20,Rest,346.43333333331975,0.0,3.966
20,Rest,346.533333333311,0.0,3.966
20,Rest,346.63333333331684,0.0,3.966
20,Rest,346.7333333333081,0.0,3.966
20,Rest,346.83333333331393,0.0,3.966
20,Rest,346.93333333331975,0.0,3.966
20,Rest,347.033333333311,0.0,3.966
20,Rest,347.13333333331684,0.0,3.9661
20,Rest,347.2333333333081,0.0,3.9661
20,Rest,347.33333333331393,0.0,3.9661
20,Rest,347.43333333331975,0.0,3.9661
20,Rest,347.533333333311,0.0,3.9661
20,Rest,347.63333333331684,0.0,3.9661
20,Rest,347.7333333333081,0.0,3.9661
20,Rest,347.83333333331393,0.0,3.9661
20,Rest,347.93333333331975,0.0,3.9661
20,Rest,348.033333333311,0.0,3.9661
20,Rest,348.13333333331684,0.0,3.9661
20,Rest,348.2333333333081,0.0,3.9661
20,Rest,348.33333333331393,0.0,3.9662
20,Rest,348.43333333331975,0.0,3.9662
20,Rest,348.533333333311,0.0,3.9662
20,Rest,348.63333333331684,0.0,3.9662
20,Rest,348.7333333333081,0.0,3.9662
20,Rest,348.83333333331393,0.0,3.9662
20,Rest,348.93333333331975,0.0,3.9662
20,Rest,349.033333333311,0.0,3.9662
20,Rest,349.13333333331684,0.0,3.9662
20,Rest,349.2333333333081,0.0,3.9662
20,Rest,349.33333333331393,0.0,3.9662
20,Rest,349.43333333331975,0.0,3.9662
20,Rest,349.533333333311,0.0,3.9662
20,Rest,349.63333333331684,0.0,3.9662
20,Rest,349.7333333333081,0.0,3.9662
20,Rest,349.83333333331393,0.0,3.9662
20,Rest,349.93333333331975,0.0,3.9663
20,Rest,350.033333333311,0.0,3.9663
20,Rest,350.13333333331684,0.0,3.9662
20,Rest,350.2333333333081,0.0,3.9662
20,Rest,350.33333333331393,0.0,3.9663
20,Rest,350.43333333331975,0.0,3.9663
20,Rest,350.533333333311,0.0,3.9663
20,Rest,350.63333333331684,0.0,3.9663
20,Rest,350.7333333333081,0.0,3.9663
20,Rest,350.83333333331393,0.0,3.9663
20,Rest,350.93333333331975,0.0,3.9663
20,Rest,351.033333333311,0.0,3.9663
20,Rest,351.13333333331684,0.0,3.9663
20,Rest,351.2333333333081,0.0,3.9663
20,Rest,351.33333333331393,0.0,3.9663
20,Rest,351.43333333331975,0.0,3.9664
20,Rest,351.533333333311,0.0,3.9664
20,Rest,351.63333333331684,0.0,3.9663
20,Rest,351.7333333333081,0.0,3.9663
20,Rest,351.83333333331393,0.0,3.9664
20,Rest,351.93333333331975,0.0,3.9664
20,Rest,352.033333333311,0.0,3.9663
20,Rest,352.13333333331684,0.0,3.9663
20,Rest,352.2333333333081,0.0,3.9664
20,Rest,352.33333333331393,0.0,3.9664
20,Rest,352.43333333331975,0.0,3.9664
20,Rest,352.533333333311,0.0,3.9664
20,Rest,352.63333333331684,0.0,3.9664
20,Rest,352.7333333333081,0.0,3.9664
20,Rest,352.83333333331393,0.0,3.9665
20,Rest,352.93333333331975,0.0,3.9665
20,Rest,353.033333333311,0.0,3.9664
20,Rest,353.13333333331684,0.0,3.9665
20,Rest,353.2333333333081,0.0,3.9665
20,Rest,353.33333333331393,0.0,3.9664
20,Rest,353.43333333331975,0.0,3.9665
20,Rest,353.533333333311,0.0,3.9665
20,Rest,353.63333333331684,0.0,3.9665
20,Rest,353.7333333333081,0.0,3.9665
20,Rest,353.83333333331393,0.0,3.9665
20,Rest,353.93333333331975,0.0,3.9665
20,Rest,354.033333333311,0.0,3.9665
20,Rest,354.13333333331684,0.0,3.9665
20,Rest,354.2333333333081,0.0,3.9665
20,Rest,354.33333333331393,0.0,3.9665
20,Rest,354.43333333331975,0.0,3.9665
20,Rest,354.533333333311,0.0,3.9665
20,Rest,354.63333333331684,0.0,3.9665
20,Rest,354.7333333333081,0.0,3.9666
20,Rest,354.83333333331393,0.0,3.9666
20,Rest,354.93333333331975,0.0,3.9666
20,Rest,355.033333333311,0.0,3.9666
20,Rest,355.13333333331684,0.0,3.9665
20,Rest,355.2333333333081,0.0,3.9665
20,Rest,355.33333333331393,0.0,3.9665
20,Rest,355.43333333331975,0.0,3.9666
20,Rest,355.533333333311,0.0,3.9666
20,Rest,355.63333333331684,0.0,3.9665
20,Rest,355.7333333333081,0.0,3.9666
20,Rest,355.83333333331393,0.0,3.9666
20,Rest,355.93333333331975,0.0,3.9666
20,Rest,356.033333333311,0.0,3.9666
20,Rest,356.13333333331684,0.0,3.9666
20,Rest,356.2333333333081,0.0,3.9666
20,Rest,356.33333333331393,0.0,3.9666
20,Rest,356.43333333331975,0.0,3.9666
20,Rest,356.533333333311,0.0,3.9666
20,Rest,356.63333333331684,0.0,3.9666
20,Rest,356.7333333333081,0.0,3.9666
20,Rest,356.83333333331393,0.0,3.9667
20,Rest,356.93333333331975,0.0,3.9667
20,Rest,357.033333333311,0.0,3.9667
20,Rest,357.13333333331684,0.0,3.9667
20,Rest,357.2333333333081,0.0,3.9667
20,Rest,357.33333333331393,0.0,3.9667
20,Rest,357.43333333331975,0.0,3.9667
20,Rest,357.533333333311,0.0,3.9667
20,Rest,357.63333333331684,0.0,3.9667
20,Rest,357.7333333333081,0.0,3.9667
20,Rest,357.83333333331393,0.0,3.9667
20,Rest,357.93333333331975,0.0,3.9667
20,Rest,358.033333333311,0.0,3.9667
20,Rest,358.13333333331684,0.0,3.9667
20,Rest,358.2333333333081,0.0,3.9667
20,Rest,358.33333333331393,0.0,3.9667
20,Rest,358.43333333331975,0.0,3.9667
20,Rest,358.533333333311,0.0,3.9667
20,Rest,358.63333333331684,0.0,3.9667
20,Rest,358.7333333333081,0.0,3.9667
20,Rest,358.83333333331393,0.0,3.9667
20,Rest,358.93333333331975,0.0,3.9668
20,Rest,359.033333333311,0.0,3.9667
20,Rest,359.13333333331684,0.0,3.9668
20,Rest,359.2333333333081,0.0,3.9668
20,Rest,359.33333333331393,0.0,3.9668
20,Rest,359.43333333331975,0.0,3.9668
20,Rest,359.533333333311,0.0,3.9668
20,Rest,359.63333333331684,0.0,3.9668
20,Rest,359.7333333333081,0.0,3.9668
20,Rest,359.83333333331393,0.0,3.9668
20,Rest,359.93333333331975,0.0,3.9669
20,Rest,360.033333333311,0.0,3.9668
20,Rest,360.13333333331684,0.0,3.9668
20,Rest,360.2333333333081,0.0,3.9668
20,Rest,360.33333333331393,0.0,3.9668
20,Rest,360.43333333331975,0.0,3.9668
20,Rest,360.533333333311,0.0,3.9668
20,Rest,360.63333333331684,0.0,3.9668
20,Rest,360.7333333333081,0.0,3.9668
20,Rest,360.83333333331393,0.0,3.9668
20,Rest,360.93333333331975,0.0,3.9668
20,Rest,361.033333333311,0.0,3.9669
20,Rest,361.13333333331684,0.0,3.9669
20,Rest,361.2333333333081,0.0,3.9669
20,Rest,361.33333333331393,0.0,3.9669
20,Rest,361.43333333331975,0.0,3.9669
20,Rest,361.533333333311,0.0,3.9669
20,Rest,361.63333333331684,0.0,3.9669
20,Rest,361.7333333333081,0.0,3.9669
20,Rest,361.83333333331393,0.0,3.9669
20,Rest,361.93333333331975,0.0,3.9669
20,Rest,362.033333333311,0.0,3.9669
20,Rest,362.13333333331684,0.0,3.9669
20,Rest,362.2333333333081,0.0,3.9669
20,Rest,362.33333333331393,0.0,3.967
20,Rest,362.43333333331975,0.0,3.9669
20,Rest,362.533333333311,0.0,3.967
20,Rest,362.63333333331684,0.0,3.967
20,Rest,362.7333333333081,0.0,3.967
20,Rest,362.83333333331393,0.0,3.967
20,Rest,362.93333333331975,0.0,3.967
20,Rest,363.033333333311,0.0,3.9669
20,Rest,363.13333333331684,0.0,3.9669
20,Rest,363.2333333333081,0.0,3.9669
20,Rest,363.33333333331393,0.0,3.967
20,Rest,363.43333333331975,0.0,3.967
20,Rest,363.533333333311,0.0,3.967
20,Rest,363.63333333331684,0.0,3.967
20,Rest,363.7333333333081,0.0,3.967
20,Rest,363.83333333331393,0.0,3.967
20,Rest,363.93333333331975,0.0,3.967
20,Rest,364.033333333311,0.0,3.967
20,Rest,364.13333333331684,0.0,3.967
20,Rest,364.2333333333081,0.0,3.9671
20,Rest,364.33333333331393,0.0,3.9671
20,Rest,364.43333333331975,0.0,3.9671
20,Rest,364.533333333311,0.0,3.9671
20,Rest,364.63333333331684,0.0,3.967
20,Rest,364.7333333333081,0.0,3.967
20,Rest,364.83333333331393,0.0,3.967
20,Rest,364.93333333331975,0.0,3.9671
20,Rest,365.033333333311,0.0,3.9671
20,Rest,365.13333333331684,0.0,3.9671
20,Rest,365.2333333333081,0.0,3.9671
20,Rest,365.33333333331393,0.0,3.9671
20,Rest,365.43333333331975,0.0,3.9671
20,Rest,365.533333333311,0.0,3.9671
20,Rest,365.63333333331684,0.0,3.9671
20,Rest,365.7333333333081,0.0,3.9671
20,Rest,365.83333333331393,0.0,3.9671
20,Rest,365.93333333331975,0.0,3.9671
20,Rest,366.033333333311,0.0,3.9671
20,Rest,366.13333333331684,0.0,3.9671
20,Rest,366.2333333333081,0.0,3.9671
20,Rest,366.33333333331393,0.0,3.9672
20,Rest,366.43333333331975,0.0,3.9671
20,Rest,366.533333333311,0.0,3.9671
20,Rest,366.63333333331684,0.0,3.9671
20,Rest,366.7333333333081,0.0,3.9672
20,Rest,366.83333333331393,0.0,3.9671
20,Rest,366.93333333331975,0.0,3.9671
20,Rest,367.033333333311,0.0,3.9672
20,Rest,367.13333333331684,0.0,3.9672
20,Rest,367.2333333333081,0.0,3.9672
20,Rest,367.33333333331393,0.0,3.9672
20,Rest,367.43333333331975,0.0,3.9672
20,Rest,367.533333333311,0.0,3.9672
20,Rest,367.63333333331684,0.0,3.9672
20,Rest,367.7333333333081,0.0,3.9672
20,Rest,367.83333333331393,0.0,3.9672
20,Rest,367.93333333331975,0.0,3.9672
20,Rest,368.033333333311,0.0,3.9673
20,Rest,368.13333333331684,0.0,3.9672
20,Rest,368.2333333333081,0.0,3.9672
20,Rest,368.33333333331393,0.0,3.9672
20,Rest,368.43333333331975,0.0,3.9672
20,Rest,368.533333333311,0.0,3.9672
20,Rest,368.63333333331684,0.0,3.9672
20,Rest,368.7333333333081,0.0,3.9673
20,Rest,368.83333333331393,0.0,3.9673
20,Rest,368.93333333331975,0.0,3.9673
20,Rest,369.033333333311,0.0,3.9673
20,Rest,369.13333333331684,0.0,3.9673
20,Rest,369.2333333333081,0.0,3.9673
20,Rest,369.33333333331393,0.0,3.9673
20,Rest,369.43333333331975,0.0,3.9673
20,Rest,369.533333333311,0.0,3.9673
20,Rest,369.63333333331684,0.0,3.9674
20,Rest,369.7333333333081,0.0,3.9673
20,Rest,369.83333333331393,0.0,3.9673
20,Rest,369.93333333331975,0.0,3.9674
20,Rest,370.033333333311,0.0,3.9673
20,Rest,370.13333333331684,0.0,3.9673
20,Rest,370.2333333333081,0.0,3.9673
20,Rest,370.33333333331393,0.0,3.9674
20,Rest,370.43333333331975,0.0,3.9674
20,Rest,370.533333333311,0.0,3.9673
20,Rest,370.63333333331684,0.0,3.9673
20,Rest,370.7333333333081,0.0,3.9674
20,Rest,370.83333333331393,0.0,3.9674
20,Rest,370.93333333331975,0.0,3.9674
20,Rest,371.033333333311,0.0,3.9674
20,Rest,371.13333333331684,0.0,3.9674
20,Rest,371.2333333333081,0.0,3.9674
20,Rest,371.33333333331393,0.0,3.9674
20,Rest,371.43333333331975,0.0,3.9674
20,Rest,371.533333333311,0.0,3.9674
20,Rest,371.63333333331684,0.0,3.9674
20,Rest,371.7333333333081,0.0,3.9674
20,Rest,371.83333333331393,0.0,3.9674
20,Rest,371.93333333331975,0.0,3.9674
20,Rest,372.033333333311,0.0,3.9674
20,Rest,372.13333333331684,0.0,3.9675
20,Rest,372.2333333333081,0.0,3.9675
20,Rest,372.33333333331393,0.0,3.9674
20,Rest,372.43333333331975,0.0,3.9674
20,Rest,372.533333333311,0.0,3.9675
20,Rest,372.63333333331684,0.0,3.9675
20,Rest,372.7333333333081,0.0,3.9675
20,Rest,372.83333333331393,0.0,3.9675
20,Rest,372.93333333331975,0.0,3.9675
20,Rest,373.033333333311,0.0,3.9675
20,Rest,373.13333333331684,0.0,3.9675
20,Rest,373.2333333333081,0.0,3.9675
20,Rest,373.33333333331393,0.0,3.9675
20,Rest,373.43333333331975,0.0,3.9675
20,Rest,373.533333333311,0.0,3.9675
20,Rest,373.63333333331684,0.0,3.9676
20,Rest,373.7333333333081,0.0,3.9676
20,Rest,373.83333333331393,0.0,3.9676
20,Rest,373.93333333331975,0.0,3.9676
20,Rest,374.033333333311,0.0,3.9675
20,Rest,374.13333333331684,0.0,3.9675
20,Rest,374.2333333333081,0.0,3.9675
20,Rest,374.33333333331393,0.0,3.9675
20,Rest,374.43333333331975,0.0,3.9676
20,Rest,374.533333333311,0.0,3.9676
20,Rest,374.63333333331684,0.0,3.9676
20,Rest,374.7333333333081,0.0,3.9676
20,Rest,374.83333333331393,0.0,3.9676
20,Rest,374.93333333331975,0.0,3.9676
20,Rest,375.033333333311,0.0,3.9676
20,Rest,375.13333333331684,0.0,3.9676
20,Rest,375.2333333333081,0.0,3.9676
20,Rest,375.33333333331393,0.0,3.9676
20,Rest,375.43333333331975,0.0,3.9676
20,Rest,375.533333333311,0.0,3.9676
20,Rest,375.63333333331684,0.0,3.9676
20,Rest,375.7333333333081,0.0,3.9677
20,Rest,375.83333333331393,0.0,3.9677
20,Rest,375.93333333331975,0.0,3.9676
20,Rest,376.033333333311,0.0,3.9677
20,Rest,376.13333333331684,0.0,3.9676
20,Rest,376.2333333333081,0.0,3.9676
20,Rest,376.33333333331393,0.0,3.9677
20,Rest,376.43333333331975,0.0,3.9677
20,Rest,376.533333333311,0.0,3.9677
20,Rest,376.63333333331684,0.0,3.9677
20,Rest,376.7333333333081,0.0,3.9677
20,Rest,376.83333333331393,0.0,3.9677
20,Rest,376.93333333331975,0.0,3.9677
20,Rest,377.033333333311,0.0,3.9678
20,Rest,377.13333333331684,0.0,3.9677
20,Rest,377.2333333333081,0.0,3.9677
20,Rest,377.33333333331393,0.0,3.9677
20,Rest,377.43333333331975,0.0,3.9678
20,Rest,377.533333333311,0.0,3.9677
20,Rest,377.63333333331684,0.0,3.9677
20,Rest,377.7333333333081,0.0,3.9677
20,Rest,377.83333333331393,0.0,3.9678
20,Rest,377.93333333331975,0.0,3.9678
20,Rest,378.033333333311,0.0,3.9678
20,Rest,378.13333333331684,0.0,3.9678
20,Rest,378.2333333333081,0.0,3.9678
20,Rest,378.33333333331393,0.0,3.9678
20,Rest,378.43333333331975,0.0,3.9678
20,Rest,378.533333333311,0.0,3.9678
20,Rest,378.63333333331684,0.0,3.9678
20,Rest,378.7333333333081,0.0,3.9678
20,Rest,378.83333333331393,0.0,3.9678
20,Rest,378.93333333331975,0.0,3.9678
20,Rest,379.033333333311,0.0,3.9678
20,Rest,379.13333333331684,0.0,3.9678
20,Rest,379.2333333333081,0.0,3.9679
20,Rest,379.33333333331393,0.0,3.9678
20,Rest,379.43333333331975,0.0,3.9678
20,Rest,379.533333333311,0.0,3.9679
20,Rest,379.63333333331684,0.0,3.9679
20,Rest,379.7333333333081,0.0,3.9678
20,Rest,379.83333333331393,0.0,3.9679
20,Rest,379.93333333331975,0.0,3.9678
20,Rest,380.033333333311,0.0,3.9679
20,Rest,380.13333333331684,0.0,3.9679
20,Rest,380.2333333333081,0.0,3.9679
20,Rest,380.33333333331393,0.0,3.9679
20,Rest,380.43333333331975,0.0,3.9679
20,Rest,380.533333333311,0.0,3.9679
20,Rest,380.63333333331684,0.0,3.9679
20,Rest,380.7333333333081,0.0,3.9679
20,Rest,380.83333333331393,0.0,3.9679
20,Rest,380.93333333331975,0.0,3.968
20,Rest,381.033333333311,0.0,3.9679
20,Rest,381.13333333331684,0.0,3.9679
20,Rest,381.2333333333081,0.0,3.9679
20,Rest,381.33333333331393,0.0,3.968
20,Rest,381.43333333331975,0.0,3.968
20,Rest,381.533333333311,0.0,3.9679
20,Rest,381.63333333331684,0.0,3.968
20,Rest,381.7333333333081,0.0,3.968
20,Rest,381.83333333331393,0.0,3.968
20,Rest,381.93333333331975,0.0,3.968
20,Rest,382.033333333311,0.0,3.9679
20,Rest,382.13333333331684,0.0,3.968
20,Rest,382.2333333333081,0.0,3.968
20,Rest,382.33333333331393,0.0,3.968
20,Rest,382.43333333331975,0.0,3.968
20,Rest,382.533333333311,0.0,3.968
20,Rest,382.63333333331684,0.0,3.968
20,Rest,382.7333333333081,0.0,3.968
20,Rest,382.83333333331393,0.0,3.968
20,Rest,382.93333333331975,0.0,3.968
20,Rest,383.033333333311,0.0,3.968
20,Rest,383.13333333331684,0.0,3.968
20,Rest,383.2333333333081,0.0,3.968
20,Rest,383.33333333331393,0.0,3.968
20,Rest,383.43333333331975,0.0,3.968
20,Rest,383.533333333311,0.0,3.968
20,Rest,383.63333333331684,0.0,3.968
20,Rest,383.7333333333081,0.0,3.968
20,Rest,383.83333333331393,0.0,3.968
20,Rest,383.93333333331975,0.0,3.968
20,Rest,384.033333333311,0.0,3.9681
20,Rest,384.13333333331684,0.0,3.9681
20,Rest,384.2333333333081,0.0,3.9681
20,Rest,384.33333333331393,0.0,3.9681
20,Rest,384.43333333331975,0.0,3.9681
20,Rest,384.533333333311,0.0,3.9681
20,Rest,384.63333333331684,0.0,3.9681
20,Rest,384.7333333333081,0.0,3.9681
20,Rest,384.83333333331393,0.0,3.9681
20,Rest,384.93333333331975,0.0,3.9681
20,Rest,385.033333333311,0.0,3.9681
20,Rest,385.13333333331684,0.0,3.9682
20,Rest,385.2333333333081,0.0,3.9681
20,Rest,385.33333333331393,0.0,3.9681
20,Rest,385.43333333331975,0.0,3.9681
20,Rest,385.533333333311,0.0,3.9681
20,Rest,385.63333333331684,0.0,3.9681
20,Rest,385.7333333333081,0.0,3.9681
20,Rest,385.83333333331393,0.0,3.9681
20,Rest,385.93333333331975,0.0,3.9682
20,Rest,386.033333333311,0.0,3.9682
20,Rest,386.13333333331684,0.0,3.9681
20,Rest,386.2333333333081,0.0,3.9682
20,Rest,386.33333333331393,0.0,3.9682
20,Rest,386.43333333331975,0.0,3.9682
20,Rest,386.533333333311,0.0,3.9682
20,Rest,386.63333333331684,0.0,3.9682
20,Rest,386.7333333333081,0.0,3.9682
20,Rest,386.83333333331393,0.0,3.9682
20,Rest,386.93333333331975,0.0,3.9682
20,Rest,387.033333333311,0.0,3.9682
20,Rest,387.13333333331684,0.0,3.9682
20,Rest,387.2333333333081,0.0,3.9682
20,Rest,387.33333333331393,0.0,3.9682
20,Rest,387.43333333331975,0.0,3.9682
20,Rest,387.533333333311,0.0,3.9682
20,Rest,387.63333333331684,0.0,3.9682
20,Rest,387.7333333333081,0.0,3.9682
20,Rest,387.83333333331393,0.0,3.9682
20,Rest,387.93333333331975,0.0,3.9682
20,Rest,388.033333333311,0.0,3.9682
20,Rest,388.13333333331684,0.0,3.9682
20,Rest,388.2333333333081,0.0,3.9682
20,Rest,388.33333333331393,0.0,3.9682
20,Rest,388.43333333331975,0.0,3.9682
20,Rest,388.533333333311,0.0,3.9683
20,Rest,388.63333333331684,0.0,3.9683
20,Rest,388.7333333333081,0.0,3.9682
20,Rest,388.83333333331393,0.0,3.9683
20,Rest,388.93333333331975,0.0,3.9683
20,Rest,389.033333333311,0.0,3.9683
20,Rest,389.13333333331684,0.0,3.9683
20,Rest,389.2333333333081,0.0,3.9683
20,Rest,389.33333333331393,0.0,3.9683
20,Rest,389.43333333331975,0.0,3.9683
20,Rest,389.533333333311,0.0,3.9683
20,Rest,389.63333333331684,0.0,3.9683
20,Rest,389.7333333333081,0.0,3.9683
20,Rest,389.83333333331393,0.0,3.9683
20,Rest,389.93333333331975,0.0,3.9683
20,Rest,390.033333333311,0.0,3.9683
20,Rest,390.13333333331684,0.0,3.9683
20,Rest,390.2333333333081,0.0,3.9684
20,Rest,390.33333333331393,0.0,3.9684
20,Rest,390.43333333331975,0.0,3.9683
20,Rest,390.533333333311,0.0,3.9683
20,Rest,390.63333333331684,0.0,3.9683
20,Rest,390.7333333333081,0.0,3.9683
20,Rest,390.83333333331393,0.0,3.9684
20,Rest,390.93333333331975,0.0,3.9684
20,Rest,391.033333333311,0.0,3.9683
20,Rest,391.13333333331684,0.0,3.9684
20,Rest,391.2333333333081,0.0,3.9684
20,Rest,391.33333333331393,0.0,3.9684
20,Rest,391.43333333331975,0.0,3.9684
20,Rest,391.533333333311,0.0,3.9684
20,Rest,391.63333333331684,0.0,3.9684
20,Rest,391.7333333333081,0.0,3.9685
20,Rest,391.83333333331393,0.0,3.9684
20,Rest,391.93333333331975,0.0,3.9684
20,Rest,392.033333333311,0.0,3.9684
20,Rest,392.13333333331684,0.0,3.9684
20,Rest,392.2333333333081,0.0,3.9684
20,Rest,392.33333333331393,0.0,3.9684
20,Rest,392.43333333331975,0.0,3.9684
20,Rest,392.533333333311,0.0,3.9684
20,Rest,392.63333333331684,0.0,3.9685
20,Rest,392.7333333333081,0.0,3.9684
20,Rest,392.83333333331393,0.0,3.9684
20,Rest,392.93333333331975,0.0,3.9684
20,Rest,393.033333333311,0.0,3.9685
20,Rest,393.13333333331684,0.0,3.9685
20,Rest,393.2333333333081,0.0,3.9684
20,Rest,393.33333333331393,0.0,3.9684
20,Rest,393.43333333331975,0.0,3.9685
20,Rest,393.533333333311,0.0,3.9685
20,Rest,393.63333333331684,0.0,3.9685
20,Rest,393.7333333333081,0.0,3.9685
20,Rest,393.83333333331393,0.0,3.9685
20,Rest,393.93333333331975,0.0,3.9685
20,Rest,394.033333333311,0.0,3.9685
20,Rest,394.13333333331684,0.0,3.9685
20,Rest,394.2333333333081,0.0,3.9685
20,Rest,394.33333333331393,0.0,3.9685
20,Rest,394.43333333331975,0.0,3.9685
20,Rest,394.533333333311,0.0,3.9685
20,Rest,394.63333333331684,0.0,3.9685
20,Rest,394.7333333333081,0.0,3.9685
20,Rest,394.83333333331393,0.0,3.9686
20,Rest,394.93333333331975,0.0,3.9685
20,Rest,395.033333333311,0.0,3.9685
20,Rest,395.13333333331684,0.0,3.9686
20,Rest,395.2333333333081,0.0,3.9685
20,Rest,395.33333333331393,0.0,3.9685
20,Rest,395.43333333331975,0.0,3.9686
20,Rest,395.533333333311,0.0,3.9686
20,Rest,395.63333333331684,0.0,3.9686
20,Rest,395.7333333333081,0.0,3.9686
20,Rest,395.83333333331393,0.0,3.9686
20,Rest,395.93333333331975,0.0,3.9686
20,Rest,396.033333333311,0.0,3.9686
20,Rest,396.13333333331684,0.0,3.9685
20,Rest,396.2333333333081,0.0,3.9686
20,Rest,396.33333333331393,0.0,3.9686
20,Rest,396.43333333331975,0.0,3.9686
20,Rest,396.533333333311,0.0,3.9686
20,Rest,396.63333333331684,0.0,3.9686
20,Rest,396.7333333333081,0.0,3.9687
20,Rest,396.83333333331393,0.0,3.9686
20,Rest,396.93333333331975,0.0,3.9686
20,Rest,397.033333333311,0.0,3.9686
20,Rest,397.13333333331684,0.0,3.9686
20,Rest,397.2333333333081,0.0,3.9686
20,Rest,397.33333333331393,0.0,3.9686
20,Rest,397.43333333331975,0.0,3.9686
20,Rest,397.533333333311,0.0,3.9686
20,Rest,397.63333333331684,0.0,3.9686
20,Rest,397.7333333333081,0.0,3.9687
20,Rest,397.83333333331393,0.0,3.9687
20,Rest,397.93333333331975,0.0,3.9687
20,Rest,398.033333333311,0.0,3.9687
20,Rest,398.13333333331684,0.0,3.9687
20,Rest,398.2333333333081,0.0,3.9687
20,Rest,398.33333333331393,0.0,3.9687
20,Rest,398.43333333331975,0.0,3.9687
20,Rest,398.533333333311,0.0,3.9687
20,Rest,398.63333333331684,0.0,3.9687
20,Rest,398.7333333333081,0.0,3.9687
20,Rest,398.83333333331393,0.0,3.9687
20,Rest,398.93333333331975,0.0,3.9687
20,Rest,399.033333333311,0.0,3.9687
20,Rest,399.13333333331684,0.0,3.9687
20,Rest,399.2333333333081,0.0,3.9687
20,Rest,399.33333333331393,0.0,3.9687
20,Rest,399.43333333331975,0.0,3.9688
20,Rest,399.533333333311,0.0,3.9688
20,Rest,399.63333333331684,0.0,3.9688
20,Rest,399.7333333333081,0.0,3.9687
20,Rest,399.83333333331393,0.0,3.9688
20,Rest,399.93333333331975,0.0,3.9688
20,Rest,400.033333333311,0.0,3.9688
20,Rest,400.13333333331684,0.0,3.9688
20,Rest,400.2333333333081,0.0,3.9688
20,Rest,400.33333333331393,0.0,3.9688
20,Rest,400.43333333331975,0.0,3.9688
20,Rest,400.533333333311,0.0,3.9688
20,Rest,400.63333333331684,0.0,3.9688
20,Rest,400.7333333333081,0.0,3.9688
20,Rest,400.83333333331393,0.0,3.9688
20,Rest,400.93333333331975,0.0,3.9688
20,Rest,401.033333333311,0.0,3.9688
20,Rest,401.13333333331684,0.0,3.9688
20,Rest,401.2333333333081,0.0,3.9688
20,Rest,401.33333333331393,0.0,3.9688
20,Rest,401.43333333331975,0.0,3.9688
20,Rest,401.533333333311,0.0,3.9689
20,Rest,401.63333333331684,0.0,3.9689
20,Rest,401.7333333333081,0.0,3.9688
20,Rest,401.83333333331393,0.0,3.9688
20,Rest,401.93333333331975,0.0,3.9688
20,Rest,402.033333333311,0.0,3.9688
20,Rest,402.13333333331684,0.0,3.9688
20,Rest,402.2333333333081,0.0,3.9688
20,Rest,402.33333333331393,0.0,3.9689
20,Rest,402.43333333331975,0.0,3.9689
20,Rest,402.533333333311,0.0,3.9689
20,Rest,402.63333333331684,0.0,3.9689
20,Rest,402.7333333333081,0.0,3.9689
20,Rest,402.83333333331393,0.0,3.9689
20,Rest,402.93333333331975,0.0,3.9689
20,Rest,403.033333333311,0.0,3.9689
20,Rest,403.13333333331684,0.0,3.9689
20,Rest,403.2333333333081,0.0,3.9689
20,Rest,403.33333333331393,0.0,3.9689
20,Rest,403.43333333331975,0.0,3.9689
20,Rest,403.533333333311,0.0,3.9689
20,Rest,403.63333333331684,0.0,3.9689
20,Rest,403.7333333333081,0.0,3.9689
20,Rest,403.83333333331393,0.0,3.9689
20,Rest,403.93333333331975,0.0,3.9689
20,Rest,404.033333333311,0.0,3.9689
20,Rest,404.13333333331684,0.0,3.9689
20,Rest,404.2333333333081,0.0,3.9689
20,Rest,404.33333333331393,0.0,3.969
20,Rest,404.43333333331975,0.0,3.969
20,Rest,404.533333333311,0.0,3.9689
20,Rest,404.63333333331684,0.0,3.9689
20,Rest,404.7333333333081,0.0,3.969
20,Rest,404.83333333331393,0.0,3.969
20,Rest,404.93333333331975,0.0,3.969
20,Rest,405.033333333311,0.0,3.969
20,Rest,405.13333333331684,0.0,3.969
20,Rest,405.2333333333081,0.0,3.969
20,Rest,405.33333333331393,0.0,3.969
20,Rest,405.43333333331975,0.0,3.969
20,Rest,405.533333333311,0.0,3.969
20,Rest,405.63333333331684,0.0,3.969
20,Rest,405.7333333333081,0.0,3.969
20,Rest,405.83333333331393,0.0,3.9689
20,Rest,405.93333333331975,0.0,3.969
20,Rest,406.033333333311,0.0,3.969
20,Rest,406.13333333331684,0.0,3.969
20,Rest,406.2333333333081,0.0,3.9691
20,Rest,406.33333333331393,0.0,3.969
20,Rest,406.43333333331975,0.0,3.969
20,Rest,406.533333333311,0.0,3.969
20,Rest,406.63333333331684,0.0,3.969
20,Rest,406.7333333333081,0.0,3.969
20,Rest,406.83333333331393,0.0,3.969
20,Rest,406.93333333331975,0.0,3.969
20,Rest,407.033333333311,0.0,3.969
20,Rest,407.13333333331684,0.0,3.969
20,Rest,407.2333333333081,0.0,3.969
20,Rest,407.33333333331393,0.0,3.9691
20,Rest,407.43333333331975,0.0,3.969
20,Rest,407.533333333311,0.0,3.9691
20,Rest,407.63333333331684,0.0,3.9691
20,Rest,407.7333333333081,0.0,3.9691
20,Rest,407.83333333331393,0.0,3.9691
20,Rest,407.93333333331975,0.0,3.969
20,Rest,408.033333333311,0.0,3.969
20,Rest,408.13333333331684,0.0,3.9691
20,Rest,408.2333333333081,0.0,3.9691
20,Rest,408.33333333331393,0.0,3.9691
20,Rest,408.43333333331975,0.0,3.9691
20,Rest,408.533333333311,0.0,3.9691
20,Rest,408.63333333331684,0.0,3.9691
20,Rest,408.7333333333081,0.0,3.9691
20,Rest,408.83333333331393,0.0,3.9691
20,Rest,408.93333333331975,0.0,3.9691
20,Rest,409.033333333311,0.0,3.9691
20,Rest,409.13333333331684,0.0,3.9691
20,Rest,409.2333333333081,0.0,3.9691
20,Rest,409.33333333331393,0.0,3.9692
20,Rest,409.43333333331975,0.0,3.9692
20,Rest,409.533333333311,0.0,3.9691
20,Rest,409.63333333331684,0.0,3.9692
20,Rest,409.7333333333081,0.0,3.9691
20,Rest,409.83333333331393,0.0,3.9691
20,Rest,409.93333333331975,0.0,3.9692
20,Rest,410.033333333311,0.0,3.9692
20,Rest,410.13333333331684,0.0,3.9692
20,Rest,410.2333333333081,0.0,3.9692
20,Rest,410.33333333331393,0.0,3.9692
20,Rest,410.43333333331975,0.0,3.9692
20,Rest,410.533333333311,0.0,3.9692
20,Rest,410.63333333331684,0.0,3.9692
20,Rest,410.7333333333081,0.0,3.9692
20,Rest,410.83333333331393,0.0,3.9692
20,Rest,410.93333333331975,0.0,3.9692
20,Rest,411.033333333311,0.0,3.9692
20,Rest,411.13333333331684,0.0,3.9692
20,Rest,411.2333333333081,0.0,3.9692
20,Rest,411.33333333331393,0.0,3.9692
20,Rest,411.43333333331975,0.0,3.9692
20,Rest,411.533333333311,0.0,3.9692
20,Rest,411.63333333331684,0.0,3.9692
20,Rest,411.7333333333081,0.0,3.9692
20,Rest,411.83333333331393,0.0,3.9692
20,Rest,411.93333333331975,0.0,3.9692
20,Rest,412.033333333311,0.0,3.9692
20,Rest,412.13333333331684,0.0,3.9693
20,Rest,412.2333333333081,0.0,3.9692
20,Rest,412.33333333331393,0.0,3.9693
20,Rest,412.43333333331975,0.0,3.9692
20,Rest,412.533333333311,0.0,3.9693
20,Rest,412.63333333331684,0.0,3.9692
20,Rest,412.7333333333081,0.0,3.9693
20,Rest,412.83333333331393,0.0,3.9693
20,Rest,412.93333333331975,0.0,3.9692
20,Rest,413.033333333311,0.0,3.9692
20,Rest,413.13333333331684,0.0,3.9692
20,Rest,413.2333333333081,0.0,3.9693
20,Rest,413.33333333331393,0.0,3.9692
20,Rest,413.43333333331975,0.0,3.9692
20,Rest,413.533333333311,0.0,3.9693
20,Rest,413.63333333331684,0.0,3.9693
20,Rest,413.7333333333081,0.0,3.9693
20,Rest,413.83333333331393,0.0,3.9693
20,Rest,413.93333333331975,0.0,3.9693
20,Rest,414.033333333311,0.0,3.9693
20,Rest,414.13333333331684,0.0,3.9693
20,Rest,414.2333333333081,0.0,3.9693
20,Rest,414.33333333331393,0.0,3.9693
20,Rest,414.43333333331975,0.0,3.9693
20,Rest,414.533333333311,0.0,3.9693
20,Rest,414.63333333331684,0.0,3.9693
20,Rest,414.7333333333081,0.0,3.9693
20,Rest,414.83333333331393,0.0,3.9693
20,Rest,414.93333333331975,0.0,3.9693
20,Rest,415.033333333311,0.0,3.9693
20,Rest,415.13333333331684,0.0,3.9693
20,Rest,415.2333333333081,0.0,3.9693
20,Rest,415.33333333331393,0.0,3.9694
20,Rest,415.43333333331975,0.0,3.9694
20,Rest,415.533333333311,0.0,3.9694
20,Rest,415.63333333331684,0.0,3.9694
20,Rest,415.7333333333081,0.0,3.9694
20,Rest,415.83333333331393,0.0,3.9693
20,Rest,415.93333333331975,0.0,3.9694
20,Rest,416.033333333311,0.0,3.9694
20,Rest,416.13333333331684,0.0,3.9694
20,Rest,416.2333333333081,0.0,3.9694
20,Rest,416.33333333331393,0.0,3.9694
20,Rest,416.43333333331975,0.0,3.9694
20,Rest,416.533333333311,0.0,3.9694
20,Rest,416.63333333331684,0.0,3.9694
20,Rest,416.7333333333081,0.0,3.9694
20,Rest,416.83333333331393,0.0,3.9694
20,Rest,416.93333333331975,0.0,3.9694
20,Rest,417.033333333311,0.0,3.9694
20,Rest,417.13333333331684,0.0,3.9694
20,Rest,417.2333333333081,0.0,3.9694
20,Rest,417.33333333331393,0.0,3.9694
20,Rest,417.43333333331975,0.0,3.9694
20,Rest,417.533333333311,0.0,3.9694
20,Rest,417.63333333331684,0.0,3.9694
20,Rest,417.7333333333081,0.0,3.9694
20,Rest,417.83333333331393,0.0,3.9694
20,Rest,417.93333333331975,0.0,3.9694
20,Rest,418.033333333311,0.0,3.9694
20,Rest,418.13333333331684,0.0,3.9694
20,Rest,418.2333333333081,0.0,3.9695
20,Rest,418.33333333331393,0.0,3.9694
20,Rest,418.43333333331975,0.0,3.9695
20,Rest,418.533333333311,0.0,3.9694
20,Rest,418.63333333331684,0.0,3.9695
20,Rest,418.7333333333081,0.0,3.9695
20,Rest,418.83333333331393,0.0,3.9695
20,Rest,418.93333333331975,0.0,3.9695
20,Rest,419.033333333311,0.0,3.9695
20,Rest,419.13333333331684,0.0,3.9694
20,Rest,419.2333333333081,0.0,3.9695
20,Rest,419.33333333331393,0.0,3.9695
20,Rest,419.43333333331975,0.0,3.9695
20,Rest,419.533333333311,0.0,3.9695
20,Rest,419.63333333331684,0.0,3.9695
20,Rest,419.7333333333081,0.0,3.9695
20,Rest,419.83333333331393,0.0,3.9695
20,Rest,419.93333333331975,0.0,3.9695
20,Rest,420.033333333311,0.0,3.9695
20,Rest,420.13333333331684,0.0,3.9695
20,Rest,420.2333333333081,0.0,3.9695
20,Rest,420.33333333331393,0.0,3.9695
20,Rest,420.43333333331975,0.0,3.9695
20,Rest,420.533333333311,0.0,3.9696
20,Rest,420.63333333331684,0.0,3.9695
20,Rest,420.7333333333081,0.0,3.9695
20,Rest,420.83333333331393,0.0,3.9695
20,Rest,420.93333333331975,0.0,3.9696
20,Rest,421.033333333311,0.0,3.9695
20,Rest,421.13333333331684,0.0,3.9695
20,Rest,421.2333333333081,0.0,3.9695
20,Rest,421.33333333331393,0.0,3.9695
20,Rest,421.43333333331975,0.0,3.9695
20,Rest,421.533333333311,0.0,3.9695
20,Rest,421.63333333331684,0.0,3.9696
20,Rest,421.7333333333081,0.0,3.9696
20,Rest,421.83333333331393,0.0,3.9696
20,Rest,421.93333333331975,0.0,3.9696
20,Rest,422.033333333311,0.0,3.9696
20,Rest,422.13333333331684,0.0,3.9696
20,Rest,422.2333333333081,0.0,3.9696
20,Rest,422.33333333331393,0.0,3.9696
20,Rest,422.43333333331975,0.0,3.9696
20,Rest,422.533333333311,0.0,3.9696
20,Rest,422.63333333331684,0.0,3.9696
20,Rest,422.7333333333081,0.0,3.9696
20,Rest,422.83333333331393,0.0,3.9696
20,Rest,422.93333333331975,0.0,3.9696
20,Rest,423.033333333311,0.0,3.9696
20,Rest,423.13333333331684,0.0,3.9696
20,Rest,423.2333333333081,0.0,3.9696
20,Rest,423.33333333331393,0.0,3.9696
20,Rest,423.43333333331975,0.0,3.9696
20,Rest,423.533333333311,0.0,3.9696
20,Rest,423.63333333331684,0.0,3.9696
20,Rest,423.7333333333081,0.0,3.9696
20,Rest,423.83333333331393,0.0,3.9696
20,Rest,423.93333333331975,0.0,3.9697
20,Rest,424.033333333311,0.0,3.9697
20,Rest,424.13333333331684,0.0,3.9697
20,Rest,424.2333333333081,0.0,3.9696
20,Rest,424.33333333331393,0.0,3.9696
20,Rest,424.43333333331975,0.0,3.9696
20,Rest,424.533333333311,0.0,3.9696
20,Rest,424.63333333331684,0.0,3.9697
20,Rest,424.7333333333081,0.0,3.9696
20,Rest,424.83333333331393,0.0,3.9697
20,Rest,424.93333333331975,0.0,3.9697
20,Rest,425.033333333311,0.0,3.9696
20,Rest,425.13333333331684,0.0,3.9696
20,Rest,425.2333333333081,0.0,3.9697
20,Rest,425.33333333331393,0.0,3.9697
20,Rest,425.43333333331975,0.0,3.9696
20,Rest,425.533333333311,0.0,3.9697
20,Rest,425.63333333331684,0.0,3.9697
20,Rest,425.7333333333081,0.0,3.9697
20,Rest,425.83333333331393,0.0,3.9697
20,Rest,425.93333333331975,0.0,3.9697
20,Rest,426.033333333311,0.0,3.9697
20,Rest,426.13333333331684,0.0,3.9697
20,Rest,426.2333333333081,0.0,3.9697
20,Rest,426.33333333331393,0.0,3.9697
20,Rest,426.43333333331975,0.0,3.9697
20,Rest,426.533333333311,0.0,3.9697
20,Rest,426.63333333331684,0.0,3.9697
20,Rest,426.7333333333081,0.0,3.9697
20,Rest,426.83333333331393,0.0,3.9697
20,Rest,426.93333333331975,0.0,3.9697
20,Rest,427.033333333311,0.0,3.9697
20,Rest,427.13333333331684,0.0,3.9697
20,Rest,427.2333333333081,0.0,3.9697
20,Rest,427.33333333331393,0.0,3.9697
20,Rest,427.43333333331975,0.0,3.9697
20,Rest,427.533333333311,0.0,3.9697
20,Rest,427.63333333331684,0.0,3.9698
20,Rest,427.7333333333081,0.0,3.9698
20,Rest,427.83333333331393,0.0,3.9698
20,Rest,427.93333333331975,0.0,3.9698
20,Rest,428.033333333311,0.0,3.9698
20,Rest,428.13333333331684,0.0,3.9698
20,Rest,428.2333333333081,0.0,3.9698
20,Rest,428.33333333331393,0.0,3.9698
20,Rest,428.43333333331975,0.0,3.9698
20,Rest,428.533333333311,0.0,3.9698
20,Rest,428.63333333331684,0.0,3.9698
20,Rest,428.7333333333081,0.0,3.9698
20,Rest,428.83333333331393,0.0,3.9698
20,Rest,428.93333333331975,0.0,3.9698
20,Rest,429.033333333311,0.0,3.9698
20,Rest,429.13333333331684,0.0,3.9698
20,Rest,429.2333333333081,0.0,3.9698
20,Rest,429.33333333331393,0.0,3.9698
20,Rest,429.43333333331975,0.0,3.9699
20,Rest,429.533333333311,0.0,3.9698
20,Rest,429.63333333331684,0.0,3.9698
20,Rest,429.7333333333081,0.0,3.9698
20,Rest,429.83333333331393,0.0,3.9698
20,Rest,429.93333333331975,0.0,3.9698
20,Rest,430.033333333311,0.0,3.9699
20,Rest,430.13333333331684,0.0,3.9698
20,Rest,430.2333333333081,0.0,3.9698
20,Rest,430.33333333331393,0.0,3.9698
20,Rest,430.43333333331975,0.0,3.9699
20,Rest,430.533333333311,0.0,3.9698
20,Rest,430.63333333331684,0.0,3.9698
20,Rest,430.7333333333081,0.0,3.9699
20,Rest,430.83333333331393,0.0,3.9699
20,Rest,430.93333333331975,0.0,3.9698
20,Rest,431.033333333311,0.0,3.9699
20,Rest,431.13333333331684,0.0,3.9699
20,Rest,431.2333333333081,0.0,3.9699
20,Rest,431.33333333331393,0.0,3.9699
20,Rest,431.43333333331975,0.0,3.9699
20,Rest,431.533333333311,0.0,3.9699
20,Rest,431.63333333331684,0.0,3.9699
20,Rest,431.7333333333081,0.0,3.9699
20,Rest,431.83333333331393,0.0,3.9699
20,Rest,431.93333333331975,0.0,3.9699
20,Rest,432.033333333311,0.0,3.9699
20,Rest,432.13333333331684,0.0,3.9699
20,Rest,432.2333333333081,0.0,3.9699
20,Rest,432.33333333331393,0.0,3.9699
20,Rest,432.43333333331975,0.0,3.9699
20,Rest,432.533333333311,0.0,3.9699
20,Rest,432.63333333331684,0.0,3.9699
20,Rest,432.7333333333081,0.0,3.9699
20,Rest,432.83333333331393,0.0,3.9699
20,Rest,432.93333333331975,0.0,3.9699
20,Rest,433.033333333311,0.0,3.97
20,Rest,433.13333333331684,0.0,3.9699
20,Rest,433.2333333333081,0.0,3.9699
20,Rest,433.33333333331393,0.0,3.9699
20,Rest,433.43333333331975,0.0,3.97
20,Rest,433.533333333311,0.0,3.97
20,Rest,433.63333333331684,0.0,3.97
20,Rest,433.7333333333081,0.0,3.97
20,Rest,433.83333333331393,0.0,3.97
20,Rest,433.93333333331975,0.0,3.9699
20,Rest,434.033333333311,0.0,3.9699
20,Rest,434.13333333331684,0.0,3.9699
20,Rest,434.2333333333081,0.0,3.97
20,Rest,434.33333333331393,0.0,3.97
20,Rest,434.43333333331975,0.0,3.97
20,Rest,434.533333333311,0.0,3.97
20,Rest,434.63333333331684,0.0,3.97
20,Rest,434.7333333333081,0.0,3.97
20,Rest,434.83333333331393,0.0,3.97
20,Rest,434.93333333331975,0.0,3.97
20,Rest,435.033333333311,0.0,3.97
20,Rest,435.13333333331684,0.0,3.97
20,Rest,435.2333333333081,0.0,3.97
20,Rest,435.33333333331393,0.0,3.97
20,Rest,435.43333333331975,0.0,3.97
20,Rest,435.533333333311,0.0,3.97
20,Rest,435.63333333331684,0.0,3.97
20,Rest,435.7333333333081,0.0,3.97
20,Rest,435.83333333331393,0.0,3.97
20,Rest,435.93333333331975,0.0,3.97
20,Rest,436.033333333311,0.0,3.97
20,Rest,436.13333333331684,0.0,3.97
20,Rest,436.2333333333081,0.0,3.97
20,Rest,436.33333333331393,0.0,3.97
20,Rest,436.43333333331975,0.0,3.97
20,Rest,436.533333333311,0.0,3.97
20,Rest,436.63333333331684,0.0,3.97
20,Rest,436.7333333333081,0.0,3.97
20,Rest,436.83333333331393,0.0,3.97
20,Rest,436.93333333331975,0.0,3.97
20,Rest,437.033333333311,0.0,3.97
20,Rest,437.13333333331684,0.0,3.97
20,Rest,437.2333333333081,0.0,3.97
20,Rest,437.33333333331393,0.0,3.97
20,Rest,437.43333333331975,0.0,3.97
20,Rest,437.533333333311,0.0,3.97
20,Rest,437.63333333331684,0.0,3.97
20,Rest,437.7333333333081,0.0,3.9701
20,Rest,437.83333333331393,0.0,3.97
20,Rest,437.93333333331975,0.0,3.97
20,Rest,438.033333333311,0.0,3.97
20,Rest,438.13333333331684,0.0,3.97
20,Rest,438.2333333333081,0.0,3.97
20,Rest,438.33333333331393,0.0,3.97
20,Rest,438.43333333331975,0.0,3.97
20,Rest,438.533333333311,0.0,3.9701
20,Rest,438.63333333331684,0.0,3.9701
20,Rest,438.7333333333081,0.0,3.9701
20,Rest,438.83333333331393,0.0,3.9701
20,Rest,438.93333333331975,0.0,3.9701
