Step,Step Type,"t,s","I,A","U,V"
13,CC DChg,0.0,-1.6982,3.9539
13,CC DChg,1.8333333333284827,-1.6982,3.9539
13,CC DChg,3.6666666666569654,-1.6985,3.9485
13,CC DChg,5.5,-1.6989,3.9448
13,CC DChg,5.757575757568702,-1.6992,3.9388
13,CC DChg,6.015151515151956,-1.6993,3.9355
13,CC DChg,6.272727272720658,-1.6994,3.9335
13,CC DChg,6.530303030303912,-1.6995,3.9321
13,CC DChg,6.787878787872614,-1.6995,3.9311
13,CC DChg,7.045454545455868,-1.6996,3.9303
13,CC DChg,7.3030303030245705,-1.6996,3.9296
13,CC DChg,7.5606060606078245,-1.6996,3.929
13,CC DChg,7.818181818176527,-1.6996,3.9285
13,CC DChg,8.07575757575978,-1.6997,3.9281
13,CC DChg,8.190082644636277,-1.6997,3.9276
13,CC DChg,8.304407713498222,-1.6997,3.9272
13,CC DChg,8.418732782374718,-1.6997,3.9268
13,CC DChg,8.533057851236663,-1.6997,3.9265
13,CC DChg,8.64738292011316,-1.6997,3.9262
13,CC DChg,8.761707988975104,-1.6997,3.9259
13,CC DChg,8.8760330578516,-1.6997,3.9255
13,CC DChg,8.990358126713545,-1.6997,3.9252
13,CC DChg,9.104683195590042,-1.6998,3.9249
13,CC DChg,9.219008264451986,-1.6998,3.9247
13,CC DChg,9.32031054343679,-1.6998,3.9244
13,CC DChg,9.421612822436146,-1.6998,3.9241
13,CC DChg,9.52291510142095,-1.6998,3.9239
13,CC DChg,9.624217380405753,-1.6998,3.9236
13,CC DChg,9.725519659390557,-1.6998,3.9234
13,CC DChg,9.826821938389912,-1.6998,3.9231
13,CC DChg,9.928124217374716,-1.6998,3.9229
13,CC DChg,10.02942649635952,-1.6998,3.9226
13,CC DChg,10.130728775344323,-1.6998,3.9224
13,CC DChg,10.232031054343679,-1.6998,3.9222
13,CC DChg,10.33214944334759,-1.6998,3.922
13,CC DChg,10.432267832336947,-1.6998,3.9217
13,CC DChg,10.532386221340857,-1.6998,3.9215
13,CC DChg,10.632504610344768,-1.6999,3.9213
13,CC DChg,10.732622999334126,-1.6999,3.9211
13,CC DChg,10.832741388338036,-1.6999,3.9209
13,CC DChg,10.932859777327394,-1.6999,3.9207
13,CC DChg,11.032978166331304,-1.6999,3.9206
13,CC DChg,11.133096555335214,-1.6999,3.9204
13,CC DChg,11.233214944324573,-1.6999,3.9201
13,CC DChg,11.333225706956,-1.6999,3.92
13,CC DChg,11.43323646960198,-1.6999,3.9198
13,CC DChg,11.533247232233407,-1.6999,3.9195
13,CC DChg,11.633257994864834,-1.6999,3.9194
13,CC DChg,11.733268757510814,-1.6999,3.9192
13,CC DChg,11.833279520142241,-1.6999,3.919
13,CC DChg,11.93329028278822,-1.6999,3.9188
13,CC DChg,12.033301045419648,-1.6999,3.9187
13,CC DChg,12.133311808051076,-1.6999,3.9185
13,CC DChg,12.233322570697055,-1.6999,3.9183
13,CC DChg,12.333323549115448,-1.6999,3.9181
13,CC DChg,12.433324527533841,-1.6999,3.9179
13,CC DChg,12.533325505966786,-1.6999,3.9177
13,CC DChg,12.63332648438518,-1.6999,3.9176
13,CC DChg,12.733327462803572,-1.6999,3.9174
13,CC DChg,12.833328441221965,-1.6999,3.9173
13,CC DChg,12.933329419640359,-1.6999,3.9171
13,CC DChg,13.033330398058752,-1.6999,3.9169
13,CC DChg,13.133331376491697,-1.6999,3.9168
13,CC DChg,13.23333235491009,-1.6999,3.9166
13,CC DChg,13.333332443857216,-1.6999,3.9164
13,CC DChg,13.433332532804343,-1.6999,3.9163
13,CC DChg,13.53333262175147,-1.6999,3.9161
13,CC DChg,13.633332710698596,-1.6999,3.916
13,CC DChg,13.733332799645723,-1.6999,3.9158
13,CC DChg,13.83333288859285,-1.6999,3.9157
13,CC DChg,13.933332977539976,-1.6999,3.9155
13,CC DChg,14.033333066487103,-1.6999,3.9154
13,CC DChg,14.13333315543423,-1.6999,3.9152
13,CC DChg,14.233333244381356,-1.6999,3.9151
13,CC DChg,14.33333325246349,-1.6999,3.9149
13,CC DChg,14.433333260560175,-1.6999,3.9148
13,CC DChg,14.53333326864231,-1.6999,3.9146
13,CC DChg,14.633333276724443,-1.6999,3.9145
13,CC DChg,14.733333284806577,-1.6999,3.9143
13,CC DChg,14.833333292903262,-1.6999,3.9142
13,CC DChg,14.933333300985396,-1.6999,3.914
13,CC DChg,15.03333330906753,-1.6999,3.9138
13,CC DChg,15.133333317149663,-1.6999,3.9137
13,CC DChg,15.233333325246349,-1.6999,3.9136
13,CC DChg,15.333333325979766,-1.6999,3.9135
13,CC DChg,15.433333326713182,-1.6999,3.9133
13,CC DChg,15.533333327446599,-1.6999,3.9132
13,CC DChg,15.633333328180015,-1.6999,3.913
13,CC DChg,15.733333328913432,-1.6999,3.9129
13,CC DChg,15.8333333296614,-1.6999,3.9128
13,CC DChg,15.933333330394817,-1.6999,3.9126
13,CC DChg,16.033333331128233,-1.6999,3.9125
13,CC DChg,16.13333333186165,-1.6999,3.9123
13,CC DChg,16.233333332595066,-1.6999,3.9122
13,CC DChg,16.333333332659095,-1.6999,3.912
13,CC DChg,16.433333332723123,-1.6999,3.9119
13,CC DChg,16.533333332801703,-1.6999,3.9118
13,CC DChg,16.633333332865732,-1.6999,3.9117
13,CC DChg,16.73333333292976,-1.6999,3.9115
13,CC DChg,16.83333333299379,-1.6999,3.9114
13,CC DChg,16.933333333057817,-1.6999,3.9113
13,CC DChg,17.033333333121845,-1.6999,3.9111
13,CC DChg,17.133333333200426,-1.6999,3.911
13,CC DChg,17.233333333264454,-1.6999,3.9109
13,CC DChg,17.333333333270275,-1.6999,3.9107
13,CC DChg,17.433333333276096,-1.6999,3.9106
13,CC DChg,17.533333333281917,-1.6999,3.9105
13,CC DChg,17.633333333287737,-1.6999,3.9104
13,CC DChg,17.733333333293558,-1.6999,3.9102
13,CC DChg,17.83333333329938,-1.6999,3.9101
13,CC DChg,17.9333333333052,-1.6999,3.91
13,CC DChg,18.03333333331102,-1.6999,3.9098
13,CC DChg,18.13333333331684,-1.6999,3.9097
13,CC DChg,18.233333333322662,-1.6999,3.9096
13,CC DChg,18.333333333328483,-1.6999,3.9095
13,CC DChg,18.43333333331975,-1.6999,3.9094
13,CC DChg,18.533333333325572,-1.6999,3.9093
13,CC DChg,18.633333333331393,-1.6999,3.9091
13,CC DChg,18.733333333322662,-1.6999,3.909
13,CC DChg,18.833333333328483,-1.6999,3.9089
13,CC DChg,18.93333333331975,-1.6999,3.9087
13,CC DChg,19.033333333325572,-1.6999,3.9086
13,CC DChg,19.133333333331393,-1.6999,3.9085
13,CC DChg,19.233333333322662,-1.6999,3.9084
13,CC DChg,19.333333333328483,-1.6999,3.9083
13,CC DChg,19.43333333331975,-1.6999,3.9082
13,CC DChg,19.533333333325572,-1.6999,3.9081
13,CC DChg,19.633333333331393,-1.6999,3.9079
13,CC DChg,19.733333333322662,-1.6999,3.9078
13,CC DChg,19.833333333328483,-1.6999,3.9077
13,CC DChg,19.93333333331975,-1.6999,3.9076
13,CC DChg,20.033333333325572,-1.6999,3.9074
13,CC DChg,20.133333333331393,-1.6999,3.9073
13,CC DChg,20.233333333322662,-1.6999,3.9072
13,CC DChg,20.333333333328483,-1.6999,3.9071
13,CC DChg,20.43333333331975,-1.6999,3.907
13,CC DChg,20.533333333325572,-1.6999,3.9069
13,CC DChg,20.633333333331393,-1.6999,3.9067
13,CC DChg,20.733333333322662,-1.6999,3.9066
13,CC DChg,20.833333333328483,-1.6999,3.9065
13,CC DChg,20.93333333331975,-1.6999,3.9064
13,CC DChg,21.033333333325572,-1.6999,3.9062
13,CC DChg,21.133333333331393,-1.6999,3.9061
13,CC DChg,21.233333333322662,-1.6999,3.906
13,CC DChg,21.333333333328483,-1.6999,3.9059
13,CC DChg,21.43333333331975,-1.6999,3.9058
13,CC DChg,21.533333333325572,-1.6999,3.9057
13,CC DChg,21.633333333331393,-1.6999,3.9056
13,CC DChg,21.733333333322662,-1.6999,3.9054
13,CC DChg,21.833333333328483,-1.6999,3.9053
13,CC DChg,21.93333333331975,-1.6999,3.9053
13,CC DChg,22.033333333325572,-1.6999,3.9052
13,CC DChg,22.133333333331393,-1.6999,3.9051
13,CC DChg,22.233333333322662,-1.6999,3.9049
13,CC DChg,22.333333333328483,-1.6999,3.9048
13,CC DChg,22.43333333331975,-1.6999,3.9047
13,CC DChg,22.533333333325572,-1.6999,3.9046
13,CC DChg,22.633333333331393,-1.6999,3.9045
13,CC DChg,22.733333333322662,-1.6999,3.9044
13,CC DChg,22.833333333328483,-1.6999,3.9043
13,CC DChg,22.93333333331975,-1.6999,3.9041
13,CC DChg,23.033333333325572,-1.6999,3.9041
13,CC DChg,23.133333333331393,-1.6999,3.9039
13,CC DChg,23.233333333322662,-1.6999,3.9038
13,CC DChg,23.333333333328483,-1.6999,3.9037
13,CC DChg,23.43333333331975,-1.6999,3.9036
13,CC DChg,23.533333333325572,-1.6999,3.9035
13,CC DChg,23.633333333331393,-1.6999,3.9034
13,CC DChg,23.733333333322662,-1.6999,3.9033
13,CC DChg,23.833333333328483,-1.6999,3.9032
13,CC DChg,23.93333333331975,-1.6999,3.9031
13,CC DChg,24.033333333325572,-1.6999,3.903
13,CC DChg,24.133333333331393,-1.6999,3.9029
13,CC DChg,24.233333333322662,-1.6999,3.9027
13,CC DChg,24.333333333328483,-1.6999,3.9026
13,CC DChg,24.43333333331975,-1.6999,3.9025
13,CC DChg,24.533333333325572,-1.6999,3.9024
13,CC DChg,24.633333333331393,-1.6999,3.9023
13,CC DChg,24.733333333322662,-1.6999,3.9022
13,CC DChg,24.833333333328483,-1.6999,3.9021
13,CC DChg,24.93333333331975,-1.6999,3.902
13,CC DChg,25.033333333325572,-1.6999,3.9019
13,CC DChg,25.133333333331393,-1.6999,3.9018
13,CC DChg,25.233333333322662,-1.6999,3.9017
13,CC DChg,25.333333333328483,-1.6999,3.9016
13,CC DChg,25.43333333331975,-1.6999,3.9015
13,CC DChg,25.533333333325572,-1.6999,3.9014
13,CC DChg,25.633333333331393,-1.6999,3.9013
13,CC DChg,25.733333333322662,-1.6999,3.9012
13,CC DChg,25.833333333328483,-1.6999,3.9011
13,CC DChg,25.93333333331975,-1.6999,3.901
13,CC DChg,26.033333333325572,-1.6999,3.9009
13,CC DChg,26.133333333331393,-1.6999,3.9009
13,CC DChg,26.233333333322662,-1.6999,3.9007
13,CC DChg,26.333333333328483,-1.6999,3.9006
13,CC DChg,26.43333333331975,-1.6999,3.9005
13,CC DChg,26.533333333325572,-1.6999,3.9004
13,CC DChg,26.633333333331393,-1.6999,3.9003
13,CC DChg,26.733333333322662,-1.6999,3.9003
13,CC DChg,26.833333333328483,-1.6999,3.9001
13,CC DChg,26.93333333331975,-1.6999,3.9
13,CC DChg,27.033333333325572,-1.6999,3.9
13,CC DChg,27.133333333331393,-1.6999,3.8998
13,CC DChg,27.233333333322662,-1.6999,3.8997
13,CC DChg,27.333333333328483,-1.6999,3.8996
13,CC DChg,27.43333333331975,-1.6999,3.8995
13,CC DChg,27.533333333325572,-1.6999,3.8994
13,CC DChg,27.633333333331393,-1.6999,3.8994
13,CC DChg,27.733333333322662,-1.6999,3.8993
13,CC DChg,27.833333333328483,-1.6999,3.8991
13,CC DChg,27.93333333331975,-1.6999,3.899
13,CC DChg,28.033333333325572,-1.6999,3.8989
13,CC DChg,28.133333333331393,-1.6999,3.8988
13,CC DChg,28.233333333322662,-1.6999,3.8987
13,CC DChg,28.333333333328483,-1.6999,3.8987
13,CC DChg,28.43333333331975,-1.6999,3.8986
13,CC DChg,28.533333333325572,-1.6999,3.8985
13,CC DChg,28.633333333331393,-1.6999,3.8984
13,CC DChg,28.733333333322662,-1.6999,3.8982
13,CC DChg,28.833333333328483,-1.6999,3.8982
13,CC DChg,28.93333333331975,-1.6999,3.8981
13,CC DChg,29.033333333325572,-1.6999,3.898
13,CC DChg,29.133333333331393,-1.6999,3.8979
13,CC DChg,29.233333333322662,-1.6999,3.8978
13,CC DChg,29.333333333328483,-1.6999,3.8977
13,CC DChg,29.43333333331975,-1.6999,3.8976
13,CC DChg,29.533333333325572,-1.6999,3.8975
13,CC DChg,29.633333333331393,-1.6999,3.8975
13,CC DChg,29.733333333322662,-1.6999,3.8973
13,CC DChg,29.833333333328483,-1.6999,3.8972
13,CC DChg,29.93333333331975,-1.6999,3.8972
13,CC DChg,30.033333333325572,-1.6999,3.8971
13,CC DChg,30.133333333331393,-1.6999,3.897
13,CC DChg,30.233333333322662,-1.6999,3.8969
13,CC DChg,30.333333333328483,-1.6999,3.8967
13,CC DChg,30.43333333331975,-1.6999,3.8967
13,CC DChg,30.533333333325572,-1.6999,3.8966
13,CC DChg,30.633333333331393,-1.6999,3.8965
13,CC DChg,30.733333333322662,-1.6999,3.8964
13,CC DChg,30.833333333328483,-1.6999,3.8963
13,CC DChg,30.93333333331975,-1.6999,3.8963
13,CC DChg,31.033333333325572,-1.6999,3.8962
13,CC DChg,31.133333333331393,-1.6999,3.8961
13,CC DChg,31.233333333322662,-1.6999,3.896
13,CC DChg,31.333333333328483,-1.6999,3.8959
13,CC DChg,31.43333333331975,-1.6999,3.8958
13,CC DChg,31.533333333325572,-1.6999,3.8957
13,CC DChg,31.633333333331393,-1.6999,3.8956
13,CC DChg,31.733333333322662,-1.6999,3.8955
13,CC DChg,31.833333333328483,-1.6999,3.8954
13,CC DChg,31.93333333331975,-1.6999,3.8953
13,CC DChg,32.03333333332557,-1.6999,3.8952
13,CC DChg,32.13333333333139,-1.6999,3.8952
13,CC DChg,32.23333333332266,-1.6999,3.8951
13,CC DChg,32.33333333332848,-1.6999,3.895
13,CC DChg,32.43333333331975,-1.6999,3.8949
13,CC DChg,32.53333333332557,-1.6999,3.8948
13,CC DChg,32.63333333333139,-1.6999,3.8947
13,CC DChg,32.73333333332266,-1.6999,3.8946
13,CC DChg,32.83333333332848,-1.6999,3.8945
13,CC DChg,32.93333333331975,-1.6999,3.8944
13,CC DChg,33.03333333332557,-1.6999,3.8944
13,CC DChg,33.13333333333139,-1.6999,3.8943
13,CC DChg,33.23333333332266,-1.6999,3.8942
13,CC DChg,33.33333333332848,-1.6999,3.8941
13,CC DChg,33.43333333331975,-1.6999,3.8941
13,CC DChg,33.53333333332557,-1.6999,3.894
13,CC DChg,33.63333333333139,-1.6999,3.8939
13,CC DChg,33.73333333332266,-1.7,3.8938
13,CC DChg,33.83333333332848,-1.7,3.8937
13,CC DChg,33.93333333331975,-1.7,3.8936
13,CC DChg,34.03333333332557,-1.7,3.8935
13,CC DChg,34.13333333333139,-1.7,3.8934
13,CC DChg,34.23333333332266,-1.7,3.8933
13,CC DChg,34.33333333332848,-1.7,3.8933
13,CC DChg,34.43333333331975,-1.7,3.8932
13,CC DChg,34.53333333332557,-1.7,3.8931
13,CC DChg,34.63333333333139,-1.7,3.893
13,CC DChg,34.73333333332266,-1.7,3.8929
13,CC DChg,34.83333333332848,-1.7,3.8928
13,CC DChg,34.93333333331975,-1.7,3.8928
13,CC DChg,35.03333333332557,-1.7,3.8927
13,CC DChg,35.13333333333139,-1.7,3.8926
13,CC DChg,35.23333333332266,-1.7,3.8925
13,CC DChg,35.33333333332848,-1.7,3.8925
13,CC DChg,35.43333333331975,-1.7,3.8923
13,CC DChg,35.53333333332557,-1.7,3.8923
13,CC DChg,35.63333333333139,-1.7,3.8922
13,CC DChg,35.73333333332266,-1.7,3.8921
13,CC DChg,35.83333333332848,-1.7,3.892
13,CC DChg,35.93333333331975,-1.7,3.8919
13,CC DChg,36.03333333332557,-1.7,3.8918
13,CC DChg,36.13333333333139,-1.7,3.8918
13,CC DChg,36.23333333332266,-1.7,3.8917
13,CC DChg,36.33333333332848,-1.7,3.8916
13,CC DChg,36.43333333331975,-1.7,3.8915
13,CC DChg,36.53333333332557,-1.7,3.8915
13,CC DChg,36.63333333333139,-1.7,3.8914
13,CC DChg,36.73333333332266,-1.7,3.8913
13,CC DChg,36.83333333332848,-1.7,3.8912
13,CC DChg,36.93333333331975,-1.7,3.8911
13,CC DChg,37.03333333332557,-1.7,3.891
13,CC DChg,37.13333333333139,-1.7,3.8909
13,CC DChg,37.23333333332266,-1.7,3.8909
13,CC DChg,37.33333333332848,-1.7,3.8908
13,CC DChg,37.43333333331975,-1.7,3.8907
13,CC DChg,37.53333333332557,-1.7,3.8906
13,CC DChg,37.63333333333139,-1.7,3.8905
13,CC DChg,37.73333333332266,-1.7,3.8905
13,CC DChg,37.83333333332848,-1.7,3.8904
13,CC DChg,37.93333333331975,-1.7,3.8903
13,CC DChg,38.03333333332557,-1.7,3.8903
13,CC DChg,38.13333333333139,-1.7,3.8901
13,CC DChg,38.23333333332266,-1.7,3.8901
13,CC DChg,38.33333333332848,-1.7,3.89
13,CC DChg,38.43333333331975,-1.7,3.8899
13,CC DChg,38.53333333332557,-1.7,3.8898
13,CC DChg,38.63333333333139,-1.7,3.8898
13,CC DChg,38.73333333332266,-1.7,3.8897
13,CC DChg,38.83333333332848,-1.7,3.8896
13,CC DChg,38.93333333331975,-1.7,3.8895
13,CC DChg,39.03333333332557,-1.7,3.8894
13,CC DChg,39.13333333333139,-1.7,3.8894
13,CC DChg,39.23333333332266,-1.7,3.8893
13,CC DChg,39.33333333332848,-1.7,3.8892
13,CC DChg,39.43333333331975,-1.7,3.8892
13,CC DChg,39.53333333332557,-1.7,3.8891
13,CC DChg,39.63333333333139,-1.7,3.889
13,CC DChg,39.73333333332266,-1.7,3.8889
13,CC DChg,39.83333333332848,-1.7,3.8889
13,CC DChg,39.93333333331975,-1.7,3.8888
13,CC DChg,40.03333333332557,-1.7,3.8887
13,CC DChg,40.13333333333139,-1.7,3.8886
13,CC DChg,40.23333333332266,-1.7,3.8886
13,CC DChg,40.33333333332848,-1.7,3.8885
13,CC DChg,40.43333333331975,-1.7,3.8884
13,CC DChg,40.53333333332557,-1.7,3.8883
13,CC DChg,40.63333333333139,-1.7,3.8883
13,CC DChg,40.73333333332266,-1.7,3.8882
13,CC DChg,40.83333333332848,-1.7,3.8881
13,CC DChg,40.93333333331975,-1.7,3.888
13,CC DChg,41.03333333332557,-1.7,3.888
13,CC DChg,41.13333333333139,-1.7,3.8879
13,CC DChg,41.23333333332266,-1.7,3.8878
13,CC DChg,41.33333333332848,-1.7,3.8877
13,CC DChg,41.43333333331975,-1.7,3.8877
13,CC DChg,41.53333333332557,-1.7,3.8876
13,CC DChg,41.63333333333139,-1.7,3.8875
13,CC DChg,41.73333333332266,-1.7,3.8874
13,CC DChg,41.83333333332848,-1.7,3.8874
13,CC DChg,41.93333333331975,-1.7,3.8873
13,CC DChg,42.03333333332557,-1.7,3.8872
13,CC DChg,42.13333333333139,-1.7,3.8871
13,CC DChg,42.23333333332266,-1.7,3.8871
13,CC DChg,42.33333333332848,-1.7,3.887
13,CC DChg,42.43333333331975,-1.7,3.8869
13,CC DChg,42.53333333332557,-1.7,3.8869
13,CC DChg,42.63333333333139,-1.7,3.8868
13,CC DChg,42.73333333332266,-1.7,3.8867
13,CC DChg,42.83333333332848,-1.7,3.8866
13,CC DChg,42.93333333331975,-1.7,3.8866
13,CC DChg,43.03333333332557,-1.7,3.8865
13,CC DChg,43.13333333333139,-1.7,3.8864
13,CC DChg,43.23333333332266,-1.7,3.8863
13,CC DChg,43.33333333332848,-1.7,3.8863
13,CC DChg,43.43333333331975,-1.7,3.8862
13,CC DChg,43.53333333332557,-1.7,3.8861
13,CC DChg,43.63333333333139,-1.7,3.8861
13,CC DChg,43.73333333332266,-1.7,3.886
13,CC DChg,43.83333333332848,-1.7,3.8859
13,CC DChg,43.93333333331975,-1.7,3.8858
13,CC DChg,44.03333333332557,-1.7,3.8858
13,CC DChg,44.13333333333139,-1.7,3.8857
13,CC DChg,44.23333333332266,-1.7,3.8857
13,CC DChg,44.33333333332848,-1.7,3.8856
13,CC DChg,44.43333333331975,-1.7,3.8855
13,CC DChg,44.53333333332557,-1.7,3.8854
13,CC DChg,44.63333333333139,-1.7,3.8854
13,CC DChg,44.73333333332266,-1.7,3.8853
13,CC DChg,44.83333333332848,-1.7,3.8852
13,CC DChg,44.93333333331975,-1.7,3.8852
13,CC DChg,45.03333333332557,-1.7,3.8851
13,CC DChg,45.13333333333139,-1.7,3.885
13,CC DChg,45.23333333332266,-1.7,3.885
13,CC DChg,45.33333333332848,-1.7,3.8849
13,CC DChg,45.43333333331975,-1.7,3.8848
13,CC DChg,45.53333333332557,-1.7,3.8847
13,CC DChg,45.63333333333139,-1.7,3.8846
13,CC DChg,45.73333333332266,-1.7,3.8846
13,CC DChg,45.83333333332848,-1.7,3.8845
13,CC DChg,45.93333333331975,-1.6999,3.8845
13,CC DChg,46.03333333332557,-1.6999,3.8844
13,CC DChg,46.13333333333139,-1.6999,3.8843
13,CC DChg,46.23333333332266,-1.6999,3.8843
13,CC DChg,46.33333333332848,-1.6999,3.8842
13,CC DChg,46.43333333331975,-1.6999,3.8841
13,CC DChg,46.53333333332557,-1.6999,3.884
13,CC DChg,46.63333333333139,-1.6999,3.884
13,CC DChg,46.73333333332266,-1.6999,3.8839
13,CC DChg,46.83333333332848,-1.6999,3.8838
13,CC DChg,46.93333333331975,-1.6999,3.8838
13,CC DChg,47.03333333332557,-1.6999,3.8837
13,CC DChg,47.13333333333139,-1.6999,3.8836
13,CC DChg,47.23333333332266,-1.6999,3.8836
13,CC DChg,47.33333333332848,-1.6999,3.8835
13,CC DChg,47.43333333331975,-1.6999,3.8835
13,CC DChg,47.53333333332557,-1.6999,3.8834
13,CC DChg,47.63333333333139,-1.6999,3.8833
13,CC DChg,47.73333333332266,-1.6999,3.8832
13,CC DChg,47.83333333332848,-1.6999,3.8832
13,CC DChg,47.93333333331975,-1.6999,3.8831
13,CC DChg,48.03333333332557,-1.6999,3.883
13,CC DChg,48.13333333333139,-1.6999,3.8829
13,CC DChg,48.23333333332266,-1.6999,3.8829
13,CC DChg,48.33333333332848,-1.6999,3.8828
13,CC DChg,48.43333333331975,-1.6999,3.8827
13,CC DChg,48.53333333332557,-1.6999,3.8827
13,CC DChg,48.63333333333139,-1.6999,3.8826
13,CC DChg,48.73333333332266,-1.6999,3.8826
13,CC DChg,48.83333333332848,-1.6999,3.8825
13,CC DChg,48.93333333331975,-1.6999,3.8824
13,CC DChg,49.03333333332557,-1.6999,3.8824
13,CC DChg,49.13333333333139,-1.6999,3.8823
13,CC DChg,49.23333333332266,-1.6999,3.8823
13,CC DChg,49.33333333332848,-1.6999,3.8822
13,CC DChg,49.43333333331975,-1.6999,3.8821
13,CC DChg,49.53333333332557,-1.6999,3.8821
13,CC DChg,49.63333333333139,-1.6999,3.882
13,CC DChg,49.73333333332266,-1.6999,3.8819
13,CC DChg,49.83333333332848,-1.6999,3.8818
13,CC DChg,49.93333333331975,-1.6999,3.8818
13,CC DChg,50.03333333332557,-1.6999,3.8817
13,CC DChg,50.13333333333139,-1.6999,3.8816
13,CC DChg,50.23333333332266,-1.6999,3.8816
13,CC DChg,50.33333333332848,-1.6999,3.8815
13,CC DChg,50.43333333331975,-1.6999,3.8815
13,CC DChg,50.53333333332557,-1.6999,3.8814
13,CC DChg,50.63333333333139,-1.6999,3.8813
13,CC DChg,50.73333333332266,-1.6999,3.8813
13,CC DChg,50.83333333332848,-1.6999,3.8812
13,CC DChg,50.93333333331975,-1.6999,3.8811
13,CC DChg,51.03333333332557,-1.6999,3.8811
13,CC DChg,51.13333333333139,-1.6999,3.881
13,CC DChg,51.23333333332266,-1.6999,3.8809
13,CC DChg,51.33333333332848,-1.6999,3.8809
13,CC DChg,51.43333333331975,-1.6999,3.8808
13,CC DChg,51.53333333332557,-1.6999,3.8807
13,CC DChg,51.63333333333139,-1.6999,3.8807
13,CC DChg,51.73333333332266,-1.6999,3.8806
13,CC DChg,51.83333333332848,-1.6999,3.8806
13,CC DChg,51.93333333331975,-1.6999,3.8805
13,CC DChg,52.03333333332557,-1.6999,3.8805
13,CC DChg,52.13333333333139,-1.6999,3.8804
13,CC DChg,52.23333333332266,-1.6999,3.8803
13,CC DChg,52.33333333332848,-1.6999,3.8803
13,CC DChg,52.43333333331975,-1.6999,3.8802
13,CC DChg,52.53333333332557,-1.6999,3.8802
13,CC DChg,52.63333333333139,-1.6999,3.8801
13,CC DChg,52.73333333332266,-1.6999,3.88
13,CC DChg,52.83333333332848,-1.6999,3.8799
13,CC DChg,52.93333333331975,-1.6999,3.8799
13,CC DChg,53.03333333332557,-1.6999,3.8798
13,CC DChg,53.13333333333139,-1.6999,3.8798
13,CC DChg,53.23333333332266,-1.6999,3.8797
13,CC DChg,53.33333333332848,-1.6999,3.8797
13,CC DChg,53.43333333331975,-1.6999,3.8796
13,CC DChg,53.53333333332557,-1.6999,3.8795
13,CC DChg,53.63333333333139,-1.6999,3.8795
13,CC DChg,53.73333333332266,-1.6999,3.8794
13,CC DChg,53.83333333332848,-1.6999,3.8793
13,CC DChg,53.93333333331975,-1.6999,3.8793
13,CC DChg,54.03333333332557,-1.6999,3.8793
13,CC DChg,54.13333333333139,-1.6999,3.8792
13,CC DChg,54.23333333332266,-1.6999,3.8791
13,CC DChg,54.33333333332848,-1.6999,3.879
13,CC DChg,54.43333333331975,-1.6999,3.879
13,CC DChg,54.53333333332557,-1.6999,3.8789
13,CC DChg,54.63333333333139,-1.6999,3.8789
13,CC DChg,54.73333333332266,-1.6999,3.8788
13,CC DChg,54.83333333332848,-1.6999,3.8788
13,CC DChg,54.93333333331975,-1.6999,3.8787
13,CC DChg,55.03333333332557,-1.6999,3.8786
13,CC DChg,55.13333333333139,-1.6999,3.8786
13,CC DChg,55.23333333332266,-1.6999,3.8785
13,CC DChg,55.33333333332848,-1.6999,3.8785
13,CC DChg,55.43333333331975,-1.6999,3.8784
13,CC DChg,55.53333333332557,-1.6999,3.8784
13,CC DChg,55.63333333333139,-1.6999,3.8783
13,CC DChg,55.73333333332266,-1.6999,3.8782
13,CC DChg,55.83333333332848,-1.6999,3.8782
13,CC DChg,55.93333333331975,-1.6999,3.8781
13,CC DChg,56.03333333332557,-1.6999,3.8781
13,CC DChg,56.13333333333139,-1.6999,3.878
13,CC DChg,56.23333333332266,-1.6999,3.878
13,CC DChg,56.33333333332848,-1.6999,3.8779
13,CC DChg,56.43333333331975,-1.6999,3.8778
13,CC DChg,56.53333333332557,-1.6999,3.8778
13,CC DChg,56.63333333333139,-1.6999,3.8777
13,CC DChg,56.73333333332266,-1.6999,3.8777
13,CC DChg,56.83333333332848,-1.6999,3.8776
13,CC DChg,56.93333333331975,-1.6999,3.8775
13,CC DChg,57.03333333332557,-1.6999,3.8775
13,CC DChg,57.13333333333139,-1.6999,3.8774
13,CC DChg,57.23333333332266,-1.6999,3.8774
13,CC DChg,57.33333333332848,-1.6999,3.8774
13,CC DChg,57.43333333331975,-1.6999,3.8773
13,CC DChg,57.53333333332557,-1.6999,3.8772
13,CC DChg,57.63333333333139,-1.6999,3.8772
13,CC DChg,57.73333333332266,-1.6999,3.8771
13,CC DChg,57.83333333332848,-1.6999,3.8771
13,CC DChg,57.93333333331975,-1.6999,3.877
13,CC DChg,58.03333333332557,-1.6999,3.877
13,CC DChg,58.13333333333139,-1.6999,3.8769
13,CC DChg,58.23333333332266,-1.6999,3.8768
13,CC DChg,58.33333333332848,-1.6999,3.8768
13,CC DChg,58.43333333331975,-1.6999,3.8767
13,CC DChg,58.53333333332557,-1.6999,3.8767
13,CC DChg,58.63333333333139,-1.6999,3.8766
13,CC DChg,58.73333333332266,-1.6999,3.8765
13,CC DChg,58.83333333332848,-1.6999,3.8765
13,CC DChg,58.93333333331975,-1.6999,3.8764
13,CC DChg,59.03333333332557,-1.6999,3.8764
13,CC DChg,59.13333333333139,-1.6999,3.8763
13,CC DChg,59.23333333332266,-1.6999,3.8762
13,CC DChg,59.33333333332848,-1.6999,3.8762
13,CC DChg,59.43333333331975,-1.6999,3.8761
13,CC DChg,59.53333333332557,-1.6999,3.8761
13,CC DChg,59.63333333333139,-1.6999,3.876
13,CC DChg,59.73333333332266,-1.6999,3.876
13,CC DChg,59.83333333332848,-1.6999,3.8759
13,CC DChg,59.93333333331975,-1.6999,3.8759
13,CC DChg,60.03333333332557,-1.6999,3.8758
13,CC DChg,60.13333333333139,-1.6999,3.8757
13,CC DChg,60.23333333332266,-1.6999,3.8757
13,CC DChg,60.33333333332848,-1.6999,3.8757
13,CC DChg,60.43333333331975,-1.6999,3.8756
13,CC DChg,60.53333333332557,-1.6999,3.8755
13,CC DChg,60.63333333333139,-1.6999,3.8755
13,CC DChg,60.73333333332266,-1.6999,3.8754
13,CC DChg,60.83333333332848,-1.6999,3.8754
13,CC DChg,60.93333333331975,-1.6999,3.8754
13,CC DChg,61.03333333332557,-1.6999,3.8753
13,CC DChg,61.13333333333139,-1.6999,3.8753
13,CC DChg,61.23333333332266,-1.6999,3.8752
13,CC DChg,61.33333333332848,-1.6999,3.8751
13,CC DChg,61.43333333331975,-1.6999,3.8751
13,CC DChg,61.53333333332557,-1.6999,3.875
13,CC DChg,61.63333333333139,-1.6999,3.8749
13,CC DChg,61.73333333332266,-1.6999,3.8749
13,CC DChg,61.83333333332848,-1.6999,3.8749
13,CC DChg,61.93333333331975,-1.6999,3.8748
13,CC DChg,62.03333333332557,-1.6999,3.8747
13,CC DChg,62.13333333333139,-1.6999,3.8747
13,CC DChg,62.23333333332266,-1.6999,3.8746
13,CC DChg,62.33333333332848,-1.6999,3.8746
13,CC DChg,62.43333333331975,-1.6999,3.8745
13,CC DChg,62.53333333332557,-1.6999,3.8745
13,CC DChg,62.63333333333139,-1.6999,3.8745
13,CC DChg,62.73333333332266,-1.6999,3.8744
13,CC DChg,62.83333333332848,-1.6999,3.8743
13,CC DChg,62.93333333331975,-1.6999,3.8743
13,CC DChg,63.03333333332557,-1.6999,3.8742
13,CC DChg,63.13333333333139,-1.6999,3.8742
13,CC DChg,63.23333333332266,-1.6999,3.8741
13,CC DChg,63.33333333332848,-1.6999,3.8741
13,CC DChg,63.43333333331975,-1.6999,3.874
13,CC DChg,63.53333333332557,-1.6999,3.874
13,CC DChg,63.63333333333139,-1.6999,3.8739
13,CC DChg,63.73333333332266,-1.6999,3.8739
13,CC DChg,63.83333333332848,-1.6999,3.8738
13,CC DChg,63.93333333331975,-1.6999,3.8738
13,CC DChg,64.03333333332557,-1.6999,3.8737
13,CC DChg,64.1333333333314,-1.6999,3.8737
13,CC DChg,64.23333333332266,-1.6999,3.8736
13,CC DChg,64.33333333332848,-1.6999,3.8736
13,CC DChg,64.43333333331975,-1.6999,3.8735
13,CC DChg,64.53333333332557,-1.6999,3.8735
13,CC DChg,64.6333333333314,-1.6999,3.8734
13,CC DChg,64.73333333332266,-1.6999,3.8734
13,CC DChg,64.83333333332848,-1.6999,3.8733
13,CC DChg,64.93333333331975,-1.6999,3.8733
13,CC DChg,65.03333333332557,-1.6999,3.8732
13,CC DChg,65.1333333333314,-1.6999,3.8731
13,CC DChg,65.23333333332266,-1.6999,3.8731
13,CC DChg,65.33333333332848,-1.6999,3.873
13,CC DChg,65.43333333331975,-1.6999,3.873
13,CC DChg,65.53333333332557,-1.6999,3.873
13,CC DChg,65.6333333333314,-1.6999,3.8729
13,CC DChg,65.73333333332266,-1.6999,3.8728
13,CC DChg,65.83333333332848,-1.6999,3.8728
13,CC DChg,65.93333333331975,-1.6999,3.8727
13,CC DChg,66.03333333332557,-1.6999,3.8727
13,CC DChg,66.1333333333314,-1.6999,3.8727
13,CC DChg,66.23333333332266,-1.6999,3.8726
13,CC DChg,66.33333333332848,-1.6999,3.8726
13,CC DChg,66.43333333331975,-1.6999,3.8725
13,CC DChg,66.53333333332557,-1.6999,3.8725
13,CC DChg,66.6333333333314,-1.6999,3.8724
13,CC DChg,66.73333333332266,-1.6999,3.8723
13,CC DChg,66.83333333332848,-1.6999,3.8723
13,CC DChg,66.93333333331975,-1.6999,3.8723
13,CC DChg,67.03333333332557,-1.6999,3.8722
13,CC DChg,67.1333333333314,-1.6999,3.8722
13,CC DChg,67.23333333332266,-1.6999,3.8721
13,CC DChg,67.33333333332848,-1.6999,3.872
13,CC DChg,67.43333333331975,-1.6999,3.872
13,CC DChg,67.53333333332557,-1.6999,3.872
13,CC DChg,67.6333333333314,-1.6998,3.8719
13,CC DChg,67.73333333332266,-1.6998,3.8719
13,CC DChg,67.83333333332848,-1.6998,3.8718
13,CC DChg,67.93333333331975,-1.6998,3.8718
13,CC DChg,68.03333333332557,-1.6998,3.8717
13,CC DChg,68.1333333333314,-1.6998,3.8717
13,CC DChg,68.23333333332266,-1.6998,3.8716
13,CC DChg,68.33333333332848,-1.6998,3.8716
13,CC DChg,68.43333333331975,-1.6998,3.8715
13,CC DChg,68.53333333332557,-1.6998,3.8714
13,CC DChg,68.6333333333314,-1.6998,3.8714
13,CC DChg,68.73333333332266,-1.6998,3.8714
13,CC DChg,68.83333333332848,-1.6998,3.8714
13,CC DChg,68.93333333331975,-1.6998,3.8713
13,CC DChg,69.03333333332557,-1.6998,3.8712
13,CC DChg,69.1333333333314,-1.6998,3.8712
13,CC DChg,69.23333333332266,-1.6998,3.8711
13,CC DChg,69.33333333332848,-1.6998,3.8711
13,CC DChg,69.43333333331975,-1.6998,3.871
13,CC DChg,69.53333333332557,-1.6998,3.871
13,CC DChg,69.6333333333314,-1.6998,3.871
13,CC DChg,69.73333333332266,-1.6998,3.8709
13,CC DChg,69.83333333332848,-1.6998,3.8709
13,CC DChg,69.93333333331975,-1.6998,3.8708
13,CC DChg,70.03333333332557,-1.6998,3.8708
13,CC DChg,70.1333333333314,-1.6998,3.8707
13,CC DChg,70.23333333332266,-1.6998,3.8706
13,CC DChg,70.33333333332848,-1.6998,3.8706
13,CC DChg,70.43333333331975,-1.6998,3.8706
13,CC DChg,70.53333333332557,-1.6998,3.8705
13,CC DChg,70.6333333333314,-1.6998,3.8705
13,CC DChg,70.73333333332266,-1.6998,3.8704
13,CC DChg,70.83333333332848,-1.6998,3.8704
13,CC DChg,70.93333333331975,-1.6998,3.8704
13,CC DChg,71.03333333332557,-1.6998,3.8703
13,CC DChg,71.1333333333314,-1.6998,3.8702
13,CC DChg,71.23333333332266,-1.6998,3.8702
13,CC DChg,71.33333333332848,-1.6998,3.8701
13,CC DChg,71.43333333331975,-1.6998,3.8701
13,CC DChg,71.53333333332557,-1.6998,3.87
13,CC DChg,71.6333333333314,-1.6998,3.87
13,CC DChg,71.73333333332266,-1.6998,3.8699
13,CC DChg,71.83333333332848,-1.6998,3.8699
13,CC DChg,71.93333333331975,-1.6998,3.8699
13,CC DChg,72.03333333332557,-1.6998,3.8698
13,CC DChg,72.1333333333314,-1.6998,3.8697
13,CC DChg,72.23333333332266,-1.6998,3.8697
13,CC DChg,72.33333333332848,-1.6998,3.8697
13,CC DChg,72.43333333331975,-1.6998,3.8696
13,CC DChg,72.53333333332557,-1.6998,3.8695
13,CC DChg,72.6333333333314,-1.6998,3.8695
13,CC DChg,72.73333333332266,-1.6998,3.8695
13,CC DChg,72.83333333332848,-1.6998,3.8694
13,CC DChg,72.93333333331975,-1.6998,3.8694
13,CC DChg,73.03333333332557,-1.6998,3.8693
13,CC DChg,73.1333333333314,-1.6998,3.8693
13,CC DChg,73.23333333332266,-1.6998,3.8692
13,CC DChg,73.33333333332848,-1.6998,3.8692
13,CC DChg,73.43333333331975,-1.6998,3.8692
13,CC DChg,73.53333333332557,-1.6998,3.8691
13,CC DChg,73.6333333333314,-1.6998,3.869
13,CC DChg,73.73333333332266,-1.6998,3.869
13,CC DChg,73.83333333332848,-1.6998,3.869
13,CC DChg,73.93333333331975,-1.6998,3.8689
13,CC DChg,74.03333333332557,-1.6998,3.8689
13,CC DChg,74.1333333333314,-1.6998,3.8688
13,CC DChg,74.23333333332266,-1.6998,3.8688
13,CC DChg,74.33333333332848,-1.6998,3.8687
13,CC DChg,74.43333333331975,-1.6998,3.8687
13,CC DChg,74.53333333332557,-1.6998,3.8687
13,CC DChg,74.6333333333314,-1.6998,3.8686
13,CC DChg,74.73333333332266,-1.6998,3.8685
13,CC DChg,74.83333333332848,-1.6998,3.8685
13,CC DChg,74.93333333331975,-1.6998,3.8685
13,CC DChg,75.03333333332557,-1.6998,3.8684
13,CC DChg,75.1333333333314,-1.6998,3.8684
13,CC DChg,75.23333333332266,-1.6998,3.8684
13,CC DChg,75.33333333332848,-1.6998,3.8683
13,CC DChg,75.43333333331975,-1.6998,3.8682
13,CC DChg,75.53333333332557,-1.6998,3.8682
13,CC DChg,75.6333333333314,-1.6998,3.8682
13,CC DChg,75.73333333332266,-1.6998,3.8681
13,CC DChg,75.83333333332848,-1.6998,3.8681
13,CC DChg,75.93333333331975,-1.6998,3.8681
13,CC DChg,76.03333333332557,-1.6998,3.868
13,CC DChg,76.1333333333314,-1.6998,3.868
13,CC DChg,76.23333333332266,-1.6998,3.8679
13,CC DChg,76.33333333332848,-1.6998,3.8679
13,CC DChg,76.43333333331975,-1.6998,3.8678
13,CC DChg,76.53333333332557,-1.6998,3.8678
13,CC DChg,76.6333333333314,-1.6999,3.8677
13,CC DChg,76.73333333332266,-1.6999,3.8677
13,CC DChg,76.83333333332848,-1.6999,3.8677
13,CC DChg,76.93333333331975,-1.6999,3.8676
13,CC DChg,77.03333333332557,-1.6999,3.8676
13,CC DChg,77.1333333333314,-1.6999,3.8675
13,CC DChg,77.23333333332266,-1.6999,3.8675
13,CC DChg,77.33333333332848,-1.6999,3.8674
13,CC DChg,77.43333333331975,-1.6999,3.8674
13,CC DChg,77.53333333332557,-1.6999,3.8674
13,CC DChg,77.6333333333314,-1.6999,3.8673
13,CC DChg,77.73333333332266,-1.6999,3.8673
13,CC DChg,77.83333333332848,-1.6999,3.8673
13,CC DChg,77.93333333331975,-1.6999,3.8672
13,CC DChg,78.03333333332557,-1.6999,3.8671
13,CC DChg,78.1333333333314,-1.6999,3.8671
13,CC DChg,78.23333333332266,-1.6999,3.867
13,CC DChg,78.33333333332848,-1.6999,3.867
13,CC DChg,78.43333333331975,-1.6999,3.8669
13,CC DChg,78.53333333332557,-1.6999,3.8669
13,CC DChg,78.6333333333314,-1.6999,3.8669
13,CC DChg,78.73333333332266,-1.6999,3.8668
13,CC DChg,78.83333333332848,-1.6999,3.8668
13,CC DChg,78.93333333331975,-1.6999,3.8668
13,CC DChg,79.03333333332557,-1.6999,3.8667
13,CC DChg,79.1333333333314,-1.6999,3.8667
13,CC DChg,79.23333333332266,-1.6999,3.8666
13,CC DChg,79.33333333332848,-1.6999,3.8666
13,CC DChg,79.43333333331975,-1.6999,3.8666
13,CC DChg,79.53333333332557,-1.6999,3.8665
13,CC DChg,79.6333333333314,-1.6999,3.8665
13,CC DChg,79.73333333332266,-1.6999,3.8664
13,CC DChg,79.83333333332848,-1.6999,3.8664
13,CC DChg,79.93333333331975,-1.6999,3.8664
13,CC DChg,80.03333333332557,-1.6999,3.8663
13,CC DChg,80.1333333333314,-1.6999,3.8663
13,CC DChg,80.23333333332266,-1.6999,3.8662
13,CC DChg,80.33333333332848,-1.6999,3.8662
13,CC DChg,80.43333333331975,-1.6999,3.8662
13,CC DChg,80.53333333332557,-1.6999,3.8661
13,CC DChg,80.6333333333314,-1.6999,3.8661
13,CC DChg,80.73333333332266,-1.6999,3.866
13,CC DChg,80.83333333332848,-1.6999,3.866
13,CC DChg,80.93333333331975,-1.6999,3.866
13,CC DChg,81.03333333332557,-1.6999,3.8659
13,CC DChg,81.1333333333314,-1.6999,3.8659
13,CC DChg,81.23333333332266,-1.6999,3.8658
13,CC DChg,81.33333333332848,-1.6999,3.8658
13,CC DChg,81.43333333331975,-1.6999,3.8657
13,CC DChg,81.53333333332557,-1.6999,3.8657
13,CC DChg,81.6333333333314,-1.6999,3.8657
13,CC DChg,81.73333333332266,-1.6999,3.8656
13,CC DChg,81.83333333332848,-1.6999,3.8656
13,CC DChg,81.93333333331975,-1.6999,3.8656
13,CC DChg,82.03333333332557,-1.6999,3.8655
13,CC DChg,82.1333333333314,-1.6999,3.8655
13,CC DChg,82.23333333332266,-1.6999,3.8654
13,CC DChg,82.33333333332848,-1.6999,3.8654
13,CC DChg,82.43333333331975,-1.6999,3.8654
13,CC DChg,82.53333333332557,-1.6999,3.8653
13,CC DChg,82.6333333333314,-1.6999,3.8653
13,CC DChg,82.73333333332266,-1.6999,3.8652
13,CC DChg,82.83333333332848,-1.6999,3.8652
13,CC DChg,82.93333333331975,-1.7,3.8652
13,CC DChg,83.03333333332557,-1.7,3.8651
13,CC DChg,83.1333333333314,-1.7,3.8651
13,CC DChg,83.23333333332266,-1.7,3.865
13,CC DChg,83.33333333332848,-1.7,3.865
13,CC DChg,83.43333333331975,-1.7,3.8649
13,CC DChg,83.53333333332557,-1.7,3.8649
13,CC DChg,83.6333333333314,-1.7,3.8649
13,CC DChg,83.73333333332266,-1.7,3.8648
13,CC DChg,83.83333333332848,-1.7,3.8648
13,CC DChg,83.93333333331975,-1.7,3.8648
13,CC DChg,84.03333333332557,-1.7,3.8647
13,CC DChg,84.1333333333314,-1.7,3.8646
13,CC DChg,84.23333333332266,-1.7,3.8646
13,CC DChg,84.33333333332848,-1.7,3.8646
13,CC DChg,84.43333333331975,-1.7,3.8645
13,CC DChg,84.53333333332557,-1.7,3.8645
13,CC DChg,84.6333333333314,-1.7,3.8645
13,CC DChg,84.73333333332266,-1.7,3.8644
13,CC DChg,84.83333333332848,-1.7,3.8644
13,CC DChg,84.93333333331975,-1.7,3.8644
13,CC DChg,85.03333333332557,-1.7,3.8643
13,CC DChg,85.1333333333314,-1.7,3.8643
13,CC DChg,85.23333333332266,-1.7,3.8643
13,CC DChg,85.33333333332848,-1.7,3.8642
13,CC DChg,85.43333333331975,-1.7,3.8642
13,CC DChg,85.53333333332557,-1.7,3.8641
13,CC DChg,85.6333333333314,-1.7,3.8641
13,CC DChg,85.73333333332266,-1.7,3.8641
13,CC DChg,85.83333333332848,-1.7,3.864
13,CC DChg,85.93333333331975,-1.7,3.864
13,CC DChg,86.03333333332557,-1.7,3.8639
13,CC DChg,86.1333333333314,-1.7,3.8639
13,CC DChg,86.23333333332266,-1.7,3.8638
13,CC DChg,86.33333333332848,-1.7,3.8638
13,CC DChg,86.43333333331975,-1.7,3.8638
13,CC DChg,86.53333333332557,-1.7,3.8637
13,CC DChg,86.6333333333314,-1.7,3.8637
13,CC DChg,86.73333333332266,-1.7,3.8637
13,CC DChg,86.83333333332848,-1.7,3.8637
13,CC DChg,86.93333333331975,-1.7,3.8636
13,CC DChg,87.03333333332557,-1.7,3.8636
13,CC DChg,87.1333333333314,-1.7,3.8635
13,CC DChg,87.23333333332266,-1.7,3.8635
13,CC DChg,87.33333333332848,-1.7,3.8635
13,CC DChg,87.43333333331975,-1.7,3.8634
13,CC DChg,87.53333333332557,-1.7,3.8634
13,CC DChg,87.6333333333314,-1.7,3.8633
13,CC DChg,87.73333333332266,-1.7,3.8633
13,CC DChg,87.83333333332848,-1.7,3.8632
13,CC DChg,87.93333333331975,-1.7,3.8632
13,CC DChg,88.03333333332557,-1.7,3.8632
13,CC DChg,88.1333333333314,-1.7,3.8631
13,CC DChg,88.23333333332266,-1.7,3.8631
13,CC DChg,88.33333333332848,-1.7,3.863
13,CC DChg,88.43333333331975,-1.7,3.863
13,CC DChg,88.53333333332557,-1.7,3.863
13,CC DChg,88.6333333333314,-1.7,3.863
13,CC DChg,88.73333333332266,-1.7,3.8629
13,CC DChg,88.83333333332848,-1.7,3.8629
13,CC DChg,88.93333333331975,-1.7,3.8628
13,CC DChg,89.03333333332557,-1.7,3.8628
13,CC DChg,89.1333333333314,-1.7,3.8628
13,CC DChg,89.23333333332266,-1.7,3.8627
13,CC DChg,89.33333333332848,-1.7,3.8627
13,CC DChg,89.43333333331975,-1.7,3.8626
13,CC DChg,89.53333333332557,-1.7,3.8626
13,CC DChg,89.6333333333314,-1.7,3.8626
13,CC DChg,89.73333333332266,-1.7,3.8625
13,CC DChg,89.83333333332848,-1.7,3.8625
13,CC DChg,89.93333333331975,-1.7,3.8625
13,CC DChg,90.03333333332557,-1.7,3.8624
13,CC DChg,90.1333333333314,-1.7,3.8624
13,CC DChg,90.23333333332266,-1.7,3.8623
13,CC DChg,90.33333333332848,-1.7,3.8623
13,CC DChg,90.43333333331975,-1.7,3.8623
13,CC DChg,90.53333333332557,-1.7,3.8622
13,CC DChg,90.6333333333314,-1.7,3.8622
13,CC DChg,90.73333333332266,-1.7,3.8622
13,CC DChg,90.83333333332848,-1.7,3.8621
13,CC DChg,90.93333333331975,-1.7,3.8621
13,CC DChg,91.03333333332557,-1.7,3.8621
13,CC DChg,91.1333333333314,-1.7,3.862
13,CC DChg,91.23333333332266,-1.7,3.862
13,CC DChg,91.33333333332848,-1.7,3.862
13,CC DChg,91.43333333331975,-1.7,3.8619
13,CC DChg,91.53333333332557,-1.7,3.8619
13,CC DChg,91.6333333333314,-1.7,3.8618
13,CC DChg,91.73333333332266,-1.7,3.8618
13,CC DChg,91.83333333332848,-1.7,3.8618
13,CC DChg,91.93333333331975,-1.7,3.8617
13,CC DChg,92.03333333332557,-1.7,3.8617
13,CC DChg,92.1333333333314,-1.7,3.8617
13,CC DChg,92.23333333332266,-1.7,3.8617
13,CC DChg,92.33333333332848,-1.7,3.8616
13,CC DChg,92.43333333331975,-1.7,3.8616
13,CC DChg,92.53333333332557,-1.7,3.8615
13,CC DChg,92.6333333333314,-1.7,3.8615
13,CC DChg,92.73333333332266,-1.7,3.8614
13,CC DChg,92.83333333332848,-1.7,3.8614
13,CC DChg,92.93333333331975,-1.7,3.8614
13,CC DChg,93.03333333332557,-1.7,3.8613
13,CC DChg,93.1333333333314,-1.7,3.8613
13,CC DChg,93.23333333332266,-1.7,3.8613
13,CC DChg,93.33333333332848,-1.7,3.8612
13,CC DChg,93.43333333331975,-1.7,3.8612
13,CC DChg,93.53333333332557,-1.7,3.8611
13,CC DChg,93.6333333333314,-1.7,3.8611
13,CC DChg,93.73333333332266,-1.7,3.8611
13,CC DChg,93.83333333332848,-1.7,3.861
13,CC DChg,93.93333333331975,-1.7,3.861
13,CC DChg,94.03333333332557,-1.7,3.861
13,CC DChg,94.1333333333314,-1.7,3.8609
13,CC DChg,94.23333333332266,-1.7,3.8609
13,CC DChg,94.33333333332848,-1.7,3.8608
13,CC DChg,94.43333333331975,-1.7,3.8608
13,CC DChg,94.53333333332557,-1.7,3.8608
13,CC DChg,94.6333333333314,-1.7,3.8607
13,CC DChg,94.73333333332266,-1.7,3.8607
13,CC DChg,94.83333333332848,-1.7,3.8607
13,CC DChg,94.93333333331975,-1.7,3.8606
13,CC DChg,95.03333333332557,-1.7,3.8606
13,CC DChg,95.1333333333314,-1.7,3.8606
13,CC DChg,95.23333333332266,-1.7,3.8605
13,CC DChg,95.33333333332848,-1.7,3.8605
13,CC DChg,95.43333333331975,-1.7,3.8604
13,CC DChg,95.53333333332557,-1.7,3.8604
13,CC DChg,95.6333333333314,-1.7,3.8604
13,CC DChg,95.73333333332266,-1.7,3.8603
13,CC DChg,95.83333333332848,-1.7,3.8603
13,CC DChg,95.93333333331975,-1.7,3.8603
13,CC DChg,96.03333333332557,-1.7,3.8603
13,CC DChg,96.1333333333314,-1.7,3.8602
13,CC DChg,96.23333333332266,-1.7,3.8602
13,CC DChg,96.33333333332848,-1.7,3.8602
13,CC DChg,96.43333333331975,-1.7,3.8601
13,CC DChg,96.53333333332557,-1.7,3.8601
13,CC DChg,96.6333333333314,-1.7,3.8601
13,CC DChg,96.73333333332266,-1.7,3.86
13,CC DChg,96.83333333332848,-1.7,3.86
13,CC DChg,96.93333333331975,-1.7,3.86
13,CC DChg,97.03333333332557,-1.7,3.8599
13,CC DChg,97.1333333333314,-1.7,3.8599
13,CC DChg,97.23333333332266,-1.7,3.8598
13,CC DChg,97.33333333332848,-1.7,3.8598
13,CC DChg,97.43333333331975,-1.7,3.8598
13,CC DChg,97.53333333332557,-1.7,3.8597
13,CC DChg,97.6333333333314,-1.7,3.8597
13,CC DChg,97.73333333332266,-1.7,3.8597
13,CC DChg,97.83333333332848,-1.7,3.8596
13,CC DChg,97.93333333331975,-1.7,3.8596
13,CC DChg,98.03333333332557,-1.7,3.8596
13,CC DChg,98.1333333333314,-1.7,3.8595
13,CC DChg,98.23333333332266,-1.7,3.8595
13,CC DChg,98.33333333332848,-1.7,3.8595
13,CC DChg,98.43333333331975,-1.7,3.8595
13,CC DChg,98.53333333332557,-1.7,3.8594
13,CC DChg,98.6333333333314,-1.7,3.8594
13,CC DChg,98.73333333332266,-1.7,3.8593
13,CC DChg,98.83333333332848,-1.7,3.8593
13,CC DChg,98.93333333331975,-1.7,3.8593
13,CC DChg,99.03333333332557,-1.7,3.8593
13,CC DChg,99.1333333333314,-1.7,3.8592
13,CC DChg,99.23333333332266,-1.7,3.8592
13,CC DChg,99.33333333332848,-1.7,3.8592
13,CC DChg,99.43333333331975,-1.7,3.8591
13,CC DChg,99.53333333332557,-1.7,3.8591
13,CC DChg,99.6333333333314,-1.7,3.859
13,CC DChg,99.73333333332266,-1.7,3.859
13,CC DChg,99.83333333332848,-1.7,3.859
13,CC DChg,99.93333333331975,-1.7,3.8589
13,CC DChg,100.03333333332557,-1.7,3.8589
13,CC DChg,100.1333333333314,-1.7,3.8589
13,CC DChg,100.23333333332266,-1.7,3.8588
13,CC DChg,100.33333333332848,-1.7,3.8588
13,CC DChg,100.43333333331975,-1.7,3.8587
13,CC DChg,100.53333333332557,-1.7,3.8587
13,CC DChg,100.6333333333314,-1.7,3.8587
13,CC DChg,100.73333333332266,-1.7,3.8587
13,CC DChg,100.83333333332848,-1.7,3.8586
13,CC DChg,100.93333333331975,-1.7,3.8586
13,CC DChg,101.03333333332557,-1.7,3.8586
13,CC DChg,101.1333333333314,-1.7,3.8585
13,CC DChg,101.23333333332266,-1.7,3.8585
13,CC DChg,101.33333333332848,-1.7,3.8584
13,CC DChg,101.43333333331975,-1.7,3.8584
13,CC DChg,101.53333333332557,-1.7,3.8584
13,CC DChg,101.6333333333314,-1.7,3.8583
13,CC DChg,101.73333333332266,-1.7,3.8583
13,CC DChg,101.83333333332848,-1.7,3.8583
13,CC DChg,101.93333333331975,-1.7,3.8582
13,CC DChg,102.03333333332557,-1.7,3.8582
13,CC DChg,102.1333333333314,-1.7,3.8582
13,CC DChg,102.23333333332266,-1.7,3.8582
13,CC DChg,102.33333333332848,-1.7,3.8581
13,CC DChg,102.43333333331975,-1.7,3.8581
13,CC DChg,102.53333333332557,-1.7,3.8581
13,CC DChg,102.6333333333314,-1.7,3.8581
13,CC DChg,102.73333333332266,-1.7,3.858
13,CC DChg,102.83333333332848,-1.7,3.858
13,CC DChg,102.93333333331975,-1.7,3.8579
13,CC DChg,103.03333333332557,-1.7,3.8579
13,CC DChg,103.1333333333314,-1.7,3.8579
13,CC DChg,103.23333333332266,-1.7,3.8578
13,CC DChg,103.33333333332848,-1.7,3.8578
13,CC DChg,103.43333333331975,-1.7,3.8578
13,CC DChg,103.53333333332557,-1.7,3.8577
13,CC DChg,103.6333333333314,-1.7,3.8577
13,CC DChg,103.73333333332266,-1.7,3.8577
13,CC DChg,103.83333333332848,-1.7,3.8576
13,CC DChg,103.93333333331975,-1.7,3.8576
13,CC DChg,104.03333333332557,-1.7,3.8576
13,CC DChg,104.1333333333314,-1.7,3.8575
13,CC DChg,104.23333333332266,-1.7,3.8575
13,CC DChg,104.33333333332848,-1.7,3.8575
13,CC DChg,104.43333333331975,-1.6999,3.8574
13,CC DChg,104.53333333332557,-1.6999,3.8574
13,CC DChg,104.6333333333314,-1.6999,3.8574
13,CC DChg,104.73333333332266,-1.6999,3.8573
13,CC DChg,104.83333333332848,-1.6999,3.8573
13,CC DChg,104.93333333331975,-1.6999,3.8573
13,CC DChg,105.03333333332557,-1.6999,3.8572
13,CC DChg,105.1333333333314,-1.6999,3.8572
13,CC DChg,105.23333333332266,-1.6999,3.8572
13,CC DChg,105.33333333332848,-1.6999,3.8571
13,CC DChg,105.43333333331975,-1.6999,3.8571
13,CC DChg,105.53333333332557,-1.6999,3.857
13,CC DChg,105.6333333333314,-1.6999,3.857
13,CC DChg,105.73333333332266,-1.6999,3.857
13,CC DChg,105.83333333332848,-1.6999,3.857
13,CC DChg,105.93333333331975,-1.6999,3.8569
13,CC DChg,106.03333333332557,-1.6999,3.8569
13,CC DChg,106.1333333333314,-1.6999,3.8569
13,CC DChg,106.23333333332266,-1.6999,3.8568
13,CC DChg,106.33333333332848,-1.6999,3.8568
13,CC DChg,106.43333333331975,-1.6999,3.8568
13,CC DChg,106.53333333332557,-1.6999,3.8567
13,CC DChg,106.6333333333314,-1.6999,3.8567
13,CC DChg,106.73333333332266,-1.6999,3.8567
13,CC DChg,106.83333333332848,-1.6999,3.8567
13,CC DChg,106.93333333331975,-1.6999,3.8566
13,CC DChg,107.03333333332557,-1.6999,3.8566
13,CC DChg,107.1333333333314,-1.6999,3.8566
13,CC DChg,107.23333333332266,-1.6999,3.8566
13,CC DChg,107.33333333332848,-1.6999,3.8565
13,CC DChg,107.43333333331975,-1.6999,3.8565
13,CC DChg,107.53333333332557,-1.6999,3.8564
13,CC DChg,107.6333333333314,-1.6999,3.8564
13,CC DChg,107.73333333332266,-1.6999,3.8564
13,CC DChg,107.83333333332848,-1.6999,3.8564
13,CC DChg,107.93333333331975,-1.6999,3.8563
13,CC DChg,108.03333333332557,-1.6999,3.8563
13,CC DChg,108.1333333333314,-1.6999,3.8563
13,CC DChg,108.23333333332266,-1.6999,3.8562
13,CC DChg,108.33333333332848,-1.6999,3.8562
13,CC DChg,108.43333333331975,-1.6999,3.8562
13,CC DChg,108.53333333332557,-1.6999,3.8561
13,CC DChg,108.6333333333314,-1.6999,3.8561
13,CC DChg,108.73333333332266,-1.6999,3.8561
13,CC DChg,108.83333333332848,-1.6999,3.8561
13,CC DChg,108.93333333331975,-1.6999,3.856
13,CC DChg,109.03333333332557,-1.6999,3.856
13,CC DChg,109.1333333333314,-1.6999,3.856
13,CC DChg,109.23333333332266,-1.6999,3.856
13,CC DChg,109.33333333332848,-1.6999,3.8559
13,CC DChg,109.43333333331975,-1.6999,3.8559
13,CC DChg,109.53333333332557,-1.6999,3.8558
13,CC DChg,109.6333333333314,-1.6999,3.8558
13,CC DChg,109.73333333332266,-1.6999,3.8558
13,CC DChg,109.83333333332848,-1.6999,3.8557
13,CC DChg,109.93333333331975,-1.6999,3.8557
13,CC DChg,110.03333333332557,-1.6999,3.8557
13,CC DChg,110.1333333333314,-1.6999,3.8557
13,CC DChg,110.23333333332266,-1.6999,3.8556
13,CC DChg,110.33333333332848,-1.6999,3.8556
13,CC DChg,110.43333333331975,-1.6999,3.8556
13,CC DChg,110.53333333332557,-1.6999,3.8555
13,CC DChg,110.6333333333314,-1.6999,3.8555
13,CC DChg,110.73333333332266,-1.6999,3.8555
13,CC DChg,110.83333333332848,-1.6999,3.8554
13,CC DChg,110.93333333331975,-1.6999,3.8554
13,CC DChg,111.03333333332557,-1.6999,3.8554
13,CC DChg,111.1333333333314,-1.6999,3.8553
13,CC DChg,111.23333333332266,-1.6999,3.8553
13,CC DChg,111.33333333332848,-1.6999,3.8553
13,CC DChg,111.43333333331975,-1.6999,3.8552
13,CC DChg,111.53333333332557,-1.6999,3.8552
13,CC DChg,111.6333333333314,-1.6999,3.8552
13,CC DChg,111.73333333332266,-1.6999,3.8552
13,CC DChg,111.83333333332848,-1.6999,3.8551
13,CC DChg,111.93333333331975,-1.6999,3.8551
13,CC DChg,112.03333333332557,-1.6999,3.8551
13,CC DChg,112.1333333333314,-1.6999,3.855
13,CC DChg,112.23333333332266,-1.6999,3.855
13,CC DChg,112.33333333332848,-1.6999,3.855
13,CC DChg,112.43333333331975,-1.6999,3.855
13,CC DChg,112.53333333332557,-1.6999,3.8549
13,CC DChg,112.6333333333314,-1.6999,3.8549
13,CC DChg,112.73333333332266,-1.6999,3.8548
13,CC DChg,112.83333333332848,-1.6999,3.8548
13,CC DChg,112.93333333331975,-1.6999,3.8548
13,CC DChg,113.03333333332557,-1.6999,3.8548
13,CC DChg,113.1333333333314,-1.6999,3.8547
13,CC DChg,113.23333333332266,-1.6999,3.8547
13,CC DChg,113.33333333332848,-1.6999,3.8547
13,CC DChg,113.43333333331975,-1.6999,3.8547
13,CC DChg,113.53333333332557,-1.6999,3.8546
13,CC DChg,113.6333333333314,-1.6999,3.8546
13,CC DChg,113.73333333332266,-1.6999,3.8546
13,CC DChg,113.83333333332848,-1.6999,3.8545
13,CC DChg,113.93333333331975,-1.6999,3.8545
13,CC DChg,114.03333333332557,-1.6999,3.8545
13,CC DChg,114.1333333333314,-1.6999,3.8545
13,CC DChg,114.23333333332266,-1.6999,3.8544
13,CC DChg,114.33333333332848,-1.6999,3.8544
13,CC DChg,114.43333333331975,-1.6999,3.8543
13,CC DChg,114.53333333332557,-1.6999,3.8543
13,CC DChg,114.6333333333314,-1.6999,3.8543
13,CC DChg,114.73333333332266,-1.6999,3.8543
13,CC DChg,114.83333333332848,-1.6999,3.8542
13,CC DChg,114.93333333331975,-1.6999,3.8542
13,CC DChg,115.03333333332557,-1.6999,3.8542
13,CC DChg,115.1333333333314,-1.6999,3.8542
13,CC DChg,115.23333333332266,-1.6999,3.8541
13,CC DChg,115.33333333332848,-1.6999,3.8541
13,CC DChg,115.43333333331975,-1.6999,3.8541
13,CC DChg,115.53333333332557,-1.6999,3.854
13,CC DChg,115.6333333333314,-1.6999,3.854
13,CC DChg,115.73333333332266,-1.6999,3.854
13,CC DChg,115.83333333332848,-1.6999,3.854
13,CC DChg,115.93333333331975,-1.6999,3.8539
13,CC DChg,116.03333333332557,-1.6999,3.8539
13,CC DChg,116.1333333333314,-1.6999,3.8539
13,CC DChg,116.23333333332266,-1.6999,3.8538
13,CC DChg,116.33333333332848,-1.6999,3.8538
13,CC DChg,116.43333333331975,-1.6999,3.8538
13,CC DChg,116.53333333332557,-1.6999,3.8537
13,CC DChg,116.6333333333314,-1.6999,3.8537
13,CC DChg,116.73333333332266,-1.6999,3.8537
13,CC DChg,116.83333333332848,-1.6999,3.8537
13,CC DChg,116.93333333331975,-1.6999,3.8536
13,CC DChg,117.03333333332557,-1.6999,3.8536
13,CC DChg,117.1333333333314,-1.6998,3.8535
13,CC DChg,117.23333333332266,-1.6998,3.8535
13,CC DChg,117.33333333332848,-1.6998,3.8535
13,CC DChg,117.43333333331975,-1.6998,3.8535
13,CC DChg,117.53333333332557,-1.6998,3.8535
13,CC DChg,117.6333333333314,-1.6998,3.8535
13,CC DChg,117.73333333332266,-1.6998,3.8534
13,CC DChg,117.83333333332848,-1.6998,3.8534
13,CC DChg,117.93333333331975,-1.6998,3.8533
13,CC DChg,118.03333333332557,-1.6998,3.8533
13,CC DChg,118.1333333333314,-1.6998,3.8533
13,CC DChg,118.23333333332266,-1.6998,3.8533
13,CC DChg,118.33333333332848,-1.6998,3.8532
13,CC DChg,118.43333333331975,-1.6998,3.8532
13,CC DChg,118.53333333332557,-1.6998,3.8532
13,CC DChg,118.6333333333314,-1.6998,3.8531
13,CC DChg,118.73333333332266,-1.6998,3.8531
13,CC DChg,118.83333333332848,-1.6998,3.8531
13,CC DChg,118.93333333331975,-1.6998,3.853
13,CC DChg,119.03333333332557,-1.6998,3.853
13,CC DChg,119.1333333333314,-1.6998,3.853
13,CC DChg,119.23333333332266,-1.6998,3.853
13,CC DChg,119.33333333332848,-1.6998,3.853
13,CC DChg,119.43333333331975,-1.6998,3.8529
13,CC DChg,119.53333333332557,-1.6998,3.8529
13,CC DChg,119.6333333333314,-1.6998,3.8528
13,CC DChg,119.73333333332266,-1.6998,3.8528
13,CC DChg,119.83333333332848,-1.6998,3.8528
13,CC DChg,119.93333333331975,-1.6998,3.8528
13,CC DChg,120.03333333332557,-1.6998,3.8527
13,CC DChg,120.1333333333314,-1.6998,3.8527
13,CC DChg,120.23333333332266,-1.6998,3.8527
13,CC DChg,120.33333333332848,-1.6998,3.8527
13,CC DChg,120.43333333331975,-1.6998,3.8527
13,CC DChg,120.53333333332557,-1.6998,3.8526
13,CC DChg,120.6333333333314,-1.6998,3.8526
13,CC DChg,120.73333333332266,-1.6998,3.8525
13,CC DChg,120.83333333332848,-1.6998,3.8525
13,CC DChg,120.93333333331975,-1.6998,3.8525
13,CC DChg,121.03333333332557,-1.6998,3.8525
13,CC DChg,121.1333333333314,-1.6998,3.8525
13,CC DChg,121.23333333332266,-1.6998,3.8525
13,CC DChg,121.33333333332848,-1.6998,3.8524
13,CC DChg,121.43333333331975,-1.6998,3.8524
13,CC DChg,121.53333333332557,-1.6998,3.8524
13,CC DChg,121.6333333333314,-1.6998,3.8523
13,CC DChg,121.73333333332266,-1.6998,3.8523
13,CC DChg,121.83333333332848,-1.6998,3.8522
13,CC DChg,121.93333333331975,-1.6998,3.8522
13,CC DChg,122.03333333332557,-1.6998,3.8522
13,CC DChg,122.1333333333314,-1.6998,3.8522
13,CC DChg,122.23333333332266,-1.6998,3.8522
13,CC DChg,122.33333333332848,-1.6998,3.8521
13,CC DChg,122.43333333331975,-1.6998,3.8521
13,CC DChg,122.53333333332557,-1.6998,3.852
13,CC DChg,122.6333333333314,-1.6998,3.8521
13,CC DChg,122.73333333332266,-1.6998,3.852
13,CC DChg,122.83333333332848,-1.6998,3.852
13,CC DChg,122.93333333331975,-1.6998,3.8519
13,CC DChg,123.03333333332557,-1.6998,3.8519
13,CC DChg,123.1333333333314,-1.6998,3.8519
13,CC DChg,123.23333333332266,-1.6998,3.8519
13,CC DChg,123.33333333332848,-1.6998,3.8519
13,CC DChg,123.43333333331975,-1.6998,3.8518
13,CC DChg,123.53333333332557,-1.6998,3.8518
13,CC DChg,123.6333333333314,-1.6998,3.8518
13,CC DChg,123.73333333332266,-1.6998,3.8518
13,CC DChg,123.83333333332848,-1.6998,3.8517
13,CC DChg,123.93333333331975,-1.6998,3.8517
13,CC DChg,124.03333333332557,-1.6998,3.8517
13,CC DChg,124.1333333333314,-1.6998,3.8516
13,CC DChg,124.23333333332266,-1.6998,3.8516
13,CC DChg,124.33333333332848,-1.6998,3.8516
13,CC DChg,124.43333333331975,-1.6998,3.8516
13,CC DChg,124.53333333332557,-1.6998,3.8515
13,CC DChg,124.6333333333314,-1.6998,3.8515
13,CC DChg,124.73333333332266,-1.6998,3.8515
13,CC DChg,124.83333333332848,-1.6998,3.8515
13,CC DChg,124.93333333331975,-1.6998,3.8515
13,CC DChg,125.03333333332557,-1.6998,3.8514
13,CC DChg,125.1333333333314,-1.6998,3.8513
13,CC DChg,125.23333333332266,-1.6998,3.8513
13,CC DChg,125.33333333332848,-1.6998,3.8513
13,CC DChg,125.43333333331975,-1.6998,3.8513
13,CC DChg,125.53333333332557,-1.6998,3.8512
13,CC DChg,125.6333333333314,-1.6998,3.8512
13,CC DChg,125.73333333332266,-1.6998,3.8512
13,CC DChg,125.83333333332848,-1.6998,3.8512
13,CC DChg,125.93333333331975,-1.6998,3.8512
13,CC DChg,126.03333333332557,-1.6999,3.8511
13,CC DChg,126.1333333333314,-1.6999,3.8511
13,CC DChg,126.23333333332266,-1.6999,3.8511
13,CC DChg,126.33333333332848,-1.6999,3.851
13,CC DChg,126.43333333331975,-1.6999,3.851
13,CC DChg,126.53333333332557,-1.6999,3.851
13,CC DChg,126.6333333333314,-1.6999,3.8509
13,CC DChg,126.73333333332266,-1.6999,3.8509
13,CC DChg,126.83333333332848,-1.6999,3.8509
13,CC DChg,126.93333333331975,-1.6999,3.8509
13,CC DChg,127.03333333332557,-1.6999,3.8508
13,CC DChg,127.1333333333314,-1.6999,3.8508
13,CC DChg,127.23333333332266,-1.6999,3.8508
13,CC DChg,127.33333333332848,-1.6999,3.8508
13,CC DChg,127.43333333331975,-1.6999,3.8507
13,CC DChg,127.53333333332557,-1.6999,3.8507
13,CC DChg,127.6333333333314,-1.6999,3.8506
13,CC DChg,127.73333333332266,-1.6999,3.8506
13,CC DChg,127.83333333332848,-1.6999,3.8506
13,CC DChg,127.93333333331975,-1.6999,3.8506
13,CC DChg,128.03333333332557,-1.6999,3.8506
13,CC DChg,128.1333333333314,-1.6999,3.8505
13,CC DChg,128.23333333332266,-1.6999,3.8505
13,CC DChg,128.33333333332848,-1.6999,3.8505
13,CC DChg,128.43333333331975,-1.6999,3.8504
13,CC DChg,128.53333333332557,-1.6999,3.8504
13,CC DChg,128.6333333333314,-1.6999,3.8504
13,CC DChg,128.73333333332266,-1.6999,3.8504
13,CC DChg,128.83333333332848,-1.6999,3.8503
13,CC DChg,128.93333333331975,-1.6999,3.8503
13,CC DChg,129.03333333332557,-1.6999,3.8503
13,CC DChg,129.1333333333314,-1.6999,3.8503
13,CC DChg,129.23333333332266,-1.6999,3.8503
13,CC DChg,129.33333333332848,-1.6999,3.8503
13,CC DChg,129.43333333331975,-1.6999,3.8502
13,CC DChg,129.53333333332557,-1.6999,3.8502
13,CC DChg,129.6333333333314,-1.6999,3.8502
13,CC DChg,129.73333333332266,-1.6999,3.8502
13,CC DChg,129.83333333332848,-1.6999,3.8501
13,CC DChg,129.93333333331975,-1.6999,3.8501
13,CC DChg,130.03333333332557,-1.6999,3.85
13,CC DChg,130.1333333333314,-1.6999,3.85
13,CC DChg,130.23333333332266,-1.6999,3.85
13,CC DChg,130.33333333332848,-1.6999,3.85
13,CC DChg,130.43333333331975,-1.6999,3.8499
13,CC DChg,130.53333333332557,-1.6999,3.8499
13,CC DChg,130.6333333333314,-1.6999,3.8499
13,CC DChg,130.73333333332266,-1.6999,3.8499
13,CC DChg,130.83333333332848,-1.6999,3.8498
13,CC DChg,130.93333333331975,-1.6999,3.8498
13,CC DChg,131.03333333332557,-1.6999,3.8497
13,CC DChg,131.1333333333314,-1.6999,3.8497
13,CC DChg,131.23333333332266,-1.6999,3.8497
13,CC DChg,131.33333333332848,-1.6999,3.8497
13,CC DChg,131.43333333331975,-1.6999,3.8496
13,CC DChg,131.53333333332557,-1.6999,3.8496
13,CC DChg,131.6333333333314,-1.6999,3.8496
13,CC DChg,131.73333333332266,-1.6999,3.8496
13,CC DChg,131.83333333332848,-1.6999,3.8496
13,CC DChg,131.93333333331975,-1.6999,3.8495
13,CC DChg,132.03333333332557,-1.6999,3.8495
13,CC DChg,132.1333333333314,-1.6999,3.8495
13,CC DChg,132.23333333332266,-1.6999,3.8494
13,CC DChg,132.33333333332848,-1.6999,3.8494
13,CC DChg,132.43333333331975,-1.6999,3.8494
13,CC DChg,132.53333333332557,-1.6999,3.8494
13,CC DChg,132.6333333333314,-1.6999,3.8493
13,CC DChg,132.73333333332266,-1.6999,3.8493
13,CC DChg,132.83333333332848,-1.6999,3.8493
13,CC DChg,132.93333333331975,-1.6999,3.8493
13,CC DChg,133.03333333332557,-1.6999,3.8492
13,CC DChg,133.1333333333314,-1.6999,3.8492
13,CC DChg,133.23333333332266,-1.6999,3.8492
13,CC DChg,133.33333333332848,-1.6999,3.8491
13,CC DChg,133.43333333331975,-1.6999,3.8491
13,CC DChg,133.53333333332557,-1.6999,3.8491
13,CC DChg,133.6333333333314,-1.6999,3.8491
13,CC DChg,133.73333333332266,-1.6999,3.8491
13,CC DChg,133.83333333332848,-1.6999,3.849
13,CC DChg,133.93333333331975,-1.6999,3.849
13,CC DChg,134.03333333332557,-1.6999,3.849
13,CC DChg,134.1333333333314,-1.6999,3.8489
13,CC DChg,134.23333333332266,-1.6999,3.8489
13,CC DChg,134.33333333332848,-1.6999,3.8489
13,CC DChg,134.43333333331975,-1.6999,3.8489
13,CC DChg,134.53333333332557,-1.6999,3.8488
13,CC DChg,134.6333333333314,-1.6999,3.8488
13,CC DChg,134.73333333332266,-1.6999,3.8488
13,CC DChg,134.83333333332848,-1.6999,3.8488
13,CC DChg,134.93333333331975,-1.6999,3.8487
13,CC DChg,135.03333333332557,-1.6999,3.8487
13,CC DChg,135.1333333333314,-1.6999,3.8487
13,CC DChg,135.23333333332266,-1.6999,3.8487
13,CC DChg,135.33333333332848,-1.6999,3.8486
13,CC DChg,135.43333333331975,-1.6999,3.8486
13,CC DChg,135.53333333332557,-1.6999,3.8486
13,CC DChg,135.6333333333314,-1.6999,3.8486
13,CC DChg,135.73333333332266,-1.6999,3.8485
13,CC DChg,135.83333333332848,-1.6999,3.8485
13,CC DChg,135.93333333331975,-1.6999,3.8485
13,CC DChg,136.03333333332557,-1.6999,3.8485
13,CC DChg,136.1333333333314,-1.6999,3.8484
13,CC DChg,136.23333333332266,-1.6999,3.8484
13,CC DChg,136.33333333332848,-1.6999,3.8484
13,CC DChg,136.43333333331975,-1.6999,3.8483
13,CC DChg,136.53333333332557,-1.6999,3.8483
13,CC DChg,136.6333333333314,-1.6999,3.8483
13,CC DChg,136.73333333332266,-1.6999,3.8482
13,CC DChg,136.83333333332848,-1.6999,3.8482
13,CC DChg,136.93333333331975,-1.6999,3.8482
13,CC DChg,137.03333333332557,-1.6999,3.8482
13,CC DChg,137.1333333333314,-1.6999,3.8482
13,CC DChg,137.23333333332266,-1.6999,3.8482
13,CC DChg,137.33333333332848,-1.6999,3.8481
13,CC DChg,137.43333333331975,-1.6999,3.8481
13,CC DChg,137.53333333332557,-1.6999,3.848
13,CC DChg,137.6333333333314,-1.6999,3.848
13,CC DChg,137.73333333332266,-1.6999,3.848
13,CC DChg,137.83333333332848,-1.6999,3.848
13,CC DChg,137.93333333331975,-1.6999,3.848
13,CC DChg,138.03333333332557,-1.6999,3.8479
13,CC DChg,138.1333333333314,-1.6999,3.8479
13,CC DChg,138.23333333332266,-1.6999,3.8479
13,CC DChg,138.33333333332848,-1.6999,3.8479
13,CC DChg,138.43333333331975,-1.6999,3.8479
13,CC DChg,138.53333333332557,-1.6999,3.8478
13,CC DChg,138.6333333333314,-1.6999,3.8478
13,CC DChg,138.73333333332266,-1.6999,3.8477
13,CC DChg,138.83333333332848,-1.6999,3.8477
13,CC DChg,138.93333333331975,-1.6999,3.8477
13,CC DChg,139.03333333332557,-1.6999,3.8477
13,CC DChg,139.1333333333314,-1.6999,3.8477
13,CC DChg,139.23333333332266,-1.6999,3.8476
13,CC DChg,139.33333333332848,-1.6999,3.8476
13,CC DChg,139.43333333331975,-1.6999,3.8476
13,CC DChg,139.53333333332557,-1.6999,3.8476
13,CC DChg,139.6333333333314,-1.6999,3.8475
13,CC DChg,139.73333333332266,-1.6999,3.8475
13,CC DChg,139.83333333332848,-1.6999,3.8475
13,CC DChg,139.93333333331975,-1.6999,3.8475
13,CC DChg,140.03333333332557,-1.6999,3.8474
13,CC DChg,140.1333333333314,-1.6999,3.8474
13,CC DChg,140.23333333332266,-1.6999,3.8474
13,CC DChg,140.33333333332848,-1.6999,3.8474
13,CC DChg,140.43333333331975,-1.6999,3.8474
13,CC DChg,140.53333333332557,-1.6999,3.8474
13,CC DChg,140.6333333333314,-1.6999,3.8473
13,CC DChg,140.73333333332266,-1.6999,3.8473
13,CC DChg,140.83333333332848,-1.6999,3.8472
13,CC DChg,140.93333333331975,-1.6999,3.8472
13,CC DChg,141.03333333332557,-1.6999,3.8472
13,CC DChg,141.1333333333314,-1.6999,3.8472
13,CC DChg,141.23333333332266,-1.6999,3.8471
13,CC DChg,141.33333333332848,-1.6999,3.8471
13,CC DChg,141.43333333331975,-1.6999,3.8471
13,CC DChg,141.53333333332557,-1.6999,3.8471
13,CC DChg,141.6333333333314,-1.6999,3.8471
13,CC DChg,141.73333333332266,-1.6999,3.847
13,CC DChg,141.83333333332848,-1.6999,3.847
13,CC DChg,141.93333333331975,-1.6999,3.847
13,CC DChg,142.03333333332557,-1.6999,3.8469
13,CC DChg,142.1333333333314,-1.6999,3.8469
13,CC DChg,142.23333333332266,-1.6999,3.8469
13,CC DChg,142.33333333332848,-1.6999,3.8469
13,CC DChg,142.43333333331975,-1.6999,3.8468
13,CC DChg,142.53333333332557,-1.6999,3.8468
13,CC DChg,142.6333333333314,-1.6999,3.8468
13,CC DChg,142.73333333332266,-1.6999,3.8468
13,CC DChg,142.83333333332848,-1.6999,3.8467
13,CC DChg,142.93333333331975,-1.6999,3.8467
13,CC DChg,143.03333333332557,-1.6999,3.8467
13,CC DChg,143.1333333333314,-1.6999,3.8467
13,CC DChg,143.23333333332266,-1.6999,3.8466
13,CC DChg,143.33333333332848,-1.6999,3.8466
13,CC DChg,143.43333333331975,-1.6999,3.8466
13,CC DChg,143.53333333332557,-1.6999,3.8465
13,CC DChg,143.6333333333314,-1.6999,3.8465
13,CC DChg,143.73333333332266,-1.6999,3.8465
13,CC DChg,143.83333333332848,-1.6999,3.8465
13,CC DChg,143.93333333331975,-1.6999,3.8465
13,CC DChg,144.03333333332557,-1.6999,3.8464
13,CC DChg,144.1333333333314,-1.6999,3.8464
13,CC DChg,144.23333333332266,-1.6999,3.8464
13,CC DChg,144.33333333332848,-1.6999,3.8464
13,CC DChg,144.43333333331975,-1.6999,3.8463
13,CC DChg,144.53333333332557,-1.6999,3.8463
13,CC DChg,144.6333333333314,-1.6999,3.8463
13,CC DChg,144.73333333332266,-1.6999,3.8463
13,CC DChg,144.83333333332848,-1.6999,3.8462
13,CC DChg,144.93333333331975,-1.6999,3.8462
13,CC DChg,145.03333333332557,-1.6999,3.8462
13,CC DChg,145.1333333333314,-1.6999,3.8461
13,CC DChg,145.23333333332266,-1.6999,3.8461
13,CC DChg,145.33333333332848,-1.6999,3.8461
13,CC DChg,145.43333333331975,-1.6999,3.8461
13,CC DChg,145.53333333332557,-1.6999,3.8461
13,CC DChg,145.6333333333314,-1.6999,3.8461
13,CC DChg,145.73333333332266,-1.6999,3.846
13,CC DChg,145.83333333332848,-1.6999,3.846
13,CC DChg,145.93333333331975,-1.6999,3.846
13,CC DChg,146.03333333332557,-1.6999,3.846
13,CC DChg,146.1333333333314,-1.6999,3.8459
13,CC DChg,146.23333333332266,-1.6999,3.8459
13,CC DChg,146.33333333332848,-1.6999,3.8459
13,CC DChg,146.43333333331975,-1.6999,3.8458
13,CC DChg,146.53333333332557,-1.6999,3.8458
13,CC DChg,146.6333333333314,-1.6999,3.8458
13,CC DChg,146.73333333332266,-1.6999,3.8458
13,CC DChg,146.83333333332848,-1.6999,3.8458
13,CC DChg,146.93333333331975,-1.6999,3.8457
13,CC DChg,147.03333333332557,-1.6999,3.8457
13,CC DChg,147.1333333333314,-1.6999,3.8457
13,CC DChg,147.23333333332266,-1.6999,3.8457
13,CC DChg,147.33333333332848,-1.6999,3.8457
13,CC DChg,147.43333333331975,-1.6999,3.8457
13,CC DChg,147.53333333332557,-1.6999,3.8456
13,CC DChg,147.6333333333314,-1.6999,3.8456
13,CC DChg,147.73333333332266,-1.6999,3.8456
13,CC DChg,147.83333333332848,-1.6999,3.8455
13,CC DChg,147.93333333331975,-1.7,3.8455
13,CC DChg,148.03333333332557,-1.7,3.8455
13,CC DChg,148.1333333333314,-1.7,3.8454
13,CC DChg,148.23333333332266,-1.7,3.8454
13,CC DChg,148.33333333332848,-1.7,3.8454
13,CC DChg,148.43333333331975,-1.7,3.8454
13,CC DChg,148.53333333332557,-1.7,3.8454
13,CC DChg,148.6333333333314,-1.7,3.8453
13,CC DChg,148.73333333332266,-1.7,3.8453
13,CC DChg,148.83333333332848,-1.7,3.8453
13,CC DChg,148.93333333331975,-1.7,3.8452
13,CC DChg,149.03333333332557,-1.7,3.8452
13,CC DChg,149.1333333333314,-1.7,3.8452
13,CC DChg,149.23333333332266,-1.7,3.8452
13,CC DChg,149.33333333332848,-1.7,3.8451
13,CC DChg,149.43333333331975,-1.7,3.8451
13,CC DChg,149.53333333332557,-1.7,3.8451
13,CC DChg,149.6333333333314,-1.7,3.8451
13,CC DChg,149.73333333332266,-1.7,3.8451
13,CC DChg,149.83333333332848,-1.7,3.845
13,CC DChg,149.93333333331975,-1.7,3.845
13,CC DChg,150.03333333332557,-1.7,3.845
13,CC DChg,150.1333333333314,-1.6999,3.845
13,CC DChg,150.23333333332266,-1.6999,3.8449
13,CC DChg,150.3249999999971,-1.7,3.8449
13,CC DChg,150.41666666665697,-1.7,3.8449
13,CC DChg,150.50833333331684,-1.6999,3.8449
13,CC DChg,150.59999999999127,-1.6999,3.8449
13,CC DChg,150.6916666666657,-1.6999,3.8448
13,CC DChg,150.78333333332557,-1.6999,3.8448
13,CC DChg,150.87499999998545,-1.6999,3.8448
14,Rest,150.96666666665988,0.0,3.9638
14,Rest,151.0583333333343,0.0,3.9638
14,Rest,151.14999999999418,0.0,3.9657
14,Rest,151.24166666665406,0.0,3.9695
14,Rest,151.34090909089718,0.0,3.9724
14,Rest,151.44015151514031,0.0,3.974
14,Rest,151.53939393938344,0.0,3.9751
14,Rest,151.63863636362657,0.0,3.976
14,Rest,151.7378787878697,0.0,3.9767
14,Rest,151.83712121211283,0.0,3.9773
14,Rest,151.93636363635596,0.0,3.9778
14,Rest,152.0356060605991,0.0,3.9783
14,Rest,152.13484848484222,0.0,3.9788
14,Rest,152.23409090908535,0.0,3.9792
14,Rest,152.33402203855803,0.0,3.9796
14,Rest,152.43395316804526,0.0,3.9799
14,Rest,152.53388429751794,0.0,3.9804
14,Rest,152.63381542699062,0.0,3.9807
14,Rest,152.7337465564633,0.0,3.9811
14,Rest,152.83367768595053,0.0,3.9814
14,Rest,152.9336088154232,0.0,3.9817
14,Rest,153.0335399448959,0.0,3.982
14,Rest,153.13347107436857,0.0,3.9823
14,Rest,153.2334022038558,0.0,3.9826
14,Rest,153.3333959429001,0.0,3.9829
14,Rest,153.4333896819444,0.0,3.9832
14,Rest,153.53338342098868,0.0,3.9834
14,Rest,153.63337716003298,0.0,3.9837
14,Rest,153.73337089907727,0.0,3.984
14,Rest,153.833364638107,0.0,3.9842
14,Rest,153.9333583771513,0.0,3.9845
14,Rest,154.0333521161956,0.0,3.9848
14,Rest,154.1333458552399,0.0,3.985
14,Rest,154.2333395942842,0.0,3.9852
14,Rest,154.3333390251064,0.0,3.9855
14,Rest,154.4333384559286,0.0,3.9857
14,Rest,154.53333788675081,0.0,3.9859
14,Rest,154.63333731757302,0.0,3.9861
14,Rest,154.73333674839523,0.0,3.9864
14,Rest,154.83333617921744,0.0,3.9866
14,Rest,154.93333561003965,0.0,3.9868
14,Rest,155.03333504086186,0.0,3.987
14,Rest,155.13333447168407,0.0,3.9872
14,Rest,155.23333390250627,0.0,3.9874
14,Rest,155.33333385076548,0.0,3.9876
14,Rest,155.4333337990247,0.0,3.9878
14,Rest,155.53333374726935,0.0,3.988
14,Rest,155.63333369552856,0.0,3.9882
14,Rest,155.73333364378777,0.0,3.9884
14,Rest,155.83333359204698,0.0,3.9886
14,Rest,155.9333335403062,0.0,3.9888
14,Rest,156.0333334885654,0.0,3.989
14,Rest,156.13333343681006,0.0,3.9891
14,Rest,156.23333338506927,0.0,3.9893
14,Rest,156.33333338036027,0.0,3.9895
14,Rest,156.43333337566582,0.0,3.9897
14,Rest,156.53333337095683,0.0,3.9898
14,Rest,156.63333336624783,0.0,3.99
14,Rest,156.73333336155338,0.0,3.9902
14,Rest,156.83333335684438,0.0,3.9903
14,Rest,156.93333335214993,0.0,3.9905
14,Rest,157.03333334744093,0.0,3.9907
14,Rest,157.13333334273193,0.0,3.9909
14,Rest,157.23333333803748,0.0,3.9911
14,Rest,157.33333333760675,0.0,3.9912
14,Rest,157.433333337176,0.0,3.9914
14,Rest,157.53333333675982,0.0,3.9915
14,Rest,157.6333333363291,0.0,3.9917
14,Rest,157.73333333589835,0.0,3.9919
14,Rest,157.83333333546761,0.0,3.992
14,Rest,157.93333333503688,0.0,3.9922
14,Rest,158.03333333460614,0.0,3.9924
14,Rest,158.13333333418996,0.0,3.9925
14,Rest,158.23333333375922,0.0,3.9927
14,Rest,158.33333333372138,0.0,3.9928
14,Rest,158.43333333368355,0.0,3.993
14,Rest,158.53333333364571,0.0,3.9931
14,Rest,158.63333333360788,0.0,3.9932
14,Rest,158.73333333357004,0.0,3.9934
14,Rest,158.83333333351766,0.0,3.9936
14,Rest,158.93333333347982,0.0,3.9937
14,Rest,159.033333333442,0.0,3.9939
14,Rest,159.13333333340415,0.0,3.994
14,Rest,159.23333333336632,0.0,3.9942
14,Rest,159.3333333333576,0.0,3.9943
14,Rest,159.4333333333634,0.0,3.9945
14,Rest,159.53333333335468,0.0,3.9946
14,Rest,159.63333333334594,0.0,3.9947
14,Rest,159.73333333335177,0.0,3.9948
14,Rest,159.83333333334303,0.0,3.995
14,Rest,159.93333333334886,0.0,3.9951
14,Rest,160.03333333334012,0.0,3.9952
14,Rest,160.1333333333314,0.0,3.9954
14,Rest,160.2333333333372,0.0,3.9955
14,Rest,160.33333333334303,0.0,3.9956
14,Rest,160.4333333333343,0.0,3.9958
14,Rest,160.53333333334012,0.0,3.9959
14,Rest,160.6333333333314,0.0,3.9961
14,Rest,160.7333333333372,0.0,3.9962
14,Rest,160.83333333332848,0.0,3.9963
14,Rest,160.9333333333343,0.0,3.9964
14,Rest,161.03333333332557,0.0,3.9965
14,Rest,161.1333333333314,0.0,3.9967
14,Rest,161.23333333332266,0.0,3.9968
14,Rest,161.33333333332848,0.0,3.9969
14,Rest,161.43333333331975,0.0,3.997
14,Rest,161.53333333332557,0.0,3.9972
14,Rest,161.6333333333314,0.0,3.9973
14,Rest,161.73333333332266,0.0,3.9974
14,Rest,161.83333333332848,0.0,3.9975
14,Rest,161.93333333331975,0.0,3.9976
14,Rest,162.03333333332557,0.0,3.9977
14,Rest,162.1333333333314,0.0,3.9979
14,Rest,162.23333333332266,0.0,3.998
14,Rest,162.33333333332848,0.0,3.9981
14,Rest,162.43333333331975,0.0,3.9982
14,Rest,162.53333333332557,0.0,3.9983
14,Rest,162.6333333333314,0.0,3.9985
14,Rest,162.73333333332266,0.0,3.9986
14,Rest,162.83333333332848,0.0,3.9987
14,Rest,162.93333333331975,0.0,3.9988
14,Rest,163.03333333332557,0.0,3.9989
14,Rest,163.1333333333314,0.0,3.999
14,Rest,163.23333333332266,0.0,3.999
14,Rest,163.33333333332848,0.0,3.9991
14,Rest,163.43333333331975,0.0,3.9993
14,Rest,163.53333333332557,0.0,3.9994
14,Rest,163.6333333333314,0.0,3.9995
14,Rest,163.73333333332266,0.0,3.9996
14,Rest,163.83333333332848,0.0,3.9997
14,Rest,163.93333333331975,0.0,3.9998
14,Rest,164.03333333332557,0.0,3.9999
14,Rest,164.1333333333314,0.0,4.0
14,Rest,164.23333333332266,0.0,4.0001
14,Rest,164.33333333332848,0.0,4.0003
14,Rest,164.43333333331975,0.0,4.0004
14,Rest,164.53333333332557,0.0,4.0004
14,Rest,164.6333333333314,0.0,4.0005
14,Rest,164.73333333332266,0.0,4.0006
14,Rest,164.83333333332848,0.0,4.0008
14,Rest,164.93333333331975,0.0,4.0009
14,Rest,165.03333333332557,0.0,4.001
14,Rest,165.1333333333314,0.0,4.001
14,Rest,165.23333333332266,0.0,4.0012
14,Rest,165.33333333332848,0.0,4.0012
14,Rest,165.43333333331975,0.0,4.0014
14,Rest,165.53333333332557,0.0,4.0014
14,Rest,165.6333333333314,0.0,4.0016
14,Rest,165.73333333332266,0.0,4.0017
14,Rest,165.83333333332848,0.0,4.0018
14,Rest,165.93333333331975,0.0,4.0019
14,Rest,166.03333333332557,0.0,4.002
14,Rest,166.1333333333314,0.0,4.0021
14,Rest,166.23333333332266,0.0,4.0022
14,Rest,166.33333333332848,0.0,4.0023
14,Rest,166.43333333331975,0.0,4.0024
14,Rest,166.53333333332557,0.0,4.0025
14,Rest,166.6333333333314,0.0,4.0026
14,Rest,166.73333333332266,0.0,4.0027
14,Rest,166.83333333332848,0.0,4.0027
14,Rest,166.93333333331975,0.0,4.0029
14,Rest,167.03333333332557,0.0,4.0029
14,Rest,167.1333333333314,0.0,4.003
14,Rest,167.23333333332266,0.0,4.0031
14,Rest,167.33333333332848,0.0,4.0032
14,Rest,167.43333333331975,0.0,4.0033
14,Rest,167.53333333332557,0.0,4.0034
14,Rest,167.6333333333314,0.0,4.0035
14,Rest,167.73333333332266,0.0,4.0036
14,Rest,167.83333333332848,0.0,4.0037
14,Rest,167.93333333331975,0.0,4.0038
14,Rest,168.03333333332557,0.0,4.0039
14,Rest,168.1333333333314,0.0,4.0039
14,Rest,168.23333333332266,0.0,4.004
14,Rest,168.33333333332848,0.0,4.0041
14,Rest,168.43333333331975,0.0,4.0042
14,Rest,168.53333333332557,0.0,4.0043
14,Rest,168.6333333333314,0.0,4.0044
14,Rest,168.73333333332266,0.0,4.0045
14,Rest,168.83333333332848,0.0,4.0046
14,Rest,168.93333333331975,0.0,4.0047
14,Rest,169.03333333332557,0.0,4.0048
14,Rest,169.1333333333314,0.0,4.0049
14,Rest,169.23333333332266,0.0,4.0049
14,Rest,169.33333333332848,0.0,4.005
14,Rest,169.43333333331975,0.0,4.0051
14,Rest,169.53333333332557,0.0,4.0052
14,Rest,169.6333333333314,0.0,4.0053
14,Rest,169.73333333332266,0.0,4.0054
14,Rest,169.83333333332848,0.0,4.0054
14,Rest,169.93333333331975,0.0,4.0056
14,Rest,170.03333333332557,0.0,4.0056
14,Rest,170.1333333333314,0.0,4.0057
14,Rest,170.23333333332266,0.0,4.0058
14,Rest,170.33333333332848,0.0,4.0059
14,Rest,170.43333333331975,0.0,4.006
14,Rest,170.53333333332557,0.0,4.0061
14,Rest,170.6333333333314,0.0,4.0061
14,Rest,170.73333333332266,0.0,4.0062
14,Rest,170.83333333332848,0.0,4.0063
14,Rest,170.93333333331975,0.0,4.0064
14,Rest,171.03333333332557,0.0,4.0065
14,Rest,171.1333333333314,0.0,4.0065
14,Rest,171.23333333332266,0.0,4.0066
14,Rest,171.33333333332848,0.0,4.0067
14,Rest,171.43333333331975,0.0,4.0068
14,Rest,171.53333333332557,0.0,4.0069
14,Rest,171.6333333333314,0.0,4.007
14,Rest,171.73333333332266,0.0,4.0071
14,Rest,171.83333333332848,0.0,4.0071
14,Rest,171.93333333331975,0.0,4.0072
14,Rest,172.03333333332557,0.0,4.0073
14,Rest,172.1333333333314,0.0,4.0074
14,Rest,172.23333333332266,0.0,4.0074
14,Rest,172.33333333332848,0.0,4.0075
14,Rest,172.43333333331975,0.0,4.0076
14,Rest,172.53333333332557,0.0,4.0077
14,Rest,172.6333333333314,0.0,4.0077
14,Rest,172.73333333332266,0.0,4.0078
14,Rest,172.83333333332848,0.0,4.0079
14,Rest,172.93333333331975,0.0,4.008
14,Rest,173.03333333332557,0.0,4.0081
14,Rest,173.1333333333314,0.0,4.0081
14,Rest,173.23333333332266,0.0,4.0082
14,Rest,173.33333333332848,0.0,4.0083
14,Rest,173.43333333331975,0.0,4.0084
14,Rest,173.53333333332557,0.0,4.0084
14,Rest,173.6333333333314,0.0,4.0085
14,Rest,173.73333333332266,0.0,4.0086
14,Rest,173.83333333332848,0.0,4.0087
14,Rest,173.93333333331975,0.0,4.0087
14,Rest,174.03333333332557,0.0,4.0088
14,Rest,174.1333333333314,0.0,4.0089
14,Rest,174.23333333332266,0.0,4.009
14,Rest,174.33333333332848,0.0,4.0091
14,Rest,174.43333333331975,0.0,4.0092
14,Rest,174.53333333332557,0.0,4.0092
14,Rest,174.6333333333314,0.0,4.0093
14,Rest,174.73333333332266,0.0,4.0094
14,Rest,174.83333333332848,0.0,4.0095
14,Rest,174.93333333331975,0.0,4.0095
14,Rest,175.03333333332557,0.0,4.0096
14,Rest,175.1333333333314,0.0,4.0097
14,Rest,175.23333333332266,0.0,4.0097
14,Rest,175.33333333332848,0.0,4.0098
14,Rest,175.43333333331975,0.0,4.0099
14,Rest,175.53333333332557,0.0,4.0099
14,Rest,175.6333333333314,0.0,4.01
14,Rest,175.73333333332266,0.0,4.0101
14,Rest,175.83333333332848,0.0,4.0102
14,Rest,175.93333333331975,0.0,4.0103
14,Rest,176.03333333332557,0.0,4.0103
14,Rest,176.1333333333314,0.0,4.0104
14,Rest,176.23333333332266,0.0,4.0104
14,Rest,176.33333333332848,0.0,4.0105
14,Rest,176.43333333331975,0.0,4.0106
14,Rest,176.53333333332557,0.0,4.0107
14,Rest,176.6333333333314,0.0,4.0108
14,Rest,176.73333333332266,0.0,4.0108
14,Rest,176.83333333332848,0.0,4.0109
14,Rest,176.93333333331975,0.0,4.011
14,Rest,177.03333333332557,0.0,4.011
14,Rest,177.1333333333314,0.0,4.0111
14,Rest,177.23333333332266,0.0,4.0112
14,Rest,177.33333333332848,0.0,4.0112
14,Rest,177.43333333331975,0.0,4.0113
14,Rest,177.53333333332557,0.0,4.0114
14,Rest,177.6333333333314,0.0,4.0114
14,Rest,177.73333333332266,0.0,4.0115
14,Rest,177.83333333332848,0.0,4.0116
14,Rest,177.93333333331975,0.0,4.0116
14,Rest,178.03333333332557,0.0,4.0117
14,Rest,178.1333333333314,0.0,4.0117
14,Rest,178.23333333332266,0.0,4.0118
14,Rest,178.33333333332848,0.0,4.0119
14,Rest,178.43333333331975,0.0,4.012
14,Rest,178.53333333332557,0.0,4.012
14,Rest,178.6333333333314,0.0,4.0121
14,Rest,178.73333333332266,0.0,4.0121
14,Rest,178.83333333332848,0.0,4.0122
14,Rest,178.93333333331975,0.0,4.0122
14,Rest,179.03333333332557,0.0,4.0123
14,Rest,179.1333333333314,0.0,4.0124
14,Rest,179.23333333332266,0.0,4.0125
14,Rest,179.33333333332848,0.0,4.0125
14,Rest,179.43333333331975,0.0,4.0126
14,Rest,179.53333333332557,0.0,4.0127
14,Rest,179.6333333333314,0.0,4.0127
14,Rest,179.73333333332266,0.0,4.0128
14,Rest,179.83333333332848,0.0,4.0129
14,Rest,179.93333333331975,0.0,4.013
14,Rest,180.03333333332557,0.0,4.013
14,Rest,180.1333333333314,0.0,4.0131
14,Rest,180.23333333332266,0.0,4.0131
14,Rest,180.33333333332848,0.0,4.0132
14,Rest,180.43333333331975,0.0,4.0132
14,Rest,180.53333333332557,0.0,4.0133
14,Rest,180.6333333333314,0.0,4.0134
14,Rest,180.73333333332266,0.0,4.0134
14,Rest,180.83333333332848,0.0,4.0135
14,Rest,180.93333333331975,0.0,4.0135
14,Rest,181.03333333332557,0.0,4.0136
14,Rest,181.1333333333314,0.0,4.0137
14,Rest,181.23333333332266,0.0,4.0138
14,Rest,181.33333333332848,0.0,4.0138
14,Rest,181.43333333331975,0.0,4.0139
14,Rest,181.53333333332557,0.0,4.0139
14,Rest,181.6333333333314,0.0,4.014
14,Rest,181.73333333332266,0.0,4.014
14,Rest,181.83333333332848,0.0,4.0141
14,Rest,181.93333333331975,0.0,4.0142
14,Rest,182.03333333332557,0.0,4.0142
14,Rest,182.1333333333314,0.0,4.0143
14,Rest,182.23333333332266,0.0,4.0144
14,Rest,182.33333333332848,0.0,4.0144
14,Rest,182.43333333331975,0.0,4.0145
14,Rest,182.53333333332557,0.0,4.0145
14,Rest,182.6333333333314,0.0,4.0145
14,Rest,182.73333333332266,0.0,4.0146
14,Rest,182.83333333332848,0.0,4.0147
14,Rest,182.93333333331975,0.0,4.0148
14,Rest,183.03333333332557,0.0,4.0148
14,Rest,183.1333333333314,0.0,4.0148
14,Rest,183.23333333332266,0.0,4.0149
14,Rest,183.33333333332848,0.0,4.0149
14,Rest,183.43333333331975,0.0,4.015
14,Rest,183.53333333332557,0.0,4.015
14,Rest,183.6333333333314,0.0,4.0151
14,Rest,183.73333333332266,0.0,4.0152
14,Rest,183.83333333332848,0.0,4.0153
14,Rest,183.93333333331975,0.0,4.0153
14,Rest,184.03333333332557,0.0,4.0154
14,Rest,184.1333333333314,0.0,4.0154
14,Rest,184.23333333332266,0.0,4.0155
14,Rest,184.33333333332848,0.0,4.0156
14,Rest,184.43333333331975,0.0,4.0156
14,Rest,184.53333333332557,0.0,4.0157
14,Rest,184.6333333333314,0.0,4.0157
14,Rest,184.73333333332266,0.0,4.0158
14,Rest,184.83333333332848,0.0,4.0159
14,Rest,184.93333333331975,0.0,4.0159
14,Rest,185.03333333332557,0.0,4.016
14,Rest,185.1333333333314,0.0,4.016
14,Rest,185.23333333332266,0.0,4.0161
14,Rest,185.33333333332848,0.0,4.0162
14,Rest,185.43333333331975,0.0,4.0162
14,Rest,185.53333333332557,0.0,4.0163
14,Rest,185.6333333333314,0.0,4.0163
14,Rest,185.73333333332266,0.0,4.0164
14,Rest,185.83333333332848,0.0,4.0164
14,Rest,185.93333333331975,0.0,4.0165
14,Rest,186.03333333332557,0.0,4.0165
14,Rest,186.1333333333314,0.0,4.0166
14,Rest,186.23333333332266,0.0,4.0166
14,Rest,186.33333333332848,0.0,4.0167
14,Rest,186.43333333331975,0.0,4.0168
14,Rest,186.53333333332557,0.0,4.0168
14,Rest,186.6333333333314,0.0,4.0168
14,Rest,186.73333333332266,0.0,4.0169
14,Rest,186.83333333332848,0.0,4.0169
14,Rest,186.93333333331975,0.0,4.017
14,Rest,187.03333333332557,0.0,4.017
14,Rest,187.1333333333314,0.0,4.0171
14,Rest,187.23333333332266,0.0,4.0172
14,Rest,187.33333333332848,0.0,4.0172
14,Rest,187.43333333331975,0.0,4.0173
14,Rest,187.53333333332557,0.0,4.0173
14,Rest,187.6333333333314,0.0,4.0173
14,Rest,187.73333333332266,0.0,4.0174
14,Rest,187.83333333332848,0.0,4.0174
14,Rest,187.93333333331975,0.0,4.0175
14,Rest,188.03333333332557,0.0,4.0176
14,Rest,188.1333333333314,0.0,4.0177
14,Rest,188.23333333332266,0.0,4.0177
14,Rest,188.33333333332848,0.0,4.0178
14,Rest,188.43333333331975,0.0,4.0178
14,Rest,188.53333333332557,0.0,4.0178
14,Rest,188.6333333333314,0.0,4.0179
14,Rest,188.73333333332266,0.0,4.018
14,Rest,188.83333333332848,0.0,4.018
14,Rest,188.93333333331975,0.0,4.018
14,Rest,189.03333333332557,0.0,4.0181
14,Rest,189.1333333333314,0.0,4.0181
14,Rest,189.23333333332266,0.0,4.0182
14,Rest,189.33333333332848,0.0,4.0182
14,Rest,189.43333333331975,0.0,4.0183
14,Rest,189.53333333332557,0.0,4.0183
14,Rest,189.6333333333314,0.0,4.0184
14,Rest,189.73333333332266,0.0,4.0184
14,Rest,189.83333333332848,0.0,4.0185
14,Rest,189.93333333331975,0.0,4.0185
14,Rest,190.03333333332557,0.0,4.0186
14,Rest,190.1333333333314,0.0,4.0186
14,Rest,190.23333333332266,0.0,4.0187
14,Rest,190.33333333332848,0.0,4.0187
14,Rest,190.43333333331975,0.0,4.0187
14,Rest,190.53333333332557,0.0,4.0188
14,Rest,190.6333333333314,0.0,4.0189
14,Rest,190.73333333332266,0.0,4.0189
14,Rest,190.83333333332848,0.0,4.019
14,Rest,190.93333333331975,0.0,4.019
14,Rest,191.03333333332557,0.0,4.0191
14,Rest,191.1333333333314,0.0,4.0191
14,Rest,191.23333333332266,0.0,4.0192
14,Rest,191.33333333332848,0.0,4.0192
14,Rest,191.43333333331975,0.0,4.0193
14,Rest,191.53333333332557,0.0,4.0193
14,Rest,191.6333333333314,0.0,4.0193
14,Rest,191.73333333332266,0.0,4.0194
14,Rest,191.83333333332848,0.0,4.0195
14,Rest,191.93333333331975,0.0,4.0195
14,Rest,192.03333333332557,0.0,4.0196
14,Rest,192.1333333333314,0.0,4.0197
14,Rest,192.23333333332266,0.0,4.0197
14,Rest,192.33333333332848,0.0,4.0197
14,Rest,192.43333333331975,0.0,4.0198
14,Rest,192.53333333332557,0.0,4.0198
14,Rest,192.6333333333314,0.0,4.0199
14,Rest,192.73333333332266,0.0,4.0199
14,Rest,192.83333333332848,0.0,4.02
14,Rest,192.93333333331975,0.0,4.02
14,Rest,193.03333333332557,0.0,4.02
14,Rest,193.1333333333314,0.0,4.0201
14,Rest,193.23333333332266,0.0,4.0201
14,Rest,193.33333333332848,0.0,4.0202
14,Rest,193.43333333331975,0.0,4.0202
14,Rest,193.53333333332557,0.0,4.0203
14,Rest,193.6333333333314,0.0,4.0203
14,Rest,193.73333333332266,0.0,4.0204
14,Rest,193.83333333332848,0.0,4.0205
14,Rest,193.93333333331975,0.0,4.0205
14,Rest,194.03333333332557,0.0,4.0205
14,Rest,194.1333333333314,0.0,4.0206
14,Rest,194.23333333332266,0.0,4.0206
14,Rest,194.33333333332848,0.0,4.0207
14,Rest,194.43333333331975,0.0,4.0207
14,Rest,194.53333333332557,0.0,4.0208
14,Rest,194.6333333333314,0.0,4.0208
14,Rest,194.73333333332266,0.0,4.0208
14,Rest,194.83333333332848,0.0,4.0209
14,Rest,194.93333333331975,0.0,4.0209
14,Rest,195.03333333332557,0.0,4.021
14,Rest,195.1333333333314,0.0,4.021
14,Rest,195.23333333332266,0.0,4.0211
14,Rest,195.33333333332848,0.0,4.0211
14,Rest,195.43333333331975,0.0,4.0212
14,Rest,195.53333333332557,0.0,4.0212
14,Rest,195.6333333333314,0.0,4.0213
14,Rest,195.73333333332266,0.0,4.0213
14,Rest,195.83333333332848,0.0,4.0213
14,Rest,195.93333333331975,0.0,4.0214
14,Rest,196.03333333332557,0.0,4.0214
14,Rest,196.1333333333314,0.0,4.0215
14,Rest,196.23333333332266,0.0,4.0215
14,Rest,196.33333333332848,0.0,4.0216
14,Rest,196.43333333331975,0.0,4.0216
14,Rest,196.53333333332557,0.0,4.0216
14,Rest,196.6333333333314,0.0,4.0217
14,Rest,196.73333333332266,0.0,4.0217
14,Rest,196.83333333332848,0.0,4.0218
14,Rest,196.93333333331975,0.0,4.0218
14,Rest,197.03333333332557,0.0,4.0219
14,Rest,197.1333333333314,0.0,4.0219
14,Rest,197.23333333332266,0.0,4.022
14,Rest,197.33333333332848,0.0,4.022
14,Rest,197.43333333331975,0.0,4.022
14,Rest,197.53333333332557,0.0,4.0221
14,Rest,197.6333333333314,0.0,4.0221
14,Rest,197.73333333332266,0.0,4.0221
14,Rest,197.83333333332848,0.0,4.0222
14,Rest,197.93333333331975,0.0,4.0222
14,Rest,198.03333333332557,0.0,4.0223
14,Rest,198.1333333333314,0.0,4.0223
14,Rest,198.23333333332266,0.0,4.0224
14,Rest,198.33333333332848,0.0,4.0224
14,Rest,198.43333333331975,0.0,4.0225
14,Rest,198.53333333332557,0.0,4.0225
14,Rest,198.6333333333314,0.0,4.0225
14,Rest,198.73333333332266,0.0,4.0226
14,Rest,198.83333333332848,0.0,4.0226
14,Rest,198.93333333331975,0.0,4.0226
14,Rest,199.03333333332557,0.0,4.0227
14,Rest,199.1333333333314,0.0,4.0227
14,Rest,199.23333333332266,0.0,4.0227
14,Rest,199.33333333332848,0.0,4.0228
14,Rest,199.43333333331975,0.0,4.0229
14,Rest,199.53333333332557,0.0,4.0229
14,Rest,199.6333333333314,0.0,4.0229
14,Rest,199.73333333332266,0.0,4.0229
14,Rest,199.83333333332848,0.0,4.023
14,Rest,199.93333333331975,0.0,4.023
14,Rest,200.03333333332557,0.0,4.0231
14,Rest,200.1333333333314,0.0,4.0231
14,Rest,200.23333333332266,0.0,4.0231
14,Rest,200.33333333332848,0.0,4.0232
14,Rest,200.43333333331975,0.0,4.0232
14,Rest,200.53333333332557,0.0,4.0232
14,Rest,200.6333333333314,0.0,4.0233
14,Rest,200.73333333332266,0.0,4.0233
14,Rest,200.83333333332848,0.0,4.0234
14,Rest,200.93333333331975,0.0,4.0234
14,Rest,201.03333333332557,0.0,4.0234
14,Rest,201.1333333333314,0.0,4.0235
14,Rest,201.23333333332266,0.0,4.0235
14,Rest,201.33333333332848,0.0,4.0235
14,Rest,201.43333333331975,0.0,4.0236
14,Rest,201.53333333332557,0.0,4.0236
14,Rest,201.6333333333314,0.0,4.0237
14,Rest,201.73333333332266,0.0,4.0237
14,Rest,201.83333333332848,0.0,4.0238
14,Rest,201.93333333331975,0.0,4.0238
14,Rest,202.03333333332557,0.0,4.0238
14,Rest,202.1333333333314,0.0,4.0238
14,Rest,202.23333333332266,0.0,4.0239
14,Rest,202.33333333332848,0.0,4.0239
14,Rest,202.43333333331975,0.0,4.024
14,Rest,202.53333333332557,0.0,4.024
14,Rest,202.6333333333314,0.0,4.024
14,Rest,202.73333333332266,0.0,4.0241
14,Rest,202.83333333332848,0.0,4.0241
14,Rest,202.93333333331975,0.0,4.0241
14,Rest,203.03333333332557,0.0,4.0241
14,Rest,203.1333333333314,0.0,4.0242
14,Rest,203.23333333332266,0.0,4.0243
14,Rest,203.33333333332848,0.0,4.0243
14,Rest,203.43333333331975,0.0,4.0243
14,Rest,203.53333333332557,0.0,4.0244
14,Rest,203.6333333333314,0.0,4.0244
14,Rest,203.73333333332266,0.0,4.0245
14,Rest,203.83333333332848,0.0,4.0245
14,Rest,203.93333333331975,0.0,4.0245
14,Rest,204.03333333332557,0.0,4.0246
14,Rest,204.1333333333314,0.0,4.0246
14,Rest,204.23333333332266,0.0,4.0246
14,Rest,204.33333333332848,0.0,4.0247
14,Rest,204.43333333331975,0.0,4.0247
14,Rest,204.53333333332557,0.0,4.0247
14,Rest,204.6333333333314,0.0,4.0247
14,Rest,204.73333333332266,0.0,4.0248
14,Rest,204.83333333332848,0.0,4.0248
14,Rest,204.93333333331975,0.0,4.0248
14,Rest,205.03333333332557,0.0,4.0249
14,Rest,205.1333333333314,0.0,4.0249
14,Rest,205.23333333332266,0.0,4.025
14,Rest,205.33333333332848,0.0,4.025
14,Rest,205.43333333331975,0.0,4.025
14,Rest,205.53333333332557,0.0,4.0251
14,Rest,205.6333333333314,0.0,4.0251
14,Rest,205.73333333332266,0.0,4.0251
14,Rest,205.83333333332848,0.0,4.0251
14,Rest,205.93333333331975,0.0,4.0252
14,Rest,206.03333333332557,0.0,4.0253
14,Rest,206.1333333333314,0.0,4.0253
14,Rest,206.23333333332266,0.0,4.0253
14,Rest,206.33333333332848,0.0,4.0253
14,Rest,206.43333333331975,0.0,4.0253
14,Rest,206.53333333332557,0.0,4.0253
14,Rest,206.6333333333314,0.0,4.0254
14,Rest,206.73333333332266,0.0,4.0255
14,Rest,206.83333333332848,0.0,4.0255
14,Rest,206.93333333331975,0.0,4.0255
14,Rest,207.03333333332557,0.0,4.0256
14,Rest,207.1333333333314,0.0,4.0256
14,Rest,207.23333333332266,0.0,4.0256
14,Rest,207.33333333332848,0.0,4.0257
14,Rest,207.43333333331975,0.0,4.0257
14,Rest,207.53333333332557,0.0,4.0258
14,Rest,207.6333333333314,0.0,4.0258
14,Rest,207.73333333332266,0.0,4.0258
14,Rest,207.83333333332848,0.0,4.0259
14,Rest,207.93333333331975,0.0,4.0259
14,Rest,208.03333333332557,0.0,4.0259
14,Rest,208.1333333333314,0.0,4.026
14,Rest,208.23333333332266,0.0,4.026
14,Rest,208.33333333332848,0.0,4.026
14,Rest,208.43333333331975,0.0,4.026
14,Rest,208.53333333332557,0.0,4.0261
14,Rest,208.6333333333314,0.0,4.0261
14,Rest,208.73333333332266,0.0,4.0261
14,Rest,208.83333333332848,0.0,4.0262
14,Rest,208.93333333331975,0.0,4.0262
14,Rest,209.03333333332557,0.0,4.0262
14,Rest,209.1333333333314,0.0,4.0263
14,Rest,209.23333333332266,0.0,4.0263
14,Rest,209.33333333332848,0.0,4.0263
14,Rest,209.43333333331975,0.0,4.0263
14,Rest,209.53333333332557,0.0,4.0264
14,Rest,209.6333333333314,0.0,4.0264
14,Rest,209.73333333332266,0.0,4.0265
14,Rest,209.83333333332848,0.0,4.0265
14,Rest,209.93333333331975,0.0,4.0265
14,Rest,210.03333333332557,0.0,4.0265
14,Rest,210.1333333333314,0.0,4.0266
14,Rest,210.23333333332266,0.0,4.0266
14,Rest,210.33333333332848,0.0,4.0266
14,Rest,210.43333333331975,0.0,4.0267
14,Rest,210.53333333332557,0.0,4.0267
14,Rest,210.6333333333314,0.0,4.0268
14,Rest,210.73333333332266,0.0,4.0268
14,Rest,210.83333333332848,0.0,4.0268
14,Rest,210.93333333331975,0.0,4.0268
14,Rest,211.03333333332557,0.0,4.0268
14,Rest,211.1333333333314,0.0,4.0269
14,Rest,211.23333333332266,0.0,4.0269
14,Rest,211.33333333332848,0.0,4.027
14,Rest,211.43333333331975,0.0,4.027
14,Rest,211.53333333332557,0.0,4.027
14,Rest,211.6333333333314,0.0,4.0271
14,Rest,211.73333333332266,0.0,4.0271
14,Rest,211.83333333332848,0.0,4.0271
14,Rest,211.93333333331975,0.0,4.0271
14,Rest,212.03333333332557,0.0,4.0272
14,Rest,212.1333333333314,0.0,4.0272
14,Rest,212.23333333332266,0.0,4.0273
14,Rest,212.33333333332848,0.0,4.0273
14,Rest,212.43333333331975,0.0,4.0273
14,Rest,212.53333333332557,0.0,4.0274
14,Rest,212.6333333333314,0.0,4.0274
14,Rest,212.73333333332266,0.0,4.0274
14,Rest,212.83333333332848,0.0,4.0275
14,Rest,212.93333333331975,0.0,4.0275
14,Rest,213.03333333332557,0.0,4.0275
14,Rest,213.1333333333314,0.0,4.0275
14,Rest,213.23333333332266,0.0,4.0275
14,Rest,213.33333333332848,0.0,4.0276
14,Rest,213.43333333331975,0.0,4.0276
14,Rest,213.53333333332557,0.0,4.0276
14,Rest,213.6333333333314,0.0,4.0276
14,Rest,213.73333333332266,0.0,4.0277
14,Rest,213.83333333332848,0.0,4.0277
14,Rest,213.93333333331975,0.0,4.0278
14,Rest,214.03333333332557,0.0,4.0278
14,Rest,214.1333333333314,0.0,4.0278
14,Rest,214.23333333332266,0.0,4.0279
14,Rest,214.33333333332848,0.0,4.0279
14,Rest,214.43333333331975,0.0,4.0279
14,Rest,214.53333333332557,0.0,4.028
14,Rest,214.6333333333314,0.0,4.028
14,Rest,214.73333333332266,0.0,4.028
14,Rest,214.83333333332848,0.0,4.028
14,Rest,214.93333333331975,0.0,4.0281
14,Rest,215.03333333332557,0.0,4.0281
14,Rest,215.1333333333314,0.0,4.0281
14,Rest,215.23333333332266,0.0,4.0282
14,Rest,215.33333333332848,0.0,4.0282
14,Rest,215.43333333331975,0.0,4.0282
14,Rest,215.53333333332557,0.0,4.0282
14,Rest,215.6333333333314,0.0,4.0282
14,Rest,215.73333333332266,0.0,4.0282
14,Rest,215.83333333332848,0.0,4.0283
14,Rest,215.93333333331975,0.0,4.0283
14,Rest,216.03333333332557,0.0,4.0284
14,Rest,216.1333333333314,0.0,4.0284
14,Rest,216.23333333332266,0.0,4.0284
14,Rest,216.33333333332848,0.0,4.0285
14,Rest,216.43333333331975,0.0,4.0285
14,Rest,216.53333333332557,0.0,4.0285
14,Rest,216.6333333333314,0.0,4.0286
14,Rest,216.73333333332266,0.0,4.0286
14,Rest,216.83333333332848,0.0,4.0286
14,Rest,216.93333333331975,0.0,4.0286
14,Rest,217.03333333332557,0.0,4.0287
14,Rest,217.1333333333314,0.0,4.0287
14,Rest,217.23333333332266,0.0,4.0287
14,Rest,217.33333333332848,0.0,4.0287
14,Rest,217.43333333331975,0.0,4.0288
14,Rest,217.53333333332557,0.0,4.0288
14,Rest,217.6333333333314,0.0,4.0288
14,Rest,217.73333333332266,0.0,4.0289
14,Rest,217.83333333332848,0.0,4.0289
14,Rest,217.93333333331975,0.0,4.0289
14,Rest,218.03333333332557,0.0,4.0289
14,Rest,218.1333333333314,0.0,4.029
14,Rest,218.23333333332266,0.0,4.029
14,Rest,218.33333333332848,0.0,4.029
14,Rest,218.43333333331975,0.0,4.029
14,Rest,218.53333333332557,0.0,4.0291
14,Rest,218.6333333333314,0.0,4.0291
14,Rest,218.73333333332266,0.0,4.0291
14,Rest,218.83333333332848,0.0,4.0291
14,Rest,218.93333333331975,0.0,4.0292
14,Rest,219.03333333332557,0.0,4.0292
14,Rest,219.1333333333314,0.0,4.0293
14,Rest,219.23333333332266,0.0,4.0293
14,Rest,219.33333333332848,0.0,4.0293
14,Rest,219.43333333331975,0.0,4.0293
14,Rest,219.53333333332557,0.0,4.0294
14,Rest,219.6333333333314,0.0,4.0294
14,Rest,219.73333333332266,0.0,4.0294
14,Rest,219.83333333332848,0.0,4.0295
14,Rest,219.93333333331975,0.0,4.0294
14,Rest,220.03333333332557,0.0,4.0295
14,Rest,220.1333333333314,0.0,4.0295
14,Rest,220.23333333332266,0.0,4.0295
14,Rest,220.33333333332848,0.0,4.0296
14,Rest,220.43333333331975,0.0,4.0296
14,Rest,220.53333333332557,0.0,4.0296
14,Rest,220.6333333333314,0.0,4.0296
14,Rest,220.73333333332266,0.0,4.0297
14,Rest,220.83333333332848,0.0,4.0297
14,Rest,220.93333333331975,0.0,4.0297
14,Rest,221.03333333332557,0.0,4.0298
14,Rest,221.1333333333314,0.0,4.0298
14,Rest,221.23333333332266,0.0,4.0298
14,Rest,221.33333333332848,0.0,4.0298
14,Rest,221.43333333331975,0.0,4.0299
14,Rest,221.53333333332557,0.0,4.0299
14,Rest,221.6333333333314,0.0,4.0299
14,Rest,221.73333333332266,0.0,4.0299
14,Rest,221.83333333332848,0.0,4.03
14,Rest,221.93333333331975,0.0,4.03
14,Rest,222.03333333332557,0.0,4.03
14,Rest,222.1333333333314,0.0,4.0301
14,Rest,222.23333333332266,0.0,4.0301
14,Rest,222.33333333332848,0.0,4.0301
14,Rest,222.43333333331975,0.0,4.0301
14,Rest,222.53333333332557,0.0,4.0301
14,Rest,222.6333333333314,0.0,4.0301
14,Rest,222.73333333332266,0.0,4.0302
14,Rest,222.83333333332848,0.0,4.0302
14,Rest,222.93333333331975,0.0,4.0302
14,Rest,223.03333333332557,0.0,4.0303
14,Rest,223.1333333333314,0.0,4.0303
14,Rest,223.23333333332266,0.0,4.0303
14,Rest,223.33333333332848,0.0,4.0303
14,Rest,223.43333333331975,0.0,4.0304
14,Rest,223.53333333332557,0.0,4.0304
14,Rest,223.6333333333314,0.0,4.0304
14,Rest,223.73333333332266,0.0,4.0304
14,Rest,223.83333333332848,0.0,4.0304
14,Rest,223.93333333331975,0.0,4.0305
14,Rest,224.03333333332557,0.0,4.0305
14,Rest,224.1333333333314,0.0,4.0305
14,Rest,224.23333333332266,0.0,4.0305
14,Rest,224.33333333332848,0.0,4.0306
14,Rest,224.43333333331975,0.0,4.0306
14,Rest,224.53333333332557,0.0,4.0306
14,Rest,224.6333333333314,0.0,4.0306
14,Rest,224.73333333332266,0.0,4.0307
14,Rest,224.83333333332848,0.0,4.0307
14,Rest,224.93333333331975,0.0,4.0307
14,Rest,225.03333333332557,0.0,4.0307
14,Rest,225.1333333333314,0.0,4.0308
14,Rest,225.23333333332266,0.0,4.0308
14,Rest,225.33333333332848,0.0,4.0308
14,Rest,225.43333333331975,0.0,4.0309
14,Rest,225.53333333332557,0.0,4.0309
14,Rest,225.6333333333314,0.0,4.0309
14,Rest,225.73333333332266,0.0,4.0309
14,Rest,225.83333333332848,0.0,4.031
14,Rest,225.93333333331975,0.0,4.031
14,Rest,226.03333333332557,0.0,4.031
14,Rest,226.1333333333314,0.0,4.031
14,Rest,226.23333333332266,0.0,4.031
14,Rest,226.33333333332848,0.0,4.0311
14,Rest,226.43333333331975,0.0,4.0311
14,Rest,226.53333333332557,0.0,4.0311
14,Rest,226.6333333333314,0.0,4.0311
14,Rest,226.73333333332266,0.0,4.0311
14,Rest,226.83333333332848,0.0,4.0312
14,Rest,226.93333333331975,0.0,4.0311
14,Rest,227.03333333332557,0.0,4.0312
14,Rest,227.1333333333314,0.0,4.0313
14,Rest,227.23333333332266,0.0,4.0313
14,Rest,227.33333333332848,0.0,4.0313
14,Rest,227.43333333331975,0.0,4.0313
14,Rest,227.53333333332557,0.0,4.0313
14,Rest,227.6333333333314,0.0,4.0313
14,Rest,227.73333333332266,0.0,4.0314
14,Rest,227.83333333332848,0.0,4.0314
14,Rest,227.93333333331975,0.0,4.0314
14,Rest,228.03333333332557,0.0,4.0315
14,Rest,228.1333333333314,0.0,4.0315
14,Rest,228.23333333332266,0.0,4.0315
14,Rest,228.33333333332848,0.0,4.0315
14,Rest,228.43333333331975,0.0,4.0315
14,Rest,228.53333333332557,0.0,4.0315
14,Rest,228.6333333333314,0.0,4.0316
14,Rest,228.73333333332266,0.0,4.0316
14,Rest,228.83333333332848,0.0,4.0316
14,Rest,228.93333333331975,0.0,4.0317
14,Rest,229.03333333332557,0.0,4.0317
14,Rest,229.1333333333314,0.0,4.0317
14,Rest,229.23333333332266,0.0,4.0317
14,Rest,229.33333333332848,0.0,4.0317
14,Rest,229.43333333331975,0.0,4.0318
14,Rest,229.53333333332557,0.0,4.0318
14,Rest,229.6333333333314,0.0,4.0318
14,Rest,229.73333333332266,0.0,4.0318
14,Rest,229.83333333332848,0.0,4.0319
14,Rest,229.93333333331975,0.0,4.0319
14,Rest,230.03333333332557,0.0,4.0319
14,Rest,230.1333333333314,0.0,4.0319
14,Rest,230.23333333332266,0.0,4.0319
14,Rest,230.33333333332848,0.0,4.0319
14,Rest,230.43333333331975,0.0,4.032
14,Rest,230.53333333332557,0.0,4.032
14,Rest,230.6333333333314,0.0,4.032
14,Rest,230.73333333332266,0.0,4.032
14,Rest,230.83333333332848,0.0,4.0321
14,Rest,230.93333333331975,0.0,4.0321
14,Rest,231.03333333332557,0.0,4.0321
14,Rest,231.1333333333314,0.0,4.0321
14,Rest,231.23333333332266,0.0,4.0321
14,Rest,231.33333333332848,0.0,4.0322
14,Rest,231.43333333331975,0.0,4.0322
14,Rest,231.53333333332557,0.0,4.0322
14,Rest,231.6333333333314,0.0,4.0322
14,Rest,231.73333333332266,0.0,4.0323
14,Rest,231.83333333332848,0.0,4.0323
14,Rest,231.93333333331975,0.0,4.0323
14,Rest,232.03333333332557,0.0,4.0323
14,Rest,232.1333333333314,0.0,4.0323
14,Rest,232.23333333332266,0.0,4.0323
14,Rest,232.33333333332848,0.0,4.0323
14,Rest,232.43333333331975,0.0,4.0324
14,Rest,232.53333333332557,0.0,4.0324
14,Rest,232.6333333333314,0.0,4.0324
14,Rest,232.73333333332266,0.0,4.0325
14,Rest,232.83333333332848,0.0,4.0325
14,Rest,232.93333333331975,0.0,4.0325
14,Rest,233.03333333332557,0.0,4.0325
14,Rest,233.1333333333314,0.0,4.0326
14,Rest,233.23333333332266,0.0,4.0325
14,Rest,233.33333333332848,0.0,4.0325
14,Rest,233.43333333331975,0.0,4.0326
14,Rest,233.53333333332557,0.0,4.0326
14,Rest,233.6333333333314,0.0,4.0326
14,Rest,233.73333333332266,0.0,4.0327
14,Rest,233.83333333332848,0.0,4.0327
14,Rest,233.93333333331975,0.0,4.0327
14,Rest,234.03333333332557,0.0,4.0327
14,Rest,234.1333333333314,0.0,4.0328
14,Rest,234.23333333332266,0.0,4.0328
14,Rest,234.33333333332848,0.0,4.0328
14,Rest,234.43333333331975,0.0,4.0328
14,Rest,234.53333333332557,0.0,4.0328
14,Rest,234.6333333333314,0.0,4.0328
14,Rest,234.73333333332266,0.0,4.0329
14,Rest,234.83333333332848,0.0,4.0329
14,Rest,234.93333333331975,0.0,4.0329
14,Rest,235.03333333332557,0.0,4.0329
14,Rest,235.1333333333314,0.0,4.0329
14,Rest,235.23333333332266,0.0,4.0329
14,Rest,235.33333333332848,0.0,4.033
14,Rest,235.43333333331975,0.0,4.033
14,Rest,235.53333333332557,0.0,4.033
14,Rest,235.6333333333314,0.0,4.033
14,Rest,235.73333333332266,0.0,4.0331
14,Rest,235.83333333332848,0.0,4.0331
14,Rest,235.93333333331975,0.0,4.0331
14,Rest,236.03333333332557,0.0,4.0331
14,Rest,236.1333333333314,0.0,4.0331
14,Rest,236.23333333332266,0.0,4.0331
14,Rest,236.33333333332848,0.0,4.0332
14,Rest,236.43333333331975,0.0,4.0332
14,Rest,236.53333333332557,0.0,4.0332
14,Rest,236.6333333333314,0.0,4.0332
14,Rest,236.73333333332266,0.0,4.0332
14,Rest,236.83333333332848,0.0,4.0333
14,Rest,236.93333333331975,0.0,4.0333
14,Rest,237.03333333332557,0.0,4.0333
14,Rest,237.1333333333314,0.0,4.0333
14,Rest,237.23333333332266,0.0,4.0333
14,Rest,237.33333333332848,0.0,4.0334
14,Rest,237.43333333331975,0.0,4.0334
14,Rest,237.53333333332557,0.0,4.0334
14,Rest,237.6333333333314,0.0,4.0334
14,Rest,237.73333333332266,0.0,4.0334
14,Rest,237.83333333332848,0.0,4.0334
14,Rest,237.93333333331975,0.0,4.0335
14,Rest,238.03333333332557,0.0,4.0335
14,Rest,238.1333333333314,0.0,4.0335
14,Rest,238.23333333332266,0.0,4.0335
14,Rest,238.33333333332848,0.0,4.0335
14,Rest,238.43333333331975,0.0,4.0335
14,Rest,238.53333333332557,0.0,4.0336
14,Rest,238.6333333333314,0.0,4.0336
14,Rest,238.73333333332266,0.0,4.0336
14,Rest,238.83333333332848,0.0,4.0336
14,Rest,238.93333333331975,0.0,4.0336
14,Rest,239.03333333332557,0.0,4.0336
14,Rest,239.1333333333314,0.0,4.0337
14,Rest,239.23333333332266,0.0,4.0337
14,Rest,239.33333333332848,0.0,4.0337
14,Rest,239.43333333331975,0.0,4.0337
14,Rest,239.53333333332557,0.0,4.0337
14,Rest,239.6333333333314,0.0,4.0338
14,Rest,239.73333333332266,0.0,4.0338
14,Rest,239.83333333332848,0.0,4.0338
14,Rest,239.93333333331975,0.0,4.0338
14,Rest,240.03333333332557,0.0,4.0339
14,Rest,240.1333333333314,0.0,4.0339
14,Rest,240.23333333332266,0.0,4.0339
14,Rest,240.33333333332848,0.0,4.0339
14,Rest,240.43333333331975,0.0,4.0339
14,Rest,240.53333333332557,0.0,4.0339
14,Rest,240.6333333333314,0.0,4.034
14,Rest,240.73333333332266,0.0,4.034
14,Rest,240.83333333332848,0.0,4.034
14,Rest,240.93333333331975,0.0,4.034
14,Rest,241.03333333332557,0.0,4.034
14,Rest,241.1333333333314,0.0,4.034
14,Rest,241.23333333332266,0.0,4.034
14,Rest,241.33333333332848,0.0,4.0341
14,Rest,241.43333333331975,0.0,4.0341
14,Rest,241.53333333332557,0.0,4.0341
14,Rest,241.6333333333314,0.0,4.0341
14,Rest,241.73333333332266,0.0,4.0341
14,Rest,241.83333333332848,0.0,4.0341
14,Rest,241.93333333331975,0.0,4.0341
14,Rest,242.03333333332557,0.0,4.0342
14,Rest,242.1333333333314,0.0,4.0342
14,Rest,242.23333333332266,0.0,4.0342
14,Rest,242.33333333332848,0.0,4.0342
14,Rest,242.43333333331975,0.0,4.0342
14,Rest,242.53333333332557,0.0,4.0343
14,Rest,242.6333333333314,0.0,4.0343
14,Rest,242.73333333332266,0.0,4.0343
14,Rest,242.83333333332848,0.0,4.0343
14,Rest,242.93333333331975,0.0,4.0343
14,Rest,243.03333333332557,0.0,4.0343
14,Rest,243.1333333333314,0.0,4.0344
14,Rest,243.23333333332266,0.0,4.0344
14,Rest,243.33333333332848,0.0,4.0344
14,Rest,243.43333333331975,0.0,4.0345
14,Rest,243.53333333332557,0.0,4.0345
14,Rest,243.6333333333314,0.0,4.0345
14,Rest,243.73333333332266,0.0,4.0345
14,Rest,243.83333333332848,0.0,4.0344
14,Rest,243.93333333331975,0.0,4.0344
14,Rest,244.03333333332557,0.0,4.0345
14,Rest,244.1333333333314,0.0,4.0345
14,Rest,244.23333333332266,0.0,4.0345
14,Rest,244.33333333332848,0.0,4.0346
14,Rest,244.43333333331975,0.0,4.0346
14,Rest,244.53333333332557,0.0,4.0346
14,Rest,244.6333333333314,0.0,4.0346
14,Rest,244.73333333332266,0.0,4.0346
14,Rest,244.83333333332848,0.0,4.0346
14,Rest,244.93333333331975,0.0,4.0347
14,Rest,245.03333333332557,0.0,4.0347
14,Rest,245.1333333333314,0.0,4.0347
14,Rest,245.23333333332266,0.0,4.0347
14,Rest,245.33333333332848,0.0,4.0347
14,Rest,245.43333333331975,0.0,4.0347
14,Rest,245.53333333332557,0.0,4.0348
14,Rest,245.6333333333314,0.0,4.0348
14,Rest,245.73333333332266,0.0,4.0348
14,Rest,245.83333333332848,0.0,4.0348
14,Rest,245.93333333331975,0.0,4.0349
14,Rest,246.03333333332557,0.0,4.0349
14,Rest,246.1333333333314,0.0,4.0349
14,Rest,246.23333333332266,0.0,4.0349
14,Rest,246.33333333332848,0.0,4.0349
14,Rest,246.43333333331975,0.0,4.0349
14,Rest,246.53333333332557,0.0,4.0349
14,Rest,246.6333333333314,0.0,4.0349
14,Rest,246.73333333332266,0.0,4.035
14,Rest,246.83333333332848,0.0,4.035
14,Rest,246.93333333331975,0.0,4.035
14,Rest,247.03333333332557,0.0,4.035
14,Rest,247.1333333333314,0.0,4.035
14,Rest,247.23333333332266,0.0,4.035
14,Rest,247.33333333332848,0.0,4.0351
14,Rest,247.43333333331975,0.0,4.0351
14,Rest,247.53333333332557,0.0,4.0351
14,Rest,247.6333333333314,0.0,4.0352
14,Rest,247.73333333332266,0.0,4.0352
14,Rest,247.83333333332848,0.0,4.0352
14,Rest,247.93333333331975,0.0,4.0352
14,Rest,248.03333333332557,0.0,4.0352
14,Rest,248.1333333333314,0.0,4.0352
14,Rest,248.23333333332266,0.0,4.0352
14,Rest,248.33333333332848,0.0,4.0352
14,Rest,248.43333333331975,0.0,4.0353
14,Rest,248.53333333332557,0.0,4.0353
14,Rest,248.6333333333314,0.0,4.0353
14,Rest,248.73333333332266,0.0,4.0353
14,Rest,248.83333333332848,0.0,4.0353
14,Rest,248.93333333331975,0.0,4.0353
14,Rest,249.03333333332557,0.0,4.0354
14,Rest,249.1333333333314,0.0,4.0354
14,Rest,249.23333333332266,0.0,4.0354
14,Rest,249.33333333332848,0.0,4.0354
14,Rest,249.43333333331975,0.0,4.0354
14,Rest,249.53333333332557,0.0,4.0354
14,Rest,249.6333333333314,0.0,4.0355
14,Rest,249.73333333332266,0.0,4.0355
14,Rest,249.83333333332848,0.0,4.0355
14,Rest,249.93333333331975,0.0,4.0355
14,Rest,250.03333333332557,0.0,4.0355
14,Rest,250.1333333333314,0.0,4.0356
14,Rest,250.23333333332266,0.0,4.0356
14,Rest,250.33333333332848,0.0,4.0356
14,Rest,250.43333333331975,0.0,4.0356
14,Rest,250.53333333332557,0.0,4.0356
14,Rest,250.6333333333314,0.0,4.0356
14,Rest,250.73333333332266,0.0,4.0357
14,Rest,250.83333333332848,0.0,4.0357
14,Rest,250.93333333331975,0.0,4.0357
14,Rest,251.03333333332557,0.0,4.0357
14,Rest,251.1333333333314,0.0,4.0357
14,Rest,251.23333333332266,0.0,4.0357
14,Rest,251.33333333332848,0.0,4.0357
14,Rest,251.43333333331975,0.0,4.0358
14,Rest,251.53333333332557,0.0,4.0358
14,Rest,251.6333333333314,0.0,4.0358
14,Rest,251.73333333332266,0.0,4.0358
14,Rest,251.83333333332848,0.0,4.0358
14,Rest,251.93333333331975,0.0,4.0358
14,Rest,252.03333333332557,0.0,4.0358
14,Rest,252.1333333333314,0.0,4.0359
14,Rest,252.23333333332266,0.0,4.0359
14,Rest,252.33333333332848,0.0,4.0359
14,Rest,252.43333333331975,0.0,4.0359
14,Rest,252.53333333332557,0.0,4.0359
14,Rest,252.6333333333314,0.0,4.036
14,Rest,252.73333333332266,0.0,4.036
14,Rest,252.83333333332848,0.0,4.036
14,Rest,252.93333333331975,0.0,4.036
14,Rest,253.03333333332557,0.0,4.036
14,Rest,253.1333333333314,0.0,4.036
14,Rest,253.23333333332266,0.0,4.036
14,Rest,253.33333333332848,0.0,4.036
14,Rest,253.43333333331975,0.0,4.0361
14,Rest,253.53333333332557,0.0,4.0361
14,Rest,253.6333333333314,0.0,4.0361
14,Rest,253.73333333332266,0.0,4.0361
14,Rest,253.83333333332848,0.0,4.0362
14,Rest,253.93333333331975,0.0,4.0362
14,Rest,254.03333333332557,0.0,4.0362
14,Rest,254.1333333333314,0.0,4.0362
14,Rest,254.23333333332266,0.0,4.0362
14,Rest,254.33333333332848,0.0,4.0362
14,Rest,254.43333333331975,0.0,4.0362
14,Rest,254.53333333332557,0.0,4.0362
14,Rest,254.6333333333314,0.0,4.0363
14,Rest,254.73333333332266,0.0,4.0363
14,Rest,254.83333333332848,0.0,4.0363
14,Rest,254.93333333331975,0.0,4.0363
14,Rest,255.03333333332557,0.0,4.0363
14,Rest,255.1333333333314,0.0,4.0363
14,Rest,255.23333333332266,0.0,4.0363
14,Rest,255.33333333332848,0.0,4.0363
14,Rest,255.43333333331975,0.0,4.0364
14,Rest,255.53333333332557,0.0,4.0364
14,Rest,255.6333333333314,0.0,4.0364
14,Rest,255.73333333332266,0.0,4.0364
14,Rest,255.83333333332848,0.0,4.0364
14,Rest,255.93333333331975,0.0,4.0364
14,Rest,256.0333333333256,0.0,4.0364
14,Rest,256.1333333333314,0.0,4.0364
14,Rest,256.23333333332266,0.0,4.0364
14,Rest,256.3333333333285,0.0,4.0365
14,Rest,256.43333333331975,0.0,4.0365
14,Rest,256.5333333333256,0.0,4.0365
14,Rest,256.6333333333314,0.0,4.0365
14,Rest,256.73333333332266,0.0,4.0365
14,Rest,256.8333333333285,0.0,4.0366
14,Rest,256.93333333331975,0.0,4.0366
14,Rest,257.0333333333256,0.0,4.0366
14,Rest,257.1333333333314,0.0,4.0366
14,Rest,257.23333333332266,0.0,4.0366
14,Rest,257.3333333333285,0.0,4.0366
14,Rest,257.43333333331975,0.0,4.0367
14,Rest,257.5333333333256,0.0,4.0367
14,Rest,257.6333333333314,0.0,4.0367
14,Rest,257.73333333332266,0.0,4.0367
14,Rest,257.8333333333285,0.0,4.0367
14,Rest,257.93333333331975,0.0,4.0367
14,Rest,258.0333333333256,0.0,4.0367
14,Rest,258.1333333333314,0.0,4.0367
14,Rest,258.23333333332266,0.0,4.0367
14,Rest,258.3333333333285,0.0,4.0368
14,Rest,258.43333333331975,0.0,4.0368
14,Rest,258.5333333333256,0.0,4.0368
14,Rest,258.6333333333314,0.0,4.0368
14,Rest,258.73333333332266,0.0,4.0368
14,Rest,258.8333333333285,0.0,4.0368
14,Rest,258.93333333331975,0.0,4.0368
14,Rest,259.0333333333256,0.0,4.0369
14,Rest,259.1333333333314,0.0,4.0369
14,Rest,259.23333333332266,0.0,4.0369
14,Rest,259.3333333333285,0.0,4.0369
14,Rest,259.43333333331975,0.0,4.0369
14,Rest,259.5333333333256,0.0,4.0369
14,Rest,259.6333333333314,0.0,4.0369
14,Rest,259.73333333332266,0.0,4.037
14,Rest,259.8333333333285,0.0,4.037
14,Rest,259.93333333331975,0.0,4.037
14,Rest,260.0333333333256,0.0,4.037
14,Rest,260.1333333333314,0.0,4.037
14,Rest,260.23333333332266,0.0,4.037
14,Rest,260.3333333333285,0.0,4.037
14,Rest,260.43333333331975,0.0,4.0371
14,Rest,260.5333333333256,0.0,4.0371
14,Rest,260.6333333333314,0.0,4.0371
14,Rest,260.73333333332266,0.0,4.0371
14,Rest,260.8333333333285,0.0,4.0371
14,Rest,260.93333333331975,0.0,4.0371
14,Rest,261.0333333333256,0.0,4.0371
14,Rest,261.1333333333314,0.0,4.0372
14,Rest,261.23333333332266,0.0,4.0372
14,Rest,261.3333333333285,0.0,4.0372
14,Rest,261.43333333331975,0.0,4.0372
14,Rest,261.5333333333256,0.0,4.0372
14,Rest,261.6333333333314,0.0,4.0372
14,Rest,261.73333333332266,0.0,4.0372
14,Rest,261.8333333333285,0.0,4.0372
14,Rest,261.93333333331975,0.0,4.0372
14,Rest,262.0333333333256,0.0,4.0372
14,Rest,262.1333333333314,0.0,4.0373
14,Rest,262.23333333332266,0.0,4.0373
14,Rest,262.3333333333285,0.0,4.0373
14,Rest,262.43333333331975,0.0,4.0373
14,Rest,262.5333333333256,0.0,4.0373
14,Rest,262.6333333333314,0.0,4.0373
14,Rest,262.73333333332266,0.0,4.0374
14,Rest,262.8333333333285,0.0,4.0374
14,Rest,262.93333333331975,0.0,4.0374
14,Rest,263.0333333333256,0.0,4.0374
14,Rest,263.1333333333314,0.0,4.0374
14,Rest,263.23333333332266,0.0,4.0374
14,Rest,263.3333333333285,0.0,4.0374
14,Rest,263.43333333331975,0.0,4.0375
14,Rest,263.5333333333256,0.0,4.0375
14,Rest,263.6333333333314,0.0,4.0374
14,Rest,263.73333333332266,0.0,4.0375
14,Rest,263.8333333333285,0.0,4.0375
14,Rest,263.93333333331975,0.0,4.0375
14,Rest,264.0333333333256,0.0,4.0375
14,Rest,264.1333333333314,0.0,4.0375
14,Rest,264.23333333332266,0.0,4.0375
14,Rest,264.3333333333285,0.0,4.0376
14,Rest,264.43333333331975,0.0,4.0375
14,Rest,264.5333333333256,0.0,4.0375
14,Rest,264.6333333333314,0.0,4.0376
14,Rest,264.73333333332266,0.0,4.0376
14,Rest,264.8333333333285,0.0,4.0376
14,Rest,264.93333333331975,0.0,4.0376
14,Rest,265.0333333333256,0.0,4.0376
14,Rest,265.1333333333314,0.0,4.0376
14,Rest,265.23333333332266,0.0,4.0376
14,Rest,265.3333333333285,0.0,4.0376
14,Rest,265.43333333331975,0.0,4.0377
14,Rest,265.5333333333256,0.0,4.0377
14,Rest,265.6333333333314,0.0,4.0377
14,Rest,265.73333333332266,0.0,4.0377
14,Rest,265.8333333333285,0.0,4.0377
14,Rest,265.93333333331975,0.0,4.0377
14,Rest,266.0333333333256,0.0,4.0377
14,Rest,266.1333333333314,0.0,4.0377
14,Rest,266.23333333332266,0.0,4.0377
14,Rest,266.3333333333285,0.0,4.0378
14,Rest,266.43333333331975,0.0,4.0378
14,Rest,266.5333333333256,0.0,4.0378
14,Rest,266.6333333333314,0.0,4.0378
14,Rest,266.73333333332266,0.0,4.0378
14,Rest,266.8333333333285,0.0,4.0378
14,Rest,266.93333333331975,0.0,4.0378
14,Rest,267.0333333333256,0.0,4.0378
14,Rest,267.1333333333314,0.0,4.0378
14,Rest,267.23333333332266,0.0,4.0378
14,Rest,267.3333333333285,0.0,4.0379
14,Rest,267.43333333331975,0.0,4.0379
14,Rest,267.5333333333256,0.0,4.0379
14,Rest,267.6333333333314,0.0,4.0379
14,Rest,267.73333333332266,0.0,4.0379
14,Rest,267.8333333333285,0.0,4.0379
14,Rest,267.93333333331975,0.0,4.0379
14,Rest,268.0333333333256,0.0,4.0379
14,Rest,268.1333333333314,0.0,4.038
14,Rest,268.23333333332266,0.0,4.038
14,Rest,268.3333333333285,0.0,4.038
14,Rest,268.43333333331975,0.0,4.038
14,Rest,268.5333333333256,0.0,4.038
14,Rest,268.6333333333314,0.0,4.038
14,Rest,268.73333333332266,0.0,4.038
14,Rest,268.8333333333285,0.0,4.038
14,Rest,268.93333333331975,0.0,4.038
14,Rest,269.0333333333256,0.0,4.0381
14,Rest,269.1333333333314,0.0,4.0381
14,Rest,269.23333333332266,0.0,4.0381
14,Rest,269.3333333333285,0.0,4.0381
14,Rest,269.43333333331975,0.0,4.0381
14,Rest,269.5333333333256,0.0,4.0381
14,Rest,269.6333333333314,0.0,4.0381
14,Rest,269.73333333332266,0.0,4.0381
14,Rest,269.8333333333285,0.0,4.0382
14,Rest,269.93333333331975,0.0,4.0382
14,Rest,270.0333333333256,0.0,4.0382
14,Rest,270.1333333333314,0.0,4.0382
14,Rest,270.23333333332266,0.0,4.0382
14,Rest,270.3333333333285,0.0,4.0382
14,Rest,270.43333333331975,0.0,4.0382
14,Rest,270.5333333333256,0.0,4.0383
14,Rest,270.6333333333314,0.0,4.0383
14,Rest,270.73333333332266,0.0,4.0383
14,Rest,270.8333333333285,0.0,4.0383
14,Rest,270.93333333331975,0.0,4.0383
14,Rest,271.0333333333256,0.0,4.0383
14,Rest,271.1333333333314,0.0,4.0383
14,Rest,271.23333333332266,0.0,4.0383
14,Rest,271.3333333333285,0.0,4.0383
14,Rest,271.43333333331975,0.0,4.0383
14,Rest,271.5333333333256,0.0,4.0383
14,Rest,271.6333333333314,0.0,4.0383
14,Rest,271.73333333332266,0.0,4.0383
14,Rest,271.8333333333285,0.0,4.0384
14,Rest,271.93333333331975,0.0,4.0384
14,Rest,272.0333333333256,0.0,4.0384
14,Rest,272.1333333333314,0.0,4.0384
14,Rest,272.23333333332266,0.0,4.0384
14,Rest,272.3333333333285,0.0,4.0385
14,Rest,272.43333333331975,0.0,4.0385
14,Rest,272.5333333333256,0.0,4.0385
14,Rest,272.6333333333314,0.0,4.0385
14,Rest,272.73333333332266,0.0,4.0385
14,Rest,272.8333333333285,0.0,4.0385
14,Rest,272.93333333331975,0.0,4.0385
14,Rest,273.0333333333256,0.0,4.0385
14,Rest,273.1333333333314,0.0,4.0385
14,Rest,273.23333333332266,0.0,4.0385
14,Rest,273.3333333333285,0.0,4.0386
14,Rest,273.43333333331975,0.0,4.0386
14,Rest,273.5333333333256,0.0,4.0386
14,Rest,273.6333333333314,0.0,4.0386
14,Rest,273.73333333332266,0.0,4.0386
14,Rest,273.8333333333285,0.0,4.0386
14,Rest,273.93333333331975,0.0,4.0386
14,Rest,274.0333333333256,0.0,4.0386
14,Rest,274.1333333333314,0.0,4.0386
14,Rest,274.23333333332266,0.0,4.0386
14,Rest,274.3333333333285,0.0,4.0387
14,Rest,274.43333333331975,0.0,4.0387
14,Rest,274.5333333333256,0.0,4.0387
14,Rest,274.6333333333314,0.0,4.0387
14,Rest,274.73333333332266,0.0,4.0387
14,Rest,274.8333333333285,0.0,4.0387
14,Rest,274.93333333331975,0.0,4.0387
14,Rest,275.0333333333256,0.0,4.0387
14,Rest,275.1333333333314,0.0,4.0387
14,Rest,275.23333333332266,0.0,4.0388
14,Rest,275.3333333333285,0.0,4.0388
14,Rest,275.43333333331975,0.0,4.0388
14,Rest,275.5333333333256,0.0,4.0388
14,Rest,275.6333333333314,0.0,4.0388
14,Rest,275.73333333332266,0.0,4.0388
14,Rest,275.8333333333285,0.0,4.0388
14,Rest,275.93333333331975,0.0,4.0388
14,Rest,276.0333333333256,0.0,4.0388
14,Rest,276.1333333333314,0.0,4.0388
14,Rest,276.23333333332266,0.0,4.0388
14,Rest,276.3333333333285,0.0,4.0388
14,Rest,276.43333333331975,0.0,4.0388
14,Rest,276.5333333333256,0.0,4.0388
14,Rest,276.6333333333314,0.0,4.0389
14,Rest,276.73333333332266,0.0,4.0389
14,Rest,276.8333333333285,0.0,4.0389
14,Rest,276.93333333331975,0.0,4.0389
14,Rest,277.0333333333256,0.0,4.0389
14,Rest,277.1333333333314,0.0,4.0389
14,Rest,277.23333333332266,0.0,4.0389
14,Rest,277.3333333333285,0.0,4.0389
14,Rest,277.43333333331975,0.0,4.0389
14,Rest,277.5333333333256,0.0,4.039
14,Rest,277.6333333333314,0.0,4.039
14,Rest,277.73333333332266,0.0,4.039
14,Rest,277.8333333333285,0.0,4.039
14,Rest,277.93333333331975,0.0,4.039
14,Rest,278.0333333333256,0.0,4.039
14,Rest,278.1333333333314,0.0,4.039
14,Rest,278.23333333332266,0.0,4.0391
14,Rest,278.3333333333285,0.0,4.0391
14,Rest,278.43333333331975,0.0,4.039
14,Rest,278.5333333333256,0.0,4.0391
14,Rest,278.6333333333314,0.0,4.0391
14,Rest,278.73333333332266,0.0,4.0391
14,Rest,278.8333333333285,0.0,4.0391
14,Rest,278.93333333331975,0.0,4.0391
14,Rest,279.0333333333256,0.0,4.0391
14,Rest,279.1333333333314,0.0,4.0391
14,Rest,279.23333333332266,0.0,4.0392
14,Rest,279.3333333333285,0.0,4.0392
14,Rest,279.43333333331975,0.0,4.0392
14,Rest,279.5333333333256,0.0,4.0392
14,Rest,279.6333333333314,0.0,4.0392
14,Rest,279.73333333332266,0.0,4.0392
14,Rest,279.8333333333285,0.0,4.0392
14,Rest,279.93333333331975,0.0,4.0392
14,Rest,280.0333333333256,0.0,4.0392
14,Rest,280.1333333333314,0.0,4.0392
14,Rest,280.23333333332266,0.0,4.0392
14,Rest,280.3333333333285,0.0,4.0393
14,Rest,280.43333333331975,0.0,4.0393
14,Rest,280.5333333333256,0.0,4.0393
14,Rest,280.6333333333314,0.0,4.0393
14,Rest,280.73333333332266,0.0,4.0393
14,Rest,280.8333333333285,0.0,4.0393
14,Rest,280.93333333331975,0.0,4.0394
14,Rest,281.0333333333256,0.0,4.0394
14,Rest,281.1333333333314,0.0,4.0394
14,Rest,281.23333333332266,0.0,4.0394
14,Rest,281.3333333333285,0.0,4.0394
14,Rest,281.43333333331975,0.0,4.0394
14,Rest,281.5333333333256,0.0,4.0394
14,Rest,281.6333333333314,0.0,4.0394
14,Rest,281.73333333332266,0.0,4.0394
14,Rest,281.8333333333285,0.0,4.0395
14,Rest,281.93333333331975,0.0,4.0395
14,Rest,282.0333333333256,0.0,4.0395
14,Rest,282.1333333333314,0.0,4.0395
14,Rest,282.23333333332266,0.0,4.0395
14,Rest,282.3333333333285,0.0,4.0395
14,Rest,282.43333333331975,0.0,4.0395
14,Rest,282.5333333333256,0.0,4.0395
14,Rest,282.6333333333314,0.0,4.0395
14,Rest,282.73333333332266,0.0,4.0395
14,Rest,282.8333333333285,0.0,4.0395
14,Rest,282.93333333331975,0.0,4.0395
14,Rest,283.0333333333256,0.0,4.0396
14,Rest,283.1333333333314,0.0,4.0396
14,Rest,283.23333333332266,0.0,4.0396
14,Rest,283.3333333333285,0.0,4.0396
14,Rest,283.43333333331975,0.0,4.0396
14,Rest,283.5333333333256,0.0,4.0396
14,Rest,283.6333333333314,0.0,4.0396
14,Rest,283.73333333332266,0.0,4.0396
14,Rest,283.8333333333285,0.0,4.0396
14,Rest,283.93333333331975,0.0,4.0396
14,Rest,284.0333333333256,0.0,4.0396
14,Rest,284.1333333333314,0.0,4.0396
14,Rest,284.23333333332266,0.0,4.0396
14,Rest,284.3333333333285,0.0,4.0396
14,Rest,284.43333333331975,0.0,4.0397
14,Rest,284.5333333333256,0.0,4.0397
14,Rest,284.6333333333314,0.0,4.0397
14,Rest,284.73333333332266,0.0,4.0397
14,Rest,284.8333333333285,0.0,4.0397
14,Rest,284.93333333331975,0.0,4.0397
14,Rest,285.0333333333256,0.0,4.0397
14,Rest,285.1333333333314,0.0,4.0397
14,Rest,285.23333333332266,0.0,4.0397
14,Rest,285.3333333333285,0.0,4.0397
14,Rest,285.43333333331975,0.0,4.0397
14,Rest,285.5333333333256,0.0,4.0398
14,Rest,285.6333333333314,0.0,4.0398
14,Rest,285.73333333332266,0.0,4.0398
14,Rest,285.8333333333285,0.0,4.0398
14,Rest,285.93333333331975,0.0,4.0398
14,Rest,286.0333333333256,0.0,4.0398
14,Rest,286.1333333333314,0.0,4.0398
14,Rest,286.23333333332266,0.0,4.0398
14,Rest,286.3333333333285,0.0,4.0398
14,Rest,286.43333333331975,0.0,4.0398
14,Rest,286.5333333333256,0.0,4.0398
14,Rest,286.6333333333314,0.0,4.0398
14,Rest,286.73333333332266,0.0,4.0398
14,Rest,286.8333333333285,0.0,4.0398
14,Rest,286.93333333331975,0.0,4.0399
14,Rest,287.0333333333256,0.0,4.0399
14,Rest,287.1333333333314,0.0,4.0399
14,Rest,287.23333333332266,0.0,4.0398
14,Rest,287.3333333333285,0.0,4.0398
14,Rest,287.43333333331975,0.0,4.0399
14,Rest,287.5333333333256,0.0,4.0399
14,Rest,287.6333333333314,0.0,4.0399
14,Rest,287.73333333332266,0.0,4.0399
14,Rest,287.8333333333285,0.0,4.0399
14,Rest,287.93333333331975,0.0,4.0399
14,Rest,288.0333333333256,0.0,4.0399
14,Rest,288.1333333333314,0.0,4.0399
14,Rest,288.23333333332266,0.0,4.04
14,Rest,288.3333333333285,0.0,4.04
14,Rest,288.43333333331975,0.0,4.04
14,Rest,288.5333333333256,0.0,4.04
14,Rest,288.6333333333314,0.0,4.0399
14,Rest,288.73333333332266,0.0,4.04
14,Rest,288.8333333333285,0.0,4.04
14,Rest,288.93333333331975,0.0,4.04
14,Rest,289.0333333333256,0.0,4.04
14,Rest,289.1333333333314,0.0,4.04
14,Rest,289.23333333332266,0.0,4.04
14,Rest,289.3333333333285,0.0,4.04
14,Rest,289.43333333331975,0.0,4.04
14,Rest,289.5333333333256,0.0,4.0401
14,Rest,289.6333333333314,0.0,4.0401
14,Rest,289.73333333332266,0.0,4.0401
14,Rest,289.8333333333285,0.0,4.0401
14,Rest,289.93333333331975,0.0,4.0401
14,Rest,290.0333333333256,0.0,4.0401
14,Rest,290.1333333333314,0.0,4.0401
14,Rest,290.23333333332266,0.0,4.0401
14,Rest,290.3333333333285,0.0,4.0401
14,Rest,290.43333333331975,0.0,4.0401
14,Rest,290.5333333333256,0.0,4.0401
14,Rest,290.6333333333314,0.0,4.0401
14,Rest,290.73333333332266,0.0,4.0402
14,Rest,290.8333333333285,0.0,4.0401
14,Rest,290.93333333331975,0.0,4.0401
14,Rest,291.0333333333256,0.0,4.0401
14,Rest,291.1333333333314,0.0,4.0401
14,Rest,291.23333333332266,0.0,4.0402
14,Rest,291.3333333333285,0.0,4.0402
14,Rest,291.43333333331975,0.0,4.0402
14,Rest,291.5333333333256,0.0,4.0402
14,Rest,291.6333333333314,0.0,4.0402
14,Rest,291.73333333332266,0.0,4.0402
14,Rest,291.8333333333285,0.0,4.0402
14,Rest,291.93333333331975,0.0,4.0402
14,Rest,292.0333333333256,0.0,4.0402
14,Rest,292.1333333333314,0.0,4.0403
14,Rest,292.23333333332266,0.0,4.0403
14,Rest,292.3333333333285,0.0,4.0403
14,Rest,292.43333333331975,0.0,4.0403
14,Rest,292.5333333333256,0.0,4.0403
14,Rest,292.6333333333314,0.0,4.0403
14,Rest,292.73333333332266,0.0,4.0403
14,Rest,292.8333333333285,0.0,4.0403
14,Rest,292.93333333331975,0.0,4.0403
14,Rest,293.0333333333256,0.0,4.0403
14,Rest,293.1333333333314,0.0,4.0403
14,Rest,293.23333333332266,0.0,4.0403
14,Rest,293.3333333333285,0.0,4.0404
14,Rest,293.43333333331975,0.0,4.0404
14,Rest,293.5333333333256,0.0,4.0403
14,Rest,293.6333333333314,0.0,4.0404
14,Rest,293.73333333332266,0.0,4.0404
14,Rest,293.8333333333285,0.0,4.0404
14,Rest,293.93333333331975,0.0,4.0404
14,Rest,294.0333333333256,0.0,4.0404
14,Rest,294.1333333333314,0.0,4.0404
14,Rest,294.23333333332266,0.0,4.0404
14,Rest,294.3333333333285,0.0,4.0404
14,Rest,294.43333333331975,0.0,4.0404
14,Rest,294.5333333333256,0.0,4.0404
14,Rest,294.6333333333314,0.0,4.0405
14,Rest,294.73333333332266,0.0,4.0405
14,Rest,294.8333333333285,0.0,4.0405
14,Rest,294.93333333331975,0.0,4.0405
14,Rest,295.0333333333256,0.0,4.0405
14,Rest,295.1333333333314,0.0,4.0405
14,Rest,295.23333333332266,0.0,4.0405
14,Rest,295.3333333333285,0.0,4.0405
14,Rest,295.43333333331975,0.0,4.0406
14,Rest,295.5333333333256,0.0,4.0406
14,Rest,295.6333333333314,0.0,4.0406
14,Rest,295.73333333332266,0.0,4.0406
14,Rest,295.8333333333285,0.0,4.0406
14,Rest,295.93333333331975,0.0,4.0406
14,Rest,296.0333333333256,0.0,4.0406
14,Rest,296.1333333333314,0.0,4.0406
14,Rest,296.23333333332266,0.0,4.0406
14,Rest,296.3333333333285,0.0,4.0407
14,Rest,296.43333333331975,0.0,4.0407
14,Rest,296.5333333333256,0.0,4.0407
14,Rest,296.6333333333314,0.0,4.0407
14,Rest,296.73333333332266,0.0,4.0407
14,Rest,296.8333333333285,0.0,4.0407
14,Rest,296.93333333331975,0.0,4.0407
14,Rest,297.0333333333256,0.0,4.0407
14,Rest,297.1333333333314,0.0,4.0407
14,Rest,297.23333333332266,0.0,4.0407
14,Rest,297.3333333333285,0.0,4.0407
14,Rest,297.43333333331975,0.0,4.0407
14,Rest,297.5333333333256,0.0,4.0407
14,Rest,297.6333333333314,0.0,4.0408
14,Rest,297.73333333332266,0.0,4.0407
14,Rest,297.8333333333285,0.0,4.0407
14,Rest,297.93333333331975,0.0,4.0408
14,Rest,298.0333333333256,0.0,4.0408
14,Rest,298.1333333333314,0.0,4.0407
14,Rest,298.23333333332266,0.0,4.0408
14,Rest,298.3333333333285,0.0,4.0408
14,Rest,298.43333333331975,0.0,4.0408
14,Rest,298.5333333333256,0.0,4.0408
14,Rest,298.6333333333314,0.0,4.0408
14,Rest,298.73333333332266,0.0,4.0408
14,Rest,298.8333333333285,0.0,4.0408
14,Rest,298.93333333331975,0.0,4.0408
14,Rest,299.0333333333256,0.0,4.0408
14,Rest,299.1333333333314,0.0,4.0408
14,Rest,299.23333333332266,0.0,4.0408
14,Rest,299.3333333333285,0.0,4.0409
14,Rest,299.43333333331975,0.0,4.0409
14,Rest,299.5333333333256,0.0,4.0409
14,Rest,299.6333333333314,0.0,4.0409
14,Rest,299.73333333332266,0.0,4.0409
14,Rest,299.8333333333285,0.0,4.0409
14,Rest,299.93333333331975,0.0,4.0409
14,Rest,300.0333333333256,0.0,4.0409
14,Rest,300.1333333333314,0.0,4.0409
14,Rest,300.23333333332266,0.0,4.0409
14,Rest,300.3333333333285,0.0,4.0409
14,Rest,300.43333333331975,0.0,4.0409
14,Rest,300.5333333333256,0.0,4.041
14,Rest,300.6333333333314,0.0,4.041
14,Rest,300.73333333332266,0.0,4.041
14,Rest,300.8333333333285,0.0,4.041
14,Rest,300.93333333331975,0.0,4.041
14,Rest,301.0333333333256,0.0,4.041
14,Rest,301.1333333333314,0.0,4.041
14,Rest,301.23333333332266,0.0,4.041
14,Rest,301.3333333333285,0.0,4.041
14,Rest,301.43333333331975,0.0,4.041
14,Rest,301.5333333333256,0.0,4.041
14,Rest,301.6333333333314,0.0,4.041
14,Rest,301.73333333332266,0.0,4.0411
14,Rest,301.8333333333285,0.0,4.0411
14,Rest,301.93333333331975,0.0,4.041
14,Rest,302.0333333333256,0.0,4.041
14,Rest,302.1333333333314,0.0,4.0411
14,Rest,302.23333333332266,0.0,4.0411
14,Rest,302.3333333333285,0.0,4.0411
14,Rest,302.43333333331975,0.0,4.0411
14,Rest,302.5333333333256,0.0,4.0411
14,Rest,302.6333333333314,0.0,4.0411
14,Rest,302.73333333332266,0.0,4.0411
14,Rest,302.8333333333285,0.0,4.0411
14,Rest,302.93333333331975,0.0,4.0411
14,Rest,303.0333333333256,0.0,4.0411
14,Rest,303.1333333333314,0.0,4.0411
14,Rest,303.23333333332266,0.0,4.0411
14,Rest,303.3333333333285,0.0,4.0411
14,Rest,303.43333333331975,0.0,4.0412
14,Rest,303.5333333333256,0.0,4.0412
14,Rest,303.6333333333314,0.0,4.0412
14,Rest,303.73333333332266,0.0,4.0412
14,Rest,303.8333333333285,0.0,4.0412
14,Rest,303.93333333331975,0.0,4.0412
14,Rest,304.0333333333256,0.0,4.0412
14,Rest,304.1333333333314,0.0,4.0412
14,Rest,304.23333333332266,0.0,4.0412
14,Rest,304.3333333333285,0.0,4.0412
14,Rest,304.43333333331975,0.0,4.0412
14,Rest,304.5333333333256,0.0,4.0412
14,Rest,304.6333333333314,0.0,4.0412
14,Rest,304.73333333332266,0.0,4.0412
14,Rest,304.8333333333285,0.0,4.0412
14,Rest,304.93333333331975,0.0,4.0412
14,Rest,305.0333333333256,0.0,4.0412
14,Rest,305.1333333333314,0.0,4.0412
14,Rest,305.23333333332266,0.0,4.0412
14,Rest,305.3333333333285,0.0,4.0413
14,Rest,305.43333333331975,0.0,4.0413
14,Rest,305.5333333333256,0.0,4.0413
14,Rest,305.6333333333314,0.0,4.0413
14,Rest,305.73333333332266,0.0,4.0413
14,Rest,305.8333333333285,0.0,4.0413
14,Rest,305.93333333331975,0.0,4.0414
14,Rest,306.0333333333256,0.0,4.0414
14,Rest,306.1333333333314,0.0,4.0413
14,Rest,306.23333333332266,0.0,4.0413
14,Rest,306.3333333333285,0.0,4.0413
14,Rest,306.43333333331975,0.0,4.0413
14,Rest,306.5333333333256,0.0,4.0414
14,Rest,306.6333333333314,0.0,4.0414
14,Rest,306.73333333332266,0.0,4.0414
14,Rest,306.8333333333285,0.0,4.0414
14,Rest,306.93333333331975,0.0,4.0414
14,Rest,307.0333333333256,0.0,4.0414
14,Rest,307.1333333333314,0.0,4.0414
14,Rest,307.23333333332266,0.0,4.0415
14,Rest,307.3333333333285,0.0,4.0415
14,Rest,307.43333333331975,0.0,4.0414
14,Rest,307.5333333333256,0.0,4.0414
14,Rest,307.6333333333314,0.0,4.0414
14,Rest,307.73333333332266,0.0,4.0414
14,Rest,307.8333333333285,0.0,4.0415
14,Rest,307.93333333331975,0.0,4.0415
14,Rest,308.0333333333256,0.0,4.0415
14,Rest,308.1333333333314,0.0,4.0415
14,Rest,308.23333333332266,0.0,4.0415
14,Rest,308.3333333333285,0.0,4.0415
14,Rest,308.43333333331975,0.0,4.0415
14,Rest,308.5333333333256,0.0,4.0415
14,Rest,308.6333333333314,0.0,4.0415
14,Rest,308.73333333332266,0.0,4.0415
14,Rest,308.8333333333285,0.0,4.0415
14,Rest,308.93333333331975,0.0,4.0416
14,Rest,309.0333333333256,0.0,4.0416
14,Rest,309.1333333333314,0.0,4.0416
14,Rest,309.23333333332266,0.0,4.0416
14,Rest,309.3333333333285,0.0,4.0416
14,Rest,309.43333333331975,0.0,4.0416
14,Rest,309.5333333333256,0.0,4.0416
14,Rest,309.6333333333314,0.0,4.0416
14,Rest,309.73333333332266,0.0,4.0416
14,Rest,309.8333333333285,0.0,4.0416
14,Rest,309.93333333331975,0.0,4.0416
14,Rest,310.0333333333256,0.0,4.0416
14,Rest,310.1333333333314,0.0,4.0416
14,Rest,310.23333333332266,0.0,4.0417
14,Rest,310.3333333333285,0.0,4.0416
14,Rest,310.43333333331975,0.0,4.0416
14,Rest,310.5333333333256,0.0,4.0416
14,Rest,310.6333333333314,0.0,4.0417
14,Rest,310.73333333332266,0.0,4.0417
14,Rest,310.8333333333285,0.0,4.0417
14,Rest,310.93333333331975,0.0,4.0417
14,Rest,311.0333333333256,0.0,4.0417
14,Rest,311.1333333333314,0.0,4.0417
14,Rest,311.23333333332266,0.0,4.0417
14,Rest,311.3333333333285,0.0,4.0417
14,Rest,311.43333333331975,0.0,4.0417
14,Rest,311.5333333333256,0.0,4.0417
14,Rest,311.6333333333314,0.0,4.0417
14,Rest,311.73333333332266,0.0,4.0417
14,Rest,311.8333333333285,0.0,4.0417
14,Rest,311.93333333331975,0.0,4.0417
14,Rest,312.0333333333256,0.0,4.0418
14,Rest,312.1333333333314,0.0,4.0417
14,Rest,312.23333333332266,0.0,4.0417
14,Rest,312.3333333333285,0.0,4.0417
14,Rest,312.43333333331975,0.0,4.0417
14,Rest,312.5333333333256,0.0,4.0418
14,Rest,312.6333333333314,0.0,4.0418
14,Rest,312.73333333332266,0.0,4.0418
14,Rest,312.8333333333285,0.0,4.0418
14,Rest,312.93333333331975,0.0,4.0418
14,Rest,313.0333333333256,0.0,4.0418
14,Rest,313.1333333333314,0.0,4.0418
14,Rest,313.23333333332266,0.0,4.0418
14,Rest,313.3333333333285,0.0,4.0418
14,Rest,313.43333333331975,0.0,4.0418
14,Rest,313.5333333333256,0.0,4.0418
14,Rest,313.6333333333314,0.0,4.0419
14,Rest,313.73333333332266,0.0,4.0418
14,Rest,313.8333333333285,0.0,4.0418
14,Rest,313.93333333331975,0.0,4.0419
14,Rest,314.0333333333256,0.0,4.0419
14,Rest,314.1333333333314,0.0,4.0419
14,Rest,314.23333333332266,0.0,4.0419
14,Rest,314.3333333333285,0.0,4.0419
14,Rest,314.43333333331975,0.0,4.0419
14,Rest,314.5333333333256,0.0,4.0418
14,Rest,314.6333333333314,0.0,4.0419
14,Rest,314.73333333332266,0.0,4.0419
14,Rest,314.8333333333285,0.0,4.0419
14,Rest,314.93333333331975,0.0,4.0419
14,Rest,315.0333333333256,0.0,4.0419
14,Rest,315.1333333333314,0.0,4.0419
14,Rest,315.23333333332266,0.0,4.0419
14,Rest,315.3333333333285,0.0,4.042
14,Rest,315.43333333331975,0.0,4.042
14,Rest,315.5333333333256,0.0,4.042
14,Rest,315.6333333333314,0.0,4.0419
14,Rest,315.73333333332266,0.0,4.0419
14,Rest,315.8333333333285,0.0,4.0419
14,Rest,315.93333333331975,0.0,4.042
14,Rest,316.0333333333256,0.0,4.042
14,Rest,316.1333333333314,0.0,4.042
14,Rest,316.23333333332266,0.0,4.042
14,Rest,316.3333333333285,0.0,4.042
14,Rest,316.43333333331975,0.0,4.042
14,Rest,316.5333333333256,0.0,4.042
14,Rest,316.6333333333314,0.0,4.042
14,Rest,316.73333333332266,0.0,4.042
14,Rest,316.8333333333285,0.0,4.042
14,Rest,316.93333333331975,0.0,4.042
14,Rest,317.0333333333256,0.0,4.042
14,Rest,317.1333333333314,0.0,4.0421
14,Rest,317.23333333332266,0.0,4.0421
14,Rest,317.3333333333285,0.0,4.0421
14,Rest,317.43333333331975,0.0,4.0421
14,Rest,317.5333333333256,0.0,4.0421
14,Rest,317.6333333333314,0.0,4.0421
14,Rest,317.73333333332266,0.0,4.0421
14,Rest,317.8333333333285,0.0,4.0422
14,Rest,317.93333333331975,0.0,4.0422
14,Rest,318.0333333333256,0.0,4.0422
14,Rest,318.1333333333314,0.0,4.0422
14,Rest,318.23333333332266,0.0,4.0422
14,Rest,318.3333333333285,0.0,4.0422
14,Rest,318.43333333331975,0.0,4.0422
14,Rest,318.5333333333256,0.0,4.0422
14,Rest,318.6333333333314,0.0,4.0422
14,Rest,318.73333333332266,0.0,4.0422
14,Rest,318.8333333333285,0.0,4.0422
14,Rest,318.93333333331975,0.0,4.0422
14,Rest,319.0333333333256,0.0,4.0422
14,Rest,319.1333333333314,0.0,4.0423
14,Rest,319.23333333332266,0.0,4.0423
14,Rest,319.3333333333285,0.0,4.0422
14,Rest,319.43333333331975,0.0,4.0423
14,Rest,319.5333333333256,0.0,4.0423
14,Rest,319.6333333333314,0.0,4.0423
14,Rest,319.73333333332266,0.0,4.0423
14,Rest,319.8333333333285,0.0,4.0423
14,Rest,319.93333333331975,0.0,4.0423
14,Rest,320.0333333333256,0.0,4.0423
14,Rest,320.1333333333314,0.0,4.0423
14,Rest,320.23333333332266,0.0,4.0423
14,Rest,320.3333333333285,0.0,4.0423
14,Rest,320.43333333331975,0.0,4.0424
14,Rest,320.5333333333256,0.0,4.0423
14,Rest,320.6333333333314,0.0,4.0423
14,Rest,320.73333333332266,0.0,4.0424
14,Rest,320.8333333333285,0.0,4.0423
14,Rest,320.93333333331975,0.0,4.0424
14,Rest,321.0333333333256,0.0,4.0424
14,Rest,321.1333333333314,0.0,4.0423
14,Rest,321.23333333332266,0.0,4.0424
14,Rest,321.3333333333285,0.0,4.0424
14,Rest,321.43333333331975,0.0,4.0424
14,Rest,321.5333333333256,0.0,4.0424
14,Rest,321.6333333333314,0.0,4.0424
14,Rest,321.73333333332266,0.0,4.0424
14,Rest,321.8333333333285,0.0,4.0424
14,Rest,321.93333333331975,0.0,4.0424
14,Rest,322.0333333333256,0.0,4.0425
14,Rest,322.1333333333314,0.0,4.0425
14,Rest,322.23333333332266,0.0,4.0425
14,Rest,322.3333333333285,0.0,4.0425
14,Rest,322.43333333331975,0.0,4.0425
14,Rest,322.5333333333256,0.0,4.0425
14,Rest,322.6333333333314,0.0,4.0425
14,Rest,322.73333333332266,0.0,4.0425
14,Rest,322.8333333333285,0.0,4.0425
14,Rest,322.93333333331975,0.0,4.0425
14,Rest,323.0333333333256,0.0,4.0425
14,Rest,323.1333333333314,0.0,4.0425
14,Rest,323.23333333332266,0.0,4.0425
14,Rest,323.3333333333285,0.0,4.0425
14,Rest,323.43333333331975,0.0,4.0425
14,Rest,323.5333333333256,0.0,4.0425
14,Rest,323.6333333333314,0.0,4.0425
14,Rest,323.73333333332266,0.0,4.0425
14,Rest,323.8333333333285,0.0,4.0426
14,Rest,323.93333333331975,0.0,4.0425
14,Rest,324.0333333333256,0.0,4.0426
14,Rest,324.1333333333314,0.0,4.0425
14,Rest,324.23333333332266,0.0,4.0425
14,Rest,324.3333333333285,0.0,4.0425
14,Rest,324.43333333331975,0.0,4.0425
14,Rest,324.5333333333256,0.0,4.0426
14,Rest,324.6333333333314,0.0,4.0425
14,Rest,324.73333333332266,0.0,4.0425
14,Rest,324.8333333333285,0.0,4.0426
14,Rest,324.93333333331975,0.0,4.0426
14,Rest,325.0333333333256,0.0,4.0426
14,Rest,325.1333333333314,0.0,4.0426
14,Rest,325.23333333332266,0.0,4.0426
14,Rest,325.3333333333285,0.0,4.0426
14,Rest,325.43333333331975,0.0,4.0426
14,Rest,325.5333333333256,0.0,4.0426
14,Rest,325.6333333333314,0.0,4.0426
14,Rest,325.73333333332266,0.0,4.0426
14,Rest,325.8333333333285,0.0,4.0426
14,Rest,325.93333333331975,0.0,4.0426
14,Rest,326.0333333333256,0.0,4.0426
14,Rest,326.1333333333314,0.0,4.0426
14,Rest,326.23333333332266,0.0,4.0426
14,Rest,326.3333333333285,0.0,4.0426
14,Rest,326.43333333331975,0.0,4.0426
14,Rest,326.5333333333256,0.0,4.0426
14,Rest,326.6333333333314,0.0,4.0426
14,Rest,326.73333333332266,0.0,4.0426
14,Rest,326.8333333333285,0.0,4.0426
14,Rest,326.93333333331975,0.0,4.0426
14,Rest,327.0333333333256,0.0,4.0426
14,Rest,327.1333333333314,0.0,4.0427
14,Rest,327.23333333332266,0.0,4.0427
14,Rest,327.3333333333285,0.0,4.0427
14,Rest,327.43333333331975,0.0,4.0427
14,Rest,327.5333333333256,0.0,4.0427
14,Rest,327.6333333333314,0.0,4.0427
14,Rest,327.73333333332266,0.0,4.0427
14,Rest,327.8333333333285,0.0,4.0427
14,Rest,327.93333333331975,0.0,4.0427
14,Rest,328.0333333333256,0.0,4.0427
14,Rest,328.1333333333314,0.0,4.0427
14,Rest,328.23333333332266,0.0,4.0427
14,Rest,328.3333333333285,0.0,4.0427
14,Rest,328.43333333331975,0.0,4.0427
14,Rest,328.5333333333256,0.0,4.0427
14,Rest,328.6333333333314,0.0,4.0427
14,Rest,328.73333333332266,0.0,4.0427
14,Rest,328.8333333333285,0.0,4.0428
14,Rest,328.93333333331975,0.0,4.0428
14,Rest,329.0333333333256,0.0,4.0428
14,Rest,329.1333333333314,0.0,4.0428
14,Rest,329.23333333332266,0.0,4.0428
14,Rest,329.3333333333285,0.0,4.0428
14,Rest,329.43333333331975,0.0,4.0428
14,Rest,329.5333333333256,0.0,4.0428
14,Rest,329.6333333333314,0.0,4.0428
14,Rest,329.73333333332266,0.0,4.0428
14,Rest,329.8333333333285,0.0,4.0428
14,Rest,329.93333333331975,0.0,4.0428
14,Rest,330.0333333333256,0.0,4.0428
14,Rest,330.1333333333314,0.0,4.0428
14,Rest,330.23333333332266,0.0,4.0428
14,Rest,330.3333333333285,0.0,4.0428
14,Rest,330.43333333331975,0.0,4.0428
14,Rest,330.5333333333256,0.0,4.0428
14,Rest,330.6333333333314,0.0,4.0428
14,Rest,330.73333333332266,0.0,4.0428
14,Rest,330.8333333333285,0.0,4.0428
14,Rest,330.93333333331975,0.0,4.0428
14,Rest,331.0333333333256,0.0,4.0429
14,Rest,331.1333333333314,0.0,4.0429
14,Rest,331.23333333332266,0.0,4.0429
14,Rest,331.3333333333285,0.0,4.0429
14,Rest,331.43333333331975,0.0,4.0429
14,Rest,331.5333333333256,0.0,4.0429
14,Rest,331.6333333333314,0.0,4.0429
14,Rest,331.73333333332266,0.0,4.0429
14,Rest,331.8333333333285,0.0,4.0429
14,Rest,331.93333333331975,0.0,4.0429
14,Rest,332.0333333333256,0.0,4.0429
14,Rest,332.1333333333314,0.0,4.0429
14,Rest,332.23333333332266,0.0,4.0429
14,Rest,332.3333333333285,0.0,4.0429
14,Rest,332.43333333331975,0.0,4.0429
14,Rest,332.5333333333256,0.0,4.0429
14,Rest,332.6333333333314,0.0,4.0429
14,Rest,332.73333333332266,0.0,4.0429
14,Rest,332.8333333333285,0.0,4.043
14,Rest,332.93333333331975,0.0,4.043
14,Rest,333.0333333333256,0.0,4.043
14,Rest,333.1333333333314,0.0,4.043
14,Rest,333.23333333332266,0.0,4.043
14,Rest,333.3333333333285,0.0,4.043
14,Rest,333.43333333331975,0.0,4.043
14,Rest,333.5333333333256,0.0,4.043
14,Rest,333.6333333333314,0.0,4.043
14,Rest,333.73333333332266,0.0,4.043
14,Rest,333.8333333333285,0.0,4.043
14,Rest,333.93333333331975,0.0,4.043
14,Rest,334.0333333333256,0.0,4.043
14,Rest,334.1333333333314,0.0,4.043
14,Rest,334.23333333332266,0.0,4.043
14,Rest,334.3333333333285,0.0,4.043
14,Rest,334.43333333331975,0.0,4.043
14,Rest,334.5333333333256,0.0,4.043
14,Rest,334.6333333333314,0.0,4.0431
14,Rest,334.73333333332266,0.0,4.043
14,Rest,334.8333333333285,0.0,4.043
14,Rest,334.93333333331975,0.0,4.0431
14,Rest,335.0333333333256,0.0,4.0431
14,Rest,335.1333333333314,0.0,4.0431
14,Rest,335.23333333332266,0.0,4.0431
14,Rest,335.3333333333285,0.0,4.0431
14,Rest,335.43333333331975,0.0,4.0431
14,Rest,335.5333333333256,0.0,4.0431
14,Rest,335.6333333333314,0.0,4.0431
14,Rest,335.73333333332266,0.0,4.0431
14,Rest,335.8333333333285,0.0,4.0431
14,Rest,335.93333333331975,0.0,4.0431
14,Rest,336.0333333333256,0.0,4.0432
14,Rest,336.1333333333314,0.0,4.0432
14,Rest,336.23333333332266,0.0,4.0431
14,Rest,336.3333333333285,0.0,4.0431
14,Rest,336.43333333331975,0.0,4.0432
14,Rest,336.5333333333256,0.0,4.0432
14,Rest,336.6333333333314,0.0,4.0432
14,Rest,336.73333333332266,0.0,4.0432
14,Rest,336.8333333333285,0.0,4.0432
14,Rest,336.93333333331975,0.0,4.0432
14,Rest,337.0333333333256,0.0,4.0432
14,Rest,337.1333333333314,0.0,4.0432
14,Rest,337.23333333332266,0.0,4.0432
14,Rest,337.3333333333285,0.0,4.0432
14,Rest,337.43333333331975,0.0,4.0432
14,Rest,337.5333333333256,0.0,4.0432
14,Rest,337.6333333333314,0.0,4.0432
14,Rest,337.73333333332266,0.0,4.0432
14,Rest,337.8333333333285,0.0,4.0432
14,Rest,337.93333333331975,0.0,4.0432
14,Rest,338.0333333333256,0.0,4.0432
14,Rest,338.1333333333314,0.0,4.0432
14,Rest,338.23333333332266,0.0,4.0432
14,Rest,338.3333333333285,0.0,4.0432
14,Rest,338.43333333331975,0.0,4.0433
14,Rest,338.5333333333256,0.0,4.0433
14,Rest,338.6333333333314,0.0,4.0432
14,Rest,338.73333333332266,0.0,4.0432
14,Rest,338.8333333333285,0.0,4.0433
14,Rest,338.93333333331975,0.0,4.0433
14,Rest,339.0333333333256,0.0,4.0433
14,Rest,339.1333333333314,0.0,4.0433
14,Rest,339.23333333332266,0.0,4.0433
14,Rest,339.3333333333285,0.0,4.0433
14,Rest,339.43333333331975,0.0,4.0433
14,Rest,339.5333333333256,0.0,4.0433
14,Rest,339.6333333333314,0.0,4.0433
14,Rest,339.73333333332266,0.0,4.0433
14,Rest,339.8333333333285,0.0,4.0434
14,Rest,339.93333333331975,0.0,4.0433
14,Rest,340.0333333333256,0.0,4.0433
14,Rest,340.1333333333314,0.0,4.0433
14,Rest,340.23333333332266,0.0,4.0433
14,Rest,340.3333333333285,0.0,4.0433
14,Rest,340.43333333331975,0.0,4.0433
14,Rest,340.5333333333256,0.0,4.0434
14,Rest,340.6333333333314,0.0,4.0434
14,Rest,340.73333333332266,0.0,4.0434
14,Rest,340.8333333333285,0.0,4.0434
14,Rest,340.93333333331975,0.0,4.0434
14,Rest,341.0333333333256,0.0,4.0434
14,Rest,341.1333333333314,0.0,4.0434
14,Rest,341.23333333332266,0.0,4.0434
14,Rest,341.3333333333285,0.0,4.0434
14,Rest,341.43333333331975,0.0,4.0434
14,Rest,341.5333333333256,0.0,4.0434
14,Rest,341.6333333333314,0.0,4.0434
14,Rest,341.73333333332266,0.0,4.0434
14,Rest,341.8333333333285,0.0,4.0434
14,Rest,341.93333333331975,0.0,4.0434
14,Rest,342.0333333333256,0.0,4.0434
14,Rest,342.1333333333314,0.0,4.0434
14,Rest,342.23333333332266,0.0,4.0434
14,Rest,342.3333333333285,0.0,4.0434
14,Rest,342.43333333331975,0.0,4.0434
14,Rest,342.5333333333256,0.0,4.0434
14,Rest,342.6333333333314,0.0,4.0434
14,Rest,342.73333333332266,0.0,4.0434
14,Rest,342.8333333333285,0.0,4.0435
14,Rest,342.93333333331975,0.0,4.0434
14,Rest,343.0333333333256,0.0,4.0435
14,Rest,343.1333333333314,0.0,4.0435
14,Rest,343.23333333332266,0.0,4.0434
14,Rest,343.3333333333285,0.0,4.0434
14,Rest,343.43333333331975,0.0,4.0435
14,Rest,343.5333333333256,0.0,4.0435
14,Rest,343.6333333333314,0.0,4.0435
14,Rest,343.73333333332266,0.0,4.0435
14,Rest,343.8333333333285,0.0,4.0435
14,Rest,343.93333333331975,0.0,4.0435
14,Rest,344.0333333333256,0.0,4.0435
14,Rest,344.1333333333314,0.0,4.0435
14,Rest,344.23333333332266,0.0,4.0435
14,Rest,344.3333333333285,0.0,4.0435
14,Rest,344.43333333331975,0.0,4.0435
14,Rest,344.5333333333256,0.0,4.0435
14,Rest,344.6333333333314,0.0,4.0435
14,Rest,344.73333333332266,0.0,4.0435
14,Rest,344.8333333333285,0.0,4.0435
14,Rest,344.93333333331975,0.0,4.0435
14,Rest,345.0333333333256,0.0,4.0435
14,Rest,345.1333333333314,0.0,4.0435
14,Rest,345.23333333332266,0.0,4.0435
14,Rest,345.3333333333285,0.0,4.0435
14,Rest,345.43333333331975,0.0,4.0435
14,Rest,345.5333333333256,0.0,4.0436
14,Rest,345.6333333333314,0.0,4.0436
14,Rest,345.73333333332266,0.0,4.0436
14,Rest,345.8333333333285,0.0,4.0436
14,Rest,345.93333333331975,0.0,4.0436
14,Rest,346.0333333333256,0.0,4.0436
14,Rest,346.1333333333314,0.0,4.0436
14,Rest,346.23333333332266,0.0,4.0436
14,Rest,346.3333333333285,0.0,4.0436
14,Rest,346.43333333331975,0.0,4.0436
14,Rest,346.5333333333256,0.0,4.0436
14,Rest,346.6333333333314,0.0,4.0436
14,Rest,346.73333333332266,0.0,4.0436
14,Rest,346.8333333333285,0.0,4.0436
14,Rest,346.93333333331975,0.0,4.0436
14,Rest,347.0333333333256,0.0,4.0436
14,Rest,347.1333333333314,0.0,4.0436
14,Rest,347.23333333332266,0.0,4.0436
14,Rest,347.3333333333285,0.0,4.0436
14,Rest,347.43333333331975,0.0,4.0436
14,Rest,347.5333333333256,0.0,4.0437
14,Rest,347.6333333333314,0.0,4.0437
14,Rest,347.73333333332266,0.0,4.0437
14,Rest,347.8333333333285,0.0,4.0437
14,Rest,347.93333333331975,0.0,4.0437
14,Rest,348.0333333333256,0.0,4.0437
14,Rest,348.1333333333314,0.0,4.0437
14,Rest,348.23333333332266,0.0,4.0437
14,Rest,348.3333333333285,0.0,4.0437
14,Rest,348.43333333331975,0.0,4.0437
14,Rest,348.5333333333256,0.0,4.0437
14,Rest,348.6333333333314,0.0,4.0437
14,Rest,348.73333333332266,0.0,4.0437
14,Rest,348.8333333333285,0.0,4.0437
14,Rest,348.93333333331975,0.0,4.0437
14,Rest,349.0333333333256,0.0,4.0437
14,Rest,349.1333333333314,0.0,4.0437
14,Rest,349.23333333332266,0.0,4.0437
14,Rest,349.3333333333285,0.0,4.0437
14,Rest,349.43333333331975,0.0,4.0437
14,Rest,349.5333333333256,0.0,4.0437
14,Rest,349.6333333333314,0.0,4.0438
14,Rest,349.73333333332266,0.0,4.0437
14,Rest,349.8333333333285,0.0,4.0437
14,Rest,349.93333333331975,0.0,4.0437
14,Rest,350.0333333333256,0.0,4.0438
14,Rest,350.1333333333314,0.0,4.0438
14,Rest,350.23333333332266,0.0,4.0438
14,Rest,350.3333333333285,0.0,4.0438
14,Rest,350.43333333331975,0.0,4.0438
14,Rest,350.5333333333256,0.0,4.0438
14,Rest,350.6333333333314,0.0,4.0438
14,Rest,350.73333333332266,0.0,4.0438
14,Rest,350.8333333333285,0.0,4.0438
14,Rest,350.93333333331975,0.0,4.0438
14,Rest,351.0333333333256,0.0,4.0438
14,Rest,351.1333333333314,0.0,4.0439
14,Rest,351.23333333332266,0.0,4.0438
14,Rest,351.3333333333285,0.0,4.0438
14,Rest,351.43333333331975,0.0,4.0438
14,Rest,351.5333333333256,0.0,4.0438
14,Rest,351.6333333333314,0.0,4.0438
14,Rest,351.73333333332266,0.0,4.0439
14,Rest,351.8333333333285,0.0,4.0438
14,Rest,351.93333333331975,0.0,4.0438
14,Rest,352.0333333333256,0.0,4.0438
14,Rest,352.1333333333314,0.0,4.0439
14,Rest,352.23333333332266,0.0,4.0439
14,Rest,352.3333333333285,0.0,4.0439
14,Rest,352.43333333331975,0.0,4.0439
14,Rest,352.5333333333256,0.0,4.0439
14,Rest,352.6333333333314,0.0,4.0439
14,Rest,352.73333333332266,0.0,4.0439
14,Rest,352.8333333333285,0.0,4.0439
14,Rest,352.93333333331975,0.0,4.0439
14,Rest,353.0333333333256,0.0,4.0439
14,Rest,353.1333333333314,0.0,4.0439
14,Rest,353.23333333332266,0.0,4.0439
14,Rest,353.3333333333285,0.0,4.0439
14,Rest,353.43333333331975,0.0,4.0439
14,Rest,353.5333333333256,0.0,4.0439
14,Rest,353.6333333333314,0.0,4.0439
14,Rest,353.73333333332266,0.0,4.0439
14,Rest,353.8333333333285,0.0,4.0439
14,Rest,353.93333333331975,0.0,4.0439
14,Rest,354.0333333333256,0.0,4.0439
14,Rest,354.1333333333314,0.0,4.0439
14,Rest,354.23333333332266,0.0,4.044
14,Rest,354.3333333333285,0.0,4.044
14,Rest,354.43333333331975,0.0,4.044
14,Rest,354.5333333333256,0.0,4.044
14,Rest,354.6333333333314,0.0,4.0439
14,Rest,354.73333333332266,0.0,4.0439
14,Rest,354.8333333333285,0.0,4.044
14,Rest,354.93333333331975,0.0,4.044
14,Rest,355.0333333333256,0.0,4.044
14,Rest,355.1333333333314,0.0,4.044
14,Rest,355.23333333332266,0.0,4.044
14,Rest,355.3333333333285,0.0,4.044
14,Rest,355.43333333331975,0.0,4.044
14,Rest,355.5333333333256,0.0,4.044
14,Rest,355.6333333333314,0.0,4.044
14,Rest,355.73333333332266,0.0,4.044
14,Rest,355.8333333333285,0.0,4.044
14,Rest,355.93333333331975,0.0,4.044
14,Rest,356.0333333333256,0.0,4.044
14,Rest,356.1333333333314,0.0,4.044
14,Rest,356.23333333332266,0.0,4.044
14,Rest,356.3333333333285,0.0,4.044
14,Rest,356.43333333331975,0.0,4.044
14,Rest,356.5333333333256,0.0,4.044
14,Rest,356.6333333333314,0.0,4.0441
14,Rest,356.73333333332266,0.0,4.044
14,Rest,356.8333333333285,0.0,4.0441
14,Rest,356.93333333331975,0.0,4.0441
14,Rest,357.0333333333256,0.0,4.044
14,Rest,357.1333333333314,0.0,4.044
14,Rest,357.23333333332266,0.0,4.044
14,Rest,357.3333333333285,0.0,4.044
14,Rest,357.43333333331975,0.0,4.0441
14,Rest,357.5333333333256,0.0,4.0441
14,Rest,357.6333333333314,0.0,4.0441
14,Rest,357.73333333332266,0.0,4.0441
14,Rest,357.8333333333285,0.0,4.0441
14,Rest,357.93333333331975,0.0,4.0441
14,Rest,358.0333333333256,0.0,4.0441
14,Rest,358.1333333333314,0.0,4.0441
14,Rest,358.23333333332266,0.0,4.0441
14,Rest,358.3333333333285,0.0,4.0441
14,Rest,358.43333333331975,0.0,4.0441
14,Rest,358.5333333333256,0.0,4.0441
14,Rest,358.6333333333314,0.0,4.0441
14,Rest,358.73333333332266,0.0,4.0441
14,Rest,358.8333333333285,0.0,4.0441
14,Rest,358.93333333331975,0.0,4.0441
14,Rest,359.0333333333256,0.0,4.0441
14,Rest,359.1333333333314,0.0,4.0441
14,Rest,359.23333333332266,0.0,4.0441
14,Rest,359.3333333333285,0.0,4.0441
14,Rest,359.43333333331975,0.0,4.0442
14,Rest,359.5333333333256,0.0,4.0442
14,Rest,359.6333333333314,0.0,4.0442
14,Rest,359.73333333332266,0.0,4.0442
14,Rest,359.8333333333285,0.0,4.0442
14,Rest,359.93333333331975,0.0,4.0442
14,Rest,360.0333333333256,0.0,4.0442
14,Rest,360.1333333333314,0.0,4.0442
14,Rest,360.23333333332266,0.0,4.0442
14,Rest,360.3333333333285,0.0,4.0442
14,Rest,360.43333333331975,0.0,4.0442
14,Rest,360.5333333333256,0.0,4.0442
14,Rest,360.6333333333314,0.0,4.0442
14,Rest,360.73333333332266,0.0,4.0442
14,Rest,360.8333333333285,0.0,4.0442
14,Rest,360.93333333331975,0.0,4.0442
14,Rest,361.0333333333256,0.0,4.0442
14,Rest,361.1333333333314,0.0,4.0442
14,Rest,361.23333333332266,0.0,4.0442
14,Rest,361.3333333333285,0.0,4.0442
14,Rest,361.43333333331975,0.0,4.0442
14,Rest,361.5333333333256,0.0,4.0442
14,Rest,361.6333333333314,0.0,4.0443
14,Rest,361.73333333332266,0.0,4.0443
14,Rest,361.8333333333285,0.0,4.0442
14,Rest,361.93333333331975,0.0,4.0442
14,Rest,362.0333333333256,0.0,4.0442
14,Rest,362.1333333333314,0.0,4.0442
14,Rest,362.23333333332266,0.0,4.0442
14,Rest,362.3333333333285,0.0,4.0442
14,Rest,362.43333333331975,0.0,4.0442
14,Rest,362.5333333333256,0.0,4.0443
14,Rest,362.6333333333314,0.0,4.0443
14,Rest,362.73333333332266,0.0,4.0443
14,Rest,362.8333333333285,0.0,4.0443
14,Rest,362.93333333331975,0.0,4.0442
14,Rest,363.0333333333256,0.0,4.0443
14,Rest,363.1333333333314,0.0,4.0443
14,Rest,363.23333333332266,0.0,4.0443
14,Rest,363.3333333333285,0.0,4.0442
14,Rest,363.43333333331975,0.0,4.0443
14,Rest,363.5333333333256,0.0,4.0443
14,Rest,363.6333333333314,0.0,4.0443
14,Rest,363.73333333332266,0.0,4.0442
14,Rest,363.8333333333285,0.0,4.0442
14,Rest,363.93333333331975,0.0,4.0443
14,Rest,364.0333333333256,0.0,4.0443
14,Rest,364.1333333333314,0.0,4.0443
14,Rest,364.23333333332266,0.0,4.0443
14,Rest,364.3333333333285,0.0,4.0443
14,Rest,364.43333333331975,0.0,4.0443
14,Rest,364.5333333333256,0.0,4.0443
14,Rest,364.6333333333314,0.0,4.0443
14,Rest,364.73333333332266,0.0,4.0443
14,Rest,364.8333333333285,0.0,4.0443
14,Rest,364.93333333331975,0.0,4.0443
14,Rest,365.0333333333256,0.0,4.0443
14,Rest,365.1333333333314,0.0,4.0443
14,Rest,365.23333333332266,0.0,4.0443
14,Rest,365.3333333333285,0.0,4.0443
14,Rest,365.43333333331975,0.0,4.0443
14,Rest,365.5333333333256,0.0,4.0443
14,Rest,365.6333333333314,0.0,4.0443
14,Rest,365.73333333332266,0.0,4.0443
14,Rest,365.8333333333285,0.0,4.0443
14,Rest,365.93333333331975,0.0,4.0443
14,Rest,366.0333333333256,0.0,4.0444
14,Rest,366.1333333333314,0.0,4.0444
14,Rest,366.23333333332266,0.0,4.0444
14,Rest,366.3333333333285,0.0,4.0444
14,Rest,366.43333333331975,0.0,4.0444
14,Rest,366.5333333333256,0.0,4.0444
14,Rest,366.6333333333314,0.0,4.0444
14,Rest,366.73333333332266,0.0,4.0444
14,Rest,366.8333333333285,0.0,4.0444
14,Rest,366.93333333331975,0.0,4.0444
14,Rest,367.0333333333256,0.0,4.0444
14,Rest,367.1333333333314,0.0,4.0444
14,Rest,367.23333333332266,0.0,4.0444
14,Rest,367.3333333333285,0.0,4.0444
14,Rest,367.43333333331975,0.0,4.0444
14,Rest,367.5333333333256,0.0,4.0444
14,Rest,367.6333333333314,0.0,4.0444
14,Rest,367.73333333332266,0.0,4.0444
14,Rest,367.8333333333285,0.0,4.0444
14,Rest,367.93333333331975,0.0,4.0444
14,Rest,368.0333333333256,0.0,4.0444
14,Rest,368.1333333333314,0.0,4.0445
14,Rest,368.23333333332266,0.0,4.0445
14,Rest,368.3333333333285,0.0,4.0444
14,Rest,368.43333333331975,0.0,4.0444
14,Rest,368.5333333333256,0.0,4.0444
14,Rest,368.6333333333314,0.0,4.0444
14,Rest,368.73333333332266,0.0,4.0444
14,Rest,368.8333333333285,0.0,4.0445
14,Rest,368.93333333331975,0.0,4.0445
14,Rest,369.0333333333256,0.0,4.0444
14,Rest,369.1333333333314,0.0,4.0445
14,Rest,369.23333333332266,0.0,4.0445
14,Rest,369.3333333333285,0.0,4.0445
14,Rest,369.43333333331975,0.0,4.0445
14,Rest,369.5333333333256,0.0,4.0445
14,Rest,369.6333333333314,0.0,4.0445
14,Rest,369.73333333332266,0.0,4.0444
14,Rest,369.8333333333285,0.0,4.0444
14,Rest,369.93333333331975,0.0,4.0445
14,Rest,370.0333333333256,0.0,4.0445
14,Rest,370.1333333333314,0.0,4.0445
14,Rest,370.23333333332266,0.0,4.0445
14,Rest,370.3333333333285,0.0,4.0445
14,Rest,370.43333333331975,0.0,4.0445
14,Rest,370.5333333333256,0.0,4.0445
14,Rest,370.6333333333314,0.0,4.0445
14,Rest,370.73333333332266,0.0,4.0445
14,Rest,370.8333333333285,0.0,4.0445
14,Rest,370.93333333331975,0.0,4.0445
14,Rest,371.0333333333256,0.0,4.0445
14,Rest,371.1333333333314,0.0,4.0445
14,Rest,371.23333333332266,0.0,4.0445
14,Rest,371.3333333333285,0.0,4.0445
14,Rest,371.43333333331975,0.0,4.0445
14,Rest,371.5333333333256,0.0,4.0445
14,Rest,371.6333333333314,0.0,4.0445
14,Rest,371.73333333332266,0.0,4.0445
14,Rest,371.8333333333285,0.0,4.0445
14,Rest,371.93333333331975,0.0,4.0446
14,Rest,372.0333333333256,0.0,4.0446
14,Rest,372.1333333333314,0.0,4.0445
14,Rest,372.23333333332266,0.0,4.0445
14,Rest,372.3333333333285,0.0,4.0446
14,Rest,372.43333333331975,0.0,4.0446
14,Rest,372.5333333333256,0.0,4.0446
14,Rest,372.6333333333314,0.0,4.0446
14,Rest,372.73333333332266,0.0,4.0446
14,Rest,372.8333333333285,0.0,4.0446
14,Rest,372.93333333331975,0.0,4.0446
14,Rest,373.0333333333256,0.0,4.0446
14,Rest,373.1333333333314,0.0,4.0446
14,Rest,373.23333333332266,0.0,4.0446
14,Rest,373.3333333333285,0.0,4.0446
14,Rest,373.43333333331975,0.0,4.0446
14,Rest,373.5333333333256,0.0,4.0446
14,Rest,373.6333333333314,0.0,4.0446
14,Rest,373.73333333332266,0.0,4.0446
14,Rest,373.8333333333285,0.0,4.0446
14,Rest,373.93333333331975,0.0,4.0446
14,Rest,374.0333333333256,0.0,4.0446
14,Rest,374.1333333333314,0.0,4.0446
14,Rest,374.23333333332266,0.0,4.0446
14,Rest,374.3333333333285,0.0,4.0446
14,Rest,374.43333333331975,0.0,4.0446
14,Rest,374.5333333333256,0.0,4.0446
14,Rest,374.6333333333314,0.0,4.0446
14,Rest,374.73333333332266,0.0,4.0446
14,Rest,374.8333333333285,0.0,4.0446
14,Rest,374.93333333331975,0.0,4.0446
14,Rest,375.0333333333256,0.0,4.0446
14,Rest,375.1333333333314,0.0,4.0446
14,Rest,375.23333333332266,0.0,4.0446
14,Rest,375.3333333333285,0.0,4.0446
14,Rest,375.43333333331975,0.0,4.0447
14,Rest,375.5333333333256,0.0,4.0447
14,Rest,375.6333333333314,0.0,4.0447
14,Rest,375.73333333332266,0.0,4.0447
14,Rest,375.8333333333285,0.0,4.0447
14,Rest,375.93333333331975,0.0,4.0447
14,Rest,376.0333333333256,0.0,4.0447
14,Rest,376.1333333333314,0.0,4.0447
14,Rest,376.23333333332266,0.0,4.0447
14,Rest,376.3333333333285,0.0,4.0447
14,Rest,376.43333333331975,0.0,4.0447
14,Rest,376.5333333333256,0.0,4.0447
14,Rest,376.6333333333314,0.0,4.0447
14,Rest,376.73333333332266,0.0,4.0447
14,Rest,376.8333333333285,0.0,4.0447
14,Rest,376.93333333331975,0.0,4.0447
14,Rest,377.0333333333256,0.0,4.0447
14,Rest,377.1333333333314,0.0,4.0447
14,Rest,377.23333333332266,0.0,4.0447
14,Rest,377.3333333333285,0.0,4.0447
14,Rest,377.43333333331975,0.0,4.0447
14,Rest,377.5333333333256,0.0,4.0447
14,Rest,377.6333333333314,0.0,4.0447
14,Rest,377.73333333332266,0.0,4.0447
14,Rest,377.8333333333285,0.0,4.0447
14,Rest,377.93333333331975,0.0,4.0447
14,Rest,378.0333333333256,0.0,4.0447
14,Rest,378.1333333333314,0.0,4.0447
14,Rest,378.23333333332266,0.0,4.0447
14,Rest,378.3333333333285,0.0,4.0447
14,Rest,378.43333333331975,0.0,4.0447
14,Rest,378.5333333333256,0.0,4.0447
14,Rest,378.6333333333314,0.0,4.0447
14,Rest,378.73333333332266,0.0,4.0447
14,Rest,378.8333333333285,0.0,4.0447
14,Rest,378.93333333331975,0.0,4.0448
14,Rest,379.0333333333256,0.0,4.0448
14,Rest,379.1333333333314,0.0,4.0448
14,Rest,379.23333333332266,0.0,4.0448
14,Rest,379.3333333333285,0.0,4.0448
14,Rest,379.43333333331975,0.0,4.0448
14,Rest,379.5333333333256,0.0,4.0448
14,Rest,379.6333333333314,0.0,4.0448
14,Rest,379.73333333332266,0.0,4.0448
14,Rest,379.8333333333285,0.0,4.0448
14,Rest,379.93333333331975,0.0,4.0448
14,Rest,380.0333333333256,0.0,4.0448
14,Rest,380.1333333333314,0.0,4.0448
14,Rest,380.23333333332266,0.0,4.0448
14,Rest,380.3333333333285,0.0,4.0448
14,Rest,380.43333333331975,0.0,4.0448
14,Rest,380.5333333333256,0.0,4.0448
14,Rest,380.6333333333314,0.0,4.0448
14,Rest,380.73333333332266,0.0,4.0448
14,Rest,380.8333333333285,0.0,4.0448
14,Rest,380.93333333331975,0.0,4.0448
14,Rest,381.0333333333256,0.0,4.0448
14,Rest,381.1333333333314,0.0,4.0448
14,Rest,381.23333333332266,0.0,4.0448
14,Rest,381.3333333333285,0.0,4.0448
14,Rest,381.43333333331975,0.0,4.0449
14,Rest,381.5333333333256,0.0,4.0449
14,Rest,381.6333333333314,0.0,4.0449
14,Rest,381.73333333332266,0.0,4.0449
14,Rest,381.8333333333285,0.0,4.0449
14,Rest,381.93333333331975,0.0,4.0449
14,Rest,382.0333333333256,0.0,4.0449
14,Rest,382.1333333333314,0.0,4.0449
14,Rest,382.23333333332266,0.0,4.0449
14,Rest,382.3333333333285,0.0,4.0448
14,Rest,382.43333333331975,0.0,4.0449
14,Rest,382.5333333333256,0.0,4.0449
14,Rest,382.6333333333314,0.0,4.0449
14,Rest,382.73333333332266,0.0,4.0449
14,Rest,382.8333333333285,0.0,4.0449
14,Rest,382.93333333331975,0.0,4.0449
14,Rest,383.0333333333256,0.0,4.0449
14,Rest,383.1333333333314,0.0,4.0449
14,Rest,383.23333333332266,0.0,4.0449
14,Rest,383.3333333333285,0.0,4.0449
14,Rest,383.43333333331975,0.0,4.0449
14,Rest,383.5333333333256,0.0,4.0449
14,Rest,383.6333333333314,0.0,4.0449
14,Rest,383.73333333332266,0.0,4.0449
14,Rest,383.8333333333285,0.0,4.0449
14,Rest,383.93333333331975,0.0,4.0449
14,Rest,384.0333333333256,0.0,4.0449
14,Rest,384.1333333333314,0.0,4.0449
14,Rest,384.23333333332266,0.0,4.045
14,Rest,384.3333333333285,0.0,4.0449
14,Rest,384.43333333331975,0.0,4.045
14,Rest,384.5333333333256,0.0,4.045
14,Rest,384.6333333333314,0.0,4.045
14,Rest,384.73333333332266,0.0,4.0449
14,Rest,384.8333333333285,0.0,4.0449
14,Rest,384.93333333331975,0.0,4.0449
14,Rest,385.0333333333256,0.0,4.045
14,Rest,385.1333333333314,0.0,4.0449
14,Rest,385.23333333332266,0.0,4.0449
14,Rest,385.3333333333285,0.0,4.045
14,Rest,385.43333333331975,0.0,4.045
14,Rest,385.5333333333256,0.0,4.045
14,Rest,385.6333333333314,0.0,4.045
14,Rest,385.73333333332266,0.0,4.045
14,Rest,385.8333333333285,0.0,4.045
14,Rest,385.93333333331975,0.0,4.045
14,Rest,386.0333333333256,0.0,4.045
14,Rest,386.1333333333314,0.0,4.045
14,Rest,386.23333333332266,0.0,4.045
14,Rest,386.3333333333285,0.0,4.045
14,Rest,386.43333333331975,0.0,4.045
14,Rest,386.5333333333256,0.0,4.045
14,Rest,386.6333333333314,0.0,4.045
14,Rest,386.73333333332266,0.0,4.045
14,Rest,386.8333333333285,0.0,4.045
14,Rest,386.93333333331975,0.0,4.045
14,Rest,387.0333333333256,0.0,4.045
14,Rest,387.1333333333314,0.0,4.045
14,Rest,387.23333333332266,0.0,4.0451
14,Rest,387.3333333333285,0.0,4.0451
14,Rest,387.43333333331975,0.0,4.045
14,Rest,387.5333333333256,0.0,4.0451
14,Rest,387.6333333333314,0.0,4.0451
14,Rest,387.73333333332266,0.0,4.0451
14,Rest,387.8333333333285,0.0,4.0451
14,Rest,387.93333333331975,0.0,4.0451
14,Rest,388.0333333333256,0.0,4.0451
14,Rest,388.1333333333314,0.0,4.0451
14,Rest,388.23333333332266,0.0,4.0451
14,Rest,388.3333333333285,0.0,4.0451
14,Rest,388.43333333331975,0.0,4.0451
14,Rest,388.5333333333256,0.0,4.0451
14,Rest,388.6333333333314,0.0,4.0451
14,Rest,388.73333333332266,0.0,4.0451
14,Rest,388.8333333333285,0.0,4.0451
14,Rest,388.93333333331975,0.0,4.0451
14,Rest,389.0333333333256,0.0,4.0451
14,Rest,389.1333333333314,0.0,4.0452
14,Rest,389.23333333332266,0.0,4.0452
14,Rest,389.3333333333285,0.0,4.0451
14,Rest,389.43333333331975,0.0,4.0451
14,Rest,389.5333333333256,0.0,4.0451
14,Rest,389.6333333333314,0.0,4.0452
14,Rest,389.73333333332266,0.0,4.0451
14,Rest,389.8333333333285,0.0,4.0451
14,Rest,389.93333333331975,0.0,4.0451
14,Rest,390.0333333333256,0.0,4.0451
14,Rest,390.1333333333314,0.0,4.0451
14,Rest,390.23333333332266,0.0,4.0451
14,Rest,390.3333333333285,0.0,4.0451
14,Rest,390.43333333331975,0.0,4.0452
14,Rest,390.5333333333256,0.0,4.0452
14,Rest,390.6333333333314,0.0,4.0452
14,Rest,390.73333333332266,0.0,4.0452
14,Rest,390.8333333333285,0.0,4.0452
14,Rest,390.93333333331975,0.0,4.0452
14,Rest,391.0333333333256,0.0,4.0452
14,Rest,391.1333333333314,0.0,4.0452
14,Rest,391.23333333332266,0.0,4.0452
14,Rest,391.3333333333285,0.0,4.0452
14,Rest,391.43333333331975,0.0,4.0452
14,Rest,391.5333333333256,0.0,4.0452
14,Rest,391.6333333333314,0.0,4.0452
14,Rest,391.73333333332266,0.0,4.0452
14,Rest,391.8333333333285,0.0,4.0452
14,Rest,391.93333333331975,0.0,4.0452
14,Rest,392.0333333333256,0.0,4.0452
14,Rest,392.1333333333314,0.0,4.0452
14,Rest,392.23333333332266,0.0,4.0452
14,Rest,392.3333333333285,0.0,4.0452
14,Rest,392.43333333331975,0.0,4.0452
14,Rest,392.5333333333256,0.0,4.0452
14,Rest,392.6333333333314,0.0,4.0452
14,Rest,392.73333333332266,0.0,4.0452
14,Rest,392.8333333333285,0.0,4.0452
14,Rest,392.93333333331975,0.0,4.0452
14,Rest,393.0333333333256,0.0,4.0452
14,Rest,393.1333333333314,0.0,4.0452
14,Rest,393.23333333332266,0.0,4.0452
14,Rest,393.3333333333285,0.0,4.0453
14,Rest,393.43333333331975,0.0,4.0452
14,Rest,393.5333333333256,0.0,4.0452
14,Rest,393.6333333333314,0.0,4.0452
14,Rest,393.73333333332266,0.0,4.0452
14,Rest,393.8333333333285,0.0,4.0452
14,Rest,393.93333333331975,0.0,4.0452
14,Rest,394.0333333333256,0.0,4.0452
14,Rest,394.1333333333314,0.0,4.0452
14,Rest,394.23333333332266,0.0,4.0452
14,Rest,394.3333333333285,0.0,4.0452
14,Rest,394.43333333331975,0.0,4.0452
14,Rest,394.5333333333256,0.0,4.0453
14,Rest,394.6333333333314,0.0,4.0453
14,Rest,394.73333333332266,0.0,4.0453
14,Rest,394.8333333333285,0.0,4.0453
14,Rest,394.93333333331975,0.0,4.0453
14,Rest,395.0333333333256,0.0,4.0453
14,Rest,395.1333333333314,0.0,4.0453
14,Rest,395.23333333332266,0.0,4.0453
14,Rest,395.3333333333285,0.0,4.0453
14,Rest,395.43333333331975,0.0,4.0453
14,Rest,395.5333333333256,0.0,4.0453
14,Rest,395.6333333333314,0.0,4.0453
14,Rest,395.73333333332266,0.0,4.0453
14,Rest,395.8333333333285,0.0,4.0453
14,Rest,395.93333333331975,0.0,4.0453
14,Rest,396.0333333333256,0.0,4.0453
14,Rest,396.1333333333314,0.0,4.0453
14,Rest,396.23333333332266,0.0,4.0453
14,Rest,396.3333333333285,0.0,4.0453
14,Rest,396.43333333331975,0.0,4.0453
14,Rest,396.5333333333256,0.0,4.0453
14,Rest,396.6333333333314,0.0,4.0453
14,Rest,396.73333333332266,0.0,4.0453
14,Rest,396.8333333333285,0.0,4.0453
14,Rest,396.93333333331975,0.0,4.0453
14,Rest,397.0333333333256,0.0,4.0453
14,Rest,397.1333333333314,0.0,4.0453
14,Rest,397.23333333332266,0.0,4.0454
14,Rest,397.3333333333285,0.0,4.0454
14,Rest,397.43333333331975,0.0,4.0453
14,Rest,397.5333333333256,0.0,4.0453
14,Rest,397.6333333333314,0.0,4.0453
14,Rest,397.73333333332266,0.0,4.0453
14,Rest,397.8333333333285,0.0,4.0454
14,Rest,397.93333333331975,0.0,4.0453
14,Rest,398.0333333333256,0.0,4.0453
14,Rest,398.1333333333314,0.0,4.0454
14,Rest,398.23333333332266,0.0,4.0454
14,Rest,398.3333333333285,0.0,4.0454
14,Rest,398.43333333331975,0.0,4.0454
14,Rest,398.5333333333256,0.0,4.0454
14,Rest,398.6333333333314,0.0,4.0454
14,Rest,398.73333333332266,0.0,4.0454
14,Rest,398.8333333333285,0.0,4.0454
14,Rest,398.93333333331975,0.0,4.0454
14,Rest,399.0333333333256,0.0,4.0454
14,Rest,399.1333333333314,0.0,4.0454
14,Rest,399.23333333332266,0.0,4.0454
14,Rest,399.3333333333285,0.0,4.0454
14,Rest,399.43333333331975,0.0,4.0454
14,Rest,399.5333333333256,0.0,4.0454
14,Rest,399.6333333333314,0.0,4.0454
14,Rest,399.73333333332266,0.0,4.0454
14,Rest,399.8333333333285,0.0,4.0454
14,Rest,399.93333333331975,0.0,4.0454
14,Rest,400.0333333333256,0.0,4.0454
14,Rest,400.1333333333314,0.0,4.0454
14,Rest,400.23333333332266,0.0,4.0454
14,Rest,400.3333333333285,0.0,4.0454
14,Rest,400.43333333331975,0.0,4.0454
14,Rest,400.5333333333256,0.0,4.0454
14,Rest,400.6333333333314,0.0,4.0454
14,Rest,400.73333333332266,0.0,4.0455
14,Rest,400.8333333333285,0.0,4.0454
14,Rest,400.93333333331975,0.0,4.0454
14,Rest,401.0333333333256,0.0,4.0455
14,Rest,401.1333333333314,0.0,4.0455
14,Rest,401.23333333332266,0.0,4.0455
14,Rest,401.3333333333285,0.0,4.0455
14,Rest,401.43333333331975,0.0,4.0455
14,Rest,401.5333333333256,0.0,4.0455
14,Rest,401.6333333333314,0.0,4.0455
14,Rest,401.73333333332266,0.0,4.0455
14,Rest,401.8333333333285,0.0,4.0455
14,Rest,401.93333333331975,0.0,4.0455
14,Rest,402.0333333333256,0.0,4.0455
14,Rest,402.1333333333314,0.0,4.0455
14,Rest,402.23333333332266,0.0,4.0455
14,Rest,402.3333333333285,0.0,4.0455
14,Rest,402.43333333331975,0.0,4.0455
14,Rest,402.5333333333256,0.0,4.0456
14,Rest,402.6333333333314,0.0,4.0456
14,Rest,402.73333333332266,0.0,4.0456
14,Rest,402.8333333333285,0.0,4.0456
14,Rest,402.93333333331975,0.0,4.0456
14,Rest,403.0333333333256,0.0,4.0456
14,Rest,403.1333333333314,0.0,4.0456
14,Rest,403.23333333332266,0.0,4.0456
14,Rest,403.3333333333285,0.0,4.0456
14,Rest,403.43333333331975,0.0,4.0456
14,Rest,403.5333333333256,0.0,4.0456
14,Rest,403.6333333333314,0.0,4.0456
14,Rest,403.73333333332266,0.0,4.0456
14,Rest,403.8333333333285,0.0,4.0456
14,Rest,403.93333333331975,0.0,4.0456
14,Rest,404.0333333333256,0.0,4.0456
14,Rest,404.1333333333314,0.0,4.0456
14,Rest,404.23333333332266,0.0,4.0456
14,Rest,404.3333333333285,0.0,4.0456
14,Rest,404.43333333331975,0.0,4.0456
14,Rest,404.5333333333256,0.0,4.0456
14,Rest,404.6333333333314,0.0,4.0456
14,Rest,404.73333333332266,0.0,4.0456
14,Rest,404.8333333333285,0.0,4.0457
14,Rest,404.93333333331975,0.0,4.0456
14,Rest,405.0333333333256,0.0,4.0457
14,Rest,405.1333333333314,0.0,4.0456
14,Rest,405.23333333332266,0.0,4.0456
14,Rest,405.3333333333285,0.0,4.0456
14,Rest,405.43333333331975,0.0,4.0456
14,Rest,405.5333333333256,0.0,4.0456
14,Rest,405.6333333333314,0.0,4.0456
14,Rest,405.73333333332266,0.0,4.0457
14,Rest,405.8333333333285,0.0,4.0456
14,Rest,405.93333333331975,0.0,4.0456
14,Rest,406.0333333333256,0.0,4.0456
14,Rest,406.1333333333314,0.0,4.0456
14,Rest,406.23333333332266,0.0,4.0457
14,Rest,406.3333333333285,0.0,4.0457
14,Rest,406.43333333331975,0.0,4.0457
14,Rest,406.5333333333256,0.0,4.0457
14,Rest,406.6333333333314,0.0,4.0457
14,Rest,406.73333333332266,0.0,4.0457
14,Rest,406.8333333333285,0.0,4.0457
14,Rest,406.93333333331975,0.0,4.0457
14,Rest,407.0333333333256,0.0,4.0457
14,Rest,407.1333333333314,0.0,4.0457
14,Rest,407.23333333332266,0.0,4.0457
14,Rest,407.3333333333285,0.0,4.0457
14,Rest,407.43333333331975,0.0,4.0457
14,Rest,407.5333333333256,0.0,4.0457
14,Rest,407.6333333333314,0.0,4.0457
14,Rest,407.73333333332266,0.0,4.0457
14,Rest,407.8333333333285,0.0,4.0457
14,Rest,407.93333333331975,0.0,4.0457
14,Rest,408.0333333333256,0.0,4.0457
14,Rest,408.1333333333314,0.0,4.0457
14,Rest,408.23333333332266,0.0,4.0457
14,Rest,408.3333333333285,0.0,4.0457
14,Rest,408.43333333331975,0.0,4.0457
14,Rest,408.5333333333256,0.0,4.0457
14,Rest,408.6333333333314,0.0,4.0458
14,Rest,408.73333333332266,0.0,4.0458
14,Rest,408.8333333333285,0.0,4.0458
14,Rest,408.93333333331975,0.0,4.0457
14,Rest,409.0333333333256,0.0,4.0457
14,Rest,409.1333333333314,0.0,4.0457
14,Rest,409.23333333332266,0.0,4.0457
14,Rest,409.3333333333285,0.0,4.0457
14,Rest,409.43333333331975,0.0,4.0458
14,Rest,409.5333333333256,0.0,4.0457
14,Rest,409.6333333333314,0.0,4.0457
14,Rest,409.73333333332266,0.0,4.0457
14,Rest,409.8333333333285,0.0,4.0458
14,Rest,409.93333333331975,0.0,4.0458
14,Rest,410.0333333333256,0.0,4.0457
14,Rest,410.1333333333314,0.0,4.0457
14,Rest,410.23333333332266,0.0,4.0457
14,Rest,410.3333333333285,0.0,4.0457
14,Rest,410.43333333331975,0.0,4.0457
14,Rest,410.5333333333256,0.0,4.0457
14,Rest,410.6333333333314,0.0,4.0458
14,Rest,410.73333333332266,0.0,4.0457
14,Rest,410.8333333333285,0.0,4.0457
14,Rest,410.93333333331975,0.0,4.0458
14,Rest,411.0333333333256,0.0,4.0458
14,Rest,411.1333333333314,0.0,4.0458
14,Rest,411.23333333332266,0.0,4.0458
14,Rest,411.3333333333285,0.0,4.0458
14,Rest,411.43333333331975,0.0,4.0458
14,Rest,411.5333333333256,0.0,4.0458
14,Rest,411.6333333333314,0.0,4.0458
14,Rest,411.73333333332266,0.0,4.0458
14,Rest,411.8333333333285,0.0,4.0458
14,Rest,411.93333333331975,0.0,4.0458
14,Rest,412.0333333333256,0.0,4.0458
14,Rest,412.1333333333314,0.0,4.0458
14,Rest,412.23333333332266,0.0,4.0458
14,Rest,412.3333333333285,0.0,4.0458
14,Rest,412.43333333331975,0.0,4.0458
14,Rest,412.5333333333256,0.0,4.0458
14,Rest,412.6333333333314,0.0,4.0458
14,Rest,412.73333333332266,0.0,4.0458
14,Rest,412.8333333333285,0.0,4.0458
14,Rest,412.93333333331975,0.0,4.0458
14,Rest,413.0333333333256,0.0,4.0458
14,Rest,413.1333333333314,0.0,4.0458
14,Rest,413.23333333332266,0.0,4.0458
14,Rest,413.3333333333285,0.0,4.0458
14,Rest,413.43333333331975,0.0,4.0458
14,Rest,413.5333333333256,0.0,4.0458
14,Rest,413.6333333333314,0.0,4.0458
14,Rest,413.73333333332266,0.0,4.0458
14,Rest,413.8333333333285,0.0,4.0458
14,Rest,413.93333333331975,0.0,4.0458
14,Rest,414.0333333333256,0.0,4.0458
14,Rest,414.1333333333314,0.0,4.0458
14,Rest,414.23333333332266,0.0,4.0458
14,Rest,414.3333333333285,0.0,4.0458
14,Rest,414.43333333331975,0.0,4.0458
14,Rest,414.5333333333256,0.0,4.0458
14,Rest,414.6333333333314,0.0,4.0458
14,Rest,414.73333333332266,0.0,4.0458
14,Rest,414.8333333333285,0.0,4.0458
14,Rest,414.93333333331975,0.0,4.0458
14,Rest,415.0333333333256,0.0,4.0458
14,Rest,415.1333333333314,0.0,4.0458
14,Rest,415.23333333332266,0.0,4.0458
14,Rest,415.3333333333285,0.0,4.0458
14,Rest,415.43333333331975,0.0,4.0459
14,Rest,415.5333333333256,0.0,4.0459
14,Rest,415.6333333333314,0.0,4.0459
14,Rest,415.73333333332266,0.0,4.0459
14,Rest,415.8333333333285,0.0,4.0459
14,Rest,415.93333333331975,0.0,4.0459
14,Rest,416.0333333333256,0.0,4.0459
14,Rest,416.1333333333314,0.0,4.0459
14,Rest,416.23333333332266,0.0,4.0459
14,Rest,416.3333333333285,0.0,4.0459
14,Rest,416.43333333331975,0.0,4.0459
14,Rest,416.5333333333256,0.0,4.0459
14,Rest,416.6333333333314,0.0,4.0459
14,Rest,416.73333333332266,0.0,4.0459
14,Rest,416.8333333333285,0.0,4.0459
14,Rest,416.93333333331975,0.0,4.0459
14,Rest,417.0333333333256,0.0,4.0459
14,Rest,417.1333333333314,0.0,4.0459
14,Rest,417.23333333332266,0.0,4.0459
14,Rest,417.3333333333285,0.0,4.0459
14,Rest,417.43333333331975,0.0,4.0459
14,Rest,417.5333333333256,0.0,4.046
14,Rest,417.6333333333314,0.0,4.046
14,Rest,417.73333333332266,0.0,4.046
14,Rest,417.8333333333285,0.0,4.046
14,Rest,417.93333333331975,0.0,4.046
14,Rest,418.0333333333256,0.0,4.046
14,Rest,418.1333333333314,0.0,4.046
14,Rest,418.23333333332266,0.0,4.046
14,Rest,418.3333333333285,0.0,4.046
14,Rest,418.43333333331975,0.0,4.046
14,Rest,418.5333333333256,0.0,4.046
14,Rest,418.6333333333314,0.0,4.046
14,Rest,418.73333333332266,0.0,4.046
14,Rest,418.8333333333285,0.0,4.046
14,Rest,418.93333333331975,0.0,4.046
14,Rest,419.0333333333256,0.0,4.046
14,Rest,419.1333333333314,0.0,4.046
14,Rest,419.23333333332266,0.0,4.046
14,Rest,419.3333333333285,0.0,4.046
14,Rest,419.43333333331975,0.0,4.046
14,Rest,419.5333333333256,0.0,4.046
14,Rest,419.6333333333314,0.0,4.046
14,Rest,419.73333333332266,0.0,4.046
14,Rest,419.8333333333285,0.0,4.046
14,Rest,419.93333333331975,0.0,4.046
14,Rest,420.0333333333256,0.0,4.046
14,Rest,420.1333333333314,0.0,4.046
14,Rest,420.23333333332266,0.0,4.046
14,Rest,420.3333333333285,0.0,4.046
14,Rest,420.43333333331975,0.0,4.046
14,Rest,420.5333333333256,0.0,4.046
14,Rest,420.6333333333314,0.0,4.046
14,Rest,420.73333333332266,0.0,4.046
14,Rest,420.8333333333285,0.0,4.046
14,Rest,420.93333333331975,0.0,4.046
14,Rest,421.0333333333256,0.0,4.046
14,Rest,421.1333333333314,0.0,4.046
14,Rest,421.23333333332266,0.0,4.046
14,Rest,421.3333333333285,0.0,4.046
14,Rest,421.43333333331975,0.0,4.046
14,Rest,421.5333333333256,0.0,4.046
14,Rest,421.6333333333314,0.0,4.046
14,Rest,421.73333333332266,0.0,4.046
14,Rest,421.8333333333285,0.0,4.046
14,Rest,421.93333333331975,0.0,4.046
14,Rest,422.0333333333256,0.0,4.046
14,Rest,422.1333333333314,0.0,4.0461
14,Rest,422.23333333332266,0.0,4.0461
14,Rest,422.3333333333285,0.0,4.046
14,Rest,422.43333333331975,0.0,4.046
14,Rest,422.5333333333256,0.0,4.0461
14,Rest,422.6333333333314,0.0,4.0461
14,Rest,422.73333333332266,0.0,4.046
14,Rest,422.8333333333285,0.0,4.046
14,Rest,422.93333333331975,0.0,4.046
14,Rest,423.0333333333256,0.0,4.046
14,Rest,423.1333333333314,0.0,4.046
14,Rest,423.23333333332266,0.0,4.046
14,Rest,423.3333333333285,0.0,4.046
14,Rest,423.43333333331975,0.0,4.046
14,Rest,423.5333333333256,0.0,4.0461
14,Rest,423.6333333333314,0.0,4.0461
14,Rest,423.73333333332266,0.0,4.046
14,Rest,423.8333333333285,0.0,4.0461
14,Rest,423.93333333331975,0.0,4.0461
14,Rest,424.0333333333256,0.0,4.0461
14,Rest,424.1333333333314,0.0,4.0461
14,Rest,424.23333333332266,0.0,4.0461
14,Rest,424.3333333333285,0.0,4.0461
14,Rest,424.43333333331975,0.0,4.0461
14,Rest,424.5333333333256,0.0,4.0461
14,Rest,424.6333333333314,0.0,4.0461
14,Rest,424.73333333332266,0.0,4.0461
14,Rest,424.8333333333285,0.0,4.0461
14,Rest,424.93333333331975,0.0,4.0461
14,Rest,425.0333333333256,0.0,4.0461
14,Rest,425.1333333333314,0.0,4.0461
14,Rest,425.23333333332266,0.0,4.0461
14,Rest,425.3333333333285,0.0,4.0461
14,Rest,425.43333333331975,0.0,4.0461
14,Rest,425.5333333333256,0.0,4.0461
14,Rest,425.6333333333314,0.0,4.0461
14,Rest,425.73333333332266,0.0,4.0461
14,Rest,425.8333333333285,0.0,4.0461
14,Rest,425.93333333331975,0.0,4.0461
14,Rest,426.0333333333256,0.0,4.0461
14,Rest,426.1333333333314,0.0,4.0461
14,Rest,426.23333333332266,0.0,4.0461
14,Rest,426.3333333333285,0.0,4.0462
14,Rest,426.43333333331975,0.0,4.0462
14,Rest,426.5333333333256,0.0,4.0462
14,Rest,426.6333333333314,0.0,4.0462
14,Rest,426.73333333332266,0.0,4.0462
14,Rest,426.8333333333285,0.0,4.0462
14,Rest,426.93333333331975,0.0,4.0462
14,Rest,427.0333333333256,0.0,4.0462
14,Rest,427.1333333333314,0.0,4.0462
14,Rest,427.23333333332266,0.0,4.0462
14,Rest,427.3333333333285,0.0,4.0462
14,Rest,427.43333333331975,0.0,4.0462
14,Rest,427.5333333333256,0.0,4.0462
14,Rest,427.6333333333314,0.0,4.0462
14,Rest,427.73333333332266,0.0,4.0462
14,Rest,427.8333333333285,0.0,4.0462
14,Rest,427.93333333331975,0.0,4.0462
14,Rest,428.0333333333256,0.0,4.0462
14,Rest,428.1333333333314,0.0,4.0462
14,Rest,428.23333333332266,0.0,4.0462
14,Rest,428.3333333333285,0.0,4.0462
14,Rest,428.43333333331975,0.0,4.0462
14,Rest,428.5333333333256,0.0,4.0462
14,Rest,428.6333333333314,0.0,4.0462
14,Rest,428.73333333332266,0.0,4.0462
14,Rest,428.8333333333285,0.0,4.0462
14,Rest,428.93333333331975,0.0,4.0462
14,Rest,429.0333333333256,0.0,4.0462
14,Rest,429.1333333333314,0.0,4.0463
14,Rest,429.23333333332266,0.0,4.0463
14,Rest,429.3333333333285,0.0,4.0462
14,Rest,429.43333333331975,0.0,4.0462
14,Rest,429.5333333333256,0.0,4.0462
14,Rest,429.6333333333314,0.0,4.0462
14,Rest,429.73333333332266,0.0,4.0462
14,Rest,429.8333333333285,0.0,4.0463
14,Rest,429.93333333331975,0.0,4.0463
14,Rest,430.0333333333256,0.0,4.0463
14,Rest,430.1333333333314,0.0,4.0463
14,Rest,430.23333333332266,0.0,4.0463
14,Rest,430.3333333333285,0.0,4.0463
14,Rest,430.43333333331975,0.0,4.0463
14,Rest,430.5333333333256,0.0,4.0463
14,Rest,430.6333333333314,0.0,4.0462
14,Rest,430.73333333332266,0.0,4.0463
14,Rest,430.8333333333285,0.0,4.0463
14,Rest,430.93333333331975,0.0,4.0463
14,Rest,431.0333333333256,0.0,4.0462
14,Rest,431.1333333333314,0.0,4.0462
14,Rest,431.23333333332266,0.0,4.0462
14,Rest,431.3333333333285,0.0,4.0462
14,Rest,431.43333333331975,0.0,4.0463
14,Rest,431.5333333333256,0.0,4.0463
14,Rest,431.6333333333314,0.0,4.0463
14,Rest,431.73333333332266,0.0,4.0463
14,Rest,431.8333333333285,0.0,4.0463
14,Rest,431.93333333331975,0.0,4.0463
14,Rest,432.0333333333256,0.0,4.0463
14,Rest,432.1333333333314,0.0,4.0463
14,Rest,432.23333333332266,0.0,4.0463
14,Rest,432.3333333333285,0.0,4.0463
14,Rest,432.43333333331975,0.0,4.0463
14,Rest,432.5333333333256,0.0,4.0463
14,Rest,432.6333333333314,0.0,4.0463
14,Rest,432.73333333332266,0.0,4.0463
14,Rest,432.8333333333285,0.0,4.0463
14,Rest,432.93333333331975,0.0,4.0463
14,Rest,433.0333333333256,0.0,4.0463
14,Rest,433.1333333333314,0.0,4.0463
14,Rest,433.23333333332266,0.0,4.0463
14,Rest,433.3333333333285,0.0,4.0463
14,Rest,433.43333333331975,0.0,4.0463
14,Rest,433.5333333333256,0.0,4.0463
14,Rest,433.6333333333314,0.0,4.0463
14,Rest,433.73333333332266,0.0,4.0463
14,Rest,433.8333333333285,0.0,4.0463
14,Rest,433.93333333331975,0.0,4.0463
14,Rest,434.0333333333256,0.0,4.0463
14,Rest,434.1333333333314,0.0,4.0463
14,Rest,434.23333333332266,0.0,4.0463
14,Rest,434.3333333333285,0.0,4.0463
14,Rest,434.43333333331975,0.0,4.0463
14,Rest,434.5333333333256,0.0,4.0463
14,Rest,434.6333333333314,0.0,4.0463
14,Rest,434.73333333332266,0.0,4.0464
14,Rest,434.8333333333285,0.0,4.0464
14,Rest,434.93333333331975,0.0,4.0463
14,Rest,435.0333333333256,0.0,4.0463
14,Rest,435.1333333333314,0.0,4.0464
14,Rest,435.23333333332266,0.0,4.0463
14,Rest,435.3333333333285,0.0,4.0463
14,Rest,435.43333333331975,0.0,4.0463
14,Rest,435.5333333333256,0.0,4.0463
14,Rest,435.6333333333314,0.0,4.0464
14,Rest,435.73333333332266,0.0,4.0464
14,Rest,435.8333333333285,0.0,4.0464
14,Rest,435.93333333331975,0.0,4.0464
14,Rest,436.0333333333256,0.0,4.0464
14,Rest,436.1333333333314,0.0,4.0464
14,Rest,436.23333333332266,0.0,4.0464
14,Rest,436.3333333333285,0.0,4.0464
14,Rest,436.43333333331975,0.0,4.0463
14,Rest,436.5333333333256,0.0,4.0463
14,Rest,436.6333333333314,0.0,4.0463
14,Rest,436.73333333332266,0.0,4.0463
14,Rest,436.8333333333285,0.0,4.0464
14,Rest,436.93333333331975,0.0,4.0464
14,Rest,437.0333333333256,0.0,4.0464
14,Rest,437.1333333333314,0.0,4.0464
14,Rest,437.23333333332266,0.0,4.0464
14,Rest,437.3333333333285,0.0,4.0464
14,Rest,437.43333333331975,0.0,4.0464
14,Rest,437.5333333333256,0.0,4.0464
14,Rest,437.6333333333314,0.0,4.0464
14,Rest,437.73333333332266,0.0,4.0464
14,Rest,437.8333333333285,0.0,4.0463
14,Rest,437.93333333331975,0.0,4.0464
14,Rest,438.0333333333256,0.0,4.0464
14,Rest,438.1333333333314,0.0,4.0464
14,Rest,438.23333333332266,0.0,4.0464
14,Rest,438.3333333333285,0.0,4.0464
14,Rest,438.43333333331975,0.0,4.0464
14,Rest,438.5333333333256,0.0,4.0464
14,Rest,438.6333333333314,0.0,4.0464
14,Rest,438.73333333332266,0.0,4.0464
14,Rest,438.8333333333285,0.0,4.0464
14,Rest,438.93333333331975,0.0,4.0464
