Step,Step Type,"t,s","I,A","U,V"
33,CC DChg,0.0,-1.6986,3.7519
33,CC DChg,1.2222222221898846,-1.6986,3.7519
33,CC DChg,2.444444444437977,-1.6988,3.7509
33,CC DChg,3.666666666686069,-1.6991,3.7503
33,CC DChg,4.888888888875954,-1.6993,3.7492
33,CC DChg,6.11111111115315,-1.6994,3.7484
33,CC DChg,7.333333333313931,-1.6995,3.7478
33,CC DChg,7.535353535349714,-1.6996,3.7473
33,CC DChg,7.7373737374146,-1.6996,3.7468
33,CC DChg,7.9393939393921755,-1.6996,3.7464
33,CC DChg,8.141414141427958,-1.6997,3.7459
33,CC DChg,8.343434343434637,-1.6997,3.7456
33,CC DChg,8.54545454547042,-1.6997,3.7452
33,CC DChg,8.7474747474771,-1.6997,3.7449
33,CC DChg,8.949494949512882,-1.6997,3.7445
33,CC DChg,9.151515151548665,-1.6998,3.7442
33,CC DChg,9.353535353555344,-1.6998,3.7439
33,CC DChg,9.462809917371487,-1.6998,3.7436
33,CC DChg,9.57208448118763,-1.6998,3.7433
33,CC DChg,9.681359045003774,-1.6998,3.743
33,CC DChg,9.79063360884902,-1.6998,3.7428
33,CC DChg,9.89990817263606,-1.6998,3.7426
33,CC DChg,10.009182736452203,-1.6998,3.7423
33,CC DChg,10.118457300326554,-1.6998,3.742
33,CC DChg,10.22773186408449,-1.6998,3.7418
33,CC DChg,10.33700642795884,-1.6998,3.7415
33,CC DChg,10.446280991716776,-1.6998,3.7413
33,CC DChg,10.547124133910984,-1.6998,3.7411
33,CC DChg,10.647967276076088,-1.6998,3.7409
33,CC DChg,10.748810418241192,-1.6998,3.7406
33,CC DChg,10.849653560406296,-1.6998,3.7404
33,CC DChg,10.9504967025714,-1.6998,3.7402
33,CC DChg,11.051339844765607,-1.6998,3.74
33,CC DChg,11.152182986872504,-1.6998,3.7398
33,CC DChg,11.253026129066711,-1.6998,3.7396
33,CC DChg,11.353869271231815,-1.6999,3.7394
33,CC DChg,11.45471241339692,-1.6999,3.7392
33,CC DChg,11.554789062676718,-1.6999,3.739
33,CC DChg,11.654865711956518,-1.6999,3.7388
33,CC DChg,11.754942361265421,-1.6999,3.7386
33,CC DChg,11.855019010516116,-1.6999,3.7385
33,CC DChg,11.955095659795916,-1.6999,3.7382
33,CC DChg,12.055172309163027,-1.6999,3.738
33,CC DChg,12.155248958413722,-1.6999,3.7379
33,CC DChg,12.255325607693521,-1.6999,3.7377
33,CC DChg,12.35540225697332,-1.6999,3.7375
33,CC DChg,12.455478906282224,-1.6999,3.7374
33,CC DChg,12.555485874356236,-1.6999,3.7372
33,CC DChg,12.65549284251756,-1.6999,3.737
33,CC DChg,12.755499810591573,-1.6999,3.7369
33,CC DChg,12.855506778752897,-1.6999,3.7367
33,CC DChg,12.955513746856013,-1.6999,3.7365
33,CC DChg,13.055520714988234,-1.6999,3.7364
33,CC DChg,13.155527683120454,-1.6999,3.7362
33,CC DChg,13.255534651252674,-1.6999,3.736
33,CC DChg,13.355541619326686,-1.6999,3.7359
33,CC DChg,13.455548587458907,-1.6999,3.7357
33,CC DChg,13.555549220880494,-1.6999,3.7355
33,CC DChg,13.655549854389392,-1.6999,3.7354
33,CC DChg,13.755550487840082,-1.6999,3.7352
33,CC DChg,13.855551121319877,-1.6999,3.7351
33,CC DChg,13.955551754770568,-1.6999,3.7349
33,CC DChg,14.055552388250362,-1.6999,3.7347
33,CC DChg,14.155553021671949,-1.6999,3.7346
33,CC DChg,14.255553655151743,-1.6999,3.7345
33,CC DChg,14.355554288631538,-1.6999,3.7343
33,CC DChg,14.455554922082229,-1.6999,3.7341
33,CC DChg,14.555554979655426,-1.6999,3.734
33,CC DChg,14.655555037228623,-1.6999,3.7338
33,CC DChg,14.755555094860028,-1.6999,3.7337
33,CC DChg,14.85555515246233,-1.6999,3.7336
33,CC DChg,14.955555210035527,-1.6999,3.7334
33,CC DChg,15.055555267637828,-1.6999,3.7333
33,CC DChg,15.155555325211026,-1.6999,3.7332
33,CC DChg,15.255555382813327,-1.6999,3.733
33,CC DChg,15.35555544035742,-1.6999,3.7329
33,CC DChg,15.455555497988826,-1.6999,3.7327
33,CC DChg,15.555555503233336,-1.6999,3.7326
33,CC DChg,15.655555508448742,-1.6999,3.7324
33,CC DChg,15.755555513693253,-1.6999,3.7323
33,CC DChg,15.855555518908659,-1.6999,3.7321
33,CC DChg,15.95555552415317,-1.6999,3.732
33,CC DChg,16.05555552939768,-1.6999,3.7319
33,CC DChg,16.155555534613086,-1.6999,3.7317
33,CC DChg,16.255555539857596,-1.6999,3.7316
33,CC DChg,16.35555554513121,-1.6999,3.7315
33,CC DChg,16.45555555037572,-1.6999,3.7314
33,CC DChg,16.555555550788995,-1.6999,3.7312
33,CC DChg,16.655555551260477,-1.6999,3.7311
33,CC DChg,16.755555551761063,-1.6999,3.731
33,CC DChg,16.855555552232545,-1.6999,3.7308
33,CC DChg,16.95555555273313,-1.6999,3.7307
33,CC DChg,17.05555555317551,-1.6999,3.7306
33,CC DChg,17.15555555364699,-1.6999,3.7305
33,CC DChg,17.255555554118473,-1.6999,3.7303
33,CC DChg,17.355555554589955,-1.6999,3.7302
33,CC DChg,17.455555555119645,-1.6999,3.7301
33,CC DChg,17.55555555515457,-1.6999,3.73
33,CC DChg,17.655555555189494,-1.6999,3.7298
33,CC DChg,17.755555555253522,-1.6999,3.7297
33,CC DChg,17.855555555259343,-1.6999,3.7296
33,CC DChg,17.955555555294268,-1.6999,3.7294
33,CC DChg,18.055555555358296,-1.6999,3.7293
33,CC DChg,18.15555555539322,-1.6999,3.7292
33,CC DChg,18.255555555428145,-1.6999,3.7291
33,CC DChg,18.35555555546307,-1.6999,3.729
33,CC DChg,18.455555555556202,-1.6999,3.7289
33,CC DChg,18.555555555562023,-1.6999,3.7288
33,CC DChg,18.655555555567844,-1.6999,3.7286
33,CC DChg,18.755555555573665,-1.6999,3.7286
33,CC DChg,18.85555555555038,-1.6999,3.7284
33,CC DChg,18.955555555556202,-1.6999,3.7282
33,CC DChg,19.055555555562023,-1.6999,3.7281
33,CC DChg,19.155555555567844,-1.6999,3.728
33,CC DChg,19.255555555573665,-1.6999,3.728
33,CC DChg,19.35555555555038,-1.6999,3.7278
33,CC DChg,19.455555555556202,-1.6999,3.7277
33,CC DChg,19.555555555562023,-1.6999,3.7276
33,CC DChg,19.655555555567844,-1.6999,3.7275
33,CC DChg,19.755555555573665,-1.6999,3.7274
33,CC DChg,19.85555555555038,-1.6999,3.7272
33,CC DChg,19.955555555556202,-1.6999,3.7272
33,CC DChg,20.055555555562023,-1.6999,3.7271
33,CC DChg,20.155555555567844,-1.6999,3.7269
33,CC DChg,20.255555555573665,-1.6999,3.7268
33,CC DChg,20.35555555555038,-1.6999,3.7267
33,CC DChg,20.455555555556202,-1.6999,3.7265
33,CC DChg,20.555555555562023,-1.6999,3.7265
33,CC DChg,20.655555555567844,-1.6999,3.7264
33,CC DChg,20.755555555573665,-1.6999,3.7263
33,CC DChg,20.85555555555038,-1.6999,3.7262
33,CC DChg,20.955555555556202,-1.6999,3.726
33,CC DChg,21.055555555562023,-1.6999,3.7259
33,CC DChg,21.155555555567844,-1.6999,3.7258
33,CC DChg,21.255555555573665,-1.6999,3.7257
33,CC DChg,21.35555555555038,-1.6999,3.7256
33,CC DChg,21.455555555556202,-1.6999,3.7255
33,CC DChg,21.555555555562023,-1.6999,3.7254
33,CC DChg,21.655555555567844,-1.6999,3.7253
33,CC DChg,21.755555555573665,-1.6999,3.7252
33,CC DChg,21.85555555555038,-1.6999,3.7251
33,CC DChg,21.955555555556202,-1.6999,3.725
33,CC DChg,22.055555555562023,-1.6999,3.7249
33,CC DChg,22.155555555567844,-1.6999,3.7247
33,CC DChg,22.255555555573665,-1.6999,3.7247
33,CC DChg,22.35555555555038,-1.6999,3.7246
33,CC DChg,22.455555555556202,-1.6999,3.7245
33,CC DChg,22.555555555562023,-1.6999,3.7243
33,CC DChg,22.655555555567844,-1.6999,3.7243
33,CC DChg,22.755555555573665,-1.6999,3.7242
33,CC DChg,22.85555555555038,-1.6999,3.7241
33,CC DChg,22.955555555556202,-1.6999,3.724
33,CC DChg,23.055555555562023,-1.6999,3.7239
33,CC DChg,23.155555555567844,-1.6999,3.7238
33,CC DChg,23.255555555573665,-1.6999,3.7237
33,CC DChg,23.35555555555038,-1.6999,3.7236
33,CC DChg,23.455555555556202,-1.6999,3.7235
33,CC DChg,23.555555555562023,-1.6999,3.7234
33,CC DChg,23.655555555567844,-1.6999,3.7233
33,CC DChg,23.755555555573665,-1.6999,3.7232
33,CC DChg,23.85555555555038,-1.6999,3.7231
33,CC DChg,23.955555555556202,-1.6999,3.723
33,CC DChg,24.055555555562023,-1.6999,3.7229
33,CC DChg,24.155555555567844,-1.6999,3.7228
33,CC DChg,24.255555555573665,-1.6999,3.7227
33,CC DChg,24.35555555555038,-1.6999,3.7226
33,CC DChg,24.455555555556202,-1.6999,3.7225
33,CC DChg,24.555555555562023,-1.6999,3.7224
33,CC DChg,24.655555555567844,-1.6999,3.7223
33,CC DChg,24.755555555573665,-1.6999,3.7223
33,CC DChg,24.85555555555038,-1.6999,3.7221
33,CC DChg,24.955555555556202,-1.6999,3.722
33,CC DChg,25.055555555562023,-1.6999,3.7219
33,CC DChg,25.155555555567844,-1.6999,3.7218
33,CC DChg,25.255555555573665,-1.6999,3.7218
33,CC DChg,25.35555555555038,-1.6999,3.7217
33,CC DChg,25.455555555556202,-1.6999,3.7216
33,CC DChg,25.555555555562023,-1.6999,3.7215
33,CC DChg,25.655555555567844,-1.6999,3.7213
33,CC DChg,25.755555555573665,-1.6999,3.7213
33,CC DChg,25.85555555555038,-1.6999,3.7212
33,CC DChg,25.955555555556202,-1.6999,3.7211
33,CC DChg,26.055555555562023,-1.6999,3.721
33,CC DChg,26.155555555567844,-1.6999,3.721
33,CC DChg,26.255555555573665,-1.6999,3.7208
33,CC DChg,26.35555555555038,-1.6999,3.7208
33,CC DChg,26.455555555556202,-1.6999,3.7207
33,CC DChg,26.555555555562023,-1.6999,3.7206
33,CC DChg,26.655555555567844,-1.6999,3.7205
33,CC DChg,26.755555555573665,-1.6999,3.7204
33,CC DChg,26.85555555555038,-1.6999,3.7203
33,CC DChg,26.955555555556202,-1.6999,3.7202
33,CC DChg,27.055555555562023,-1.6999,3.7201
33,CC DChg,27.155555555567844,-1.6999,3.72
33,CC DChg,27.255555555573665,-1.6999,3.7199
33,CC DChg,27.35555555555038,-1.6999,3.7199
33,CC DChg,27.455555555556202,-1.6998,3.7198
33,CC DChg,27.555555555562023,-1.6998,3.7197
33,CC DChg,27.655555555567844,-1.6998,3.7196
33,CC DChg,27.755555555573665,-1.6998,3.7195
33,CC DChg,27.85555555555038,-1.6998,3.7194
33,CC DChg,27.955555555556202,-1.6998,3.7194
33,CC DChg,28.055555555562023,-1.6998,3.7193
33,CC DChg,28.155555555567844,-1.6998,3.7192
33,CC DChg,28.255555555573665,-1.6998,3.7191
33,CC DChg,28.35555555555038,-1.6998,3.719
33,CC DChg,28.455555555556202,-1.6998,3.7189
33,CC DChg,28.555555555562023,-1.6998,3.7188
33,CC DChg,28.655555555567844,-1.6998,3.7187
33,CC DChg,28.755555555573665,-1.6998,3.7187
33,CC DChg,28.85555555555038,-1.6998,3.7186
33,CC DChg,28.955555555556202,-1.6998,3.7185
33,CC DChg,29.055555555562023,-1.6998,3.7184
33,CC DChg,29.155555555567844,-1.6998,3.7183
33,CC DChg,29.255555555573665,-1.6998,3.7182
33,CC DChg,29.35555555555038,-1.6998,3.7182
33,CC DChg,29.455555555556202,-1.6998,3.7181
33,CC DChg,29.555555555562023,-1.6998,3.718
33,CC DChg,29.655555555567844,-1.6998,3.7179
33,CC DChg,29.755555555573665,-1.6998,3.7178
33,CC DChg,29.85555555555038,-1.6998,3.7177
33,CC DChg,29.955555555556202,-1.6998,3.7177
33,CC DChg,30.055555555562023,-1.6998,3.7176
33,CC DChg,30.155555555567844,-1.6998,3.7175
33,CC DChg,30.255555555573665,-1.6998,3.7174
33,CC DChg,30.35555555555038,-1.6998,3.7173
33,CC DChg,30.455555555556202,-1.6998,3.7173
33,CC DChg,30.555555555562023,-1.6998,3.7172
33,CC DChg,30.655555555567844,-1.6998,3.7171
33,CC DChg,30.755555555573665,-1.6998,3.717
33,CC DChg,30.85555555555038,-1.6998,3.7169
33,CC DChg,30.955555555556202,-1.6998,3.7169
33,CC DChg,31.055555555562023,-1.6998,3.7167
33,CC DChg,31.155555555567844,-1.6998,3.7167
33,CC DChg,31.255555555573665,-1.6998,3.7166
33,CC DChg,31.35555555555038,-1.6998,3.7165
33,CC DChg,31.455555555556202,-1.6998,3.7164
33,CC DChg,31.555555555562023,-1.6998,3.7163
33,CC DChg,31.655555555567844,-1.6998,3.7162
33,CC DChg,31.755555555573665,-1.6998,3.7162
33,CC DChg,31.85555555555038,-1.6998,3.7161
33,CC DChg,31.955555555556202,-1.6998,3.716
33,CC DChg,32.05555555556202,-1.6998,3.7159
33,CC DChg,32.155555555567844,-1.6998,3.7159
33,CC DChg,32.255555555573665,-1.6998,3.7158
33,CC DChg,32.35555555555038,-1.6998,3.7157
33,CC DChg,32.4555555555562,-1.6998,3.7156
33,CC DChg,32.55555555556202,-1.6998,3.7156
33,CC DChg,32.655555555567844,-1.6998,3.7155
33,CC DChg,32.755555555573665,-1.6998,3.7154
33,CC DChg,32.85555555555038,-1.6998,3.7153
33,CC DChg,32.9555555555562,-1.6998,3.7153
33,CC DChg,33.05555555556202,-1.6998,3.7152
33,CC DChg,33.155555555567844,-1.6998,3.7151
33,CC DChg,33.255555555573665,-1.6998,3.715
33,CC DChg,33.35555555555038,-1.6998,3.715
33,CC DChg,33.4555555555562,-1.6998,3.7149
33,CC DChg,33.55555555556202,-1.6998,3.7148
33,CC DChg,33.655555555567844,-1.6998,3.7147
33,CC DChg,33.755555555573665,-1.6998,3.7146
33,CC DChg,33.85555555555038,-1.6998,3.7146
33,CC DChg,33.9555555555562,-1.6998,3.7145
33,CC DChg,34.05555555556202,-1.6998,3.7144
33,CC DChg,34.155555555567844,-1.6998,3.7144
33,CC DChg,34.255555555573665,-1.6998,3.7143
33,CC DChg,34.35555555555038,-1.6998,3.7142
33,CC DChg,34.4555555555562,-1.6998,3.7141
33,CC DChg,34.55555555556202,-1.6998,3.7141
33,CC DChg,34.655555555567844,-1.6998,3.714
33,CC DChg,34.755555555573665,-1.6998,3.7139
33,CC DChg,34.85555555555038,-1.6998,3.7139
33,CC DChg,34.9555555555562,-1.6998,3.7138
33,CC DChg,35.05555555556202,-1.6998,3.7137
33,CC DChg,35.155555555567844,-1.6998,3.7136
33,CC DChg,35.255555555573665,-1.6998,3.7136
33,CC DChg,35.35555555555038,-1.6998,3.7135
33,CC DChg,35.4555555555562,-1.6998,3.7134
33,CC DChg,35.55555555556202,-1.6998,3.7134
33,CC DChg,35.655555555567844,-1.6998,3.7133
33,CC DChg,35.755555555573665,-1.6998,3.7132
33,CC DChg,35.85555555555038,-1.6998,3.7131
33,CC DChg,35.9555555555562,-1.6998,3.7131
33,CC DChg,36.05555555556202,-1.6998,3.713
33,CC DChg,36.155555555567844,-1.6999,3.7129
33,CC DChg,36.255555555573665,-1.6999,3.7128
33,CC DChg,36.35555555555038,-1.6999,3.7128
33,CC DChg,36.4555555555562,-1.6999,3.7127
33,CC DChg,36.55555555556202,-1.6999,3.7126
33,CC DChg,36.655555555567844,-1.6999,3.7126
33,CC DChg,36.755555555573665,-1.6999,3.7125
33,CC DChg,36.85555555555038,-1.6999,3.7124
33,CC DChg,36.9555555555562,-1.6999,3.7124
33,CC DChg,37.05555555556202,-1.6999,3.7123
33,CC DChg,37.155555555567844,-1.6999,3.7122
33,CC DChg,37.255555555573665,-1.6999,3.7122
33,CC DChg,37.35555555555038,-1.6999,3.7121
33,CC DChg,37.4555555555562,-1.6999,3.712
33,CC DChg,37.55555555556202,-1.6999,3.712
33,CC DChg,37.655555555567844,-1.6999,3.7119
33,CC DChg,37.755555555573665,-1.6999,3.7118
33,CC DChg,37.85555555555038,-1.6999,3.7117
33,CC DChg,37.9555555555562,-1.6999,3.7117
33,CC DChg,38.05555555556202,-1.6999,3.7116
33,CC DChg,38.155555555567844,-1.6999,3.7115
33,CC DChg,38.255555555573665,-1.6999,3.7115
33,CC DChg,38.35555555555038,-1.6999,3.7114
33,CC DChg,38.4555555555562,-1.6999,3.7114
33,CC DChg,38.55555555556202,-1.6999,3.7112
33,CC DChg,38.655555555567844,-1.6999,3.7112
33,CC DChg,38.755555555573665,-1.6999,3.7111
33,CC DChg,38.85555555555038,-1.6999,3.7111
33,CC DChg,38.9555555555562,-1.6999,3.711
33,CC DChg,39.05555555556202,-1.6999,3.7109
33,CC DChg,39.155555555567844,-1.6999,3.7109
33,CC DChg,39.255555555573665,-1.6999,3.7108
33,CC DChg,39.35555555555038,-1.6999,3.7107
33,CC DChg,39.4555555555562,-1.6999,3.7107
33,CC DChg,39.55555555556202,-1.6999,3.7106
33,CC DChg,39.655555555567844,-1.6999,3.7106
33,CC DChg,39.755555555573665,-1.6999,3.7105
33,CC DChg,39.85555555555038,-1.6999,3.7105
33,CC DChg,39.9555555555562,-1.6999,3.7104
33,CC DChg,40.05555555556202,-1.6999,3.7103
33,CC DChg,40.155555555567844,-1.6999,3.7103
33,CC DChg,40.255555555573665,-1.6999,3.7102
33,CC DChg,40.35555555555038,-1.6999,3.7101
33,CC DChg,40.4555555555562,-1.6999,3.7101
33,CC DChg,40.55555555556202,-1.6999,3.71
33,CC DChg,40.655555555567844,-1.6999,3.7099
33,CC DChg,40.755555555573665,-1.6999,3.7099
33,CC DChg,40.85555555555038,-1.6999,3.7098
33,CC DChg,40.9555555555562,-1.6999,3.7098
33,CC DChg,41.05555555556202,-1.6999,3.7097
33,CC DChg,41.155555555567844,-1.6999,3.7096
33,CC DChg,41.255555555573665,-1.6999,3.7096
33,CC DChg,41.35555555555038,-1.6999,3.7095
33,CC DChg,41.4555555555562,-1.6999,3.7095
33,CC DChg,41.55555555556202,-1.6999,3.7094
33,CC DChg,41.655555555567844,-1.6999,3.7093
33,CC DChg,41.755555555573665,-1.6999,3.7092
33,CC DChg,41.85555555555038,-1.6999,3.7092
33,CC DChg,41.9555555555562,-1.6999,3.7092
33,CC DChg,42.05555555556202,-1.6999,3.7091
33,CC DChg,42.155555555567844,-1.6999,3.709
33,CC DChg,42.255555555573665,-1.6999,3.709
33,CC DChg,42.35555555555038,-1.6999,3.7089
33,CC DChg,42.4555555555562,-1.6999,3.7088
33,CC DChg,42.55555555556202,-1.6999,3.7088
33,CC DChg,42.655555555567844,-1.6999,3.7087
33,CC DChg,42.755555555573665,-1.6999,3.7087
33,CC DChg,42.85555555555038,-1.6999,3.7086
33,CC DChg,42.9555555555562,-1.6999,3.7085
33,CC DChg,43.05555555556202,-1.6999,3.7084
33,CC DChg,43.155555555567844,-1.6999,3.7084
33,CC DChg,43.255555555573665,-1.6999,3.7084
33,CC DChg,43.35555555555038,-1.6999,3.7083
33,CC DChg,43.4555555555562,-1.6999,3.7082
33,CC DChg,43.55555555556202,-1.6999,3.7082
33,CC DChg,43.655555555567844,-1.6999,3.7081
33,CC DChg,43.755555555573665,-1.6999,3.708
33,CC DChg,43.85555555555038,-1.6999,3.708
33,CC DChg,43.9555555555562,-1.6999,3.7079
33,CC DChg,44.05555555556202,-1.6999,3.7078
33,CC DChg,44.155555555567844,-1.6999,3.7078
33,CC DChg,44.255555555573665,-1.6999,3.7078
33,CC DChg,44.35555555555038,-1.6999,3.7077
33,CC DChg,44.4555555555562,-1.6999,3.7076
33,CC DChg,44.55555555556202,-1.6999,3.7076
33,CC DChg,44.655555555567844,-1.6999,3.7075
33,CC DChg,44.755555555573665,-1.6999,3.7075
33,CC DChg,44.85555555555038,-1.6999,3.7074
33,CC DChg,44.9555555555562,-1.6999,3.7073
33,CC DChg,45.05555555556202,-1.6999,3.7073
33,CC DChg,45.155555555567844,-1.6999,3.7072
33,CC DChg,45.255555555573665,-1.6999,3.7072
33,CC DChg,45.35555555555038,-1.6999,3.7071
33,CC DChg,45.4555555555562,-1.6999,3.7071
33,CC DChg,45.55555555556202,-1.6999,3.707
33,CC DChg,45.655555555567844,-1.6999,3.707
33,CC DChg,45.755555555573665,-1.6999,3.7069
33,CC DChg,45.85555555555038,-1.6999,3.7069
33,CC DChg,45.9555555555562,-1.6999,3.7068
33,CC DChg,46.05555555556202,-1.6999,3.7068
33,CC DChg,46.155555555567844,-1.6999,3.7067
33,CC DChg,46.255555555573665,-1.6999,3.7066
33,CC DChg,46.35555555555038,-1.6999,3.7066
33,CC DChg,46.4555555555562,-1.6999,3.7065
33,CC DChg,46.55555555556202,-1.6999,3.7064
33,CC DChg,46.655555555567844,-1.6999,3.7064
33,CC DChg,46.755555555573665,-1.6999,3.7063
33,CC DChg,46.85555555555038,-1.6999,3.7063
33,CC DChg,46.9555555555562,-1.6999,3.7062
33,CC DChg,47.05555555556202,-1.6999,3.7062
33,CC DChg,47.155555555567844,-1.6999,3.7061
33,CC DChg,47.255555555573665,-1.6999,3.7061
33,CC DChg,47.35555555555038,-1.6999,3.706
33,CC DChg,47.4555555555562,-1.6999,3.7059
33,CC DChg,47.55555555556202,-1.6999,3.7059
33,CC DChg,47.655555555567844,-1.6999,3.7058
33,CC DChg,47.755555555573665,-1.6999,3.7058
33,CC DChg,47.85555555555038,-1.6999,3.7057
33,CC DChg,47.9555555555562,-1.6999,3.7057
33,CC DChg,48.05555555556202,-1.6999,3.7056
33,CC DChg,48.155555555567844,-1.6999,3.7056
33,CC DChg,48.255555555573665,-1.6999,3.7055
33,CC DChg,48.35555555555038,-1.6999,3.7054
33,CC DChg,48.4555555555562,-1.6999,3.7054
33,CC DChg,48.55555555556202,-1.6999,3.7053
33,CC DChg,48.655555555567844,-1.6999,3.7053
33,CC DChg,48.755555555573665,-1.6999,3.7053
33,CC DChg,48.85555555555038,-1.6999,3.7052
33,CC DChg,48.9555555555562,-1.6999,3.7051
33,CC DChg,49.05555555556202,-1.6999,3.705
33,CC DChg,49.155555555567844,-1.6999,3.705
33,CC DChg,49.255555555573665,-1.6999,3.705
33,CC DChg,49.35555555555038,-1.6999,3.7049
33,CC DChg,49.4555555555562,-1.6999,3.7049
33,CC DChg,49.55555555556202,-1.6999,3.7048
33,CC DChg,49.655555555567844,-1.6999,3.7047
33,CC DChg,49.755555555573665,-1.6999,3.7047
33,CC DChg,49.85555555555038,-1.6999,3.7047
33,CC DChg,49.9555555555562,-1.6999,3.7046
33,CC DChg,50.05555555556202,-1.6999,3.7045
33,CC DChg,50.155555555567844,-1.6999,3.7045
33,CC DChg,50.255555555573665,-1.6999,3.7045
33,CC DChg,50.35555555555038,-1.6999,3.7044
33,CC DChg,50.4555555555562,-1.6999,3.7043
33,CC DChg,50.55555555556202,-1.6999,3.7043
33,CC DChg,50.655555555567844,-1.6999,3.7042
33,CC DChg,50.755555555573665,-1.6999,3.7042
33,CC DChg,50.85555555555038,-1.6999,3.7041
33,CC DChg,50.9555555555562,-1.6999,3.704
33,CC DChg,51.05555555556202,-1.6999,3.704
33,CC DChg,51.155555555567844,-1.6999,3.704
33,CC DChg,51.255555555573665,-1.6999,3.7039
33,CC DChg,51.35555555555038,-1.6999,3.7038
33,CC DChg,51.4555555555562,-1.6999,3.7038
33,CC DChg,51.55555555556202,-1.6999,3.7038
33,CC DChg,51.655555555567844,-1.6999,3.7037
33,CC DChg,51.755555555573665,-1.6999,3.7037
33,CC DChg,51.85555555555038,-1.6999,3.7036
33,CC DChg,51.9555555555562,-1.6999,3.7036
33,CC DChg,52.05555555556202,-1.6999,3.7035
33,CC DChg,52.155555555567844,-1.6999,3.7035
33,CC DChg,52.255555555573665,-1.6999,3.7034
33,CC DChg,52.35555555555038,-1.6999,3.7034
33,CC DChg,52.4555555555562,-1.6999,3.7033
33,CC DChg,52.55555555556202,-1.6999,3.7033
33,CC DChg,52.655555555567844,-1.6999,3.7032
33,CC DChg,52.755555555573665,-1.6999,3.7032
33,CC DChg,52.85555555555038,-1.6999,3.7031
33,CC DChg,52.9555555555562,-1.6999,3.7031
33,CC DChg,53.05555555556202,-1.6999,3.703
33,CC DChg,53.155555555567844,-1.6999,3.703
33,CC DChg,53.255555555573665,-1.6999,3.7029
33,CC DChg,53.35555555555038,-1.6999,3.7029
33,CC DChg,53.4555555555562,-1.6999,3.7028
33,CC DChg,53.55555555556202,-1.6999,3.7028
33,CC DChg,53.655555555567844,-1.6999,3.7027
33,CC DChg,53.755555555573665,-1.6999,3.7027
33,CC DChg,53.85555555555038,-1.6999,3.7026
33,CC DChg,53.9555555555562,-1.6999,3.7026
33,CC DChg,54.05555555556202,-1.6999,3.7025
33,CC DChg,54.155555555567844,-1.6999,3.7025
33,CC DChg,54.255555555573665,-1.6999,3.7024
33,CC DChg,54.35555555555038,-1.6999,3.7024
33,CC DChg,54.4555555555562,-1.6999,3.7023
33,CC DChg,54.55555555556202,-1.6999,3.7023
33,CC DChg,54.655555555567844,-1.6999,3.7022
33,CC DChg,54.755555555573665,-1.6999,3.7022
33,CC DChg,54.85555555555038,-1.6999,3.7022
33,CC DChg,54.9555555555562,-1.6999,3.7021
33,CC DChg,55.05555555556202,-1.6999,3.702
33,CC DChg,55.155555555567844,-1.6999,3.702
33,CC DChg,55.255555555573665,-1.6999,3.7019
33,CC DChg,55.35555555555038,-1.6999,3.7019
33,CC DChg,55.4555555555562,-1.6999,3.7019
33,CC DChg,55.55555555556202,-1.6999,3.7017
33,CC DChg,55.655555555567844,-1.6999,3.7017
33,CC DChg,55.755555555573665,-1.6999,3.7017
33,CC DChg,55.85555555555038,-1.6999,3.7016
33,CC DChg,55.9555555555562,-1.6999,3.7016
33,CC DChg,56.05555555556202,-1.6999,3.7015
33,CC DChg,56.155555555567844,-1.6999,3.7015
33,CC DChg,56.255555555573665,-1.6999,3.7015
33,CC DChg,56.35555555555038,-1.6999,3.7014
33,CC DChg,56.4555555555562,-1.6999,3.7014
33,CC DChg,56.55555555556202,-1.6999,3.7013
33,CC DChg,56.655555555567844,-1.6999,3.7013
33,CC DChg,56.755555555573665,-1.6999,3.7012
33,CC DChg,56.85555555555038,-1.6999,3.7012
33,CC DChg,56.9555555555562,-1.6999,3.7011
33,CC DChg,57.05555555556202,-1.6999,3.7011
33,CC DChg,57.155555555567844,-1.6999,3.7011
33,CC DChg,57.255555555573665,-1.6999,3.701
33,CC DChg,57.35555555555038,-1.6999,3.7009
33,CC DChg,57.4555555555562,-1.6999,3.7009
33,CC DChg,57.55555555556202,-1.6999,3.7009
33,CC DChg,57.655555555567844,-1.6999,3.7008
33,CC DChg,57.755555555573665,-1.6999,3.7007
33,CC DChg,57.85555555555038,-1.6999,3.7007
33,CC DChg,57.9555555555562,-1.6999,3.7007
33,CC DChg,58.05555555556202,-1.6999,3.7006
33,CC DChg,58.155555555567844,-1.6999,3.7006
33,CC DChg,58.255555555573665,-1.6999,3.7005
33,CC DChg,58.35555555555038,-1.6999,3.7005
33,CC DChg,58.4555555555562,-1.6999,3.7004
33,CC DChg,58.55555555556202,-1.6999,3.7004
33,CC DChg,58.655555555567844,-1.6999,3.7004
33,CC DChg,58.755555555573665,-1.6999,3.7003
33,CC DChg,58.85555555555038,-1.6999,3.7003
33,CC DChg,58.9555555555562,-1.6999,3.7002
33,CC DChg,59.05555555556202,-1.7,3.7002
33,CC DChg,59.155555555567844,-1.7,3.7001
33,CC DChg,59.255555555573665,-1.7,3.7001
33,CC DChg,59.35555555555038,-1.7,3.7
33,CC DChg,59.4555555555562,-1.7,3.7
33,CC DChg,59.55555555556202,-1.7,3.7
33,CC DChg,59.655555555567844,-1.7,3.6999
33,CC DChg,59.755555555573665,-1.7,3.6999
33,CC DChg,59.85555555555038,-1.7,3.6998
33,CC DChg,59.9555555555562,-1.7,3.6998
33,CC DChg,60.05555555556202,-1.7,3.6997
33,CC DChg,60.155555555567844,-1.7,3.6997
33,CC DChg,60.255555555573665,-1.7,3.6996
33,CC DChg,60.35555555555038,-1.7,3.6996
33,CC DChg,60.4555555555562,-1.7,3.6996
33,CC DChg,60.55555555556202,-1.7,3.6995
33,CC DChg,60.655555555567844,-1.7,3.6994
33,CC DChg,60.755555555573665,-1.7,3.6994
33,CC DChg,60.85555555555038,-1.7,3.6994
33,CC DChg,60.9555555555562,-1.7,3.6994
33,CC DChg,61.05555555556202,-1.7,3.6993
33,CC DChg,61.155555555567844,-1.7,3.6993
33,CC DChg,61.255555555573665,-1.7,3.6992
33,CC DChg,61.35555555555038,-1.7,3.6992
33,CC DChg,61.4555555555562,-1.7,3.6992
33,CC DChg,61.55555555556202,-1.7,3.6991
33,CC DChg,61.655555555567844,-1.7,3.6991
33,CC DChg,61.755555555573665,-1.7,3.6991
33,CC DChg,61.85555555555038,-1.7,3.699
33,CC DChg,61.9555555555562,-1.7,3.6989
33,CC DChg,62.05555555556202,-1.7,3.6989
33,CC DChg,62.155555555567844,-1.7,3.6989
33,CC DChg,62.255555555573665,-1.7,3.6988
33,CC DChg,62.35555555555038,-1.7,3.6988
33,CC DChg,62.4555555555562,-1.7,3.6988
33,CC DChg,62.55555555556202,-1.7,3.6987
33,CC DChg,62.655555555567844,-1.7,3.6987
33,CC DChg,62.755555555573665,-1.7,3.6986
33,CC DChg,62.85555555555038,-1.7,3.6986
33,CC DChg,62.9555555555562,-1.7,3.6985
33,CC DChg,63.05555555556202,-1.7,3.6985
33,CC DChg,63.155555555567844,-1.7,3.6985
33,CC DChg,63.255555555573665,-1.7,3.6984
33,CC DChg,63.35555555555038,-1.7,3.6984
33,CC DChg,63.4555555555562,-1.7,3.6983
33,CC DChg,63.55555555556202,-1.7,3.6983
33,CC DChg,63.655555555567844,-1.7,3.6983
33,CC DChg,63.755555555573665,-1.7,3.6982
33,CC DChg,63.85555555555038,-1.7,3.6982
33,CC DChg,63.9555555555562,-1.7,3.6981
33,CC DChg,64.05555555556202,-1.7,3.6981
33,CC DChg,64.15555555556784,-1.7,3.698
33,CC DChg,64.25555555557366,-1.7,3.698
33,CC DChg,64.35555555555038,-1.7,3.6979
33,CC DChg,64.4555555555562,-1.7,3.6979
33,CC DChg,64.55555555556202,-1.7,3.6979
33,CC DChg,64.65555555556784,-1.7,3.6978
33,CC DChg,64.75555555557366,-1.7,3.6978
33,CC DChg,64.85555555555038,-1.7,3.6977
33,CC DChg,64.9555555555562,-1.7,3.6977
33,CC DChg,65.05555555556202,-1.7,3.6977
33,CC DChg,65.15555555556784,-1.7,3.6976
33,CC DChg,65.25555555557366,-1.7,3.6976
33,CC DChg,65.35555555555038,-1.7,3.6975
33,CC DChg,65.4555555555562,-1.7,3.6975
33,CC DChg,65.55555555556202,-1.7,3.6975
33,CC DChg,65.65555555556784,-1.7,3.6974
33,CC DChg,65.75555555557366,-1.7,3.6974
33,CC DChg,65.85555555555038,-1.7,3.6973
33,CC DChg,65.9555555555562,-1.7,3.6973
33,CC DChg,66.05555555556202,-1.7,3.6973
33,CC DChg,66.15555555556784,-1.7,3.6972
33,CC DChg,66.25555555557366,-1.7,3.6972
33,CC DChg,66.35555555555038,-1.7,3.6971
33,CC DChg,66.4555555555562,-1.7,3.6971
33,CC DChg,66.55555555556202,-1.7,3.697
33,CC DChg,66.65555555556784,-1.7,3.697
33,CC DChg,66.75555555557366,-1.7,3.697
33,CC DChg,66.85555555555038,-1.7,3.6969
33,CC DChg,66.9555555555562,-1.7,3.6969
33,CC DChg,67.05555555556202,-1.7,3.6969
33,CC DChg,67.15555555556784,-1.7,3.6968
33,CC DChg,67.25555555557366,-1.7,3.6968
33,CC DChg,67.35555555555038,-1.7,3.6967
33,CC DChg,67.4555555555562,-1.7,3.6967
33,CC DChg,67.55555555556202,-1.7,3.6966
33,CC DChg,67.65555555556784,-1.7,3.6966
33,CC DChg,67.75555555557366,-1.7,3.6966
33,CC DChg,67.85555555555038,-1.7,3.6966
33,CC DChg,67.9555555555562,-1.7,3.6965
33,CC DChg,68.05555555556202,-1.6999,3.6965
33,CC DChg,68.15555555556784,-1.6999,3.6965
33,CC DChg,68.25555555557366,-1.6999,3.6964
33,CC DChg,68.35555555555038,-1.6999,3.6964
33,CC DChg,68.4555555555562,-1.6999,3.6963
33,CC DChg,68.55555555556202,-1.6999,3.6963
33,CC DChg,68.65555555556784,-1.6999,3.6962
33,CC DChg,68.75555555557366,-1.6999,3.6962
33,CC DChg,68.85555555555038,-1.6999,3.6961
33,CC DChg,68.9555555555562,-1.6999,3.6961
33,CC DChg,69.05555555556202,-1.6999,3.6961
33,CC DChg,69.15555555556784,-1.6999,3.696
33,CC DChg,69.25555555557366,-1.6999,3.696
33,CC DChg,69.35555555555038,-1.6999,3.696
33,CC DChg,69.4555555555562,-1.6999,3.6959
33,CC DChg,69.55555555556202,-1.6999,3.6958
33,CC DChg,69.65555555556784,-1.6999,3.6959
33,CC DChg,69.75555555557366,-1.6999,3.6958
33,CC DChg,69.85555555555038,-1.6999,3.6958
33,CC DChg,69.9555555555562,-1.6999,3.6957
33,CC DChg,70.05555555556202,-1.6999,3.6957
33,CC DChg,70.15555555556784,-1.6999,3.6956
33,CC DChg,70.25555555557366,-1.6999,3.6956
33,CC DChg,70.35555555555038,-1.6999,3.6956
33,CC DChg,70.4555555555562,-1.6999,3.6955
33,CC DChg,70.55555555556202,-1.6999,3.6955
33,CC DChg,70.65555555556784,-1.6999,3.6955
33,CC DChg,70.75555555557366,-1.6999,3.6954
33,CC DChg,70.85555555555038,-1.6999,3.6954
33,CC DChg,70.9555555555562,-1.6999,3.6953
33,CC DChg,71.05555555556202,-1.6999,3.6953
33,CC DChg,71.15555555556784,-1.6999,3.6953
33,CC DChg,71.25555555557366,-1.6999,3.6952
33,CC DChg,71.35555555555038,-1.6999,3.6952
33,CC DChg,71.4555555555562,-1.6999,3.6951
33,CC DChg,71.55555555556202,-1.6999,3.6951
33,CC DChg,71.65555555556784,-1.6999,3.6951
33,CC DChg,71.75555555557366,-1.6999,3.6951
33,CC DChg,71.85555555555038,-1.6999,3.695
33,CC DChg,71.9555555555562,-1.6999,3.695
33,CC DChg,72.05555555556202,-1.6999,3.6949
33,CC DChg,72.15555555556784,-1.6999,3.6949
33,CC DChg,72.25555555557366,-1.6999,3.6949
33,CC DChg,72.35555555555038,-1.6999,3.6948
33,CC DChg,72.4555555555562,-1.6999,3.6948
33,CC DChg,72.55555555556202,-1.6999,3.6947
33,CC DChg,72.65555555556784,-1.6999,3.6947
33,CC DChg,72.75555555557366,-1.6999,3.6946
33,CC DChg,72.85555555555038,-1.6999,3.6946
33,CC DChg,72.9555555555562,-1.6999,3.6946
33,CC DChg,73.05555555556202,-1.6999,3.6945
33,CC DChg,73.15555555556784,-1.6999,3.6945
33,CC DChg,73.25555555557366,-1.6999,3.6945
33,CC DChg,73.35555555555038,-1.6999,3.6944
33,CC DChg,73.4555555555562,-1.6999,3.6944
33,CC DChg,73.55555555556202,-1.6999,3.6944
33,CC DChg,73.65555555556784,-1.6999,3.6943
33,CC DChg,73.75555555557366,-1.6999,3.6943
33,CC DChg,73.85555555555038,-1.6999,3.6942
33,CC DChg,73.9555555555562,-1.6999,3.6942
33,CC DChg,74.05555555556202,-1.6999,3.6941
33,CC DChg,74.15555555556784,-1.6999,3.6941
33,CC DChg,74.25555555557366,-1.6999,3.6941
33,CC DChg,74.35555555555038,-1.6999,3.694
33,CC DChg,74.4555555555562,-1.6999,3.694
33,CC DChg,74.55555555556202,-1.6999,3.694
33,CC DChg,74.65555555556784,-1.6999,3.694
33,CC DChg,74.75555555557366,-1.6999,3.6939
33,CC DChg,74.85555555555038,-1.6999,3.6939
33,CC DChg,74.9555555555562,-1.6999,3.6938
33,CC DChg,75.05555555556202,-1.6999,3.6938
33,CC DChg,75.15555555556784,-1.6999,3.6937
33,CC DChg,75.25555555557366,-1.6999,3.6937
33,CC DChg,75.35555555555038,-1.6999,3.6937
33,CC DChg,75.4555555555562,-1.6999,3.6937
33,CC DChg,75.55555555556202,-1.6999,3.6936
33,CC DChg,75.65555555556784,-1.6999,3.6936
33,CC DChg,75.75555555557366,-1.6999,3.6935
33,CC DChg,75.85555555555038,-1.6999,3.6935
33,CC DChg,75.9555555555562,-1.6999,3.6935
33,CC DChg,76.05555555556202,-1.6999,3.6934
33,CC DChg,76.15555555556784,-1.6999,3.6934
33,CC DChg,76.25555555557366,-1.6999,3.6934
33,CC DChg,76.35555555555038,-1.6999,3.6933
33,CC DChg,76.4555555555562,-1.6999,3.6933
33,CC DChg,76.55555555556202,-1.6999,3.6932
33,CC DChg,76.65555555556784,-1.6999,3.6932
33,CC DChg,76.75555555557366,-1.6999,3.6932
33,CC DChg,76.85555555555038,-1.6999,3.6931
33,CC DChg,76.9555555555562,-1.6999,3.6931
33,CC DChg,77.05555555556202,-1.6999,3.6931
33,CC DChg,77.15555555556784,-1.6999,3.693
33,CC DChg,77.25555555557366,-1.6999,3.693
33,CC DChg,77.35555555555038,-1.6999,3.693
33,CC DChg,77.4555555555562,-1.6999,3.6929
33,CC DChg,77.55555555556202,-1.6999,3.6929
33,CC DChg,77.65555555556784,-1.6999,3.6929
33,CC DChg,77.75555555557366,-1.6999,3.6928
33,CC DChg,77.85555555555038,-1.6999,3.6928
33,CC DChg,77.9555555555562,-1.6999,3.6928
33,CC DChg,78.05555555556202,-1.6999,3.6927
33,CC DChg,78.15555555556784,-1.6999,3.6927
33,CC DChg,78.25555555557366,-1.6999,3.6927
33,CC DChg,78.35555555555038,-1.6999,3.6926
33,CC DChg,78.4555555555562,-1.6999,3.6926
33,CC DChg,78.55555555556202,-1.6999,3.6925
33,CC DChg,78.65555555556784,-1.6999,3.6925
33,CC DChg,78.75555555557366,-1.6999,3.6925
33,CC DChg,78.85555555555038,-1.6999,3.6925
33,CC DChg,78.9555555555562,-1.6999,3.6924
33,CC DChg,79.05555555556202,-1.6999,3.6924
33,CC DChg,79.15555555556784,-1.6999,3.6924
33,CC DChg,79.25555555557366,-1.6999,3.6924
33,CC DChg,79.35555555555038,-1.6999,3.6923
33,CC DChg,79.4555555555562,-1.6999,3.6923
33,CC DChg,79.55555555556202,-1.6999,3.6922
33,CC DChg,79.65555555556784,-1.6999,3.6922
33,CC DChg,79.75555555557366,-1.6999,3.6922
33,CC DChg,79.85555555555038,-1.6999,3.6921
33,CC DChg,79.9555555555562,-1.6999,3.6921
33,CC DChg,80.05555555556202,-1.6999,3.6921
33,CC DChg,80.15555555556784,-1.6999,3.6921
33,CC DChg,80.25555555557366,-1.6999,3.692
33,CC DChg,80.35555555555038,-1.6999,3.692
33,CC DChg,80.4555555555562,-1.6999,3.6919
33,CC DChg,80.55555555556202,-1.6999,3.6919
33,CC DChg,80.65555555556784,-1.6999,3.6919
33,CC DChg,80.75555555557366,-1.6999,3.6918
33,CC DChg,80.85555555555038,-1.6999,3.6918
33,CC DChg,80.9555555555562,-1.6999,3.6918
33,CC DChg,81.05555555556202,-1.6999,3.6917
33,CC DChg,81.15555555556784,-1.6999,3.6917
33,CC DChg,81.25555555557366,-1.6999,3.6917
33,CC DChg,81.35555555555038,-1.6999,3.6916
33,CC DChg,81.4555555555562,-1.6999,3.6916
33,CC DChg,81.55555555556202,-1.6999,3.6916
33,CC DChg,81.65555555556784,-1.6999,3.6915
33,CC DChg,81.75555555557366,-1.6999,3.6915
33,CC DChg,81.85555555555038,-1.6999,3.6915
33,CC DChg,81.9555555555562,-1.6999,3.6914
33,CC DChg,82.05555555556202,-1.6999,3.6914
33,CC DChg,82.15555555556784,-1.6999,3.6913
33,CC DChg,82.25555555557366,-1.6999,3.6913
33,CC DChg,82.35555555555038,-1.6999,3.6912
33,CC DChg,82.4555555555562,-1.6999,3.6912
33,CC DChg,82.55555555556202,-1.6999,3.6912
33,CC DChg,82.65555555556784,-1.6999,3.6912
33,CC DChg,82.75555555557366,-1.6999,3.6911
33,CC DChg,82.85555555555038,-1.6999,3.6911
33,CC DChg,82.9555555555562,-1.6999,3.6911
33,CC DChg,83.05555555556202,-1.6999,3.691
33,CC DChg,83.15555555556784,-1.6999,3.691
33,CC DChg,83.25555555557366,-1.6999,3.691
33,CC DChg,83.35555555555038,-1.6999,3.6909
33,CC DChg,83.4555555555562,-1.6999,3.6909
33,CC DChg,83.55555555556202,-1.6999,3.6909
33,CC DChg,83.65555555556784,-1.6999,3.6908
33,CC DChg,83.75555555557366,-1.6999,3.6908
33,CC DChg,83.85555555555038,-1.6999,3.6908
33,CC DChg,83.9555555555562,-1.6999,3.6907
33,CC DChg,84.05555555556202,-1.6999,3.6907
33,CC DChg,84.15555555556784,-1.6999,3.6907
33,CC DChg,84.25555555557366,-1.6999,3.6906
33,CC DChg,84.35555555555038,-1.6999,3.6906
33,CC DChg,84.4555555555562,-1.6999,3.6906
33,CC DChg,84.55555555556202,-1.6999,3.6906
33,CC DChg,84.65555555556784,-1.6999,3.6905
33,CC DChg,84.75555555557366,-1.6999,3.6905
33,CC DChg,84.85555555555038,-1.6999,3.6905
33,CC DChg,84.9555555555562,-1.6999,3.6904
33,CC DChg,85.05555555556202,-1.6999,3.6904
33,CC DChg,85.15555555556784,-1.6999,3.6903
33,CC DChg,85.25555555557366,-1.6999,3.6903
33,CC DChg,85.35555555555038,-1.6999,3.6903
33,CC DChg,85.4555555555562,-1.6999,3.6903
33,CC DChg,85.55555555556202,-1.6999,3.6902
33,CC DChg,85.65555555556784,-1.6999,3.6902
33,CC DChg,85.75555555557366,-1.6999,3.6902
33,CC DChg,85.85555555555038,-1.6999,3.6902
33,CC DChg,85.9555555555562,-1.6999,3.6901
33,CC DChg,86.05555555556202,-1.6999,3.6901
33,CC DChg,86.15555555556784,-1.6999,3.69
33,CC DChg,86.25555555557366,-1.6999,3.69
33,CC DChg,86.35555555555038,-1.6999,3.69
33,CC DChg,86.4555555555562,-1.6999,3.69
33,CC DChg,86.55555555556202,-1.6999,3.6899
33,CC DChg,86.65555555556784,-1.6999,3.6898
33,CC DChg,86.75555555557366,-1.6999,3.6898
33,CC DChg,86.85555555555038,-1.6999,3.6898
33,CC DChg,86.9555555555562,-1.6999,3.6898
33,CC DChg,87.05555555556202,-1.6999,3.6897
33,CC DChg,87.15555555556784,-1.6999,3.6897
33,CC DChg,87.25555555557366,-1.6999,3.6897
33,CC DChg,87.35555555555038,-1.6999,3.6897
33,CC DChg,87.4555555555562,-1.6999,3.6896
33,CC DChg,87.55555555556202,-1.6999,3.6895
33,CC DChg,87.65555555556784,-1.6999,3.6895
33,CC DChg,87.75555555557366,-1.6999,3.6895
33,CC DChg,87.85555555555038,-1.6999,3.6894
33,CC DChg,87.9555555555562,-1.6999,3.6894
33,CC DChg,88.05555555556202,-1.6999,3.6894
33,CC DChg,88.15555555556784,-1.6999,3.6894
33,CC DChg,88.25555555557366,-1.6999,3.6894
33,CC DChg,88.35555555555038,-1.6999,3.6893
33,CC DChg,88.4555555555562,-1.6999,3.6893
33,CC DChg,88.55555555556202,-1.6999,3.6893
33,CC DChg,88.65555555556784,-1.6999,3.6892
33,CC DChg,88.75555555557366,-1.6999,3.6892
33,CC DChg,88.85555555555038,-1.6999,3.6892
33,CC DChg,88.9555555555562,-1.6999,3.6891
33,CC DChg,89.05555555556202,-1.6999,3.6891
33,CC DChg,89.15555555556784,-1.6999,3.6891
33,CC DChg,89.25555555557366,-1.6999,3.689
33,CC DChg,89.35555555555038,-1.6999,3.689
33,CC DChg,89.4555555555562,-1.6999,3.689
33,CC DChg,89.55555555556202,-1.6999,3.6889
33,CC DChg,89.65555555556784,-1.6999,3.6889
33,CC DChg,89.75555555557366,-1.6998,3.6889
33,CC DChg,89.85555555555038,-1.6998,3.6889
33,CC DChg,89.9555555555562,-1.6998,3.6888
33,CC DChg,90.05555555556202,-1.6998,3.6888
33,CC DChg,90.15555555556784,-1.6998,3.6888
33,CC DChg,90.25555555557366,-1.6998,3.6887
33,CC DChg,90.35555555555038,-1.6998,3.6887
33,CC DChg,90.4555555555562,-1.6998,3.6887
33,CC DChg,90.55555555556202,-1.6998,3.6886
33,CC DChg,90.65555555556784,-1.6998,3.6886
33,CC DChg,90.75555555557366,-1.6998,3.6886
33,CC DChg,90.85555555555038,-1.6998,3.6885
33,CC DChg,90.9555555555562,-1.6998,3.6885
33,CC DChg,91.05555555556202,-1.6998,3.6885
33,CC DChg,91.15555555556784,-1.6998,3.6884
33,CC DChg,91.25555555557366,-1.6998,3.6884
33,CC DChg,91.35555555555038,-1.6998,3.6883
33,CC DChg,91.4555555555562,-1.6998,3.6883
33,CC DChg,91.55555555556202,-1.6998,3.6883
33,CC DChg,91.65555555556784,-1.6998,3.6883
33,CC DChg,91.75555555557366,-1.6998,3.6882
33,CC DChg,91.85555555555038,-1.6998,3.6882
33,CC DChg,91.9555555555562,-1.6998,3.6882
33,CC DChg,92.05555555556202,-1.6998,3.6882
33,CC DChg,92.15555555556784,-1.6998,3.6881
33,CC DChg,92.25555555557366,-1.6998,3.6881
33,CC DChg,92.35555555555038,-1.6998,3.6881
33,CC DChg,92.4555555555562,-1.6998,3.688
33,CC DChg,92.55555555556202,-1.6998,3.688
33,CC DChg,92.65555555556784,-1.6998,3.688
33,CC DChg,92.75555555557366,-1.6998,3.6879
33,CC DChg,92.85555555555038,-1.6998,3.6879
33,CC DChg,92.9555555555562,-1.6998,3.6879
33,CC DChg,93.05555555556202,-1.6998,3.6879
33,CC DChg,93.15555555556784,-1.6998,3.6878
33,CC DChg,93.25555555557366,-1.6998,3.6878
33,CC DChg,93.35555555555038,-1.6998,3.6877
33,CC DChg,93.4555555555562,-1.6998,3.6877
33,CC DChg,93.55555555556202,-1.6998,3.6877
33,CC DChg,93.65555555556784,-1.6998,3.6876
33,CC DChg,93.75555555557366,-1.6998,3.6876
33,CC DChg,93.85555555555038,-1.6998,3.6876
33,CC DChg,93.9555555555562,-1.6998,3.6875
33,CC DChg,94.05555555556202,-1.6998,3.6875
33,CC DChg,94.15555555556784,-1.6998,3.6875
33,CC DChg,94.25555555557366,-1.6998,3.6875
33,CC DChg,94.35555555555038,-1.6998,3.6874
33,CC DChg,94.4555555555562,-1.6998,3.6874
33,CC DChg,94.55555555556202,-1.6998,3.6874
33,CC DChg,94.65555555556784,-1.6998,3.6873
33,CC DChg,94.75555555557366,-1.6998,3.6873
33,CC DChg,94.85555555555038,-1.6998,3.6873
33,CC DChg,94.9555555555562,-1.6998,3.6872
33,CC DChg,95.05555555556202,-1.6998,3.6872
33,CC DChg,95.15555555556784,-1.6998,3.6872
33,CC DChg,95.25555555557366,-1.6998,3.6872
33,CC DChg,95.35555555555038,-1.6998,3.6871
33,CC DChg,95.4555555555562,-1.6998,3.6871
33,CC DChg,95.55555555556202,-1.6998,3.6871
33,CC DChg,95.65555555556784,-1.6998,3.687
33,CC DChg,95.75555555557366,-1.6998,3.687
33,CC DChg,95.85555555555038,-1.6998,3.687
33,CC DChg,95.9555555555562,-1.6998,3.687
33,CC DChg,96.05555555556202,-1.6999,3.6869
33,CC DChg,96.15555555556784,-1.6999,3.6869
33,CC DChg,96.25555555557366,-1.6999,3.6869
33,CC DChg,96.35555555555038,-1.6999,3.6868
33,CC DChg,96.4555555555562,-1.6999,3.6868
33,CC DChg,96.55555555556202,-1.6999,3.6868
33,CC DChg,96.65555555556784,-1.6999,3.6868
33,CC DChg,96.75555555557366,-1.6999,3.6867
33,CC DChg,96.85555555555038,-1.6999,3.6867
33,CC DChg,96.9555555555562,-1.6999,3.6867
33,CC DChg,97.05555555556202,-1.6999,3.6866
33,CC DChg,97.15555555556784,-1.6999,3.6866
33,CC DChg,97.25555555557366,-1.6999,3.6866
33,CC DChg,97.35555555555038,-1.6999,3.6866
33,CC DChg,97.4555555555562,-1.6999,3.6865
33,CC DChg,97.55555555556202,-1.6999,3.6865
33,CC DChg,97.65555555556784,-1.6999,3.6865
33,CC DChg,97.75555555557366,-1.6999,3.6865
33,CC DChg,97.85555555555038,-1.6999,3.6864
33,CC DChg,97.9555555555562,-1.6999,3.6864
33,CC DChg,98.05555555556202,-1.6999,3.6864
33,CC DChg,98.15555555556784,-1.6999,3.6863
33,CC DChg,98.25555555557366,-1.6999,3.6863
33,CC DChg,98.35555555555038,-1.6999,3.6863
33,CC DChg,98.4555555555562,-1.6999,3.6862
33,CC DChg,98.55555555556202,-1.6999,3.6862
33,CC DChg,98.65555555556784,-1.6999,3.6861
33,CC DChg,98.75555555557366,-1.6999,3.6861
33,CC DChg,98.85555555555038,-1.6999,3.6861
33,CC DChg,98.9555555555562,-1.6999,3.6861
33,CC DChg,99.05555555556202,-1.6999,3.6861
33,CC DChg,99.15555555556784,-1.6999,3.686
33,CC DChg,99.25555555557366,-1.6999,3.686
33,CC DChg,99.35555555555038,-1.6999,3.686
33,CC DChg,99.4555555555562,-1.6999,3.6859
33,CC DChg,99.55555555556202,-1.6999,3.6859
33,CC DChg,99.65555555556784,-1.6999,3.6859
33,CC DChg,99.75555555557366,-1.6999,3.6859
33,CC DChg,99.85555555555038,-1.6999,3.6858
33,CC DChg,99.9555555555562,-1.6999,3.6858
33,CC DChg,100.05555555556202,-1.6999,3.6858
33,CC DChg,100.15555555556784,-1.6999,3.6857
33,CC DChg,100.25555555557366,-1.6999,3.6857
33,CC DChg,100.35555555555038,-1.6999,3.6857
33,CC DChg,100.4555555555562,-1.6999,3.6857
33,CC DChg,100.55555555556202,-1.6999,3.6856
33,CC DChg,100.65555555556784,-1.6999,3.6856
33,CC DChg,100.75555555557366,-1.6999,3.6855
33,CC DChg,100.85555555555038,-1.6999,3.6855
33,CC DChg,100.9555555555562,-1.6999,3.6855
33,CC DChg,101.05555555556202,-1.6999,3.6854
33,CC DChg,101.15555555556784,-1.6999,3.6854
33,CC DChg,101.25555555557366,-1.6999,3.6854
33,CC DChg,101.35555555555038,-1.6999,3.6854
33,CC DChg,101.4555555555562,-1.6999,3.6854
33,CC DChg,101.55555555556202,-1.6999,3.6854
33,CC DChg,101.65555555556784,-1.6999,3.6853
33,CC DChg,101.75555555557366,-1.6999,3.6853
33,CC DChg,101.85555555555038,-1.6999,3.6853
33,CC DChg,101.9555555555562,-1.6999,3.6853
33,CC DChg,102.05555555556202,-1.6999,3.6853
33,CC DChg,102.15555555556784,-1.6999,3.6852
33,CC DChg,102.25555555557366,-1.6999,3.6851
33,CC DChg,102.35555555555038,-1.6999,3.6851
33,CC DChg,102.4555555555562,-1.6999,3.6851
33,CC DChg,102.55555555556202,-1.6999,3.6851
33,CC DChg,102.65555555556784,-1.6999,3.685
33,CC DChg,102.75555555557366,-1.6999,3.685
33,CC DChg,102.85555555555038,-1.6999,3.685
33,CC DChg,102.9555555555562,-1.6999,3.6849
33,CC DChg,103.05555555556202,-1.6999,3.6849
33,CC DChg,103.15555555556784,-1.6999,3.6849
33,CC DChg,103.25555555557366,-1.6999,3.6848
33,CC DChg,103.35555555555038,-1.6999,3.6848
33,CC DChg,103.4555555555562,-1.6999,3.6848
33,CC DChg,103.55555555556202,-1.6999,3.6848
33,CC DChg,103.65555555556784,-1.6999,3.6848
33,CC DChg,103.75555555557366,-1.6999,3.6848
33,CC DChg,103.85555555555038,-1.6999,3.6847
33,CC DChg,103.9555555555562,-1.6999,3.6847
33,CC DChg,104.05555555556202,-1.6999,3.6847
33,CC DChg,104.15555555556784,-1.6999,3.6846
33,CC DChg,104.25555555557366,-1.6999,3.6846
33,CC DChg,104.35555555555038,-1.6999,3.6846
33,CC DChg,104.4555555555562,-1.6999,3.6846
33,CC DChg,104.55555555556202,-1.6999,3.6845
33,CC DChg,104.65555555556784,-1.6999,3.6845
33,CC DChg,104.75555555557366,-1.6999,3.6845
33,CC DChg,104.85555555555038,-1.6999,3.6844
33,CC DChg,104.9555555555562,-1.6999,3.6844
33,CC DChg,105.05555555556202,-1.6999,3.6844
33,CC DChg,105.15555555556784,-1.6999,3.6843
33,CC DChg,105.25555555557366,-1.6999,3.6843
33,CC DChg,105.35555555555038,-1.6999,3.6843
33,CC DChg,105.4555555555562,-1.6999,3.6843
33,CC DChg,105.55555555556202,-1.6999,3.6843
33,CC DChg,105.65555555556784,-1.7,3.6843
33,CC DChg,105.75555555557366,-1.7,3.6842
33,CC DChg,105.85555555555038,-1.7,3.6842
33,CC DChg,105.9555555555562,-1.7,3.6842
33,CC DChg,106.05555555556202,-1.7,3.6841
33,CC DChg,106.15555555556784,-1.7,3.6841
33,CC DChg,106.25555555557366,-1.7,3.6841
33,CC DChg,106.35555555555038,-1.7,3.6841
33,CC DChg,106.4555555555562,-1.7,3.684
33,CC DChg,106.55555555556202,-1.7,3.684
33,CC DChg,106.65555555556784,-1.7,3.684
33,CC DChg,106.75555555557366,-1.7,3.6839
33,CC DChg,106.85555555555038,-1.7,3.6839
33,CC DChg,106.9555555555562,-1.7,3.6839
33,CC DChg,107.05555555556202,-1.7,3.6839
33,CC DChg,107.15555555556784,-1.7,3.6838
33,CC DChg,107.25555555557366,-1.7,3.6838
33,CC DChg,107.35555555555038,-1.7,3.6838
33,CC DChg,107.4555555555562,-1.7,3.6838
33,CC DChg,107.55555555556202,-1.7,3.6837
33,CC DChg,107.65555555556784,-1.7,3.6837
33,CC DChg,107.75555555557366,-1.7,3.6837
33,CC DChg,107.85555555555038,-1.7,3.6837
33,CC DChg,107.9555555555562,-1.7,3.6836
33,CC DChg,108.05555555556202,-1.7,3.6836
33,CC DChg,108.15555555556784,-1.7,3.6836
33,CC DChg,108.25555555557366,-1.7,3.6836
33,CC DChg,108.35555555555038,-1.7,3.6835
33,CC DChg,108.4555555555562,-1.7,3.6835
33,CC DChg,108.55555555556202,-1.7,3.6835
33,CC DChg,108.65555555556784,-1.7,3.6835
33,CC DChg,108.75555555557366,-1.7,3.6834
33,CC DChg,108.85555555555038,-1.7,3.6834
33,CC DChg,108.9555555555562,-1.7,3.6834
33,CC DChg,109.05555555556202,-1.7,3.6833
33,CC DChg,109.15555555556784,-1.7,3.6833
33,CC DChg,109.25555555557366,-1.7,3.6833
33,CC DChg,109.35555555555038,-1.7,3.6832
33,CC DChg,109.4555555555562,-1.7,3.6832
33,CC DChg,109.55555555556202,-1.7,3.6832
33,CC DChg,109.65555555556784,-1.7,3.6831
33,CC DChg,109.75555555557366,-1.7,3.6831
33,CC DChg,109.85555555555038,-1.7,3.6831
33,CC DChg,109.9555555555562,-1.7,3.6831
33,CC DChg,110.05555555556202,-1.7,3.6831
33,CC DChg,110.15555555556784,-1.7,3.6831
33,CC DChg,110.25555555557366,-1.7,3.6831
33,CC DChg,110.35555555555038,-1.6999,3.683
33,CC DChg,110.4555555555562,-1.6999,3.683
33,CC DChg,110.55555555556202,-1.6999,3.6829
33,CC DChg,110.65555555556784,-1.6999,3.6829
33,CC DChg,110.75555555557366,-1.6999,3.6829
33,CC DChg,110.85555555555038,-1.6999,3.6829
33,CC DChg,110.9555555555562,-1.6999,3.6829
33,CC DChg,111.05555555556202,-1.6999,3.6828
33,CC DChg,111.15555555556784,-1.6999,3.6828
33,CC DChg,111.25555555557366,-1.6999,3.6828
33,CC DChg,111.35555555555038,-1.6999,3.6827
33,CC DChg,111.4555555555562,-1.6999,3.6827
33,CC DChg,111.55555555556202,-1.6999,3.6827
33,CC DChg,111.65555555556784,-1.6999,3.6826
33,CC DChg,111.75555555557366,-1.6999,3.6826
33,CC DChg,111.85555555555038,-1.6999,3.6826
33,CC DChg,111.9555555555562,-1.6999,3.6826
33,CC DChg,112.05555555556202,-1.6999,3.6825
33,CC DChg,112.15555555556784,-1.6999,3.6825
33,CC DChg,112.25555555557366,-1.6999,3.6825
33,CC DChg,112.35555555555038,-1.6999,3.6825
33,CC DChg,112.4555555555562,-1.6999,3.6825
33,CC DChg,112.55555555556202,-1.6999,3.6824
33,CC DChg,112.65555555556784,-1.6999,3.6824
33,CC DChg,112.75555555557366,-1.6999,3.6824
33,CC DChg,112.85555555555038,-1.6999,3.6824
33,CC DChg,112.9555555555562,-1.6999,3.6823
33,CC DChg,113.05555555556202,-1.6999,3.6823
33,CC DChg,113.15555555556784,-1.6999,3.6823
33,CC DChg,113.25555555557366,-1.6999,3.6822
33,CC DChg,113.35555555555038,-1.6999,3.6822
33,CC DChg,113.4555555555562,-1.6999,3.6822
33,CC DChg,113.55555555556202,-1.6999,3.6822
33,CC DChg,113.65555555556784,-1.6999,3.6821
33,CC DChg,113.75555555557366,-1.6999,3.6821
33,CC DChg,113.85555555555038,-1.6999,3.6821
33,CC DChg,113.9555555555562,-1.6999,3.682
33,CC DChg,114.05555555556202,-1.6999,3.682
33,CC DChg,114.15555555556784,-1.6999,3.682
33,CC DChg,114.25555555557366,-1.6999,3.682
33,CC DChg,114.35555555555038,-1.6999,3.6819
33,CC DChg,114.4555555555562,-1.6999,3.6819
33,CC DChg,114.55555555556202,-1.6999,3.6819
33,CC DChg,114.65555555556784,-1.6999,3.6819
33,CC DChg,114.75555555557366,-1.6999,3.6818
33,CC DChg,114.85555555555038,-1.6999,3.6818
33,CC DChg,114.9555555555562,-1.6999,3.6818
33,CC DChg,115.05555555556202,-1.6999,3.6818
33,CC DChg,115.15555555556784,-1.6999,3.6818
33,CC DChg,115.25555555557366,-1.6999,3.6817
33,CC DChg,115.35555555555038,-1.6999,3.6817
33,CC DChg,115.4555555555562,-1.6999,3.6817
33,CC DChg,115.55555555556202,-1.6999,3.6817
33,CC DChg,115.65555555556784,-1.6999,3.6817
33,CC DChg,115.75555555557366,-1.6999,3.6816
33,CC DChg,115.85555555555038,-1.6999,3.6816
33,CC DChg,115.9555555555562,-1.6999,3.6815
33,CC DChg,116.05555555556202,-1.6999,3.6815
33,CC DChg,116.15555555556784,-1.6999,3.6815
33,CC DChg,116.25555555557366,-1.6999,3.6815
33,CC DChg,116.35555555555038,-1.6999,3.6814
33,CC DChg,116.4555555555562,-1.6999,3.6814
33,CC DChg,116.55555555556202,-1.6999,3.6814
33,CC DChg,116.65555555556784,-1.6999,3.6814
33,CC DChg,116.75555555557366,-1.6999,3.6814
33,CC DChg,116.85555555555038,-1.6999,3.6813
33,CC DChg,116.9555555555562,-1.6999,3.6813
33,CC DChg,117.05555555556202,-1.6999,3.6813
33,CC DChg,117.15555555556784,-1.6999,3.6812
33,CC DChg,117.25555555557366,-1.6999,3.6812
33,CC DChg,117.35555555555038,-1.6999,3.6812
33,CC DChg,117.4555555555562,-1.6999,3.6812
33,CC DChg,117.55555555556202,-1.6999,3.6811
33,CC DChg,117.65555555556784,-1.6999,3.6811
33,CC DChg,117.75555555557366,-1.6999,3.6811
33,CC DChg,117.85555555555038,-1.6999,3.681
33,CC DChg,117.9555555555562,-1.6999,3.681
33,CC DChg,118.05555555556202,-1.6999,3.681
33,CC DChg,118.15555555556784,-1.6999,3.681
33,CC DChg,118.25555555557366,-1.6999,3.6809
33,CC DChg,118.35555555555038,-1.6999,3.6809
33,CC DChg,118.4555555555562,-1.6999,3.6809
33,CC DChg,118.55555555556202,-1.6999,3.6809
33,CC DChg,118.65555555556784,-1.6999,3.6808
33,CC DChg,118.75555555557366,-1.6999,3.6808
33,CC DChg,118.85555555555038,-1.6999,3.6808
33,CC DChg,118.9555555555562,-1.6999,3.6808
33,CC DChg,119.05555555556202,-1.6999,3.6807
33,CC DChg,119.15555555556784,-1.6999,3.6807
33,CC DChg,119.25555555557366,-1.6999,3.6807
33,CC DChg,119.35555555555038,-1.6999,3.6807
33,CC DChg,119.4555555555562,-1.6999,3.6807
33,CC DChg,119.55555555556202,-1.6999,3.6806
33,CC DChg,119.65555555556784,-1.6999,3.6806
33,CC DChg,119.75555555557366,-1.6999,3.6806
33,CC DChg,119.85555555555038,-1.6999,3.6806
33,CC DChg,119.9555555555562,-1.6999,3.6805
33,CC DChg,120.05555555556202,-1.6999,3.6805
33,CC DChg,120.15555555556784,-1.6999,3.6805
33,CC DChg,120.25555555557366,-1.6999,3.6804
33,CC DChg,120.35555555555038,-1.6999,3.6804
33,CC DChg,120.4555555555562,-1.6999,3.6804
33,CC DChg,120.55555555556202,-1.6999,3.6804
33,CC DChg,120.65555555556784,-1.6999,3.6803
33,CC DChg,120.75555555557366,-1.6999,3.6803
33,CC DChg,120.85555555555038,-1.6999,3.6803
33,CC DChg,120.9555555555562,-1.6999,3.6803
33,CC DChg,121.05555555556202,-1.6999,3.6802
33,CC DChg,121.15555555556784,-1.6999,3.6802
33,CC DChg,121.25555555557366,-1.6999,3.6802
33,CC DChg,121.35555555555038,-1.6999,3.6802
33,CC DChg,121.4555555555562,-1.6999,3.6801
33,CC DChg,121.55555555556202,-1.6999,3.6801
33,CC DChg,121.65555555556784,-1.6999,3.6801
33,CC DChg,121.75555555557366,-1.6999,3.6801
33,CC DChg,121.85555555555038,-1.6999,3.6801
33,CC DChg,121.9555555555562,-1.6999,3.68
33,CC DChg,122.05555555556202,-1.6999,3.68
33,CC DChg,122.15555555556784,-1.6999,3.68
33,CC DChg,122.25555555557366,-1.6999,3.6799
33,CC DChg,122.35555555555038,-1.6999,3.6799
33,CC DChg,122.4555555555562,-1.6999,3.6799
33,CC DChg,122.55555555556202,-1.6999,3.6799
33,CC DChg,122.65555555556784,-1.6999,3.6798
33,CC DChg,122.75555555557366,-1.6999,3.6798
33,CC DChg,122.85555555555038,-1.6999,3.6798
33,CC DChg,122.9555555555562,-1.6999,3.6797
33,CC DChg,123.05555555556202,-1.6999,3.6797
33,CC DChg,123.15555555556784,-1.6999,3.6797
33,CC DChg,123.25555555557366,-1.6999,3.6797
33,CC DChg,123.35555555555038,-1.6999,3.6797
33,CC DChg,123.4555555555562,-1.6999,3.6796
33,CC DChg,123.55555555556202,-1.6999,3.6796
33,CC DChg,123.65555555556784,-1.6999,3.6796
33,CC DChg,123.75555555557366,-1.6999,3.6796
33,CC DChg,123.85555555555038,-1.6999,3.6796
33,CC DChg,123.9555555555562,-1.6999,3.6796
33,CC DChg,124.05555555556202,-1.6999,3.6796
33,CC DChg,124.15555555556784,-1.6999,3.6795
33,CC DChg,124.25555555557366,-1.6999,3.6795
33,CC DChg,124.35555555555038,-1.6999,3.6794
33,CC DChg,124.4555555555562,-1.6999,3.6794
33,CC DChg,124.55555555556202,-1.6999,3.6794
33,CC DChg,124.65555555556784,-1.6999,3.6794
33,CC DChg,124.75555555557366,-1.6999,3.6794
33,CC DChg,124.85555555555038,-1.6999,3.6793
33,CC DChg,124.9555555555562,-1.6999,3.6793
33,CC DChg,125.05555555556202,-1.6999,3.6793
33,CC DChg,125.15555555556784,-1.6999,3.6792
33,CC DChg,125.25555555557366,-1.6999,3.6792
33,CC DChg,125.35555555555038,-1.6999,3.6792
33,CC DChg,125.4555555555562,-1.6999,3.6792
33,CC DChg,125.55555555556202,-1.6999,3.6792
33,CC DChg,125.65555555556784,-1.6999,3.6792
33,CC DChg,125.75555555557366,-1.6999,3.6792
33,CC DChg,125.85555555555038,-1.6999,3.6791
33,CC DChg,125.9555555555562,-1.6999,3.6791
33,CC DChg,126.05555555556202,-1.6999,3.679
33,CC DChg,126.15555555556784,-1.6999,3.679
33,CC DChg,126.25555555557366,-1.6999,3.679
33,CC DChg,126.35555555555038,-1.6999,3.679
33,CC DChg,126.4555555555562,-1.6999,3.679
33,CC DChg,126.55555555556202,-1.6999,3.6789
33,CC DChg,126.65555555556784,-1.6999,3.6789
33,CC DChg,126.75555555557366,-1.6999,3.6789
33,CC DChg,126.85555555555038,-1.6999,3.6788
33,CC DChg,126.9555555555562,-1.6999,3.6788
33,CC DChg,127.05555555556202,-1.6999,3.6788
33,CC DChg,127.15555555556784,-1.6999,3.6788
33,CC DChg,127.25555555557366,-1.6999,3.6788
33,CC DChg,127.35555555555038,-1.6999,3.6787
33,CC DChg,127.4555555555562,-1.6999,3.6787
33,CC DChg,127.55555555556202,-1.6999,3.6787
33,CC DChg,127.65555555556784,-1.6999,3.6786
33,CC DChg,127.75555555557366,-1.6999,3.6786
33,CC DChg,127.85555555555038,-1.6999,3.6786
33,CC DChg,127.9555555555562,-1.6999,3.6786
33,CC DChg,128.05555555556202,-1.6999,3.6785
33,CC DChg,128.15555555556784,-1.6999,3.6785
33,CC DChg,128.25555555557366,-1.6999,3.6785
33,CC DChg,128.35555555555038,-1.6999,3.6785
33,CC DChg,128.4555555555562,-1.6999,3.6785
33,CC DChg,128.55555555556202,-1.6999,3.6785
33,CC DChg,128.65555555556784,-1.6999,3.6784
33,CC DChg,128.75555555557366,-1.6999,3.6784
33,CC DChg,128.85555555555038,-1.6999,3.6784
33,CC DChg,128.9555555555562,-1.6999,3.6783
33,CC DChg,129.05555555556202,-1.6999,3.6783
33,CC DChg,129.15555555556784,-1.6999,3.6783
33,CC DChg,129.25555555557366,-1.6999,3.6782
33,CC DChg,129.35555555555038,-1.6999,3.6782
33,CC DChg,129.4555555555562,-1.6999,3.6782
33,CC DChg,129.55555555556202,-1.6999,3.6782
33,CC DChg,129.65555555556784,-1.6999,3.6782
33,CC DChg,129.75555555557366,-1.6999,3.6781
33,CC DChg,129.85555555555038,-1.6999,3.6781
33,CC DChg,129.9555555555562,-1.6999,3.6781
33,CC DChg,130.05555555556202,-1.6999,3.6781
33,CC DChg,130.15555555556784,-1.6999,3.678
33,CC DChg,130.25555555557366,-1.6999,3.678
33,CC DChg,130.35555555555038,-1.6999,3.678
33,CC DChg,130.4555555555562,-1.6999,3.678
33,CC DChg,130.55555555556202,-1.6999,3.678
33,CC DChg,130.65555555556784,-1.6999,3.6779
33,CC DChg,130.75555555557366,-1.6999,3.6779
33,CC DChg,130.85555555555038,-1.6999,3.6779
33,CC DChg,130.9555555555562,-1.6999,3.6779
33,CC DChg,131.05555555556202,-1.6999,3.6778
33,CC DChg,131.15555555556784,-1.6999,3.6778
33,CC DChg,131.25555555557366,-1.6999,3.6778
33,CC DChg,131.35555555555038,-1.6999,3.6778
33,CC DChg,131.4555555555562,-1.6999,3.6778
33,CC DChg,131.55555555556202,-1.6999,3.6777
33,CC DChg,131.65555555556784,-1.6999,3.6777
33,CC DChg,131.75555555557366,-1.6999,3.6777
33,CC DChg,131.85555555555038,-1.6999,3.6777
33,CC DChg,131.9555555555562,-1.6999,3.6776
33,CC DChg,132.05555555556202,-1.6999,3.6776
33,CC DChg,132.15555555556784,-1.6999,3.6776
33,CC DChg,132.25555555557366,-1.6999,3.6776
33,CC DChg,132.35555555555038,-1.7,3.6775
33,CC DChg,132.4555555555562,-1.7,3.6775
33,CC DChg,132.55555555556202,-1.7,3.6775
33,CC DChg,132.65555555556784,-1.7,3.6774
33,CC DChg,132.75555555557366,-1.7,3.6774
33,CC DChg,132.85555555555038,-1.7,3.6774
33,CC DChg,132.9555555555562,-1.7,3.6774
33,CC DChg,133.05555555556202,-1.7,3.6774
33,CC DChg,133.15555555556784,-1.7,3.6773
33,CC DChg,133.25555555557366,-1.7,3.6773
33,CC DChg,133.35555555555038,-1.7,3.6773
33,CC DChg,133.4555555555562,-1.7,3.6773
33,CC DChg,133.55555555556202,-1.7,3.6773
33,CC DChg,133.65555555556784,-1.7,3.6772
33,CC DChg,133.75555555557366,-1.7,3.6772
33,CC DChg,133.85555555555038,-1.7,3.6772
33,CC DChg,133.9555555555562,-1.7,3.6772
33,CC DChg,134.05555555556202,-1.7,3.6772
33,CC DChg,134.15555555556784,-1.7,3.6771
33,CC DChg,134.25555555557366,-1.7,3.6771
33,CC DChg,134.35555555555038,-1.7,3.6771
33,CC DChg,134.4555555555562,-1.7,3.677
33,CC DChg,134.55555555556202,-1.7,3.677
33,CC DChg,134.65555555556784,-1.7,3.677
33,CC DChg,134.75555555557366,-1.7,3.677
33,CC DChg,134.85555555555038,-1.7,3.677
33,CC DChg,134.9555555555562,-1.7,3.677
33,CC DChg,135.05555555556202,-1.7,3.6769
33,CC DChg,135.15555555556784,-1.7,3.6769
33,CC DChg,135.25555555557366,-1.7,3.6769
33,CC DChg,135.35555555555038,-1.7,3.6769
33,CC DChg,135.4555555555562,-1.7,3.6768
33,CC DChg,135.55555555556202,-1.7,3.6768
33,CC DChg,135.65555555556784,-1.7,3.6768
33,CC DChg,135.75555555557366,-1.7,3.6768
33,CC DChg,135.85555555555038,-1.7,3.6767
33,CC DChg,135.9555555555562,-1.7,3.6767
33,CC DChg,136.05555555556202,-1.7,3.6767
33,CC DChg,136.15555555556784,-1.7,3.6767
33,CC DChg,136.25555555557366,-1.7,3.6767
33,CC DChg,136.35555555555038,-1.7,3.6766
33,CC DChg,136.4555555555562,-1.7,3.6766
33,CC DChg,136.55555555556202,-1.7,3.6766
33,CC DChg,136.65555555556784,-1.7,3.6766
33,CC DChg,136.75555555557366,-1.7,3.6765
33,CC DChg,136.85555555555038,-1.7,3.6765
33,CC DChg,136.9555555555562,-1.7,3.6765
33,CC DChg,137.05555555556202,-1.7,3.6765
33,CC DChg,137.15555555556784,-1.7,3.6765
33,CC DChg,137.25555555557366,-1.7,3.6765
33,CC DChg,137.35555555555038,-1.7,3.6765
33,CC DChg,137.4555555555562,-1.7,3.6765
33,CC DChg,137.55555555556202,-1.7,3.6764
33,CC DChg,137.65555555556784,-1.7,3.6764
33,CC DChg,137.75555555557366,-1.7,3.6764
33,CC DChg,137.85555555555038,-1.7,3.6763
33,CC DChg,137.9555555555562,-1.7,3.6763
33,CC DChg,138.05555555556202,-1.7,3.6763
33,CC DChg,138.15555555556784,-1.7,3.6763
33,CC DChg,138.25555555557366,-1.7,3.6763
33,CC DChg,138.35555555555038,-1.7,3.6762
33,CC DChg,138.4555555555562,-1.7,3.6762
33,CC DChg,138.55555555556202,-1.7,3.6762
33,CC DChg,138.65555555556784,-1.7,3.6761
33,CC DChg,138.75555555557366,-1.7,3.6761
33,CC DChg,138.85555555555038,-1.7,3.6762
33,CC DChg,138.9555555555562,-1.7,3.6761
33,CC DChg,139.05555555556202,-1.7,3.6761
33,CC DChg,139.15555555556784,-1.7,3.676
33,CC DChg,139.25555555557366,-1.7,3.676
33,CC DChg,139.35555555555038,-1.7,3.676
33,CC DChg,139.4555555555562,-1.7,3.676
33,CC DChg,139.55555555556202,-1.7,3.676
33,CC DChg,139.65555555556784,-1.7,3.6759
33,CC DChg,139.75555555557366,-1.7,3.6759
33,CC DChg,139.85555555555038,-1.7,3.6759
33,CC DChg,139.9555555555562,-1.7,3.6759
33,CC DChg,140.05555555556202,-1.7,3.6759
33,CC DChg,140.15555555556784,-1.7,3.6759
33,CC DChg,140.25555555557366,-1.7,3.6758
33,CC DChg,140.35555555555038,-1.7,3.6758
33,CC DChg,140.4555555555562,-1.7,3.6757
33,CC DChg,140.55555555556202,-1.7,3.6757
33,CC DChg,140.65555555556784,-1.7,3.6757
33,CC DChg,140.75555555557366,-1.7,3.6757
33,CC DChg,140.85555555555038,-1.7,3.6757
33,CC DChg,140.9555555555562,-1.7,3.6756
33,CC DChg,141.05555555556202,-1.7,3.6756
33,CC DChg,141.15555555556784,-1.7,3.6756
33,CC DChg,141.25555555557366,-1.7,3.6756
33,CC DChg,141.35555555555038,-1.7,3.6756
33,CC DChg,141.4555555555562,-1.7,3.6755
33,CC DChg,141.55555555556202,-1.7,3.6755
33,CC DChg,141.65555555556784,-1.7,3.6755
33,CC DChg,141.75555555557366,-1.7,3.6754
33,CC DChg,141.85555555555038,-1.7,3.6754
33,CC DChg,141.9555555555562,-1.7,3.6754
33,CC DChg,142.05555555556202,-1.7,3.6754
33,CC DChg,142.15555555556784,-1.7,3.6754
33,CC DChg,142.25555555557366,-1.7,3.6754
33,CC DChg,142.35555555555038,-1.7,3.6754
33,CC DChg,142.4555555555562,-1.7,3.6753
33,CC DChg,142.55555555556202,-1.7,3.6753
33,CC DChg,142.65555555556784,-1.7,3.6753
33,CC DChg,142.75555555557366,-1.7,3.6753
33,CC DChg,142.85555555555038,-1.7,3.6753
33,CC DChg,142.9555555555562,-1.7,3.6752
33,CC DChg,143.05555555556202,-1.7,3.6752
33,CC DChg,143.15555555556784,-1.7,3.6752
33,CC DChg,143.25555555557366,-1.7,3.6752
33,CC DChg,143.35555555555038,-1.7,3.6751
33,CC DChg,143.4555555555562,-1.7,3.6751
33,CC DChg,143.55555555556202,-1.7,3.675
33,CC DChg,143.65555555556784,-1.7,3.675
33,CC DChg,143.75555555557366,-1.7,3.675
33,CC DChg,143.85555555555038,-1.6999,3.675
33,CC DChg,143.9555555555562,-1.6999,3.675
33,CC DChg,144.05555555556202,-1.6999,3.675
33,CC DChg,144.15555555556784,-1.6999,3.6749
33,CC DChg,144.25555555557366,-1.6999,3.6749
33,CC DChg,144.35555555555038,-1.6999,3.6749
33,CC DChg,144.4555555555562,-1.6999,3.6749
33,CC DChg,144.55555555556202,-1.6999,3.6748
33,CC DChg,144.65555555556784,-1.6999,3.6748
33,CC DChg,144.75555555557366,-1.6999,3.6748
33,CC DChg,144.85555555555038,-1.6999,3.6747
33,CC DChg,144.9555555555562,-1.6999,3.6747
33,CC DChg,145.05555555556202,-1.6999,3.6747
33,CC DChg,145.15555555556784,-1.6999,3.6747
33,CC DChg,145.25555555557366,-1.6999,3.6747
33,CC DChg,145.35555555555038,-1.6999,3.6747
33,CC DChg,145.4555555555562,-1.6999,3.6746
33,CC DChg,145.55555555556202,-1.6999,3.6746
33,CC DChg,145.65555555556784,-1.6999,3.6746
33,CC DChg,145.75555555557366,-1.6999,3.6746
33,CC DChg,145.85555555555038,-1.6999,3.6745
33,CC DChg,145.9555555555562,-1.6999,3.6745
33,CC DChg,146.05555555556202,-1.6999,3.6745
33,CC DChg,146.15555555556784,-1.6999,3.6745
33,CC DChg,146.25555555557366,-1.6999,3.6745
33,CC DChg,146.35555555555038,-1.6999,3.6744
33,CC DChg,146.4555555555562,-1.6999,3.6744
33,CC DChg,146.55555555556202,-1.6999,3.6744
33,CC DChg,146.65555555556784,-1.6999,3.6744
33,CC DChg,146.75555555557366,-1.6999,3.6743
33,CC DChg,146.85555555555038,-1.6999,3.6743
33,CC DChg,146.9555555555562,-1.6999,3.6743
33,CC DChg,147.05555555556202,-1.6999,3.6743
33,CC DChg,147.15555555556784,-1.6999,3.6743
33,CC DChg,147.25555555557366,-1.6999,3.6742
33,CC DChg,147.35555555555038,-1.6999,3.6742
33,CC DChg,147.4555555555562,-1.6999,3.6742
33,CC DChg,147.55555555556202,-1.6999,3.6742
33,CC DChg,147.65555555556784,-1.6999,3.6741
33,CC DChg,147.75555555557366,-1.6999,3.6741
33,CC DChg,147.85555555555038,-1.6999,3.6741
33,CC DChg,147.9555555555562,-1.6999,3.674
33,CC DChg,148.05555555556202,-1.6999,3.674
33,CC DChg,148.15555555556784,-1.6999,3.674
33,CC DChg,148.25555555557366,-1.6999,3.674
33,CC DChg,148.35555555555038,-1.6999,3.674
33,CC DChg,148.4555555555562,-1.6999,3.674
33,CC DChg,148.55555555556202,-1.6999,3.674
33,CC DChg,148.65555555556784,-1.6999,3.6739
33,CC DChg,148.75555555557366,-1.6999,3.6739
33,CC DChg,148.85555555555038,-1.6999,3.6739
33,CC DChg,148.9555555555562,-1.6999,3.6738
33,CC DChg,149.05555555556202,-1.6999,3.6738
33,CC DChg,149.15555555556784,-1.6999,3.6738
33,CC DChg,149.25555555557366,-1.6999,3.6738
33,CC DChg,149.35555555555038,-1.6999,3.6738
33,CC DChg,149.4555555555562,-1.6999,3.6738
33,CC DChg,149.55555555556202,-1.6999,3.6737
33,CC DChg,149.65555555556784,-1.6999,3.6737
33,CC DChg,149.75555555557366,-1.6999,3.6737
33,CC DChg,149.85555555555038,-1.6999,3.6737
33,CC DChg,149.9555555555562,-1.6999,3.6737
33,CC DChg,150.05555555556202,-1.6999,3.6737
33,CC DChg,150.15555555556784,-1.6999,3.6736
33,CC DChg,150.25555555557366,-1.6999,3.6736
33,CC DChg,150.35555555555038,-1.6999,3.6736
33,CC DChg,150.4555555555562,-1.6999,3.6735
33,CC DChg,150.55555555556202,-1.6999,3.6735
33,CC DChg,150.65555555556784,-1.6999,3.6735
33,CC DChg,150.75555555557366,-1.6999,3.6735
33,CC DChg,150.85555555555038,-1.6999,3.6734
33,CC DChg,150.9555555555562,-1.6999,3.6734
33,CC DChg,151.05555555556202,-1.6999,3.6734
33,CC DChg,151.15555555556784,-1.6999,3.6734
33,CC DChg,151.25555555557366,-1.6999,3.6734
33,CC DChg,151.35555555555038,-1.6999,3.6733
33,CC DChg,151.4555555555562,-1.6999,3.6733
33,CC DChg,151.55555555556202,-1.6999,3.6733
33,CC DChg,151.65555555556784,-1.6999,3.6732
33,CC DChg,151.75555555557366,-1.6999,3.6732
33,CC DChg,151.85555555555038,-1.6999,3.6732
33,CC DChg,151.9555555555562,-1.6999,3.6732
33,CC DChg,152.05555555556202,-1.6999,3.6731
33,CC DChg,152.15555555556784,-1.6999,3.6731
33,CC DChg,152.25555555557366,-1.6999,3.6731
33,CC DChg,152.35555555555038,-1.6999,3.6731
33,CC DChg,152.4555555555562,-1.6999,3.6731
33,CC DChg,152.55555555556202,-1.6999,3.673
33,CC DChg,152.65555555556784,-1.6999,3.673
33,CC DChg,152.75555555557366,-1.6999,3.673
33,CC DChg,152.85555555555038,-1.6999,3.673
33,CC DChg,152.9555555555562,-1.6999,3.673
33,CC DChg,153.05555555556202,-1.6999,3.6729
33,CC DChg,153.15555555556784,-1.6999,3.6729
33,CC DChg,153.25555555557366,-1.6999,3.6729
33,CC DChg,153.35555555555038,-1.6999,3.6729
33,CC DChg,153.4555555555562,-1.6999,3.6729
33,CC DChg,153.55555555556202,-1.6999,3.6729
33,CC DChg,153.65555555556784,-1.6999,3.6728
33,CC DChg,153.75555555557366,-1.6999,3.6728
33,CC DChg,153.85555555555038,-1.6999,3.6728
33,CC DChg,153.9555555555562,-1.6999,3.6728
33,CC DChg,154.05555555556202,-1.6999,3.6728
33,CC DChg,154.15555555556784,-1.6999,3.6727
33,CC DChg,154.25555555557366,-1.6999,3.6727
33,CC DChg,154.35555555555038,-1.6999,3.6727
33,CC DChg,154.4555555555562,-1.6999,3.6727
33,CC DChg,154.55555555556202,-1.6999,3.6727
33,CC DChg,154.65555555556784,-1.6999,3.6726
33,CC DChg,154.75555555557366,-1.6999,3.6726
33,CC DChg,154.85555555555038,-1.6999,3.6726
33,CC DChg,154.9555555555562,-1.6999,3.6725
33,CC DChg,155.05555555556202,-1.6999,3.6725
33,CC DChg,155.15555555556784,-1.6999,3.6725
33,CC DChg,155.25555555557366,-1.6999,3.6725
33,CC DChg,155.35555555555038,-1.6999,3.6724
33,CC DChg,155.4555555555562,-1.6999,3.6724
33,CC DChg,155.55555555556202,-1.6999,3.6724
33,CC DChg,155.65555555556784,-1.6999,3.6724
33,CC DChg,155.75555555557366,-1.6999,3.6724
33,CC DChg,155.85555555555038,-1.6999,3.6724
33,CC DChg,155.9555555555562,-1.6999,3.6724
33,CC DChg,156.05555555556202,-1.6999,3.6723
33,CC DChg,156.15555555556784,-1.6999,3.6723
33,CC DChg,156.25555555557366,-1.6999,3.6723
33,CC DChg,156.35555555555038,-1.6999,3.6723
33,CC DChg,156.4555555555562,-1.6999,3.6722
33,CC DChg,156.55555555556202,-1.6999,3.6722
33,CC DChg,156.65555555556784,-1.6999,3.6722
33,CC DChg,156.75555555557366,-1.6999,3.6721
33,CC DChg,156.85555555555038,-1.6999,3.6721
33,CC DChg,156.9555555555562,-1.6999,3.6721
33,CC DChg,157.05555555556202,-1.6999,3.6721
33,CC DChg,157.15555555556784,-1.6999,3.6721
33,CC DChg,157.25555555557366,-1.6999,3.6721
33,CC DChg,157.35555555555038,-1.6999,3.672
33,CC DChg,157.4555555555562,-1.6999,3.672
33,CC DChg,157.55555555556202,-1.6999,3.672
33,CC DChg,157.65555555556784,-1.6999,3.672
33,CC DChg,157.75555555557366,-1.6999,3.6719
33,CC DChg,157.85555555555038,-1.6999,3.6719
33,CC DChg,157.9555555555562,-1.6999,3.6719
33,CC DChg,158.05555555556202,-1.6999,3.6719
33,CC DChg,158.15555555556784,-1.6999,3.6718
33,CC DChg,158.25555555557366,-1.6999,3.6718
33,CC DChg,158.35555555555038,-1.6999,3.6718
33,CC DChg,158.4555555555562,-1.6999,3.6718
33,CC DChg,158.55555555556202,-1.6999,3.6718
33,CC DChg,158.65555555556784,-1.6999,3.6717
33,CC DChg,158.75555555557366,-1.6999,3.6717
33,CC DChg,158.85555555555038,-1.6999,3.6717
33,CC DChg,158.9555555555562,-1.6999,3.6717
33,CC DChg,159.05555555556202,-1.6999,3.6717
33,CC DChg,159.15555555556784,-1.6999,3.6716
33,CC DChg,159.25555555557366,-1.6999,3.6716
33,CC DChg,159.35555555555038,-1.6999,3.6716
33,CC DChg,159.4555555555562,-1.6999,3.6716
33,CC DChg,159.55555555556202,-1.6999,3.6715
33,CC DChg,159.65555555556784,-1.6999,3.6715
33,CC DChg,159.75555555557366,-1.6999,3.6715
33,CC DChg,159.85555555555038,-1.6999,3.6715
33,CC DChg,159.9555555555562,-1.6999,3.6715
33,CC DChg,160.05555555556202,-1.6999,3.6714
33,CC DChg,160.15555555556784,-1.6999,3.6714
33,CC DChg,160.25555555557366,-1.6999,3.6714
33,CC DChg,160.35555555555038,-1.6999,3.6714
33,CC DChg,160.4555555555562,-1.6999,3.6714
33,CC DChg,160.55555555556202,-1.6999,3.6713
33,CC DChg,160.65555555556784,-1.6999,3.6713
33,CC DChg,160.75555555557366,-1.6999,3.6713
33,CC DChg,160.85555555555038,-1.6999,3.6713
33,CC DChg,160.9555555555562,-1.6999,3.6713
33,CC DChg,161.05555555556202,-1.6999,3.6712
33,CC DChg,161.15555555556784,-1.6999,3.6712
33,CC DChg,161.25555555557366,-1.6999,3.6712
33,CC DChg,161.35555555555038,-1.6999,3.6712
33,CC DChg,161.4555555555562,-1.6999,3.6712
33,CC DChg,161.55555555556202,-1.6999,3.6711
33,CC DChg,161.65555555556784,-1.6999,3.6711
33,CC DChg,161.75555555557366,-1.6999,3.6711
33,CC DChg,161.85555555555038,-1.6999,3.671
33,CC DChg,161.9555555555562,-1.6999,3.671
33,CC DChg,162.05555555556202,-1.6999,3.671
33,CC DChg,162.15555555556784,-1.6999,3.671
33,CC DChg,162.25555555557366,-1.6999,3.671
33,CC DChg,162.35555555555038,-1.6999,3.671
33,CC DChg,162.4555555555562,-1.6999,3.6709
33,CC DChg,162.55555555556202,-1.6999,3.6709
33,CC DChg,162.65555555556784,-1.6999,3.6709
33,CC DChg,162.75555555557366,-1.6999,3.6709
33,CC DChg,162.85555555555038,-1.6999,3.6709
33,CC DChg,162.9555555555562,-1.6999,3.6708
33,CC DChg,163.05555555556202,-1.6999,3.6708
33,CC DChg,163.15555555556784,-1.6999,3.6708
33,CC DChg,163.25555555557366,-1.6999,3.6708
33,CC DChg,163.35555555555038,-1.6999,3.6707
33,CC DChg,163.4555555555562,-1.6999,3.6707
33,CC DChg,163.55555555556202,-1.6999,3.6707
33,CC DChg,163.65555555556784,-1.6999,3.6707
33,CC DChg,163.75555555557366,-1.6999,3.6707
33,CC DChg,163.85555555555038,-1.6999,3.6707
33,CC DChg,163.9555555555562,-1.6999,3.6707
33,CC DChg,164.05555555556202,-1.6999,3.6706
33,CC DChg,164.15555555556784,-1.6999,3.6706
33,CC DChg,164.25555555557366,-1.6999,3.6706
33,CC DChg,164.35555555555038,-1.6999,3.6706
33,CC DChg,164.4555555555562,-1.6999,3.6705
33,CC DChg,164.55555555556202,-1.6999,3.6705
33,CC DChg,164.65555555556784,-1.6999,3.6705
33,CC DChg,164.75555555557366,-1.6999,3.6705
33,CC DChg,164.85555555555038,-1.6999,3.6704
33,CC DChg,164.9555555555562,-1.6999,3.6704
33,CC DChg,165.05555555556202,-1.6999,3.6704
33,CC DChg,165.15555555556784,-1.6999,3.6704
33,CC DChg,165.25555555557366,-1.6999,3.6704
33,CC DChg,165.35555555555038,-1.6999,3.6703
33,CC DChg,165.4555555555562,-1.6999,3.6703
33,CC DChg,165.55555555556202,-1.6999,3.6703
33,CC DChg,165.65555555556784,-1.6999,3.6703
33,CC DChg,165.75555555557366,-1.6999,3.6702
33,CC DChg,165.85555555555038,-1.6999,3.6702
33,CC DChg,165.9555555555562,-1.6999,3.6702
33,CC DChg,166.05555555556202,-1.6999,3.6702
33,CC DChg,166.15555555556784,-1.6999,3.6702
33,CC DChg,166.25555555557366,-1.6999,3.6702
33,CC DChg,166.35555555555038,-1.6999,3.6701
33,CC DChg,166.4555555555562,-1.6999,3.6701
33,CC DChg,166.55555555556202,-1.6999,3.6701
33,CC DChg,166.65555555556784,-1.6999,3.6701
33,CC DChg,166.75555555557366,-1.6999,3.67
33,CC DChg,166.85555555555038,-1.6999,3.67
33,CC DChg,166.9555555555562,-1.6999,3.67
33,CC DChg,167.05555555556202,-1.6999,3.67
33,CC DChg,167.15555555556784,-1.6999,3.67
33,CC DChg,167.25555555557366,-1.6999,3.6699
33,CC DChg,167.35555555555038,-1.6999,3.6699
33,CC DChg,167.4555555555562,-1.6999,3.6699
33,CC DChg,167.55555555556202,-1.6999,3.6699
33,CC DChg,167.65555555556784,-1.6999,3.6699
33,CC DChg,167.75555555557366,-1.6999,3.6698
33,CC DChg,167.85555555555038,-1.6999,3.6698
33,CC DChg,167.9555555555562,-1.6999,3.6698
33,CC DChg,168.05555555556202,-1.6999,3.6697
33,CC DChg,168.15555555556784,-1.6999,3.6697
33,CC DChg,168.25555555557366,-1.6999,3.6697
33,CC DChg,168.35555555555038,-1.6999,3.6697
33,CC DChg,168.4555555555562,-1.6999,3.6697
33,CC DChg,168.55555555556202,-1.6999,3.6697
33,CC DChg,168.65555555556784,-1.6999,3.6696
33,CC DChg,168.75555555557366,-1.6999,3.6696
33,CC DChg,168.85555555555038,-1.6999,3.6696
33,CC DChg,168.9555555555562,-1.6999,3.6696
33,CC DChg,169.05555555556202,-1.6999,3.6695
33,CC DChg,169.15555555556784,-1.6999,3.6695
33,CC DChg,169.25555555557366,-1.6999,3.6695
33,CC DChg,169.35555555555038,-1.6999,3.6695
33,CC DChg,169.4555555555562,-1.6999,3.6695
33,CC DChg,169.55555555556202,-1.6999,3.6695
33,CC DChg,169.65555555556784,-1.6999,3.6694
33,CC DChg,169.75555555557366,-1.6999,3.6694
33,CC DChg,169.85555555555038,-1.6999,3.6694
33,CC DChg,169.9555555555562,-1.6999,3.6693
33,CC DChg,170.05555555556202,-1.6999,3.6693
33,CC DChg,170.15555555556784,-1.6999,3.6693
33,CC DChg,170.25555555557366,-1.6999,3.6693
33,CC DChg,170.35555555555038,-1.6999,3.6693
33,CC DChg,170.4555555555562,-1.6999,3.6693
33,CC DChg,170.55555555556202,-1.6999,3.6692
33,CC DChg,170.65555555556784,-1.6999,3.6692
33,CC DChg,170.75555555557366,-1.6999,3.6692
33,CC DChg,170.85555555555038,-1.6999,3.6691
33,CC DChg,170.9555555555562,-1.6999,3.6691
33,CC DChg,171.05555555556202,-1.6999,3.6691
33,CC DChg,171.15555555556784,-1.6999,3.6691
33,CC DChg,171.25555555557366,-1.6999,3.6691
33,CC DChg,171.35555555555038,-1.6999,3.6691
33,CC DChg,171.4555555555562,-1.6999,3.669
33,CC DChg,171.55555555556202,-1.6999,3.669
33,CC DChg,171.65555555556784,-1.6999,3.669
33,CC DChg,171.75555555557366,-1.6999,3.669
33,CC DChg,171.85555555555038,-1.6999,3.669
33,CC DChg,171.9555555555562,-1.6999,3.6689
33,CC DChg,172.05555555556202,-1.6999,3.6689
33,CC DChg,172.15555555556784,-1.6999,3.6689
33,CC DChg,172.25555555557366,-1.6999,3.6689
33,CC DChg,172.35555555555038,-1.6999,3.6688
33,CC DChg,172.4555555555562,-1.6999,3.6688
33,CC DChg,172.55555555556202,-1.6999,3.6688
33,CC DChg,172.65555555556784,-1.6999,3.6688
33,CC DChg,172.75555555557366,-1.6999,3.6688
33,CC DChg,172.85555555555038,-1.6999,3.6688
33,CC DChg,172.9555555555562,-1.6999,3.6687
33,CC DChg,173.05555555556202,-1.6999,3.6687
33,CC DChg,173.15555555556784,-1.6999,3.6687
33,CC DChg,173.25555555557366,-1.6999,3.6687
33,CC DChg,173.35555555555038,-1.6999,3.6686
33,CC DChg,173.4555555555562,-1.6999,3.6686
33,CC DChg,173.55555555556202,-1.6999,3.6686
33,CC DChg,173.65555555556784,-1.6999,3.6686
33,CC DChg,173.75555555557366,-1.6999,3.6686
33,CC DChg,173.85555555555038,-1.6999,3.6685
33,CC DChg,173.9555555555562,-1.6999,3.6685
33,CC DChg,174.05555555556202,-1.6999,3.6685
33,CC DChg,174.15555555556784,-1.6999,3.6685
33,CC DChg,174.25555555557366,-1.6999,3.6685
33,CC DChg,174.35555555555038,-1.6999,3.6684
33,CC DChg,174.4555555555562,-1.6999,3.6684
33,CC DChg,174.55555555556202,-1.6999,3.6684
33,CC DChg,174.65555555556784,-1.6999,3.6684
33,CC DChg,174.75555555557366,-1.6999,3.6684
33,CC DChg,174.85555555555038,-1.6999,3.6684
33,CC DChg,174.9555555555562,-1.6999,3.6683
33,CC DChg,175.05555555556202,-1.6999,3.6683
33,CC DChg,175.15555555556784,-1.6999,3.6683
33,CC DChg,175.25555555557366,-1.6999,3.6683
33,CC DChg,175.35555555555038,-1.6999,3.6682
33,CC DChg,175.4555555555562,-1.6999,3.6682
33,CC DChg,175.55555555556202,-1.6999,3.6682
33,CC DChg,175.65555555556784,-1.6999,3.6681
33,CC DChg,175.75555555557366,-1.6999,3.6681
33,CC DChg,175.85555555555038,-1.6999,3.6681
33,CC DChg,175.9555555555562,-1.6999,3.6681
33,CC DChg,176.05555555556202,-1.6999,3.6681
33,CC DChg,176.15555555556784,-1.6999,3.6681
33,CC DChg,176.25555555557366,-1.6999,3.668
33,CC DChg,176.35555555555038,-1.6999,3.668
33,CC DChg,176.4555555555562,-1.6999,3.668
33,CC DChg,176.55555555556202,-1.6999,3.668
33,CC DChg,176.65555555556784,-1.6999,3.6679
33,CC DChg,176.75555555557366,-1.6999,3.6679
33,CC DChg,176.85555555555038,-1.6999,3.6679
33,CC DChg,176.9555555555562,-1.6999,3.6679
33,CC DChg,177.05555555556202,-1.6999,3.6678
33,CC DChg,177.15555555556784,-1.6999,3.6678
33,CC DChg,177.25555555557366,-1.6999,3.6678
33,CC DChg,177.35555555555038,-1.6999,3.6678
33,CC DChg,177.4555555555562,-1.6999,3.6678
33,CC DChg,177.55555555556202,-1.6999,3.6678
33,CC DChg,177.65555555556784,-1.6999,3.6677
33,CC DChg,177.75555555557366,-1.6999,3.6677
33,CC DChg,177.85555555555038,-1.6999,3.6677
33,CC DChg,177.9555555555562,-1.6999,3.6677
33,CC DChg,178.05555555556202,-1.6999,3.6677
33,CC DChg,178.15555555556784,-1.6999,3.6677
33,CC DChg,178.25555555557366,-1.6999,3.6676
33,CC DChg,178.35555555555038,-1.6999,3.6676
33,CC DChg,178.4555555555562,-1.6999,3.6676
33,CC DChg,178.55555555556202,-1.6999,3.6676
33,CC DChg,178.65555555556784,-1.6999,3.6675
33,CC DChg,178.75555555557366,-1.6999,3.6675
33,CC DChg,178.85555555555038,-1.6999,3.6675
33,CC DChg,178.9555555555562,-1.6999,3.6675
33,CC DChg,179.05555555556202,-1.6999,3.6675
33,CC DChg,179.15555555556784,-1.6999,3.6675
33,CC DChg,179.25555555557366,-1.6999,3.6674
33,CC DChg,179.35555555555038,-1.6999,3.6674
33,CC DChg,179.4555555555562,-1.6999,3.6674
33,CC DChg,179.55555555556202,-1.6999,3.6674
33,CC DChg,179.65555555556784,-1.6999,3.6673
33,CC DChg,179.75555555557366,-1.6999,3.6673
33,CC DChg,179.85555555555038,-1.6999,3.6673
33,CC DChg,179.9555555555562,-1.6999,3.6673
33,CC DChg,180.05555555556202,-1.6999,3.6673
33,CC DChg,180.15555555556784,-1.6999,3.6673
33,CC DChg,180.25555555557366,-1.6999,3.6672
33,CC DChg,180.35555555555038,-1.6999,3.6672
33,CC DChg,180.4555555555562,-1.6999,3.6672
33,CC DChg,180.55555555556202,-1.6999,3.6671
33,CC DChg,180.65555555556784,-1.6999,3.6671
33,CC DChg,180.75555555557366,-1.6999,3.6671
33,CC DChg,180.85555555555038,-1.6999,3.6671
33,CC DChg,180.9555555555562,-1.6999,3.6671
33,CC DChg,181.05555555556202,-1.6999,3.6671
33,CC DChg,181.15555555556784,-1.6999,3.667
33,CC DChg,181.25555555557366,-1.6999,3.667
33,CC DChg,181.35555555555038,-1.6999,3.667
33,CC DChg,181.4555555555562,-1.6999,3.667
33,CC DChg,181.55555555556202,-1.6999,3.667
33,CC DChg,181.65555555556784,-1.6999,3.667
33,CC DChg,181.75555555557366,-1.6999,3.6669
33,CC DChg,181.85555555555038,-1.6999,3.6669
33,CC DChg,181.9555555555562,-1.6999,3.6669
33,CC DChg,182.05555555556202,-1.6999,3.6669
33,CC DChg,182.15555555556784,-1.6999,3.6669
33,CC DChg,182.25555555557366,-1.6999,3.6668
33,CC DChg,182.35555555555038,-1.6999,3.6668
33,CC DChg,182.4555555555562,-1.6999,3.6668
33,CC DChg,182.55555555556202,-1.6999,3.6668
33,CC DChg,182.65555555556784,-1.6999,3.6667
33,CC DChg,182.75555555557366,-1.6999,3.6667
33,CC DChg,182.85555555555038,-1.6999,3.6667
33,CC DChg,182.9555555555562,-1.6999,3.6667
33,CC DChg,183.05555555556202,-1.6999,3.6667
33,CC DChg,183.15555555556784,-1.6999,3.6666
33,CC DChg,183.25555555557366,-1.6999,3.6666
33,CC DChg,183.35555555555038,-1.6999,3.6666
33,CC DChg,183.4555555555562,-1.6999,3.6666
33,CC DChg,183.55555555556202,-1.6999,3.6666
33,CC DChg,183.65555555556784,-1.6999,3.6666
33,CC DChg,183.75555555557366,-1.6999,3.6665
33,CC DChg,183.85555555555038,-1.6999,3.6665
33,CC DChg,183.9555555555562,-1.6999,3.6665
33,CC DChg,184.05555555556202,-1.6999,3.6665
33,CC DChg,184.15555555556784,-1.6999,3.6664
33,CC DChg,184.25555555557366,-1.6999,3.6664
33,CC DChg,184.35555555555038,-1.6999,3.6664
33,CC DChg,184.4555555555562,-1.6999,3.6664
33,CC DChg,184.55555555556202,-1.6999,3.6664
33,CC DChg,184.65555555556784,-1.6999,3.6663
33,CC DChg,184.75555555557366,-1.6999,3.6663
33,CC DChg,184.85555555555038,-1.6999,3.6663
33,CC DChg,184.9555555555562,-1.6999,3.6663
33,CC DChg,185.05555555556202,-1.6999,3.6663
33,CC DChg,185.15555555556784,-1.6999,3.6662
33,CC DChg,185.25555555557366,-1.6999,3.6662
33,CC DChg,185.35555555555038,-1.6999,3.6662
33,CC DChg,185.4555555555562,-1.6999,3.6661
33,CC DChg,185.55555555556202,-1.6999,3.6661
33,CC DChg,185.65555555556784,-1.6999,3.6661
33,CC DChg,185.75555555557366,-1.6999,3.6661
33,CC DChg,185.85555555555038,-1.6999,3.6661
33,CC DChg,185.9555555555562,-1.6999,3.6661
33,CC DChg,186.05555555556202,-1.6999,3.666
33,CC DChg,186.15555555556784,-1.6999,3.666
33,CC DChg,186.25555555557366,-1.6999,3.666
33,CC DChg,186.35555555555038,-1.6999,3.666
33,CC DChg,186.4555555555562,-1.6999,3.6659
33,CC DChg,186.55555555556202,-1.6999,3.6659
33,CC DChg,186.65555555556784,-1.6999,3.6659
33,CC DChg,186.75555555557366,-1.6999,3.6659
33,CC DChg,186.85555555555038,-1.6999,3.6659
33,CC DChg,186.9555555555562,-1.6999,3.6659
33,CC DChg,187.05555555556202,-1.6999,3.6659
33,CC DChg,187.15555555556784,-1.6999,3.6658
33,CC DChg,187.25555555557366,-1.6999,3.6658
33,CC DChg,187.35555555555038,-1.6999,3.6658
33,CC DChg,187.4555555555562,-1.6999,3.6658
33,CC DChg,187.55555555556202,-1.6999,3.6657
33,CC DChg,187.65555555556784,-1.6999,3.6657
33,CC DChg,187.75555555557366,-1.6999,3.6657
33,CC DChg,187.85555555555038,-1.6999,3.6657
33,CC DChg,187.9555555555562,-1.6999,3.6657
33,CC DChg,188.05555555556202,-1.6999,3.6657
33,CC DChg,188.15555555556784,-1.6999,3.6657
33,CC DChg,188.25555555557366,-1.6999,3.6656
33,CC DChg,188.35555555555038,-1.6999,3.6656
33,CC DChg,188.4555555555562,-1.6999,3.6656
33,CC DChg,188.55555555556202,-1.6999,3.6656
33,CC DChg,188.65555555556784,-1.6999,3.6656
33,CC DChg,188.75555555557366,-1.6999,3.6655
33,CC DChg,188.85555555555038,-1.6999,3.6655
33,CC DChg,188.9555555555562,-1.6999,3.6655
33,CC DChg,189.05555555556202,-1.6999,3.6655
33,CC DChg,189.15555555556784,-1.6999,3.6654
33,CC DChg,189.25555555557366,-1.6999,3.6654
33,CC DChg,189.35555555555038,-1.6999,3.6654
33,CC DChg,189.4555555555562,-1.6999,3.6654
33,CC DChg,189.55555555556202,-1.6999,3.6654
33,CC DChg,189.65555555556784,-1.6999,3.6654
33,CC DChg,189.75555555557366,-1.6999,3.6654
33,CC DChg,189.85555555555038,-1.6999,3.6653
33,CC DChg,189.9555555555562,-1.6999,3.6653
33,CC DChg,190.05555555556202,-1.6999,3.6653
33,CC DChg,190.15555555556784,-1.6999,3.6653
33,CC DChg,190.25555555557366,-1.6999,3.6652
33,CC DChg,190.35555555555038,-1.6999,3.6652
33,CC DChg,190.4555555555562,-1.6999,3.6652
33,CC DChg,190.55555555556202,-1.6999,3.6652
33,CC DChg,190.65555555556784,-1.6999,3.6652
33,CC DChg,190.75555555557366,-1.6999,3.6651
33,CC DChg,190.85555555555038,-1.6999,3.6651
33,CC DChg,190.9555555555562,-1.6999,3.6651
33,CC DChg,191.05555555556202,-1.6999,3.6651
33,CC DChg,191.15555555556784,-1.6999,3.6651
33,CC DChg,191.25555555557366,-1.6999,3.665
33,CC DChg,191.35555555555038,-1.6999,3.665
33,CC DChg,191.4555555555562,-1.6999,3.665
33,CC DChg,191.55555555556202,-1.6999,3.665
33,CC DChg,191.65555555556784,-1.6999,3.6649
33,CC DChg,191.75555555557366,-1.6999,3.6649
33,CC DChg,191.85555555555038,-1.6999,3.6649
33,CC DChg,191.9555555555562,-1.6999,3.6649
33,CC DChg,192.05555555556202,-1.6999,3.6649
33,CC DChg,192.15555555556784,-1.6999,3.6648
33,CC DChg,192.25555555557366,-1.6999,3.6648
33,CC DChg,192.35555555555038,-1.6999,3.6648
33,CC DChg,192.4555555555562,-1.6999,3.6648
33,CC DChg,192.55555555556202,-1.6999,3.6648
33,CC DChg,192.65555555556784,-1.6999,3.6647
33,CC DChg,192.75555555557366,-1.6999,3.6647
33,CC DChg,192.85555555555038,-1.6999,3.6647
33,CC DChg,192.9555555555562,-1.6999,3.6647
33,CC DChg,193.05555555556202,-1.6999,3.6647
33,CC DChg,193.15555555556784,-1.6999,3.6647
33,CC DChg,193.25555555557366,-1.6999,3.6647
33,CC DChg,193.35555555555038,-1.7,3.6646
33,CC DChg,193.4555555555562,-1.7,3.6646
33,CC DChg,193.55555555556202,-1.7,3.6646
33,CC DChg,193.65555555556784,-1.7,3.6646
33,CC DChg,193.75555555557366,-1.7,3.6645
33,CC DChg,193.85555555555038,-1.7,3.6645
33,CC DChg,193.9555555555562,-1.7,3.6645
33,CC DChg,194.05555555556202,-1.7,3.6645
33,CC DChg,194.15555555556784,-1.7,3.6644
33,CC DChg,194.25555555557366,-1.7,3.6644
33,CC DChg,194.35555555555038,-1.7,3.6644
33,CC DChg,194.4555555555562,-1.7,3.6644
33,CC DChg,194.55555555556202,-1.7,3.6644
33,CC DChg,194.65555555556784,-1.7,3.6643
33,CC DChg,194.75555555557366,-1.7,3.6643
33,CC DChg,194.85555555555038,-1.7,3.6643
33,CC DChg,194.9555555555562,-1.7,3.6643
33,CC DChg,195.05555555556202,-1.7,3.6642
33,CC DChg,195.15555555556784,-1.7,3.6642
33,CC DChg,195.25555555557366,-1.7,3.6642
33,CC DChg,195.35555555555038,-1.7,3.6642
33,CC DChg,195.4555555555562,-1.7,3.6642
33,CC DChg,195.55555555556202,-1.7,3.6642
33,CC DChg,195.65555555556784,-1.7,3.6641
33,CC DChg,195.75555555557366,-1.7,3.6641
33,CC DChg,195.85555555555038,-1.7,3.6641
33,CC DChg,195.9555555555562,-1.7,3.6641
33,CC DChg,196.05555555556202,-1.7,3.6641
33,CC DChg,196.15555555556784,-1.7,3.664
33,CC DChg,196.25555555557366,-1.7,3.664
33,CC DChg,196.35555555555038,-1.7,3.664
33,CC DChg,196.4555555555562,-1.7,3.664
33,CC DChg,196.55555555556202,-1.7,3.664
33,CC DChg,196.65555555556784,-1.7,3.6639
33,CC DChg,196.75555555557366,-1.7,3.6639
33,CC DChg,196.85555555555038,-1.7,3.6639
33,CC DChg,196.9555555555562,-1.7,3.6639
33,CC DChg,197.05555555556202,-1.7,3.6639
33,CC DChg,197.15555555556784,-1.7,3.6638
33,CC DChg,197.25555555557366,-1.7,3.6638
33,CC DChg,197.35555555555038,-1.7,3.6638
33,CC DChg,197.4555555555562,-1.7,3.6638
33,CC DChg,197.55555555556202,-1.7,3.6637
33,CC DChg,197.65555555556784,-1.7,3.6637
33,CC DChg,197.75555555557366,-1.7,3.6637
33,CC DChg,197.85555555555038,-1.7,3.6637
33,CC DChg,197.9555555555562,-1.7,3.6637
33,CC DChg,198.05555555556202,-1.7,3.6636
33,CC DChg,198.15555555556784,-1.7,3.6636
33,CC DChg,198.25555555557366,-1.7,3.6636
33,CC DChg,198.35555555555038,-1.7,3.6636
33,CC DChg,198.4555555555562,-1.7,3.6635
33,CC DChg,198.55555555556202,-1.7,3.6636
33,CC DChg,198.65555555556784,-1.7,3.6635
33,CC DChg,198.75555555557366,-1.7,3.6635
33,CC DChg,198.85555555555038,-1.7,3.6634
33,CC DChg,198.9555555555562,-1.7,3.6635
33,CC DChg,199.05555555556202,-1.7,3.6634
33,CC DChg,199.15555555556784,-1.7,3.6634
33,CC DChg,199.25555555557366,-1.7,3.6634
33,CC DChg,199.35555555555038,-1.7,3.6634
33,CC DChg,199.4555555555562,-1.7,3.6633
33,CC DChg,199.55555555556202,-1.7,3.6633
33,CC DChg,199.65555555556784,-1.7,3.6633
33,CC DChg,199.75555555557366,-1.7,3.6633
33,CC DChg,199.85555555555038,-1.7,3.6633
33,CC DChg,199.9555555555562,-1.7,3.6633
33,CC DChg,200.05555555556202,-1.7,3.6632
33,CC DChg,200.15555555556784,-1.7,3.6632
33,CC DChg,200.25555555557366,-1.7,3.6632
33,CC DChg,200.35555555555038,-1.7,3.6632
33,CC DChg,200.4555555555562,-1.7,3.6632
33,CC DChg,200.55555555556202,-1.7,3.6631
33,CC DChg,200.65555555556784,-1.7,3.6631
33,CC DChg,200.75555555557366,-1.7,3.6631
33,CC DChg,200.85555555555038,-1.7,3.6631
33,CC DChg,200.9555555555562,-1.7,3.6631
33,CC DChg,201.05555555556202,-1.7,3.663
33,CC DChg,201.15555555556784,-1.7,3.663
33,CC DChg,201.25555555557366,-1.7,3.663
33,CC DChg,201.35555555555038,-1.7,3.6629
33,CC DChg,201.4555555555562,-1.7,3.6629
33,CC DChg,201.55555555556202,-1.7,3.6629
33,CC DChg,201.65555555556784,-1.7,3.6629
33,CC DChg,201.75555555557366,-1.7,3.6629
33,CC DChg,201.85555555555038,-1.7,3.6629
33,CC DChg,201.9555555555562,-1.7,3.6628
33,CC DChg,202.05555555556202,-1.7,3.6628
33,CC DChg,202.15555555556784,-1.7,3.6628
33,CC DChg,202.25555555557366,-1.7,3.6627
33,CC DChg,202.35555555555038,-1.7,3.6627
33,CC DChg,202.4555555555562,-1.7,3.6627
33,CC DChg,202.55555555556202,-1.7,3.6627
33,CC DChg,202.65555555556784,-1.7,3.6627
33,CC DChg,202.75555555557366,-1.7,3.6627
33,CC DChg,202.85555555555038,-1.7,3.6627
33,CC DChg,202.9555555555562,-1.7,3.6626
33,CC DChg,203.05555555556202,-1.7,3.6626
33,CC DChg,203.15555555556784,-1.7,3.6626
33,CC DChg,203.25555555557366,-1.7,3.6625
33,CC DChg,203.35555555555038,-1.7,3.6626
33,CC DChg,203.4555555555562,-1.7,3.6626
33,CC DChg,203.55555555556202,-1.7,3.6625
33,CC DChg,203.65555555556784,-1.7,3.6625
33,CC DChg,203.75555555557366,-1.7,3.6625
33,CC DChg,203.85555555555038,-1.7,3.6625
33,CC DChg,203.9555555555562,-1.7,3.6625
33,CC DChg,204.05555555556202,-1.7,3.6624
33,CC DChg,204.15555555556784,-1.7,3.6624
33,CC DChg,204.25555555557366,-1.7,3.6623
33,CC DChg,204.35555555555038,-1.7,3.6623
33,CC DChg,204.4555555555562,-1.7,3.6623
33,CC DChg,204.55555555556202,-1.7,3.6623
33,CC DChg,204.65555555556784,-1.7,3.6623
33,CC DChg,204.75555555557366,-1.7,3.6623
33,CC DChg,204.85555555555038,-1.7,3.6622
33,CC DChg,204.9555555555562,-1.7,3.6622
33,CC DChg,205.05555555556202,-1.7,3.6622
33,CC DChg,205.15555555556784,-1.7,3.6621
33,CC DChg,205.25555555557366,-1.7,3.6621
33,CC DChg,205.35555555555038,-1.7,3.6621
33,CC DChg,205.4555555555562,-1.7,3.6621
33,CC DChg,205.55555555556202,-1.7,3.6621
33,CC DChg,205.65555555556784,-1.7,3.6621
33,CC DChg,205.75555555557366,-1.7,3.6621
33,CC DChg,205.85555555555038,-1.7,3.662
33,CC DChg,205.9555555555562,-1.7,3.662
33,CC DChg,206.05555555556202,-1.7,3.662
33,CC DChg,206.15555555556784,-1.7,3.662
33,CC DChg,206.25555555557366,-1.7,3.6619
33,CC DChg,206.35555555555038,-1.7,3.662
33,CC DChg,206.4555555555562,-1.7,3.6619
33,CC DChg,206.55555555556202,-1.7,3.6619
33,CC DChg,206.65555555556784,-1.7,3.6619
33,CC DChg,206.75555555557366,-1.7,3.6619
33,CC DChg,206.85555555555038,-1.7,3.6619
33,CC DChg,206.9555555555562,-1.7,3.6618
33,CC DChg,207.05555555556202,-1.7,3.6618
33,CC DChg,207.15555555556784,-1.7,3.6618
33,CC DChg,207.25555555557366,-1.7,3.6618
33,CC DChg,207.35555555555038,-1.7,3.6618
33,CC DChg,207.4555555555562,-1.7,3.6618
33,CC DChg,207.55555555556202,-1.7,3.6617
33,CC DChg,207.65555555556784,-1.7,3.6617
33,CC DChg,207.75555555557366,-1.7,3.6617
33,CC DChg,207.85555555555038,-1.7,3.6617
33,CC DChg,207.9555555555562,-1.7,3.6616
33,CC DChg,208.05555555556202,-1.7,3.6616
33,CC DChg,208.15555555556784,-1.7,3.6616
33,CC DChg,208.25555555557366,-1.7,3.6616
33,CC DChg,208.35555555555038,-1.7,3.6615
33,CC DChg,208.4555555555562,-1.7,3.6615
33,CC DChg,208.55555555556202,-1.7,3.6615
33,CC DChg,208.65555555556784,-1.7,3.6615
33,CC DChg,208.75555555557366,-1.7,3.6615
33,CC DChg,208.85555555555038,-1.7,3.6615
33,CC DChg,208.9555555555562,-1.7,3.6614
33,CC DChg,209.05555555556202,-1.7,3.6614
33,CC DChg,209.15555555556784,-1.7,3.6614
33,CC DChg,209.25555555557366,-1.7,3.6614
33,CC DChg,209.35555555555038,-1.7,3.6614
33,CC DChg,209.4555555555562,-1.7,3.6614
33,CC DChg,209.55555555556202,-1.7,3.6614
33,CC DChg,209.65555555556784,-1.7,3.6613
33,CC DChg,209.75555555557366,-1.7,3.6613
33,CC DChg,209.85555555555038,-1.7,3.6613
33,CC DChg,209.9555555555562,-1.7,3.6613
33,CC DChg,210.05555555556202,-1.7,3.6613
33,CC DChg,210.15555555556784,-1.7,3.6612
33,CC DChg,210.25555555557366,-1.7,3.6612
33,CC DChg,210.35555555555038,-1.7,3.6612
33,CC DChg,210.4555555555562,-1.7,3.6611
33,CC DChg,210.55555555556202,-1.7,3.6611
33,CC DChg,210.65555555556784,-1.7,3.6612
33,CC DChg,210.75555555557366,-1.7,3.6612
33,CC DChg,210.85555555555038,-1.7,3.6611
33,CC DChg,210.9555555555562,-1.7,3.6611
33,CC DChg,211.05555555556202,-1.7,3.6611
33,CC DChg,211.15555555556784,-1.7,3.6611
33,CC DChg,211.25555555557366,-1.7,3.661
33,CC DChg,211.35555555555038,-1.7,3.661
33,CC DChg,211.4555555555562,-1.7,3.661
33,CC DChg,211.55555555556202,-1.7,3.6609
33,CC DChg,211.65555555556784,-1.7,3.6609
33,CC DChg,211.75555555557366,-1.7,3.6609
33,CC DChg,211.85555555555038,-1.7,3.6609
33,CC DChg,211.9555555555562,-1.7,3.6609
33,CC DChg,212.05555555556202,-1.7,3.6608
33,CC DChg,212.15555555556784,-1.7,3.6608
33,CC DChg,212.25555555557366,-1.7,3.6608
33,CC DChg,212.35555555555038,-1.7,3.6608
33,CC DChg,212.4555555555562,-1.7,3.6608
33,CC DChg,212.55555555556202,-1.7,3.6608
33,CC DChg,212.65555555556784,-1.7,3.6608
33,CC DChg,212.75555555557366,-1.7,3.6607
33,CC DChg,212.85555555555038,-1.7,3.6607
33,CC DChg,212.9555555555562,-1.7,3.6607
33,CC DChg,213.05555555556202,-1.7,3.6607
33,CC DChg,213.15555555556784,-1.7,3.6607
33,CC DChg,213.25555555557366,-1.7,3.6606
33,CC DChg,213.35555555555038,-1.7,3.6606
33,CC DChg,213.4555555555562,-1.7,3.6606
33,CC DChg,213.55555555556202,-1.7,3.6605
33,CC DChg,213.65555555556784,-1.7,3.6605
33,CC DChg,213.75555555557366,-1.7,3.6605
33,CC DChg,213.85555555555038,-1.7,3.6605
33,CC DChg,213.9555555555562,-1.7,3.6605
33,CC DChg,214.05555555556202,-1.7,3.6605
33,CC DChg,214.15555555556784,-1.7,3.6605
33,CC DChg,214.25555555557366,-1.7,3.6604
33,CC DChg,214.35555555555038,-1.7,3.6604
33,CC DChg,214.4555555555562,-1.7,3.6604
33,CC DChg,214.55555555556202,-1.7,3.6604
33,CC DChg,214.65555555556784,-1.7,3.6604
33,CC DChg,214.75555555557366,-1.7,3.6603
33,CC DChg,214.85555555555038,-1.7,3.6603
33,CC DChg,214.9555555555562,-1.7,3.6603
33,CC DChg,215.05555555556202,-1.7,3.6603
33,CC DChg,215.15555555556784,-1.7,3.6603
33,CC DChg,215.25555555557366,-1.7,3.6603
33,CC DChg,215.35555555555038,-1.7,3.6603
33,CC DChg,215.4555555555562,-1.7,3.6602
33,CC DChg,215.55555555556202,-1.7,3.6602
33,CC DChg,215.65555555556784,-1.7,3.6602
33,CC DChg,215.75555555557366,-1.7,3.6602
33,CC DChg,215.85555555555038,-1.7,3.6602
33,CC DChg,215.9555555555562,-1.7,3.6601
33,CC DChg,216.05555555556202,-1.7,3.6601
33,CC DChg,216.15555555556784,-1.7,3.6601
33,CC DChg,216.25555555557366,-1.7,3.6601
33,CC DChg,216.35555555555038,-1.7,3.6601
33,CC DChg,216.4555555555562,-1.7,3.66
33,CC DChg,216.55555555556202,-1.7,3.66
33,CC DChg,216.65555555556784,-1.7,3.66
33,CC DChg,216.75555555557366,-1.7,3.66
33,CC DChg,216.85555555555038,-1.7,3.66
33,CC DChg,216.9555555555562,-1.7,3.6599
33,CC DChg,217.05555555556202,-1.7,3.6599
33,CC DChg,217.15555555556784,-1.7,3.6599
33,CC DChg,217.25555555557366,-1.7,3.6598
33,CC DChg,217.35555555555038,-1.7,3.6599
33,CC DChg,217.4555555555562,-1.7,3.6599
33,CC DChg,217.55555555556202,-1.7,3.6598
33,CC DChg,217.65555555556784,-1.7,3.6598
33,CC DChg,217.75555555557366,-1.7,3.6598
33,CC DChg,217.85555555555038,-1.7,3.6598
33,CC DChg,217.9555555555562,-1.7,3.6597
33,CC DChg,218.05555555556202,-1.7,3.6597
33,CC DChg,218.15555555556784,-1.7,3.6597
33,CC DChg,218.25555555557366,-1.7,3.6597
33,CC DChg,218.35555555555038,-1.7,3.6597
33,CC DChg,218.4555555555562,-1.7,3.6596
33,CC DChg,218.55555555556202,-1.7,3.6596
33,CC DChg,218.65555555556784,-1.7,3.6596
33,CC DChg,218.75555555557366,-1.7,3.6596
33,CC DChg,218.85555555555038,-1.7,3.6596
33,CC DChg,218.9555555555562,-1.7,3.6596
33,CC DChg,219.05555555556202,-1.7,3.6595
33,CC DChg,219.15555555556784,-1.7,3.6595
33,CC DChg,219.25555555557366,-1.7,3.6595
33,CC DChg,219.35555555555038,-1.7,3.6595
33,CC DChg,219.4555555555562,-1.7,3.6595
33,CC DChg,219.55555555556202,-1.7,3.6595
33,CC DChg,219.65555555556784,-1.7,3.6594
33,CC DChg,219.75555555557366,-1.7,3.6594
33,CC DChg,219.85555555555038,-1.7,3.6594
33,CC DChg,219.9555555555562,-1.7,3.6594
33,CC DChg,220.05555555556202,-1.7,3.6593
33,CC DChg,220.15555555556784,-1.7,3.6593
33,CC DChg,220.25555555557366,-1.7,3.6593
33,CC DChg,220.35555555555038,-1.7,3.6593
33,CC DChg,220.4555555555562,-1.7,3.6593
33,CC DChg,220.55555555556202,-1.7,3.6593
33,CC DChg,220.65555555556784,-1.7,3.6592
33,CC DChg,220.75555555557366,-1.7,3.6592
33,CC DChg,220.85555555555038,-1.7,3.6592
33,CC DChg,220.9555555555562,-1.7,3.6592
33,CC DChg,221.05555555556202,-1.7,3.6591
33,CC DChg,221.15555555556784,-1.7,3.6591
33,CC DChg,221.25555555557366,-1.7,3.6591
33,CC DChg,221.35555555555038,-1.7,3.6591
33,CC DChg,221.4555555555562,-1.7,3.6591
33,CC DChg,221.55555555556202,-1.7,3.6591
33,CC DChg,221.65555555556784,-1.7,3.659
33,CC DChg,221.75555555557366,-1.7,3.659
33,CC DChg,221.85555555555038,-1.7,3.659
33,CC DChg,221.9555555555562,-1.7,3.6589
33,CC DChg,222.05555555556202,-1.7,3.6589
33,CC DChg,222.15555555556784,-1.7,3.6589
33,CC DChg,222.25555555557366,-1.7,3.6589
33,CC DChg,222.35555555555038,-1.7,3.6589
33,CC DChg,222.4555555555562,-1.7,3.6589
33,CC DChg,222.55555555556202,-1.7,3.6589
33,CC DChg,222.65555555556784,-1.7,3.6589
33,CC DChg,222.75555555557366,-1.7,3.6588
33,CC DChg,222.85555555555038,-1.7,3.6588
33,CC DChg,222.9555555555562,-1.7,3.6588
33,CC DChg,223.05555555556202,-1.7,3.6588
33,CC DChg,223.15555555556784,-1.7,3.6588
33,CC DChg,223.25555555557366,-1.7,3.6587
33,CC DChg,223.35555555555038,-1.7,3.6587
33,CC DChg,223.4555555555562,-1.7,3.6587
33,CC DChg,223.55555555556202,-1.7,3.6587
33,CC DChg,223.65555555556784,-1.7,3.6587
33,CC DChg,223.75555555557366,-1.7,3.6587
33,CC DChg,223.85555555555038,-1.7,3.6586
33,CC DChg,223.9555555555562,-1.7,3.6586
33,CC DChg,224.05555555556202,-1.7,3.6586
33,CC DChg,224.15555555556784,-1.7,3.6586
33,CC DChg,224.25555555557366,-1.7,3.6586
33,CC DChg,224.35555555555038,-1.7,3.6586
33,CC DChg,224.4555555555562,-1.7,3.6586
33,CC DChg,224.55555555556202,-1.7,3.6585
33,CC DChg,224.65555555556784,-1.7,3.6585
33,CC DChg,224.75555555557366,-1.7,3.6585
33,CC DChg,224.85555555555038,-1.7,3.6585
33,CC DChg,224.9555555555562,-1.7,3.6584
33,CC DChg,225.05555555556202,-1.7,3.6584
33,CC DChg,225.15555555556784,-1.7,3.6584
33,CC DChg,225.25555555557366,-1.7,3.6584
33,CC DChg,225.35555555555038,-1.7,3.6584
33,CC DChg,225.4555555555562,-1.7,3.6583
33,CC DChg,225.55555555556202,-1.7,3.6583
33,CC DChg,225.65555555556784,-1.7,3.6583
33,CC DChg,225.75555555557366,-1.7,3.6583
33,CC DChg,225.85555555555038,-1.7,3.6583
33,CC DChg,225.9555555555562,-1.7,3.6583
33,CC DChg,226.05555555556202,-1.7,3.6582
33,CC DChg,226.15555555556784,-1.7,3.6582
33,CC DChg,226.25555555557366,-1.7,3.6582
33,CC DChg,226.35555555555038,-1.7,3.6582
33,CC DChg,226.4555555555562,-1.7,3.6582
33,CC DChg,226.55555555556202,-1.7,3.6582
33,CC DChg,226.65555555556784,-1.7,3.6581
33,CC DChg,226.75555555557366,-1.7,3.6581
33,CC DChg,226.85555555555038,-1.7,3.6581
33,CC DChg,226.9555555555562,-1.7,3.6581
33,CC DChg,227.05555555556202,-1.7,3.6581
33,CC DChg,227.15555555556784,-1.7,3.658
33,CC DChg,227.25555555557366,-1.7,3.658
33,CC DChg,227.35555555555038,-1.7,3.658
33,CC DChg,227.4555555555562,-1.7,3.658
33,CC DChg,227.55555555556202,-1.7,3.658
33,CC DChg,227.65555555556784,-1.7,3.658
33,CC DChg,227.75555555557366,-1.7,3.6579
33,CC DChg,227.85555555555038,-1.7,3.6579
33,CC DChg,227.9555555555562,-1.7,3.6579
33,CC DChg,228.05555555556202,-1.7,3.6579
33,CC DChg,228.15555555556784,-1.7,3.6579
33,CC DChg,228.25555555557366,-1.7,3.6578
33,CC DChg,228.35555555555038,-1.7,3.6578
33,CC DChg,228.4555555555562,-1.7,3.6578
33,CC DChg,228.55555555556202,-1.7,3.6578
33,CC DChg,228.65555555556784,-1.7,3.6578
33,CC DChg,228.75555555557366,-1.7,3.6577
33,CC DChg,228.85555555555038,-1.7,3.6577
33,CC DChg,228.9555555555562,-1.7,3.6577
33,CC DChg,229.05555555556202,-1.7,3.6577
33,CC DChg,229.15555555556784,-1.7,3.6577
33,CC DChg,229.25555555557366,-1.7,3.6577
33,CC DChg,229.35555555555038,-1.7,3.6577
33,CC DChg,229.4555555555562,-1.7,3.6576
33,CC DChg,229.55555555556202,-1.7,3.6576
33,CC DChg,229.65555555556784,-1.7,3.6576
33,CC DChg,229.75555555557366,-1.7,3.6575
33,CC DChg,229.85555555555038,-1.7,3.6575
33,CC DChg,229.9555555555562,-1.7,3.6575
33,CC DChg,230.05555555556202,-1.7,3.6575
33,CC DChg,230.15555555556784,-1.7,3.6575
33,CC DChg,230.25555555557366,-1.7,3.6574
33,CC DChg,230.35555555555038,-1.7,3.6574
33,CC DChg,230.4555555555562,-1.7,3.6574
33,CC DChg,230.55555555556202,-1.7,3.6574
33,CC DChg,230.65555555556784,-1.7,3.6574
33,CC DChg,230.75555555557366,-1.7,3.6574
33,CC DChg,230.85555555555038,-1.7,3.6573
33,CC DChg,230.9555555555562,-1.7,3.6573
33,CC DChg,231.05555555556202,-1.7,3.6573
33,CC DChg,231.15555555556784,-1.7,3.6573
33,CC DChg,231.25555555557366,-1.7,3.6573
33,CC DChg,231.35555555555038,-1.7,3.6573
33,CC DChg,231.4555555555562,-1.7,3.6572
33,CC DChg,231.55555555556202,-1.7,3.6572
33,CC DChg,231.65555555556784,-1.7,3.6572
33,CC DChg,231.75555555557366,-1.7,3.6571
33,CC DChg,231.85555555555038,-1.7,3.6572
33,CC DChg,231.9555555555562,-1.7,3.6571
33,CC DChg,232.05555555556202,-1.7,3.6571
33,CC DChg,232.15555555556784,-1.7,3.6571
33,CC DChg,232.25555555557366,-1.7,3.6571
33,CC DChg,232.35555555555038,-1.7,3.6571
33,CC DChg,232.4555555555562,-1.7,3.657
33,CC DChg,232.55555555556202,-1.7,3.657
33,CC DChg,232.65555555556784,-1.7,3.657
33,CC DChg,232.75555555557366,-1.7,3.657
33,CC DChg,232.85555555555038,-1.7,3.657
33,CC DChg,232.9555555555562,-1.7,3.6569
33,CC DChg,233.05555555556202,-1.7,3.6569
33,CC DChg,233.15555555556784,-1.7,3.6569
33,CC DChg,233.25555555557366,-1.7,3.6569
33,CC DChg,233.35555555555038,-1.7,3.6569
33,CC DChg,233.4555555555562,-1.7,3.6568
33,CC DChg,233.55555555556202,-1.7,3.6568
33,CC DChg,233.65555555556784,-1.7,3.6568
33,CC DChg,233.75555555557366,-1.7,3.6568
33,CC DChg,233.85555555555038,-1.7,3.6568
33,CC DChg,233.9555555555562,-1.7,3.6568
33,CC DChg,234.05555555556202,-1.7,3.6567
33,CC DChg,234.15555555556784,-1.7,3.6567
33,CC DChg,234.25555555557366,-1.7,3.6567
33,CC DChg,234.35555555555038,-1.7,3.6567
33,CC DChg,234.4555555555562,-1.7,3.6567
33,CC DChg,234.55555555556202,-1.7,3.6566
33,CC DChg,234.65555555556784,-1.7,3.6566
33,CC DChg,234.75555555557366,-1.7,3.6566
33,CC DChg,234.85555555555038,-1.7,3.6566
33,CC DChg,234.9555555555562,-1.7,3.6565
33,CC DChg,235.05555555556202,-1.7,3.6565
33,CC DChg,235.15555555556784,-1.7,3.6565
33,CC DChg,235.25555555557366,-1.7,3.6565
33,CC DChg,235.35555555555038,-1.6999,3.6565
33,CC DChg,235.4555555555562,-1.6999,3.6565
33,CC DChg,235.55555555556202,-1.6999,3.6564
33,CC DChg,235.65555555556784,-1.6999,3.6564
33,CC DChg,235.75555555557366,-1.6999,3.6564
33,CC DChg,235.85555555555038,-1.6999,3.6563
33,CC DChg,235.9555555555562,-1.6999,3.6563
33,CC DChg,236.05555555556202,-1.6999,3.6563
33,CC DChg,236.15555555556784,-1.6999,3.6563
33,CC DChg,236.25555555557366,-1.6999,3.6563
33,CC DChg,236.35555555555038,-1.6999,3.6563
33,CC DChg,236.4555555555562,-1.6999,3.6562
33,CC DChg,236.55555555556202,-1.6999,3.6562
33,CC DChg,236.65555555556784,-1.6999,3.6562
33,CC DChg,236.75555555557366,-1.6999,3.6562
33,CC DChg,236.85555555555038,-1.6999,3.6561
33,CC DChg,236.9555555555562,-1.6999,3.6561
33,CC DChg,237.05555555556202,-1.6999,3.6561
33,CC DChg,237.15555555556784,-1.6999,3.6561
33,CC DChg,237.25555555557366,-1.6999,3.6561
33,CC DChg,237.35555555555038,-1.6999,3.6561
33,CC DChg,237.4555555555562,-1.6999,3.6561
33,CC DChg,237.55555555556202,-1.6999,3.6561
33,CC DChg,237.65555555556784,-1.6999,3.6561
33,CC DChg,237.75555555557366,-1.6999,3.656
33,CC DChg,237.85555555555038,-1.6999,3.656
33,CC DChg,237.9555555555562,-1.6999,3.656
33,CC DChg,238.05555555556202,-1.6999,3.6559
33,CC DChg,238.15555555556784,-1.6999,3.656
33,CC DChg,238.25555555557366,-1.6999,3.6559
33,CC DChg,238.35555555555038,-1.6999,3.6559
33,CC DChg,238.4555555555562,-1.6999,3.6559
33,CC DChg,238.55555555556202,-1.6999,3.6559
33,CC DChg,238.65555555556784,-1.6999,3.6559
33,CC DChg,238.75555555557366,-1.6999,3.6558
33,CC DChg,238.85555555555038,-1.6999,3.6558
33,CC DChg,238.9555555555562,-1.6999,3.6557
33,CC DChg,239.05555555556202,-1.6999,3.6557
33,CC DChg,239.15555555556784,-1.6999,3.6557
33,CC DChg,239.25555555557366,-1.6999,3.6557
33,CC DChg,239.35555555555038,-1.6999,3.6557
33,CC DChg,239.4555555555562,-1.6999,3.6557
33,CC DChg,239.55555555556202,-1.6999,3.6556
33,CC DChg,239.65555555556784,-1.6999,3.6556
33,CC DChg,239.75555555557366,-1.6999,3.6556
33,CC DChg,239.85555555555038,-1.6999,3.6556
33,CC DChg,239.9555555555562,-1.6999,3.6556
33,CC DChg,240.05555555556202,-1.6999,3.6556
33,CC DChg,240.15555555556784,-1.6999,3.6555
33,CC DChg,240.25555555557366,-1.6999,3.6555
33,CC DChg,240.35555555555038,-1.6999,3.6555
33,CC DChg,240.4555555555562,-1.6999,3.6555
33,CC DChg,240.55555555556202,-1.6999,3.6555
33,CC DChg,240.65555555556784,-1.6999,3.6554
33,CC DChg,240.75555555557366,-1.6999,3.6554
33,CC DChg,240.85555555555038,-1.6999,3.6554
33,CC DChg,240.9555555555562,-1.6999,3.6554
33,CC DChg,241.05555555556202,-1.6999,3.6554
33,CC DChg,241.15555555556784,-1.6999,3.6554
33,CC DChg,241.25555555557366,-1.6999,3.6553
33,CC DChg,241.35555555555038,-1.6999,3.6553
33,CC DChg,241.4555555555562,-1.6999,3.6553
33,CC DChg,241.55555555556202,-1.6999,3.6553
33,CC DChg,241.65555555556784,-1.6999,3.6553
33,CC DChg,241.75555555557366,-1.6999,3.6553
33,CC DChg,241.85555555555038,-1.6999,3.6552
33,CC DChg,241.9555555555562,-1.6999,3.6552
33,CC DChg,242.05555555556202,-1.6999,3.6552
33,CC DChg,242.15555555556784,-1.6999,3.6551
33,CC DChg,242.25555555557366,-1.6999,3.6551
33,CC DChg,242.35555555555038,-1.6999,3.6551
33,CC DChg,242.4555555555562,-1.6999,3.6551
33,CC DChg,242.55555555556202,-1.6999,3.6551
33,CC DChg,242.65555555556784,-1.6999,3.6551
33,CC DChg,242.75555555557366,-1.6999,3.655
33,CC DChg,242.85555555555038,-1.6999,3.655
33,CC DChg,242.9555555555562,-1.6999,3.655
33,CC DChg,243.05555555556202,-1.6999,3.655
33,CC DChg,243.15555555556784,-1.6999,3.655
33,CC DChg,243.25555555557366,-1.6999,3.655
33,CC DChg,243.35555555555038,-1.6999,3.6549
33,CC DChg,243.4555555555562,-1.6999,3.6549
33,CC DChg,243.55555555556202,-1.6999,3.6549
33,CC DChg,243.65555555556784,-1.6999,3.6549
33,CC DChg,243.75555555557366,-1.6999,3.6549
33,CC DChg,243.85555555555038,-1.6999,3.6549
33,CC DChg,243.9555555555562,-1.6999,3.6548
33,CC DChg,244.05555555556202,-1.6999,3.6547
33,CC DChg,244.15555555556784,-1.6999,3.6547
33,CC DChg,244.25555555557366,-1.6999,3.6547
33,CC DChg,244.35555555555038,-1.6999,3.6547
33,CC DChg,244.4555555555562,-1.6999,3.6547
33,CC DChg,244.55555555556202,-1.6999,3.6547
33,CC DChg,244.65555555556784,-1.6999,3.6547
33,CC DChg,244.75555555557366,-1.6999,3.6547
33,CC DChg,244.85555555555038,-1.6999,3.6546
33,CC DChg,244.9555555555562,-1.6999,3.6546
33,CC DChg,245.05555555556202,-1.6999,3.6546
33,CC DChg,245.15555555556784,-1.6999,3.6545
33,CC DChg,245.25555555557366,-1.6999,3.6545
33,CC DChg,245.35555555555038,-1.6999,3.6545
33,CC DChg,245.4555555555562,-1.6999,3.6545
33,CC DChg,245.55555555556202,-1.6999,3.6545
33,CC DChg,245.65555555556784,-1.6999,3.6545
33,CC DChg,245.75555555557366,-1.6999,3.6544
33,CC DChg,245.85555555555038,-1.6999,3.6544
33,CC DChg,245.9555555555562,-1.6999,3.6544
33,CC DChg,246.05555555556202,-1.6999,3.6544
33,CC DChg,246.15555555556784,-1.6999,3.6544
33,CC DChg,246.25555555557366,-1.6999,3.6544
33,CC DChg,246.35555555555038,-1.6999,3.6544
33,CC DChg,246.4555555555562,-1.6999,3.6543
33,CC DChg,246.55555555556202,-1.6999,3.6543
33,CC DChg,246.65555555556784,-1.6999,3.6543
33,CC DChg,246.75555555557366,-1.6999,3.6543
33,CC DChg,246.85555555555038,-1.6999,3.6543
33,CC DChg,246.9555555555562,-1.6999,3.6542
33,CC DChg,247.05555555556202,-1.6999,3.6542
33,CC DChg,247.15555555556784,-1.6999,3.6542
33,CC DChg,247.25555555557366,-1.6999,3.6541
33,CC DChg,247.35555555555038,-1.6999,3.6541
33,CC DChg,247.4555555555562,-1.6999,3.6541
33,CC DChg,247.55555555556202,-1.6999,3.6541
33,CC DChg,247.65555555556784,-1.6999,3.6541
33,CC DChg,247.75555555557366,-1.6999,3.6541
33,CC DChg,247.85555555555038,-1.6999,3.6541
33,CC DChg,247.9555555555562,-1.6999,3.654
33,CC DChg,248.05555555556202,-1.6999,3.654
33,CC DChg,248.15555555556784,-1.6999,3.654
33,CC DChg,248.25555555557366,-1.6999,3.654
33,CC DChg,248.35555555555038,-1.6999,3.654
33,CC DChg,248.4555555555562,-1.6999,3.6539
33,CC DChg,248.55555555556202,-1.6999,3.6539
33,CC DChg,248.65555555556784,-1.6999,3.6539
33,CC DChg,248.75555555557366,-1.6999,3.6539
33,CC DChg,248.85555555555038,-1.6999,3.6539
33,CC DChg,248.9555555555562,-1.6999,3.6538
33,CC DChg,249.05555555556202,-1.6999,3.6539
33,CC DChg,249.15555555556784,-1.6999,3.6538
33,CC DChg,249.25555555557366,-1.6999,3.6538
33,CC DChg,249.35555555555038,-1.6999,3.6538
33,CC DChg,249.4555555555562,-1.6999,3.6537
33,CC DChg,249.55555555556202,-1.6999,3.6537
33,CC DChg,249.65555555556784,-1.6999,3.6537
33,CC DChg,249.75555555557366,-1.6999,3.6537
33,CC DChg,249.85555555555038,-1.6999,3.6537
33,CC DChg,249.9555555555562,-1.6999,3.6537
33,CC DChg,250.05555555556202,-1.6999,3.6537
33,CC DChg,250.15555555556784,-1.6999,3.6536
33,CC DChg,250.25555555557366,-1.6999,3.6536
33,CC DChg,250.35555555555038,-1.6999,3.6536
33,CC DChg,250.4555555555562,-1.6999,3.6536
33,CC DChg,250.55555555556202,-1.6999,3.6535
33,CC DChg,250.65555555556784,-1.6999,3.6535
33,CC DChg,250.75555555557366,-1.6999,3.6535
33,CC DChg,250.85555555555038,-1.6999,3.6535
33,CC DChg,250.9555555555562,-1.6999,3.6535
33,CC DChg,251.05555555556202,-1.6999,3.6534
33,CC DChg,251.15555555556784,-1.6999,3.6534
33,CC DChg,251.25555555557366,-1.6999,3.6534
33,CC DChg,251.35555555555038,-1.6999,3.6534
33,CC DChg,251.4555555555562,-1.6999,3.6534
33,CC DChg,251.55555555556202,-1.6999,3.6534
33,CC DChg,251.65555555556784,-1.6999,3.6533
33,CC DChg,251.75555555557366,-1.6999,3.6533
33,CC DChg,251.85555555555038,-1.6999,3.6533
33,CC DChg,251.9555555555562,-1.6999,3.6533
33,CC DChg,252.05555555556202,-1.6999,3.6532
33,CC DChg,252.15555555556784,-1.6999,3.6532
33,CC DChg,252.25555555557366,-1.6999,3.6532
33,CC DChg,252.35555555555038,-1.6999,3.6532
33,CC DChg,252.4555555555562,-1.6999,3.6532
33,CC DChg,252.55555555556202,-1.6999,3.6531
33,CC DChg,252.65555555556784,-1.6999,3.6531
33,CC DChg,252.75555555557366,-1.6999,3.6531
33,CC DChg,252.85555555555038,-1.6999,3.6531
33,CC DChg,252.9555555555562,-1.6999,3.6531
33,CC DChg,253.05555555556202,-1.6999,3.6531
33,CC DChg,253.15555555556784,-1.6999,3.6531
33,CC DChg,253.25555555557366,-1.6999,3.6531
33,CC DChg,253.35555555555038,-1.6999,3.653
33,CC DChg,253.4555555555562,-1.6999,3.653
33,CC DChg,253.55555555556202,-1.6999,3.653
33,CC DChg,253.65555555556784,-1.6999,3.653
33,CC DChg,253.75555555557366,-1.6999,3.6529
33,CC DChg,253.85555555555038,-1.6999,3.6529
33,CC DChg,253.9555555555562,-1.6999,3.6529
33,CC DChg,254.05555555556202,-1.6999,3.6529
33,CC DChg,254.15555555556784,-1.6999,3.6529
33,CC DChg,254.25555555557366,-1.6999,3.6528
33,CC DChg,254.35555555555038,-1.6999,3.6528
33,CC DChg,254.4555555555562,-1.6999,3.6528
33,CC DChg,254.55555555556202,-1.6999,3.6528
33,CC DChg,254.65555555556784,-1.6999,3.6528
33,CC DChg,254.75555555557366,-1.6999,3.6528
33,CC DChg,254.85555555555038,-1.6999,3.6527
33,CC DChg,254.9555555555562,-1.6999,3.6527
33,CC DChg,255.05555555556202,-1.6999,3.6527
33,CC DChg,255.15555555556784,-1.6999,3.6527
33,CC DChg,255.25555555557366,-1.6999,3.6527
33,CC DChg,255.35555555555038,-1.6999,3.6527
33,CC DChg,255.4555555555562,-1.6999,3.6526
33,CC DChg,255.55555555556202,-1.6999,3.6526
33,CC DChg,255.65555555556784,-1.6999,3.6526
33,CC DChg,255.75555555557366,-1.6999,3.6526
33,CC DChg,255.85555555555038,-1.6999,3.6526
33,CC DChg,255.9555555555562,-1.6999,3.6526
33,CC DChg,256.055555555562,-1.6999,3.6525
33,CC DChg,256.15555555556784,-1.6999,3.6525
33,CC DChg,256.25555555557366,-1.6999,3.6525
33,CC DChg,256.3555555555504,-1.6999,3.6525
33,CC DChg,256.4555555555562,-1.6999,3.6524
33,CC DChg,256.555555555562,-1.6999,3.6524
33,CC DChg,256.65555555556784,-1.6999,3.6524
33,CC DChg,256.75555555557366,-1.6999,3.6524
33,CC DChg,256.8555555555504,-1.6999,3.6524
33,CC DChg,256.9555555555562,-1.6999,3.6523
33,CC DChg,257.055555555562,-1.6999,3.6523
33,CC DChg,257.15555555556784,-1.6999,3.6523
33,CC DChg,257.25555555557366,-1.6999,3.6523
33,CC DChg,257.3555555555504,-1.6999,3.6523
33,CC DChg,257.4555555555562,-1.6999,3.6523
33,CC DChg,257.555555555562,-1.6999,3.6522
33,CC DChg,257.65555555556784,-1.6999,3.6522
33,CC DChg,257.75555555557366,-1.6999,3.6522
33,CC DChg,257.8555555555504,-1.6999,3.6522
33,CC DChg,257.9555555555562,-1.6999,3.6522
33,CC DChg,258.055555555562,-1.6999,3.6521
33,CC DChg,258.15555555556784,-1.6999,3.6521
33,CC DChg,258.25555555557366,-1.6999,3.6521
33,CC DChg,258.3555555555504,-1.6999,3.6521
33,CC DChg,258.4555555555562,-1.6999,3.652
33,CC DChg,258.555555555562,-1.6999,3.652
33,CC DChg,258.65555555556784,-1.6999,3.652
33,CC DChg,258.75555555557366,-1.6999,3.652
33,CC DChg,258.8555555555504,-1.6999,3.652
33,CC DChg,258.9555555555562,-1.6999,3.6519
33,CC DChg,259.055555555562,-1.6999,3.6519
33,CC DChg,259.15555555556784,-1.6999,3.6519
33,CC DChg,259.25555555557366,-1.6999,3.6519
33,CC DChg,259.3555555555504,-1.6999,3.6519
33,CC DChg,259.4555555555562,-1.6999,3.6518
33,CC DChg,259.555555555562,-1.6999,3.6518
33,CC DChg,259.65555555556784,-1.6999,3.6518
33,CC DChg,259.75555555557366,-1.6999,3.6518
33,CC DChg,259.8555555555504,-1.6999,3.6518
33,CC DChg,259.9555555555562,-1.6999,3.6518
33,CC DChg,260.055555555562,-1.6999,3.6518
33,CC DChg,260.15555555556784,-1.6999,3.6518
33,CC DChg,260.25555555557366,-1.6999,3.6517
33,CC DChg,260.3555555555504,-1.6999,3.6517
33,CC DChg,260.4555555555562,-1.6999,3.6517
33,CC DChg,260.555555555562,-1.6999,3.6517
33,CC DChg,260.65555555556784,-1.6999,3.6516
33,CC DChg,260.75555555557366,-1.6999,3.6516
33,CC DChg,260.8555555555504,-1.6999,3.6516
33,CC DChg,260.9555555555562,-1.6999,3.6516
33,CC DChg,261.055555555562,-1.6999,3.6516
33,CC DChg,261.15555555556784,-1.6999,3.6515
33,CC DChg,261.25555555557366,-1.6999,3.6515
33,CC DChg,261.3555555555504,-1.6999,3.6515
33,CC DChg,261.4555555555562,-1.6999,3.6515
33,CC DChg,261.555555555562,-1.6999,3.6514
33,CC DChg,261.65555555556784,-1.6999,3.6515
33,CC DChg,261.75555555557366,-1.6999,3.6514
33,CC DChg,261.8555555555504,-1.6999,3.6514
33,CC DChg,261.9555555555562,-1.6999,3.6514
33,CC DChg,262.055555555562,-1.6999,3.6514
33,CC DChg,262.15555555556784,-1.6999,3.6514
33,CC DChg,262.25555555557366,-1.6999,3.6513
33,CC DChg,262.3555555555504,-1.6999,3.6513
33,CC DChg,262.4555555555562,-1.6999,3.6513
33,CC DChg,262.555555555562,-1.6999,3.6513
33,CC DChg,262.65555555556784,-1.6999,3.6513
33,CC DChg,262.75555555557366,-1.6999,3.6513
33,CC DChg,262.8555555555504,-1.6999,3.6513
33,CC DChg,262.9555555555562,-1.6999,3.6512
33,CC DChg,263.055555555562,-1.6999,3.6512
33,CC DChg,263.15555555556784,-1.6999,3.6512
33,CC DChg,263.25555555557366,-1.6999,3.6512
33,CC DChg,263.3555555555504,-1.6999,3.6511
33,CC DChg,263.4555555555562,-1.6999,3.6511
33,CC DChg,263.555555555562,-1.6999,3.6511
33,CC DChg,263.65555555556784,-1.6999,3.6511
33,CC DChg,263.75555555557366,-1.6999,3.6511
33,CC DChg,263.8555555555504,-1.6999,3.651
33,CC DChg,263.9555555555562,-1.6999,3.651
33,CC DChg,264.055555555562,-1.6999,3.651
33,CC DChg,264.15555555556784,-1.6999,3.651
33,CC DChg,264.25555555557366,-1.6999,3.651
33,CC DChg,264.3555555555504,-1.6999,3.6509
33,CC DChg,264.4555555555562,-1.6999,3.6509
33,CC DChg,264.555555555562,-1.6999,3.6509
33,CC DChg,264.65555555556784,-1.6999,3.6509
33,CC DChg,264.75555555557366,-1.6999,3.6509
33,CC DChg,264.8555555555504,-1.6999,3.6509
33,CC DChg,264.9555555555562,-1.6999,3.6508
33,CC DChg,265.055555555562,-1.6999,3.6508
33,CC DChg,265.15555555556784,-1.6999,3.6508
33,CC DChg,265.25555555557366,-1.6999,3.6508
33,CC DChg,265.3555555555504,-1.6999,3.6507
33,CC DChg,265.4555555555562,-1.6999,3.6507
33,CC DChg,265.555555555562,-1.6999,3.6507
33,CC DChg,265.65555555556784,-1.6999,3.6507
33,CC DChg,265.75555555557366,-1.6999,3.6507
33,CC DChg,265.8555555555504,-1.6999,3.6507
33,CC DChg,265.9555555555562,-1.6999,3.6506
33,CC DChg,266.055555555562,-1.6999,3.6506
33,CC DChg,266.15555555556784,-1.6999,3.6506
33,CC DChg,266.25555555557366,-1.6999,3.6506
33,CC DChg,266.3555555555504,-1.6999,3.6506
33,CC DChg,266.4555555555562,-1.6999,3.6505
33,CC DChg,266.555555555562,-1.6999,3.6505
33,CC DChg,266.65555555556784,-1.6999,3.6505
33,CC DChg,266.75555555557366,-1.6999,3.6505
33,CC DChg,266.8555555555504,-1.6999,3.6505
33,CC DChg,266.9555555555562,-1.6999,3.6505
33,CC DChg,267.055555555562,-1.6999,3.6504
33,CC DChg,267.15555555556784,-1.6999,3.6504
33,CC DChg,267.25555555557366,-1.6999,3.6504
33,CC DChg,267.3555555555504,-1.6999,3.6504
33,CC DChg,267.4555555555562,-1.6999,3.6503
33,CC DChg,267.555555555562,-1.6999,3.6503
33,CC DChg,267.65555555556784,-1.6999,3.6503
33,CC DChg,267.75555555557366,-1.6999,3.6503
33,CC DChg,267.8555555555504,-1.6999,3.6503
33,CC DChg,267.9555555555562,-1.6999,3.6503
33,CC DChg,268.055555555562,-1.6999,3.6502
33,CC DChg,268.15555555556784,-1.6999,3.6502
33,CC DChg,268.25555555557366,-1.6999,3.6502
33,CC DChg,268.3555555555504,-1.6999,3.6502
33,CC DChg,268.4555555555562,-1.6999,3.6501
33,CC DChg,268.555555555562,-1.6999,3.6501
33,CC DChg,268.65555555556784,-1.6999,3.6501
33,CC DChg,268.75555555557366,-1.6999,3.6501
33,CC DChg,268.8555555555504,-1.6999,3.6501
33,CC DChg,268.9555555555562,-1.6999,3.65
33,CC DChg,269.055555555562,-1.6999,3.65
33,CC DChg,269.15555555556784,-1.6999,3.65
33,CC DChg,269.25555555557366,-1.6999,3.65
33,CC DChg,269.3555555555504,-1.6999,3.65
33,CC DChg,269.4555555555562,-1.6999,3.65
33,CC DChg,269.555555555562,-1.6999,3.65
33,CC DChg,269.65555555556784,-1.6999,3.65
33,CC DChg,269.75555555557366,-1.6999,3.6499
33,CC DChg,269.8555555555504,-1.6999,3.6499
33,CC DChg,269.9555555555562,-1.6999,3.6499
33,CC DChg,270.055555555562,-1.6999,3.6499
33,CC DChg,270.15555555556784,-1.6999,3.6499
33,CC DChg,270.25555555557366,-1.6999,3.6499
33,CC DChg,270.3555555555504,-1.6999,3.6498
33,CC DChg,270.4555555555562,-1.6999,3.6498
33,CC DChg,270.555555555562,-1.6999,3.6498
33,CC DChg,270.65555555556784,-1.6999,3.6498
33,CC DChg,270.75555555557366,-1.6999,3.6497
33,CC DChg,270.8555555555504,-1.6999,3.6497
33,CC DChg,270.9555555555562,-1.6999,3.6497
33,CC DChg,271.055555555562,-1.6999,3.6497
33,CC DChg,271.15555555556784,-1.6999,3.6497
33,CC DChg,271.25555555557366,-1.6999,3.6496
33,CC DChg,271.3555555555504,-1.6999,3.6496
33,CC DChg,271.4555555555562,-1.6999,3.6496
33,CC DChg,271.555555555562,-1.6999,3.6496
33,CC DChg,271.65555555556784,-1.6999,3.6495
33,CC DChg,271.75555555557366,-1.6999,3.6495
33,CC DChg,271.8555555555504,-1.6999,3.6495
33,CC DChg,271.9555555555562,-1.6999,3.6495
33,CC DChg,272.055555555562,-1.6999,3.6495
33,CC DChg,272.15555555556784,-1.6999,3.6495
33,CC DChg,272.25555555557366,-1.6999,3.6495
33,CC DChg,272.3555555555504,-1.6999,3.6494
33,CC DChg,272.4555555555562,-1.6999,3.6494
33,CC DChg,272.555555555562,-1.6999,3.6494
33,CC DChg,272.65555555556784,-1.6999,3.6494
33,CC DChg,272.75555555557366,-1.6999,3.6493
33,CC DChg,272.8555555555504,-1.6999,3.6493
33,CC DChg,272.9555555555562,-1.6999,3.6493
33,CC DChg,273.055555555562,-1.6999,3.6493
33,CC DChg,273.15555555556784,-1.6999,3.6493
33,CC DChg,273.25555555557366,-1.6999,3.6493
33,CC DChg,273.3555555555504,-1.6999,3.6493
33,CC DChg,273.4555555555562,-1.6999,3.6493
33,CC DChg,273.555555555562,-1.6999,3.6492
33,CC DChg,273.65555555556784,-1.6999,3.6492
33,CC DChg,273.75555555557366,-1.6999,3.6492
33,CC DChg,273.8555555555504,-1.6999,3.6491
33,CC DChg,273.9555555555562,-1.6999,3.6491
33,CC DChg,274.055555555562,-1.6999,3.6491
33,CC DChg,274.15555555556784,-1.6999,3.6491
33,CC DChg,274.25555555557366,-1.6999,3.6491
33,CC DChg,274.3555555555504,-1.6999,3.6491
33,CC DChg,274.4555555555562,-1.6999,3.6491
33,CC DChg,274.555555555562,-1.6999,3.649
33,CC DChg,274.65555555556784,-1.6999,3.649
33,CC DChg,274.75555555557366,-1.6999,3.649
33,CC DChg,274.8555555555504,-1.6999,3.649
33,CC DChg,274.9555555555562,-1.6999,3.6489
33,CC DChg,275.055555555562,-1.6999,3.6489
33,CC DChg,275.15555555556784,-1.6999,3.6489
33,CC DChg,275.25555555557366,-1.6999,3.6489
33,CC DChg,275.3555555555504,-1.6999,3.6488
33,CC DChg,275.4555555555562,-1.6999,3.6489
33,CC DChg,275.555555555562,-1.6999,3.6488
33,CC DChg,275.65555555556784,-1.6999,3.6488
33,CC DChg,275.75555555557366,-1.6999,3.6488
33,CC DChg,275.8555555555504,-1.6999,3.6488
33,CC DChg,275.9555555555562,-1.6999,3.6487
33,CC DChg,276.055555555562,-1.6999,3.6487
33,CC DChg,276.15555555556784,-1.6999,3.6487
33,CC DChg,276.25555555557366,-1.6999,3.6487
33,CC DChg,276.3555555555504,-1.6999,3.6487
33,CC DChg,276.4555555555562,-1.6999,3.6487
33,CC DChg,276.555555555562,-1.6999,3.6487
33,CC DChg,276.65555555556784,-1.6999,3.6486
33,CC DChg,276.75555555557366,-1.6999,3.6486
33,CC DChg,276.8555555555504,-1.6999,3.6486
33,CC DChg,276.9555555555562,-1.6999,3.6486
33,CC DChg,277.055555555562,-1.6999,3.6485
33,CC DChg,277.15555555556784,-1.6999,3.6485
33,CC DChg,277.25555555557366,-1.6999,3.6485
33,CC DChg,277.3555555555504,-1.6999,3.6485
33,CC DChg,277.4555555555562,-1.6999,3.6485
33,CC DChg,277.555555555562,-1.6999,3.6485
33,CC DChg,277.65555555556784,-1.6999,3.6485
33,CC DChg,277.75555555557366,-1.6999,3.6484
33,CC DChg,277.8555555555504,-1.6999,3.6484
33,CC DChg,277.9555555555562,-1.6999,3.6484
33,CC DChg,278.055555555562,-1.6999,3.6484
33,CC DChg,278.15555555556784,-1.6999,3.6484
33,CC DChg,278.25555555557366,-1.6999,3.6484
33,CC DChg,278.3555555555504,-1.6999,3.6483
33,CC DChg,278.4555555555562,-1.6999,3.6483
33,CC DChg,278.555555555562,-1.6999,3.6482
33,CC DChg,278.65555555556784,-1.6999,3.6483
33,CC DChg,278.75555555557366,-1.6999,3.6482
33,CC DChg,278.8555555555504,-1.6999,3.6482
33,CC DChg,278.9555555555562,-1.6999,3.6482
33,CC DChg,279.055555555562,-1.6999,3.6482
33,CC DChg,279.15555555556784,-1.6999,3.6482
33,CC DChg,279.25555555557366,-1.6999,3.6482
33,CC DChg,279.3555555555504,-1.6999,3.6481
33,CC DChg,279.4555555555562,-1.6999,3.6481
33,CC DChg,279.555555555562,-1.6999,3.6481
33,CC DChg,279.65555555556784,-1.6999,3.6481
33,CC DChg,279.75555555557366,-1.6999,3.6481
33,CC DChg,279.8555555555504,-1.6999,3.648
33,CC DChg,279.9555555555562,-1.6999,3.648
33,CC DChg,280.055555555562,-1.6999,3.648
33,CC DChg,280.15555555556784,-1.6999,3.648
33,CC DChg,280.25555555557366,-1.6999,3.648
33,CC DChg,280.3555555555504,-1.6999,3.6479
33,CC DChg,280.4555555555562,-1.6999,3.6479
33,CC DChg,280.555555555562,-1.6999,3.6479
33,CC DChg,280.65555555556784,-1.6999,3.6479
33,CC DChg,280.75555555557366,-1.6999,3.6479
33,CC DChg,280.8555555555504,-1.6999,3.6478
33,CC DChg,280.9555555555562,-1.6999,3.6478
33,CC DChg,281.055555555562,-1.6999,3.6478
33,CC DChg,281.15555555556784,-1.6999,3.6478
33,CC DChg,281.25555555557366,-1.6999,3.6478
33,CC DChg,281.3555555555504,-1.6999,3.6477
33,CC DChg,281.4555555555562,-1.6999,3.6477
33,CC DChg,281.555555555562,-1.6999,3.6477
33,CC DChg,281.65555555556784,-1.6999,3.6477
33,CC DChg,281.75555555557366,-1.6999,3.6477
33,CC DChg,281.8555555555504,-1.6999,3.6476
33,CC DChg,281.9555555555562,-1.6999,3.6476
33,CC DChg,282.055555555562,-1.6999,3.6477
33,CC DChg,282.15555555556784,-1.6999,3.6476
33,CC DChg,282.25555555557366,-1.6999,3.6476
33,CC DChg,282.3555555555504,-1.6999,3.6476
33,CC DChg,282.4555555555562,-1.6999,3.6476
33,CC DChg,282.555555555562,-1.6999,3.6476
33,CC DChg,282.65555555556784,-1.6999,3.6475
33,CC DChg,282.75555555557366,-1.6999,3.6475
33,CC DChg,282.8555555555504,-1.6999,3.6475
33,CC DChg,282.9555555555562,-1.6999,3.6474
33,CC DChg,283.055555555562,-1.6999,3.6474
33,CC DChg,283.15555555556784,-1.6999,3.6474
33,CC DChg,283.25555555557366,-1.6999,3.6474
33,CC DChg,283.3555555555504,-1.6999,3.6474
33,CC DChg,283.4555555555562,-1.6999,3.6474
33,CC DChg,283.555555555562,-1.6999,3.6473
33,CC DChg,283.65555555556784,-1.6999,3.6473
33,CC DChg,283.75555555557366,-1.6999,3.6473
33,CC DChg,283.8555555555504,-1.6999,3.6473
33,CC DChg,283.9555555555562,-1.6999,3.6472
33,CC DChg,284.055555555562,-1.6999,3.6472
33,CC DChg,284.15555555556784,-1.6999,3.6472
33,CC DChg,284.25555555557366,-1.6999,3.6472
33,CC DChg,284.3555555555504,-1.6999,3.6472
33,CC DChg,284.4555555555562,-1.6999,3.6471
33,CC DChg,284.555555555562,-1.6999,3.6471
33,CC DChg,284.65555555556784,-1.6999,3.6472
33,CC DChg,284.75555555557366,-1.6999,3.6471
33,CC DChg,284.8555555555504,-1.6999,3.6471
33,CC DChg,284.9555555555562,-1.6999,3.6471
33,CC DChg,285.055555555562,-1.6999,3.6471
33,CC DChg,285.15555555556784,-1.6999,3.6471
33,CC DChg,285.25555555557366,-1.6999,3.647
33,CC DChg,285.3555555555504,-1.6999,3.647
33,CC DChg,285.4555555555562,-1.6999,3.647
33,CC DChg,285.555555555562,-1.6999,3.6469
33,CC DChg,285.65555555556784,-1.6999,3.6469
33,CC DChg,285.75555555557366,-1.6999,3.6469
33,CC DChg,285.8555555555504,-1.6999,3.6469
33,CC DChg,285.9555555555562,-1.6999,3.6469
33,CC DChg,286.055555555562,-1.6999,3.6469
33,CC DChg,286.15555555556784,-1.6999,3.6468
33,CC DChg,286.25555555557366,-1.6999,3.6468
33,CC DChg,286.3555555555504,-1.6999,3.6468
33,CC DChg,286.4555555555562,-1.6999,3.6468
33,CC DChg,286.555555555562,-1.6999,3.6468
33,CC DChg,286.65555555556784,-1.6999,3.6467
33,CC DChg,286.75555555557366,-1.6999,3.6467
33,CC DChg,286.8555555555504,-1.6999,3.6467
33,CC DChg,286.9555555555562,-1.6999,3.6467
33,CC DChg,287.055555555562,-1.6999,3.6467
33,CC DChg,287.15555555556784,-1.6999,3.6467
33,CC DChg,287.25555555557366,-1.6999,3.6467
33,CC DChg,287.3555555555504,-1.6999,3.6466
33,CC DChg,287.4555555555562,-1.6999,3.6466
33,CC DChg,287.555555555562,-1.6999,3.6466
33,CC DChg,287.65555555556784,-1.6999,3.6466
33,CC DChg,287.75555555557366,-1.6999,3.6466
33,CC DChg,287.8555555555504,-1.6999,3.6466
33,CC DChg,287.9555555555562,-1.6999,3.6465
33,CC DChg,288.055555555562,-1.6999,3.6465
33,CC DChg,288.15555555556784,-1.6999,3.6464
33,CC DChg,288.25555555557366,-1.6999,3.6464
33,CC DChg,288.3555555555504,-1.6999,3.6464
33,CC DChg,288.4555555555562,-1.6999,3.6464
33,CC DChg,288.555555555562,-1.6999,3.6464
33,CC DChg,288.65555555556784,-1.6999,3.6464
33,CC DChg,288.75555555557366,-1.6999,3.6464
33,CC DChg,288.8555555555504,-1.6999,3.6463
33,CC DChg,288.9555555555562,-1.6999,3.6463
33,CC DChg,289.055555555562,-1.6999,3.6462
33,CC DChg,289.15555555556784,-1.6999,3.6463
33,CC DChg,289.25555555557366,-1.6999,3.6463
33,CC DChg,289.3555555555504,-1.6999,3.6463
33,CC DChg,289.4555555555562,-1.6999,3.6462
33,CC DChg,289.555555555562,-1.6999,3.6462
33,CC DChg,289.65555555556784,-1.6999,3.6462
33,CC DChg,289.75555555557366,-1.6999,3.6462
33,CC DChg,289.8555555555504,-1.6999,3.6462
33,CC DChg,289.9555555555562,-1.6999,3.6461
33,CC DChg,290.055555555562,-1.6999,3.6461
33,CC DChg,290.15555555556784,-1.6999,3.6461
33,CC DChg,290.25555555557366,-1.6999,3.6461
33,CC DChg,290.3555555555504,-1.6999,3.6461
33,CC DChg,290.4555555555562,-1.6999,3.6461
33,CC DChg,290.555555555562,-1.6999,3.646
33,CC DChg,290.65555555556784,-1.6999,3.646
33,CC DChg,290.75555555557366,-1.6999,3.646
33,CC DChg,290.8555555555504,-1.6999,3.6459
33,CC DChg,290.9555555555562,-1.6999,3.6459
33,CC DChg,291.055555555562,-1.6999,3.6459
33,CC DChg,291.15555555556784,-1.6999,3.6459
33,CC DChg,291.25555555557366,-1.6999,3.6459
33,CC DChg,291.3555555555504,-1.6999,3.6459
33,CC DChg,291.4555555555562,-1.6999,3.6458
33,CC DChg,291.555555555562,-1.6999,3.6458
33,CC DChg,291.65555555556784,-1.6999,3.6458
33,CC DChg,291.75555555557366,-1.6999,3.6458
33,CC DChg,291.8555555555504,-1.6999,3.6458
33,CC DChg,291.9555555555562,-1.6999,3.6457
33,CC DChg,292.055555555562,-1.6999,3.6457
33,CC DChg,292.15555555556784,-1.6999,3.6457
33,CC DChg,292.25555555557366,-1.6999,3.6457
33,CC DChg,292.3555555555504,-1.6999,3.6457
33,CC DChg,292.4555555555562,-1.6999,3.6456
33,CC DChg,292.555555555562,-1.6999,3.6456
33,CC DChg,292.65555555556784,-1.6999,3.6456
33,CC DChg,292.75555555557366,-1.6999,3.6456
33,CC DChg,292.8555555555504,-1.6999,3.6456
33,CC DChg,292.9555555555562,-1.6999,3.6456
33,CC DChg,293.055555555562,-1.6999,3.6456
33,CC DChg,293.15555555556784,-1.6999,3.6455
33,CC DChg,293.25555555557366,-1.6999,3.6455
33,CC DChg,293.3555555555504,-1.6999,3.6455
33,CC DChg,293.4555555555562,-1.6999,3.6455
33,CC DChg,293.555555555562,-1.6999,3.6455
33,CC DChg,293.65555555556784,-1.6999,3.6454
33,CC DChg,293.75555555557366,-1.6999,3.6454
33,CC DChg,293.8555555555504,-1.6999,3.6454
33,CC DChg,293.9555555555562,-1.6999,3.6454
33,CC DChg,294.055555555562,-1.6999,3.6454
33,CC DChg,294.15555555556784,-1.6999,3.6453
33,CC DChg,294.25555555557366,-1.6999,3.6453
33,CC DChg,294.3555555555504,-1.6999,3.6453
33,CC DChg,294.4555555555562,-1.6999,3.6453
33,CC DChg,294.555555555562,-1.6999,3.6453
33,CC DChg,294.65555555556784,-1.6999,3.6452
33,CC DChg,294.75555555557366,-1.6999,3.6452
33,CC DChg,294.8555555555504,-1.6999,3.6452
33,CC DChg,294.9555555555562,-1.6999,3.6452
33,CC DChg,295.055555555562,-1.6999,3.6452
33,CC DChg,295.15555555556784,-1.6999,3.6452
33,CC DChg,295.25555555557366,-1.6999,3.6452
33,CC DChg,295.3555555555504,-1.6999,3.6451
33,CC DChg,295.4555555555562,-1.6999,3.6451
33,CC DChg,295.54722222223063,-1.6999,3.6451
33,CC DChg,295.63888888887595,-1.6999,3.6451
33,CC DChg,295.7305555555504,-1.6999,3.6451
33,CC DChg,295.8222222221957,-1.6999,3.645
34,Rest,295.91388888887013,0.0,3.7242
34,Rest,296.00555555557366,0.0,3.7242
34,Rest,296.0972222221899,0.0,3.7247
34,Rest,296.1888888888934,0.0,3.7256
34,Rest,296.28055555556784,0.0,3.7264
34,Rest,296.37222222221317,0.0,3.7269
34,Rest,296.4638888888876,0.0,3.7274
34,Rest,296.56313131315983,0.0,3.7279
34,Rest,296.66237373737385,0.0,3.7283
34,Rest,296.7616161615879,0.0,3.7286
34,Rest,296.8608585858601,0.0,3.7289
34,Rest,296.96010101007414,0.0,3.7293
34,Rest,297.0593434343755,0.0,3.7296
34,Rest,297.1585858585895,0.0,3.7299
34,Rest,297.25782828283263,0.0,3.7301
34,Rest,297.35707070707576,0.0,3.7304
34,Rest,297.4563131313189,0.0,3.7306
34,Rest,297.5562442608061,0.0,3.7309
34,Rest,297.65617539026425,0.0,3.7311
34,Rest,297.7561065197515,0.0,3.7313
34,Rest,297.8560376492387,0.0,3.7315
34,Rest,297.95596877872595,0.0,3.7318
34,Rest,298.0558999082132,0.0,3.732
34,Rest,298.1558310376422,0.0,3.7322
34,Rest,298.25576216715854,0.0,3.7324
34,Rest,298.35569329658756,0.0,3.7326
34,Rest,298.4556244260748,0.0,3.7327
34,Rest,298.5556181651482,0.0,3.7329
34,Rest,298.6556119041634,0.0,3.7331
34,Rest,298.7556056432077,0.0,3.7332
34,Rest,298.85559938225197,0.0,3.7334
34,Rest,298.95559312129626,0.0,3.7336
34,Rest,299.05558686036966,0.0,3.7337
34,Rest,299.15558059941395,0.0,3.7339
34,Rest,299.25557433842914,0.0,3.7341
34,Rest,299.35556807747344,0.0,3.7342
34,Rest,299.45556181651773,0.0,3.7343
34,Rest,299.55556124731083,0.0,3.7345
34,Rest,299.65556067816215,0.0,3.7347
34,Rest,299.75556010901346,0.0,3.7348
34,Rest,299.85555953980656,0.0,3.735
34,Rest,299.9555589706288,0.0,3.7351
34,Rest,300.055558401451,0.0,3.7353
34,Rest,300.1555578322732,0.0,3.7354
34,Rest,300.2555572631245,0.0,3.7355
34,Rest,300.3555566939758,0.0,3.7357
34,Rest,300.4555561247689,0.0,3.7359
34,Rest,300.555556072999,0.0,3.7359
34,Rest,300.65555602125823,0.0,3.7361
34,Rest,300.75555596957565,0.0,3.7362
34,Rest,300.85555591774755,0.0,3.7363
34,Rest,300.95555586603587,0.0,3.7365
34,Rest,301.055555814266,0.0,3.7366
34,Rest,301.1555557625252,0.0,3.7368
34,Rest,301.2555557107553,0.0,3.7369
34,Rest,301.3555556590436,0.0,3.737
34,Rest,301.4555556072737,0.0,3.7371
34,Rest,301.5555556025938,0.0,3.7372
34,Rest,301.6555555978848,0.0,3.7373
34,Rest,301.7555555932049,0.0,3.7374
34,Rest,301.8555555884959,0.0,3.7375
34,Rest,301.955555583816,0.0,3.7377
34,Rest,302.0555555790779,0.0,3.7378
34,Rest,302.1555555743689,0.0,3.7379
34,Rest,302.2555555696599,0.0,3.738
34,Rest,302.3555555650091,0.0,3.7382
34,Rest,302.455555560271,0.0,3.7382
34,Rest,302.5555555598403,0.0,3.7383
34,Rest,302.65555555940955,0.0,3.7385
34,Rest,302.7555555590079,0.0,3.7386
34,Rest,302.8555555585481,0.0,3.7387
34,Rest,302.95555555811734,0.0,3.7388
34,Rest,303.0555555576866,0.0,3.7389
34,Rest,303.15555555725587,0.0,3.739
34,Rest,303.25555555685423,0.0,3.7391
34,Rest,303.3555555564526,0.0,3.7392
34,Rest,303.45555555599276,0.0,3.7393
34,Rest,303.5555555559695,0.0,3.7394
34,Rest,303.6555555559753,0.0,3.7395
34,Rest,303.7555555558647,0.0,3.7396
34,Rest,303.8555555558414,0.0,3.7397
34,Rest,303.95555555578903,0.0,3.7398
34,Rest,304.05555555576575,0.0,3.74
34,Rest,304.15555555568426,0.0,3.74
34,Rest,304.2555555556901,0.0,3.7401
34,Rest,304.3555555556377,0.0,3.7403
34,Rest,304.4555555556144,0.0,3.7404
34,Rest,304.55555555564933,0.0,3.7404
34,Rest,304.65555555559695,0.0,3.7405
34,Rest,304.75555555560277,0.0,3.7406
34,Rest,304.8555555556086,0.0,3.7407
34,Rest,304.9555555555562,0.0,3.7408
34,Rest,305.0555555555911,0.0,3.7409
34,Rest,305.15555555556784,0.0,3.741
34,Rest,305.25555555557366,0.0,3.7411
34,Rest,305.3555555555504,0.0,3.7412
34,Rest,305.4555555555562,0.0,3.7413
34,Rest,305.555555555562,0.0,3.7413
34,Rest,305.65555555556784,0.0,3.7414
34,Rest,305.75555555557366,0.0,3.7415
34,Rest,305.8555555555504,0.0,3.7416
34,Rest,305.9555555555562,0.0,3.7417
34,Rest,306.055555555562,0.0,3.7418
34,Rest,306.15555555556784,0.0,3.7419
34,Rest,306.25555555557366,0.0,3.7419
34,Rest,306.3555555555504,0.0,3.742
34,Rest,306.4555555555562,0.0,3.7421
34,Rest,306.555555555562,0.0,3.7422
34,Rest,306.65555555556784,0.0,3.7423
34,Rest,306.75555555557366,0.0,3.7424
34,Rest,306.8555555555504,0.0,3.7425
34,Rest,306.9555555555562,0.0,3.7426
34,Rest,307.055555555562,0.0,3.7426
34,Rest,307.15555555556784,0.0,3.7427
34,Rest,307.25555555557366,0.0,3.7428
34,Rest,307.3555555555504,0.0,3.7429
34,Rest,307.4555555555562,0.0,3.7429
34,Rest,307.555555555562,0.0,3.743
34,Rest,307.65555555556784,0.0,3.7431
34,Rest,307.75555555557366,0.0,3.7432
34,Rest,307.8555555555504,0.0,3.7433
34,Rest,307.9555555555562,0.0,3.7433
34,Rest,308.055555555562,0.0,3.7434
34,Rest,308.15555555556784,0.0,3.7435
34,Rest,308.25555555557366,0.0,3.7436
34,Rest,308.3555555555504,0.0,3.7437
34,Rest,308.4555555555562,0.0,3.7437
34,Rest,308.555555555562,0.0,3.7438
34,Rest,308.65555555556784,0.0,3.7439
34,Rest,308.75555555557366,0.0,3.744
34,Rest,308.8555555555504,0.0,3.744
34,Rest,308.9555555555562,0.0,3.7441
34,Rest,309.055555555562,0.0,3.7442
34,Rest,309.15555555556784,0.0,3.7443
34,Rest,309.25555555557366,0.0,3.7444
34,Rest,309.3555555555504,0.0,3.7444
34,Rest,309.4555555555562,0.0,3.7445
34,Rest,309.555555555562,0.0,3.7446
34,Rest,309.65555555556784,0.0,3.7446
34,Rest,309.75555555557366,0.0,3.7447
34,Rest,309.8555555555504,0.0,3.7448
34,Rest,309.9555555555562,0.0,3.7448
34,Rest,310.055555555562,0.0,3.7449
34,Rest,310.15555555556784,0.0,3.745
34,Rest,310.25555555557366,0.0,3.745
34,Rest,310.3555555555504,0.0,3.7451
34,Rest,310.4555555555562,0.0,3.7452
34,Rest,310.555555555562,0.0,3.7453
34,Rest,310.65555555556784,0.0,3.7453
34,Rest,310.75555555557366,0.0,3.7454
34,Rest,310.8555555555504,0.0,3.7455
34,Rest,310.9555555555562,0.0,3.7456
34,Rest,311.055555555562,0.0,3.7456
34,Rest,311.15555555556784,0.0,3.7457
34,Rest,311.25555555557366,0.0,3.7457
34,Rest,311.3555555555504,0.0,3.7458
34,Rest,311.4555555555562,0.0,3.7459
34,Rest,311.555555555562,0.0,3.7459
34,Rest,311.65555555556784,0.0,3.746
34,Rest,311.75555555557366,0.0,3.746
34,Rest,311.8555555555504,0.0,3.7461
34,Rest,311.9555555555562,0.0,3.7462
34,Rest,312.055555555562,0.0,3.7463
34,Rest,312.15555555556784,0.0,3.7463
34,Rest,312.25555555557366,0.0,3.7464
34,Rest,312.3555555555504,0.0,3.7465
34,Rest,312.4555555555562,0.0,3.7465
34,Rest,312.555555555562,0.0,3.7466
34,Rest,312.65555555556784,0.0,3.7466
34,Rest,312.75555555557366,0.0,3.7467
34,Rest,312.8555555555504,0.0,3.7468
34,Rest,312.9555555555562,0.0,3.7469
34,Rest,313.055555555562,0.0,3.7469
34,Rest,313.15555555556784,0.0,3.747
34,Rest,313.25555555557366,0.0,3.7471
34,Rest,313.3555555555504,0.0,3.7471
34,Rest,313.4555555555562,0.0,3.7472
34,Rest,313.555555555562,0.0,3.7472
34,Rest,313.65555555556784,0.0,3.7473
34,Rest,313.75555555557366,0.0,3.7474
34,Rest,313.8555555555504,0.0,3.7474
34,Rest,313.9555555555562,0.0,3.7475
34,Rest,314.055555555562,0.0,3.7475
34,Rest,314.15555555556784,0.0,3.7476
34,Rest,314.25555555557366,0.0,3.7477
34,Rest,314.3555555555504,0.0,3.7477
34,Rest,314.4555555555562,0.0,3.7477
34,Rest,314.555555555562,0.0,3.7478
34,Rest,314.65555555556784,0.0,3.7479
34,Rest,314.75555555557366,0.0,3.7479
34,Rest,314.8555555555504,0.0,3.748
34,Rest,314.9555555555562,0.0,3.7481
34,Rest,315.055555555562,0.0,3.7481
34,Rest,315.15555555556784,0.0,3.7482
34,Rest,315.25555555557366,0.0,3.7482
34,Rest,315.3555555555504,0.0,3.7483
34,Rest,315.4555555555562,0.0,3.7483
34,Rest,315.555555555562,0.0,3.7484
34,Rest,315.65555555556784,0.0,3.7485
34,Rest,315.75555555557366,0.0,3.7485
34,Rest,315.8555555555504,0.0,3.7486
34,Rest,315.9555555555562,0.0,3.7487
34,Rest,316.055555555562,0.0,3.7488
34,Rest,316.15555555556784,0.0,3.7488
34,Rest,316.25555555557366,0.0,3.7488
34,Rest,316.3555555555504,0.0,3.7489
34,Rest,316.4555555555562,0.0,3.749
34,Rest,316.555555555562,0.0,3.749
34,Rest,316.65555555556784,0.0,3.749
34,Rest,316.75555555557366,0.0,3.7491
34,Rest,316.8555555555504,0.0,3.7492
34,Rest,316.9555555555562,0.0,3.7492
34,Rest,317.055555555562,0.0,3.7493
34,Rest,317.15555555556784,0.0,3.7493
34,Rest,317.25555555557366,0.0,3.7494
34,Rest,317.3555555555504,0.0,3.7494
34,Rest,317.4555555555562,0.0,3.7495
34,Rest,317.555555555562,0.0,3.7495
34,Rest,317.65555555556784,0.0,3.7496
34,Rest,317.75555555557366,0.0,3.7496
34,Rest,317.8555555555504,0.0,3.7497
34,Rest,317.9555555555562,0.0,3.7498
34,Rest,318.055555555562,0.0,3.7498
34,Rest,318.15555555556784,0.0,3.7499
34,Rest,318.25555555557366,0.0,3.7499
34,Rest,318.3555555555504,0.0,3.75
34,Rest,318.4555555555562,0.0,3.75
34,Rest,318.555555555562,0.0,3.7501
34,Rest,318.65555555556784,0.0,3.7501
34,Rest,318.75555555557366,0.0,3.7502
34,Rest,318.8555555555504,0.0,3.7503
34,Rest,318.9555555555562,0.0,3.7503
34,Rest,319.055555555562,0.0,3.7504
34,Rest,319.15555555556784,0.0,3.7504
34,Rest,319.25555555557366,0.0,3.7505
34,Rest,319.3555555555504,0.0,3.7505
34,Rest,319.4555555555562,0.0,3.7506
34,Rest,319.555555555562,0.0,3.7506
34,Rest,319.65555555556784,0.0,3.7507
34,Rest,319.75555555557366,0.0,3.7507
34,Rest,319.8555555555504,0.0,3.7508
34,Rest,319.9555555555562,0.0,3.7508
34,Rest,320.055555555562,0.0,3.7509
34,Rest,320.15555555556784,0.0,3.7509
34,Rest,320.25555555557366,0.0,3.751
34,Rest,320.3555555555504,0.0,3.751
34,Rest,320.4555555555562,0.0,3.7511
34,Rest,320.555555555562,0.0,3.7511
34,Rest,320.65555555556784,0.0,3.7512
34,Rest,320.75555555557366,0.0,3.7512
34,Rest,320.8555555555504,0.0,3.7513
34,Rest,320.9555555555562,0.0,3.7513
34,Rest,321.055555555562,0.0,3.7514
34,Rest,321.15555555556784,0.0,3.7514
34,Rest,321.25555555557366,0.0,3.7514
34,Rest,321.3555555555504,0.0,3.7515
34,Rest,321.4555555555562,0.0,3.7516
34,Rest,321.555555555562,0.0,3.7516
34,Rest,321.65555555556784,0.0,3.7517
34,Rest,321.75555555557366,0.0,3.7517
34,Rest,321.8555555555504,0.0,3.7518
34,Rest,321.9555555555562,0.0,3.7518
34,Rest,322.055555555562,0.0,3.7519
34,Rest,322.15555555556784,0.0,3.7519
34,Rest,322.25555555557366,0.0,3.752
34,Rest,322.3555555555504,0.0,3.752
34,Rest,322.4555555555562,0.0,3.752
34,Rest,322.555555555562,0.0,3.7521
34,Rest,322.65555555556784,0.0,3.7522
34,Rest,322.75555555557366,0.0,3.7522
34,Rest,322.8555555555504,0.0,3.7522
34,Rest,322.9555555555562,0.0,3.7523
34,Rest,323.055555555562,0.0,3.7523
34,Rest,323.15555555556784,0.0,3.7523
34,Rest,323.25555555557366,0.0,3.7524
34,Rest,323.3555555555504,0.0,3.7525
34,Rest,323.4555555555562,0.0,3.7525
34,Rest,323.555555555562,0.0,3.7525
34,Rest,323.65555555556784,0.0,3.7525
34,Rest,323.75555555557366,0.0,3.7526
34,Rest,323.8555555555504,0.0,3.7527
34,Rest,323.9555555555562,0.0,3.7527
34,Rest,324.055555555562,0.0,3.7528
34,Rest,324.15555555556784,0.0,3.7528
34,Rest,324.25555555557366,0.0,3.7528
34,Rest,324.3555555555504,0.0,3.7529
34,Rest,324.4555555555562,0.0,3.753
34,Rest,324.555555555562,0.0,3.753
34,Rest,324.65555555556784,0.0,3.753
34,Rest,324.75555555557366,0.0,3.7531
34,Rest,324.8555555555504,0.0,3.7531
34,Rest,324.9555555555562,0.0,3.7532
34,Rest,325.055555555562,0.0,3.7532
34,Rest,325.15555555556784,0.0,3.7532
34,Rest,325.25555555557366,0.0,3.7533
34,Rest,325.3555555555504,0.0,3.7533
34,Rest,325.4555555555562,0.0,3.7534
34,Rest,325.555555555562,0.0,3.7534
34,Rest,325.65555555556784,0.0,3.7534
34,Rest,325.75555555557366,0.0,3.7535
34,Rest,325.8555555555504,0.0,3.7535
34,Rest,325.9555555555562,0.0,3.7536
34,Rest,326.055555555562,0.0,3.7536
34,Rest,326.15555555556784,0.0,3.7536
34,Rest,326.25555555557366,0.0,3.7537
34,Rest,326.3555555555504,0.0,3.7537
34,Rest,326.4555555555562,0.0,3.7538
34,Rest,326.555555555562,0.0,3.7538
34,Rest,326.65555555556784,0.0,3.7538
34,Rest,326.75555555557366,0.0,3.7539
34,Rest,326.8555555555504,0.0,3.7539
34,Rest,326.9555555555562,0.0,3.7539
34,Rest,327.055555555562,0.0,3.754
34,Rest,327.15555555556784,0.0,3.7541
34,Rest,327.25555555557366,0.0,3.7541
34,Rest,327.3555555555504,0.0,3.7541
34,Rest,327.4555555555562,0.0,3.7542
34,Rest,327.555555555562,0.0,3.7542
34,Rest,327.65555555556784,0.0,3.7542
34,Rest,327.75555555557366,0.0,3.7543
34,Rest,327.8555555555504,0.0,3.7543
34,Rest,327.9555555555562,0.0,3.7544
34,Rest,328.055555555562,0.0,3.7544
34,Rest,328.15555555556784,0.0,3.7544
34,Rest,328.25555555557366,0.0,3.7544
34,Rest,328.3555555555504,0.0,3.7545
34,Rest,328.4555555555562,0.0,3.7545
34,Rest,328.555555555562,0.0,3.7546
34,Rest,328.65555555556784,0.0,3.7546
34,Rest,328.75555555557366,0.0,3.7547
34,Rest,328.8555555555504,0.0,3.7547
34,Rest,328.9555555555562,0.0,3.7547
34,Rest,329.055555555562,0.0,3.7548
34,Rest,329.15555555556784,0.0,3.7548
34,Rest,329.25555555557366,0.0,3.7549
34,Rest,329.3555555555504,0.0,3.7549
34,Rest,329.4555555555562,0.0,3.7549
34,Rest,329.555555555562,0.0,3.755
34,Rest,329.65555555556784,0.0,3.7551
34,Rest,329.75555555557366,0.0,3.7551
34,Rest,329.8555555555504,0.0,3.7551
34,Rest,329.9555555555562,0.0,3.7551
34,Rest,330.055555555562,0.0,3.7552
34,Rest,330.15555555556784,0.0,3.7552
34,Rest,330.25555555557366,0.0,3.7552
34,Rest,330.3555555555504,0.0,3.7553
34,Rest,330.4555555555562,0.0,3.7553
34,Rest,330.555555555562,0.0,3.7554
34,Rest,330.65555555556784,0.0,3.7554
34,Rest,330.75555555557366,0.0,3.7554
34,Rest,330.8555555555504,0.0,3.7555
34,Rest,330.9555555555562,0.0,3.7555
34,Rest,331.055555555562,0.0,3.7555
34,Rest,331.15555555556784,0.0,3.7556
34,Rest,331.25555555557366,0.0,3.7556
34,Rest,331.3555555555504,0.0,3.7556
34,Rest,331.4555555555562,0.0,3.7556
34,Rest,331.555555555562,0.0,3.7557
34,Rest,331.65555555556784,0.0,3.7557
34,Rest,331.75555555557366,0.0,3.7558
34,Rest,331.8555555555504,0.0,3.7558
34,Rest,331.9555555555562,0.0,3.7559
34,Rest,332.055555555562,0.0,3.7559
34,Rest,332.15555555556784,0.0,3.7559
34,Rest,332.25555555557366,0.0,3.7559
34,Rest,332.3555555555504,0.0,3.756
34,Rest,332.4555555555562,0.0,3.756
34,Rest,332.555555555562,0.0,3.756
34,Rest,332.65555555556784,0.0,3.756
34,Rest,332.75555555557366,0.0,3.7561
34,Rest,332.8555555555504,0.0,3.7561
34,Rest,332.9555555555562,0.0,3.7561
34,Rest,333.055555555562,0.0,3.7562
34,Rest,333.15555555556784,0.0,3.7562
34,Rest,333.25555555557366,0.0,3.7562
34,Rest,333.3555555555504,0.0,3.7563
34,Rest,333.4555555555562,0.0,3.7563
34,Rest,333.555555555562,0.0,3.7564
34,Rest,333.65555555556784,0.0,3.7564
34,Rest,333.75555555557366,0.0,3.7564
34,Rest,333.8555555555504,0.0,3.7565
34,Rest,333.9555555555562,0.0,3.7565
34,Rest,334.055555555562,0.0,3.7565
34,Rest,334.15555555556784,0.0,3.7566
34,Rest,334.25555555557366,0.0,3.7566
34,Rest,334.3555555555504,0.0,3.7566
34,Rest,334.4555555555562,0.0,3.7567
34,Rest,334.555555555562,0.0,3.7567
34,Rest,334.65555555556784,0.0,3.7567
34,Rest,334.75555555557366,0.0,3.7567
34,Rest,334.8555555555504,0.0,3.7568
34,Rest,334.9555555555562,0.0,3.7568
34,Rest,335.055555555562,0.0,3.7569
34,Rest,335.15555555556784,0.0,3.7569
34,Rest,335.25555555557366,0.0,3.757
34,Rest,335.3555555555504,0.0,3.757
34,Rest,335.4555555555562,0.0,3.757
34,Rest,335.555555555562,0.0,3.757
34,Rest,335.65555555556784,0.0,3.757
34,Rest,335.75555555557366,0.0,3.7571
34,Rest,335.8555555555504,0.0,3.7571
34,Rest,335.9555555555562,0.0,3.7571
34,Rest,336.055555555562,0.0,3.7572
34,Rest,336.15555555556784,0.0,3.7572
34,Rest,336.25555555557366,0.0,3.7572
34,Rest,336.3555555555504,0.0,3.7573
34,Rest,336.4555555555562,0.0,3.7573
34,Rest,336.555555555562,0.0,3.7573
34,Rest,336.65555555556784,0.0,3.7573
34,Rest,336.75555555557366,0.0,3.7574
34,Rest,336.8555555555504,0.0,3.7574
34,Rest,336.9555555555562,0.0,3.7574
34,Rest,337.055555555562,0.0,3.7575
34,Rest,337.15555555556784,0.0,3.7575
34,Rest,337.25555555557366,0.0,3.7575
34,Rest,337.3555555555504,0.0,3.7576
34,Rest,337.4555555555562,0.0,3.7576
34,Rest,337.555555555562,0.0,3.7576
34,Rest,337.65555555556784,0.0,3.7577
34,Rest,337.75555555557366,0.0,3.7577
34,Rest,337.8555555555504,0.0,3.7577
34,Rest,337.9555555555562,0.0,3.7578
34,Rest,338.055555555562,0.0,3.7578
34,Rest,338.15555555556784,0.0,3.7578
34,Rest,338.25555555557366,0.0,3.7578
34,Rest,338.3555555555504,0.0,3.7579
34,Rest,338.4555555555562,0.0,3.7579
34,Rest,338.555555555562,0.0,3.758
34,Rest,338.65555555556784,0.0,3.758
34,Rest,338.75555555557366,0.0,3.758
34,Rest,338.8555555555504,0.0,3.758
34,Rest,338.9555555555562,0.0,3.758
34,Rest,339.055555555562,0.0,3.7581
34,Rest,339.15555555556784,0.0,3.7581
34,Rest,339.25555555557366,0.0,3.7581
34,Rest,339.3555555555504,0.0,3.7582
34,Rest,339.4555555555562,0.0,3.7582
34,Rest,339.555555555562,0.0,3.7582
34,Rest,339.65555555556784,0.0,3.7583
34,Rest,339.75555555557366,0.0,3.7583
34,Rest,339.8555555555504,0.0,3.7583
34,Rest,339.9555555555562,0.0,3.7584
34,Rest,340.055555555562,0.0,3.7584
34,Rest,340.15555555556784,0.0,3.7584
34,Rest,340.25555555557366,0.0,3.7584
34,Rest,340.3555555555504,0.0,3.7585
34,Rest,340.4555555555562,0.0,3.7585
34,Rest,340.555555555562,0.0,3.7585
34,Rest,340.65555555556784,0.0,3.7585
34,Rest,340.75555555557366,0.0,3.7586
34,Rest,340.8555555555504,0.0,3.7586
34,Rest,340.9555555555562,0.0,3.7586
34,Rest,341.055555555562,0.0,3.7586
34,Rest,341.15555555556784,0.0,3.7587
34,Rest,341.25555555557366,0.0,3.7587
34,Rest,341.3555555555504,0.0,3.7587
34,Rest,341.4555555555562,0.0,3.7588
34,Rest,341.555555555562,0.0,3.7588
34,Rest,341.65555555556784,0.0,3.7588
34,Rest,341.75555555557366,0.0,3.7588
34,Rest,341.8555555555504,0.0,3.7589
34,Rest,341.9555555555562,0.0,3.7589
34,Rest,342.055555555562,0.0,3.7589
34,Rest,342.15555555556784,0.0,3.759
34,Rest,342.25555555557366,0.0,3.759
34,Rest,342.3555555555504,0.0,3.759
34,Rest,342.4555555555562,0.0,3.759
34,Rest,342.555555555562,0.0,3.7591
34,Rest,342.65555555556784,0.0,3.7591
34,Rest,342.75555555557366,0.0,3.7591
34,Rest,342.8555555555504,0.0,3.7591
34,Rest,342.9555555555562,0.0,3.7592
34,Rest,343.055555555562,0.0,3.7592
34,Rest,343.15555555556784,0.0,3.7592
34,Rest,343.25555555557366,0.0,3.7592
34,Rest,343.3555555555504,0.0,3.7593
34,Rest,343.4555555555562,0.0,3.7593
34,Rest,343.555555555562,0.0,3.7593
34,Rest,343.65555555556784,0.0,3.7593
34,Rest,343.75555555557366,0.0,3.7593
34,Rest,343.8555555555504,0.0,3.7594
34,Rest,343.9555555555562,0.0,3.7594
34,Rest,344.055555555562,0.0,3.7594
34,Rest,344.15555555556784,0.0,3.7595
34,Rest,344.25555555557366,0.0,3.7595
34,Rest,344.3555555555504,0.0,3.7595
34,Rest,344.4555555555562,0.0,3.7596
34,Rest,344.555555555562,0.0,3.7596
34,Rest,344.65555555556784,0.0,3.7596
34,Rest,344.75555555557366,0.0,3.7596
34,Rest,344.8555555555504,0.0,3.7597
34,Rest,344.9555555555562,0.0,3.7597
34,Rest,345.055555555562,0.0,3.7597
34,Rest,345.15555555556784,0.0,3.7598
34,Rest,345.25555555557366,0.0,3.7598
34,Rest,345.3555555555504,0.0,3.7598
34,Rest,345.4555555555562,0.0,3.7598
34,Rest,345.555555555562,0.0,3.7598
34,Rest,345.65555555556784,0.0,3.7599
34,Rest,345.75555555557366,0.0,3.7599
34,Rest,345.8555555555504,0.0,3.7599
34,Rest,345.9555555555562,0.0,3.7599
34,Rest,346.055555555562,0.0,3.76
34,Rest,346.15555555556784,0.0,3.76
34,Rest,346.25555555557366,0.0,3.76
34,Rest,346.3555555555504,0.0,3.7601
34,Rest,346.4555555555562,0.0,3.7601
34,Rest,346.555555555562,0.0,3.7601
34,Rest,346.65555555556784,0.0,3.7602
34,Rest,346.75555555557366,0.0,3.7601
34,Rest,346.8555555555504,0.0,3.7602
34,Rest,346.9555555555562,0.0,3.7602
34,Rest,347.055555555562,0.0,3.7602
34,Rest,347.15555555556784,0.0,3.7603
34,Rest,347.25555555557366,0.0,3.7603
34,Rest,347.3555555555504,0.0,3.7603
34,Rest,347.4555555555562,0.0,3.7603
34,Rest,347.555555555562,0.0,3.7603
34,Rest,347.65555555556784,0.0,3.7604
34,Rest,347.75555555557366,0.0,3.7604
34,Rest,347.8555555555504,0.0,3.7604
34,Rest,347.9555555555562,0.0,3.7604
34,Rest,348.055555555562,0.0,3.7605
34,Rest,348.15555555556784,0.0,3.7605
34,Rest,348.25555555557366,0.0,3.7605
34,Rest,348.3555555555504,0.0,3.7605
34,Rest,348.4555555555562,0.0,3.7605
34,Rest,348.555555555562,0.0,3.7606
34,Rest,348.65555555556784,0.0,3.7606
34,Rest,348.75555555557366,0.0,3.7606
34,Rest,348.8555555555504,0.0,3.7606
34,Rest,348.9555555555562,0.0,3.7606
34,Rest,349.055555555562,0.0,3.7606
34,Rest,349.15555555556784,0.0,3.7607
34,Rest,349.25555555557366,0.0,3.7607
34,Rest,349.3555555555504,0.0,3.7608
34,Rest,349.4555555555562,0.0,3.7608
34,Rest,349.555555555562,0.0,3.7608
34,Rest,349.65555555556784,0.0,3.7608
34,Rest,349.75555555557366,0.0,3.7609
34,Rest,349.8555555555504,0.0,3.7609
34,Rest,349.9555555555562,0.0,3.7609
34,Rest,350.055555555562,0.0,3.7609
34,Rest,350.15555555556784,0.0,3.761
34,Rest,350.25555555557366,0.0,3.761
34,Rest,350.3555555555504,0.0,3.761
34,Rest,350.4555555555562,0.0,3.761
34,Rest,350.555555555562,0.0,3.761
34,Rest,350.65555555556784,0.0,3.761
34,Rest,350.75555555557366,0.0,3.7611
34,Rest,350.8555555555504,0.0,3.7611
34,Rest,350.9555555555562,0.0,3.7611
34,Rest,351.055555555562,0.0,3.7612
34,Rest,351.15555555556784,0.0,3.7612
34,Rest,351.25555555557366,0.0,3.7612
34,Rest,351.3555555555504,0.0,3.7612
34,Rest,351.4555555555562,0.0,3.7612
34,Rest,351.555555555562,0.0,3.7612
34,Rest,351.65555555556784,0.0,3.7612
34,Rest,351.75555555557366,0.0,3.7613
34,Rest,351.8555555555504,0.0,3.7613
34,Rest,351.9555555555562,0.0,3.7613
34,Rest,352.055555555562,0.0,3.7613
34,Rest,352.15555555556784,0.0,3.7614
34,Rest,352.25555555557366,0.0,3.7614
34,Rest,352.3555555555504,0.0,3.7614
34,Rest,352.4555555555562,0.0,3.7614
34,Rest,352.555555555562,0.0,3.7614
34,Rest,352.65555555556784,0.0,3.7615
34,Rest,352.75555555557366,0.0,3.7615
34,Rest,352.8555555555504,0.0,3.7616
34,Rest,352.9555555555562,0.0,3.7616
34,Rest,353.055555555562,0.0,3.7616
34,Rest,353.15555555556784,0.0,3.7616
34,Rest,353.25555555557366,0.0,3.7616
34,Rest,353.3555555555504,0.0,3.7616
34,Rest,353.4555555555562,0.0,3.7616
34,Rest,353.555555555562,0.0,3.7617
34,Rest,353.65555555556784,0.0,3.7617
34,Rest,353.75555555557366,0.0,3.7617
34,Rest,353.8555555555504,0.0,3.7617
34,Rest,353.9555555555562,0.0,3.7618
34,Rest,354.055555555562,0.0,3.7618
34,Rest,354.15555555556784,0.0,3.7618
34,Rest,354.25555555557366,0.0,3.7618
34,Rest,354.3555555555504,0.0,3.7618
34,Rest,354.4555555555562,0.0,3.7618
34,Rest,354.555555555562,0.0,3.7618
34,Rest,354.65555555556784,0.0,3.7619
34,Rest,354.75555555557366,0.0,3.7619
34,Rest,354.8555555555504,0.0,3.7619
34,Rest,354.9555555555562,0.0,3.7619
34,Rest,355.055555555562,0.0,3.7619
34,Rest,355.15555555556784,0.0,3.762
34,Rest,355.25555555557366,0.0,3.762
34,Rest,355.3555555555504,0.0,3.7621
34,Rest,355.4555555555562,0.0,3.762
34,Rest,355.555555555562,0.0,3.762
34,Rest,355.65555555556784,0.0,3.7621
34,Rest,355.75555555557366,0.0,3.7621
34,Rest,355.8555555555504,0.0,3.7621
34,Rest,355.9555555555562,0.0,3.7621
34,Rest,356.055555555562,0.0,3.7622
34,Rest,356.15555555556784,0.0,3.7622
34,Rest,356.25555555557366,0.0,3.7622
34,Rest,356.3555555555504,0.0,3.7622
34,Rest,356.4555555555562,0.0,3.7622
34,Rest,356.555555555562,0.0,3.7622
34,Rest,356.65555555556784,0.0,3.7623
34,Rest,356.75555555557366,0.0,3.7623
34,Rest,356.8555555555504,0.0,3.7623
34,Rest,356.9555555555562,0.0,3.7623
34,Rest,357.055555555562,0.0,3.7623
34,Rest,357.15555555556784,0.0,3.7623
34,Rest,357.25555555557366,0.0,3.7623
34,Rest,357.3555555555504,0.0,3.7623
34,Rest,357.4555555555562,0.0,3.7624
34,Rest,357.555555555562,0.0,3.7624
34,Rest,357.65555555556784,0.0,3.7624
34,Rest,357.75555555557366,0.0,3.7625
34,Rest,357.8555555555504,0.0,3.7625
34,Rest,357.9555555555562,0.0,3.7625
34,Rest,358.055555555562,0.0,3.7625
34,Rest,358.15555555556784,0.0,3.7625
34,Rest,358.25555555557366,0.0,3.7625
34,Rest,358.3555555555504,0.0,3.7626
34,Rest,358.4555555555562,0.0,3.7626
34,Rest,358.555555555562,0.0,3.7626
34,Rest,358.65555555556784,0.0,3.7626
34,Rest,358.75555555557366,0.0,3.7626
34,Rest,358.8555555555504,0.0,3.7626
34,Rest,358.9555555555562,0.0,3.7627
34,Rest,359.055555555562,0.0,3.7627
34,Rest,359.15555555556784,0.0,3.7627
34,Rest,359.25555555557366,0.0,3.7627
34,Rest,359.3555555555504,0.0,3.7627
34,Rest,359.4555555555562,0.0,3.7627
34,Rest,359.555555555562,0.0,3.7627
34,Rest,359.65555555556784,0.0,3.7627
34,Rest,359.75555555557366,0.0,3.7627
34,Rest,359.8555555555504,0.0,3.7627
34,Rest,359.9555555555562,0.0,3.7628
34,Rest,360.055555555562,0.0,3.7628
34,Rest,360.15555555556784,0.0,3.7628
34,Rest,360.25555555557366,0.0,3.7628
34,Rest,360.3555555555504,0.0,3.7629
34,Rest,360.4555555555562,0.0,3.7628
34,Rest,360.555555555562,0.0,3.7629
34,Rest,360.65555555556784,0.0,3.7629
34,Rest,360.75555555557366,0.0,3.7629
34,Rest,360.8555555555504,0.0,3.7629
34,Rest,360.9555555555562,0.0,3.763
34,Rest,361.055555555562,0.0,3.763
34,Rest,361.15555555556784,0.0,3.763
34,Rest,361.25555555557366,0.0,3.763
34,Rest,361.3555555555504,0.0,3.763
34,Rest,361.4555555555562,0.0,3.763
34,Rest,361.555555555562,0.0,3.7631
34,Rest,361.65555555556784,0.0,3.7631
34,Rest,361.75555555557366,0.0,3.7631
34,Rest,361.8555555555504,0.0,3.7631
34,Rest,361.9555555555562,0.0,3.7631
34,Rest,362.055555555562,0.0,3.7632
34,Rest,362.15555555556784,0.0,3.7632
34,Rest,362.25555555557366,0.0,3.7632
34,Rest,362.3555555555504,0.0,3.7632
34,Rest,362.4555555555562,0.0,3.7632
34,Rest,362.555555555562,0.0,3.7632
34,Rest,362.65555555556784,0.0,3.7632
34,Rest,362.75555555557366,0.0,3.7633
34,Rest,362.8555555555504,0.0,3.7633
34,Rest,362.9555555555562,0.0,3.7633
34,Rest,363.055555555562,0.0,3.7633
34,Rest,363.15555555556784,0.0,3.7633
34,Rest,363.25555555557366,0.0,3.7633
34,Rest,363.3555555555504,0.0,3.7633
34,Rest,363.4555555555562,0.0,3.7634
34,Rest,363.555555555562,0.0,3.7634
34,Rest,363.65555555556784,0.0,3.7634
34,Rest,363.75555555557366,0.0,3.7634
34,Rest,363.8555555555504,0.0,3.7634
34,Rest,363.9555555555562,0.0,3.7634
34,Rest,364.055555555562,0.0,3.7634
34,Rest,364.15555555556784,0.0,3.7634
34,Rest,364.25555555557366,0.0,3.7635
34,Rest,364.3555555555504,0.0,3.7635
34,Rest,364.4555555555562,0.0,3.7635
34,Rest,364.555555555562,0.0,3.7635
34,Rest,364.65555555556784,0.0,3.7636
34,Rest,364.75555555557366,0.0,3.7636
34,Rest,364.8555555555504,0.0,3.7636
34,Rest,364.9555555555562,0.0,3.7636
34,Rest,365.055555555562,0.0,3.7636
34,Rest,365.15555555556784,0.0,3.7637
34,Rest,365.25555555557366,0.0,3.7637
34,Rest,365.3555555555504,0.0,3.7637
34,Rest,365.4555555555562,0.0,3.7637
34,Rest,365.555555555562,0.0,3.7637
34,Rest,365.65555555556784,0.0,3.7637
34,Rest,365.75555555557366,0.0,3.7637
34,Rest,365.8555555555504,0.0,3.7638
34,Rest,365.9555555555562,0.0,3.7638
34,Rest,366.055555555562,0.0,3.7638
34,Rest,366.15555555556784,0.0,3.7638
34,Rest,366.25555555557366,0.0,3.7638
34,Rest,366.3555555555504,0.0,3.7638
34,Rest,366.4555555555562,0.0,3.7638
34,Rest,366.555555555562,0.0,3.7639
34,Rest,366.65555555556784,0.0,3.7639
34,Rest,366.75555555557366,0.0,3.7639
34,Rest,366.8555555555504,0.0,3.7639
34,Rest,366.9555555555562,0.0,3.7639
34,Rest,367.055555555562,0.0,3.764
34,Rest,367.15555555556784,0.0,3.764
34,Rest,367.25555555557366,0.0,3.764
34,Rest,367.3555555555504,0.0,3.764
34,Rest,367.4555555555562,0.0,3.764
34,Rest,367.555555555562,0.0,3.764
34,Rest,367.65555555556784,0.0,3.764
34,Rest,367.75555555557366,0.0,3.7641
34,Rest,367.8555555555504,0.0,3.7641
34,Rest,367.9555555555562,0.0,3.7641
34,Rest,368.055555555562,0.0,3.7641
34,Rest,368.15555555556784,0.0,3.7641
34,Rest,368.25555555557366,0.0,3.7641
34,Rest,368.3555555555504,0.0,3.7641
34,Rest,368.4555555555562,0.0,3.7642
34,Rest,368.555555555562,0.0,3.7642
34,Rest,368.65555555556784,0.0,3.7642
34,Rest,368.75555555557366,0.0,3.7642
34,Rest,368.8555555555504,0.0,3.7642
34,Rest,368.9555555555562,0.0,3.7642
34,Rest,369.055555555562,0.0,3.7642
34,Rest,369.15555555556784,0.0,3.7643
34,Rest,369.25555555557366,0.0,3.7643
34,Rest,369.3555555555504,0.0,3.7643
34,Rest,369.4555555555562,0.0,3.7643
34,Rest,369.555555555562,0.0,3.7643
34,Rest,369.65555555556784,0.0,3.7644
34,Rest,369.75555555557366,0.0,3.7644
34,Rest,369.8555555555504,0.0,3.7644
34,Rest,369.9555555555562,0.0,3.7644
34,Rest,370.055555555562,0.0,3.7644
34,Rest,370.15555555556784,0.0,3.7644
34,Rest,370.25555555557366,0.0,3.7644
34,Rest,370.3555555555504,0.0,3.7644
34,Rest,370.4555555555562,0.0,3.7644
34,Rest,370.555555555562,0.0,3.7645
34,Rest,370.65555555556784,0.0,3.7645
34,Rest,370.75555555557366,0.0,3.7645
34,Rest,370.8555555555504,0.0,3.7645
34,Rest,370.9555555555562,0.0,3.7645
34,Rest,371.055555555562,0.0,3.7645
34,Rest,371.15555555556784,0.0,3.7646
34,Rest,371.25555555557366,0.0,3.7646
34,Rest,371.3555555555504,0.0,3.7646
34,Rest,371.4555555555562,0.0,3.7646
34,Rest,371.555555555562,0.0,3.7646
34,Rest,371.65555555556784,0.0,3.7646
34,Rest,371.75555555557366,0.0,3.7646
34,Rest,371.8555555555504,0.0,3.7647
34,Rest,371.9555555555562,0.0,3.7647
34,Rest,372.055555555562,0.0,3.7647
34,Rest,372.15555555556784,0.0,3.7647
34,Rest,372.25555555557366,0.0,3.7647
34,Rest,372.3555555555504,0.0,3.7647
34,Rest,372.4555555555562,0.0,3.7647
34,Rest,372.555555555562,0.0,3.7647
34,Rest,372.65555555556784,0.0,3.7648
34,Rest,372.75555555557366,0.0,3.7648
34,Rest,372.8555555555504,0.0,3.7648
34,Rest,372.9555555555562,0.0,3.7648
34,Rest,373.055555555562,0.0,3.7648
34,Rest,373.15555555556784,0.0,3.7648
34,Rest,373.25555555557366,0.0,3.7648
34,Rest,373.3555555555504,0.0,3.7649
34,Rest,373.4555555555562,0.0,3.7649
34,Rest,373.555555555562,0.0,3.7649
34,Rest,373.65555555556784,0.0,3.7649
34,Rest,373.75555555557366,0.0,3.7649
34,Rest,373.8555555555504,0.0,3.7649
34,Rest,373.9555555555562,0.0,3.7649
34,Rest,374.055555555562,0.0,3.7649
34,Rest,374.15555555556784,0.0,3.7649
34,Rest,374.25555555557366,0.0,3.765
34,Rest,374.3555555555504,0.0,3.765
34,Rest,374.4555555555562,0.0,3.765
34,Rest,374.555555555562,0.0,3.765
34,Rest,374.65555555556784,0.0,3.765
34,Rest,374.75555555557366,0.0,3.765
34,Rest,374.8555555555504,0.0,3.765
34,Rest,374.9555555555562,0.0,3.765
34,Rest,375.055555555562,0.0,3.765
34,Rest,375.15555555556784,0.0,3.765
34,Rest,375.25555555557366,0.0,3.7651
34,Rest,375.3555555555504,0.0,3.7651
34,Rest,375.4555555555562,0.0,3.7651
34,Rest,375.555555555562,0.0,3.7651
34,Rest,375.65555555556784,0.0,3.7652
34,Rest,375.75555555557366,0.0,3.7652
34,Rest,375.8555555555504,0.0,3.7652
34,Rest,375.9555555555562,0.0,3.7652
34,Rest,376.055555555562,0.0,3.7652
34,Rest,376.15555555556784,0.0,3.7652
34,Rest,376.25555555557366,0.0,3.7652
34,Rest,376.3555555555504,0.0,3.7652
34,Rest,376.4555555555562,0.0,3.7652
34,Rest,376.555555555562,0.0,3.7652
34,Rest,376.65555555556784,0.0,3.7652
34,Rest,376.75555555557366,0.0,3.7652
34,Rest,376.8555555555504,0.0,3.7653
34,Rest,376.9555555555562,0.0,3.7653
34,Rest,377.055555555562,0.0,3.7653
34,Rest,377.15555555556784,0.0,3.7653
34,Rest,377.25555555557366,0.0,3.7653
34,Rest,377.3555555555504,0.0,3.7653
34,Rest,377.4555555555562,0.0,3.7654
34,Rest,377.555555555562,0.0,3.7653
34,Rest,377.65555555556784,0.0,3.7654
34,Rest,377.75555555557366,0.0,3.7654
34,Rest,377.8555555555504,0.0,3.7654
34,Rest,377.9555555555562,0.0,3.7654
34,Rest,378.055555555562,0.0,3.7655
34,Rest,378.15555555556784,0.0,3.7655
34,Rest,378.25555555557366,0.0,3.7654
34,Rest,378.3555555555504,0.0,3.7654
34,Rest,378.4555555555562,0.0,3.7654
34,Rest,378.555555555562,0.0,3.7655
34,Rest,378.65555555556784,0.0,3.7655
34,Rest,378.75555555557366,0.0,3.7655
34,Rest,378.8555555555504,0.0,3.7655
34,Rest,378.9555555555562,0.0,3.7655
34,Rest,379.055555555562,0.0,3.7655
34,Rest,379.15555555556784,0.0,3.7656
34,Rest,379.25555555557366,0.0,3.7656
34,Rest,379.3555555555504,0.0,3.7656
34,Rest,379.4555555555562,0.0,3.7656
34,Rest,379.555555555562,0.0,3.7656
34,Rest,379.65555555556784,0.0,3.7656
34,Rest,379.75555555557366,0.0,3.7656
34,Rest,379.8555555555504,0.0,3.7656
34,Rest,379.9555555555562,0.0,3.7656
34,Rest,380.055555555562,0.0,3.7657
34,Rest,380.15555555556784,0.0,3.7657
34,Rest,380.25555555557366,0.0,3.7657
34,Rest,380.3555555555504,0.0,3.7657
34,Rest,380.4555555555562,0.0,3.7657
34,Rest,380.555555555562,0.0,3.7658
34,Rest,380.65555555556784,0.0,3.7658
34,Rest,380.75555555557366,0.0,3.7658
34,Rest,380.8555555555504,0.0,3.7658
34,Rest,380.9555555555562,0.0,3.7658
34,Rest,381.055555555562,0.0,3.7658
34,Rest,381.15555555556784,0.0,3.7658
34,Rest,381.25555555557366,0.0,3.7658
34,Rest,381.3555555555504,0.0,3.7658
34,Rest,381.4555555555562,0.0,3.7658
34,Rest,381.555555555562,0.0,3.7659
34,Rest,381.65555555556784,0.0,3.7659
34,Rest,381.75555555557366,0.0,3.7659
34,Rest,381.8555555555504,0.0,3.7659
34,Rest,381.9555555555562,0.0,3.7659
34,Rest,382.055555555562,0.0,3.7659
34,Rest,382.15555555556784,0.0,3.7659
34,Rest,382.25555555557366,0.0,3.7659
34,Rest,382.3555555555504,0.0,3.7659
34,Rest,382.4555555555562,0.0,3.766
34,Rest,382.555555555562,0.0,3.766
34,Rest,382.65555555556784,0.0,3.766
34,Rest,382.75555555557366,0.0,3.766
34,Rest,382.8555555555504,0.0,3.766
34,Rest,382.9555555555562,0.0,3.766
34,Rest,383.055555555562,0.0,3.7661
34,Rest,383.15555555556784,0.0,3.766
34,Rest,383.25555555557366,0.0,3.766
34,Rest,383.3555555555504,0.0,3.7661
34,Rest,383.4555555555562,0.0,3.7661
34,Rest,383.555555555562,0.0,3.7661
34,Rest,383.65555555556784,0.0,3.7661
34,Rest,383.75555555557366,0.0,3.7661
34,Rest,383.8555555555504,0.0,3.7661
34,Rest,383.9555555555562,0.0,3.7661
34,Rest,384.055555555562,0.0,3.7661
34,Rest,384.15555555556784,0.0,3.7661
34,Rest,384.25555555557366,0.0,3.7662
34,Rest,384.3555555555504,0.0,3.7662
34,Rest,384.4555555555562,0.0,3.7662
34,Rest,384.555555555562,0.0,3.7662
34,Rest,384.65555555556784,0.0,3.7662
34,Rest,384.75555555557366,0.0,3.7662
34,Rest,384.8555555555504,0.0,3.7662
34,Rest,384.9555555555562,0.0,3.7662
34,Rest,385.055555555562,0.0,3.7662
34,Rest,385.15555555556784,0.0,3.7662
34,Rest,385.25555555557366,0.0,3.7662
34,Rest,385.3555555555504,0.0,3.7662
34,Rest,385.4555555555562,0.0,3.7663
34,Rest,385.555555555562,0.0,3.7663
34,Rest,385.65555555556784,0.0,3.7663
34,Rest,385.75555555557366,0.0,3.7663
34,Rest,385.8555555555504,0.0,3.7663
34,Rest,385.9555555555562,0.0,3.7663
34,Rest,386.055555555562,0.0,3.7663
34,Rest,386.15555555556784,0.0,3.7663
34,Rest,386.25555555557366,0.0,3.7664
34,Rest,386.3555555555504,0.0,3.7663
34,Rest,386.4555555555562,0.0,3.7663
34,Rest,386.555555555562,0.0,3.7664
34,Rest,386.65555555556784,0.0,3.7664
34,Rest,386.75555555557366,0.0,3.7664
34,Rest,386.8555555555504,0.0,3.7664
34,Rest,386.9555555555562,0.0,3.7664
34,Rest,387.055555555562,0.0,3.7665
34,Rest,387.15555555556784,0.0,3.7665
34,Rest,387.25555555557366,0.0,3.7665
34,Rest,387.3555555555504,0.0,3.7665
34,Rest,387.4555555555562,0.0,3.7665
34,Rest,387.555555555562,0.0,3.7665
34,Rest,387.65555555556784,0.0,3.7665
34,Rest,387.75555555557366,0.0,3.7665
34,Rest,387.8555555555504,0.0,3.7665
34,Rest,387.9555555555562,0.0,3.7665
34,Rest,388.055555555562,0.0,3.7665
34,Rest,388.15555555556784,0.0,3.7666
34,Rest,388.25555555557366,0.0,3.7666
34,Rest,388.3555555555504,0.0,3.7666
34,Rest,388.4555555555562,0.0,3.7666
34,Rest,388.555555555562,0.0,3.7666
34,Rest,388.65555555556784,0.0,3.7666
34,Rest,388.75555555557366,0.0,3.7666
34,Rest,388.8555555555504,0.0,3.7666
34,Rest,388.9555555555562,0.0,3.7666
34,Rest,389.055555555562,0.0,3.7667
34,Rest,389.15555555556784,0.0,3.7667
34,Rest,389.25555555557366,0.0,3.7667
34,Rest,389.3555555555504,0.0,3.7667
34,Rest,389.4555555555562,0.0,3.7667
34,Rest,389.555555555562,0.0,3.7667
34,Rest,389.65555555556784,0.0,3.7667
34,Rest,389.75555555557366,0.0,3.7667
34,Rest,389.8555555555504,0.0,3.7667
34,Rest,389.9555555555562,0.0,3.7667
34,Rest,390.055555555562,0.0,3.7667
34,Rest,390.15555555556784,0.0,3.7668
34,Rest,390.25555555557366,0.0,3.7668
34,Rest,390.3555555555504,0.0,3.7668
34,Rest,390.4555555555562,0.0,3.7668
34,Rest,390.555555555562,0.0,3.7668
34,Rest,390.65555555556784,0.0,3.7668
34,Rest,390.75555555557366,0.0,3.7668
34,Rest,390.8555555555504,0.0,3.7668
34,Rest,390.9555555555562,0.0,3.7668
34,Rest,391.055555555562,0.0,3.7668
34,Rest,391.15555555556784,0.0,3.7668
34,Rest,391.25555555557366,0.0,3.7668
34,Rest,391.3555555555504,0.0,3.7669
34,Rest,391.4555555555562,0.0,3.7669
34,Rest,391.555555555562,0.0,3.7669
34,Rest,391.65555555556784,0.0,3.7669
34,Rest,391.75555555557366,0.0,3.7669
34,Rest,391.8555555555504,0.0,3.7669
34,Rest,391.9555555555562,0.0,3.7669
34,Rest,392.055555555562,0.0,3.7669
34,Rest,392.15555555556784,0.0,3.7669
34,Rest,392.25555555557366,0.0,3.7669
34,Rest,392.3555555555504,0.0,3.7669
34,Rest,392.4555555555562,0.0,3.7669
34,Rest,392.555555555562,0.0,3.7669
34,Rest,392.65555555556784,0.0,3.7669
34,Rest,392.75555555557366,0.0,3.767
34,Rest,392.8555555555504,0.0,3.767
34,Rest,392.9555555555562,0.0,3.767
34,Rest,393.055555555562,0.0,3.767
34,Rest,393.15555555556784,0.0,3.767
34,Rest,393.25555555557366,0.0,3.767
34,Rest,393.3555555555504,0.0,3.7671
34,Rest,393.4555555555562,0.0,3.7671
34,Rest,393.555555555562,0.0,3.767
34,Rest,393.65555555556784,0.0,3.767
34,Rest,393.75555555557366,0.0,3.7671
34,Rest,393.8555555555504,0.0,3.7671
34,Rest,393.9555555555562,0.0,3.7671
34,Rest,394.055555555562,0.0,3.7671
34,Rest,394.15555555556784,0.0,3.7671
34,Rest,394.25555555557366,0.0,3.7671
34,Rest,394.3555555555504,0.0,3.7671
34,Rest,394.4555555555562,0.0,3.7672
34,Rest,394.555555555562,0.0,3.7672
34,Rest,394.65555555556784,0.0,3.7671
34,Rest,394.75555555557366,0.0,3.7672
34,Rest,394.8555555555504,0.0,3.7672
34,Rest,394.9555555555562,0.0,3.7672
34,Rest,395.055555555562,0.0,3.7672
34,Rest,395.15555555556784,0.0,3.7672
34,Rest,395.25555555557366,0.0,3.7672
34,Rest,395.3555555555504,0.0,3.7672
34,Rest,395.4555555555562,0.0,3.7672
34,Rest,395.555555555562,0.0,3.7672
34,Rest,395.65555555556784,0.0,3.7672
34,Rest,395.75555555557366,0.0,3.7672
34,Rest,395.8555555555504,0.0,3.7673
34,Rest,395.9555555555562,0.0,3.7673
34,Rest,396.055555555562,0.0,3.7673
34,Rest,396.15555555556784,0.0,3.7673
34,Rest,396.25555555557366,0.0,3.7674
34,Rest,396.3555555555504,0.0,3.7673
34,Rest,396.4555555555562,0.0,3.7673
34,Rest,396.555555555562,0.0,3.7673
34,Rest,396.65555555556784,0.0,3.7673
34,Rest,396.75555555557366,0.0,3.7673
34,Rest,396.8555555555504,0.0,3.7674
34,Rest,396.9555555555562,0.0,3.7674
34,Rest,397.055555555562,0.0,3.7673
34,Rest,397.15555555556784,0.0,3.7674
34,Rest,397.25555555557366,0.0,3.7674
34,Rest,397.3555555555504,0.0,3.7674
34,Rest,397.4555555555562,0.0,3.7674
34,Rest,397.555555555562,0.0,3.7674
34,Rest,397.65555555556784,0.0,3.7674
34,Rest,397.75555555557366,0.0,3.7674
34,Rest,397.8555555555504,0.0,3.7674
34,Rest,397.9555555555562,0.0,3.7675
34,Rest,398.055555555562,0.0,3.7675
34,Rest,398.15555555556784,0.0,3.7675
34,Rest,398.25555555557366,0.0,3.7675
34,Rest,398.3555555555504,0.0,3.7675
34,Rest,398.4555555555562,0.0,3.7675
34,Rest,398.555555555562,0.0,3.7675
34,Rest,398.65555555556784,0.0,3.7675
34,Rest,398.75555555557366,0.0,3.7675
34,Rest,398.8555555555504,0.0,3.7675
34,Rest,398.9555555555562,0.0,3.7675
34,Rest,399.055555555562,0.0,3.7675
34,Rest,399.15555555556784,0.0,3.7676
34,Rest,399.25555555557366,0.0,3.7676
34,Rest,399.3555555555504,0.0,3.7676
34,Rest,399.4555555555562,0.0,3.7676
34,Rest,399.555555555562,0.0,3.7676
34,Rest,399.65555555556784,0.0,3.7676
34,Rest,399.75555555557366,0.0,3.7676
34,Rest,399.8555555555504,0.0,3.7676
34,Rest,399.9555555555562,0.0,3.7676
34,Rest,400.055555555562,0.0,3.7676
34,Rest,400.15555555556784,0.0,3.7677
34,Rest,400.25555555557366,0.0,3.7677
34,Rest,400.3555555555504,0.0,3.7676
34,Rest,400.4555555555562,0.0,3.7677
34,Rest,400.555555555562,0.0,3.7677
34,Rest,400.65555555556784,0.0,3.7677
34,Rest,400.75555555557366,0.0,3.7677
34,Rest,400.8555555555504,0.0,3.7677
34,Rest,400.9555555555562,0.0,3.7677
34,Rest,401.055555555562,0.0,3.7677
34,Rest,401.15555555556784,0.0,3.7677
34,Rest,401.25555555557366,0.0,3.7677
34,Rest,401.3555555555504,0.0,3.7677
34,Rest,401.4555555555562,0.0,3.7677
34,Rest,401.555555555562,0.0,3.7677
34,Rest,401.65555555556784,0.0,3.7677
34,Rest,401.75555555557366,0.0,3.7677
34,Rest,401.8555555555504,0.0,3.7678
34,Rest,401.9555555555562,0.0,3.7678
34,Rest,402.055555555562,0.0,3.7678
34,Rest,402.15555555556784,0.0,3.7678
34,Rest,402.25555555557366,0.0,3.7678
34,Rest,402.3555555555504,0.0,3.7678
34,Rest,402.4555555555562,0.0,3.7678
34,Rest,402.555555555562,0.0,3.7678
34,Rest,402.65555555556784,0.0,3.7678
34,Rest,402.75555555557366,0.0,3.7678
34,Rest,402.8555555555504,0.0,3.7678
34,Rest,402.9555555555562,0.0,3.7678
34,Rest,403.055555555562,0.0,3.7678
34,Rest,403.15555555556784,0.0,3.7678
34,Rest,403.25555555557366,0.0,3.7678
34,Rest,403.3555555555504,0.0,3.7678
34,Rest,403.4555555555562,0.0,3.7678
34,Rest,403.555555555562,0.0,3.7678
34,Rest,403.65555555556784,0.0,3.7678
34,Rest,403.75555555557366,0.0,3.7679
34,Rest,403.8555555555504,0.0,3.7679
34,Rest,403.9555555555562,0.0,3.7679
34,Rest,404.055555555562,0.0,3.7679
34,Rest,404.15555555556784,0.0,3.7679
34,Rest,404.25555555557366,0.0,3.7679
34,Rest,404.3555555555504,0.0,3.7679
34,Rest,404.4555555555562,0.0,3.7679
34,Rest,404.555555555562,0.0,3.7679
34,Rest,404.65555555556784,0.0,3.7679
34,Rest,404.75555555557366,0.0,3.7679
34,Rest,404.8555555555504,0.0,3.7679
34,Rest,404.9555555555562,0.0,3.7679
34,Rest,405.055555555562,0.0,3.7679
34,Rest,405.15555555556784,0.0,3.768
34,Rest,405.25555555557366,0.0,3.7679
34,Rest,405.3555555555504,0.0,3.768
34,Rest,405.4555555555562,0.0,3.768
34,Rest,405.555555555562,0.0,3.768
34,Rest,405.65555555556784,0.0,3.768
34,Rest,405.75555555557366,0.0,3.768
34,Rest,405.8555555555504,0.0,3.768
34,Rest,405.9555555555562,0.0,3.768
34,Rest,406.055555555562,0.0,3.768
34,Rest,406.15555555556784,0.0,3.768
34,Rest,406.25555555557366,0.0,3.768
34,Rest,406.3555555555504,0.0,3.768
34,Rest,406.4555555555562,0.0,3.7681
34,Rest,406.555555555562,0.0,3.7681
34,Rest,406.65555555556784,0.0,3.7681
34,Rest,406.75555555557366,0.0,3.7681
34,Rest,406.8555555555504,0.0,3.7681
34,Rest,406.9555555555562,0.0,3.7681
34,Rest,407.055555555562,0.0,3.7681
34,Rest,407.15555555556784,0.0,3.7681
34,Rest,407.25555555557366,0.0,3.7681
34,Rest,407.3555555555504,0.0,3.7681
34,Rest,407.4555555555562,0.0,3.7681
34,Rest,407.555555555562,0.0,3.7681
34,Rest,407.65555555556784,0.0,3.7681
34,Rest,407.75555555557366,0.0,3.7682
34,Rest,407.8555555555504,0.0,3.7681
34,Rest,407.9555555555562,0.0,3.7681
34,Rest,408.055555555562,0.0,3.7682
34,Rest,408.15555555556784,0.0,3.7682
34,Rest,408.25555555557366,0.0,3.7682
34,Rest,408.3555555555504,0.0,3.7682
34,Rest,408.4555555555562,0.0,3.7682
34,Rest,408.555555555562,0.0,3.7682
34,Rest,408.65555555556784,0.0,3.7682
34,Rest,408.75555555557366,0.0,3.7682
34,Rest,408.8555555555504,0.0,3.7682
34,Rest,408.9555555555562,0.0,3.7682
34,Rest,409.055555555562,0.0,3.7682
34,Rest,409.15555555556784,0.0,3.7682
34,Rest,409.25555555557366,0.0,3.7682
34,Rest,409.3555555555504,0.0,3.7683
34,Rest,409.4555555555562,0.0,3.7683
34,Rest,409.555555555562,0.0,3.7683
34,Rest,409.65555555556784,0.0,3.7683
34,Rest,409.75555555557366,0.0,3.7683
34,Rest,409.8555555555504,0.0,3.7683
34,Rest,409.9555555555562,0.0,3.7684
34,Rest,410.055555555562,0.0,3.7683
34,Rest,410.15555555556784,0.0,3.7683
34,Rest,410.25555555557366,0.0,3.7683
34,Rest,410.3555555555504,0.0,3.7683
34,Rest,410.4555555555562,0.0,3.7684
34,Rest,410.555555555562,0.0,3.7684
34,Rest,410.65555555556784,0.0,3.7684
34,Rest,410.75555555557366,0.0,3.7684
34,Rest,410.8555555555504,0.0,3.7684
34,Rest,410.9555555555562,0.0,3.7684
34,Rest,411.055555555562,0.0,3.7684
34,Rest,411.15555555556784,0.0,3.7684
34,Rest,411.25555555557366,0.0,3.7684
34,Rest,411.3555555555504,0.0,3.7684
34,Rest,411.4555555555562,0.0,3.7684
34,Rest,411.555555555562,0.0,3.7684
34,Rest,411.65555555556784,0.0,3.7684
34,Rest,411.75555555557366,0.0,3.7685
34,Rest,411.8555555555504,0.0,3.7685
34,Rest,411.9555555555562,0.0,3.7685
34,Rest,412.055555555562,0.0,3.7685
34,Rest,412.15555555556784,0.0,3.7685
34,Rest,412.25555555557366,0.0,3.7685
34,Rest,412.3555555555504,0.0,3.7685
34,Rest,412.4555555555562,0.0,3.7685
34,Rest,412.555555555562,0.0,3.7685
34,Rest,412.65555555556784,0.0,3.7685
34,Rest,412.75555555557366,0.0,3.7685
34,Rest,412.8555555555504,0.0,3.7685
34,Rest,412.9555555555562,0.0,3.7686
34,Rest,413.055555555562,0.0,3.7686
34,Rest,413.15555555556784,0.0,3.7686
34,Rest,413.25555555557366,0.0,3.7686
34,Rest,413.3555555555504,0.0,3.7686
34,Rest,413.4555555555562,0.0,3.7686
34,Rest,413.555555555562,0.0,3.7686
34,Rest,413.65555555556784,0.0,3.7686
34,Rest,413.75555555557366,0.0,3.7686
34,Rest,413.8555555555504,0.0,3.7686
34,Rest,413.9555555555562,0.0,3.7686
34,Rest,414.055555555562,0.0,3.7686
34,Rest,414.15555555556784,0.0,3.7686
34,Rest,414.25555555557366,0.0,3.7686
34,Rest,414.3555555555504,0.0,3.7687
34,Rest,414.4555555555562,0.0,3.7687
34,Rest,414.555555555562,0.0,3.7686
34,Rest,414.65555555556784,0.0,3.7686
34,Rest,414.75555555557366,0.0,3.7687
34,Rest,414.8555555555504,0.0,3.7686
34,Rest,414.9555555555562,0.0,3.7686
34,Rest,415.055555555562,0.0,3.7687
34,Rest,415.15555555556784,0.0,3.7687
34,Rest,415.25555555557366,0.0,3.7687
34,Rest,415.3555555555504,0.0,3.7687
34,Rest,415.4555555555562,0.0,3.7687
34,Rest,415.555555555562,0.0,3.7687
34,Rest,415.65555555556784,0.0,3.7687
34,Rest,415.75555555557366,0.0,3.7687
34,Rest,415.8555555555504,0.0,3.7687
34,Rest,415.9555555555562,0.0,3.7687
34,Rest,416.055555555562,0.0,3.7687
34,Rest,416.15555555556784,0.0,3.7688
34,Rest,416.25555555557366,0.0,3.7688
34,Rest,416.3555555555504,0.0,3.7688
34,Rest,416.4555555555562,0.0,3.7688
34,Rest,416.555555555562,0.0,3.7688
34,Rest,416.65555555556784,0.0,3.7688
34,Rest,416.75555555557366,0.0,3.7688
34,Rest,416.8555555555504,0.0,3.7688
34,Rest,416.9555555555562,0.0,3.7688
34,Rest,417.055555555562,0.0,3.7688
34,Rest,417.15555555556784,0.0,3.7688
34,Rest,417.25555555557366,0.0,3.7688
34,Rest,417.3555555555504,0.0,3.7688
34,Rest,417.4555555555562,0.0,3.7688
34,Rest,417.555555555562,0.0,3.7688
34,Rest,417.65555555556784,0.0,3.7688
34,Rest,417.75555555557366,0.0,3.7689
34,Rest,417.8555555555504,0.0,3.7689
34,Rest,417.9555555555562,0.0,3.7689
34,Rest,418.055555555562,0.0,3.7689
34,Rest,418.15555555556784,0.0,3.7689
34,Rest,418.25555555557366,0.0,3.7689
34,Rest,418.3555555555504,0.0,3.7689
34,Rest,418.4555555555562,0.0,3.7689
34,Rest,418.555555555562,0.0,3.7689
34,Rest,418.65555555556784,0.0,3.7689
34,Rest,418.75555555557366,0.0,3.7689
34,Rest,418.8555555555504,0.0,3.7689
34,Rest,418.9555555555562,0.0,3.769
34,Rest,419.055555555562,0.0,3.769
34,Rest,419.15555555556784,0.0,3.7689
34,Rest,419.25555555557366,0.0,3.7689
34,Rest,419.3555555555504,0.0,3.769
34,Rest,419.4555555555562,0.0,3.7689
34,Rest,419.555555555562,0.0,3.769
34,Rest,419.65555555556784,0.0,3.769
34,Rest,419.75555555557366,0.0,3.769
34,Rest,419.8555555555504,0.0,3.769
34,Rest,419.9555555555562,0.0,3.769
34,Rest,420.055555555562,0.0,3.769
34,Rest,420.15555555556784,0.0,3.769
34,Rest,420.25555555557366,0.0,3.769
34,Rest,420.3555555555504,0.0,3.7691
34,Rest,420.4555555555562,0.0,3.7691
34,Rest,420.555555555562,0.0,3.769
34,Rest,420.65555555556784,0.0,3.7691
34,Rest,420.75555555557366,0.0,3.7691
34,Rest,420.8555555555504,0.0,3.769
34,Rest,420.9555555555562,0.0,3.7691
34,Rest,421.055555555562,0.0,3.7691
34,Rest,421.15555555556784,0.0,3.7691
34,Rest,421.25555555557366,0.0,3.7691
34,Rest,421.3555555555504,0.0,3.7691
34,Rest,421.4555555555562,0.0,3.7691
34,Rest,421.555555555562,0.0,3.7691
34,Rest,421.65555555556784,0.0,3.7691
34,Rest,421.75555555557366,0.0,3.7691
34,Rest,421.8555555555504,0.0,3.7691
34,Rest,421.9555555555562,0.0,3.7691
34,Rest,422.055555555562,0.0,3.7691
34,Rest,422.15555555556784,0.0,3.7691
34,Rest,422.25555555557366,0.0,3.7691
34,Rest,422.3555555555504,0.0,3.7691
34,Rest,422.4555555555562,0.0,3.7692
34,Rest,422.555555555562,0.0,3.7692
34,Rest,422.65555555556784,0.0,3.7692
34,Rest,422.75555555557366,0.0,3.7692
34,Rest,422.8555555555504,0.0,3.7692
34,Rest,422.9555555555562,0.0,3.7692
34,Rest,423.055555555562,0.0,3.7692
34,Rest,423.15555555556784,0.0,3.7692
34,Rest,423.25555555557366,0.0,3.7692
34,Rest,423.3555555555504,0.0,3.7692
34,Rest,423.4555555555562,0.0,3.7692
34,Rest,423.555555555562,0.0,3.7692
34,Rest,423.65555555556784,0.0,3.7692
34,Rest,423.75555555557366,0.0,3.7692
34,Rest,423.8555555555504,0.0,3.7692
34,Rest,423.9555555555562,0.0,3.7693
34,Rest,424.055555555562,0.0,3.7693
34,Rest,424.15555555556784,0.0,3.7693
34,Rest,424.25555555557366,0.0,3.7692
34,Rest,424.3555555555504,0.0,3.7693
34,Rest,424.4555555555562,0.0,3.7693
34,Rest,424.555555555562,0.0,3.7693
34,Rest,424.65555555556784,0.0,3.7693
34,Rest,424.75555555557366,0.0,3.7693
34,Rest,424.8555555555504,0.0,3.7693
34,Rest,424.9555555555562,0.0,3.7693
34,Rest,425.055555555562,0.0,3.7693
34,Rest,425.15555555556784,0.0,3.7693
34,Rest,425.25555555557366,0.0,3.7693
34,Rest,425.3555555555504,0.0,3.7693
34,Rest,425.4555555555562,0.0,3.7693
34,Rest,425.555555555562,0.0,3.7693
34,Rest,425.65555555556784,0.0,3.7693
34,Rest,425.75555555557366,0.0,3.7693
34,Rest,425.8555555555504,0.0,3.7693
34,Rest,425.9555555555562,0.0,3.7693
34,Rest,426.055555555562,0.0,3.7693
34,Rest,426.15555555556784,0.0,3.7693
34,Rest,426.25555555557366,0.0,3.7694
34,Rest,426.3555555555504,0.0,3.7694
34,Rest,426.4555555555562,0.0,3.7694
34,Rest,426.555555555562,0.0,3.7694
34,Rest,426.65555555556784,0.0,3.7693
34,Rest,426.75555555557366,0.0,3.7694
34,Rest,426.8555555555504,0.0,3.7694
34,Rest,426.9555555555562,0.0,3.7694
34,Rest,427.055555555562,0.0,3.7694
34,Rest,427.15555555556784,0.0,3.7694
34,Rest,427.25555555557366,0.0,3.7694
34,Rest,427.3555555555504,0.0,3.7694
34,Rest,427.4555555555562,0.0,3.7694
34,Rest,427.555555555562,0.0,3.7694
34,Rest,427.65555555556784,0.0,3.7694
34,Rest,427.75555555557366,0.0,3.7694
34,Rest,427.8555555555504,0.0,3.7694
34,Rest,427.9555555555562,0.0,3.7695
34,Rest,428.055555555562,0.0,3.7695
34,Rest,428.15555555556784,0.0,3.7695
34,Rest,428.25555555557366,0.0,3.7695
34,Rest,428.3555555555504,0.0,3.7694
34,Rest,428.4555555555562,0.0,3.7695
34,Rest,428.555555555562,0.0,3.7695
34,Rest,428.65555555556784,0.0,3.7695
34,Rest,428.75555555557366,0.0,3.7695
34,Rest,428.8555555555504,0.0,3.7695
34,Rest,428.9555555555562,0.0,3.7695
34,Rest,429.055555555562,0.0,3.7695
34,Rest,429.15555555556784,0.0,3.7695
34,Rest,429.25555555557366,0.0,3.7695
34,Rest,429.3555555555504,0.0,3.7696
34,Rest,429.4555555555562,0.0,3.7695
34,Rest,429.555555555562,0.0,3.7695
34,Rest,429.65555555556784,0.0,3.7696
34,Rest,429.75555555557366,0.0,3.7696
34,Rest,429.8555555555504,0.0,3.7696
34,Rest,429.9555555555562,0.0,3.7696
34,Rest,430.055555555562,0.0,3.7696
34,Rest,430.15555555556784,0.0,3.7695
34,Rest,430.25555555557366,0.0,3.7695
34,Rest,430.3555555555504,0.0,3.7696
34,Rest,430.4555555555562,0.0,3.7696
34,Rest,430.555555555562,0.0,3.7696
34,Rest,430.65555555556784,0.0,3.7696
34,Rest,430.75555555557366,0.0,3.7696
34,Rest,430.8555555555504,0.0,3.7696
34,Rest,430.9555555555562,0.0,3.7696
34,Rest,431.055555555562,0.0,3.7696
34,Rest,431.15555555556784,0.0,3.7696
34,Rest,431.25555555557366,0.0,3.7696
34,Rest,431.3555555555504,0.0,3.7696
34,Rest,431.4555555555562,0.0,3.7696
34,Rest,431.555555555562,0.0,3.7697
34,Rest,431.65555555556784,0.0,3.7696
34,Rest,431.75555555557366,0.0,3.7696
34,Rest,431.8555555555504,0.0,3.7697
34,Rest,431.9555555555562,0.0,3.7697
34,Rest,432.055555555562,0.0,3.7697
34,Rest,432.15555555556784,0.0,3.7697
34,Rest,432.25555555557366,0.0,3.7697
34,Rest,432.3555555555504,0.0,3.7697
34,Rest,432.4555555555562,0.0,3.7697
34,Rest,432.555555555562,0.0,3.7697
34,Rest,432.65555555556784,0.0,3.7697
34,Rest,432.75555555557366,0.0,3.7697
34,Rest,432.8555555555504,0.0,3.7697
34,Rest,432.9555555555562,0.0,3.7697
34,Rest,433.055555555562,0.0,3.7697
34,Rest,433.15555555556784,0.0,3.7697
34,Rest,433.25555555557366,0.0,3.7697
34,Rest,433.3555555555504,0.0,3.7698
34,Rest,433.4555555555562,0.0,3.7698
34,Rest,433.555555555562,0.0,3.7698
34,Rest,433.65555555556784,0.0,3.7698
34,Rest,433.75555555557366,0.0,3.7698
34,Rest,433.8555555555504,0.0,3.7698
34,Rest,433.9555555555562,0.0,3.7698
34,Rest,434.055555555562,0.0,3.7698
34,Rest,434.15555555556784,0.0,3.7698
34,Rest,434.25555555557366,0.0,3.7698
34,Rest,434.3555555555504,0.0,3.7698
34,Rest,434.4555555555562,0.0,3.7698
34,Rest,434.555555555562,0.0,3.7698
34,Rest,434.65555555556784,0.0,3.7698
34,Rest,434.75555555557366,0.0,3.7698
34,Rest,434.8555555555504,0.0,3.7698
34,Rest,434.9555555555562,0.0,3.7698
34,Rest,435.055555555562,0.0,3.7698
34,Rest,435.15555555556784,0.0,3.7698
34,Rest,435.25555555557366,0.0,3.7699
34,Rest,435.3555555555504,0.0,3.7699
34,Rest,435.4555555555562,0.0,3.7699
34,Rest,435.555555555562,0.0,3.7699
34,Rest,435.65555555556784,0.0,3.7699
34,Rest,435.75555555557366,0.0,3.7699
34,Rest,435.8555555555504,0.0,3.7699
34,Rest,435.9555555555562,0.0,3.7699
34,Rest,436.055555555562,0.0,3.7699
34,Rest,436.15555555556784,0.0,3.7699
34,Rest,436.25555555557366,0.0,3.7699
34,Rest,436.3555555555504,0.0,3.7699
34,Rest,436.4555555555562,0.0,3.7699
34,Rest,436.555555555562,0.0,3.77
34,Rest,436.65555555556784,0.0,3.7699
34,Rest,436.75555555557366,0.0,3.7699
34,Rest,436.8555555555504,0.0,3.77
34,Rest,436.9555555555562,0.0,3.77
34,Rest,437.055555555562,0.0,3.77
34,Rest,437.15555555556784,0.0,3.77
34,Rest,437.25555555557366,0.0,3.77
34,Rest,437.3555555555504,0.0,3.77
34,Rest,437.4555555555562,0.0,3.77
34,Rest,437.555555555562,0.0,3.77
34,Rest,437.65555555556784,0.0,3.77
34,Rest,437.75555555557366,0.0,3.77
34,Rest,437.8555555555504,0.0,3.77
34,Rest,437.9555555555562,0.0,3.77
34,Rest,438.055555555562,0.0,3.77
34,Rest,438.15555555556784,0.0,3.77
34,Rest,438.25555555557366,0.0,3.77
34,Rest,438.3555555555504,0.0,3.7701
34,Rest,438.4555555555562,0.0,3.7701
34,Rest,438.555555555562,0.0,3.7701
34,Rest,438.65555555556784,0.0,3.77
34,Rest,438.75555555557366,0.0,3.77
34,Rest,438.8555555555504,0.0,3.7701
34,Rest,438.9555555555562,0.0,3.7701
34,Rest,439.055555555562,0.0,3.7701
34,Rest,439.15555555556784,0.0,3.7701
34,Rest,439.25555555557366,0.0,3.7701
34,Rest,439.3555555555504,0.0,3.7701
34,Rest,439.4555555555562,0.0,3.7701
34,Rest,439.555555555562,0.0,3.7701
34,Rest,439.65555555556784,0.0,3.7701
34,Rest,439.75555555557366,0.0,3.7701
34,Rest,439.8555555555504,0.0,3.7701
34,Rest,439.9555555555562,0.0,3.7701
34,Rest,440.055555555562,0.0,3.7701
34,Rest,440.15555555556784,0.0,3.7701
34,Rest,440.25555555557366,0.0,3.7701
34,Rest,440.3555555555504,0.0,3.7702
34,Rest,440.4555555555562,0.0,3.7702
34,Rest,440.555555555562,0.0,3.7701
34,Rest,440.65555555556784,0.0,3.7701
34,Rest,440.75555555557366,0.0,3.7701
34,Rest,440.8555555555504,0.0,3.7701
34,Rest,440.9555555555562,0.0,3.7702
34,Rest,441.055555555562,0.0,3.7702
34,Rest,441.15555555556784,0.0,3.7702
34,Rest,441.25555555557366,0.0,3.7702
34,Rest,441.3555555555504,0.0,3.7702
34,Rest,441.4555555555562,0.0,3.7702
34,Rest,441.555555555562,0.0,3.7702
34,Rest,441.65555555556784,0.0,3.7702
34,Rest,441.75555555557366,0.0,3.7702
34,Rest,441.8555555555504,0.0,3.7702
34,Rest,441.9555555555562,0.0,3.7702
34,Rest,442.055555555562,0.0,3.7702
34,Rest,442.15555555556784,0.0,3.7702
34,Rest,442.25555555557366,0.0,3.7702
34,Rest,442.3555555555504,0.0,3.7702
34,Rest,442.4555555555562,0.0,3.7702
34,Rest,442.555555555562,0.0,3.7702
34,Rest,442.65555555556784,0.0,3.7702
34,Rest,442.75555555557366,0.0,3.7702
34,Rest,442.8555555555504,0.0,3.7703
34,Rest,442.9555555555562,0.0,3.7703
34,Rest,443.055555555562,0.0,3.7702
34,Rest,443.15555555556784,0.0,3.7702
34,Rest,443.25555555557366,0.0,3.7702
34,Rest,443.3555555555504,0.0,3.7702
34,Rest,443.4555555555562,0.0,3.7703
34,Rest,443.555555555562,0.0,3.7702
34,Rest,443.65555555556784,0.0,3.7703
34,Rest,443.75555555557366,0.0,3.7703
34,Rest,443.8555555555504,0.0,3.7703
34,Rest,443.9555555555562,0.0,3.7703
34,Rest,444.055555555562,0.0,3.7703
34,Rest,444.15555555556784,0.0,3.7703
34,Rest,444.25555555557366,0.0,3.7703
34,Rest,444.3555555555504,0.0,3.7703
34,Rest,444.4555555555562,0.0,3.7703
34,Rest,444.555555555562,0.0,3.7703
34,Rest,444.65555555556784,0.0,3.7703
34,Rest,444.75555555557366,0.0,3.7703
34,Rest,444.8555555555504,0.0,3.7704
34,Rest,444.9555555555562,0.0,3.7704
34,Rest,445.055555555562,0.0,3.7704
34,Rest,445.15555555556784,0.0,3.7704
34,Rest,445.25555555557366,0.0,3.7704
34,Rest,445.3555555555504,0.0,3.7704
34,Rest,445.4555555555562,0.0,3.7704
34,Rest,445.555555555562,0.0,3.7704
34,Rest,445.65555555556784,0.0,3.7704
34,Rest,445.75555555557366,0.0,3.7704
34,Rest,445.8555555555504,0.0,3.7704
34,Rest,445.9555555555562,0.0,3.7704
34,Rest,446.055555555562,0.0,3.7704
34,Rest,446.15555555556784,0.0,3.7704
34,Rest,446.25555555557366,0.0,3.7704
34,Rest,446.3555555555504,0.0,3.7704
34,Rest,446.4555555555562,0.0,3.7704
34,Rest,446.555555555562,0.0,3.7704
34,Rest,446.65555555556784,0.0,3.7704
34,Rest,446.75555555557366,0.0,3.7705
34,Rest,446.8555555555504,0.0,3.7705
34,Rest,446.9555555555562,0.0,3.7704
34,Rest,447.055555555562,0.0,3.7705
34,Rest,447.15555555556784,0.0,3.7705
34,Rest,447.25555555557366,0.0,3.7705
34,Rest,447.3555555555504,0.0,3.7705
34,Rest,447.4555555555562,0.0,3.7705
34,Rest,447.555555555562,0.0,3.7705
34,Rest,447.65555555556784,0.0,3.7705
34,Rest,447.75555555557366,0.0,3.7705
34,Rest,447.8555555555504,0.0,3.7705
34,Rest,447.9555555555562,0.0,3.7705
34,Rest,448.055555555562,0.0,3.7705
34,Rest,448.15555555556784,0.0,3.7705
34,Rest,448.25555555557366,0.0,3.7705
34,Rest,448.3555555555504,0.0,3.7705
34,Rest,448.4555555555562,0.0,3.7705
34,Rest,448.555555555562,0.0,3.7705
34,Rest,448.65555555556784,0.0,3.7705
34,Rest,448.75555555557366,0.0,3.7705
34,Rest,448.8555555555504,0.0,3.7705
34,Rest,448.9555555555562,0.0,3.7705
34,Rest,449.055555555562,0.0,3.7705
34,Rest,449.15555555556784,0.0,3.7706
34,Rest,449.25555555557366,0.0,3.7706
34,Rest,449.3555555555504,0.0,3.7706
34,Rest,449.4555555555562,0.0,3.7706
34,Rest,449.555555555562,0.0,3.7706
34,Rest,449.65555555556784,0.0,3.7706
34,Rest,449.75555555557366,0.0,3.7706
34,Rest,449.8555555555504,0.0,3.7706
34,Rest,449.9555555555562,0.0,3.7706
34,Rest,450.055555555562,0.0,3.7706
34,Rest,450.15555555556784,0.0,3.7706
34,Rest,450.25555555557366,0.0,3.7706
34,Rest,450.3555555555504,0.0,3.7706
34,Rest,450.4555555555562,0.0,3.7706
34,Rest,450.555555555562,0.0,3.7706
34,Rest,450.65555555556784,0.0,3.7706
34,Rest,450.75555555557366,0.0,3.7706
34,Rest,450.8555555555504,0.0,3.7706
34,Rest,450.9555555555562,0.0,3.7706
34,Rest,451.055555555562,0.0,3.7706
34,Rest,451.15555555556784,0.0,3.7707
34,Rest,451.25555555557366,0.0,3.7706
34,Rest,451.3555555555504,0.0,3.7706
34,Rest,451.4555555555562,0.0,3.7707
34,Rest,451.555555555562,0.0,3.7707
34,Rest,451.65555555556784,0.0,3.7706
34,Rest,451.75555555557366,0.0,3.7706
34,Rest,451.8555555555504,0.0,3.7707
34,Rest,451.9555555555562,0.0,3.7707
34,Rest,452.055555555562,0.0,3.7707
34,Rest,452.15555555556784,0.0,3.7707
34,Rest,452.25555555557366,0.0,3.7707
34,Rest,452.3555555555504,0.0,3.7707
34,Rest,452.4555555555562,0.0,3.7707
34,Rest,452.555555555562,0.0,3.7707
34,Rest,452.65555555556784,0.0,3.7707
34,Rest,452.75555555557366,0.0,3.7707
34,Rest,452.8555555555504,0.0,3.7707
34,Rest,452.9555555555562,0.0,3.7707
34,Rest,453.055555555562,0.0,3.7707
34,Rest,453.15555555556784,0.0,3.7707
34,Rest,453.25555555557366,0.0,3.7707
34,Rest,453.3555555555504,0.0,3.7707
34,Rest,453.4555555555562,0.0,3.7707
34,Rest,453.555555555562,0.0,3.7707
34,Rest,453.65555555556784,0.0,3.7708
34,Rest,453.75555555557366,0.0,3.7708
34,Rest,453.8555555555504,0.0,3.7708
34,Rest,453.9555555555562,0.0,3.7708
34,Rest,454.055555555562,0.0,3.7708
34,Rest,454.15555555556784,0.0,3.7708
34,Rest,454.25555555557366,0.0,3.7708
34,Rest,454.3555555555504,0.0,3.7708
34,Rest,454.4555555555562,0.0,3.7708
34,Rest,454.555555555562,0.0,3.7708
34,Rest,454.65555555556784,0.0,3.7708
34,Rest,454.75555555557366,0.0,3.7708
34,Rest,454.8555555555504,0.0,3.7708
34,Rest,454.9555555555562,0.0,3.7708
34,Rest,455.055555555562,0.0,3.7708
34,Rest,455.15555555556784,0.0,3.7708
34,Rest,455.25555555557366,0.0,3.7708
34,Rest,455.3555555555504,0.0,3.7708
34,Rest,455.4555555555562,0.0,3.7708
34,Rest,455.555555555562,0.0,3.7708
34,Rest,455.65555555556784,0.0,3.7708
34,Rest,455.75555555557366,0.0,3.7709
34,Rest,455.8555555555504,0.0,3.7709
34,Rest,455.9555555555562,0.0,3.7708
34,Rest,456.055555555562,0.0,3.7708
34,Rest,456.15555555556784,0.0,3.7709
34,Rest,456.25555555557366,0.0,3.7709
34,Rest,456.3555555555504,0.0,3.7708
34,Rest,456.4555555555562,0.0,3.7708
34,Rest,456.555555555562,0.0,3.7708
34,Rest,456.65555555556784,0.0,3.7708
34,Rest,456.75555555557366,0.0,3.7708
34,Rest,456.8555555555504,0.0,3.7709
34,Rest,456.9555555555562,0.0,3.7709
34,Rest,457.055555555562,0.0,3.7709
34,Rest,457.15555555556784,0.0,3.7709
34,Rest,457.25555555557366,0.0,3.7708
34,Rest,457.3555555555504,0.0,3.7708
34,Rest,457.4555555555562,0.0,3.7709
34,Rest,457.555555555562,0.0,3.7709
34,Rest,457.65555555556784,0.0,3.7709
34,Rest,457.75555555557366,0.0,3.7708
34,Rest,457.8555555555504,0.0,3.7709
34,Rest,457.9555555555562,0.0,3.7709
34,Rest,458.055555555562,0.0,3.7709
34,Rest,458.15555555556784,0.0,3.7709
34,Rest,458.25555555557366,0.0,3.7709
34,Rest,458.3555555555504,0.0,3.7709
34,Rest,458.4555555555562,0.0,3.7709
34,Rest,458.555555555562,0.0,3.7709
34,Rest,458.65555555556784,0.0,3.7709
34,Rest,458.75555555557366,0.0,3.7709
34,Rest,458.8555555555504,0.0,3.7709
34,Rest,458.9555555555562,0.0,3.7709
34,Rest,459.055555555562,0.0,3.7709
34,Rest,459.15555555556784,0.0,3.7709
34,Rest,459.25555555557366,0.0,3.7709
34,Rest,459.3555555555504,0.0,3.7709
34,Rest,459.4555555555562,0.0,3.7709
34,Rest,459.555555555562,0.0,3.7709
34,Rest,459.65555555556784,0.0,3.7709
34,Rest,459.75555555557366,0.0,3.7709
34,Rest,459.8555555555504,0.0,3.7709
34,Rest,459.9555555555562,0.0,3.7709
34,Rest,460.055555555562,0.0,3.7709
34,Rest,460.15555555556784,0.0,3.771
34,Rest,460.25555555557366,0.0,3.771
34,Rest,460.3555555555504,0.0,3.771
34,Rest,460.4555555555562,0.0,3.771
34,Rest,460.555555555562,0.0,3.771
34,Rest,460.65555555556784,0.0,3.771
34,Rest,460.75555555557366,0.0,3.771
34,Rest,460.8555555555504,0.0,3.771
34,Rest,460.9555555555562,0.0,3.771
34,Rest,461.055555555562,0.0,3.771
34,Rest,461.15555555556784,0.0,3.771
34,Rest,461.25555555557366,0.0,3.771
34,Rest,461.3555555555504,0.0,3.771
34,Rest,461.4555555555562,0.0,3.771
34,Rest,461.555555555562,0.0,3.771
34,Rest,461.65555555556784,0.0,3.771
34,Rest,461.75555555557366,0.0,3.771
34,Rest,461.8555555555504,0.0,3.771
34,Rest,461.9555555555562,0.0,3.771
34,Rest,462.055555555562,0.0,3.771
34,Rest,462.15555555556784,0.0,3.7711
34,Rest,462.25555555557366,0.0,3.771
34,Rest,462.3555555555504,0.0,3.771
34,Rest,462.4555555555562,0.0,3.771
34,Rest,462.555555555562,0.0,3.7711
34,Rest,462.65555555556784,0.0,3.7711
34,Rest,462.75555555557366,0.0,3.7711
34,Rest,462.8555555555504,0.0,3.7711
34,Rest,462.9555555555562,0.0,3.7711
34,Rest,463.055555555562,0.0,3.7711
34,Rest,463.15555555556784,0.0,3.7711
34,Rest,463.25555555557366,0.0,3.7711
34,Rest,463.3555555555504,0.0,3.7711
34,Rest,463.4555555555562,0.0,3.7711
34,Rest,463.555555555562,0.0,3.7711
34,Rest,463.65555555556784,0.0,3.7711
34,Rest,463.75555555557366,0.0,3.7711
34,Rest,463.8555555555504,0.0,3.7711
34,Rest,463.9555555555562,0.0,3.7711
34,Rest,464.055555555562,0.0,3.7711
34,Rest,464.15555555556784,0.0,3.7711
34,Rest,464.25555555557366,0.0,3.7711
34,Rest,464.3555555555504,0.0,3.7711
34,Rest,464.4555555555562,0.0,3.7711
34,Rest,464.555555555562,0.0,3.7711
34,Rest,464.65555555556784,0.0,3.7712
34,Rest,464.75555555557366,0.0,3.7711
34,Rest,464.8555555555504,0.0,3.7711
34,Rest,464.9555555555562,0.0,3.7711
34,Rest,465.055555555562,0.0,3.7711
34,Rest,465.15555555556784,0.0,3.7711
34,Rest,465.25555555557366,0.0,3.7711
34,Rest,465.3555555555504,0.0,3.7712
34,Rest,465.4555555555562,0.0,3.7712
34,Rest,465.555555555562,0.0,3.7711
34,Rest,465.65555555556784,0.0,3.7712
34,Rest,465.75555555557366,0.0,3.7712
34,Rest,465.8555555555504,0.0,3.7712
34,Rest,465.9555555555562,0.0,3.7712
34,Rest,466.055555555562,0.0,3.7712
34,Rest,466.15555555556784,0.0,3.7712
34,Rest,466.25555555557366,0.0,3.7712
34,Rest,466.3555555555504,0.0,3.7712
34,Rest,466.4555555555562,0.0,3.7712
34,Rest,466.555555555562,0.0,3.7712
34,Rest,466.65555555556784,0.0,3.7712
34,Rest,466.75555555557366,0.0,3.7712
34,Rest,466.8555555555504,0.0,3.7712
34,Rest,466.9555555555562,0.0,3.7712
34,Rest,467.055555555562,0.0,3.7712
34,Rest,467.15555555556784,0.0,3.7713
34,Rest,467.25555555557366,0.0,3.7713
34,Rest,467.3555555555504,0.0,3.7712
34,Rest,467.4555555555562,0.0,3.7713
34,Rest,467.555555555562,0.0,3.7713
34,Rest,467.65555555556784,0.0,3.7713
34,Rest,467.75555555557366,0.0,3.7713
34,Rest,467.8555555555504,0.0,3.7713
34,Rest,467.9555555555562,0.0,3.7713
34,Rest,468.055555555562,0.0,3.7713
34,Rest,468.15555555556784,0.0,3.7713
34,Rest,468.25555555557366,0.0,3.7713
34,Rest,468.3555555555504,0.0,3.7713
34,Rest,468.4555555555562,0.0,3.7713
34,Rest,468.555555555562,0.0,3.7713
34,Rest,468.65555555556784,0.0,3.7713
34,Rest,468.75555555557366,0.0,3.7713
34,Rest,468.8555555555504,0.0,3.7714
34,Rest,468.9555555555562,0.0,3.7714
34,Rest,469.055555555562,0.0,3.7714
34,Rest,469.15555555556784,0.0,3.7713
34,Rest,469.25555555557366,0.0,3.7714
34,Rest,469.3555555555504,0.0,3.7714
34,Rest,469.4555555555562,0.0,3.7714
34,Rest,469.555555555562,0.0,3.7714
34,Rest,469.65555555556784,0.0,3.7714
34,Rest,469.75555555557366,0.0,3.7714
34,Rest,469.8555555555504,0.0,3.7714
34,Rest,469.9555555555562,0.0,3.7714
34,Rest,470.055555555562,0.0,3.7714
34,Rest,470.15555555556784,0.0,3.7714
34,Rest,470.25555555557366,0.0,3.7714
34,Rest,470.3555555555504,0.0,3.7714
34,Rest,470.4555555555562,0.0,3.7714
34,Rest,470.555555555562,0.0,3.7714
34,Rest,470.65555555556784,0.0,3.7714
34,Rest,470.75555555557366,0.0,3.7714
34,Rest,470.8555555555504,0.0,3.7714
34,Rest,470.9555555555562,0.0,3.7715
34,Rest,471.055555555562,0.0,3.7714
34,Rest,471.15555555556784,0.0,3.7714
34,Rest,471.25555555557366,0.0,3.7715
34,Rest,471.3555555555504,0.0,3.7714
34,Rest,471.4555555555562,0.0,3.7714
34,Rest,471.555555555562,0.0,3.7715
34,Rest,471.65555555556784,0.0,3.7715
34,Rest,471.75555555557366,0.0,3.7715
34,Rest,471.8555555555504,0.0,3.7715
34,Rest,471.9555555555562,0.0,3.7715
34,Rest,472.055555555562,0.0,3.7715
34,Rest,472.15555555556784,0.0,3.7715
34,Rest,472.25555555557366,0.0,3.7715
34,Rest,472.3555555555504,0.0,3.7715
34,Rest,472.4555555555562,0.0,3.7715
34,Rest,472.555555555562,0.0,3.7715
34,Rest,472.65555555556784,0.0,3.7715
34,Rest,472.75555555557366,0.0,3.7715
34,Rest,472.8555555555504,0.0,3.7715
34,Rest,472.9555555555562,0.0,3.7715
34,Rest,473.055555555562,0.0,3.7715
34,Rest,473.15555555556784,0.0,3.7715
34,Rest,473.25555555557366,0.0,3.7715
34,Rest,473.3555555555504,0.0,3.7715
34,Rest,473.4555555555562,0.0,3.7716
34,Rest,473.555555555562,0.0,3.7715
34,Rest,473.65555555556784,0.0,3.7715
34,Rest,473.75555555557366,0.0,3.7715
34,Rest,473.8555555555504,0.0,3.7715
34,Rest,473.9555555555562,0.0,3.7715
34,Rest,474.055555555562,0.0,3.7715
34,Rest,474.15555555556784,0.0,3.7715
34,Rest,474.25555555557366,0.0,3.7716
34,Rest,474.3555555555504,0.0,3.7715
34,Rest,474.4555555555562,0.0,3.7716
34,Rest,474.555555555562,0.0,3.7716
34,Rest,474.65555555556784,0.0,3.7716
34,Rest,474.75555555557366,0.0,3.7716
34,Rest,474.8555555555504,0.0,3.7716
34,Rest,474.9555555555562,0.0,3.7716
34,Rest,475.055555555562,0.0,3.7716
34,Rest,475.15555555556784,0.0,3.7715
34,Rest,475.25555555557366,0.0,3.7716
34,Rest,475.3555555555504,0.0,3.7716
34,Rest,475.4555555555562,0.0,3.7716
34,Rest,475.555555555562,0.0,3.7716
34,Rest,475.65555555556784,0.0,3.7716
34,Rest,475.75555555557366,0.0,3.7716
34,Rest,475.8555555555504,0.0,3.7716
34,Rest,475.9555555555562,0.0,3.7716
34,Rest,476.055555555562,0.0,3.7716
34,Rest,476.15555555556784,0.0,3.7716
34,Rest,476.25555555557366,0.0,3.7716
34,Rest,476.3555555555504,0.0,3.7716
34,Rest,476.4555555555562,0.0,3.7716
34,Rest,476.555555555562,0.0,3.7716
34,Rest,476.65555555556784,0.0,3.7716
34,Rest,476.75555555557366,0.0,3.7716
34,Rest,476.8555555555504,0.0,3.7717
34,Rest,476.9555555555562,0.0,3.7717
34,Rest,477.055555555562,0.0,3.7716
34,Rest,477.15555555556784,0.0,3.7716
34,Rest,477.25555555557366,0.0,3.7716
34,Rest,477.3555555555504,0.0,3.7716
34,Rest,477.4555555555562,0.0,3.7716
34,Rest,477.555555555562,0.0,3.7716
34,Rest,477.65555555556784,0.0,3.7717
34,Rest,477.75555555557366,0.0,3.7717
34,Rest,477.8555555555504,0.0,3.7717
34,Rest,477.9555555555562,0.0,3.7717
34,Rest,478.055555555562,0.0,3.7717
34,Rest,478.15555555556784,0.0,3.7717
34,Rest,478.25555555557366,0.0,3.7717
34,Rest,478.3555555555504,0.0,3.7717
34,Rest,478.4555555555562,0.0,3.7717
34,Rest,478.555555555562,0.0,3.7717
34,Rest,478.65555555556784,0.0,3.7717
34,Rest,478.75555555557366,0.0,3.7717
34,Rest,478.8555555555504,0.0,3.7717
34,Rest,478.9555555555562,0.0,3.7717
34,Rest,479.055555555562,0.0,3.7717
34,Rest,479.15555555556784,0.0,3.7717
34,Rest,479.25555555557366,0.0,3.7717
34,Rest,479.3555555555504,0.0,3.7717
34,Rest,479.4555555555562,0.0,3.7717
34,Rest,479.555555555562,0.0,3.7717
34,Rest,479.65555555556784,0.0,3.7717
34,Rest,479.75555555557366,0.0,3.7717
34,Rest,479.8555555555504,0.0,3.7717
34,Rest,479.9555555555562,0.0,3.7717
34,Rest,480.055555555562,0.0,3.7717
34,Rest,480.15555555556784,0.0,3.7717
34,Rest,480.25555555557366,0.0,3.7717
34,Rest,480.3555555555504,0.0,3.7717
34,Rest,480.4555555555562,0.0,3.7717
34,Rest,480.555555555562,0.0,3.7717
34,Rest,480.65555555556784,0.0,3.7718
34,Rest,480.75555555557366,0.0,3.7718
34,Rest,480.8555555555504,0.0,3.7718
34,Rest,480.9555555555562,0.0,3.7718
34,Rest,481.055555555562,0.0,3.7717
34,Rest,481.15555555556784,0.0,3.7718
34,Rest,481.25555555557366,0.0,3.7718
34,Rest,481.3555555555504,0.0,3.7718
34,Rest,481.4555555555562,0.0,3.7718
34,Rest,481.555555555562,0.0,3.7718
34,Rest,481.65555555556784,0.0,3.7718
34,Rest,481.75555555557366,0.0,3.7718
34,Rest,481.8555555555504,0.0,3.7718
34,Rest,481.9555555555562,0.0,3.7718
34,Rest,482.055555555562,0.0,3.7718
34,Rest,482.15555555556784,0.0,3.7718
34,Rest,482.25555555557366,0.0,3.7718
34,Rest,482.3555555555504,0.0,3.7718
34,Rest,482.4555555555562,0.0,3.7718
34,Rest,482.555555555562,0.0,3.7718
34,Rest,482.65555555556784,0.0,3.7718
34,Rest,482.75555555557366,0.0,3.7718
34,Rest,482.8555555555504,0.0,3.7718
34,Rest,482.9555555555562,0.0,3.7718
34,Rest,483.055555555562,0.0,3.7719
34,Rest,483.15555555556784,0.0,3.7718
34,Rest,483.25555555557366,0.0,3.7718
34,Rest,483.3555555555504,0.0,3.7718
34,Rest,483.4555555555562,0.0,3.7718
34,Rest,483.555555555562,0.0,3.7718
34,Rest,483.65555555556784,0.0,3.7718
34,Rest,483.75555555557366,0.0,3.7718
34,Rest,483.8555555555504,0.0,3.7718
34,Rest,483.9555555555562,0.0,3.7719
34,Rest,484.055555555562,0.0,3.7719
34,Rest,484.15555555556784,0.0,3.7719
34,Rest,484.25555555557366,0.0,3.7719
34,Rest,484.3555555555504,0.0,3.7719
34,Rest,484.4555555555562,0.0,3.7719
34,Rest,484.555555555562,0.0,3.7719
34,Rest,484.65555555556784,0.0,3.7719
34,Rest,484.75555555557366,0.0,3.7719
34,Rest,484.8555555555504,0.0,3.7719
34,Rest,484.9555555555562,0.0,3.7719
34,Rest,485.055555555562,0.0,3.7719
34,Rest,485.15555555556784,0.0,3.7719
34,Rest,485.25555555557366,0.0,3.7719
34,Rest,485.3555555555504,0.0,3.7719
34,Rest,485.4555555555562,0.0,3.7719
34,Rest,485.555555555562,0.0,3.7719
34,Rest,485.65555555556784,0.0,3.7719
34,Rest,485.75555555557366,0.0,3.7719
34,Rest,485.8555555555504,0.0,3.7719
34,Rest,485.9555555555562,0.0,3.7719
34,Rest,486.055555555562,0.0,3.7719
34,Rest,486.15555555556784,0.0,3.7719
34,Rest,486.25555555557366,0.0,3.7719
34,Rest,486.3555555555504,0.0,3.7719
34,Rest,486.4555555555562,0.0,3.7719
34,Rest,486.555555555562,0.0,3.772
34,Rest,486.65555555556784,0.0,3.7719
34,Rest,486.75555555557366,0.0,3.7719
34,Rest,486.8555555555504,0.0,3.7719
34,Rest,486.9555555555562,0.0,3.772
34,Rest,487.055555555562,0.0,3.772
34,Rest,487.15555555556784,0.0,3.772
34,Rest,487.25555555557366,0.0,3.772
34,Rest,487.3555555555504,0.0,3.772
34,Rest,487.4555555555562,0.0,3.772
34,Rest,487.555555555562,0.0,3.772
34,Rest,487.65555555556784,0.0,3.772
34,Rest,487.75555555557366,0.0,3.772
34,Rest,487.8555555555504,0.0,3.772
34,Rest,487.9555555555562,0.0,3.772
34,Rest,488.055555555562,0.0,3.772
34,Rest,488.15555555556784,0.0,3.772
34,Rest,488.25555555557366,0.0,3.772
34,Rest,488.3555555555504,0.0,3.772
34,Rest,488.4555555555562,0.0,3.772
34,Rest,488.555555555562,0.0,3.772
34,Rest,488.65555555556784,0.0,3.772
34,Rest,488.75555555557366,0.0,3.772
34,Rest,488.8555555555504,0.0,3.772
34,Rest,488.9555555555562,0.0,3.772
34,Rest,489.055555555562,0.0,3.772
34,Rest,489.15555555556784,0.0,3.772
34,Rest,489.25555555557366,0.0,3.772
34,Rest,489.3555555555504,0.0,3.7721
34,Rest,489.4555555555562,0.0,3.7721
34,Rest,489.555555555562,0.0,3.7721
34,Rest,489.65555555556784,0.0,3.7721
34,Rest,489.75555555557366,0.0,3.7721
34,Rest,489.8555555555504,0.0,3.7721
34,Rest,489.9555555555562,0.0,3.7721
34,Rest,490.055555555562,0.0,3.7721
34,Rest,490.15555555556784,0.0,3.7721
34,Rest,490.25555555557366,0.0,3.7721
34,Rest,490.3555555555504,0.0,3.7721
34,Rest,490.4555555555562,0.0,3.7721
34,Rest,490.555555555562,0.0,3.772
34,Rest,490.65555555556784,0.0,3.7721
34,Rest,490.75555555557366,0.0,3.7721
34,Rest,490.8555555555504,0.0,3.7721
34,Rest,490.9555555555562,0.0,3.7721
34,Rest,491.055555555562,0.0,3.7721
34,Rest,491.15555555556784,0.0,3.7721
34,Rest,491.25555555557366,0.0,3.7721
34,Rest,491.3555555555504,0.0,3.7721
34,Rest,491.4555555555562,0.0,3.7721
34,Rest,491.555555555562,0.0,3.7721
34,Rest,491.65555555556784,0.0,3.7721
34,Rest,491.75555555557366,0.0,3.7721
34,Rest,491.8555555555504,0.0,3.7721
34,Rest,491.9555555555562,0.0,3.7721
34,Rest,492.055555555562,0.0,3.7722
34,Rest,492.15555555556784,0.0,3.7721
34,Rest,492.25555555557366,0.0,3.7721
34,Rest,492.3555555555504,0.0,3.7721
34,Rest,492.4555555555562,0.0,3.7721
34,Rest,492.555555555562,0.0,3.7721
34,Rest,492.65555555556784,0.0,3.7721
34,Rest,492.75555555557366,0.0,3.7722
34,Rest,492.8555555555504,0.0,3.7722
34,Rest,492.9555555555562,0.0,3.7721
34,Rest,493.055555555562,0.0,3.7721
34,Rest,493.15555555556784,0.0,3.7721
34,Rest,493.25555555557366,0.0,3.7721
34,Rest,493.3555555555504,0.0,3.7721
34,Rest,493.4555555555562,0.0,3.7722
34,Rest,493.555555555562,0.0,3.7721
34,Rest,493.65555555556784,0.0,3.7721
34,Rest,493.75555555557366,0.0,3.7722
34,Rest,493.8555555555504,0.0,3.7722
34,Rest,493.9555555555562,0.0,3.7722
34,Rest,494.055555555562,0.0,3.7722
34,Rest,494.15555555556784,0.0,3.7722
34,Rest,494.25555555557366,0.0,3.7722
34,Rest,494.3555555555504,0.0,3.7722
34,Rest,494.4555555555562,0.0,3.7722
34,Rest,494.555555555562,0.0,3.7722
34,Rest,494.65555555556784,0.0,3.7722
34,Rest,494.75555555557366,0.0,3.7722
34,Rest,494.8555555555504,0.0,3.7722
34,Rest,494.9555555555562,0.0,3.7722
34,Rest,495.055555555562,0.0,3.7722
34,Rest,495.15555555556784,0.0,3.7722
34,Rest,495.25555555557366,0.0,3.7722
34,Rest,495.3555555555504,0.0,3.7722
34,Rest,495.4555555555562,0.0,3.7722
34,Rest,495.555555555562,0.0,3.7722
34,Rest,495.65555555556784,0.0,3.7723
34,Rest,495.75555555557366,0.0,3.7723
34,Rest,495.8555555555504,0.0,3.7723
34,Rest,495.9555555555562,0.0,3.7723
34,Rest,496.055555555562,0.0,3.7723
34,Rest,496.15555555556784,0.0,3.7722
34,Rest,496.25555555557366,0.0,3.7723
34,Rest,496.3555555555504,0.0,3.7722
34,Rest,496.4555555555562,0.0,3.7722
34,Rest,496.555555555562,0.0,3.7723
34,Rest,496.65555555556784,0.0,3.7723
34,Rest,496.75555555557366,0.0,3.7722
34,Rest,496.8555555555504,0.0,3.7722
34,Rest,496.9555555555562,0.0,3.7722
34,Rest,497.055555555562,0.0,3.7723
34,Rest,497.15555555556784,0.0,3.7723
34,Rest,497.25555555557366,0.0,3.7723
34,Rest,497.3555555555504,0.0,3.7723
34,Rest,497.4555555555562,0.0,3.7723
34,Rest,497.555555555562,0.0,3.7723
34,Rest,497.65555555556784,0.0,3.7723
34,Rest,497.75555555557366,0.0,3.7723
34,Rest,497.8555555555504,0.0,3.7723
34,Rest,497.9555555555562,0.0,3.7723
34,Rest,498.055555555562,0.0,3.7723
34,Rest,498.15555555556784,0.0,3.7723
34,Rest,498.25555555557366,0.0,3.7723
34,Rest,498.3555555555504,0.0,3.7724
34,Rest,498.4555555555562,0.0,3.7723
34,Rest,498.555555555562,0.0,3.7723
34,Rest,498.65555555556784,0.0,3.7723
34,Rest,498.75555555557366,0.0,3.7723
34,Rest,498.8555555555504,0.0,3.7723
34,Rest,498.9555555555562,0.0,3.7723
34,Rest,499.055555555562,0.0,3.7723
34,Rest,499.15555555556784,0.0,3.7723
34,Rest,499.25555555557366,0.0,3.7723
34,Rest,499.3555555555504,0.0,3.7723
34,Rest,499.4555555555562,0.0,3.7723
34,Rest,499.555555555562,0.0,3.7723
34,Rest,499.65555555556784,0.0,3.7723
34,Rest,499.75555555557366,0.0,3.7723
34,Rest,499.8555555555504,0.0,3.7723
34,Rest,499.9555555555562,0.0,3.7723
34,Rest,500.055555555562,0.0,3.7723
34,Rest,500.15555555556784,0.0,3.7724
34,Rest,500.25555555557366,0.0,3.7724
34,Rest,500.3555555555504,0.0,3.7724
34,Rest,500.4555555555562,0.0,3.7723
34,Rest,500.555555555562,0.0,3.7723
34,Rest,500.65555555556784,0.0,3.7723
34,Rest,500.75555555557366,0.0,3.7724
34,Rest,500.8555555555504,0.0,3.7724
34,Rest,500.9555555555562,0.0,3.7724
34,Rest,501.055555555562,0.0,3.7724
34,Rest,501.15555555556784,0.0,3.7724
34,Rest,501.25555555557366,0.0,3.7724
34,Rest,501.3555555555504,0.0,3.7724
34,Rest,501.4555555555562,0.0,3.7724
34,Rest,501.555555555562,0.0,3.7724
34,Rest,501.65555555556784,0.0,3.7724
34,Rest,501.75555555557366,0.0,3.7724
34,Rest,501.8555555555504,0.0,3.7724
34,Rest,501.9555555555562,0.0,3.7724
34,Rest,502.055555555562,0.0,3.7724
34,Rest,502.15555555556784,0.0,3.7724
34,Rest,502.25555555557366,0.0,3.7724
34,Rest,502.3555555555504,0.0,3.7724
34,Rest,502.4555555555562,0.0,3.7724
34,Rest,502.555555555562,0.0,3.7724
34,Rest,502.65555555556784,0.0,3.7724
34,Rest,502.75555555557366,0.0,3.7724
34,Rest,502.8555555555504,0.0,3.7724
34,Rest,502.9555555555562,0.0,3.7724
34,Rest,503.055555555562,0.0,3.7724
34,Rest,503.15555555556784,0.0,3.7724
34,Rest,503.25555555557366,0.0,3.7724
34,Rest,503.3555555555504,0.0,3.7724
34,Rest,503.4555555555562,0.0,3.7725
34,Rest,503.555555555562,0.0,3.7725
34,Rest,503.65555555556784,0.0,3.7724
34,Rest,503.75555555557366,0.0,3.7724
34,Rest,503.8555555555504,0.0,3.7724
34,Rest,503.9555555555562,0.0,3.7725
34,Rest,504.055555555562,0.0,3.7725
34,Rest,504.15555555556784,0.0,3.7725
34,Rest,504.25555555557366,0.0,3.7725
34,Rest,504.3555555555504,0.0,3.7725
34,Rest,504.4555555555562,0.0,3.7725
34,Rest,504.555555555562,0.0,3.7725
34,Rest,504.65555555556784,0.0,3.7725
34,Rest,504.75555555557366,0.0,3.7725
34,Rest,504.8555555555504,0.0,3.7725
34,Rest,504.9555555555562,0.0,3.7725
34,Rest,505.055555555562,0.0,3.7725
34,Rest,505.15555555556784,0.0,3.7725
34,Rest,505.25555555557366,0.0,3.7725
34,Rest,505.3555555555504,0.0,3.7725
34,Rest,505.4555555555562,0.0,3.7725
34,Rest,505.555555555562,0.0,3.7725
34,Rest,505.65555555556784,0.0,3.7725
34,Rest,505.75555555557366,0.0,3.7725
34,Rest,505.8555555555504,0.0,3.7725
34,Rest,505.9555555555562,0.0,3.7725
34,Rest,506.055555555562,0.0,3.7725
34,Rest,506.15555555556784,0.0,3.7725
34,Rest,506.25555555557366,0.0,3.7725
34,Rest,506.3555555555504,0.0,3.7725
34,Rest,506.4555555555562,0.0,3.7725
34,Rest,506.555555555562,0.0,3.7725
34,Rest,506.65555555556784,0.0,3.7725
34,Rest,506.75555555557366,0.0,3.7725
34,Rest,506.8555555555504,0.0,3.7725
34,Rest,506.9555555555562,0.0,3.7725
34,Rest,507.055555555562,0.0,3.7725
34,Rest,507.15555555556784,0.0,3.7726
34,Rest,507.25555555557366,0.0,3.7726
34,Rest,507.3555555555504,0.0,3.7726
34,Rest,507.4555555555562,0.0,3.7726
34,Rest,507.555555555562,0.0,3.7726
34,Rest,507.65555555556784,0.0,3.7725
34,Rest,507.75555555557366,0.0,3.7725
34,Rest,507.8555555555504,0.0,3.7725
34,Rest,507.9555555555562,0.0,3.7725
34,Rest,508.055555555562,0.0,3.7726
34,Rest,508.15555555556784,0.0,3.7726
34,Rest,508.25555555557366,0.0,3.7726
34,Rest,508.3555555555504,0.0,3.7726
34,Rest,508.4555555555562,0.0,3.7726
34,Rest,508.555555555562,0.0,3.7726
34,Rest,508.65555555556784,0.0,3.7726
34,Rest,508.75555555557366,0.0,3.7726
34,Rest,508.8555555555504,0.0,3.7726
34,Rest,508.9555555555562,0.0,3.7726
34,Rest,509.055555555562,0.0,3.7726
34,Rest,509.15555555556784,0.0,3.7726
34,Rest,509.25555555557366,0.0,3.7726
34,Rest,509.3555555555504,0.0,3.7726
34,Rest,509.4555555555562,0.0,3.7726
34,Rest,509.555555555562,0.0,3.7726
34,Rest,509.65555555556784,0.0,3.7726
34,Rest,509.75555555557366,0.0,3.7726
34,Rest,509.8555555555504,0.0,3.7726
34,Rest,509.9555555555562,0.0,3.7726
34,Rest,510.055555555562,0.0,3.7726
34,Rest,510.15555555556784,0.0,3.7727
34,Rest,510.25555555557366,0.0,3.7727
34,Rest,510.3555555555504,0.0,3.7726
34,Rest,510.4555555555562,0.0,3.7726
34,Rest,510.555555555562,0.0,3.7726
34,Rest,510.65555555556784,0.0,3.7727
34,Rest,510.75555555557366,0.0,3.7726
34,Rest,510.8555555555504,0.0,3.7727
34,Rest,510.9555555555562,0.0,3.7727
34,Rest,511.055555555562,0.0,3.7726
34,Rest,511.15555555556784,0.0,3.7726
34,Rest,511.25555555557366,0.0,3.7726
34,Rest,511.3555555555504,0.0,3.7727
34,Rest,511.4555555555562,0.0,3.7727
34,Rest,511.555555555562,0.0,3.7727
34,Rest,511.65555555556784,0.0,3.7726
34,Rest,511.75555555557366,0.0,3.7726
34,Rest,511.8555555555504,0.0,3.7726
34,Rest,511.9555555555562,0.0,3.7727
34,Rest,512.055555555562,0.0,3.7727
34,Rest,512.1555555555678,0.0,3.7727
34,Rest,512.2555555555737,0.0,3.7727
34,Rest,512.3555555555504,0.0,3.7727
34,Rest,512.4555555555562,0.0,3.7727
34,Rest,512.555555555562,0.0,3.7727
34,Rest,512.6555555555678,0.0,3.7727
34,Rest,512.7555555555737,0.0,3.7727
34,Rest,512.8555555555504,0.0,3.7727
34,Rest,512.9555555555562,0.0,3.7727
34,Rest,513.055555555562,0.0,3.7727
34,Rest,513.1555555555678,0.0,3.7727
34,Rest,513.2555555555737,0.0,3.7727
34,Rest,513.3555555555504,0.0,3.7727
34,Rest,513.4555555555562,0.0,3.7727
34,Rest,513.555555555562,0.0,3.7727
34,Rest,513.6555555555678,0.0,3.7727
34,Rest,513.7555555555737,0.0,3.7727
34,Rest,513.8555555555504,0.0,3.7728
34,Rest,513.9555555555562,0.0,3.7728
34,Rest,514.055555555562,0.0,3.7727
34,Rest,514.1555555555678,0.0,3.7727
34,Rest,514.2555555555737,0.0,3.7727
34,Rest,514.3555555555504,0.0,3.7728
34,Rest,514.4555555555562,0.0,3.7727
34,Rest,514.555555555562,0.0,3.7728
34,Rest,514.6555555555678,0.0,3.7728
34,Rest,514.7555555555737,0.0,3.7728
34,Rest,514.8555555555504,0.0,3.7728
34,Rest,514.9555555555562,0.0,3.7728
34,Rest,515.055555555562,0.0,3.7728
34,Rest,515.1555555555678,0.0,3.7728
34,Rest,515.2555555555737,0.0,3.7728
34,Rest,515.3555555555504,0.0,3.7728
34,Rest,515.4555555555562,0.0,3.7728
34,Rest,515.555555555562,0.0,3.7727
34,Rest,515.6555555555678,0.0,3.7727
34,Rest,515.7555555555737,0.0,3.7728
34,Rest,515.8555555555504,0.0,3.7728
34,Rest,515.9555555555562,0.0,3.7728
34,Rest,516.055555555562,0.0,3.7728
34,Rest,516.1555555555678,0.0,3.7728
34,Rest,516.2555555555737,0.0,3.7728
34,Rest,516.3555555555504,0.0,3.7728
34,Rest,516.4555555555562,0.0,3.7728
34,Rest,516.555555555562,0.0,3.7728
34,Rest,516.6555555555678,0.0,3.7728
34,Rest,516.7555555555737,0.0,3.7728
34,Rest,516.8555555555504,0.0,3.7728
34,Rest,516.9555555555562,0.0,3.7728
34,Rest,517.055555555562,0.0,3.7728
34,Rest,517.1555555555678,0.0,3.7728
34,Rest,517.2555555555737,0.0,3.7728
34,Rest,517.3555555555504,0.0,3.7728
34,Rest,517.4555555555562,0.0,3.7728
34,Rest,517.555555555562,0.0,3.7728
34,Rest,517.6555555555678,0.0,3.7728
34,Rest,517.7555555555737,0.0,3.7728
34,Rest,517.8555555555504,0.0,3.7728
34,Rest,517.9555555555562,0.0,3.7728
34,Rest,518.055555555562,0.0,3.7728
34,Rest,518.1555555555678,0.0,3.7729
34,Rest,518.2555555555737,0.0,3.7728
34,Rest,518.3555555555504,0.0,3.7728
34,Rest,518.4555555555562,0.0,3.7728
34,Rest,518.555555555562,0.0,3.7729
34,Rest,518.6555555555678,0.0,3.7729
34,Rest,518.7555555555737,0.0,3.7728
34,Rest,518.8555555555504,0.0,3.7728
34,Rest,518.9555555555562,0.0,3.7728
34,Rest,519.055555555562,0.0,3.7728
34,Rest,519.1555555555678,0.0,3.7728
34,Rest,519.2555555555737,0.0,3.7728
34,Rest,519.3555555555504,0.0,3.7728
34,Rest,519.4555555555562,0.0,3.7728
34,Rest,519.555555555562,0.0,3.7728
34,Rest,519.6555555555678,0.0,3.7728
34,Rest,519.7555555555737,0.0,3.7728
34,Rest,519.8555555555504,0.0,3.7728
34,Rest,519.9555555555562,0.0,3.7728
34,Rest,520.055555555562,0.0,3.7728
34,Rest,520.1555555555678,0.0,3.7728
34,Rest,520.2555555555737,0.0,3.7728
34,Rest,520.3555555555504,0.0,3.7728
34,Rest,520.4555555555562,0.0,3.7728
34,Rest,520.555555555562,0.0,3.7728
34,Rest,520.6555555555678,0.0,3.7728
34,Rest,520.7555555555737,0.0,3.7728
34,Rest,520.8555555555504,0.0,3.7728
34,Rest,520.9555555555562,0.0,3.7728
34,Rest,521.055555555562,0.0,3.7728
34,Rest,521.1555555555678,0.0,3.7728
34,Rest,521.2555555555737,0.0,3.7728
34,Rest,521.3555555555504,0.0,3.7728
34,Rest,521.4555555555562,0.0,3.7728
34,Rest,521.555555555562,0.0,3.7728
34,Rest,521.6555555555678,0.0,3.7728
34,Rest,521.7555555555737,0.0,3.7728
34,Rest,521.8555555555504,0.0,3.7728
34,Rest,521.9555555555562,0.0,3.7728
34,Rest,522.055555555562,0.0,3.7728
34,Rest,522.1555555555678,0.0,3.7728
34,Rest,522.2555555555737,0.0,3.7729
34,Rest,522.3555555555504,0.0,3.7728
34,Rest,522.4555555555562,0.0,3.7729
34,Rest,522.555555555562,0.0,3.7729
34,Rest,522.6555555555678,0.0,3.7729
34,Rest,522.7555555555737,0.0,3.7728
34,Rest,522.8555555555504,0.0,3.7729
34,Rest,522.9555555555562,0.0,3.7729
34,Rest,523.055555555562,0.0,3.7729
34,Rest,523.1555555555678,0.0,3.7729
34,Rest,523.2555555555737,0.0,3.7729
34,Rest,523.3555555555504,0.0,3.7729
34,Rest,523.4555555555562,0.0,3.7729
34,Rest,523.555555555562,0.0,3.7729
34,Rest,523.6555555555678,0.0,3.7729
34,Rest,523.7555555555737,0.0,3.7729
34,Rest,523.8555555555504,0.0,3.7729
34,Rest,523.9555555555562,0.0,3.7729
34,Rest,524.055555555562,0.0,3.7729
34,Rest,524.1555555555678,0.0,3.7729
34,Rest,524.2555555555737,0.0,3.7729
34,Rest,524.3555555555504,0.0,3.7729
34,Rest,524.4555555555562,0.0,3.7729
34,Rest,524.555555555562,0.0,3.7729
34,Rest,524.6555555555678,0.0,3.7729
34,Rest,524.7555555555737,0.0,3.7729
34,Rest,524.8555555555504,0.0,3.7729
34,Rest,524.9555555555562,0.0,3.7729
34,Rest,525.055555555562,0.0,3.7729
34,Rest,525.1555555555678,0.0,3.7729
34,Rest,525.2555555555737,0.0,3.7729
34,Rest,525.3555555555504,0.0,3.7729
34,Rest,525.4555555555562,0.0,3.7729
34,Rest,525.555555555562,0.0,3.7729
34,Rest,525.6555555555678,0.0,3.7729
34,Rest,525.7555555555737,0.0,3.7729
34,Rest,525.8555555555504,0.0,3.7729
34,Rest,525.9555555555562,0.0,3.7729
34,Rest,526.055555555562,0.0,3.7729
34,Rest,526.1555555555678,0.0,3.7729
34,Rest,526.2555555555737,0.0,3.7729
34,Rest,526.3555555555504,0.0,3.7729
34,Rest,526.4555555555562,0.0,3.773
34,Rest,526.555555555562,0.0,3.7729
34,Rest,526.6555555555678,0.0,3.7729
34,Rest,526.7555555555737,0.0,3.7729
34,Rest,526.8555555555504,0.0,3.773
34,Rest,526.9555555555562,0.0,3.773
34,Rest,527.055555555562,0.0,3.773
34,Rest,527.1555555555678,0.0,3.773
34,Rest,527.2555555555737,0.0,3.773
34,Rest,527.3555555555504,0.0,3.773
34,Rest,527.4555555555562,0.0,3.773
34,Rest,527.555555555562,0.0,3.773
34,Rest,527.6555555555678,0.0,3.773
34,Rest,527.7555555555737,0.0,3.773
34,Rest,527.8555555555504,0.0,3.7729
34,Rest,527.9555555555562,0.0,3.773
34,Rest,528.055555555562,0.0,3.773
34,Rest,528.1555555555678,0.0,3.773
34,Rest,528.2555555555737,0.0,3.773
34,Rest,528.3555555555504,0.0,3.773
34,Rest,528.4555555555562,0.0,3.773
34,Rest,528.555555555562,0.0,3.773
34,Rest,528.6555555555678,0.0,3.773
34,Rest,528.7555555555737,0.0,3.773
34,Rest,528.8555555555504,0.0,3.773
34,Rest,528.9555555555562,0.0,3.773
34,Rest,529.055555555562,0.0,3.773
34,Rest,529.1555555555678,0.0,3.773
34,Rest,529.2555555555737,0.0,3.773
34,Rest,529.3555555555504,0.0,3.773
34,Rest,529.4555555555562,0.0,3.773
34,Rest,529.555555555562,0.0,3.773
34,Rest,529.6555555555678,0.0,3.773
34,Rest,529.7555555555737,0.0,3.773
34,Rest,529.8555555555504,0.0,3.773
34,Rest,529.9555555555562,0.0,3.773
34,Rest,530.055555555562,0.0,3.773
34,Rest,530.1555555555678,0.0,3.773
34,Rest,530.2555555555737,0.0,3.773
34,Rest,530.3555555555504,0.0,3.773
34,Rest,530.4555555555562,0.0,3.7731
34,Rest,530.555555555562,0.0,3.7731
34,Rest,530.6555555555678,0.0,3.773
34,Rest,530.7555555555737,0.0,3.7731
34,Rest,530.8555555555504,0.0,3.7731
34,Rest,530.9555555555562,0.0,3.7731
34,Rest,531.055555555562,0.0,3.7731
34,Rest,531.1555555555678,0.0,3.7731
34,Rest,531.2555555555737,0.0,3.7731
34,Rest,531.3555555555504,0.0,3.7731
34,Rest,531.4555555555562,0.0,3.7731
34,Rest,531.555555555562,0.0,3.7731
34,Rest,531.6555555555678,0.0,3.7731
34,Rest,531.7555555555737,0.0,3.7731
34,Rest,531.8555555555504,0.0,3.7731
34,Rest,531.9555555555562,0.0,3.7731
34,Rest,532.055555555562,0.0,3.7731
34,Rest,532.1555555555678,0.0,3.7731
34,Rest,532.2555555555737,0.0,3.7731
34,Rest,532.3555555555504,0.0,3.7731
34,Rest,532.4555555555562,0.0,3.7731
34,Rest,532.555555555562,0.0,3.7731
34,Rest,532.6555555555678,0.0,3.7731
34,Rest,532.7555555555737,0.0,3.7731
34,Rest,532.8555555555504,0.0,3.7731
34,Rest,532.9555555555562,0.0,3.7731
34,Rest,533.055555555562,0.0,3.7731
34,Rest,533.1555555555678,0.0,3.7732
34,Rest,533.2555555555737,0.0,3.7732
34,Rest,533.3555555555504,0.0,3.7731
34,Rest,533.4555555555562,0.0,3.7732
34,Rest,533.555555555562,0.0,3.7732
34,Rest,533.6555555555678,0.0,3.7732
34,Rest,533.7555555555737,0.0,3.7732
34,Rest,533.8555555555504,0.0,3.7732
34,Rest,533.9555555555562,0.0,3.7732
34,Rest,534.055555555562,0.0,3.7731
34,Rest,534.1555555555678,0.0,3.7732
34,Rest,534.2555555555737,0.0,3.7732
34,Rest,534.3555555555504,0.0,3.7732
34,Rest,534.4555555555562,0.0,3.7732
34,Rest,534.555555555562,0.0,3.7732
34,Rest,534.6555555555678,0.0,3.7732
34,Rest,534.7555555555737,0.0,3.7732
34,Rest,534.8555555555504,0.0,3.7732
34,Rest,534.9555555555562,0.0,3.7732
34,Rest,535.055555555562,0.0,3.7732
34,Rest,535.1555555555678,0.0,3.7732
34,Rest,535.2555555555737,0.0,3.7732
34,Rest,535.3555555555504,0.0,3.7732
34,Rest,535.4555555555562,0.0,3.7732
34,Rest,535.555555555562,0.0,3.7732
34,Rest,535.6555555555678,0.0,3.7732
34,Rest,535.7555555555737,0.0,3.7732
34,Rest,535.8555555555504,0.0,3.7732
34,Rest,535.9555555555562,0.0,3.7732
34,Rest,536.055555555562,0.0,3.7732
34,Rest,536.1555555555678,0.0,3.7732
34,Rest,536.2555555555737,0.0,3.7732
34,Rest,536.3555555555504,0.0,3.7732
34,Rest,536.4555555555562,0.0,3.7732
34,Rest,536.555555555562,0.0,3.7732
34,Rest,536.6555555555678,0.0,3.7732
34,Rest,536.7555555555737,0.0,3.7732
34,Rest,536.8555555555504,0.0,3.7732
34,Rest,536.9555555555562,0.0,3.7732
34,Rest,537.055555555562,0.0,3.7732
34,Rest,537.1555555555678,0.0,3.7733
34,Rest,537.2555555555737,0.0,3.7732
34,Rest,537.3555555555504,0.0,3.7732
34,Rest,537.4555555555562,0.0,3.7732
34,Rest,537.555555555562,0.0,3.7732
34,Rest,537.6555555555678,0.0,3.7733
34,Rest,537.7555555555737,0.0,3.7733
34,Rest,537.8555555555504,0.0,3.7732
34,Rest,537.9555555555562,0.0,3.7733
34,Rest,538.055555555562,0.0,3.7733
34,Rest,538.1555555555678,0.0,3.7732
34,Rest,538.2555555555737,0.0,3.7732
34,Rest,538.3555555555504,0.0,3.7732
34,Rest,538.4555555555562,0.0,3.7732
34,Rest,538.555555555562,0.0,3.7732
34,Rest,538.6555555555678,0.0,3.7732
34,Rest,538.7555555555737,0.0,3.7733
34,Rest,538.8555555555504,0.0,3.7733
34,Rest,538.9555555555562,0.0,3.7733
34,Rest,539.055555555562,0.0,3.7733
34,Rest,539.1555555555678,0.0,3.7733
34,Rest,539.2555555555737,0.0,3.7732
34,Rest,539.3555555555504,0.0,3.7733
34,Rest,539.4555555555562,0.0,3.7733
34,Rest,539.555555555562,0.0,3.7733
34,Rest,539.6555555555678,0.0,3.7733
34,Rest,539.7555555555737,0.0,3.7733
34,Rest,539.8555555555504,0.0,3.7733
34,Rest,539.9555555555562,0.0,3.7733
34,Rest,540.055555555562,0.0,3.7733
34,Rest,540.1555555555678,0.0,3.7733
34,Rest,540.2555555555737,0.0,3.7733
34,Rest,540.3555555555504,0.0,3.7733
34,Rest,540.4555555555562,0.0,3.7733
34,Rest,540.555555555562,0.0,3.7733
34,Rest,540.6555555555678,0.0,3.7733
34,Rest,540.7555555555737,0.0,3.7733
34,Rest,540.8555555555504,0.0,3.7733
34,Rest,540.9555555555562,0.0,3.7733
34,Rest,541.055555555562,0.0,3.7733
34,Rest,541.1555555555678,0.0,3.7733
34,Rest,541.2555555555737,0.0,3.7733
34,Rest,541.3555555555504,0.0,3.7733
34,Rest,541.4555555555562,0.0,3.7733
34,Rest,541.555555555562,0.0,3.7733
34,Rest,541.6555555555678,0.0,3.7733
34,Rest,541.7555555555737,0.0,3.7733
34,Rest,541.8555555555504,0.0,3.7733
34,Rest,541.9555555555562,0.0,3.7733
34,Rest,542.055555555562,0.0,3.7733
34,Rest,542.1555555555678,0.0,3.7733
34,Rest,542.2555555555737,0.0,3.7733
34,Rest,542.3555555555504,0.0,3.7733
34,Rest,542.4555555555562,0.0,3.7733
34,Rest,542.555555555562,0.0,3.7733
34,Rest,542.6555555555678,0.0,3.7733
34,Rest,542.7555555555737,0.0,3.7733
34,Rest,542.8555555555504,0.0,3.7733
34,Rest,542.9555555555562,0.0,3.7733
34,Rest,543.055555555562,0.0,3.7733
34,Rest,543.1555555555678,0.0,3.7733
34,Rest,543.2555555555737,0.0,3.7733
34,Rest,543.3555555555504,0.0,3.7734
34,Rest,543.4555555555562,0.0,3.7734
34,Rest,543.555555555562,0.0,3.7734
34,Rest,543.6555555555678,0.0,3.7733
34,Rest,543.7555555555737,0.0,3.7733
34,Rest,543.8555555555504,0.0,3.7734
34,Rest,543.9555555555562,0.0,3.7734
34,Rest,544.055555555562,0.0,3.7734
34,Rest,544.1555555555678,0.0,3.7734
34,Rest,544.2555555555737,0.0,3.7734
34,Rest,544.3555555555504,0.0,3.7734
34,Rest,544.4555555555562,0.0,3.7734
34,Rest,544.555555555562,0.0,3.7734
34,Rest,544.6555555555678,0.0,3.7734
34,Rest,544.7555555555737,0.0,3.7734
34,Rest,544.8555555555504,0.0,3.7734
34,Rest,544.9555555555562,0.0,3.7734
34,Rest,545.055555555562,0.0,3.7734
34,Rest,545.1555555555678,0.0,3.7734
34,Rest,545.2555555555737,0.0,3.7734
34,Rest,545.3555555555504,0.0,3.7734
34,Rest,545.4555555555562,0.0,3.7734
34,Rest,545.555555555562,0.0,3.7734
34,Rest,545.6555555555678,0.0,3.7734
34,Rest,545.7555555555737,0.0,3.7734
34,Rest,545.8555555555504,0.0,3.7734
34,Rest,545.9555555555562,0.0,3.7734
34,Rest,546.055555555562,0.0,3.7734
34,Rest,546.1555555555678,0.0,3.7734
34,Rest,546.2555555555737,0.0,3.7734
34,Rest,546.3555555555504,0.0,3.7734
34,Rest,546.4555555555562,0.0,3.7734
34,Rest,546.555555555562,0.0,3.7734
34,Rest,546.6555555555678,0.0,3.7734
34,Rest,546.7555555555737,0.0,3.7734
34,Rest,546.8555555555504,0.0,3.7734
34,Rest,546.9555555555562,0.0,3.7734
34,Rest,547.055555555562,0.0,3.7734
34,Rest,547.1555555555678,0.0,3.7734
34,Rest,547.2555555555737,0.0,3.7734
34,Rest,547.3555555555504,0.0,3.7734
34,Rest,547.4555555555562,0.0,3.7735
34,Rest,547.555555555562,0.0,3.7735
34,Rest,547.6555555555678,0.0,3.7734
34,Rest,547.7555555555737,0.0,3.7734
34,Rest,547.8555555555504,0.0,3.7734
34,Rest,547.9555555555562,0.0,3.7734
34,Rest,548.055555555562,0.0,3.7734
34,Rest,548.1555555555678,0.0,3.7734
34,Rest,548.2555555555737,0.0,3.7734
34,Rest,548.3555555555504,0.0,3.7734
34,Rest,548.4555555555562,0.0,3.7735
34,Rest,548.555555555562,0.0,3.7735
34,Rest,548.6555555555678,0.0,3.7734
34,Rest,548.7555555555737,0.0,3.7734
34,Rest,548.8555555555504,0.0,3.7734
34,Rest,548.9555555555562,0.0,3.7735
34,Rest,549.055555555562,0.0,3.7735
34,Rest,549.1555555555678,0.0,3.7735
34,Rest,549.2555555555737,0.0,3.7735
34,Rest,549.3555555555504,0.0,3.7735
34,Rest,549.4555555555562,0.0,3.7735
34,Rest,549.555555555562,0.0,3.7735
34,Rest,549.6555555555678,0.0,3.7735
34,Rest,549.7555555555737,0.0,3.7735
34,Rest,549.8555555555504,0.0,3.7735
34,Rest,549.9555555555562,0.0,3.7735
34,Rest,550.055555555562,0.0,3.7735
34,Rest,550.1555555555678,0.0,3.7735
34,Rest,550.2555555555737,0.0,3.7735
34,Rest,550.3555555555504,0.0,3.7735
34,Rest,550.4555555555562,0.0,3.7735
34,Rest,550.555555555562,0.0,3.7735
34,Rest,550.6555555555678,0.0,3.7735
34,Rest,550.7555555555737,0.0,3.7735
34,Rest,550.8555555555504,0.0,3.7735
34,Rest,550.9555555555562,0.0,3.7735
34,Rest,551.055555555562,0.0,3.7735
34,Rest,551.1555555555678,0.0,3.7735
34,Rest,551.2555555555737,0.0,3.7735
34,Rest,551.3555555555504,0.0,3.7735
34,Rest,551.4555555555562,0.0,3.7735
34,Rest,551.555555555562,0.0,3.7735
34,Rest,551.6555555555678,0.0,3.7735
34,Rest,551.7555555555737,0.0,3.7735
34,Rest,551.8555555555504,0.0,3.7735
34,Rest,551.9555555555562,0.0,3.7735
34,Rest,552.055555555562,0.0,3.7735
34,Rest,552.1555555555678,0.0,3.7735
34,Rest,552.2555555555737,0.0,3.7735
34,Rest,552.3555555555504,0.0,3.7735
34,Rest,552.4555555555562,0.0,3.7735
34,Rest,552.555555555562,0.0,3.7735
34,Rest,552.6555555555678,0.0,3.7735
34,Rest,552.7555555555737,0.0,3.7735
34,Rest,552.8555555555504,0.0,3.7735
34,Rest,552.9555555555562,0.0,3.7735
34,Rest,553.055555555562,0.0,3.7735
34,Rest,553.1555555555678,0.0,3.7735
34,Rest,553.2555555555737,0.0,3.7735
34,Rest,553.3555555555504,0.0,3.7735
34,Rest,553.4555555555562,0.0,3.7735
34,Rest,553.555555555562,0.0,3.7735
34,Rest,553.6555555555678,0.0,3.7735
34,Rest,553.7555555555737,0.0,3.7735
34,Rest,553.8555555555504,0.0,3.7735
34,Rest,553.9555555555562,0.0,3.7735
34,Rest,554.055555555562,0.0,3.7735
34,Rest,554.1555555555678,0.0,3.7735
34,Rest,554.2555555555737,0.0,3.7735
34,Rest,554.3555555555504,0.0,3.7735
34,Rest,554.4555555555562,0.0,3.7735
34,Rest,554.555555555562,0.0,3.7736
34,Rest,554.6555555555678,0.0,3.7736
34,Rest,554.7555555555737,0.0,3.7736
34,Rest,554.8555555555504,0.0,3.7735
34,Rest,554.9555555555562,0.0,3.7735
34,Rest,555.055555555562,0.0,3.7736
34,Rest,555.1555555555678,0.0,3.7736
34,Rest,555.2555555555737,0.0,3.7735
34,Rest,555.3555555555504,0.0,3.7736
34,Rest,555.4555555555562,0.0,3.7736
34,Rest,555.555555555562,0.0,3.7736
34,Rest,555.6555555555678,0.0,3.7735
34,Rest,555.7555555555737,0.0,3.7735
34,Rest,555.8555555555504,0.0,3.7735
34,Rest,555.9555555555562,0.0,3.7736
34,Rest,556.055555555562,0.0,3.7736
34,Rest,556.1555555555678,0.0,3.7735
34,Rest,556.2555555555737,0.0,3.7736
34,Rest,556.3555555555504,0.0,3.7736
34,Rest,556.4555555555562,0.0,3.7736
34,Rest,556.555555555562,0.0,3.7736
34,Rest,556.6555555555678,0.0,3.7736
34,Rest,556.7555555555737,0.0,3.7736
34,Rest,556.8555555555504,0.0,3.7736
34,Rest,556.9555555555562,0.0,3.7736
34,Rest,557.055555555562,0.0,3.7736
34,Rest,557.1555555555678,0.0,3.7736
34,Rest,557.2555555555737,0.0,3.7736
34,Rest,557.3555555555504,0.0,3.7736
34,Rest,557.4555555555562,0.0,3.7736
34,Rest,557.555555555562,0.0,3.7736
34,Rest,557.6555555555678,0.0,3.7736
34,Rest,557.7555555555737,0.0,3.7737
34,Rest,557.8555555555504,0.0,3.7737
34,Rest,557.9555555555562,0.0,3.7737
34,Rest,558.055555555562,0.0,3.7737
34,Rest,558.1555555555678,0.0,3.7737
34,Rest,558.2555555555737,0.0,3.7737
34,Rest,558.3555555555504,0.0,3.7737
34,Rest,558.4555555555562,0.0,3.7737
34,Rest,558.555555555562,0.0,3.7737
34,Rest,558.6555555555678,0.0,3.7737
34,Rest,558.7555555555737,0.0,3.7737
34,Rest,558.8555555555504,0.0,3.7737
34,Rest,558.9555555555562,0.0,3.7737
34,Rest,559.055555555562,0.0,3.7737
34,Rest,559.1555555555678,0.0,3.7737
34,Rest,559.2555555555737,0.0,3.7737
34,Rest,559.3555555555504,0.0,3.7737
34,Rest,559.4555555555562,0.0,3.7737
34,Rest,559.555555555562,0.0,3.7737
34,Rest,559.6555555555678,0.0,3.7737
34,Rest,559.7555555555737,0.0,3.7737
34,Rest,559.8555555555504,0.0,3.7737
34,Rest,559.9555555555562,0.0,3.7737
34,Rest,560.055555555562,0.0,3.7737
34,Rest,560.1555555555678,0.0,3.7737
34,Rest,560.2555555555737,0.0,3.7738
34,Rest,560.3555555555504,0.0,3.7737
34,Rest,560.4555555555562,0.0,3.7737
34,Rest,560.555555555562,0.0,3.7737
34,Rest,560.6555555555678,0.0,3.7738
34,Rest,560.7555555555737,0.0,3.7738
34,Rest,560.8555555555504,0.0,3.7738
34,Rest,560.9555555555562,0.0,3.7738
34,Rest,561.055555555562,0.0,3.7738
34,Rest,561.1555555555678,0.0,3.7738
34,Rest,561.2555555555737,0.0,3.7738
34,Rest,561.3555555555504,0.0,3.7738
34,Rest,561.4555555555562,0.0,3.7738
34,Rest,561.555555555562,0.0,3.7738
34,Rest,561.6555555555678,0.0,3.7738
34,Rest,561.7555555555737,0.0,3.7738
34,Rest,561.8555555555504,0.0,3.7737
34,Rest,561.9555555555562,0.0,3.7738
34,Rest,562.055555555562,0.0,3.7737
34,Rest,562.1555555555678,0.0,3.7737
34,Rest,562.2555555555737,0.0,3.7738
34,Rest,562.3555555555504,0.0,3.7738
34,Rest,562.4555555555562,0.0,3.7738
34,Rest,562.555555555562,0.0,3.7738
34,Rest,562.6555555555678,0.0,3.7738
34,Rest,562.7555555555737,0.0,3.7738
34,Rest,562.8555555555504,0.0,3.7738
34,Rest,562.9555555555562,0.0,3.7738
34,Rest,563.055555555562,0.0,3.7738
34,Rest,563.1555555555678,0.0,3.7738
34,Rest,563.2555555555737,0.0,3.7738
34,Rest,563.3555555555504,0.0,3.7738
34,Rest,563.4555555555562,0.0,3.7738
34,Rest,563.555555555562,0.0,3.7738
34,Rest,563.6555555555678,0.0,3.7738
34,Rest,563.7555555555737,0.0,3.7738
34,Rest,563.8555555555504,0.0,3.7738
34,Rest,563.9555555555562,0.0,3.7738
34,Rest,564.055555555562,0.0,3.7738
34,Rest,564.1555555555678,0.0,3.7738
34,Rest,564.2555555555737,0.0,3.7738
34,Rest,564.3555555555504,0.0,3.7738
34,Rest,564.4555555555562,0.0,3.7738
34,Rest,564.555555555562,0.0,3.7738
34,Rest,564.6555555555678,0.0,3.7738
34,Rest,564.7555555555737,0.0,3.7738
34,Rest,564.8555555555504,0.0,3.7738
34,Rest,564.9555555555562,0.0,3.7738
34,Rest,565.055555555562,0.0,3.7738
34,Rest,565.1555555555678,0.0,3.7738
34,Rest,565.2555555555737,0.0,3.7738
34,Rest,565.3555555555504,0.0,3.7738
34,Rest,565.4555555555562,0.0,3.7738
34,Rest,565.555555555562,0.0,3.7738
34,Rest,565.6555555555678,0.0,3.7738
34,Rest,565.7555555555737,0.0,3.7738
34,Rest,565.8555555555504,0.0,3.7738
34,Rest,565.9555555555562,0.0,3.7738
34,Rest,566.055555555562,0.0,3.7738
34,Rest,566.1555555555678,0.0,3.7738
34,Rest,566.2555555555737,0.0,3.7738
34,Rest,566.3555555555504,0.0,3.7738
34,Rest,566.4555555555562,0.0,3.7738
34,Rest,566.555555555562,0.0,3.7738
34,Rest,566.6555555555678,0.0,3.7738
34,Rest,566.7555555555737,0.0,3.7738
34,Rest,566.8555555555504,0.0,3.7738
34,Rest,566.9555555555562,0.0,3.7738
34,Rest,567.055555555562,0.0,3.7738
34,Rest,567.1555555555678,0.0,3.7738
34,Rest,567.2555555555737,0.0,3.7738
34,Rest,567.3555555555504,0.0,3.7738
34,Rest,567.4555555555562,0.0,3.7738
34,Rest,567.555555555562,0.0,3.7738
34,Rest,567.6555555555678,0.0,3.7738
34,Rest,567.7555555555737,0.0,3.7738
34,Rest,567.8555555555504,0.0,3.7738
34,Rest,567.9555555555562,0.0,3.7738
34,Rest,568.055555555562,0.0,3.7738
34,Rest,568.1555555555678,0.0,3.7738
34,Rest,568.2555555555737,0.0,3.7739
34,Rest,568.3555555555504,0.0,3.7739
34,Rest,568.4555555555562,0.0,3.7739
34,Rest,568.555555555562,0.0,3.7738
34,Rest,568.6555555555678,0.0,3.7738
34,Rest,568.7555555555737,0.0,3.7739
34,Rest,568.8555555555504,0.0,3.7739
34,Rest,568.9555555555562,0.0,3.7739
34,Rest,569.055555555562,0.0,3.7738
34,Rest,569.1555555555678,0.0,3.7739
34,Rest,569.2555555555737,0.0,3.7739
34,Rest,569.3555555555504,0.0,3.7739
34,Rest,569.4555555555562,0.0,3.7739
34,Rest,569.555555555562,0.0,3.7739
34,Rest,569.6555555555678,0.0,3.7739
34,Rest,569.7555555555737,0.0,3.7739
34,Rest,569.8555555555504,0.0,3.7739
34,Rest,569.9555555555562,0.0,3.7739
34,Rest,570.055555555562,0.0,3.7739
34,Rest,570.1555555555678,0.0,3.7739
34,Rest,570.2555555555737,0.0,3.7739
34,Rest,570.3555555555504,0.0,3.7739
34,Rest,570.4555555555562,0.0,3.7739
34,Rest,570.555555555562,0.0,3.7739
34,Rest,570.6555555555678,0.0,3.7739
34,Rest,570.7555555555737,0.0,3.7739
34,Rest,570.8555555555504,0.0,3.7739
34,Rest,570.9555555555562,0.0,3.7739
34,Rest,571.055555555562,0.0,3.7739
34,Rest,571.1555555555678,0.0,3.7739
34,Rest,571.2555555555737,0.0,3.7739
34,Rest,571.3555555555504,0.0,3.7739
34,Rest,571.4555555555562,0.0,3.7739
34,Rest,571.555555555562,0.0,3.7739
34,Rest,571.6555555555678,0.0,3.7739
34,Rest,571.7555555555737,0.0,3.7739
34,Rest,571.8555555555504,0.0,3.774
34,Rest,571.9555555555562,0.0,3.774
34,Rest,572.055555555562,0.0,3.7739
34,Rest,572.1555555555678,0.0,3.7739
34,Rest,572.2555555555737,0.0,3.774
34,Rest,572.3555555555504,0.0,3.7739
34,Rest,572.4555555555562,0.0,3.774
34,Rest,572.555555555562,0.0,3.7739
34,Rest,572.6555555555678,0.0,3.7739
34,Rest,572.7555555555737,0.0,3.774
34,Rest,572.8555555555504,0.0,3.774
34,Rest,572.9555555555562,0.0,3.7739
34,Rest,573.055555555562,0.0,3.7739
34,Rest,573.1555555555678,0.0,3.7739
34,Rest,573.2555555555737,0.0,3.774
34,Rest,573.3555555555504,0.0,3.7739
34,Rest,573.4555555555562,0.0,3.7739
34,Rest,573.555555555562,0.0,3.7739
34,Rest,573.6555555555678,0.0,3.774
34,Rest,573.7555555555737,0.0,3.774
34,Rest,573.8555555555504,0.0,3.774
34,Rest,573.9555555555562,0.0,3.774
34,Rest,574.055555555562,0.0,3.774
34,Rest,574.1555555555678,0.0,3.774
34,Rest,574.2555555555737,0.0,3.774
34,Rest,574.3555555555504,0.0,3.774
34,Rest,574.4555555555562,0.0,3.774
34,Rest,574.555555555562,0.0,3.774
34,Rest,574.6555555555678,0.0,3.774
34,Rest,574.7555555555737,0.0,3.774
34,Rest,574.8555555555504,0.0,3.774
34,Rest,574.9555555555562,0.0,3.774
34,Rest,575.055555555562,0.0,3.774
34,Rest,575.1555555555678,0.0,3.774
34,Rest,575.2555555555737,0.0,3.774
34,Rest,575.3555555555504,0.0,3.774
34,Rest,575.4555555555562,0.0,3.774
34,Rest,575.555555555562,0.0,3.774
34,Rest,575.6555555555678,0.0,3.774
34,Rest,575.7555555555737,0.0,3.774
34,Rest,575.8555555555504,0.0,3.774
34,Rest,575.9555555555562,0.0,3.774
34,Rest,576.055555555562,0.0,3.774
34,Rest,576.1555555555678,0.0,3.774
34,Rest,576.2555555555737,0.0,3.774
34,Rest,576.3555555555504,0.0,3.774
34,Rest,576.4555555555562,0.0,3.774
34,Rest,576.555555555562,0.0,3.774
34,Rest,576.6555555555678,0.0,3.774
34,Rest,576.7555555555737,0.0,3.774
34,Rest,576.8555555555504,0.0,3.774
34,Rest,576.9555555555562,0.0,3.774
34,Rest,577.055555555562,0.0,3.774
34,Rest,577.1555555555678,0.0,3.774
34,Rest,577.2555555555737,0.0,3.774
34,Rest,577.3555555555504,0.0,3.774
34,Rest,577.4555555555562,0.0,3.774
34,Rest,577.555555555562,0.0,3.774
34,Rest,577.6555555555678,0.0,3.774
34,Rest,577.7555555555737,0.0,3.774
34,Rest,577.8555555555504,0.0,3.774
34,Rest,577.9555555555562,0.0,3.774
34,Rest,578.055555555562,0.0,3.774
34,Rest,578.1555555555678,0.0,3.774
34,Rest,578.2555555555737,0.0,3.774
34,Rest,578.3555555555504,0.0,3.774
34,Rest,578.4555555555562,0.0,3.774
34,Rest,578.555555555562,0.0,3.774
34,Rest,578.6555555555678,0.0,3.774
34,Rest,578.7555555555737,0.0,3.7741
34,Rest,578.8555555555504,0.0,3.7741
34,Rest,578.9555555555562,0.0,3.774
34,Rest,579.055555555562,0.0,3.774
34,Rest,579.1555555555678,0.0,3.774
34,Rest,579.2555555555737,0.0,3.774
34,Rest,579.3555555555504,0.0,3.774
34,Rest,579.4555555555562,0.0,3.774
34,Rest,579.555555555562,0.0,3.774
34,Rest,579.6555555555678,0.0,3.7741
34,Rest,579.7555555555737,0.0,3.7741
34,Rest,579.8555555555504,0.0,3.7741
34,Rest,579.9555555555562,0.0,3.774
34,Rest,580.055555555562,0.0,3.774
34,Rest,580.1555555555678,0.0,3.774
34,Rest,580.2555555555737,0.0,3.7741
34,Rest,580.3555555555504,0.0,3.7741
34,Rest,580.4555555555562,0.0,3.7741
34,Rest,580.555555555562,0.0,3.7741
34,Rest,580.6555555555678,0.0,3.7741
34,Rest,580.7555555555737,0.0,3.774
34,Rest,580.8555555555504,0.0,3.774
34,Rest,580.9555555555562,0.0,3.7741
34,Rest,581.055555555562,0.0,3.7741
34,Rest,581.1555555555678,0.0,3.7741
34,Rest,581.2555555555737,0.0,3.7741
34,Rest,581.3555555555504,0.0,3.7741
34,Rest,581.4555555555562,0.0,3.7741
34,Rest,581.555555555562,0.0,3.7741
34,Rest,581.6555555555678,0.0,3.7741
34,Rest,581.7555555555737,0.0,3.774
34,Rest,581.8555555555504,0.0,3.7741
34,Rest,581.9555555555562,0.0,3.7741
34,Rest,582.055555555562,0.0,3.7741
34,Rest,582.1555555555678,0.0,3.774
34,Rest,582.2555555555737,0.0,3.774
34,Rest,582.3555555555504,0.0,3.774
34,Rest,582.4555555555562,0.0,3.774
34,Rest,582.555555555562,0.0,3.7741
34,Rest,582.6555555555678,0.0,3.7741
34,Rest,582.7555555555737,0.0,3.7741
34,Rest,582.8555555555504,0.0,3.7741
34,Rest,582.9555555555562,0.0,3.7741
34,Rest,583.055555555562,0.0,3.7741
34,Rest,583.1555555555678,0.0,3.7741
34,Rest,583.2555555555737,0.0,3.7741
34,Rest,583.3555555555504,0.0,3.7741
34,Rest,583.4555555555562,0.0,3.7741
34,Rest,583.555555555562,0.0,3.7741
34,Rest,583.6555555555678,0.0,3.7741
34,Rest,583.7555555555737,0.0,3.7741
34,Rest,583.8555555555504,0.0,3.7741
