Step,Step Type,"t,s","I,A","U,V"
15,CC DChg,0.0,-1.6973,3.9707
15,CC DChg,1.2222222222480923,-1.6973,3.9707
15,CC DChg,2.444444444437977,-1.6978,3.9665
15,CC DChg,3.666666666686069,-1.6985,3.9657
15,CC DChg,4.888888888875954,-1.6989,3.9633
15,CC DChg,6.111111111124046,-1.6991,3.962
15,CC DChg,7.333333333343035,-1.6992,3.961
15,CC DChg,7.5353535353642656,-1.6993,3.9603
15,CC DChg,7.7373737373854965,-1.6994,3.9597
15,CC DChg,7.939393939406727,-1.6994,3.9592
15,CC DChg,8.14141414144251,-1.6995,3.9587
15,CC DChg,8.34343434344919,-1.6995,3.9582
15,CC DChg,8.545454545455868,-1.6995,3.9578
15,CC DChg,8.7474747474771,-1.6996,3.9575
15,CC DChg,8.94949494949833,-1.6996,3.9571
15,CC DChg,9.151515151519561,-1.6996,3.9567
15,CC DChg,9.353535353540792,-1.6996,3.9564
15,CC DChg,9.462809917356935,-1.6996,3.9561
15,CC DChg,9.572084481202182,-1.6996,3.9558
15,CC DChg,9.681359045003774,-1.6997,3.9555
15,CC DChg,9.790633608819917,-1.6997,3.9551
15,CC DChg,9.89990817263606,-1.6997,3.9549
15,CC DChg,10.009182736466755,-1.6997,3.9546
15,CC DChg,10.118457300282898,-1.6997,3.9543
15,CC DChg,10.227731864099042,-1.6997,3.9541
15,CC DChg,10.337006427915185,-1.6997,3.9538
15,CC DChg,10.44628099174588,-1.6997,3.9536
15,CC DChg,10.547124133925536,-1.6997,3.9533
15,CC DChg,10.647967276076088,-1.6997,3.9531
15,CC DChg,10.748810418241192,-1.6998,3.9529
15,CC DChg,10.849653560406296,-1.6998,3.9527
15,CC DChg,10.950496702556848,-1.6998,3.9524
15,CC DChg,11.051339844721952,-1.6998,3.9522
15,CC DChg,11.152182986901607,-1.6998,3.952
15,CC DChg,11.253026129066711,-1.6998,3.9518
15,CC DChg,11.353869271246367,-1.6998,3.9515
15,CC DChg,11.45471241339692,-1.6998,3.9513
15,CC DChg,11.554789062676718,-1.6998,3.9511
15,CC DChg,11.654865711956518,-1.6998,3.9509
15,CC DChg,11.754942361265421,-1.6998,3.9507
15,CC DChg,11.85501901054522,-1.6998,3.9505
15,CC DChg,11.955095659839571,-1.6998,3.9503
15,CC DChg,12.05517230911937,-1.6998,3.9501
15,CC DChg,12.15524895839917,-1.6998,3.9499
15,CC DChg,12.25532560767897,-1.6998,3.9497
15,CC DChg,12.355402257002424,-1.6998,3.9495
15,CC DChg,12.455478906267672,-1.6998,3.9493
15,CC DChg,12.55548587438534,-1.6998,3.9491
15,CC DChg,12.655492842503008,-1.6998,3.949
15,CC DChg,12.755499810620677,-1.6998,3.9488
15,CC DChg,12.855506778738345,-1.6998,3.9486
15,CC DChg,12.955513746856013,-1.6998,3.9485
15,CC DChg,13.05552071495913,-1.6998,3.9483
15,CC DChg,13.155527683076798,-1.6998,3.9481
15,CC DChg,13.255534651209018,-1.6998,3.9479
15,CC DChg,13.355541619326686,-1.6999,3.9478
15,CC DChg,13.455548587444355,-1.6999,3.9476
15,CC DChg,13.55554922092415,-1.6999,3.9474
15,CC DChg,13.655549854360288,-1.6999,3.9472
15,CC DChg,13.755550487840082,-1.6999,3.9471
15,CC DChg,13.855551121305325,-1.6999,3.9469
15,CC DChg,13.955551754756016,-1.6999,3.9468
15,CC DChg,14.05555238823581,-1.6999,3.9466
15,CC DChg,14.155553021701053,-1.6999,3.9464
15,CC DChg,14.255553655166295,-1.6999,3.9463
15,CC DChg,14.35555428864609,-1.6999,3.9461
15,CC DChg,14.455554922082229,-1.6999,3.9459
15,CC DChg,14.55555497968453,-1.6999,3.9457
15,CC DChg,14.655555037286831,-1.6999,3.9456
15,CC DChg,14.755555094860028,-1.6999,3.9455
15,CC DChg,14.855555152447778,-1.6999,3.9453
15,CC DChg,14.955555210035527,-1.6999,3.9451
15,CC DChg,15.055555267623276,-1.6999,3.945
15,CC DChg,15.155555325196474,-1.6999,3.9448
15,CC DChg,15.255555382798775,-1.6999,3.9447
15,CC DChg,15.355555440386524,-1.6999,3.9445
15,CC DChg,15.455555497959722,-1.6999,3.9444
15,CC DChg,15.555555503204232,-1.6999,3.9442
15,CC DChg,15.655555508448742,-1.6999,3.9441
15,CC DChg,15.7555555136787,-1.6999,3.9439
15,CC DChg,15.855555518923211,-1.6999,3.9438
15,CC DChg,15.955555524167721,-1.6999,3.9436
15,CC DChg,16.055555529383128,-1.6999,3.9435
15,CC DChg,16.15555553464219,-1.6999,3.9433
15,CC DChg,16.255555539857596,-1.6999,3.9432
15,CC DChg,16.355555545087554,-1.6999,3.943
15,CC DChg,16.455555550317513,-1.6999,3.9429
15,CC DChg,16.555555550803547,-1.6999,3.9428
15,CC DChg,16.65555555127503,-1.6999,3.9426
15,CC DChg,16.755555551761063,-1.6999,3.9425
15,CC DChg,16.855555552247097,-1.6999,3.9423
15,CC DChg,16.955555552704027,-1.6999,3.9422
15,CC DChg,17.055555553204613,-1.6999,3.9421
15,CC DChg,17.155555553661543,-1.6999,3.9419
15,CC DChg,17.255555554118473,-1.6999,3.9418
15,CC DChg,17.355555554604507,-1.6999,3.9417
15,CC DChg,17.45555555507599,-1.6999,3.9415
15,CC DChg,17.555555555140018,-1.6999,3.9414
15,CC DChg,17.65555555516039,-1.6999,3.9412
15,CC DChg,17.75555555522442,-1.6999,3.9411
15,CC DChg,17.855555555259343,-1.6999,3.941
15,CC DChg,17.95555555532337,-1.6999,3.9408
15,CC DChg,18.055555555343744,-1.6999,3.9407
15,CC DChg,18.155555555407773,-1.6999,3.9406
15,CC DChg,18.255555555442697,-1.6999,3.9404
15,CC DChg,18.355555555477622,-1.6999,3.9403
15,CC DChg,18.4555555555271,-1.6999,3.9402
15,CC DChg,18.555555555518367,-1.6999,3.94
15,CC DChg,18.655555555524188,-1.6999,3.9399
15,CC DChg,18.755555555515457,-1.6999,3.9398
15,CC DChg,18.855555555521278,-1.6999,3.9396
15,CC DChg,18.95555555554165,-1.6999,3.9395
15,CC DChg,19.055555555518367,-1.6999,3.9394
15,CC DChg,19.15555555553874,-1.6999,3.9392
15,CC DChg,19.25555555554456,-1.6999,3.9391
15,CC DChg,19.355555555564933,-1.6999,3.939
15,CC DChg,19.455555555556202,-1.6999,3.9389
15,CC DChg,19.555555555562023,-1.6999,3.9387
15,CC DChg,19.655555555567844,-1.6999,3.9386
15,CC DChg,19.755555555559113,-1.6999,3.9385
15,CC DChg,19.855555555564933,-1.6999,3.9384
15,CC DChg,19.955555555556202,-1.6999,3.9382
15,CC DChg,20.055555555562023,-1.6999,3.9381
15,CC DChg,20.155555555567844,-1.6999,3.938
15,CC DChg,20.255555555559113,-1.6999,3.9379
15,CC DChg,20.355555555564933,-1.6999,3.9377
15,CC DChg,20.455555555556202,-1.6999,3.9377
15,CC DChg,20.555555555562023,-1.6999,3.9375
15,CC DChg,20.655555555567844,-1.6999,3.9374
15,CC DChg,20.755555555559113,-1.6999,3.9373
15,CC DChg,20.855555555564933,-1.6999,3.9371
15,CC DChg,20.955555555556202,-1.6999,3.937
15,CC DChg,21.055555555562023,-1.6999,3.9369
15,CC DChg,21.155555555567844,-1.6999,3.9368
15,CC DChg,21.255555555559113,-1.6999,3.9367
15,CC DChg,21.355555555564933,-1.6999,3.9365
15,CC DChg,21.455555555556202,-1.6998,3.9364
15,CC DChg,21.555555555562023,-1.6998,3.9363
15,CC DChg,21.655555555567844,-1.6998,3.9362
15,CC DChg,21.755555555559113,-1.6998,3.9361
15,CC DChg,21.855555555564933,-1.6998,3.936
15,CC DChg,21.955555555556202,-1.6998,3.9358
15,CC DChg,22.055555555562023,-1.6998,3.9357
15,CC DChg,22.155555555567844,-1.6998,3.9356
15,CC DChg,22.255555555559113,-1.6998,3.9355
15,CC DChg,22.355555555564933,-1.6998,3.9354
15,CC DChg,22.455555555556202,-1.6998,3.9353
15,CC DChg,22.555555555562023,-1.6998,3.9351
15,CC DChg,22.655555555567844,-1.6998,3.935
15,CC DChg,22.755555555559113,-1.6998,3.9349
15,CC DChg,22.855555555564933,-1.6998,3.9348
15,CC DChg,22.955555555556202,-1.6998,3.9347
15,CC DChg,23.055555555562023,-1.6998,3.9345
15,CC DChg,23.155555555567844,-1.6998,3.9344
15,CC DChg,23.255555555559113,-1.6998,3.9343
15,CC DChg,23.355555555564933,-1.6998,3.9342
15,CC DChg,23.455555555556202,-1.6998,3.9341
15,CC DChg,23.555555555562023,-1.6998,3.9339
15,CC DChg,23.655555555567844,-1.6998,3.9339
15,CC DChg,23.755555555559113,-1.6998,3.9338
15,CC DChg,23.855555555564933,-1.6998,3.9336
15,CC DChg,23.955555555556202,-1.6998,3.9335
15,CC DChg,24.055555555562023,-1.6998,3.9334
15,CC DChg,24.155555555567844,-1.6998,3.9333
15,CC DChg,24.255555555559113,-1.6998,3.9332
15,CC DChg,24.355555555564933,-1.6998,3.9331
15,CC DChg,24.455555555556202,-1.6998,3.9329
15,CC DChg,24.555555555562023,-1.6998,3.9329
15,CC DChg,24.655555555567844,-1.6998,3.9327
15,CC DChg,24.755555555559113,-1.6998,3.9326
15,CC DChg,24.855555555564933,-1.6998,3.9325
15,CC DChg,24.955555555556202,-1.6998,3.9324
15,CC DChg,25.055555555562023,-1.6998,3.9323
15,CC DChg,25.155555555567844,-1.6998,3.9322
15,CC DChg,25.255555555559113,-1.6998,3.9321
15,CC DChg,25.355555555564933,-1.6998,3.932
15,CC DChg,25.455555555556202,-1.6998,3.9319
15,CC DChg,25.555555555562023,-1.6998,3.9318
15,CC DChg,25.655555555567844,-1.6998,3.9316
15,CC DChg,25.755555555559113,-1.6998,3.9316
15,CC DChg,25.855555555564933,-1.6998,3.9315
15,CC DChg,25.955555555556202,-1.6998,3.9314
15,CC DChg,26.055555555562023,-1.6998,3.9312
15,CC DChg,26.155555555567844,-1.6998,3.9312
15,CC DChg,26.255555555559113,-1.6998,3.931
15,CC DChg,26.355555555564933,-1.6998,3.9309
15,CC DChg,26.455555555556202,-1.6998,3.9308
15,CC DChg,26.555555555562023,-1.6998,3.9307
15,CC DChg,26.655555555567844,-1.6998,3.9306
15,CC DChg,26.755555555559113,-1.6998,3.9305
15,CC DChg,26.855555555564933,-1.6998,3.9304
15,CC DChg,26.955555555556202,-1.6998,3.9303
15,CC DChg,27.055555555562023,-1.6999,3.9302
15,CC DChg,27.155555555567844,-1.6999,3.9301
15,CC DChg,27.255555555559113,-1.6999,3.93
15,CC DChg,27.355555555564933,-1.6999,3.9299
15,CC DChg,27.455555555556202,-1.6999,3.9298
15,CC DChg,27.555555555562023,-1.6999,3.9297
15,CC DChg,27.655555555567844,-1.6999,3.9296
15,CC DChg,27.755555555559113,-1.6999,3.9295
15,CC DChg,27.855555555564933,-1.6999,3.9294
15,CC DChg,27.955555555556202,-1.6999,3.9293
15,CC DChg,28.055555555562023,-1.6999,3.9292
15,CC DChg,28.155555555567844,-1.6999,3.9291
15,CC DChg,28.255555555559113,-1.6999,3.929
15,CC DChg,28.355555555564933,-1.6999,3.9289
15,CC DChg,28.455555555556202,-1.6999,3.9288
15,CC DChg,28.555555555562023,-1.6999,3.9288
15,CC DChg,28.655555555567844,-1.6999,3.9286
15,CC DChg,28.755555555559113,-1.6999,3.9286
15,CC DChg,28.855555555564933,-1.6999,3.9285
15,CC DChg,28.955555555556202,-1.6999,3.9284
15,CC DChg,29.055555555562023,-1.6999,3.9283
15,CC DChg,29.155555555567844,-1.6999,3.9282
15,CC DChg,29.255555555559113,-1.6999,3.928
15,CC DChg,29.355555555564933,-1.6999,3.9279
15,CC DChg,29.455555555556202,-1.6999,3.9279
15,CC DChg,29.555555555562023,-1.6999,3.9277
15,CC DChg,29.655555555567844,-1.6999,3.9276
15,CC DChg,29.755555555559113,-1.6999,3.9276
15,CC DChg,29.855555555564933,-1.6999,3.9275
15,CC DChg,29.955555555556202,-1.6999,3.9274
15,CC DChg,30.055555555562023,-1.6999,3.9273
15,CC DChg,30.155555555567844,-1.6999,3.9272
15,CC DChg,30.255555555559113,-1.6999,3.9271
15,CC DChg,30.355555555564933,-1.6999,3.9271
15,CC DChg,30.455555555556202,-1.6999,3.9269
15,CC DChg,30.555555555562023,-1.6999,3.9268
15,CC DChg,30.655555555567844,-1.6999,3.9267
15,CC DChg,30.755555555559113,-1.6999,3.9266
15,CC DChg,30.855555555564933,-1.6999,3.9266
15,CC DChg,30.955555555556202,-1.6999,3.9265
15,CC DChg,31.055555555562023,-1.6999,3.9264
15,CC DChg,31.155555555567844,-1.6999,3.9263
15,CC DChg,31.255555555559113,-1.6999,3.9262
15,CC DChg,31.355555555564933,-1.6999,3.9261
15,CC DChg,31.455555555556202,-1.6999,3.926
15,CC DChg,31.555555555562023,-1.6999,3.9259
15,CC DChg,31.655555555567844,-1.6999,3.9258
15,CC DChg,31.755555555559113,-1.6999,3.9257
15,CC DChg,31.855555555564933,-1.6999,3.9256
15,CC DChg,31.955555555556202,-1.6999,3.9255
15,CC DChg,32.05555555556202,-1.6999,3.9254
15,CC DChg,32.155555555567844,-1.6999,3.9253
15,CC DChg,32.25555555555911,-1.6999,3.9252
15,CC DChg,32.35555555556493,-1.6999,3.9251
15,CC DChg,32.4555555555562,-1.6999,3.9251
15,CC DChg,32.55555555556202,-1.6999,3.925
15,CC DChg,32.655555555567844,-1.6999,3.9249
15,CC DChg,32.75555555555911,-1.6999,3.9248
15,CC DChg,32.85555555556493,-1.6999,3.9247
15,CC DChg,32.9555555555562,-1.6999,3.9247
15,CC DChg,33.05555555556202,-1.6999,3.9246
15,CC DChg,33.155555555567844,-1.6999,3.9245
15,CC DChg,33.25555555555911,-1.6999,3.9244
15,CC DChg,33.35555555556493,-1.6999,3.9243
15,CC DChg,33.4555555555562,-1.6999,3.9242
15,CC DChg,33.55555555556202,-1.6999,3.9241
15,CC DChg,33.655555555567844,-1.6999,3.924
15,CC DChg,33.75555555555911,-1.6999,3.9239
15,CC DChg,33.85555555556493,-1.6999,3.9239
15,CC DChg,33.9555555555562,-1.6999,3.9238
15,CC DChg,34.05555555556202,-1.6999,3.9237
15,CC DChg,34.155555555567844,-1.6999,3.9236
15,CC DChg,34.25555555555911,-1.6999,3.9235
15,CC DChg,34.35555555556493,-1.6999,3.9234
15,CC DChg,34.4555555555562,-1.6999,3.9233
15,CC DChg,34.55555555556202,-1.6999,3.9232
15,CC DChg,34.655555555567844,-1.6999,3.9231
15,CC DChg,34.75555555555911,-1.6999,3.9231
15,CC DChg,34.85555555556493,-1.6999,3.923
15,CC DChg,34.9555555555562,-1.6999,3.9229
15,CC DChg,35.05555555556202,-1.6999,3.9228
15,CC DChg,35.155555555567844,-1.6999,3.9227
15,CC DChg,35.25555555555911,-1.6999,3.9226
15,CC DChg,35.35555555556493,-1.6999,3.9225
15,CC DChg,35.4555555555562,-1.6999,3.9224
15,CC DChg,35.55555555556202,-1.6999,3.9224
15,CC DChg,35.655555555567844,-1.6999,3.9223
15,CC DChg,35.75555555555911,-1.6999,3.9222
15,CC DChg,35.85555555556493,-1.6999,3.9221
15,CC DChg,35.9555555555562,-1.6999,3.922
15,CC DChg,36.05555555556202,-1.6999,3.9219
15,CC DChg,36.155555555567844,-1.6999,3.9219
15,CC DChg,36.25555555555911,-1.6999,3.9218
15,CC DChg,36.35555555556493,-1.6999,3.9217
15,CC DChg,36.4555555555562,-1.6999,3.9216
15,CC DChg,36.55555555556202,-1.6999,3.9215
15,CC DChg,36.655555555567844,-1.6999,3.9215
15,CC DChg,36.75555555555911,-1.6999,3.9214
15,CC DChg,36.85555555556493,-1.6999,3.9213
15,CC DChg,36.9555555555562,-1.6999,3.9212
15,CC DChg,37.05555555556202,-1.6999,3.9211
15,CC DChg,37.155555555567844,-1.6999,3.921
15,CC DChg,37.25555555555911,-1.6999,3.921
15,CC DChg,37.35555555556493,-1.6999,3.9209
15,CC DChg,37.4555555555562,-1.6999,3.9208
15,CC DChg,37.55555555556202,-1.6999,3.9207
15,CC DChg,37.655555555567844,-1.6999,3.9206
15,CC DChg,37.75555555555911,-1.6999,3.9206
15,CC DChg,37.85555555556493,-1.6999,3.9205
15,CC DChg,37.9555555555562,-1.6999,3.9204
15,CC DChg,38.05555555556202,-1.6999,3.9204
15,CC DChg,38.155555555567844,-1.6999,3.9203
15,CC DChg,38.25555555555911,-1.6999,3.9202
15,CC DChg,38.35555555556493,-1.6999,3.9201
15,CC DChg,38.4555555555562,-1.6999,3.92
15,CC DChg,38.55555555556202,-1.6999,3.9199
15,CC DChg,38.655555555567844,-1.6999,3.9198
15,CC DChg,38.75555555555911,-1.6999,3.9198
15,CC DChg,38.85555555556493,-1.6999,3.9197
15,CC DChg,38.9555555555562,-1.6999,3.9196
15,CC DChg,39.05555555556202,-1.6999,3.9195
15,CC DChg,39.155555555567844,-1.6999,3.9194
15,CC DChg,39.25555555555911,-1.6999,3.9193
15,CC DChg,39.35555555556493,-1.6999,3.9192
15,CC DChg,39.4555555555562,-1.6999,3.9192
15,CC DChg,39.55555555556202,-1.6999,3.9191
15,CC DChg,39.655555555567844,-1.6999,3.9191
15,CC DChg,39.75555555555911,-1.6999,3.919
15,CC DChg,39.85555555556493,-1.6999,3.9189
15,CC DChg,39.9555555555562,-1.6999,3.9188
15,CC DChg,40.05555555556202,-1.6999,3.9187
15,CC DChg,40.155555555567844,-1.6999,3.9186
15,CC DChg,40.25555555555911,-1.6999,3.9185
15,CC DChg,40.35555555556493,-1.6999,3.9185
15,CC DChg,40.4555555555562,-1.6999,3.9184
15,CC DChg,40.55555555556202,-1.6999,3.9184
15,CC DChg,40.655555555567844,-1.6999,3.9182
15,CC DChg,40.75555555555911,-1.6999,3.9182
15,CC DChg,40.85555555556493,-1.6999,3.9181
15,CC DChg,40.9555555555562,-1.6999,3.918
15,CC DChg,41.05555555556202,-1.6999,3.918
15,CC DChg,41.155555555567844,-1.6999,3.9179
15,CC DChg,41.25555555555911,-1.6999,3.9178
15,CC DChg,41.35555555556493,-1.6999,3.9177
15,CC DChg,41.4555555555562,-1.6999,3.9176
15,CC DChg,41.55555555556202,-1.6999,3.9176
15,CC DChg,41.655555555567844,-1.6999,3.9175
15,CC DChg,41.75555555555911,-1.6999,3.9174
15,CC DChg,41.85555555556493,-1.6999,3.9174
15,CC DChg,41.9555555555562,-1.6999,3.9173
15,CC DChg,42.05555555556202,-1.6999,3.9172
15,CC DChg,42.155555555567844,-1.6999,3.9171
15,CC DChg,42.25555555555911,-1.6999,3.9171
15,CC DChg,42.35555555556493,-1.6999,3.917
15,CC DChg,42.4555555555562,-1.6999,3.9169
15,CC DChg,42.55555555556202,-1.6999,3.9169
15,CC DChg,42.655555555567844,-1.6999,3.9168
15,CC DChg,42.75555555555911,-1.6999,3.9167
15,CC DChg,42.85555555556493,-1.6999,3.9166
15,CC DChg,42.9555555555562,-1.6999,3.9165
15,CC DChg,43.05555555556202,-1.6999,3.9165
15,CC DChg,43.155555555567844,-1.6999,3.9164
15,CC DChg,43.25555555555911,-1.6999,3.9163
15,CC DChg,43.35555555556493,-1.6999,3.9162
15,CC DChg,43.4555555555562,-1.6999,3.9162
15,CC DChg,43.55555555556202,-1.6999,3.9161
15,CC DChg,43.655555555567844,-1.6999,3.916
15,CC DChg,43.75555555555911,-1.6999,3.916
15,CC DChg,43.85555555556493,-1.6999,3.9159
15,CC DChg,43.9555555555562,-1.6999,3.9158
15,CC DChg,44.05555555556202,-1.6999,3.9158
15,CC DChg,44.155555555567844,-1.6999,3.9157
15,CC DChg,44.25555555555911,-1.6999,3.9156
15,CC DChg,44.35555555556493,-1.6999,3.9155
15,CC DChg,44.4555555555562,-1.6999,3.9155
15,CC DChg,44.55555555556202,-1.6999,3.9154
15,CC DChg,44.655555555567844,-1.6999,3.9153
15,CC DChg,44.75555555555911,-1.6999,3.9152
15,CC DChg,44.85555555556493,-1.6999,3.9152
15,CC DChg,44.9555555555562,-1.6999,3.9151
15,CC DChg,45.05555555556202,-1.6999,3.915
15,CC DChg,45.155555555567844,-1.6999,3.915
15,CC DChg,45.25555555555911,-1.6999,3.9149
15,CC DChg,45.35555555556493,-1.6999,3.9148
15,CC DChg,45.4555555555562,-1.6999,3.9147
15,CC DChg,45.55555555556202,-1.6999,3.9146
15,CC DChg,45.655555555567844,-1.6999,3.9146
15,CC DChg,45.75555555555911,-1.6999,3.9145
15,CC DChg,45.85555555556493,-1.6999,3.9144
15,CC DChg,45.9555555555562,-1.6999,3.9144
15,CC DChg,46.05555555556202,-1.6999,3.9143
15,CC DChg,46.155555555567844,-1.6999,3.9143
15,CC DChg,46.25555555555911,-1.6999,3.9142
15,CC DChg,46.35555555556493,-1.6999,3.9141
15,CC DChg,46.4555555555562,-1.6999,3.914
15,CC DChg,46.55555555556202,-1.6999,3.9139
15,CC DChg,46.655555555567844,-1.6999,3.9139
15,CC DChg,46.75555555555911,-1.6999,3.9138
15,CC DChg,46.85555555556493,-1.6999,3.9138
15,CC DChg,46.9555555555562,-1.6999,3.9137
15,CC DChg,47.05555555556202,-1.6999,3.9136
15,CC DChg,47.155555555567844,-1.6999,3.9135
15,CC DChg,47.25555555555911,-1.6999,3.9134
15,CC DChg,47.35555555556493,-1.6999,3.9134
15,CC DChg,47.4555555555562,-1.6999,3.9133
15,CC DChg,47.55555555556202,-1.6999,3.9133
15,CC DChg,47.655555555567844,-1.6999,3.9132
15,CC DChg,47.75555555555911,-1.6999,3.9131
15,CC DChg,47.85555555556493,-1.6999,3.9131
15,CC DChg,47.9555555555562,-1.6999,3.913
15,CC DChg,48.05555555556202,-1.6999,3.9129
15,CC DChg,48.155555555567844,-1.6999,3.9129
15,CC DChg,48.25555555555911,-1.6999,3.9128
15,CC DChg,48.35555555556493,-1.6999,3.9128
15,CC DChg,48.4555555555562,-1.6999,3.9127
15,CC DChg,48.55555555556202,-1.6999,3.9126
15,CC DChg,48.655555555567844,-1.6999,3.9126
15,CC DChg,48.75555555555911,-1.6999,3.9125
15,CC DChg,48.85555555556493,-1.6999,3.9124
15,CC DChg,48.9555555555562,-1.6999,3.9123
15,CC DChg,49.05555555556202,-1.6999,3.9123
15,CC DChg,49.155555555567844,-1.6999,3.9123
15,CC DChg,49.25555555555911,-1.6999,3.9122
15,CC DChg,49.35555555556493,-1.6999,3.9121
15,CC DChg,49.4555555555562,-1.6999,3.912
15,CC DChg,49.55555555556202,-1.6999,3.912
15,CC DChg,49.655555555567844,-1.6999,3.9119
15,CC DChg,49.75555555555911,-1.6999,3.9118
15,CC DChg,49.85555555556493,-1.6999,3.9117
15,CC DChg,49.9555555555562,-1.6999,3.9117
15,CC DChg,50.05555555556202,-1.6999,3.9116
15,CC DChg,50.155555555567844,-1.6999,3.9116
15,CC DChg,50.25555555555911,-1.6999,3.9115
15,CC DChg,50.35555555556493,-1.6999,3.9114
15,CC DChg,50.4555555555562,-1.6999,3.9113
15,CC DChg,50.55555555556202,-1.6999,3.9113
15,CC DChg,50.655555555567844,-1.6999,3.9112
15,CC DChg,50.75555555555911,-1.6999,3.9112
15,CC DChg,50.85555555556493,-1.6999,3.9111
15,CC DChg,50.9555555555562,-1.6999,3.9111
15,CC DChg,51.05555555556202,-1.6999,3.911
15,CC DChg,51.155555555567844,-1.6999,3.911
15,CC DChg,51.25555555555911,-1.6999,3.9109
15,CC DChg,51.35555555556493,-1.6999,3.9108
15,CC DChg,51.4555555555562,-1.6999,3.9108
15,CC DChg,51.55555555556202,-1.6999,3.9107
15,CC DChg,51.655555555567844,-1.6999,3.9106
15,CC DChg,51.75555555555911,-1.6999,3.9106
15,CC DChg,51.85555555556493,-1.6999,3.9105
15,CC DChg,51.9555555555562,-1.6999,3.9104
15,CC DChg,52.05555555556202,-1.6999,3.9104
15,CC DChg,52.155555555567844,-1.6999,3.9103
15,CC DChg,52.25555555555911,-1.6999,3.9102
15,CC DChg,52.35555555556493,-1.6999,3.9102
15,CC DChg,52.4555555555562,-1.6999,3.9101
15,CC DChg,52.55555555556202,-1.6999,3.91
15,CC DChg,52.655555555567844,-1.6999,3.91
15,CC DChg,52.75555555555911,-1.6999,3.9099
15,CC DChg,52.85555555556493,-1.6999,3.9099
15,CC DChg,52.9555555555562,-1.6999,3.9098
15,CC DChg,53.05555555556202,-1.6999,3.9098
15,CC DChg,53.155555555567844,-1.6999,3.9097
15,CC DChg,53.25555555555911,-1.6999,3.9096
15,CC DChg,53.35555555556493,-1.6999,3.9096
15,CC DChg,53.4555555555562,-1.6999,3.9096
15,CC DChg,53.55555555556202,-1.6999,3.9094
15,CC DChg,53.655555555567844,-1.6999,3.9094
15,CC DChg,53.75555555555911,-1.6999,3.9093
15,CC DChg,53.85555555556493,-1.6999,3.9092
15,CC DChg,53.9555555555562,-1.6999,3.9092
15,CC DChg,54.05555555556202,-1.6999,3.9092
15,CC DChg,54.155555555567844,-1.6999,3.9091
15,CC DChg,54.25555555555911,-1.6999,3.909
15,CC DChg,54.35555555556493,-1.6999,3.9089
15,CC DChg,54.4555555555562,-1.6999,3.9089
15,CC DChg,54.55555555556202,-1.6999,3.9088
15,CC DChg,54.655555555567844,-1.6999,3.9087
15,CC DChg,54.75555555555911,-1.6999,3.9087
15,CC DChg,54.85555555556493,-1.6999,3.9086
15,CC DChg,54.9555555555562,-1.6999,3.9086
15,CC DChg,55.05555555556202,-1.6999,3.9085
15,CC DChg,55.155555555567844,-1.7,3.9084
15,CC DChg,55.25555555555911,-1.7,3.9084
15,CC DChg,55.35555555556493,-1.7,3.9084
15,CC DChg,55.4555555555562,-1.7,3.9083
15,CC DChg,55.55555555556202,-1.7,3.9082
15,CC DChg,55.655555555567844,-1.7,3.9082
15,CC DChg,55.75555555555911,-1.7,3.9081
15,CC DChg,55.85555555556493,-1.7,3.9081
15,CC DChg,55.9555555555562,-1.6999,3.908
15,CC DChg,56.05555555556202,-1.6999,3.9079
15,CC DChg,56.155555555567844,-1.6999,3.9078
15,CC DChg,56.25555555555911,-1.7,3.9078
15,CC DChg,56.35555555556493,-1.7,3.9077
15,CC DChg,56.4555555555562,-1.6999,3.9077
15,CC DChg,56.55555555556202,-1.7,3.9076
15,CC DChg,56.655555555567844,-1.7,3.9076
15,CC DChg,56.75555555555911,-1.7,3.9075
15,CC DChg,56.85555555556493,-1.6999,3.9074
15,CC DChg,56.9555555555562,-1.6999,3.9074
15,CC DChg,57.05555555556202,-1.7,3.9073
15,CC DChg,57.155555555567844,-1.7,3.9073
15,CC DChg,57.25555555555911,-1.7,3.9072
15,CC DChg,57.35555555556493,-1.7,3.9071
15,CC DChg,57.4555555555562,-1.7,3.9071
15,CC DChg,57.55555555556202,-1.7,3.9071
15,CC DChg,57.655555555567844,-1.7,3.907
15,CC DChg,57.75555555555911,-1.7,3.9069
15,CC DChg,57.85555555556493,-1.7,3.9069
15,CC DChg,57.9555555555562,-1.7,3.9068
15,CC DChg,58.05555555556202,-1.7,3.9067
15,CC DChg,58.155555555567844,-1.7,3.9067
15,CC DChg,58.25555555555911,-1.7,3.9066
15,CC DChg,58.35555555556493,-1.7,3.9066
15,CC DChg,58.4555555555562,-1.7,3.9065
15,CC DChg,58.55555555556202,-1.7,3.9065
15,CC DChg,58.655555555567844,-1.7,3.9064
15,CC DChg,58.75555555555911,-1.7,3.9063
15,CC DChg,58.85555555556493,-1.7,3.9063
15,CC DChg,58.9555555555562,-1.7,3.9062
15,CC DChg,59.05555555556202,-1.7,3.9062
15,CC DChg,59.155555555567844,-1.7,3.9061
15,CC DChg,59.25555555555911,-1.7,3.9061
15,CC DChg,59.35555555556493,-1.7,3.906
15,CC DChg,59.4555555555562,-1.7,3.906
15,CC DChg,59.55555555556202,-1.7,3.9059
15,CC DChg,59.655555555567844,-1.7,3.9059
15,CC DChg,59.75555555555911,-1.7,3.9059
15,CC DChg,59.85555555556493,-1.7,3.9058
15,CC DChg,59.9555555555562,-1.7,3.9057
15,CC DChg,60.05555555556202,-1.7,3.9056
15,CC DChg,60.155555555567844,-1.7,3.9056
15,CC DChg,60.25555555555911,-1.7,3.9055
15,CC DChg,60.35555555556493,-1.7,3.9055
15,CC DChg,60.4555555555562,-1.7,3.9054
15,CC DChg,60.55555555556202,-1.7,3.9053
15,CC DChg,60.655555555567844,-1.7,3.9053
15,CC DChg,60.75555555555911,-1.7,3.9052
15,CC DChg,60.85555555556493,-1.7,3.9052
15,CC DChg,60.9555555555562,-1.7,3.9051
15,CC DChg,61.05555555556202,-1.7,3.9051
15,CC DChg,61.155555555567844,-1.7,3.905
15,CC DChg,61.25555555555911,-1.7,3.9049
15,CC DChg,61.35555555556493,-1.7,3.9049
15,CC DChg,61.4555555555562,-1.7,3.9049
15,CC DChg,61.55555555556202,-1.7,3.9048
15,CC DChg,61.655555555567844,-1.7,3.9047
15,CC DChg,61.75555555555911,-1.7,3.9047
15,CC DChg,61.85555555556493,-1.7,3.9046
15,CC DChg,61.9555555555562,-1.7,3.9046
15,CC DChg,62.05555555556202,-1.7,3.9046
15,CC DChg,62.155555555567844,-1.7,3.9045
15,CC DChg,62.25555555555911,-1.7,3.9044
15,CC DChg,62.35555555556493,-1.7,3.9044
15,CC DChg,62.4555555555562,-1.7,3.9043
15,CC DChg,62.55555555556202,-1.7,3.9043
15,CC DChg,62.655555555567844,-1.7,3.9042
15,CC DChg,62.75555555555911,-1.7,3.9042
15,CC DChg,62.85555555556493,-1.7,3.9041
15,CC DChg,62.9555555555562,-1.7,3.904
15,CC DChg,63.05555555556202,-1.7,3.904
15,CC DChg,63.155555555567844,-1.7,3.904
15,CC DChg,63.25555555555911,-1.7,3.9039
15,CC DChg,63.35555555556493,-1.7,3.9038
15,CC DChg,63.4555555555562,-1.7,3.9038
15,CC DChg,63.55555555556202,-1.7,3.9037
15,CC DChg,63.655555555567844,-1.7,3.9037
15,CC DChg,63.75555555555911,-1.7,3.9036
15,CC DChg,63.85555555556493,-1.7,3.9035
15,CC DChg,63.9555555555562,-1.7,3.9035
15,CC DChg,64.05555555556202,-1.7,3.9035
15,CC DChg,64.15555555556784,-1.7,3.9034
15,CC DChg,64.25555555555911,-1.7,3.9034
15,CC DChg,64.35555555556493,-1.7,3.9033
15,CC DChg,64.4555555555562,-1.7,3.9033
15,CC DChg,64.55555555556202,-1.7,3.9033
15,CC DChg,64.65555555556784,-1.7,3.9032
15,CC DChg,64.75555555555911,-1.7,3.9031
15,CC DChg,64.85555555556493,-1.7,3.9031
15,CC DChg,64.9555555555562,-1.7,3.903
15,CC DChg,65.05555555556202,-1.7,3.9029
15,CC DChg,65.15555555556784,-1.7,3.9029
15,CC DChg,65.25555555555911,-1.7,3.9029
15,CC DChg,65.35555555556493,-1.7,3.9028
15,CC DChg,65.4555555555562,-1.7,3.9027
15,CC DChg,65.55555555556202,-1.7,3.9027
15,CC DChg,65.65555555556784,-1.7,3.9026
15,CC DChg,65.75555555555911,-1.7,3.9026
15,CC DChg,65.85555555556493,-1.7,3.9026
15,CC DChg,65.9555555555562,-1.7,3.9025
15,CC DChg,66.05555555556202,-1.7,3.9024
15,CC DChg,66.15555555556784,-1.7,3.9024
15,CC DChg,66.25555555555911,-1.7,3.9024
15,CC DChg,66.35555555556493,-1.7,3.9023
15,CC DChg,66.4555555555562,-1.7,3.9022
15,CC DChg,66.55555555556202,-1.7,3.9022
15,CC DChg,66.65555555556784,-1.7,3.9021
15,CC DChg,66.75555555555911,-1.7,3.9021
15,CC DChg,66.85555555556493,-1.7,3.9021
15,CC DChg,66.9555555555562,-1.7,3.902
15,CC DChg,67.05555555556202,-1.7,3.9019
15,CC DChg,67.15555555556784,-1.7,3.9019
15,CC DChg,67.25555555555911,-1.7,3.9018
15,CC DChg,67.35555555556493,-1.7,3.9018
15,CC DChg,67.4555555555562,-1.7,3.9017
15,CC DChg,67.55555555556202,-1.7,3.9017
15,CC DChg,67.65555555556784,-1.7,3.9016
15,CC DChg,67.75555555555911,-1.7,3.9016
15,CC DChg,67.85555555556493,-1.7,3.9015
15,CC DChg,67.9555555555562,-1.7,3.9015
15,CC DChg,68.05555555556202,-1.7,3.9015
15,CC DChg,68.15555555556784,-1.7,3.9014
15,CC DChg,68.25555555555911,-1.7,3.9013
15,CC DChg,68.35555555556493,-1.7,3.9013
15,CC DChg,68.4555555555562,-1.7,3.9012
15,CC DChg,68.55555555556202,-1.7,3.9011
15,CC DChg,68.65555555556784,-1.7,3.9011
15,CC DChg,68.75555555555911,-1.7,3.9011
15,CC DChg,68.85555555556493,-1.7,3.901
15,CC DChg,68.9555555555562,-1.7,3.901
15,CC DChg,69.05555555556202,-1.7,3.9009
15,CC DChg,69.15555555556784,-1.7,3.9009
15,CC DChg,69.25555555555911,-1.7,3.9008
15,CC DChg,69.35555555556493,-1.7,3.9008
15,CC DChg,69.4555555555562,-1.7,3.9007
15,CC DChg,69.55555555556202,-1.7,3.9007
15,CC DChg,69.65555555556784,-1.7,3.9006
15,CC DChg,69.75555555555911,-1.7,3.9006
15,CC DChg,69.85555555556493,-1.7,3.9005
15,CC DChg,69.9555555555562,-1.7,3.9005
15,CC DChg,70.05555555556202,-1.7,3.9004
15,CC DChg,70.15555555556784,-1.7,3.9004
15,CC DChg,70.25555555555911,-1.7,3.9003
15,CC DChg,70.35555555556493,-1.7,3.9003
15,CC DChg,70.4555555555562,-1.7,3.9002
15,CC DChg,70.55555555556202,-1.7,3.9002
15,CC DChg,70.65555555556784,-1.7,3.9002
15,CC DChg,70.75555555555911,-1.7,3.9001
15,CC DChg,70.85555555556493,-1.7,3.9001
15,CC DChg,70.9555555555562,-1.7,3.9
15,CC DChg,71.05555555556202,-1.7,3.8999
15,CC DChg,71.15555555556784,-1.7,3.8999
15,CC DChg,71.25555555555911,-1.7,3.8999
15,CC DChg,71.35555555556493,-1.7,3.8998
15,CC DChg,71.4555555555562,-1.7,3.8997
15,CC DChg,71.55555555556202,-1.7,3.8997
15,CC DChg,71.65555555556784,-1.7,3.8996
15,CC DChg,71.75555555555911,-1.7,3.8996
15,CC DChg,71.85555555556493,-1.7,3.8996
15,CC DChg,71.9555555555562,-1.7,3.8995
15,CC DChg,72.05555555556202,-1.7,3.8995
15,CC DChg,72.15555555556784,-1.7,3.8994
15,CC DChg,72.25555555555911,-1.7,3.8994
15,CC DChg,72.35555555556493,-1.7,3.8993
15,CC DChg,72.4555555555562,-1.7,3.8993
15,CC DChg,72.55555555556202,-1.7,3.8992
15,CC DChg,72.65555555556784,-1.7,3.8992
15,CC DChg,72.75555555555911,-1.7,3.8992
15,CC DChg,72.85555555556493,-1.6999,3.8991
15,CC DChg,72.9555555555562,-1.6999,3.899
15,CC DChg,73.05555555556202,-1.6999,3.899
15,CC DChg,73.15555555556784,-1.6999,3.899
15,CC DChg,73.25555555555911,-1.6999,3.8989
15,CC DChg,73.35555555556493,-1.6999,3.8989
15,CC DChg,73.4555555555562,-1.6999,3.8989
15,CC DChg,73.55555555556202,-1.6999,3.8988
15,CC DChg,73.65555555556784,-1.6999,3.8987
15,CC DChg,73.75555555555911,-1.6999,3.8987
15,CC DChg,73.85555555556493,-1.6999,3.8986
15,CC DChg,73.9555555555562,-1.6999,3.8986
15,CC DChg,74.05555555556202,-1.6999,3.8986
15,CC DChg,74.15555555556784,-1.6999,3.8985
15,CC DChg,74.25555555555911,-1.6999,3.8985
15,CC DChg,74.35555555556493,-1.6999,3.8984
15,CC DChg,74.4555555555562,-1.6999,3.8983
15,CC DChg,74.55555555556202,-1.6999,3.8983
15,CC DChg,74.65555555556784,-1.6999,3.8983
15,CC DChg,74.75555555555911,-1.6999,3.8982
15,CC DChg,74.85555555556493,-1.6999,3.8982
15,CC DChg,74.9555555555562,-1.6999,3.8981
15,CC DChg,75.05555555556202,-1.6999,3.8981
15,CC DChg,75.15555555556784,-1.6999,3.898
15,CC DChg,75.25555555555911,-1.6999,3.898
15,CC DChg,75.35555555556493,-1.6999,3.898
15,CC DChg,75.4555555555562,-1.6999,3.8979
15,CC DChg,75.55555555556202,-1.6999,3.8979
15,CC DChg,75.65555555556784,-1.6999,3.8978
15,CC DChg,75.75555555555911,-1.6999,3.8978
15,CC DChg,75.85555555556493,-1.6999,3.8977
15,CC DChg,75.9555555555562,-1.6999,3.8977
15,CC DChg,76.05555555556202,-1.6999,3.8977
15,CC DChg,76.15555555556784,-1.6999,3.8976
15,CC DChg,76.25555555555911,-1.6999,3.8976
15,CC DChg,76.35555555556493,-1.6999,3.8975
15,CC DChg,76.4555555555562,-1.6999,3.8975
15,CC DChg,76.55555555556202,-1.6999,3.8974
15,CC DChg,76.65555555556784,-1.6999,3.8974
15,CC DChg,76.75555555555911,-1.6999,3.8973
15,CC DChg,76.85555555556493,-1.6999,3.8973
15,CC DChg,76.9555555555562,-1.6999,3.8972
15,CC DChg,77.05555555556202,-1.6999,3.8972
15,CC DChg,77.15555555556784,-1.6999,3.8972
15,CC DChg,77.25555555555911,-1.6999,3.8971
15,CC DChg,77.35555555556493,-1.6999,3.8971
15,CC DChg,77.4555555555562,-1.6999,3.897
15,CC DChg,77.55555555556202,-1.6999,3.897
15,CC DChg,77.65555555556784,-1.6999,3.897
15,CC DChg,77.75555555555911,-1.6999,3.8969
15,CC DChg,77.85555555556493,-1.6999,3.8969
15,CC DChg,77.9555555555562,-1.6999,3.8968
15,CC DChg,78.05555555556202,-1.6999,3.8967
15,CC DChg,78.15555555556784,-1.6999,3.8967
15,CC DChg,78.25555555555911,-1.6999,3.8967
15,CC DChg,78.35555555556493,-1.6999,3.8966
15,CC DChg,78.4555555555562,-1.6999,3.8965
15,CC DChg,78.55555555556202,-1.6999,3.8965
15,CC DChg,78.65555555556784,-1.6999,3.8965
15,CC DChg,78.75555555555911,-1.6999,3.8965
15,CC DChg,78.85555555556493,-1.6999,3.8965
15,CC DChg,78.9555555555562,-1.6999,3.8964
15,CC DChg,79.05555555556202,-1.6999,3.8963
15,CC DChg,79.15555555556784,-1.6999,3.8963
15,CC DChg,79.25555555555911,-1.6999,3.8962
15,CC DChg,79.35555555556493,-1.6999,3.8962
15,CC DChg,79.4555555555562,-1.6999,3.8962
15,CC DChg,79.55555555556202,-1.6999,3.8962
15,CC DChg,79.65555555556784,-1.6999,3.8961
15,CC DChg,79.75555555555911,-1.6999,3.8961
15,CC DChg,79.85555555556493,-1.6999,3.896
15,CC DChg,79.9555555555562,-1.6999,3.896
15,CC DChg,80.05555555556202,-1.6999,3.8959
15,CC DChg,80.15555555556784,-1.6999,3.8959
15,CC DChg,80.25555555555911,-1.6999,3.8958
15,CC DChg,80.35555555556493,-1.6999,3.8958
15,CC DChg,80.4555555555562,-1.6999,3.8957
15,CC DChg,80.55555555556202,-1.6999,3.8957
15,CC DChg,80.65555555556784,-1.6999,3.8957
15,CC DChg,80.75555555555911,-1.6999,3.8957
15,CC DChg,80.85555555556493,-1.6999,3.8956
15,CC DChg,80.9555555555562,-1.6999,3.8955
15,CC DChg,81.05555555556202,-1.6999,3.8955
15,CC DChg,81.15555555556784,-1.6999,3.8954
15,CC DChg,81.25555555555911,-1.6999,3.8954
15,CC DChg,81.35555555556493,-1.6999,3.8953
15,CC DChg,81.4555555555562,-1.6999,3.8953
15,CC DChg,81.55555555556202,-1.6999,3.8953
15,CC DChg,81.65555555556784,-1.6999,3.8952
15,CC DChg,81.75555555555911,-1.6999,3.8952
15,CC DChg,81.85555555556493,-1.6999,3.8951
15,CC DChg,81.9555555555562,-1.6999,3.8951
15,CC DChg,82.05555555556202,-1.6999,3.8951
15,CC DChg,82.15555555556784,-1.6999,3.8951
15,CC DChg,82.25555555555911,-1.6999,3.895
15,CC DChg,82.35555555556493,-1.6999,3.895
15,CC DChg,82.4555555555562,-1.6999,3.8949
15,CC DChg,82.55555555556202,-1.6999,3.8949
15,CC DChg,82.65555555556784,-1.6999,3.8948
15,CC DChg,82.75555555555911,-1.6999,3.8948
15,CC DChg,82.85555555556493,-1.6999,3.8947
15,CC DChg,82.9555555555562,-1.6999,3.8947
15,CC DChg,83.05555555556202,-1.6999,3.8947
15,CC DChg,83.15555555556784,-1.6999,3.8946
15,CC DChg,83.25555555555911,-1.6999,3.8946
15,CC DChg,83.35555555556493,-1.6999,3.8945
15,CC DChg,83.4555555555562,-1.6999,3.8945
15,CC DChg,83.55555555556202,-1.6999,3.8944
15,CC DChg,83.65555555556784,-1.6999,3.8944
15,CC DChg,83.75555555555911,-1.6999,3.8944
15,CC DChg,83.85555555556493,-1.6999,3.8943
15,CC DChg,83.9555555555562,-1.6999,3.8943
15,CC DChg,84.05555555556202,-1.6999,3.8943
15,CC DChg,84.15555555556784,-1.6999,3.8942
15,CC DChg,84.25555555555911,-1.6999,3.8942
15,CC DChg,84.35555555556493,-1.6999,3.8941
15,CC DChg,84.4555555555562,-1.6999,3.8941
15,CC DChg,84.55555555556202,-1.6999,3.8941
15,CC DChg,84.65555555556784,-1.6999,3.894
15,CC DChg,84.75555555555911,-1.6999,3.894
15,CC DChg,84.85555555556493,-1.6999,3.8939
15,CC DChg,84.9555555555562,-1.6999,3.8939
15,CC DChg,85.05555555556202,-1.6999,3.8939
15,CC DChg,85.15555555556784,-1.6999,3.8938
15,CC DChg,85.25555555555911,-1.6999,3.8938
15,CC DChg,85.35555555556493,-1.6999,3.8937
15,CC DChg,85.4555555555562,-1.6999,3.8937
15,CC DChg,85.55555555556202,-1.6999,3.8936
15,CC DChg,85.65555555556784,-1.6999,3.8936
15,CC DChg,85.75555555555911,-1.6999,3.8936
15,CC DChg,85.85555555556493,-1.6999,3.8936
15,CC DChg,85.9555555555562,-1.6999,3.8935
15,CC DChg,86.05555555556202,-1.6999,3.8935
15,CC DChg,86.15555555556784,-1.6999,3.8934
15,CC DChg,86.25555555555911,-1.6999,3.8934
15,CC DChg,86.35555555556493,-1.6999,3.8933
15,CC DChg,86.4555555555562,-1.6999,3.8933
15,CC DChg,86.55555555556202,-1.6999,3.8932
15,CC DChg,86.65555555556784,-1.6999,3.8932
15,CC DChg,86.75555555555911,-1.6999,3.8932
15,CC DChg,86.85555555556493,-1.6999,3.8931
15,CC DChg,86.9555555555562,-1.6999,3.8931
15,CC DChg,87.05555555556202,-1.6999,3.8931
15,CC DChg,87.15555555556784,-1.6999,3.893
15,CC DChg,87.25555555555911,-1.6999,3.893
15,CC DChg,87.35555555556493,-1.6999,3.893
15,CC DChg,87.4555555555562,-1.6999,3.8929
15,CC DChg,87.55555555556202,-1.6999,3.8929
15,CC DChg,87.65555555556784,-1.6999,3.8929
15,CC DChg,87.75555555555911,-1.6999,3.8928
15,CC DChg,87.85555555556493,-1.6999,3.8927
15,CC DChg,87.9555555555562,-1.6999,3.8927
15,CC DChg,88.05555555556202,-1.6999,3.8927
15,CC DChg,88.15555555556784,-1.6999,3.8926
15,CC DChg,88.25555555555911,-1.6999,3.8926
15,CC DChg,88.35555555556493,-1.6999,3.8926
15,CC DChg,88.4555555555562,-1.6999,3.8925
15,CC DChg,88.55555555556202,-1.6999,3.8925
15,CC DChg,88.65555555556784,-1.6999,3.8925
15,CC DChg,88.75555555555911,-1.6999,3.8924
15,CC DChg,88.85555555556493,-1.6999,3.8924
15,CC DChg,88.9555555555562,-1.6999,3.8923
15,CC DChg,89.05555555556202,-1.6999,3.8923
15,CC DChg,89.15555555556784,-1.6999,3.8923
15,CC DChg,89.25555555555911,-1.6999,3.8922
15,CC DChg,89.35555555556493,-1.6999,3.8922
15,CC DChg,89.4555555555562,-1.6999,3.8922
15,CC DChg,89.55555555556202,-1.6999,3.8921
15,CC DChg,89.65555555556784,-1.6999,3.892
15,CC DChg,89.75555555555911,-1.6999,3.892
15,CC DChg,89.85555555556493,-1.6999,3.892
15,CC DChg,89.9555555555562,-1.6999,3.8919
15,CC DChg,90.05555555556202,-1.6999,3.8919
15,CC DChg,90.15555555556784,-1.6999,3.8919
15,CC DChg,90.25555555555911,-1.6999,3.8918
15,CC DChg,90.35555555556493,-1.6999,3.8918
15,CC DChg,90.4555555555562,-1.6999,3.8918
15,CC DChg,90.55555555556202,-1.6999,3.8917
15,CC DChg,90.65555555556784,-1.6999,3.8916
15,CC DChg,90.75555555555911,-1.6999,3.8916
15,CC DChg,90.85555555556493,-1.6999,3.8916
15,CC DChg,90.9555555555562,-1.6999,3.8916
15,CC DChg,91.05555555556202,-1.6999,3.8915
15,CC DChg,91.15555555556784,-1.6999,3.8914
15,CC DChg,91.25555555555911,-1.6999,3.8914
15,CC DChg,91.35555555556493,-1.6999,3.8913
15,CC DChg,91.4555555555562,-1.6999,3.8913
15,CC DChg,91.55555555556202,-1.6999,3.8913
15,CC DChg,91.65555555556784,-1.6999,3.8912
15,CC DChg,91.75555555555911,-1.6999,3.8912
15,CC DChg,91.85555555556493,-1.6999,3.8912
15,CC DChg,91.9555555555562,-1.6999,3.8911
15,CC DChg,92.05555555556202,-1.6999,3.8911
15,CC DChg,92.15555555556784,-1.6999,3.8911
15,CC DChg,92.25555555555911,-1.6999,3.891
15,CC DChg,92.35555555556493,-1.6999,3.891
15,CC DChg,92.4555555555562,-1.6999,3.8909
15,CC DChg,92.55555555556202,-1.6999,3.8909
15,CC DChg,92.65555555556784,-1.6999,3.8909
15,CC DChg,92.75555555555911,-1.6999,3.8909
15,CC DChg,92.85555555556493,-1.6999,3.8908
15,CC DChg,92.9555555555562,-1.6999,3.8908
15,CC DChg,93.05555555556202,-1.6999,3.8907
15,CC DChg,93.15555555556784,-1.6999,3.8907
15,CC DChg,93.25555555555911,-1.6999,3.8907
15,CC DChg,93.35555555556493,-1.6999,3.8907
15,CC DChg,93.4555555555562,-1.6999,3.8906
15,CC DChg,93.55555555556202,-1.6999,3.8905
15,CC DChg,93.65555555556784,-1.6999,3.8905
15,CC DChg,93.75555555555911,-1.6999,3.8905
15,CC DChg,93.85555555556493,-1.6999,3.8904
15,CC DChg,93.9555555555562,-1.6999,3.8904
15,CC DChg,94.05555555556202,-1.6999,3.8904
15,CC DChg,94.15555555556784,-1.6999,3.8904
15,CC DChg,94.25555555555911,-1.6999,3.8903
15,CC DChg,94.35555555556493,-1.6999,3.8903
15,CC DChg,94.4555555555562,-1.6999,3.8902
15,CC DChg,94.55555555556202,-1.6999,3.8902
15,CC DChg,94.65555555556784,-1.6999,3.8901
15,CC DChg,94.75555555555911,-1.6999,3.8901
15,CC DChg,94.85555555556493,-1.6999,3.8901
15,CC DChg,94.9555555555562,-1.6999,3.8901
15,CC DChg,95.05555555556202,-1.6999,3.89
15,CC DChg,95.15555555556784,-1.6999,3.89
15,CC DChg,95.25555555555911,-1.6999,3.8899
15,CC DChg,95.35555555556493,-1.6999,3.8899
15,CC DChg,95.4555555555562,-1.6999,3.8899
15,CC DChg,95.55555555556202,-1.6999,3.8899
15,CC DChg,95.65555555556784,-1.6999,3.8898
15,CC DChg,95.75555555555911,-1.6999,3.8898
15,CC DChg,95.85555555556493,-1.6999,3.8897
15,CC DChg,95.9555555555562,-1.6999,3.8897
15,CC DChg,96.05555555556202,-1.6999,3.8896
15,CC DChg,96.15555555556784,-1.6999,3.8896
15,CC DChg,96.25555555555911,-1.6999,3.8896
15,CC DChg,96.35555555556493,-1.6999,3.8895
15,CC DChg,96.4555555555562,-1.6999,3.8895
15,CC DChg,96.55555555556202,-1.6999,3.8894
15,CC DChg,96.65555555556784,-1.6999,3.8894
15,CC DChg,96.75555555555911,-1.6999,3.8894
15,CC DChg,96.85555555556493,-1.6999,3.8893
15,CC DChg,96.9555555555562,-1.6999,3.8893
15,CC DChg,97.05555555556202,-1.6999,3.8893
15,CC DChg,97.15555555556784,-1.6999,3.8892
15,CC DChg,97.25555555555911,-1.6999,3.8892
15,CC DChg,97.35555555556493,-1.6999,3.8892
15,CC DChg,97.4555555555562,-1.6999,3.8891
15,CC DChg,97.55555555556202,-1.6999,3.8891
15,CC DChg,97.65555555556784,-1.6999,3.8891
15,CC DChg,97.75555555555911,-1.6999,3.8891
15,CC DChg,97.85555555556493,-1.6999,3.889
15,CC DChg,97.9555555555562,-1.6999,3.889
15,CC DChg,98.05555555556202,-1.6999,3.8889
15,CC DChg,98.15555555556784,-1.6999,3.8889
15,CC DChg,98.25555555555911,-1.6999,3.8889
15,CC DChg,98.35555555556493,-1.6999,3.8888
15,CC DChg,98.4555555555562,-1.6999,3.8888
15,CC DChg,98.55555555556202,-1.6999,3.8888
15,CC DChg,98.65555555556784,-1.6999,3.8887
15,CC DChg,98.75555555555911,-1.6999,3.8887
15,CC DChg,98.85555555556493,-1.6999,3.8886
15,CC DChg,98.9555555555562,-1.6999,3.8886
15,CC DChg,99.05555555556202,-1.6999,3.8886
15,CC DChg,99.15555555556784,-1.6999,3.8886
15,CC DChg,99.25555555555911,-1.6999,3.8885
15,CC DChg,99.35555555556493,-1.6999,3.8885
15,CC DChg,99.4555555555562,-1.6999,3.8885
15,CC DChg,99.55555555556202,-1.6999,3.8885
15,CC DChg,99.65555555556784,-1.6999,3.8884
15,CC DChg,99.75555555555911,-1.6999,3.8883
15,CC DChg,99.85555555556493,-1.6999,3.8883
15,CC DChg,99.9555555555562,-1.6999,3.8883
15,CC DChg,100.05555555556202,-1.6999,3.8882
15,CC DChg,100.15555555556784,-1.6999,3.8882
15,CC DChg,100.25555555555911,-1.6999,3.8882
15,CC DChg,100.35555555556493,-1.6999,3.8882
15,CC DChg,100.4555555555562,-1.6999,3.8881
15,CC DChg,100.55555555556202,-1.6999,3.8881
15,CC DChg,100.65555555556784,-1.6999,3.8881
15,CC DChg,100.75555555555911,-1.6999,3.888
15,CC DChg,100.85555555556493,-1.6999,3.888
15,CC DChg,100.9555555555562,-1.6999,3.888
15,CC DChg,101.05555555556202,-1.6999,3.8879
15,CC DChg,101.15555555556784,-1.6999,3.8879
15,CC DChg,101.25555555555911,-1.6999,3.8879
15,CC DChg,101.35555555556493,-1.6999,3.8878
15,CC DChg,101.4555555555562,-1.6999,3.8878
15,CC DChg,101.55555555556202,-1.6999,3.8878
15,CC DChg,101.65555555556784,-1.6999,3.8877
15,CC DChg,101.75555555555911,-1.6999,3.8877
15,CC DChg,101.85555555556493,-1.6999,3.8877
15,CC DChg,101.9555555555562,-1.6999,3.8876
15,CC DChg,102.05555555556202,-1.6999,3.8876
15,CC DChg,102.15555555556784,-1.6999,3.8875
15,CC DChg,102.25555555555911,-1.6999,3.8875
15,CC DChg,102.35555555556493,-1.6999,3.8875
15,CC DChg,102.4555555555562,-1.6999,3.8875
15,CC DChg,102.55555555556202,-1.6999,3.8875
15,CC DChg,102.65555555556784,-1.6999,3.8874
15,CC DChg,102.75555555555911,-1.6999,3.8874
15,CC DChg,102.85555555556493,-1.6999,3.8873
15,CC DChg,102.9555555555562,-1.6999,3.8873
15,CC DChg,103.05555555556202,-1.6999,3.8873
15,CC DChg,103.15555555556784,-1.6999,3.8873
15,CC DChg,103.25555555555911,-1.6999,3.8872
15,CC DChg,103.35555555556493,-1.6999,3.8872
15,CC DChg,103.4555555555562,-1.6999,3.8872
15,CC DChg,103.55555555556202,-1.6999,3.8871
15,CC DChg,103.65555555556784,-1.6999,3.887
15,CC DChg,103.75555555555911,-1.6999,3.887
15,CC DChg,103.85555555556493,-1.6999,3.887
15,CC DChg,103.9555555555562,-1.6999,3.8869
15,CC DChg,104.05555555556202,-1.6999,3.8869
15,CC DChg,104.15555555556784,-1.6999,3.8869
15,CC DChg,104.25555555555911,-1.6999,3.8869
15,CC DChg,104.35555555556493,-1.6999,3.8868
15,CC DChg,104.4555555555562,-1.6999,3.8868
15,CC DChg,104.55555555556202,-1.6999,3.8868
15,CC DChg,104.65555555556784,-1.6999,3.8867
15,CC DChg,104.75555555555911,-1.6999,3.8867
15,CC DChg,104.85555555556493,-1.6999,3.8867
15,CC DChg,104.9555555555562,-1.6999,3.8866
15,CC DChg,105.05555555556202,-1.6999,3.8866
15,CC DChg,105.15555555556784,-1.6999,3.8866
15,CC DChg,105.25555555555911,-1.6999,3.8865
15,CC DChg,105.35555555556493,-1.6999,3.8865
15,CC DChg,105.4555555555562,-1.6999,3.8864
15,CC DChg,105.55555555556202,-1.6999,3.8864
15,CC DChg,105.65555555556784,-1.6999,3.8864
15,CC DChg,105.75555555555911,-1.6999,3.8863
15,CC DChg,105.85555555556493,-1.6999,3.8863
15,CC DChg,105.9555555555562,-1.6999,3.8863
15,CC DChg,106.05555555556202,-1.6999,3.8862
15,CC DChg,106.15555555556784,-1.6999,3.8862
15,CC DChg,106.25555555555911,-1.6999,3.8862
15,CC DChg,106.35555555556493,-1.6999,3.8862
15,CC DChg,106.4555555555562,-1.6999,3.8861
15,CC DChg,106.55555555556202,-1.6999,3.8861
15,CC DChg,106.65555555556784,-1.6999,3.886
15,CC DChg,106.75555555555911,-1.6999,3.886
15,CC DChg,106.85555555556493,-1.6999,3.886
15,CC DChg,106.9555555555562,-1.6999,3.886
15,CC DChg,107.05555555556202,-1.6999,3.8859
15,CC DChg,107.15555555556784,-1.6999,3.8859
15,CC DChg,107.25555555555911,-1.6999,3.8859
15,CC DChg,107.35555555556493,-1.6999,3.8858
15,CC DChg,107.4555555555562,-1.6999,3.8858
15,CC DChg,107.55555555556202,-1.6999,3.8858
15,CC DChg,107.65555555556784,-1.6999,3.8857
15,CC DChg,107.75555555555911,-1.6999,3.8857
15,CC DChg,107.85555555556493,-1.6999,3.8856
15,CC DChg,107.9555555555562,-1.6999,3.8856
15,CC DChg,108.05555555556202,-1.6999,3.8856
15,CC DChg,108.15555555556784,-1.6999,3.8855
15,CC DChg,108.25555555555911,-1.6999,3.8855
15,CC DChg,108.35555555556493,-1.6999,3.8855
15,CC DChg,108.4555555555562,-1.6999,3.8854
15,CC DChg,108.55555555556202,-1.6999,3.8854
15,CC DChg,108.65555555556784,-1.6999,3.8853
15,CC DChg,108.75555555555911,-1.6999,3.8853
15,CC DChg,108.85555555556493,-1.6999,3.8853
15,CC DChg,108.9555555555562,-1.6999,3.8853
15,CC DChg,109.05555555556202,-1.6999,3.8853
15,CC DChg,109.15555555556784,-1.6999,3.8852
15,CC DChg,109.25555555555911,-1.6999,3.8852
15,CC DChg,109.35555555556493,-1.6999,3.8851
15,CC DChg,109.4555555555562,-1.6999,3.8851
15,CC DChg,109.55555555556202,-1.6999,3.8851
15,CC DChg,109.65555555556784,-1.6999,3.8851
15,CC DChg,109.75555555555911,-1.6999,3.885
15,CC DChg,109.85555555556493,-1.6999,3.885
15,CC DChg,109.9555555555562,-1.6999,3.8849
15,CC DChg,110.05555555556202,-1.6999,3.8849
15,CC DChg,110.15555555556784,-1.6999,3.8849
15,CC DChg,110.25555555555911,-1.6999,3.8848
15,CC DChg,110.35555555556493,-1.6999,3.8848
15,CC DChg,110.4555555555562,-1.6999,3.8848
15,CC DChg,110.55555555556202,-1.6999,3.8848
15,CC DChg,110.65555555556784,-1.6999,3.8847
15,CC DChg,110.75555555555911,-1.6999,3.8847
15,CC DChg,110.85555555556493,-1.6999,3.8847
15,CC DChg,110.9555555555562,-1.6999,3.8847
15,CC DChg,111.05555555556202,-1.6999,3.8847
15,CC DChg,111.15555555556784,-1.6999,3.8846
15,CC DChg,111.25555555555911,-1.6999,3.8845
15,CC DChg,111.35555555556493,-1.6999,3.8845
15,CC DChg,111.4555555555562,-1.6999,3.8845
15,CC DChg,111.55555555556202,-1.6999,3.8845
15,CC DChg,111.65555555556784,-1.6999,3.8844
15,CC DChg,111.75555555555911,-1.6999,3.8844
15,CC DChg,111.85555555556493,-1.6999,3.8844
15,CC DChg,111.9555555555562,-1.6999,3.8843
15,CC DChg,112.05555555556202,-1.6999,3.8843
15,CC DChg,112.15555555556784,-1.6999,3.8842
15,CC DChg,112.25555555555911,-1.6999,3.8842
15,CC DChg,112.35555555556493,-1.6999,3.8842
15,CC DChg,112.4555555555562,-1.6999,3.8842
15,CC DChg,112.55555555556202,-1.6999,3.8842
15,CC DChg,112.65555555556784,-1.6999,3.8842
15,CC DChg,112.75555555555911,-1.6999,3.8841
15,CC DChg,112.85555555556493,-1.6999,3.8841
15,CC DChg,112.9555555555562,-1.6999,3.8841
15,CC DChg,113.05555555556202,-1.6999,3.884
15,CC DChg,113.15555555556784,-1.6999,3.884
15,CC DChg,113.25555555555911,-1.6999,3.884
15,CC DChg,113.35555555556493,-1.6999,3.8839
15,CC DChg,113.4555555555562,-1.6999,3.8839
15,CC DChg,113.55555555556202,-1.6999,3.8839
15,CC DChg,113.65555555556784,-1.6999,3.8839
15,CC DChg,113.75555555555911,-1.6999,3.8838
15,CC DChg,113.85555555556493,-1.6999,3.8838
15,CC DChg,113.9555555555562,-1.6999,3.8838
15,CC DChg,114.05555555556202,-1.6999,3.8837
15,CC DChg,114.15555555556784,-1.6999,3.8837
15,CC DChg,114.25555555555911,-1.6999,3.8836
15,CC DChg,114.35555555556493,-1.6999,3.8836
15,CC DChg,114.4555555555562,-1.6999,3.8835
15,CC DChg,114.55555555556202,-1.6999,3.8835
15,CC DChg,114.65555555556784,-1.6999,3.8835
15,CC DChg,114.75555555555911,-1.6999,3.8835
15,CC DChg,114.85555555556493,-1.6999,3.8835
15,CC DChg,114.9555555555562,-1.6999,3.8834
15,CC DChg,115.05555555556202,-1.6999,3.8834
15,CC DChg,115.15555555556784,-1.6999,3.8834
15,CC DChg,115.25555555555911,-1.6999,3.8833
15,CC DChg,115.35555555556493,-1.6999,3.8833
15,CC DChg,115.4555555555562,-1.6999,3.8833
15,CC DChg,115.55555555556202,-1.6999,3.8833
15,CC DChg,115.65555555556784,-1.6999,3.8832
15,CC DChg,115.75555555555911,-1.6999,3.8831
15,CC DChg,115.85555555556493,-1.6999,3.8831
15,CC DChg,115.9555555555562,-1.6999,3.8831
15,CC DChg,116.05555555556202,-1.6999,3.8831
15,CC DChg,116.15555555556784,-1.6999,3.883
15,CC DChg,116.25555555555911,-1.6999,3.883
15,CC DChg,116.35555555556493,-1.6999,3.883
15,CC DChg,116.4555555555562,-1.6999,3.8829
15,CC DChg,116.55555555556202,-1.6999,3.8829
15,CC DChg,116.65555555556784,-1.6999,3.8829
15,CC DChg,116.75555555555911,-1.6999,3.8828
15,CC DChg,116.85555555556493,-1.6999,3.8828
15,CC DChg,116.9555555555562,-1.6999,3.8828
15,CC DChg,117.05555555556202,-1.6999,3.8828
15,CC DChg,117.15555555556784,-1.6999,3.8827
15,CC DChg,117.25555555555911,-1.6999,3.8827
15,CC DChg,117.35555555556493,-1.6999,3.8827
15,CC DChg,117.4555555555562,-1.6999,3.8826
15,CC DChg,117.55555555556202,-1.6999,3.8826
15,CC DChg,117.65555555556784,-1.6999,3.8826
15,CC DChg,117.75555555555911,-1.6999,3.8826
15,CC DChg,117.85555555556493,-1.6999,3.8825
15,CC DChg,117.9555555555562,-1.6999,3.8825
15,CC DChg,118.05555555556202,-1.6999,3.8825
15,CC DChg,118.15555555556784,-1.6999,3.8824
15,CC DChg,118.25555555555911,-1.6999,3.8824
15,CC DChg,118.35555555556493,-1.6999,3.8824
15,CC DChg,118.4555555555562,-1.6999,3.8824
15,CC DChg,118.55555555556202,-1.6999,3.8823
15,CC DChg,118.65555555556784,-1.6999,3.8823
15,CC DChg,118.75555555555911,-1.6999,3.8823
15,CC DChg,118.85555555556493,-1.6999,3.8822
15,CC DChg,118.9555555555562,-1.6999,3.8822
15,CC DChg,119.05555555556202,-1.6999,3.8822
15,CC DChg,119.15555555556784,-1.6999,3.8822
15,CC DChg,119.25555555555911,-1.6999,3.8821
15,CC DChg,119.35555555556493,-1.6999,3.8821
15,CC DChg,119.4555555555562,-1.6999,3.8821
15,CC DChg,119.55555555556202,-1.6999,3.882
15,CC DChg,119.65555555556784,-1.6999,3.882
15,CC DChg,119.75555555555911,-1.6999,3.882
15,CC DChg,119.85555555556493,-1.6999,3.8819
15,CC DChg,119.9555555555562,-1.6999,3.8819
15,CC DChg,120.05555555556202,-1.6999,3.8819
15,CC DChg,120.15555555556784,-1.6999,3.8818
15,CC DChg,120.25555555555911,-1.6999,3.8818
15,CC DChg,120.35555555556493,-1.6999,3.8818
15,CC DChg,120.4555555555562,-1.6999,3.8817
15,CC DChg,120.55555555556202,-1.6999,3.8817
15,CC DChg,120.65555555556784,-1.6999,3.8817
15,CC DChg,120.75555555555911,-1.6999,3.8816
15,CC DChg,120.85555555556493,-1.6999,3.8816
15,CC DChg,120.9555555555562,-1.6999,3.8816
15,CC DChg,121.05555555556202,-1.6999,3.8815
15,CC DChg,121.15555555556784,-1.6999,3.8815
15,CC DChg,121.25555555555911,-1.6999,3.8815
15,CC DChg,121.35555555556493,-1.6999,3.8815
15,CC DChg,121.4555555555562,-1.6999,3.8814
15,CC DChg,121.55555555556202,-1.6999,3.8814
15,CC DChg,121.65555555556784,-1.6999,3.8814
15,CC DChg,121.75555555555911,-1.6999,3.8813
15,CC DChg,121.85555555556493,-1.6999,3.8813
15,CC DChg,121.9555555555562,-1.6999,3.8813
15,CC DChg,122.05555555556202,-1.6999,3.8813
15,CC DChg,122.15555555556784,-1.6999,3.8812
15,CC DChg,122.25555555555911,-1.6999,3.8812
15,CC DChg,122.35555555556493,-1.6999,3.8812
15,CC DChg,122.4555555555562,-1.6999,3.8812
15,CC DChg,122.55555555556202,-1.6999,3.8811
15,CC DChg,122.65555555556784,-1.6999,3.8811
15,CC DChg,122.75555555555911,-1.6999,3.8811
15,CC DChg,122.85555555556493,-1.6999,3.8811
15,CC DChg,122.9555555555562,-1.6999,3.881
15,CC DChg,123.05555555556202,-1.6999,3.881
15,CC DChg,123.15555555556784,-1.6999,3.8809
15,CC DChg,123.25555555555911,-1.6999,3.8809
15,CC DChg,123.35555555556493,-1.6999,3.8809
15,CC DChg,123.4555555555562,-1.6999,3.8808
15,CC DChg,123.55555555556202,-1.6999,3.8808
15,CC DChg,123.65555555556784,-1.6999,3.8808
15,CC DChg,123.75555555555911,-1.6999,3.8808
15,CC DChg,123.85555555556493,-1.6999,3.8807
15,CC DChg,123.9555555555562,-1.6999,3.8807
15,CC DChg,124.05555555556202,-1.6999,3.8807
15,CC DChg,124.15555555556784,-1.6999,3.8807
15,CC DChg,124.25555555555911,-1.6999,3.8806
15,CC DChg,124.35555555556493,-1.6999,3.8806
15,CC DChg,124.4555555555562,-1.6999,3.8806
15,CC DChg,124.55555555556202,-1.6999,3.8805
15,CC DChg,124.65555555556784,-1.6999,3.8805
15,CC DChg,124.75555555555911,-1.6999,3.8805
15,CC DChg,124.85555555556493,-1.6999,3.8804
15,CC DChg,124.9555555555562,-1.6999,3.8804
15,CC DChg,125.05555555556202,-1.6999,3.8804
15,CC DChg,125.15555555556784,-1.6999,3.8804
15,CC DChg,125.25555555555911,-1.6999,3.8803
15,CC DChg,125.35555555556493,-1.6999,3.8803
15,CC DChg,125.4555555555562,-1.6999,3.8802
15,CC DChg,125.55555555556202,-1.6999,3.8802
15,CC DChg,125.65555555556784,-1.6999,3.8802
15,CC DChg,125.75555555555911,-1.6999,3.8802
15,CC DChg,125.85555555556493,-1.6999,3.8801
15,CC DChg,125.9555555555562,-1.6999,3.8801
15,CC DChg,126.05555555556202,-1.6999,3.8801
15,CC DChg,126.15555555556784,-1.6999,3.8801
15,CC DChg,126.25555555555911,-1.6999,3.88
15,CC DChg,126.35555555556493,-1.6999,3.88
15,CC DChg,126.4555555555562,-1.6999,3.88
15,CC DChg,126.55555555556202,-1.6999,3.88
15,CC DChg,126.65555555556784,-1.6999,3.88
15,CC DChg,126.75555555555911,-1.6999,3.8799
15,CC DChg,126.85555555556493,-1.6999,3.8799
15,CC DChg,126.9555555555562,-1.6999,3.8799
15,CC DChg,127.05555555556202,-1.6999,3.8799
15,CC DChg,127.15555555556784,-1.6999,3.8798
15,CC DChg,127.25555555555911,-1.6999,3.8798
15,CC DChg,127.35555555556493,-1.6999,3.8797
15,CC DChg,127.4555555555562,-1.6999,3.8797
15,CC DChg,127.55555555556202,-1.6999,3.8797
15,CC DChg,127.65555555556784,-1.6999,3.8797
15,CC DChg,127.75555555555911,-1.6999,3.8796
15,CC DChg,127.85555555556493,-1.6999,3.8796
15,CC DChg,127.9555555555562,-1.6999,3.8796
15,CC DChg,128.05555555556202,-1.6999,3.8796
15,CC DChg,128.15555555556784,-1.6999,3.8795
15,CC DChg,128.2555555555591,-1.6999,3.8795
15,CC DChg,128.35555555556493,-1.6999,3.8795
15,CC DChg,128.4555555555562,-1.6999,3.8795
15,CC DChg,128.55555555556202,-1.6999,3.8795
15,CC DChg,128.65555555556784,-1.6999,3.8794
15,CC DChg,128.7555555555591,-1.6999,3.8794
15,CC DChg,128.85555555556493,-1.6999,3.8794
15,CC DChg,128.9555555555562,-1.6999,3.8793
15,CC DChg,129.05555555556202,-1.6999,3.8793
15,CC DChg,129.15555555556784,-1.6999,3.8793
15,CC DChg,129.2555555555591,-1.6999,3.8793
15,CC DChg,129.35555555556493,-1.6999,3.8792
15,CC DChg,129.4555555555562,-1.6999,3.8792
15,CC DChg,129.55555555556202,-1.6999,3.8792
15,CC DChg,129.65555555556784,-1.6999,3.8791
15,CC DChg,129.7555555555591,-1.6999,3.8791
15,CC DChg,129.85555555556493,-1.6999,3.8791
15,CC DChg,129.9555555555562,-1.6999,3.879
15,CC DChg,130.05555555556202,-1.6999,3.879
15,CC DChg,130.15555555556784,-1.6999,3.879
15,CC DChg,130.2555555555591,-1.6999,3.8789
15,CC DChg,130.35555555556493,-1.6999,3.8789
15,CC DChg,130.4555555555562,-1.6999,3.8789
15,CC DChg,130.55555555556202,-1.6999,3.8789
15,CC DChg,130.65555555556784,-1.6999,3.8788
15,CC DChg,130.7555555555591,-1.6999,3.8788
15,CC DChg,130.85555555556493,-1.6999,3.8788
15,CC DChg,130.9555555555562,-1.6999,3.8788
15,CC DChg,131.05555555556202,-1.6999,3.8787
15,CC DChg,131.15555555556784,-1.6999,3.8787
15,CC DChg,131.2555555555591,-1.6999,3.8787
15,CC DChg,131.35555555556493,-1.6999,3.8787
15,CC DChg,131.4555555555562,-1.6999,3.8786
15,CC DChg,131.55555555556202,-1.6999,3.8786
15,CC DChg,131.65555555556784,-1.6999,3.8786
15,CC DChg,131.7555555555591,-1.6999,3.8786
15,CC DChg,131.85555555556493,-1.6999,3.8785
15,CC DChg,131.9555555555562,-1.6999,3.8785
15,CC DChg,132.05555555556202,-1.6999,3.8785
15,CC DChg,132.15555555556784,-1.6999,3.8784
15,CC DChg,132.2555555555591,-1.6999,3.8784
15,CC DChg,132.35555555556493,-1.6999,3.8784
15,CC DChg,132.4555555555562,-1.6999,3.8783
15,CC DChg,132.55555555556202,-1.6999,3.8783
15,CC DChg,132.65555555556784,-1.6999,3.8783
15,CC DChg,132.7555555555591,-1.6999,3.8783
15,CC DChg,132.85555555556493,-1.6999,3.8782
15,CC DChg,132.9555555555562,-1.6999,3.8782
15,CC DChg,133.05555555556202,-1.6999,3.8782
15,CC DChg,133.15555555556784,-1.6999,3.8782
15,CC DChg,133.2555555555591,-1.6999,3.8781
15,CC DChg,133.35555555556493,-1.6999,3.8781
15,CC DChg,133.4555555555562,-1.6999,3.8781
15,CC DChg,133.55555555556202,-1.6999,3.8781
15,CC DChg,133.65555555556784,-1.6999,3.878
15,CC DChg,133.7555555555591,-1.6999,3.878
15,CC DChg,133.85555555556493,-1.6999,3.878
15,CC DChg,133.9555555555562,-1.6999,3.878
15,CC DChg,134.05555555556202,-1.6999,3.878
15,CC DChg,134.15555555556784,-1.6999,3.8779
15,CC DChg,134.2555555555591,-1.6999,3.8779
15,CC DChg,134.35555555556493,-1.6999,3.8779
15,CC DChg,134.4555555555562,-1.6999,3.8778
15,CC DChg,134.55555555556202,-1.6999,3.8778
15,CC DChg,134.65555555556784,-1.6999,3.8778
15,CC DChg,134.7555555555591,-1.6999,3.8778
15,CC DChg,134.85555555556493,-1.6999,3.8777
15,CC DChg,134.9555555555562,-1.6999,3.8777
15,CC DChg,135.05555555556202,-1.6999,3.8777
15,CC DChg,135.15555555556784,-1.6999,3.8777
15,CC DChg,135.2555555555591,-1.6999,3.8776
15,CC DChg,135.35555555556493,-1.6999,3.8776
15,CC DChg,135.4555555555562,-1.6999,3.8775
15,CC DChg,135.55555555556202,-1.6999,3.8775
15,CC DChg,135.65555555556784,-1.6999,3.8775
15,CC DChg,135.7555555555591,-1.6999,3.8775
15,CC DChg,135.85555555556493,-1.6999,3.8775
15,CC DChg,135.9555555555562,-1.6999,3.8774
15,CC DChg,136.05555555556202,-1.6999,3.8774
15,CC DChg,136.15555555556784,-1.6999,3.8774
15,CC DChg,136.2555555555591,-1.6999,3.8773
15,CC DChg,136.35555555556493,-1.6999,3.8773
15,CC DChg,136.4555555555562,-1.6999,3.8773
15,CC DChg,136.55555555556202,-1.6999,3.8773
15,CC DChg,136.65555555556784,-1.6999,3.8772
15,CC DChg,136.7555555555591,-1.6999,3.8772
15,CC DChg,136.85555555556493,-1.6999,3.8772
15,CC DChg,136.9555555555562,-1.6999,3.8772
15,CC DChg,137.05555555556202,-1.6999,3.8771
15,CC DChg,137.15555555556784,-1.6999,3.8771
15,CC DChg,137.2555555555591,-1.6999,3.8771
15,CC DChg,137.35555555556493,-1.6999,3.8771
15,CC DChg,137.4555555555562,-1.6999,3.8771
15,CC DChg,137.55555555556202,-1.6999,3.877
15,CC DChg,137.65555555556784,-1.6999,3.877
15,CC DChg,137.7555555555591,-1.6999,3.877
15,CC DChg,137.85555555556493,-1.6999,3.877
15,CC DChg,137.9555555555562,-1.6999,3.8769
15,CC DChg,138.05555555556202,-1.6999,3.8769
15,CC DChg,138.15555555556784,-1.6999,3.8768
15,CC DChg,138.2555555555591,-1.6999,3.8768
15,CC DChg,138.35555555556493,-1.6999,3.8768
15,CC DChg,138.4555555555562,-1.6999,3.8768
15,CC DChg,138.55555555556202,-1.6999,3.8767
15,CC DChg,138.65555555556784,-1.6999,3.8767
15,CC DChg,138.7555555555591,-1.6999,3.8767
15,CC DChg,138.85555555556493,-1.6999,3.8766
15,CC DChg,138.9555555555562,-1.6999,3.8766
15,CC DChg,139.05555555556202,-1.6999,3.8766
15,CC DChg,139.15555555556784,-1.6999,3.8765
15,CC DChg,139.2555555555591,-1.6999,3.8765
15,CC DChg,139.35555555556493,-1.6999,3.8765
15,CC DChg,139.4555555555562,-1.6999,3.8765
15,CC DChg,139.55555555556202,-1.6999,3.8765
15,CC DChg,139.65555555556784,-1.6999,3.8764
15,CC DChg,139.7555555555591,-1.6999,3.8764
15,CC DChg,139.85555555556493,-1.6999,3.8764
15,CC DChg,139.9555555555562,-1.6999,3.8764
15,CC DChg,140.05555555556202,-1.6999,3.8763
15,CC DChg,140.15555555556784,-1.6999,3.8763
15,CC DChg,140.2555555555591,-1.6999,3.8763
15,CC DChg,140.35555555556493,-1.6999,3.8763
15,CC DChg,140.4555555555562,-1.6999,3.8762
15,CC DChg,140.55555555556202,-1.6999,3.8762
15,CC DChg,140.65555555556784,-1.6999,3.8762
15,CC DChg,140.7555555555591,-1.6999,3.8762
15,CC DChg,140.85555555556493,-1.6999,3.8761
15,CC DChg,140.9555555555562,-1.6999,3.8761
15,CC DChg,141.05555555556202,-1.6999,3.8761
15,CC DChg,141.15555555556784,-1.6999,3.876
15,CC DChg,141.2555555555591,-1.6999,3.876
15,CC DChg,141.35555555556493,-1.6999,3.876
15,CC DChg,141.4555555555562,-1.6999,3.876
15,CC DChg,141.55555555556202,-1.6999,3.8759
15,CC DChg,141.65555555556784,-1.6999,3.8759
15,CC DChg,141.7555555555591,-1.6999,3.8759
15,CC DChg,141.85555555556493,-1.6999,3.8759
15,CC DChg,141.9555555555562,-1.6999,3.8759
15,CC DChg,142.05555555556202,-1.6999,3.8758
15,CC DChg,142.15555555556784,-1.6999,3.8757
15,CC DChg,142.2555555555591,-1.6999,3.8758
15,CC DChg,142.35555555556493,-1.6999,3.8757
15,CC DChg,142.4555555555562,-1.6999,3.8757
15,CC DChg,142.55555555556202,-1.6999,3.8757
15,CC DChg,142.65555555556784,-1.6999,3.8757
15,CC DChg,142.7555555555591,-1.6999,3.8757
15,CC DChg,142.85555555556493,-1.6999,3.8756
15,CC DChg,142.9555555555562,-1.6999,3.8756
15,CC DChg,143.05555555556202,-1.6999,3.8756
15,CC DChg,143.15555555556784,-1.6999,3.8755
15,CC DChg,143.2555555555591,-1.6999,3.8755
15,CC DChg,143.35555555556493,-1.6999,3.8755
15,CC DChg,143.4555555555562,-1.6999,3.8754
15,CC DChg,143.55555555556202,-1.6999,3.8754
15,CC DChg,143.65555555556784,-1.6999,3.8754
15,CC DChg,143.7555555555591,-1.6999,3.8754
15,CC DChg,143.85555555556493,-1.6999,3.8754
15,CC DChg,143.9555555555562,-1.6999,3.8753
15,CC DChg,144.05555555556202,-1.6999,3.8753
15,CC DChg,144.15555555556784,-1.6999,3.8753
15,CC DChg,144.2555555555591,-1.6999,3.8753
15,CC DChg,144.35555555556493,-1.6999,3.8752
15,CC DChg,144.4555555555562,-1.6999,3.8752
15,CC DChg,144.55555555556202,-1.6999,3.8752
15,CC DChg,144.65555555556784,-1.6999,3.8752
15,CC DChg,144.7555555555591,-1.6999,3.8751
15,CC DChg,144.85555555556493,-1.6999,3.8751
15,CC DChg,144.9555555555562,-1.6999,3.8751
15,CC DChg,145.05555555556202,-1.6999,3.8751
15,CC DChg,145.15555555556784,-1.6999,3.875
15,CC DChg,145.2555555555591,-1.6999,3.875
15,CC DChg,145.35555555556493,-1.6999,3.875
15,CC DChg,145.4555555555562,-1.6999,3.875
15,CC DChg,145.55555555556202,-1.6999,3.8749
15,CC DChg,145.65555555556784,-1.6999,3.8749
15,CC DChg,145.7555555555591,-1.6999,3.8749
15,CC DChg,145.85555555556493,-1.6999,3.8748
15,CC DChg,145.9555555555562,-1.6999,3.8748
15,CC DChg,146.05555555556202,-1.6999,3.8748
15,CC DChg,146.15555555556784,-1.6999,3.8748
15,CC DChg,146.2555555555591,-1.6999,3.8748
15,CC DChg,146.35555555556493,-1.6999,3.8747
15,CC DChg,146.4555555555562,-1.6999,3.8747
15,CC DChg,146.55555555556202,-1.6999,3.8747
15,CC DChg,146.65555555556784,-1.6999,3.8747
15,CC DChg,146.7555555555591,-1.6999,3.8746
15,CC DChg,146.85555555556493,-1.6999,3.8746
15,CC DChg,146.9555555555562,-1.6999,3.8746
15,CC DChg,147.05555555556202,-1.6999,3.8746
15,CC DChg,147.15555555556784,-1.6999,3.8746
15,CC DChg,147.2555555555591,-1.6999,3.8745
15,CC DChg,147.35555555556493,-1.6999,3.8745
15,CC DChg,147.4555555555562,-1.6999,3.8745
15,CC DChg,147.55555555556202,-1.6999,3.8744
15,CC DChg,147.65555555556784,-1.6999,3.8744
15,CC DChg,147.7555555555591,-1.6999,3.8744
15,CC DChg,147.85555555556493,-1.6999,3.8744
15,CC DChg,147.9555555555562,-1.6999,3.8743
15,CC DChg,148.05555555556202,-1.6999,3.8743
15,CC DChg,148.15555555556784,-1.6999,3.8743
15,CC DChg,148.2555555555591,-1.6999,3.8742
15,CC DChg,148.35555555556493,-1.6999,3.8742
15,CC DChg,148.4555555555562,-1.6999,3.8742
15,CC DChg,148.55555555556202,-1.6999,3.8742
15,CC DChg,148.65555555556784,-1.6999,3.8742
15,CC DChg,148.7555555555591,-1.6999,3.8741
15,CC DChg,148.85555555556493,-1.6999,3.8741
15,CC DChg,148.9555555555562,-1.6999,3.8741
15,CC DChg,149.05555555556202,-1.6999,3.8741
15,CC DChg,149.15555555556784,-1.6999,3.874
15,CC DChg,149.2555555555591,-1.6999,3.874
15,CC DChg,149.35555555556493,-1.6999,3.874
15,CC DChg,149.4555555555562,-1.6999,3.874
15,CC DChg,149.55555555556202,-1.6999,3.8739
15,CC DChg,149.65555555556784,-1.6999,3.8739
15,CC DChg,149.7555555555591,-1.6999,3.8739
15,CC DChg,149.85555555556493,-1.6999,3.8739
15,CC DChg,149.9555555555562,-1.6999,3.8738
15,CC DChg,150.05555555556202,-1.6999,3.8738
15,CC DChg,150.15555555556784,-1.6999,3.8738
15,CC DChg,150.2555555555591,-1.6999,3.8737
15,CC DChg,150.35555555556493,-1.6999,3.8737
15,CC DChg,150.4555555555562,-1.6999,3.8737
15,CC DChg,150.55555555556202,-1.6999,3.8737
15,CC DChg,150.65555555556784,-1.6999,3.8736
15,CC DChg,150.7555555555591,-1.6999,3.8736
15,CC DChg,150.85555555556493,-1.6999,3.8736
15,CC DChg,150.9555555555562,-1.6999,3.8736
15,CC DChg,151.05555555556202,-1.6999,3.8736
15,CC DChg,151.15555555556784,-1.6999,3.8736
15,CC DChg,151.2555555555591,-1.6999,3.8735
15,CC DChg,151.35555555556493,-1.6999,3.8735
15,CC DChg,151.4555555555562,-1.6999,3.8735
15,CC DChg,151.55555555556202,-1.6999,3.8735
15,CC DChg,151.65555555556784,-1.6999,3.8734
15,CC DChg,151.7555555555591,-1.6999,3.8734
15,CC DChg,151.85555555556493,-1.6999,3.8734
15,CC DChg,151.9555555555562,-1.6999,3.8733
15,CC DChg,152.05555555556202,-1.6999,3.8733
15,CC DChg,152.15555555556784,-1.6999,3.8733
15,CC DChg,152.2555555555591,-1.6999,3.8732
15,CC DChg,152.35555555556493,-1.6999,3.8732
15,CC DChg,152.4555555555562,-1.6999,3.8732
15,CC DChg,152.55555555556202,-1.6999,3.8732
15,CC DChg,152.65555555556784,-1.6999,3.8732
15,CC DChg,152.7555555555591,-1.6999,3.8731
15,CC DChg,152.85555555556493,-1.6999,3.8731
15,CC DChg,152.9555555555562,-1.6999,3.8731
15,CC DChg,153.05555555556202,-1.6999,3.8731
15,CC DChg,153.15555555556784,-1.6999,3.8731
15,CC DChg,153.2555555555591,-1.6999,3.873
15,CC DChg,153.35555555556493,-1.6999,3.873
15,CC DChg,153.4555555555562,-1.6999,3.8729
15,CC DChg,153.55555555556202,-1.6999,3.873
15,CC DChg,153.65555555556784,-1.6999,3.8729
15,CC DChg,153.7555555555591,-1.6999,3.8729
15,CC DChg,153.85555555556493,-1.6999,3.8729
15,CC DChg,153.9555555555562,-1.6999,3.8729
15,CC DChg,154.05555555556202,-1.6999,3.8728
15,CC DChg,154.15555555556784,-1.6999,3.8728
15,CC DChg,154.2555555555591,-1.6999,3.8728
15,CC DChg,154.35555555556493,-1.6999,3.8727
15,CC DChg,154.4555555555562,-1.6999,3.8727
15,CC DChg,154.55555555556202,-1.6999,3.8726
15,CC DChg,154.65555555556784,-1.6999,3.8726
15,CC DChg,154.7555555555591,-1.6999,3.8726
15,CC DChg,154.85555555556493,-1.6999,3.8726
15,CC DChg,154.9555555555562,-1.6999,3.8726
15,CC DChg,155.05555555556202,-1.6999,3.8726
15,CC DChg,155.15555555556784,-1.6999,3.8725
15,CC DChg,155.2555555555591,-1.6999,3.8725
15,CC DChg,155.35555555556493,-1.6998,3.8725
15,CC DChg,155.4555555555562,-1.6998,3.8725
15,CC DChg,155.55555555556202,-1.6998,3.8724
15,CC DChg,155.65555555556784,-1.6998,3.8724
15,CC DChg,155.7555555555591,-1.6998,3.8724
15,CC DChg,155.85555555556493,-1.6998,3.8724
15,CC DChg,155.9555555555562,-1.6998,3.8723
15,CC DChg,156.05555555556202,-1.6998,3.8723
15,CC DChg,156.15555555556784,-1.6998,3.8723
15,CC DChg,156.2555555555591,-1.6998,3.8723
15,CC DChg,156.35555555556493,-1.6998,3.8722
15,CC DChg,156.4555555555562,-1.6998,3.8722
15,CC DChg,156.55555555556202,-1.6998,3.8722
15,CC DChg,156.65555555556784,-1.6998,3.8722
15,CC DChg,156.7555555555591,-1.6998,3.8721
15,CC DChg,156.85555555556493,-1.6998,3.8721
15,CC DChg,156.9555555555562,-1.6998,3.8721
15,CC DChg,157.05555555556202,-1.6998,3.8721
15,CC DChg,157.15555555556784,-1.6998,3.8721
15,CC DChg,157.2555555555591,-1.6998,3.872
15,CC DChg,157.35555555556493,-1.6998,3.872
15,CC DChg,157.4555555555562,-1.6998,3.872
15,CC DChg,157.55555555556202,-1.6998,3.872
15,CC DChg,157.65555555556784,-1.6998,3.8719
15,CC DChg,157.7555555555591,-1.6998,3.8719
15,CC DChg,157.85555555556493,-1.6998,3.8719
15,CC DChg,157.9555555555562,-1.6998,3.8718
15,CC DChg,158.05555555556202,-1.6998,3.8718
15,CC DChg,158.15555555556784,-1.6998,3.8718
15,CC DChg,158.2555555555591,-1.6998,3.8718
15,CC DChg,158.35555555556493,-1.6998,3.8718
15,CC DChg,158.4555555555562,-1.6998,3.8717
15,CC DChg,158.55555555556202,-1.6998,3.8717
15,CC DChg,158.65555555556784,-1.6998,3.8717
15,CC DChg,158.7555555555591,-1.6998,3.8717
15,CC DChg,158.85555555556493,-1.6998,3.8716
15,CC DChg,158.9555555555562,-1.6998,3.8716
15,CC DChg,159.05555555556202,-1.6998,3.8716
15,CC DChg,159.15555555556784,-1.6998,3.8716
15,CC DChg,159.2555555555591,-1.6998,3.8716
15,CC DChg,159.35555555556493,-1.6998,3.8715
15,CC DChg,159.4555555555562,-1.6998,3.8715
15,CC DChg,159.55555555556202,-1.6998,3.8715
15,CC DChg,159.65555555556784,-1.6998,3.8714
15,CC DChg,159.7555555555591,-1.6998,3.8714
15,CC DChg,159.85555555556493,-1.6998,3.8714
15,CC DChg,159.9555555555562,-1.6998,3.8714
15,CC DChg,160.05555555556202,-1.6998,3.8713
15,CC DChg,160.15555555556784,-1.6998,3.8713
15,CC DChg,160.2555555555591,-1.6998,3.8713
15,CC DChg,160.35555555556493,-1.6998,3.8713
15,CC DChg,160.4555555555562,-1.6998,3.8713
15,CC DChg,160.55555555556202,-1.6998,3.8712
15,CC DChg,160.65555555556784,-1.6998,3.8712
15,CC DChg,160.7555555555591,-1.6998,3.8712
15,CC DChg,160.85555555556493,-1.6998,3.8711
15,CC DChg,160.9555555555562,-1.6998,3.8711
15,CC DChg,161.05555555556202,-1.6998,3.8711
15,CC DChg,161.15555555556784,-1.6998,3.8711
15,CC DChg,161.2555555555591,-1.6998,3.8711
15,CC DChg,161.35555555556493,-1.6998,3.871
15,CC DChg,161.4555555555562,-1.6998,3.871
15,CC DChg,161.55555555556202,-1.6998,3.871
15,CC DChg,161.65555555556784,-1.6998,3.871
15,CC DChg,161.7555555555591,-1.6998,3.8709
15,CC DChg,161.85555555556493,-1.6998,3.8709
15,CC DChg,161.9555555555562,-1.6998,3.8709
15,CC DChg,162.05555555556202,-1.6998,3.8709
15,CC DChg,162.15555555556784,-1.6998,3.8708
15,CC DChg,162.2555555555591,-1.6998,3.8708
15,CC DChg,162.35555555556493,-1.6998,3.8708
15,CC DChg,162.4555555555562,-1.6998,3.8708
15,CC DChg,162.55555555556202,-1.6998,3.8708
15,CC DChg,162.65555555556784,-1.6998,3.8707
15,CC DChg,162.7555555555591,-1.6998,3.8707
15,CC DChg,162.85555555556493,-1.6998,3.8707
15,CC DChg,162.9555555555562,-1.6998,3.8706
15,CC DChg,163.05555555556202,-1.6998,3.8706
15,CC DChg,163.15555555556784,-1.6998,3.8706
15,CC DChg,163.2555555555591,-1.6998,3.8706
15,CC DChg,163.35555555556493,-1.6998,3.8706
15,CC DChg,163.4555555555562,-1.6998,3.8705
15,CC DChg,163.55555555556202,-1.6998,3.8705
15,CC DChg,163.65555555556784,-1.6998,3.8704
15,CC DChg,163.7555555555591,-1.6998,3.8704
15,CC DChg,163.85555555556493,-1.6998,3.8704
15,CC DChg,163.9555555555562,-1.6998,3.8704
15,CC DChg,164.05555555556202,-1.6998,3.8704
15,CC DChg,164.15555555556784,-1.6998,3.8703
15,CC DChg,164.2555555555591,-1.6998,3.8703
15,CC DChg,164.35555555556493,-1.6998,3.8703
15,CC DChg,164.4555555555562,-1.6998,3.8703
15,CC DChg,164.55555555556202,-1.6998,3.8702
15,CC DChg,164.65555555556784,-1.6998,3.8702
15,CC DChg,164.7555555555591,-1.6998,3.8702
15,CC DChg,164.85555555556493,-1.6998,3.8702
15,CC DChg,164.9555555555562,-1.6998,3.8701
15,CC DChg,165.05555555556202,-1.6998,3.8701
15,CC DChg,165.15555555556784,-1.6998,3.8701
15,CC DChg,165.2555555555591,-1.6998,3.87
15,CC DChg,165.35555555556493,-1.6998,3.8701
15,CC DChg,165.4555555555562,-1.6998,3.87
15,CC DChg,165.55555555556202,-1.6998,3.87
15,CC DChg,165.65555555556784,-1.6998,3.87
15,CC DChg,165.7555555555591,-1.6998,3.8699
15,CC DChg,165.85555555556493,-1.6998,3.8699
15,CC DChg,165.9555555555562,-1.6998,3.8699
15,CC DChg,166.05555555556202,-1.6998,3.8699
15,CC DChg,166.15555555556784,-1.6998,3.8698
15,CC DChg,166.2555555555591,-1.6998,3.8698
15,CC DChg,166.35555555556493,-1.6998,3.8698
15,CC DChg,166.4555555555562,-1.6998,3.8698
15,CC DChg,166.55555555556202,-1.6998,3.8698
15,CC DChg,166.65555555556784,-1.6998,3.8697
15,CC DChg,166.7555555555591,-1.6998,3.8697
15,CC DChg,166.85555555556493,-1.6998,3.8697
15,CC DChg,166.9555555555562,-1.6998,3.8696
15,CC DChg,167.05555555556202,-1.6998,3.8696
15,CC DChg,167.15555555556784,-1.6998,3.8696
15,CC DChg,167.2555555555591,-1.6998,3.8696
15,CC DChg,167.35555555556493,-1.6998,3.8696
15,CC DChg,167.4555555555562,-1.6998,3.8695
15,CC DChg,167.55555555556202,-1.6998,3.8695
15,CC DChg,167.65555555556784,-1.6998,3.8695
15,CC DChg,167.7555555555591,-1.6998,3.8695
15,CC DChg,167.85555555556493,-1.6998,3.8694
15,CC DChg,167.9555555555562,-1.6998,3.8694
15,CC DChg,168.05555555556202,-1.6998,3.8694
15,CC DChg,168.15555555556784,-1.6998,3.8693
15,CC DChg,168.2555555555591,-1.6998,3.8693
15,CC DChg,168.35555555556493,-1.6998,3.8693
15,CC DChg,168.4555555555562,-1.6998,3.8693
15,CC DChg,168.55555555556202,-1.6998,3.8693
15,CC DChg,168.65555555556784,-1.6998,3.8692
15,CC DChg,168.7555555555591,-1.6998,3.8692
15,CC DChg,168.85555555556493,-1.6998,3.8692
15,CC DChg,168.9555555555562,-1.6998,3.8692
15,CC DChg,169.05555555556202,-1.6998,3.8692
15,CC DChg,169.15555555556784,-1.6998,3.8691
15,CC DChg,169.2555555555591,-1.6998,3.8691
15,CC DChg,169.35555555556493,-1.6998,3.869
15,CC DChg,169.4555555555562,-1.6998,3.869
15,CC DChg,169.55555555556202,-1.6998,3.869
15,CC DChg,169.65555555556784,-1.6998,3.869
15,CC DChg,169.7555555555591,-1.6998,3.869
15,CC DChg,169.85555555556493,-1.6998,3.8689
15,CC DChg,169.9555555555562,-1.6998,3.8689
15,CC DChg,170.05555555556202,-1.6998,3.8689
15,CC DChg,170.15555555556784,-1.6998,3.8689
15,CC DChg,170.2555555555591,-1.6998,3.8688
15,CC DChg,170.35555555556493,-1.6998,3.8688
15,CC DChg,170.4555555555562,-1.6998,3.8688
15,CC DChg,170.55555555556202,-1.6998,3.8688
15,CC DChg,170.65555555556784,-1.6998,3.8688
15,CC DChg,170.7555555555591,-1.6998,3.8688
15,CC DChg,170.85555555556493,-1.6998,3.8687
15,CC DChg,170.9555555555562,-1.6998,3.8687
15,CC DChg,171.05555555556202,-1.6998,3.8687
15,CC DChg,171.15555555556784,-1.6998,3.8687
15,CC DChg,171.2555555555591,-1.6998,3.8686
15,CC DChg,171.35555555556493,-1.6998,3.8686
15,CC DChg,171.4555555555562,-1.6998,3.8686
15,CC DChg,171.55555555556202,-1.6998,3.8686
15,CC DChg,171.65555555556784,-1.6998,3.8686
15,CC DChg,171.7555555555591,-1.6998,3.8685
15,CC DChg,171.85555555556493,-1.6998,3.8685
15,CC DChg,171.9555555555562,-1.6998,3.8685
15,CC DChg,172.05555555556202,-1.6998,3.8685
15,CC DChg,172.15555555556784,-1.6998,3.8684
15,CC DChg,172.2555555555591,-1.6998,3.8684
15,CC DChg,172.35555555556493,-1.6998,3.8684
15,CC DChg,172.4555555555562,-1.6998,3.8683
15,CC DChg,172.55555555556202,-1.6998,3.8683
15,CC DChg,172.65555555556784,-1.6998,3.8683
15,CC DChg,172.7555555555591,-1.6998,3.8683
15,CC DChg,172.85555555556493,-1.6998,3.8683
15,CC DChg,172.9555555555562,-1.6998,3.8682
15,CC DChg,173.05555555556202,-1.6998,3.8682
15,CC DChg,173.15555555556784,-1.6998,3.8682
15,CC DChg,173.2555555555591,-1.6998,3.8682
15,CC DChg,173.35555555556493,-1.6998,3.8682
15,CC DChg,173.4555555555562,-1.6998,3.8682
15,CC DChg,173.55555555556202,-1.6998,3.8681
15,CC DChg,173.65555555556784,-1.6998,3.8681
15,CC DChg,173.7555555555591,-1.6998,3.8681
15,CC DChg,173.85555555556493,-1.6998,3.8681
15,CC DChg,173.9555555555562,-1.6998,3.868
15,CC DChg,174.05555555556202,-1.6998,3.868
15,CC DChg,174.15555555556784,-1.6998,3.868
15,CC DChg,174.2555555555591,-1.6998,3.8679
15,CC DChg,174.35555555556493,-1.6998,3.8679
15,CC DChg,174.4555555555562,-1.6998,3.8679
15,CC DChg,174.55555555556202,-1.6998,3.8679
15,CC DChg,174.65555555556784,-1.6998,3.8679
15,CC DChg,174.7555555555591,-1.6998,3.8678
15,CC DChg,174.85555555556493,-1.6998,3.8678
15,CC DChg,174.9555555555562,-1.6998,3.8678
15,CC DChg,175.05555555556202,-1.6998,3.8678
15,CC DChg,175.15555555556784,-1.6998,3.8678
15,CC DChg,175.2555555555591,-1.6998,3.8677
15,CC DChg,175.35555555556493,-1.6998,3.8677
15,CC DChg,175.4555555555562,-1.6998,3.8677
15,CC DChg,175.55555555556202,-1.6998,3.8677
15,CC DChg,175.65555555556784,-1.6998,3.8677
15,CC DChg,175.7555555555591,-1.6998,3.8676
15,CC DChg,175.85555555556493,-1.6998,3.8676
15,CC DChg,175.9555555555562,-1.6998,3.8676
15,CC DChg,176.05555555556202,-1.6998,3.8676
15,CC DChg,176.15555555556784,-1.6998,3.8675
15,CC DChg,176.2555555555591,-1.6998,3.8675
15,CC DChg,176.35555555556493,-1.6998,3.8675
15,CC DChg,176.4555555555562,-1.6998,3.8675
15,CC DChg,176.55555555556202,-1.6998,3.8675
15,CC DChg,176.65555555556784,-1.6998,3.8675
15,CC DChg,176.7555555555591,-1.6998,3.8674
15,CC DChg,176.85555555556493,-1.6998,3.8674
15,CC DChg,176.9555555555562,-1.6998,3.8674
15,CC DChg,177.05555555556202,-1.6998,3.8674
15,CC DChg,177.15555555556784,-1.6998,3.8674
15,CC DChg,177.2555555555591,-1.6998,3.8673
15,CC DChg,177.35555555556493,-1.6998,3.8673
15,CC DChg,177.4555555555562,-1.6998,3.8673
15,CC DChg,177.55555555556202,-1.6998,3.8672
15,CC DChg,177.65555555556784,-1.6998,3.8672
15,CC DChg,177.7555555555591,-1.6998,3.8672
15,CC DChg,177.85555555556493,-1.6998,3.8671
15,CC DChg,177.9555555555562,-1.6998,3.8671
15,CC DChg,178.05555555556202,-1.6998,3.8671
15,CC DChg,178.15555555556784,-1.6998,3.8671
15,CC DChg,178.2555555555591,-1.6998,3.8671
15,CC DChg,178.35555555556493,-1.6998,3.8671
15,CC DChg,178.4555555555562,-1.6998,3.867
15,CC DChg,178.55555555556202,-1.6998,3.867
15,CC DChg,178.65555555556784,-1.6998,3.867
15,CC DChg,178.7555555555591,-1.6998,3.867
15,CC DChg,178.85555555556493,-1.6998,3.867
15,CC DChg,178.9555555555562,-1.6998,3.867
15,CC DChg,179.05555555556202,-1.6998,3.8669
15,CC DChg,179.15555555556784,-1.6998,3.8669
15,CC DChg,179.2555555555591,-1.6998,3.8669
15,CC DChg,179.35555555556493,-1.6998,3.8669
15,CC DChg,179.4555555555562,-1.6998,3.8669
15,CC DChg,179.55555555556202,-1.6998,3.8669
15,CC DChg,179.65555555556784,-1.6998,3.8668
15,CC DChg,179.7555555555591,-1.6998,3.8668
15,CC DChg,179.85555555556493,-1.6998,3.8668
15,CC DChg,179.9555555555562,-1.6998,3.8667
15,CC DChg,180.05555555556202,-1.6998,3.8667
15,CC DChg,180.15555555556784,-1.6998,3.8667
15,CC DChg,180.2555555555591,-1.6998,3.8667
15,CC DChg,180.35555555556493,-1.6998,3.8666
15,CC DChg,180.4555555555562,-1.6998,3.8666
15,CC DChg,180.55555555556202,-1.6998,3.8666
15,CC DChg,180.65555555556784,-1.6998,3.8666
15,CC DChg,180.7555555555591,-1.6998,3.8665
15,CC DChg,180.85555555556493,-1.6998,3.8665
15,CC DChg,180.9555555555562,-1.6998,3.8665
15,CC DChg,181.05555555556202,-1.6998,3.8665
15,CC DChg,181.15555555556784,-1.6998,3.8665
15,CC DChg,181.2555555555591,-1.6998,3.8665
15,CC DChg,181.35555555556493,-1.6998,3.8665
15,CC DChg,181.4555555555562,-1.6998,3.8664
15,CC DChg,181.55555555556202,-1.6998,3.8664
15,CC DChg,181.65555555556784,-1.6998,3.8664
15,CC DChg,181.7555555555591,-1.6998,3.8663
15,CC DChg,181.85555555556493,-1.6998,3.8663
15,CC DChg,181.9555555555562,-1.6998,3.8663
15,CC DChg,182.05555555556202,-1.6998,3.8663
15,CC DChg,182.15555555556784,-1.6998,3.8663
15,CC DChg,182.2555555555591,-1.6998,3.8662
15,CC DChg,182.35555555556493,-1.6998,3.8662
15,CC DChg,182.4555555555562,-1.6998,3.8662
15,CC DChg,182.55555555556202,-1.6998,3.8662
15,CC DChg,182.65555555556784,-1.6998,3.8661
15,CC DChg,182.7555555555591,-1.6998,3.8661
15,CC DChg,182.85555555556493,-1.6998,3.8661
15,CC DChg,182.9555555555562,-1.6998,3.866
15,CC DChg,183.05555555556202,-1.6998,3.866
15,CC DChg,183.15555555556784,-1.6999,3.866
15,CC DChg,183.2555555555591,-1.6999,3.866
15,CC DChg,183.35555555556493,-1.6999,3.866
15,CC DChg,183.4555555555562,-1.6999,3.866
15,CC DChg,183.55555555556202,-1.6999,3.8659
15,CC DChg,183.65555555556784,-1.6999,3.8659
15,CC DChg,183.7555555555591,-1.6999,3.8659
15,CC DChg,183.85555555556493,-1.6999,3.8659
15,CC DChg,183.9555555555562,-1.6999,3.8658
15,CC DChg,184.05555555556202,-1.6999,3.8658
15,CC DChg,184.15555555556784,-1.6999,3.8658
15,CC DChg,184.2555555555591,-1.6999,3.8657
15,CC DChg,184.35555555556493,-1.6999,3.8657
15,CC DChg,184.4555555555562,-1.6999,3.8657
15,CC DChg,184.55555555556202,-1.6999,3.8657
15,CC DChg,184.65555555556784,-1.6999,3.8657
15,CC DChg,184.7555555555591,-1.6999,3.8657
15,CC DChg,184.85555555556493,-1.6999,3.8656
15,CC DChg,184.9555555555562,-1.6999,3.8656
15,CC DChg,185.05555555556202,-1.6999,3.8656
15,CC DChg,185.15555555556784,-1.6999,3.8656
15,CC DChg,185.2555555555591,-1.6999,3.8655
15,CC DChg,185.35555555556493,-1.6999,3.8655
15,CC DChg,185.4555555555562,-1.6999,3.8655
15,CC DChg,185.55555555556202,-1.6999,3.8655
15,CC DChg,185.65555555556784,-1.6999,3.8654
15,CC DChg,185.7555555555591,-1.6999,3.8654
15,CC DChg,185.85555555556493,-1.6999,3.8654
15,CC DChg,185.9555555555562,-1.6999,3.8653
15,CC DChg,186.05555555556202,-1.6999,3.8653
15,CC DChg,186.15555555556784,-1.6999,3.8654
15,CC DChg,186.2555555555591,-1.6999,3.8653
15,CC DChg,186.35555555556493,-1.6999,3.8653
15,CC DChg,186.4555555555562,-1.6999,3.8653
15,CC DChg,186.55555555556202,-1.6999,3.8652
15,CC DChg,186.65555555556784,-1.6999,3.8652
15,CC DChg,186.7555555555591,-1.6999,3.8652
15,CC DChg,186.85555555556493,-1.6999,3.8651
15,CC DChg,186.9555555555562,-1.6999,3.8651
15,CC DChg,187.05555555556202,-1.6999,3.8651
15,CC DChg,187.15555555556784,-1.6999,3.8651
15,CC DChg,187.2555555555591,-1.6999,3.8651
15,CC DChg,187.35555555556493,-1.6999,3.8651
15,CC DChg,187.4555555555562,-1.6999,3.8651
15,CC DChg,187.55555555556202,-1.6999,3.8651
15,CC DChg,187.65555555556784,-1.6999,3.865
15,CC DChg,187.7555555555591,-1.6999,3.865
15,CC DChg,187.85555555556493,-1.6999,3.865
15,CC DChg,187.9555555555562,-1.6999,3.865
15,CC DChg,188.05555555556202,-1.6999,3.8649
15,CC DChg,188.15555555556784,-1.6999,3.8649
15,CC DChg,188.2555555555591,-1.6999,3.8649
15,CC DChg,188.35555555556493,-1.6999,3.8649
15,CC DChg,188.4555555555562,-1.6999,3.8649
15,CC DChg,188.55555555556202,-1.6999,3.8648
15,CC DChg,188.65555555556784,-1.6999,3.8648
15,CC DChg,188.7555555555591,-1.6999,3.8648
15,CC DChg,188.85555555556493,-1.6999,3.8648
15,CC DChg,188.9555555555562,-1.6999,3.8647
15,CC DChg,189.05555555556202,-1.6999,3.8648
15,CC DChg,189.15555555556784,-1.6999,3.8647
15,CC DChg,189.2555555555591,-1.6999,3.8647
15,CC DChg,189.35555555556493,-1.6999,3.8647
15,CC DChg,189.4555555555562,-1.6999,3.8646
15,CC DChg,189.55555555556202,-1.6999,3.8646
15,CC DChg,189.65555555556784,-1.6999,3.8646
15,CC DChg,189.7555555555591,-1.6999,3.8646
15,CC DChg,189.85555555556493,-1.6999,3.8646
15,CC DChg,189.9555555555562,-1.6999,3.8645
15,CC DChg,190.05555555556202,-1.6999,3.8645
15,CC DChg,190.15555555556784,-1.6999,3.8645
15,CC DChg,190.2555555555591,-1.6999,3.8645
15,CC DChg,190.35555555556493,-1.6999,3.8644
15,CC DChg,190.4555555555562,-1.6999,3.8644
15,CC DChg,190.55555555556202,-1.6999,3.8644
15,CC DChg,190.65555555556784,-1.6999,3.8644
15,CC DChg,190.7555555555591,-1.6999,3.8644
15,CC DChg,190.85555555556493,-1.6999,3.8644
15,CC DChg,190.9555555555562,-1.6999,3.8643
15,CC DChg,191.05555555556202,-1.6999,3.8643
15,CC DChg,191.15555555556784,-1.6999,3.8643
15,CC DChg,191.2555555555591,-1.6999,3.8642
15,CC DChg,191.35555555556493,-1.6999,3.8642
15,CC DChg,191.4555555555562,-1.6999,3.8642
15,CC DChg,191.55555555556202,-1.6999,3.8642
15,CC DChg,191.65555555556784,-1.6999,3.8641
15,CC DChg,191.7555555555591,-1.6999,3.8641
15,CC DChg,191.85555555556493,-1.6999,3.8641
15,CC DChg,191.9555555555562,-1.6999,3.8641
15,CC DChg,192.05555555556202,-1.6999,3.864
15,CC DChg,192.15555555556784,-1.6999,3.864
15,CC DChg,192.2555555555591,-1.6999,3.864
15,CC DChg,192.35555555556493,-1.6999,3.864
15,CC DChg,192.4555555555562,-1.6999,3.864
15,CC DChg,192.55555555556202,-1.6999,3.8639
15,CC DChg,192.65555555556784,-1.6999,3.8639
15,CC DChg,192.7555555555591,-1.6999,3.8639
15,CC DChg,192.85555555556493,-1.6999,3.8639
15,CC DChg,192.9555555555562,-1.6999,3.8638
15,CC DChg,193.05555555556202,-1.6999,3.8638
15,CC DChg,193.15555555556784,-1.6999,3.8638
15,CC DChg,193.2555555555591,-1.6999,3.8638
15,CC DChg,193.35555555556493,-1.6999,3.8637
15,CC DChg,193.4555555555562,-1.6999,3.8637
15,CC DChg,193.55555555556202,-1.6999,3.8637
15,CC DChg,193.65555555556784,-1.6999,3.8637
15,CC DChg,193.7555555555591,-1.6999,3.8637
15,CC DChg,193.85555555556493,-1.6999,3.8636
15,CC DChg,193.9555555555562,-1.6999,3.8636
15,CC DChg,194.05555555556202,-1.6999,3.8636
15,CC DChg,194.15555555556784,-1.6999,3.8636
15,CC DChg,194.2555555555591,-1.6999,3.8635
15,CC DChg,194.35555555556493,-1.6999,3.8635
15,CC DChg,194.4555555555562,-1.6999,3.8635
15,CC DChg,194.55555555556202,-1.6999,3.8634
15,CC DChg,194.65555555556784,-1.6999,3.8634
15,CC DChg,194.7555555555591,-1.6999,3.8634
15,CC DChg,194.85555555556493,-1.6999,3.8634
15,CC DChg,194.9555555555562,-1.6999,3.8634
15,CC DChg,195.05555555556202,-1.6999,3.8633
15,CC DChg,195.15555555556784,-1.6999,3.8633
15,CC DChg,195.2555555555591,-1.6999,3.8633
15,CC DChg,195.35555555556493,-1.6999,3.8633
15,CC DChg,195.4555555555562,-1.6999,3.8633
15,CC DChg,195.55555555556202,-1.6999,3.8633
15,CC DChg,195.65555555556784,-1.6999,3.8632
15,CC DChg,195.7555555555591,-1.6999,3.8632
15,CC DChg,195.85555555556493,-1.6999,3.8632
15,CC DChg,195.9555555555562,-1.6999,3.8631
15,CC DChg,196.05555555556202,-1.6999,3.8631
15,CC DChg,196.15555555556784,-1.6999,3.8632
15,CC DChg,196.2555555555591,-1.6999,3.8631
15,CC DChg,196.35555555556493,-1.6999,3.8631
15,CC DChg,196.4555555555562,-1.6999,3.8631
15,CC DChg,196.55555555556202,-1.6999,3.863
15,CC DChg,196.65555555556784,-1.6999,3.863
15,CC DChg,196.7555555555591,-1.6999,3.863
15,CC DChg,196.85555555556493,-1.6999,3.863
15,CC DChg,196.9555555555562,-1.6999,3.8629
15,CC DChg,197.05555555556202,-1.6999,3.8629
15,CC DChg,197.15555555556784,-1.6999,3.8629
15,CC DChg,197.2555555555591,-1.6999,3.8629
15,CC DChg,197.35555555556493,-1.6999,3.8629
15,CC DChg,197.4555555555562,-1.6999,3.8629
15,CC DChg,197.55555555556202,-1.6999,3.8628
15,CC DChg,197.65555555556784,-1.6999,3.8628
15,CC DChg,197.7555555555591,-1.6999,3.8628
15,CC DChg,197.85555555556493,-1.6999,3.8628
15,CC DChg,197.9555555555562,-1.6999,3.8628
15,CC DChg,198.05555555556202,-1.6999,3.8627
15,CC DChg,198.15555555556784,-1.6999,3.8627
15,CC DChg,198.2555555555591,-1.6999,3.8627
15,CC DChg,198.35555555556493,-1.6999,3.8627
15,CC DChg,198.4555555555562,-1.6999,3.8627
15,CC DChg,198.55555555556202,-1.6999,3.8626
15,CC DChg,198.65555555556784,-1.6999,3.8626
15,CC DChg,198.7555555555591,-1.6999,3.8626
15,CC DChg,198.85555555556493,-1.6999,3.8626
15,CC DChg,198.9555555555562,-1.6999,3.8626
15,CC DChg,199.05555555556202,-1.6999,3.8625
15,CC DChg,199.15555555556784,-1.6999,3.8625
15,CC DChg,199.2555555555591,-1.6999,3.8625
15,CC DChg,199.35555555556493,-1.6999,3.8625
15,CC DChg,199.4555555555562,-1.6999,3.8625
15,CC DChg,199.55555555556202,-1.6999,3.8625
15,CC DChg,199.65555555556784,-1.6999,3.8625
15,CC DChg,199.7555555555591,-1.6999,3.8624
15,CC DChg,199.85555555556493,-1.6999,3.8624
15,CC DChg,199.9555555555562,-1.6999,3.8624
15,CC DChg,200.05555555556202,-1.6999,3.8623
15,CC DChg,200.15555555556784,-1.6999,3.8623
15,CC DChg,200.2555555555591,-1.6999,3.8623
15,CC DChg,200.35555555556493,-1.6999,3.8623
15,CC DChg,200.4555555555562,-1.6999,3.8623
15,CC DChg,200.55555555556202,-1.6999,3.8622
15,CC DChg,200.65555555556784,-1.6999,3.8622
15,CC DChg,200.7555555555591,-1.6999,3.8622
15,CC DChg,200.85555555556493,-1.6999,3.8622
15,CC DChg,200.9555555555562,-1.6999,3.8621
15,CC DChg,201.05555555556202,-1.6999,3.8621
15,CC DChg,201.15555555556784,-1.6999,3.8621
15,CC DChg,201.2555555555591,-1.6999,3.8621
15,CC DChg,201.35555555556493,-1.6999,3.862
15,CC DChg,201.4555555555562,-1.6999,3.862
15,CC DChg,201.55555555556202,-1.6999,3.862
15,CC DChg,201.65555555556784,-1.6999,3.862
15,CC DChg,201.7555555555591,-1.6999,3.862
15,CC DChg,201.85555555556493,-1.6999,3.8619
15,CC DChg,201.9555555555562,-1.6999,3.8619
15,CC DChg,202.05555555556202,-1.6999,3.8619
15,CC DChg,202.15555555556784,-1.6999,3.8619
15,CC DChg,202.2555555555591,-1.6999,3.8618
15,CC DChg,202.35555555556493,-1.6999,3.8618
15,CC DChg,202.4555555555562,-1.6999,3.8618
15,CC DChg,202.55555555556202,-1.6999,3.8618
15,CC DChg,202.65555555556784,-1.6999,3.8618
15,CC DChg,202.7555555555591,-1.6999,3.8617
15,CC DChg,202.85555555556493,-1.6999,3.8617
15,CC DChg,202.9555555555562,-1.6999,3.8617
15,CC DChg,203.05555555556202,-1.6999,3.8616
15,CC DChg,203.15555555556784,-1.7,3.8616
15,CC DChg,203.2555555555591,-1.7,3.8616
15,CC DChg,203.35555555556493,-1.7,3.8616
15,CC DChg,203.4555555555562,-1.7,3.8615
15,CC DChg,203.55555555556202,-1.7,3.8615
15,CC DChg,203.65555555556784,-1.7,3.8615
15,CC DChg,203.7555555555591,-1.7,3.8615
15,CC DChg,203.85555555556493,-1.7,3.8615
15,CC DChg,203.9555555555562,-1.7,3.8614
15,CC DChg,204.05555555556202,-1.7,3.8614
15,CC DChg,204.15555555556784,-1.7,3.8614
15,CC DChg,204.2555555555591,-1.7,3.8614
15,CC DChg,204.35555555556493,-1.7,3.8613
15,CC DChg,204.4555555555562,-1.7,3.8613
15,CC DChg,204.55555555556202,-1.7,3.8614
15,CC DChg,204.65555555556784,-1.7,3.8613
15,CC DChg,204.7555555555591,-1.7,3.8613
15,CC DChg,204.85555555556493,-1.7,3.8612
15,CC DChg,204.9555555555562,-1.7,3.8612
15,CC DChg,205.05555555556202,-1.7,3.8612
15,CC DChg,205.15555555556784,-1.7,3.8612
15,CC DChg,205.2555555555591,-1.7,3.8612
15,CC DChg,205.35555555556493,-1.7,3.8611
15,CC DChg,205.4555555555562,-1.7,3.8611
15,CC DChg,205.55555555556202,-1.7,3.8611
15,CC DChg,205.65555555556784,-1.7,3.861
15,CC DChg,205.7555555555591,-1.7,3.861
15,CC DChg,205.85555555556493,-1.7,3.861
15,CC DChg,205.9555555555562,-1.7,3.861
15,CC DChg,206.05555555556202,-1.7,3.861
15,CC DChg,206.15555555556784,-1.7,3.8609
15,CC DChg,206.2555555555591,-1.7,3.8609
15,CC DChg,206.35555555556493,-1.7,3.8609
15,CC DChg,206.4555555555562,-1.7,3.8609
15,CC DChg,206.55555555556202,-1.7,3.8609
15,CC DChg,206.65555555556784,-1.7,3.8608
15,CC DChg,206.7555555555591,-1.7,3.8608
15,CC DChg,206.85555555556493,-1.7,3.8608
15,CC DChg,206.9555555555562,-1.7,3.8608
15,CC DChg,207.05555555556202,-1.7,3.8607
15,CC DChg,207.15555555556784,-1.7,3.8607
15,CC DChg,207.2555555555591,-1.7,3.8607
15,CC DChg,207.35555555556493,-1.7,3.8607
15,CC DChg,207.4555555555562,-1.7,3.8607
15,CC DChg,207.55555555556202,-1.7,3.8606
15,CC DChg,207.65555555556784,-1.7,3.8606
15,CC DChg,207.7555555555591,-1.7,3.8606
15,CC DChg,207.85555555556493,-1.7,3.8606
15,CC DChg,207.9555555555562,-1.7,3.8606
15,CC DChg,208.05555555556202,-1.7,3.8605
15,CC DChg,208.15555555556784,-1.7,3.8605
15,CC DChg,208.2555555555591,-1.7,3.8605
15,CC DChg,208.35555555556493,-1.7,3.8605
15,CC DChg,208.4555555555562,-1.7,3.8605
15,CC DChg,208.55555555556202,-1.7,3.8605
15,CC DChg,208.65555555556784,-1.7,3.8604
15,CC DChg,208.7555555555591,-1.7,3.8604
15,CC DChg,208.85555555556493,-1.7,3.8604
15,CC DChg,208.9555555555562,-1.7,3.8604
15,CC DChg,209.05555555556202,-1.7,3.8603
15,CC DChg,209.15555555556784,-1.7,3.8603
15,CC DChg,209.2555555555591,-1.7,3.8603
15,CC DChg,209.35555555556493,-1.6999,3.8603
15,CC DChg,209.4555555555562,-1.6999,3.8603
15,CC DChg,209.55555555556202,-1.6999,3.8602
15,CC DChg,209.65555555556784,-1.6999,3.8602
15,CC DChg,209.7555555555591,-1.6999,3.8602
15,CC DChg,209.85555555556493,-1.6999,3.8601
15,CC DChg,209.9555555555562,-1.6999,3.8602
15,CC DChg,210.05555555556202,-1.6999,3.8602
15,CC DChg,210.15555555556784,-1.6999,3.8601
15,CC DChg,210.2555555555591,-1.6999,3.8601
15,CC DChg,210.35555555556493,-1.6999,3.86
15,CC DChg,210.4555555555562,-1.6999,3.86
15,CC DChg,210.55555555556202,-1.6999,3.86
15,CC DChg,210.65555555556784,-1.6999,3.86
15,CC DChg,210.7555555555591,-1.6999,3.86
15,CC DChg,210.85555555556493,-1.6999,3.86
15,CC DChg,210.9555555555562,-1.6999,3.8599
15,CC DChg,211.05555555556202,-1.6999,3.8599
15,CC DChg,211.15555555556784,-1.6999,3.8599
15,CC DChg,211.2555555555591,-1.6999,3.8599
15,CC DChg,211.35555555556493,-1.6999,3.8598
15,CC DChg,211.4555555555562,-1.6999,3.8598
15,CC DChg,211.55555555556202,-1.6999,3.8598
15,CC DChg,211.65555555556784,-1.6999,3.8598
15,CC DChg,211.7555555555591,-1.6999,3.8598
15,CC DChg,211.85555555556493,-1.6999,3.8597
15,CC DChg,211.9555555555562,-1.6999,3.8597
15,CC DChg,212.05555555556202,-1.6999,3.8597
15,CC DChg,212.15555555556784,-1.6999,3.8597
15,CC DChg,212.2555555555591,-1.6999,3.8597
15,CC DChg,212.35555555556493,-1.6999,3.8596
15,CC DChg,212.4555555555562,-1.6999,3.8596
15,CC DChg,212.55555555556202,-1.6999,3.8596
15,CC DChg,212.65555555556784,-1.6999,3.8595
15,CC DChg,212.7555555555591,-1.6999,3.8595
15,CC DChg,212.85555555556493,-1.6999,3.8595
15,CC DChg,212.9555555555562,-1.6999,3.8595
15,CC DChg,213.05555555556202,-1.6999,3.8595
15,CC DChg,213.15555555556784,-1.6999,3.8594
15,CC DChg,213.2555555555591,-1.6999,3.8594
15,CC DChg,213.35555555556493,-1.6999,3.8594
15,CC DChg,213.4555555555562,-1.6999,3.8593
15,CC DChg,213.55555555556202,-1.6999,3.8593
15,CC DChg,213.65555555556784,-1.6999,3.8593
15,CC DChg,213.7555555555591,-1.6999,3.8593
15,CC DChg,213.85555555556493,-1.6999,3.8593
15,CC DChg,213.9555555555562,-1.6999,3.8592
15,CC DChg,214.05555555556202,-1.6999,3.8592
15,CC DChg,214.15555555556784,-1.6999,3.8592
15,CC DChg,214.2555555555591,-1.6999,3.8592
15,CC DChg,214.35555555556493,-1.6999,3.8592
15,CC DChg,214.4555555555562,-1.6999,3.8592
15,CC DChg,214.55555555556202,-1.6999,3.8591
15,CC DChg,214.65555555556784,-1.6999,3.8591
15,CC DChg,214.7555555555591,-1.6999,3.8591
15,CC DChg,214.85555555556493,-1.6999,3.8591
15,CC DChg,214.9555555555562,-1.6999,3.8591
15,CC DChg,215.05555555556202,-1.6999,3.859
15,CC DChg,215.15555555556784,-1.6999,3.859
15,CC DChg,215.2555555555591,-1.6999,3.859
15,CC DChg,215.35555555556493,-1.6999,3.859
15,CC DChg,215.4555555555562,-1.6999,3.8589
15,CC DChg,215.55555555556202,-1.6999,3.8589
15,CC DChg,215.65555555556784,-1.6999,3.8589
15,CC DChg,215.7555555555591,-1.6999,3.8589
15,CC DChg,215.85555555556493,-1.6999,3.8589
15,CC DChg,215.9555555555562,-1.6999,3.8589
15,CC DChg,216.05555555556202,-1.6999,3.8589
15,CC DChg,216.15555555556784,-1.6999,3.8588
15,CC DChg,216.2555555555591,-1.6999,3.8588
15,CC DChg,216.35555555556493,-1.6999,3.8588
15,CC DChg,216.4555555555562,-1.6999,3.8588
15,CC DChg,216.55555555556202,-1.6999,3.8587
15,CC DChg,216.65555555556784,-1.6999,3.8587
15,CC DChg,216.7555555555591,-1.6999,3.8587
15,CC DChg,216.85555555556493,-1.6999,3.8587
15,CC DChg,216.9555555555562,-1.6999,3.8586
15,CC DChg,217.05555555556202,-1.6999,3.8586
15,CC DChg,217.15555555556784,-1.6999,3.8586
15,CC DChg,217.2555555555591,-1.6999,3.8586
15,CC DChg,217.35555555556493,-1.6999,3.8586
15,CC DChg,217.4555555555562,-1.6999,3.8586
15,CC DChg,217.55555555556202,-1.6999,3.8585
15,CC DChg,217.65555555556784,-1.6999,3.8585
15,CC DChg,217.7555555555591,-1.6999,3.8585
15,CC DChg,217.85555555556493,-1.6999,3.8585
15,CC DChg,217.9555555555562,-1.6999,3.8585
15,CC DChg,218.05555555556202,-1.6999,3.8584
15,CC DChg,218.15555555556784,-1.6999,3.8584
15,CC DChg,218.2555555555591,-1.6999,3.8584
15,CC DChg,218.35555555556493,-1.6999,3.8584
15,CC DChg,218.4555555555562,-1.6999,3.8583
15,CC DChg,218.55555555556202,-1.6999,3.8583
15,CC DChg,218.65555555556784,-1.6999,3.8583
15,CC DChg,218.7555555555591,-1.6999,3.8583
15,CC DChg,218.85555555556493,-1.6999,3.8583
15,CC DChg,218.9555555555562,-1.6999,3.8582
15,CC DChg,219.05555555556202,-1.6999,3.8582
15,CC DChg,219.15555555556784,-1.6999,3.8582
15,CC DChg,219.2555555555591,-1.6999,3.8582
15,CC DChg,219.35555555556493,-1.6999,3.8582
15,CC DChg,219.4555555555562,-1.6999,3.8582
15,CC DChg,219.55555555556202,-1.6999,3.8581
15,CC DChg,219.65555555556784,-1.6999,3.8581
15,CC DChg,219.7555555555591,-1.6999,3.8581
15,CC DChg,219.85555555556493,-1.6999,3.8581
15,CC DChg,219.9555555555562,-1.6999,3.8581
15,CC DChg,220.05555555556202,-1.6999,3.858
15,CC DChg,220.15555555556784,-1.6999,3.858
15,CC DChg,220.2555555555591,-1.6999,3.858
15,CC DChg,220.35555555556493,-1.6999,3.8579
15,CC DChg,220.4555555555562,-1.6999,3.8579
15,CC DChg,220.55555555556202,-1.6999,3.8579
15,CC DChg,220.65555555556784,-1.6999,3.8579
15,CC DChg,220.7555555555591,-1.6999,3.8579
15,CC DChg,220.85555555556493,-1.6999,3.8578
15,CC DChg,220.9555555555562,-1.6999,3.8578
15,CC DChg,221.05555555556202,-1.6999,3.8578
15,CC DChg,221.15555555556784,-1.6999,3.8578
15,CC DChg,221.2555555555591,-1.6999,3.8578
15,CC DChg,221.35555555556493,-1.6999,3.8577
15,CC DChg,221.4555555555562,-1.6999,3.8577
15,CC DChg,221.55555555556202,-1.6999,3.8577
15,CC DChg,221.65555555556784,-1.6999,3.8577
15,CC DChg,221.7555555555591,-1.6999,3.8576
15,CC DChg,221.85555555556493,-1.6999,3.8576
15,CC DChg,221.9555555555562,-1.6999,3.8576
15,CC DChg,222.05555555556202,-1.6999,3.8576
15,CC DChg,222.15555555556784,-1.6999,3.8576
15,CC DChg,222.2555555555591,-1.6999,3.8575
15,CC DChg,222.35555555556493,-1.6999,3.8575
15,CC DChg,222.4555555555562,-1.6999,3.8575
15,CC DChg,222.55555555556202,-1.6999,3.8575
15,CC DChg,222.65555555556784,-1.6999,3.8575
15,CC DChg,222.7555555555591,-1.6999,3.8574
15,CC DChg,222.85555555556493,-1.6999,3.8574
15,CC DChg,222.9555555555562,-1.6999,3.8574
15,CC DChg,223.05555555556202,-1.6999,3.8574
15,CC DChg,223.15555555556784,-1.6999,3.8573
15,CC DChg,223.2555555555591,-1.6999,3.8573
15,CC DChg,223.35555555556493,-1.6999,3.8573
15,CC DChg,223.4555555555562,-1.6999,3.8573
15,CC DChg,223.55555555556202,-1.6999,3.8572
15,CC DChg,223.65555555556784,-1.6999,3.8572
15,CC DChg,223.7555555555591,-1.6999,3.8572
15,CC DChg,223.85555555556493,-1.6999,3.8572
15,CC DChg,223.9555555555562,-1.6999,3.8571
15,CC DChg,224.05555555556202,-1.6999,3.8571
15,CC DChg,224.15555555556784,-1.6999,3.8571
15,CC DChg,224.2555555555591,-1.6999,3.857
15,CC DChg,224.35555555556493,-1.6999,3.857
15,CC DChg,224.4555555555562,-1.6999,3.857
15,CC DChg,224.55555555556202,-1.6999,3.8571
15,CC DChg,224.65555555556784,-1.6999,3.857
15,CC DChg,224.7555555555591,-1.6999,3.857
15,CC DChg,224.85555555556493,-1.6999,3.857
15,CC DChg,224.9555555555562,-1.6999,3.857
15,CC DChg,225.05555555556202,-1.6999,3.8569
15,CC DChg,225.15555555556784,-1.6999,3.8569
15,CC DChg,225.2555555555591,-1.6999,3.8569
15,CC DChg,225.35555555556493,-1.6999,3.8569
15,CC DChg,225.4555555555562,-1.6999,3.8568
15,CC DChg,225.55555555556202,-1.6999,3.8568
15,CC DChg,225.65555555556784,-1.6999,3.8568
15,CC DChg,225.7555555555591,-1.6999,3.8568
15,CC DChg,225.85555555556493,-1.6999,3.8568
15,CC DChg,225.9555555555562,-1.6999,3.8567
15,CC DChg,226.05555555556202,-1.6999,3.8567
15,CC DChg,226.15555555556784,-1.6999,3.8567
15,CC DChg,226.2555555555591,-1.6999,3.8567
15,CC DChg,226.35555555556493,-1.6999,3.8567
15,CC DChg,226.4555555555562,-1.6999,3.8567
15,CC DChg,226.55555555556202,-1.6999,3.8567
15,CC DChg,226.65555555556784,-1.6999,3.8566
15,CC DChg,226.7555555555591,-1.6999,3.8566
15,CC DChg,226.85555555556493,-1.6999,3.8566
15,CC DChg,226.9555555555562,-1.6999,3.8566
15,CC DChg,227.05555555556202,-1.6999,3.8566
15,CC DChg,227.15555555556784,-1.6999,3.8565
15,CC DChg,227.2555555555591,-1.6999,3.8565
15,CC DChg,227.35555555556493,-1.6999,3.8565
15,CC DChg,227.4555555555562,-1.6999,3.8565
15,CC DChg,227.55555555556202,-1.6999,3.8564
15,CC DChg,227.65555555556784,-1.6999,3.8564
15,CC DChg,227.7555555555591,-1.6999,3.8564
15,CC DChg,227.85555555556493,-1.6999,3.8564
15,CC DChg,227.9555555555562,-1.6999,3.8563
15,CC DChg,228.05555555556202,-1.6999,3.8563
15,CC DChg,228.15555555556784,-1.6999,3.8563
15,CC DChg,228.2555555555591,-1.6999,3.8563
15,CC DChg,228.35555555556493,-1.6999,3.8563
15,CC DChg,228.4555555555562,-1.6999,3.8563
15,CC DChg,228.55555555556202,-1.6999,3.8562
15,CC DChg,228.65555555556784,-1.6999,3.8562
15,CC DChg,228.7555555555591,-1.6999,3.8562
15,CC DChg,228.85555555556493,-1.6999,3.8562
15,CC DChg,228.9555555555562,-1.6999,3.8562
15,CC DChg,229.05555555556202,-1.6999,3.8562
15,CC DChg,229.15555555556784,-1.6999,3.8561
15,CC DChg,229.2555555555591,-1.6999,3.8561
15,CC DChg,229.35555555556493,-1.6999,3.8561
15,CC DChg,229.4555555555562,-1.6999,3.856
15,CC DChg,229.55555555556202,-1.6999,3.8561
15,CC DChg,229.65555555556784,-1.6999,3.856
15,CC DChg,229.7555555555591,-1.6999,3.856
15,CC DChg,229.85555555556493,-1.6999,3.856
15,CC DChg,229.9555555555562,-1.6999,3.8559
15,CC DChg,230.05555555556202,-1.6999,3.8559
15,CC DChg,230.15555555556784,-1.6999,3.8559
15,CC DChg,230.2555555555591,-1.6999,3.8559
15,CC DChg,230.35555555556493,-1.6999,3.8559
15,CC DChg,230.4555555555562,-1.6999,3.8559
15,CC DChg,230.55555555556202,-1.6999,3.8559
15,CC DChg,230.65555555556784,-1.6999,3.8558
15,CC DChg,230.7555555555591,-1.6998,3.8558
15,CC DChg,230.85555555556493,-1.6998,3.8558
15,CC DChg,230.9555555555562,-1.6998,3.8557
15,CC DChg,231.05555555556202,-1.6998,3.8557
15,CC DChg,231.15555555556784,-1.6998,3.8557
15,CC DChg,231.2555555555591,-1.6998,3.8557
15,CC DChg,231.35555555556493,-1.6998,3.8557
15,CC DChg,231.4555555555562,-1.6998,3.8556
15,CC DChg,231.55555555556202,-1.6998,3.8556
15,CC DChg,231.65555555556784,-1.6998,3.8556
15,CC DChg,231.7555555555591,-1.6998,3.8556
15,CC DChg,231.85555555556493,-1.6998,3.8556
15,CC DChg,231.9555555555562,-1.6998,3.8556
15,CC DChg,232.05555555556202,-1.6998,3.8556
15,CC DChg,232.15555555556784,-1.6998,3.8556
15,CC DChg,232.2555555555591,-1.6998,3.8555
15,CC DChg,232.35555555556493,-1.6998,3.8555
15,CC DChg,232.4555555555562,-1.6998,3.8555
15,CC DChg,232.55555555556202,-1.6998,3.8555
15,CC DChg,232.65555555556784,-1.6998,3.8555
15,CC DChg,232.7555555555591,-1.6998,3.8554
15,CC DChg,232.85555555556493,-1.6998,3.8554
15,CC DChg,232.9555555555562,-1.6998,3.8554
15,CC DChg,233.05555555556202,-1.6998,3.8554
15,CC DChg,233.15555555556784,-1.6998,3.8554
15,CC DChg,233.2555555555591,-1.6998,3.8553
15,CC DChg,233.35555555556493,-1.6998,3.8553
15,CC DChg,233.4555555555562,-1.6998,3.8553
15,CC DChg,233.55555555556202,-1.6998,3.8553
15,CC DChg,233.65555555556784,-1.6998,3.8553
15,CC DChg,233.7555555555591,-1.6998,3.8552
15,CC DChg,233.85555555556493,-1.6998,3.8552
15,CC DChg,233.9555555555562,-1.6998,3.8552
15,CC DChg,234.05555555556202,-1.6998,3.8552
15,CC DChg,234.15555555556784,-1.6998,3.8551
15,CC DChg,234.2555555555591,-1.6998,3.8551
15,CC DChg,234.35555555556493,-1.6998,3.8551
15,CC DChg,234.4555555555562,-1.6998,3.8551
15,CC DChg,234.55555555556202,-1.6998,3.8551
15,CC DChg,234.65555555556784,-1.6998,3.855
15,CC DChg,234.7555555555591,-1.6998,3.855
15,CC DChg,234.85555555556493,-1.6998,3.855
15,CC DChg,234.9555555555562,-1.6998,3.855
15,CC DChg,235.05555555556202,-1.6998,3.855
15,CC DChg,235.15555555556784,-1.6998,3.855
15,CC DChg,235.2555555555591,-1.6998,3.8549
15,CC DChg,235.35555555556493,-1.6998,3.8549
15,CC DChg,235.4555555555562,-1.6998,3.8549
15,CC DChg,235.55555555556202,-1.6998,3.8548
15,CC DChg,235.65555555556784,-1.6998,3.8548
15,CC DChg,235.7555555555591,-1.6998,3.8548
15,CC DChg,235.85555555556493,-1.6998,3.8548
15,CC DChg,235.9555555555562,-1.6998,3.8548
15,CC DChg,236.05555555556202,-1.6998,3.8548
15,CC DChg,236.15555555556784,-1.6998,3.8547
15,CC DChg,236.2555555555591,-1.6998,3.8547
15,CC DChg,236.35555555556493,-1.6998,3.8547
15,CC DChg,236.4555555555562,-1.6998,3.8546
15,CC DChg,236.55555555556202,-1.6998,3.8546
15,CC DChg,236.65555555556784,-1.6998,3.8546
15,CC DChg,236.7555555555591,-1.6998,3.8546
15,CC DChg,236.85555555556493,-1.6998,3.8546
15,CC DChg,236.9555555555562,-1.6998,3.8546
15,CC DChg,237.05555555556202,-1.6999,3.8546
15,CC DChg,237.15555555556784,-1.6999,3.8545
15,CC DChg,237.2555555555591,-1.6999,3.8545
15,CC DChg,237.35555555556493,-1.6999,3.8545
15,CC DChg,237.4555555555562,-1.6999,3.8544
15,CC DChg,237.55555555556202,-1.6999,3.8544
15,CC DChg,237.65555555556784,-1.6999,3.8544
15,CC DChg,237.7555555555591,-1.6999,3.8544
15,CC DChg,237.85555555556493,-1.6999,3.8544
15,CC DChg,237.9555555555562,-1.6999,3.8544
15,CC DChg,238.05555555556202,-1.6999,3.8544
15,CC DChg,238.15555555556784,-1.6999,3.8544
15,CC DChg,238.2555555555591,-1.6999,3.8543
15,CC DChg,238.35555555556493,-1.6999,3.8543
15,CC DChg,238.4555555555562,-1.6999,3.8543
15,CC DChg,238.55555555556202,-1.6999,3.8542
15,CC DChg,238.65555555556784,-1.6999,3.8542
15,CC DChg,238.7555555555591,-1.6999,3.8542
15,CC DChg,238.85555555556493,-1.6999,3.8542
15,CC DChg,238.9555555555562,-1.6999,3.8542
15,CC DChg,239.05555555556202,-1.6999,3.8542
15,CC DChg,239.15555555556784,-1.6999,3.8541
15,CC DChg,239.2555555555591,-1.6999,3.8541
15,CC DChg,239.35555555556493,-1.6999,3.8541
15,CC DChg,239.4555555555562,-1.6999,3.8541
15,CC DChg,239.55555555556202,-1.6999,3.8541
15,CC DChg,239.65555555556784,-1.6999,3.854
15,CC DChg,239.7555555555591,-1.6999,3.854
15,CC DChg,239.85555555556493,-1.6999,3.854
15,CC DChg,239.9555555555562,-1.6999,3.854
15,CC DChg,240.05555555556202,-1.6999,3.854
15,CC DChg,240.15555555556784,-1.6999,3.8539
15,CC DChg,240.2555555555591,-1.6999,3.8539
15,CC DChg,240.35555555556493,-1.6999,3.8539
15,CC DChg,240.4555555555562,-1.6999,3.8539
15,CC DChg,240.55555555556202,-1.6999,3.8538
15,CC DChg,240.65555555556784,-1.6999,3.8538
15,CC DChg,240.7555555555591,-1.6999,3.8538
15,CC DChg,240.85555555556493,-1.6999,3.8537
15,CC DChg,240.9555555555562,-1.6999,3.8537
15,CC DChg,241.05555555556202,-1.6999,3.8537
15,CC DChg,241.15555555556784,-1.6999,3.8537
15,CC DChg,241.2555555555591,-1.6999,3.8537
15,CC DChg,241.35555555556493,-1.6999,3.8537
15,CC DChg,241.4555555555562,-1.6999,3.8537
15,CC DChg,241.55555555556202,-1.6999,3.8537
15,CC DChg,241.65555555556784,-1.6999,3.8536
15,CC DChg,241.7555555555591,-1.6999,3.8536
15,CC DChg,241.85555555556493,-1.6999,3.8536
15,CC DChg,241.9555555555562,-1.6999,3.8535
15,CC DChg,242.05555555556202,-1.6999,3.8535
15,CC DChg,242.15555555556784,-1.6999,3.8536
15,CC DChg,242.2555555555591,-1.6999,3.8535
15,CC DChg,242.35555555556493,-1.6999,3.8535
15,CC DChg,242.4555555555562,-1.6999,3.8535
15,CC DChg,242.55555555556202,-1.6999,3.8534
15,CC DChg,242.65555555556784,-1.6999,3.8534
15,CC DChg,242.7555555555591,-1.6999,3.8534
15,CC DChg,242.85555555556493,-1.6999,3.8534
15,CC DChg,242.9555555555562,-1.6999,3.8534
15,CC DChg,243.05555555556202,-1.6999,3.8534
15,CC DChg,243.15555555556784,-1.6999,3.8533
15,CC DChg,243.2555555555591,-1.6999,3.8533
15,CC DChg,243.35555555556493,-1.6999,3.8533
15,CC DChg,243.4555555555562,-1.6999,3.8533
15,CC DChg,243.55555555556202,-1.6999,3.8532
15,CC DChg,243.65555555556784,-1.6999,3.8532
15,CC DChg,243.7555555555591,-1.6999,3.8532
15,CC DChg,243.85555555556493,-1.6999,3.8532
15,CC DChg,243.9555555555562,-1.6999,3.8532
15,CC DChg,244.05555555556202,-1.6999,3.8532
15,CC DChg,244.15555555556784,-1.6999,3.8532
15,CC DChg,244.2555555555591,-1.6999,3.8532
15,CC DChg,244.35555555556493,-1.6999,3.8531
15,CC DChg,244.4555555555562,-1.6999,3.8531
15,CC DChg,244.55555555556202,-1.6999,3.8531
15,CC DChg,244.65555555556784,-1.6999,3.853
15,CC DChg,244.7555555555591,-1.6999,3.853
15,CC DChg,244.85555555556493,-1.6999,3.853
15,CC DChg,244.9555555555562,-1.6999,3.853
15,CC DChg,245.05555555556202,-1.6999,3.853
15,CC DChg,245.15555555556784,-1.6999,3.8529
15,CC DChg,245.2555555555591,-1.6999,3.8529
15,CC DChg,245.35555555556493,-1.6999,3.8529
15,CC DChg,245.4555555555562,-1.6999,3.8528
15,CC DChg,245.55555555556202,-1.6999,3.8528
15,CC DChg,245.65555555556784,-1.6999,3.8528
15,CC DChg,245.7555555555591,-1.6999,3.8528
15,CC DChg,245.85555555556493,-1.6999,3.8527
15,CC DChg,245.9555555555562,-1.6999,3.8527
15,CC DChg,246.05555555556202,-1.6999,3.8527
15,CC DChg,246.15555555556784,-1.6999,3.8527
15,CC DChg,246.2555555555591,-1.6999,3.8527
15,CC DChg,246.35555555556493,-1.6999,3.8527
15,CC DChg,246.4555555555562,-1.6999,3.8526
15,CC DChg,246.55555555556202,-1.6999,3.8526
15,CC DChg,246.65555555556784,-1.6999,3.8526
15,CC DChg,246.7555555555591,-1.6999,3.8526
15,CC DChg,246.85555555556493,-1.6999,3.8526
15,CC DChg,246.9555555555562,-1.6999,3.8525
15,CC DChg,247.05555555556202,-1.6999,3.8525
15,CC DChg,247.15555555556784,-1.6999,3.8525
15,CC DChg,247.2555555555591,-1.6999,3.8525
15,CC DChg,247.35555555556493,-1.6999,3.8525
15,CC DChg,247.4555555555562,-1.6999,3.8525
15,CC DChg,247.55555555556202,-1.6999,3.8524
15,CC DChg,247.65555555556784,-1.6999,3.8524
15,CC DChg,247.7555555555591,-1.6999,3.8524
15,CC DChg,247.85555555556493,-1.6999,3.8523
15,CC DChg,247.9555555555562,-1.6999,3.8523
15,CC DChg,248.05555555556202,-1.6999,3.8523
15,CC DChg,248.15555555556784,-1.6999,3.8523
15,CC DChg,248.2555555555591,-1.6999,3.8523
15,CC DChg,248.35555555556493,-1.6999,3.8522
15,CC DChg,248.4555555555562,-1.6999,3.8522
15,CC DChg,248.55555555556202,-1.6999,3.8522
15,CC DChg,248.65555555556784,-1.6999,3.8522
15,CC DChg,248.7555555555591,-1.6999,3.8521
15,CC DChg,248.85555555556493,-1.6999,3.8521
15,CC DChg,248.9555555555562,-1.6999,3.8521
15,CC DChg,249.05555555556202,-1.6999,3.8521
15,CC DChg,249.15555555556784,-1.6999,3.8521
15,CC DChg,249.2555555555591,-1.6999,3.8521
15,CC DChg,249.35555555556493,-1.6999,3.852
15,CC DChg,249.4555555555562,-1.6999,3.852
15,CC DChg,249.55555555556202,-1.6999,3.852
15,CC DChg,249.65555555556784,-1.6999,3.852
15,CC DChg,249.7555555555591,-1.6999,3.8519
15,CC DChg,249.85555555556493,-1.6999,3.8519
15,CC DChg,249.9555555555562,-1.6999,3.8519
15,CC DChg,250.05555555556202,-1.6999,3.8519
15,CC DChg,250.15555555556784,-1.6999,3.8519
15,CC DChg,250.2555555555591,-1.6999,3.8518
15,CC DChg,250.35555555556493,-1.6999,3.8519
15,CC DChg,250.4555555555562,-1.6999,3.8518
15,CC DChg,250.55555555556202,-1.6999,3.8518
15,CC DChg,250.65555555556784,-1.6999,3.8518
15,CC DChg,250.7555555555591,-1.6999,3.8518
15,CC DChg,250.85555555556493,-1.6999,3.8517
15,CC DChg,250.9555555555562,-1.6999,3.8517
15,CC DChg,251.05555555556202,-1.6999,3.8516
15,CC DChg,251.15555555556784,-1.6999,3.8517
15,CC DChg,251.2555555555591,-1.6999,3.8517
15,CC DChg,251.35555555556493,-1.6999,3.8517
15,CC DChg,251.4555555555562,-1.6999,3.8516
15,CC DChg,251.55555555556202,-1.6999,3.8516
15,CC DChg,251.65555555556784,-1.6999,3.8516
15,CC DChg,251.7555555555591,-1.6999,3.8516
15,CC DChg,251.85555555556493,-1.6999,3.8515
15,CC DChg,251.9555555555562,-1.6999,3.8515
15,CC DChg,252.05555555556202,-1.6999,3.8515
15,CC DChg,252.15555555556784,-1.6999,3.8515
15,CC DChg,252.2555555555591,-1.6999,3.8515
15,CC DChg,252.35555555556493,-1.6999,3.8514
15,CC DChg,252.4555555555562,-1.6999,3.8514
15,CC DChg,252.55555555556202,-1.6999,3.8514
15,CC DChg,252.65555555556784,-1.6999,3.8514
15,CC DChg,252.7555555555591,-1.6999,3.8514
15,CC DChg,252.85555555556493,-1.6999,3.8513
15,CC DChg,252.9555555555562,-1.6999,3.8513
15,CC DChg,253.05555555556202,-1.6999,3.8513
15,CC DChg,253.15555555556784,-1.6999,3.8513
15,CC DChg,253.2555555555591,-1.6999,3.8513
15,CC DChg,253.35555555556493,-1.6999,3.8513
15,CC DChg,253.4555555555562,-1.6999,3.8512
15,CC DChg,253.55555555556202,-1.6999,3.8512
15,CC DChg,253.65555555556784,-1.6999,3.8512
15,CC DChg,253.7555555555591,-1.6999,3.8512
15,CC DChg,253.85555555556493,-1.6999,3.8512
15,CC DChg,253.9555555555562,-1.6999,3.8511
15,CC DChg,254.05555555556202,-1.6999,3.8511
15,CC DChg,254.15555555556784,-1.6999,3.8511
15,CC DChg,254.2555555555591,-1.6999,3.8511
15,CC DChg,254.35555555556493,-1.6999,3.8511
15,CC DChg,254.4555555555562,-1.6999,3.8511
15,CC DChg,254.55555555556202,-1.6999,3.851
15,CC DChg,254.65555555556784,-1.6999,3.851
15,CC DChg,254.7555555555591,-1.6999,3.851
15,CC DChg,254.85555555556493,-1.6999,3.851
15,CC DChg,254.9555555555562,-1.6999,3.8509
15,CC DChg,255.05555555556202,-1.6999,3.8509
15,CC DChg,255.15555555556784,-1.6999,3.8509
15,CC DChg,255.2555555555591,-1.6999,3.8509
15,CC DChg,255.35555555556493,-1.6999,3.8509
15,CC DChg,255.4555555555562,-1.6999,3.8509
15,CC DChg,255.55555555556202,-1.6999,3.8508
15,CC DChg,255.65555555556784,-1.6999,3.8508
15,CC DChg,255.7555555555591,-1.6999,3.8508
15,CC DChg,255.85555555556493,-1.6999,3.8508
15,CC DChg,255.9555555555562,-1.6999,3.8508
15,CC DChg,256.055555555562,-1.6999,3.8508
15,CC DChg,256.15555555556784,-1.6999,3.8508
15,CC DChg,256.2555555555591,-1.6999,3.8507
15,CC DChg,256.35555555556493,-1.6999,3.8507
15,CC DChg,256.4555555555562,-1.6999,3.8507
15,CC DChg,256.555555555562,-1.6999,3.8507
15,CC DChg,256.65555555556784,-1.6999,3.8506
15,CC DChg,256.7555555555591,-1.6999,3.8506
15,CC DChg,256.85555555556493,-1.6999,3.8506
15,CC DChg,256.9555555555562,-1.6999,3.8506
15,CC DChg,257.055555555562,-1.6999,3.8506
15,CC DChg,257.15555555556784,-1.6999,3.8505
15,CC DChg,257.2555555555591,-1.6999,3.8505
15,CC DChg,257.35555555556493,-1.6999,3.8505
15,CC DChg,257.4555555555562,-1.6999,3.8505
15,CC DChg,257.555555555562,-1.6999,3.8505
15,CC DChg,257.65555555556784,-1.6999,3.8505
15,CC DChg,257.7555555555591,-1.6999,3.8504
15,CC DChg,257.85555555556493,-1.6999,3.8504
15,CC DChg,257.9555555555562,-1.6999,3.8504
15,CC DChg,258.055555555562,-1.6999,3.8504
15,CC DChg,258.15555555556784,-1.6999,3.8503
15,CC DChg,258.2555555555591,-1.6999,3.8503
15,CC DChg,258.35555555556493,-1.6999,3.8503
15,CC DChg,258.4555555555562,-1.6999,3.8503
15,CC DChg,258.555555555562,-1.6999,3.8502
15,CC DChg,258.65555555556784,-1.6999,3.8502
15,CC DChg,258.7555555555591,-1.6999,3.8502
15,CC DChg,258.85555555556493,-1.6999,3.8502
15,CC DChg,258.9555555555562,-1.6999,3.8501
15,CC DChg,259.055555555562,-1.6999,3.8502
15,CC DChg,259.15555555556784,-1.6999,3.8501
15,CC DChg,259.2555555555591,-1.6999,3.8501
15,CC DChg,259.35555555556493,-1.6999,3.8501
15,CC DChg,259.4555555555562,-1.6999,3.85
15,CC DChg,259.555555555562,-1.6999,3.85
15,CC DChg,259.65555555556784,-1.6999,3.85
15,CC DChg,259.7555555555591,-1.6999,3.85
15,CC DChg,259.85555555556493,-1.6999,3.85
15,CC DChg,259.9555555555562,-1.6999,3.85
15,CC DChg,260.055555555562,-1.6999,3.85
15,CC DChg,260.15555555556784,-1.6999,3.8499
15,CC DChg,260.2555555555591,-1.6999,3.8499
15,CC DChg,260.35555555556493,-1.6999,3.8499
15,CC DChg,260.4555555555562,-1.6999,3.8499
15,CC DChg,260.555555555562,-1.6999,3.8498
15,CC DChg,260.65555555556784,-1.6999,3.8498
15,CC DChg,260.7555555555591,-1.6999,3.8498
15,CC DChg,260.85555555556493,-1.6999,3.8498
15,CC DChg,260.9555555555562,-1.6999,3.8497
15,CC DChg,261.055555555562,-1.6999,3.8497
15,CC DChg,261.15555555556784,-1.6999,3.8497
15,CC DChg,261.2555555555591,-1.6999,3.8497
15,CC DChg,261.35555555556493,-1.6999,3.8497
15,CC DChg,261.4555555555562,-1.6999,3.8496
15,CC DChg,261.555555555562,-1.6999,3.8497
15,CC DChg,261.65555555556784,-1.6999,3.8496
15,CC DChg,261.7555555555591,-1.6999,3.8496
15,CC DChg,261.85555555556493,-1.6999,3.8496
15,CC DChg,261.9555555555562,-1.6999,3.8496
15,CC DChg,262.055555555562,-1.6999,3.8495
15,CC DChg,262.15555555556784,-1.6999,3.8495
15,CC DChg,262.2555555555591,-1.6999,3.8495
15,CC DChg,262.35555555556493,-1.6999,3.8495
15,CC DChg,262.4555555555562,-1.6999,3.8495
15,CC DChg,262.555555555562,-1.6999,3.8495
15,CC DChg,262.65555555556784,-1.6999,3.8494
15,CC DChg,262.7555555555591,-1.6999,3.8494
15,CC DChg,262.85555555556493,-1.6999,3.8494
15,CC DChg,262.9555555555562,-1.7,3.8494
15,CC DChg,263.055555555562,-1.7,3.8493
15,CC DChg,263.15555555556784,-1.7,3.8493
15,CC DChg,263.2555555555591,-1.7,3.8493
15,CC DChg,263.35555555556493,-1.7,3.8493
15,CC DChg,263.4555555555562,-1.7,3.8493
15,CC DChg,263.555555555562,-1.7,3.8492
15,CC DChg,263.65555555556784,-1.7,3.8492
15,CC DChg,263.7555555555591,-1.7,3.8492
15,CC DChg,263.85555555556493,-1.7,3.8492
15,CC DChg,263.9555555555562,-1.7,3.8492
15,CC DChg,264.055555555562,-1.7,3.8491
15,CC DChg,264.15555555556784,-1.7,3.8491
15,CC DChg,264.2555555555591,-1.7,3.8491
15,CC DChg,264.35555555556493,-1.7,3.8491
15,CC DChg,264.4555555555562,-1.7,3.8491
15,CC DChg,264.555555555562,-1.7,3.849
15,CC DChg,264.65555555556784,-1.7,3.849
15,CC DChg,264.7555555555591,-1.7,3.849
15,CC DChg,264.85555555556493,-1.7,3.849
15,CC DChg,264.9555555555562,-1.7,3.849
15,CC DChg,265.055555555562,-1.7,3.8489
15,CC DChg,265.15555555556784,-1.7,3.8489
15,CC DChg,265.2555555555591,-1.7,3.8489
15,CC DChg,265.35555555556493,-1.7,3.8489
15,CC DChg,265.4555555555562,-1.7,3.8488
15,CC DChg,265.555555555562,-1.7,3.8488
15,CC DChg,265.65555555556784,-1.7,3.8488
15,CC DChg,265.7555555555591,-1.7,3.8488
15,CC DChg,265.85555555556493,-1.7,3.8488
15,CC DChg,265.9555555555562,-1.7,3.8487
15,CC DChg,266.055555555562,-1.7,3.8487
15,CC DChg,266.15555555556784,-1.7,3.8487
15,CC DChg,266.2555555555591,-1.7,3.8487
15,CC DChg,266.35555555556493,-1.7,3.8487
15,CC DChg,266.4555555555562,-1.7,3.8486
15,CC DChg,266.555555555562,-1.7,3.8486
15,CC DChg,266.65555555556784,-1.7,3.8486
15,CC DChg,266.7555555555591,-1.7,3.8486
15,CC DChg,266.85555555556493,-1.7,3.8486
15,CC DChg,266.9555555555562,-1.7,3.8486
15,CC DChg,267.055555555562,-1.7,3.8485
15,CC DChg,267.15555555556784,-1.7,3.8485
15,CC DChg,267.2555555555591,-1.7,3.8485
15,CC DChg,267.35555555556493,-1.7,3.8485
15,CC DChg,267.4555555555562,-1.7,3.8484
15,CC DChg,267.555555555562,-1.7,3.8484
15,CC DChg,267.65555555556784,-1.7,3.8484
15,CC DChg,267.7555555555591,-1.7,3.8484
15,CC DChg,267.85555555556493,-1.7,3.8484
15,CC DChg,267.9555555555562,-1.7,3.8483
15,CC DChg,268.055555555562,-1.7,3.8483
15,CC DChg,268.15555555556784,-1.7,3.8483
15,CC DChg,268.2555555555591,-1.7,3.8483
15,CC DChg,268.35555555556493,-1.7,3.8483
15,CC DChg,268.4555555555562,-1.7,3.8483
15,CC DChg,268.555555555562,-1.7,3.8483
15,CC DChg,268.65555555556784,-1.7,3.8482
15,CC DChg,268.7555555555591,-1.7,3.8482
15,CC DChg,268.85555555556493,-1.7,3.8482
15,CC DChg,268.9555555555562,-1.7,3.8481
15,CC DChg,269.055555555562,-1.7,3.8481
15,CC DChg,269.15555555556784,-1.7,3.8481
15,CC DChg,269.2555555555591,-1.7,3.8481
15,CC DChg,269.35555555556493,-1.7,3.8481
15,CC DChg,269.4555555555562,-1.7,3.848
15,CC DChg,269.555555555562,-1.7,3.848
15,CC DChg,269.65555555556784,-1.7,3.848
15,CC DChg,269.7555555555591,-1.7,3.848
15,CC DChg,269.85555555556493,-1.7,3.848
15,CC DChg,269.9555555555562,-1.7,3.8479
15,CC DChg,270.055555555562,-1.7,3.8479
15,CC DChg,270.15555555556784,-1.7,3.8479
15,CC DChg,270.2555555555591,-1.7,3.8479
15,CC DChg,270.35555555556493,-1.7,3.8478
15,CC DChg,270.4555555555562,-1.7,3.8478
15,CC DChg,270.555555555562,-1.7,3.8478
15,CC DChg,270.65555555556784,-1.7,3.8478
15,CC DChg,270.7555555555591,-1.7,3.8478
15,CC DChg,270.85555555556493,-1.7,3.8477
15,CC DChg,270.9555555555562,-1.7,3.8477
15,CC DChg,271.055555555562,-1.7,3.8477
15,CC DChg,271.15555555556784,-1.7,3.8477
15,CC DChg,271.2555555555591,-1.7,3.8477
15,CC DChg,271.35555555556493,-1.7,3.8477
15,CC DChg,271.4555555555562,-1.7,3.8476
15,CC DChg,271.555555555562,-1.7,3.8476
15,CC DChg,271.65555555556784,-1.7,3.8476
15,CC DChg,271.7555555555591,-1.7,3.8475
15,CC DChg,271.85555555556493,-1.7,3.8476
15,CC DChg,271.9555555555562,-1.7,3.8475
15,CC DChg,272.055555555562,-1.7,3.8475
15,CC DChg,272.15555555556784,-1.7,3.8475
15,CC DChg,272.2555555555591,-1.7,3.8475
15,CC DChg,272.35555555556493,-1.7,3.8474
15,CC DChg,272.4555555555562,-1.7,3.8474
15,CC DChg,272.555555555562,-1.7,3.8474
15,CC DChg,272.65555555556784,-1.7,3.8474
15,CC DChg,272.7555555555591,-1.7,3.8474
15,CC DChg,272.85555555556493,-1.7,3.8474
15,CC DChg,272.9555555555562,-1.7,3.8473
15,CC DChg,273.055555555562,-1.7,3.8473
15,CC DChg,273.15555555556784,-1.7,3.8473
15,CC DChg,273.2555555555591,-1.7,3.8473
15,CC DChg,273.35555555556493,-1.7,3.8473
15,CC DChg,273.4555555555562,-1.7,3.8473
15,CC DChg,273.555555555562,-1.7,3.8472
15,CC DChg,273.65555555556784,-1.7,3.8472
15,CC DChg,273.7555555555591,-1.7,3.8472
15,CC DChg,273.85555555556493,-1.7,3.8472
15,CC DChg,273.9555555555562,-1.7,3.8471
15,CC DChg,274.055555555562,-1.7,3.8471
15,CC DChg,274.15555555556784,-1.7,3.8471
15,CC DChg,274.2555555555591,-1.7,3.8471
15,CC DChg,274.35555555556493,-1.7,3.847
15,CC DChg,274.4555555555562,-1.7,3.847
15,CC DChg,274.555555555562,-1.7,3.847
15,CC DChg,274.65555555556784,-1.7,3.8469
15,CC DChg,274.7555555555591,-1.7,3.8469
15,CC DChg,274.85555555556493,-1.7,3.847
15,CC DChg,274.9555555555562,-1.7,3.8469
15,CC DChg,275.055555555562,-1.7,3.8469
15,CC DChg,275.15555555556784,-1.7,3.8469
15,CC DChg,275.2555555555591,-1.7,3.8469
15,CC DChg,275.35555555556493,-1.7,3.8468
15,CC DChg,275.4555555555562,-1.7,3.8468
15,CC DChg,275.555555555562,-1.7,3.8468
15,CC DChg,275.65555555556784,-1.7,3.8468
15,CC DChg,275.7555555555591,-1.7,3.8468
15,CC DChg,275.85555555556493,-1.7,3.8467
15,CC DChg,275.9555555555562,-1.7,3.8467
15,CC DChg,276.055555555562,-1.7,3.8467
15,CC DChg,276.15555555556784,-1.7,3.8467
15,CC DChg,276.2555555555591,-1.7,3.8467
15,CC DChg,276.35555555556493,-1.7,3.8467
15,CC DChg,276.4555555555562,-1.7,3.8466
15,CC DChg,276.555555555562,-1.7,3.8466
15,CC DChg,276.65555555556784,-1.7,3.8466
15,CC DChg,276.7555555555591,-1.7,3.8466
15,CC DChg,276.85555555556493,-1.7,3.8465
15,CC DChg,276.9555555555562,-1.7,3.8465
15,CC DChg,277.055555555562,-1.7,3.8465
15,CC DChg,277.15555555556784,-1.7,3.8465
15,CC DChg,277.2555555555591,-1.6999,3.8465
15,CC DChg,277.35555555556493,-1.6999,3.8464
15,CC DChg,277.4555555555562,-1.6999,3.8464
15,CC DChg,277.555555555562,-1.6999,3.8464
15,CC DChg,277.65555555556784,-1.6999,3.8464
15,CC DChg,277.7555555555591,-1.6999,3.8464
15,CC DChg,277.85555555556493,-1.6999,3.8464
15,CC DChg,277.9555555555562,-1.6999,3.8463
15,CC DChg,278.055555555562,-1.6999,3.8463
15,CC DChg,278.15555555556784,-1.6999,3.8463
15,CC DChg,278.2555555555591,-1.6999,3.8463
15,CC DChg,278.35555555556493,-1.6999,3.8462
15,CC DChg,278.4555555555562,-1.6999,3.8462
15,CC DChg,278.555555555562,-1.6999,3.8462
15,CC DChg,278.65555555556784,-1.6999,3.8462
15,CC DChg,278.7555555555591,-1.6999,3.8462
15,CC DChg,278.85555555556493,-1.6999,3.8461
15,CC DChg,278.9555555555562,-1.6999,3.8461
15,CC DChg,279.055555555562,-1.6999,3.8461
15,CC DChg,279.15555555556784,-1.6999,3.8461
15,CC DChg,279.2555555555591,-1.6999,3.8461
15,CC DChg,279.35555555556493,-1.6999,3.846
15,CC DChg,279.4555555555562,-1.6999,3.846
15,CC DChg,279.555555555562,-1.6999,3.846
15,CC DChg,279.65555555556784,-1.6999,3.846
15,CC DChg,279.7555555555591,-1.6999,3.846
15,CC DChg,279.85555555556493,-1.6999,3.846
15,CC DChg,279.9555555555562,-1.6999,3.8459
15,CC DChg,280.055555555562,-1.6999,3.8459
15,CC DChg,280.15555555556784,-1.6999,3.8459
15,CC DChg,280.2555555555591,-1.6999,3.8459
15,CC DChg,280.35555555556493,-1.6999,3.8459
15,CC DChg,280.4555555555562,-1.6999,3.8459
15,CC DChg,280.555555555562,-1.6999,3.8458
15,CC DChg,280.65555555556784,-1.6999,3.8458
15,CC DChg,280.7555555555591,-1.6999,3.8458
15,CC DChg,280.85555555556493,-1.6999,3.8458
15,CC DChg,280.9555555555562,-1.6999,3.8457
15,CC DChg,281.055555555562,-1.6999,3.8457
15,CC DChg,281.15555555556784,-1.6999,3.8457
15,CC DChg,281.2555555555591,-1.6999,3.8457
15,CC DChg,281.35555555556493,-1.6999,3.8457
15,CC DChg,281.4555555555562,-1.6999,3.8457
15,CC DChg,281.555555555562,-1.6999,3.8456
15,CC DChg,281.65555555556784,-1.6999,3.8456
15,CC DChg,281.7555555555591,-1.6999,3.8456
15,CC DChg,281.85555555556493,-1.6999,3.8455
15,CC DChg,281.9555555555562,-1.6999,3.8455
15,CC DChg,282.055555555562,-1.6999,3.8455
15,CC DChg,282.15555555556784,-1.6999,3.8455
15,CC DChg,282.2555555555591,-1.6999,3.8455
15,CC DChg,282.35555555556493,-1.6999,3.8454
15,CC DChg,282.4555555555562,-1.6999,3.8454
15,CC DChg,282.555555555562,-1.6999,3.8454
15,CC DChg,282.65555555556784,-1.6999,3.8454
15,CC DChg,282.7555555555591,-1.6999,3.8454
15,CC DChg,282.85555555556493,-1.6999,3.8454
15,CC DChg,282.9555555555562,-1.6999,3.8454
15,CC DChg,283.055555555562,-1.6999,3.8453
15,CC DChg,283.15555555556784,-1.6999,3.8453
15,CC DChg,283.2555555555591,-1.6999,3.8453
15,CC DChg,283.35555555556493,-1.6999,3.8453
15,CC DChg,283.4555555555562,-1.6999,3.8452
15,CC DChg,283.555555555562,-1.6999,3.8452
15,CC DChg,283.65555555556784,-1.6999,3.8452
15,CC DChg,283.7555555555591,-1.6999,3.8452
15,CC DChg,283.85555555556493,-1.6999,3.8452
15,CC DChg,283.9555555555562,-1.6999,3.8452
15,CC DChg,284.055555555562,-1.6999,3.8452
15,CC DChg,284.15555555556784,-1.6999,3.8451
15,CC DChg,284.2555555555591,-1.6999,3.8452
15,CC DChg,284.35555555556493,-1.6999,3.8451
15,CC DChg,284.4555555555562,-1.6999,3.8451
15,CC DChg,284.555555555562,-1.6999,3.8451
15,CC DChg,284.65555555556784,-1.6999,3.845
15,CC DChg,284.7555555555591,-1.6999,3.845
15,CC DChg,284.85555555556493,-1.6999,3.845
15,CC DChg,284.9555555555562,-1.6999,3.8449
15,CC DChg,285.055555555562,-1.6999,3.8449
15,CC DChg,285.15555555556784,-1.6999,3.8449
15,CC DChg,285.2555555555591,-1.6999,3.8449
15,CC DChg,285.35555555556493,-1.6999,3.8449
15,CC DChg,285.4555555555562,-1.6999,3.8449
15,CC DChg,285.555555555562,-1.6999,3.8449
15,CC DChg,285.65555555556784,-1.6999,3.8448
15,CC DChg,285.7555555555591,-1.6999,3.8448
15,CC DChg,285.85555555556493,-1.6999,3.8448
15,CC DChg,285.9555555555562,-1.6999,3.8448
15,CC DChg,286.055555555562,-1.6999,3.8448
15,CC DChg,286.15555555556784,-1.6999,3.8448
15,CC DChg,286.2555555555591,-1.6999,3.8447
15,CC DChg,286.35555555556493,-1.6999,3.8447
15,CC DChg,286.4555555555562,-1.6999,3.8447
15,CC DChg,286.555555555562,-1.6999,3.8447
15,CC DChg,286.65555555556784,-1.6999,3.8446
15,CC DChg,286.7555555555591,-1.6999,3.8446
15,CC DChg,286.85555555556493,-1.6999,3.8446
15,CC DChg,286.9555555555562,-1.6999,3.8446
15,CC DChg,287.055555555562,-1.6999,3.8445
15,CC DChg,287.15555555556784,-1.6999,3.8445
15,CC DChg,287.2555555555591,-1.6999,3.8445
15,CC DChg,287.35555555556493,-1.6999,3.8445
15,CC DChg,287.4555555555562,-1.6999,3.8445
15,CC DChg,287.555555555562,-1.6999,3.8445
15,CC DChg,287.65555555556784,-1.6999,3.8444
15,CC DChg,287.7555555555591,-1.6999,3.8444
15,CC DChg,287.85555555556493,-1.6999,3.8444
15,CC DChg,287.9555555555562,-1.6999,3.8444
15,CC DChg,288.055555555562,-1.6999,3.8444
15,CC DChg,288.15555555556784,-1.6999,3.8443
15,CC DChg,288.2555555555591,-1.6999,3.8443
15,CC DChg,288.35555555556493,-1.6999,3.8443
15,CC DChg,288.4555555555562,-1.6999,3.8443
15,CC DChg,288.555555555562,-1.6999,3.8442
15,CC DChg,288.65555555556784,-1.6999,3.8443
15,CC DChg,288.7555555555591,-1.6999,3.8443
15,CC DChg,288.85555555556493,-1.6999,3.8442
15,CC DChg,288.9555555555562,-1.6999,3.8442
15,CC DChg,289.055555555562,-1.6999,3.8442
15,CC DChg,289.15555555556784,-1.6999,3.8442
15,CC DChg,289.2555555555591,-1.6999,3.8441
15,CC DChg,289.35555555556493,-1.6999,3.8441
15,CC DChg,289.4555555555562,-1.6999,3.8441
15,CC DChg,289.555555555562,-1.6999,3.8441
15,CC DChg,289.65555555556784,-1.6999,3.8441
15,CC DChg,289.7555555555591,-1.6999,3.844
15,CC DChg,289.85555555556493,-1.6999,3.844
15,CC DChg,289.9555555555562,-1.6999,3.844
15,CC DChg,290.055555555562,-1.6999,3.844
15,CC DChg,290.15555555556784,-1.6999,3.8439
15,CC DChg,290.2555555555591,-1.6999,3.8439
15,CC DChg,290.35555555556493,-1.6999,3.8439
15,CC DChg,290.4555555555562,-1.6999,3.8439
15,CC DChg,290.555555555562,-1.6999,3.8439
15,CC DChg,290.65555555556784,-1.6999,3.8439
15,CC DChg,290.7555555555591,-1.6999,3.8438
15,CC DChg,290.85555555556493,-1.6999,3.8438
15,CC DChg,290.9555555555562,-1.6999,3.8438
15,CC DChg,291.055555555562,-1.6999,3.8438
15,CC DChg,291.15555555556784,-1.6999,3.8438
15,CC DChg,291.2555555555591,-1.6999,3.8437
15,CC DChg,291.35555555556493,-1.6999,3.8437
15,CC DChg,291.4555555555562,-1.6999,3.8437
15,CC DChg,291.555555555562,-1.6999,3.8437
15,CC DChg,291.65555555556784,-1.6999,3.8436
15,CC DChg,291.7555555555591,-1.6999,3.8436
15,CC DChg,291.85555555556493,-1.6999,3.8436
15,CC DChg,291.9555555555562,-1.6999,3.8436
15,CC DChg,292.055555555562,-1.6999,3.8436
15,CC DChg,292.15555555556784,-1.6999,3.8436
15,CC DChg,292.2555555555591,-1.6999,3.8436
15,CC DChg,292.35555555556493,-1.6999,3.8435
15,CC DChg,292.4555555555562,-1.6999,3.8435
15,CC DChg,292.555555555562,-1.6999,3.8435
15,CC DChg,292.65555555556784,-1.6999,3.8434
15,CC DChg,292.7555555555591,-1.6999,3.8434
15,CC DChg,292.85555555556493,-1.6999,3.8434
15,CC DChg,292.9555555555562,-1.6999,3.8434
15,CC DChg,293.055555555562,-1.6999,3.8434
15,CC DChg,293.15555555556784,-1.6999,3.8434
15,CC DChg,293.2555555555591,-1.6999,3.8433
15,CC DChg,293.35555555556493,-1.6999,3.8433
15,CC DChg,293.4555555555562,-1.6999,3.8433
15,CC DChg,293.555555555562,-1.6999,3.8433
15,CC DChg,293.65555555556784,-1.6999,3.8433
15,CC DChg,293.7555555555591,-1.6999,3.8433
15,CC DChg,293.85555555556493,-1.6999,3.8432
15,CC DChg,293.9555555555562,-1.6999,3.8432
15,CC DChg,294.055555555562,-1.6999,3.8432
15,CC DChg,294.15555555556784,-1.6999,3.8432
15,CC DChg,294.2555555555591,-1.6999,3.8432
15,CC DChg,294.35555555556493,-1.6999,3.8431
15,CC DChg,294.4555555555562,-1.6999,3.8431
15,CC DChg,294.555555555562,-1.6999,3.8431
15,CC DChg,294.65555555556784,-1.6999,3.8431
15,CC DChg,294.7555555555591,-1.6999,3.843
15,CC DChg,294.85555555556493,-1.6999,3.843
15,CC DChg,294.9555555555562,-1.6999,3.843
15,CC DChg,295.055555555562,-1.6999,3.843
15,CC DChg,295.15555555556784,-1.6999,3.843
15,CC DChg,295.2555555555591,-1.6999,3.843
15,CC DChg,295.35555555556493,-1.6999,3.8429
15,CC DChg,295.4555555555562,-1.6999,3.8429
15,CC DChg,295.5472222222452,-1.6999,3.8429
15,CC DChg,295.63888888887595,-1.6999,3.8429
15,CC DChg,295.73055555556493,-1.6999,3.8429
15,CC DChg,295.8222222222248,-1.6999,3.8428
16,Rest,295.91388888889924,0.0,3.9254
16,Rest,296.0055555555591,0.0,3.9254
16,Rest,296.097222222219,0.0,3.9268
16,Rest,296.18888888887886,0.0,3.9279
16,Rest,296.28055555556784,0.0,3.9292
16,Rest,296.37222222224227,0.0,3.93
16,Rest,296.4638888888876,0.0,3.9306
16,Rest,296.5631313131162,0.0,3.9312
16,Rest,296.6623737373593,0.0,3.9317
16,Rest,296.76161616160243,0.0,3.9322
16,Rest,296.8608585858601,0.0,3.9326
16,Rest,296.96010101010324,0.0,3.933
16,Rest,297.0593434343464,0.0,3.9334
16,Rest,297.15858585860406,0.0,3.9337
16,Rest,297.2578282828472,0.0,3.9341
16,Rest,297.35707070707576,0.0,3.9344
16,Rest,297.4563131313189,0.0,3.9347
16,Rest,297.5562442608061,0.0,3.935
16,Rest,297.6561753902788,0.0,3.9353
16,Rest,297.75610651976604,0.0,3.9356
16,Rest,297.85603764922416,0.0,3.9359
16,Rest,297.9559687786823,0.0,3.9361
16,Rest,298.0558999081841,0.0,3.9364
16,Rest,298.15583103765675,0.0,3.9367
16,Rest,298.2557621671149,0.0,3.9369
16,Rest,298.3556932966021,0.0,3.9371
16,Rest,298.4556244260748,0.0,3.9374
16,Rest,298.5556181651191,0.0,3.9376
16,Rest,298.65561190417793,0.0,3.9378
16,Rest,298.7556056432222,0.0,3.938
16,Rest,298.8555993822665,0.0,3.9383
16,Rest,298.95559312132536,0.0,3.9385
16,Rest,299.05558686034055,0.0,3.9387
16,Rest,299.15558059938485,0.0,3.9389
16,Rest,299.2555743384437,0.0,3.9391
16,Rest,299.355568077488,0.0,3.9393
16,Rest,299.45556181651773,0.0,3.9395
16,Rest,299.55556124733994,0.0,3.9397
16,Rest,299.65556067816215,0.0,3.9398
16,Rest,299.75556010898435,0.0,3.9401
16,Rest,299.85555953980656,0.0,3.9402
16,Rest,299.9555589706433,0.0,3.9404
16,Rest,300.05555840143643,0.0,3.9406
16,Rest,300.15555783228774,0.0,3.9408
16,Rest,300.25555726308085,0.0,3.941
16,Rest,300.3555566939176,0.0,3.9411
16,Rest,300.4555561247398,0.0,3.9413
16,Rest,300.555556072999,0.0,3.9415
16,Rest,300.65555602125823,0.0,3.9417
16,Rest,300.7555559695029,0.0,3.9418
16,Rest,300.8555559177621,0.0,3.942
16,Rest,300.9555558660213,0.0,3.9421
16,Rest,301.0555558142805,0.0,3.9422
16,Rest,301.15555576253973,0.0,3.9424
16,Rest,301.25555571079894,0.0,3.9426
16,Rest,301.3555556590436,0.0,3.9427
16,Rest,301.4555556073028,0.0,3.9429
16,Rest,301.55555560260837,0.0,3.943
16,Rest,301.65555559789937,0.0,3.9432
16,Rest,301.7555555932049,0.0,3.9434
16,Rest,301.85555558848137,0.0,3.9435
16,Rest,301.9555555837869,0.0,3.9437
16,Rest,302.0555555790779,0.0,3.9438
16,Rest,302.15555557438347,0.0,3.944
16,Rest,302.255555569689,0.0,3.9441
16,Rest,302.35555556496547,0.0,3.9442
16,Rest,302.4555555602856,0.0,3.9444
16,Rest,302.5555555598403,0.0,3.9445
16,Rest,302.655555559395,0.0,3.9447
16,Rest,302.7555555590079,0.0,3.9448
16,Rest,302.8555555585626,0.0,3.9449
16,Rest,302.95555555811734,0.0,3.945
16,Rest,303.05555555770115,0.0,3.9452
16,Rest,303.15555555728497,0.0,3.9453
16,Rest,303.2555555568397,0.0,3.9455
16,Rest,303.3555555564235,0.0,3.9456
16,Rest,303.4555555560073,0.0,3.9457
16,Rest,303.5555555559549,0.0,3.9458
16,Rest,303.6555555559171,0.0,3.9459
16,Rest,303.75555555587925,0.0,3.9461
16,Rest,303.8555555558414,0.0,3.9462
16,Rest,303.9555555558036,0.0,3.9464
16,Rest,304.05555555576575,0.0,3.9465
16,Rest,304.1555555557279,0.0,3.9466
16,Rest,304.2555555556755,0.0,3.9467
16,Rest,304.3555555556377,0.0,3.9468
16,Rest,304.45555555559986,0.0,3.9469
16,Rest,304.5555555556057,0.0,3.947
16,Rest,304.65555555559695,0.0,3.9471
16,Rest,304.75555555560277,0.0,3.9473
16,Rest,304.8555555555795,0.0,3.9475
16,Rest,304.9555555555853,0.0,3.9476
16,Rest,305.055555555562,0.0,3.9477
16,Rest,305.1555555555824,0.0,3.9478
16,Rest,305.2555555555591,0.0,3.9479
16,Rest,305.35555555556493,0.0,3.948
16,Rest,305.4555555555562,0.0,3.9481
16,Rest,305.555555555562,0.0,3.9483
16,Rest,305.65555555556784,0.0,3.9484
16,Rest,305.7555555555591,0.0,3.9484
16,Rest,305.85555555556493,0.0,3.9486
16,Rest,305.9555555555562,0.0,3.9487
16,Rest,306.055555555562,0.0,3.9488
16,Rest,306.15555555556784,0.0,3.949
16,Rest,306.2555555555591,0.0,3.949
16,Rest,306.35555555556493,0.0,3.9492
16,Rest,306.4555555555562,0.0,3.9493
16,Rest,306.555555555562,0.0,3.9494
16,Rest,306.65555555556784,0.0,3.9495
16,Rest,306.7555555555591,0.0,3.9496
16,Rest,306.85555555556493,0.0,3.9497
16,Rest,306.9555555555562,0.0,3.9498
16,Rest,307.055555555562,0.0,3.9499
16,Rest,307.15555555556784,0.0,3.95
16,Rest,307.2555555555591,0.0,3.9501
16,Rest,307.35555555556493,0.0,3.9502
16,Rest,307.4555555555562,0.0,3.9503
16,Rest,307.555555555562,0.0,3.9504
16,Rest,307.65555555556784,0.0,3.9505
16,Rest,307.7555555555591,0.0,3.9506
16,Rest,307.85555555556493,0.0,3.9507
16,Rest,307.9555555555562,0.0,3.9508
16,Rest,308.055555555562,0.0,3.9509
16,Rest,308.15555555556784,0.0,3.951
16,Rest,308.2555555555591,0.0,3.9511
16,Rest,308.35555555556493,0.0,3.9512
16,Rest,308.4555555555562,0.0,3.9513
16,Rest,308.555555555562,0.0,3.9514
16,Rest,308.65555555556784,0.0,3.9515
16,Rest,308.7555555555591,0.0,3.9516
16,Rest,308.85555555556493,0.0,3.9517
16,Rest,308.9555555555562,0.0,3.9518
16,Rest,309.055555555562,0.0,3.9519
16,Rest,309.15555555556784,0.0,3.952
16,Rest,309.2555555555591,0.0,3.952
16,Rest,309.35555555556493,0.0,3.9522
16,Rest,309.4555555555562,0.0,3.9523
16,Rest,309.555555555562,0.0,3.9523
16,Rest,309.65555555556784,0.0,3.9524
16,Rest,309.7555555555591,0.0,3.9525
16,Rest,309.85555555556493,0.0,3.9526
16,Rest,309.9555555555562,0.0,3.9527
16,Rest,310.055555555562,0.0,3.9528
16,Rest,310.15555555556784,0.0,3.9528
16,Rest,310.2555555555591,0.0,3.9529
16,Rest,310.35555555556493,0.0,3.9531
16,Rest,310.4555555555562,0.0,3.9531
16,Rest,310.555555555562,0.0,3.9533
16,Rest,310.65555555556784,0.0,3.9534
16,Rest,310.7555555555591,0.0,3.9535
16,Rest,310.85555555556493,0.0,3.9535
16,Rest,310.9555555555562,0.0,3.9536
16,Rest,311.055555555562,0.0,3.9537
16,Rest,311.15555555556784,0.0,3.9538
16,Rest,311.2555555555591,0.0,3.9539
16,Rest,311.35555555556493,0.0,3.9539
16,Rest,311.4555555555562,0.0,3.954
16,Rest,311.555555555562,0.0,3.9541
16,Rest,311.65555555556784,0.0,3.9542
16,Rest,311.7555555555591,0.0,3.9543
16,Rest,311.85555555556493,0.0,3.9544
16,Rest,311.9555555555562,0.0,3.9545
16,Rest,312.055555555562,0.0,3.9545
16,Rest,312.15555555556784,0.0,3.9546
16,Rest,312.2555555555591,0.0,3.9547
16,Rest,312.35555555556493,0.0,3.9548
16,Rest,312.4555555555562,0.0,3.9548
16,Rest,312.555555555562,0.0,3.9549
16,Rest,312.65555555556784,0.0,3.955
16,Rest,312.7555555555591,0.0,3.9551
16,Rest,312.85555555556493,0.0,3.9552
16,Rest,312.9555555555562,0.0,3.9553
16,Rest,313.055555555562,0.0,3.9554
16,Rest,313.15555555556784,0.0,3.9554
16,Rest,313.2555555555591,0.0,3.9555
16,Rest,313.35555555556493,0.0,3.9556
16,Rest,313.4555555555562,0.0,3.9557
16,Rest,313.555555555562,0.0,3.9558
16,Rest,313.65555555556784,0.0,3.9559
16,Rest,313.7555555555591,0.0,3.9559
16,Rest,313.85555555556493,0.0,3.956
16,Rest,313.9555555555562,0.0,3.9561
16,Rest,314.055555555562,0.0,3.9562
16,Rest,314.15555555556784,0.0,3.9563
16,Rest,314.2555555555591,0.0,3.9563
16,Rest,314.35555555556493,0.0,3.9564
16,Rest,314.4555555555562,0.0,3.9565
16,Rest,314.555555555562,0.0,3.9565
16,Rest,314.65555555556784,0.0,3.9566
16,Rest,314.7555555555591,0.0,3.9567
16,Rest,314.85555555556493,0.0,3.9568
16,Rest,314.9555555555562,0.0,3.9569
16,Rest,315.055555555562,0.0,3.957
16,Rest,315.15555555556784,0.0,3.957
16,Rest,315.2555555555591,0.0,3.9571
16,Rest,315.35555555556493,0.0,3.9572
16,Rest,315.4555555555562,0.0,3.9573
16,Rest,315.555555555562,0.0,3.9573
16,Rest,315.65555555556784,0.0,3.9574
16,Rest,315.7555555555591,0.0,3.9574
16,Rest,315.85555555556493,0.0,3.9575
16,Rest,315.9555555555562,0.0,3.9576
16,Rest,316.055555555562,0.0,3.9577
16,Rest,316.15555555556784,0.0,3.9577
16,Rest,316.2555555555591,0.0,3.9578
16,Rest,316.35555555556493,0.0,3.9579
16,Rest,316.4555555555562,0.0,3.9579
16,Rest,316.555555555562,0.0,3.958
16,Rest,316.65555555556784,0.0,3.9581
16,Rest,316.7555555555591,0.0,3.9582
16,Rest,316.85555555556493,0.0,3.9582
16,Rest,316.9555555555562,0.0,3.9583
16,Rest,317.055555555562,0.0,3.9584
16,Rest,317.15555555556784,0.0,3.9584
16,Rest,317.2555555555591,0.0,3.9585
16,Rest,317.35555555556493,0.0,3.9586
16,Rest,317.4555555555562,0.0,3.9586
16,Rest,317.555555555562,0.0,3.9587
16,Rest,317.65555555556784,0.0,3.9588
16,Rest,317.7555555555591,0.0,3.9589
16,Rest,317.85555555556493,0.0,3.959
16,Rest,317.9555555555562,0.0,3.959
16,Rest,318.055555555562,0.0,3.9591
16,Rest,318.15555555556784,0.0,3.9592
16,Rest,318.2555555555591,0.0,3.9592
16,Rest,318.35555555556493,0.0,3.9593
16,Rest,318.4555555555562,0.0,3.9594
16,Rest,318.555555555562,0.0,3.9594
16,Rest,318.65555555556784,0.0,3.9595
16,Rest,318.7555555555591,0.0,3.9596
16,Rest,318.85555555556493,0.0,3.9596
16,Rest,318.9555555555562,0.0,3.9597
16,Rest,319.055555555562,0.0,3.9597
16,Rest,319.15555555556784,0.0,3.9598
16,Rest,319.2555555555591,0.0,3.9599
16,Rest,319.35555555556493,0.0,3.9599
16,Rest,319.4555555555562,0.0,3.96
16,Rest,319.555555555562,0.0,3.9601
16,Rest,319.65555555556784,0.0,3.9601
16,Rest,319.7555555555591,0.0,3.9602
16,Rest,319.85555555556493,0.0,3.9603
16,Rest,319.9555555555562,0.0,3.9604
16,Rest,320.055555555562,0.0,3.9604
16,Rest,320.15555555556784,0.0,3.9605
16,Rest,320.2555555555591,0.0,3.9606
16,Rest,320.35555555556493,0.0,3.9606
16,Rest,320.4555555555562,0.0,3.9607
16,Rest,320.555555555562,0.0,3.9607
16,Rest,320.65555555556784,0.0,3.9608
16,Rest,320.7555555555591,0.0,3.9608
16,Rest,320.85555555556493,0.0,3.9609
16,Rest,320.9555555555562,0.0,3.961
16,Rest,321.055555555562,0.0,3.961
16,Rest,321.15555555556784,0.0,3.9611
16,Rest,321.2555555555591,0.0,3.9612
16,Rest,321.35555555556493,0.0,3.9612
16,Rest,321.4555555555562,0.0,3.9613
16,Rest,321.555555555562,0.0,3.9614
16,Rest,321.65555555556784,0.0,3.9614
16,Rest,321.7555555555591,0.0,3.9615
16,Rest,321.85555555556493,0.0,3.9615
16,Rest,321.9555555555562,0.0,3.9616
16,Rest,322.055555555562,0.0,3.9616
16,Rest,322.15555555556784,0.0,3.9617
16,Rest,322.2555555555591,0.0,3.9618
16,Rest,322.35555555556493,0.0,3.9619
16,Rest,322.4555555555562,0.0,3.9619
16,Rest,322.555555555562,0.0,3.9619
16,Rest,322.65555555556784,0.0,3.962
16,Rest,322.7555555555591,0.0,3.9621
16,Rest,322.85555555556493,0.0,3.9621
16,Rest,322.9555555555562,0.0,3.9622
16,Rest,323.055555555562,0.0,3.9622
16,Rest,323.15555555556784,0.0,3.9623
16,Rest,323.2555555555591,0.0,3.9624
16,Rest,323.35555555556493,0.0,3.9624
16,Rest,323.4555555555562,0.0,3.9625
16,Rest,323.555555555562,0.0,3.9626
16,Rest,323.65555555556784,0.0,3.9626
16,Rest,323.7555555555591,0.0,3.9627
16,Rest,323.85555555556493,0.0,3.9627
16,Rest,323.9555555555562,0.0,3.9628
16,Rest,324.055555555562,0.0,3.9628
16,Rest,324.15555555556784,0.0,3.9629
16,Rest,324.2555555555591,0.0,3.963
16,Rest,324.35555555556493,0.0,3.963
16,Rest,324.4555555555562,0.0,3.9631
16,Rest,324.555555555562,0.0,3.9631
16,Rest,324.65555555556784,0.0,3.9632
16,Rest,324.7555555555591,0.0,3.9632
16,Rest,324.85555555556493,0.0,3.9633
16,Rest,324.9555555555562,0.0,3.9633
16,Rest,325.055555555562,0.0,3.9634
16,Rest,325.15555555556784,0.0,3.9634
16,Rest,325.2555555555591,0.0,3.9635
16,Rest,325.35555555556493,0.0,3.9635
16,Rest,325.4555555555562,0.0,3.9636
16,Rest,325.555555555562,0.0,3.9637
16,Rest,325.65555555556784,0.0,3.9637
16,Rest,325.7555555555591,0.0,3.9638
16,Rest,325.85555555556493,0.0,3.9638
16,Rest,325.9555555555562,0.0,3.9639
16,Rest,326.055555555562,0.0,3.9639
16,Rest,326.15555555556784,0.0,3.964
16,Rest,326.2555555555591,0.0,3.964
16,Rest,326.35555555556493,0.0,3.9641
16,Rest,326.4555555555562,0.0,3.9641
16,Rest,326.555555555562,0.0,3.9642
16,Rest,326.65555555556784,0.0,3.9643
16,Rest,326.7555555555591,0.0,3.9643
16,Rest,326.85555555556493,0.0,3.9644
16,Rest,326.9555555555562,0.0,3.9645
16,Rest,327.055555555562,0.0,3.9645
16,Rest,327.15555555556784,0.0,3.9645
16,Rest,327.2555555555591,0.0,3.9646
16,Rest,327.35555555556493,0.0,3.9646
16,Rest,327.4555555555562,0.0,3.9647
16,Rest,327.555555555562,0.0,3.9648
16,Rest,327.65555555556784,0.0,3.9648
16,Rest,327.7555555555591,0.0,3.9649
16,Rest,327.85555555556493,0.0,3.9649
16,Rest,327.9555555555562,0.0,3.965
16,Rest,328.055555555562,0.0,3.965
16,Rest,328.15555555556784,0.0,3.9651
16,Rest,328.2555555555591,0.0,3.9651
16,Rest,328.35555555556493,0.0,3.9652
16,Rest,328.4555555555562,0.0,3.9652
16,Rest,328.555555555562,0.0,3.9653
16,Rest,328.65555555556784,0.0,3.9654
16,Rest,328.7555555555591,0.0,3.9654
16,Rest,328.85555555556493,0.0,3.9654
16,Rest,328.9555555555562,0.0,3.9655
16,Rest,329.055555555562,0.0,3.9656
16,Rest,329.15555555556784,0.0,3.9656
16,Rest,329.2555555555591,0.0,3.9656
16,Rest,329.35555555556493,0.0,3.9657
16,Rest,329.4555555555562,0.0,3.9657
16,Rest,329.555555555562,0.0,3.9658
16,Rest,329.65555555556784,0.0,3.9658
16,Rest,329.7555555555591,0.0,3.9659
16,Rest,329.85555555556493,0.0,3.9659
16,Rest,329.9555555555562,0.0,3.966
16,Rest,330.055555555562,0.0,3.966
16,Rest,330.15555555556784,0.0,3.966
16,Rest,330.2555555555591,0.0,3.9661
16,Rest,330.35555555556493,0.0,3.9661
16,Rest,330.4555555555562,0.0,3.9662
16,Rest,330.555555555562,0.0,3.9663
16,Rest,330.65555555556784,0.0,3.9663
16,Rest,330.7555555555591,0.0,3.9663
16,Rest,330.85555555556493,0.0,3.9663
16,Rest,330.9555555555562,0.0,3.9664
16,Rest,331.055555555562,0.0,3.9665
16,Rest,331.15555555556784,0.0,3.9665
16,Rest,331.2555555555591,0.0,3.9666
16,Rest,331.35555555556493,0.0,3.9666
16,Rest,331.4555555555562,0.0,3.9667
16,Rest,331.555555555562,0.0,3.9667
16,Rest,331.65555555556784,0.0,3.9668
16,Rest,331.7555555555591,0.0,3.9668
16,Rest,331.85555555556493,0.0,3.9669
16,Rest,331.9555555555562,0.0,3.9669
16,Rest,332.055555555562,0.0,3.967
16,Rest,332.15555555556784,0.0,3.967
16,Rest,332.2555555555591,0.0,3.967
16,Rest,332.35555555556493,0.0,3.9671
16,Rest,332.4555555555562,0.0,3.9671
16,Rest,332.555555555562,0.0,3.9672
16,Rest,332.65555555556784,0.0,3.9672
16,Rest,332.7555555555591,0.0,3.9673
16,Rest,332.85555555556493,0.0,3.9674
16,Rest,332.9555555555562,0.0,3.9674
16,Rest,333.055555555562,0.0,3.9674
16,Rest,333.15555555556784,0.0,3.9675
16,Rest,333.2555555555591,0.0,3.9675
16,Rest,333.35555555556493,0.0,3.9676
16,Rest,333.4555555555562,0.0,3.9676
16,Rest,333.555555555562,0.0,3.9677
16,Rest,333.65555555556784,0.0,3.9677
16,Rest,333.7555555555591,0.0,3.9678
16,Rest,333.85555555556493,0.0,3.9678
16,Rest,333.9555555555562,0.0,3.9678
16,Rest,334.055555555562,0.0,3.9679
16,Rest,334.15555555556784,0.0,3.9679
16,Rest,334.2555555555591,0.0,3.968
16,Rest,334.35555555556493,0.0,3.968
16,Rest,334.4555555555562,0.0,3.9681
16,Rest,334.555555555562,0.0,3.9681
16,Rest,334.65555555556784,0.0,3.9681
16,Rest,334.7555555555591,0.0,3.9682
16,Rest,334.85555555556493,0.0,3.9682
16,Rest,334.9555555555562,0.0,3.9683
16,Rest,335.055555555562,0.0,3.9684
16,Rest,335.15555555556784,0.0,3.9684
16,Rest,335.2555555555591,0.0,3.9684
16,Rest,335.35555555556493,0.0,3.9685
16,Rest,335.4555555555562,0.0,3.9685
16,Rest,335.555555555562,0.0,3.9686
16,Rest,335.65555555556784,0.0,3.9686
16,Rest,335.7555555555591,0.0,3.9687
16,Rest,335.85555555556493,0.0,3.9687
16,Rest,335.9555555555562,0.0,3.9687
16,Rest,336.055555555562,0.0,3.9688
16,Rest,336.15555555556784,0.0,3.9688
16,Rest,336.2555555555591,0.0,3.9688
16,Rest,336.35555555556493,0.0,3.9689
16,Rest,336.4555555555562,0.0,3.9689
16,Rest,336.555555555562,0.0,3.969
16,Rest,336.65555555556784,0.0,3.969
16,Rest,336.7555555555591,0.0,3.9691
16,Rest,336.85555555556493,0.0,3.9691
16,Rest,336.9555555555562,0.0,3.9691
16,Rest,337.055555555562,0.0,3.9692
16,Rest,337.15555555556784,0.0,3.9692
16,Rest,337.2555555555591,0.0,3.9693
16,Rest,337.35555555556493,0.0,3.9693
16,Rest,337.4555555555562,0.0,3.9694
16,Rest,337.555555555562,0.0,3.9694
16,Rest,337.65555555556784,0.0,3.9694
16,Rest,337.7555555555591,0.0,3.9695
16,Rest,337.85555555556493,0.0,3.9695
16,Rest,337.9555555555562,0.0,3.9696
16,Rest,338.055555555562,0.0,3.9696
16,Rest,338.15555555556784,0.0,3.9697
16,Rest,338.2555555555591,0.0,3.9697
16,Rest,338.35555555556493,0.0,3.9697
16,Rest,338.4555555555562,0.0,3.9698
16,Rest,338.555555555562,0.0,3.9698
16,Rest,338.65555555556784,0.0,3.9699
16,Rest,338.7555555555591,0.0,3.9699
16,Rest,338.85555555556493,0.0,3.9699
16,Rest,338.9555555555562,0.0,3.97
16,Rest,339.055555555562,0.0,3.97
16,Rest,339.15555555556784,0.0,3.9701
16,Rest,339.2555555555591,0.0,3.9701
16,Rest,339.35555555556493,0.0,3.9701
16,Rest,339.4555555555562,0.0,3.9702
16,Rest,339.555555555562,0.0,3.9703
16,Rest,339.65555555556784,0.0,3.9703
16,Rest,339.7555555555591,0.0,3.9704
16,Rest,339.85555555556493,0.0,3.9704
16,Rest,339.9555555555562,0.0,3.9704
16,Rest,340.055555555562,0.0,3.9704
16,Rest,340.15555555556784,0.0,3.9705
16,Rest,340.2555555555591,0.0,3.9705
16,Rest,340.35555555556493,0.0,3.9705
16,Rest,340.4555555555562,0.0,3.9706
16,Rest,340.555555555562,0.0,3.9706
16,Rest,340.65555555556784,0.0,3.9706
16,Rest,340.7555555555591,0.0,3.9707
16,Rest,340.85555555556493,0.0,3.9707
16,Rest,340.9555555555562,0.0,3.9708
16,Rest,341.055555555562,0.0,3.9708
16,Rest,341.15555555556784,0.0,3.9709
16,Rest,341.2555555555591,0.0,3.9709
16,Rest,341.35555555556493,0.0,3.9709
16,Rest,341.4555555555562,0.0,3.971
16,Rest,341.555555555562,0.0,3.971
16,Rest,341.65555555556784,0.0,3.9711
16,Rest,341.7555555555591,0.0,3.9711
16,Rest,341.85555555556493,0.0,3.9711
16,Rest,341.9555555555562,0.0,3.9712
16,Rest,342.055555555562,0.0,3.9712
16,Rest,342.15555555556784,0.0,3.9713
16,Rest,342.2555555555591,0.0,3.9713
16,Rest,342.35555555556493,0.0,3.9713
16,Rest,342.4555555555562,0.0,3.9714
16,Rest,342.555555555562,0.0,3.9714
16,Rest,342.65555555556784,0.0,3.9714
16,Rest,342.7555555555591,0.0,3.9715
16,Rest,342.85555555556493,0.0,3.9715
16,Rest,342.9555555555562,0.0,3.9716
16,Rest,343.055555555562,0.0,3.9716
16,Rest,343.15555555556784,0.0,3.9716
16,Rest,343.2555555555591,0.0,3.9717
16,Rest,343.35555555556493,0.0,3.9717
16,Rest,343.4555555555562,0.0,3.9717
16,Rest,343.555555555562,0.0,3.9717
16,Rest,343.65555555556784,0.0,3.9718
16,Rest,343.7555555555591,0.0,3.9718
16,Rest,343.85555555556493,0.0,3.9719
16,Rest,343.9555555555562,0.0,3.9719
16,Rest,344.055555555562,0.0,3.9719
16,Rest,344.15555555556784,0.0,3.972
16,Rest,344.2555555555591,0.0,3.972
16,Rest,344.35555555556493,0.0,3.9721
16,Rest,344.4555555555562,0.0,3.9721
16,Rest,344.555555555562,0.0,3.9721
16,Rest,344.65555555556784,0.0,3.9722
16,Rest,344.7555555555591,0.0,3.9722
16,Rest,344.85555555556493,0.0,3.9723
16,Rest,344.9555555555562,0.0,3.9723
16,Rest,345.055555555562,0.0,3.9723
16,Rest,345.15555555556784,0.0,3.9724
16,Rest,345.2555555555591,0.0,3.9724
16,Rest,345.35555555556493,0.0,3.9725
16,Rest,345.4555555555562,0.0,3.9725
16,Rest,345.555555555562,0.0,3.9725
16,Rest,345.65555555556784,0.0,3.9725
16,Rest,345.7555555555591,0.0,3.9726
16,Rest,345.85555555556493,0.0,3.9726
16,Rest,345.9555555555562,0.0,3.9726
16,Rest,346.055555555562,0.0,3.9727
16,Rest,346.15555555556784,0.0,3.9727
16,Rest,346.2555555555591,0.0,3.9727
16,Rest,346.35555555556493,0.0,3.9728
16,Rest,346.4555555555562,0.0,3.9728
16,Rest,346.555555555562,0.0,3.9728
16,Rest,346.65555555556784,0.0,3.9729
16,Rest,346.7555555555591,0.0,3.9729
16,Rest,346.85555555556493,0.0,3.9729
16,Rest,346.9555555555562,0.0,3.973
16,Rest,347.055555555562,0.0,3.973
16,Rest,347.15555555556784,0.0,3.973
16,Rest,347.2555555555591,0.0,3.9731
16,Rest,347.35555555556493,0.0,3.9731
16,Rest,347.4555555555562,0.0,3.9731
16,Rest,347.555555555562,0.0,3.9731
16,Rest,347.65555555556784,0.0,3.9732
16,Rest,347.7555555555591,0.0,3.9732
16,Rest,347.85555555556493,0.0,3.9732
16,Rest,347.9555555555562,0.0,3.9733
16,Rest,348.055555555562,0.0,3.9733
16,Rest,348.15555555556784,0.0,3.9733
16,Rest,348.2555555555591,0.0,3.9734
16,Rest,348.35555555556493,0.0,3.9734
16,Rest,348.4555555555562,0.0,3.9734
16,Rest,348.555555555562,0.0,3.9735
16,Rest,348.65555555556784,0.0,3.9735
16,Rest,348.7555555555591,0.0,3.9735
16,Rest,348.85555555556493,0.0,3.9736
16,Rest,348.9555555555562,0.0,3.9736
16,Rest,349.055555555562,0.0,3.9737
16,Rest,349.15555555556784,0.0,3.9737
16,Rest,349.2555555555591,0.0,3.9737
16,Rest,349.35555555556493,0.0,3.9738
16,Rest,349.4555555555562,0.0,3.9738
16,Rest,349.555555555562,0.0,3.9738
16,Rest,349.65555555556784,0.0,3.9738
16,Rest,349.7555555555591,0.0,3.9739
16,Rest,349.85555555556493,0.0,3.9739
16,Rest,349.9555555555562,0.0,3.974
16,Rest,350.055555555562,0.0,3.974
16,Rest,350.15555555556784,0.0,3.974
16,Rest,350.2555555555591,0.0,3.974
16,Rest,350.35555555556493,0.0,3.9741
16,Rest,350.4555555555562,0.0,3.9741
16,Rest,350.555555555562,0.0,3.9741
16,Rest,350.65555555556784,0.0,3.9742
16,Rest,350.7555555555591,0.0,3.9742
16,Rest,350.85555555556493,0.0,3.9742
16,Rest,350.9555555555562,0.0,3.9743
16,Rest,351.055555555562,0.0,3.9743
16,Rest,351.15555555556784,0.0,3.9743
16,Rest,351.2555555555591,0.0,3.9744
16,Rest,351.35555555556493,0.0,3.9744
16,Rest,351.4555555555562,0.0,3.9744
16,Rest,351.555555555562,0.0,3.9745
16,Rest,351.65555555556784,0.0,3.9745
16,Rest,351.7555555555591,0.0,3.9746
16,Rest,351.85555555556493,0.0,3.9746
16,Rest,351.9555555555562,0.0,3.9746
16,Rest,352.055555555562,0.0,3.9746
16,Rest,352.15555555556784,0.0,3.9746
16,Rest,352.2555555555591,0.0,3.9747
16,Rest,352.35555555556493,0.0,3.9747
16,Rest,352.4555555555562,0.0,3.9748
16,Rest,352.555555555562,0.0,3.9748
16,Rest,352.65555555556784,0.0,3.9748
16,Rest,352.7555555555591,0.0,3.9748
16,Rest,352.85555555556493,0.0,3.9748
16,Rest,352.9555555555562,0.0,3.9749
16,Rest,353.055555555562,0.0,3.975
16,Rest,353.15555555556784,0.0,3.975
16,Rest,353.2555555555591,0.0,3.975
16,Rest,353.35555555556493,0.0,3.975
16,Rest,353.4555555555562,0.0,3.975
16,Rest,353.555555555562,0.0,3.9751
16,Rest,353.65555555556784,0.0,3.9751
16,Rest,353.7555555555591,0.0,3.9752
16,Rest,353.85555555556493,0.0,3.9752
16,Rest,353.9555555555562,0.0,3.9752
16,Rest,354.055555555562,0.0,3.9753
16,Rest,354.15555555556784,0.0,3.9753
16,Rest,354.2555555555591,0.0,3.9753
16,Rest,354.35555555556493,0.0,3.9753
16,Rest,354.4555555555562,0.0,3.9754
16,Rest,354.555555555562,0.0,3.9754
16,Rest,354.65555555556784,0.0,3.9754
16,Rest,354.7555555555591,0.0,3.9754
16,Rest,354.85555555556493,0.0,3.9755
16,Rest,354.9555555555562,0.0,3.9755
16,Rest,355.055555555562,0.0,3.9755
16,Rest,355.15555555556784,0.0,3.9756
16,Rest,355.2555555555591,0.0,3.9756
16,Rest,355.35555555556493,0.0,3.9756
16,Rest,355.4555555555562,0.0,3.9757
16,Rest,355.555555555562,0.0,3.9757
16,Rest,355.65555555556784,0.0,3.9757
16,Rest,355.7555555555591,0.0,3.9757
16,Rest,355.85555555556493,0.0,3.9758
16,Rest,355.9555555555562,0.0,3.9758
16,Rest,356.055555555562,0.0,3.9758
16,Rest,356.15555555556784,0.0,3.9759
16,Rest,356.2555555555591,0.0,3.9759
16,Rest,356.35555555556493,0.0,3.9759
16,Rest,356.4555555555562,0.0,3.976
16,Rest,356.555555555562,0.0,3.976
16,Rest,356.65555555556784,0.0,3.976
16,Rest,356.7555555555591,0.0,3.9761
16,Rest,356.85555555556493,0.0,3.9761
16,Rest,356.9555555555562,0.0,3.9761
16,Rest,357.055555555562,0.0,3.9761
16,Rest,357.15555555556784,0.0,3.9762
16,Rest,357.2555555555591,0.0,3.9762
16,Rest,357.35555555556493,0.0,3.9762
16,Rest,357.4555555555562,0.0,3.9762
16,Rest,357.555555555562,0.0,3.9763
16,Rest,357.65555555556784,0.0,3.9763
16,Rest,357.7555555555591,0.0,3.9764
16,Rest,357.85555555556493,0.0,3.9764
16,Rest,357.9555555555562,0.0,3.9764
16,Rest,358.055555555562,0.0,3.9764
16,Rest,358.15555555556784,0.0,3.9764
16,Rest,358.2555555555591,0.0,3.9765
16,Rest,358.35555555556493,0.0,3.9765
16,Rest,358.4555555555562,0.0,3.9765
16,Rest,358.555555555562,0.0,3.9766
16,Rest,358.65555555556784,0.0,3.9766
16,Rest,358.7555555555591,0.0,3.9766
16,Rest,358.85555555556493,0.0,3.9766
16,Rest,358.9555555555562,0.0,3.9767
16,Rest,359.055555555562,0.0,3.9767
16,Rest,359.15555555556784,0.0,3.9767
16,Rest,359.2555555555591,0.0,3.9767
16,Rest,359.35555555556493,0.0,3.9767
16,Rest,359.4555555555562,0.0,3.9768
16,Rest,359.555555555562,0.0,3.9768
16,Rest,359.65555555556784,0.0,3.9769
16,Rest,359.7555555555591,0.0,3.9769
16,Rest,359.85555555556493,0.0,3.9769
16,Rest,359.9555555555562,0.0,3.9769
16,Rest,360.055555555562,0.0,3.977
16,Rest,360.15555555556784,0.0,3.977
16,Rest,360.2555555555591,0.0,3.977
16,Rest,360.35555555556493,0.0,3.977
16,Rest,360.4555555555562,0.0,3.977
16,Rest,360.555555555562,0.0,3.9771
16,Rest,360.65555555556784,0.0,3.9771
16,Rest,360.7555555555591,0.0,3.9771
16,Rest,360.85555555556493,0.0,3.9772
16,Rest,360.9555555555562,0.0,3.9772
16,Rest,361.055555555562,0.0,3.9772
16,Rest,361.15555555556784,0.0,3.9773
16,Rest,361.2555555555591,0.0,3.9773
16,Rest,361.35555555556493,0.0,3.9773
16,Rest,361.4555555555562,0.0,3.9773
16,Rest,361.555555555562,0.0,3.9773
16,Rest,361.65555555556784,0.0,3.9774
16,Rest,361.7555555555591,0.0,3.9774
16,Rest,361.85555555556493,0.0,3.9775
16,Rest,361.9555555555562,0.0,3.9774
16,Rest,362.055555555562,0.0,3.9775
16,Rest,362.15555555556784,0.0,3.9775
16,Rest,362.2555555555591,0.0,3.9775
16,Rest,362.35555555556493,0.0,3.9775
16,Rest,362.4555555555562,0.0,3.9776
16,Rest,362.555555555562,0.0,3.9776
16,Rest,362.65555555556784,0.0,3.9777
16,Rest,362.7555555555591,0.0,3.9777
16,Rest,362.85555555556493,0.0,3.9777
16,Rest,362.9555555555562,0.0,3.9777
16,Rest,363.055555555562,0.0,3.9777
16,Rest,363.15555555556784,0.0,3.9777
16,Rest,363.2555555555591,0.0,3.9778
16,Rest,363.35555555556493,0.0,3.9778
16,Rest,363.4555555555562,0.0,3.9778
16,Rest,363.555555555562,0.0,3.9779
16,Rest,363.65555555556784,0.0,3.9779
16,Rest,363.7555555555591,0.0,3.9779
16,Rest,363.85555555556493,0.0,3.9779
16,Rest,363.9555555555562,0.0,3.9779
16,Rest,364.055555555562,0.0,3.978
16,Rest,364.15555555556784,0.0,3.978
16,Rest,364.2555555555591,0.0,3.978
16,Rest,364.35555555556493,0.0,3.9781
16,Rest,364.4555555555562,0.0,3.9781
16,Rest,364.555555555562,0.0,3.9781
16,Rest,364.65555555556784,0.0,3.9782
16,Rest,364.7555555555591,0.0,3.9782
16,Rest,364.85555555556493,0.0,3.9782
16,Rest,364.9555555555562,0.0,3.9782
16,Rest,365.055555555562,0.0,3.9783
16,Rest,365.15555555556784,0.0,3.9783
16,Rest,365.2555555555591,0.0,3.9783
16,Rest,365.35555555556493,0.0,3.9783
16,Rest,365.4555555555562,0.0,3.9784
16,Rest,365.555555555562,0.0,3.9784
16,Rest,365.65555555556784,0.0,3.9784
16,Rest,365.7555555555591,0.0,3.9784
16,Rest,365.85555555556493,0.0,3.9784
16,Rest,365.9555555555562,0.0,3.9784
16,Rest,366.055555555562,0.0,3.9785
16,Rest,366.15555555556784,0.0,3.9785
16,Rest,366.2555555555591,0.0,3.9785
16,Rest,366.35555555556493,0.0,3.9785
16,Rest,366.4555555555562,0.0,3.9786
16,Rest,366.555555555562,0.0,3.9786
16,Rest,366.65555555556784,0.0,3.9786
16,Rest,366.7555555555591,0.0,3.9787
16,Rest,366.85555555556493,0.0,3.9787
16,Rest,366.9555555555562,0.0,3.9787
16,Rest,367.055555555562,0.0,3.9788
16,Rest,367.15555555556784,0.0,3.9788
16,Rest,367.2555555555591,0.0,3.9788
16,Rest,367.35555555556493,0.0,3.9788
16,Rest,367.4555555555562,0.0,3.9789
16,Rest,367.555555555562,0.0,3.9789
16,Rest,367.65555555556784,0.0,3.9789
16,Rest,367.7555555555591,0.0,3.9789
16,Rest,367.85555555556493,0.0,3.9789
16,Rest,367.9555555555562,0.0,3.9789
16,Rest,368.055555555562,0.0,3.9789
16,Rest,368.15555555556784,0.0,3.979
16,Rest,368.2555555555591,0.0,3.979
16,Rest,368.35555555556493,0.0,3.979
16,Rest,368.4555555555562,0.0,3.9791
16,Rest,368.555555555562,0.0,3.9791
16,Rest,368.65555555556784,0.0,3.9791
16,Rest,368.7555555555591,0.0,3.9791
16,Rest,368.85555555556493,0.0,3.9791
16,Rest,368.9555555555562,0.0,3.9792
16,Rest,369.055555555562,0.0,3.9792
16,Rest,369.15555555556784,0.0,3.9792
16,Rest,369.2555555555591,0.0,3.9792
16,Rest,369.35555555556493,0.0,3.9793
16,Rest,369.4555555555562,0.0,3.9793
16,Rest,369.555555555562,0.0,3.9793
16,Rest,369.65555555556784,0.0,3.9793
16,Rest,369.7555555555591,0.0,3.9793
16,Rest,369.85555555556493,0.0,3.9794
16,Rest,369.9555555555562,0.0,3.9794
16,Rest,370.055555555562,0.0,3.9795
16,Rest,370.15555555556784,0.0,3.9795
16,Rest,370.2555555555591,0.0,3.9795
16,Rest,370.35555555556493,0.0,3.9795
16,Rest,370.4555555555562,0.0,3.9795
16,Rest,370.555555555562,0.0,3.9796
16,Rest,370.65555555556784,0.0,3.9796
16,Rest,370.7555555555591,0.0,3.9796
16,Rest,370.85555555556493,0.0,3.9796
16,Rest,370.9555555555562,0.0,3.9796
16,Rest,371.055555555562,0.0,3.9797
16,Rest,371.15555555556784,0.0,3.9797
16,Rest,371.2555555555591,0.0,3.9797
16,Rest,371.35555555556493,0.0,3.9797
16,Rest,371.4555555555562,0.0,3.9798
16,Rest,371.555555555562,0.0,3.9798
16,Rest,371.65555555556784,0.0,3.9798
16,Rest,371.7555555555591,0.0,3.9798
16,Rest,371.85555555556493,0.0,3.9799
16,Rest,371.9555555555562,0.0,3.9799
16,Rest,372.055555555562,0.0,3.9799
16,Rest,372.15555555556784,0.0,3.98
16,Rest,372.2555555555591,0.0,3.98
16,Rest,372.35555555556493,0.0,3.98
16,Rest,372.4555555555562,0.0,3.98
16,Rest,372.555555555562,0.0,3.98
16,Rest,372.65555555556784,0.0,3.98
16,Rest,372.7555555555591,0.0,3.9801
16,Rest,372.85555555556493,0.0,3.9801
16,Rest,372.9555555555562,0.0,3.9801
16,Rest,373.055555555562,0.0,3.9802
16,Rest,373.15555555556784,0.0,3.9802
16,Rest,373.2555555555591,0.0,3.9802
16,Rest,373.35555555556493,0.0,3.9802
16,Rest,373.4555555555562,0.0,3.9802
16,Rest,373.555555555562,0.0,3.9802
16,Rest,373.65555555556784,0.0,3.9803
16,Rest,373.7555555555591,0.0,3.9803
16,Rest,373.85555555556493,0.0,3.9803
16,Rest,373.9555555555562,0.0,3.9804
16,Rest,374.055555555562,0.0,3.9804
16,Rest,374.15555555556784,0.0,3.9804
16,Rest,374.2555555555591,0.0,3.9804
16,Rest,374.35555555556493,0.0,3.9804
16,Rest,374.4555555555562,0.0,3.9804
16,Rest,374.555555555562,0.0,3.9805
16,Rest,374.65555555556784,0.0,3.9805
16,Rest,374.7555555555591,0.0,3.9805
16,Rest,374.85555555556493,0.0,3.9805
16,Rest,374.9555555555562,0.0,3.9806
16,Rest,375.055555555562,0.0,3.9806
16,Rest,375.15555555556784,0.0,3.9806
16,Rest,375.2555555555591,0.0,3.9806
16,Rest,375.35555555556493,0.0,3.9807
16,Rest,375.4555555555562,0.0,3.9807
16,Rest,375.555555555562,0.0,3.9807
16,Rest,375.65555555556784,0.0,3.9807
16,Rest,375.7555555555591,0.0,3.9807
16,Rest,375.85555555556493,0.0,3.9808
16,Rest,375.9555555555562,0.0,3.9808
16,Rest,376.055555555562,0.0,3.9808
16,Rest,376.15555555556784,0.0,3.9808
16,Rest,376.2555555555591,0.0,3.9809
16,Rest,376.35555555556493,0.0,3.9809
16,Rest,376.4555555555562,0.0,3.9809
16,Rest,376.555555555562,0.0,3.9809
16,Rest,376.65555555556784,0.0,3.9809
16,Rest,376.7555555555591,0.0,3.9809
16,Rest,376.85555555556493,0.0,3.981
16,Rest,376.9555555555562,0.0,3.981
16,Rest,377.055555555562,0.0,3.981
16,Rest,377.15555555556784,0.0,3.981
16,Rest,377.2555555555591,0.0,3.9811
16,Rest,377.35555555556493,0.0,3.9811
16,Rest,377.4555555555562,0.0,3.9811
16,Rest,377.555555555562,0.0,3.9811
16,Rest,377.65555555556784,0.0,3.9811
16,Rest,377.7555555555591,0.0,3.9811
16,Rest,377.85555555556493,0.0,3.9812
16,Rest,377.9555555555562,0.0,3.9812
16,Rest,378.055555555562,0.0,3.9812
16,Rest,378.15555555556784,0.0,3.9812
16,Rest,378.2555555555591,0.0,3.9813
16,Rest,378.35555555556493,0.0,3.9813
16,Rest,378.4555555555562,0.0,3.9813
16,Rest,378.555555555562,0.0,3.9813
16,Rest,378.65555555556784,0.0,3.9813
16,Rest,378.7555555555591,0.0,3.9813
16,Rest,378.85555555556493,0.0,3.9814
16,Rest,378.9555555555562,0.0,3.9814
16,Rest,379.055555555562,0.0,3.9814
16,Rest,379.15555555556784,0.0,3.9814
16,Rest,379.2555555555591,0.0,3.9815
16,Rest,379.35555555556493,0.0,3.9815
16,Rest,379.4555555555562,0.0,3.9815
16,Rest,379.555555555562,0.0,3.9815
16,Rest,379.65555555556784,0.0,3.9815
16,Rest,379.7555555555591,0.0,3.9816
16,Rest,379.85555555556493,0.0,3.9816
16,Rest,379.9555555555562,0.0,3.9816
16,Rest,380.055555555562,0.0,3.9816
16,Rest,380.15555555556784,0.0,3.9816
16,Rest,380.2555555555591,0.0,3.9816
16,Rest,380.35555555556493,0.0,3.9816
16,Rest,380.4555555555562,0.0,3.9816
16,Rest,380.555555555562,0.0,3.9817
16,Rest,380.65555555556784,0.0,3.9817
16,Rest,380.7555555555591,0.0,3.9817
16,Rest,380.85555555556493,0.0,3.9817
16,Rest,380.9555555555562,0.0,3.9818
16,Rest,381.055555555562,0.0,3.9818
16,Rest,381.15555555556784,0.0,3.9818
16,Rest,381.2555555555591,0.0,3.9819
16,Rest,381.35555555556493,0.0,3.9819
16,Rest,381.4555555555562,0.0,3.9819
16,Rest,381.555555555562,0.0,3.9819
16,Rest,381.65555555556784,0.0,3.9819
16,Rest,381.7555555555591,0.0,3.9819
16,Rest,381.85555555556493,0.0,3.982
16,Rest,381.9555555555562,0.0,3.982
16,Rest,382.055555555562,0.0,3.982
16,Rest,382.15555555556784,0.0,3.982
16,Rest,382.2555555555591,0.0,3.9821
16,Rest,382.35555555556493,0.0,3.9821
16,Rest,382.4555555555562,0.0,3.9821
16,Rest,382.555555555562,0.0,3.9821
16,Rest,382.65555555556784,0.0,3.9821
16,Rest,382.7555555555591,0.0,3.9821
16,Rest,382.85555555556493,0.0,3.9821
16,Rest,382.9555555555562,0.0,3.9821
16,Rest,383.055555555562,0.0,3.9822
16,Rest,383.15555555556784,0.0,3.9822
16,Rest,383.2555555555591,0.0,3.9822
16,Rest,383.35555555556493,0.0,3.9823
16,Rest,383.4555555555562,0.0,3.9823
16,Rest,383.555555555562,0.0,3.9823
16,Rest,383.65555555556784,0.0,3.9823
16,Rest,383.7555555555591,0.0,3.9823
16,Rest,383.85555555556493,0.0,3.9823
16,Rest,383.9555555555562,0.0,3.9823
16,Rest,384.055555555562,0.0,3.9823
16,Rest,384.15555555556784,0.0,3.9824
16,Rest,384.2555555555591,0.0,3.9824
16,Rest,384.35555555556493,0.0,3.9824
16,Rest,384.4555555555562,0.0,3.9825
16,Rest,384.555555555562,0.0,3.9825
16,Rest,384.65555555556784,0.0,3.9825
16,Rest,384.7555555555591,0.0,3.9825
16,Rest,384.85555555556493,0.0,3.9825
16,Rest,384.9555555555562,0.0,3.9826
16,Rest,385.055555555562,0.0,3.9826
16,Rest,385.15555555556784,0.0,3.9826
16,Rest,385.2555555555591,0.0,3.9826
16,Rest,385.35555555556493,0.0,3.9826
16,Rest,385.4555555555562,0.0,3.9826
16,Rest,385.555555555562,0.0,3.9826
16,Rest,385.65555555556784,0.0,3.9827
16,Rest,385.7555555555591,0.0,3.9827
16,Rest,385.85555555556493,0.0,3.9827
16,Rest,385.9555555555562,0.0,3.9827
16,Rest,386.055555555562,0.0,3.9828
16,Rest,386.15555555556784,0.0,3.9828
16,Rest,386.2555555555591,0.0,3.9828
16,Rest,386.35555555556493,0.0,3.9828
16,Rest,386.4555555555562,0.0,3.9828
16,Rest,386.555555555562,0.0,3.9828
16,Rest,386.65555555556784,0.0,3.9829
16,Rest,386.7555555555591,0.0,3.9829
16,Rest,386.85555555556493,0.0,3.9829
16,Rest,386.9555555555562,0.0,3.9829
16,Rest,387.055555555562,0.0,3.9829
16,Rest,387.15555555556784,0.0,3.983
16,Rest,387.2555555555591,0.0,3.983
16,Rest,387.35555555556493,0.0,3.983
16,Rest,387.4555555555562,0.0,3.983
16,Rest,387.555555555562,0.0,3.9831
16,Rest,387.65555555556784,0.0,3.9831
16,Rest,387.7555555555591,0.0,3.9831
16,Rest,387.85555555556493,0.0,3.9831
16,Rest,387.9555555555562,0.0,3.9831
16,Rest,388.055555555562,0.0,3.9831
16,Rest,388.15555555556784,0.0,3.9831
16,Rest,388.2555555555591,0.0,3.9832
16,Rest,388.35555555556493,0.0,3.9832
16,Rest,388.4555555555562,0.0,3.9832
16,Rest,388.555555555562,0.0,3.9832
16,Rest,388.65555555556784,0.0,3.9832
16,Rest,388.7555555555591,0.0,3.9832
16,Rest,388.85555555556493,0.0,3.9833
16,Rest,388.9555555555562,0.0,3.9833
16,Rest,389.055555555562,0.0,3.9833
16,Rest,389.15555555556784,0.0,3.9833
16,Rest,389.2555555555591,0.0,3.9833
16,Rest,389.35555555556493,0.0,3.9833
16,Rest,389.4555555555562,0.0,3.9833
16,Rest,389.555555555562,0.0,3.9834
16,Rest,389.65555555556784,0.0,3.9834
16,Rest,389.7555555555591,0.0,3.9834
16,Rest,389.85555555556493,0.0,3.9834
16,Rest,389.9555555555562,0.0,3.9834
16,Rest,390.055555555562,0.0,3.9834
16,Rest,390.15555555556784,0.0,3.9835
16,Rest,390.2555555555591,0.0,3.9835
16,Rest,390.35555555556493,0.0,3.9835
16,Rest,390.4555555555562,0.0,3.9836
16,Rest,390.555555555562,0.0,3.9836
16,Rest,390.65555555556784,0.0,3.9836
16,Rest,390.7555555555591,0.0,3.9836
16,Rest,390.85555555556493,0.0,3.9836
16,Rest,390.9555555555562,0.0,3.9836
16,Rest,391.055555555562,0.0,3.9836
16,Rest,391.15555555556784,0.0,3.9837
16,Rest,391.2555555555591,0.0,3.9837
16,Rest,391.35555555556493,0.0,3.9837
16,Rest,391.4555555555562,0.0,3.9837
16,Rest,391.555555555562,0.0,3.9838
16,Rest,391.65555555556784,0.0,3.9838
16,Rest,391.7555555555591,0.0,3.9838
16,Rest,391.85555555556493,0.0,3.9838
16,Rest,391.9555555555562,0.0,3.9838
16,Rest,392.055555555562,0.0,3.9839
16,Rest,392.15555555556784,0.0,3.9839
16,Rest,392.2555555555591,0.0,3.9839
16,Rest,392.35555555556493,0.0,3.9839
16,Rest,392.4555555555562,0.0,3.9839
16,Rest,392.555555555562,0.0,3.984
16,Rest,392.65555555556784,0.0,3.984
16,Rest,392.7555555555591,0.0,3.984
16,Rest,392.85555555556493,0.0,3.984
16,Rest,392.9555555555562,0.0,3.984
16,Rest,393.055555555562,0.0,3.984
16,Rest,393.15555555556784,0.0,3.9841
16,Rest,393.2555555555591,0.0,3.9841
16,Rest,393.35555555556493,0.0,3.9841
16,Rest,393.4555555555562,0.0,3.9841
16,Rest,393.555555555562,0.0,3.9842
16,Rest,393.65555555556784,0.0,3.9842
16,Rest,393.7555555555591,0.0,3.9842
16,Rest,393.85555555556493,0.0,3.9842
16,Rest,393.9555555555562,0.0,3.9842
16,Rest,394.055555555562,0.0,3.9842
16,Rest,394.15555555556784,0.0,3.9843
16,Rest,394.2555555555591,0.0,3.9843
16,Rest,394.35555555556493,0.0,3.9843
16,Rest,394.4555555555562,0.0,3.9843
16,Rest,394.555555555562,0.0,3.9843
16,Rest,394.65555555556784,0.0,3.9843
16,Rest,394.7555555555591,0.0,3.9844
16,Rest,394.85555555556493,0.0,3.9844
16,Rest,394.9555555555562,0.0,3.9844
16,Rest,395.055555555562,0.0,3.9844
16,Rest,395.15555555556784,0.0,3.9845
16,Rest,395.2555555555591,0.0,3.9845
16,Rest,395.35555555556493,0.0,3.9845
16,Rest,395.4555555555562,0.0,3.9845
16,Rest,395.555555555562,0.0,3.9845
16,Rest,395.65555555556784,0.0,3.9845
16,Rest,395.7555555555591,0.0,3.9845
16,Rest,395.85555555556493,0.0,3.9845
16,Rest,395.9555555555562,0.0,3.9846
16,Rest,396.055555555562,0.0,3.9846
16,Rest,396.15555555556784,0.0,3.9846
16,Rest,396.2555555555591,0.0,3.9846
16,Rest,396.35555555556493,0.0,3.9846
16,Rest,396.4555555555562,0.0,3.9846
16,Rest,396.555555555562,0.0,3.9847
16,Rest,396.65555555556784,0.0,3.9847
16,Rest,396.7555555555591,0.0,3.9847
16,Rest,396.85555555556493,0.0,3.9847
16,Rest,396.9555555555562,0.0,3.9847
16,Rest,397.055555555562,0.0,3.9848
16,Rest,397.15555555556784,0.0,3.9848
16,Rest,397.2555555555591,0.0,3.9848
16,Rest,397.35555555556493,0.0,3.9848
16,Rest,397.4555555555562,0.0,3.9848
16,Rest,397.555555555562,0.0,3.9848
16,Rest,397.65555555556784,0.0,3.9849
16,Rest,397.7555555555591,0.0,3.9849
16,Rest,397.85555555556493,0.0,3.9849
16,Rest,397.9555555555562,0.0,3.9849
16,Rest,398.055555555562,0.0,3.9849
16,Rest,398.15555555556784,0.0,3.9849
16,Rest,398.2555555555591,0.0,3.985
16,Rest,398.35555555556493,0.0,3.985
16,Rest,398.4555555555562,0.0,3.985
16,Rest,398.555555555562,0.0,3.985
16,Rest,398.65555555556784,0.0,3.985
16,Rest,398.7555555555591,0.0,3.985
16,Rest,398.85555555556493,0.0,3.985
16,Rest,398.9555555555562,0.0,3.9851
16,Rest,399.055555555562,0.0,3.9851
16,Rest,399.15555555556784,0.0,3.9851
16,Rest,399.2555555555591,0.0,3.9851
16,Rest,399.35555555556493,0.0,3.9851
16,Rest,399.4555555555562,0.0,3.9851
16,Rest,399.555555555562,0.0,3.9851
16,Rest,399.65555555556784,0.0,3.9851
16,Rest,399.7555555555591,0.0,3.9851
16,Rest,399.85555555556493,0.0,3.9852
16,Rest,399.9555555555562,0.0,3.9852
16,Rest,400.055555555562,0.0,3.9852
16,Rest,400.15555555556784,0.0,3.9852
16,Rest,400.2555555555591,0.0,3.9852
16,Rest,400.35555555556493,0.0,3.9852
16,Rest,400.4555555555562,0.0,3.9853
16,Rest,400.555555555562,0.0,3.9853
16,Rest,400.65555555556784,0.0,3.9853
16,Rest,400.7555555555591,0.0,3.9853
16,Rest,400.85555555556493,0.0,3.9853
16,Rest,400.9555555555562,0.0,3.9853
16,Rest,401.055555555562,0.0,3.9853
16,Rest,401.15555555556784,0.0,3.9853
16,Rest,401.2555555555591,0.0,3.9853
16,Rest,401.35555555556493,0.0,3.9854
16,Rest,401.4555555555562,0.0,3.9854
16,Rest,401.555555555562,0.0,3.9854
16,Rest,401.65555555556784,0.0,3.9854
16,Rest,401.7555555555591,0.0,3.9854
16,Rest,401.85555555556493,0.0,3.9854
16,Rest,401.9555555555562,0.0,3.9855
16,Rest,402.055555555562,0.0,3.9855
16,Rest,402.15555555556784,0.0,3.9855
16,Rest,402.2555555555591,0.0,3.9855
16,Rest,402.35555555556493,0.0,3.9855
16,Rest,402.4555555555562,0.0,3.9855
16,Rest,402.555555555562,0.0,3.9856
16,Rest,402.65555555556784,0.0,3.9856
16,Rest,402.7555555555591,0.0,3.9856
16,Rest,402.85555555556493,0.0,3.9856
16,Rest,402.9555555555562,0.0,3.9856
16,Rest,403.055555555562,0.0,3.9856
16,Rest,403.15555555556784,0.0,3.9856
16,Rest,403.2555555555591,0.0,3.9856
16,Rest,403.35555555556493,0.0,3.9857
16,Rest,403.4555555555562,0.0,3.9857
16,Rest,403.555555555562,0.0,3.9857
16,Rest,403.65555555556784,0.0,3.9857
16,Rest,403.7555555555591,0.0,3.9857
16,Rest,403.85555555556493,0.0,3.9857
16,Rest,403.9555555555562,0.0,3.9857
16,Rest,404.055555555562,0.0,3.9857
16,Rest,404.15555555556784,0.0,3.9858
16,Rest,404.2555555555591,0.0,3.9858
16,Rest,404.35555555556493,0.0,3.9859
16,Rest,404.4555555555562,0.0,3.9859
16,Rest,404.555555555562,0.0,3.9858
16,Rest,404.65555555556784,0.0,3.9859
16,Rest,404.7555555555591,0.0,3.9859
16,Rest,404.85555555556493,0.0,3.9859
16,Rest,404.9555555555562,0.0,3.9859
16,Rest,405.055555555562,0.0,3.986
16,Rest,405.15555555556784,0.0,3.986
16,Rest,405.2555555555591,0.0,3.986
16,Rest,405.35555555556493,0.0,3.986
16,Rest,405.4555555555562,0.0,3.986
16,Rest,405.555555555562,0.0,3.986
16,Rest,405.65555555556784,0.0,3.986
16,Rest,405.7555555555591,0.0,3.986
16,Rest,405.85555555556493,0.0,3.986
16,Rest,405.9555555555562,0.0,3.9861
16,Rest,406.055555555562,0.0,3.9861
16,Rest,406.15555555556784,0.0,3.9861
16,Rest,406.2555555555591,0.0,3.9861
16,Rest,406.35555555556493,0.0,3.9861
16,Rest,406.4555555555562,0.0,3.9862
16,Rest,406.555555555562,0.0,3.9861
16,Rest,406.65555555556784,0.0,3.9862
16,Rest,406.7555555555591,0.0,3.9862
16,Rest,406.85555555556493,0.0,3.9862
16,Rest,406.9555555555562,0.0,3.9862
16,Rest,407.055555555562,0.0,3.9862
16,Rest,407.15555555556784,0.0,3.9862
16,Rest,407.2555555555591,0.0,3.9862
16,Rest,407.35555555556493,0.0,3.9863
16,Rest,407.4555555555562,0.0,3.9863
16,Rest,407.555555555562,0.0,3.9863
16,Rest,407.65555555556784,0.0,3.9863
16,Rest,407.7555555555591,0.0,3.9863
16,Rest,407.85555555556493,0.0,3.9863
16,Rest,407.9555555555562,0.0,3.9864
16,Rest,408.055555555562,0.0,3.9864
16,Rest,408.15555555556784,0.0,3.9864
16,Rest,408.2555555555591,0.0,3.9864
16,Rest,408.35555555556493,0.0,3.9864
16,Rest,408.4555555555562,0.0,3.9864
16,Rest,408.555555555562,0.0,3.9864
16,Rest,408.65555555556784,0.0,3.9864
16,Rest,408.7555555555591,0.0,3.9864
16,Rest,408.85555555556493,0.0,3.9864
16,Rest,408.9555555555562,0.0,3.9865
16,Rest,409.055555555562,0.0,3.9865
16,Rest,409.15555555556784,0.0,3.9865
16,Rest,409.2555555555591,0.0,3.9865
16,Rest,409.35555555556493,0.0,3.9865
16,Rest,409.4555555555562,0.0,3.9866
16,Rest,409.555555555562,0.0,3.9865
16,Rest,409.65555555556784,0.0,3.9865
16,Rest,409.7555555555591,0.0,3.9866
16,Rest,409.85555555556493,0.0,3.9866
16,Rest,409.9555555555562,0.0,3.9866
16,Rest,410.055555555562,0.0,3.9866
16,Rest,410.15555555556784,0.0,3.9866
16,Rest,410.2555555555591,0.0,3.9866
16,Rest,410.35555555556493,0.0,3.9866
16,Rest,410.4555555555562,0.0,3.9866
16,Rest,410.555555555562,0.0,3.9867
16,Rest,410.65555555556784,0.0,3.9867
16,Rest,410.7555555555591,0.0,3.9867
16,Rest,410.85555555556493,0.0,3.9867
16,Rest,410.9555555555562,0.0,3.9868
16,Rest,411.055555555562,0.0,3.9868
16,Rest,411.15555555556784,0.0,3.9868
16,Rest,411.2555555555591,0.0,3.9868
16,Rest,411.35555555556493,0.0,3.9868
16,Rest,411.4555555555562,0.0,3.9869
16,Rest,411.555555555562,0.0,3.9869
16,Rest,411.65555555556784,0.0,3.9869
16,Rest,411.7555555555591,0.0,3.9869
16,Rest,411.85555555556493,0.0,3.9869
16,Rest,411.9555555555562,0.0,3.9869
16,Rest,412.055555555562,0.0,3.9869
16,Rest,412.15555555556784,0.0,3.9869
16,Rest,412.2555555555591,0.0,3.987
16,Rest,412.35555555556493,0.0,3.987
16,Rest,412.4555555555562,0.0,3.987
16,Rest,412.555555555562,0.0,3.987
16,Rest,412.65555555556784,0.0,3.987
16,Rest,412.7555555555591,0.0,3.987
16,Rest,412.85555555556493,0.0,3.987
16,Rest,412.9555555555562,0.0,3.987
16,Rest,413.055555555562,0.0,3.9871
16,Rest,413.15555555556784,0.0,3.9871
16,Rest,413.2555555555591,0.0,3.9871
16,Rest,413.35555555556493,0.0,3.9871
16,Rest,413.4555555555562,0.0,3.9871
16,Rest,413.555555555562,0.0,3.9871
16,Rest,413.65555555556784,0.0,3.9871
16,Rest,413.7555555555591,0.0,3.9871
16,Rest,413.85555555556493,0.0,3.9872
16,Rest,413.9555555555562,0.0,3.9872
16,Rest,414.055555555562,0.0,3.9872
16,Rest,414.15555555556784,0.0,3.9872
16,Rest,414.2555555555591,0.0,3.9872
16,Rest,414.35555555556493,0.0,3.9872
16,Rest,414.4555555555562,0.0,3.9873
16,Rest,414.555555555562,0.0,3.9873
16,Rest,414.65555555556784,0.0,3.9873
16,Rest,414.7555555555591,0.0,3.9873
16,Rest,414.85555555556493,0.0,3.9873
16,Rest,414.9555555555562,0.0,3.9873
16,Rest,415.055555555562,0.0,3.9873
16,Rest,415.15555555556784,0.0,3.9873
16,Rest,415.2555555555591,0.0,3.9874
16,Rest,415.35555555556493,0.0,3.9874
16,Rest,415.4555555555562,0.0,3.9874
16,Rest,415.555555555562,0.0,3.9874
16,Rest,415.65555555556784,0.0,3.9874
16,Rest,415.7555555555591,0.0,3.9874
16,Rest,415.85555555556493,0.0,3.9874
16,Rest,415.9555555555562,0.0,3.9875
16,Rest,416.055555555562,0.0,3.9875
16,Rest,416.15555555556784,0.0,3.9874
16,Rest,416.2555555555591,0.0,3.9875
16,Rest,416.35555555556493,0.0,3.9874
16,Rest,416.4555555555562,0.0,3.9875
16,Rest,416.555555555562,0.0,3.9875
16,Rest,416.65555555556784,0.0,3.9875
16,Rest,416.7555555555591,0.0,3.9875
16,Rest,416.85555555556493,0.0,3.9875
16,Rest,416.9555555555562,0.0,3.9875
16,Rest,417.055555555562,0.0,3.9876
16,Rest,417.15555555556784,0.0,3.9876
16,Rest,417.2555555555591,0.0,3.9876
16,Rest,417.35555555556493,0.0,3.9876
16,Rest,417.4555555555562,0.0,3.9876
16,Rest,417.555555555562,0.0,3.9876
16,Rest,417.65555555556784,0.0,3.9877
16,Rest,417.7555555555591,0.0,3.9876
16,Rest,417.85555555556493,0.0,3.9876
16,Rest,417.9555555555562,0.0,3.9877
16,Rest,418.055555555562,0.0,3.9877
16,Rest,418.15555555556784,0.0,3.9877
16,Rest,418.2555555555591,0.0,3.9877
16,Rest,418.35555555556493,0.0,3.9877
16,Rest,418.4555555555562,0.0,3.9877
16,Rest,418.555555555562,0.0,3.9877
16,Rest,418.65555555556784,0.0,3.9877
16,Rest,418.7555555555591,0.0,3.9877
16,Rest,418.85555555556493,0.0,3.9877
16,Rest,418.9555555555562,0.0,3.9877
16,Rest,419.055555555562,0.0,3.9877
16,Rest,419.15555555556784,0.0,3.9877
16,Rest,419.2555555555591,0.0,3.9878
16,Rest,419.35555555556493,0.0,3.9878
16,Rest,419.4555555555562,0.0,3.9878
16,Rest,419.555555555562,0.0,3.9878
16,Rest,419.65555555556784,0.0,3.9878
16,Rest,419.7555555555591,0.0,3.9879
16,Rest,419.85555555556493,0.0,3.9879
16,Rest,419.9555555555562,0.0,3.9879
16,Rest,420.055555555562,0.0,3.9879
16,Rest,420.15555555556784,0.0,3.9879
16,Rest,420.2555555555591,0.0,3.9879
16,Rest,420.35555555556493,0.0,3.9879
16,Rest,420.4555555555562,0.0,3.9879
16,Rest,420.555555555562,0.0,3.9879
16,Rest,420.65555555556784,0.0,3.988
16,Rest,420.7555555555591,0.0,3.988
16,Rest,420.85555555556493,0.0,3.988
16,Rest,420.9555555555562,0.0,3.988
16,Rest,421.055555555562,0.0,3.988
16,Rest,421.15555555556784,0.0,3.988
16,Rest,421.2555555555591,0.0,3.988
16,Rest,421.35555555556493,0.0,3.988
16,Rest,421.4555555555562,0.0,3.988
16,Rest,421.555555555562,0.0,3.9881
16,Rest,421.65555555556784,0.0,3.9881
16,Rest,421.7555555555591,0.0,3.9881
16,Rest,421.85555555556493,0.0,3.9881
16,Rest,421.9555555555562,0.0,3.9881
16,Rest,422.055555555562,0.0,3.9881
16,Rest,422.15555555556784,0.0,3.9881
16,Rest,422.2555555555591,0.0,3.9881
16,Rest,422.35555555556493,0.0,3.9881
16,Rest,422.4555555555562,0.0,3.9882
16,Rest,422.555555555562,0.0,3.9881
16,Rest,422.65555555556784,0.0,3.9881
16,Rest,422.7555555555591,0.0,3.9882
16,Rest,422.85555555556493,0.0,3.9882
16,Rest,422.9555555555562,0.0,3.9882
16,Rest,423.055555555562,0.0,3.9882
16,Rest,423.15555555556784,0.0,3.9882
16,Rest,423.2555555555591,0.0,3.9883
16,Rest,423.35555555556493,0.0,3.9883
16,Rest,423.4555555555562,0.0,3.9883
16,Rest,423.555555555562,0.0,3.9883
16,Rest,423.65555555556784,0.0,3.9883
16,Rest,423.7555555555591,0.0,3.9883
16,Rest,423.85555555556493,0.0,3.9883
16,Rest,423.9555555555562,0.0,3.9883
16,Rest,424.055555555562,0.0,3.9884
16,Rest,424.15555555556784,0.0,3.9883
16,Rest,424.2555555555591,0.0,3.9883
16,Rest,424.35555555556493,0.0,3.9883
16,Rest,424.4555555555562,0.0,3.9884
16,Rest,424.555555555562,0.0,3.9884
16,Rest,424.65555555556784,0.0,3.9884
16,Rest,424.7555555555591,0.0,3.9884
16,Rest,424.85555555556493,0.0,3.9884
16,Rest,424.9555555555562,0.0,3.9884
16,Rest,425.055555555562,0.0,3.9885
16,Rest,425.15555555556784,0.0,3.9884
16,Rest,425.2555555555591,0.0,3.9885
16,Rest,425.35555555556493,0.0,3.9885
16,Rest,425.4555555555562,0.0,3.9885
16,Rest,425.555555555562,0.0,3.9885
16,Rest,425.65555555556784,0.0,3.9885
16,Rest,425.7555555555591,0.0,3.9886
16,Rest,425.85555555556493,0.0,3.9886
16,Rest,425.9555555555562,0.0,3.9886
16,Rest,426.055555555562,0.0,3.9886
16,Rest,426.15555555556784,0.0,3.9886
16,Rest,426.2555555555591,0.0,3.9886
16,Rest,426.35555555556493,0.0,3.9886
16,Rest,426.4555555555562,0.0,3.9886
16,Rest,426.555555555562,0.0,3.9887
16,Rest,426.65555555556784,0.0,3.9887
16,Rest,426.7555555555591,0.0,3.9887
16,Rest,426.85555555556493,0.0,3.9887
16,Rest,426.9555555555562,0.0,3.9887
16,Rest,427.055555555562,0.0,3.9887
16,Rest,427.15555555556784,0.0,3.9887
16,Rest,427.2555555555591,0.0,3.9887
16,Rest,427.35555555556493,0.0,3.9888
16,Rest,427.4555555555562,0.0,3.9888
16,Rest,427.555555555562,0.0,3.9888
16,Rest,427.65555555556784,0.0,3.9888
16,Rest,427.7555555555591,0.0,3.9888
16,Rest,427.85555555556493,0.0,3.9888
16,Rest,427.9555555555562,0.0,3.9888
16,Rest,428.055555555562,0.0,3.9888
16,Rest,428.15555555556784,0.0,3.9888
16,Rest,428.2555555555591,0.0,3.9888
16,Rest,428.35555555556493,0.0,3.9888
16,Rest,428.4555555555562,0.0,3.9889
16,Rest,428.555555555562,0.0,3.9889
16,Rest,428.65555555556784,0.0,3.9889
16,Rest,428.7555555555591,0.0,3.9889
16,Rest,428.85555555556493,0.0,3.9889
16,Rest,428.9555555555562,0.0,3.989
16,Rest,429.055555555562,0.0,3.989
16,Rest,429.15555555556784,0.0,3.9889
16,Rest,429.2555555555591,0.0,3.989
16,Rest,429.35555555556493,0.0,3.989
16,Rest,429.4555555555562,0.0,3.989
16,Rest,429.555555555562,0.0,3.989
16,Rest,429.65555555556784,0.0,3.989
16,Rest,429.7555555555591,0.0,3.989
16,Rest,429.85555555556493,0.0,3.989
16,Rest,429.9555555555562,0.0,3.9891
16,Rest,430.055555555562,0.0,3.9891
16,Rest,430.15555555556784,0.0,3.9891
16,Rest,430.2555555555591,0.0,3.9891
16,Rest,430.35555555556493,0.0,3.9891
16,Rest,430.4555555555562,0.0,3.9891
16,Rest,430.555555555562,0.0,3.9891
16,Rest,430.65555555556784,0.0,3.9892
16,Rest,430.7555555555591,0.0,3.9892
16,Rest,430.85555555556493,0.0,3.9892
16,Rest,430.9555555555562,0.0,3.9892
16,Rest,431.055555555562,0.0,3.9892
16,Rest,431.15555555556784,0.0,3.9892
16,Rest,431.2555555555591,0.0,3.9892
16,Rest,431.35555555556493,0.0,3.9892
16,Rest,431.4555555555562,0.0,3.9892
16,Rest,431.555555555562,0.0,3.9892
16,Rest,431.65555555556784,0.0,3.9892
16,Rest,431.7555555555591,0.0,3.9892
16,Rest,431.85555555556493,0.0,3.9893
16,Rest,431.9555555555562,0.0,3.9893
16,Rest,432.055555555562,0.0,3.9893
16,Rest,432.15555555556784,0.0,3.9893
16,Rest,432.2555555555591,0.0,3.9893
16,Rest,432.35555555556493,0.0,3.9893
16,Rest,432.4555555555562,0.0,3.9893
16,Rest,432.555555555562,0.0,3.9893
16,Rest,432.65555555556784,0.0,3.9893
16,Rest,432.7555555555591,0.0,3.9893
16,Rest,432.85555555556493,0.0,3.9893
16,Rest,432.9555555555562,0.0,3.9893
16,Rest,433.055555555562,0.0,3.9893
16,Rest,433.15555555556784,0.0,3.9894
16,Rest,433.2555555555591,0.0,3.9894
16,Rest,433.35555555556493,0.0,3.9894
16,Rest,433.4555555555562,0.0,3.9894
16,Rest,433.555555555562,0.0,3.9894
16,Rest,433.65555555556784,0.0,3.9894
16,Rest,433.7555555555591,0.0,3.9894
16,Rest,433.85555555556493,0.0,3.9895
16,Rest,433.9555555555562,0.0,3.9894
16,Rest,434.055555555562,0.0,3.9895
16,Rest,434.15555555556784,0.0,3.9895
16,Rest,434.2555555555591,0.0,3.9895
16,Rest,434.35555555556493,0.0,3.9895
16,Rest,434.4555555555562,0.0,3.9895
16,Rest,434.555555555562,0.0,3.9895
16,Rest,434.65555555556784,0.0,3.9895
16,Rest,434.7555555555591,0.0,3.9895
16,Rest,434.85555555556493,0.0,3.9895
16,Rest,434.9555555555562,0.0,3.9896
16,Rest,435.055555555562,0.0,3.9895
16,Rest,435.15555555556784,0.0,3.9896
16,Rest,435.2555555555591,0.0,3.9896
16,Rest,435.35555555556493,0.0,3.9896
16,Rest,435.4555555555562,0.0,3.9896
16,Rest,435.555555555562,0.0,3.9896
16,Rest,435.65555555556784,0.0,3.9896
16,Rest,435.7555555555591,0.0,3.9896
16,Rest,435.85555555556493,0.0,3.9897
16,Rest,435.9555555555562,0.0,3.9897
16,Rest,436.055555555562,0.0,3.9897
16,Rest,436.15555555556784,0.0,3.9897
16,Rest,436.2555555555591,0.0,3.9897
16,Rest,436.35555555556493,0.0,3.9897
16,Rest,436.4555555555562,0.0,3.9897
16,Rest,436.555555555562,0.0,3.9897
16,Rest,436.65555555556784,0.0,3.9898
16,Rest,436.7555555555591,0.0,3.9898
16,Rest,436.85555555556493,0.0,3.9898
16,Rest,436.9555555555562,0.0,3.9898
16,Rest,437.055555555562,0.0,3.9898
16,Rest,437.15555555556784,0.0,3.9899
16,Rest,437.2555555555591,0.0,3.9899
16,Rest,437.35555555556493,0.0,3.9899
16,Rest,437.4555555555562,0.0,3.9899
16,Rest,437.555555555562,0.0,3.9899
16,Rest,437.65555555556784,0.0,3.9899
16,Rest,437.7555555555591,0.0,3.9899
16,Rest,437.85555555556493,0.0,3.9899
16,Rest,437.9555555555562,0.0,3.9899
16,Rest,438.055555555562,0.0,3.9899
16,Rest,438.15555555556784,0.0,3.9899
16,Rest,438.2555555555591,0.0,3.9899
16,Rest,438.35555555556493,0.0,3.9899
16,Rest,438.4555555555562,0.0,3.9899
16,Rest,438.555555555562,0.0,3.9899
16,Rest,438.65555555556784,0.0,3.9899
16,Rest,438.7555555555591,0.0,3.99
16,Rest,438.85555555556493,0.0,3.99
16,Rest,438.9555555555562,0.0,3.99
16,Rest,439.055555555562,0.0,3.99
16,Rest,439.15555555556784,0.0,3.99
16,Rest,439.2555555555591,0.0,3.99
16,Rest,439.35555555556493,0.0,3.99
16,Rest,439.4555555555562,0.0,3.99
16,Rest,439.555555555562,0.0,3.9901
16,Rest,439.65555555556784,0.0,3.9901
16,Rest,439.7555555555591,0.0,3.9901
16,Rest,439.85555555556493,0.0,3.9901
16,Rest,439.9555555555562,0.0,3.9901
16,Rest,440.055555555562,0.0,3.9901
16,Rest,440.15555555556784,0.0,3.9901
16,Rest,440.2555555555591,0.0,3.9901
16,Rest,440.35555555556493,0.0,3.9901
16,Rest,440.4555555555562,0.0,3.9901
16,Rest,440.555555555562,0.0,3.9901
16,Rest,440.65555555556784,0.0,3.9902
16,Rest,440.7555555555591,0.0,3.9902
16,Rest,440.85555555556493,0.0,3.9902
16,Rest,440.9555555555562,0.0,3.9902
16,Rest,441.055555555562,0.0,3.9902
16,Rest,441.15555555556784,0.0,3.9902
16,Rest,441.2555555555591,0.0,3.9902
16,Rest,441.35555555556493,0.0,3.9902
16,Rest,441.4555555555562,0.0,3.9902
16,Rest,441.555555555562,0.0,3.9902
16,Rest,441.65555555556784,0.0,3.9903
16,Rest,441.7555555555591,0.0,3.9903
16,Rest,441.85555555556493,0.0,3.9903
16,Rest,441.9555555555562,0.0,3.9903
16,Rest,442.055555555562,0.0,3.9903
16,Rest,442.15555555556784,0.0,3.9903
16,Rest,442.2555555555591,0.0,3.9903
16,Rest,442.35555555556493,0.0,3.9903
16,Rest,442.4555555555562,0.0,3.9903
16,Rest,442.555555555562,0.0,3.9903
16,Rest,442.65555555556784,0.0,3.9904
16,Rest,442.7555555555591,0.0,3.9904
16,Rest,442.85555555556493,0.0,3.9904
16,Rest,442.9555555555562,0.0,3.9904
16,Rest,443.055555555562,0.0,3.9904
16,Rest,443.15555555556784,0.0,3.9904
16,Rest,443.2555555555591,0.0,3.9904
16,Rest,443.35555555556493,0.0,3.9904
16,Rest,443.4555555555562,0.0,3.9904
16,Rest,443.555555555562,0.0,3.9904
16,Rest,443.65555555556784,0.0,3.9905
16,Rest,443.7555555555591,0.0,3.9905
16,Rest,443.85555555556493,0.0,3.9905
16,Rest,443.9555555555562,0.0,3.9905
16,Rest,444.055555555562,0.0,3.9905
16,Rest,444.15555555556784,0.0,3.9905
16,Rest,444.2555555555591,0.0,3.9905
16,Rest,444.35555555556493,0.0,3.9905
16,Rest,444.4555555555562,0.0,3.9905
16,Rest,444.555555555562,0.0,3.9906
16,Rest,444.65555555556784,0.0,3.9906
16,Rest,444.7555555555591,0.0,3.9906
16,Rest,444.85555555556493,0.0,3.9906
16,Rest,444.9555555555562,0.0,3.9906
16,Rest,445.055555555562,0.0,3.9906
16,Rest,445.15555555556784,0.0,3.9906
16,Rest,445.2555555555591,0.0,3.9906
16,Rest,445.35555555556493,0.0,3.9906
16,Rest,445.4555555555562,0.0,3.9906
16,Rest,445.555555555562,0.0,3.9906
16,Rest,445.65555555556784,0.0,3.9906
16,Rest,445.7555555555591,0.0,3.9906
16,Rest,445.85555555556493,0.0,3.9906
16,Rest,445.9555555555562,0.0,3.9907
16,Rest,446.055555555562,0.0,3.9907
16,Rest,446.15555555556784,0.0,3.9907
16,Rest,446.2555555555591,0.0,3.9907
16,Rest,446.35555555556493,0.0,3.9907
16,Rest,446.4555555555562,0.0,3.9907
16,Rest,446.555555555562,0.0,3.9907
16,Rest,446.65555555556784,0.0,3.9908
16,Rest,446.7555555555591,0.0,3.9908
16,Rest,446.85555555556493,0.0,3.9908
16,Rest,446.9555555555562,0.0,3.9908
16,Rest,447.055555555562,0.0,3.9908
16,Rest,447.15555555556784,0.0,3.9908
16,Rest,447.2555555555591,0.0,3.9908
16,Rest,447.35555555556493,0.0,3.9908
16,Rest,447.4555555555562,0.0,3.9908
16,Rest,447.555555555562,0.0,3.9908
16,Rest,447.65555555556784,0.0,3.9909
16,Rest,447.7555555555591,0.0,3.9909
16,Rest,447.85555555556493,0.0,3.9909
16,Rest,447.9555555555562,0.0,3.9909
16,Rest,448.055555555562,0.0,3.9909
16,Rest,448.15555555556784,0.0,3.9909
16,Rest,448.2555555555591,0.0,3.9909
16,Rest,448.35555555556493,0.0,3.9909
16,Rest,448.4555555555562,0.0,3.9909
16,Rest,448.555555555562,0.0,3.991
16,Rest,448.65555555556784,0.0,3.991
16,Rest,448.7555555555591,0.0,3.991
16,Rest,448.85555555556493,0.0,3.991
16,Rest,448.9555555555562,0.0,3.991
16,Rest,449.055555555562,0.0,3.991
16,Rest,449.15555555556784,0.0,3.991
16,Rest,449.2555555555591,0.0,3.991
16,Rest,449.35555555556493,0.0,3.991
16,Rest,449.4555555555562,0.0,3.9911
16,Rest,449.555555555562,0.0,3.9911
16,Rest,449.65555555556784,0.0,3.9911
16,Rest,449.7555555555591,0.0,3.9911
16,Rest,449.85555555556493,0.0,3.9911
16,Rest,449.9555555555562,0.0,3.9911
16,Rest,450.055555555562,0.0,3.9911
16,Rest,450.15555555556784,0.0,3.9911
16,Rest,450.2555555555591,0.0,3.9911
16,Rest,450.35555555556493,0.0,3.9911
16,Rest,450.4555555555562,0.0,3.9911
16,Rest,450.555555555562,0.0,3.9912
16,Rest,450.65555555556784,0.0,3.9912
16,Rest,450.7555555555591,0.0,3.9912
16,Rest,450.85555555556493,0.0,3.9912
16,Rest,450.9555555555562,0.0,3.9912
16,Rest,451.055555555562,0.0,3.9912
16,Rest,451.15555555556784,0.0,3.9912
16,Rest,451.2555555555591,0.0,3.9913
16,Rest,451.35555555556493,0.0,3.9912
16,Rest,451.4555555555562,0.0,3.9913
16,Rest,451.555555555562,0.0,3.9913
16,Rest,451.65555555556784,0.0,3.9913
16,Rest,451.7555555555591,0.0,3.9913
16,Rest,451.85555555556493,0.0,3.9913
16,Rest,451.9555555555562,0.0,3.9913
16,Rest,452.055555555562,0.0,3.9913
16,Rest,452.15555555556784,0.0,3.9913
16,Rest,452.2555555555591,0.0,3.9913
16,Rest,452.35555555556493,0.0,3.9913
16,Rest,452.4555555555562,0.0,3.9914
16,Rest,452.555555555562,0.0,3.9913
16,Rest,452.65555555556784,0.0,3.9913
16,Rest,452.7555555555591,0.0,3.9913
16,Rest,452.85555555556493,0.0,3.9914
16,Rest,452.9555555555562,0.0,3.9914
16,Rest,453.055555555562,0.0,3.9914
16,Rest,453.15555555556784,0.0,3.9914
16,Rest,453.2555555555591,0.0,3.9914
16,Rest,453.35555555556493,0.0,3.9914
16,Rest,453.4555555555562,0.0,3.9914
16,Rest,453.555555555562,0.0,3.9914
16,Rest,453.65555555556784,0.0,3.9914
16,Rest,453.7555555555591,0.0,3.9914
16,Rest,453.85555555556493,0.0,3.9914
16,Rest,453.9555555555562,0.0,3.9915
16,Rest,454.055555555562,0.0,3.9915
16,Rest,454.15555555556784,0.0,3.9915
16,Rest,454.2555555555591,0.0,3.9915
16,Rest,454.35555555556493,0.0,3.9915
16,Rest,454.4555555555562,0.0,3.9915
16,Rest,454.555555555562,0.0,3.9915
16,Rest,454.65555555556784,0.0,3.9915
16,Rest,454.7555555555591,0.0,3.9915
16,Rest,454.85555555556493,0.0,3.9915
16,Rest,454.9555555555562,0.0,3.9915
16,Rest,455.055555555562,0.0,3.9915
16,Rest,455.15555555556784,0.0,3.9915
16,Rest,455.2555555555591,0.0,3.9916
16,Rest,455.35555555556493,0.0,3.9916
16,Rest,455.4555555555562,0.0,3.9916
16,Rest,455.555555555562,0.0,3.9916
16,Rest,455.65555555556784,0.0,3.9916
16,Rest,455.7555555555591,0.0,3.9916
16,Rest,455.85555555556493,0.0,3.9916
16,Rest,455.9555555555562,0.0,3.9916
16,Rest,456.055555555562,0.0,3.9916
16,Rest,456.15555555556784,0.0,3.9916
16,Rest,456.2555555555591,0.0,3.9916
16,Rest,456.35555555556493,0.0,3.9916
16,Rest,456.4555555555562,0.0,3.9916
16,Rest,456.555555555562,0.0,3.9917
16,Rest,456.65555555556784,0.0,3.9917
16,Rest,456.7555555555591,0.0,3.9917
16,Rest,456.85555555556493,0.0,3.9917
16,Rest,456.9555555555562,0.0,3.9917
16,Rest,457.055555555562,0.0,3.9917
16,Rest,457.15555555556784,0.0,3.9917
16,Rest,457.2555555555591,0.0,3.9917
16,Rest,457.35555555556493,0.0,3.9918
16,Rest,457.4555555555562,0.0,3.9918
16,Rest,457.555555555562,0.0,3.9919
16,Rest,457.65555555556784,0.0,3.9918
16,Rest,457.7555555555591,0.0,3.9918
16,Rest,457.85555555556493,0.0,3.9918
16,Rest,457.9555555555562,0.0,3.9918
16,Rest,458.055555555562,0.0,3.9918
16,Rest,458.15555555556784,0.0,3.9918
16,Rest,458.2555555555591,0.0,3.9918
16,Rest,458.35555555556493,0.0,3.9918
16,Rest,458.4555555555562,0.0,3.9918
16,Rest,458.555555555562,0.0,3.9918
16,Rest,458.65555555556784,0.0,3.9918
16,Rest,458.7555555555591,0.0,3.9919
16,Rest,458.85555555556493,0.0,3.9918
16,Rest,458.9555555555562,0.0,3.9919
16,Rest,459.055555555562,0.0,3.9919
16,Rest,459.15555555556784,0.0,3.9918
16,Rest,459.2555555555591,0.0,3.9918
16,Rest,459.35555555556493,0.0,3.9919
16,Rest,459.4555555555562,0.0,3.9918
16,Rest,459.555555555562,0.0,3.9919
16,Rest,459.65555555556784,0.0,3.9919
16,Rest,459.7555555555591,0.0,3.9919
16,Rest,459.85555555556493,0.0,3.9919
16,Rest,459.9555555555562,0.0,3.9919
16,Rest,460.055555555562,0.0,3.9919
16,Rest,460.15555555556784,0.0,3.9919
16,Rest,460.2555555555591,0.0,3.9919
16,Rest,460.35555555556493,0.0,3.9919
16,Rest,460.4555555555562,0.0,3.9919
16,Rest,460.555555555562,0.0,3.9919
16,Rest,460.65555555556784,0.0,3.9919
16,Rest,460.7555555555591,0.0,3.992
16,Rest,460.85555555556493,0.0,3.992
16,Rest,460.9555555555562,0.0,3.992
16,Rest,461.055555555562,0.0,3.992
16,Rest,461.15555555556784,0.0,3.992
16,Rest,461.2555555555591,0.0,3.992
16,Rest,461.35555555556493,0.0,3.992
16,Rest,461.4555555555562,0.0,3.992
16,Rest,461.555555555562,0.0,3.992
16,Rest,461.65555555556784,0.0,3.992
16,Rest,461.7555555555591,0.0,3.992
16,Rest,461.85555555556493,0.0,3.992
16,Rest,461.9555555555562,0.0,3.992
16,Rest,462.055555555562,0.0,3.9921
16,Rest,462.15555555556784,0.0,3.9921
16,Rest,462.2555555555591,0.0,3.9921
16,Rest,462.35555555556493,0.0,3.9921
16,Rest,462.4555555555562,0.0,3.9921
16,Rest,462.555555555562,0.0,3.9921
16,Rest,462.65555555556784,0.0,3.9921
16,Rest,462.7555555555591,0.0,3.9921
16,Rest,462.85555555556493,0.0,3.9921
16,Rest,462.9555555555562,0.0,3.9921
16,Rest,463.055555555562,0.0,3.9921
16,Rest,463.15555555556784,0.0,3.9921
16,Rest,463.2555555555591,0.0,3.9922
16,Rest,463.35555555556493,0.0,3.9922
16,Rest,463.4555555555562,0.0,3.9922
16,Rest,463.555555555562,0.0,3.9922
16,Rest,463.65555555556784,0.0,3.9922
16,Rest,463.7555555555591,0.0,3.9922
16,Rest,463.85555555556493,0.0,3.9922
16,Rest,463.9555555555562,0.0,3.9922
16,Rest,464.055555555562,0.0,3.9922
16,Rest,464.15555555556784,0.0,3.9922
16,Rest,464.2555555555591,0.0,3.9922
16,Rest,464.35555555556493,0.0,3.9922
16,Rest,464.4555555555562,0.0,3.9922
16,Rest,464.555555555562,0.0,3.9923
16,Rest,464.65555555556784,0.0,3.9923
16,Rest,464.7555555555591,0.0,3.9923
16,Rest,464.85555555556493,0.0,3.9923
16,Rest,464.9555555555562,0.0,3.9923
16,Rest,465.055555555562,0.0,3.9923
16,Rest,465.15555555556784,0.0,3.9923
16,Rest,465.2555555555591,0.0,3.9923
16,Rest,465.35555555556493,0.0,3.9923
16,Rest,465.4555555555562,0.0,3.9923
16,Rest,465.555555555562,0.0,3.9923
16,Rest,465.65555555556784,0.0,3.9924
16,Rest,465.7555555555591,0.0,3.9924
16,Rest,465.85555555556493,0.0,3.9924
16,Rest,465.9555555555562,0.0,3.9924
16,Rest,466.055555555562,0.0,3.9924
16,Rest,466.15555555556784,0.0,3.9924
16,Rest,466.2555555555591,0.0,3.9924
16,Rest,466.35555555556493,0.0,3.9924
16,Rest,466.4555555555562,0.0,3.9924
16,Rest,466.555555555562,0.0,3.9924
16,Rest,466.65555555556784,0.0,3.9924
16,Rest,466.7555555555591,0.0,3.9925
16,Rest,466.85555555556493,0.0,3.9925
16,Rest,466.9555555555562,0.0,3.9925
16,Rest,467.055555555562,0.0,3.9925
16,Rest,467.15555555556784,0.0,3.9925
16,Rest,467.2555555555591,0.0,3.9925
16,Rest,467.35555555556493,0.0,3.9925
16,Rest,467.4555555555562,0.0,3.9925
16,Rest,467.555555555562,0.0,3.9925
16,Rest,467.65555555556784,0.0,3.9925
16,Rest,467.7555555555591,0.0,3.9925
16,Rest,467.85555555556493,0.0,3.9925
16,Rest,467.9555555555562,0.0,3.9926
16,Rest,468.055555555562,0.0,3.9926
16,Rest,468.15555555556784,0.0,3.9925
16,Rest,468.2555555555591,0.0,3.9925
16,Rest,468.35555555556493,0.0,3.9925
16,Rest,468.4555555555562,0.0,3.9925
16,Rest,468.555555555562,0.0,3.9926
16,Rest,468.65555555556784,0.0,3.9926
16,Rest,468.7555555555591,0.0,3.9926
16,Rest,468.85555555556493,0.0,3.9926
16,Rest,468.9555555555562,0.0,3.9926
16,Rest,469.055555555562,0.0,3.9926
16,Rest,469.15555555556784,0.0,3.9926
16,Rest,469.2555555555591,0.0,3.9926
16,Rest,469.35555555556493,0.0,3.9926
16,Rest,469.4555555555562,0.0,3.9926
16,Rest,469.555555555562,0.0,3.9927
16,Rest,469.65555555556784,0.0,3.9927
16,Rest,469.7555555555591,0.0,3.9927
16,Rest,469.85555555556493,0.0,3.9927
16,Rest,469.9555555555562,0.0,3.9927
16,Rest,470.055555555562,0.0,3.9927
16,Rest,470.15555555556784,0.0,3.9927
16,Rest,470.2555555555591,0.0,3.9927
16,Rest,470.35555555556493,0.0,3.9927
16,Rest,470.4555555555562,0.0,3.9927
16,Rest,470.555555555562,0.0,3.9927
16,Rest,470.65555555556784,0.0,3.9927
16,Rest,470.7555555555591,0.0,3.9927
16,Rest,470.85555555556493,0.0,3.9928
16,Rest,470.9555555555562,0.0,3.9928
16,Rest,471.055555555562,0.0,3.9928
16,Rest,471.15555555556784,0.0,3.9928
16,Rest,471.2555555555591,0.0,3.9928
16,Rest,471.35555555556493,0.0,3.9928
16,Rest,471.4555555555562,0.0,3.9928
16,Rest,471.555555555562,0.0,3.9928
16,Rest,471.65555555556784,0.0,3.9928
16,Rest,471.7555555555591,0.0,3.9928
16,Rest,471.85555555556493,0.0,3.9928
16,Rest,471.9555555555562,0.0,3.9928
16,Rest,472.055555555562,0.0,3.9928
16,Rest,472.15555555556784,0.0,3.9928
16,Rest,472.2555555555591,0.0,3.9929
16,Rest,472.35555555556493,0.0,3.9929
16,Rest,472.4555555555562,0.0,3.9929
16,Rest,472.555555555562,0.0,3.9928
16,Rest,472.65555555556784,0.0,3.9929
16,Rest,472.7555555555591,0.0,3.9929
16,Rest,472.85555555556493,0.0,3.9929
16,Rest,472.9555555555562,0.0,3.9929
16,Rest,473.055555555562,0.0,3.9929
16,Rest,473.15555555556784,0.0,3.9929
16,Rest,473.2555555555591,0.0,3.9929
16,Rest,473.35555555556493,0.0,3.9929
16,Rest,473.4555555555562,0.0,3.9929
16,Rest,473.555555555562,0.0,3.9929
16,Rest,473.65555555556784,0.0,3.993
16,Rest,473.7555555555591,0.0,3.993
16,Rest,473.85555555556493,0.0,3.993
16,Rest,473.9555555555562,0.0,3.993
16,Rest,474.055555555562,0.0,3.993
16,Rest,474.15555555556784,0.0,3.993
16,Rest,474.2555555555591,0.0,3.993
16,Rest,474.35555555556493,0.0,3.993
16,Rest,474.4555555555562,0.0,3.993
16,Rest,474.555555555562,0.0,3.993
16,Rest,474.65555555556784,0.0,3.993
16,Rest,474.7555555555591,0.0,3.993
16,Rest,474.85555555556493,0.0,3.993
16,Rest,474.9555555555562,0.0,3.993
16,Rest,475.055555555562,0.0,3.9931
16,Rest,475.15555555556784,0.0,3.9931
16,Rest,475.2555555555591,0.0,3.9931
16,Rest,475.35555555556493,0.0,3.9931
16,Rest,475.4555555555562,0.0,3.9931
16,Rest,475.555555555562,0.0,3.9931
16,Rest,475.65555555556784,0.0,3.9931
16,Rest,475.7555555555591,0.0,3.9931
16,Rest,475.85555555556493,0.0,3.9931
16,Rest,475.9555555555562,0.0,3.9931
16,Rest,476.055555555562,0.0,3.9931
16,Rest,476.15555555556784,0.0,3.9931
16,Rest,476.2555555555591,0.0,3.9932
16,Rest,476.35555555556493,0.0,3.9932
16,Rest,476.4555555555562,0.0,3.9932
16,Rest,476.555555555562,0.0,3.9932
16,Rest,476.65555555556784,0.0,3.9932
16,Rest,476.7555555555591,0.0,3.9932
16,Rest,476.85555555556493,0.0,3.9932
16,Rest,476.9555555555562,0.0,3.9932
16,Rest,477.055555555562,0.0,3.9932
16,Rest,477.15555555556784,0.0,3.9932
16,Rest,477.2555555555591,0.0,3.9932
16,Rest,477.35555555556493,0.0,3.9932
16,Rest,477.4555555555562,0.0,3.9933
16,Rest,477.555555555562,0.0,3.9933
16,Rest,477.65555555556784,0.0,3.9933
16,Rest,477.7555555555591,0.0,3.9933
16,Rest,477.85555555556493,0.0,3.9933
16,Rest,477.9555555555562,0.0,3.9933
16,Rest,478.055555555562,0.0,3.9933
16,Rest,478.15555555556784,0.0,3.9933
16,Rest,478.2555555555591,0.0,3.9933
16,Rest,478.35555555556493,0.0,3.9933
16,Rest,478.4555555555562,0.0,3.9933
16,Rest,478.555555555562,0.0,3.9933
16,Rest,478.65555555556784,0.0,3.9933
16,Rest,478.7555555555591,0.0,3.9933
16,Rest,478.85555555556493,0.0,3.9933
16,Rest,478.9555555555562,0.0,3.9933
16,Rest,479.055555555562,0.0,3.9933
16,Rest,479.15555555556784,0.0,3.9934
16,Rest,479.2555555555591,0.0,3.9933
16,Rest,479.35555555556493,0.0,3.9933
16,Rest,479.4555555555562,0.0,3.9933
16,Rest,479.555555555562,0.0,3.9934
16,Rest,479.65555555556784,0.0,3.9934
16,Rest,479.7555555555591,0.0,3.9934
16,Rest,479.85555555556493,0.0,3.9934
16,Rest,479.9555555555562,0.0,3.9934
16,Rest,480.055555555562,0.0,3.9934
16,Rest,480.15555555556784,0.0,3.9934
16,Rest,480.2555555555591,0.0,3.9934
16,Rest,480.35555555556493,0.0,3.9934
16,Rest,480.4555555555562,0.0,3.9935
16,Rest,480.555555555562,0.0,3.9935
16,Rest,480.65555555556784,0.0,3.9934
16,Rest,480.7555555555591,0.0,3.9935
16,Rest,480.85555555556493,0.0,3.9935
16,Rest,480.9555555555562,0.0,3.9935
16,Rest,481.055555555562,0.0,3.9935
16,Rest,481.15555555556784,0.0,3.9935
16,Rest,481.2555555555591,0.0,3.9935
16,Rest,481.35555555556493,0.0,3.9935
16,Rest,481.4555555555562,0.0,3.9935
16,Rest,481.555555555562,0.0,3.9935
16,Rest,481.65555555556784,0.0,3.9935
16,Rest,481.7555555555591,0.0,3.9935
16,Rest,481.85555555556493,0.0,3.9936
16,Rest,481.9555555555562,0.0,3.9936
16,Rest,482.055555555562,0.0,3.9936
16,Rest,482.15555555556784,0.0,3.9936
16,Rest,482.2555555555591,0.0,3.9936
16,Rest,482.35555555556493,0.0,3.9936
16,Rest,482.4555555555562,0.0,3.9936
16,Rest,482.555555555562,0.0,3.9936
16,Rest,482.65555555556784,0.0,3.9936
16,Rest,482.7555555555591,0.0,3.9936
16,Rest,482.85555555556493,0.0,3.9936
16,Rest,482.9555555555562,0.0,3.9936
16,Rest,483.055555555562,0.0,3.9936
16,Rest,483.15555555556784,0.0,3.9936
16,Rest,483.2555555555591,0.0,3.9936
16,Rest,483.35555555556493,0.0,3.9936
16,Rest,483.4555555555562,0.0,3.9937
16,Rest,483.555555555562,0.0,3.9937
16,Rest,483.65555555556784,0.0,3.9936
16,Rest,483.7555555555591,0.0,3.9936
16,Rest,483.85555555556493,0.0,3.9937
16,Rest,483.9555555555562,0.0,3.9937
16,Rest,484.055555555562,0.0,3.9937
16,Rest,484.15555555556784,0.0,3.9937
16,Rest,484.2555555555591,0.0,3.9938
16,Rest,484.35555555556493,0.0,3.9938
16,Rest,484.4555555555562,0.0,3.9937
16,Rest,484.555555555562,0.0,3.9937
16,Rest,484.65555555556784,0.0,3.9937
16,Rest,484.7555555555591,0.0,3.9937
16,Rest,484.85555555556493,0.0,3.9938
16,Rest,484.9555555555562,0.0,3.9938
16,Rest,485.055555555562,0.0,3.9938
16,Rest,485.15555555556784,0.0,3.9938
16,Rest,485.2555555555591,0.0,3.9938
16,Rest,485.35555555556493,0.0,3.9938
16,Rest,485.4555555555562,0.0,3.9938
16,Rest,485.555555555562,0.0,3.9938
16,Rest,485.65555555556784,0.0,3.9938
16,Rest,485.7555555555591,0.0,3.9938
16,Rest,485.85555555556493,0.0,3.9938
16,Rest,485.9555555555562,0.0,3.9938
16,Rest,486.055555555562,0.0,3.9938
16,Rest,486.15555555556784,0.0,3.9938
16,Rest,486.2555555555591,0.0,3.9938
16,Rest,486.35555555556493,0.0,3.9938
16,Rest,486.4555555555562,0.0,3.9938
16,Rest,486.555555555562,0.0,3.9938
16,Rest,486.65555555556784,0.0,3.9938
16,Rest,486.7555555555591,0.0,3.9938
16,Rest,486.85555555556493,0.0,3.9938
16,Rest,486.9555555555562,0.0,3.9939
16,Rest,487.055555555562,0.0,3.9939
16,Rest,487.15555555556784,0.0,3.9939
16,Rest,487.2555555555591,0.0,3.9939
16,Rest,487.35555555556493,0.0,3.9939
16,Rest,487.4555555555562,0.0,3.9939
16,Rest,487.555555555562,0.0,3.9939
16,Rest,487.65555555556784,0.0,3.9938
16,Rest,487.7555555555591,0.0,3.9938
16,Rest,487.85555555556493,0.0,3.9939
16,Rest,487.9555555555562,0.0,3.9939
16,Rest,488.055555555562,0.0,3.9939
16,Rest,488.15555555556784,0.0,3.9939
16,Rest,488.2555555555591,0.0,3.9939
16,Rest,488.35555555556493,0.0,3.9939
16,Rest,488.4555555555562,0.0,3.9939
16,Rest,488.555555555562,0.0,3.9939
16,Rest,488.65555555556784,0.0,3.9939
16,Rest,488.7555555555591,0.0,3.9939
16,Rest,488.85555555556493,0.0,3.9939
16,Rest,488.9555555555562,0.0,3.9939
16,Rest,489.055555555562,0.0,3.9939
16,Rest,489.15555555556784,0.0,3.9939
16,Rest,489.2555555555591,0.0,3.9939
16,Rest,489.35555555556493,0.0,3.9939
16,Rest,489.4555555555562,0.0,3.9939
16,Rest,489.555555555562,0.0,3.9939
16,Rest,489.65555555556784,0.0,3.9939
16,Rest,489.7555555555591,0.0,3.994
16,Rest,489.85555555556493,0.0,3.9939
16,Rest,489.9555555555562,0.0,3.9939
16,Rest,490.055555555562,0.0,3.994
16,Rest,490.15555555556784,0.0,3.994
16,Rest,490.2555555555591,0.0,3.994
16,Rest,490.35555555556493,0.0,3.994
16,Rest,490.4555555555562,0.0,3.994
16,Rest,490.555555555562,0.0,3.994
16,Rest,490.65555555556784,0.0,3.994
16,Rest,490.7555555555591,0.0,3.994
16,Rest,490.85555555556493,0.0,3.994
16,Rest,490.9555555555562,0.0,3.994
16,Rest,491.055555555562,0.0,3.994
16,Rest,491.15555555556784,0.0,3.994
16,Rest,491.2555555555591,0.0,3.994
16,Rest,491.35555555556493,0.0,3.994
16,Rest,491.4555555555562,0.0,3.994
16,Rest,491.555555555562,0.0,3.9941
16,Rest,491.65555555556784,0.0,3.9941
16,Rest,491.7555555555591,0.0,3.9941
16,Rest,491.85555555556493,0.0,3.9941
16,Rest,491.9555555555562,0.0,3.9941
16,Rest,492.055555555562,0.0,3.9941
16,Rest,492.15555555556784,0.0,3.9941
16,Rest,492.2555555555591,0.0,3.9941
16,Rest,492.35555555556493,0.0,3.9941
16,Rest,492.4555555555562,0.0,3.9941
16,Rest,492.555555555562,0.0,3.9941
16,Rest,492.65555555556784,0.0,3.9941
16,Rest,492.7555555555591,0.0,3.9941
16,Rest,492.85555555556493,0.0,3.9941
16,Rest,492.9555555555562,0.0,3.9941
16,Rest,493.055555555562,0.0,3.9942
16,Rest,493.15555555556784,0.0,3.9942
16,Rest,493.2555555555591,0.0,3.9942
16,Rest,493.35555555556493,0.0,3.9942
16,Rest,493.4555555555562,0.0,3.9942
16,Rest,493.555555555562,0.0,3.9942
16,Rest,493.65555555556784,0.0,3.9942
16,Rest,493.7555555555591,0.0,3.9942
16,Rest,493.85555555556493,0.0,3.9942
16,Rest,493.9555555555562,0.0,3.9942
16,Rest,494.055555555562,0.0,3.9942
16,Rest,494.15555555556784,0.0,3.9942
16,Rest,494.2555555555591,0.0,3.9942
16,Rest,494.35555555556493,0.0,3.9942
16,Rest,494.4555555555562,0.0,3.9942
16,Rest,494.555555555562,0.0,3.9942
16,Rest,494.65555555556784,0.0,3.9942
16,Rest,494.7555555555591,0.0,3.9943
16,Rest,494.85555555556493,0.0,3.9943
16,Rest,494.9555555555562,0.0,3.9942
16,Rest,495.055555555562,0.0,3.9943
16,Rest,495.15555555556784,0.0,3.9943
16,Rest,495.2555555555591,0.0,3.9943
16,Rest,495.35555555556493,0.0,3.9943
16,Rest,495.4555555555562,0.0,3.9943
16,Rest,495.555555555562,0.0,3.9943
16,Rest,495.65555555556784,0.0,3.9943
16,Rest,495.7555555555591,0.0,3.9943
16,Rest,495.85555555556493,0.0,3.9943
16,Rest,495.9555555555562,0.0,3.9943
16,Rest,496.055555555562,0.0,3.9943
16,Rest,496.15555555556784,0.0,3.9943
16,Rest,496.2555555555591,0.0,3.9943
16,Rest,496.35555555556493,0.0,3.9943
16,Rest,496.4555555555562,0.0,3.9944
16,Rest,496.555555555562,0.0,3.9944
16,Rest,496.65555555556784,0.0,3.9944
16,Rest,496.7555555555591,0.0,3.9944
16,Rest,496.85555555556493,0.0,3.9944
16,Rest,496.9555555555562,0.0,3.9944
16,Rest,497.055555555562,0.0,3.9944
16,Rest,497.15555555556784,0.0,3.9944
16,Rest,497.2555555555591,0.0,3.9944
16,Rest,497.35555555556493,0.0,3.9944
16,Rest,497.4555555555562,0.0,3.9944
16,Rest,497.555555555562,0.0,3.9944
16,Rest,497.65555555556784,0.0,3.9944
16,Rest,497.7555555555591,0.0,3.9944
16,Rest,497.85555555556493,0.0,3.9944
16,Rest,497.9555555555562,0.0,3.9944
16,Rest,498.055555555562,0.0,3.9944
16,Rest,498.15555555556784,0.0,3.9944
16,Rest,498.2555555555591,0.0,3.9945
16,Rest,498.35555555556493,0.0,3.9945
16,Rest,498.4555555555562,0.0,3.9945
16,Rest,498.555555555562,0.0,3.9945
16,Rest,498.65555555556784,0.0,3.9944
16,Rest,498.7555555555591,0.0,3.9944
16,Rest,498.85555555556493,0.0,3.9945
16,Rest,498.9555555555562,0.0,3.9945
16,Rest,499.055555555562,0.0,3.9945
16,Rest,499.15555555556784,0.0,3.9945
16,Rest,499.2555555555591,0.0,3.9945
16,Rest,499.35555555556493,0.0,3.9945
16,Rest,499.4555555555562,0.0,3.9945
16,Rest,499.555555555562,0.0,3.9945
16,Rest,499.65555555556784,0.0,3.9946
16,Rest,499.7555555555591,0.0,3.9946
16,Rest,499.85555555556493,0.0,3.9945
16,Rest,499.9555555555562,0.0,3.9945
16,Rest,500.055555555562,0.0,3.9946
16,Rest,500.15555555556784,0.0,3.9946
16,Rest,500.2555555555591,0.0,3.9946
16,Rest,500.35555555556493,0.0,3.9946
16,Rest,500.4555555555562,0.0,3.9946
16,Rest,500.555555555562,0.0,3.9946
16,Rest,500.65555555556784,0.0,3.9946
16,Rest,500.7555555555591,0.0,3.9946
16,Rest,500.85555555556493,0.0,3.9946
16,Rest,500.9555555555562,0.0,3.9946
16,Rest,501.055555555562,0.0,3.9946
16,Rest,501.15555555556784,0.0,3.9946
16,Rest,501.2555555555591,0.0,3.9946
16,Rest,501.35555555556493,0.0,3.9946
16,Rest,501.4555555555562,0.0,3.9946
16,Rest,501.555555555562,0.0,3.9946
16,Rest,501.65555555556784,0.0,3.9947
16,Rest,501.7555555555591,0.0,3.9946
16,Rest,501.85555555556493,0.0,3.9947
16,Rest,501.9555555555562,0.0,3.9946
16,Rest,502.055555555562,0.0,3.9946
16,Rest,502.15555555556784,0.0,3.9947
16,Rest,502.2555555555591,0.0,3.9947
16,Rest,502.35555555556493,0.0,3.9947
16,Rest,502.4555555555562,0.0,3.9947
16,Rest,502.555555555562,0.0,3.9947
16,Rest,502.65555555556784,0.0,3.9947
16,Rest,502.7555555555591,0.0,3.9947
16,Rest,502.85555555556493,0.0,3.9947
16,Rest,502.9555555555562,0.0,3.9947
16,Rest,503.055555555562,0.0,3.9947
16,Rest,503.15555555556784,0.0,3.9947
16,Rest,503.2555555555591,0.0,3.9947
16,Rest,503.35555555556493,0.0,3.9947
16,Rest,503.4555555555562,0.0,3.9947
16,Rest,503.555555555562,0.0,3.9947
16,Rest,503.65555555556784,0.0,3.9947
16,Rest,503.7555555555591,0.0,3.9948
16,Rest,503.85555555556493,0.0,3.9947
16,Rest,503.9555555555562,0.0,3.9948
16,Rest,504.055555555562,0.0,3.9948
16,Rest,504.15555555556784,0.0,3.9948
16,Rest,504.2555555555591,0.0,3.9948
16,Rest,504.35555555556493,0.0,3.9948
16,Rest,504.4555555555562,0.0,3.9948
16,Rest,504.555555555562,0.0,3.9948
16,Rest,504.65555555556784,0.0,3.9949
16,Rest,504.7555555555591,0.0,3.9949
16,Rest,504.85555555556493,0.0,3.9949
16,Rest,504.9555555555562,0.0,3.9949
16,Rest,505.055555555562,0.0,3.9949
16,Rest,505.15555555556784,0.0,3.9949
16,Rest,505.2555555555591,0.0,3.9949
16,Rest,505.35555555556493,0.0,3.9949
16,Rest,505.4555555555562,0.0,3.9949
16,Rest,505.555555555562,0.0,3.9949
16,Rest,505.65555555556784,0.0,3.9949
16,Rest,505.7555555555591,0.0,3.9949
16,Rest,505.85555555556493,0.0,3.9949
16,Rest,505.9555555555562,0.0,3.9949
16,Rest,506.055555555562,0.0,3.9949
16,Rest,506.15555555556784,0.0,3.9949
16,Rest,506.2555555555591,0.0,3.9949
16,Rest,506.35555555556493,0.0,3.9949
16,Rest,506.4555555555562,0.0,3.9949
16,Rest,506.555555555562,0.0,3.9949
16,Rest,506.65555555556784,0.0,3.9949
16,Rest,506.7555555555591,0.0,3.9949
16,Rest,506.85555555556493,0.0,3.995
16,Rest,506.9555555555562,0.0,3.9949
16,Rest,507.055555555562,0.0,3.9949
16,Rest,507.15555555556784,0.0,3.995
16,Rest,507.2555555555591,0.0,3.9949
16,Rest,507.35555555556493,0.0,3.9949
16,Rest,507.4555555555562,0.0,3.995
16,Rest,507.555555555562,0.0,3.995
16,Rest,507.65555555556784,0.0,3.995
16,Rest,507.7555555555591,0.0,3.9949
16,Rest,507.85555555556493,0.0,3.9949
16,Rest,507.9555555555562,0.0,3.9949
16,Rest,508.055555555562,0.0,3.995
16,Rest,508.15555555556784,0.0,3.995
16,Rest,508.2555555555591,0.0,3.995
16,Rest,508.35555555556493,0.0,3.995
16,Rest,508.4555555555562,0.0,3.995
16,Rest,508.555555555562,0.0,3.995
16,Rest,508.65555555556784,0.0,3.995
16,Rest,508.7555555555591,0.0,3.995
16,Rest,508.85555555556493,0.0,3.995
16,Rest,508.9555555555562,0.0,3.995
16,Rest,509.055555555562,0.0,3.995
16,Rest,509.15555555556784,0.0,3.995
16,Rest,509.2555555555591,0.0,3.995
16,Rest,509.35555555556493,0.0,3.995
16,Rest,509.4555555555562,0.0,3.9951
16,Rest,509.555555555562,0.0,3.9951
16,Rest,509.65555555556784,0.0,3.995
16,Rest,509.7555555555591,0.0,3.9951
16,Rest,509.85555555556493,0.0,3.9951
16,Rest,509.9555555555562,0.0,3.9951
16,Rest,510.055555555562,0.0,3.9951
16,Rest,510.15555555556784,0.0,3.9951
16,Rest,510.2555555555591,0.0,3.9951
16,Rest,510.35555555556493,0.0,3.9951
16,Rest,510.4555555555562,0.0,3.9951
16,Rest,510.555555555562,0.0,3.9951
16,Rest,510.65555555556784,0.0,3.9951
16,Rest,510.7555555555591,0.0,3.9951
16,Rest,510.85555555556493,0.0,3.9951
16,Rest,510.9555555555562,0.0,3.9951
16,Rest,511.055555555562,0.0,3.9951
16,Rest,511.15555555556784,0.0,3.9951
16,Rest,511.2555555555591,0.0,3.9951
16,Rest,511.35555555556493,0.0,3.9951
16,Rest,511.4555555555562,0.0,3.9952
16,Rest,511.555555555562,0.0,3.9952
16,Rest,511.65555555556784,0.0,3.9952
16,Rest,511.7555555555591,0.0,3.9952
16,Rest,511.85555555556493,0.0,3.9952
16,Rest,511.9555555555562,0.0,3.9952
16,Rest,512.055555555562,0.0,3.9952
16,Rest,512.1555555555678,0.0,3.9952
16,Rest,512.2555555555591,0.0,3.9952
16,Rest,512.3555555555649,0.0,3.9952
16,Rest,512.4555555555562,0.0,3.9952
16,Rest,512.555555555562,0.0,3.9952
16,Rest,512.6555555555678,0.0,3.9952
16,Rest,512.7555555555591,0.0,3.9952
16,Rest,512.8555555555649,0.0,3.9952
16,Rest,512.9555555555562,0.0,3.9952
16,Rest,513.055555555562,0.0,3.9952
16,Rest,513.1555555555678,0.0,3.9952
16,Rest,513.2555555555591,0.0,3.9952
16,Rest,513.3555555555649,0.0,3.9953
16,Rest,513.4555555555562,0.0,3.9953
16,Rest,513.555555555562,0.0,3.9953
16,Rest,513.6555555555678,0.0,3.9953
16,Rest,513.7555555555591,0.0,3.9953
16,Rest,513.8555555555649,0.0,3.9953
16,Rest,513.9555555555562,0.0,3.9953
16,Rest,514.055555555562,0.0,3.9953
16,Rest,514.1555555555678,0.0,3.9953
16,Rest,514.2555555555591,0.0,3.9953
16,Rest,514.3555555555649,0.0,3.9953
16,Rest,514.4555555555562,0.0,3.9953
16,Rest,514.555555555562,0.0,3.9953
16,Rest,514.6555555555678,0.0,3.9953
16,Rest,514.7555555555591,0.0,3.9953
16,Rest,514.8555555555649,0.0,3.9953
16,Rest,514.9555555555562,0.0,3.9953
16,Rest,515.055555555562,0.0,3.9953
16,Rest,515.1555555555678,0.0,3.9954
16,Rest,515.2555555555591,0.0,3.9954
16,Rest,515.3555555555649,0.0,3.9954
16,Rest,515.4555555555562,0.0,3.9954
16,Rest,515.555555555562,0.0,3.9954
16,Rest,515.6555555555678,0.0,3.9954
16,Rest,515.7555555555591,0.0,3.9954
16,Rest,515.8555555555649,0.0,3.9954
16,Rest,515.9555555555562,0.0,3.9954
16,Rest,516.055555555562,0.0,3.9954
16,Rest,516.1555555555678,0.0,3.9954
16,Rest,516.2555555555591,0.0,3.9954
16,Rest,516.3555555555649,0.0,3.9954
16,Rest,516.4555555555562,0.0,3.9954
16,Rest,516.555555555562,0.0,3.9954
16,Rest,516.6555555555678,0.0,3.9954
16,Rest,516.7555555555591,0.0,3.9955
16,Rest,516.8555555555649,0.0,3.9955
16,Rest,516.9555555555562,0.0,3.9955
16,Rest,517.055555555562,0.0,3.9955
16,Rest,517.1555555555678,0.0,3.9955
16,Rest,517.2555555555591,0.0,3.9955
16,Rest,517.3555555555649,0.0,3.9955
16,Rest,517.4555555555562,0.0,3.9955
16,Rest,517.555555555562,0.0,3.9955
16,Rest,517.6555555555678,0.0,3.9954
16,Rest,517.7555555555591,0.0,3.9955
16,Rest,517.8555555555649,0.0,3.9955
16,Rest,517.9555555555562,0.0,3.9955
16,Rest,518.055555555562,0.0,3.9955
16,Rest,518.1555555555678,0.0,3.9955
16,Rest,518.2555555555591,0.0,3.9955
16,Rest,518.3555555555649,0.0,3.9955
16,Rest,518.4555555555562,0.0,3.9955
16,Rest,518.555555555562,0.0,3.9955
16,Rest,518.6555555555678,0.0,3.9955
16,Rest,518.7555555555591,0.0,3.9955
16,Rest,518.8555555555649,0.0,3.9955
16,Rest,518.9555555555562,0.0,3.9955
16,Rest,519.055555555562,0.0,3.9955
16,Rest,519.1555555555678,0.0,3.9956
16,Rest,519.2555555555591,0.0,3.9956
16,Rest,519.3555555555649,0.0,3.9956
16,Rest,519.4555555555562,0.0,3.9956
16,Rest,519.555555555562,0.0,3.9956
16,Rest,519.6555555555678,0.0,3.9956
16,Rest,519.7555555555591,0.0,3.9956
16,Rest,519.8555555555649,0.0,3.9956
16,Rest,519.9555555555562,0.0,3.9956
16,Rest,520.055555555562,0.0,3.9956
16,Rest,520.1555555555678,0.0,3.9956
16,Rest,520.2555555555591,0.0,3.9956
16,Rest,520.3555555555649,0.0,3.9956
16,Rest,520.4555555555562,0.0,3.9956
16,Rest,520.555555555562,0.0,3.9956
16,Rest,520.6555555555678,0.0,3.9956
16,Rest,520.7555555555591,0.0,3.9956
16,Rest,520.8555555555649,0.0,3.9956
16,Rest,520.9555555555562,0.0,3.9956
16,Rest,521.055555555562,0.0,3.9956
16,Rest,521.1555555555678,0.0,3.9956
16,Rest,521.2555555555591,0.0,3.9956
16,Rest,521.3555555555649,0.0,3.9956
16,Rest,521.4555555555562,0.0,3.9956
16,Rest,521.555555555562,0.0,3.9956
16,Rest,521.6555555555678,0.0,3.9956
16,Rest,521.7555555555591,0.0,3.9956
16,Rest,521.8555555555649,0.0,3.9957
16,Rest,521.9555555555562,0.0,3.9956
16,Rest,522.055555555562,0.0,3.9957
16,Rest,522.1555555555678,0.0,3.9957
16,Rest,522.2555555555591,0.0,3.9957
16,Rest,522.3555555555649,0.0,3.9957
16,Rest,522.4555555555562,0.0,3.9957
16,Rest,522.555555555562,0.0,3.9957
16,Rest,522.6555555555678,0.0,3.9957
16,Rest,522.7555555555591,0.0,3.9957
16,Rest,522.8555555555649,0.0,3.9957
16,Rest,522.9555555555562,0.0,3.9957
16,Rest,523.055555555562,0.0,3.9957
16,Rest,523.1555555555678,0.0,3.9957
16,Rest,523.2555555555591,0.0,3.9957
16,Rest,523.3555555555649,0.0,3.9957
16,Rest,523.4555555555562,0.0,3.9957
16,Rest,523.555555555562,0.0,3.9957
16,Rest,523.6555555555678,0.0,3.9957
16,Rest,523.7555555555591,0.0,3.9957
16,Rest,523.8555555555649,0.0,3.9957
16,Rest,523.9555555555562,0.0,3.9957
16,Rest,524.055555555562,0.0,3.9958
16,Rest,524.1555555555678,0.0,3.9958
16,Rest,524.2555555555591,0.0,3.9958
16,Rest,524.3555555555649,0.0,3.9958
16,Rest,524.4555555555562,0.0,3.9958
16,Rest,524.555555555562,0.0,3.9958
16,Rest,524.6555555555678,0.0,3.9958
16,Rest,524.7555555555591,0.0,3.9958
16,Rest,524.8555555555649,0.0,3.9958
16,Rest,524.9555555555562,0.0,3.9958
16,Rest,525.055555555562,0.0,3.9958
16,Rest,525.1555555555678,0.0,3.9958
16,Rest,525.2555555555591,0.0,3.9958
16,Rest,525.3555555555649,0.0,3.9958
16,Rest,525.4555555555562,0.0,3.9958
16,Rest,525.555555555562,0.0,3.9958
16,Rest,525.6555555555678,0.0,3.9958
16,Rest,525.7555555555591,0.0,3.9958
16,Rest,525.8555555555649,0.0,3.9958
16,Rest,525.9555555555562,0.0,3.9958
16,Rest,526.055555555562,0.0,3.9958
16,Rest,526.1555555555678,0.0,3.9958
16,Rest,526.2555555555591,0.0,3.9958
16,Rest,526.3555555555649,0.0,3.9958
16,Rest,526.4555555555562,0.0,3.9958
16,Rest,526.555555555562,0.0,3.9958
16,Rest,526.6555555555678,0.0,3.9958
16,Rest,526.7555555555591,0.0,3.9958
16,Rest,526.8555555555649,0.0,3.9958
16,Rest,526.9555555555562,0.0,3.9958
16,Rest,527.055555555562,0.0,3.9958
16,Rest,527.1555555555678,0.0,3.9958
16,Rest,527.2555555555591,0.0,3.9958
16,Rest,527.3555555555649,0.0,3.9959
16,Rest,527.4555555555562,0.0,3.9959
16,Rest,527.555555555562,0.0,3.9959
16,Rest,527.6555555555678,0.0,3.9959
16,Rest,527.7555555555591,0.0,3.9959
16,Rest,527.8555555555649,0.0,3.9959
16,Rest,527.9555555555562,0.0,3.9959
16,Rest,528.055555555562,0.0,3.9959
16,Rest,528.1555555555678,0.0,3.9959
16,Rest,528.2555555555591,0.0,3.9959
16,Rest,528.3555555555649,0.0,3.9959
16,Rest,528.4555555555562,0.0,3.9959
16,Rest,528.555555555562,0.0,3.9959
16,Rest,528.6555555555678,0.0,3.9959
16,Rest,528.7555555555591,0.0,3.996
16,Rest,528.8555555555649,0.0,3.996
16,Rest,528.9555555555562,0.0,3.996
16,Rest,529.055555555562,0.0,3.996
16,Rest,529.1555555555678,0.0,3.996
16,Rest,529.2555555555591,0.0,3.996
16,Rest,529.3555555555649,0.0,3.996
16,Rest,529.4555555555562,0.0,3.996
16,Rest,529.555555555562,0.0,3.996
16,Rest,529.6555555555678,0.0,3.996
16,Rest,529.7555555555591,0.0,3.996
16,Rest,529.8555555555649,0.0,3.996
16,Rest,529.9555555555562,0.0,3.996
16,Rest,530.055555555562,0.0,3.996
16,Rest,530.1555555555678,0.0,3.996
16,Rest,530.2555555555591,0.0,3.996
16,Rest,530.3555555555649,0.0,3.996
16,Rest,530.4555555555562,0.0,3.996
16,Rest,530.555555555562,0.0,3.996
16,Rest,530.6555555555678,0.0,3.996
16,Rest,530.7555555555591,0.0,3.996
16,Rest,530.8555555555649,0.0,3.9961
16,Rest,530.9555555555562,0.0,3.9961
16,Rest,531.055555555562,0.0,3.9961
16,Rest,531.1555555555678,0.0,3.996
16,Rest,531.2555555555591,0.0,3.996
16,Rest,531.3555555555649,0.0,3.9961
16,Rest,531.4555555555562,0.0,3.9961
16,Rest,531.555555555562,0.0,3.9961
16,Rest,531.6555555555678,0.0,3.9961
16,Rest,531.7555555555591,0.0,3.9961
16,Rest,531.8555555555649,0.0,3.9961
16,Rest,531.9555555555562,0.0,3.9961
16,Rest,532.055555555562,0.0,3.9961
16,Rest,532.1555555555678,0.0,3.9961
16,Rest,532.2555555555591,0.0,3.9961
16,Rest,532.3555555555649,0.0,3.9961
16,Rest,532.4555555555562,0.0,3.9961
16,Rest,532.555555555562,0.0,3.9961
16,Rest,532.6555555555678,0.0,3.9961
16,Rest,532.7555555555591,0.0,3.9961
16,Rest,532.8555555555649,0.0,3.9961
16,Rest,532.9555555555562,0.0,3.9961
16,Rest,533.055555555562,0.0,3.9961
16,Rest,533.1555555555678,0.0,3.9962
16,Rest,533.2555555555591,0.0,3.9962
16,Rest,533.3555555555649,0.0,3.9962
16,Rest,533.4555555555562,0.0,3.9962
16,Rest,533.555555555562,0.0,3.9962
16,Rest,533.6555555555678,0.0,3.9962
16,Rest,533.7555555555591,0.0,3.9962
16,Rest,533.8555555555649,0.0,3.9962
16,Rest,533.9555555555562,0.0,3.9962
16,Rest,534.055555555562,0.0,3.9962
16,Rest,534.1555555555678,0.0,3.9962
16,Rest,534.2555555555591,0.0,3.9962
16,Rest,534.3555555555649,0.0,3.9961
16,Rest,534.4555555555562,0.0,3.9961
16,Rest,534.555555555562,0.0,3.9962
16,Rest,534.6555555555678,0.0,3.9962
16,Rest,534.7555555555591,0.0,3.9962
16,Rest,534.8555555555649,0.0,3.9962
16,Rest,534.9555555555562,0.0,3.9962
16,Rest,535.055555555562,0.0,3.9962
16,Rest,535.1555555555678,0.0,3.9962
16,Rest,535.2555555555591,0.0,3.9962
16,Rest,535.3555555555649,0.0,3.9962
16,Rest,535.4555555555562,0.0,3.9962
16,Rest,535.555555555562,0.0,3.9962
16,Rest,535.6555555555678,0.0,3.9962
16,Rest,535.7555555555591,0.0,3.9962
16,Rest,535.8555555555649,0.0,3.9962
16,Rest,535.9555555555562,0.0,3.9962
16,Rest,536.055555555562,0.0,3.9962
16,Rest,536.1555555555678,0.0,3.9962
16,Rest,536.2555555555591,0.0,3.9963
16,Rest,536.3555555555649,0.0,3.9963
16,Rest,536.4555555555562,0.0,3.9963
16,Rest,536.555555555562,0.0,3.9962
16,Rest,536.6555555555678,0.0,3.9962
16,Rest,536.7555555555591,0.0,3.9963
16,Rest,536.8555555555649,0.0,3.9963
16,Rest,536.9555555555562,0.0,3.9963
16,Rest,537.055555555562,0.0,3.9963
16,Rest,537.1555555555678,0.0,3.9963
16,Rest,537.2555555555591,0.0,3.9963
16,Rest,537.3555555555649,0.0,3.9963
16,Rest,537.4555555555562,0.0,3.9963
16,Rest,537.555555555562,0.0,3.9963
16,Rest,537.6555555555678,0.0,3.9963
16,Rest,537.7555555555591,0.0,3.9963
16,Rest,537.8555555555649,0.0,3.9963
16,Rest,537.9555555555562,0.0,3.9963
16,Rest,538.055555555562,0.0,3.9963
16,Rest,538.1555555555678,0.0,3.9963
16,Rest,538.2555555555591,0.0,3.9963
16,Rest,538.3555555555649,0.0,3.9963
16,Rest,538.4555555555562,0.0,3.9963
16,Rest,538.555555555562,0.0,3.9963
16,Rest,538.6555555555678,0.0,3.9963
16,Rest,538.7555555555591,0.0,3.9963
16,Rest,538.8555555555649,0.0,3.9964
16,Rest,538.9555555555562,0.0,3.9964
16,Rest,539.055555555562,0.0,3.9964
16,Rest,539.1555555555678,0.0,3.9964
16,Rest,539.2555555555591,0.0,3.9964
16,Rest,539.3555555555649,0.0,3.9964
16,Rest,539.4555555555562,0.0,3.9963
16,Rest,539.555555555562,0.0,3.9963
16,Rest,539.6555555555678,0.0,3.9964
16,Rest,539.7555555555591,0.0,3.9964
16,Rest,539.8555555555649,0.0,3.9964
16,Rest,539.9555555555562,0.0,3.9964
16,Rest,540.055555555562,0.0,3.9964
16,Rest,540.1555555555678,0.0,3.9964
16,Rest,540.2555555555591,0.0,3.9964
16,Rest,540.3555555555649,0.0,3.9964
16,Rest,540.4555555555562,0.0,3.9964
16,Rest,540.555555555562,0.0,3.9964
16,Rest,540.6555555555678,0.0,3.9964
16,Rest,540.7555555555591,0.0,3.9964
16,Rest,540.8555555555649,0.0,3.9964
16,Rest,540.9555555555562,0.0,3.9964
16,Rest,541.055555555562,0.0,3.9964
16,Rest,541.1555555555678,0.0,3.9964
16,Rest,541.2555555555591,0.0,3.9964
16,Rest,541.3555555555649,0.0,3.9964
16,Rest,541.4555555555562,0.0,3.9964
16,Rest,541.555555555562,0.0,3.9964
16,Rest,541.6555555555678,0.0,3.9964
16,Rest,541.7555555555591,0.0,3.9965
16,Rest,541.8555555555649,0.0,3.9965
16,Rest,541.9555555555562,0.0,3.9965
16,Rest,542.055555555562,0.0,3.9965
16,Rest,542.1555555555678,0.0,3.9965
16,Rest,542.2555555555591,0.0,3.9965
16,Rest,542.3555555555649,0.0,3.9965
16,Rest,542.4555555555562,0.0,3.9966
16,Rest,542.555555555562,0.0,3.9966
16,Rest,542.6555555555678,0.0,3.9965
16,Rest,542.7555555555591,0.0,3.9966
16,Rest,542.8555555555649,0.0,3.9966
16,Rest,542.9555555555562,0.0,3.9966
16,Rest,543.055555555562,0.0,3.9966
16,Rest,543.1555555555678,0.0,3.9966
16,Rest,543.2555555555591,0.0,3.9966
16,Rest,543.3555555555649,0.0,3.9966
16,Rest,543.4555555555562,0.0,3.9966
16,Rest,543.555555555562,0.0,3.9966
16,Rest,543.6555555555678,0.0,3.9966
16,Rest,543.7555555555591,0.0,3.9966
16,Rest,543.8555555555649,0.0,3.9966
16,Rest,543.9555555555562,0.0,3.9966
16,Rest,544.055555555562,0.0,3.9966
16,Rest,544.1555555555678,0.0,3.9966
16,Rest,544.2555555555591,0.0,3.9966
16,Rest,544.3555555555649,0.0,3.9966
16,Rest,544.4555555555562,0.0,3.9966
16,Rest,544.555555555562,0.0,3.9966
16,Rest,544.6555555555678,0.0,3.9966
16,Rest,544.7555555555591,0.0,3.9966
16,Rest,544.8555555555649,0.0,3.9966
16,Rest,544.9555555555562,0.0,3.9967
16,Rest,545.055555555562,0.0,3.9966
16,Rest,545.1555555555678,0.0,3.9967
16,Rest,545.2555555555591,0.0,3.9967
16,Rest,545.3555555555649,0.0,3.9967
16,Rest,545.4555555555562,0.0,3.9967
16,Rest,545.555555555562,0.0,3.9967
16,Rest,545.6555555555678,0.0,3.9967
16,Rest,545.7555555555591,0.0,3.9967
16,Rest,545.8555555555649,0.0,3.9967
16,Rest,545.9555555555562,0.0,3.9967
16,Rest,546.055555555562,0.0,3.9967
16,Rest,546.1555555555678,0.0,3.9967
16,Rest,546.2555555555591,0.0,3.9967
16,Rest,546.3555555555649,0.0,3.9967
16,Rest,546.4555555555562,0.0,3.9968
16,Rest,546.555555555562,0.0,3.9967
16,Rest,546.6555555555678,0.0,3.9967
16,Rest,546.7555555555591,0.0,3.9967
16,Rest,546.8555555555649,0.0,3.9967
16,Rest,546.9555555555562,0.0,3.9967
16,Rest,547.055555555562,0.0,3.9967
16,Rest,547.1555555555678,0.0,3.9967
16,Rest,547.2555555555591,0.0,3.9968
16,Rest,547.3555555555649,0.0,3.9967
16,Rest,547.4555555555562,0.0,3.9967
16,Rest,547.555555555562,0.0,3.9967
16,Rest,547.6555555555678,0.0,3.9967
16,Rest,547.7555555555591,0.0,3.9967
16,Rest,547.8555555555649,0.0,3.9968
16,Rest,547.9555555555562,0.0,3.9968
16,Rest,548.055555555562,0.0,3.9968
16,Rest,548.1555555555678,0.0,3.9968
16,Rest,548.2555555555591,0.0,3.9968
16,Rest,548.3555555555649,0.0,3.9968
16,Rest,548.4555555555562,0.0,3.9968
16,Rest,548.555555555562,0.0,3.9968
16,Rest,548.6555555555678,0.0,3.9968
16,Rest,548.7555555555591,0.0,3.9968
16,Rest,548.8555555555649,0.0,3.9968
16,Rest,548.9555555555562,0.0,3.9968
16,Rest,549.055555555562,0.0,3.9968
16,Rest,549.1555555555678,0.0,3.9968
16,Rest,549.2555555555591,0.0,3.9968
16,Rest,549.3555555555649,0.0,3.9968
16,Rest,549.4555555555562,0.0,3.9968
16,Rest,549.555555555562,0.0,3.9968
16,Rest,549.6555555555678,0.0,3.9968
16,Rest,549.7555555555591,0.0,3.9968
16,Rest,549.8555555555649,0.0,3.9968
16,Rest,549.9555555555562,0.0,3.9968
16,Rest,550.055555555562,0.0,3.9968
16,Rest,550.1555555555678,0.0,3.9968
16,Rest,550.2555555555591,0.0,3.9969
16,Rest,550.3555555555649,0.0,3.9969
16,Rest,550.4555555555562,0.0,3.9969
16,Rest,550.555555555562,0.0,3.9968
16,Rest,550.6555555555678,0.0,3.9968
16,Rest,550.7555555555591,0.0,3.9969
16,Rest,550.8555555555649,0.0,3.9969
16,Rest,550.9555555555562,0.0,3.9969
16,Rest,551.055555555562,0.0,3.9969
16,Rest,551.1555555555678,0.0,3.9969
16,Rest,551.2555555555591,0.0,3.9969
16,Rest,551.3555555555649,0.0,3.9969
16,Rest,551.4555555555562,0.0,3.9969
16,Rest,551.555555555562,0.0,3.9969
16,Rest,551.6555555555678,0.0,3.9969
16,Rest,551.7555555555591,0.0,3.9969
16,Rest,551.8555555555649,0.0,3.9969
16,Rest,551.9555555555562,0.0,3.9969
16,Rest,552.055555555562,0.0,3.9969
16,Rest,552.1555555555678,0.0,3.9969
16,Rest,552.2555555555591,0.0,3.9969
16,Rest,552.3555555555649,0.0,3.9969
16,Rest,552.4555555555562,0.0,3.9969
16,Rest,552.555555555562,0.0,3.9969
16,Rest,552.6555555555678,0.0,3.9969
16,Rest,552.7555555555591,0.0,3.9969
16,Rest,552.8555555555649,0.0,3.9969
16,Rest,552.9555555555562,0.0,3.9969
16,Rest,553.055555555562,0.0,3.9969
16,Rest,553.1555555555678,0.0,3.9969
16,Rest,553.2555555555591,0.0,3.9969
16,Rest,553.3555555555649,0.0,3.9969
16,Rest,553.4555555555562,0.0,3.9969
16,Rest,553.555555555562,0.0,3.9969
16,Rest,553.6555555555678,0.0,3.9969
16,Rest,553.7555555555591,0.0,3.9969
16,Rest,553.8555555555649,0.0,3.9969
16,Rest,553.9555555555562,0.0,3.9969
16,Rest,554.055555555562,0.0,3.9969
16,Rest,554.1555555555678,0.0,3.9969
16,Rest,554.2555555555591,0.0,3.9969
16,Rest,554.3555555555649,0.0,3.9969
16,Rest,554.4555555555562,0.0,3.9969
16,Rest,554.555555555562,0.0,3.9969
16,Rest,554.6555555555678,0.0,3.9969
16,Rest,554.7555555555591,0.0,3.9969
16,Rest,554.8555555555649,0.0,3.9969
16,Rest,554.9555555555562,0.0,3.9969
16,Rest,555.055555555562,0.0,3.9969
16,Rest,555.1555555555678,0.0,3.9969
16,Rest,555.2555555555591,0.0,3.997
16,Rest,555.3555555555649,0.0,3.997
16,Rest,555.4555555555562,0.0,3.997
16,Rest,555.555555555562,0.0,3.997
16,Rest,555.6555555555678,0.0,3.997
16,Rest,555.7555555555591,0.0,3.997
16,Rest,555.8555555555649,0.0,3.997
16,Rest,555.9555555555562,0.0,3.997
16,Rest,556.055555555562,0.0,3.997
16,Rest,556.1555555555678,0.0,3.997
16,Rest,556.2555555555591,0.0,3.997
16,Rest,556.3555555555649,0.0,3.997
16,Rest,556.4555555555562,0.0,3.997
16,Rest,556.555555555562,0.0,3.997
16,Rest,556.6555555555678,0.0,3.997
16,Rest,556.7555555555591,0.0,3.997
16,Rest,556.8555555555649,0.0,3.997
16,Rest,556.9555555555562,0.0,3.997
16,Rest,557.055555555562,0.0,3.997
16,Rest,557.1555555555678,0.0,3.997
16,Rest,557.2555555555591,0.0,3.997
16,Rest,557.3555555555649,0.0,3.997
16,Rest,557.4555555555562,0.0,3.997
16,Rest,557.555555555562,0.0,3.997
16,Rest,557.6555555555678,0.0,3.997
16,Rest,557.7555555555591,0.0,3.997
16,Rest,557.8555555555649,0.0,3.9971
16,Rest,557.9555555555562,0.0,3.9971
16,Rest,558.055555555562,0.0,3.997
16,Rest,558.1555555555678,0.0,3.9971
16,Rest,558.2555555555591,0.0,3.9971
16,Rest,558.3555555555649,0.0,3.9971
16,Rest,558.4555555555562,0.0,3.9971
16,Rest,558.555555555562,0.0,3.9971
16,Rest,558.6555555555678,0.0,3.9971
16,Rest,558.7555555555591,0.0,3.9971
16,Rest,558.8555555555649,0.0,3.9971
16,Rest,558.9555555555562,0.0,3.9971
16,Rest,559.055555555562,0.0,3.9971
16,Rest,559.1555555555678,0.0,3.9971
16,Rest,559.2555555555591,0.0,3.9971
16,Rest,559.3555555555649,0.0,3.9971
16,Rest,559.4555555555562,0.0,3.9971
16,Rest,559.555555555562,0.0,3.9971
16,Rest,559.6555555555678,0.0,3.9971
16,Rest,559.7555555555591,0.0,3.9971
16,Rest,559.8555555555649,0.0,3.9972
16,Rest,559.9555555555562,0.0,3.9972
16,Rest,560.055555555562,0.0,3.9971
16,Rest,560.1555555555678,0.0,3.9971
16,Rest,560.2555555555591,0.0,3.9971
16,Rest,560.3555555555649,0.0,3.9972
16,Rest,560.4555555555562,0.0,3.9972
16,Rest,560.555555555562,0.0,3.9972
16,Rest,560.6555555555678,0.0,3.9972
16,Rest,560.7555555555591,0.0,3.9972
16,Rest,560.8555555555649,0.0,3.9972
16,Rest,560.9555555555562,0.0,3.9972
16,Rest,561.055555555562,0.0,3.9972
16,Rest,561.1555555555678,0.0,3.9972
16,Rest,561.2555555555591,0.0,3.9972
16,Rest,561.3555555555649,0.0,3.9972
16,Rest,561.4555555555562,0.0,3.9972
16,Rest,561.555555555562,0.0,3.9972
16,Rest,561.6555555555678,0.0,3.9972
16,Rest,561.7555555555591,0.0,3.9972
16,Rest,561.8555555555649,0.0,3.9972
16,Rest,561.9555555555562,0.0,3.9972
16,Rest,562.055555555562,0.0,3.9972
16,Rest,562.1555555555678,0.0,3.9972
16,Rest,562.2555555555591,0.0,3.9972
16,Rest,562.3555555555649,0.0,3.9972
16,Rest,562.4555555555562,0.0,3.9972
16,Rest,562.555555555562,0.0,3.9972
16,Rest,562.6555555555678,0.0,3.9972
16,Rest,562.7555555555591,0.0,3.9972
16,Rest,562.8555555555649,0.0,3.9972
16,Rest,562.9555555555562,0.0,3.9972
16,Rest,563.055555555562,0.0,3.9972
16,Rest,563.1555555555678,0.0,3.9972
16,Rest,563.2555555555591,0.0,3.9972
16,Rest,563.3555555555649,0.0,3.9972
16,Rest,563.4555555555562,0.0,3.9973
16,Rest,563.555555555562,0.0,3.9972
16,Rest,563.6555555555678,0.0,3.9973
16,Rest,563.7555555555591,0.0,3.9973
16,Rest,563.8555555555649,0.0,3.9972
16,Rest,563.9555555555562,0.0,3.9972
16,Rest,564.055555555562,0.0,3.9972
16,Rest,564.1555555555678,0.0,3.9972
16,Rest,564.2555555555591,0.0,3.9973
16,Rest,564.3555555555649,0.0,3.9973
16,Rest,564.4555555555562,0.0,3.9973
16,Rest,564.555555555562,0.0,3.9972
16,Rest,564.6555555555678,0.0,3.9973
16,Rest,564.7555555555591,0.0,3.9973
16,Rest,564.8555555555649,0.0,3.9973
16,Rest,564.9555555555562,0.0,3.9973
16,Rest,565.055555555562,0.0,3.9973
16,Rest,565.1555555555678,0.0,3.9973
16,Rest,565.2555555555591,0.0,3.9973
16,Rest,565.3555555555649,0.0,3.9973
16,Rest,565.4555555555562,0.0,3.9973
16,Rest,565.555555555562,0.0,3.9973
16,Rest,565.6555555555678,0.0,3.9973
16,Rest,565.7555555555591,0.0,3.9973
16,Rest,565.8555555555649,0.0,3.9973
16,Rest,565.9555555555562,0.0,3.9973
16,Rest,566.055555555562,0.0,3.9973
16,Rest,566.1555555555678,0.0,3.9973
16,Rest,566.2555555555591,0.0,3.9973
16,Rest,566.3555555555649,0.0,3.9973
16,Rest,566.4555555555562,0.0,3.9973
16,Rest,566.555555555562,0.0,3.9973
16,Rest,566.6555555555678,0.0,3.9973
16,Rest,566.7555555555591,0.0,3.9973
16,Rest,566.8555555555649,0.0,3.9974
16,Rest,566.9555555555562,0.0,3.9973
16,Rest,567.055555555562,0.0,3.9973
16,Rest,567.1555555555678,0.0,3.9973
16,Rest,567.2555555555591,0.0,3.9974
16,Rest,567.3555555555649,0.0,3.9974
16,Rest,567.4555555555562,0.0,3.9974
16,Rest,567.555555555562,0.0,3.9974
16,Rest,567.6555555555678,0.0,3.9974
16,Rest,567.7555555555591,0.0,3.9974
16,Rest,567.8555555555649,0.0,3.9973
16,Rest,567.9555555555562,0.0,3.9974
16,Rest,568.055555555562,0.0,3.9974
16,Rest,568.1555555555678,0.0,3.9974
16,Rest,568.2555555555591,0.0,3.9974
16,Rest,568.3555555555649,0.0,3.9974
16,Rest,568.4555555555562,0.0,3.9974
16,Rest,568.555555555562,0.0,3.9974
16,Rest,568.6555555555678,0.0,3.9974
16,Rest,568.7555555555591,0.0,3.9974
16,Rest,568.8555555555649,0.0,3.9974
16,Rest,568.9555555555562,0.0,3.9974
16,Rest,569.055555555562,0.0,3.9975
16,Rest,569.1555555555678,0.0,3.9974
16,Rest,569.2555555555591,0.0,3.9974
16,Rest,569.3555555555649,0.0,3.9974
16,Rest,569.4555555555562,0.0,3.9974
16,Rest,569.555555555562,0.0,3.9974
16,Rest,569.6555555555678,0.0,3.9974
16,Rest,569.7555555555591,0.0,3.9974
16,Rest,569.8555555555649,0.0,3.9974
16,Rest,569.9555555555562,0.0,3.9974
16,Rest,570.055555555562,0.0,3.9975
16,Rest,570.1555555555678,0.0,3.9974
16,Rest,570.2555555555591,0.0,3.9974
16,Rest,570.3555555555649,0.0,3.9974
16,Rest,570.4555555555562,0.0,3.9974
16,Rest,570.555555555562,0.0,3.9974
16,Rest,570.6555555555678,0.0,3.9974
16,Rest,570.7555555555591,0.0,3.9975
16,Rest,570.8555555555649,0.0,3.9975
16,Rest,570.9555555555562,0.0,3.9975
16,Rest,571.055555555562,0.0,3.9975
16,Rest,571.1555555555678,0.0,3.9974
16,Rest,571.2555555555591,0.0,3.9974
16,Rest,571.3555555555649,0.0,3.9974
16,Rest,571.4555555555562,0.0,3.9975
16,Rest,571.555555555562,0.0,3.9975
16,Rest,571.6555555555678,0.0,3.9975
16,Rest,571.7555555555591,0.0,3.9975
16,Rest,571.8555555555649,0.0,3.9975
16,Rest,571.9555555555562,0.0,3.9975
16,Rest,572.055555555562,0.0,3.9975
16,Rest,572.1555555555678,0.0,3.9975
16,Rest,572.2555555555591,0.0,3.9975
16,Rest,572.3555555555649,0.0,3.9975
16,Rest,572.4555555555562,0.0,3.9975
16,Rest,572.555555555562,0.0,3.9975
16,Rest,572.6555555555678,0.0,3.9975
16,Rest,572.7555555555591,0.0,3.9975
16,Rest,572.8555555555649,0.0,3.9975
16,Rest,572.9555555555562,0.0,3.9975
16,Rest,573.055555555562,0.0,3.9975
16,Rest,573.1555555555678,0.0,3.9975
16,Rest,573.2555555555591,0.0,3.9975
16,Rest,573.3555555555649,0.0,3.9976
16,Rest,573.4555555555562,0.0,3.9976
16,Rest,573.555555555562,0.0,3.9975
16,Rest,573.6555555555678,0.0,3.9975
16,Rest,573.7555555555591,0.0,3.9975
16,Rest,573.8555555555649,0.0,3.9975
16,Rest,573.9555555555562,0.0,3.9975
16,Rest,574.055555555562,0.0,3.9975
16,Rest,574.1555555555678,0.0,3.9975
16,Rest,574.2555555555591,0.0,3.9975
16,Rest,574.3555555555649,0.0,3.9975
16,Rest,574.4555555555562,0.0,3.9975
16,Rest,574.555555555562,0.0,3.9975
16,Rest,574.6555555555678,0.0,3.9975
16,Rest,574.7555555555591,0.0,3.9976
16,Rest,574.8555555555649,0.0,3.9976
16,Rest,574.9555555555562,0.0,3.9976
16,Rest,575.055555555562,0.0,3.9976
16,Rest,575.1555555555678,0.0,3.9976
16,Rest,575.2555555555591,0.0,3.9975
16,Rest,575.3555555555649,0.0,3.9975
16,Rest,575.4555555555562,0.0,3.9976
16,Rest,575.555555555562,0.0,3.9976
16,Rest,575.6555555555678,0.0,3.9976
16,Rest,575.7555555555591,0.0,3.9976
16,Rest,575.8555555555649,0.0,3.9976
16,Rest,575.9555555555562,0.0,3.9976
16,Rest,576.055555555562,0.0,3.9976
16,Rest,576.1555555555678,0.0,3.9976
16,Rest,576.2555555555591,0.0,3.9976
16,Rest,576.3555555555649,0.0,3.9976
16,Rest,576.4555555555562,0.0,3.9976
16,Rest,576.555555555562,0.0,3.9976
16,Rest,576.6555555555678,0.0,3.9976
16,Rest,576.7555555555591,0.0,3.9976
16,Rest,576.8555555555649,0.0,3.9975
16,Rest,576.9555555555562,0.0,3.9975
16,Rest,577.055555555562,0.0,3.9976
16,Rest,577.1555555555678,0.0,3.9976
16,Rest,577.2555555555591,0.0,3.9976
16,Rest,577.3555555555649,0.0,3.9976
16,Rest,577.4555555555562,0.0,3.9976
16,Rest,577.555555555562,0.0,3.9976
16,Rest,577.6555555555678,0.0,3.9976
16,Rest,577.7555555555591,0.0,3.9976
16,Rest,577.8555555555649,0.0,3.9976
16,Rest,577.9555555555562,0.0,3.9976
16,Rest,578.055555555562,0.0,3.9976
16,Rest,578.1555555555678,0.0,3.9976
16,Rest,578.2555555555591,0.0,3.9976
16,Rest,578.3555555555649,0.0,3.9976
16,Rest,578.4555555555562,0.0,3.9976
16,Rest,578.555555555562,0.0,3.9976
16,Rest,578.6555555555678,0.0,3.9976
16,Rest,578.7555555555591,0.0,3.9976
16,Rest,578.8555555555649,0.0,3.9976
16,Rest,578.9555555555562,0.0,3.9976
16,Rest,579.055555555562,0.0,3.9976
16,Rest,579.1555555555678,0.0,3.9976
16,Rest,579.2555555555591,0.0,3.9976
16,Rest,579.3555555555649,0.0,3.9976
16,Rest,579.4555555555562,0.0,3.9976
16,Rest,579.555555555562,0.0,3.9976
16,Rest,579.6555555555678,0.0,3.9976
16,Rest,579.7555555555591,0.0,3.9976
16,Rest,579.8555555555649,0.0,3.9977
16,Rest,579.9555555555562,0.0,3.9977
16,Rest,580.055555555562,0.0,3.9977
16,Rest,580.1555555555678,0.0,3.9976
16,Rest,580.2555555555591,0.0,3.9976
16,Rest,580.3555555555649,0.0,3.9976
16,Rest,580.4555555555562,0.0,3.9976
16,Rest,580.555555555562,0.0,3.9976
16,Rest,580.6555555555678,0.0,3.9977
16,Rest,580.7555555555591,0.0,3.9977
16,Rest,580.8555555555649,0.0,3.9977
16,Rest,580.9555555555562,0.0,3.9977
16,Rest,581.055555555562,0.0,3.9977
16,Rest,581.1555555555678,0.0,3.9977
16,Rest,581.2555555555591,0.0,3.9977
16,Rest,581.3555555555649,0.0,3.9977
16,Rest,581.4555555555562,0.0,3.9977
16,Rest,581.555555555562,0.0,3.9977
16,Rest,581.6555555555678,0.0,3.9978
16,Rest,581.7555555555591,0.0,3.9977
16,Rest,581.8555555555649,0.0,3.9977
16,Rest,581.9555555555562,0.0,3.9978
16,Rest,582.055555555562,0.0,3.9978
16,Rest,582.1555555555678,0.0,3.9978
16,Rest,582.2555555555591,0.0,3.9978
16,Rest,582.3555555555649,0.0,3.9978
16,Rest,582.4555555555562,0.0,3.9978
16,Rest,582.555555555562,0.0,3.9978
16,Rest,582.6555555555678,0.0,3.9978
16,Rest,582.7555555555591,0.0,3.9978
16,Rest,582.8555555555649,0.0,3.9978
16,Rest,582.9555555555562,0.0,3.9978
16,Rest,583.055555555562,0.0,3.9978
16,Rest,583.1555555555678,0.0,3.9978
16,Rest,583.2555555555591,0.0,3.9978
16,Rest,583.3555555555649,0.0,3.9978
16,Rest,583.4555555555562,0.0,3.9978
16,Rest,583.555555555562,0.0,3.9978
16,Rest,583.6555555555678,0.0,3.9978
16,Rest,583.7555555555591,0.0,3.9978
16,Rest,583.8555555555649,0.0,3.9978
