Step,Step Type,"t,s","I,A","U,V"
9,CC DChg,0.0,-1.6983,3.9986
9,CC DChg,1.2222222222335404,-1.6983,3.9986
9,CC DChg,2.444444444452529,-1.6986,3.9937
9,CC DChg,3.6666666666715173,-1.699,3.9904
9,CC DChg,4.888888888890506,-1.6992,3.9849
9,CC DChg,6.111111111124046,-1.6993,3.9819
9,CC DChg,7.333333333343035,-1.6994,3.98
9,CC DChg,7.5353535353642656,-1.6995,3.9788
9,CC DChg,7.7373737373854965,-1.6995,3.9779
9,CC DChg,7.939393939406727,-1.6996,3.9772
9,CC DChg,8.141414141427958,-1.6996,3.9765
9,CC DChg,8.34343434344919,-1.6996,3.976
9,CC DChg,8.545454545455868,-1.6997,3.9756
9,CC DChg,8.7474747474771,-1.6997,3.9752
9,CC DChg,8.94949494949833,-1.6997,3.9748
9,CC DChg,9.151515151519561,-1.6997,3.9744
9,CC DChg,9.353535353540792,-1.6997,3.974
9,CC DChg,9.462809917356935,-1.6997,3.9738
9,CC DChg,9.57208448118763,-1.6997,3.9735
9,CC DChg,9.681359045003774,-1.6998,3.9732
9,CC DChg,9.790633608819917,-1.6998,3.9729
9,CC DChg,9.89990817263606,-1.6998,3.9726
9,CC DChg,10.009182736466755,-1.6998,3.9723
9,CC DChg,10.118457300282898,-1.6998,3.9721
9,CC DChg,10.227731864099042,-1.6998,3.9718
9,CC DChg,10.337006427915185,-1.6998,3.9717
9,CC DChg,10.44628099174588,-1.6998,3.9714
9,CC DChg,10.547124133910984,-1.6998,3.9712
9,CC DChg,10.647967276076088,-1.6998,3.971
9,CC DChg,10.748810418241192,-1.6998,3.9708
9,CC DChg,10.849653560406296,-1.6998,3.9706
9,CC DChg,10.9504967025714,-1.6998,3.9704
9,CC DChg,11.051339844736503,-1.6999,3.9702
9,CC DChg,11.152182986901607,-1.6999,3.97
9,CC DChg,11.253026129066711,-1.6999,3.9698
9,CC DChg,11.353869271231815,-1.6999,3.9696
9,CC DChg,11.45471241339692,-1.6999,3.9694
9,CC DChg,11.55478906269127,-1.6999,3.9692
9,CC DChg,11.65486571197107,-1.6999,3.9691
9,CC DChg,11.754942361265421,-1.6999,3.9689
9,CC DChg,11.85501901054522,-1.6999,3.9687
9,CC DChg,11.955095659839571,-1.6999,3.9685
9,CC DChg,12.05517230911937,-1.6999,3.9684
9,CC DChg,12.155248958413722,-1.6999,3.9682
9,CC DChg,12.255325607693521,-1.6999,3.968
9,CC DChg,12.355402256987873,-1.6999,3.9679
9,CC DChg,12.455478906267672,-1.6999,3.9677
9,CC DChg,12.55548587438534,-1.6999,3.9676
9,CC DChg,12.655492842503008,-1.6999,3.9674
9,CC DChg,12.755499810620677,-1.6999,3.9673
9,CC DChg,12.855506778738345,-1.6999,3.9671
9,CC DChg,12.955513746856013,-1.6999,3.967
9,CC DChg,13.055520714973682,-1.6999,3.9668
9,CC DChg,13.15552768309135,-1.6999,3.9667
9,CC DChg,13.255534651209018,-1.6999,3.9665
9,CC DChg,13.355541619326686,-1.6999,3.9664
9,CC DChg,13.455548587444355,-1.6999,3.9662
9,CC DChg,13.555549220909597,-1.6999,3.9661
9,CC DChg,13.65554985437484,-1.6999,3.966
9,CC DChg,13.755550487840082,-1.6999,3.9658
9,CC DChg,13.855551121305325,-1.6999,3.9657
9,CC DChg,13.955551754770568,-1.6999,3.9656
9,CC DChg,14.05555238823581,-1.6999,3.9654
9,CC DChg,14.155553021701053,-1.6999,3.9653
9,CC DChg,14.255553655166295,-1.6999,3.9652
9,CC DChg,14.355554288631538,-1.6999,3.965
9,CC DChg,14.45555492209678,-1.6999,3.9649
9,CC DChg,14.55555497968453,-1.6999,3.9648
9,CC DChg,14.65555503727228,-1.6999,3.9646
9,CC DChg,14.755555094860028,-1.6999,3.9645
9,CC DChg,14.855555152447778,-1.6999,3.9644
9,CC DChg,14.955555210035527,-1.6999,3.9642
9,CC DChg,15.055555267623276,-1.6999,3.9641
9,CC DChg,15.155555325211026,-1.6999,3.964
9,CC DChg,15.255555382798775,-1.6999,3.9639
9,CC DChg,15.355555440386524,-1.6999,3.9638
9,CC DChg,15.455555497974274,-1.6999,3.9637
9,CC DChg,15.555555503204232,-1.6999,3.9635
9,CC DChg,15.655555508448742,-1.6999,3.9634
9,CC DChg,15.7555555136787,-1.6999,3.9633
9,CC DChg,15.855555518908659,-1.6999,3.9632
9,CC DChg,15.95555552415317,-1.6999,3.9631
9,CC DChg,16.055555529383128,-1.6999,3.963
9,CC DChg,16.155555534627638,-1.6999,3.9628
9,CC DChg,16.255555539857596,-1.6999,3.9627
9,CC DChg,16.355555545087554,-1.6999,3.9626
9,CC DChg,16.455555550332065,-1.6999,3.9625
9,CC DChg,16.555555550803547,-1.6999,3.9624
9,CC DChg,16.65555555128958,-1.6999,3.9623
9,CC DChg,16.755555551761063,-1.6999,3.9622
9,CC DChg,16.855555552232545,-1.6999,3.9621
9,CC DChg,16.955555552704027,-1.6999,3.962
9,CC DChg,17.05555555319006,-1.6999,3.9619
9,CC DChg,17.155555553661543,-1.6999,3.9617
9,CC DChg,17.255555554133025,-1.6999,3.9616
9,CC DChg,17.355555554604507,-1.6999,3.9615
9,CC DChg,17.45555555509054,-1.6999,3.9614
9,CC DChg,17.555555555140018,-1.6999,3.9613
9,CC DChg,17.655555555174942,-1.6999,3.9612
9,CC DChg,17.75555555522442,-1.6999,3.9611
9,CC DChg,17.855555555259343,-1.6999,3.961
9,CC DChg,17.95555555530882,-1.6999,3.9609
9,CC DChg,18.055555555343744,-1.6999,3.9608
9,CC DChg,18.15555555539322,-1.6999,3.9607
9,CC DChg,18.255555555428145,-1.6999,3.9606
9,CC DChg,18.355555555477622,-1.6999,3.9605
9,CC DChg,18.455555555512547,-1.6999,3.9604
9,CC DChg,18.555555555518367,-1.6999,3.9603
9,CC DChg,18.655555555524188,-1.6999,3.9602
9,CC DChg,18.75555555553001,-1.6999,3.9601
9,CC DChg,18.85555555553583,-1.6999,3.96
9,CC DChg,18.95555555554165,-1.6999,3.9599
9,CC DChg,19.05555555553292,-1.6999,3.9598
9,CC DChg,19.15555555553874,-1.6999,3.9597
9,CC DChg,19.25555555554456,-1.6999,3.9596
9,CC DChg,19.35555555555038,-1.6999,3.9595
9,CC DChg,19.455555555556202,-1.6999,3.9594
9,CC DChg,19.555555555562023,-1.6999,3.9593
9,CC DChg,19.655555555553292,-1.6999,3.9592
9,CC DChg,19.755555555559113,-1.6999,3.9591
9,CC DChg,19.855555555564933,-1.6999,3.959
9,CC DChg,19.955555555556202,-1.6999,3.9589
9,CC DChg,20.055555555562023,-1.6999,3.9589
9,CC DChg,20.155555555553292,-1.6999,3.9587
9,CC DChg,20.255555555559113,-1.6999,3.9586
9,CC DChg,20.355555555564933,-1.6999,3.9585
9,CC DChg,20.455555555556202,-1.6999,3.9584
9,CC DChg,20.555555555562023,-1.6999,3.9583
9,CC DChg,20.655555555553292,-1.6999,3.9583
9,CC DChg,20.755555555559113,-1.6999,3.9582
9,CC DChg,20.855555555564933,-1.6999,3.9581
9,CC DChg,20.955555555556202,-1.6999,3.958
9,CC DChg,21.055555555562023,-1.6999,3.9579
9,CC DChg,21.155555555553292,-1.6999,3.9578
9,CC DChg,21.255555555559113,-1.6999,3.9577
9,CC DChg,21.355555555564933,-1.6999,3.9577
9,CC DChg,21.455555555556202,-1.6999,3.9576
9,CC DChg,21.555555555562023,-1.6999,3.9574
9,CC DChg,21.655555555553292,-1.6999,3.9574
9,CC DChg,21.755555555559113,-1.6999,3.9573
9,CC DChg,21.855555555564933,-1.6999,3.9572
9,CC DChg,21.955555555556202,-1.6999,3.9571
9,CC DChg,22.055555555562023,-1.6999,3.9571
9,CC DChg,22.155555555553292,-1.6999,3.957
9,CC DChg,22.255555555559113,-1.6999,3.9569
9,CC DChg,22.355555555564933,-1.6999,3.9568
9,CC DChg,22.455555555556202,-1.6999,3.9567
9,CC DChg,22.555555555562023,-1.6999,3.9566
9,CC DChg,22.655555555553292,-1.6999,3.9565
9,CC DChg,22.755555555559113,-1.6999,3.9565
9,CC DChg,22.855555555564933,-1.6999,3.9564
9,CC DChg,22.955555555556202,-1.6999,3.9563
9,CC DChg,23.055555555562023,-1.6999,3.9562
9,CC DChg,23.155555555553292,-1.6999,3.9561
9,CC DChg,23.255555555559113,-1.6999,3.956
9,CC DChg,23.355555555564933,-1.6999,3.9559
9,CC DChg,23.455555555556202,-1.6999,3.9559
9,CC DChg,23.555555555562023,-1.6999,3.9558
9,CC DChg,23.655555555553292,-1.6999,3.9557
9,CC DChg,23.755555555559113,-1.6999,3.9556
9,CC DChg,23.855555555564933,-1.6999,3.9555
9,CC DChg,23.955555555556202,-1.6999,3.9554
9,CC DChg,24.055555555562023,-1.6999,3.9554
9,CC DChg,24.155555555553292,-1.6999,3.9553
9,CC DChg,24.255555555559113,-1.6999,3.9552
9,CC DChg,24.355555555564933,-1.6999,3.9552
9,CC DChg,24.455555555556202,-1.6999,3.9551
9,CC DChg,24.555555555562023,-1.6999,3.955
9,CC DChg,24.655555555553292,-1.6999,3.9549
9,CC DChg,24.755555555559113,-1.6999,3.9548
9,CC DChg,24.855555555564933,-1.6999,3.9548
9,CC DChg,24.955555555556202,-1.6999,3.9547
9,CC DChg,25.055555555562023,-1.6999,3.9546
9,CC DChg,25.155555555553292,-1.6999,3.9546
9,CC DChg,25.255555555559113,-1.6999,3.9544
9,CC DChg,25.355555555564933,-1.6999,3.9544
9,CC DChg,25.455555555556202,-1.6999,3.9543
9,CC DChg,25.555555555562023,-1.6999,3.9542
9,CC DChg,25.655555555553292,-1.6999,3.9542
9,CC DChg,25.755555555559113,-1.6999,3.9541
9,CC DChg,25.855555555564933,-1.6999,3.954
9,CC DChg,25.955555555556202,-1.6999,3.9539
9,CC DChg,26.055555555562023,-1.6999,3.9539
9,CC DChg,26.155555555553292,-1.6999,3.9538
9,CC DChg,26.255555555559113,-1.6999,3.9537
9,CC DChg,26.355555555564933,-1.6999,3.9536
9,CC DChg,26.455555555556202,-1.6999,3.9535
9,CC DChg,26.555555555562023,-1.6999,3.9535
9,CC DChg,26.655555555553292,-1.6999,3.9534
9,CC DChg,26.755555555559113,-1.6999,3.9533
9,CC DChg,26.855555555564933,-1.6999,3.9533
9,CC DChg,26.955555555556202,-1.6999,3.9532
9,CC DChg,27.055555555562023,-1.6999,3.9532
9,CC DChg,27.155555555553292,-1.6999,3.9531
9,CC DChg,27.255555555559113,-1.6999,3.953
9,CC DChg,27.355555555564933,-1.6999,3.9529
9,CC DChg,27.455555555556202,-1.6999,3.9529
9,CC DChg,27.555555555562023,-1.6999,3.9528
9,CC DChg,27.655555555553292,-1.6999,3.9527
9,CC DChg,27.755555555559113,-1.6999,3.9526
9,CC DChg,27.855555555564933,-1.6999,3.9526
9,CC DChg,27.955555555556202,-1.6999,3.9525
9,CC DChg,28.055555555562023,-1.6999,3.9524
9,CC DChg,28.155555555553292,-1.6999,3.9523
9,CC DChg,28.255555555559113,-1.6999,3.9523
9,CC DChg,28.355555555564933,-1.6999,3.9522
9,CC DChg,28.455555555556202,-1.6999,3.9521
9,CC DChg,28.555555555562023,-1.6999,3.9521
9,CC DChg,28.655555555553292,-1.6999,3.952
9,CC DChg,28.755555555559113,-1.6999,3.9519
9,CC DChg,28.855555555564933,-1.6999,3.9518
9,CC DChg,28.955555555556202,-1.6999,3.9518
9,CC DChg,29.055555555562023,-1.6999,3.9517
9,CC DChg,29.155555555553292,-1.6999,3.9517
9,CC DChg,29.255555555559113,-1.6999,3.9516
9,CC DChg,29.355555555564933,-1.6999,3.9515
9,CC DChg,29.455555555556202,-1.6999,3.9514
9,CC DChg,29.555555555562023,-1.6999,3.9514
9,CC DChg,29.655555555553292,-1.6999,3.9513
9,CC DChg,29.755555555559113,-1.6999,3.9513
9,CC DChg,29.855555555564933,-1.6999,3.9512
9,CC DChg,29.955555555556202,-1.6999,3.9511
9,CC DChg,30.055555555562023,-1.6999,3.9511
9,CC DChg,30.155555555553292,-1.6999,3.951
9,CC DChg,30.255555555559113,-1.6999,3.9509
9,CC DChg,30.355555555564933,-1.6999,3.9508
9,CC DChg,30.455555555556202,-1.6999,3.9508
9,CC DChg,30.555555555562023,-1.6999,3.9507
9,CC DChg,30.655555555553292,-1.6999,3.9506
9,CC DChg,30.755555555559113,-1.6999,3.9506
9,CC DChg,30.855555555564933,-1.6999,3.9505
9,CC DChg,30.955555555556202,-1.6999,3.9504
9,CC DChg,31.055555555562023,-1.6999,3.9504
9,CC DChg,31.155555555553292,-1.6999,3.9503
9,CC DChg,31.255555555559113,-1.6999,3.9502
9,CC DChg,31.355555555564933,-1.6999,3.9502
9,CC DChg,31.455555555556202,-1.6999,3.9501
9,CC DChg,31.555555555562023,-1.6999,3.9501
9,CC DChg,31.655555555553292,-1.6999,3.95
9,CC DChg,31.755555555559113,-1.6999,3.9499
9,CC DChg,31.855555555564933,-1.6999,3.9499
9,CC DChg,31.955555555556202,-1.6999,3.9498
9,CC DChg,32.05555555556202,-1.6999,3.9498
9,CC DChg,32.15555555555329,-1.6999,3.9497
9,CC DChg,32.25555555555911,-1.6999,3.9496
9,CC DChg,32.35555555556493,-1.6999,3.9495
9,CC DChg,32.4555555555562,-1.6999,3.9495
9,CC DChg,32.55555555556202,-1.6999,3.9494
9,CC DChg,32.65555555555329,-1.6999,3.9494
9,CC DChg,32.75555555555911,-1.6999,3.9493
9,CC DChg,32.85555555556493,-1.6999,3.9493
9,CC DChg,32.9555555555562,-1.6999,3.9492
9,CC DChg,33.05555555556202,-1.6999,3.9491
9,CC DChg,33.15555555555329,-1.7,3.9491
9,CC DChg,33.25555555555911,-1.7,3.949
9,CC DChg,33.35555555556493,-1.7,3.9489
9,CC DChg,33.4555555555562,-1.7,3.9489
9,CC DChg,33.55555555556202,-1.7,3.9488
9,CC DChg,33.65555555555329,-1.7,3.9487
9,CC DChg,33.75555555555911,-1.7,3.9487
9,CC DChg,33.85555555556493,-1.7,3.9486
9,CC DChg,33.9555555555562,-1.7,3.9486
9,CC DChg,34.05555555556202,-1.7,3.9485
9,CC DChg,34.15555555555329,-1.7,3.9484
9,CC DChg,34.25555555555911,-1.7,3.9484
9,CC DChg,34.35555555556493,-1.7,3.9483
9,CC DChg,34.4555555555562,-1.7,3.9483
9,CC DChg,34.55555555556202,-1.7,3.9482
9,CC DChg,34.65555555555329,-1.7,3.9481
9,CC DChg,34.75555555555911,-1.7,3.9481
9,CC DChg,34.85555555556493,-1.7,3.948
9,CC DChg,34.9555555555562,-1.7,3.948
9,CC DChg,35.05555555556202,-1.7,3.9479
9,CC DChg,35.15555555555329,-1.7,3.9479
9,CC DChg,35.25555555555911,-1.7,3.9478
9,CC DChg,35.35555555556493,-1.7,3.9477
9,CC DChg,35.4555555555562,-1.7,3.9477
9,CC DChg,35.55555555556202,-1.7,3.9476
9,CC DChg,35.65555555555329,-1.7,3.9476
9,CC DChg,35.75555555555911,-1.7,3.9475
9,CC DChg,35.85555555556493,-1.7,3.9475
9,CC DChg,35.9555555555562,-1.7,3.9474
9,CC DChg,36.05555555556202,-1.7,3.9473
9,CC DChg,36.15555555555329,-1.7,3.9473
9,CC DChg,36.25555555555911,-1.7,3.9472
9,CC DChg,36.35555555556493,-1.7,3.9472
9,CC DChg,36.4555555555562,-1.7,3.9471
9,CC DChg,36.55555555556202,-1.7,3.9471
9,CC DChg,36.65555555555329,-1.7,3.947
9,CC DChg,36.75555555555911,-1.7,3.9469
9,CC DChg,36.85555555556493,-1.7,3.9469
9,CC DChg,36.9555555555562,-1.7,3.9468
9,CC DChg,37.05555555556202,-1.7,3.9467
9,CC DChg,37.15555555555329,-1.7,3.9467
9,CC DChg,37.25555555555911,-1.7,3.9467
9,CC DChg,37.35555555556493,-1.7,3.9466
9,CC DChg,37.4555555555562,-1.7,3.9465
9,CC DChg,37.55555555556202,-1.7,3.9465
9,CC DChg,37.65555555555329,-1.7,3.9464
9,CC DChg,37.75555555555911,-1.7,3.9464
9,CC DChg,37.85555555556493,-1.7,3.9463
9,CC DChg,37.9555555555562,-1.7,3.9463
9,CC DChg,38.05555555556202,-1.7,3.9462
9,CC DChg,38.15555555555329,-1.7,3.9462
9,CC DChg,38.25555555555911,-1.7,3.9461
9,CC DChg,38.35555555556493,-1.7,3.946
9,CC DChg,38.4555555555562,-1.7,3.946
9,CC DChg,38.55555555556202,-1.7,3.9459
9,CC DChg,38.65555555555329,-1.7,3.9459
9,CC DChg,38.75555555555911,-1.7,3.9458
9,CC DChg,38.85555555556493,-1.7,3.9457
9,CC DChg,38.9555555555562,-1.7,3.9457
9,CC DChg,39.05555555556202,-1.7,3.9457
9,CC DChg,39.15555555555329,-1.7,3.9456
9,CC DChg,39.25555555555911,-1.7,3.9455
9,CC DChg,39.35555555556493,-1.7,3.9455
9,CC DChg,39.4555555555562,-1.7,3.9455
9,CC DChg,39.55555555556202,-1.7,3.9454
9,CC DChg,39.65555555555329,-1.7,3.9453
9,CC DChg,39.75555555555911,-1.7,3.9453
9,CC DChg,39.85555555556493,-1.7,3.9452
9,CC DChg,39.9555555555562,-1.7,3.9452
9,CC DChg,40.05555555556202,-1.7,3.9451
9,CC DChg,40.15555555555329,-1.7,3.945
9,CC DChg,40.25555555555911,-1.7,3.945
9,CC DChg,40.35555555556493,-1.7,3.9449
9,CC DChg,40.4555555555562,-1.7,3.9449
9,CC DChg,40.55555555556202,-1.7,3.9449
9,CC DChg,40.65555555555329,-1.7,3.9449
9,CC DChg,40.75555555555911,-1.7,3.9448
9,CC DChg,40.85555555556493,-1.7,3.9447
9,CC DChg,40.9555555555562,-1.7,3.9447
9,CC DChg,41.05555555556202,-1.7,3.9446
9,CC DChg,41.15555555555329,-1.7,3.9446
9,CC DChg,41.25555555555911,-1.7,3.9445
9,CC DChg,41.35555555556493,-1.7,3.9445
9,CC DChg,41.4555555555562,-1.7,3.9444
9,CC DChg,41.55555555556202,-1.7,3.9444
9,CC DChg,41.65555555555329,-1.7,3.9443
9,CC DChg,41.75555555555911,-1.7,3.9443
9,CC DChg,41.85555555556493,-1.7,3.9442
9,CC DChg,41.9555555555562,-1.7001,3.9442
9,CC DChg,42.05555555556202,-1.7001,3.9441
9,CC DChg,42.15555555555329,-1.7001,3.944
9,CC DChg,42.25555555555911,-1.7001,3.944
9,CC DChg,42.35555555556493,-1.7001,3.944
9,CC DChg,42.4555555555562,-1.7001,3.9439
9,CC DChg,42.55555555556202,-1.7001,3.9438
9,CC DChg,42.65555555555329,-1.7001,3.9438
9,CC DChg,42.75555555555911,-1.7001,3.9437
9,CC DChg,42.85555555556493,-1.7001,3.9437
9,CC DChg,42.9555555555562,-1.7001,3.9437
9,CC DChg,43.05555555556202,-1.7001,3.9436
9,CC DChg,43.15555555555329,-1.7001,3.9435
9,CC DChg,43.25555555555911,-1.7001,3.9435
9,CC DChg,43.35555555556493,-1.7001,3.9434
9,CC DChg,43.4555555555562,-1.7001,3.9434
9,CC DChg,43.55555555556202,-1.7001,3.9434
9,CC DChg,43.65555555555329,-1.7001,3.9433
9,CC DChg,43.75555555555911,-1.7001,3.9433
9,CC DChg,43.85555555556493,-1.7001,3.9432
9,CC DChg,43.9555555555562,-1.7001,3.9431
9,CC DChg,44.05555555556202,-1.7001,3.9431
9,CC DChg,44.15555555555329,-1.7001,3.9431
9,CC DChg,44.25555555555911,-1.7001,3.943
9,CC DChg,44.35555555556493,-1.7001,3.9429
9,CC DChg,44.4555555555562,-1.7001,3.9429
9,CC DChg,44.55555555556202,-1.7001,3.9429
9,CC DChg,44.65555555555329,-1.7001,3.9428
9,CC DChg,44.75555555555911,-1.7001,3.9428
9,CC DChg,44.85555555556493,-1.7001,3.9427
9,CC DChg,44.9555555555562,-1.7001,3.9427
9,CC DChg,45.05555555556202,-1.7001,3.9427
9,CC DChg,45.15555555555329,-1.7001,3.9426
9,CC DChg,45.25555555555911,-1.7001,3.9426
9,CC DChg,45.35555555556493,-1.7001,3.9425
9,CC DChg,45.4555555555562,-1.7001,3.9425
9,CC DChg,45.55555555556202,-1.7001,3.9424
9,CC DChg,45.65555555555329,-1.7001,3.9424
9,CC DChg,45.75555555555911,-1.7001,3.9423
9,CC DChg,45.85555555556493,-1.7001,3.9423
9,CC DChg,45.9555555555562,-1.7001,3.9422
9,CC DChg,46.05555555556202,-1.7001,3.9422
9,CC DChg,46.15555555555329,-1.7001,3.9421
9,CC DChg,46.25555555555911,-1.7001,3.9421
9,CC DChg,46.35555555556493,-1.7001,3.9421
9,CC DChg,46.4555555555562,-1.7001,3.942
9,CC DChg,46.55555555556202,-1.7001,3.942
9,CC DChg,46.65555555555329,-1.7001,3.9419
9,CC DChg,46.75555555555911,-1.7001,3.9419
9,CC DChg,46.85555555556493,-1.7001,3.9418
9,CC DChg,46.9555555555562,-1.7001,3.9418
9,CC DChg,47.05555555556202,-1.7001,3.9417
9,CC DChg,47.15555555555329,-1.7001,3.9417
9,CC DChg,47.25555555555911,-1.7001,3.9417
9,CC DChg,47.35555555556493,-1.7001,3.9416
9,CC DChg,47.4555555555562,-1.7001,3.9416
9,CC DChg,47.55555555556202,-1.7001,3.9415
9,CC DChg,47.65555555555329,-1.7001,3.9415
9,CC DChg,47.75555555555911,-1.7001,3.9415
9,CC DChg,47.85555555556493,-1.7001,3.9414
9,CC DChg,47.9555555555562,-1.7001,3.9414
9,CC DChg,48.05555555556202,-1.7001,3.9414
9,CC DChg,48.15555555555329,-1.7,3.9413
9,CC DChg,48.25555555555911,-1.7,3.9413
9,CC DChg,48.35555555556493,-1.7,3.9412
9,CC DChg,48.4555555555562,-1.7,3.9411
9,CC DChg,48.55555555556202,-1.7,3.9411
9,CC DChg,48.65555555555329,-1.7,3.941
9,CC DChg,48.75555555555911,-1.7,3.941
9,CC DChg,48.85555555556493,-1.7,3.941
9,CC DChg,48.9555555555562,-1.7,3.9409
9,CC DChg,49.05555555556202,-1.7,3.9409
9,CC DChg,49.15555555555329,-1.7,3.9408
9,CC DChg,49.25555555555911,-1.7,3.9408
9,CC DChg,49.35555555556493,-1.7,3.9408
9,CC DChg,49.4555555555562,-1.7,3.9407
9,CC DChg,49.55555555556202,-1.7,3.9407
9,CC DChg,49.65555555555329,-1.7,3.9406
9,CC DChg,49.75555555555911,-1.7,3.9406
9,CC DChg,49.85555555556493,-1.7,3.9405
9,CC DChg,49.9555555555562,-1.7,3.9405
9,CC DChg,50.05555555556202,-1.7,3.9405
9,CC DChg,50.15555555555329,-1.7,3.9404
9,CC DChg,50.25555555555911,-1.7,3.9403
9,CC DChg,50.35555555556493,-1.7,3.9403
9,CC DChg,50.4555555555562,-1.7,3.9403
9,CC DChg,50.55555555556202,-1.7,3.9403
9,CC DChg,50.65555555555329,-1.7,3.9402
9,CC DChg,50.75555555555911,-1.7,3.9402
9,CC DChg,50.85555555556493,-1.7,3.9401
9,CC DChg,50.9555555555562,-1.7,3.9401
9,CC DChg,51.05555555556202,-1.7,3.94
9,CC DChg,51.15555555555329,-1.7,3.94
9,CC DChg,51.25555555555911,-1.7,3.94
9,CC DChg,51.35555555556493,-1.7,3.9399
9,CC DChg,51.4555555555562,-1.7,3.9399
9,CC DChg,51.55555555556202,-1.7,3.9398
9,CC DChg,51.65555555555329,-1.7,3.9398
9,CC DChg,51.75555555555911,-1.6999,3.9398
9,CC DChg,51.85555555556493,-1.6999,3.9397
9,CC DChg,51.9555555555562,-1.6999,3.9397
9,CC DChg,52.05555555556202,-1.6999,3.9396
9,CC DChg,52.15555555555329,-1.6999,3.9396
9,CC DChg,52.25555555555911,-1.6999,3.9395
9,CC DChg,52.35555555556493,-1.6999,3.9395
9,CC DChg,52.4555555555562,-1.6999,3.9395
9,CC DChg,52.55555555556202,-1.6999,3.9395
9,CC DChg,52.65555555555329,-1.6999,3.9394
9,CC DChg,52.75555555555911,-1.6999,3.9394
9,CC DChg,52.85555555556493,-1.6999,3.9394
9,CC DChg,52.9555555555562,-1.6999,3.9393
9,CC DChg,53.05555555556202,-1.6999,3.9393
9,CC DChg,53.15555555555329,-1.6999,3.9392
9,CC DChg,53.25555555555911,-1.6999,3.9392
9,CC DChg,53.35555555556493,-1.6999,3.9391
9,CC DChg,53.4555555555562,-1.6999,3.9391
9,CC DChg,53.55555555556202,-1.6999,3.9391
9,CC DChg,53.65555555555329,-1.6999,3.939
9,CC DChg,53.75555555555911,-1.6999,3.939
9,CC DChg,53.85555555556493,-1.6999,3.9389
9,CC DChg,53.9555555555562,-1.6999,3.9389
9,CC DChg,54.05555555556202,-1.6999,3.9389
9,CC DChg,54.15555555555329,-1.6999,3.9388
9,CC DChg,54.25555555555911,-1.6999,3.9388
9,CC DChg,54.35555555556493,-1.6999,3.9388
9,CC DChg,54.4555555555562,-1.6999,3.9387
9,CC DChg,54.55555555556202,-1.6999,3.9387
9,CC DChg,54.65555555555329,-1.6999,3.9386
9,CC DChg,54.75555555555911,-1.6999,3.9386
9,CC DChg,54.85555555556493,-1.6999,3.9386
9,CC DChg,54.9555555555562,-1.6999,3.9385
9,CC DChg,55.05555555556202,-1.6999,3.9385
9,CC DChg,55.15555555555329,-1.6999,3.9384
9,CC DChg,55.25555555555911,-1.6999,3.9384
9,CC DChg,55.35555555556493,-1.6999,3.9383
9,CC DChg,55.4555555555562,-1.6999,3.9383
9,CC DChg,55.55555555556202,-1.6999,3.9382
9,CC DChg,55.65555555555329,-1.6999,3.9382
9,CC DChg,55.75555555555911,-1.6999,3.9382
9,CC DChg,55.85555555556493,-1.6999,3.9382
9,CC DChg,55.9555555555562,-1.6999,3.9381
9,CC DChg,56.05555555556202,-1.6999,3.938
9,CC DChg,56.15555555555329,-1.6999,3.938
9,CC DChg,56.25555555555911,-1.6999,3.938
9,CC DChg,56.35555555556493,-1.6999,3.938
9,CC DChg,56.4555555555562,-1.6999,3.9379
9,CC DChg,56.55555555556202,-1.6999,3.9379
9,CC DChg,56.65555555555329,-1.6999,3.9378
9,CC DChg,56.75555555555911,-1.6999,3.9378
9,CC DChg,56.85555555556493,-1.6999,3.9378
9,CC DChg,56.9555555555562,-1.6999,3.9378
9,CC DChg,57.05555555556202,-1.6999,3.9377
9,CC DChg,57.15555555555329,-1.6999,3.9377
9,CC DChg,57.25555555555911,-1.6999,3.9376
9,CC DChg,57.35555555556493,-1.6999,3.9376
9,CC DChg,57.4555555555562,-1.6999,3.9375
9,CC DChg,57.55555555556202,-1.6999,3.9375
9,CC DChg,57.65555555555329,-1.6999,3.9375
9,CC DChg,57.75555555555911,-1.6999,3.9374
9,CC DChg,57.85555555556493,-1.6999,3.9374
9,CC DChg,57.9555555555562,-1.6999,3.9374
9,CC DChg,58.05555555556202,-1.6999,3.9373
9,CC DChg,58.15555555555329,-1.6999,3.9373
9,CC DChg,58.25555555555911,-1.6999,3.9373
9,CC DChg,58.35555555556493,-1.6999,3.9372
9,CC DChg,58.4555555555562,-1.6999,3.9372
9,CC DChg,58.55555555556202,-1.6999,3.9372
9,CC DChg,58.65555555555329,-1.6999,3.9371
9,CC DChg,58.75555555555911,-1.6999,3.9371
9,CC DChg,58.85555555556493,-1.6999,3.937
9,CC DChg,58.9555555555562,-1.6999,3.937
9,CC DChg,59.05555555556202,-1.7,3.937
9,CC DChg,59.15555555555329,-1.7,3.9369
9,CC DChg,59.25555555555911,-1.7,3.9369
9,CC DChg,59.35555555556493,-1.6999,3.9369
9,CC DChg,59.4555555555562,-1.6999,3.9368
9,CC DChg,59.55555555556202,-1.6999,3.9368
9,CC DChg,59.65555555555329,-1.6999,3.9368
9,CC DChg,59.75555555555911,-1.7,3.9368
9,CC DChg,59.85555555556493,-1.7,3.9367
9,CC DChg,59.9555555555562,-1.7,3.9367
9,CC DChg,60.05555555556202,-1.7,3.9366
9,CC DChg,60.15555555555329,-1.7,3.9366
9,CC DChg,60.25555555555911,-1.7,3.9365
9,CC DChg,60.35555555556493,-1.7,3.9365
9,CC DChg,60.4555555555562,-1.7,3.9365
9,CC DChg,60.55555555556202,-1.6999,3.9364
9,CC DChg,60.65555555555329,-1.6999,3.9364
9,CC DChg,60.75555555555911,-1.6999,3.9364
9,CC DChg,60.85555555556493,-1.6999,3.9364
9,CC DChg,60.9555555555562,-1.6999,3.9363
9,CC DChg,61.05555555556202,-1.6999,3.9363
9,CC DChg,61.15555555555329,-1.6999,3.9363
9,CC DChg,61.25555555555911,-1.6999,3.9362
9,CC DChg,61.35555555556493,-1.6999,3.9362
9,CC DChg,61.4555555555562,-1.6999,3.9362
9,CC DChg,61.55555555556202,-1.6999,3.9361
9,CC DChg,61.65555555555329,-1.6999,3.9361
9,CC DChg,61.75555555555911,-1.6999,3.936
9,CC DChg,61.85555555556493,-1.6999,3.936
9,CC DChg,61.9555555555562,-1.6999,3.936
9,CC DChg,62.05555555556202,-1.6999,3.936
9,CC DChg,62.15555555555329,-1.6999,3.9359
9,CC DChg,62.25555555555911,-1.6999,3.9359
9,CC DChg,62.35555555556493,-1.6999,3.9358
9,CC DChg,62.4555555555562,-1.6999,3.9358
9,CC DChg,62.55555555556202,-1.6999,3.9358
9,CC DChg,62.65555555555329,-1.6999,3.9358
9,CC DChg,62.75555555555911,-1.6999,3.9357
9,CC DChg,62.85555555556493,-1.6999,3.9357
9,CC DChg,62.9555555555562,-1.6999,3.9357
9,CC DChg,63.05555555556202,-1.6999,3.9356
9,CC DChg,63.15555555555329,-1.6999,3.9356
9,CC DChg,63.25555555555911,-1.6999,3.9356
9,CC DChg,63.35555555556493,-1.6999,3.9356
9,CC DChg,63.4555555555562,-1.6999,3.9355
9,CC DChg,63.55555555556202,-1.6999,3.9355
9,CC DChg,63.65555555555329,-1.6999,3.9354
9,CC DChg,63.75555555555911,-1.6999,3.9354
9,CC DChg,63.85555555556493,-1.6999,3.9354
9,CC DChg,63.9555555555562,-1.6999,3.9354
9,CC DChg,64.05555555556202,-1.6999,3.9353
9,CC DChg,64.15555555555329,-1.6999,3.9353
9,CC DChg,64.25555555555911,-1.6999,3.9352
9,CC DChg,64.35555555556493,-1.6999,3.9352
9,CC DChg,64.4555555555562,-1.6999,3.9352
9,CC DChg,64.55555555556202,-1.6999,3.9351
9,CC DChg,64.65555555555329,-1.6999,3.9351
9,CC DChg,64.75555555555911,-1.6999,3.9351
9,CC DChg,64.85555555556493,-1.6999,3.935
9,CC DChg,64.9555555555562,-1.6999,3.935
9,CC DChg,65.05555555556202,-1.6999,3.935
9,CC DChg,65.15555555555329,-1.6999,3.9349
9,CC DChg,65.25555555555911,-1.6999,3.9349
9,CC DChg,65.35555555556493,-1.6999,3.9349
9,CC DChg,65.4555555555562,-1.6998,3.9348
9,CC DChg,65.55555555556202,-1.6998,3.9348
9,CC DChg,65.65555555555329,-1.6998,3.9347
9,CC DChg,65.75555555555911,-1.6998,3.9347
9,CC DChg,65.85555555556493,-1.6998,3.9347
9,CC DChg,65.9555555555562,-1.6998,3.9347
9,CC DChg,66.05555555556202,-1.6998,3.9347
9,CC DChg,66.15555555555329,-1.6998,3.9346
9,CC DChg,66.25555555555911,-1.6998,3.9346
9,CC DChg,66.35555555556493,-1.6998,3.9346
9,CC DChg,66.4555555555562,-1.6998,3.9345
9,CC DChg,66.55555555556202,-1.6998,3.9345
9,CC DChg,66.65555555555329,-1.6998,3.9345
9,CC DChg,66.75555555555911,-1.6998,3.9344
9,CC DChg,66.85555555556493,-1.6998,3.9344
9,CC DChg,66.9555555555562,-1.6998,3.9344
9,CC DChg,67.05555555556202,-1.6998,3.9343
9,CC DChg,67.15555555555329,-1.6998,3.9343
9,CC DChg,67.25555555555911,-1.6998,3.9343
9,CC DChg,67.35555555556493,-1.6998,3.9342
9,CC DChg,67.4555555555562,-1.6998,3.9342
9,CC DChg,67.55555555556202,-1.6998,3.9342
9,CC DChg,67.65555555555329,-1.6998,3.9341
9,CC DChg,67.75555555555911,-1.6998,3.9341
9,CC DChg,67.85555555556493,-1.6998,3.9341
9,CC DChg,67.9555555555562,-1.6998,3.934
9,CC DChg,68.05555555556202,-1.6998,3.934
9,CC DChg,68.15555555555329,-1.6998,3.934
9,CC DChg,68.25555555555911,-1.6998,3.9339
9,CC DChg,68.35555555556493,-1.6998,3.9339
9,CC DChg,68.4555555555562,-1.6998,3.9339
9,CC DChg,68.55555555556202,-1.6998,3.9338
9,CC DChg,68.65555555555329,-1.6998,3.9338
9,CC DChg,68.75555555555911,-1.6998,3.9338
9,CC DChg,68.85555555556493,-1.6998,3.9337
9,CC DChg,68.9555555555562,-1.6998,3.9337
9,CC DChg,69.05555555556202,-1.6998,3.9337
9,CC DChg,69.15555555555329,-1.6998,3.9336
9,CC DChg,69.25555555555911,-1.6998,3.9336
9,CC DChg,69.35555555556493,-1.6998,3.9336
9,CC DChg,69.4555555555562,-1.6998,3.9335
9,CC DChg,69.55555555556202,-1.6998,3.9335
9,CC DChg,69.65555555555329,-1.6998,3.9335
9,CC DChg,69.75555555555911,-1.6998,3.9335
9,CC DChg,69.85555555556493,-1.6998,3.9334
9,CC DChg,69.9555555555562,-1.6998,3.9334
9,CC DChg,70.05555555556202,-1.6998,3.9334
9,CC DChg,70.15555555555329,-1.6998,3.9333
9,CC DChg,70.25555555555911,-1.6998,3.9333
9,CC DChg,70.35555555556493,-1.6998,3.9333
9,CC DChg,70.4555555555562,-1.6998,3.9333
9,CC DChg,70.55555555556202,-1.6998,3.9332
9,CC DChg,70.65555555555329,-1.6998,3.9332
9,CC DChg,70.75555555555911,-1.6998,3.9331
9,CC DChg,70.85555555556493,-1.6998,3.9331
9,CC DChg,70.9555555555562,-1.6998,3.9331
9,CC DChg,71.05555555556202,-1.6998,3.9331
9,CC DChg,71.15555555555329,-1.6998,3.933
9,CC DChg,71.25555555555911,-1.6998,3.933
9,CC DChg,71.35555555556493,-1.6999,3.9329
9,CC DChg,71.4555555555562,-1.6999,3.9329
9,CC DChg,71.55555555556202,-1.6999,3.9329
9,CC DChg,71.65555555555329,-1.6999,3.9329
9,CC DChg,71.75555555555911,-1.6999,3.9329
9,CC DChg,71.85555555556493,-1.6999,3.9328
9,CC DChg,71.9555555555562,-1.6999,3.9328
9,CC DChg,72.05555555556202,-1.6999,3.9328
9,CC DChg,72.15555555555329,-1.6999,3.9328
9,CC DChg,72.25555555555911,-1.6999,3.9327
9,CC DChg,72.35555555556493,-1.6999,3.9327
9,CC DChg,72.4555555555562,-1.6999,3.9327
9,CC DChg,72.55555555556202,-1.6999,3.9326
9,CC DChg,72.65555555555329,-1.6999,3.9326
9,CC DChg,72.75555555555911,-1.6999,3.9326
9,CC DChg,72.85555555556493,-1.6999,3.9325
9,CC DChg,72.9555555555562,-1.6999,3.9325
9,CC DChg,73.05555555556202,-1.6999,3.9325
9,CC DChg,73.15555555555329,-1.6999,3.9325
9,CC DChg,73.25555555555911,-1.6999,3.9324
9,CC DChg,73.35555555556493,-1.6999,3.9324
9,CC DChg,73.4555555555562,-1.6999,3.9323
9,CC DChg,73.55555555556202,-1.6999,3.9323
9,CC DChg,73.65555555555329,-1.6999,3.9323
9,CC DChg,73.75555555555911,-1.6999,3.9323
9,CC DChg,73.85555555556493,-1.6999,3.9322
9,CC DChg,73.9555555555562,-1.6999,3.9322
9,CC DChg,74.05555555556202,-1.6999,3.9322
9,CC DChg,74.15555555555329,-1.6999,3.9322
9,CC DChg,74.25555555555911,-1.6999,3.9321
9,CC DChg,74.35555555556493,-1.6999,3.9321
9,CC DChg,74.4555555555562,-1.6999,3.9321
9,CC DChg,74.55555555556202,-1.6999,3.9321
9,CC DChg,74.65555555555329,-1.6999,3.9321
9,CC DChg,74.75555555555911,-1.6999,3.932
9,CC DChg,74.85555555556493,-1.6999,3.932
9,CC DChg,74.9555555555562,-1.6999,3.932
9,CC DChg,75.05555555556202,-1.6999,3.932
9,CC DChg,75.15555555555329,-1.6999,3.9319
9,CC DChg,75.25555555555911,-1.6999,3.9319
9,CC DChg,75.35555555556493,-1.6999,3.9319
9,CC DChg,75.4555555555562,-1.6999,3.9319
9,CC DChg,75.55555555556202,-1.6999,3.9319
9,CC DChg,75.65555555555329,-1.6999,3.9318
9,CC DChg,75.75555555555911,-1.6999,3.9318
9,CC DChg,75.85555555556493,-1.6999,3.9318
9,CC DChg,75.9555555555562,-1.6999,3.9317
9,CC DChg,76.05555555556202,-1.6999,3.9317
9,CC DChg,76.15555555555329,-1.6999,3.9317
9,CC DChg,76.25555555555911,-1.6999,3.9317
9,CC DChg,76.35555555556493,-1.6999,3.9316
9,CC DChg,76.4555555555562,-1.7,3.9316
9,CC DChg,76.55555555556202,-1.7,3.9316
9,CC DChg,76.65555555555329,-1.7,3.9315
9,CC DChg,76.75555555555911,-1.7,3.9315
9,CC DChg,76.85555555556493,-1.7,3.9315
9,CC DChg,76.9555555555562,-1.7,3.9314
9,CC DChg,77.05555555556202,-1.6999,3.9314
9,CC DChg,77.15555555555329,-1.6999,3.9314
9,CC DChg,77.25555555555911,-1.6999,3.9314
9,CC DChg,77.35555555556493,-1.6999,3.9313
9,CC DChg,77.4555555555562,-1.6999,3.9313
9,CC DChg,77.55555555556202,-1.6999,3.9313
9,CC DChg,77.65555555555329,-1.6999,3.9313
9,CC DChg,77.75555555555911,-1.6999,3.9312
9,CC DChg,77.85555555556493,-1.6999,3.9312
9,CC DChg,77.9555555555562,-1.6999,3.9312
9,CC DChg,78.05555555556202,-1.6999,3.9312
9,CC DChg,78.15555555555329,-1.6999,3.9311
9,CC DChg,78.25555555555911,-1.6999,3.9311
9,CC DChg,78.35555555556493,-1.6999,3.9311
9,CC DChg,78.4555555555562,-1.6999,3.9311
9,CC DChg,78.55555555556202,-1.6999,3.931
9,CC DChg,78.65555555555329,-1.6999,3.931
9,CC DChg,78.75555555555911,-1.6999,3.931
9,CC DChg,78.85555555556493,-1.6999,3.931
9,CC DChg,78.9555555555562,-1.6999,3.931
9,CC DChg,79.05555555556202,-1.6999,3.931
9,CC DChg,79.15555555555329,-1.6999,3.9309
9,CC DChg,79.25555555555911,-1.6999,3.9309
9,CC DChg,79.35555555556493,-1.6999,3.9308
9,CC DChg,79.4555555555562,-1.6999,3.9308
9,CC DChg,79.55555555556202,-1.6999,3.9308
9,CC DChg,79.65555555555329,-1.6999,3.9308
9,CC DChg,79.75555555555911,-1.6999,3.9307
9,CC DChg,79.85555555556493,-1.6999,3.9307
9,CC DChg,79.9555555555562,-1.6999,3.9307
9,CC DChg,80.05555555556202,-1.6999,3.9306
9,CC DChg,80.15555555555329,-1.6999,3.9306
9,CC DChg,80.25555555555911,-1.6999,3.9306
9,CC DChg,80.35555555556493,-1.6999,3.9306
9,CC DChg,80.4555555555562,-1.6999,3.9306
9,CC DChg,80.55555555556202,-1.6999,3.9305
9,CC DChg,80.65555555555329,-1.6999,3.9305
9,CC DChg,80.75555555555911,-1.6999,3.9305
9,CC DChg,80.85555555556493,-1.6999,3.9304
9,CC DChg,80.9555555555562,-1.6999,3.9304
9,CC DChg,81.05555555556202,-1.6999,3.9304
9,CC DChg,81.15555555555329,-1.6999,3.9304
9,CC DChg,81.25555555555911,-1.6999,3.9303
9,CC DChg,81.35555555556493,-1.6999,3.9303
9,CC DChg,81.4555555555562,-1.6999,3.9303
9,CC DChg,81.55555555556202,-1.6999,3.9302
9,CC DChg,81.65555555555329,-1.6999,3.9302
9,CC DChg,81.75555555555911,-1.6999,3.9302
9,CC DChg,81.85555555556493,-1.6999,3.9302
9,CC DChg,81.9555555555562,-1.6999,3.9302
9,CC DChg,82.05555555556202,-1.6999,3.9302
9,CC DChg,82.15555555555329,-1.6999,3.9301
9,CC DChg,82.25555555555911,-1.6999,3.9301
9,CC DChg,82.35555555556493,-1.6999,3.9301
9,CC DChg,82.4555555555562,-1.6999,3.9301
9,CC DChg,82.55555555556202,-1.6999,3.93
9,CC DChg,82.65555555555329,-1.6999,3.93
9,CC DChg,82.75555555555911,-1.6999,3.93
9,CC DChg,82.85555555556493,-1.6999,3.9299
9,CC DChg,82.9555555555562,-1.6999,3.9299
9,CC DChg,83.05555555556202,-1.6999,3.9299
9,CC DChg,83.15555555555329,-1.6999,3.9299
9,CC DChg,83.25555555555911,-1.6999,3.9299
9,CC DChg,83.35555555556493,-1.6999,3.9299
9,CC DChg,83.4555555555562,-1.6999,3.9298
9,CC DChg,83.55555555556202,-1.6999,3.9298
9,CC DChg,83.65555555555329,-1.6999,3.9298
9,CC DChg,83.75555555555911,-1.6999,3.9297
9,CC DChg,83.85555555556493,-1.6999,3.9297
9,CC DChg,83.9555555555562,-1.6999,3.9297
9,CC DChg,84.05555555556202,-1.6999,3.9297
9,CC DChg,84.15555555555329,-1.6999,3.9297
9,CC DChg,84.25555555555911,-1.6999,3.9296
9,CC DChg,84.35555555556493,-1.6999,3.9296
9,CC DChg,84.4555555555562,-1.6999,3.9296
9,CC DChg,84.55555555556202,-1.6999,3.9296
9,CC DChg,84.65555555555329,-1.6999,3.9295
9,CC DChg,84.75555555555911,-1.6999,3.9295
9,CC DChg,84.85555555556493,-1.6999,3.9295
9,CC DChg,84.9555555555562,-1.6999,3.9294
9,CC DChg,85.05555555556202,-1.6999,3.9294
9,CC DChg,85.15555555555329,-1.6999,3.9294
9,CC DChg,85.25555555555911,-1.6999,3.9294
9,CC DChg,85.35555555556493,-1.6999,3.9294
9,CC DChg,85.4555555555562,-1.6999,3.9293
9,CC DChg,85.55555555556202,-1.6999,3.9293
9,CC DChg,85.65555555555329,-1.6999,3.9293
9,CC DChg,85.75555555555911,-1.6999,3.9293
9,CC DChg,85.85555555556493,-1.6999,3.9293
9,CC DChg,85.9555555555562,-1.6999,3.9292
9,CC DChg,86.05555555556202,-1.6999,3.9292
9,CC DChg,86.15555555555329,-1.6999,3.9292
9,CC DChg,86.25555555555911,-1.6999,3.9292
9,CC DChg,86.35555555556493,-1.6999,3.9291
9,CC DChg,86.4555555555562,-1.6999,3.9291
9,CC DChg,86.55555555556202,-1.6999,3.9291
9,CC DChg,86.65555555555329,-1.6999,3.929
9,CC DChg,86.75555555555911,-1.6999,3.929
9,CC DChg,86.85555555556493,-1.6999,3.929
9,CC DChg,86.9555555555562,-1.6999,3.9289
9,CC DChg,87.05555555556202,-1.6999,3.9289
9,CC DChg,87.15555555555329,-1.6999,3.9289
9,CC DChg,87.25555555555911,-1.6999,3.9289
9,CC DChg,87.35555555556493,-1.6999,3.9289
9,CC DChg,87.4555555555562,-1.6999,3.9289
9,CC DChg,87.55555555556202,-1.6999,3.9288
9,CC DChg,87.65555555555329,-1.6999,3.9288
9,CC DChg,87.75555555555911,-1.6999,3.9288
9,CC DChg,87.85555555556493,-1.6999,3.9287
9,CC DChg,87.9555555555562,-1.6999,3.9287
9,CC DChg,88.05555555556202,-1.6999,3.9287
9,CC DChg,88.15555555555329,-1.6999,3.9287
9,CC DChg,88.25555555555911,-1.6999,3.9287
9,CC DChg,88.35555555556493,-1.6999,3.9286
9,CC DChg,88.4555555555562,-1.6999,3.9286
9,CC DChg,88.55555555556202,-1.6999,3.9286
9,CC DChg,88.65555555555329,-1.6999,3.9286
9,CC DChg,88.75555555555911,-1.7,3.9286
9,CC DChg,88.85555555556493,-1.7,3.9286
9,CC DChg,88.9555555555562,-1.7,3.9285
9,CC DChg,89.05555555556202,-1.7,3.9285
9,CC DChg,89.15555555555329,-1.7,3.9285
9,CC DChg,89.25555555555911,-1.7,3.9285
9,CC DChg,89.35555555556493,-1.7,3.9284
9,CC DChg,89.4555555555562,-1.7,3.9284
9,CC DChg,89.55555555556202,-1.7,3.9284
9,CC DChg,89.65555555555329,-1.7,3.9284
9,CC DChg,89.75555555555911,-1.7,3.9283
9,CC DChg,89.85555555556493,-1.7,3.9283
9,CC DChg,89.9555555555562,-1.7,3.9283
9,CC DChg,90.05555555556202,-1.7,3.9283
9,CC DChg,90.15555555555329,-1.7,3.9283
9,CC DChg,90.25555555555911,-1.7,3.9283
9,CC DChg,90.35555555556493,-1.7,3.9283
9,CC DChg,90.4555555555562,-1.7,3.9282
9,CC DChg,90.55555555556202,-1.7,3.9282
9,CC DChg,90.65555555555329,-1.7,3.9282
9,CC DChg,90.75555555555911,-1.7,3.9282
9,CC DChg,90.85555555556493,-1.7,3.9282
9,CC DChg,90.9555555555562,-1.7,3.9281
9,CC DChg,91.05555555556202,-1.7,3.9281
9,CC DChg,91.15555555555329,-1.7,3.9281
9,CC DChg,91.25555555555911,-1.7,3.9281
9,CC DChg,91.35555555556493,-1.7,3.9281
9,CC DChg,91.4555555555562,-1.7,3.9281
9,CC DChg,91.55555555556202,-1.7,3.928
9,CC DChg,91.65555555555329,-1.7,3.928
9,CC DChg,91.75555555555911,-1.7,3.928
9,CC DChg,91.85555555556493,-1.7,3.9279
9,CC DChg,91.9555555555562,-1.7,3.9279
9,CC DChg,92.05555555556202,-1.7,3.9279
9,CC DChg,92.15555555555329,-1.7,3.9279
9,CC DChg,92.25555555555911,-1.7,3.9279
9,CC DChg,92.35555555556493,-1.7,3.9278
9,CC DChg,92.4555555555562,-1.7,3.9278
9,CC DChg,92.55555555556202,-1.7,3.9278
9,CC DChg,92.65555555555329,-1.7,3.9278
9,CC DChg,92.75555555555911,-1.7,3.9278
9,CC DChg,92.85555555556493,-1.7,3.9277
9,CC DChg,92.9555555555562,-1.7,3.9277
9,CC DChg,93.05555555556202,-1.7,3.9277
9,CC DChg,93.15555555555329,-1.7,3.9277
9,CC DChg,93.25555555555911,-1.7,3.9277
9,CC DChg,93.35555555556493,-1.7,3.9277
9,CC DChg,93.4555555555562,-1.7,3.9276
9,CC DChg,93.55555555556202,-1.7,3.9276
9,CC DChg,93.65555555555329,-1.7,3.9276
9,CC DChg,93.75555555555911,-1.7,3.9276
9,CC DChg,93.85555555556493,-1.7,3.9275
9,CC DChg,93.9555555555562,-1.7,3.9275
9,CC DChg,94.05555555556202,-1.7,3.9275
9,CC DChg,94.15555555555329,-1.7,3.9275
9,CC DChg,94.25555555555911,-1.7,3.9275
9,CC DChg,94.35555555556493,-1.7,3.9274
9,CC DChg,94.4555555555562,-1.7,3.9274
9,CC DChg,94.55555555556202,-1.7,3.9274
9,CC DChg,94.65555555555329,-1.7,3.9273
9,CC DChg,94.75555555555911,-1.7,3.9273
9,CC DChg,94.85555555556493,-1.7,3.9273
9,CC DChg,94.9555555555562,-1.7,3.9273
9,CC DChg,95.05555555556202,-1.7,3.9273
9,CC DChg,95.15555555555329,-1.7,3.9272
9,CC DChg,95.25555555555911,-1.7,3.9272
9,CC DChg,95.35555555556493,-1.7,3.9272
9,CC DChg,95.4555555555562,-1.7,3.9272
9,CC DChg,95.55555555556202,-1.7,3.9272
9,CC DChg,95.65555555555329,-1.7,3.9271
9,CC DChg,95.75555555555911,-1.7,3.9271
9,CC DChg,95.85555555556493,-1.7,3.9271
9,CC DChg,95.9555555555562,-1.7,3.9271
9,CC DChg,96.05555555556202,-1.7,3.9271
9,CC DChg,96.15555555555329,-1.7,3.9271
9,CC DChg,96.25555555555911,-1.7,3.9271
9,CC DChg,96.35555555556493,-1.7,3.927
9,CC DChg,96.4555555555562,-1.7,3.927
9,CC DChg,96.55555555556202,-1.7,3.927
9,CC DChg,96.65555555555329,-1.7,3.9269
9,CC DChg,96.75555555555911,-1.7,3.9269
9,CC DChg,96.85555555556493,-1.7,3.9269
9,CC DChg,96.9555555555562,-1.7,3.9269
9,CC DChg,97.05555555556202,-1.7,3.9269
9,CC DChg,97.15555555555329,-1.7,3.9268
9,CC DChg,97.25555555555911,-1.7,3.9268
9,CC DChg,97.35555555556493,-1.7,3.9268
9,CC DChg,97.4555555555562,-1.7,3.9268
9,CC DChg,97.55555555556202,-1.7,3.9268
9,CC DChg,97.65555555555329,-1.6999,3.9267
9,CC DChg,97.75555555555911,-1.6999,3.9267
9,CC DChg,97.85555555556493,-1.6999,3.9267
9,CC DChg,97.9555555555562,-1.6999,3.9267
9,CC DChg,98.05555555556202,-1.6999,3.9267
9,CC DChg,98.15555555555329,-1.6999,3.9267
9,CC DChg,98.25555555555911,-1.6999,3.9266
9,CC DChg,98.35555555556493,-1.6999,3.9266
9,CC DChg,98.4555555555562,-1.6999,3.9266
9,CC DChg,98.55555555556202,-1.6999,3.9266
9,CC DChg,98.65555555555329,-1.6999,3.9265
9,CC DChg,98.75555555555911,-1.6999,3.9265
9,CC DChg,98.85555555556493,-1.6999,3.9265
9,CC DChg,98.9555555555562,-1.6999,3.9265
9,CC DChg,99.05555555556202,-1.6999,3.9264
9,CC DChg,99.15555555555329,-1.6999,3.9264
9,CC DChg,99.25555555555911,-1.6999,3.9264
9,CC DChg,99.35555555556493,-1.6999,3.9264
9,CC DChg,99.4555555555562,-1.6999,3.9264
9,CC DChg,99.55555555556202,-1.6999,3.9263
9,CC DChg,99.65555555555329,-1.6999,3.9263
9,CC DChg,99.75555555555911,-1.6999,3.9263
9,CC DChg,99.85555555556493,-1.6999,3.9262
9,CC DChg,99.9555555555562,-1.6999,3.9262
9,CC DChg,100.05555555556202,-1.6999,3.9262
9,CC DChg,100.15555555555329,-1.6999,3.9262
9,CC DChg,100.25555555555911,-1.6999,3.9262
9,CC DChg,100.35555555556493,-1.6999,3.9262
9,CC DChg,100.4555555555562,-1.6999,3.9261
9,CC DChg,100.55555555556202,-1.6999,3.9261
9,CC DChg,100.65555555555329,-1.6999,3.9261
9,CC DChg,100.75555555555911,-1.6999,3.9261
9,CC DChg,100.85555555556493,-1.6999,3.9261
9,CC DChg,100.9555555555562,-1.6999,3.926
9,CC DChg,101.05555555556202,-1.6999,3.926
9,CC DChg,101.15555555555329,-1.6999,3.926
9,CC DChg,101.25555555555911,-1.6999,3.9259
9,CC DChg,101.35555555556493,-1.6999,3.9259
9,CC DChg,101.4555555555562,-1.6999,3.9259
9,CC DChg,101.55555555556202,-1.6999,3.9259
9,CC DChg,101.65555555555329,-1.6999,3.9259
9,CC DChg,101.75555555555911,-1.6999,3.9259
9,CC DChg,101.85555555556493,-1.6999,3.9259
9,CC DChg,101.9555555555562,-1.6999,3.9258
9,CC DChg,102.05555555556202,-1.6999,3.9258
9,CC DChg,102.15555555555329,-1.6999,3.9258
9,CC DChg,102.25555555555911,-1.6999,3.9258
9,CC DChg,102.35555555556493,-1.6999,3.9258
9,CC DChg,102.4555555555562,-1.6999,3.9258
9,CC DChg,102.55555555556202,-1.6999,3.9257
9,CC DChg,102.65555555555329,-1.6999,3.9257
9,CC DChg,102.75555555555911,-1.6999,3.9257
9,CC DChg,102.85555555556493,-1.6999,3.9257
9,CC DChg,102.9555555555562,-1.6999,3.9257
9,CC DChg,103.05555555556202,-1.6999,3.9257
9,CC DChg,103.15555555555329,-1.6999,3.9256
9,CC DChg,103.25555555555911,-1.6999,3.9256
9,CC DChg,103.35555555556493,-1.6999,3.9256
9,CC DChg,103.4555555555562,-1.6999,3.9255
9,CC DChg,103.55555555556202,-1.6999,3.9255
9,CC DChg,103.65555555555329,-1.6999,3.9255
9,CC DChg,103.75555555555911,-1.6999,3.9255
9,CC DChg,103.85555555556493,-1.6999,3.9255
9,CC DChg,103.9555555555562,-1.6999,3.9255
9,CC DChg,104.05555555556202,-1.6999,3.9255
9,CC DChg,104.15555555555329,-1.6999,3.9254
9,CC DChg,104.25555555555911,-1.6999,3.9254
9,CC DChg,104.35555555556493,-1.6999,3.9254
9,CC DChg,104.4555555555562,-1.6999,3.9254
9,CC DChg,104.55555555556202,-1.6999,3.9254
9,CC DChg,104.65555555555329,-1.6999,3.9254
9,CC DChg,104.75555555555911,-1.6999,3.9253
9,CC DChg,104.85555555556493,-1.6999,3.9253
9,CC DChg,104.9555555555562,-1.6999,3.9253
9,CC DChg,105.05555555556202,-1.6999,3.9253
9,CC DChg,105.15555555555329,-1.6999,3.9252
9,CC DChg,105.25555555555911,-1.6999,3.9252
9,CC DChg,105.35555555556493,-1.6999,3.9252
9,CC DChg,105.4555555555562,-1.6999,3.9252
9,CC DChg,105.55555555556202,-1.6999,3.9252
9,CC DChg,105.65555555555329,-1.6999,3.9251
9,CC DChg,105.75555555555911,-1.6999,3.9251
9,CC DChg,105.85555555556493,-1.6999,3.9251
9,CC DChg,105.9555555555562,-1.6999,3.9251
9,CC DChg,106.05555555556202,-1.6999,3.9251
9,CC DChg,106.15555555555329,-1.6999,3.9251
9,CC DChg,106.25555555555911,-1.6999,3.925
9,CC DChg,106.35555555556493,-1.6999,3.925
9,CC DChg,106.4555555555562,-1.6999,3.925
9,CC DChg,106.55555555556202,-1.6999,3.925
9,CC DChg,106.65555555555329,-1.6999,3.925
9,CC DChg,106.75555555555911,-1.6999,3.9249
9,CC DChg,106.85555555556493,-1.6999,3.9249
9,CC DChg,106.9555555555562,-1.6999,3.9249
9,CC DChg,107.05555555556202,-1.6999,3.9249
9,CC DChg,107.15555555555329,-1.6999,3.9249
9,CC DChg,107.25555555555911,-1.6999,3.9248
9,CC DChg,107.35555555556493,-1.6999,3.9248
9,CC DChg,107.4555555555562,-1.6999,3.9248
9,CC DChg,107.55555555556202,-1.6999,3.9248
9,CC DChg,107.65555555555329,-1.6999,3.9247
9,CC DChg,107.75555555555911,-1.6999,3.9247
9,CC DChg,107.85555555556493,-1.6999,3.9247
9,CC DChg,107.9555555555562,-1.6999,3.9247
9,CC DChg,108.05555555556202,-1.6999,3.9247
9,CC DChg,108.15555555555329,-1.6999,3.9246
9,CC DChg,108.25555555555911,-1.6999,3.9246
9,CC DChg,108.35555555556493,-1.6999,3.9246
9,CC DChg,108.4555555555562,-1.6999,3.9246
9,CC DChg,108.55555555556202,-1.6999,3.9246
9,CC DChg,108.65555555555329,-1.6999,3.9246
9,CC DChg,108.75555555555911,-1.6999,3.9246
9,CC DChg,108.85555555556493,-1.6999,3.9246
9,CC DChg,108.9555555555562,-1.6999,3.9245
9,CC DChg,109.05555555556202,-1.6999,3.9245
9,CC DChg,109.15555555555329,-1.6999,3.9245
9,CC DChg,109.25555555555911,-1.6999,3.9244
9,CC DChg,109.35555555556493,-1.6999,3.9244
9,CC DChg,109.4555555555562,-1.6999,3.9244
9,CC DChg,109.55555555556202,-1.6999,3.9244
9,CC DChg,109.65555555555329,-1.6999,3.9244
9,CC DChg,109.75555555555911,-1.6999,3.9243
9,CC DChg,109.85555555556493,-1.6999,3.9243
9,CC DChg,109.9555555555562,-1.6999,3.9243
9,CC DChg,110.05555555556202,-1.6999,3.9243
9,CC DChg,110.15555555555329,-1.6999,3.9243
9,CC DChg,110.25555555555911,-1.6999,3.9243
9,CC DChg,110.35555555556493,-1.6999,3.9243
9,CC DChg,110.4555555555562,-1.6999,3.9243
9,CC DChg,110.55555555556202,-1.6999,3.9242
9,CC DChg,110.65555555555329,-1.6999,3.9242
9,CC DChg,110.75555555555911,-1.6999,3.9242
9,CC DChg,110.85555555556493,-1.6999,3.9242
9,CC DChg,110.9555555555562,-1.6999,3.9241
9,CC DChg,111.05555555556202,-1.6999,3.9241
9,CC DChg,111.15555555555329,-1.6999,3.9241
9,CC DChg,111.25555555555911,-1.6999,3.9241
9,CC DChg,111.35555555556493,-1.6999,3.9241
9,CC DChg,111.4555555555562,-1.7,3.9241
9,CC DChg,111.55555555556202,-1.7,3.924
9,CC DChg,111.65555555555329,-1.7,3.924
9,CC DChg,111.75555555555911,-1.7,3.924
9,CC DChg,111.85555555556493,-1.7,3.924
9,CC DChg,111.9555555555562,-1.7,3.9239
9,CC DChg,112.05555555556202,-1.7,3.9239
9,CC DChg,112.15555555555329,-1.7,3.9239
9,CC DChg,112.25555555555911,-1.7,3.9239
9,CC DChg,112.35555555556493,-1.7,3.9239
9,CC DChg,112.4555555555562,-1.7,3.9239
9,CC DChg,112.55555555556202,-1.7,3.9239
9,CC DChg,112.65555555555329,-1.7,3.9238
9,CC DChg,112.75555555555911,-1.6999,3.9238
9,CC DChg,112.85555555556493,-1.7,3.9238
9,CC DChg,112.9555555555562,-1.7,3.9238
9,CC DChg,113.05555555556202,-1.7,3.9238
9,CC DChg,113.15555555555329,-1.7,3.9238
9,CC DChg,113.25555555555911,-1.7,3.9238
9,CC DChg,113.35555555556493,-1.7,3.9237
9,CC DChg,113.4555555555562,-1.7,3.9237
9,CC DChg,113.55555555556202,-1.7,3.9237
9,CC DChg,113.65555555555329,-1.7,3.9237
9,CC DChg,113.75555555555911,-1.7,3.9236
9,CC DChg,113.85555555556493,-1.7,3.9236
9,CC DChg,113.9555555555562,-1.7,3.9236
9,CC DChg,114.05555555556202,-1.7,3.9236
9,CC DChg,114.15555555555329,-1.6999,3.9236
9,CC DChg,114.25555555555911,-1.6999,3.9236
9,CC DChg,114.35555555556493,-1.6999,3.9235
9,CC DChg,114.4555555555562,-1.6999,3.9235
9,CC DChg,114.55555555556202,-1.6999,3.9235
9,CC DChg,114.65555555555329,-1.6999,3.9235
9,CC DChg,114.75555555555911,-1.6999,3.9235
9,CC DChg,114.85555555556493,-1.6999,3.9235
9,CC DChg,114.9555555555562,-1.6999,3.9235
9,CC DChg,115.05555555556202,-1.6999,3.9234
9,CC DChg,115.15555555555329,-1.6999,3.9234
9,CC DChg,115.25555555555911,-1.6999,3.9234
9,CC DChg,115.35555555556493,-1.6999,3.9234
9,CC DChg,115.4555555555562,-1.6999,3.9233
9,CC DChg,115.55555555556202,-1.6999,3.9233
9,CC DChg,115.65555555555329,-1.6999,3.9234
9,CC DChg,115.75555555555911,-1.6999,3.9233
9,CC DChg,115.85555555556493,-1.6999,3.9233
9,CC DChg,115.9555555555562,-1.6999,3.9233
9,CC DChg,116.05555555556202,-1.6999,3.9233
9,CC DChg,116.15555555555329,-1.6999,3.9232
9,CC DChg,116.25555555555911,-1.6999,3.9232
9,CC DChg,116.35555555556493,-1.6999,3.9232
9,CC DChg,116.4555555555562,-1.6999,3.9232
9,CC DChg,116.55555555556202,-1.6999,3.9232
9,CC DChg,116.65555555555329,-1.6999,3.9232
9,CC DChg,116.75555555555911,-1.6999,3.9231
9,CC DChg,116.85555555556493,-1.6999,3.9231
9,CC DChg,116.9555555555562,-1.6999,3.9231
9,CC DChg,117.05555555556202,-1.6999,3.9231
9,CC DChg,117.15555555555329,-1.6999,3.923
9,CC DChg,117.25555555555911,-1.6999,3.923
9,CC DChg,117.35555555556493,-1.6999,3.923
9,CC DChg,117.4555555555562,-1.6999,3.923
9,CC DChg,117.55555555556202,-1.6999,3.923
9,CC DChg,117.65555555555329,-1.6999,3.923
9,CC DChg,117.75555555555911,-1.6999,3.923
9,CC DChg,117.85555555556493,-1.6999,3.923
9,CC DChg,117.9555555555562,-1.6999,3.923
9,CC DChg,118.05555555556202,-1.6999,3.9229
9,CC DChg,118.15555555555329,-1.6999,3.9229
9,CC DChg,118.25555555555911,-1.6999,3.9229
9,CC DChg,118.35555555556493,-1.6999,3.9229
9,CC DChg,118.4555555555562,-1.6999,3.9229
9,CC DChg,118.55555555556202,-1.6999,3.9228
9,CC DChg,118.65555555555329,-1.6999,3.9228
9,CC DChg,118.75555555555911,-1.6999,3.9228
9,CC DChg,118.85555555556493,-1.6999,3.9228
9,CC DChg,118.9555555555562,-1.6999,3.9228
9,CC DChg,119.05555555556202,-1.6999,3.9227
9,CC DChg,119.15555555555329,-1.6999,3.9227
9,CC DChg,119.25555555555911,-1.6999,3.9227
9,CC DChg,119.35555555556493,-1.6999,3.9227
9,CC DChg,119.4555555555562,-1.6999,3.9227
9,CC DChg,119.55555555556202,-1.6999,3.9227
9,CC DChg,119.65555555555329,-1.6999,3.9226
9,CC DChg,119.75555555555911,-1.6999,3.9226
9,CC DChg,119.85555555556493,-1.6999,3.9226
9,CC DChg,119.9555555555562,-1.6999,3.9226
9,CC DChg,120.05555555556202,-1.6999,3.9226
9,CC DChg,120.15555555555329,-1.6999,3.9226
9,CC DChg,120.25555555555911,-1.6999,3.9226
9,CC DChg,120.35555555556493,-1.6999,3.9226
9,CC DChg,120.4555555555562,-1.6999,3.9226
9,CC DChg,120.55555555556202,-1.6999,3.9225
9,CC DChg,120.65555555555329,-1.6999,3.9225
9,CC DChg,120.75555555555911,-1.6999,3.9225
9,CC DChg,120.85555555556493,-1.6999,3.9224
9,CC DChg,120.9555555555562,-1.6999,3.9224
9,CC DChg,121.05555555556202,-1.6999,3.9224
9,CC DChg,121.15555555555329,-1.6999,3.9224
9,CC DChg,121.25555555555911,-1.6999,3.9224
9,CC DChg,121.35555555556493,-1.6999,3.9223
9,CC DChg,121.4555555555562,-1.6999,3.9223
9,CC DChg,121.55555555556202,-1.6999,3.9223
9,CC DChg,121.65555555555329,-1.6999,3.9223
9,CC DChg,121.75555555555911,-1.6999,3.9223
9,CC DChg,121.85555555556493,-1.6999,3.9223
9,CC DChg,121.9555555555562,-1.6999,3.9223
9,CC DChg,122.05555555556202,-1.6999,3.9222
9,CC DChg,122.15555555555329,-1.6999,3.9222
9,CC DChg,122.25555555555911,-1.6999,3.9222
9,CC DChg,122.35555555556493,-1.6999,3.9222
9,CC DChg,122.4555555555562,-1.6999,3.9222
9,CC DChg,122.55555555556202,-1.6999,3.9222
9,CC DChg,122.65555555555329,-1.6999,3.9221
9,CC DChg,122.75555555555911,-1.6999,3.9221
9,CC DChg,122.85555555556493,-1.6999,3.9221
9,CC DChg,122.9555555555562,-1.6999,3.9221
9,CC DChg,123.05555555556202,-1.6999,3.9221
9,CC DChg,123.15555555555329,-1.6999,3.922
9,CC DChg,123.25555555555911,-1.6999,3.922
9,CC DChg,123.35555555556493,-1.6999,3.922
9,CC DChg,123.4555555555562,-1.6999,3.922
9,CC DChg,123.55555555556202,-1.6999,3.922
9,CC DChg,123.65555555555329,-1.6999,3.922
9,CC DChg,123.75555555555911,-1.6999,3.922
9,CC DChg,123.85555555556493,-1.6999,3.922
9,CC DChg,123.9555555555562,-1.6999,3.922
9,CC DChg,124.05555555556202,-1.6999,3.9219
9,CC DChg,124.15555555555329,-1.6999,3.9219
9,CC DChg,124.25555555555911,-1.6999,3.9219
9,CC DChg,124.35555555556493,-1.6999,3.9219
9,CC DChg,124.4555555555562,-1.6999,3.9218
9,CC DChg,124.55555555556202,-1.6999,3.9219
9,CC DChg,124.65555555555329,-1.6999,3.9219
9,CC DChg,124.75555555555911,-1.6999,3.9219
9,CC DChg,124.85555555556493,-1.6999,3.9218
9,CC DChg,124.9555555555562,-1.6999,3.9218
9,CC DChg,125.05555555556202,-1.6999,3.9218
9,CC DChg,125.15555555555329,-1.6999,3.9218
9,CC DChg,125.25555555555911,-1.6999,3.9218
9,CC DChg,125.35555555556493,-1.6999,3.9218
9,CC DChg,125.4555555555562,-1.6999,3.9217
9,CC DChg,125.55555555556202,-1.6999,3.9217
9,CC DChg,125.65555555555329,-1.6999,3.9217
9,CC DChg,125.75555555555911,-1.6999,3.9216
9,CC DChg,125.85555555556493,-1.6999,3.9216
9,CC DChg,125.9555555555562,-1.6999,3.9216
9,CC DChg,126.05555555556202,-1.6999,3.9216
9,CC DChg,126.15555555555329,-1.6999,3.9216
9,CC DChg,126.25555555555911,-1.6999,3.9216
9,CC DChg,126.35555555556493,-1.6999,3.9216
9,CC DChg,126.4555555555562,-1.6999,3.9215
9,CC DChg,126.55555555556202,-1.6999,3.9215
9,CC DChg,126.65555555555329,-1.6999,3.9215
9,CC DChg,126.75555555555911,-1.6999,3.9215
9,CC DChg,126.85555555556493,-1.6999,3.9215
9,CC DChg,126.9555555555562,-1.6999,3.9214
9,CC DChg,127.05555555556202,-1.6999,3.9214
9,CC DChg,127.15555555555329,-1.6999,3.9214
9,CC DChg,127.25555555555911,-1.6999,3.9214
9,CC DChg,127.35555555556493,-1.6999,3.9214
9,CC DChg,127.4555555555562,-1.6999,3.9214
9,CC DChg,127.55555555556202,-1.6999,3.9213
9,CC DChg,127.65555555555329,-1.6999,3.9213
9,CC DChg,127.75555555555911,-1.6999,3.9213
9,CC DChg,127.85555555556493,-1.6999,3.9213
9,CC DChg,127.9555555555562,-1.6999,3.9213
9,CC DChg,128.05555555556202,-1.6999,3.9213
9,CC DChg,128.1555555555533,-1.6999,3.9212
9,CC DChg,128.2555555555591,-1.6999,3.9212
9,CC DChg,128.35555555556493,-1.6999,3.9212
9,CC DChg,128.4555555555562,-1.6999,3.9212
9,CC DChg,128.55555555556202,-1.6999,3.9212
9,CC DChg,128.6555555555533,-1.6999,3.9212
9,CC DChg,128.7555555555591,-1.6999,3.9212
9,CC DChg,128.85555555556493,-1.6999,3.9211
9,CC DChg,128.9555555555562,-1.6999,3.9211
9,CC DChg,129.05555555556202,-1.6999,3.9211
9,CC DChg,129.1555555555533,-1.6999,3.9211
9,CC DChg,129.2555555555591,-1.6999,3.9211
9,CC DChg,129.35555555556493,-1.6999,3.921
9,CC DChg,129.4555555555562,-1.6999,3.921
9,CC DChg,129.55555555556202,-1.6999,3.921
9,CC DChg,129.6555555555533,-1.6999,3.921
9,CC DChg,129.7555555555591,-1.6999,3.921
9,CC DChg,129.85555555556493,-1.6999,3.9209
9,CC DChg,129.9555555555562,-1.6999,3.921
9,CC DChg,130.05555555556202,-1.6999,3.9209
9,CC DChg,130.1555555555533,-1.6999,3.9209
9,CC DChg,130.2555555555591,-1.6999,3.9209
9,CC DChg,130.35555555556493,-1.6999,3.9209
9,CC DChg,130.4555555555562,-1.6999,3.9209
9,CC DChg,130.55555555556202,-1.6999,3.9209
9,CC DChg,130.6555555555533,-1.6999,3.9208
9,CC DChg,130.7555555555591,-1.6999,3.9208
9,CC DChg,130.85555555556493,-1.6999,3.9208
9,CC DChg,130.9555555555562,-1.6999,3.9208
9,CC DChg,131.05555555556202,-1.6999,3.9208
9,CC DChg,131.1555555555533,-1.6999,3.9208
9,CC DChg,131.2555555555591,-1.6999,3.9207
9,CC DChg,131.35555555556493,-1.6999,3.9207
9,CC DChg,131.4555555555562,-1.7,3.9207
9,CC DChg,131.55555555556202,-1.7,3.9207
9,CC DChg,131.6555555555533,-1.7,3.9207
9,CC DChg,131.7555555555591,-1.7,3.9207
9,CC DChg,131.85555555556493,-1.7,3.9207
9,CC DChg,131.9555555555562,-1.7,3.9207
9,CC DChg,132.05555555556202,-1.7,3.9206
9,CC DChg,132.1555555555533,-1.7,3.9206
9,CC DChg,132.2555555555591,-1.7,3.9206
9,CC DChg,132.35555555556493,-1.7,3.9206
9,CC DChg,132.4555555555562,-1.7,3.9205
9,CC DChg,132.55555555556202,-1.7,3.9206
9,CC DChg,132.6555555555533,-1.7,3.9205
9,CC DChg,132.7555555555591,-1.7,3.9205
9,CC DChg,132.85555555556493,-1.7,3.9205
9,CC DChg,132.9555555555562,-1.7,3.9205
9,CC DChg,133.05555555556202,-1.7,3.9205
9,CC DChg,133.1555555555533,-1.7,3.9205
9,CC DChg,133.2555555555591,-1.7,3.9205
9,CC DChg,133.35555555556493,-1.7,3.9204
9,CC DChg,133.4555555555562,-1.7,3.9204
9,CC DChg,133.55555555556202,-1.7,3.9204
9,CC DChg,133.6555555555533,-1.7,3.9204
9,CC DChg,133.7555555555591,-1.7,3.9204
9,CC DChg,133.85555555556493,-1.7,3.9204
9,CC DChg,133.9555555555562,-1.7,3.9204
9,CC DChg,134.05555555556202,-1.7,3.9204
9,CC DChg,134.1555555555533,-1.7,3.9203
9,CC DChg,134.2555555555591,-1.7,3.9203
9,CC DChg,134.35555555556493,-1.7,3.9203
9,CC DChg,134.4555555555562,-1.7,3.9203
9,CC DChg,134.55555555556202,-1.7,3.9203
9,CC DChg,134.6555555555533,-1.7,3.9203
9,CC DChg,134.7555555555591,-1.7,3.9203
9,CC DChg,134.85555555556493,-1.7,3.9202
9,CC DChg,134.9555555555562,-1.7,3.9202
9,CC DChg,135.05555555556202,-1.7,3.9202
9,CC DChg,135.1555555555533,-1.7,3.9202
9,CC DChg,135.2555555555591,-1.7,3.9202
9,CC DChg,135.35555555556493,-1.7,3.9202
9,CC DChg,135.4555555555562,-1.7,3.9202
9,CC DChg,135.55555555556202,-1.7,3.9202
9,CC DChg,135.6555555555533,-1.7,3.9202
9,CC DChg,135.7555555555591,-1.7,3.9201
9,CC DChg,135.85555555556493,-1.7,3.9201
9,CC DChg,135.9555555555562,-1.7,3.9202
9,CC DChg,136.05555555556202,-1.7,3.9201
9,CC DChg,136.1555555555533,-1.7,3.9201
9,CC DChg,136.2555555555591,-1.7,3.9201
9,CC DChg,136.35555555556493,-1.7,3.9201
9,CC DChg,136.4555555555562,-1.7,3.9201
9,CC DChg,136.55555555556202,-1.7,3.92
9,CC DChg,136.6555555555533,-1.7,3.92
9,CC DChg,136.7555555555591,-1.7,3.92
9,CC DChg,136.85555555556493,-1.7,3.92
9,CC DChg,136.9555555555562,-1.7,3.9199
9,CC DChg,137.05555555556202,-1.7,3.9199
9,CC DChg,137.1555555555533,-1.7,3.9199
9,CC DChg,137.2555555555591,-1.7,3.9199
9,CC DChg,137.35555555556493,-1.7,3.9198
9,CC DChg,137.4555555555562,-1.7,3.9198
9,CC DChg,137.55555555556202,-1.7,3.9198
9,CC DChg,137.6555555555533,-1.7,3.9198
9,CC DChg,137.7555555555591,-1.7,3.9198
9,CC DChg,137.85555555556493,-1.7,3.9198
9,CC DChg,137.9555555555562,-1.7,3.9198
9,CC DChg,138.05555555556202,-1.7,3.9197
9,CC DChg,138.1555555555533,-1.7,3.9197
9,CC DChg,138.2555555555591,-1.7,3.9197
9,CC DChg,138.35555555556493,-1.7,3.9197
9,CC DChg,138.4555555555562,-1.7,3.9197
9,CC DChg,138.55555555556202,-1.7,3.9197
9,CC DChg,138.6555555555533,-1.7,3.9197
9,CC DChg,138.7555555555591,-1.7,3.9196
9,CC DChg,138.85555555556493,-1.7,3.9196
9,CC DChg,138.9555555555562,-1.7,3.9196
9,CC DChg,139.05555555556202,-1.7,3.9196
9,CC DChg,139.1555555555533,-1.7,3.9196
9,CC DChg,139.2555555555591,-1.7,3.9196
9,CC DChg,139.35555555556493,-1.7,3.9196
9,CC DChg,139.4555555555562,-1.7,3.9196
9,CC DChg,139.55555555556202,-1.7,3.9195
9,CC DChg,139.6555555555533,-1.7,3.9195
9,CC DChg,139.7555555555591,-1.7,3.9195
9,CC DChg,139.85555555556493,-1.7,3.9195
9,CC DChg,139.9555555555562,-1.7,3.9195
9,CC DChg,140.05555555556202,-1.7,3.9195
9,CC DChg,140.1555555555533,-1.7,3.9195
9,CC DChg,140.2555555555591,-1.7,3.9194
9,CC DChg,140.35555555556493,-1.7,3.9194
9,CC DChg,140.4555555555562,-1.7,3.9194
9,CC DChg,140.55555555556202,-1.7,3.9194
9,CC DChg,140.6555555555533,-1.7,3.9194
9,CC DChg,140.7555555555591,-1.7,3.9194
9,CC DChg,140.85555555556493,-1.7,3.9193
9,CC DChg,140.9555555555562,-1.7,3.9193
9,CC DChg,141.05555555556202,-1.7,3.9194
9,CC DChg,141.1555555555533,-1.7,3.9193
9,CC DChg,141.2555555555591,-1.7,3.9193
9,CC DChg,141.35555555556493,-1.7,3.9193
9,CC DChg,141.4555555555562,-1.7,3.9193
9,CC DChg,141.55555555556202,-1.7,3.9193
9,CC DChg,141.6555555555533,-1.7,3.9193
9,CC DChg,141.7555555555591,-1.7,3.9192
9,CC DChg,141.85555555556493,-1.7,3.9192
9,CC DChg,141.9555555555562,-1.7,3.9192
9,CC DChg,142.05555555556202,-1.7,3.9192
9,CC DChg,142.1555555555533,-1.7,3.9192
9,CC DChg,142.2555555555591,-1.7,3.9191
9,CC DChg,142.35555555556493,-1.7,3.9191
9,CC DChg,142.4555555555562,-1.7,3.9191
9,CC DChg,142.55555555556202,-1.7,3.9191
9,CC DChg,142.6555555555533,-1.7,3.9191
9,CC DChg,142.7555555555591,-1.7,3.9191
9,CC DChg,142.85555555556493,-1.6999,3.9191
9,CC DChg,142.9555555555562,-1.6999,3.9191
9,CC DChg,143.05555555556202,-1.6999,3.919
9,CC DChg,143.1555555555533,-1.6999,3.919
9,CC DChg,143.2555555555591,-1.6999,3.919
9,CC DChg,143.35555555556493,-1.6999,3.919
9,CC DChg,143.4555555555562,-1.6999,3.919
9,CC DChg,143.55555555556202,-1.6999,3.919
9,CC DChg,143.6555555555533,-1.6999,3.919
9,CC DChg,143.7555555555591,-1.6999,3.919
9,CC DChg,143.85555555556493,-1.6999,3.9189
9,CC DChg,143.9555555555562,-1.6999,3.9189
9,CC DChg,144.05555555556202,-1.6999,3.9189
9,CC DChg,144.1555555555533,-1.6999,3.9189
9,CC DChg,144.2555555555591,-1.6999,3.9189
9,CC DChg,144.35555555556493,-1.6999,3.9189
9,CC DChg,144.4555555555562,-1.6999,3.9188
9,CC DChg,144.55555555556202,-1.6999,3.9188
9,CC DChg,144.6555555555533,-1.6999,3.9188
9,CC DChg,144.7555555555591,-1.6999,3.9188
9,CC DChg,144.85555555556493,-1.6999,3.9188
9,CC DChg,144.9555555555562,-1.6999,3.9188
9,CC DChg,145.05555555556202,-1.6999,3.9187
9,CC DChg,145.1555555555533,-1.6999,3.9187
9,CC DChg,145.2555555555591,-1.6999,3.9187
9,CC DChg,145.35555555556493,-1.6999,3.9187
9,CC DChg,145.4555555555562,-1.6999,3.9187
9,CC DChg,145.55555555556202,-1.6999,3.9186
9,CC DChg,145.6555555555533,-1.6998,3.9186
9,CC DChg,145.7555555555591,-1.6998,3.9186
9,CC DChg,145.85555555556493,-1.6998,3.9186
9,CC DChg,145.9555555555562,-1.6998,3.9186
9,CC DChg,146.05555555556202,-1.6998,3.9185
9,CC DChg,146.1555555555533,-1.6998,3.9185
9,CC DChg,146.2555555555591,-1.6998,3.9185
9,CC DChg,146.35555555556493,-1.6998,3.9185
9,CC DChg,146.4555555555562,-1.6998,3.9185
9,CC DChg,146.55555555556202,-1.6998,3.9185
9,CC DChg,146.6555555555533,-1.6998,3.9185
9,CC DChg,146.7555555555591,-1.6998,3.9185
9,CC DChg,146.85555555556493,-1.6998,3.9184
9,CC DChg,146.9555555555562,-1.6998,3.9184
9,CC DChg,147.05555555556202,-1.6998,3.9184
9,CC DChg,147.1555555555533,-1.6998,3.9184
9,CC DChg,147.2555555555591,-1.6998,3.9184
9,CC DChg,147.35555555556493,-1.6998,3.9183
9,CC DChg,147.4555555555562,-1.6998,3.9183
9,CC DChg,147.55555555556202,-1.6998,3.9183
9,CC DChg,147.6555555555533,-1.6998,3.9183
9,CC DChg,147.7555555555591,-1.6998,3.9183
9,CC DChg,147.85555555556493,-1.6998,3.9183
9,CC DChg,147.9555555555562,-1.6998,3.9183
9,CC DChg,148.05555555556202,-1.6998,3.9182
9,CC DChg,148.1555555555533,-1.6998,3.9182
9,CC DChg,148.2555555555591,-1.6998,3.9182
9,CC DChg,148.35555555556493,-1.6998,3.9182
9,CC DChg,148.4555555555562,-1.6998,3.9182
9,CC DChg,148.55555555556202,-1.6998,3.9181
9,CC DChg,148.6555555555533,-1.6998,3.9181
9,CC DChg,148.7555555555591,-1.6998,3.9181
9,CC DChg,148.85555555556493,-1.6998,3.9181
9,CC DChg,148.9555555555562,-1.6998,3.9181
9,CC DChg,149.05555555556202,-1.6999,3.9181
9,CC DChg,149.1555555555533,-1.6999,3.9181
9,CC DChg,149.2555555555591,-1.6999,3.9181
9,CC DChg,149.35555555556493,-1.6999,3.918
9,CC DChg,149.4555555555562,-1.6999,3.918
9,CC DChg,149.55555555556202,-1.6999,3.918
9,CC DChg,149.6555555555533,-1.6999,3.918
9,CC DChg,149.7555555555591,-1.6999,3.918
9,CC DChg,149.85555555556493,-1.6999,3.918
9,CC DChg,149.9555555555562,-1.6999,3.918
9,CC DChg,150.05555555556202,-1.6999,3.9179
9,CC DChg,150.1555555555533,-1.6999,3.9179
9,CC DChg,150.2555555555591,-1.6999,3.9179
9,CC DChg,150.35555555556493,-1.6999,3.9179
9,CC DChg,150.4555555555562,-1.6999,3.9179
9,CC DChg,150.55555555556202,-1.6999,3.9179
9,CC DChg,150.6555555555533,-1.6999,3.9178
9,CC DChg,150.7555555555591,-1.6999,3.9178
9,CC DChg,150.85555555556493,-1.6999,3.9178
9,CC DChg,150.9555555555562,-1.6999,3.9178
9,CC DChg,151.05555555556202,-1.6999,3.9178
9,CC DChg,151.1555555555533,-1.6999,3.9178
9,CC DChg,151.2555555555591,-1.6999,3.9178
9,CC DChg,151.35555555556493,-1.6999,3.9178
9,CC DChg,151.4555555555562,-1.6999,3.9177
9,CC DChg,151.55555555556202,-1.6999,3.9177
9,CC DChg,151.6555555555533,-1.6999,3.9177
9,CC DChg,151.7555555555591,-1.6999,3.9177
9,CC DChg,151.85555555556493,-1.6999,3.9176
9,CC DChg,151.9555555555562,-1.6999,3.9176
9,CC DChg,152.05555555556202,-1.6999,3.9177
9,CC DChg,152.1555555555533,-1.6999,3.9176
9,CC DChg,152.2555555555591,-1.6999,3.9176
9,CC DChg,152.35555555556493,-1.6999,3.9176
9,CC DChg,152.4555555555562,-1.6999,3.9176
9,CC DChg,152.55555555556202,-1.6999,3.9176
9,CC DChg,152.6555555555533,-1.6999,3.9176
9,CC DChg,152.7555555555591,-1.6999,3.9175
9,CC DChg,152.85555555556493,-1.6999,3.9175
9,CC DChg,152.9555555555562,-1.6999,3.9175
9,CC DChg,153.05555555556202,-1.6999,3.9175
9,CC DChg,153.1555555555533,-1.6999,3.9175
9,CC DChg,153.2555555555591,-1.6999,3.9175
9,CC DChg,153.35555555556493,-1.6999,3.9175
9,CC DChg,153.4555555555562,-1.6999,3.9175
9,CC DChg,153.55555555556202,-1.6999,3.9175
9,CC DChg,153.6555555555533,-1.6999,3.9174
9,CC DChg,153.7555555555591,-1.6999,3.9174
9,CC DChg,153.85555555556493,-1.6999,3.9174
9,CC DChg,153.9555555555562,-1.6999,3.9174
9,CC DChg,154.05555555556202,-1.6999,3.9174
9,CC DChg,154.1555555555533,-1.6999,3.9174
9,CC DChg,154.2555555555591,-1.7,3.9173
9,CC DChg,154.35555555556493,-1.7,3.9173
9,CC DChg,154.4555555555562,-1.7,3.9173
9,CC DChg,154.55555555556202,-1.7,3.9173
9,CC DChg,154.6555555555533,-1.7,3.9173
9,CC DChg,154.7555555555591,-1.7,3.9173
9,CC DChg,154.85555555556493,-1.7,3.9173
9,CC DChg,154.9555555555562,-1.7,3.9173
9,CC DChg,155.05555555556202,-1.7,3.9172
9,CC DChg,155.1555555555533,-1.7,3.9172
9,CC DChg,155.2555555555591,-1.7,3.9172
9,CC DChg,155.35555555556493,-1.7,3.9172
9,CC DChg,155.4555555555562,-1.7,3.9172
9,CC DChg,155.55555555556202,-1.7,3.9172
9,CC DChg,155.6555555555533,-1.7,3.9171
9,CC DChg,155.7555555555591,-1.6999,3.9171
9,CC DChg,155.85555555556493,-1.6999,3.9171
9,CC DChg,155.9555555555562,-1.6999,3.9171
9,CC DChg,156.05555555556202,-1.6999,3.9171
9,CC DChg,156.1555555555533,-1.6999,3.9171
9,CC DChg,156.2555555555591,-1.6999,3.9171
9,CC DChg,156.35555555556493,-1.6999,3.917
9,CC DChg,156.4555555555562,-1.6999,3.917
9,CC DChg,156.55555555556202,-1.6999,3.917
9,CC DChg,156.6555555555533,-1.6999,3.917
9,CC DChg,156.7555555555591,-1.6999,3.917
9,CC DChg,156.85555555556493,-1.6999,3.917
9,CC DChg,156.9555555555562,-1.6999,3.917
9,CC DChg,157.05555555556202,-1.6999,3.917
9,CC DChg,157.1555555555533,-1.6999,3.917
9,CC DChg,157.2555555555591,-1.6999,3.9169
9,CC DChg,157.35555555556493,-1.6999,3.9169
9,CC DChg,157.4555555555562,-1.6999,3.9169
9,CC DChg,157.55555555556202,-1.6999,3.9169
9,CC DChg,157.6555555555533,-1.6999,3.9169
9,CC DChg,157.7555555555591,-1.6999,3.9168
9,CC DChg,157.85555555556493,-1.6999,3.9168
9,CC DChg,157.9555555555562,-1.6999,3.9168
9,CC DChg,158.05555555556202,-1.6999,3.9168
9,CC DChg,158.1555555555533,-1.6999,3.9168
9,CC DChg,158.2555555555591,-1.6999,3.9168
9,CC DChg,158.35555555556493,-1.6999,3.9168
9,CC DChg,158.4555555555562,-1.6999,3.9167
9,CC DChg,158.55555555556202,-1.6999,3.9167
9,CC DChg,158.6555555555533,-1.6999,3.9167
9,CC DChg,158.7555555555591,-1.6999,3.9167
9,CC DChg,158.85555555556493,-1.6999,3.9167
9,CC DChg,158.9555555555562,-1.6999,3.9167
9,CC DChg,159.05555555556202,-1.6999,3.9167
9,CC DChg,159.1555555555533,-1.6999,3.9167
9,CC DChg,159.2555555555591,-1.6999,3.9166
9,CC DChg,159.35555555556493,-1.6999,3.9166
9,CC DChg,159.4555555555562,-1.6999,3.9166
9,CC DChg,159.55555555556202,-1.6999,3.9166
9,CC DChg,159.6555555555533,-1.6999,3.9166
9,CC DChg,159.7555555555591,-1.6999,3.9166
9,CC DChg,159.85555555556493,-1.6999,3.9166
9,CC DChg,159.9555555555562,-1.6999,3.9165
9,CC DChg,160.05555555556202,-1.6999,3.9165
9,CC DChg,160.1555555555533,-1.6999,3.9165
9,CC DChg,160.2555555555591,-1.6999,3.9165
9,CC DChg,160.35555555556493,-1.6999,3.9165
9,CC DChg,160.4555555555562,-1.6999,3.9165
9,CC DChg,160.55555555556202,-1.6999,3.9165
9,CC DChg,160.6555555555533,-1.6999,3.9165
9,CC DChg,160.7555555555591,-1.6999,3.9165
9,CC DChg,160.85555555556493,-1.6999,3.9164
9,CC DChg,160.9555555555562,-1.6999,3.9164
9,CC DChg,161.05555555556202,-1.6999,3.9164
9,CC DChg,161.1555555555533,-1.6999,3.9164
9,CC DChg,161.2555555555591,-1.6999,3.9163
9,CC DChg,161.35555555556493,-1.6999,3.9163
9,CC DChg,161.4555555555562,-1.6999,3.9163
9,CC DChg,161.55555555556202,-1.6999,3.9163
9,CC DChg,161.6555555555533,-1.6999,3.9163
9,CC DChg,161.7555555555591,-1.6999,3.9163
9,CC DChg,161.85555555556493,-1.6999,3.9163
9,CC DChg,161.9555555555562,-1.6999,3.9163
9,CC DChg,162.05555555556202,-1.6999,3.9163
9,CC DChg,162.1555555555533,-1.6999,3.9163
9,CC DChg,162.2555555555591,-1.6999,3.9162
9,CC DChg,162.35555555556493,-1.6999,3.9162
9,CC DChg,162.4555555555562,-1.6999,3.9162
9,CC DChg,162.55555555556202,-1.6999,3.9162
9,CC DChg,162.6555555555533,-1.6999,3.9162
9,CC DChg,162.7555555555591,-1.6999,3.9161
9,CC DChg,162.85555555556493,-1.6999,3.9162
9,CC DChg,162.9555555555562,-1.6999,3.9161
9,CC DChg,163.05555555556202,-1.6999,3.9161
9,CC DChg,163.1555555555533,-1.6999,3.9161
9,CC DChg,163.2555555555591,-1.6999,3.9161
9,CC DChg,163.35555555556493,-1.6999,3.916
9,CC DChg,163.4555555555562,-1.6999,3.916
9,CC DChg,163.55555555556202,-1.6999,3.916
9,CC DChg,163.6555555555533,-1.6999,3.916
9,CC DChg,163.7555555555591,-1.6999,3.916
9,CC DChg,163.85555555556493,-1.6999,3.916
9,CC DChg,163.9555555555562,-1.6999,3.9159
9,CC DChg,164.05555555556202,-1.6999,3.9159
9,CC DChg,164.1555555555533,-1.6999,3.9159
9,CC DChg,164.2555555555591,-1.6999,3.9159
9,CC DChg,164.35555555556493,-1.6999,3.9159
9,CC DChg,164.4555555555562,-1.6999,3.9159
9,CC DChg,164.55555555556202,-1.6999,3.9159
9,CC DChg,164.6555555555533,-1.6999,3.9158
9,CC DChg,164.7555555555591,-1.6999,3.9158
9,CC DChg,164.85555555556493,-1.6999,3.9159
9,CC DChg,164.9555555555562,-1.6999,3.9159
9,CC DChg,165.05555555556202,-1.6999,3.9158
9,CC DChg,165.1555555555533,-1.6999,3.9158
9,CC DChg,165.2555555555591,-1.6999,3.9158
9,CC DChg,165.35555555556493,-1.6999,3.9157
9,CC DChg,165.4555555555562,-1.6999,3.9157
9,CC DChg,165.55555555556202,-1.6999,3.9157
9,CC DChg,165.6555555555533,-1.6999,3.9157
9,CC DChg,165.7555555555591,-1.6999,3.9157
9,CC DChg,165.85555555556493,-1.6999,3.9157
9,CC DChg,165.9555555555562,-1.6999,3.9157
9,CC DChg,166.05555555556202,-1.6999,3.9157
9,CC DChg,166.1555555555533,-1.6999,3.9157
9,CC DChg,166.2555555555591,-1.6999,3.9157
9,CC DChg,166.35555555556493,-1.6999,3.9156
9,CC DChg,166.4555555555562,-1.6999,3.9156
9,CC DChg,166.55555555556202,-1.6999,3.9156
9,CC DChg,166.6555555555533,-1.6999,3.9156
9,CC DChg,166.7555555555591,-1.6999,3.9156
9,CC DChg,166.85555555556493,-1.6999,3.9155
9,CC DChg,166.9555555555562,-1.6999,3.9155
9,CC DChg,167.05555555556202,-1.6999,3.9155
9,CC DChg,167.1555555555533,-1.6999,3.9155
9,CC DChg,167.2555555555591,-1.6999,3.9155
9,CC DChg,167.35555555556493,-1.6999,3.9155
9,CC DChg,167.4555555555562,-1.6999,3.9155
9,CC DChg,167.55555555556202,-1.6999,3.9155
9,CC DChg,167.6555555555533,-1.6999,3.9155
9,CC DChg,167.7555555555591,-1.6999,3.9155
9,CC DChg,167.85555555556493,-1.6999,3.9154
9,CC DChg,167.9555555555562,-1.6999,3.9154
9,CC DChg,168.05555555556202,-1.6999,3.9154
9,CC DChg,168.1555555555533,-1.6999,3.9154
9,CC DChg,168.2555555555591,-1.6999,3.9154
9,CC DChg,168.35555555556493,-1.6999,3.9154
9,CC DChg,168.4555555555562,-1.6999,3.9154
9,CC DChg,168.55555555556202,-1.6999,3.9154
9,CC DChg,168.6555555555533,-1.6999,3.9154
9,CC DChg,168.7555555555591,-1.6999,3.9153
9,CC DChg,168.85555555556493,-1.6999,3.9153
9,CC DChg,168.9555555555562,-1.6999,3.9153
9,CC DChg,169.05555555556202,-1.6999,3.9153
9,CC DChg,169.1555555555533,-1.6999,3.9153
9,CC DChg,169.2555555555591,-1.6999,3.9153
9,CC DChg,169.35555555556493,-1.6999,3.9152
9,CC DChg,169.4555555555562,-1.6999,3.9152
9,CC DChg,169.55555555556202,-1.6999,3.9152
9,CC DChg,169.6555555555533,-1.6999,3.9152
9,CC DChg,169.7555555555591,-1.6999,3.9152
9,CC DChg,169.85555555556493,-1.6999,3.9152
9,CC DChg,169.9555555555562,-1.6999,3.9152
9,CC DChg,170.05555555556202,-1.6999,3.9152
9,CC DChg,170.1555555555533,-1.6999,3.9151
9,CC DChg,170.2555555555591,-1.6999,3.9151
9,CC DChg,170.35555555556493,-1.6999,3.9151
9,CC DChg,170.4555555555562,-1.6999,3.9151
9,CC DChg,170.55555555556202,-1.6999,3.9151
9,CC DChg,170.6555555555533,-1.6999,3.9151
9,CC DChg,170.7555555555591,-1.6999,3.9151
9,CC DChg,170.85555555556493,-1.6999,3.9151
9,CC DChg,170.9555555555562,-1.6999,3.915
9,CC DChg,171.05555555556202,-1.6999,3.915
9,CC DChg,171.1555555555533,-1.6999,3.915
9,CC DChg,171.2555555555591,-1.6999,3.915
9,CC DChg,171.35555555556493,-1.6999,3.915
9,CC DChg,171.4555555555562,-1.6999,3.9149
9,CC DChg,171.55555555556202,-1.6999,3.9149
9,CC DChg,171.6555555555533,-1.6999,3.9149
9,CC DChg,171.7555555555591,-1.6999,3.9149
9,CC DChg,171.85555555556493,-1.6999,3.9149
9,CC DChg,171.9555555555562,-1.6999,3.9149
9,CC DChg,172.05555555556202,-1.6999,3.9149
9,CC DChg,172.1555555555533,-1.6999,3.9149
9,CC DChg,172.2555555555591,-1.6999,3.9149
9,CC DChg,172.35555555556493,-1.6999,3.9148
9,CC DChg,172.4555555555562,-1.6999,3.9148
9,CC DChg,172.55555555556202,-1.6999,3.9148
9,CC DChg,172.6555555555533,-1.6999,3.9148
9,CC DChg,172.7555555555591,-1.6999,3.9148
9,CC DChg,172.85555555556493,-1.6999,3.9148
9,CC DChg,172.9555555555562,-1.6999,3.9147
9,CC DChg,173.05555555556202,-1.6999,3.9147
9,CC DChg,173.1555555555533,-1.6999,3.9147
9,CC DChg,173.2555555555591,-1.6999,3.9147
9,CC DChg,173.35555555556493,-1.6999,3.9147
9,CC DChg,173.4555555555562,-1.6999,3.9147
9,CC DChg,173.55555555556202,-1.6999,3.9146
9,CC DChg,173.6555555555533,-1.6999,3.9147
9,CC DChg,173.7555555555591,-1.6999,3.9146
9,CC DChg,173.85555555556493,-1.6999,3.9146
9,CC DChg,173.9555555555562,-1.6999,3.9146
9,CC DChg,174.05555555556202,-1.6999,3.9146
9,CC DChg,174.1555555555533,-1.6999,3.9146
9,CC DChg,174.2555555555591,-1.6999,3.9146
9,CC DChg,174.35555555556493,-1.6999,3.9145
9,CC DChg,174.4555555555562,-1.6999,3.9145
9,CC DChg,174.55555555556202,-1.6999,3.9145
9,CC DChg,174.6555555555533,-1.6999,3.9145
9,CC DChg,174.7555555555591,-1.6999,3.9145
9,CC DChg,174.85555555556493,-1.6999,3.9145
9,CC DChg,174.9555555555562,-1.6999,3.9145
9,CC DChg,175.05555555556202,-1.6999,3.9145
9,CC DChg,175.1555555555533,-1.6999,3.9145
9,CC DChg,175.2555555555591,-1.6999,3.9144
9,CC DChg,175.35555555556493,-1.6999,3.9144
9,CC DChg,175.4555555555562,-1.6999,3.9144
9,CC DChg,175.55555555556202,-1.6999,3.9144
9,CC DChg,175.6555555555533,-1.6999,3.9144
9,CC DChg,175.7555555555591,-1.6999,3.9143
9,CC DChg,175.85555555556493,-1.6999,3.9143
9,CC DChg,175.9555555555562,-1.6999,3.9143
9,CC DChg,176.05555555556202,-1.6999,3.9143
9,CC DChg,176.1555555555533,-1.6999,3.9143
9,CC DChg,176.2555555555591,-1.6999,3.9143
9,CC DChg,176.35555555556493,-1.6999,3.9143
9,CC DChg,176.4555555555562,-1.6999,3.9143
9,CC DChg,176.55555555556202,-1.6999,3.9142
9,CC DChg,176.6555555555533,-1.6999,3.9142
9,CC DChg,176.7555555555591,-1.6999,3.9142
9,CC DChg,176.85555555556493,-1.6999,3.9142
9,CC DChg,176.9555555555562,-1.6999,3.9142
9,CC DChg,177.05555555556202,-1.6999,3.9142
9,CC DChg,177.1555555555533,-1.6999,3.9142
9,CC DChg,177.2555555555591,-1.6999,3.9141
9,CC DChg,177.35555555556493,-1.6999,3.9141
9,CC DChg,177.4555555555562,-1.6999,3.9141
9,CC DChg,177.55555555556202,-1.6999,3.9141
9,CC DChg,177.6555555555533,-1.6999,3.9141
9,CC DChg,177.7555555555591,-1.6999,3.914
9,CC DChg,177.85555555556493,-1.6999,3.914
9,CC DChg,177.9555555555562,-1.6999,3.914
9,CC DChg,178.05555555556202,-1.6999,3.914
9,CC DChg,178.1555555555533,-1.6999,3.914
9,CC DChg,178.2555555555591,-1.6999,3.914
9,CC DChg,178.35555555556493,-1.6999,3.914
9,CC DChg,178.4555555555562,-1.6999,3.914
9,CC DChg,178.55555555556202,-1.6999,3.9139
9,CC DChg,178.6555555555533,-1.6999,3.914
9,CC DChg,178.7555555555591,-1.6999,3.914
9,CC DChg,178.85555555556493,-1.6999,3.9139
9,CC DChg,178.9555555555562,-1.6999,3.9139
9,CC DChg,179.05555555556202,-1.6999,3.9139
9,CC DChg,179.1555555555533,-1.7,3.9139
9,CC DChg,179.2555555555591,-1.7,3.9139
9,CC DChg,179.35555555556493,-1.7,3.9138
9,CC DChg,179.4555555555562,-1.7,3.9138
9,CC DChg,179.55555555556202,-1.7,3.9138
9,CC DChg,179.6555555555533,-1.7,3.9138
9,CC DChg,179.7555555555591,-1.7,3.9138
9,CC DChg,179.85555555556493,-1.7,3.9138
9,CC DChg,179.9555555555562,-1.7,3.9138
9,CC DChg,180.05555555556202,-1.7,3.9138
9,CC DChg,180.1555555555533,-1.7,3.9138
9,CC DChg,180.2555555555591,-1.7,3.9137
9,CC DChg,180.35555555556493,-1.7,3.9137
9,CC DChg,180.4555555555562,-1.7,3.9137
9,CC DChg,180.55555555556202,-1.7,3.9137
9,CC DChg,180.6555555555533,-1.7,3.9137
9,CC DChg,180.7555555555591,-1.7,3.9137
9,CC DChg,180.85555555556493,-1.7,3.9137
9,CC DChg,180.9555555555562,-1.7,3.9137
9,CC DChg,181.05555555556202,-1.7,3.9137
9,CC DChg,181.1555555555533,-1.7,3.9137
9,CC DChg,181.2555555555591,-1.7,3.9137
9,CC DChg,181.35555555556493,-1.7,3.9136
9,CC DChg,181.4555555555562,-1.7,3.9136
9,CC DChg,181.55555555556202,-1.7,3.9136
9,CC DChg,181.6555555555533,-1.7,3.9136
9,CC DChg,181.7555555555591,-1.7,3.9136
9,CC DChg,181.85555555556493,-1.7,3.9135
9,CC DChg,181.9555555555562,-1.7,3.9135
9,CC DChg,182.05555555556202,-1.7,3.9135
9,CC DChg,182.1555555555533,-1.7,3.9135
9,CC DChg,182.2555555555591,-1.7,3.9135
9,CC DChg,182.35555555556493,-1.7,3.9135
9,CC DChg,182.4555555555562,-1.7,3.9135
9,CC DChg,182.55555555556202,-1.7,3.9135
9,CC DChg,182.6555555555533,-1.7,3.9134
9,CC DChg,182.7555555555591,-1.7,3.9135
9,CC DChg,182.85555555556493,-1.7,3.9134
9,CC DChg,182.9555555555562,-1.7,3.9134
9,CC DChg,183.05555555556202,-1.7,3.9134
9,CC DChg,183.1555555555533,-1.7,3.9134
9,CC DChg,183.2555555555591,-1.7,3.9134
9,CC DChg,183.35555555556493,-1.7,3.9134
9,CC DChg,183.4555555555562,-1.7,3.9134
9,CC DChg,183.55555555556202,-1.7,3.9134
9,CC DChg,183.6555555555533,-1.7,3.9134
9,CC DChg,183.7555555555591,-1.7,3.9133
9,CC DChg,183.85555555556493,-1.7,3.9133
9,CC DChg,183.9555555555562,-1.7,3.9133
9,CC DChg,184.05555555556202,-1.7,3.9133
9,CC DChg,184.1555555555533,-1.7,3.9133
9,CC DChg,184.2555555555591,-1.7,3.9133
9,CC DChg,184.35555555556493,-1.7,3.9133
9,CC DChg,184.4555555555562,-1.7,3.9132
9,CC DChg,184.55555555556202,-1.7,3.9132
9,CC DChg,184.6555555555533,-1.7,3.9132
9,CC DChg,184.7555555555591,-1.7,3.9132
9,CC DChg,184.85555555556493,-1.7,3.9132
9,CC DChg,184.9555555555562,-1.7,3.9132
9,CC DChg,185.05555555556202,-1.7,3.9132
9,CC DChg,185.1555555555533,-1.7,3.9132
9,CC DChg,185.2555555555591,-1.7,3.9131
9,CC DChg,185.35555555556493,-1.7,3.9131
9,CC DChg,185.4555555555562,-1.7,3.9131
9,CC DChg,185.55555555556202,-1.7,3.9131
9,CC DChg,185.6555555555533,-1.7,3.9131
9,CC DChg,185.7555555555591,-1.7,3.913
9,CC DChg,185.85555555556493,-1.7,3.9131
9,CC DChg,185.9555555555562,-1.7,3.913
9,CC DChg,186.05555555556202,-1.7,3.913
9,CC DChg,186.1555555555533,-1.7,3.913
9,CC DChg,186.2555555555591,-1.7,3.913
9,CC DChg,186.35555555556493,-1.7,3.913
9,CC DChg,186.4555555555562,-1.7,3.913
9,CC DChg,186.55555555556202,-1.7,3.913
9,CC DChg,186.6555555555533,-1.7,3.913
9,CC DChg,186.7555555555591,-1.7,3.9129
9,CC DChg,186.85555555556493,-1.7,3.9129
9,CC DChg,186.9555555555562,-1.7,3.9129
9,CC DChg,187.05555555556202,-1.7,3.9129
9,CC DChg,187.1555555555533,-1.7,3.9129
9,CC DChg,187.2555555555591,-1.7,3.9128
9,CC DChg,187.35555555556493,-1.7,3.9128
9,CC DChg,187.4555555555562,-1.7,3.9128
9,CC DChg,187.55555555556202,-1.7,3.9128
9,CC DChg,187.6555555555533,-1.7,3.9128
9,CC DChg,187.7555555555591,-1.7,3.9128
9,CC DChg,187.85555555556493,-1.7,3.9128
9,CC DChg,187.9555555555562,-1.7,3.9127
9,CC DChg,188.05555555556202,-1.7,3.9127
9,CC DChg,188.1555555555533,-1.7,3.9127
9,CC DChg,188.2555555555591,-1.7,3.9127
9,CC DChg,188.35555555556493,-1.7,3.9127
9,CC DChg,188.4555555555562,-1.7,3.9127
9,CC DChg,188.55555555556202,-1.6999,3.9127
9,CC DChg,188.6555555555533,-1.6999,3.9126
9,CC DChg,188.7555555555591,-1.6999,3.9126
9,CC DChg,188.85555555556493,-1.6999,3.9126
9,CC DChg,188.9555555555562,-1.6999,3.9126
9,CC DChg,189.05555555556202,-1.6999,3.9126
9,CC DChg,189.1555555555533,-1.6999,3.9126
9,CC DChg,189.2555555555591,-1.6999,3.9126
9,CC DChg,189.35555555556493,-1.6999,3.9126
9,CC DChg,189.4555555555562,-1.6999,3.9126
9,CC DChg,189.55555555556202,-1.6999,3.9125
9,CC DChg,189.6555555555533,-1.6999,3.9125
9,CC DChg,189.7555555555591,-1.6999,3.9125
9,CC DChg,189.85555555556493,-1.6999,3.9125
9,CC DChg,189.9555555555562,-1.6999,3.9125
9,CC DChg,190.05555555556202,-1.6999,3.9125
9,CC DChg,190.1555555555533,-1.6999,3.9125
9,CC DChg,190.2555555555591,-1.6999,3.9125
9,CC DChg,190.35555555556493,-1.6999,3.9125
9,CC DChg,190.4555555555562,-1.6999,3.9124
9,CC DChg,190.55555555556202,-1.6999,3.9124
9,CC DChg,190.6555555555533,-1.6999,3.9124
9,CC DChg,190.7555555555591,-1.6999,3.9124
9,CC DChg,190.85555555556493,-1.6999,3.9124
9,CC DChg,190.9555555555562,-1.6999,3.9124
9,CC DChg,191.05555555556202,-1.6999,3.9123
9,CC DChg,191.1555555555533,-1.6999,3.9123
9,CC DChg,191.2555555555591,-1.6999,3.9123
9,CC DChg,191.35555555556493,-1.6999,3.9123
9,CC DChg,191.4555555555562,-1.6999,3.9123
9,CC DChg,191.55555555556202,-1.6999,3.9123
9,CC DChg,191.6555555555533,-1.6999,3.9122
9,CC DChg,191.7555555555591,-1.6999,3.9122
9,CC DChg,191.85555555556493,-1.6999,3.9122
9,CC DChg,191.9555555555562,-1.6999,3.9122
9,CC DChg,192.05555555556202,-1.6999,3.9122
9,CC DChg,192.1555555555533,-1.6999,3.9122
9,CC DChg,192.2555555555591,-1.6999,3.9122
9,CC DChg,192.35555555556493,-1.6999,3.9122
9,CC DChg,192.4555555555562,-1.6999,3.9121
9,CC DChg,192.55555555556202,-1.6999,3.9121
9,CC DChg,192.6555555555533,-1.6999,3.9121
9,CC DChg,192.7555555555591,-1.6999,3.9121
9,CC DChg,192.85555555556493,-1.6999,3.9121
9,CC DChg,192.9555555555562,-1.6999,3.9121
9,CC DChg,193.05555555556202,-1.6999,3.9121
9,CC DChg,193.1555555555533,-1.6999,3.9121
9,CC DChg,193.2555555555591,-1.6999,3.912
9,CC DChg,193.35555555556493,-1.6999,3.912
9,CC DChg,193.4555555555562,-1.6999,3.912
9,CC DChg,193.55555555556202,-1.6999,3.912
9,CC DChg,193.6555555555533,-1.6999,3.912
9,CC DChg,193.7555555555591,-1.6999,3.912
9,CC DChg,193.85555555556493,-1.6999,3.912
9,CC DChg,193.9555555555562,-1.6999,3.9119
9,CC DChg,194.05555555556202,-1.6999,3.9119
9,CC DChg,194.1555555555533,-1.6999,3.9119
9,CC DChg,194.2555555555591,-1.6999,3.9119
9,CC DChg,194.35555555556493,-1.6999,3.9119
9,CC DChg,194.4555555555562,-1.6999,3.9119
9,CC DChg,194.55555555556202,-1.6999,3.9119
9,CC DChg,194.6555555555533,-1.6999,3.9118
9,CC DChg,194.7555555555591,-1.6999,3.9118
9,CC DChg,194.85555555556493,-1.6999,3.9118
9,CC DChg,194.9555555555562,-1.6999,3.9118
9,CC DChg,195.05555555556202,-1.6999,3.9118
9,CC DChg,195.1555555555533,-1.6999,3.9118
9,CC DChg,195.2555555555591,-1.6999,3.9118
9,CC DChg,195.35555555556493,-1.6999,3.9117
9,CC DChg,195.4555555555562,-1.6999,3.9117
9,CC DChg,195.55555555556202,-1.6999,3.9117
9,CC DChg,195.6555555555533,-1.6999,3.9117
9,CC DChg,195.7555555555591,-1.6999,3.9116
9,CC DChg,195.85555555556493,-1.6999,3.9117
9,CC DChg,195.9555555555562,-1.6999,3.9117
9,CC DChg,196.05555555556202,-1.6999,3.9116
9,CC DChg,196.1555555555533,-1.6999,3.9116
9,CC DChg,196.2555555555591,-1.6999,3.9116
9,CC DChg,196.35555555556493,-1.6999,3.9116
9,CC DChg,196.4555555555562,-1.6999,3.9116
9,CC DChg,196.55555555556202,-1.6999,3.9116
9,CC DChg,196.6555555555533,-1.6999,3.9116
9,CC DChg,196.7555555555591,-1.6999,3.9115
9,CC DChg,196.85555555556493,-1.6999,3.9115
9,CC DChg,196.9555555555562,-1.6999,3.9115
9,CC DChg,197.05555555556202,-1.6999,3.9115
9,CC DChg,197.1555555555533,-1.6999,3.9115
9,CC DChg,197.2555555555591,-1.6999,3.9114
9,CC DChg,197.35555555556493,-1.6999,3.9114
9,CC DChg,197.4555555555562,-1.6999,3.9114
9,CC DChg,197.55555555556202,-1.6999,3.9114
9,CC DChg,197.6555555555533,-1.6999,3.9114
9,CC DChg,197.7555555555591,-1.6999,3.9114
9,CC DChg,197.85555555556493,-1.6999,3.9114
9,CC DChg,197.9555555555562,-1.6999,3.9114
9,CC DChg,198.05555555556202,-1.6999,3.9113
9,CC DChg,198.1555555555533,-1.6999,3.9113
9,CC DChg,198.2555555555591,-1.6999,3.9113
9,CC DChg,198.35555555556493,-1.6999,3.9113
9,CC DChg,198.4555555555562,-1.6999,3.9113
9,CC DChg,198.55555555556202,-1.6999,3.9113
9,CC DChg,198.6555555555533,-1.6999,3.9113
9,CC DChg,198.7555555555591,-1.6999,3.9112
9,CC DChg,198.85555555556493,-1.6999,3.9112
9,CC DChg,198.9555555555562,-1.6999,3.9112
9,CC DChg,199.05555555556202,-1.6999,3.9112
9,CC DChg,199.1555555555533,-1.6999,3.9112
9,CC DChg,199.2555555555591,-1.6999,3.9112
9,CC DChg,199.35555555556493,-1.6999,3.9112
9,CC DChg,199.4555555555562,-1.6999,3.9111
9,CC DChg,199.55555555556202,-1.6999,3.9111
9,CC DChg,199.6555555555533,-1.6999,3.9111
9,CC DChg,199.7555555555591,-1.6999,3.9111
9,CC DChg,199.85555555556493,-1.6999,3.9111
9,CC DChg,199.9555555555562,-1.6999,3.9111
9,CC DChg,200.05555555556202,-1.6999,3.9111
9,CC DChg,200.1555555555533,-1.6999,3.911
9,CC DChg,200.2555555555591,-1.6999,3.9111
9,CC DChg,200.35555555556493,-1.6999,3.911
9,CC DChg,200.4555555555562,-1.6999,3.911
9,CC DChg,200.55555555556202,-1.6999,3.911
9,CC DChg,200.6555555555533,-1.6999,3.911
9,CC DChg,200.7555555555591,-1.6999,3.911
9,CC DChg,200.85555555556493,-1.6999,3.911
9,CC DChg,200.9555555555562,-1.6999,3.911
9,CC DChg,201.05555555556202,-1.6999,3.9109
9,CC DChg,201.1555555555533,-1.6999,3.9109
9,CC DChg,201.2555555555591,-1.6999,3.9109
9,CC DChg,201.35555555556493,-1.6999,3.9109
9,CC DChg,201.4555555555562,-1.6999,3.9109
9,CC DChg,201.55555555556202,-1.6999,3.9109
9,CC DChg,201.6555555555533,-1.6999,3.9109
9,CC DChg,201.7555555555591,-1.6999,3.9109
9,CC DChg,201.85555555556493,-1.6999,3.9108
9,CC DChg,201.9555555555562,-1.6999,3.9108
9,CC DChg,202.05555555556202,-1.6999,3.9109
9,CC DChg,202.1555555555533,-1.6999,3.9108
9,CC DChg,202.2555555555591,-1.6999,3.9108
9,CC DChg,202.35555555556493,-1.6999,3.9108
9,CC DChg,202.4555555555562,-1.6999,3.9107
9,CC DChg,202.55555555556202,-1.6999,3.9107
9,CC DChg,202.6555555555533,-1.6999,3.9107
9,CC DChg,202.7555555555591,-1.6999,3.9107
9,CC DChg,202.85555555556493,-1.6999,3.9107
9,CC DChg,202.9555555555562,-1.6999,3.9106
9,CC DChg,203.05555555556202,-1.6999,3.9106
9,CC DChg,203.1555555555533,-1.6999,3.9107
9,CC DChg,203.2555555555591,-1.6999,3.9106
9,CC DChg,203.35555555556493,-1.6999,3.9106
9,CC DChg,203.4555555555562,-1.7,3.9106
9,CC DChg,203.55555555556202,-1.7,3.9106
9,CC DChg,203.6555555555533,-1.7,3.9106
9,CC DChg,203.7555555555591,-1.7,3.9106
9,CC DChg,203.85555555556493,-1.7,3.9106
9,CC DChg,203.9555555555562,-1.7,3.9105
9,CC DChg,204.05555555556202,-1.7,3.9105
9,CC DChg,204.1555555555533,-1.7,3.9105
9,CC DChg,204.2555555555591,-1.7,3.9105
9,CC DChg,204.35555555556493,-1.7,3.9105
9,CC DChg,204.4555555555562,-1.7,3.9105
9,CC DChg,204.55555555556202,-1.7,3.9105
9,CC DChg,204.6555555555533,-1.7,3.9105
9,CC DChg,204.7555555555591,-1.7,3.9105
9,CC DChg,204.85555555556493,-1.7,3.9104
9,CC DChg,204.9555555555562,-1.7,3.9104
9,CC DChg,205.05555555556202,-1.7,3.9104
9,CC DChg,205.1555555555533,-1.7,3.9104
9,CC DChg,205.2555555555591,-1.7,3.9104
9,CC DChg,205.35555555556493,-1.7,3.9104
9,CC DChg,205.4555555555562,-1.7,3.9103
9,CC DChg,205.55555555556202,-1.7,3.9103
9,CC DChg,205.6555555555533,-1.7,3.9103
9,CC DChg,205.7555555555591,-1.7,3.9103
9,CC DChg,205.85555555556493,-1.7,3.9103
9,CC DChg,205.9555555555562,-1.7,3.9103
9,CC DChg,206.05555555556202,-1.7,3.9103
9,CC DChg,206.1555555555533,-1.7,3.9103
9,CC DChg,206.2555555555591,-1.7,3.9102
9,CC DChg,206.35555555556493,-1.7,3.9102
9,CC DChg,206.4555555555562,-1.7,3.9102
9,CC DChg,206.55555555556202,-1.7,3.9102
9,CC DChg,206.6555555555533,-1.7,3.9102
9,CC DChg,206.7555555555591,-1.6999,3.9102
9,CC DChg,206.85555555556493,-1.6999,3.9102
9,CC DChg,206.9555555555562,-1.6999,3.9102
9,CC DChg,207.05555555556202,-1.6999,3.9101
9,CC DChg,207.1555555555533,-1.6999,3.9101
9,CC DChg,207.2555555555591,-1.6999,3.9101
9,CC DChg,207.35555555556493,-1.6999,3.9101
9,CC DChg,207.4555555555562,-1.6999,3.9101
9,CC DChg,207.55555555556202,-1.6999,3.9101
9,CC DChg,207.6555555555533,-1.6999,3.9101
9,CC DChg,207.7555555555591,-1.6999,3.91
9,CC DChg,207.85555555556493,-1.6999,3.91
9,CC DChg,207.9555555555562,-1.6999,3.91
9,CC DChg,208.05555555556202,-1.6999,3.91
9,CC DChg,208.1555555555533,-1.6999,3.91
9,CC DChg,208.2555555555591,-1.6999,3.91
9,CC DChg,208.35555555556493,-1.6999,3.91
9,CC DChg,208.4555555555562,-1.6999,3.91
9,CC DChg,208.55555555556202,-1.6999,3.9099
9,CC DChg,208.6555555555533,-1.6999,3.9099
9,CC DChg,208.7555555555591,-1.6999,3.9099
9,CC DChg,208.85555555556493,-1.6999,3.9099
9,CC DChg,208.9555555555562,-1.6999,3.9099
9,CC DChg,209.05555555556202,-1.6999,3.9099
9,CC DChg,209.1555555555533,-1.6999,3.9098
9,CC DChg,209.2555555555591,-1.6999,3.9098
9,CC DChg,209.35555555556493,-1.6999,3.9098
9,CC DChg,209.4555555555562,-1.6999,3.9098
9,CC DChg,209.55555555556202,-1.6999,3.9098
9,CC DChg,209.6555555555533,-1.6999,3.9098
9,CC DChg,209.7555555555591,-1.6999,3.9097
9,CC DChg,209.85555555556493,-1.6999,3.9097
9,CC DChg,209.9555555555562,-1.6999,3.9097
9,CC DChg,210.05555555556202,-1.6999,3.9097
9,CC DChg,210.1555555555533,-1.6999,3.9097
9,CC DChg,210.2555555555591,-1.6999,3.9097
9,CC DChg,210.35555555556493,-1.6999,3.9097
9,CC DChg,210.4555555555562,-1.6999,3.9097
9,CC DChg,210.55555555556202,-1.6999,3.9096
9,CC DChg,210.6555555555533,-1.6999,3.9096
9,CC DChg,210.7555555555591,-1.6999,3.9096
9,CC DChg,210.85555555556493,-1.6999,3.9096
9,CC DChg,210.9555555555562,-1.6999,3.9096
9,CC DChg,211.05555555556202,-1.6999,3.9096
9,CC DChg,211.1555555555533,-1.6999,3.9096
9,CC DChg,211.2555555555591,-1.6999,3.9096
9,CC DChg,211.35555555556493,-1.6999,3.9095
9,CC DChg,211.4555555555562,-1.6999,3.9095
9,CC DChg,211.55555555556202,-1.6999,3.9095
9,CC DChg,211.6555555555533,-1.6999,3.9095
9,CC DChg,211.7555555555591,-1.6999,3.9095
9,CC DChg,211.85555555556493,-1.6999,3.9094
9,CC DChg,211.9555555555562,-1.6999,3.9094
9,CC DChg,212.05555555556202,-1.6999,3.9094
9,CC DChg,212.1555555555533,-1.6999,3.9094
9,CC DChg,212.2555555555591,-1.6999,3.9094
9,CC DChg,212.35555555556493,-1.6999,3.9094
9,CC DChg,212.4555555555562,-1.6999,3.9094
9,CC DChg,212.55555555556202,-1.6999,3.9094
9,CC DChg,212.6555555555533,-1.6999,3.9094
9,CC DChg,212.7555555555591,-1.6999,3.9093
9,CC DChg,212.85555555556493,-1.6999,3.9093
9,CC DChg,212.9555555555562,-1.6999,3.9093
9,CC DChg,213.05555555556202,-1.6999,3.9093
9,CC DChg,213.1555555555533,-1.6999,3.9093
9,CC DChg,213.2555555555591,-1.6999,3.9093
9,CC DChg,213.35555555556493,-1.6999,3.9092
9,CC DChg,213.4555555555562,-1.6999,3.9092
9,CC DChg,213.55555555556202,-1.6999,3.9092
9,CC DChg,213.6555555555533,-1.6999,3.9092
9,CC DChg,213.7555555555591,-1.7,3.9092
9,CC DChg,213.85555555556493,-1.6999,3.9092
9,CC DChg,213.9555555555562,-1.7,3.9092
9,CC DChg,214.05555555556202,-1.7,3.9092
9,CC DChg,214.1555555555533,-1.7,3.9092
9,CC DChg,214.2555555555591,-1.7,3.9092
9,CC DChg,214.35555555556493,-1.7,3.9092
9,CC DChg,214.4555555555562,-1.7,3.9091
9,CC DChg,214.55555555556202,-1.7,3.9091
9,CC DChg,214.6555555555533,-1.7,3.9091
9,CC DChg,214.7555555555591,-1.7,3.9091
9,CC DChg,214.85555555556493,-1.7,3.9091
9,CC DChg,214.9555555555562,-1.7,3.9091
9,CC DChg,215.05555555556202,-1.7,3.9091
9,CC DChg,215.1555555555533,-1.7,3.909
9,CC DChg,215.2555555555591,-1.7,3.909
9,CC DChg,215.35555555556493,-1.7,3.909
9,CC DChg,215.4555555555562,-1.7,3.909
9,CC DChg,215.55555555556202,-1.7,3.909
9,CC DChg,215.6555555555533,-1.7,3.909
9,CC DChg,215.7555555555591,-1.7,3.9089
9,CC DChg,215.85555555556493,-1.7,3.9089
9,CC DChg,215.9555555555562,-1.7,3.9089
9,CC DChg,216.05555555556202,-1.7,3.9089
9,CC DChg,216.1555555555533,-1.7,3.9089
9,CC DChg,216.2555555555591,-1.7,3.9089
9,CC DChg,216.35555555556493,-1.7,3.9089
9,CC DChg,216.4555555555562,-1.7,3.9089
9,CC DChg,216.55555555556202,-1.7,3.9088
9,CC DChg,216.6555555555533,-1.7,3.9088
9,CC DChg,216.7555555555591,-1.7,3.9088
9,CC DChg,216.85555555556493,-1.7,3.9088
9,CC DChg,216.9555555555562,-1.7,3.9088
9,CC DChg,217.05555555556202,-1.7,3.9088
9,CC DChg,217.1555555555533,-1.7,3.9088
9,CC DChg,217.2555555555591,-1.7,3.9087
9,CC DChg,217.35555555556493,-1.7,3.9087
9,CC DChg,217.4555555555562,-1.7,3.9087
9,CC DChg,217.55555555556202,-1.7,3.9087
9,CC DChg,217.6555555555533,-1.7,3.9087
9,CC DChg,217.7555555555591,-1.7,3.9087
9,CC DChg,217.85555555556493,-1.7,3.9087
9,CC DChg,217.9555555555562,-1.7,3.9086
9,CC DChg,218.05555555556202,-1.7,3.9086
9,CC DChg,218.1555555555533,-1.7,3.9086
9,CC DChg,218.2555555555591,-1.7,3.9086
9,CC DChg,218.35555555556493,-1.7,3.9086
9,CC DChg,218.4555555555562,-1.7,3.9086
9,CC DChg,218.55555555556202,-1.7,3.9086
9,CC DChg,218.6555555555533,-1.7,3.9085
9,CC DChg,218.7555555555591,-1.7,3.9085
9,CC DChg,218.85555555556493,-1.7,3.9085
9,CC DChg,218.9555555555562,-1.7,3.9085
9,CC DChg,219.05555555556202,-1.7,3.9085
9,CC DChg,219.1555555555533,-1.7,3.9085
9,CC DChg,219.2555555555591,-1.7,3.9085
9,CC DChg,219.35555555556493,-1.7,3.9085
9,CC DChg,219.4555555555562,-1.7,3.9085
9,CC DChg,219.55555555556202,-1.7,3.9084
9,CC DChg,219.6555555555533,-1.7,3.9084
9,CC DChg,219.7555555555591,-1.7,3.9084
9,CC DChg,219.85555555556493,-1.6999,3.9084
9,CC DChg,219.9555555555562,-1.6999,3.9084
9,CC DChg,220.05555555556202,-1.6999,3.9084
9,CC DChg,220.1555555555533,-1.6999,3.9083
9,CC DChg,220.2555555555591,-1.6999,3.9083
9,CC DChg,220.35555555556493,-1.6999,3.9083
9,CC DChg,220.4555555555562,-1.6999,3.9083
9,CC DChg,220.55555555556202,-1.6999,3.9083
9,CC DChg,220.6555555555533,-1.6999,3.9083
9,CC DChg,220.7555555555591,-1.6999,3.9083
9,CC DChg,220.85555555556493,-1.6999,3.9083
9,CC DChg,220.9555555555562,-1.6999,3.9082
9,CC DChg,221.05555555556202,-1.6999,3.9082
9,CC DChg,221.1555555555533,-1.6999,3.9082
9,CC DChg,221.2555555555591,-1.6999,3.9082
9,CC DChg,221.35555555556493,-1.6999,3.9082
9,CC DChg,221.4555555555562,-1.6999,3.9082
9,CC DChg,221.55555555556202,-1.6999,3.9082
9,CC DChg,221.6555555555533,-1.6999,3.9081
9,CC DChg,221.7555555555591,-1.6999,3.9081
9,CC DChg,221.85555555556493,-1.6999,3.9081
9,CC DChg,221.9555555555562,-1.6999,3.9081
9,CC DChg,222.05555555556202,-1.6999,3.9081
9,CC DChg,222.1555555555533,-1.6999,3.9081
9,CC DChg,222.2555555555591,-1.6999,3.9081
9,CC DChg,222.35555555556493,-1.6999,3.9081
9,CC DChg,222.4555555555562,-1.6999,3.9081
9,CC DChg,222.55555555556202,-1.6999,3.908
9,CC DChg,222.6555555555533,-1.6999,3.908
9,CC DChg,222.7555555555591,-1.6999,3.908
9,CC DChg,222.85555555556493,-1.6999,3.908
9,CC DChg,222.9555555555562,-1.6999,3.9079
9,CC DChg,223.05555555556202,-1.6999,3.9079
9,CC DChg,223.1555555555533,-1.6999,3.9079
9,CC DChg,223.2555555555591,-1.6999,3.9079
9,CC DChg,223.35555555556493,-1.6999,3.9079
9,CC DChg,223.4555555555562,-1.6999,3.9079
9,CC DChg,223.55555555556202,-1.6999,3.9079
9,CC DChg,223.6555555555533,-1.6999,3.9079
9,CC DChg,223.7555555555591,-1.6999,3.9078
9,CC DChg,223.85555555556493,-1.6999,3.9078
9,CC DChg,223.9555555555562,-1.6999,3.9078
9,CC DChg,224.05555555556202,-1.6999,3.9078
9,CC DChg,224.1555555555533,-1.6999,3.9078
9,CC DChg,224.2555555555591,-1.6999,3.9078
9,CC DChg,224.35555555556493,-1.6999,3.9078
9,CC DChg,224.4555555555562,-1.6999,3.9077
9,CC DChg,224.55555555556202,-1.6998,3.9077
9,CC DChg,224.6555555555533,-1.6998,3.9077
9,CC DChg,224.7555555555591,-1.6998,3.9077
9,CC DChg,224.85555555556493,-1.6998,3.9077
9,CC DChg,224.9555555555562,-1.6998,3.9077
9,CC DChg,225.05555555556202,-1.6998,3.9077
9,CC DChg,225.1555555555533,-1.6998,3.9076
9,CC DChg,225.2555555555591,-1.6998,3.9076
9,CC DChg,225.35555555556493,-1.6998,3.9076
9,CC DChg,225.4555555555562,-1.6998,3.9076
9,CC DChg,225.55555555556202,-1.6998,3.9076
9,CC DChg,225.6555555555533,-1.6998,3.9076
9,CC DChg,225.7555555555591,-1.6998,3.9076
9,CC DChg,225.85555555556493,-1.6998,3.9076
9,CC DChg,225.9555555555562,-1.6998,3.9075
9,CC DChg,226.05555555556202,-1.6998,3.9076
9,CC DChg,226.1555555555533,-1.6998,3.9075
9,CC DChg,226.2555555555591,-1.6998,3.9075
9,CC DChg,226.35555555556493,-1.6998,3.9075
9,CC DChg,226.4555555555562,-1.6998,3.9074
9,CC DChg,226.55555555556202,-1.6998,3.9074
9,CC DChg,226.6555555555533,-1.6998,3.9074
9,CC DChg,226.7555555555591,-1.6998,3.9074
9,CC DChg,226.85555555556493,-1.6998,3.9074
9,CC DChg,226.9555555555562,-1.6998,3.9074
9,CC DChg,227.05555555556202,-1.6998,3.9074
9,CC DChg,227.1555555555533,-1.6998,3.9074
9,CC DChg,227.2555555555591,-1.6998,3.9074
9,CC DChg,227.35555555556493,-1.6998,3.9073
9,CC DChg,227.4555555555562,-1.6998,3.9073
9,CC DChg,227.55555555556202,-1.6998,3.9073
9,CC DChg,227.6555555555533,-1.6998,3.9073
9,CC DChg,227.7555555555591,-1.6998,3.9073
9,CC DChg,227.85555555556493,-1.6998,3.9072
9,CC DChg,227.9555555555562,-1.6998,3.9072
9,CC DChg,228.05555555556202,-1.6998,3.9072
9,CC DChg,228.1555555555533,-1.6998,3.9072
9,CC DChg,228.2555555555591,-1.6998,3.9072
9,CC DChg,228.35555555556493,-1.6998,3.9072
9,CC DChg,228.4555555555562,-1.6998,3.9072
9,CC DChg,228.55555555556202,-1.6998,3.9072
9,CC DChg,228.6555555555533,-1.6998,3.9071
9,CC DChg,228.7555555555591,-1.6998,3.9071
9,CC DChg,228.85555555556493,-1.6998,3.9071
9,CC DChg,228.9555555555562,-1.6998,3.9071
9,CC DChg,229.05555555556202,-1.6998,3.9071
9,CC DChg,229.1555555555533,-1.6998,3.9071
9,CC DChg,229.2555555555591,-1.6998,3.9071
9,CC DChg,229.35555555556493,-1.6998,3.9071
9,CC DChg,229.4555555555562,-1.6998,3.9071
9,CC DChg,229.55555555556202,-1.6998,3.907
9,CC DChg,229.6555555555533,-1.6998,3.907
9,CC DChg,229.7555555555591,-1.6998,3.907
9,CC DChg,229.85555555556493,-1.6998,3.907
9,CC DChg,229.9555555555562,-1.6998,3.907
9,CC DChg,230.05555555556202,-1.6998,3.907
9,CC DChg,230.1555555555533,-1.6998,3.907
9,CC DChg,230.2555555555591,-1.6998,3.907
9,CC DChg,230.35555555556493,-1.6998,3.9069
9,CC DChg,230.4555555555562,-1.6998,3.9069
9,CC DChg,230.55555555556202,-1.6998,3.9069
9,CC DChg,230.6555555555533,-1.6998,3.9069
9,CC DChg,230.7555555555591,-1.6998,3.9069
9,CC DChg,230.85555555556493,-1.6998,3.9069
9,CC DChg,230.9555555555562,-1.6998,3.9069
9,CC DChg,231.05555555556202,-1.6998,3.9069
9,CC DChg,231.1555555555533,-1.6998,3.9068
9,CC DChg,231.2555555555591,-1.6998,3.9068
9,CC DChg,231.35555555556493,-1.6998,3.9068
9,CC DChg,231.4555555555562,-1.6998,3.9068
9,CC DChg,231.55555555556202,-1.6998,3.9068
9,CC DChg,231.6555555555533,-1.6998,3.9068
9,CC DChg,231.7555555555591,-1.6998,3.9068
9,CC DChg,231.85555555556493,-1.6998,3.9067
9,CC DChg,231.9555555555562,-1.6998,3.9067
9,CC DChg,232.05555555556202,-1.6998,3.9067
9,CC DChg,232.1555555555533,-1.6998,3.9067
9,CC DChg,232.2555555555591,-1.6998,3.9067
9,CC DChg,232.35555555556493,-1.6998,3.9067
9,CC DChg,232.4555555555562,-1.6998,3.9067
9,CC DChg,232.55555555556202,-1.6998,3.9066
9,CC DChg,232.6555555555533,-1.6998,3.9067
9,CC DChg,232.7555555555591,-1.6998,3.9067
9,CC DChg,232.85555555556493,-1.6998,3.9066
9,CC DChg,232.9555555555562,-1.6998,3.9066
9,CC DChg,233.05555555556202,-1.6998,3.9066
9,CC DChg,233.1555555555533,-1.6998,3.9065
9,CC DChg,233.2555555555591,-1.6998,3.9065
9,CC DChg,233.35555555556493,-1.6998,3.9065
9,CC DChg,233.4555555555562,-1.6998,3.9065
9,CC DChg,233.55555555556202,-1.6998,3.9065
9,CC DChg,233.6555555555533,-1.6998,3.9065
9,CC DChg,233.7555555555591,-1.6998,3.9065
9,CC DChg,233.85555555556493,-1.6998,3.9065
9,CC DChg,233.9555555555562,-1.6998,3.9064
9,CC DChg,234.05555555556202,-1.6998,3.9064
9,CC DChg,234.1555555555533,-1.6998,3.9064
9,CC DChg,234.2555555555591,-1.6998,3.9064
9,CC DChg,234.35555555556493,-1.6998,3.9064
9,CC DChg,234.4555555555562,-1.6998,3.9064
9,CC DChg,234.55555555556202,-1.6998,3.9064
9,CC DChg,234.6555555555533,-1.6998,3.9064
9,CC DChg,234.7555555555591,-1.6998,3.9063
9,CC DChg,234.85555555556493,-1.6998,3.9063
9,CC DChg,234.9555555555562,-1.6998,3.9063
9,CC DChg,235.05555555556202,-1.6998,3.9063
9,CC DChg,235.1555555555533,-1.6998,3.9063
9,CC DChg,235.2555555555591,-1.6998,3.9063
9,CC DChg,235.35555555556493,-1.6998,3.9062
9,CC DChg,235.4555555555562,-1.6998,3.9062
9,CC DChg,235.55555555556202,-1.6998,3.9062
9,CC DChg,235.6555555555533,-1.6998,3.9062
9,CC DChg,235.7555555555591,-1.6998,3.9062
9,CC DChg,235.85555555556493,-1.6998,3.9062
9,CC DChg,235.9555555555562,-1.6998,3.9062
9,CC DChg,236.05555555556202,-1.6998,3.9062
9,CC DChg,236.1555555555533,-1.6998,3.9061
9,CC DChg,236.2555555555591,-1.6998,3.9062
9,CC DChg,236.35555555556493,-1.6998,3.9061
9,CC DChg,236.4555555555562,-1.6998,3.9061
9,CC DChg,236.55555555556202,-1.6998,3.9061
9,CC DChg,236.6555555555533,-1.6998,3.9061
9,CC DChg,236.7555555555591,-1.6998,3.9061
9,CC DChg,236.85555555556493,-1.6998,3.906
9,CC DChg,236.9555555555562,-1.6998,3.906
9,CC DChg,237.05555555556202,-1.6998,3.9061
9,CC DChg,237.1555555555533,-1.6998,3.906
9,CC DChg,237.2555555555591,-1.6998,3.906
9,CC DChg,237.35555555556493,-1.6998,3.906
9,CC DChg,237.4555555555562,-1.6998,3.906
9,CC DChg,237.55555555556202,-1.6998,3.906
9,CC DChg,237.6555555555533,-1.6998,3.906
9,CC DChg,237.7555555555591,-1.6998,3.906
9,CC DChg,237.85555555556493,-1.6998,3.906
9,CC DChg,237.9555555555562,-1.6998,3.9059
9,CC DChg,238.05555555556202,-1.6998,3.9059
9,CC DChg,238.1555555555533,-1.6998,3.9059
9,CC DChg,238.2555555555591,-1.6998,3.9059
9,CC DChg,238.35555555556493,-1.6998,3.9059
9,CC DChg,238.4555555555562,-1.6998,3.9059
9,CC DChg,238.55555555556202,-1.6998,3.9059
9,CC DChg,238.6555555555533,-1.6998,3.9058
9,CC DChg,238.7555555555591,-1.6998,3.9058
9,CC DChg,238.85555555556493,-1.6998,3.9058
9,CC DChg,238.9555555555562,-1.6998,3.9058
9,CC DChg,239.05555555556202,-1.6998,3.9058
9,CC DChg,239.1555555555533,-1.6998,3.9058
9,CC DChg,239.2555555555591,-1.6998,3.9057
9,CC DChg,239.35555555556493,-1.6998,3.9057
9,CC DChg,239.4555555555562,-1.6998,3.9057
9,CC DChg,239.55555555556202,-1.6998,3.9057
9,CC DChg,239.6555555555533,-1.6998,3.9057
9,CC DChg,239.7555555555591,-1.6998,3.9057
9,CC DChg,239.85555555556493,-1.6998,3.9057
9,CC DChg,239.9555555555562,-1.6998,3.9057
9,CC DChg,240.05555555556202,-1.6998,3.9057
9,CC DChg,240.1555555555533,-1.6998,3.9056
9,CC DChg,240.2555555555591,-1.6998,3.9056
9,CC DChg,240.35555555556493,-1.6998,3.9056
9,CC DChg,240.4555555555562,-1.6998,3.9056
9,CC DChg,240.55555555556202,-1.6998,3.9056
9,CC DChg,240.6555555555533,-1.6998,3.9056
9,CC DChg,240.7555555555591,-1.6998,3.9055
9,CC DChg,240.85555555556493,-1.6998,3.9055
9,CC DChg,240.9555555555562,-1.6998,3.9055
9,CC DChg,241.05555555556202,-1.6998,3.9055
9,CC DChg,241.1555555555533,-1.6998,3.9055
9,CC DChg,241.2555555555591,-1.6998,3.9055
9,CC DChg,241.35555555556493,-1.6998,3.9055
9,CC DChg,241.4555555555562,-1.6998,3.9054
9,CC DChg,241.55555555556202,-1.6998,3.9054
9,CC DChg,241.6555555555533,-1.6998,3.9054
9,CC DChg,241.7555555555591,-1.6998,3.9054
9,CC DChg,241.85555555556493,-1.6998,3.9054
9,CC DChg,241.9555555555562,-1.6998,3.9054
9,CC DChg,242.05555555556202,-1.6998,3.9054
9,CC DChg,242.1555555555533,-1.6998,3.9054
9,CC DChg,242.2555555555591,-1.6998,3.9053
9,CC DChg,242.35555555556493,-1.6998,3.9053
9,CC DChg,242.4555555555562,-1.6998,3.9054
9,CC DChg,242.55555555556202,-1.6998,3.9053
9,CC DChg,242.6555555555533,-1.6998,3.9053
9,CC DChg,242.7555555555591,-1.6998,3.9053
9,CC DChg,242.85555555556493,-1.6998,3.9053
9,CC DChg,242.9555555555562,-1.6998,3.9052
9,CC DChg,243.05555555556202,-1.6998,3.9052
9,CC DChg,243.1555555555533,-1.6998,3.9052
9,CC DChg,243.2555555555591,-1.6998,3.9052
9,CC DChg,243.35555555556493,-1.6998,3.9052
9,CC DChg,243.4555555555562,-1.6998,3.9052
9,CC DChg,243.55555555556202,-1.6998,3.9052
9,CC DChg,243.6555555555533,-1.6998,3.9052
9,CC DChg,243.7555555555591,-1.6998,3.9052
9,CC DChg,243.85555555556493,-1.6998,3.9051
9,CC DChg,243.9555555555562,-1.6998,3.9051
9,CC DChg,244.05555555556202,-1.6998,3.9051
9,CC DChg,244.1555555555533,-1.6998,3.9051
9,CC DChg,244.2555555555591,-1.6998,3.9051
9,CC DChg,244.35555555556493,-1.6998,3.9051
9,CC DChg,244.4555555555562,-1.6998,3.905
9,CC DChg,244.55555555556202,-1.6998,3.905
9,CC DChg,244.6555555555533,-1.6998,3.905
9,CC DChg,244.7555555555591,-1.6998,3.905
9,CC DChg,244.85555555556493,-1.6998,3.905
9,CC DChg,244.9555555555562,-1.6998,3.905
9,CC DChg,245.05555555556202,-1.6998,3.9049
9,CC DChg,245.1555555555533,-1.6998,3.905
9,CC DChg,245.2555555555591,-1.6998,3.9049
9,CC DChg,245.35555555556493,-1.6998,3.9049
9,CC DChg,245.4555555555562,-1.6998,3.9049
9,CC DChg,245.55555555556202,-1.6998,3.9049
9,CC DChg,245.6555555555533,-1.6998,3.9049
9,CC DChg,245.7555555555591,-1.6999,3.9049
9,CC DChg,245.85555555556493,-1.6999,3.9048
9,CC DChg,245.9555555555562,-1.6999,3.9048
9,CC DChg,246.05555555556202,-1.6999,3.9048
9,CC DChg,246.1555555555533,-1.6999,3.9048
9,CC DChg,246.2555555555591,-1.6999,3.9049
9,CC DChg,246.35555555556493,-1.6999,3.9048
9,CC DChg,246.4555555555562,-1.6999,3.9048
9,CC DChg,246.55555555556202,-1.6999,3.9048
9,CC DChg,246.6555555555533,-1.6999,3.9048
9,CC DChg,246.7555555555591,-1.6999,3.9047
9,CC DChg,246.85555555556493,-1.6999,3.9047
9,CC DChg,246.9555555555562,-1.6999,3.9047
9,CC DChg,247.05555555556202,-1.6999,3.9047
9,CC DChg,247.1555555555533,-1.6999,3.9047
9,CC DChg,247.2555555555591,-1.6999,3.9047
9,CC DChg,247.35555555556493,-1.6999,3.9047
9,CC DChg,247.4555555555562,-1.6999,3.9046
9,CC DChg,247.55555555556202,-1.6999,3.9046
9,CC DChg,247.6555555555533,-1.6999,3.9046
9,CC DChg,247.7555555555591,-1.6999,3.9046
9,CC DChg,247.85555555556493,-1.6999,3.9046
9,CC DChg,247.9555555555562,-1.6999,3.9046
9,CC DChg,248.05555555556202,-1.6999,3.9046
9,CC DChg,248.1555555555533,-1.6999,3.9046
9,CC DChg,248.2555555555591,-1.6999,3.9046
9,CC DChg,248.35555555556493,-1.6999,3.9046
9,CC DChg,248.4555555555562,-1.6999,3.9045
9,CC DChg,248.55555555556202,-1.6999,3.9045
9,CC DChg,248.6555555555533,-1.6999,3.9045
9,CC DChg,248.7555555555591,-1.6999,3.9045
9,CC DChg,248.85555555556493,-1.6999,3.9045
9,CC DChg,248.9555555555562,-1.6999,3.9045
9,CC DChg,249.05555555556202,-1.6999,3.9044
9,CC DChg,249.1555555555533,-1.6999,3.9044
9,CC DChg,249.2555555555591,-1.6999,3.9044
9,CC DChg,249.35555555556493,-1.6999,3.9044
9,CC DChg,249.4555555555562,-1.6999,3.9044
9,CC DChg,249.55555555556202,-1.6999,3.9044
9,CC DChg,249.6555555555533,-1.6999,3.9044
9,CC DChg,249.7555555555591,-1.6999,3.9043
9,CC DChg,249.85555555556493,-1.6999,3.9043
9,CC DChg,249.9555555555562,-1.6999,3.9043
9,CC DChg,250.05555555556202,-1.6999,3.9043
9,CC DChg,250.1555555555533,-1.6999,3.9043
9,CC DChg,250.2555555555591,-1.6999,3.9042
9,CC DChg,250.35555555556493,-1.6999,3.9042
9,CC DChg,250.4555555555562,-1.6999,3.9042
9,CC DChg,250.55555555556202,-1.6999,3.9042
9,CC DChg,250.6555555555533,-1.6999,3.9042
9,CC DChg,250.7555555555591,-1.6999,3.9042
9,CC DChg,250.85555555556493,-1.6999,3.9042
9,CC DChg,250.9555555555562,-1.6999,3.9042
9,CC DChg,251.05555555556202,-1.6999,3.9042
9,CC DChg,251.1555555555533,-1.6999,3.9042
9,CC DChg,251.2555555555591,-1.6999,3.9041
9,CC DChg,251.35555555556493,-1.6999,3.9041
9,CC DChg,251.4555555555562,-1.6999,3.9041
9,CC DChg,251.55555555556202,-1.6999,3.9041
9,CC DChg,251.6555555555533,-1.6999,3.9041
9,CC DChg,251.7555555555591,-1.6999,3.904
9,CC DChg,251.85555555556493,-1.6999,3.904
9,CC DChg,251.9555555555562,-1.6999,3.904
9,CC DChg,252.05555555556202,-1.6999,3.904
9,CC DChg,252.1555555555533,-1.6999,3.904
9,CC DChg,252.2555555555591,-1.6999,3.904
9,CC DChg,252.35555555556493,-1.6999,3.904
9,CC DChg,252.4555555555562,-1.6999,3.904
9,CC DChg,252.55555555556202,-1.6999,3.904
9,CC DChg,252.6555555555533,-1.6999,3.904
9,CC DChg,252.7555555555591,-1.6999,3.9039
9,CC DChg,252.85555555556493,-1.6999,3.9039
9,CC DChg,252.9555555555562,-1.6999,3.9039
9,CC DChg,253.05555555556202,-1.6999,3.9039
9,CC DChg,253.1555555555533,-1.6999,3.9039
9,CC DChg,253.2555555555591,-1.6999,3.9039
9,CC DChg,253.35555555556493,-1.6999,3.9038
9,CC DChg,253.4555555555562,-1.6999,3.9038
9,CC DChg,253.55555555556202,-1.6999,3.9038
9,CC DChg,253.6555555555533,-1.6999,3.9038
9,CC DChg,253.7555555555591,-1.6999,3.9038
9,CC DChg,253.85555555556493,-1.6999,3.9038
9,CC DChg,253.9555555555562,-1.6999,3.9038
9,CC DChg,254.05555555556202,-1.6999,3.9038
9,CC DChg,254.1555555555533,-1.6999,3.9037
9,CC DChg,254.2555555555591,-1.6999,3.9037
9,CC DChg,254.35555555556493,-1.6999,3.9037
9,CC DChg,254.4555555555562,-1.6999,3.9037
9,CC DChg,254.55555555556202,-1.6999,3.9037
9,CC DChg,254.6555555555533,-1.6999,3.9037
9,CC DChg,254.7555555555591,-1.6999,3.9037
9,CC DChg,254.85555555556493,-1.6999,3.9037
9,CC DChg,254.9555555555562,-1.6999,3.9036
9,CC DChg,255.05555555556202,-1.6999,3.9036
9,CC DChg,255.1555555555533,-1.6999,3.9036
9,CC DChg,255.2555555555591,-1.6999,3.9035
9,CC DChg,255.35555555556493,-1.6999,3.9036
9,CC DChg,255.4555555555562,-1.6999,3.9036
9,CC DChg,255.55555555556202,-1.6999,3.9035
9,CC DChg,255.6555555555533,-1.6999,3.9035
9,CC DChg,255.7555555555591,-1.6999,3.9035
9,CC DChg,255.85555555556493,-1.6999,3.9035
9,CC DChg,255.9555555555562,-1.6999,3.9035
9,CC DChg,256.055555555562,-1.6999,3.9034
9,CC DChg,256.1555555555533,-1.6999,3.9034
9,CC DChg,256.2555555555591,-1.6999,3.9034
9,CC DChg,256.35555555556493,-1.6999,3.9034
9,CC DChg,256.4555555555562,-1.6999,3.9034
9,CC DChg,256.555555555562,-1.6999,3.9034
9,CC DChg,256.6555555555533,-1.6999,3.9034
9,CC DChg,256.7555555555591,-1.6999,3.9034
9,CC DChg,256.85555555556493,-1.6999,3.9033
9,CC DChg,256.9555555555562,-1.6999,3.9033
9,CC DChg,257.055555555562,-1.6999,3.9033
9,CC DChg,257.1555555555533,-1.6999,3.9033
9,CC DChg,257.2555555555591,-1.6999,3.9033
9,CC DChg,257.35555555556493,-1.6999,3.9033
9,CC DChg,257.4555555555562,-1.6999,3.9032
9,CC DChg,257.555555555562,-1.6999,3.9032
9,CC DChg,257.6555555555533,-1.6999,3.9032
9,CC DChg,257.7555555555591,-1.6999,3.9032
9,CC DChg,257.85555555556493,-1.6999,3.9032
9,CC DChg,257.9555555555562,-1.6999,3.9032
9,CC DChg,258.055555555562,-1.6999,3.9032
9,CC DChg,258.1555555555533,-1.6999,3.9032
9,CC DChg,258.2555555555591,-1.6999,3.9032
9,CC DChg,258.35555555556493,-1.6999,3.9031
9,CC DChg,258.4555555555562,-1.6999,3.9031
9,CC DChg,258.555555555562,-1.6999,3.9031
9,CC DChg,258.6555555555533,-1.6999,3.9031
9,CC DChg,258.7555555555591,-1.6999,3.9031
9,CC DChg,258.85555555556493,-1.6999,3.9031
9,CC DChg,258.9555555555562,-1.6999,3.903
9,CC DChg,259.055555555562,-1.6999,3.903
9,CC DChg,259.1555555555533,-1.6999,3.903
9,CC DChg,259.2555555555591,-1.6999,3.903
9,CC DChg,259.35555555556493,-1.6999,3.903
9,CC DChg,259.4555555555562,-1.6999,3.903
9,CC DChg,259.555555555562,-1.6999,3.903
9,CC DChg,259.6555555555533,-1.6999,3.903
9,CC DChg,259.7555555555591,-1.6999,3.9029
9,CC DChg,259.85555555556493,-1.6999,3.9029
9,CC DChg,259.9555555555562,-1.6999,3.9029
9,CC DChg,260.055555555562,-1.6999,3.9029
9,CC DChg,260.1555555555533,-1.6999,3.9029
9,CC DChg,260.2555555555591,-1.6999,3.9029
9,CC DChg,260.35555555556493,-1.6999,3.9029
9,CC DChg,260.4555555555562,-1.6999,3.9029
9,CC DChg,260.555555555562,-1.6999,3.9028
9,CC DChg,260.6555555555533,-1.6999,3.9028
9,CC DChg,260.7555555555591,-1.6999,3.9028
9,CC DChg,260.85555555556493,-1.6999,3.9028
9,CC DChg,260.9555555555562,-1.6999,3.9028
9,CC DChg,261.055555555562,-1.6999,3.9028
9,CC DChg,261.1555555555533,-1.6999,3.9027
9,CC DChg,261.2555555555591,-1.6999,3.9027
9,CC DChg,261.35555555556493,-1.6999,3.9027
9,CC DChg,261.4555555555562,-1.6999,3.9027
9,CC DChg,261.555555555562,-1.6999,3.9027
9,CC DChg,261.6555555555533,-1.6999,3.9027
9,CC DChg,261.7555555555591,-1.6999,3.9027
9,CC DChg,261.85555555556493,-1.6999,3.9027
9,CC DChg,261.9555555555562,-1.6998,3.9027
9,CC DChg,262.055555555562,-1.6998,3.9026
9,CC DChg,262.1555555555533,-1.6998,3.9026
9,CC DChg,262.2555555555591,-1.6998,3.9026
9,CC DChg,262.35555555556493,-1.6998,3.9026
9,CC DChg,262.4555555555562,-1.6998,3.9026
9,CC DChg,262.555555555562,-1.6998,3.9025
9,CC DChg,262.6555555555533,-1.6998,3.9025
9,CC DChg,262.7555555555591,-1.6998,3.9025
9,CC DChg,262.85555555556493,-1.6998,3.9025
9,CC DChg,262.9555555555562,-1.6998,3.9025
9,CC DChg,263.055555555562,-1.6998,3.9025
9,CC DChg,263.1555555555533,-1.6998,3.9025
9,CC DChg,263.2555555555591,-1.6998,3.9025
9,CC DChg,263.35555555556493,-1.6998,3.9024
9,CC DChg,263.4555555555562,-1.6998,3.9024
9,CC DChg,263.555555555562,-1.6998,3.9024
9,CC DChg,263.6555555555533,-1.6998,3.9024
9,CC DChg,263.7555555555591,-1.6998,3.9024
9,CC DChg,263.85555555556493,-1.6998,3.9023
9,CC DChg,263.9555555555562,-1.6998,3.9023
9,CC DChg,264.055555555562,-1.6998,3.9023
9,CC DChg,264.1555555555533,-1.6998,3.9023
9,CC DChg,264.2555555555591,-1.6998,3.9024
9,CC DChg,264.35555555556493,-1.6998,3.9023
9,CC DChg,264.4555555555562,-1.6998,3.9023
9,CC DChg,264.555555555562,-1.6998,3.9023
9,CC DChg,264.6555555555533,-1.6998,3.9023
9,CC DChg,264.7555555555591,-1.6998,3.9023
9,CC DChg,264.85555555556493,-1.6998,3.9023
9,CC DChg,264.9555555555562,-1.6998,3.9022
9,CC DChg,265.055555555562,-1.6998,3.9022
9,CC DChg,265.1555555555533,-1.6998,3.9022
9,CC DChg,265.2555555555591,-1.6998,3.9022
9,CC DChg,265.35555555556493,-1.6998,3.9022
9,CC DChg,265.4555555555562,-1.6998,3.9022
9,CC DChg,265.555555555562,-1.6998,3.9022
9,CC DChg,265.6555555555533,-1.6998,3.9022
9,CC DChg,265.7555555555591,-1.6998,3.9022
9,CC DChg,265.85555555556493,-1.6998,3.9021
9,CC DChg,265.9555555555562,-1.6998,3.9021
9,CC DChg,266.055555555562,-1.6998,3.9021
9,CC DChg,266.1555555555533,-1.6998,3.9021
9,CC DChg,266.2555555555591,-1.6998,3.9021
9,CC DChg,266.35555555556493,-1.6998,3.902
9,CC DChg,266.4555555555562,-1.6998,3.902
9,CC DChg,266.555555555562,-1.6998,3.902
9,CC DChg,266.6555555555533,-1.6998,3.902
9,CC DChg,266.7555555555591,-1.6998,3.902
9,CC DChg,266.85555555556493,-1.6998,3.902
9,CC DChg,266.9555555555562,-1.6998,3.9019
9,CC DChg,267.055555555562,-1.6998,3.9019
9,CC DChg,267.1555555555533,-1.6998,3.9019
9,CC DChg,267.2555555555591,-1.6998,3.9019
9,CC DChg,267.35555555556493,-1.6998,3.9019
9,CC DChg,267.4555555555562,-1.6998,3.9019
9,CC DChg,267.555555555562,-1.6998,3.9019
9,CC DChg,267.6555555555533,-1.6998,3.9018
9,CC DChg,267.7555555555591,-1.6998,3.9018
9,CC DChg,267.85555555556493,-1.6998,3.9018
9,CC DChg,267.9555555555562,-1.6998,3.9018
9,CC DChg,268.055555555562,-1.6998,3.9018
9,CC DChg,268.1555555555533,-1.6998,3.9018
9,CC DChg,268.2555555555591,-1.6998,3.9018
9,CC DChg,268.35555555556493,-1.6998,3.9018
9,CC DChg,268.4555555555562,-1.6998,3.9018
9,CC DChg,268.555555555562,-1.6998,3.9018
9,CC DChg,268.6555555555533,-1.6998,3.9017
9,CC DChg,268.7555555555591,-1.6998,3.9017
9,CC DChg,268.85555555556493,-1.6998,3.9017
9,CC DChg,268.9555555555562,-1.6998,3.9017
9,CC DChg,269.055555555562,-1.6998,3.9016
9,CC DChg,269.1555555555533,-1.6998,3.9016
9,CC DChg,269.2555555555591,-1.6998,3.9016
9,CC DChg,269.35555555556493,-1.6998,3.9016
9,CC DChg,269.4555555555562,-1.6998,3.9016
9,CC DChg,269.555555555562,-1.6998,3.9016
9,CC DChg,269.6555555555533,-1.6998,3.9016
9,CC DChg,269.7555555555591,-1.6998,3.9016
9,CC DChg,269.85555555556493,-1.6998,3.9015
9,CC DChg,269.9555555555562,-1.6998,3.9015
9,CC DChg,270.055555555562,-1.6998,3.9015
9,CC DChg,270.1555555555533,-1.6998,3.9015
9,CC DChg,270.2555555555591,-1.6998,3.9014
9,CC DChg,270.35555555556493,-1.6998,3.9015
9,CC DChg,270.4555555555562,-1.6998,3.9015
9,CC DChg,270.555555555562,-1.6998,3.9014
9,CC DChg,270.6555555555533,-1.6998,3.9014
9,CC DChg,270.7555555555591,-1.6998,3.9014
9,CC DChg,270.85555555556493,-1.6998,3.9014
9,CC DChg,270.9555555555562,-1.6998,3.9014
9,CC DChg,271.055555555562,-1.6998,3.9014
9,CC DChg,271.1555555555533,-1.6998,3.9014
9,CC DChg,271.2555555555591,-1.6998,3.9013
9,CC DChg,271.35555555556493,-1.6998,3.9013
9,CC DChg,271.4555555555562,-1.6999,3.9013
9,CC DChg,271.555555555562,-1.6999,3.9013
9,CC DChg,271.6555555555533,-1.6999,3.9013
9,CC DChg,271.7555555555591,-1.6999,3.9013
9,CC DChg,271.85555555556493,-1.6999,3.9013
9,CC DChg,271.9555555555562,-1.6999,3.9013
9,CC DChg,272.055555555562,-1.6999,3.9012
9,CC DChg,272.1555555555533,-1.6999,3.9012
9,CC DChg,272.2555555555591,-1.6999,3.9012
9,CC DChg,272.35555555556493,-1.6999,3.9012
9,CC DChg,272.4555555555562,-1.6999,3.9012
9,CC DChg,272.555555555562,-1.6999,3.9012
9,CC DChg,272.6555555555533,-1.6999,3.9011
9,CC DChg,272.7555555555591,-1.6999,3.9011
9,CC DChg,272.85555555556493,-1.6999,3.9011
9,CC DChg,272.9555555555562,-1.6999,3.9011
9,CC DChg,273.055555555562,-1.6999,3.9011
9,CC DChg,273.1555555555533,-1.6999,3.9011
9,CC DChg,273.2555555555591,-1.6999,3.9011
9,CC DChg,273.35555555556493,-1.6999,3.9011
9,CC DChg,273.4555555555562,-1.6999,3.901
9,CC DChg,273.555555555562,-1.6999,3.901
9,CC DChg,273.6555555555533,-1.6999,3.901
9,CC DChg,273.7555555555591,-1.6999,3.901
9,CC DChg,273.85555555556493,-1.6999,3.901
9,CC DChg,273.9555555555562,-1.6999,3.901
9,CC DChg,274.055555555562,-1.6999,3.9009
9,CC DChg,274.1555555555533,-1.6999,3.9009
9,CC DChg,274.2555555555591,-1.6999,3.9009
9,CC DChg,274.35555555556493,-1.6999,3.9009
9,CC DChg,274.4555555555562,-1.6999,3.9009
9,CC DChg,274.555555555562,-1.6999,3.9009
9,CC DChg,274.6555555555533,-1.6999,3.9009
9,CC DChg,274.7555555555591,-1.6999,3.9009
9,CC DChg,274.85555555556493,-1.6999,3.9009
9,CC DChg,274.9555555555562,-1.6999,3.9008
9,CC DChg,275.055555555562,-1.6999,3.9008
9,CC DChg,275.1555555555533,-1.6999,3.9008
9,CC DChg,275.2555555555591,-1.6999,3.9008
9,CC DChg,275.35555555556493,-1.6999,3.9008
9,CC DChg,275.4555555555562,-1.6999,3.9008
9,CC DChg,275.555555555562,-1.6999,3.9007
9,CC DChg,275.6555555555533,-1.6999,3.9007
9,CC DChg,275.7555555555591,-1.6999,3.9007
9,CC DChg,275.85555555556493,-1.6999,3.9007
9,CC DChg,275.9555555555562,-1.6999,3.9007
9,CC DChg,276.055555555562,-1.6999,3.9006
9,CC DChg,276.1555555555533,-1.6999,3.9006
9,CC DChg,276.2555555555591,-1.6999,3.9006
9,CC DChg,276.35555555556493,-1.6999,3.9006
9,CC DChg,276.4555555555562,-1.6999,3.9006
9,CC DChg,276.555555555562,-1.6999,3.9006
9,CC DChg,276.6555555555533,-1.6999,3.9006
9,CC DChg,276.7555555555591,-1.6999,3.9005
9,CC DChg,276.85555555556493,-1.6999,3.9005
9,CC DChg,276.9555555555562,-1.6999,3.9005
9,CC DChg,277.055555555562,-1.6999,3.9005
9,CC DChg,277.1555555555533,-1.6999,3.9005
9,CC DChg,277.2555555555591,-1.6999,3.9005
9,CC DChg,277.35555555556493,-1.6999,3.9005
9,CC DChg,277.4555555555562,-1.6999,3.9005
9,CC DChg,277.555555555562,-1.6999,3.9004
9,CC DChg,277.6555555555533,-1.6999,3.9004
9,CC DChg,277.7555555555591,-1.6999,3.9004
9,CC DChg,277.85555555556493,-1.6999,3.9004
9,CC DChg,277.9555555555562,-1.6999,3.9004
9,CC DChg,278.055555555562,-1.6999,3.9004
9,CC DChg,278.1555555555533,-1.6999,3.9004
9,CC DChg,278.2555555555591,-1.6999,3.9004
9,CC DChg,278.35555555556493,-1.6999,3.9004
9,CC DChg,278.4555555555562,-1.6999,3.9003
9,CC DChg,278.555555555562,-1.6999,3.9003
9,CC DChg,278.6555555555533,-1.6999,3.9003
9,CC DChg,278.7555555555591,-1.6999,3.9003
9,CC DChg,278.85555555556493,-1.6999,3.9003
9,CC DChg,278.9555555555562,-1.6999,3.9003
9,CC DChg,279.055555555562,-1.6999,3.9003
9,CC DChg,279.1555555555533,-1.6999,3.9003
9,CC DChg,279.2555555555591,-1.6999,3.9002
9,CC DChg,279.35555555556493,-1.6999,3.9002
9,CC DChg,279.4555555555562,-1.6999,3.9002
9,CC DChg,279.555555555562,-1.6999,3.9002
9,CC DChg,279.6555555555533,-1.6999,3.9002
9,CC DChg,279.7555555555591,-1.6999,3.9002
9,CC DChg,279.85555555556493,-1.6999,3.9002
9,CC DChg,279.9555555555562,-1.6999,3.9001
9,CC DChg,280.055555555562,-1.6999,3.9001
9,CC DChg,280.1555555555533,-1.6999,3.9001
9,CC DChg,280.2555555555591,-1.6999,3.9001
9,CC DChg,280.35555555556493,-1.6999,3.9001
9,CC DChg,280.4555555555562,-1.6999,3.9001
9,CC DChg,280.555555555562,-1.6999,3.9001
9,CC DChg,280.6555555555533,-1.6999,3.9
9,CC DChg,280.7555555555591,-1.6999,3.9
9,CC DChg,280.85555555556493,-1.6999,3.9
9,CC DChg,280.9555555555562,-1.6999,3.9
9,CC DChg,281.055555555562,-1.6999,3.8999
9,CC DChg,281.1555555555533,-1.6999,3.9
9,CC DChg,281.2555555555591,-1.6999,3.8999
9,CC DChg,281.35555555556493,-1.6999,3.8999
9,CC DChg,281.4555555555562,-1.6999,3.8999
9,CC DChg,281.555555555562,-1.6999,3.8999
9,CC DChg,281.6555555555533,-1.6999,3.8999
9,CC DChg,281.7555555555591,-1.6999,3.8999
9,CC DChg,281.85555555556493,-1.6999,3.8999
9,CC DChg,281.9555555555562,-1.6999,3.8998
9,CC DChg,282.055555555562,-1.6999,3.8998
9,CC DChg,282.1555555555533,-1.6999,3.8998
9,CC DChg,282.2555555555591,-1.6999,3.8998
9,CC DChg,282.35555555556493,-1.6999,3.8998
9,CC DChg,282.4555555555562,-1.6999,3.8998
9,CC DChg,282.555555555562,-1.6999,3.8998
9,CC DChg,282.6555555555533,-1.6999,3.8997
9,CC DChg,282.7555555555591,-1.6999,3.8997
9,CC DChg,282.85555555556493,-1.6999,3.8997
9,CC DChg,282.9555555555562,-1.6999,3.8997
9,CC DChg,283.055555555562,-1.6999,3.8997
9,CC DChg,283.1555555555533,-1.6999,3.8997
9,CC DChg,283.2555555555591,-1.6999,3.8997
9,CC DChg,283.35555555556493,-1.6999,3.8997
9,CC DChg,283.4555555555562,-1.6999,3.8996
9,CC DChg,283.555555555562,-1.6999,3.8996
9,CC DChg,283.6555555555533,-1.6999,3.8996
9,CC DChg,283.7555555555591,-1.6999,3.8996
9,CC DChg,283.85555555556493,-1.6999,3.8996
9,CC DChg,283.9555555555562,-1.6999,3.8996
9,CC DChg,284.055555555562,-1.6999,3.8995
9,CC DChg,284.1555555555533,-1.6999,3.8995
9,CC DChg,284.2555555555591,-1.6999,3.8995
9,CC DChg,284.35555555556493,-1.6999,3.8995
9,CC DChg,284.4555555555562,-1.6999,3.8995
9,CC DChg,284.555555555562,-1.6999,3.8995
9,CC DChg,284.6555555555533,-1.6999,3.8995
9,CC DChg,284.7555555555591,-1.6999,3.8995
9,CC DChg,284.85555555556493,-1.6999,3.8994
9,CC DChg,284.9555555555562,-1.6999,3.8994
9,CC DChg,285.055555555562,-1.6999,3.8994
9,CC DChg,285.1555555555533,-1.6999,3.8994
9,CC DChg,285.2555555555591,-1.6999,3.8994
9,CC DChg,285.35555555556493,-1.6999,3.8994
9,CC DChg,285.4555555555562,-1.6999,3.8994
9,CC DChg,285.555555555562,-1.6999,3.8994
9,CC DChg,285.6555555555533,-1.6999,3.8993
9,CC DChg,285.7555555555591,-1.6999,3.8993
9,CC DChg,285.85555555556493,-1.6999,3.8993
9,CC DChg,285.9555555555562,-1.6999,3.8993
9,CC DChg,286.055555555562,-1.6999,3.8993
9,CC DChg,286.1555555555533,-1.6999,3.8992
9,CC DChg,286.2555555555591,-1.6999,3.8993
9,CC DChg,286.35555555556493,-1.6999,3.8992
9,CC DChg,286.4555555555562,-1.6999,3.8992
9,CC DChg,286.555555555562,-1.6999,3.8992
9,CC DChg,286.6555555555533,-1.6999,3.8992
9,CC DChg,286.7555555555591,-1.6999,3.8992
9,CC DChg,286.85555555556493,-1.6999,3.8991
9,CC DChg,286.9555555555562,-1.6999,3.8991
9,CC DChg,287.055555555562,-1.6999,3.8991
9,CC DChg,287.1555555555533,-1.6999,3.8991
9,CC DChg,287.2555555555591,-1.6999,3.8991
9,CC DChg,287.35555555556493,-1.6999,3.8991
9,CC DChg,287.4555555555562,-1.6999,3.899
9,CC DChg,287.555555555562,-1.6999,3.899
9,CC DChg,287.6555555555533,-1.6999,3.899
9,CC DChg,287.7555555555591,-1.6999,3.899
9,CC DChg,287.85555555556493,-1.6999,3.899
9,CC DChg,287.9555555555562,-1.6999,3.899
9,CC DChg,288.055555555562,-1.6999,3.899
9,CC DChg,288.1555555555533,-1.6999,3.899
9,CC DChg,288.2555555555591,-1.6999,3.899
9,CC DChg,288.35555555556493,-1.6999,3.899
9,CC DChg,288.4555555555562,-1.6999,3.899
9,CC DChg,288.555555555562,-1.6999,3.899
9,CC DChg,288.6555555555533,-1.6999,3.8989
9,CC DChg,288.7555555555591,-1.6999,3.8989
9,CC DChg,288.85555555556493,-1.6999,3.8989
9,CC DChg,288.9555555555562,-1.6999,3.8989
9,CC DChg,289.055555555562,-1.6999,3.8989
9,CC DChg,289.1555555555533,-1.6999,3.8989
9,CC DChg,289.2555555555591,-1.6999,3.8989
9,CC DChg,289.35555555556493,-1.6999,3.8988
9,CC DChg,289.4555555555562,-1.6999,3.8988
9,CC DChg,289.555555555562,-1.6999,3.8988
9,CC DChg,289.6555555555533,-1.6999,3.8988
9,CC DChg,289.7555555555591,-1.6999,3.8987
9,CC DChg,289.85555555556493,-1.6999,3.8987
9,CC DChg,289.9555555555562,-1.6999,3.8987
9,CC DChg,290.055555555562,-1.6999,3.8987
9,CC DChg,290.1555555555533,-1.6999,3.8987
9,CC DChg,290.2555555555591,-1.6999,3.8987
9,CC DChg,290.35555555556493,-1.6999,3.8987
9,CC DChg,290.4555555555562,-1.6999,3.8987
9,CC DChg,290.555555555562,-1.6999,3.8986
9,CC DChg,290.6555555555533,-1.6999,3.8986
9,CC DChg,290.7555555555591,-1.6999,3.8986
9,CC DChg,290.85555555556493,-1.6999,3.8986
9,CC DChg,290.9555555555562,-1.6999,3.8986
9,CC DChg,291.055555555562,-1.6999,3.8986
9,CC DChg,291.1555555555533,-1.6999,3.8985
9,CC DChg,291.2555555555591,-1.6999,3.8985
9,CC DChg,291.35555555556493,-1.6999,3.8985
9,CC DChg,291.4555555555562,-1.6999,3.8985
9,CC DChg,291.555555555562,-1.6999,3.8985
9,CC DChg,291.6555555555533,-1.6999,3.8985
9,CC DChg,291.7555555555591,-1.6999,3.8985
9,CC DChg,291.85555555556493,-1.6999,3.8985
9,CC DChg,291.9555555555562,-1.6999,3.8984
9,CC DChg,292.055555555562,-1.6999,3.8984
9,CC DChg,292.1555555555533,-1.6999,3.8984
9,CC DChg,292.2555555555591,-1.6999,3.8984
9,CC DChg,292.35555555556493,-1.6999,3.8984
9,CC DChg,292.4555555555562,-1.6999,3.8984
9,CC DChg,292.555555555562,-1.6999,3.8984
9,CC DChg,292.6555555555533,-1.6999,3.8984
9,CC DChg,292.7555555555591,-1.6999,3.8983
9,CC DChg,292.85555555556493,-1.6999,3.8983
9,CC DChg,292.9555555555562,-1.6999,3.8983
9,CC DChg,293.055555555562,-1.6999,3.8983
9,CC DChg,293.1555555555533,-1.6999,3.8983
9,CC DChg,293.2555555555591,-1.6999,3.8983
9,CC DChg,293.35555555556493,-1.6999,3.8983
9,CC DChg,293.4555555555562,-1.6999,3.8983
9,CC DChg,293.555555555562,-1.6999,3.8982
9,CC DChg,293.6555555555533,-1.6999,3.8982
9,CC DChg,293.7555555555591,-1.6999,3.8982
9,CC DChg,293.85555555556493,-1.6999,3.8982
9,CC DChg,293.9555555555562,-1.6999,3.8982
9,CC DChg,294.055555555562,-1.6999,3.8982
9,CC DChg,294.1555555555533,-1.6999,3.8981
9,CC DChg,294.2555555555591,-1.6999,3.8981
9,CC DChg,294.35555555556493,-1.6999,3.8981
9,CC DChg,294.4555555555562,-1.6999,3.8981
9,CC DChg,294.555555555562,-1.6999,3.8981
9,CC DChg,294.6555555555533,-1.6999,3.898
9,CC DChg,294.7555555555591,-1.6999,3.898
9,CC DChg,294.85555555556493,-1.6999,3.898
9,CC DChg,294.9555555555562,-1.6999,3.898
9,CC DChg,295.055555555562,-1.6999,3.898
9,CC DChg,295.1555555555533,-1.6999,3.898
9,CC DChg,295.2555555555591,-1.6999,3.898
9,CC DChg,295.35555555556493,-1.6999,3.898
9,CC DChg,295.4555555555562,-1.6999,3.8979
9,CC DChg,295.54722222223063,-1.6999,3.8979
9,CC DChg,295.6388888888905,-1.6999,3.8979
9,CC DChg,295.7305555555504,-1.6999,3.8979
9,CC DChg,295.8222222222248,-1.6999,3.8979
10,Rest,295.91388888889924,0.0,3.983
10,Rest,296.0055555555591,0.0,3.983
10,Rest,296.097222222219,0.0,3.9841
10,Rest,296.1888888888934,0.0,3.9863
10,Rest,296.28055555556784,0.0,3.988
10,Rest,296.3722222222277,0.0,3.989
10,Rest,296.4638888888876,0.0,3.9898
10,Rest,296.5631313131307,0.0,3.9905
10,Rest,296.66237373737385,0.0,3.9911
10,Rest,296.761616161617,0.0,3.9916
10,Rest,296.8608585858601,0.0,3.9921
10,Rest,296.96010101010324,0.0,3.9925
10,Rest,297.0593434343464,0.0,3.993
10,Rest,297.1585858585895,0.0,3.9934
10,Rest,297.25782828283263,0.0,3.9938
10,Rest,297.35707070707576,0.0,3.9942
10,Rest,297.4563131313189,0.0,3.9945
10,Rest,297.5562442607916,0.0,3.9949
10,Rest,297.6561753902788,0.0,3.9952
10,Rest,297.7561065197515,0.0,3.9956
10,Rest,297.85603764922416,0.0,3.9958
10,Rest,297.95596877869684,0.0,3.9961
10,Rest,298.0558999081841,0.0,3.9964
10,Rest,298.15583103765675,0.0,3.9967
10,Rest,298.25576216712943,0.0,3.997
10,Rest,298.3556932966021,0.0,3.9972
10,Rest,298.45562442608934,0.0,3.9975
10,Rest,298.55561816513364,0.0,3.9978
10,Rest,298.65561190417793,0.0,3.998
10,Rest,298.7556056432222,0.0,3.9983
10,Rest,298.8555993822665,0.0,3.9985
10,Rest,298.9555931213108,0.0,3.9988
10,Rest,299.05558686034055,0.0,3.999
10,Rest,299.15558059938485,0.0,3.9992
10,Rest,299.25557433842914,0.0,3.9995
10,Rest,299.35556807747344,0.0,3.9997
10,Rest,299.45556181651773,0.0,3.9999
10,Rest,299.55556124733994,0.0,4.0001
10,Rest,299.65556067816215,0.0,4.0004
10,Rest,299.75556010898435,0.0,4.0006
10,Rest,299.85555953980656,0.0,4.0008
10,Rest,299.9555589706288,0.0,4.001
10,Rest,300.055558401451,0.0,4.0012
10,Rest,300.1555578322732,0.0,4.0014
10,Rest,300.2555572630954,0.0,4.0016
10,Rest,300.3555566939176,0.0,4.0018
10,Rest,300.4555561247398,0.0,4.002
10,Rest,300.555556072999,0.0,4.0022
10,Rest,300.65555602125823,0.0,4.0024
10,Rest,300.7555559695029,0.0,4.0025
10,Rest,300.8555559177621,0.0,4.0028
10,Rest,300.9555558660213,0.0,4.0029
10,Rest,301.0555558142805,0.0,4.0031
10,Rest,301.15555576253973,0.0,4.0033
10,Rest,301.25555571079894,0.0,4.0034
10,Rest,301.3555556590436,0.0,4.0036
10,Rest,301.4555556073028,0.0,4.0038
10,Rest,301.5555556025938,0.0,4.0039
10,Rest,301.65555559789937,0.0,4.0041
10,Rest,301.75555559319037,0.0,4.0043
10,Rest,301.85555558848137,0.0,4.0045
10,Rest,301.9555555837869,0.0,4.0046
10,Rest,302.0555555790779,0.0,4.0048
10,Rest,302.15555557438347,0.0,4.0049
10,Rest,302.25555556967447,0.0,4.0052
10,Rest,302.35555556496547,0.0,4.0053
10,Rest,302.455555560271,0.0,4.0055
10,Rest,302.5555555598403,0.0,4.0056
10,Rest,302.65555555940955,0.0,4.0057
10,Rest,302.75555555899336,0.0,4.0059
10,Rest,302.8555555585626,0.0,4.0061
10,Rest,302.9555555581319,0.0,4.0062
10,Rest,303.05555555770115,0.0,4.0064
10,Rest,303.1555555572704,0.0,4.0065
10,Rest,303.2555555568397,0.0,4.0067
10,Rest,303.3555555564235,0.0,4.0068
10,Rest,303.45555555599276,0.0,4.0069
10,Rest,303.5555555559549,0.0,4.0071
10,Rest,303.6555555559171,0.0,4.0072
10,Rest,303.75555555587925,0.0,4.0073
10,Rest,303.8555555558414,0.0,4.0075
10,Rest,303.9555555558036,0.0,4.0077
10,Rest,304.0555555557512,0.0,4.0078
10,Rest,304.15555555571336,0.0,4.0079
10,Rest,304.2555555556755,0.0,4.0081
10,Rest,304.3555555556377,0.0,4.0082
10,Rest,304.45555555559986,0.0,4.0083
10,Rest,304.5555555555911,0.0,4.0085
10,Rest,304.65555555559695,0.0,4.0086
10,Rest,304.7555555555882,0.0,4.0088
10,Rest,304.8555555555795,0.0,4.0089
10,Rest,304.9555555555853,0.0,4.009
10,Rest,305.0555555555766,0.0,4.0091
10,Rest,305.1555555555824,0.0,4.0093
10,Rest,305.25555555557366,0.0,4.0094
10,Rest,305.35555555556493,0.0,4.0095
10,Rest,305.45555555557075,0.0,4.0097
10,Rest,305.5555555555766,0.0,4.0098
10,Rest,305.65555555556784,0.0,4.0099
10,Rest,305.75555555557366,0.0,4.01
10,Rest,305.85555555556493,0.0,4.0101
10,Rest,305.95555555557075,0.0,4.0103
10,Rest,306.055555555562,0.0,4.0104
10,Rest,306.15555555556784,0.0,4.0105
10,Rest,306.2555555555591,0.0,4.0107
10,Rest,306.35555555556493,0.0,4.0108
10,Rest,306.4555555555562,0.0,4.0109
10,Rest,306.555555555562,0.0,4.011
10,Rest,306.6555555555533,0.0,4.0111
10,Rest,306.7555555555591,0.0,4.0113
10,Rest,306.85555555556493,0.0,4.0113
10,Rest,306.9555555555562,0.0,4.0115
10,Rest,307.055555555562,0.0,4.0116
10,Rest,307.1555555555533,0.0,4.0117
10,Rest,307.2555555555591,0.0,4.0118
10,Rest,307.35555555556493,0.0,4.0119
10,Rest,307.4555555555562,0.0,4.012
10,Rest,307.555555555562,0.0,4.0122
10,Rest,307.6555555555533,0.0,4.0123
10,Rest,307.7555555555591,0.0,4.0124
10,Rest,307.85555555556493,0.0,4.0125
10,Rest,307.9555555555562,0.0,4.0126
10,Rest,308.055555555562,0.0,4.0127
10,Rest,308.1555555555533,0.0,4.0128
10,Rest,308.2555555555591,0.0,4.0129
10,Rest,308.35555555556493,0.0,4.013
10,Rest,308.4555555555562,0.0,4.0131
10,Rest,308.555555555562,0.0,4.0132
10,Rest,308.6555555555533,0.0,4.0134
10,Rest,308.7555555555591,0.0,4.0135
10,Rest,308.85555555556493,0.0,4.0135
10,Rest,308.9555555555562,0.0,4.0136
10,Rest,309.055555555562,0.0,4.0138
10,Rest,309.1555555555533,0.0,4.0139
10,Rest,309.2555555555591,0.0,4.0139
10,Rest,309.35555555556493,0.0,4.0141
10,Rest,309.4555555555562,0.0,4.0142
10,Rest,309.555555555562,0.0,4.0143
10,Rest,309.6555555555533,0.0,4.0144
10,Rest,309.7555555555591,0.0,4.0145
10,Rest,309.85555555556493,0.0,4.0146
10,Rest,309.9555555555562,0.0,4.0147
10,Rest,310.055555555562,0.0,4.0148
10,Rest,310.1555555555533,0.0,4.0149
10,Rest,310.2555555555591,0.0,4.015
10,Rest,310.35555555556493,0.0,4.0151
10,Rest,310.4555555555562,0.0,4.0152
10,Rest,310.555555555562,0.0,4.0153
10,Rest,310.6555555555533,0.0,4.0154
10,Rest,310.7555555555591,0.0,4.0155
10,Rest,310.85555555556493,0.0,4.0155
10,Rest,310.9555555555562,0.0,4.0156
10,Rest,311.055555555562,0.0,4.0158
10,Rest,311.1555555555533,0.0,4.0159
10,Rest,311.2555555555591,0.0,4.016
10,Rest,311.35555555556493,0.0,4.016
10,Rest,311.4555555555562,0.0,4.0162
10,Rest,311.555555555562,0.0,4.0163
10,Rest,311.6555555555533,0.0,4.0163
10,Rest,311.7555555555591,0.0,4.0164
10,Rest,311.85555555556493,0.0,4.0165
10,Rest,311.9555555555562,0.0,4.0166
10,Rest,312.055555555562,0.0,4.0167
10,Rest,312.1555555555533,0.0,4.0168
10,Rest,312.2555555555591,0.0,4.0169
10,Rest,312.35555555556493,0.0,4.017
10,Rest,312.4555555555562,0.0,4.0171
10,Rest,312.555555555562,0.0,4.0172
10,Rest,312.6555555555533,0.0,4.0173
10,Rest,312.7555555555591,0.0,4.0173
10,Rest,312.85555555556493,0.0,4.0174
10,Rest,312.9555555555562,0.0,4.0175
10,Rest,313.055555555562,0.0,4.0176
10,Rest,313.1555555555533,0.0,4.0177
10,Rest,313.2555555555591,0.0,4.0178
10,Rest,313.35555555556493,0.0,4.0179
10,Rest,313.4555555555562,0.0,4.018
10,Rest,313.555555555562,0.0,4.018
10,Rest,313.6555555555533,0.0,4.0182
10,Rest,313.7555555555591,0.0,4.0182
10,Rest,313.85555555556493,0.0,4.0184
10,Rest,313.9555555555562,0.0,4.0185
10,Rest,314.055555555562,0.0,4.0185
10,Rest,314.1555555555533,0.0,4.0186
10,Rest,314.2555555555591,0.0,4.0187
10,Rest,314.35555555556493,0.0,4.0188
10,Rest,314.4555555555562,0.0,4.0188
10,Rest,314.555555555562,0.0,4.019
10,Rest,314.6555555555533,0.0,4.019
10,Rest,314.7555555555591,0.0,4.0191
10,Rest,314.85555555556493,0.0,4.0192
10,Rest,314.9555555555562,0.0,4.0193
10,Rest,315.055555555562,0.0,4.0193
10,Rest,315.1555555555533,0.0,4.0194
10,Rest,315.2555555555591,0.0,4.0196
10,Rest,315.35555555556493,0.0,4.0196
10,Rest,315.4555555555562,0.0,4.0197
10,Rest,315.555555555562,0.0,4.0198
10,Rest,315.6555555555533,0.0,4.0199
10,Rest,315.7555555555591,0.0,4.02
10,Rest,315.85555555556493,0.0,4.02
10,Rest,315.9555555555562,0.0,4.0201
10,Rest,316.055555555562,0.0,4.0202
10,Rest,316.1555555555533,0.0,4.0203
10,Rest,316.2555555555591,0.0,4.0204
10,Rest,316.35555555556493,0.0,4.0205
10,Rest,316.4555555555562,0.0,4.0205
10,Rest,316.555555555562,0.0,4.0206
10,Rest,316.6555555555533,0.0,4.0207
10,Rest,316.7555555555591,0.0,4.0208
10,Rest,316.85555555556493,0.0,4.0208
10,Rest,316.9555555555562,0.0,4.0209
10,Rest,317.055555555562,0.0,4.021
10,Rest,317.1555555555533,0.0,4.0211
10,Rest,317.2555555555591,0.0,4.0212
10,Rest,317.35555555556493,0.0,4.0213
10,Rest,317.4555555555562,0.0,4.0213
10,Rest,317.555555555562,0.0,4.0214
10,Rest,317.6555555555533,0.0,4.0215
10,Rest,317.7555555555591,0.0,4.0216
10,Rest,317.85555555556493,0.0,4.0217
10,Rest,317.9555555555562,0.0,4.0217
10,Rest,318.055555555562,0.0,4.0218
10,Rest,318.1555555555533,0.0,4.0219
10,Rest,318.2555555555591,0.0,4.0219
10,Rest,318.35555555556493,0.0,4.022
10,Rest,318.4555555555562,0.0,4.0221
10,Rest,318.555555555562,0.0,4.0222
10,Rest,318.6555555555533,0.0,4.0223
10,Rest,318.7555555555591,0.0,4.0223
10,Rest,318.85555555556493,0.0,4.0224
10,Rest,318.9555555555562,0.0,4.0225
10,Rest,319.055555555562,0.0,4.0226
10,Rest,319.1555555555533,0.0,4.0226
10,Rest,319.2555555555591,0.0,4.0227
10,Rest,319.35555555556493,0.0,4.0228
10,Rest,319.4555555555562,0.0,4.0229
10,Rest,319.555555555562,0.0,4.0229
10,Rest,319.6555555555533,0.0,4.023
10,Rest,319.7555555555591,0.0,4.0231
10,Rest,319.85555555556493,0.0,4.0232
10,Rest,319.9555555555562,0.0,4.0232
10,Rest,320.055555555562,0.0,4.0233
10,Rest,320.1555555555533,0.0,4.0234
10,Rest,320.2555555555591,0.0,4.0234
10,Rest,320.35555555556493,0.0,4.0235
10,Rest,320.4555555555562,0.0,4.0236
10,Rest,320.555555555562,0.0,4.0236
10,Rest,320.6555555555533,0.0,4.0237
10,Rest,320.7555555555591,0.0,4.0238
10,Rest,320.85555555556493,0.0,4.0239
10,Rest,320.9555555555562,0.0,4.0239
10,Rest,321.055555555562,0.0,4.024
10,Rest,321.1555555555533,0.0,4.024
10,Rest,321.2555555555591,0.0,4.0241
10,Rest,321.35555555556493,0.0,4.0242
10,Rest,321.4555555555562,0.0,4.0243
10,Rest,321.555555555562,0.0,4.0243
10,Rest,321.6555555555533,0.0,4.0244
10,Rest,321.7555555555591,0.0,4.0245
10,Rest,321.85555555556493,0.0,4.0245
10,Rest,321.9555555555562,0.0,4.0246
10,Rest,322.055555555562,0.0,4.0247
10,Rest,322.1555555555533,0.0,4.0248
10,Rest,322.2555555555591,0.0,4.0248
10,Rest,322.35555555556493,0.0,4.0249
10,Rest,322.4555555555562,0.0,4.0249
10,Rest,322.555555555562,0.0,4.025
10,Rest,322.6555555555533,0.0,4.0251
10,Rest,322.7555555555591,0.0,4.0251
10,Rest,322.85555555556493,0.0,4.0252
10,Rest,322.9555555555562,0.0,4.0253
10,Rest,323.055555555562,0.0,4.0253
10,Rest,323.1555555555533,0.0,4.0254
10,Rest,323.2555555555591,0.0,4.0254
10,Rest,323.35555555556493,0.0,4.0255
10,Rest,323.4555555555562,0.0,4.0256
10,Rest,323.555555555562,0.0,4.0257
10,Rest,323.6555555555533,0.0,4.0257
10,Rest,323.7555555555591,0.0,4.0258
10,Rest,323.85555555556493,0.0,4.0258
10,Rest,323.9555555555562,0.0,4.0259
10,Rest,324.055555555562,0.0,4.026
10,Rest,324.1555555555533,0.0,4.026
10,Rest,324.2555555555591,0.0,4.0261
10,Rest,324.35555555556493,0.0,4.0262
10,Rest,324.4555555555562,0.0,4.0263
10,Rest,324.555555555562,0.0,4.0263
10,Rest,324.6555555555533,0.0,4.0264
10,Rest,324.7555555555591,0.0,4.0264
10,Rest,324.85555555556493,0.0,4.0265
10,Rest,324.9555555555562,0.0,4.0265
10,Rest,325.055555555562,0.0,4.0266
10,Rest,325.1555555555533,0.0,4.0267
10,Rest,325.2555555555591,0.0,4.0268
10,Rest,325.35555555556493,0.0,4.0268
10,Rest,325.4555555555562,0.0,4.0269
10,Rest,325.555555555562,0.0,4.027
10,Rest,325.6555555555533,0.0,4.027
10,Rest,325.7555555555591,0.0,4.027
10,Rest,325.85555555556493,0.0,4.0271
10,Rest,325.9555555555562,0.0,4.0272
10,Rest,326.055555555562,0.0,4.0272
10,Rest,326.1555555555533,0.0,4.0273
10,Rest,326.2555555555591,0.0,4.0274
10,Rest,326.35555555556493,0.0,4.0274
10,Rest,326.4555555555562,0.0,4.0275
10,Rest,326.555555555562,0.0,4.0275
10,Rest,326.6555555555533,0.0,4.0276
10,Rest,326.7555555555591,0.0,4.0277
10,Rest,326.85555555556493,0.0,4.0277
10,Rest,326.9555555555562,0.0,4.0278
10,Rest,327.055555555562,0.0,4.0278
10,Rest,327.1555555555533,0.0,4.0279
10,Rest,327.2555555555591,0.0,4.028
10,Rest,327.35555555556493,0.0,4.028
10,Rest,327.4555555555562,0.0,4.0281
10,Rest,327.555555555562,0.0,4.0281
10,Rest,327.6555555555533,0.0,4.0282
10,Rest,327.7555555555591,0.0,4.0283
10,Rest,327.85555555556493,0.0,4.0283
10,Rest,327.9555555555562,0.0,4.0284
10,Rest,328.055555555562,0.0,4.0285
10,Rest,328.1555555555533,0.0,4.0285
10,Rest,328.2555555555591,0.0,4.0286
10,Rest,328.35555555556493,0.0,4.0286
10,Rest,328.4555555555562,0.0,4.0286
10,Rest,328.555555555562,0.0,4.0287
10,Rest,328.6555555555533,0.0,4.0287
10,Rest,328.7555555555591,0.0,4.0288
10,Rest,328.85555555556493,0.0,4.0289
10,Rest,328.9555555555562,0.0,4.0289
10,Rest,329.055555555562,0.0,4.029
10,Rest,329.1555555555533,0.0,4.029
10,Rest,329.2555555555591,0.0,4.0291
10,Rest,329.35555555556493,0.0,4.0292
10,Rest,329.4555555555562,0.0,4.0292
10,Rest,329.555555555562,0.0,4.0293
10,Rest,329.6555555555533,0.0,4.0293
10,Rest,329.7555555555591,0.0,4.0293
10,Rest,329.85555555556493,0.0,4.0294
10,Rest,329.9555555555562,0.0,4.0295
10,Rest,330.055555555562,0.0,4.0295
10,Rest,330.1555555555533,0.0,4.0296
10,Rest,330.2555555555591,0.0,4.0296
10,Rest,330.35555555556493,0.0,4.0297
10,Rest,330.4555555555562,0.0,4.0298
10,Rest,330.555555555562,0.0,4.0298
10,Rest,330.6555555555533,0.0,4.0299
10,Rest,330.7555555555591,0.0,4.0299
10,Rest,330.85555555556493,0.0,4.03
10,Rest,330.9555555555562,0.0,4.03
10,Rest,331.055555555562,0.0,4.0301
10,Rest,331.1555555555533,0.0,4.0301
10,Rest,331.2555555555591,0.0,4.0302
10,Rest,331.35555555556493,0.0,4.0302
10,Rest,331.4555555555562,0.0,4.0303
10,Rest,331.555555555562,0.0,4.0304
10,Rest,331.6555555555533,0.0,4.0304
10,Rest,331.7555555555591,0.0,4.0304
10,Rest,331.85555555556493,0.0,4.0305
10,Rest,331.9555555555562,0.0,4.0305
10,Rest,332.055555555562,0.0,4.0306
10,Rest,332.1555555555533,0.0,4.0306
10,Rest,332.2555555555591,0.0,4.0307
10,Rest,332.35555555556493,0.0,4.0308
10,Rest,332.4555555555562,0.0,4.0308
10,Rest,332.555555555562,0.0,4.0309
10,Rest,332.6555555555533,0.0,4.0309
10,Rest,332.7555555555591,0.0,4.031
10,Rest,332.85555555556493,0.0,4.031
10,Rest,332.9555555555562,0.0,4.031
10,Rest,333.055555555562,0.0,4.0311
10,Rest,333.1555555555533,0.0,4.0312
10,Rest,333.2555555555591,0.0,4.0312
10,Rest,333.35555555556493,0.0,4.0313
10,Rest,333.4555555555562,0.0,4.0313
10,Rest,333.555555555562,0.0,4.0314
10,Rest,333.6555555555533,0.0,4.0314
10,Rest,333.7555555555591,0.0,4.0315
10,Rest,333.85555555556493,0.0,4.0315
10,Rest,333.9555555555562,0.0,4.0316
10,Rest,334.055555555562,0.0,4.0316
10,Rest,334.1555555555533,0.0,4.0317
10,Rest,334.2555555555591,0.0,4.0317
10,Rest,334.35555555556493,0.0,4.0318
10,Rest,334.4555555555562,0.0,4.0318
10,Rest,334.555555555562,0.0,4.0319
10,Rest,334.6555555555533,0.0,4.0319
10,Rest,334.7555555555591,0.0,4.0319
10,Rest,334.85555555556493,0.0,4.032
10,Rest,334.9555555555562,0.0,4.032
10,Rest,335.055555555562,0.0,4.0321
10,Rest,335.1555555555533,0.0,4.0321
10,Rest,335.2555555555591,0.0,4.0322
10,Rest,335.35555555556493,0.0,4.0322
10,Rest,335.4555555555562,0.0,4.0323
10,Rest,335.555555555562,0.0,4.0324
10,Rest,335.6555555555533,0.0,4.0324
10,Rest,335.7555555555591,0.0,4.0324
10,Rest,335.85555555556493,0.0,4.0324
10,Rest,335.9555555555562,0.0,4.0326
10,Rest,336.055555555562,0.0,4.0326
10,Rest,336.1555555555533,0.0,4.0327
10,Rest,336.2555555555591,0.0,4.0327
10,Rest,336.35555555556493,0.0,4.0327
10,Rest,336.4555555555562,0.0,4.0328
10,Rest,336.555555555562,0.0,4.0328
10,Rest,336.6555555555533,0.0,4.0329
10,Rest,336.7555555555591,0.0,4.0329
10,Rest,336.85555555556493,0.0,4.0329
10,Rest,336.9555555555562,0.0,4.033
10,Rest,337.055555555562,0.0,4.0331
10,Rest,337.1555555555533,0.0,4.0331
10,Rest,337.2555555555591,0.0,4.0332
10,Rest,337.35555555556493,0.0,4.0332
10,Rest,337.4555555555562,0.0,4.0332
10,Rest,337.555555555562,0.0,4.0333
10,Rest,337.6555555555533,0.0,4.0333
10,Rest,337.7555555555591,0.0,4.0334
10,Rest,337.85555555556493,0.0,4.0334
10,Rest,337.9555555555562,0.0,4.0335
10,Rest,338.055555555562,0.0,4.0335
10,Rest,338.1555555555533,0.0,4.0335
10,Rest,338.2555555555591,0.0,4.0336
10,Rest,338.35555555556493,0.0,4.0337
10,Rest,338.4555555555562,0.0,4.0337
10,Rest,338.555555555562,0.0,4.0337
10,Rest,338.6555555555533,0.0,4.0337
10,Rest,338.7555555555591,0.0,4.0338
10,Rest,338.85555555556493,0.0,4.0338
10,Rest,338.9555555555562,0.0,4.0339
10,Rest,339.055555555562,0.0,4.0339
10,Rest,339.1555555555533,0.0,4.034
10,Rest,339.2555555555591,0.0,4.034
10,Rest,339.35555555556493,0.0,4.0341
10,Rest,339.4555555555562,0.0,4.0341
10,Rest,339.555555555562,0.0,4.0341
10,Rest,339.6555555555533,0.0,4.0342
10,Rest,339.7555555555591,0.0,4.0342
10,Rest,339.85555555556493,0.0,4.0343
10,Rest,339.9555555555562,0.0,4.0344
10,Rest,340.055555555562,0.0,4.0344
10,Rest,340.1555555555533,0.0,4.0344
10,Rest,340.2555555555591,0.0,4.0344
10,Rest,340.35555555556493,0.0,4.0345
10,Rest,340.4555555555562,0.0,4.0345
10,Rest,340.555555555562,0.0,4.0346
10,Rest,340.6555555555533,0.0,4.0346
10,Rest,340.7555555555591,0.0,4.0346
10,Rest,340.85555555556493,0.0,4.0347
10,Rest,340.9555555555562,0.0,4.0348
10,Rest,341.055555555562,0.0,4.0348
10,Rest,341.1555555555533,0.0,4.0348
10,Rest,341.2555555555591,0.0,4.0349
10,Rest,341.35555555556493,0.0,4.0349
10,Rest,341.4555555555562,0.0,4.035
10,Rest,341.555555555562,0.0,4.035
10,Rest,341.6555555555533,0.0,4.035
10,Rest,341.7555555555591,0.0,4.0351
10,Rest,341.85555555556493,0.0,4.0351
10,Rest,341.9555555555562,0.0,4.0352
10,Rest,342.055555555562,0.0,4.0352
10,Rest,342.1555555555533,0.0,4.0353
10,Rest,342.2555555555591,0.0,4.0353
10,Rest,342.35555555556493,0.0,4.0354
10,Rest,342.4555555555562,0.0,4.0354
10,Rest,342.555555555562,0.0,4.0355
10,Rest,342.6555555555533,0.0,4.0355
10,Rest,342.7555555555591,0.0,4.0355
10,Rest,342.85555555556493,0.0,4.0356
10,Rest,342.9555555555562,0.0,4.0356
10,Rest,343.055555555562,0.0,4.0356
10,Rest,343.1555555555533,0.0,4.0357
10,Rest,343.2555555555591,0.0,4.0357
10,Rest,343.35555555556493,0.0,4.0357
10,Rest,343.4555555555562,0.0,4.0358
10,Rest,343.555555555562,0.0,4.0358
10,Rest,343.6555555555533,0.0,4.0358
10,Rest,343.7555555555591,0.0,4.0359
10,Rest,343.85555555556493,0.0,4.0359
10,Rest,343.9555555555562,0.0,4.036
10,Rest,344.055555555562,0.0,4.036
10,Rest,344.1555555555533,0.0,4.036
10,Rest,344.2555555555591,0.0,4.0361
10,Rest,344.35555555556493,0.0,4.0362
10,Rest,344.4555555555562,0.0,4.0362
10,Rest,344.555555555562,0.0,4.0362
10,Rest,344.6555555555533,0.0,4.0363
10,Rest,344.7555555555591,0.0,4.0363
10,Rest,344.85555555556493,0.0,4.0363
10,Rest,344.9555555555562,0.0,4.0364
10,Rest,345.055555555562,0.0,4.0364
10,Rest,345.1555555555533,0.0,4.0364
10,Rest,345.2555555555591,0.0,4.0365
10,Rest,345.35555555556493,0.0,4.0365
10,Rest,345.4555555555562,0.0,4.0366
10,Rest,345.555555555562,0.0,4.0366
10,Rest,345.6555555555533,0.0,4.0366
10,Rest,345.7555555555591,0.0,4.0367
10,Rest,345.85555555556493,0.0,4.0367
10,Rest,345.9555555555562,0.0,4.0367
10,Rest,346.055555555562,0.0,4.0368
10,Rest,346.1555555555533,0.0,4.0368
10,Rest,346.2555555555591,0.0,4.0369
10,Rest,346.35555555556493,0.0,4.0369
10,Rest,346.4555555555562,0.0,4.0369
10,Rest,346.555555555562,0.0,4.037
10,Rest,346.6555555555533,0.0,4.037
10,Rest,346.7555555555591,0.0,4.037
10,Rest,346.85555555556493,0.0,4.0371
10,Rest,346.9555555555562,0.0,4.0371
10,Rest,347.055555555562,0.0,4.0371
10,Rest,347.1555555555533,0.0,4.0372
10,Rest,347.2555555555591,0.0,4.0372
10,Rest,347.35555555556493,0.0,4.0373
10,Rest,347.4555555555562,0.0,4.0373
10,Rest,347.555555555562,0.0,4.0373
10,Rest,347.6555555555533,0.0,4.0373
10,Rest,347.7555555555591,0.0,4.0374
10,Rest,347.85555555556493,0.0,4.0374
10,Rest,347.9555555555562,0.0,4.0374
10,Rest,348.055555555562,0.0,4.0375
10,Rest,348.1555555555533,0.0,4.0375
10,Rest,348.2555555555591,0.0,4.0376
10,Rest,348.35555555556493,0.0,4.0376
10,Rest,348.4555555555562,0.0,4.0376
10,Rest,348.555555555562,0.0,4.0377
10,Rest,348.6555555555533,0.0,4.0377
10,Rest,348.7555555555591,0.0,4.0378
10,Rest,348.85555555556493,0.0,4.0379
10,Rest,348.9555555555562,0.0,4.0379
10,Rest,349.055555555562,0.0,4.0379
10,Rest,349.1555555555533,0.0,4.0379
10,Rest,349.2555555555591,0.0,4.0379
10,Rest,349.35555555556493,0.0,4.038
10,Rest,349.4555555555562,0.0,4.038
10,Rest,349.555555555562,0.0,4.0381
10,Rest,349.6555555555533,0.0,4.0381
10,Rest,349.7555555555591,0.0,4.0381
10,Rest,349.85555555556493,0.0,4.0381
10,Rest,349.9555555555562,0.0,4.0382
10,Rest,350.055555555562,0.0,4.0382
10,Rest,350.1555555555533,0.0,4.0382
10,Rest,350.2555555555591,0.0,4.0383
10,Rest,350.35555555556493,0.0,4.0383
10,Rest,350.4555555555562,0.0,4.0384
10,Rest,350.555555555562,0.0,4.0384
10,Rest,350.6555555555533,0.0,4.0384
10,Rest,350.7555555555591,0.0,4.0385
10,Rest,350.85555555556493,0.0,4.0385
10,Rest,350.9555555555562,0.0,4.0385
10,Rest,351.055555555562,0.0,4.0385
10,Rest,351.1555555555533,0.0,4.0386
10,Rest,351.2555555555591,0.0,4.0386
10,Rest,351.35555555556493,0.0,4.0386
10,Rest,351.4555555555562,0.0,4.0387
10,Rest,351.555555555562,0.0,4.0387
10,Rest,351.6555555555533,0.0,4.0388
10,Rest,351.7555555555591,0.0,4.0388
10,Rest,351.85555555556493,0.0,4.0388
10,Rest,351.9555555555562,0.0,4.0388
10,Rest,352.055555555562,0.0,4.0388
10,Rest,352.1555555555533,0.0,4.0389
10,Rest,352.2555555555591,0.0,4.0389
10,Rest,352.35555555556493,0.0,4.039
10,Rest,352.4555555555562,0.0,4.039
10,Rest,352.555555555562,0.0,4.0391
10,Rest,352.6555555555533,0.0,4.0391
10,Rest,352.7555555555591,0.0,4.0391
10,Rest,352.85555555556493,0.0,4.0391
10,Rest,352.9555555555562,0.0,4.0392
10,Rest,353.055555555562,0.0,4.0392
10,Rest,353.1555555555533,0.0,4.0392
10,Rest,353.2555555555591,0.0,4.0393
10,Rest,353.35555555556493,0.0,4.0393
10,Rest,353.4555555555562,0.0,4.0393
10,Rest,353.555555555562,0.0,4.0394
10,Rest,353.6555555555533,0.0,4.0394
10,Rest,353.7555555555591,0.0,4.0394
10,Rest,353.85555555556493,0.0,4.0395
10,Rest,353.9555555555562,0.0,4.0395
10,Rest,354.055555555562,0.0,4.0395
10,Rest,354.1555555555533,0.0,4.0396
10,Rest,354.2555555555591,0.0,4.0396
10,Rest,354.35555555556493,0.0,4.0396
10,Rest,354.4555555555562,0.0,4.0396
10,Rest,354.555555555562,0.0,4.0397
10,Rest,354.6555555555533,0.0,4.0397
10,Rest,354.7555555555591,0.0,4.0397
10,Rest,354.85555555556493,0.0,4.0398
10,Rest,354.9555555555562,0.0,4.0398
10,Rest,355.055555555562,0.0,4.0398
10,Rest,355.1555555555533,0.0,4.0399
10,Rest,355.2555555555591,0.0,4.0399
10,Rest,355.35555555556493,0.0,4.0399
10,Rest,355.4555555555562,0.0,4.04
10,Rest,355.555555555562,0.0,4.04
10,Rest,355.6555555555533,0.0,4.0401
10,Rest,355.7555555555591,0.0,4.0401
10,Rest,355.85555555556493,0.0,4.0401
10,Rest,355.9555555555562,0.0,4.0401
10,Rest,356.055555555562,0.0,4.0402
10,Rest,356.1555555555533,0.0,4.0402
10,Rest,356.2555555555591,0.0,4.0402
10,Rest,356.35555555556493,0.0,4.0402
10,Rest,356.4555555555562,0.0,4.0402
10,Rest,356.555555555562,0.0,4.0403
10,Rest,356.6555555555533,0.0,4.0403
10,Rest,356.7555555555591,0.0,4.0404
10,Rest,356.85555555556493,0.0,4.0404
10,Rest,356.9555555555562,0.0,4.0404
10,Rest,357.055555555562,0.0,4.0404
10,Rest,357.1555555555533,0.0,4.0405
10,Rest,357.2555555555591,0.0,4.0405
10,Rest,357.35555555556493,0.0,4.0406
10,Rest,357.4555555555562,0.0,4.0406
10,Rest,357.555555555562,0.0,4.0406
10,Rest,357.6555555555533,0.0,4.0407
10,Rest,357.7555555555591,0.0,4.0407
10,Rest,357.85555555556493,0.0,4.0407
10,Rest,357.9555555555562,0.0,4.0407
10,Rest,358.055555555562,0.0,4.0407
10,Rest,358.1555555555533,0.0,4.0408
10,Rest,358.2555555555591,0.0,4.0408
10,Rest,358.35555555556493,0.0,4.0408
10,Rest,358.4555555555562,0.0,4.0409
10,Rest,358.555555555562,0.0,4.0409
10,Rest,358.6555555555533,0.0,4.0409
10,Rest,358.7555555555591,0.0,4.041
10,Rest,358.85555555556493,0.0,4.041
10,Rest,358.9555555555562,0.0,4.041
10,Rest,359.055555555562,0.0,4.041
10,Rest,359.1555555555533,0.0,4.0411
10,Rest,359.2555555555591,0.0,4.0411
10,Rest,359.35555555556493,0.0,4.0411
10,Rest,359.4555555555562,0.0,4.0411
10,Rest,359.555555555562,0.0,4.0412
10,Rest,359.6555555555533,0.0,4.0412
10,Rest,359.7555555555591,0.0,4.0413
10,Rest,359.85555555556493,0.0,4.0413
10,Rest,359.9555555555562,0.0,4.0413
10,Rest,360.055555555562,0.0,4.0413
10,Rest,360.1555555555533,0.0,4.0413
10,Rest,360.2555555555591,0.0,4.0414
10,Rest,360.35555555556493,0.0,4.0414
10,Rest,360.4555555555562,0.0,4.0415
10,Rest,360.555555555562,0.0,4.0415
10,Rest,360.6555555555533,0.0,4.0415
10,Rest,360.7555555555591,0.0,4.0415
10,Rest,360.85555555556493,0.0,4.0415
10,Rest,360.9555555555562,0.0,4.0416
10,Rest,361.055555555562,0.0,4.0416
10,Rest,361.1555555555533,0.0,4.0416
10,Rest,361.2555555555591,0.0,4.0417
10,Rest,361.35555555556493,0.0,4.0417
10,Rest,361.4555555555562,0.0,4.0417
10,Rest,361.555555555562,0.0,4.0417
10,Rest,361.6555555555533,0.0,4.0418
10,Rest,361.7555555555591,0.0,4.0418
10,Rest,361.85555555556493,0.0,4.0418
10,Rest,361.9555555555562,0.0,4.0418
10,Rest,362.055555555562,0.0,4.0418
10,Rest,362.1555555555533,0.0,4.0419
10,Rest,362.2555555555591,0.0,4.0419
10,Rest,362.35555555556493,0.0,4.042
10,Rest,362.4555555555562,0.0,4.042
10,Rest,362.555555555562,0.0,4.042
10,Rest,362.6555555555533,0.0,4.042
10,Rest,362.7555555555591,0.0,4.0421
10,Rest,362.85555555556493,0.0,4.0421
10,Rest,362.9555555555562,0.0,4.0421
10,Rest,363.055555555562,0.0,4.0421
10,Rest,363.1555555555533,0.0,4.0422
10,Rest,363.2555555555591,0.0,4.0422
10,Rest,363.35555555556493,0.0,4.0422
10,Rest,363.4555555555562,0.0,4.0422
10,Rest,363.555555555562,0.0,4.0423
10,Rest,363.6555555555533,0.0,4.0423
10,Rest,363.7555555555591,0.0,4.0423
10,Rest,363.85555555556493,0.0,4.0424
10,Rest,363.9555555555562,0.0,4.0424
10,Rest,364.055555555562,0.0,4.0424
10,Rest,364.1555555555533,0.0,4.0424
10,Rest,364.2555555555591,0.0,4.0424
10,Rest,364.35555555556493,0.0,4.0425
10,Rest,364.4555555555562,0.0,4.0425
10,Rest,364.555555555562,0.0,4.0425
10,Rest,364.6555555555533,0.0,4.0425
10,Rest,364.7555555555591,0.0,4.0426
10,Rest,364.85555555556493,0.0,4.0426
10,Rest,364.9555555555562,0.0,4.0426
10,Rest,365.055555555562,0.0,4.0427
10,Rest,365.1555555555533,0.0,4.0427
10,Rest,365.2555555555591,0.0,4.0427
10,Rest,365.35555555556493,0.0,4.0427
10,Rest,365.4555555555562,0.0,4.0428
10,Rest,365.555555555562,0.0,4.0428
10,Rest,365.6555555555533,0.0,4.0428
10,Rest,365.7555555555591,0.0,4.0429
10,Rest,365.85555555556493,0.0,4.0428
10,Rest,365.9555555555562,0.0,4.0429
10,Rest,366.055555555562,0.0,4.0429
10,Rest,366.1555555555533,0.0,4.0429
10,Rest,366.2555555555591,0.0,4.0429
10,Rest,366.35555555556493,0.0,4.043
10,Rest,366.4555555555562,0.0,4.043
10,Rest,366.555555555562,0.0,4.043
10,Rest,366.6555555555533,0.0,4.0431
10,Rest,366.7555555555591,0.0,4.0431
10,Rest,366.85555555556493,0.0,4.0431
10,Rest,366.9555555555562,0.0,4.0432
10,Rest,367.055555555562,0.0,4.0432
10,Rest,367.1555555555533,0.0,4.0432
10,Rest,367.2555555555591,0.0,4.0432
10,Rest,367.35555555556493,0.0,4.0432
10,Rest,367.4555555555562,0.0,4.0432
10,Rest,367.555555555562,0.0,4.0433
10,Rest,367.6555555555533,0.0,4.0433
10,Rest,367.7555555555591,0.0,4.0433
10,Rest,367.85555555556493,0.0,4.0433
10,Rest,367.9555555555562,0.0,4.0434
10,Rest,368.055555555562,0.0,4.0434
10,Rest,368.1555555555533,0.0,4.0434
10,Rest,368.2555555555591,0.0,4.0434
10,Rest,368.35555555556493,0.0,4.0435
10,Rest,368.4555555555562,0.0,4.0435
10,Rest,368.555555555562,0.0,4.0435
10,Rest,368.6555555555533,0.0,4.0435
10,Rest,368.7555555555591,0.0,4.0436
10,Rest,368.85555555556493,0.0,4.0436
10,Rest,368.9555555555562,0.0,4.0436
10,Rest,369.055555555562,0.0,4.0437
10,Rest,369.1555555555533,0.0,4.0437
10,Rest,369.2555555555591,0.0,4.0437
10,Rest,369.35555555556493,0.0,4.0437
10,Rest,369.4555555555562,0.0,4.0437
10,Rest,369.555555555562,0.0,4.0438
10,Rest,369.6555555555533,0.0,4.0438
10,Rest,369.7555555555591,0.0,4.0438
10,Rest,369.85555555556493,0.0,4.0438
10,Rest,369.9555555555562,0.0,4.0438
10,Rest,370.055555555562,0.0,4.0438
10,Rest,370.1555555555533,0.0,4.0439
10,Rest,370.2555555555591,0.0,4.0439
10,Rest,370.35555555556493,0.0,4.0439
10,Rest,370.4555555555562,0.0,4.0439
10,Rest,370.555555555562,0.0,4.044
10,Rest,370.6555555555533,0.0,4.044
10,Rest,370.7555555555591,0.0,4.044
10,Rest,370.85555555556493,0.0,4.0441
10,Rest,370.9555555555562,0.0,4.044
10,Rest,371.055555555562,0.0,4.044
10,Rest,371.1555555555533,0.0,4.0441
10,Rest,371.2555555555591,0.0,4.0441
10,Rest,371.35555555556493,0.0,4.0441
10,Rest,371.4555555555562,0.0,4.0442
10,Rest,371.555555555562,0.0,4.0442
10,Rest,371.6555555555533,0.0,4.0442
10,Rest,371.7555555555591,0.0,4.0442
10,Rest,371.85555555556493,0.0,4.0442
10,Rest,371.9555555555562,0.0,4.0442
10,Rest,372.055555555562,0.0,4.0443
10,Rest,372.1555555555533,0.0,4.0443
10,Rest,372.2555555555591,0.0,4.0443
10,Rest,372.35555555556493,0.0,4.0443
10,Rest,372.4555555555562,0.0,4.0444
10,Rest,372.555555555562,0.0,4.0444
10,Rest,372.6555555555533,0.0,4.0444
10,Rest,372.7555555555591,0.0,4.0444
10,Rest,372.85555555556493,0.0,4.0445
10,Rest,372.9555555555562,0.0,4.0445
10,Rest,373.055555555562,0.0,4.0445
10,Rest,373.1555555555533,0.0,4.0445
10,Rest,373.2555555555591,0.0,4.0445
10,Rest,373.35555555556493,0.0,4.0446
10,Rest,373.4555555555562,0.0,4.0446
10,Rest,373.555555555562,0.0,4.0446
10,Rest,373.6555555555533,0.0,4.0446
10,Rest,373.7555555555591,0.0,4.0446
10,Rest,373.85555555556493,0.0,4.0446
10,Rest,373.9555555555562,0.0,4.0447
10,Rest,374.055555555562,0.0,4.0447
10,Rest,374.1555555555533,0.0,4.0447
10,Rest,374.2555555555591,0.0,4.0448
10,Rest,374.35555555556493,0.0,4.0448
10,Rest,374.4555555555562,0.0,4.0448
10,Rest,374.555555555562,0.0,4.0448
10,Rest,374.6555555555533,0.0,4.0448
10,Rest,374.7555555555591,0.0,4.0449
10,Rest,374.85555555556493,0.0,4.0449
10,Rest,374.9555555555562,0.0,4.0449
10,Rest,375.055555555562,0.0,4.0449
10,Rest,375.1555555555533,0.0,4.0449
10,Rest,375.2555555555591,0.0,4.045
10,Rest,375.35555555556493,0.0,4.045
10,Rest,375.4555555555562,0.0,4.045
10,Rest,375.555555555562,0.0,4.045
10,Rest,375.6555555555533,0.0,4.045
10,Rest,375.7555555555591,0.0,4.045
10,Rest,375.85555555556493,0.0,4.045
10,Rest,375.9555555555562,0.0,4.0451
10,Rest,376.055555555562,0.0,4.0451
10,Rest,376.1555555555533,0.0,4.0451
10,Rest,376.2555555555591,0.0,4.0451
10,Rest,376.35555555556493,0.0,4.0451
10,Rest,376.4555555555562,0.0,4.0452
10,Rest,376.555555555562,0.0,4.0452
10,Rest,376.6555555555533,0.0,4.0452
10,Rest,376.7555555555591,0.0,4.0453
10,Rest,376.85555555556493,0.0,4.0453
10,Rest,376.9555555555562,0.0,4.0453
10,Rest,377.055555555562,0.0,4.0453
10,Rest,377.1555555555533,0.0,4.0454
10,Rest,377.2555555555591,0.0,4.0454
10,Rest,377.35555555556493,0.0,4.0454
10,Rest,377.4555555555562,0.0,4.0454
10,Rest,377.555555555562,0.0,4.0454
10,Rest,377.6555555555533,0.0,4.0454
10,Rest,377.7555555555591,0.0,4.0454
10,Rest,377.85555555556493,0.0,4.0455
10,Rest,377.9555555555562,0.0,4.0455
10,Rest,378.055555555562,0.0,4.0455
10,Rest,378.1555555555533,0.0,4.0455
10,Rest,378.2555555555591,0.0,4.0456
10,Rest,378.35555555556493,0.0,4.0456
10,Rest,378.4555555555562,0.0,4.0456
10,Rest,378.555555555562,0.0,4.0456
10,Rest,378.6555555555533,0.0,4.0456
10,Rest,378.7555555555591,0.0,4.0457
10,Rest,378.85555555556493,0.0,4.0457
10,Rest,378.9555555555562,0.0,4.0457
10,Rest,379.055555555562,0.0,4.0457
10,Rest,379.1555555555533,0.0,4.0457
10,Rest,379.2555555555591,0.0,4.0457
10,Rest,379.35555555556493,0.0,4.0458
10,Rest,379.4555555555562,0.0,4.0458
10,Rest,379.555555555562,0.0,4.0458
10,Rest,379.6555555555533,0.0,4.0458
10,Rest,379.7555555555591,0.0,4.0458
10,Rest,379.85555555556493,0.0,4.0459
10,Rest,379.9555555555562,0.0,4.0459
10,Rest,380.055555555562,0.0,4.0459
10,Rest,380.1555555555533,0.0,4.0459
10,Rest,380.2555555555591,0.0,4.046
10,Rest,380.35555555556493,0.0,4.046
10,Rest,380.4555555555562,0.0,4.046
10,Rest,380.555555555562,0.0,4.046
10,Rest,380.6555555555533,0.0,4.046
10,Rest,380.7555555555591,0.0,4.046
10,Rest,380.85555555556493,0.0,4.0461
10,Rest,380.9555555555562,0.0,4.0461
10,Rest,381.055555555562,0.0,4.0461
10,Rest,381.1555555555533,0.0,4.0461
10,Rest,381.2555555555591,0.0,4.0461
10,Rest,381.35555555556493,0.0,4.0462
10,Rest,381.4555555555562,0.0,4.0462
10,Rest,381.555555555562,0.0,4.0462
10,Rest,381.6555555555533,0.0,4.0462
10,Rest,381.7555555555591,0.0,4.0462
10,Rest,381.85555555556493,0.0,4.0462
10,Rest,381.9555555555562,0.0,4.0462
10,Rest,382.055555555562,0.0,4.0463
10,Rest,382.1555555555533,0.0,4.0463
10,Rest,382.2555555555591,0.0,4.0463
10,Rest,382.35555555556493,0.0,4.0463
10,Rest,382.4555555555562,0.0,4.0464
10,Rest,382.555555555562,0.0,4.0464
10,Rest,382.6555555555533,0.0,4.0464
10,Rest,382.7555555555591,0.0,4.0464
10,Rest,382.85555555556493,0.0,4.0464
10,Rest,382.9555555555562,0.0,4.0464
10,Rest,383.055555555562,0.0,4.0465
10,Rest,383.1555555555533,0.0,4.0465
10,Rest,383.2555555555591,0.0,4.0465
10,Rest,383.35555555556493,0.0,4.0465
10,Rest,383.4555555555562,0.0,4.0465
10,Rest,383.555555555562,0.0,4.0465
10,Rest,383.6555555555533,0.0,4.0466
10,Rest,383.7555555555591,0.0,4.0466
10,Rest,383.85555555556493,0.0,4.0466
10,Rest,383.9555555555562,0.0,4.0466
10,Rest,384.055555555562,0.0,4.0466
10,Rest,384.1555555555533,0.0,4.0467
10,Rest,384.2555555555591,0.0,4.0467
10,Rest,384.35555555556493,0.0,4.0467
10,Rest,384.4555555555562,0.0,4.0467
10,Rest,384.555555555562,0.0,4.0467
10,Rest,384.6555555555533,0.0,4.0467
10,Rest,384.7555555555591,0.0,4.0468
10,Rest,384.85555555556493,0.0,4.0468
10,Rest,384.9555555555562,0.0,4.0468
10,Rest,385.055555555562,0.0,4.0469
10,Rest,385.1555555555533,0.0,4.0469
10,Rest,385.2555555555591,0.0,4.0469
10,Rest,385.35555555556493,0.0,4.0469
10,Rest,385.4555555555562,0.0,4.0469
10,Rest,385.555555555562,0.0,4.0469
10,Rest,385.6555555555533,0.0,4.0469
10,Rest,385.7555555555591,0.0,4.0469
10,Rest,385.85555555556493,0.0,4.047
10,Rest,385.9555555555562,0.0,4.047
10,Rest,386.055555555562,0.0,4.047
10,Rest,386.1555555555533,0.0,4.047
10,Rest,386.2555555555591,0.0,4.047
10,Rest,386.35555555556493,0.0,4.047
10,Rest,386.4555555555562,0.0,4.0471
10,Rest,386.555555555562,0.0,4.0471
10,Rest,386.6555555555533,0.0,4.0471
10,Rest,386.7555555555591,0.0,4.0471
10,Rest,386.85555555556493,0.0,4.0471
10,Rest,386.9555555555562,0.0,4.0471
10,Rest,387.055555555562,0.0,4.0471
10,Rest,387.1555555555533,0.0,4.0472
10,Rest,387.2555555555591,0.0,4.0472
10,Rest,387.35555555556493,0.0,4.0472
10,Rest,387.4555555555562,0.0,4.0472
10,Rest,387.555555555562,0.0,4.0472
10,Rest,387.6555555555533,0.0,4.0473
10,Rest,387.7555555555591,0.0,4.0473
10,Rest,387.85555555556493,0.0,4.0473
10,Rest,387.9555555555562,0.0,4.0473
10,Rest,388.055555555562,0.0,4.0473
10,Rest,388.1555555555533,0.0,4.0474
10,Rest,388.2555555555591,0.0,4.0474
10,Rest,388.35555555556493,0.0,4.0474
10,Rest,388.4555555555562,0.0,4.0474
10,Rest,388.555555555562,0.0,4.0474
10,Rest,388.6555555555533,0.0,4.0474
10,Rest,388.7555555555591,0.0,4.0474
10,Rest,388.85555555556493,0.0,4.0475
10,Rest,388.9555555555562,0.0,4.0475
10,Rest,389.055555555562,0.0,4.0475
10,Rest,389.1555555555533,0.0,4.0475
10,Rest,389.2555555555591,0.0,4.0475
10,Rest,389.35555555556493,0.0,4.0476
10,Rest,389.4555555555562,0.0,4.0476
10,Rest,389.555555555562,0.0,4.0476
10,Rest,389.6555555555533,0.0,4.0476
10,Rest,389.7555555555591,0.0,4.0476
10,Rest,389.85555555556493,0.0,4.0476
10,Rest,389.9555555555562,0.0,4.0477
10,Rest,390.055555555562,0.0,4.0477
10,Rest,390.1555555555533,0.0,4.0477
10,Rest,390.2555555555591,0.0,4.0477
10,Rest,390.35555555556493,0.0,4.0478
10,Rest,390.4555555555562,0.0,4.0478
10,Rest,390.555555555562,0.0,4.0478
10,Rest,390.6555555555533,0.0,4.0478
10,Rest,390.7555555555591,0.0,4.0478
10,Rest,390.85555555556493,0.0,4.0478
10,Rest,390.9555555555562,0.0,4.0478
10,Rest,391.055555555562,0.0,4.0478
10,Rest,391.1555555555533,0.0,4.0478
10,Rest,391.2555555555591,0.0,4.0479
10,Rest,391.35555555556493,0.0,4.0479
10,Rest,391.4555555555562,0.0,4.0479
10,Rest,391.555555555562,0.0,4.0479
10,Rest,391.6555555555533,0.0,4.048
10,Rest,391.7555555555591,0.0,4.048
10,Rest,391.85555555556493,0.0,4.048
10,Rest,391.9555555555562,0.0,4.048
10,Rest,392.055555555562,0.0,4.048
10,Rest,392.1555555555533,0.0,4.048
10,Rest,392.2555555555591,0.0,4.0481
10,Rest,392.35555555556493,0.0,4.0481
10,Rest,392.4555555555562,0.0,4.0481
10,Rest,392.555555555562,0.0,4.0481
10,Rest,392.6555555555533,0.0,4.0481
10,Rest,392.7555555555591,0.0,4.0481
10,Rest,392.85555555556493,0.0,4.0482
10,Rest,392.9555555555562,0.0,4.0482
10,Rest,393.055555555562,0.0,4.0482
10,Rest,393.1555555555533,0.0,4.0482
10,Rest,393.2555555555591,0.0,4.0482
10,Rest,393.35555555556493,0.0,4.0482
10,Rest,393.4555555555562,0.0,4.0482
10,Rest,393.555555555562,0.0,4.0483
10,Rest,393.6555555555533,0.0,4.0483
10,Rest,393.7555555555591,0.0,4.0483
10,Rest,393.85555555556493,0.0,4.0483
10,Rest,393.9555555555562,0.0,4.0484
10,Rest,394.055555555562,0.0,4.0484
10,Rest,394.1555555555533,0.0,4.0484
10,Rest,394.2555555555591,0.0,4.0484
10,Rest,394.35555555556493,0.0,4.0484
10,Rest,394.4555555555562,0.0,4.0484
10,Rest,394.555555555562,0.0,4.0484
10,Rest,394.6555555555533,0.0,4.0485
10,Rest,394.7555555555591,0.0,4.0485
10,Rest,394.85555555556493,0.0,4.0485
10,Rest,394.9555555555562,0.0,4.0485
10,Rest,395.055555555562,0.0,4.0485
10,Rest,395.1555555555533,0.0,4.0485
10,Rest,395.2555555555591,0.0,4.0485
10,Rest,395.35555555556493,0.0,4.0485
10,Rest,395.4555555555562,0.0,4.0485
10,Rest,395.555555555562,0.0,4.0486
10,Rest,395.6555555555533,0.0,4.0486
10,Rest,395.7555555555591,0.0,4.0486
10,Rest,395.85555555556493,0.0,4.0486
10,Rest,395.9555555555562,0.0,4.0486
10,Rest,396.055555555562,0.0,4.0487
10,Rest,396.1555555555533,0.0,4.0487
10,Rest,396.2555555555591,0.0,4.0487
10,Rest,396.35555555556493,0.0,4.0487
10,Rest,396.4555555555562,0.0,4.0487
10,Rest,396.555555555562,0.0,4.0487
10,Rest,396.6555555555533,0.0,4.0487
10,Rest,396.7555555555591,0.0,4.0488
10,Rest,396.85555555556493,0.0,4.0488
10,Rest,396.9555555555562,0.0,4.0488
10,Rest,397.055555555562,0.0,4.0488
10,Rest,397.1555555555533,0.0,4.0488
10,Rest,397.2555555555591,0.0,4.0488
10,Rest,397.35555555556493,0.0,4.0488
10,Rest,397.4555555555562,0.0,4.0489
10,Rest,397.555555555562,0.0,4.0489
10,Rest,397.6555555555533,0.0,4.0489
10,Rest,397.7555555555591,0.0,4.0489
10,Rest,397.85555555556493,0.0,4.0489
10,Rest,397.9555555555562,0.0,4.049
10,Rest,398.055555555562,0.0,4.049
10,Rest,398.1555555555533,0.0,4.049
10,Rest,398.2555555555591,0.0,4.049
10,Rest,398.35555555556493,0.0,4.049
10,Rest,398.4555555555562,0.0,4.049
10,Rest,398.555555555562,0.0,4.049
10,Rest,398.6555555555533,0.0,4.0491
10,Rest,398.7555555555591,0.0,4.0491
10,Rest,398.85555555556493,0.0,4.0491
10,Rest,398.9555555555562,0.0,4.0491
10,Rest,399.055555555562,0.0,4.0491
10,Rest,399.1555555555533,0.0,4.0492
10,Rest,399.2555555555591,0.0,4.0492
10,Rest,399.35555555556493,0.0,4.0492
10,Rest,399.4555555555562,0.0,4.0492
10,Rest,399.555555555562,0.0,4.0492
10,Rest,399.6555555555533,0.0,4.0492
10,Rest,399.7555555555591,0.0,4.0492
10,Rest,399.85555555556493,0.0,4.0492
10,Rest,399.9555555555562,0.0,4.0492
10,Rest,400.055555555562,0.0,4.0492
10,Rest,400.1555555555533,0.0,4.0492
10,Rest,400.2555555555591,0.0,4.0493
10,Rest,400.35555555556493,0.0,4.0493
10,Rest,400.4555555555562,0.0,4.0493
10,Rest,400.555555555562,0.0,4.0494
10,Rest,400.6555555555533,0.0,4.0493
10,Rest,400.7555555555591,0.0,4.0494
10,Rest,400.85555555556493,0.0,4.0494
10,Rest,400.9555555555562,0.0,4.0494
10,Rest,401.055555555562,0.0,4.0494
10,Rest,401.1555555555533,0.0,4.0494
10,Rest,401.2555555555591,0.0,4.0494
10,Rest,401.35555555556493,0.0,4.0494
10,Rest,401.4555555555562,0.0,4.0494
10,Rest,401.555555555562,0.0,4.0495
10,Rest,401.6555555555533,0.0,4.0495
10,Rest,401.7555555555591,0.0,4.0495
10,Rest,401.85555555556493,0.0,4.0495
10,Rest,401.9555555555562,0.0,4.0495
10,Rest,402.055555555562,0.0,4.0495
10,Rest,402.1555555555533,0.0,4.0495
10,Rest,402.2555555555591,0.0,4.0496
10,Rest,402.35555555556493,0.0,4.0496
10,Rest,402.4555555555562,0.0,4.0496
10,Rest,402.555555555562,0.0,4.0496
10,Rest,402.6555555555533,0.0,4.0496
10,Rest,402.7555555555591,0.0,4.0496
10,Rest,402.85555555556493,0.0,4.0496
10,Rest,402.9555555555562,0.0,4.0496
10,Rest,403.055555555562,0.0,4.0497
10,Rest,403.1555555555533,0.0,4.0497
10,Rest,403.2555555555591,0.0,4.0497
10,Rest,403.35555555556493,0.0,4.0497
10,Rest,403.4555555555562,0.0,4.0497
10,Rest,403.555555555562,0.0,4.0497
10,Rest,403.6555555555533,0.0,4.0497
10,Rest,403.7555555555591,0.0,4.0498
10,Rest,403.85555555556493,0.0,4.0498
10,Rest,403.9555555555562,0.0,4.0498
10,Rest,404.055555555562,0.0,4.0498
10,Rest,404.1555555555533,0.0,4.0498
10,Rest,404.2555555555591,0.0,4.0498
10,Rest,404.35555555556493,0.0,4.0498
10,Rest,404.4555555555562,0.0,4.0498
10,Rest,404.555555555562,0.0,4.0499
10,Rest,404.6555555555533,0.0,4.0498
10,Rest,404.7555555555591,0.0,4.0499
10,Rest,404.85555555556493,0.0,4.0499
10,Rest,404.9555555555562,0.0,4.0499
10,Rest,405.055555555562,0.0,4.0499
10,Rest,405.1555555555533,0.0,4.0499
10,Rest,405.2555555555591,0.0,4.0499
10,Rest,405.35555555556493,0.0,4.05
10,Rest,405.4555555555562,0.0,4.05
10,Rest,405.555555555562,0.0,4.05
10,Rest,405.6555555555533,0.0,4.05
10,Rest,405.7555555555591,0.0,4.05
10,Rest,405.85555555556493,0.0,4.05
10,Rest,405.9555555555562,0.0,4.05
10,Rest,406.055555555562,0.0,4.05
10,Rest,406.1555555555533,0.0,4.05
10,Rest,406.2555555555591,0.0,4.05
10,Rest,406.35555555556493,0.0,4.0501
10,Rest,406.4555555555562,0.0,4.0501
10,Rest,406.555555555562,0.0,4.0501
10,Rest,406.6555555555533,0.0,4.0501
10,Rest,406.7555555555591,0.0,4.0501
10,Rest,406.85555555556493,0.0,4.0501
10,Rest,406.9555555555562,0.0,4.0501
10,Rest,407.055555555562,0.0,4.0501
10,Rest,407.1555555555533,0.0,4.0502
10,Rest,407.2555555555591,0.0,4.0502
10,Rest,407.35555555556493,0.0,4.0501
10,Rest,407.4555555555562,0.0,4.0502
10,Rest,407.555555555562,0.0,4.0502
10,Rest,407.6555555555533,0.0,4.0502
10,Rest,407.7555555555591,0.0,4.0502
10,Rest,407.85555555556493,0.0,4.0502
10,Rest,407.9555555555562,0.0,4.0503
10,Rest,408.055555555562,0.0,4.0503
10,Rest,408.1555555555533,0.0,4.0503
10,Rest,408.2555555555591,0.0,4.0503
10,Rest,408.35555555556493,0.0,4.0503
10,Rest,408.4555555555562,0.0,4.0503
10,Rest,408.555555555562,0.0,4.0503
10,Rest,408.6555555555533,0.0,4.0503
10,Rest,408.7555555555591,0.0,4.0503
10,Rest,408.85555555556493,0.0,4.0504
10,Rest,408.9555555555562,0.0,4.0504
10,Rest,409.055555555562,0.0,4.0504
10,Rest,409.1555555555533,0.0,4.0504
10,Rest,409.2555555555591,0.0,4.0505
10,Rest,409.35555555556493,0.0,4.0505
10,Rest,409.4555555555562,0.0,4.0505
10,Rest,409.555555555562,0.0,4.0505
10,Rest,409.6555555555533,0.0,4.0505
10,Rest,409.7555555555591,0.0,4.0505
10,Rest,409.85555555556493,0.0,4.0505
10,Rest,409.9555555555562,0.0,4.0505
10,Rest,410.055555555562,0.0,4.0505
10,Rest,410.1555555555533,0.0,4.0506
10,Rest,410.2555555555591,0.0,4.0506
10,Rest,410.35555555556493,0.0,4.0506
10,Rest,410.4555555555562,0.0,4.0506
10,Rest,410.555555555562,0.0,4.0506
10,Rest,410.6555555555533,0.0,4.0506
10,Rest,410.7555555555591,0.0,4.0506
10,Rest,410.85555555556493,0.0,4.0507
10,Rest,410.9555555555562,0.0,4.0506
10,Rest,411.055555555562,0.0,4.0507
10,Rest,411.1555555555533,0.0,4.0507
10,Rest,411.2555555555591,0.0,4.0507
10,Rest,411.35555555556493,0.0,4.0507
10,Rest,411.4555555555562,0.0,4.0507
10,Rest,411.555555555562,0.0,4.0507
10,Rest,411.6555555555533,0.0,4.0507
10,Rest,411.7555555555591,0.0,4.0507
10,Rest,411.85555555556493,0.0,4.0507
10,Rest,411.9555555555562,0.0,4.0507
10,Rest,412.055555555562,0.0,4.0508
10,Rest,412.1555555555533,0.0,4.0508
10,Rest,412.2555555555591,0.0,4.0507
10,Rest,412.35555555556493,0.0,4.0508
10,Rest,412.4555555555562,0.0,4.0508
10,Rest,412.555555555562,0.0,4.0508
10,Rest,412.6555555555533,0.0,4.0508
10,Rest,412.7555555555591,0.0,4.0508
10,Rest,412.85555555556493,0.0,4.0509
10,Rest,412.9555555555562,0.0,4.0508
10,Rest,413.055555555562,0.0,4.0509
10,Rest,413.1555555555533,0.0,4.0509
10,Rest,413.2555555555591,0.0,4.0509
10,Rest,413.35555555556493,0.0,4.0509
10,Rest,413.4555555555562,0.0,4.0509
10,Rest,413.555555555562,0.0,4.0509
10,Rest,413.6555555555533,0.0,4.0509
10,Rest,413.7555555555591,0.0,4.0509
10,Rest,413.85555555556493,0.0,4.051
10,Rest,413.9555555555562,0.0,4.051
10,Rest,414.055555555562,0.0,4.051
10,Rest,414.1555555555533,0.0,4.051
10,Rest,414.2555555555591,0.0,4.051
10,Rest,414.35555555556493,0.0,4.051
10,Rest,414.4555555555562,0.0,4.051
10,Rest,414.555555555562,0.0,4.051
10,Rest,414.6555555555533,0.0,4.051
10,Rest,414.7555555555591,0.0,4.0511
10,Rest,414.85555555556493,0.0,4.051
10,Rest,414.9555555555562,0.0,4.0511
10,Rest,415.055555555562,0.0,4.0511
10,Rest,415.1555555555533,0.0,4.0511
10,Rest,415.2555555555591,0.0,4.0511
10,Rest,415.35555555556493,0.0,4.0511
10,Rest,415.4555555555562,0.0,4.0511
10,Rest,415.555555555562,0.0,4.0511
10,Rest,415.6555555555533,0.0,4.0511
10,Rest,415.7555555555591,0.0,4.0512
10,Rest,415.85555555556493,0.0,4.0512
10,Rest,415.9555555555562,0.0,4.0512
10,Rest,416.055555555562,0.0,4.0512
10,Rest,416.1555555555533,0.0,4.0512
10,Rest,416.2555555555591,0.0,4.0512
10,Rest,416.35555555556493,0.0,4.0512
10,Rest,416.4555555555562,0.0,4.0512
10,Rest,416.555555555562,0.0,4.0512
10,Rest,416.6555555555533,0.0,4.0512
10,Rest,416.7555555555591,0.0,4.0512
10,Rest,416.85555555556493,0.0,4.0512
10,Rest,416.9555555555562,0.0,4.0513
10,Rest,417.055555555562,0.0,4.0513
10,Rest,417.1555555555533,0.0,4.0513
10,Rest,417.2555555555591,0.0,4.0513
10,Rest,417.35555555556493,0.0,4.0513
10,Rest,417.4555555555562,0.0,4.0513
10,Rest,417.555555555562,0.0,4.0514
10,Rest,417.6555555555533,0.0,4.0513
10,Rest,417.7555555555591,0.0,4.0514
10,Rest,417.85555555556493,0.0,4.0514
10,Rest,417.9555555555562,0.0,4.0514
10,Rest,418.055555555562,0.0,4.0514
10,Rest,418.1555555555533,0.0,4.0513
10,Rest,418.2555555555591,0.0,4.0514
10,Rest,418.35555555556493,0.0,4.0514
10,Rest,418.4555555555562,0.0,4.0514
10,Rest,418.555555555562,0.0,4.0514
10,Rest,418.6555555555533,0.0,4.0515
10,Rest,418.7555555555591,0.0,4.0515
10,Rest,418.85555555556493,0.0,4.0515
10,Rest,418.9555555555562,0.0,4.0515
10,Rest,419.055555555562,0.0,4.0515
10,Rest,419.1555555555533,0.0,4.0515
10,Rest,419.2555555555591,0.0,4.0515
10,Rest,419.35555555556493,0.0,4.0515
10,Rest,419.4555555555562,0.0,4.0516
10,Rest,419.555555555562,0.0,4.0516
10,Rest,419.6555555555533,0.0,4.0516
10,Rest,419.7555555555591,0.0,4.0516
10,Rest,419.85555555556493,0.0,4.0516
10,Rest,419.9555555555562,0.0,4.0516
10,Rest,420.055555555562,0.0,4.0516
10,Rest,420.1555555555533,0.0,4.0517
10,Rest,420.2555555555591,0.0,4.0517
10,Rest,420.35555555556493,0.0,4.0517
10,Rest,420.4555555555562,0.0,4.0517
10,Rest,420.555555555562,0.0,4.0517
10,Rest,420.6555555555533,0.0,4.0517
10,Rest,420.7555555555591,0.0,4.0517
10,Rest,420.85555555556493,0.0,4.0517
10,Rest,420.9555555555562,0.0,4.0517
10,Rest,421.055555555562,0.0,4.0517
10,Rest,421.1555555555533,0.0,4.0518
10,Rest,421.2555555555591,0.0,4.0518
10,Rest,421.35555555556493,0.0,4.0518
10,Rest,421.4555555555562,0.0,4.0518
10,Rest,421.555555555562,0.0,4.0518
10,Rest,421.6555555555533,0.0,4.0518
10,Rest,421.7555555555591,0.0,4.0518
10,Rest,421.85555555556493,0.0,4.0518
10,Rest,421.9555555555562,0.0,4.0518
10,Rest,422.055555555562,0.0,4.0519
10,Rest,422.1555555555533,0.0,4.0519
10,Rest,422.2555555555591,0.0,4.0519
10,Rest,422.35555555556493,0.0,4.0519
10,Rest,422.4555555555562,0.0,4.0519
10,Rest,422.555555555562,0.0,4.0519
10,Rest,422.6555555555533,0.0,4.0519
10,Rest,422.7555555555591,0.0,4.0519
10,Rest,422.85555555556493,0.0,4.0519
10,Rest,422.9555555555562,0.0,4.0519
10,Rest,423.055555555562,0.0,4.0519
10,Rest,423.1555555555533,0.0,4.0519
10,Rest,423.2555555555591,0.0,4.052
10,Rest,423.35555555556493,0.0,4.052
10,Rest,423.4555555555562,0.0,4.052
10,Rest,423.555555555562,0.0,4.052
10,Rest,423.6555555555533,0.0,4.052
10,Rest,423.7555555555591,0.0,4.0521
10,Rest,423.85555555556493,0.0,4.0521
10,Rest,423.9555555555562,0.0,4.0521
10,Rest,424.055555555562,0.0,4.0521
10,Rest,424.1555555555533,0.0,4.0521
10,Rest,424.2555555555591,0.0,4.0521
10,Rest,424.35555555556493,0.0,4.0521
10,Rest,424.4555555555562,0.0,4.0521
10,Rest,424.555555555562,0.0,4.0521
10,Rest,424.6555555555533,0.0,4.0521
10,Rest,424.7555555555591,0.0,4.0521
10,Rest,424.85555555556493,0.0,4.0521
10,Rest,424.9555555555562,0.0,4.0522
10,Rest,425.055555555562,0.0,4.0521
10,Rest,425.1555555555533,0.0,4.0522
10,Rest,425.2555555555591,0.0,4.0522
10,Rest,425.35555555556493,0.0,4.0522
10,Rest,425.4555555555562,0.0,4.0522
10,Rest,425.555555555562,0.0,4.0522
10,Rest,425.6555555555533,0.0,4.0522
10,Rest,425.7555555555591,0.0,4.0522
10,Rest,425.85555555556493,0.0,4.0522
10,Rest,425.9555555555562,0.0,4.0522
10,Rest,426.055555555562,0.0,4.0522
10,Rest,426.1555555555533,0.0,4.0523
10,Rest,426.2555555555591,0.0,4.0523
10,Rest,426.35555555556493,0.0,4.0523
10,Rest,426.4555555555562,0.0,4.0523
10,Rest,426.555555555562,0.0,4.0523
10,Rest,426.6555555555533,0.0,4.0523
10,Rest,426.7555555555591,0.0,4.0523
10,Rest,426.85555555556493,0.0,4.0523
10,Rest,426.9555555555562,0.0,4.0523
10,Rest,427.055555555562,0.0,4.0523
10,Rest,427.1555555555533,0.0,4.0523
10,Rest,427.2555555555591,0.0,4.0523
10,Rest,427.35555555556493,0.0,4.0523
10,Rest,427.4555555555562,0.0,4.0523
10,Rest,427.555555555562,0.0,4.0523
10,Rest,427.6555555555533,0.0,4.0523
10,Rest,427.7555555555591,0.0,4.0523
10,Rest,427.85555555556493,0.0,4.0523
10,Rest,427.9555555555562,0.0,4.0524
10,Rest,428.055555555562,0.0,4.0524
10,Rest,428.1555555555533,0.0,4.0524
10,Rest,428.2555555555591,0.0,4.0524
10,Rest,428.35555555556493,0.0,4.0524
10,Rest,428.4555555555562,0.0,4.0524
10,Rest,428.555555555562,0.0,4.0524
10,Rest,428.6555555555533,0.0,4.0524
10,Rest,428.7555555555591,0.0,4.0524
10,Rest,428.85555555556493,0.0,4.0524
10,Rest,428.9555555555562,0.0,4.0524
10,Rest,429.055555555562,0.0,4.0524
10,Rest,429.1555555555533,0.0,4.0524
10,Rest,429.2555555555591,0.0,4.0524
10,Rest,429.35555555556493,0.0,4.0525
10,Rest,429.4555555555562,0.0,4.0525
10,Rest,429.555555555562,0.0,4.0525
10,Rest,429.6555555555533,0.0,4.0525
10,Rest,429.7555555555591,0.0,4.0525
10,Rest,429.85555555556493,0.0,4.0525
10,Rest,429.9555555555562,0.0,4.0525
10,Rest,430.055555555562,0.0,4.0525
10,Rest,430.1555555555533,0.0,4.0526
10,Rest,430.2555555555591,0.0,4.0526
10,Rest,430.35555555556493,0.0,4.0526
10,Rest,430.4555555555562,0.0,4.0526
10,Rest,430.555555555562,0.0,4.0526
10,Rest,430.6555555555533,0.0,4.0526
10,Rest,430.7555555555591,0.0,4.0526
10,Rest,430.85555555556493,0.0,4.0526
10,Rest,430.9555555555562,0.0,4.0526
10,Rest,431.055555555562,0.0,4.0526
10,Rest,431.1555555555533,0.0,4.0526
10,Rest,431.2555555555591,0.0,4.0527
10,Rest,431.35555555556493,0.0,4.0527
10,Rest,431.4555555555562,0.0,4.0527
10,Rest,431.555555555562,0.0,4.0527
10,Rest,431.6555555555533,0.0,4.0527
10,Rest,431.7555555555591,0.0,4.0527
10,Rest,431.85555555556493,0.0,4.0527
10,Rest,431.9555555555562,0.0,4.0527
10,Rest,432.055555555562,0.0,4.0527
10,Rest,432.1555555555533,0.0,4.0527
10,Rest,432.2555555555591,0.0,4.0527
10,Rest,432.35555555556493,0.0,4.0527
10,Rest,432.4555555555562,0.0,4.0528
10,Rest,432.555555555562,0.0,4.0528
10,Rest,432.6555555555533,0.0,4.0528
10,Rest,432.7555555555591,0.0,4.0528
10,Rest,432.85555555556493,0.0,4.0528
10,Rest,432.9555555555562,0.0,4.0528
10,Rest,433.055555555562,0.0,4.0528
10,Rest,433.1555555555533,0.0,4.0528
10,Rest,433.2555555555591,0.0,4.0528
10,Rest,433.35555555556493,0.0,4.0529
10,Rest,433.4555555555562,0.0,4.0529
10,Rest,433.555555555562,0.0,4.0529
10,Rest,433.6555555555533,0.0,4.0529
10,Rest,433.7555555555591,0.0,4.0529
10,Rest,433.85555555556493,0.0,4.0529
10,Rest,433.9555555555562,0.0,4.0529
10,Rest,434.055555555562,0.0,4.0529
10,Rest,434.1555555555533,0.0,4.0529
10,Rest,434.2555555555591,0.0,4.0529
10,Rest,434.35555555556493,0.0,4.0529
10,Rest,434.4555555555562,0.0,4.0529
10,Rest,434.555555555562,0.0,4.053
10,Rest,434.6555555555533,0.0,4.053
10,Rest,434.7555555555591,0.0,4.053
10,Rest,434.85555555556493,0.0,4.053
10,Rest,434.9555555555562,0.0,4.053
10,Rest,435.055555555562,0.0,4.053
10,Rest,435.1555555555533,0.0,4.053
10,Rest,435.2555555555591,0.0,4.053
10,Rest,435.35555555556493,0.0,4.053
10,Rest,435.4555555555562,0.0,4.053
10,Rest,435.555555555562,0.0,4.053
10,Rest,435.6555555555533,0.0,4.053
10,Rest,435.7555555555591,0.0,4.053
10,Rest,435.85555555556493,0.0,4.053
10,Rest,435.9555555555562,0.0,4.053
10,Rest,436.055555555562,0.0,4.0531
10,Rest,436.1555555555533,0.0,4.0531
10,Rest,436.2555555555591,0.0,4.0531
10,Rest,436.35555555556493,0.0,4.0531
10,Rest,436.4555555555562,0.0,4.0531
10,Rest,436.555555555562,0.0,4.0531
10,Rest,436.6555555555533,0.0,4.0531
10,Rest,436.7555555555591,0.0,4.0531
10,Rest,436.85555555556493,0.0,4.0532
10,Rest,436.9555555555562,0.0,4.0532
10,Rest,437.055555555562,0.0,4.0532
10,Rest,437.1555555555533,0.0,4.0532
10,Rest,437.2555555555591,0.0,4.0532
10,Rest,437.35555555556493,0.0,4.0532
10,Rest,437.4555555555562,0.0,4.0532
10,Rest,437.555555555562,0.0,4.0532
10,Rest,437.6555555555533,0.0,4.0532
10,Rest,437.7555555555591,0.0,4.0532
10,Rest,437.85555555556493,0.0,4.0532
10,Rest,437.9555555555562,0.0,4.0532
10,Rest,438.055555555562,0.0,4.0532
10,Rest,438.1555555555533,0.0,4.0532
10,Rest,438.2555555555591,0.0,4.0532
10,Rest,438.35555555556493,0.0,4.0532
10,Rest,438.4555555555562,0.0,4.0532
10,Rest,438.555555555562,0.0,4.0533
10,Rest,438.6555555555533,0.0,4.0533
10,Rest,438.7555555555591,0.0,4.0533
10,Rest,438.85555555556493,0.0,4.0533
10,Rest,438.9555555555562,0.0,4.0533
10,Rest,439.055555555562,0.0,4.0533
10,Rest,439.1555555555533,0.0,4.0533
10,Rest,439.2555555555591,0.0,4.0533
10,Rest,439.35555555556493,0.0,4.0533
10,Rest,439.4555555555562,0.0,4.0533
10,Rest,439.555555555562,0.0,4.0534
10,Rest,439.6555555555533,0.0,4.0534
10,Rest,439.7555555555591,0.0,4.0534
10,Rest,439.85555555556493,0.0,4.0534
10,Rest,439.9555555555562,0.0,4.0534
10,Rest,440.055555555562,0.0,4.0534
10,Rest,440.1555555555533,0.0,4.0534
10,Rest,440.2555555555591,0.0,4.0535
10,Rest,440.35555555556493,0.0,4.0534
10,Rest,440.4555555555562,0.0,4.0534
10,Rest,440.555555555562,0.0,4.0534
10,Rest,440.6555555555533,0.0,4.0535
10,Rest,440.7555555555591,0.0,4.0535
10,Rest,440.85555555556493,0.0,4.0535
10,Rest,440.9555555555562,0.0,4.0535
10,Rest,441.055555555562,0.0,4.0535
10,Rest,441.1555555555533,0.0,4.0535
10,Rest,441.2555555555591,0.0,4.0535
10,Rest,441.35555555556493,0.0,4.0535
10,Rest,441.4555555555562,0.0,4.0535
10,Rest,441.555555555562,0.0,4.0535
10,Rest,441.6555555555533,0.0,4.0536
10,Rest,441.7555555555591,0.0,4.0536
10,Rest,441.85555555556493,0.0,4.0536
10,Rest,441.9555555555562,0.0,4.0535
10,Rest,442.055555555562,0.0,4.0536
10,Rest,442.1555555555533,0.0,4.0536
10,Rest,442.2555555555591,0.0,4.0536
10,Rest,442.35555555556493,0.0,4.0536
10,Rest,442.4555555555562,0.0,4.0536
10,Rest,442.555555555562,0.0,4.0536
10,Rest,442.6555555555533,0.0,4.0536
10,Rest,442.7555555555591,0.0,4.0536
10,Rest,442.85555555556493,0.0,4.0537
10,Rest,442.9555555555562,0.0,4.0537
10,Rest,443.055555555562,0.0,4.0537
10,Rest,443.1555555555533,0.0,4.0537
10,Rest,443.2555555555591,0.0,4.0537
10,Rest,443.35555555556493,0.0,4.0537
10,Rest,443.4555555555562,0.0,4.0537
10,Rest,443.555555555562,0.0,4.0537
10,Rest,443.6555555555533,0.0,4.0537
10,Rest,443.7555555555591,0.0,4.0537
10,Rest,443.85555555556493,0.0,4.0537
10,Rest,443.9555555555562,0.0,4.0537
10,Rest,444.055555555562,0.0,4.0537
10,Rest,444.1555555555533,0.0,4.0537
10,Rest,444.2555555555591,0.0,4.0537
10,Rest,444.35555555556493,0.0,4.0538
10,Rest,444.4555555555562,0.0,4.0538
10,Rest,444.555555555562,0.0,4.0538
10,Rest,444.6555555555533,0.0,4.0538
10,Rest,444.7555555555591,0.0,4.0538
10,Rest,444.85555555556493,0.0,4.0538
10,Rest,444.9555555555562,0.0,4.0538
10,Rest,445.055555555562,0.0,4.0538
10,Rest,445.1555555555533,0.0,4.0538
10,Rest,445.2555555555591,0.0,4.0538
10,Rest,445.35555555556493,0.0,4.0538
10,Rest,445.4555555555562,0.0,4.0538
10,Rest,445.555555555562,0.0,4.0538
10,Rest,445.6555555555533,0.0,4.0539
10,Rest,445.7555555555591,0.0,4.0539
10,Rest,445.85555555556493,0.0,4.0539
10,Rest,445.9555555555562,0.0,4.0539
10,Rest,446.055555555562,0.0,4.0539
10,Rest,446.1555555555533,0.0,4.0539
10,Rest,446.2555555555591,0.0,4.0539
10,Rest,446.35555555556493,0.0,4.0539
10,Rest,446.4555555555562,0.0,4.0539
10,Rest,446.555555555562,0.0,4.0539
10,Rest,446.6555555555533,0.0,4.0539
10,Rest,446.7555555555591,0.0,4.0539
10,Rest,446.85555555556493,0.0,4.054
10,Rest,446.9555555555562,0.0,4.054
10,Rest,447.055555555562,0.0,4.054
10,Rest,447.1555555555533,0.0,4.054
10,Rest,447.2555555555591,0.0,4.054
10,Rest,447.35555555556493,0.0,4.054
10,Rest,447.4555555555562,0.0,4.054
10,Rest,447.555555555562,0.0,4.054
10,Rest,447.6555555555533,0.0,4.054
10,Rest,447.7555555555591,0.0,4.054
10,Rest,447.85555555556493,0.0,4.054
10,Rest,447.9555555555562,0.0,4.054
10,Rest,448.055555555562,0.0,4.054
10,Rest,448.1555555555533,0.0,4.054
10,Rest,448.2555555555591,0.0,4.0541
10,Rest,448.35555555556493,0.0,4.054
10,Rest,448.4555555555562,0.0,4.054
10,Rest,448.555555555562,0.0,4.054
10,Rest,448.6555555555533,0.0,4.0541
10,Rest,448.7555555555591,0.0,4.0541
10,Rest,448.85555555556493,0.0,4.0541
10,Rest,448.9555555555562,0.0,4.0541
10,Rest,449.055555555562,0.0,4.0541
10,Rest,449.1555555555533,0.0,4.0541
10,Rest,449.2555555555591,0.0,4.0541
10,Rest,449.35555555556493,0.0,4.0541
10,Rest,449.4555555555562,0.0,4.0541
10,Rest,449.555555555562,0.0,4.0541
10,Rest,449.6555555555533,0.0,4.0541
10,Rest,449.7555555555591,0.0,4.0541
10,Rest,449.85555555556493,0.0,4.0542
10,Rest,449.9555555555562,0.0,4.0542
10,Rest,450.055555555562,0.0,4.0542
10,Rest,450.1555555555533,0.0,4.0542
10,Rest,450.2555555555591,0.0,4.0542
10,Rest,450.35555555556493,0.0,4.0542
10,Rest,450.4555555555562,0.0,4.0542
10,Rest,450.555555555562,0.0,4.0542
10,Rest,450.6555555555533,0.0,4.0542
10,Rest,450.7555555555591,0.0,4.0542
10,Rest,450.85555555556493,0.0,4.0542
10,Rest,450.9555555555562,0.0,4.0542
10,Rest,451.055555555562,0.0,4.0542
10,Rest,451.1555555555533,0.0,4.0542
10,Rest,451.2555555555591,0.0,4.0542
10,Rest,451.35555555556493,0.0,4.0543
10,Rest,451.4555555555562,0.0,4.0543
10,Rest,451.555555555562,0.0,4.0543
10,Rest,451.6555555555533,0.0,4.0542
10,Rest,451.7555555555591,0.0,4.0543
10,Rest,451.85555555556493,0.0,4.0543
10,Rest,451.9555555555562,0.0,4.0543
10,Rest,452.055555555562,0.0,4.0543
10,Rest,452.1555555555533,0.0,4.0543
10,Rest,452.2555555555591,0.0,4.0543
10,Rest,452.35555555556493,0.0,4.0543
10,Rest,452.4555555555562,0.0,4.0543
10,Rest,452.555555555562,0.0,4.0543
10,Rest,452.6555555555533,0.0,4.0543
10,Rest,452.7555555555591,0.0,4.0543
10,Rest,452.85555555556493,0.0,4.0543
10,Rest,452.9555555555562,0.0,4.0544
10,Rest,453.055555555562,0.0,4.0544
10,Rest,453.1555555555533,0.0,4.0543
10,Rest,453.2555555555591,0.0,4.0544
10,Rest,453.35555555556493,0.0,4.0544
10,Rest,453.4555555555562,0.0,4.0544
10,Rest,453.555555555562,0.0,4.0544
10,Rest,453.6555555555533,0.0,4.0544
10,Rest,453.7555555555591,0.0,4.0544
10,Rest,453.85555555556493,0.0,4.0544
10,Rest,453.9555555555562,0.0,4.0544
10,Rest,454.055555555562,0.0,4.0544
10,Rest,454.1555555555533,0.0,4.0544
10,Rest,454.2555555555591,0.0,4.0544
10,Rest,454.35555555556493,0.0,4.0544
10,Rest,454.4555555555562,0.0,4.0544
10,Rest,454.555555555562,0.0,4.0545
10,Rest,454.6555555555533,0.0,4.0545
10,Rest,454.7555555555591,0.0,4.0545
10,Rest,454.85555555556493,0.0,4.0545
10,Rest,454.9555555555562,0.0,4.0545
10,Rest,455.055555555562,0.0,4.0545
10,Rest,455.1555555555533,0.0,4.0545
10,Rest,455.2555555555591,0.0,4.0545
10,Rest,455.35555555556493,0.0,4.0545
10,Rest,455.4555555555562,0.0,4.0545
10,Rest,455.555555555562,0.0,4.0545
10,Rest,455.6555555555533,0.0,4.0545
10,Rest,455.7555555555591,0.0,4.0545
10,Rest,455.85555555556493,0.0,4.0546
10,Rest,455.9555555555562,0.0,4.0546
10,Rest,456.055555555562,0.0,4.0546
10,Rest,456.1555555555533,0.0,4.0546
10,Rest,456.2555555555591,0.0,4.0546
10,Rest,456.35555555556493,0.0,4.0546
10,Rest,456.4555555555562,0.0,4.0546
10,Rest,456.555555555562,0.0,4.0546
10,Rest,456.6555555555533,0.0,4.0546
10,Rest,456.7555555555591,0.0,4.0546
10,Rest,456.85555555556493,0.0,4.0546
10,Rest,456.9555555555562,0.0,4.0547
10,Rest,457.055555555562,0.0,4.0547
10,Rest,457.1555555555533,0.0,4.0546
10,Rest,457.2555555555591,0.0,4.0546
10,Rest,457.35555555556493,0.0,4.0547
10,Rest,457.4555555555562,0.0,4.0547
10,Rest,457.555555555562,0.0,4.0546
10,Rest,457.6555555555533,0.0,4.0547
10,Rest,457.7555555555591,0.0,4.0547
10,Rest,457.85555555556493,0.0,4.0547
10,Rest,457.9555555555562,0.0,4.0547
10,Rest,458.055555555562,0.0,4.0547
10,Rest,458.1555555555533,0.0,4.0547
10,Rest,458.2555555555591,0.0,4.0547
10,Rest,458.35555555556493,0.0,4.0547
10,Rest,458.4555555555562,0.0,4.0548
10,Rest,458.555555555562,0.0,4.0548
10,Rest,458.6555555555533,0.0,4.0548
10,Rest,458.7555555555591,0.0,4.0548
10,Rest,458.85555555556493,0.0,4.0548
10,Rest,458.9555555555562,0.0,4.0548
10,Rest,459.055555555562,0.0,4.0548
10,Rest,459.1555555555533,0.0,4.0548
10,Rest,459.2555555555591,0.0,4.0548
10,Rest,459.35555555556493,0.0,4.0548
10,Rest,459.4555555555562,0.0,4.0548
10,Rest,459.555555555562,0.0,4.0548
10,Rest,459.6555555555533,0.0,4.0548
10,Rest,459.7555555555591,0.0,4.0548
10,Rest,459.85555555556493,0.0,4.0548
10,Rest,459.9555555555562,0.0,4.0549
10,Rest,460.055555555562,0.0,4.0548
10,Rest,460.1555555555533,0.0,4.0549
10,Rest,460.2555555555591,0.0,4.0549
10,Rest,460.35555555556493,0.0,4.0549
10,Rest,460.4555555555562,0.0,4.0549
10,Rest,460.555555555562,0.0,4.0549
10,Rest,460.6555555555533,0.0,4.0549
10,Rest,460.7555555555591,0.0,4.0549
10,Rest,460.85555555556493,0.0,4.0549
10,Rest,460.9555555555562,0.0,4.0549
10,Rest,461.055555555562,0.0,4.0549
10,Rest,461.1555555555533,0.0,4.0549
10,Rest,461.2555555555591,0.0,4.0549
10,Rest,461.35555555556493,0.0,4.0549
10,Rest,461.4555555555562,0.0,4.055
10,Rest,461.555555555562,0.0,4.055
10,Rest,461.6555555555533,0.0,4.055
10,Rest,461.7555555555591,0.0,4.055
10,Rest,461.85555555556493,0.0,4.055
10,Rest,461.9555555555562,0.0,4.055
10,Rest,462.055555555562,0.0,4.0551
10,Rest,462.1555555555533,0.0,4.055
10,Rest,462.2555555555591,0.0,4.055
10,Rest,462.35555555556493,0.0,4.055
10,Rest,462.4555555555562,0.0,4.0551
10,Rest,462.555555555562,0.0,4.0551
10,Rest,462.6555555555533,0.0,4.0551
10,Rest,462.7555555555591,0.0,4.0551
10,Rest,462.85555555556493,0.0,4.0551
10,Rest,462.9555555555562,0.0,4.0551
10,Rest,463.055555555562,0.0,4.0551
10,Rest,463.1555555555533,0.0,4.0551
10,Rest,463.2555555555591,0.0,4.0551
10,Rest,463.35555555556493,0.0,4.0551
10,Rest,463.4555555555562,0.0,4.0551
10,Rest,463.555555555562,0.0,4.0551
10,Rest,463.6555555555533,0.0,4.0551
10,Rest,463.7555555555591,0.0,4.0552
10,Rest,463.85555555556493,0.0,4.0552
10,Rest,463.9555555555562,0.0,4.0552
10,Rest,464.055555555562,0.0,4.0552
10,Rest,464.1555555555533,0.0,4.0552
10,Rest,464.2555555555591,0.0,4.0552
10,Rest,464.35555555556493,0.0,4.0552
10,Rest,464.4555555555562,0.0,4.0552
10,Rest,464.555555555562,0.0,4.0552
10,Rest,464.6555555555533,0.0,4.0552
10,Rest,464.7555555555591,0.0,4.0552
10,Rest,464.85555555556493,0.0,4.0552
10,Rest,464.9555555555562,0.0,4.0552
10,Rest,465.055555555562,0.0,4.0552
10,Rest,465.1555555555533,0.0,4.0552
10,Rest,465.2555555555591,0.0,4.0553
10,Rest,465.35555555556493,0.0,4.0552
10,Rest,465.4555555555562,0.0,4.0552
10,Rest,465.555555555562,0.0,4.0553
10,Rest,465.6555555555533,0.0,4.0553
10,Rest,465.7555555555591,0.0,4.0553
10,Rest,465.85555555556493,0.0,4.0553
10,Rest,465.9555555555562,0.0,4.0553
10,Rest,466.055555555562,0.0,4.0553
10,Rest,466.1555555555533,0.0,4.0553
10,Rest,466.2555555555591,0.0,4.0553
10,Rest,466.35555555556493,0.0,4.0553
10,Rest,466.4555555555562,0.0,4.0553
10,Rest,466.555555555562,0.0,4.0553
10,Rest,466.6555555555533,0.0,4.0553
10,Rest,466.7555555555591,0.0,4.0554
10,Rest,466.85555555556493,0.0,4.0554
10,Rest,466.9555555555562,0.0,4.0554
10,Rest,467.055555555562,0.0,4.0554
10,Rest,467.1555555555533,0.0,4.0554
10,Rest,467.2555555555591,0.0,4.0554
10,Rest,467.35555555556493,0.0,4.0554
10,Rest,467.4555555555562,0.0,4.0554
10,Rest,467.555555555562,0.0,4.0554
10,Rest,467.6555555555533,0.0,4.0554
10,Rest,467.7555555555591,0.0,4.0554
10,Rest,467.85555555556493,0.0,4.0554
10,Rest,467.9555555555562,0.0,4.0554
10,Rest,468.055555555562,0.0,4.0554
10,Rest,468.1555555555533,0.0,4.0554
10,Rest,468.2555555555591,0.0,4.0554
10,Rest,468.35555555556493,0.0,4.0554
10,Rest,468.4555555555562,0.0,4.0554
10,Rest,468.555555555562,0.0,4.0554
10,Rest,468.6555555555533,0.0,4.0554
10,Rest,468.7555555555591,0.0,4.0555
10,Rest,468.85555555556493,0.0,4.0555
10,Rest,468.9555555555562,0.0,4.0555
10,Rest,469.055555555562,0.0,4.0555
10,Rest,469.1555555555533,0.0,4.0555
10,Rest,469.2555555555591,0.0,4.0555
10,Rest,469.35555555556493,0.0,4.0555
10,Rest,469.4555555555562,0.0,4.0555
10,Rest,469.555555555562,0.0,4.0555
10,Rest,469.6555555555533,0.0,4.0555
10,Rest,469.7555555555591,0.0,4.0555
10,Rest,469.85555555556493,0.0,4.0555
10,Rest,469.9555555555562,0.0,4.0555
10,Rest,470.055555555562,0.0,4.0555
10,Rest,470.1555555555533,0.0,4.0555
10,Rest,470.2555555555591,0.0,4.0555
10,Rest,470.35555555556493,0.0,4.0555
10,Rest,470.4555555555562,0.0,4.0555
10,Rest,470.555555555562,0.0,4.0556
10,Rest,470.6555555555533,0.0,4.0556
10,Rest,470.7555555555591,0.0,4.0556
10,Rest,470.85555555556493,0.0,4.0556
10,Rest,470.9555555555562,0.0,4.0556
10,Rest,471.055555555562,0.0,4.0556
10,Rest,471.1555555555533,0.0,4.0556
10,Rest,471.2555555555591,0.0,4.0556
10,Rest,471.35555555556493,0.0,4.0556
10,Rest,471.4555555555562,0.0,4.0556
10,Rest,471.555555555562,0.0,4.0556
10,Rest,471.6555555555533,0.0,4.0556
10,Rest,471.7555555555591,0.0,4.0556
10,Rest,471.85555555556493,0.0,4.0556
10,Rest,471.9555555555562,0.0,4.0556
10,Rest,472.055555555562,0.0,4.0556
10,Rest,472.1555555555533,0.0,4.0557
10,Rest,472.2555555555591,0.0,4.0557
10,Rest,472.35555555556493,0.0,4.0557
10,Rest,472.4555555555562,0.0,4.0557
10,Rest,472.555555555562,0.0,4.0557
10,Rest,472.6555555555533,0.0,4.0557
10,Rest,472.7555555555591,0.0,4.0557
10,Rest,472.85555555556493,0.0,4.0557
10,Rest,472.9555555555562,0.0,4.0557
10,Rest,473.055555555562,0.0,4.0557
10,Rest,473.1555555555533,0.0,4.0557
10,Rest,473.2555555555591,0.0,4.0557
10,Rest,473.35555555556493,0.0,4.0557
10,Rest,473.4555555555562,0.0,4.0557
10,Rest,473.555555555562,0.0,4.0557
10,Rest,473.6555555555533,0.0,4.0557
10,Rest,473.7555555555591,0.0,4.0557
10,Rest,473.85555555556493,0.0,4.0557
10,Rest,473.9555555555562,0.0,4.0558
10,Rest,474.055555555562,0.0,4.0557
10,Rest,474.1555555555533,0.0,4.0557
10,Rest,474.2555555555591,0.0,4.0558
10,Rest,474.35555555556493,0.0,4.0558
10,Rest,474.4555555555562,0.0,4.0558
10,Rest,474.555555555562,0.0,4.0558
10,Rest,474.6555555555533,0.0,4.0558
10,Rest,474.7555555555591,0.0,4.0558
10,Rest,474.85555555556493,0.0,4.0558
10,Rest,474.9555555555562,0.0,4.0558
10,Rest,475.055555555562,0.0,4.0558
10,Rest,475.1555555555533,0.0,4.0558
10,Rest,475.2555555555591,0.0,4.0558
10,Rest,475.35555555556493,0.0,4.0558
10,Rest,475.4555555555562,0.0,4.0558
10,Rest,475.555555555562,0.0,4.0558
10,Rest,475.6555555555533,0.0,4.0559
10,Rest,475.7555555555591,0.0,4.0558
10,Rest,475.85555555556493,0.0,4.0558
10,Rest,475.9555555555562,0.0,4.0559
10,Rest,476.055555555562,0.0,4.0559
10,Rest,476.1555555555533,0.0,4.0559
10,Rest,476.2555555555591,0.0,4.0559
10,Rest,476.35555555556493,0.0,4.0559
10,Rest,476.4555555555562,0.0,4.0559
10,Rest,476.555555555562,0.0,4.0559
10,Rest,476.6555555555533,0.0,4.0559
10,Rest,476.7555555555591,0.0,4.0559
10,Rest,476.85555555556493,0.0,4.0559
10,Rest,476.9555555555562,0.0,4.0559
10,Rest,477.055555555562,0.0,4.0559
10,Rest,477.1555555555533,0.0,4.0559
10,Rest,477.2555555555591,0.0,4.056
10,Rest,477.35555555556493,0.0,4.056
10,Rest,477.4555555555562,0.0,4.056
10,Rest,477.555555555562,0.0,4.0559
10,Rest,477.6555555555533,0.0,4.056
10,Rest,477.7555555555591,0.0,4.056
10,Rest,477.85555555556493,0.0,4.056
10,Rest,477.9555555555562,0.0,4.056
10,Rest,478.055555555562,0.0,4.056
10,Rest,478.1555555555533,0.0,4.056
10,Rest,478.2555555555591,0.0,4.056
10,Rest,478.35555555556493,0.0,4.056
10,Rest,478.4555555555562,0.0,4.056
10,Rest,478.555555555562,0.0,4.056
10,Rest,478.6555555555533,0.0,4.056
10,Rest,478.7555555555591,0.0,4.056
10,Rest,478.85555555556493,0.0,4.056
10,Rest,478.9555555555562,0.0,4.056
10,Rest,479.055555555562,0.0,4.056
10,Rest,479.1555555555533,0.0,4.056
10,Rest,479.2555555555591,0.0,4.056
10,Rest,479.35555555556493,0.0,4.056
10,Rest,479.4555555555562,0.0,4.0561
10,Rest,479.555555555562,0.0,4.0561
10,Rest,479.6555555555533,0.0,4.0561
10,Rest,479.7555555555591,0.0,4.0561
10,Rest,479.85555555556493,0.0,4.0561
10,Rest,479.9555555555562,0.0,4.0561
10,Rest,480.055555555562,0.0,4.0561
10,Rest,480.1555555555533,0.0,4.0561
10,Rest,480.2555555555591,0.0,4.0561
10,Rest,480.35555555556493,0.0,4.0561
10,Rest,480.4555555555562,0.0,4.0561
10,Rest,480.555555555562,0.0,4.0561
10,Rest,480.6555555555533,0.0,4.0562
10,Rest,480.7555555555591,0.0,4.0562
10,Rest,480.85555555556493,0.0,4.0562
10,Rest,480.9555555555562,0.0,4.0561
10,Rest,481.055555555562,0.0,4.0562
10,Rest,481.1555555555533,0.0,4.0561
10,Rest,481.2555555555591,0.0,4.0561
10,Rest,481.35555555556493,0.0,4.0562
10,Rest,481.4555555555562,0.0,4.0562
10,Rest,481.555555555562,0.0,4.0562
10,Rest,481.6555555555533,0.0,4.0562
10,Rest,481.7555555555591,0.0,4.0562
10,Rest,481.85555555556493,0.0,4.0562
10,Rest,481.9555555555562,0.0,4.0562
10,Rest,482.055555555562,0.0,4.0562
10,Rest,482.1555555555533,0.0,4.0562
10,Rest,482.2555555555591,0.0,4.0562
10,Rest,482.35555555556493,0.0,4.0562
10,Rest,482.4555555555562,0.0,4.0563
10,Rest,482.555555555562,0.0,4.0563
10,Rest,482.6555555555533,0.0,4.0562
10,Rest,482.7555555555591,0.0,4.0562
10,Rest,482.85555555556493,0.0,4.0562
10,Rest,482.9555555555562,0.0,4.0562
10,Rest,483.055555555562,0.0,4.0562
10,Rest,483.1555555555533,0.0,4.0562
10,Rest,483.2555555555591,0.0,4.0563
10,Rest,483.35555555556493,0.0,4.0563
10,Rest,483.4555555555562,0.0,4.0563
10,Rest,483.555555555562,0.0,4.0563
10,Rest,483.6555555555533,0.0,4.0563
10,Rest,483.7555555555591,0.0,4.0563
10,Rest,483.85555555556493,0.0,4.0563
10,Rest,483.9555555555562,0.0,4.0563
10,Rest,484.055555555562,0.0,4.0563
10,Rest,484.1555555555533,0.0,4.0563
10,Rest,484.2555555555591,0.0,4.0564
10,Rest,484.35555555556493,0.0,4.0564
10,Rest,484.4555555555562,0.0,4.0563
10,Rest,484.555555555562,0.0,4.0564
10,Rest,484.6555555555533,0.0,4.0564
10,Rest,484.7555555555591,0.0,4.0564
10,Rest,484.85555555556493,0.0,4.0564
10,Rest,484.9555555555562,0.0,4.0564
10,Rest,485.055555555562,0.0,4.0564
10,Rest,485.1555555555533,0.0,4.0564
10,Rest,485.2555555555591,0.0,4.0564
10,Rest,485.35555555556493,0.0,4.0564
10,Rest,485.4555555555562,0.0,4.0564
10,Rest,485.555555555562,0.0,4.0564
10,Rest,485.6555555555533,0.0,4.0564
10,Rest,485.7555555555591,0.0,4.0564
10,Rest,485.85555555556493,0.0,4.0564
10,Rest,485.9555555555562,0.0,4.0564
10,Rest,486.055555555562,0.0,4.0564
10,Rest,486.1555555555533,0.0,4.0564
10,Rest,486.2555555555591,0.0,4.0564
10,Rest,486.35555555556493,0.0,4.0564
10,Rest,486.4555555555562,0.0,4.0564
10,Rest,486.555555555562,0.0,4.0564
10,Rest,486.6555555555533,0.0,4.0564
10,Rest,486.7555555555591,0.0,4.0565
10,Rest,486.85555555556493,0.0,4.0565
10,Rest,486.9555555555562,0.0,4.0565
10,Rest,487.055555555562,0.0,4.0564
10,Rest,487.1555555555533,0.0,4.0564
10,Rest,487.2555555555591,0.0,4.0565
10,Rest,487.35555555556493,0.0,4.0565
10,Rest,487.4555555555562,0.0,4.0565
10,Rest,487.555555555562,0.0,4.0565
10,Rest,487.6555555555533,0.0,4.0565
10,Rest,487.7555555555591,0.0,4.0565
10,Rest,487.85555555556493,0.0,4.0565
10,Rest,487.9555555555562,0.0,4.0565
10,Rest,488.055555555562,0.0,4.0565
10,Rest,488.1555555555533,0.0,4.0565
10,Rest,488.2555555555591,0.0,4.0565
10,Rest,488.35555555556493,0.0,4.0565
10,Rest,488.4555555555562,0.0,4.0565
10,Rest,488.555555555562,0.0,4.0566
10,Rest,488.6555555555533,0.0,4.0566
10,Rest,488.7555555555591,0.0,4.0566
10,Rest,488.85555555556493,0.0,4.0566
10,Rest,488.9555555555562,0.0,4.0565
10,Rest,489.055555555562,0.0,4.0566
10,Rest,489.1555555555533,0.0,4.0566
10,Rest,489.2555555555591,0.0,4.0566
10,Rest,489.35555555556493,0.0,4.0566
10,Rest,489.4555555555562,0.0,4.0566
10,Rest,489.555555555562,0.0,4.0566
10,Rest,489.6555555555533,0.0,4.0566
10,Rest,489.7555555555591,0.0,4.0566
10,Rest,489.85555555556493,0.0,4.0566
10,Rest,489.9555555555562,0.0,4.0566
10,Rest,490.055555555562,0.0,4.0566
10,Rest,490.1555555555533,0.0,4.0566
10,Rest,490.2555555555591,0.0,4.0566
10,Rest,490.35555555556493,0.0,4.0566
10,Rest,490.4555555555562,0.0,4.0566
10,Rest,490.555555555562,0.0,4.0566
10,Rest,490.6555555555533,0.0,4.0566
10,Rest,490.7555555555591,0.0,4.0567
10,Rest,490.85555555556493,0.0,4.0567
10,Rest,490.9555555555562,0.0,4.0567
10,Rest,491.055555555562,0.0,4.0567
10,Rest,491.1555555555533,0.0,4.0567
10,Rest,491.2555555555591,0.0,4.0567
10,Rest,491.35555555556493,0.0,4.0567
10,Rest,491.4555555555562,0.0,4.0567
10,Rest,491.555555555562,0.0,4.0567
10,Rest,491.6555555555533,0.0,4.0567
10,Rest,491.7555555555591,0.0,4.0567
10,Rest,491.85555555556493,0.0,4.0567
10,Rest,491.9555555555562,0.0,4.0567
10,Rest,492.055555555562,0.0,4.0568
10,Rest,492.1555555555533,0.0,4.0568
10,Rest,492.2555555555591,0.0,4.0568
10,Rest,492.35555555556493,0.0,4.0567
10,Rest,492.4555555555562,0.0,4.0567
10,Rest,492.555555555562,0.0,4.0567
10,Rest,492.6555555555533,0.0,4.0568
10,Rest,492.7555555555591,0.0,4.0567
10,Rest,492.85555555556493,0.0,4.0568
10,Rest,492.9555555555562,0.0,4.0568
10,Rest,493.055555555562,0.0,4.0568
10,Rest,493.1555555555533,0.0,4.0568
10,Rest,493.2555555555591,0.0,4.0568
10,Rest,493.35555555556493,0.0,4.0568
10,Rest,493.4555555555562,0.0,4.0568
10,Rest,493.555555555562,0.0,4.0568
10,Rest,493.6555555555533,0.0,4.0568
10,Rest,493.7555555555591,0.0,4.0568
10,Rest,493.85555555556493,0.0,4.0568
10,Rest,493.9555555555562,0.0,4.0569
10,Rest,494.055555555562,0.0,4.0568
10,Rest,494.1555555555533,0.0,4.0569
10,Rest,494.2555555555591,0.0,4.0569
10,Rest,494.35555555556493,0.0,4.0569
10,Rest,494.4555555555562,0.0,4.0569
10,Rest,494.555555555562,0.0,4.0569
10,Rest,494.6555555555533,0.0,4.0569
10,Rest,494.7555555555591,0.0,4.0569
10,Rest,494.85555555556493,0.0,4.0568
10,Rest,494.9555555555562,0.0,4.0569
10,Rest,495.055555555562,0.0,4.0569
10,Rest,495.1555555555533,0.0,4.0569
10,Rest,495.2555555555591,0.0,4.0569
10,Rest,495.35555555556493,0.0,4.0569
10,Rest,495.4555555555562,0.0,4.0569
10,Rest,495.555555555562,0.0,4.0569
10,Rest,495.6555555555533,0.0,4.0569
10,Rest,495.7555555555591,0.0,4.0569
10,Rest,495.85555555556493,0.0,4.0569
10,Rest,495.9555555555562,0.0,4.0569
10,Rest,496.055555555562,0.0,4.0569
10,Rest,496.1555555555533,0.0,4.0569
10,Rest,496.2555555555591,0.0,4.0569
10,Rest,496.35555555556493,0.0,4.0569
10,Rest,496.4555555555562,0.0,4.0569
10,Rest,496.555555555562,0.0,4.0569
10,Rest,496.6555555555533,0.0,4.0569
10,Rest,496.7555555555591,0.0,4.057
10,Rest,496.85555555556493,0.0,4.057
10,Rest,496.9555555555562,0.0,4.057
10,Rest,497.055555555562,0.0,4.057
10,Rest,497.1555555555533,0.0,4.057
10,Rest,497.2555555555591,0.0,4.057
10,Rest,497.35555555556493,0.0,4.057
10,Rest,497.4555555555562,0.0,4.057
10,Rest,497.555555555562,0.0,4.057
10,Rest,497.6555555555533,0.0,4.057
10,Rest,497.7555555555591,0.0,4.057
10,Rest,497.85555555556493,0.0,4.057
10,Rest,497.9555555555562,0.0,4.057
10,Rest,498.055555555562,0.0,4.057
10,Rest,498.1555555555533,0.0,4.057
10,Rest,498.2555555555591,0.0,4.057
10,Rest,498.35555555556493,0.0,4.057
10,Rest,498.4555555555562,0.0,4.057
10,Rest,498.555555555562,0.0,4.057
10,Rest,498.6555555555533,0.0,4.057
10,Rest,498.7555555555591,0.0,4.057
10,Rest,498.85555555556493,0.0,4.0571
10,Rest,498.9555555555562,0.0,4.0571
10,Rest,499.055555555562,0.0,4.0571
10,Rest,499.1555555555533,0.0,4.0571
10,Rest,499.2555555555591,0.0,4.0571
10,Rest,499.35555555556493,0.0,4.0571
10,Rest,499.4555555555562,0.0,4.0571
10,Rest,499.555555555562,0.0,4.0571
10,Rest,499.6555555555533,0.0,4.0571
10,Rest,499.7555555555591,0.0,4.0571
10,Rest,499.85555555556493,0.0,4.0571
10,Rest,499.9555555555562,0.0,4.0571
10,Rest,500.055555555562,0.0,4.0571
10,Rest,500.1555555555533,0.0,4.0571
10,Rest,500.2555555555591,0.0,4.0571
10,Rest,500.35555555556493,0.0,4.0571
10,Rest,500.4555555555562,0.0,4.0571
10,Rest,500.555555555562,0.0,4.0571
10,Rest,500.6555555555533,0.0,4.0571
10,Rest,500.7555555555591,0.0,4.0571
10,Rest,500.85555555556493,0.0,4.0571
10,Rest,500.9555555555562,0.0,4.0571
10,Rest,501.055555555562,0.0,4.0571
10,Rest,501.1555555555533,0.0,4.0571
10,Rest,501.2555555555591,0.0,4.0571
10,Rest,501.35555555556493,0.0,4.0571
10,Rest,501.4555555555562,0.0,4.0571
10,Rest,501.555555555562,0.0,4.0571
10,Rest,501.6555555555533,0.0,4.0572
10,Rest,501.7555555555591,0.0,4.0572
10,Rest,501.85555555556493,0.0,4.0571
10,Rest,501.9555555555562,0.0,4.0571
10,Rest,502.055555555562,0.0,4.0572
10,Rest,502.1555555555533,0.0,4.0572
10,Rest,502.2555555555591,0.0,4.0571
10,Rest,502.35555555556493,0.0,4.0571
10,Rest,502.4555555555562,0.0,4.0572
10,Rest,502.555555555562,0.0,4.0572
10,Rest,502.6555555555533,0.0,4.0571
10,Rest,502.7555555555591,0.0,4.0572
10,Rest,502.85555555556493,0.0,4.0572
10,Rest,502.9555555555562,0.0,4.0572
10,Rest,503.055555555562,0.0,4.0572
10,Rest,503.1555555555533,0.0,4.0572
10,Rest,503.2555555555591,0.0,4.0572
10,Rest,503.35555555556493,0.0,4.0572
10,Rest,503.4555555555562,0.0,4.0572
10,Rest,503.555555555562,0.0,4.0572
10,Rest,503.6555555555533,0.0,4.0572
10,Rest,503.7555555555591,0.0,4.0572
10,Rest,503.85555555556493,0.0,4.0572
10,Rest,503.9555555555562,0.0,4.0572
10,Rest,504.055555555562,0.0,4.0572
10,Rest,504.1555555555533,0.0,4.0572
10,Rest,504.2555555555591,0.0,4.0572
10,Rest,504.35555555556493,0.0,4.0572
10,Rest,504.4555555555562,0.0,4.0572
10,Rest,504.555555555562,0.0,4.0573
10,Rest,504.6555555555533,0.0,4.0572
10,Rest,504.7555555555591,0.0,4.0572
10,Rest,504.85555555556493,0.0,4.0572
10,Rest,504.9555555555562,0.0,4.0573
10,Rest,505.055555555562,0.0,4.0573
10,Rest,505.1555555555533,0.0,4.0573
10,Rest,505.2555555555591,0.0,4.0573
10,Rest,505.35555555556493,0.0,4.0573
10,Rest,505.4555555555562,0.0,4.0573
10,Rest,505.555555555562,0.0,4.0573
10,Rest,505.6555555555533,0.0,4.0573
10,Rest,505.7555555555591,0.0,4.0573
10,Rest,505.85555555556493,0.0,4.0573
10,Rest,505.9555555555562,0.0,4.0573
10,Rest,506.055555555562,0.0,4.0573
10,Rest,506.1555555555533,0.0,4.0573
10,Rest,506.2555555555591,0.0,4.0573
10,Rest,506.35555555556493,0.0,4.0573
10,Rest,506.4555555555562,0.0,4.0573
10,Rest,506.555555555562,0.0,4.0573
10,Rest,506.6555555555533,0.0,4.0573
10,Rest,506.7555555555591,0.0,4.0573
10,Rest,506.85555555556493,0.0,4.0573
10,Rest,506.9555555555562,0.0,4.0573
10,Rest,507.055555555562,0.0,4.0573
10,Rest,507.1555555555533,0.0,4.0573
10,Rest,507.2555555555591,0.0,4.0574
10,Rest,507.35555555556493,0.0,4.0574
10,Rest,507.4555555555562,0.0,4.0574
10,Rest,507.555555555562,0.0,4.0574
10,Rest,507.6555555555533,0.0,4.0574
10,Rest,507.7555555555591,0.0,4.0574
10,Rest,507.85555555556493,0.0,4.0573
10,Rest,507.9555555555562,0.0,4.0574
10,Rest,508.055555555562,0.0,4.0574
10,Rest,508.1555555555533,0.0,4.0574
10,Rest,508.2555555555591,0.0,4.0574
10,Rest,508.35555555556493,0.0,4.0574
10,Rest,508.4555555555562,0.0,4.0573
10,Rest,508.555555555562,0.0,4.0574
10,Rest,508.6555555555533,0.0,4.0574
10,Rest,508.7555555555591,0.0,4.0574
10,Rest,508.85555555556493,0.0,4.0574
10,Rest,508.9555555555562,0.0,4.0574
10,Rest,509.055555555562,0.0,4.0574
10,Rest,509.1555555555533,0.0,4.0574
10,Rest,509.2555555555591,0.0,4.0574
10,Rest,509.35555555556493,0.0,4.0574
10,Rest,509.4555555555562,0.0,4.0575
10,Rest,509.555555555562,0.0,4.0575
10,Rest,509.6555555555533,0.0,4.0575
10,Rest,509.7555555555591,0.0,4.0575
10,Rest,509.85555555556493,0.0,4.0575
10,Rest,509.9555555555562,0.0,4.0575
10,Rest,510.055555555562,0.0,4.0575
10,Rest,510.1555555555533,0.0,4.0575
10,Rest,510.2555555555591,0.0,4.0575
10,Rest,510.35555555556493,0.0,4.0575
10,Rest,510.4555555555562,0.0,4.0575
10,Rest,510.555555555562,0.0,4.0575
10,Rest,510.6555555555533,0.0,4.0575
10,Rest,510.7555555555591,0.0,4.0575
10,Rest,510.85555555556493,0.0,4.0575
10,Rest,510.9555555555562,0.0,4.0575
10,Rest,511.055555555562,0.0,4.0575
10,Rest,511.1555555555533,0.0,4.0575
10,Rest,511.2555555555591,0.0,4.0575
10,Rest,511.35555555556493,0.0,4.0576
10,Rest,511.4555555555562,0.0,4.0576
10,Rest,511.555555555562,0.0,4.0576
10,Rest,511.6555555555533,0.0,4.0576
10,Rest,511.7555555555591,0.0,4.0576
10,Rest,511.85555555556493,0.0,4.0576
10,Rest,511.9555555555562,0.0,4.0576
10,Rest,512.055555555562,0.0,4.0576
10,Rest,512.1555555555533,0.0,4.0576
10,Rest,512.2555555555591,0.0,4.0576
10,Rest,512.3555555555649,0.0,4.0576
10,Rest,512.4555555555562,0.0,4.0576
10,Rest,512.555555555562,0.0,4.0576
10,Rest,512.6555555555533,0.0,4.0576
10,Rest,512.7555555555591,0.0,4.0576
10,Rest,512.8555555555649,0.0,4.0576
10,Rest,512.9555555555562,0.0,4.0576
10,Rest,513.055555555562,0.0,4.0576
10,Rest,513.1555555555533,0.0,4.0576
10,Rest,513.2555555555591,0.0,4.0576
10,Rest,513.3555555555649,0.0,4.0576
10,Rest,513.4555555555562,0.0,4.0576
10,Rest,513.555555555562,0.0,4.0576
10,Rest,513.6555555555533,0.0,4.0576
10,Rest,513.7555555555591,0.0,4.0576
10,Rest,513.8555555555649,0.0,4.0577
10,Rest,513.9555555555562,0.0,4.0577
10,Rest,514.055555555562,0.0,4.0576
10,Rest,514.1555555555533,0.0,4.0576
10,Rest,514.2555555555591,0.0,4.0577
10,Rest,514.3555555555649,0.0,4.0577
10,Rest,514.4555555555562,0.0,4.0577
10,Rest,514.555555555562,0.0,4.0577
10,Rest,514.6555555555533,0.0,4.0577
10,Rest,514.7555555555591,0.0,4.0577
10,Rest,514.8555555555649,0.0,4.0577
10,Rest,514.9555555555562,0.0,4.0577
10,Rest,515.055555555562,0.0,4.0577
10,Rest,515.1555555555533,0.0,4.0577
10,Rest,515.2555555555591,0.0,4.0577
10,Rest,515.3555555555649,0.0,4.0577
10,Rest,515.4555555555562,0.0,4.0577
10,Rest,515.555555555562,0.0,4.0577
10,Rest,515.6555555555533,0.0,4.0577
10,Rest,515.7555555555591,0.0,4.0577
10,Rest,515.8555555555649,0.0,4.0577
10,Rest,515.9555555555562,0.0,4.0577
10,Rest,516.055555555562,0.0,4.0578
10,Rest,516.1555555555533,0.0,4.0578
10,Rest,516.2555555555591,0.0,4.0577
10,Rest,516.3555555555649,0.0,4.0578
10,Rest,516.4555555555562,0.0,4.0578
10,Rest,516.555555555562,0.0,4.0578
10,Rest,516.6555555555533,0.0,4.0578
10,Rest,516.7555555555591,0.0,4.0577
10,Rest,516.8555555555649,0.0,4.0578
10,Rest,516.9555555555562,0.0,4.0578
10,Rest,517.055555555562,0.0,4.0578
10,Rest,517.1555555555533,0.0,4.0577
10,Rest,517.2555555555591,0.0,4.0578
10,Rest,517.3555555555649,0.0,4.0578
10,Rest,517.4555555555562,0.0,4.0578
10,Rest,517.555555555562,0.0,4.0578
10,Rest,517.6555555555533,0.0,4.0578
10,Rest,517.7555555555591,0.0,4.0578
10,Rest,517.8555555555649,0.0,4.0578
10,Rest,517.9555555555562,0.0,4.0578
10,Rest,518.055555555562,0.0,4.0578
10,Rest,518.1555555555533,0.0,4.0578
10,Rest,518.2555555555591,0.0,4.0578
10,Rest,518.3555555555649,0.0,4.0578
10,Rest,518.4555555555562,0.0,4.0578
10,Rest,518.555555555562,0.0,4.0578
10,Rest,518.6555555555533,0.0,4.0578
10,Rest,518.7555555555591,0.0,4.0578
10,Rest,518.8555555555649,0.0,4.0578
10,Rest,518.9555555555562,0.0,4.0578
10,Rest,519.055555555562,0.0,4.0578
10,Rest,519.1555555555533,0.0,4.0578
10,Rest,519.2555555555591,0.0,4.0578
10,Rest,519.3555555555649,0.0,4.0578
10,Rest,519.4555555555562,0.0,4.0579
10,Rest,519.555555555562,0.0,4.0578
10,Rest,519.6555555555533,0.0,4.0578
10,Rest,519.7555555555591,0.0,4.0578
10,Rest,519.8555555555649,0.0,4.0578
10,Rest,519.9555555555562,0.0,4.0579
10,Rest,520.055555555562,0.0,4.0579
10,Rest,520.1555555555533,0.0,4.0579
10,Rest,520.2555555555591,0.0,4.0579
10,Rest,520.3555555555649,0.0,4.0579
10,Rest,520.4555555555562,0.0,4.0579
10,Rest,520.555555555562,0.0,4.0579
10,Rest,520.6555555555533,0.0,4.0579
10,Rest,520.7555555555591,0.0,4.0579
10,Rest,520.8555555555649,0.0,4.0579
10,Rest,520.9555555555562,0.0,4.0579
10,Rest,521.055555555562,0.0,4.0579
10,Rest,521.1555555555533,0.0,4.0579
10,Rest,521.2555555555591,0.0,4.0579
10,Rest,521.3555555555649,0.0,4.0579
10,Rest,521.4555555555562,0.0,4.0579
10,Rest,521.555555555562,0.0,4.0579
10,Rest,521.6555555555533,0.0,4.0579
10,Rest,521.7555555555591,0.0,4.0579
10,Rest,521.8555555555649,0.0,4.0579
10,Rest,521.9555555555562,0.0,4.0579
10,Rest,522.055555555562,0.0,4.0579
10,Rest,522.1555555555533,0.0,4.058
10,Rest,522.2555555555591,0.0,4.0579
10,Rest,522.3555555555649,0.0,4.058
10,Rest,522.4555555555562,0.0,4.058
10,Rest,522.555555555562,0.0,4.058
10,Rest,522.6555555555533,0.0,4.058
10,Rest,522.7555555555591,0.0,4.058
10,Rest,522.8555555555649,0.0,4.058
10,Rest,522.9555555555562,0.0,4.058
10,Rest,523.055555555562,0.0,4.058
10,Rest,523.1555555555533,0.0,4.058
10,Rest,523.2555555555591,0.0,4.058
10,Rest,523.3555555555649,0.0,4.0581
10,Rest,523.4555555555562,0.0,4.0581
10,Rest,523.555555555562,0.0,4.0581
10,Rest,523.6555555555533,0.0,4.0581
10,Rest,523.7555555555591,0.0,4.0581
10,Rest,523.8555555555649,0.0,4.0581
10,Rest,523.9555555555562,0.0,4.0581
10,Rest,524.055555555562,0.0,4.0581
10,Rest,524.1555555555533,0.0,4.0581
10,Rest,524.2555555555591,0.0,4.0581
10,Rest,524.3555555555649,0.0,4.0582
10,Rest,524.4555555555562,0.0,4.0582
10,Rest,524.555555555562,0.0,4.0581
10,Rest,524.6555555555533,0.0,4.0581
10,Rest,524.7555555555591,0.0,4.0582
10,Rest,524.8555555555649,0.0,4.0582
10,Rest,524.9555555555562,0.0,4.0582
10,Rest,525.055555555562,0.0,4.0582
10,Rest,525.1555555555533,0.0,4.0582
10,Rest,525.2555555555591,0.0,4.0582
10,Rest,525.3555555555649,0.0,4.0582
10,Rest,525.4555555555562,0.0,4.0582
10,Rest,525.555555555562,0.0,4.0582
10,Rest,525.6555555555533,0.0,4.0582
10,Rest,525.7555555555591,0.0,4.0582
10,Rest,525.8555555555649,0.0,4.0582
10,Rest,525.9555555555562,0.0,4.0582
10,Rest,526.055555555562,0.0,4.0582
10,Rest,526.1555555555533,0.0,4.0582
10,Rest,526.2555555555591,0.0,4.0582
10,Rest,526.3555555555649,0.0,4.0582
10,Rest,526.4555555555562,0.0,4.0582
10,Rest,526.555555555562,0.0,4.0582
10,Rest,526.6555555555533,0.0,4.0582
10,Rest,526.7555555555591,0.0,4.0582
10,Rest,526.8555555555649,0.0,4.0582
10,Rest,526.9555555555562,0.0,4.0582
10,Rest,527.055555555562,0.0,4.0582
10,Rest,527.1555555555533,0.0,4.0583
10,Rest,527.2555555555591,0.0,4.0583
10,Rest,527.3555555555649,0.0,4.0583
10,Rest,527.4555555555562,0.0,4.0582
10,Rest,527.555555555562,0.0,4.0583
10,Rest,527.6555555555533,0.0,4.0583
10,Rest,527.7555555555591,0.0,4.0583
10,Rest,527.8555555555649,0.0,4.0583
10,Rest,527.9555555555562,0.0,4.0583
10,Rest,528.055555555562,0.0,4.0583
10,Rest,528.1555555555533,0.0,4.0583
10,Rest,528.2555555555591,0.0,4.0583
10,Rest,528.3555555555649,0.0,4.0583
10,Rest,528.4555555555562,0.0,4.0583
10,Rest,528.555555555562,0.0,4.0583
10,Rest,528.6555555555533,0.0,4.0583
10,Rest,528.7555555555591,0.0,4.0583
10,Rest,528.8555555555649,0.0,4.0583
10,Rest,528.9555555555562,0.0,4.0583
10,Rest,529.055555555562,0.0,4.0583
10,Rest,529.1555555555533,0.0,4.0583
10,Rest,529.2555555555591,0.0,4.0583
10,Rest,529.3555555555649,0.0,4.0583
10,Rest,529.4555555555562,0.0,4.0583
10,Rest,529.555555555562,0.0,4.0583
10,Rest,529.6555555555533,0.0,4.0583
10,Rest,529.7555555555591,0.0,4.0583
10,Rest,529.8555555555649,0.0,4.0583
10,Rest,529.9555555555562,0.0,4.0583
10,Rest,530.055555555562,0.0,4.0583
10,Rest,530.1555555555533,0.0,4.0583
10,Rest,530.2555555555591,0.0,4.0583
10,Rest,530.3555555555649,0.0,4.0583
10,Rest,530.4555555555562,0.0,4.0583
10,Rest,530.555555555562,0.0,4.0583
10,Rest,530.6555555555533,0.0,4.0583
10,Rest,530.7555555555591,0.0,4.0584
10,Rest,530.8555555555649,0.0,4.0583
10,Rest,530.9555555555562,0.0,4.0583
10,Rest,531.055555555562,0.0,4.0583
10,Rest,531.1555555555533,0.0,4.0583
10,Rest,531.2555555555591,0.0,4.0583
10,Rest,531.3555555555649,0.0,4.0583
10,Rest,531.4555555555562,0.0,4.0583
10,Rest,531.555555555562,0.0,4.0583
10,Rest,531.6555555555533,0.0,4.0584
10,Rest,531.7555555555591,0.0,4.0584
10,Rest,531.8555555555649,0.0,4.0584
10,Rest,531.9555555555562,0.0,4.0584
10,Rest,532.055555555562,0.0,4.0584
10,Rest,532.1555555555533,0.0,4.0584
10,Rest,532.2555555555591,0.0,4.0584
10,Rest,532.3555555555649,0.0,4.0584
10,Rest,532.4555555555562,0.0,4.0584
10,Rest,532.555555555562,0.0,4.0584
10,Rest,532.6555555555533,0.0,4.0584
10,Rest,532.7555555555591,0.0,4.0584
10,Rest,532.8555555555649,0.0,4.0584
10,Rest,532.9555555555562,0.0,4.0584
10,Rest,533.055555555562,0.0,4.0584
10,Rest,533.1555555555533,0.0,4.0584
10,Rest,533.2555555555591,0.0,4.0584
10,Rest,533.3555555555649,0.0,4.0584
10,Rest,533.4555555555562,0.0,4.0584
10,Rest,533.555555555562,0.0,4.0585
10,Rest,533.6555555555533,0.0,4.0584
10,Rest,533.7555555555591,0.0,4.0585
10,Rest,533.8555555555649,0.0,4.0585
10,Rest,533.9555555555562,0.0,4.0585
10,Rest,534.055555555562,0.0,4.0585
10,Rest,534.1555555555533,0.0,4.0585
10,Rest,534.2555555555591,0.0,4.0585
10,Rest,534.3555555555649,0.0,4.0585
10,Rest,534.4555555555562,0.0,4.0585
10,Rest,534.555555555562,0.0,4.0585
10,Rest,534.6555555555533,0.0,4.0585
10,Rest,534.7555555555591,0.0,4.0585
10,Rest,534.8555555555649,0.0,4.0585
10,Rest,534.9555555555562,0.0,4.0585
10,Rest,535.055555555562,0.0,4.0585
10,Rest,535.1555555555533,0.0,4.0585
10,Rest,535.2555555555591,0.0,4.0585
10,Rest,535.3555555555649,0.0,4.0585
10,Rest,535.4555555555562,0.0,4.0585
10,Rest,535.555555555562,0.0,4.0585
10,Rest,535.6555555555533,0.0,4.0585
10,Rest,535.7555555555591,0.0,4.0585
10,Rest,535.8555555555649,0.0,4.0585
10,Rest,535.9555555555562,0.0,4.0585
10,Rest,536.055555555562,0.0,4.0585
10,Rest,536.1555555555533,0.0,4.0585
10,Rest,536.2555555555591,0.0,4.0585
10,Rest,536.3555555555649,0.0,4.0585
10,Rest,536.4555555555562,0.0,4.0585
10,Rest,536.555555555562,0.0,4.0586
10,Rest,536.6555555555533,0.0,4.0585
10,Rest,536.7555555555591,0.0,4.0585
10,Rest,536.8555555555649,0.0,4.0585
10,Rest,536.9555555555562,0.0,4.0585
10,Rest,537.055555555562,0.0,4.0585
10,Rest,537.1555555555533,0.0,4.0586
10,Rest,537.2555555555591,0.0,4.0586
10,Rest,537.3555555555649,0.0,4.0586
10,Rest,537.4555555555562,0.0,4.0586
10,Rest,537.555555555562,0.0,4.0586
10,Rest,537.6555555555533,0.0,4.0586
10,Rest,537.7555555555591,0.0,4.0586
10,Rest,537.8555555555649,0.0,4.0586
10,Rest,537.9555555555562,0.0,4.0586
10,Rest,538.055555555562,0.0,4.0586
10,Rest,538.1555555555533,0.0,4.0586
10,Rest,538.2555555555591,0.0,4.0586
10,Rest,538.3555555555649,0.0,4.0586
10,Rest,538.4555555555562,0.0,4.0586
10,Rest,538.555555555562,0.0,4.0586
10,Rest,538.6555555555533,0.0,4.0586
10,Rest,538.7555555555591,0.0,4.0587
10,Rest,538.8555555555649,0.0,4.0586
10,Rest,538.9555555555562,0.0,4.0586
10,Rest,539.055555555562,0.0,4.0586
10,Rest,539.1555555555533,0.0,4.0586
10,Rest,539.2555555555591,0.0,4.0586
10,Rest,539.3555555555649,0.0,4.0586
10,Rest,539.4555555555562,0.0,4.0586
10,Rest,539.555555555562,0.0,4.0587
10,Rest,539.6555555555533,0.0,4.0587
10,Rest,539.7555555555591,0.0,4.0587
10,Rest,539.8555555555649,0.0,4.0587
10,Rest,539.9555555555562,0.0,4.0587
10,Rest,540.055555555562,0.0,4.0587
10,Rest,540.1555555555533,0.0,4.0587
10,Rest,540.2555555555591,0.0,4.0587
10,Rest,540.3555555555649,0.0,4.0587
10,Rest,540.4555555555562,0.0,4.0587
10,Rest,540.555555555562,0.0,4.0587
10,Rest,540.6555555555533,0.0,4.0587
10,Rest,540.7555555555591,0.0,4.0587
10,Rest,540.8555555555649,0.0,4.0587
10,Rest,540.9555555555562,0.0,4.0587
10,Rest,541.055555555562,0.0,4.0587
10,Rest,541.1555555555533,0.0,4.0587
10,Rest,541.2555555555591,0.0,4.0587
10,Rest,541.3555555555649,0.0,4.0587
10,Rest,541.4555555555562,0.0,4.0587
10,Rest,541.555555555562,0.0,4.0587
10,Rest,541.6555555555533,0.0,4.0587
10,Rest,541.7555555555591,0.0,4.0587
10,Rest,541.8555555555649,0.0,4.0587
10,Rest,541.9555555555562,0.0,4.0587
10,Rest,542.055555555562,0.0,4.0587
10,Rest,542.1555555555533,0.0,4.0588
10,Rest,542.2555555555591,0.0,4.0587
10,Rest,542.3555555555649,0.0,4.0588
10,Rest,542.4555555555562,0.0,4.0588
10,Rest,542.555555555562,0.0,4.0588
10,Rest,542.6555555555533,0.0,4.0588
10,Rest,542.7555555555591,0.0,4.0587
10,Rest,542.8555555555649,0.0,4.0588
10,Rest,542.9555555555562,0.0,4.0588
10,Rest,543.055555555562,0.0,4.0588
10,Rest,543.1555555555533,0.0,4.0588
10,Rest,543.2555555555591,0.0,4.0588
10,Rest,543.3555555555649,0.0,4.0588
10,Rest,543.4555555555562,0.0,4.0588
10,Rest,543.555555555562,0.0,4.0588
10,Rest,543.6555555555533,0.0,4.0588
10,Rest,543.7555555555591,0.0,4.0588
10,Rest,543.8555555555649,0.0,4.0588
10,Rest,543.9555555555562,0.0,4.0588
10,Rest,544.055555555562,0.0,4.0588
10,Rest,544.1555555555533,0.0,4.0588
10,Rest,544.2555555555591,0.0,4.0588
10,Rest,544.3555555555649,0.0,4.0588
10,Rest,544.4555555555562,0.0,4.0588
10,Rest,544.555555555562,0.0,4.0588
10,Rest,544.6555555555533,0.0,4.0588
10,Rest,544.7555555555591,0.0,4.0588
10,Rest,544.8555555555649,0.0,4.0588
10,Rest,544.9555555555562,0.0,4.0588
10,Rest,545.055555555562,0.0,4.0588
10,Rest,545.1555555555533,0.0,4.0588
10,Rest,545.2555555555591,0.0,4.0588
10,Rest,545.3555555555649,0.0,4.0588
10,Rest,545.4555555555562,0.0,4.0588
10,Rest,545.555555555562,0.0,4.0588
10,Rest,545.6555555555533,0.0,4.0588
10,Rest,545.7555555555591,0.0,4.0588
10,Rest,545.8555555555649,0.0,4.0588
10,Rest,545.9555555555562,0.0,4.0588
10,Rest,546.055555555562,0.0,4.0588
10,Rest,546.1555555555533,0.0,4.0588
10,Rest,546.2555555555591,0.0,4.0588
10,Rest,546.3555555555649,0.0,4.0588
10,Rest,546.4555555555562,0.0,4.0588
10,Rest,546.555555555562,0.0,4.0588
10,Rest,546.6555555555533,0.0,4.0589
10,Rest,546.7555555555591,0.0,4.0588
10,Rest,546.8555555555649,0.0,4.0588
10,Rest,546.9555555555562,0.0,4.0588
10,Rest,547.055555555562,0.0,4.0588
10,Rest,547.1555555555533,0.0,4.0588
10,Rest,547.2555555555591,0.0,4.0588
10,Rest,547.3555555555649,0.0,4.0588
10,Rest,547.4555555555562,0.0,4.0588
10,Rest,547.555555555562,0.0,4.0588
10,Rest,547.6555555555533,0.0,4.0589
10,Rest,547.7555555555591,0.0,4.0589
10,Rest,547.8555555555649,0.0,4.0588
10,Rest,547.9555555555562,0.0,4.0589
10,Rest,548.055555555562,0.0,4.0589
10,Rest,548.1555555555533,0.0,4.0589
10,Rest,548.2555555555591,0.0,4.0588
10,Rest,548.3555555555649,0.0,4.0588
10,Rest,548.4555555555562,0.0,4.0589
10,Rest,548.555555555562,0.0,4.0589
10,Rest,548.6555555555533,0.0,4.0589
10,Rest,548.7555555555591,0.0,4.0589
10,Rest,548.8555555555649,0.0,4.0589
10,Rest,548.9555555555562,0.0,4.0589
10,Rest,549.055555555562,0.0,4.0589
10,Rest,549.1555555555533,0.0,4.0589
10,Rest,549.2555555555591,0.0,4.0589
10,Rest,549.3555555555649,0.0,4.0589
10,Rest,549.4555555555562,0.0,4.0589
10,Rest,549.555555555562,0.0,4.0589
10,Rest,549.6555555555533,0.0,4.0589
10,Rest,549.7555555555591,0.0,4.0589
10,Rest,549.8555555555649,0.0,4.0589
10,Rest,549.9555555555562,0.0,4.0589
10,Rest,550.055555555562,0.0,4.0589
10,Rest,550.1555555555533,0.0,4.0589
10,Rest,550.2555555555591,0.0,4.059
10,Rest,550.3555555555649,0.0,4.059
10,Rest,550.4555555555562,0.0,4.0589
10,Rest,550.555555555562,0.0,4.0589
10,Rest,550.6555555555533,0.0,4.059
10,Rest,550.7555555555591,0.0,4.059
10,Rest,550.8555555555649,0.0,4.059
10,Rest,550.9555555555562,0.0,4.059
10,Rest,551.055555555562,0.0,4.059
10,Rest,551.1555555555533,0.0,4.059
10,Rest,551.2555555555591,0.0,4.059
10,Rest,551.3555555555649,0.0,4.059
10,Rest,551.4555555555562,0.0,4.059
10,Rest,551.555555555562,0.0,4.059
10,Rest,551.6555555555533,0.0,4.059
10,Rest,551.7555555555591,0.0,4.059
10,Rest,551.8555555555649,0.0,4.059
10,Rest,551.9555555555562,0.0,4.059
10,Rest,552.055555555562,0.0,4.059
10,Rest,552.1555555555533,0.0,4.059
10,Rest,552.2555555555591,0.0,4.059
10,Rest,552.3555555555649,0.0,4.059
10,Rest,552.4555555555562,0.0,4.059
10,Rest,552.555555555562,0.0,4.059
10,Rest,552.6555555555533,0.0,4.0591
10,Rest,552.7555555555591,0.0,4.0591
10,Rest,552.8555555555649,0.0,4.059
10,Rest,552.9555555555562,0.0,4.059
10,Rest,553.055555555562,0.0,4.059
10,Rest,553.1555555555533,0.0,4.059
10,Rest,553.2555555555591,0.0,4.0591
10,Rest,553.3555555555649,0.0,4.0591
10,Rest,553.4555555555562,0.0,4.0591
10,Rest,553.555555555562,0.0,4.0591
10,Rest,553.6555555555533,0.0,4.0591
10,Rest,553.7555555555591,0.0,4.0591
10,Rest,553.8555555555649,0.0,4.0591
10,Rest,553.9555555555562,0.0,4.0591
10,Rest,554.055555555562,0.0,4.0591
10,Rest,554.1555555555533,0.0,4.0591
10,Rest,554.2555555555591,0.0,4.0591
10,Rest,554.3555555555649,0.0,4.0591
10,Rest,554.4555555555562,0.0,4.0591
10,Rest,554.555555555562,0.0,4.0591
10,Rest,554.6555555555533,0.0,4.0591
10,Rest,554.7555555555591,0.0,4.0591
10,Rest,554.8555555555649,0.0,4.0591
10,Rest,554.9555555555562,0.0,4.0591
10,Rest,555.055555555562,0.0,4.0591
10,Rest,555.1555555555533,0.0,4.0591
10,Rest,555.2555555555591,0.0,4.0591
10,Rest,555.3555555555649,0.0,4.0591
10,Rest,555.4555555555562,0.0,4.0591
10,Rest,555.555555555562,0.0,4.0591
10,Rest,555.6555555555533,0.0,4.0591
10,Rest,555.7555555555591,0.0,4.0591
10,Rest,555.8555555555649,0.0,4.0591
10,Rest,555.9555555555562,0.0,4.0592
10,Rest,556.055555555562,0.0,4.0592
10,Rest,556.1555555555533,0.0,4.0592
10,Rest,556.2555555555591,0.0,4.0592
10,Rest,556.3555555555649,0.0,4.0591
10,Rest,556.4555555555562,0.0,4.0592
10,Rest,556.555555555562,0.0,4.0591
10,Rest,556.6555555555533,0.0,4.0591
10,Rest,556.7555555555591,0.0,4.0592
10,Rest,556.8555555555649,0.0,4.0592
10,Rest,556.9555555555562,0.0,4.0592
10,Rest,557.055555555562,0.0,4.0592
10,Rest,557.1555555555533,0.0,4.0592
10,Rest,557.2555555555591,0.0,4.0592
10,Rest,557.3555555555649,0.0,4.0592
10,Rest,557.4555555555562,0.0,4.0592
10,Rest,557.555555555562,0.0,4.0592
10,Rest,557.6555555555533,0.0,4.0592
10,Rest,557.7555555555591,0.0,4.0592
10,Rest,557.8555555555649,0.0,4.0592
10,Rest,557.9555555555562,0.0,4.0592
10,Rest,558.055555555562,0.0,4.0592
10,Rest,558.1555555555533,0.0,4.0592
10,Rest,558.2555555555591,0.0,4.0592
10,Rest,558.3555555555649,0.0,4.0592
10,Rest,558.4555555555562,0.0,4.0592
10,Rest,558.555555555562,0.0,4.0592
10,Rest,558.6555555555533,0.0,4.0592
10,Rest,558.7555555555591,0.0,4.0593
10,Rest,558.8555555555649,0.0,4.0592
10,Rest,558.9555555555562,0.0,4.0592
10,Rest,559.055555555562,0.0,4.0593
10,Rest,559.1555555555533,0.0,4.0593
10,Rest,559.2555555555591,0.0,4.0593
10,Rest,559.3555555555649,0.0,4.0592
10,Rest,559.4555555555562,0.0,4.0593
10,Rest,559.555555555562,0.0,4.0593
10,Rest,559.6555555555533,0.0,4.0592
10,Rest,559.7555555555591,0.0,4.0592
10,Rest,559.8555555555649,0.0,4.0592
10,Rest,559.9555555555562,0.0,4.0592
10,Rest,560.055555555562,0.0,4.0592
10,Rest,560.1555555555533,0.0,4.0593
10,Rest,560.2555555555591,0.0,4.0593
10,Rest,560.3555555555649,0.0,4.0593
10,Rest,560.4555555555562,0.0,4.0593
10,Rest,560.555555555562,0.0,4.0593
10,Rest,560.6555555555533,0.0,4.0592
10,Rest,560.7555555555591,0.0,4.0592
10,Rest,560.8555555555649,0.0,4.0593
10,Rest,560.9555555555562,0.0,4.0593
10,Rest,561.055555555562,0.0,4.0593
10,Rest,561.1555555555533,0.0,4.0593
10,Rest,561.2555555555591,0.0,4.0593
10,Rest,561.3555555555649,0.0,4.0593
10,Rest,561.4555555555562,0.0,4.0593
10,Rest,561.555555555562,0.0,4.0593
10,Rest,561.6555555555533,0.0,4.0593
10,Rest,561.7555555555591,0.0,4.0592
10,Rest,561.8555555555649,0.0,4.0593
10,Rest,561.9555555555562,0.0,4.0593
10,Rest,562.055555555562,0.0,4.0593
10,Rest,562.1555555555533,0.0,4.0593
10,Rest,562.2555555555591,0.0,4.0593
10,Rest,562.3555555555649,0.0,4.0593
10,Rest,562.4555555555562,0.0,4.0593
10,Rest,562.555555555562,0.0,4.0593
10,Rest,562.6555555555533,0.0,4.0593
10,Rest,562.7555555555591,0.0,4.0594
10,Rest,562.8555555555649,0.0,4.0594
10,Rest,562.9555555555562,0.0,4.0594
10,Rest,563.055555555562,0.0,4.0594
10,Rest,563.1555555555533,0.0,4.0593
10,Rest,563.2555555555591,0.0,4.0594
10,Rest,563.3555555555649,0.0,4.0594
10,Rest,563.4555555555562,0.0,4.0594
10,Rest,563.555555555562,0.0,4.0594
10,Rest,563.6555555555533,0.0,4.0594
10,Rest,563.7555555555591,0.0,4.0594
10,Rest,563.8555555555649,0.0,4.0594
10,Rest,563.9555555555562,0.0,4.0594
10,Rest,564.055555555562,0.0,4.0594
10,Rest,564.1555555555533,0.0,4.0594
10,Rest,564.2555555555591,0.0,4.0594
10,Rest,564.3555555555649,0.0,4.0594
10,Rest,564.4555555555562,0.0,4.0594
10,Rest,564.555555555562,0.0,4.0594
10,Rest,564.6555555555533,0.0,4.0594
10,Rest,564.7555555555591,0.0,4.0594
10,Rest,564.8555555555649,0.0,4.0594
10,Rest,564.9555555555562,0.0,4.0594
10,Rest,565.055555555562,0.0,4.0594
10,Rest,565.1555555555533,0.0,4.0594
10,Rest,565.2555555555591,0.0,4.0594
10,Rest,565.3555555555649,0.0,4.0594
10,Rest,565.4555555555562,0.0,4.0594
10,Rest,565.555555555562,0.0,4.0594
10,Rest,565.6555555555533,0.0,4.0594
10,Rest,565.7555555555591,0.0,4.0594
10,Rest,565.8555555555649,0.0,4.0594
10,Rest,565.9555555555562,0.0,4.0594
10,Rest,566.055555555562,0.0,4.0594
10,Rest,566.1555555555533,0.0,4.0594
10,Rest,566.2555555555591,0.0,4.0594
10,Rest,566.3555555555649,0.0,4.0595
10,Rest,566.4555555555562,0.0,4.0594
10,Rest,566.555555555562,0.0,4.0594
10,Rest,566.6555555555533,0.0,4.0594
10,Rest,566.7555555555591,0.0,4.0594
10,Rest,566.8555555555649,0.0,4.0594
10,Rest,566.9555555555562,0.0,4.0594
10,Rest,567.055555555562,0.0,4.0594
10,Rest,567.1555555555533,0.0,4.0595
10,Rest,567.2555555555591,0.0,4.0595
10,Rest,567.3555555555649,0.0,4.0595
10,Rest,567.4555555555562,0.0,4.0595
10,Rest,567.555555555562,0.0,4.0595
10,Rest,567.6555555555533,0.0,4.0595
10,Rest,567.7555555555591,0.0,4.0595
10,Rest,567.8555555555649,0.0,4.0595
10,Rest,567.9555555555562,0.0,4.0595
10,Rest,568.055555555562,0.0,4.0595
10,Rest,568.1555555555533,0.0,4.0595
10,Rest,568.2555555555591,0.0,4.0595
10,Rest,568.3555555555649,0.0,4.0595
10,Rest,568.4555555555562,0.0,4.0595
10,Rest,568.555555555562,0.0,4.0595
10,Rest,568.6555555555533,0.0,4.0595
10,Rest,568.7555555555591,0.0,4.0595
10,Rest,568.8555555555649,0.0,4.0595
10,Rest,568.9555555555562,0.0,4.0595
10,Rest,569.055555555562,0.0,4.0595
10,Rest,569.1555555555533,0.0,4.0595
10,Rest,569.2555555555591,0.0,4.0595
10,Rest,569.3555555555649,0.0,4.0596
10,Rest,569.4555555555562,0.0,4.0595
10,Rest,569.555555555562,0.0,4.0596
10,Rest,569.6555555555533,0.0,4.0596
10,Rest,569.7555555555591,0.0,4.0596
10,Rest,569.8555555555649,0.0,4.0596
10,Rest,569.9555555555562,0.0,4.0596
10,Rest,570.055555555562,0.0,4.0596
10,Rest,570.1555555555533,0.0,4.0596
10,Rest,570.2555555555591,0.0,4.0596
10,Rest,570.3555555555649,0.0,4.0596
10,Rest,570.4555555555562,0.0,4.0596
10,Rest,570.555555555562,0.0,4.0596
10,Rest,570.6555555555533,0.0,4.0596
10,Rest,570.7555555555591,0.0,4.0596
10,Rest,570.8555555555649,0.0,4.0596
10,Rest,570.9555555555562,0.0,4.0596
10,Rest,571.055555555562,0.0,4.0596
10,Rest,571.1555555555533,0.0,4.0596
10,Rest,571.2555555555591,0.0,4.0596
10,Rest,571.3555555555649,0.0,4.0596
10,Rest,571.4555555555562,0.0,4.0597
10,Rest,571.555555555562,0.0,4.0597
10,Rest,571.6555555555533,0.0,4.0596
10,Rest,571.7555555555591,0.0,4.0597
10,Rest,571.8555555555649,0.0,4.0597
10,Rest,571.9555555555562,0.0,4.0597
10,Rest,572.055555555562,0.0,4.0597
10,Rest,572.1555555555533,0.0,4.0597
10,Rest,572.2555555555591,0.0,4.0597
10,Rest,572.3555555555649,0.0,4.0597
10,Rest,572.4555555555562,0.0,4.0597
10,Rest,572.555555555562,0.0,4.0597
10,Rest,572.6555555555533,0.0,4.0597
10,Rest,572.7555555555591,0.0,4.0597
10,Rest,572.8555555555649,0.0,4.0597
10,Rest,572.9555555555562,0.0,4.0597
10,Rest,573.055555555562,0.0,4.0597
10,Rest,573.1555555555533,0.0,4.0597
10,Rest,573.2555555555591,0.0,4.0597
10,Rest,573.3555555555649,0.0,4.0597
10,Rest,573.4555555555562,0.0,4.0597
10,Rest,573.555555555562,0.0,4.0597
10,Rest,573.6555555555533,0.0,4.0597
10,Rest,573.7555555555591,0.0,4.0597
10,Rest,573.8555555555649,0.0,4.0597
10,Rest,573.9555555555562,0.0,4.0597
10,Rest,574.055555555562,0.0,4.0597
10,Rest,574.1555555555533,0.0,4.0598
10,Rest,574.2555555555591,0.0,4.0598
10,Rest,574.3555555555649,0.0,4.0598
10,Rest,574.4555555555562,0.0,4.0598
10,Rest,574.555555555562,0.0,4.0598
10,Rest,574.6555555555533,0.0,4.0598
10,Rest,574.7555555555591,0.0,4.0598
10,Rest,574.8555555555649,0.0,4.0598
10,Rest,574.9555555555562,0.0,4.0598
10,Rest,575.055555555562,0.0,4.0598
10,Rest,575.1555555555533,0.0,4.0598
10,Rest,575.2555555555591,0.0,4.0598
10,Rest,575.3555555555649,0.0,4.0598
10,Rest,575.4555555555562,0.0,4.0598
10,Rest,575.555555555562,0.0,4.0598
10,Rest,575.6555555555533,0.0,4.0598
10,Rest,575.7555555555591,0.0,4.0598
10,Rest,575.8555555555649,0.0,4.0598
10,Rest,575.9555555555562,0.0,4.0598
10,Rest,576.055555555562,0.0,4.0598
10,Rest,576.1555555555533,0.0,4.0598
10,Rest,576.2555555555591,0.0,4.0598
10,Rest,576.3555555555649,0.0,4.0598
10,Rest,576.4555555555562,0.0,4.0598
10,Rest,576.555555555562,0.0,4.0598
10,Rest,576.6555555555533,0.0,4.0598
10,Rest,576.7555555555591,0.0,4.0598
10,Rest,576.8555555555649,0.0,4.0598
10,Rest,576.9555555555562,0.0,4.0598
10,Rest,577.055555555562,0.0,4.0598
10,Rest,577.1555555555533,0.0,4.0598
10,Rest,577.2555555555591,0.0,4.0598
10,Rest,577.3555555555649,0.0,4.0599
10,Rest,577.4555555555562,0.0,4.0599
10,Rest,577.555555555562,0.0,4.0599
10,Rest,577.6555555555533,0.0,4.0598
10,Rest,577.7555555555591,0.0,4.0598
10,Rest,577.8555555555649,0.0,4.0599
10,Rest,577.9555555555562,0.0,4.0598
10,Rest,578.055555555562,0.0,4.0598
10,Rest,578.1555555555533,0.0,4.0599
10,Rest,578.2555555555591,0.0,4.0599
10,Rest,578.3555555555649,0.0,4.0598
10,Rest,578.4555555555562,0.0,4.0598
10,Rest,578.555555555562,0.0,4.0598
10,Rest,578.6555555555533,0.0,4.0599
10,Rest,578.7555555555591,0.0,4.0598
10,Rest,578.8555555555649,0.0,4.0598
10,Rest,578.9555555555562,0.0,4.0598
10,Rest,579.055555555562,0.0,4.0599
10,Rest,579.1555555555533,0.0,4.0599
10,Rest,579.2555555555591,0.0,4.0599
10,Rest,579.3555555555649,0.0,4.0599
10,Rest,579.4555555555562,0.0,4.0598
10,Rest,579.555555555562,0.0,4.0599
10,Rest,579.6555555555533,0.0,4.0599
10,Rest,579.7555555555591,0.0,4.0598
10,Rest,579.8555555555649,0.0,4.0599
10,Rest,579.9555555555562,0.0,4.0599
10,Rest,580.055555555562,0.0,4.0599
10,Rest,580.1555555555533,0.0,4.0599
10,Rest,580.2555555555591,0.0,4.0599
10,Rest,580.3555555555649,0.0,4.0599
10,Rest,580.4555555555562,0.0,4.0598
10,Rest,580.555555555562,0.0,4.0598
10,Rest,580.6555555555533,0.0,4.0599
10,Rest,580.7555555555591,0.0,4.0599
10,Rest,580.8555555555649,0.0,4.0599
10,Rest,580.9555555555562,0.0,4.0599
10,Rest,581.055555555562,0.0,4.0599
10,Rest,581.1555555555533,0.0,4.0599
10,Rest,581.2555555555591,0.0,4.0599
10,Rest,581.3555555555649,0.0,4.0599
10,Rest,581.4555555555562,0.0,4.0599
10,Rest,581.555555555562,0.0,4.0599
10,Rest,581.6555555555533,0.0,4.0599
10,Rest,581.7555555555591,0.0,4.0599
10,Rest,581.8555555555649,0.0,4.0599
10,Rest,581.9555555555562,0.0,4.0599
10,Rest,582.055555555562,0.0,4.0599
10,Rest,582.1555555555533,0.0,4.0599
10,Rest,582.2555555555591,0.0,4.0599
10,Rest,582.3555555555649,0.0,4.0599
10,Rest,582.4555555555562,0.0,4.0599
10,Rest,582.555555555562,0.0,4.06
10,Rest,582.6555555555533,0.0,4.06
10,Rest,582.7555555555591,0.0,4.06
10,Rest,582.8555555555649,0.0,4.06
10,Rest,582.9555555555562,0.0,4.06
10,Rest,583.055555555562,0.0,4.06
10,Rest,583.1555555555533,0.0,4.06
10,Rest,583.2555555555591,0.0,4.06
10,Rest,583.3555555555649,0.0,4.06
10,Rest,583.4555555555562,0.0,4.06
10,Rest,583.555555555562,0.0,4.06
10,Rest,583.6555555555533,0.0,4.06
10,Rest,583.7555555555591,0.0,4.06
10,Rest,583.8555555555649,0.0,4.06
