Step,Step Type,"t,s","I,A","U,V"
31,CC DChg,0.0,-1.6984,3.7784
31,CC DChg,1.2222222221898846,-1.6984,3.7784
31,CC DChg,2.444444444437977,-1.6987,3.7772
31,CC DChg,3.666666666686069,-1.699,3.7766
31,CC DChg,4.888888888875954,-1.6992,3.7754
31,CC DChg,6.11111111115315,-1.6993,3.7746
31,CC DChg,7.333333333313931,-1.6994,3.7739
31,CC DChg,7.535353535349714,-1.6995,3.7733
31,CC DChg,7.7373737374146,-1.6995,3.7728
31,CC DChg,7.9393939393921755,-1.6996,3.7723
31,CC DChg,8.141414141427958,-1.6996,3.7718
31,CC DChg,8.343434343434637,-1.6996,3.7714
31,CC DChg,8.54545454547042,-1.6997,3.771
31,CC DChg,8.7474747474771,-1.6997,3.7706
31,CC DChg,8.949494949512882,-1.6997,3.7703
31,CC DChg,9.151515151548665,-1.6997,3.77
31,CC DChg,9.353535353555344,-1.6997,3.7696
31,CC DChg,9.462809917371487,-1.6997,3.7693
31,CC DChg,9.57208448118763,-1.6997,3.769
31,CC DChg,9.681359045003774,-1.6997,3.7687
31,CC DChg,9.79063360884902,-1.6998,3.7684
31,CC DChg,9.89990817263606,-1.6998,3.7681
31,CC DChg,10.009182736452203,-1.6998,3.7679
31,CC DChg,10.118457300326554,-1.6998,3.7676
31,CC DChg,10.22773186408449,-1.6998,3.7673
31,CC DChg,10.33700642795884,-1.6998,3.7671
31,CC DChg,10.446280991716776,-1.6998,3.7668
31,CC DChg,10.547124133910984,-1.6998,3.7666
31,CC DChg,10.647967276076088,-1.6998,3.7663
31,CC DChg,10.748810418241192,-1.6998,3.7661
31,CC DChg,10.849653560406296,-1.6998,3.7659
31,CC DChg,10.9504967025714,-1.6998,3.7656
31,CC DChg,11.051339844765607,-1.6998,3.7654
31,CC DChg,11.152182986872504,-1.6998,3.7652
31,CC DChg,11.253026129066711,-1.6998,3.765
31,CC DChg,11.353869271231815,-1.6998,3.7648
31,CC DChg,11.45471241339692,-1.6998,3.7645
31,CC DChg,11.554789062676718,-1.6998,3.7643
31,CC DChg,11.654865711956518,-1.6998,3.7641
31,CC DChg,11.754942361265421,-1.6998,3.7639
31,CC DChg,11.855019010516116,-1.6998,3.7637
31,CC DChg,11.955095659795916,-1.6998,3.7635
31,CC DChg,12.055172309163027,-1.6998,3.7633
31,CC DChg,12.155248958413722,-1.6998,3.7631
31,CC DChg,12.255325607693521,-1.6998,3.7629
31,CC DChg,12.35540225697332,-1.6998,3.7627
31,CC DChg,12.455478906282224,-1.6998,3.7625
31,CC DChg,12.555485874356236,-1.6998,3.7624
31,CC DChg,12.65549284251756,-1.6998,3.7621
31,CC DChg,12.755499810591573,-1.6999,3.762
31,CC DChg,12.855506778752897,-1.6999,3.7618
31,CC DChg,12.955513746856013,-1.6999,3.7616
31,CC DChg,13.055520714988234,-1.6999,3.7614
31,CC DChg,13.155527683120454,-1.6999,3.7613
31,CC DChg,13.255534651252674,-1.6999,3.7611
31,CC DChg,13.355541619326686,-1.6999,3.7609
31,CC DChg,13.455548587458907,-1.6999,3.7607
31,CC DChg,13.555549220880494,-1.6999,3.7605
31,CC DChg,13.655549854389392,-1.6999,3.7604
31,CC DChg,13.755550487840082,-1.6999,3.7602
31,CC DChg,13.855551121319877,-1.6999,3.7601
31,CC DChg,13.955551754770568,-1.6999,3.7599
31,CC DChg,14.055552388250362,-1.6999,3.7597
31,CC DChg,14.155553021671949,-1.6999,3.7596
31,CC DChg,14.255553655151743,-1.6999,3.7594
31,CC DChg,14.355554288631538,-1.6999,3.7592
31,CC DChg,14.455554922082229,-1.6999,3.7591
31,CC DChg,14.555554979655426,-1.6999,3.7588
31,CC DChg,14.655555037228623,-1.6999,3.7587
31,CC DChg,14.755555094860028,-1.6999,3.7586
31,CC DChg,14.85555515246233,-1.6999,3.7584
31,CC DChg,14.955555210035527,-1.6999,3.7582
31,CC DChg,15.055555267637828,-1.6999,3.7581
31,CC DChg,15.155555325211026,-1.6999,3.758
31,CC DChg,15.255555382813327,-1.6999,3.7578
31,CC DChg,15.35555544035742,-1.6999,3.7577
31,CC DChg,15.455555497988826,-1.6999,3.7575
31,CC DChg,15.555555503233336,-1.6999,3.7573
31,CC DChg,15.655555508448742,-1.6999,3.7572
31,CC DChg,15.755555513693253,-1.6999,3.757
31,CC DChg,15.855555518908659,-1.6999,3.7569
31,CC DChg,15.95555552415317,-1.6999,3.7567
31,CC DChg,16.05555552939768,-1.6999,3.7566
31,CC DChg,16.155555534613086,-1.6999,3.7564
31,CC DChg,16.255555539857596,-1.6999,3.7563
31,CC DChg,16.35555554513121,-1.6999,3.7561
31,CC DChg,16.45555555037572,-1.6999,3.756
31,CC DChg,16.555555550788995,-1.6999,3.7558
31,CC DChg,16.655555551260477,-1.6999,3.7557
31,CC DChg,16.755555551761063,-1.6999,3.7555
31,CC DChg,16.855555552232545,-1.6999,3.7554
31,CC DChg,16.95555555273313,-1.6999,3.7553
31,CC DChg,17.05555555317551,-1.6999,3.7551
31,CC DChg,17.15555555364699,-1.6999,3.755
31,CC DChg,17.255555554118473,-1.6999,3.7549
31,CC DChg,17.355555554589955,-1.6999,3.7547
31,CC DChg,17.455555555119645,-1.6999,3.7546
31,CC DChg,17.55555555515457,-1.6999,3.7544
31,CC DChg,17.655555555189494,-1.6999,3.7543
31,CC DChg,17.755555555253522,-1.6999,3.7542
31,CC DChg,17.855555555259343,-1.6999,3.7541
31,CC DChg,17.955555555294268,-1.6999,3.7539
31,CC DChg,18.055555555358296,-1.6999,3.7538
31,CC DChg,18.15555555539322,-1.6999,3.7536
31,CC DChg,18.255555555428145,-1.6999,3.7535
31,CC DChg,18.35555555546307,-1.6999,3.7534
31,CC DChg,18.455555555556202,-1.6999,3.7533
31,CC DChg,18.555555555562023,-1.6999,3.7531
31,CC DChg,18.655555555567844,-1.6999,3.753
31,CC DChg,18.755555555573665,-1.6999,3.7528
31,CC DChg,18.85555555555038,-1.6999,3.7527
31,CC DChg,18.955555555556202,-1.6999,3.7526
31,CC DChg,19.055555555562023,-1.6999,3.7524
31,CC DChg,19.155555555567844,-1.6999,3.7523
31,CC DChg,19.255555555573665,-1.6999,3.7522
31,CC DChg,19.35555555555038,-1.6999,3.752
31,CC DChg,19.455555555556202,-1.6999,3.752
31,CC DChg,19.555555555562023,-1.6999,3.7518
31,CC DChg,19.655555555567844,-1.6999,3.7517
31,CC DChg,19.755555555573665,-1.6999,3.7516
31,CC DChg,19.85555555555038,-1.6999,3.7514
31,CC DChg,19.955555555556202,-1.6999,3.7513
31,CC DChg,20.055555555562023,-1.6999,3.7512
31,CC DChg,20.155555555567844,-1.6999,3.7511
31,CC DChg,20.255555555573665,-1.6999,3.7509
31,CC DChg,20.35555555555038,-1.6999,3.7508
31,CC DChg,20.455555555556202,-1.6999,3.7507
31,CC DChg,20.555555555562023,-1.6999,3.7506
31,CC DChg,20.655555555567844,-1.6999,3.7505
31,CC DChg,20.755555555573665,-1.6999,3.7503
31,CC DChg,20.85555555555038,-1.6999,3.7502
31,CC DChg,20.955555555556202,-1.6999,3.7501
31,CC DChg,21.055555555562023,-1.6999,3.75
31,CC DChg,21.155555555567844,-1.6999,3.7498
31,CC DChg,21.255555555573665,-1.6999,3.7497
31,CC DChg,21.35555555555038,-1.6999,3.7496
31,CC DChg,21.455555555556202,-1.6999,3.7495
31,CC DChg,21.555555555562023,-1.6999,3.7494
31,CC DChg,21.655555555567844,-1.6999,3.7493
31,CC DChg,21.755555555573665,-1.6999,3.7491
31,CC DChg,21.85555555555038,-1.6999,3.749
31,CC DChg,21.955555555556202,-1.6999,3.7489
31,CC DChg,22.055555555562023,-1.6999,3.7488
31,CC DChg,22.155555555567844,-1.6999,3.7487
31,CC DChg,22.255555555573665,-1.6999,3.7486
31,CC DChg,22.35555555555038,-1.6999,3.7484
31,CC DChg,22.455555555556202,-1.6999,3.7483
31,CC DChg,22.555555555562023,-1.6999,3.7482
31,CC DChg,22.655555555567844,-1.6999,3.7481
31,CC DChg,22.755555555573665,-1.6999,3.748
31,CC DChg,22.85555555555038,-1.6999,3.7478
31,CC DChg,22.955555555556202,-1.6999,3.7477
31,CC DChg,23.055555555562023,-1.6999,3.7476
31,CC DChg,23.155555555567844,-1.6999,3.7475
31,CC DChg,23.255555555573665,-1.6999,3.7474
31,CC DChg,23.35555555555038,-1.6999,3.7473
31,CC DChg,23.455555555556202,-1.6999,3.7472
31,CC DChg,23.555555555562023,-1.6999,3.7471
31,CC DChg,23.655555555567844,-1.6999,3.747
31,CC DChg,23.755555555573665,-1.6999,3.7469
31,CC DChg,23.85555555555038,-1.6999,3.7467
31,CC DChg,23.955555555556202,-1.6999,3.7467
31,CC DChg,24.055555555562023,-1.6999,3.7465
31,CC DChg,24.155555555567844,-1.6999,3.7464
31,CC DChg,24.255555555573665,-1.6999,3.7463
31,CC DChg,24.35555555555038,-1.6999,3.7462
31,CC DChg,24.455555555556202,-1.6999,3.7461
31,CC DChg,24.555555555562023,-1.6999,3.746
31,CC DChg,24.655555555567844,-1.6999,3.7459
31,CC DChg,24.755555555573665,-1.6999,3.7458
31,CC DChg,24.85555555555038,-1.6999,3.7456
31,CC DChg,24.955555555556202,-1.6999,3.7456
31,CC DChg,25.055555555562023,-1.6999,3.7455
31,CC DChg,25.155555555567844,-1.6999,3.7453
31,CC DChg,25.255555555573665,-1.6999,3.7453
31,CC DChg,25.35555555555038,-1.6999,3.7452
31,CC DChg,25.455555555556202,-1.6999,3.7451
31,CC DChg,25.555555555562023,-1.6999,3.7449
31,CC DChg,25.655555555567844,-1.6999,3.7448
31,CC DChg,25.755555555573665,-1.6999,3.7447
31,CC DChg,25.85555555555038,-1.6999,3.7447
31,CC DChg,25.955555555556202,-1.6999,3.7446
31,CC DChg,26.055555555562023,-1.6999,3.7445
31,CC DChg,26.155555555567844,-1.6999,3.7444
31,CC DChg,26.255555555573665,-1.6999,3.7442
31,CC DChg,26.35555555555038,-1.6999,3.7441
31,CC DChg,26.455555555556202,-1.6999,3.744
31,CC DChg,26.555555555562023,-1.6999,3.7439
31,CC DChg,26.655555555567844,-1.6999,3.7439
31,CC DChg,26.755555555573665,-1.6999,3.7437
31,CC DChg,26.85555555555038,-1.6999,3.7437
31,CC DChg,26.955555555556202,-1.6999,3.7435
31,CC DChg,27.055555555562023,-1.6999,3.7435
31,CC DChg,27.155555555567844,-1.6999,3.7434
31,CC DChg,27.255555555573665,-1.6999,3.7433
31,CC DChg,27.35555555555038,-1.6999,3.7432
31,CC DChg,27.455555555556202,-1.6999,3.7431
31,CC DChg,27.555555555562023,-1.6999,3.7429
31,CC DChg,27.655555555567844,-1.6999,3.7428
31,CC DChg,27.755555555573665,-1.6999,3.7427
31,CC DChg,27.85555555555038,-1.6999,3.7426
31,CC DChg,27.955555555556202,-1.6999,3.7425
31,CC DChg,28.055555555562023,-1.6999,3.7424
31,CC DChg,28.155555555567844,-1.6999,3.7423
31,CC DChg,28.255555555573665,-1.6999,3.7422
31,CC DChg,28.35555555555038,-1.6999,3.7421
31,CC DChg,28.455555555556202,-1.6999,3.742
31,CC DChg,28.555555555562023,-1.6999,3.742
31,CC DChg,28.655555555567844,-1.6999,3.7419
31,CC DChg,28.755555555573665,-1.6999,3.7418
31,CC DChg,28.85555555555038,-1.6999,3.7417
31,CC DChg,28.955555555556202,-1.6999,3.7416
31,CC DChg,29.055555555562023,-1.6999,3.7415
31,CC DChg,29.155555555567844,-1.6999,3.7414
31,CC DChg,29.255555555573665,-1.6999,3.7413
31,CC DChg,29.35555555555038,-1.6999,3.7412
31,CC DChg,29.455555555556202,-1.6999,3.7411
31,CC DChg,29.555555555562023,-1.6999,3.7411
31,CC DChg,29.655555555567844,-1.6999,3.7409
31,CC DChg,29.755555555573665,-1.6999,3.7408
31,CC DChg,29.85555555555038,-1.6999,3.7407
31,CC DChg,29.955555555556202,-1.6999,3.7407
31,CC DChg,30.055555555562023,-1.6999,3.7405
31,CC DChg,30.155555555567844,-1.6999,3.7405
31,CC DChg,30.255555555573665,-1.6999,3.7404
31,CC DChg,30.35555555555038,-1.6999,3.7403
31,CC DChg,30.455555555556202,-1.6999,3.7402
31,CC DChg,30.555555555562023,-1.6999,3.7401
31,CC DChg,30.655555555567844,-1.6999,3.74
31,CC DChg,30.755555555573665,-1.6999,3.7399
31,CC DChg,30.85555555555038,-1.6999,3.7399
31,CC DChg,30.955555555556202,-1.6999,3.7398
31,CC DChg,31.055555555562023,-1.6999,3.7397
31,CC DChg,31.155555555567844,-1.6999,3.7396
31,CC DChg,31.255555555573665,-1.6999,3.7395
31,CC DChg,31.35555555555038,-1.6999,3.7394
31,CC DChg,31.455555555556202,-1.6999,3.7393
31,CC DChg,31.555555555562023,-1.6999,3.7392
31,CC DChg,31.655555555567844,-1.6999,3.7392
31,CC DChg,31.755555555573665,-1.6999,3.739
31,CC DChg,31.85555555555038,-1.6999,3.739
31,CC DChg,31.955555555556202,-1.6998,3.7389
31,CC DChg,32.05555555556202,-1.6998,3.7388
31,CC DChg,32.155555555567844,-1.6998,3.7387
31,CC DChg,32.255555555573665,-1.6998,3.7386
31,CC DChg,32.35555555555038,-1.6998,3.7385
31,CC DChg,32.4555555555562,-1.6998,3.7384
31,CC DChg,32.55555555556202,-1.6998,3.7384
31,CC DChg,32.655555555567844,-1.6998,3.7383
31,CC DChg,32.755555555573665,-1.6998,3.7382
31,CC DChg,32.85555555555038,-1.6998,3.7381
31,CC DChg,32.9555555555562,-1.6998,3.738
31,CC DChg,33.05555555556202,-1.6998,3.738
31,CC DChg,33.155555555567844,-1.6998,3.7379
31,CC DChg,33.255555555573665,-1.6998,3.7378
31,CC DChg,33.35555555555038,-1.6998,3.7377
31,CC DChg,33.4555555555562,-1.6998,3.7376
31,CC DChg,33.55555555556202,-1.6998,3.7375
31,CC DChg,33.655555555567844,-1.6998,3.7374
31,CC DChg,33.755555555573665,-1.6998,3.7373
31,CC DChg,33.85555555555038,-1.6998,3.7373
31,CC DChg,33.9555555555562,-1.6998,3.7372
31,CC DChg,34.05555555556202,-1.6998,3.7371
31,CC DChg,34.155555555567844,-1.6998,3.737
31,CC DChg,34.255555555573665,-1.6998,3.7369
31,CC DChg,34.35555555555038,-1.6998,3.7369
31,CC DChg,34.4555555555562,-1.6998,3.7368
31,CC DChg,34.55555555556202,-1.6998,3.7367
31,CC DChg,34.655555555567844,-1.6998,3.7366
31,CC DChg,34.755555555573665,-1.6998,3.7365
31,CC DChg,34.85555555555038,-1.6998,3.7365
31,CC DChg,34.9555555555562,-1.6998,3.7364
31,CC DChg,35.05555555556202,-1.6998,3.7363
31,CC DChg,35.155555555567844,-1.6998,3.7362
31,CC DChg,35.255555555573665,-1.6998,3.7361
31,CC DChg,35.35555555555038,-1.6998,3.7361
31,CC DChg,35.4555555555562,-1.6998,3.7359
31,CC DChg,35.55555555556202,-1.6998,3.7359
31,CC DChg,35.655555555567844,-1.6998,3.7358
31,CC DChg,35.755555555573665,-1.6998,3.7357
31,CC DChg,35.85555555555038,-1.6998,3.7356
31,CC DChg,35.9555555555562,-1.6998,3.7356
31,CC DChg,36.05555555556202,-1.6998,3.7355
31,CC DChg,36.155555555567844,-1.6998,3.7354
31,CC DChg,36.255555555573665,-1.6998,3.7353
31,CC DChg,36.35555555555038,-1.6998,3.7352
31,CC DChg,36.4555555555562,-1.6998,3.7352
31,CC DChg,36.55555555556202,-1.6998,3.7351
31,CC DChg,36.655555555567844,-1.6998,3.735
31,CC DChg,36.755555555573665,-1.6998,3.7349
31,CC DChg,36.85555555555038,-1.6998,3.7348
31,CC DChg,36.9555555555562,-1.6998,3.7347
31,CC DChg,37.05555555556202,-1.6998,3.7347
31,CC DChg,37.155555555567844,-1.6998,3.7346
31,CC DChg,37.255555555573665,-1.6998,3.7345
31,CC DChg,37.35555555555038,-1.6998,3.7345
31,CC DChg,37.4555555555562,-1.6998,3.7344
31,CC DChg,37.55555555556202,-1.6998,3.7343
31,CC DChg,37.655555555567844,-1.6998,3.7342
31,CC DChg,37.755555555573665,-1.6998,3.7341
31,CC DChg,37.85555555555038,-1.6998,3.7341
31,CC DChg,37.9555555555562,-1.6998,3.734
31,CC DChg,38.05555555556202,-1.6998,3.7339
31,CC DChg,38.155555555567844,-1.6998,3.7338
31,CC DChg,38.255555555573665,-1.6998,3.7338
31,CC DChg,38.35555555555038,-1.6998,3.7337
31,CC DChg,38.4555555555562,-1.6998,3.7336
31,CC DChg,38.55555555556202,-1.6998,3.7335
31,CC DChg,38.655555555567844,-1.6998,3.7335
31,CC DChg,38.755555555573665,-1.6998,3.7334
31,CC DChg,38.85555555555038,-1.6998,3.7333
31,CC DChg,38.9555555555562,-1.6998,3.7332
31,CC DChg,39.05555555556202,-1.6998,3.7332
31,CC DChg,39.155555555567844,-1.6998,3.733
31,CC DChg,39.255555555573665,-1.6998,3.733
31,CC DChg,39.35555555555038,-1.6998,3.7329
31,CC DChg,39.4555555555562,-1.6998,3.7328
31,CC DChg,39.55555555556202,-1.6998,3.7328
31,CC DChg,39.655555555567844,-1.6998,3.7327
31,CC DChg,39.755555555573665,-1.6998,3.7327
31,CC DChg,39.85555555555038,-1.6998,3.7326
31,CC DChg,39.9555555555562,-1.6998,3.7325
31,CC DChg,40.05555555556202,-1.6998,3.7324
31,CC DChg,40.155555555567844,-1.6998,3.7324
31,CC DChg,40.255555555573665,-1.6998,3.7323
31,CC DChg,40.35555555555038,-1.6998,3.7322
31,CC DChg,40.4555555555562,-1.6998,3.7321
31,CC DChg,40.55555555556202,-1.6998,3.7321
31,CC DChg,40.655555555567844,-1.6998,3.732
31,CC DChg,40.755555555573665,-1.6998,3.7319
31,CC DChg,40.85555555555038,-1.6998,3.7318
31,CC DChg,40.9555555555562,-1.6998,3.7318
31,CC DChg,41.05555555556202,-1.6998,3.7317
31,CC DChg,41.155555555567844,-1.6998,3.7316
31,CC DChg,41.255555555573665,-1.6998,3.7315
31,CC DChg,41.35555555555038,-1.6998,3.7315
31,CC DChg,41.4555555555562,-1.6998,3.7314
31,CC DChg,41.55555555556202,-1.6998,3.7313
31,CC DChg,41.655555555567844,-1.6998,3.7313
31,CC DChg,41.755555555573665,-1.6998,3.7312
31,CC DChg,41.85555555555038,-1.6998,3.7311
31,CC DChg,41.9555555555562,-1.6998,3.7311
31,CC DChg,42.05555555556202,-1.6998,3.731
31,CC DChg,42.155555555567844,-1.6998,3.7309
31,CC DChg,42.255555555573665,-1.6998,3.7308
31,CC DChg,42.35555555555038,-1.6998,3.7308
31,CC DChg,42.4555555555562,-1.6998,3.7307
31,CC DChg,42.55555555556202,-1.6998,3.7306
31,CC DChg,42.655555555567844,-1.6998,3.7306
31,CC DChg,42.755555555573665,-1.6998,3.7305
31,CC DChg,42.85555555555038,-1.6998,3.7304
31,CC DChg,42.9555555555562,-1.6998,3.7304
31,CC DChg,43.05555555556202,-1.6998,3.7303
31,CC DChg,43.155555555567844,-1.6998,3.7302
31,CC DChg,43.255555555573665,-1.6998,3.7301
31,CC DChg,43.35555555555038,-1.6998,3.7301
31,CC DChg,43.4555555555562,-1.6998,3.73
31,CC DChg,43.55555555556202,-1.6998,3.73
31,CC DChg,43.655555555567844,-1.6998,3.7299
31,CC DChg,43.755555555573665,-1.6998,3.7299
31,CC DChg,43.85555555555038,-1.6998,3.7297
31,CC DChg,43.9555555555562,-1.6998,3.7297
31,CC DChg,44.05555555556202,-1.6998,3.7296
31,CC DChg,44.155555555567844,-1.6998,3.7296
31,CC DChg,44.255555555573665,-1.6998,3.7295
31,CC DChg,44.35555555555038,-1.6998,3.7294
31,CC DChg,44.4555555555562,-1.6998,3.7294
31,CC DChg,44.55555555556202,-1.6998,3.7293
31,CC DChg,44.655555555567844,-1.6998,3.7293
31,CC DChg,44.755555555573665,-1.6998,3.7292
31,CC DChg,44.85555555555038,-1.6998,3.7291
31,CC DChg,44.9555555555562,-1.6998,3.729
31,CC DChg,45.05555555556202,-1.6998,3.7289
31,CC DChg,45.155555555567844,-1.6998,3.7289
31,CC DChg,45.255555555573665,-1.6998,3.7288
31,CC DChg,45.35555555555038,-1.6998,3.7288
31,CC DChg,45.4555555555562,-1.6998,3.7287
31,CC DChg,45.55555555556202,-1.6998,3.7286
31,CC DChg,45.655555555567844,-1.6998,3.7286
31,CC DChg,45.755555555573665,-1.6998,3.7285
31,CC DChg,45.85555555555038,-1.6998,3.7284
31,CC DChg,45.9555555555562,-1.6998,3.7284
31,CC DChg,46.05555555556202,-1.6998,3.7283
31,CC DChg,46.155555555567844,-1.6998,3.7283
31,CC DChg,46.255555555573665,-1.6998,3.7282
31,CC DChg,46.35555555555038,-1.6998,3.7281
31,CC DChg,46.4555555555562,-1.6998,3.728
31,CC DChg,46.55555555556202,-1.6998,3.728
31,CC DChg,46.655555555567844,-1.6998,3.728
31,CC DChg,46.755555555573665,-1.6998,3.7279
31,CC DChg,46.85555555555038,-1.6998,3.7278
31,CC DChg,46.9555555555562,-1.6998,3.7277
31,CC DChg,47.05555555556202,-1.6998,3.7277
31,CC DChg,47.155555555567844,-1.6998,3.7276
31,CC DChg,47.255555555573665,-1.6998,3.7276
31,CC DChg,47.35555555555038,-1.6998,3.7275
31,CC DChg,47.4555555555562,-1.6998,3.7274
31,CC DChg,47.55555555556202,-1.6998,3.7274
31,CC DChg,47.655555555567844,-1.6998,3.7273
31,CC DChg,47.755555555573665,-1.6998,3.7272
31,CC DChg,47.85555555555038,-1.6998,3.7272
31,CC DChg,47.9555555555562,-1.6998,3.7271
31,CC DChg,48.05555555556202,-1.6998,3.7271
31,CC DChg,48.155555555567844,-1.6998,3.727
31,CC DChg,48.255555555573665,-1.6998,3.727
31,CC DChg,48.35555555555038,-1.6998,3.7269
31,CC DChg,48.4555555555562,-1.6998,3.7268
31,CC DChg,48.55555555556202,-1.6998,3.7268
31,CC DChg,48.655555555567844,-1.6998,3.7267
31,CC DChg,48.755555555573665,-1.6998,3.7267
31,CC DChg,48.85555555555038,-1.6998,3.7266
31,CC DChg,48.9555555555562,-1.6998,3.7265
31,CC DChg,49.05555555556202,-1.6998,3.7265
31,CC DChg,49.155555555567844,-1.6998,3.7264
31,CC DChg,49.255555555573665,-1.6998,3.7263
31,CC DChg,49.35555555555038,-1.6998,3.7263
31,CC DChg,49.4555555555562,-1.6998,3.7262
31,CC DChg,49.55555555556202,-1.6998,3.7262
31,CC DChg,49.655555555567844,-1.6998,3.7261
31,CC DChg,49.755555555573665,-1.6998,3.726
31,CC DChg,49.85555555555038,-1.6998,3.726
31,CC DChg,49.9555555555562,-1.6998,3.7259
31,CC DChg,50.05555555556202,-1.6998,3.7259
31,CC DChg,50.155555555567844,-1.6998,3.7258
31,CC DChg,50.255555555573665,-1.6998,3.7258
31,CC DChg,50.35555555555038,-1.6998,3.7257
31,CC DChg,50.4555555555562,-1.6998,3.7256
31,CC DChg,50.55555555556202,-1.6998,3.7256
31,CC DChg,50.655555555567844,-1.6998,3.7255
31,CC DChg,50.755555555573665,-1.6998,3.7255
31,CC DChg,50.85555555555038,-1.6998,3.7254
31,CC DChg,50.9555555555562,-1.6998,3.7253
31,CC DChg,51.05555555556202,-1.6998,3.7253
31,CC DChg,51.155555555567844,-1.6998,3.7252
31,CC DChg,51.255555555573665,-1.6998,3.7252
31,CC DChg,51.35555555555038,-1.6998,3.7251
31,CC DChg,51.4555555555562,-1.6998,3.7251
31,CC DChg,51.55555555556202,-1.6998,3.725
31,CC DChg,51.655555555567844,-1.6998,3.7249
31,CC DChg,51.755555555573665,-1.6998,3.7249
31,CC DChg,51.85555555555038,-1.6998,3.7248
31,CC DChg,51.9555555555562,-1.6998,3.7247
31,CC DChg,52.05555555556202,-1.6998,3.7247
31,CC DChg,52.155555555567844,-1.6998,3.7246
31,CC DChg,52.255555555573665,-1.6998,3.7246
31,CC DChg,52.35555555555038,-1.6998,3.7245
31,CC DChg,52.4555555555562,-1.6998,3.7245
31,CC DChg,52.55555555556202,-1.6998,3.7244
31,CC DChg,52.655555555567844,-1.6998,3.7244
31,CC DChg,52.755555555573665,-1.6998,3.7243
31,CC DChg,52.85555555555038,-1.6998,3.7243
31,CC DChg,52.9555555555562,-1.6998,3.7242
31,CC DChg,53.05555555556202,-1.6998,3.7241
31,CC DChg,53.155555555567844,-1.6998,3.7241
31,CC DChg,53.255555555573665,-1.6998,3.724
31,CC DChg,53.35555555555038,-1.6998,3.724
31,CC DChg,53.4555555555562,-1.6998,3.7239
31,CC DChg,53.55555555556202,-1.6998,3.7239
31,CC DChg,53.655555555567844,-1.6998,3.7238
31,CC DChg,53.755555555573665,-1.6998,3.7237
31,CC DChg,53.85555555555038,-1.6998,3.7237
31,CC DChg,53.9555555555562,-1.6998,3.7236
31,CC DChg,54.05555555556202,-1.6998,3.7236
31,CC DChg,54.155555555567844,-1.6998,3.7235
31,CC DChg,54.255555555573665,-1.6998,3.7235
31,CC DChg,54.35555555555038,-1.6998,3.7234
31,CC DChg,54.4555555555562,-1.6998,3.7234
31,CC DChg,54.55555555556202,-1.6998,3.7233
31,CC DChg,54.655555555567844,-1.6998,3.7232
31,CC DChg,54.755555555573665,-1.6998,3.7232
31,CC DChg,54.85555555555038,-1.6998,3.7232
31,CC DChg,54.9555555555562,-1.6998,3.7231
31,CC DChg,55.05555555556202,-1.6998,3.7231
31,CC DChg,55.155555555567844,-1.6998,3.723
31,CC DChg,55.255555555573665,-1.6998,3.723
31,CC DChg,55.35555555555038,-1.6998,3.7229
31,CC DChg,55.4555555555562,-1.6998,3.7228
31,CC DChg,55.55555555556202,-1.6998,3.7228
31,CC DChg,55.655555555567844,-1.6998,3.7228
31,CC DChg,55.755555555573665,-1.6998,3.7227
31,CC DChg,55.85555555555038,-1.6998,3.7226
31,CC DChg,55.9555555555562,-1.6998,3.7226
31,CC DChg,56.05555555556202,-1.6998,3.7225
31,CC DChg,56.155555555567844,-1.6998,3.7225
31,CC DChg,56.255555555573665,-1.6998,3.7224
31,CC DChg,56.35555555555038,-1.6998,3.7224
31,CC DChg,56.4555555555562,-1.6998,3.7223
31,CC DChg,56.55555555556202,-1.6998,3.7223
31,CC DChg,56.655555555567844,-1.6998,3.7222
31,CC DChg,56.755555555573665,-1.6998,3.7222
31,CC DChg,56.85555555555038,-1.6998,3.7221
31,CC DChg,56.9555555555562,-1.6998,3.7221
31,CC DChg,57.05555555556202,-1.6998,3.722
31,CC DChg,57.155555555567844,-1.6998,3.722
31,CC DChg,57.255555555573665,-1.6998,3.7219
31,CC DChg,57.35555555555038,-1.6998,3.7219
31,CC DChg,57.4555555555562,-1.6998,3.7218
31,CC DChg,57.55555555556202,-1.6998,3.7217
31,CC DChg,57.655555555567844,-1.6998,3.7217
31,CC DChg,57.755555555573665,-1.6998,3.7217
31,CC DChg,57.85555555555038,-1.6998,3.7216
31,CC DChg,57.9555555555562,-1.6998,3.7216
31,CC DChg,58.05555555556202,-1.6998,3.7215
31,CC DChg,58.155555555567844,-1.6998,3.7214
31,CC DChg,58.255555555573665,-1.6998,3.7214
31,CC DChg,58.35555555555038,-1.6998,3.7213
31,CC DChg,58.4555555555562,-1.6998,3.7213
31,CC DChg,58.55555555556202,-1.6998,3.7212
31,CC DChg,58.655555555567844,-1.6999,3.7212
31,CC DChg,58.755555555573665,-1.6999,3.7211
31,CC DChg,58.85555555555038,-1.6999,3.7211
31,CC DChg,58.9555555555562,-1.6999,3.721
31,CC DChg,59.05555555556202,-1.6999,3.721
31,CC DChg,59.155555555567844,-1.6999,3.7209
31,CC DChg,59.255555555573665,-1.6999,3.7209
31,CC DChg,59.35555555555038,-1.6999,3.7208
31,CC DChg,59.4555555555562,-1.6999,3.7208
31,CC DChg,59.55555555556202,-1.6999,3.7207
31,CC DChg,59.655555555567844,-1.6999,3.7207
31,CC DChg,59.755555555573665,-1.6999,3.7206
31,CC DChg,59.85555555555038,-1.6999,3.7206
31,CC DChg,59.9555555555562,-1.6999,3.7205
31,CC DChg,60.05555555556202,-1.6999,3.7205
31,CC DChg,60.155555555567844,-1.6999,3.7204
31,CC DChg,60.255555555573665,-1.6999,3.7204
31,CC DChg,60.35555555555038,-1.6999,3.7203
31,CC DChg,60.4555555555562,-1.6999,3.7203
31,CC DChg,60.55555555556202,-1.6999,3.7202
31,CC DChg,60.655555555567844,-1.6999,3.7202
31,CC DChg,60.755555555573665,-1.6999,3.7201
31,CC DChg,60.85555555555038,-1.6999,3.7201
31,CC DChg,60.9555555555562,-1.6999,3.7201
31,CC DChg,61.05555555556202,-1.6999,3.72
31,CC DChg,61.155555555567844,-1.6999,3.7199
31,CC DChg,61.255555555573665,-1.6999,3.7199
31,CC DChg,61.35555555555038,-1.6999,3.7198
31,CC DChg,61.4555555555562,-1.6999,3.7198
31,CC DChg,61.55555555556202,-1.6999,3.7198
31,CC DChg,61.655555555567844,-1.6999,3.7197
31,CC DChg,61.755555555573665,-1.6999,3.7196
31,CC DChg,61.85555555555038,-1.6999,3.7196
31,CC DChg,61.9555555555562,-1.6999,3.7196
31,CC DChg,62.05555555556202,-1.6999,3.7195
31,CC DChg,62.155555555567844,-1.6999,3.7195
31,CC DChg,62.255555555573665,-1.6999,3.7194
31,CC DChg,62.35555555555038,-1.6999,3.7194
31,CC DChg,62.4555555555562,-1.6999,3.7193
31,CC DChg,62.55555555556202,-1.6999,3.7193
31,CC DChg,62.655555555567844,-1.6999,3.7192
31,CC DChg,62.755555555573665,-1.6999,3.7192
31,CC DChg,62.85555555555038,-1.6999,3.7191
31,CC DChg,62.9555555555562,-1.6999,3.7191
31,CC DChg,63.05555555556202,-1.6999,3.7191
31,CC DChg,63.155555555567844,-1.6999,3.719
31,CC DChg,63.255555555573665,-1.6999,3.719
31,CC DChg,63.35555555555038,-1.6999,3.7189
31,CC DChg,63.4555555555562,-1.6999,3.7188
31,CC DChg,63.55555555556202,-1.6999,3.7188
31,CC DChg,63.655555555567844,-1.6999,3.7188
31,CC DChg,63.755555555573665,-1.6999,3.7187
31,CC DChg,63.85555555555038,-1.6999,3.7187
31,CC DChg,63.9555555555562,-1.6999,3.7186
31,CC DChg,64.05555555556202,-1.6999,3.7186
31,CC DChg,64.15555555556784,-1.6999,3.7185
31,CC DChg,64.25555555557366,-1.6999,3.7185
31,CC DChg,64.35555555555038,-1.6999,3.7184
31,CC DChg,64.4555555555562,-1.6999,3.7184
31,CC DChg,64.55555555556202,-1.6999,3.7183
31,CC DChg,64.65555555556784,-1.6999,3.7183
31,CC DChg,64.75555555557366,-1.6999,3.7183
31,CC DChg,64.85555555555038,-1.6999,3.7182
31,CC DChg,64.9555555555562,-1.6999,3.7182
31,CC DChg,65.05555555556202,-1.6999,3.7182
31,CC DChg,65.15555555556784,-1.6999,3.7181
31,CC DChg,65.25555555557366,-1.6999,3.718
31,CC DChg,65.35555555555038,-1.6999,3.718
31,CC DChg,65.4555555555562,-1.6999,3.7179
31,CC DChg,65.55555555556202,-1.6999,3.7179
31,CC DChg,65.65555555556784,-1.6999,3.7179
31,CC DChg,65.75555555557366,-1.6999,3.7178
31,CC DChg,65.85555555555038,-1.6999,3.7178
31,CC DChg,65.9555555555562,-1.6999,3.7178
31,CC DChg,66.05555555556202,-1.6999,3.7178
31,CC DChg,66.15555555556784,-1.6999,3.7177
31,CC DChg,66.25555555557366,-1.6999,3.7176
31,CC DChg,66.35555555555038,-1.6999,3.7176
31,CC DChg,66.4555555555562,-1.6999,3.7175
31,CC DChg,66.55555555556202,-1.6999,3.7175
31,CC DChg,66.65555555556784,-1.6999,3.7174
31,CC DChg,66.75555555557366,-1.6999,3.7174
31,CC DChg,66.85555555555038,-1.6999,3.7174
31,CC DChg,66.9555555555562,-1.6999,3.7173
31,CC DChg,67.05555555556202,-1.6999,3.7172
31,CC DChg,67.15555555556784,-1.6999,3.7172
31,CC DChg,67.25555555557366,-1.6999,3.7172
31,CC DChg,67.35555555555038,-1.6999,3.7171
31,CC DChg,67.4555555555562,-1.6999,3.7171
31,CC DChg,67.55555555556202,-1.6999,3.7171
31,CC DChg,67.65555555556784,-1.6999,3.717
31,CC DChg,67.75555555557366,-1.6999,3.7169
31,CC DChg,67.85555555555038,-1.6999,3.7169
31,CC DChg,67.9555555555562,-1.6999,3.7169
31,CC DChg,68.05555555556202,-1.6999,3.7168
31,CC DChg,68.15555555556784,-1.6999,3.7168
31,CC DChg,68.25555555557366,-1.6999,3.7168
31,CC DChg,68.35555555555038,-1.6999,3.7167
31,CC DChg,68.4555555555562,-1.6999,3.7167
31,CC DChg,68.55555555556202,-1.6999,3.7166
31,CC DChg,68.65555555556784,-1.6999,3.7166
31,CC DChg,68.75555555557366,-1.6999,3.7166
31,CC DChg,68.85555555555038,-1.6999,3.7165
31,CC DChg,68.9555555555562,-1.6999,3.7165
31,CC DChg,69.05555555556202,-1.6999,3.7164
31,CC DChg,69.15555555556784,-1.6999,3.7164
31,CC DChg,69.25555555557366,-1.6999,3.7164
31,CC DChg,69.35555555555038,-1.6999,3.7163
31,CC DChg,69.4555555555562,-1.6999,3.7163
31,CC DChg,69.55555555556202,-1.6999,3.7162
31,CC DChg,69.65555555556784,-1.6999,3.7162
31,CC DChg,69.75555555557366,-1.6999,3.7161
31,CC DChg,69.85555555555038,-1.6999,3.7161
31,CC DChg,69.9555555555562,-1.6999,3.716
31,CC DChg,70.05555555556202,-1.6999,3.716
31,CC DChg,70.15555555556784,-1.6999,3.716
31,CC DChg,70.25555555557366,-1.6999,3.7159
31,CC DChg,70.35555555555038,-1.6999,3.7159
31,CC DChg,70.4555555555562,-1.6999,3.7159
31,CC DChg,70.55555555556202,-1.6999,3.7158
31,CC DChg,70.65555555556784,-1.6999,3.7158
31,CC DChg,70.75555555557366,-1.6999,3.7157
31,CC DChg,70.85555555555038,-1.6999,3.7157
31,CC DChg,70.9555555555562,-1.6999,3.7156
31,CC DChg,71.05555555556202,-1.6999,3.7156
31,CC DChg,71.15555555556784,-1.6999,3.7156
31,CC DChg,71.25555555557366,-1.6999,3.7155
31,CC DChg,71.35555555555038,-1.6999,3.7155
31,CC DChg,71.4555555555562,-1.6999,3.7154
31,CC DChg,71.55555555556202,-1.6999,3.7154
31,CC DChg,71.65555555556784,-1.6999,3.7154
31,CC DChg,71.75555555557366,-1.6999,3.7153
31,CC DChg,71.85555555555038,-1.6999,3.7153
31,CC DChg,71.9555555555562,-1.6999,3.7152
31,CC DChg,72.05555555556202,-1.6999,3.7152
31,CC DChg,72.15555555556784,-1.6999,3.7151
31,CC DChg,72.25555555557366,-1.6999,3.7151
31,CC DChg,72.35555555555038,-1.6999,3.7151
31,CC DChg,72.4555555555562,-1.6999,3.715
31,CC DChg,72.55555555556202,-1.6999,3.715
31,CC DChg,72.65555555556784,-1.6999,3.715
31,CC DChg,72.75555555557366,-1.6999,3.7149
31,CC DChg,72.85555555555038,-1.6999,3.7149
31,CC DChg,72.9555555555562,-1.6999,3.7148
31,CC DChg,73.05555555556202,-1.6999,3.7148
31,CC DChg,73.15555555556784,-1.6999,3.7147
31,CC DChg,73.25555555557366,-1.6999,3.7147
31,CC DChg,73.35555555555038,-1.6999,3.7147
31,CC DChg,73.4555555555562,-1.6999,3.7146
31,CC DChg,73.55555555556202,-1.6999,3.7146
31,CC DChg,73.65555555556784,-1.6999,3.7145
31,CC DChg,73.75555555557366,-1.6999,3.7145
31,CC DChg,73.85555555555038,-1.6999,3.7145
31,CC DChg,73.9555555555562,-1.6999,3.7144
31,CC DChg,74.05555555556202,-1.6999,3.7144
31,CC DChg,74.15555555556784,-1.6999,3.7143
31,CC DChg,74.25555555557366,-1.6999,3.7143
31,CC DChg,74.35555555555038,-1.6999,3.7143
31,CC DChg,74.4555555555562,-1.6999,3.7143
31,CC DChg,74.55555555556202,-1.6999,3.7142
31,CC DChg,74.65555555556784,-1.6999,3.7142
31,CC DChg,74.75555555557366,-1.6999,3.7141
31,CC DChg,74.85555555555038,-1.6999,3.7141
31,CC DChg,74.9555555555562,-1.6999,3.7141
31,CC DChg,75.05555555556202,-1.6999,3.714
31,CC DChg,75.15555555556784,-1.6999,3.714
31,CC DChg,75.25555555557366,-1.6999,3.7139
31,CC DChg,75.35555555555038,-1.6999,3.7139
31,CC DChg,75.4555555555562,-1.6999,3.7139
31,CC DChg,75.55555555556202,-1.6999,3.7138
31,CC DChg,75.65555555556784,-1.6999,3.7138
31,CC DChg,75.75555555557366,-1.6999,3.7138
31,CC DChg,75.85555555555038,-1.6999,3.7137
31,CC DChg,75.9555555555562,-1.6999,3.7137
31,CC DChg,76.05555555556202,-1.6999,3.7136
31,CC DChg,76.15555555556784,-1.6999,3.7136
31,CC DChg,76.25555555557366,-1.6999,3.7135
31,CC DChg,76.35555555555038,-1.6999,3.7135
31,CC DChg,76.4555555555562,-1.6999,3.7135
31,CC DChg,76.55555555556202,-1.6999,3.7134
31,CC DChg,76.65555555556784,-1.6999,3.7134
31,CC DChg,76.75555555557366,-1.6999,3.7134
31,CC DChg,76.85555555555038,-1.6999,3.7133
31,CC DChg,76.9555555555562,-1.6999,3.7133
31,CC DChg,77.05555555556202,-1.6999,3.7132
31,CC DChg,77.15555555556784,-1.6999,3.7132
31,CC DChg,77.25555555557366,-1.6999,3.7132
31,CC DChg,77.35555555555038,-1.6999,3.7131
31,CC DChg,77.4555555555562,-1.6999,3.7131
31,CC DChg,77.55555555556202,-1.6999,3.7131
31,CC DChg,77.65555555556784,-1.6999,3.713
31,CC DChg,77.75555555557366,-1.6999,3.713
31,CC DChg,77.85555555555038,-1.6999,3.713
31,CC DChg,77.9555555555562,-1.6999,3.7129
31,CC DChg,78.05555555556202,-1.6999,3.7129
31,CC DChg,78.15555555556784,-1.6999,3.7128
31,CC DChg,78.25555555557366,-1.6999,3.7128
31,CC DChg,78.35555555555038,-1.6999,3.7127
31,CC DChg,78.4555555555562,-1.6999,3.7127
31,CC DChg,78.55555555556202,-1.6999,3.7127
31,CC DChg,78.65555555556784,-1.6999,3.7126
31,CC DChg,78.75555555557366,-1.6999,3.7126
31,CC DChg,78.85555555555038,-1.6999,3.7126
31,CC DChg,78.9555555555562,-1.6999,3.7125
31,CC DChg,79.05555555556202,-1.6999,3.7125
31,CC DChg,79.15555555556784,-1.6999,3.7125
31,CC DChg,79.25555555557366,-1.6999,3.7124
31,CC DChg,79.35555555555038,-1.6999,3.7124
31,CC DChg,79.4555555555562,-1.6999,3.7123
31,CC DChg,79.55555555556202,-1.6999,3.7123
31,CC DChg,79.65555555556784,-1.6999,3.7123
31,CC DChg,79.75555555557366,-1.6999,3.7122
31,CC DChg,79.85555555555038,-1.6999,3.7122
31,CC DChg,79.9555555555562,-1.6999,3.7122
31,CC DChg,80.05555555556202,-1.6999,3.7121
31,CC DChg,80.15555555556784,-1.6999,3.7121
31,CC DChg,80.25555555557366,-1.6999,3.7121
31,CC DChg,80.35555555555038,-1.6999,3.712
31,CC DChg,80.4555555555562,-1.6999,3.712
31,CC DChg,80.55555555556202,-1.6999,3.7119
31,CC DChg,80.65555555556784,-1.6999,3.7119
31,CC DChg,80.75555555557366,-1.6999,3.7119
31,CC DChg,80.85555555555038,-1.6999,3.7118
31,CC DChg,80.9555555555562,-1.6999,3.7118
31,CC DChg,81.05555555556202,-1.6999,3.7117
31,CC DChg,81.15555555556784,-1.6999,3.7117
31,CC DChg,81.25555555557366,-1.6999,3.7117
31,CC DChg,81.35555555555038,-1.6999,3.7117
31,CC DChg,81.4555555555562,-1.6999,3.7116
31,CC DChg,81.55555555556202,-1.6999,3.7116
31,CC DChg,81.65555555556784,-1.6999,3.7116
31,CC DChg,81.75555555557366,-1.6999,3.7115
31,CC DChg,81.85555555555038,-1.6999,3.7115
31,CC DChg,81.9555555555562,-1.6999,3.7114
31,CC DChg,82.05555555556202,-1.6999,3.7114
31,CC DChg,82.15555555556784,-1.6999,3.7114
31,CC DChg,82.25555555557366,-1.6999,3.7114
31,CC DChg,82.35555555555038,-1.6999,3.7113
31,CC DChg,82.4555555555562,-1.6999,3.7113
31,CC DChg,82.55555555556202,-1.6999,3.7112
31,CC DChg,82.65555555556784,-1.6999,3.7112
31,CC DChg,82.75555555557366,-1.6999,3.7111
31,CC DChg,82.85555555555038,-1.6999,3.7111
31,CC DChg,82.9555555555562,-1.6999,3.7111
31,CC DChg,83.05555555556202,-1.6999,3.7111
31,CC DChg,83.15555555556784,-1.6999,3.711
31,CC DChg,83.25555555557366,-1.6999,3.711
31,CC DChg,83.35555555555038,-1.6999,3.711
31,CC DChg,83.4555555555562,-1.6999,3.7109
31,CC DChg,83.55555555556202,-1.6999,3.7109
31,CC DChg,83.65555555556784,-1.6999,3.7109
31,CC DChg,83.75555555557366,-1.6999,3.7108
31,CC DChg,83.85555555555038,-1.6999,3.7108
31,CC DChg,83.9555555555562,-1.6999,3.7108
31,CC DChg,84.05555555556202,-1.6999,3.7107
31,CC DChg,84.15555555556784,-1.6999,3.7107
31,CC DChg,84.25555555557366,-1.6999,3.7107
31,CC DChg,84.35555555555038,-1.6999,3.7106
31,CC DChg,84.4555555555562,-1.6999,3.7106
31,CC DChg,84.55555555556202,-1.6999,3.7106
31,CC DChg,84.65555555556784,-1.6999,3.7105
31,CC DChg,84.75555555557366,-1.6999,3.7105
31,CC DChg,84.85555555555038,-1.6999,3.7104
31,CC DChg,84.9555555555562,-1.6999,3.7104
31,CC DChg,85.05555555556202,-1.6999,3.7104
31,CC DChg,85.15555555556784,-1.6999,3.7103
31,CC DChg,85.25555555557366,-1.6999,3.7103
31,CC DChg,85.35555555555038,-1.6999,3.7103
31,CC DChg,85.4555555555562,-1.6999,3.7102
31,CC DChg,85.55555555556202,-1.6999,3.7102
31,CC DChg,85.65555555556784,-1.6999,3.7101
31,CC DChg,85.75555555557366,-1.6999,3.7101
31,CC DChg,85.85555555555038,-1.6999,3.7101
31,CC DChg,85.9555555555562,-1.6999,3.7101
31,CC DChg,86.05555555556202,-1.6999,3.71
31,CC DChg,86.15555555556784,-1.6999,3.71
31,CC DChg,86.25555555557366,-1.6999,3.71
31,CC DChg,86.35555555555038,-1.6999,3.71
31,CC DChg,86.4555555555562,-1.6999,3.7099
31,CC DChg,86.55555555556202,-1.6999,3.7099
31,CC DChg,86.65555555556784,-1.6999,3.7098
31,CC DChg,86.75555555557366,-1.6999,3.7098
31,CC DChg,86.85555555555038,-1.6999,3.7097
31,CC DChg,86.9555555555562,-1.6999,3.7097
31,CC DChg,87.05555555556202,-1.6999,3.7097
31,CC DChg,87.15555555556784,-1.6999,3.7097
31,CC DChg,87.25555555557366,-1.6999,3.7096
31,CC DChg,87.35555555555038,-1.6999,3.7096
31,CC DChg,87.4555555555562,-1.6999,3.7096
31,CC DChg,87.55555555556202,-1.6999,3.7096
31,CC DChg,87.65555555556784,-1.6999,3.7095
31,CC DChg,87.75555555557366,-1.6999,3.7095
31,CC DChg,87.85555555555038,-1.6999,3.7094
31,CC DChg,87.9555555555562,-1.6999,3.7094
31,CC DChg,88.05555555556202,-1.6999,3.7094
31,CC DChg,88.15555555556784,-1.6999,3.7094
31,CC DChg,88.25555555557366,-1.6999,3.7093
31,CC DChg,88.35555555555038,-1.6999,3.7093
31,CC DChg,88.4555555555562,-1.6999,3.7092
31,CC DChg,88.55555555556202,-1.6999,3.7092
31,CC DChg,88.65555555556784,-1.6999,3.7092
31,CC DChg,88.75555555557366,-1.6999,3.7091
31,CC DChg,88.85555555555038,-1.6999,3.7091
31,CC DChg,88.9555555555562,-1.6999,3.7091
31,CC DChg,89.05555555556202,-1.6999,3.709
31,CC DChg,89.15555555556784,-1.6999,3.709
31,CC DChg,89.25555555557366,-1.6999,3.709
31,CC DChg,89.35555555555038,-1.6999,3.7089
31,CC DChg,89.4555555555562,-1.6999,3.7089
31,CC DChg,89.55555555556202,-1.6999,3.7089
31,CC DChg,89.65555555556784,-1.6999,3.7089
31,CC DChg,89.75555555557366,-1.6999,3.7088
31,CC DChg,89.85555555555038,-1.6999,3.7088
31,CC DChg,89.9555555555562,-1.6999,3.7087
31,CC DChg,90.05555555556202,-1.6999,3.7087
31,CC DChg,90.15555555556784,-1.6999,3.7087
31,CC DChg,90.25555555557366,-1.6999,3.7086
31,CC DChg,90.35555555555038,-1.6999,3.7086
31,CC DChg,90.4555555555562,-1.6999,3.7086
31,CC DChg,90.55555555556202,-1.6999,3.7085
31,CC DChg,90.65555555556784,-1.6999,3.7085
31,CC DChg,90.75555555557366,-1.6999,3.7085
31,CC DChg,90.85555555555038,-1.6999,3.7084
31,CC DChg,90.9555555555562,-1.6999,3.7084
31,CC DChg,91.05555555556202,-1.6999,3.7084
31,CC DChg,91.15555555556784,-1.6999,3.7084
31,CC DChg,91.25555555557366,-1.6999,3.7083
31,CC DChg,91.35555555555038,-1.6999,3.7083
31,CC DChg,91.4555555555562,-1.6999,3.7082
31,CC DChg,91.55555555556202,-1.6999,3.7082
31,CC DChg,91.65555555556784,-1.6999,3.7082
31,CC DChg,91.75555555557366,-1.6999,3.7082
31,CC DChg,91.85555555555038,-1.6999,3.7081
31,CC DChg,91.9555555555562,-1.6999,3.7081
31,CC DChg,92.05555555556202,-1.6999,3.7081
31,CC DChg,92.15555555556784,-1.6999,3.708
31,CC DChg,92.25555555557366,-1.6999,3.708
31,CC DChg,92.35555555555038,-1.6999,3.708
31,CC DChg,92.4555555555562,-1.6999,3.708
31,CC DChg,92.55555555556202,-1.6999,3.7079
31,CC DChg,92.65555555556784,-1.6999,3.7079
31,CC DChg,92.75555555557366,-1.6999,3.7079
31,CC DChg,92.85555555555038,-1.6999,3.7079
31,CC DChg,92.9555555555562,-1.6999,3.7078
31,CC DChg,93.05555555556202,-1.6999,3.7078
31,CC DChg,93.15555555556784,-1.6999,3.7077
31,CC DChg,93.25555555557366,-1.6999,3.7077
31,CC DChg,93.35555555555038,-1.6999,3.7076
31,CC DChg,93.4555555555562,-1.6999,3.7076
31,CC DChg,93.55555555556202,-1.6999,3.7076
31,CC DChg,93.65555555556784,-1.6999,3.7076
31,CC DChg,93.75555555557366,-1.6999,3.7075
31,CC DChg,93.85555555555038,-1.6999,3.7075
31,CC DChg,93.9555555555562,-1.6999,3.7075
31,CC DChg,94.05555555556202,-1.6999,3.7074
31,CC DChg,94.15555555556784,-1.6999,3.7074
31,CC DChg,94.25555555557366,-1.6999,3.7074
31,CC DChg,94.35555555555038,-1.6999,3.7073
31,CC DChg,94.4555555555562,-1.6999,3.7073
31,CC DChg,94.55555555556202,-1.6999,3.7073
31,CC DChg,94.65555555556784,-1.6999,3.7073
31,CC DChg,94.75555555557366,-1.6999,3.7072
31,CC DChg,94.85555555555038,-1.6999,3.7072
31,CC DChg,94.9555555555562,-1.6999,3.7072
31,CC DChg,95.05555555556202,-1.6999,3.7071
31,CC DChg,95.15555555556784,-1.6999,3.7071
31,CC DChg,95.25555555557366,-1.6999,3.7071
31,CC DChg,95.35555555555038,-1.6999,3.707
31,CC DChg,95.4555555555562,-1.6999,3.707
31,CC DChg,95.55555555556202,-1.6999,3.707
31,CC DChg,95.65555555556784,-1.6999,3.707
31,CC DChg,95.75555555557366,-1.6999,3.707
31,CC DChg,95.85555555555038,-1.6999,3.7069
31,CC DChg,95.9555555555562,-1.6999,3.7069
31,CC DChg,96.05555555556202,-1.6999,3.7068
31,CC DChg,96.15555555556784,-1.6999,3.7068
31,CC DChg,96.25555555557366,-1.6999,3.7068
31,CC DChg,96.35555555555038,-1.6999,3.7067
31,CC DChg,96.4555555555562,-1.6999,3.7067
31,CC DChg,96.55555555556202,-1.6999,3.7067
31,CC DChg,96.65555555556784,-1.6999,3.7067
31,CC DChg,96.75555555557366,-1.6999,3.7066
31,CC DChg,96.85555555555038,-1.6999,3.7066
31,CC DChg,96.9555555555562,-1.6999,3.7066
31,CC DChg,97.05555555556202,-1.6999,3.7065
31,CC DChg,97.15555555556784,-1.6999,3.7065
31,CC DChg,97.25555555557366,-1.6999,3.7065
31,CC DChg,97.35555555555038,-1.6999,3.7065
31,CC DChg,97.4555555555562,-1.6999,3.7064
31,CC DChg,97.55555555556202,-1.6999,3.7064
31,CC DChg,97.65555555556784,-1.6999,3.7063
31,CC DChg,97.75555555557366,-1.6999,3.7063
31,CC DChg,97.85555555555038,-1.6999,3.7063
31,CC DChg,97.9555555555562,-1.6999,3.7063
31,CC DChg,98.05555555556202,-1.6999,3.7062
31,CC DChg,98.15555555556784,-1.6999,3.7062
31,CC DChg,98.25555555557366,-1.6999,3.7061
31,CC DChg,98.35555555555038,-1.6999,3.7061
31,CC DChg,98.4555555555562,-1.6999,3.7061
31,CC DChg,98.55555555556202,-1.6999,3.706
31,CC DChg,98.65555555556784,-1.6999,3.706
31,CC DChg,98.75555555557366,-1.6999,3.706
31,CC DChg,98.85555555555038,-1.6999,3.706
31,CC DChg,98.9555555555562,-1.6999,3.7059
31,CC DChg,99.05555555556202,-1.6999,3.7059
31,CC DChg,99.15555555556784,-1.6999,3.7059
31,CC DChg,99.25555555557366,-1.6999,3.7059
31,CC DChg,99.35555555555038,-1.6999,3.7058
31,CC DChg,99.4555555555562,-1.6999,3.7058
31,CC DChg,99.55555555556202,-1.6999,3.7058
31,CC DChg,99.65555555556784,-1.6999,3.7058
31,CC DChg,99.75555555557366,-1.6999,3.7057
31,CC DChg,99.85555555555038,-1.6999,3.7057
31,CC DChg,99.9555555555562,-1.6999,3.7057
31,CC DChg,100.05555555556202,-1.6999,3.7056
31,CC DChg,100.15555555556784,-1.6999,3.7056
31,CC DChg,100.25555555557366,-1.6999,3.7056
31,CC DChg,100.35555555555038,-1.6999,3.7055
31,CC DChg,100.4555555555562,-1.6999,3.7055
31,CC DChg,100.55555555556202,-1.6999,3.7055
31,CC DChg,100.65555555556784,-1.6999,3.7054
31,CC DChg,100.75555555557366,-1.6999,3.7054
31,CC DChg,100.85555555555038,-1.6999,3.7054
31,CC DChg,100.9555555555562,-1.6999,3.7054
31,CC DChg,101.05555555556202,-1.6999,3.7053
31,CC DChg,101.15555555556784,-1.6999,3.7053
31,CC DChg,101.25555555557366,-1.6999,3.7053
31,CC DChg,101.35555555555038,-1.6999,3.7053
31,CC DChg,101.4555555555562,-1.6999,3.7052
31,CC DChg,101.55555555556202,-1.6999,3.7052
31,CC DChg,101.65555555556784,-1.6999,3.7052
31,CC DChg,101.75555555557366,-1.6999,3.7051
31,CC DChg,101.85555555555038,-1.6999,3.7051
31,CC DChg,101.9555555555562,-1.6999,3.7051
31,CC DChg,102.05555555556202,-1.6999,3.7051
31,CC DChg,102.15555555556784,-1.6999,3.705
31,CC DChg,102.25555555557366,-1.6999,3.705
31,CC DChg,102.35555555555038,-1.6999,3.7049
31,CC DChg,102.4555555555562,-1.6999,3.7049
31,CC DChg,102.55555555556202,-1.6999,3.7049
31,CC DChg,102.65555555556784,-1.6999,3.7049
31,CC DChg,102.75555555557366,-1.6999,3.7048
31,CC DChg,102.85555555555038,-1.6999,3.7048
31,CC DChg,102.9555555555562,-1.6999,3.7048
31,CC DChg,103.05555555556202,-1.6998,3.7047
31,CC DChg,103.15555555556784,-1.6998,3.7047
31,CC DChg,103.25555555557366,-1.6998,3.7047
31,CC DChg,103.35555555555038,-1.6998,3.7047
31,CC DChg,103.4555555555562,-1.6998,3.7047
31,CC DChg,103.55555555556202,-1.6998,3.7046
31,CC DChg,103.65555555556784,-1.6998,3.7046
31,CC DChg,103.75555555557366,-1.6998,3.7046
31,CC DChg,103.85555555555038,-1.6998,3.7046
31,CC DChg,103.9555555555562,-1.6998,3.7045
31,CC DChg,104.05555555556202,-1.6998,3.7045
31,CC DChg,104.15555555556784,-1.6998,3.7044
31,CC DChg,104.25555555557366,-1.6998,3.7044
31,CC DChg,104.35555555555038,-1.6998,3.7044
31,CC DChg,104.4555555555562,-1.6998,3.7044
31,CC DChg,104.55555555556202,-1.6998,3.7044
31,CC DChg,104.65555555556784,-1.6998,3.7043
31,CC DChg,104.75555555557366,-1.6998,3.7043
31,CC DChg,104.85555555555038,-1.6998,3.7043
31,CC DChg,104.9555555555562,-1.6999,3.7042
31,CC DChg,105.05555555556202,-1.6999,3.7042
31,CC DChg,105.15555555556784,-1.6999,3.7042
31,CC DChg,105.25555555557366,-1.6999,3.7041
31,CC DChg,105.35555555555038,-1.6999,3.7041
31,CC DChg,105.4555555555562,-1.6999,3.704
31,CC DChg,105.55555555556202,-1.6999,3.704
31,CC DChg,105.65555555556784,-1.6999,3.704
31,CC DChg,105.75555555557366,-1.6999,3.704
31,CC DChg,105.85555555555038,-1.6999,3.704
31,CC DChg,105.9555555555562,-1.6999,3.704
31,CC DChg,106.05555555556202,-1.6999,3.7039
31,CC DChg,106.15555555556784,-1.6999,3.7039
31,CC DChg,106.25555555557366,-1.6999,3.7039
31,CC DChg,106.35555555555038,-1.6999,3.7038
31,CC DChg,106.4555555555562,-1.6999,3.7038
31,CC DChg,106.55555555556202,-1.6999,3.7038
31,CC DChg,106.65555555556784,-1.6999,3.7037
31,CC DChg,106.75555555557366,-1.6999,3.7037
31,CC DChg,106.85555555555038,-1.6999,3.7037
31,CC DChg,106.9555555555562,-1.6999,3.7037
31,CC DChg,107.05555555556202,-1.6999,3.7036
31,CC DChg,107.15555555556784,-1.6999,3.7036
31,CC DChg,107.25555555557366,-1.6999,3.7035
31,CC DChg,107.35555555555038,-1.6999,3.7035
31,CC DChg,107.4555555555562,-1.6999,3.7035
31,CC DChg,107.55555555556202,-1.6999,3.7035
31,CC DChg,107.65555555556784,-1.6999,3.7035
31,CC DChg,107.75555555557366,-1.6999,3.7034
31,CC DChg,107.85555555555038,-1.6999,3.7034
31,CC DChg,107.9555555555562,-1.6999,3.7034
31,CC DChg,108.05555555556202,-1.6999,3.7033
31,CC DChg,108.15555555556784,-1.6999,3.7033
31,CC DChg,108.25555555557366,-1.6999,3.7033
31,CC DChg,108.35555555555038,-1.6999,3.7033
31,CC DChg,108.4555555555562,-1.6999,3.7033
31,CC DChg,108.55555555556202,-1.6999,3.7032
31,CC DChg,108.65555555556784,-1.6999,3.7032
31,CC DChg,108.75555555557366,-1.6999,3.7032
31,CC DChg,108.85555555555038,-1.6999,3.7032
31,CC DChg,108.9555555555562,-1.6999,3.7031
31,CC DChg,109.05555555556202,-1.6999,3.7031
31,CC DChg,109.15555555556784,-1.6999,3.7031
31,CC DChg,109.25555555557366,-1.6999,3.7031
31,CC DChg,109.35555555555038,-1.6999,3.703
31,CC DChg,109.4555555555562,-1.6999,3.7029
31,CC DChg,109.55555555556202,-1.6999,3.7029
31,CC DChg,109.65555555556784,-1.6999,3.7029
31,CC DChg,109.75555555557366,-1.6999,3.7029
31,CC DChg,109.85555555555038,-1.6999,3.7029
31,CC DChg,109.9555555555562,-1.6999,3.7028
31,CC DChg,110.05555555556202,-1.6999,3.7028
31,CC DChg,110.15555555556784,-1.6999,3.7028
31,CC DChg,110.25555555557366,-1.6999,3.7028
31,CC DChg,110.35555555555038,-1.6999,3.7027
31,CC DChg,110.4555555555562,-1.6999,3.7027
31,CC DChg,110.55555555556202,-1.6999,3.7027
31,CC DChg,110.65555555556784,-1.6999,3.7027
31,CC DChg,110.75555555557366,-1.6999,3.7026
31,CC DChg,110.85555555555038,-1.6999,3.7026
31,CC DChg,110.9555555555562,-1.6999,3.7026
31,CC DChg,111.05555555556202,-1.6999,3.7026
31,CC DChg,111.15555555556784,-1.6999,3.7025
31,CC DChg,111.25555555557366,-1.6999,3.7025
31,CC DChg,111.35555555555038,-1.6999,3.7025
31,CC DChg,111.4555555555562,-1.6999,3.7024
31,CC DChg,111.55555555556202,-1.6999,3.7024
31,CC DChg,111.65555555556784,-1.6999,3.7024
31,CC DChg,111.75555555557366,-1.6999,3.7024
31,CC DChg,111.85555555555038,-1.6999,3.7023
31,CC DChg,111.9555555555562,-1.6999,3.7023
31,CC DChg,112.05555555556202,-1.6999,3.7023
31,CC DChg,112.15555555556784,-1.6999,3.7023
31,CC DChg,112.25555555557366,-1.6999,3.7022
31,CC DChg,112.35555555555038,-1.6999,3.7022
31,CC DChg,112.4555555555562,-1.6999,3.7022
31,CC DChg,112.55555555556202,-1.6999,3.7022
31,CC DChg,112.65555555556784,-1.6999,3.7021
31,CC DChg,112.75555555557366,-1.6999,3.7021
31,CC DChg,112.85555555555038,-1.6999,3.7021
31,CC DChg,112.9555555555562,-1.6999,3.702
31,CC DChg,113.05555555556202,-1.6999,3.702
31,CC DChg,113.15555555556784,-1.6999,3.702
31,CC DChg,113.25555555557366,-1.6999,3.702
31,CC DChg,113.35555555555038,-1.6999,3.7019
31,CC DChg,113.4555555555562,-1.6999,3.7019
31,CC DChg,113.55555555556202,-1.6999,3.7019
31,CC DChg,113.65555555556784,-1.6999,3.7018
31,CC DChg,113.75555555557366,-1.6999,3.7018
31,CC DChg,113.85555555555038,-1.6999,3.7018
31,CC DChg,113.9555555555562,-1.6999,3.7018
31,CC DChg,114.05555555556202,-1.6999,3.7017
31,CC DChg,114.15555555556784,-1.6999,3.7017
31,CC DChg,114.25555555557366,-1.6999,3.7017
31,CC DChg,114.35555555555038,-1.6999,3.7016
31,CC DChg,114.4555555555562,-1.6999,3.7017
31,CC DChg,114.55555555556202,-1.6999,3.7016
31,CC DChg,114.65555555556784,-1.6999,3.7016
31,CC DChg,114.75555555557366,-1.6999,3.7016
31,CC DChg,114.85555555555038,-1.6999,3.7015
31,CC DChg,114.9555555555562,-1.6999,3.7015
31,CC DChg,115.05555555556202,-1.6999,3.7015
31,CC DChg,115.15555555556784,-1.6999,3.7015
31,CC DChg,115.25555555557366,-1.6999,3.7014
31,CC DChg,115.35555555555038,-1.6999,3.7014
31,CC DChg,115.4555555555562,-1.6999,3.7014
31,CC DChg,115.55555555556202,-1.6999,3.7014
31,CC DChg,115.65555555556784,-1.6999,3.7013
31,CC DChg,115.75555555557366,-1.6999,3.7013
31,CC DChg,115.85555555555038,-1.6999,3.7013
31,CC DChg,115.9555555555562,-1.6999,3.7013
31,CC DChg,116.05555555556202,-1.6999,3.7012
31,CC DChg,116.15555555556784,-1.6999,3.7012
31,CC DChg,116.25555555557366,-1.6999,3.7011
31,CC DChg,116.35555555555038,-1.6999,3.7011
31,CC DChg,116.4555555555562,-1.6999,3.7011
31,CC DChg,116.55555555556202,-1.6999,3.7011
31,CC DChg,116.65555555556784,-1.6999,3.7011
31,CC DChg,116.75555555557366,-1.6999,3.701
31,CC DChg,116.85555555555038,-1.6999,3.701
31,CC DChg,116.9555555555562,-1.6999,3.701
31,CC DChg,117.05555555556202,-1.6999,3.701
31,CC DChg,117.15555555556784,-1.6999,3.701
31,CC DChg,117.25555555557366,-1.6999,3.7009
31,CC DChg,117.35555555555038,-1.6999,3.7009
31,CC DChg,117.4555555555562,-1.6999,3.7009
31,CC DChg,117.55555555556202,-1.6999,3.7008
31,CC DChg,117.65555555556784,-1.6999,3.7008
31,CC DChg,117.75555555557366,-1.6999,3.7008
31,CC DChg,117.85555555555038,-1.6999,3.7008
31,CC DChg,117.9555555555562,-1.6999,3.7007
31,CC DChg,118.05555555556202,-1.6999,3.7007
31,CC DChg,118.15555555556784,-1.6999,3.7007
31,CC DChg,118.25555555557366,-1.6999,3.7007
31,CC DChg,118.35555555555038,-1.6999,3.7007
31,CC DChg,118.4555555555562,-1.6999,3.7006
31,CC DChg,118.55555555556202,-1.6999,3.7006
31,CC DChg,118.65555555556784,-1.6999,3.7005
31,CC DChg,118.75555555557366,-1.6999,3.7005
31,CC DChg,118.85555555555038,-1.6999,3.7005
31,CC DChg,118.9555555555562,-1.6999,3.7005
31,CC DChg,119.05555555556202,-1.6999,3.7005
31,CC DChg,119.15555555556784,-1.6999,3.7005
31,CC DChg,119.25555555557366,-1.6999,3.7005
31,CC DChg,119.35555555555038,-1.6999,3.7004
31,CC DChg,119.4555555555562,-1.6999,3.7004
31,CC DChg,119.55555555556202,-1.6999,3.7004
31,CC DChg,119.65555555556784,-1.6999,3.7003
31,CC DChg,119.75555555557366,-1.6999,3.7003
31,CC DChg,119.85555555555038,-1.6999,3.7002
31,CC DChg,119.9555555555562,-1.6999,3.7003
31,CC DChg,120.05555555556202,-1.6999,3.7002
31,CC DChg,120.15555555556784,-1.6999,3.7002
31,CC DChg,120.25555555557366,-1.6999,3.7002
31,CC DChg,120.35555555555038,-1.6999,3.7001
31,CC DChg,120.4555555555562,-1.6999,3.7001
31,CC DChg,120.55555555556202,-1.6999,3.7001
31,CC DChg,120.65555555556784,-1.6999,3.7001
31,CC DChg,120.75555555557366,-1.6999,3.7
31,CC DChg,120.85555555555038,-1.6999,3.7
31,CC DChg,120.9555555555562,-1.6999,3.7
31,CC DChg,121.05555555556202,-1.6999,3.7
31,CC DChg,121.15555555556784,-1.6999,3.6999
31,CC DChg,121.25555555557366,-1.6999,3.6999
31,CC DChg,121.35555555555038,-1.6999,3.6999
31,CC DChg,121.4555555555562,-1.6999,3.6998
31,CC DChg,121.55555555556202,-1.6999,3.6998
31,CC DChg,121.65555555556784,-1.6999,3.6998
31,CC DChg,121.75555555557366,-1.6999,3.6998
31,CC DChg,121.85555555555038,-1.6999,3.6998
31,CC DChg,121.9555555555562,-1.6999,3.6997
31,CC DChg,122.05555555556202,-1.6999,3.6997
31,CC DChg,122.15555555556784,-1.6999,3.6997
31,CC DChg,122.25555555557366,-1.6999,3.6997
31,CC DChg,122.35555555555038,-1.6999,3.6996
31,CC DChg,122.4555555555562,-1.6999,3.6996
31,CC DChg,122.55555555556202,-1.6999,3.6996
31,CC DChg,122.65555555556784,-1.6999,3.6995
31,CC DChg,122.75555555557366,-1.6999,3.6995
31,CC DChg,122.85555555555038,-1.6999,3.6995
31,CC DChg,122.9555555555562,-1.6999,3.6995
31,CC DChg,123.05555555556202,-1.6999,3.6994
31,CC DChg,123.15555555556784,-1.6999,3.6994
31,CC DChg,123.25555555557366,-1.6999,3.6994
31,CC DChg,123.35555555555038,-1.6999,3.6994
31,CC DChg,123.4555555555562,-1.6999,3.6994
31,CC DChg,123.55555555556202,-1.6999,3.6994
31,CC DChg,123.65555555556784,-1.6999,3.6993
31,CC DChg,123.75555555557366,-1.6999,3.6993
31,CC DChg,123.85555555555038,-1.6999,3.6992
31,CC DChg,123.9555555555562,-1.6999,3.6992
31,CC DChg,124.05555555556202,-1.6999,3.6992
31,CC DChg,124.15555555556784,-1.6999,3.6992
31,CC DChg,124.25555555557366,-1.6999,3.6991
31,CC DChg,124.35555555555038,-1.6999,3.6991
31,CC DChg,124.4555555555562,-1.6999,3.6991
31,CC DChg,124.55555555556202,-1.6999,3.6991
31,CC DChg,124.65555555556784,-1.6999,3.699
31,CC DChg,124.75555555557366,-1.6999,3.699
31,CC DChg,124.85555555555038,-1.6999,3.699
31,CC DChg,124.9555555555562,-1.6999,3.6989
31,CC DChg,125.05555555556202,-1.6999,3.6989
31,CC DChg,125.15555555556784,-1.6999,3.6989
31,CC DChg,125.25555555557366,-1.6999,3.6989
31,CC DChg,125.35555555555038,-1.6999,3.6988
31,CC DChg,125.4555555555562,-1.6999,3.6988
31,CC DChg,125.55555555556202,-1.6999,3.6988
31,CC DChg,125.65555555556784,-1.6999,3.6988
31,CC DChg,125.75555555557366,-1.6999,3.6988
31,CC DChg,125.85555555555038,-1.6999,3.6987
31,CC DChg,125.9555555555562,-1.6999,3.6987
31,CC DChg,126.05555555556202,-1.6999,3.6987
31,CC DChg,126.15555555556784,-1.6999,3.6987
31,CC DChg,126.25555555557366,-1.6999,3.6987
31,CC DChg,126.35555555555038,-1.6999,3.6986
31,CC DChg,126.4555555555562,-1.6999,3.6986
31,CC DChg,126.55555555556202,-1.6999,3.6986
31,CC DChg,126.65555555556784,-1.6999,3.6986
31,CC DChg,126.75555555557366,-1.6999,3.6986
31,CC DChg,126.85555555555038,-1.6999,3.6985
31,CC DChg,126.9555555555562,-1.6999,3.6985
31,CC DChg,127.05555555556202,-1.6999,3.6985
31,CC DChg,127.15555555556784,-1.6999,3.6985
31,CC DChg,127.25555555557366,-1.6999,3.6984
31,CC DChg,127.35555555555038,-1.6999,3.6983
31,CC DChg,127.4555555555562,-1.6999,3.6984
31,CC DChg,127.55555555556202,-1.6999,3.6983
31,CC DChg,127.65555555556784,-1.6999,3.6983
31,CC DChg,127.75555555557366,-1.6999,3.6983
31,CC DChg,127.85555555555038,-1.6999,3.6983
31,CC DChg,127.9555555555562,-1.6999,3.6983
31,CC DChg,128.05555555556202,-1.6999,3.6982
31,CC DChg,128.15555555556784,-1.6999,3.6982
31,CC DChg,128.25555555557366,-1.6999,3.6982
31,CC DChg,128.35555555555038,-1.6999,3.6982
31,CC DChg,128.4555555555562,-1.6999,3.6981
31,CC DChg,128.55555555556202,-1.6999,3.6981
31,CC DChg,128.65555555556784,-1.6999,3.6981
31,CC DChg,128.75555555557366,-1.6999,3.6981
31,CC DChg,128.85555555555038,-1.6999,3.698
31,CC DChg,128.9555555555562,-1.6999,3.698
31,CC DChg,129.05555555556202,-1.6999,3.698
31,CC DChg,129.15555555556784,-1.6999,3.698
31,CC DChg,129.25555555557366,-1.6999,3.6979
31,CC DChg,129.35555555555038,-1.6999,3.6979
31,CC DChg,129.4555555555562,-1.6999,3.6979
31,CC DChg,129.55555555556202,-1.6999,3.6979
31,CC DChg,129.65555555556784,-1.6999,3.6978
31,CC DChg,129.75555555557366,-1.6999,3.6978
31,CC DChg,129.85555555555038,-1.6999,3.6978
31,CC DChg,129.9555555555562,-1.6999,3.6977
31,CC DChg,130.05555555556202,-1.6999,3.6977
31,CC DChg,130.15555555556784,-1.6999,3.6977
31,CC DChg,130.25555555557366,-1.6999,3.6977
31,CC DChg,130.35555555555038,-1.6999,3.6976
31,CC DChg,130.4555555555562,-1.6999,3.6976
31,CC DChg,130.55555555556202,-1.6999,3.6976
31,CC DChg,130.65555555556784,-1.6999,3.6976
31,CC DChg,130.75555555557366,-1.6999,3.6976
31,CC DChg,130.85555555555038,-1.6999,3.6975
31,CC DChg,130.9555555555562,-1.6999,3.6975
31,CC DChg,131.05555555556202,-1.6999,3.6975
31,CC DChg,131.15555555556784,-1.6999,3.6975
31,CC DChg,131.25555555557366,-1.6999,3.6975
31,CC DChg,131.35555555555038,-1.6999,3.6975
31,CC DChg,131.4555555555562,-1.6999,3.6974
31,CC DChg,131.55555555556202,-1.6999,3.6974
31,CC DChg,131.65555555556784,-1.6999,3.6974
31,CC DChg,131.75555555557366,-1.6999,3.6973
31,CC DChg,131.85555555555038,-1.6999,3.6974
31,CC DChg,131.9555555555562,-1.6999,3.6973
31,CC DChg,132.05555555556202,-1.6999,3.6972
31,CC DChg,132.15555555556784,-1.6999,3.6972
31,CC DChg,132.25555555557366,-1.6999,3.6972
31,CC DChg,132.35555555555038,-1.6999,3.6972
31,CC DChg,132.4555555555562,-1.6999,3.6972
31,CC DChg,132.55555555556202,-1.6999,3.6972
31,CC DChg,132.65555555556784,-1.6999,3.6971
31,CC DChg,132.75555555557366,-1.6999,3.6971
31,CC DChg,132.85555555555038,-1.6999,3.6971
31,CC DChg,132.9555555555562,-1.6999,3.6971
31,CC DChg,133.05555555556202,-1.6999,3.697
31,CC DChg,133.15555555556784,-1.6999,3.697
31,CC DChg,133.25555555557366,-1.6999,3.697
31,CC DChg,133.35555555555038,-1.6999,3.697
31,CC DChg,133.4555555555562,-1.6999,3.6969
31,CC DChg,133.55555555556202,-1.6999,3.6969
31,CC DChg,133.65555555556784,-1.6999,3.6969
31,CC DChg,133.75555555557366,-1.6999,3.6969
31,CC DChg,133.85555555555038,-1.6999,3.6969
31,CC DChg,133.9555555555562,-1.6999,3.6968
31,CC DChg,134.05555555556202,-1.6999,3.6968
31,CC DChg,134.15555555556784,-1.6999,3.6968
31,CC DChg,134.25555555557366,-1.6999,3.6967
31,CC DChg,134.35555555555038,-1.6999,3.6967
31,CC DChg,134.4555555555562,-1.6999,3.6967
31,CC DChg,134.55555555556202,-1.6999,3.6967
31,CC DChg,134.65555555556784,-1.6999,3.6966
31,CC DChg,134.75555555557366,-1.6999,3.6966
31,CC DChg,134.85555555555038,-1.6999,3.6966
31,CC DChg,134.9555555555562,-1.6999,3.6966
31,CC DChg,135.05555555556202,-1.6999,3.6965
31,CC DChg,135.15555555556784,-1.6999,3.6965
31,CC DChg,135.25555555557366,-1.6999,3.6965
31,CC DChg,135.35555555555038,-1.6999,3.6965
31,CC DChg,135.4555555555562,-1.6999,3.6965
31,CC DChg,135.55555555556202,-1.6999,3.6964
31,CC DChg,135.65555555556784,-1.6999,3.6964
31,CC DChg,135.75555555557366,-1.6999,3.6964
31,CC DChg,135.85555555555038,-1.6999,3.6964
31,CC DChg,135.9555555555562,-1.6999,3.6964
31,CC DChg,136.05555555556202,-1.6999,3.6963
31,CC DChg,136.15555555556784,-1.6999,3.6963
31,CC DChg,136.25555555557366,-1.6999,3.6962
31,CC DChg,136.35555555555038,-1.6999,3.6962
31,CC DChg,136.4555555555562,-1.6999,3.6962
31,CC DChg,136.55555555556202,-1.6999,3.6962
31,CC DChg,136.65555555556784,-1.6999,3.6962
31,CC DChg,136.75555555557366,-1.6999,3.6961
31,CC DChg,136.85555555555038,-1.6999,3.6961
31,CC DChg,136.9555555555562,-1.6999,3.6961
31,CC DChg,137.05555555556202,-1.6999,3.6961
31,CC DChg,137.15555555556784,-1.6999,3.6961
31,CC DChg,137.25555555557366,-1.6999,3.696
31,CC DChg,137.35555555555038,-1.6999,3.696
31,CC DChg,137.4555555555562,-1.6999,3.696
31,CC DChg,137.55555555556202,-1.6999,3.696
31,CC DChg,137.65555555556784,-1.6999,3.6959
31,CC DChg,137.75555555557366,-1.6999,3.6959
31,CC DChg,137.85555555555038,-1.6999,3.6959
31,CC DChg,137.9555555555562,-1.6999,3.6959
31,CC DChg,138.05555555556202,-1.6999,3.6959
31,CC DChg,138.15555555556784,-1.6999,3.6959
31,CC DChg,138.25555555557366,-1.6999,3.6958
31,CC DChg,138.35555555555038,-1.6999,3.6958
31,CC DChg,138.4555555555562,-1.6999,3.6958
31,CC DChg,138.55555555556202,-1.6999,3.6957
31,CC DChg,138.65555555556784,-1.6999,3.6957
31,CC DChg,138.75555555557366,-1.6999,3.6957
31,CC DChg,138.85555555555038,-1.6999,3.6957
31,CC DChg,138.9555555555562,-1.6999,3.6956
31,CC DChg,139.05555555556202,-1.6999,3.6956
31,CC DChg,139.15555555556784,-1.6999,3.6956
31,CC DChg,139.25555555557366,-1.6999,3.6956
31,CC DChg,139.35555555555038,-1.6999,3.6955
31,CC DChg,139.4555555555562,-1.6999,3.6955
31,CC DChg,139.55555555556202,-1.6999,3.6955
31,CC DChg,139.65555555556784,-1.6999,3.6955
31,CC DChg,139.75555555557366,-1.6999,3.6955
31,CC DChg,139.85555555555038,-1.6999,3.6955
31,CC DChg,139.9555555555562,-1.6999,3.6954
31,CC DChg,140.05555555556202,-1.6999,3.6954
31,CC DChg,140.15555555556784,-1.6999,3.6954
31,CC DChg,140.25555555557366,-1.6999,3.6954
31,CC DChg,140.35555555555038,-1.6999,3.6953
31,CC DChg,140.4555555555562,-1.6999,3.6953
31,CC DChg,140.55555555556202,-1.6999,3.6953
31,CC DChg,140.65555555556784,-1.6999,3.6953
31,CC DChg,140.75555555557366,-1.6999,3.6952
31,CC DChg,140.85555555555038,-1.6999,3.6952
31,CC DChg,140.9555555555562,-1.6999,3.6952
31,CC DChg,141.05555555556202,-1.6999,3.6951
31,CC DChg,141.15555555556784,-1.6999,3.6951
31,CC DChg,141.25555555557366,-1.6999,3.6951
31,CC DChg,141.35555555555038,-1.6999,3.6951
31,CC DChg,141.4555555555562,-1.6999,3.6951
31,CC DChg,141.55555555556202,-1.6999,3.695
31,CC DChg,141.65555555556784,-1.6999,3.695
31,CC DChg,141.75555555557366,-1.6999,3.695
31,CC DChg,141.85555555555038,-1.6999,3.695
31,CC DChg,141.9555555555562,-1.6999,3.6949
31,CC DChg,142.05555555556202,-1.6999,3.6949
31,CC DChg,142.15555555556784,-1.6999,3.6949
31,CC DChg,142.25555555557366,-1.6999,3.6949
31,CC DChg,142.35555555555038,-1.6999,3.6948
31,CC DChg,142.4555555555562,-1.6999,3.6948
31,CC DChg,142.55555555556202,-1.6999,3.6948
31,CC DChg,142.65555555556784,-1.6999,3.6947
31,CC DChg,142.75555555557366,-1.6999,3.6947
31,CC DChg,142.85555555555038,-1.6999,3.6947
31,CC DChg,142.9555555555562,-1.6999,3.6947
31,CC DChg,143.05555555556202,-1.6999,3.6946
31,CC DChg,143.15555555556784,-1.6999,3.6946
31,CC DChg,143.25555555557366,-1.6999,3.6946
31,CC DChg,143.35555555555038,-1.6999,3.6946
31,CC DChg,143.4555555555562,-1.6999,3.6945
31,CC DChg,143.55555555556202,-1.6999,3.6945
31,CC DChg,143.65555555556784,-1.6999,3.6945
31,CC DChg,143.75555555557366,-1.6999,3.6945
31,CC DChg,143.85555555555038,-1.6999,3.6945
31,CC DChg,143.9555555555562,-1.6999,3.6944
31,CC DChg,144.05555555556202,-1.6999,3.6944
31,CC DChg,144.15555555556784,-1.6999,3.6944
31,CC DChg,144.25555555557366,-1.6999,3.6944
31,CC DChg,144.35555555555038,-1.6999,3.6944
31,CC DChg,144.4555555555562,-1.6999,3.6944
31,CC DChg,144.55555555556202,-1.6999,3.6943
31,CC DChg,144.65555555556784,-1.6999,3.6943
31,CC DChg,144.75555555557366,-1.6999,3.6943
31,CC DChg,144.85555555555038,-1.6999,3.6943
31,CC DChg,144.9555555555562,-1.6999,3.6942
31,CC DChg,145.05555555556202,-1.6999,3.6942
31,CC DChg,145.15555555556784,-1.6999,3.6942
31,CC DChg,145.25555555557366,-1.6999,3.6942
31,CC DChg,145.35555555555038,-1.6999,3.6941
31,CC DChg,145.4555555555562,-1.6999,3.6941
31,CC DChg,145.55555555556202,-1.6999,3.6941
31,CC DChg,145.65555555556784,-1.6999,3.6941
31,CC DChg,145.75555555557366,-1.6999,3.6941
31,CC DChg,145.85555555555038,-1.6999,3.6941
31,CC DChg,145.9555555555562,-1.6999,3.694
31,CC DChg,146.05555555556202,-1.6999,3.694
31,CC DChg,146.15555555556784,-1.6999,3.694
31,CC DChg,146.25555555557366,-1.6999,3.6939
31,CC DChg,146.35555555555038,-1.6999,3.6939
31,CC DChg,146.4555555555562,-1.6999,3.6939
31,CC DChg,146.55555555556202,-1.6999,3.6938
31,CC DChg,146.65555555556784,-1.6999,3.6939
31,CC DChg,146.75555555557366,-1.6999,3.6938
31,CC DChg,146.85555555555038,-1.6999,3.6938
31,CC DChg,146.9555555555562,-1.6999,3.6938
31,CC DChg,147.05555555556202,-1.6999,3.6938
31,CC DChg,147.15555555556784,-1.6999,3.6937
31,CC DChg,147.25555555557366,-1.6999,3.6937
31,CC DChg,147.35555555555038,-1.6998,3.6937
31,CC DChg,147.4555555555562,-1.6998,3.6937
31,CC DChg,147.55555555556202,-1.6998,3.6937
31,CC DChg,147.65555555556784,-1.6998,3.6936
31,CC DChg,147.75555555557366,-1.6998,3.6936
31,CC DChg,147.85555555555038,-1.6998,3.6936
31,CC DChg,147.9555555555562,-1.6998,3.6936
31,CC DChg,148.05555555556202,-1.6998,3.6936
31,CC DChg,148.15555555556784,-1.6998,3.6935
31,CC DChg,148.25555555557366,-1.6998,3.6935
31,CC DChg,148.35555555555038,-1.6998,3.6935
31,CC DChg,148.4555555555562,-1.6998,3.6935
31,CC DChg,148.55555555556202,-1.6998,3.6934
31,CC DChg,148.65555555556784,-1.6998,3.6934
31,CC DChg,148.75555555557366,-1.6998,3.6934
31,CC DChg,148.85555555555038,-1.6998,3.6934
31,CC DChg,148.9555555555562,-1.6998,3.6934
31,CC DChg,149.05555555556202,-1.6998,3.6933
31,CC DChg,149.15555555556784,-1.6998,3.6933
31,CC DChg,149.25555555557366,-1.6998,3.6933
31,CC DChg,149.35555555555038,-1.6998,3.6933
31,CC DChg,149.4555555555562,-1.6998,3.6932
31,CC DChg,149.55555555556202,-1.6998,3.6932
31,CC DChg,149.65555555556784,-1.6998,3.6932
31,CC DChg,149.75555555557366,-1.6998,3.6932
31,CC DChg,149.85555555555038,-1.6998,3.6932
31,CC DChg,149.9555555555562,-1.6998,3.6931
31,CC DChg,150.05555555556202,-1.6998,3.6931
31,CC DChg,150.15555555556784,-1.6998,3.6931
31,CC DChg,150.25555555557366,-1.6998,3.6931
31,CC DChg,150.35555555555038,-1.6998,3.6931
31,CC DChg,150.4555555555562,-1.6998,3.6931
31,CC DChg,150.55555555556202,-1.6998,3.693
31,CC DChg,150.65555555556784,-1.6998,3.693
31,CC DChg,150.75555555557366,-1.6998,3.693
31,CC DChg,150.85555555555038,-1.6998,3.693
31,CC DChg,150.9555555555562,-1.6998,3.693
31,CC DChg,151.05555555556202,-1.6998,3.6929
31,CC DChg,151.15555555556784,-1.6998,3.6929
31,CC DChg,151.25555555557366,-1.6998,3.6929
31,CC DChg,151.35555555555038,-1.6998,3.6929
31,CC DChg,151.4555555555562,-1.6998,3.6928
31,CC DChg,151.54722222223063,-1.6998,3.6928
31,CC DChg,151.63888888887595,-1.6998,3.6928
31,CC DChg,151.73055555555038,-1.6998,3.6928
31,CC DChg,151.8222222221957,-1.6998,3.6927
32,Rest,151.91388888887013,0.0,3.7727
32,Rest,152.00555555557366,0.0,3.7727
32,Rest,152.09722222218988,0.0,3.7731
32,Rest,152.18888888889342,0.0,3.774
32,Rest,152.28055555556784,0.0,3.7748
32,Rest,152.37222222221317,0.0,3.7754
32,Rest,152.4638888888876,0.0,3.7759
32,Rest,152.56313131315983,0.0,3.7763
32,Rest,152.66237373737385,0.0,3.7767
32,Rest,152.76161616158788,0.0,3.7771
32,Rest,152.86085858586011,0.0,3.7775
32,Rest,152.96010101007414,0.0,3.7778
32,Rest,153.05934343437548,0.0,3.7781
32,Rest,153.1585858585895,0.0,3.7783
32,Rest,153.25782828283263,0.0,3.7786
32,Rest,153.35707070707576,0.0,3.7788
32,Rest,153.4563131313189,0.0,3.7791
32,Rest,153.55624426080612,0.0,3.7793
32,Rest,153.65617539026425,0.0,3.7796
32,Rest,153.75610651975148,0.0,3.7797
32,Rest,153.85603764923871,0.0,3.7799
32,Rest,153.95596877872595,0.0,3.7801
32,Rest,154.05589990821318,0.0,3.7804
32,Rest,154.1558310376422,0.0,3.7805
32,Rest,154.25576216715854,0.0,3.7807
32,Rest,154.35569329658756,0.0,3.7809
32,Rest,154.4556244260748,0.0,3.7811
32,Rest,154.5556181651482,0.0,3.7812
32,Rest,154.65561190416338,0.0,3.7814
32,Rest,154.75560564320767,0.0,3.7816
32,Rest,154.85559938225197,0.0,3.7818
32,Rest,154.95559312129626,0.0,3.7819
32,Rest,155.05558686036966,0.0,3.7821
32,Rest,155.15558059941395,0.0,3.7822
32,Rest,155.25557433842914,0.0,3.7824
32,Rest,155.35556807747344,0.0,3.7825
32,Rest,155.45556181651773,0.0,3.7827
32,Rest,155.55556124731083,0.0,3.7828
32,Rest,155.65556067816215,0.0,3.783
32,Rest,155.75556010901346,0.0,3.7831
32,Rest,155.85555953980656,0.0,3.7832
32,Rest,155.95555897062877,0.0,3.7833
32,Rest,156.05555840145098,0.0,3.7835
32,Rest,156.1555578322732,0.0,3.7836
32,Rest,156.2555572631245,0.0,3.7838
32,Rest,156.3555566939758,0.0,3.7839
32,Rest,156.45555612476892,0.0,3.784
32,Rest,156.55555607299902,0.0,3.7841
32,Rest,156.65555602125823,0.0,3.7843
32,Rest,156.75555596957565,0.0,3.7844
32,Rest,156.85555591774755,0.0,3.7845
32,Rest,156.95555586603587,0.0,3.7846
32,Rest,157.05555581426597,0.0,3.7847
32,Rest,157.15555576252518,0.0,3.7849
32,Rest,157.2555557107553,0.0,3.785
32,Rest,157.3555556590436,0.0,3.7851
32,Rest,157.4555556072737,0.0,3.7852
32,Rest,157.5555556025938,0.0,3.7854
32,Rest,157.6555555978848,0.0,3.7854
32,Rest,157.75555559320492,0.0,3.7855
32,Rest,157.85555558849592,0.0,3.7857
32,Rest,157.95555558381602,0.0,3.7858
32,Rest,158.05555557907792,0.0,3.7859
32,Rest,158.15555557436892,0.0,3.786
32,Rest,158.25555556965992,0.0,3.7861
32,Rest,158.35555556500913,0.0,3.7862
32,Rest,158.45555556027102,0.0,3.7863
32,Rest,158.5555555598403,0.0,3.7864
32,Rest,158.65555555940955,0.0,3.7865
32,Rest,158.75555555900792,0.0,3.7866
32,Rest,158.85555555854808,0.0,3.7867
32,Rest,158.95555555811734,0.0,3.7868
32,Rest,159.0555555576866,0.0,3.787
32,Rest,159.15555555725587,0.0,3.787
32,Rest,159.25555555685423,0.0,3.7871
32,Rest,159.3555555564526,0.0,3.7872
32,Rest,159.45555555599276,0.0,3.7873
32,Rest,159.55555555596948,0.0,3.7874
32,Rest,159.6555555559753,0.0,3.7875
32,Rest,159.7555555558647,0.0,3.7876
32,Rest,159.85555555584142,0.0,3.7877
32,Rest,159.95555555578903,0.0,3.7878
32,Rest,160.05555555576575,0.0,3.7878
32,Rest,160.15555555568426,0.0,3.788
32,Rest,160.25555555569008,0.0,3.7881
32,Rest,160.3555555556377,0.0,3.7881
32,Rest,160.4555555556144,0.0,3.7882
32,Rest,160.55555555564933,0.0,3.7883
32,Rest,160.65555555559695,0.0,3.7884
32,Rest,160.75555555560277,0.0,3.7885
32,Rest,160.8555555556086,0.0,3.7886
32,Rest,160.9555555555562,0.0,3.7887
32,Rest,161.05555555559113,0.0,3.7888
32,Rest,161.15555555556784,0.0,3.7888
32,Rest,161.25555555557366,0.0,3.789
32,Rest,161.35555555555038,0.0,3.789
32,Rest,161.4555555555562,0.0,3.7891
32,Rest,161.55555555556202,0.0,3.7892
32,Rest,161.65555555556784,0.0,3.7893
32,Rest,161.75555555557366,0.0,3.7894
32,Rest,161.85555555555038,0.0,3.7894
32,Rest,161.9555555555562,0.0,3.7895
32,Rest,162.05555555556202,0.0,3.7896
32,Rest,162.15555555556784,0.0,3.7897
32,Rest,162.25555555557366,0.0,3.7898
32,Rest,162.35555555555038,0.0,3.7899
32,Rest,162.4555555555562,0.0,3.7899
32,Rest,162.55555555556202,0.0,3.79
32,Rest,162.65555555556784,0.0,3.7901
32,Rest,162.75555555557366,0.0,3.7902
32,Rest,162.85555555555038,0.0,3.7902
32,Rest,162.9555555555562,0.0,3.7903
32,Rest,163.05555555556202,0.0,3.7904
32,Rest,163.15555555556784,0.0,3.7904
32,Rest,163.25555555557366,0.0,3.7905
32,Rest,163.35555555555038,0.0,3.7906
32,Rest,163.4555555555562,0.0,3.7907
32,Rest,163.55555555556202,0.0,3.7908
32,Rest,163.65555555556784,0.0,3.7908
32,Rest,163.75555555557366,0.0,3.7909
32,Rest,163.85555555555038,0.0,3.791
32,Rest,163.9555555555562,0.0,3.7911
32,Rest,164.05555555556202,0.0,3.7911
32,Rest,164.15555555556784,0.0,3.7912
32,Rest,164.25555555557366,0.0,3.7913
32,Rest,164.35555555555038,0.0,3.7914
32,Rest,164.4555555555562,0.0,3.7914
32,Rest,164.55555555556202,0.0,3.7915
32,Rest,164.65555555556784,0.0,3.7916
32,Rest,164.75555555557366,0.0,3.7916
32,Rest,164.85555555555038,0.0,3.7917
32,Rest,164.9555555555562,0.0,3.7918
32,Rest,165.05555555556202,0.0,3.7918
32,Rest,165.15555555556784,0.0,3.7919
32,Rest,165.25555555557366,0.0,3.792
32,Rest,165.35555555555038,0.0,3.7921
32,Rest,165.4555555555562,0.0,3.7921
32,Rest,165.55555555556202,0.0,3.7922
32,Rest,165.65555555556784,0.0,3.7923
32,Rest,165.75555555557366,0.0,3.7923
32,Rest,165.85555555555038,0.0,3.7924
32,Rest,165.9555555555562,0.0,3.7925
32,Rest,166.05555555556202,0.0,3.7925
32,Rest,166.15555555556784,0.0,3.7926
32,Rest,166.25555555557366,0.0,3.7927
32,Rest,166.35555555555038,0.0,3.7927
32,Rest,166.4555555555562,0.0,3.7928
32,Rest,166.55555555556202,0.0,3.7929
32,Rest,166.65555555556784,0.0,3.793
32,Rest,166.75555555557366,0.0,3.793
32,Rest,166.85555555555038,0.0,3.7931
32,Rest,166.9555555555562,0.0,3.7931
32,Rest,167.05555555556202,0.0,3.7932
32,Rest,167.15555555556784,0.0,3.7933
32,Rest,167.25555555557366,0.0,3.7933
32,Rest,167.35555555555038,0.0,3.7934
32,Rest,167.4555555555562,0.0,3.7934
32,Rest,167.55555555556202,0.0,3.7935
32,Rest,167.65555555556784,0.0,3.7936
32,Rest,167.75555555557366,0.0,3.7936
32,Rest,167.85555555555038,0.0,3.7937
32,Rest,167.9555555555562,0.0,3.7937
32,Rest,168.05555555556202,0.0,3.7938
32,Rest,168.15555555556784,0.0,3.7939
32,Rest,168.25555555557366,0.0,3.7939
32,Rest,168.35555555555038,0.0,3.794
32,Rest,168.4555555555562,0.0,3.7941
32,Rest,168.55555555556202,0.0,3.7941
32,Rest,168.65555555556784,0.0,3.7942
32,Rest,168.75555555557366,0.0,3.7943
32,Rest,168.85555555555038,0.0,3.7943
32,Rest,168.9555555555562,0.0,3.7944
32,Rest,169.05555555556202,0.0,3.7944
32,Rest,169.15555555556784,0.0,3.7945
32,Rest,169.25555555557366,0.0,3.7946
32,Rest,169.35555555555038,0.0,3.7946
32,Rest,169.4555555555562,0.0,3.7947
32,Rest,169.55555555556202,0.0,3.7947
32,Rest,169.65555555556784,0.0,3.7948
32,Rest,169.75555555557366,0.0,3.7949
32,Rest,169.85555555555038,0.0,3.7949
32,Rest,169.9555555555562,0.0,3.7949
32,Rest,170.05555555556202,0.0,3.795
32,Rest,170.15555555556784,0.0,3.7951
32,Rest,170.25555555557366,0.0,3.7951
32,Rest,170.35555555555038,0.0,3.7952
32,Rest,170.4555555555562,0.0,3.7953
32,Rest,170.55555555556202,0.0,3.7953
32,Rest,170.65555555556784,0.0,3.7954
32,Rest,170.75555555557366,0.0,3.7954
32,Rest,170.85555555555038,0.0,3.7954
32,Rest,170.9555555555562,0.0,3.7955
32,Rest,171.05555555556202,0.0,3.7956
32,Rest,171.15555555556784,0.0,3.7956
32,Rest,171.25555555557366,0.0,3.7957
32,Rest,171.35555555555038,0.0,3.7957
32,Rest,171.4555555555562,0.0,3.7958
32,Rest,171.55555555556202,0.0,3.7958
32,Rest,171.65555555556784,0.0,3.7959
32,Rest,171.75555555557366,0.0,3.796
32,Rest,171.85555555555038,0.0,3.796
32,Rest,171.9555555555562,0.0,3.7961
32,Rest,172.05555555556202,0.0,3.7962
32,Rest,172.15555555556784,0.0,3.7962
32,Rest,172.25555555557366,0.0,3.7962
32,Rest,172.35555555555038,0.0,3.7963
32,Rest,172.4555555555562,0.0,3.7963
32,Rest,172.55555555556202,0.0,3.7964
32,Rest,172.65555555556784,0.0,3.7964
32,Rest,172.75555555557366,0.0,3.7965
32,Rest,172.85555555555038,0.0,3.7966
32,Rest,172.9555555555562,0.0,3.7966
32,Rest,173.05555555556202,0.0,3.7967
32,Rest,173.15555555556784,0.0,3.7967
32,Rest,173.25555555557366,0.0,3.7967
32,Rest,173.35555555555038,0.0,3.7968
32,Rest,173.4555555555562,0.0,3.7968
32,Rest,173.55555555556202,0.0,3.7969
32,Rest,173.65555555556784,0.0,3.7969
32,Rest,173.75555555557366,0.0,3.797
32,Rest,173.85555555555038,0.0,3.797
32,Rest,173.9555555555562,0.0,3.7971
32,Rest,174.05555555556202,0.0,3.7971
32,Rest,174.15555555556784,0.0,3.7972
32,Rest,174.25555555557366,0.0,3.7972
32,Rest,174.35555555555038,0.0,3.7973
32,Rest,174.4555555555562,0.0,3.7973
32,Rest,174.55555555556202,0.0,3.7974
32,Rest,174.65555555556784,0.0,3.7974
32,Rest,174.75555555557366,0.0,3.7975
32,Rest,174.85555555555038,0.0,3.7975
32,Rest,174.9555555555562,0.0,3.7976
32,Rest,175.05555555556202,0.0,3.7976
32,Rest,175.15555555556784,0.0,3.7977
32,Rest,175.25555555557366,0.0,3.7977
32,Rest,175.35555555555038,0.0,3.7978
32,Rest,175.4555555555562,0.0,3.7978
32,Rest,175.55555555556202,0.0,3.7979
32,Rest,175.65555555556784,0.0,3.7979
32,Rest,175.75555555557366,0.0,3.798
32,Rest,175.85555555555038,0.0,3.798
32,Rest,175.9555555555562,0.0,3.798
32,Rest,176.05555555556202,0.0,3.7981
32,Rest,176.15555555556784,0.0,3.7981
32,Rest,176.25555555557366,0.0,3.7982
32,Rest,176.35555555555038,0.0,3.7982
32,Rest,176.4555555555562,0.0,3.7983
32,Rest,176.55555555556202,0.0,3.7983
32,Rest,176.65555555556784,0.0,3.7984
32,Rest,176.75555555557366,0.0,3.7984
32,Rest,176.85555555555038,0.0,3.7984
32,Rest,176.9555555555562,0.0,3.7985
32,Rest,177.05555555556202,0.0,3.7985
32,Rest,177.15555555556784,0.0,3.7985
32,Rest,177.25555555557366,0.0,3.7986
32,Rest,177.35555555555038,0.0,3.7986
32,Rest,177.4555555555562,0.0,3.7987
32,Rest,177.55555555556202,0.0,3.7987
32,Rest,177.65555555556784,0.0,3.7988
32,Rest,177.75555555557366,0.0,3.7988
32,Rest,177.85555555555038,0.0,3.7988
32,Rest,177.9555555555562,0.0,3.7989
32,Rest,178.05555555556202,0.0,3.7989
32,Rest,178.15555555556784,0.0,3.799
32,Rest,178.25555555557366,0.0,3.799
32,Rest,178.35555555555038,0.0,3.7991
32,Rest,178.4555555555562,0.0,3.7991
32,Rest,178.55555555556202,0.0,3.7991
32,Rest,178.65555555556784,0.0,3.7991
32,Rest,178.75555555557366,0.0,3.7992
32,Rest,178.85555555555038,0.0,3.7993
32,Rest,178.9555555555562,0.0,3.7993
32,Rest,179.05555555556202,0.0,3.7993
32,Rest,179.15555555556784,0.0,3.7994
32,Rest,179.25555555557366,0.0,3.7994
32,Rest,179.35555555555038,0.0,3.7995
32,Rest,179.4555555555562,0.0,3.7995
32,Rest,179.55555555556202,0.0,3.7996
32,Rest,179.65555555556784,0.0,3.7997
32,Rest,179.75555555557366,0.0,3.7997
32,Rest,179.85555555555038,0.0,3.7997
32,Rest,179.9555555555562,0.0,3.7998
32,Rest,180.05555555556202,0.0,3.7998
32,Rest,180.15555555556784,0.0,3.7999
32,Rest,180.25555555557366,0.0,3.7999
32,Rest,180.35555555555038,0.0,3.7999
32,Rest,180.4555555555562,0.0,3.7999
32,Rest,180.55555555556202,0.0,3.8
32,Rest,180.65555555556784,0.0,3.8
32,Rest,180.75555555557366,0.0,3.8001
32,Rest,180.85555555555038,0.0,3.8001
32,Rest,180.9555555555562,0.0,3.8002
32,Rest,181.05555555556202,0.0,3.8002
32,Rest,181.15555555556784,0.0,3.8002
32,Rest,181.25555555557366,0.0,3.8003
32,Rest,181.35555555555038,0.0,3.8003
32,Rest,181.4555555555562,0.0,3.8004
32,Rest,181.55555555556202,0.0,3.8004
32,Rest,181.65555555556784,0.0,3.8004
32,Rest,181.75555555557366,0.0,3.8005
32,Rest,181.85555555555038,0.0,3.8005
32,Rest,181.9555555555562,0.0,3.8005
32,Rest,182.05555555556202,0.0,3.8006
32,Rest,182.15555555556784,0.0,3.8006
32,Rest,182.25555555557366,0.0,3.8006
32,Rest,182.35555555555038,0.0,3.8006
32,Rest,182.4555555555562,0.0,3.8007
32,Rest,182.55555555556202,0.0,3.8007
32,Rest,182.65555555556784,0.0,3.8008
32,Rest,182.75555555557366,0.0,3.8008
32,Rest,182.85555555555038,0.0,3.8008
32,Rest,182.9555555555562,0.0,3.8009
32,Rest,183.05555555556202,0.0,3.8009
32,Rest,183.15555555556784,0.0,3.8009
32,Rest,183.25555555557366,0.0,3.801
32,Rest,183.35555555555038,0.0,3.801
32,Rest,183.4555555555562,0.0,3.8011
32,Rest,183.55555555556202,0.0,3.8011
32,Rest,183.65555555556784,0.0,3.8011
32,Rest,183.75555555557366,0.0,3.8012
32,Rest,183.85555555555038,0.0,3.8012
32,Rest,183.9555555555562,0.0,3.8012
32,Rest,184.05555555556202,0.0,3.8013
32,Rest,184.15555555556784,0.0,3.8013
32,Rest,184.25555555557366,0.0,3.8014
32,Rest,184.35555555555038,0.0,3.8014
32,Rest,184.4555555555562,0.0,3.8014
32,Rest,184.55555555556202,0.0,3.8015
32,Rest,184.65555555556784,0.0,3.8015
32,Rest,184.75555555557366,0.0,3.8015
32,Rest,184.85555555555038,0.0,3.8016
32,Rest,184.9555555555562,0.0,3.8016
32,Rest,185.05555555556202,0.0,3.8016
32,Rest,185.15555555556784,0.0,3.8017
32,Rest,185.25555555557366,0.0,3.8017
32,Rest,185.35555555555038,0.0,3.8017
32,Rest,185.4555555555562,0.0,3.8018
32,Rest,185.55555555556202,0.0,3.8018
32,Rest,185.65555555556784,0.0,3.8019
32,Rest,185.75555555557366,0.0,3.8019
32,Rest,185.85555555555038,0.0,3.8019
32,Rest,185.9555555555562,0.0,3.802
32,Rest,186.05555555556202,0.0,3.802
32,Rest,186.15555555556784,0.0,3.802
32,Rest,186.25555555557366,0.0,3.8021
32,Rest,186.35555555555038,0.0,3.8021
32,Rest,186.4555555555562,0.0,3.8021
32,Rest,186.55555555556202,0.0,3.8021
32,Rest,186.65555555556784,0.0,3.8022
32,Rest,186.75555555557366,0.0,3.8022
32,Rest,186.85555555555038,0.0,3.8023
32,Rest,186.9555555555562,0.0,3.8023
32,Rest,187.05555555556202,0.0,3.8023
32,Rest,187.15555555556784,0.0,3.8023
32,Rest,187.25555555557366,0.0,3.8024
32,Rest,187.35555555555038,0.0,3.8024
32,Rest,187.4555555555562,0.0,3.8024
32,Rest,187.55555555556202,0.0,3.8024
32,Rest,187.65555555556784,0.0,3.8025
32,Rest,187.75555555557366,0.0,3.8025
32,Rest,187.85555555555038,0.0,3.8026
32,Rest,187.9555555555562,0.0,3.8026
32,Rest,188.05555555556202,0.0,3.8026
32,Rest,188.15555555556784,0.0,3.8027
32,Rest,188.25555555557366,0.0,3.8026
32,Rest,188.35555555555038,0.0,3.8027
32,Rest,188.4555555555562,0.0,3.8027
32,Rest,188.55555555556202,0.0,3.8027
32,Rest,188.65555555556784,0.0,3.8028
32,Rest,188.75555555557366,0.0,3.8028
32,Rest,188.85555555555038,0.0,3.8029
32,Rest,188.9555555555562,0.0,3.8029
32,Rest,189.05555555556202,0.0,3.8029
32,Rest,189.15555555556784,0.0,3.8029
32,Rest,189.25555555557366,0.0,3.8029
32,Rest,189.35555555555038,0.0,3.803
32,Rest,189.4555555555562,0.0,3.803
32,Rest,189.55555555556202,0.0,3.8031
32,Rest,189.65555555556784,0.0,3.8031
32,Rest,189.75555555557366,0.0,3.8031
32,Rest,189.85555555555038,0.0,3.8032
32,Rest,189.9555555555562,0.0,3.8032
32,Rest,190.05555555556202,0.0,3.8032
32,Rest,190.15555555556784,0.0,3.8033
32,Rest,190.25555555557366,0.0,3.8033
32,Rest,190.35555555555038,0.0,3.8033
32,Rest,190.4555555555562,0.0,3.8033
32,Rest,190.55555555556202,0.0,3.8034
32,Rest,190.65555555556784,0.0,3.8034
32,Rest,190.75555555557366,0.0,3.8034
32,Rest,190.85555555555038,0.0,3.8035
32,Rest,190.9555555555562,0.0,3.8035
32,Rest,191.05555555556202,0.0,3.8035
32,Rest,191.15555555556784,0.0,3.8035
32,Rest,191.25555555557366,0.0,3.8036
32,Rest,191.35555555555038,0.0,3.8036
32,Rest,191.4555555555562,0.0,3.8036
32,Rest,191.55555555556202,0.0,3.8036
32,Rest,191.65555555556784,0.0,3.8037
32,Rest,191.75555555557366,0.0,3.8037
32,Rest,191.85555555555038,0.0,3.8037
32,Rest,191.9555555555562,0.0,3.8038
32,Rest,192.05555555556202,0.0,3.8038
32,Rest,192.15555555556784,0.0,3.8038
32,Rest,192.25555555557366,0.0,3.8039
32,Rest,192.35555555555038,0.0,3.8039
32,Rest,192.4555555555562,0.0,3.8039
32,Rest,192.55555555556202,0.0,3.8039
32,Rest,192.65555555556784,0.0,3.804
32,Rest,192.75555555557366,0.0,3.804
32,Rest,192.85555555555038,0.0,3.804
32,Rest,192.9555555555562,0.0,3.804
32,Rest,193.05555555556202,0.0,3.8041
32,Rest,193.15555555556784,0.0,3.8041
32,Rest,193.25555555557366,0.0,3.8041
32,Rest,193.35555555555038,0.0,3.8042
32,Rest,193.4555555555562,0.0,3.8042
32,Rest,193.55555555556202,0.0,3.8042
32,Rest,193.65555555556784,0.0,3.8042
32,Rest,193.75555555557366,0.0,3.8042
32,Rest,193.85555555555038,0.0,3.8043
32,Rest,193.9555555555562,0.0,3.8043
32,Rest,194.05555555556202,0.0,3.8044
32,Rest,194.15555555556784,0.0,3.8044
32,Rest,194.25555555557366,0.0,3.8044
32,Rest,194.35555555555038,0.0,3.8044
32,Rest,194.4555555555562,0.0,3.8045
32,Rest,194.55555555556202,0.0,3.8045
32,Rest,194.65555555556784,0.0,3.8045
32,Rest,194.75555555557366,0.0,3.8045
32,Rest,194.85555555555038,0.0,3.8046
32,Rest,194.9555555555562,0.0,3.8046
32,Rest,195.05555555556202,0.0,3.8046
32,Rest,195.15555555556784,0.0,3.8046
32,Rest,195.25555555557366,0.0,3.8047
32,Rest,195.35555555555038,0.0,3.8047
32,Rest,195.4555555555562,0.0,3.8047
32,Rest,195.55555555556202,0.0,3.8047
32,Rest,195.65555555556784,0.0,3.8048
32,Rest,195.75555555557366,0.0,3.8048
32,Rest,195.85555555555038,0.0,3.8048
32,Rest,195.9555555555562,0.0,3.8048
32,Rest,196.05555555556202,0.0,3.8049
32,Rest,196.15555555556784,0.0,3.8049
32,Rest,196.25555555557366,0.0,3.8049
32,Rest,196.35555555555038,0.0,3.805
32,Rest,196.4555555555562,0.0,3.805
32,Rest,196.55555555556202,0.0,3.805
32,Rest,196.65555555556784,0.0,3.805
32,Rest,196.75555555557366,0.0,3.8051
32,Rest,196.85555555555038,0.0,3.8051
32,Rest,196.9555555555562,0.0,3.8051
32,Rest,197.05555555556202,0.0,3.8051
32,Rest,197.15555555556784,0.0,3.8051
32,Rest,197.25555555557366,0.0,3.8052
32,Rest,197.35555555555038,0.0,3.8052
32,Rest,197.4555555555562,0.0,3.8052
32,Rest,197.55555555556202,0.0,3.8053
32,Rest,197.65555555556784,0.0,3.8053
32,Rest,197.75555555557366,0.0,3.8053
32,Rest,197.85555555555038,0.0,3.8053
32,Rest,197.9555555555562,0.0,3.8053
32,Rest,198.05555555556202,0.0,3.8054
32,Rest,198.15555555556784,0.0,3.8054
32,Rest,198.25555555557366,0.0,3.8054
32,Rest,198.35555555555038,0.0,3.8054
32,Rest,198.4555555555562,0.0,3.8055
32,Rest,198.55555555556202,0.0,3.8055
32,Rest,198.65555555556784,0.0,3.8055
32,Rest,198.75555555557366,0.0,3.8056
32,Rest,198.85555555555038,0.0,3.8056
32,Rest,198.9555555555562,0.0,3.8056
32,Rest,199.05555555556202,0.0,3.8056
32,Rest,199.15555555556784,0.0,3.8057
32,Rest,199.25555555557366,0.0,3.8057
32,Rest,199.35555555555038,0.0,3.8057
32,Rest,199.4555555555562,0.0,3.8057
32,Rest,199.55555555556202,0.0,3.8058
32,Rest,199.65555555556784,0.0,3.8058
32,Rest,199.75555555557366,0.0,3.8058
32,Rest,199.85555555555038,0.0,3.8058
32,Rest,199.9555555555562,0.0,3.8058
32,Rest,200.05555555556202,0.0,3.8059
32,Rest,200.15555555556784,0.0,3.8059
32,Rest,200.25555555557366,0.0,3.8059
32,Rest,200.35555555555038,0.0,3.806
32,Rest,200.4555555555562,0.0,3.806
32,Rest,200.55555555556202,0.0,3.806
32,Rest,200.65555555556784,0.0,3.806
32,Rest,200.75555555557366,0.0,3.806
32,Rest,200.85555555555038,0.0,3.806
32,Rest,200.9555555555562,0.0,3.8061
32,Rest,201.05555555556202,0.0,3.8061
32,Rest,201.15555555556784,0.0,3.8061
32,Rest,201.25555555557366,0.0,3.8061
32,Rest,201.35555555555038,0.0,3.8062
32,Rest,201.4555555555562,0.0,3.8061
32,Rest,201.55555555556202,0.0,3.8062
32,Rest,201.65555555556784,0.0,3.8062
32,Rest,201.75555555557366,0.0,3.8063
32,Rest,201.85555555555038,0.0,3.8063
32,Rest,201.9555555555562,0.0,3.8063
32,Rest,202.05555555556202,0.0,3.8063
32,Rest,202.15555555556784,0.0,3.8063
32,Rest,202.25555555557366,0.0,3.8064
32,Rest,202.35555555555038,0.0,3.8064
32,Rest,202.4555555555562,0.0,3.8064
32,Rest,202.55555555556202,0.0,3.8064
32,Rest,202.65555555556784,0.0,3.8065
32,Rest,202.75555555557366,0.0,3.8065
32,Rest,202.85555555555038,0.0,3.8065
32,Rest,202.9555555555562,0.0,3.8065
32,Rest,203.05555555556202,0.0,3.8065
32,Rest,203.15555555556784,0.0,3.8066
32,Rest,203.25555555557366,0.0,3.8066
32,Rest,203.35555555555038,0.0,3.8066
32,Rest,203.4555555555562,0.0,3.8066
32,Rest,203.55555555556202,0.0,3.8067
32,Rest,203.65555555556784,0.0,3.8067
32,Rest,203.75555555557366,0.0,3.8067
32,Rest,203.85555555555038,0.0,3.8067
32,Rest,203.9555555555562,0.0,3.8067
32,Rest,204.05555555556202,0.0,3.8068
32,Rest,204.15555555556784,0.0,3.8068
32,Rest,204.25555555557366,0.0,3.8068
32,Rest,204.35555555555038,0.0,3.8068
32,Rest,204.4555555555562,0.0,3.8068
32,Rest,204.55555555556202,0.0,3.8069
32,Rest,204.65555555556784,0.0,3.8069
32,Rest,204.75555555557366,0.0,3.8069
32,Rest,204.85555555555038,0.0,3.8069
32,Rest,204.9555555555562,0.0,3.8069
32,Rest,205.05555555556202,0.0,3.807
32,Rest,205.15555555556784,0.0,3.807
32,Rest,205.25555555557366,0.0,3.807
32,Rest,205.35555555555038,0.0,3.807
32,Rest,205.4555555555562,0.0,3.807
32,Rest,205.55555555556202,0.0,3.8071
32,Rest,205.65555555556784,0.0,3.8071
32,Rest,205.75555555557366,0.0,3.8071
32,Rest,205.85555555555038,0.0,3.8071
32,Rest,205.9555555555562,0.0,3.8072
32,Rest,206.05555555556202,0.0,3.8072
32,Rest,206.15555555556784,0.0,3.8072
32,Rest,206.25555555557366,0.0,3.8072
32,Rest,206.35555555555038,0.0,3.8072
32,Rest,206.4555555555562,0.0,3.8073
32,Rest,206.55555555556202,0.0,3.8073
32,Rest,206.65555555556784,0.0,3.8073
32,Rest,206.75555555557366,0.0,3.8073
32,Rest,206.85555555555038,0.0,3.8074
32,Rest,206.9555555555562,0.0,3.8074
32,Rest,207.05555555556202,0.0,3.8074
32,Rest,207.15555555556784,0.0,3.8074
32,Rest,207.25555555557366,0.0,3.8074
32,Rest,207.35555555555038,0.0,3.8075
32,Rest,207.4555555555562,0.0,3.8075
32,Rest,207.55555555556202,0.0,3.8075
32,Rest,207.65555555556784,0.0,3.8075
32,Rest,207.75555555557366,0.0,3.8076
32,Rest,207.85555555555038,0.0,3.8076
32,Rest,207.9555555555562,0.0,3.8076
32,Rest,208.05555555556202,0.0,3.8076
32,Rest,208.15555555556784,0.0,3.8076
32,Rest,208.25555555557366,0.0,3.8076
32,Rest,208.35555555555038,0.0,3.8076
32,Rest,208.4555555555562,0.0,3.8076
32,Rest,208.55555555556202,0.0,3.8077
32,Rest,208.65555555556784,0.0,3.8077
32,Rest,208.75555555557366,0.0,3.8077
32,Rest,208.85555555555038,0.0,3.8077
32,Rest,208.9555555555562,0.0,3.8077
32,Rest,209.05555555556202,0.0,3.8077
32,Rest,209.15555555556784,0.0,3.8078
32,Rest,209.25555555557366,0.0,3.8078
32,Rest,209.35555555555038,0.0,3.8078
32,Rest,209.4555555555562,0.0,3.8078
32,Rest,209.55555555556202,0.0,3.8078
32,Rest,209.65555555556784,0.0,3.8078
32,Rest,209.75555555557366,0.0,3.8079
32,Rest,209.85555555555038,0.0,3.8079
32,Rest,209.9555555555562,0.0,3.8079
32,Rest,210.05555555556202,0.0,3.8079
32,Rest,210.15555555556784,0.0,3.8079
32,Rest,210.25555555557366,0.0,3.8079
32,Rest,210.35555555555038,0.0,3.808
32,Rest,210.4555555555562,0.0,3.808
32,Rest,210.55555555556202,0.0,3.808
32,Rest,210.65555555556784,0.0,3.808
32,Rest,210.75555555557366,0.0,3.808
32,Rest,210.85555555555038,0.0,3.8081
32,Rest,210.9555555555562,0.0,3.8081
32,Rest,211.05555555556202,0.0,3.8081
32,Rest,211.15555555556784,0.0,3.8081
32,Rest,211.25555555557366,0.0,3.8081
32,Rest,211.35555555555038,0.0,3.8081
32,Rest,211.4555555555562,0.0,3.8081
32,Rest,211.55555555556202,0.0,3.8082
32,Rest,211.65555555556784,0.0,3.8082
32,Rest,211.75555555557366,0.0,3.8082
32,Rest,211.85555555555038,0.0,3.8082
32,Rest,211.9555555555562,0.0,3.8082
32,Rest,212.05555555556202,0.0,3.8083
32,Rest,212.15555555556784,0.0,3.8082
32,Rest,212.25555555557366,0.0,3.8083
32,Rest,212.35555555555038,0.0,3.8083
32,Rest,212.4555555555562,0.0,3.8083
32,Rest,212.55555555556202,0.0,3.8083
32,Rest,212.65555555556784,0.0,3.8083
32,Rest,212.75555555557366,0.0,3.8084
32,Rest,212.85555555555038,0.0,3.8084
32,Rest,212.9555555555562,0.0,3.8084
32,Rest,213.05555555556202,0.0,3.8084
32,Rest,213.15555555556784,0.0,3.8084
32,Rest,213.25555555557366,0.0,3.8084
32,Rest,213.35555555555038,0.0,3.8084
32,Rest,213.4555555555562,0.0,3.8085
32,Rest,213.55555555556202,0.0,3.8085
32,Rest,213.65555555556784,0.0,3.8085
32,Rest,213.75555555557366,0.0,3.8085
32,Rest,213.85555555555038,0.0,3.8085
32,Rest,213.9555555555562,0.0,3.8085
32,Rest,214.05555555556202,0.0,3.8085
32,Rest,214.15555555556784,0.0,3.8085
32,Rest,214.25555555557366,0.0,3.8085
32,Rest,214.35555555555038,0.0,3.8086
32,Rest,214.4555555555562,0.0,3.8086
32,Rest,214.55555555556202,0.0,3.8086
32,Rest,214.65555555556784,0.0,3.8086
32,Rest,214.75555555557366,0.0,3.8086
32,Rest,214.85555555555038,0.0,3.8086
32,Rest,214.9555555555562,0.0,3.8086
32,Rest,215.05555555556202,0.0,3.8086
32,Rest,215.15555555556784,0.0,3.8087
32,Rest,215.25555555557366,0.0,3.8087
32,Rest,215.35555555555038,0.0,3.8087
32,Rest,215.4555555555562,0.0,3.8087
32,Rest,215.55555555556202,0.0,3.8088
32,Rest,215.65555555556784,0.0,3.8088
32,Rest,215.75555555557366,0.0,3.8088
32,Rest,215.85555555555038,0.0,3.8088
32,Rest,215.9555555555562,0.0,3.8088
32,Rest,216.05555555556202,0.0,3.8089
32,Rest,216.15555555556784,0.0,3.8089
32,Rest,216.25555555557366,0.0,3.8089
32,Rest,216.35555555555038,0.0,3.8089
32,Rest,216.4555555555562,0.0,3.8089
32,Rest,216.55555555556202,0.0,3.8089
32,Rest,216.65555555556784,0.0,3.8089
32,Rest,216.75555555557366,0.0,3.8089
32,Rest,216.85555555555038,0.0,3.8089
32,Rest,216.9555555555562,0.0,3.809
32,Rest,217.05555555556202,0.0,3.809
32,Rest,217.15555555556784,0.0,3.809
32,Rest,217.25555555557366,0.0,3.809
32,Rest,217.35555555555038,0.0,3.809
32,Rest,217.4555555555562,0.0,3.8091
32,Rest,217.55555555556202,0.0,3.8091
32,Rest,217.65555555556784,0.0,3.8091
32,Rest,217.75555555557366,0.0,3.8091
32,Rest,217.85555555555038,0.0,3.8091
32,Rest,217.9555555555562,0.0,3.8091
32,Rest,218.05555555556202,0.0,3.8092
32,Rest,218.15555555556784,0.0,3.8092
32,Rest,218.25555555557366,0.0,3.8092
32,Rest,218.35555555555038,0.0,3.8092
32,Rest,218.4555555555562,0.0,3.8092
32,Rest,218.55555555556202,0.0,3.8092
32,Rest,218.65555555556784,0.0,3.8092
32,Rest,218.75555555557366,0.0,3.8092
32,Rest,218.85555555555038,0.0,3.8092
32,Rest,218.9555555555562,0.0,3.8093
32,Rest,219.05555555556202,0.0,3.8093
32,Rest,219.15555555556784,0.0,3.8093
32,Rest,219.25555555557366,0.0,3.8093
32,Rest,219.35555555555038,0.0,3.8093
32,Rest,219.4555555555562,0.0,3.8093
32,Rest,219.55555555556202,0.0,3.8093
32,Rest,219.65555555556784,0.0,3.8094
32,Rest,219.75555555557366,0.0,3.8094
32,Rest,219.85555555555038,0.0,3.8094
32,Rest,219.9555555555562,0.0,3.8094
32,Rest,220.05555555556202,0.0,3.8094
32,Rest,220.15555555556784,0.0,3.8094
32,Rest,220.25555555557366,0.0,3.8094
32,Rest,220.35555555555038,0.0,3.8095
32,Rest,220.4555555555562,0.0,3.8095
32,Rest,220.55555555556202,0.0,3.8095
32,Rest,220.65555555556784,0.0,3.8095
32,Rest,220.75555555557366,0.0,3.8095
32,Rest,220.85555555555038,0.0,3.8096
32,Rest,220.9555555555562,0.0,3.8096
32,Rest,221.05555555556202,0.0,3.8096
32,Rest,221.15555555556784,0.0,3.8096
32,Rest,221.25555555557366,0.0,3.8096
32,Rest,221.35555555555038,0.0,3.8096
32,Rest,221.4555555555562,0.0,3.8096
32,Rest,221.55555555556202,0.0,3.8096
32,Rest,221.65555555556784,0.0,3.8097
32,Rest,221.75555555557366,0.0,3.8097
32,Rest,221.85555555555038,0.0,3.8097
32,Rest,221.9555555555562,0.0,3.8097
32,Rest,222.05555555556202,0.0,3.8097
32,Rest,222.15555555556784,0.0,3.8097
32,Rest,222.25555555557366,0.0,3.8097
32,Rest,222.35555555555038,0.0,3.8097
32,Rest,222.4555555555562,0.0,3.8097
32,Rest,222.55555555556202,0.0,3.8098
32,Rest,222.65555555556784,0.0,3.8098
32,Rest,222.75555555557366,0.0,3.8098
32,Rest,222.85555555555038,0.0,3.8098
32,Rest,222.9555555555562,0.0,3.8098
32,Rest,223.05555555556202,0.0,3.8098
32,Rest,223.15555555556784,0.0,3.8098
32,Rest,223.25555555557366,0.0,3.8099
32,Rest,223.35555555555038,0.0,3.8099
32,Rest,223.4555555555562,0.0,3.8099
32,Rest,223.55555555556202,0.0,3.8099
32,Rest,223.65555555556784,0.0,3.8099
32,Rest,223.75555555557366,0.0,3.8099
32,Rest,223.85555555555038,0.0,3.81
32,Rest,223.9555555555562,0.0,3.81
32,Rest,224.05555555556202,0.0,3.81
32,Rest,224.15555555556784,0.0,3.81
32,Rest,224.25555555557366,0.0,3.81
32,Rest,224.35555555555038,0.0,3.81
32,Rest,224.4555555555562,0.0,3.81
32,Rest,224.55555555556202,0.0,3.8101
32,Rest,224.65555555556784,0.0,3.8101
32,Rest,224.75555555557366,0.0,3.8101
32,Rest,224.85555555555038,0.0,3.8101
32,Rest,224.9555555555562,0.0,3.8101
32,Rest,225.05555555556202,0.0,3.8101
32,Rest,225.15555555556784,0.0,3.8101
32,Rest,225.25555555557366,0.0,3.8101
32,Rest,225.35555555555038,0.0,3.8101
32,Rest,225.4555555555562,0.0,3.8102
32,Rest,225.55555555556202,0.0,3.8102
32,Rest,225.65555555556784,0.0,3.8102
32,Rest,225.75555555557366,0.0,3.8102
32,Rest,225.85555555555038,0.0,3.8103
32,Rest,225.9555555555562,0.0,3.8103
32,Rest,226.05555555556202,0.0,3.8103
32,Rest,226.15555555556784,0.0,3.8103
32,Rest,226.25555555557366,0.0,3.8103
32,Rest,226.35555555555038,0.0,3.8103
32,Rest,226.4555555555562,0.0,3.8103
32,Rest,226.55555555556202,0.0,3.8103
32,Rest,226.65555555556784,0.0,3.8103
32,Rest,226.75555555557366,0.0,3.8104
32,Rest,226.85555555555038,0.0,3.8104
32,Rest,226.9555555555562,0.0,3.8104
32,Rest,227.05555555556202,0.0,3.8104
32,Rest,227.15555555556784,0.0,3.8104
32,Rest,227.25555555557366,0.0,3.8104
32,Rest,227.35555555555038,0.0,3.8104
32,Rest,227.4555555555562,0.0,3.8104
32,Rest,227.55555555556202,0.0,3.8105
32,Rest,227.65555555556784,0.0,3.8105
32,Rest,227.75555555557366,0.0,3.8105
32,Rest,227.85555555555038,0.0,3.8104
32,Rest,227.9555555555562,0.0,3.8104
32,Rest,228.05555555556202,0.0,3.8105
32,Rest,228.15555555556784,0.0,3.8105
32,Rest,228.25555555557366,0.0,3.8105
32,Rest,228.35555555555038,0.0,3.8105
32,Rest,228.4555555555562,0.0,3.8105
32,Rest,228.55555555556202,0.0,3.8105
32,Rest,228.65555555556784,0.0,3.8105
32,Rest,228.75555555557366,0.0,3.8105
32,Rest,228.85555555555038,0.0,3.8106
32,Rest,228.9555555555562,0.0,3.8106
32,Rest,229.05555555556202,0.0,3.8106
32,Rest,229.15555555556784,0.0,3.8106
32,Rest,229.25555555557366,0.0,3.8106
32,Rest,229.35555555555038,0.0,3.8106
32,Rest,229.4555555555562,0.0,3.8106
32,Rest,229.55555555556202,0.0,3.8106
32,Rest,229.65555555556784,0.0,3.8106
32,Rest,229.75555555557366,0.0,3.8106
32,Rest,229.85555555555038,0.0,3.8107
32,Rest,229.9555555555562,0.0,3.8107
32,Rest,230.05555555556202,0.0,3.8107
32,Rest,230.15555555556784,0.0,3.8107
32,Rest,230.25555555557366,0.0,3.8107
32,Rest,230.35555555555038,0.0,3.8108
32,Rest,230.4555555555562,0.0,3.8108
32,Rest,230.55555555556202,0.0,3.8108
32,Rest,230.65555555556784,0.0,3.8108
32,Rest,230.75555555557366,0.0,3.8108
32,Rest,230.85555555555038,0.0,3.8108
32,Rest,230.9555555555562,0.0,3.8108
32,Rest,231.05555555556202,0.0,3.8108
32,Rest,231.15555555556784,0.0,3.8109
32,Rest,231.25555555557366,0.0,3.8109
32,Rest,231.35555555555038,0.0,3.8108
32,Rest,231.4555555555562,0.0,3.8109
32,Rest,231.55555555556202,0.0,3.8109
32,Rest,231.65555555556784,0.0,3.8109
32,Rest,231.75555555557366,0.0,3.8109
32,Rest,231.85555555555038,0.0,3.8109
32,Rest,231.9555555555562,0.0,3.8109
32,Rest,232.05555555556202,0.0,3.8109
32,Rest,232.15555555556784,0.0,3.811
32,Rest,232.25555555557366,0.0,3.8109
32,Rest,232.35555555555038,0.0,3.811
32,Rest,232.4555555555562,0.0,3.811
32,Rest,232.55555555556202,0.0,3.811
32,Rest,232.65555555556784,0.0,3.811
32,Rest,232.75555555557366,0.0,3.811
32,Rest,232.85555555555038,0.0,3.811
32,Rest,232.9555555555562,0.0,3.8111
32,Rest,233.05555555556202,0.0,3.8111
32,Rest,233.15555555556784,0.0,3.8111
32,Rest,233.25555555557366,0.0,3.8111
32,Rest,233.35555555555038,0.0,3.8111
32,Rest,233.4555555555562,0.0,3.8112
32,Rest,233.55555555556202,0.0,3.8112
32,Rest,233.65555555556784,0.0,3.8112
32,Rest,233.75555555557366,0.0,3.8112
32,Rest,233.85555555555038,0.0,3.8112
32,Rest,233.9555555555562,0.0,3.8112
32,Rest,234.05555555556202,0.0,3.8112
32,Rest,234.15555555556784,0.0,3.8112
32,Rest,234.25555555557366,0.0,3.8112
32,Rest,234.35555555555038,0.0,3.8113
32,Rest,234.4555555555562,0.0,3.8112
32,Rest,234.55555555556202,0.0,3.8112
32,Rest,234.65555555556784,0.0,3.8112
32,Rest,234.75555555557366,0.0,3.8113
32,Rest,234.85555555555038,0.0,3.8113
32,Rest,234.9555555555562,0.0,3.8113
32,Rest,235.05555555556202,0.0,3.8113
32,Rest,235.15555555556784,0.0,3.8113
32,Rest,235.25555555557366,0.0,3.8113
32,Rest,235.35555555555038,0.0,3.8113
32,Rest,235.4555555555562,0.0,3.8113
32,Rest,235.55555555556202,0.0,3.8113
32,Rest,235.65555555556784,0.0,3.8114
32,Rest,235.75555555557366,0.0,3.8114
32,Rest,235.85555555555038,0.0,3.8114
32,Rest,235.9555555555562,0.0,3.8114
32,Rest,236.05555555556202,0.0,3.8114
32,Rest,236.15555555556784,0.0,3.8114
32,Rest,236.25555555557366,0.0,3.8114
32,Rest,236.35555555555038,0.0,3.8115
32,Rest,236.4555555555562,0.0,3.8115
32,Rest,236.55555555556202,0.0,3.8115
32,Rest,236.65555555556784,0.0,3.8115
32,Rest,236.75555555557366,0.0,3.8115
32,Rest,236.85555555555038,0.0,3.8115
32,Rest,236.9555555555562,0.0,3.8115
32,Rest,237.05555555556202,0.0,3.8115
32,Rest,237.15555555556784,0.0,3.8115
32,Rest,237.25555555557366,0.0,3.8115
32,Rest,237.35555555555038,0.0,3.8116
32,Rest,237.4555555555562,0.0,3.8116
32,Rest,237.55555555556202,0.0,3.8116
32,Rest,237.65555555556784,0.0,3.8116
32,Rest,237.75555555557366,0.0,3.8116
32,Rest,237.85555555555038,0.0,3.8116
32,Rest,237.9555555555562,0.0,3.8116
32,Rest,238.05555555556202,0.0,3.8116
32,Rest,238.15555555556784,0.0,3.8116
32,Rest,238.25555555557366,0.0,3.8117
32,Rest,238.35555555555038,0.0,3.8116
32,Rest,238.4555555555562,0.0,3.8116
32,Rest,238.55555555556202,0.0,3.8116
32,Rest,238.65555555556784,0.0,3.8117
32,Rest,238.75555555557366,0.0,3.8117
32,Rest,238.85555555555038,0.0,3.8117
32,Rest,238.9555555555562,0.0,3.8117
32,Rest,239.05555555556202,0.0,3.8117
32,Rest,239.15555555556784,0.0,3.8117
32,Rest,239.25555555557366,0.0,3.8117
32,Rest,239.35555555555038,0.0,3.8118
32,Rest,239.4555555555562,0.0,3.8118
32,Rest,239.55555555556202,0.0,3.8118
32,Rest,239.65555555556784,0.0,3.8118
32,Rest,239.75555555557366,0.0,3.8118
32,Rest,239.85555555555038,0.0,3.8118
32,Rest,239.9555555555562,0.0,3.8118
32,Rest,240.05555555556202,0.0,3.8118
32,Rest,240.15555555556784,0.0,3.8119
32,Rest,240.25555555557366,0.0,3.8119
32,Rest,240.35555555555038,0.0,3.8119
32,Rest,240.4555555555562,0.0,3.8119
32,Rest,240.55555555556202,0.0,3.8119
32,Rest,240.65555555556784,0.0,3.8119
32,Rest,240.75555555557366,0.0,3.8119
32,Rest,240.85555555555038,0.0,3.8118
32,Rest,240.9555555555562,0.0,3.8119
32,Rest,241.05555555556202,0.0,3.8119
32,Rest,241.15555555556784,0.0,3.8119
32,Rest,241.25555555557366,0.0,3.8119
32,Rest,241.35555555555038,0.0,3.812
32,Rest,241.4555555555562,0.0,3.812
32,Rest,241.55555555556202,0.0,3.812
32,Rest,241.65555555556784,0.0,3.812
32,Rest,241.75555555557366,0.0,3.812
32,Rest,241.85555555555038,0.0,3.812
32,Rest,241.9555555555562,0.0,3.812
32,Rest,242.05555555556202,0.0,3.812
32,Rest,242.15555555556784,0.0,3.8121
32,Rest,242.25555555557366,0.0,3.8121
32,Rest,242.35555555555038,0.0,3.8121
32,Rest,242.4555555555562,0.0,3.8121
32,Rest,242.55555555556202,0.0,3.8121
32,Rest,242.65555555556784,0.0,3.8121
32,Rest,242.75555555557366,0.0,3.8121
32,Rest,242.85555555555038,0.0,3.8121
32,Rest,242.9555555555562,0.0,3.8121
32,Rest,243.05555555556202,0.0,3.8121
32,Rest,243.15555555556784,0.0,3.8121
32,Rest,243.25555555557366,0.0,3.8121
32,Rest,243.35555555555038,0.0,3.8121
32,Rest,243.4555555555562,0.0,3.8121
32,Rest,243.55555555556202,0.0,3.8121
32,Rest,243.65555555556784,0.0,3.8121
32,Rest,243.75555555557366,0.0,3.8122
32,Rest,243.85555555555038,0.0,3.8122
32,Rest,243.9555555555562,0.0,3.8122
32,Rest,244.05555555556202,0.0,3.8122
32,Rest,244.15555555556784,0.0,3.8122
32,Rest,244.25555555557366,0.0,3.8122
32,Rest,244.35555555555038,0.0,3.8123
32,Rest,244.4555555555562,0.0,3.8123
32,Rest,244.55555555556202,0.0,3.8123
32,Rest,244.65555555556784,0.0,3.8122
32,Rest,244.75555555557366,0.0,3.8122
32,Rest,244.85555555555038,0.0,3.8123
32,Rest,244.9555555555562,0.0,3.8123
32,Rest,245.05555555556202,0.0,3.8123
32,Rest,245.15555555556784,0.0,3.8123
32,Rest,245.25555555557366,0.0,3.8123
32,Rest,245.35555555555038,0.0,3.8123
32,Rest,245.4555555555562,0.0,3.8123
32,Rest,245.55555555556202,0.0,3.8123
32,Rest,245.65555555556784,0.0,3.8123
32,Rest,245.75555555557366,0.0,3.8123
32,Rest,245.85555555555038,0.0,3.8124
32,Rest,245.9555555555562,0.0,3.8124
32,Rest,246.05555555556202,0.0,3.8124
32,Rest,246.15555555556784,0.0,3.8124
32,Rest,246.25555555557366,0.0,3.8124
32,Rest,246.35555555555038,0.0,3.8124
32,Rest,246.4555555555562,0.0,3.8124
32,Rest,246.55555555556202,0.0,3.8124
32,Rest,246.65555555556784,0.0,3.8124
32,Rest,246.75555555557366,0.0,3.8125
32,Rest,246.85555555555038,0.0,3.8124
32,Rest,246.9555555555562,0.0,3.8124
32,Rest,247.05555555556202,0.0,3.8125
32,Rest,247.15555555556784,0.0,3.8125
32,Rest,247.25555555557366,0.0,3.8125
32,Rest,247.35555555555038,0.0,3.8125
32,Rest,247.4555555555562,0.0,3.8125
32,Rest,247.55555555556202,0.0,3.8125
32,Rest,247.65555555556784,0.0,3.8125
32,Rest,247.75555555557366,0.0,3.8125
32,Rest,247.85555555555038,0.0,3.8126
32,Rest,247.9555555555562,0.0,3.8125
32,Rest,248.05555555556202,0.0,3.8125
32,Rest,248.15555555556784,0.0,3.8126
32,Rest,248.25555555557366,0.0,3.8126
32,Rest,248.35555555555038,0.0,3.8126
32,Rest,248.4555555555562,0.0,3.8126
32,Rest,248.55555555556202,0.0,3.8126
32,Rest,248.65555555556784,0.0,3.8126
32,Rest,248.75555555557366,0.0,3.8126
32,Rest,248.85555555555038,0.0,3.8126
32,Rest,248.9555555555562,0.0,3.8126
32,Rest,249.05555555556202,0.0,3.8126
32,Rest,249.15555555556784,0.0,3.8126
32,Rest,249.25555555557366,0.0,3.8126
32,Rest,249.35555555555038,0.0,3.8126
32,Rest,249.4555555555562,0.0,3.8126
32,Rest,249.55555555556202,0.0,3.8127
32,Rest,249.65555555556784,0.0,3.8127
32,Rest,249.75555555557366,0.0,3.8127
32,Rest,249.85555555555038,0.0,3.8127
32,Rest,249.9555555555562,0.0,3.8127
32,Rest,250.05555555556202,0.0,3.8127
32,Rest,250.15555555556784,0.0,3.8127
32,Rest,250.25555555557366,0.0,3.8127
32,Rest,250.35555555555038,0.0,3.8127
32,Rest,250.4555555555562,0.0,3.8127
32,Rest,250.55555555556202,0.0,3.8127
32,Rest,250.65555555556784,0.0,3.8128
32,Rest,250.75555555557366,0.0,3.8128
32,Rest,250.85555555555038,0.0,3.8128
32,Rest,250.9555555555562,0.0,3.8128
32,Rest,251.05555555556202,0.0,3.8128
32,Rest,251.15555555556784,0.0,3.8128
32,Rest,251.25555555557366,0.0,3.8128
32,Rest,251.35555555555038,0.0,3.8128
32,Rest,251.4555555555562,0.0,3.8128
32,Rest,251.55555555556202,0.0,3.8129
32,Rest,251.65555555556784,0.0,3.8129
32,Rest,251.75555555557366,0.0,3.8129
32,Rest,251.85555555555038,0.0,3.8128
32,Rest,251.9555555555562,0.0,3.8128
32,Rest,252.05555555556202,0.0,3.8129
32,Rest,252.15555555556784,0.0,3.8129
32,Rest,252.25555555557366,0.0,3.8129
32,Rest,252.35555555555038,0.0,3.8129
32,Rest,252.4555555555562,0.0,3.8129
32,Rest,252.55555555556202,0.0,3.8129
32,Rest,252.65555555556784,0.0,3.813
32,Rest,252.75555555557366,0.0,3.813
32,Rest,252.85555555555038,0.0,3.813
32,Rest,252.9555555555562,0.0,3.813
32,Rest,253.05555555556202,0.0,3.813
32,Rest,253.15555555556784,0.0,3.813
32,Rest,253.25555555557366,0.0,3.813
32,Rest,253.35555555555038,0.0,3.813
32,Rest,253.4555555555562,0.0,3.8129
32,Rest,253.55555555556202,0.0,3.813
32,Rest,253.65555555556784,0.0,3.813
32,Rest,253.75555555557366,0.0,3.813
32,Rest,253.85555555555038,0.0,3.813
32,Rest,253.9555555555562,0.0,3.813
32,Rest,254.05555555556202,0.0,3.813
32,Rest,254.15555555556784,0.0,3.8131
32,Rest,254.25555555557366,0.0,3.8131
32,Rest,254.35555555555038,0.0,3.8131
32,Rest,254.4555555555562,0.0,3.8131
32,Rest,254.55555555556202,0.0,3.8131
32,Rest,254.65555555556784,0.0,3.8131
32,Rest,254.75555555557366,0.0,3.8131
32,Rest,254.85555555555038,0.0,3.8131
32,Rest,254.9555555555562,0.0,3.8131
32,Rest,255.05555555556202,0.0,3.8131
32,Rest,255.15555555556784,0.0,3.8131
32,Rest,255.25555555557366,0.0,3.8132
32,Rest,255.35555555555038,0.0,3.8132
32,Rest,255.4555555555562,0.0,3.8132
32,Rest,255.55555555556202,0.0,3.8132
32,Rest,255.65555555556784,0.0,3.8132
32,Rest,255.75555555557366,0.0,3.8132
32,Rest,255.85555555555038,0.0,3.8132
32,Rest,255.9555555555562,0.0,3.8132
32,Rest,256.055555555562,0.0,3.8132
32,Rest,256.15555555556784,0.0,3.8132
32,Rest,256.25555555557366,0.0,3.8133
32,Rest,256.3555555555504,0.0,3.8132
32,Rest,256.4555555555562,0.0,3.8132
32,Rest,256.555555555562,0.0,3.8132
32,Rest,256.65555555556784,0.0,3.8133
32,Rest,256.75555555557366,0.0,3.8133
32,Rest,256.8555555555504,0.0,3.8133
32,Rest,256.9555555555562,0.0,3.8133
32,Rest,257.055555555562,0.0,3.8133
32,Rest,257.15555555556784,0.0,3.8133
32,Rest,257.25555555557366,0.0,3.8133
32,Rest,257.3555555555504,0.0,3.8133
32,Rest,257.4555555555562,0.0,3.8133
32,Rest,257.555555555562,0.0,3.8133
32,Rest,257.65555555556784,0.0,3.8133
32,Rest,257.75555555557366,0.0,3.8133
32,Rest,257.8555555555504,0.0,3.8133
32,Rest,257.9555555555562,0.0,3.8134
32,Rest,258.055555555562,0.0,3.8134
32,Rest,258.15555555556784,0.0,3.8133
32,Rest,258.25555555557366,0.0,3.8133
32,Rest,258.3555555555504,0.0,3.8134
32,Rest,258.4555555555562,0.0,3.8133
32,Rest,258.555555555562,0.0,3.8134
32,Rest,258.65555555556784,0.0,3.8134
32,Rest,258.75555555557366,0.0,3.8134
32,Rest,258.8555555555504,0.0,3.8134
32,Rest,258.9555555555562,0.0,3.8134
32,Rest,259.055555555562,0.0,3.8134
32,Rest,259.15555555556784,0.0,3.8134
32,Rest,259.25555555557366,0.0,3.8135
32,Rest,259.3555555555504,0.0,3.8135
32,Rest,259.4555555555562,0.0,3.8135
32,Rest,259.555555555562,0.0,3.8135
32,Rest,259.65555555556784,0.0,3.8135
32,Rest,259.75555555557366,0.0,3.8135
32,Rest,259.8555555555504,0.0,3.8135
32,Rest,259.9555555555562,0.0,3.8135
32,Rest,260.055555555562,0.0,3.8135
32,Rest,260.15555555556784,0.0,3.8135
32,Rest,260.25555555557366,0.0,3.8135
32,Rest,260.3555555555504,0.0,3.8135
32,Rest,260.4555555555562,0.0,3.8134
32,Rest,260.555555555562,0.0,3.8135
32,Rest,260.65555555556784,0.0,3.8135
32,Rest,260.75555555557366,0.0,3.8135
32,Rest,260.8555555555504,0.0,3.8135
32,Rest,260.9555555555562,0.0,3.8135
32,Rest,261.055555555562,0.0,3.8135
32,Rest,261.15555555556784,0.0,3.8135
32,Rest,261.25555555557366,0.0,3.8136
32,Rest,261.3555555555504,0.0,3.8136
32,Rest,261.4555555555562,0.0,3.8136
32,Rest,261.555555555562,0.0,3.8136
32,Rest,261.65555555556784,0.0,3.8136
32,Rest,261.75555555557366,0.0,3.8136
32,Rest,261.8555555555504,0.0,3.8136
32,Rest,261.9555555555562,0.0,3.8136
32,Rest,262.055555555562,0.0,3.8136
32,Rest,262.15555555556784,0.0,3.8136
32,Rest,262.25555555557366,0.0,3.8136
32,Rest,262.3555555555504,0.0,3.8136
32,Rest,262.4555555555562,0.0,3.8136
32,Rest,262.555555555562,0.0,3.8136
32,Rest,262.65555555556784,0.0,3.8136
32,Rest,262.75555555557366,0.0,3.8136
32,Rest,262.8555555555504,0.0,3.8136
32,Rest,262.9555555555562,0.0,3.8137
32,Rest,263.055555555562,0.0,3.8137
32,Rest,263.15555555556784,0.0,3.8137
32,Rest,263.25555555557366,0.0,3.8137
32,Rest,263.3555555555504,0.0,3.8136
32,Rest,263.4555555555562,0.0,3.8137
32,Rest,263.555555555562,0.0,3.8137
32,Rest,263.65555555556784,0.0,3.8137
32,Rest,263.75555555557366,0.0,3.8137
32,Rest,263.8555555555504,0.0,3.8138
32,Rest,263.9555555555562,0.0,3.8138
32,Rest,264.055555555562,0.0,3.8137
32,Rest,264.15555555556784,0.0,3.8137
32,Rest,264.25555555557366,0.0,3.8138
32,Rest,264.3555555555504,0.0,3.8138
32,Rest,264.4555555555562,0.0,3.8138
32,Rest,264.555555555562,0.0,3.8138
32,Rest,264.65555555556784,0.0,3.8138
32,Rest,264.75555555557366,0.0,3.8138
32,Rest,264.8555555555504,0.0,3.8138
32,Rest,264.9555555555562,0.0,3.8138
32,Rest,265.055555555562,0.0,3.8138
32,Rest,265.15555555556784,0.0,3.8138
32,Rest,265.25555555557366,0.0,3.8138
32,Rest,265.3555555555504,0.0,3.8138
32,Rest,265.4555555555562,0.0,3.8138
32,Rest,265.555555555562,0.0,3.8138
32,Rest,265.65555555556784,0.0,3.8138
32,Rest,265.75555555557366,0.0,3.8138
32,Rest,265.8555555555504,0.0,3.8138
32,Rest,265.9555555555562,0.0,3.8138
32,Rest,266.055555555562,0.0,3.8139
32,Rest,266.15555555556784,0.0,3.8139
32,Rest,266.25555555557366,0.0,3.8139
32,Rest,266.3555555555504,0.0,3.8139
32,Rest,266.4555555555562,0.0,3.8139
32,Rest,266.555555555562,0.0,3.8139
32,Rest,266.65555555556784,0.0,3.8139
32,Rest,266.75555555557366,0.0,3.8139
32,Rest,266.8555555555504,0.0,3.8139
32,Rest,266.9555555555562,0.0,3.8139
32,Rest,267.055555555562,0.0,3.8139
32,Rest,267.15555555556784,0.0,3.814
32,Rest,267.25555555557366,0.0,3.814
32,Rest,267.3555555555504,0.0,3.8139
32,Rest,267.4555555555562,0.0,3.814
32,Rest,267.555555555562,0.0,3.814
32,Rest,267.65555555556784,0.0,3.814
32,Rest,267.75555555557366,0.0,3.814
32,Rest,267.8555555555504,0.0,3.814
32,Rest,267.9555555555562,0.0,3.814
32,Rest,268.055555555562,0.0,3.814
32,Rest,268.15555555556784,0.0,3.814
32,Rest,268.25555555557366,0.0,3.814
32,Rest,268.3555555555504,0.0,3.8141
32,Rest,268.4555555555562,0.0,3.8141
32,Rest,268.555555555562,0.0,3.8141
32,Rest,268.65555555556784,0.0,3.8141
32,Rest,268.75555555557366,0.0,3.8141
32,Rest,268.8555555555504,0.0,3.8141
32,Rest,268.9555555555562,0.0,3.8141
32,Rest,269.055555555562,0.0,3.8141
32,Rest,269.15555555556784,0.0,3.8142
32,Rest,269.25555555557366,0.0,3.8141
32,Rest,269.3555555555504,0.0,3.8141
32,Rest,269.4555555555562,0.0,3.8141
32,Rest,269.555555555562,0.0,3.8141
32,Rest,269.65555555556784,0.0,3.8141
32,Rest,269.75555555557366,0.0,3.8142
32,Rest,269.8555555555504,0.0,3.8142
32,Rest,269.9555555555562,0.0,3.8142
32,Rest,270.055555555562,0.0,3.8142
32,Rest,270.15555555556784,0.0,3.8142
32,Rest,270.25555555557366,0.0,3.8142
32,Rest,270.3555555555504,0.0,3.8142
32,Rest,270.4555555555562,0.0,3.8142
32,Rest,270.555555555562,0.0,3.8142
32,Rest,270.65555555556784,0.0,3.8142
32,Rest,270.75555555557366,0.0,3.8142
32,Rest,270.8555555555504,0.0,3.8143
32,Rest,270.9555555555562,0.0,3.8143
32,Rest,271.055555555562,0.0,3.8143
32,Rest,271.15555555556784,0.0,3.8142
32,Rest,271.25555555557366,0.0,3.8143
32,Rest,271.3555555555504,0.0,3.8143
32,Rest,271.4555555555562,0.0,3.8143
32,Rest,271.555555555562,0.0,3.8142
32,Rest,271.65555555556784,0.0,3.8143
32,Rest,271.75555555557366,0.0,3.8143
32,Rest,271.8555555555504,0.0,3.8143
32,Rest,271.9555555555562,0.0,3.8143
32,Rest,272.055555555562,0.0,3.8143
32,Rest,272.15555555556784,0.0,3.8143
32,Rest,272.25555555557366,0.0,3.8143
32,Rest,272.3555555555504,0.0,3.8143
32,Rest,272.4555555555562,0.0,3.8143
32,Rest,272.555555555562,0.0,3.8143
32,Rest,272.65555555556784,0.0,3.8143
32,Rest,272.75555555557366,0.0,3.8144
32,Rest,272.8555555555504,0.0,3.8143
32,Rest,272.9555555555562,0.0,3.8144
32,Rest,273.055555555562,0.0,3.8144
32,Rest,273.15555555556784,0.0,3.8144
32,Rest,273.25555555557366,0.0,3.8144
32,Rest,273.3555555555504,0.0,3.8144
32,Rest,273.4555555555562,0.0,3.8144
32,Rest,273.555555555562,0.0,3.8144
32,Rest,273.65555555556784,0.0,3.8144
32,Rest,273.75555555557366,0.0,3.8144
32,Rest,273.8555555555504,0.0,3.8144
32,Rest,273.9555555555562,0.0,3.8144
32,Rest,274.055555555562,0.0,3.8144
32,Rest,274.15555555556784,0.0,3.8144
32,Rest,274.25555555557366,0.0,3.8144
32,Rest,274.3555555555504,0.0,3.8144
32,Rest,274.4555555555562,0.0,3.8144
32,Rest,274.555555555562,0.0,3.8145
32,Rest,274.65555555556784,0.0,3.8145
32,Rest,274.75555555557366,0.0,3.8145
32,Rest,274.8555555555504,0.0,3.8145
32,Rest,274.9555555555562,0.0,3.8145
32,Rest,275.055555555562,0.0,3.8145
32,Rest,275.15555555556784,0.0,3.8145
32,Rest,275.25555555557366,0.0,3.8145
32,Rest,275.3555555555504,0.0,3.8145
32,Rest,275.4555555555562,0.0,3.8145
32,Rest,275.555555555562,0.0,3.8145
32,Rest,275.65555555556784,0.0,3.8145
32,Rest,275.75555555557366,0.0,3.8145
32,Rest,275.8555555555504,0.0,3.8145
32,Rest,275.9555555555562,0.0,3.8145
32,Rest,276.055555555562,0.0,3.8145
32,Rest,276.15555555556784,0.0,3.8145
32,Rest,276.25555555557366,0.0,3.8145
32,Rest,276.3555555555504,0.0,3.8146
32,Rest,276.4555555555562,0.0,3.8146
32,Rest,276.555555555562,0.0,3.8146
32,Rest,276.65555555556784,0.0,3.8146
32,Rest,276.75555555557366,0.0,3.8146
32,Rest,276.8555555555504,0.0,3.8146
32,Rest,276.9555555555562,0.0,3.8146
32,Rest,277.055555555562,0.0,3.8146
32,Rest,277.15555555556784,0.0,3.8146
32,Rest,277.25555555557366,0.0,3.8146
32,Rest,277.3555555555504,0.0,3.8146
32,Rest,277.4555555555562,0.0,3.8146
32,Rest,277.555555555562,0.0,3.8146
32,Rest,277.65555555556784,0.0,3.8146
32,Rest,277.75555555557366,0.0,3.8146
32,Rest,277.8555555555504,0.0,3.8146
32,Rest,277.9555555555562,0.0,3.8146
32,Rest,278.055555555562,0.0,3.8146
32,Rest,278.15555555556784,0.0,3.8146
32,Rest,278.25555555557366,0.0,3.8146
32,Rest,278.3555555555504,0.0,3.8146
32,Rest,278.4555555555562,0.0,3.8146
32,Rest,278.555555555562,0.0,3.8146
32,Rest,278.65555555556784,0.0,3.8147
32,Rest,278.75555555557366,0.0,3.8147
32,Rest,278.8555555555504,0.0,3.8147
32,Rest,278.9555555555562,0.0,3.8147
32,Rest,279.055555555562,0.0,3.8147
32,Rest,279.15555555556784,0.0,3.8147
32,Rest,279.25555555557366,0.0,3.8147
32,Rest,279.3555555555504,0.0,3.8147
32,Rest,279.4555555555562,0.0,3.8147
32,Rest,279.555555555562,0.0,3.8147
32,Rest,279.65555555556784,0.0,3.8148
32,Rest,279.75555555557366,0.0,3.8147
32,Rest,279.8555555555504,0.0,3.8148
32,Rest,279.9555555555562,0.0,3.8148
32,Rest,280.055555555562,0.0,3.8148
32,Rest,280.15555555556784,0.0,3.8148
32,Rest,280.25555555557366,0.0,3.8148
32,Rest,280.3555555555504,0.0,3.8148
32,Rest,280.4555555555562,0.0,3.8148
32,Rest,280.555555555562,0.0,3.8148
32,Rest,280.65555555556784,0.0,3.8148
32,Rest,280.75555555557366,0.0,3.8148
32,Rest,280.8555555555504,0.0,3.8148
32,Rest,280.9555555555562,0.0,3.8148
32,Rest,281.055555555562,0.0,3.8148
32,Rest,281.15555555556784,0.0,3.8148
32,Rest,281.25555555557366,0.0,3.8148
32,Rest,281.3555555555504,0.0,3.8148
32,Rest,281.4555555555562,0.0,3.8148
32,Rest,281.555555555562,0.0,3.8148
32,Rest,281.65555555556784,0.0,3.8149
32,Rest,281.75555555557366,0.0,3.8148
32,Rest,281.8555555555504,0.0,3.8148
32,Rest,281.9555555555562,0.0,3.8149
32,Rest,282.055555555562,0.0,3.8149
32,Rest,282.15555555556784,0.0,3.8148
32,Rest,282.25555555557366,0.0,3.8149
32,Rest,282.3555555555504,0.0,3.8149
32,Rest,282.4555555555562,0.0,3.8149
32,Rest,282.555555555562,0.0,3.8149
32,Rest,282.65555555556784,0.0,3.8149
32,Rest,282.75555555557366,0.0,3.8149
32,Rest,282.8555555555504,0.0,3.8149
32,Rest,282.9555555555562,0.0,3.8149
32,Rest,283.055555555562,0.0,3.8149
32,Rest,283.15555555556784,0.0,3.8149
32,Rest,283.25555555557366,0.0,3.8149
32,Rest,283.3555555555504,0.0,3.8149
32,Rest,283.4555555555562,0.0,3.8149
32,Rest,283.555555555562,0.0,3.815
32,Rest,283.65555555556784,0.0,3.815
32,Rest,283.75555555557366,0.0,3.815
32,Rest,283.8555555555504,0.0,3.815
32,Rest,283.9555555555562,0.0,3.8149
32,Rest,284.055555555562,0.0,3.8149
32,Rest,284.15555555556784,0.0,3.815
32,Rest,284.25555555557366,0.0,3.815
32,Rest,284.3555555555504,0.0,3.815
32,Rest,284.4555555555562,0.0,3.8149
32,Rest,284.555555555562,0.0,3.815
32,Rest,284.65555555556784,0.0,3.815
32,Rest,284.75555555557366,0.0,3.815
32,Rest,284.8555555555504,0.0,3.815
32,Rest,284.9555555555562,0.0,3.815
32,Rest,285.055555555562,0.0,3.815
32,Rest,285.15555555556784,0.0,3.815
32,Rest,285.25555555557366,0.0,3.815
32,Rest,285.3555555555504,0.0,3.815
32,Rest,285.4555555555562,0.0,3.815
32,Rest,285.555555555562,0.0,3.815
32,Rest,285.65555555556784,0.0,3.815
32,Rest,285.75555555557366,0.0,3.815
32,Rest,285.8555555555504,0.0,3.8151
32,Rest,285.9555555555562,0.0,3.8151
32,Rest,286.055555555562,0.0,3.815
32,Rest,286.15555555556784,0.0,3.815
32,Rest,286.25555555557366,0.0,3.8151
32,Rest,286.3555555555504,0.0,3.8151
32,Rest,286.4555555555562,0.0,3.8151
32,Rest,286.555555555562,0.0,3.8151
32,Rest,286.65555555556784,0.0,3.8151
32,Rest,286.75555555557366,0.0,3.8151
32,Rest,286.8555555555504,0.0,3.8151
32,Rest,286.9555555555562,0.0,3.8151
32,Rest,287.055555555562,0.0,3.8151
32,Rest,287.15555555556784,0.0,3.8151
32,Rest,287.25555555557366,0.0,3.8151
32,Rest,287.3555555555504,0.0,3.8151
32,Rest,287.4555555555562,0.0,3.8151
32,Rest,287.555555555562,0.0,3.8151
32,Rest,287.65555555556784,0.0,3.8152
32,Rest,287.75555555557366,0.0,3.8152
32,Rest,287.8555555555504,0.0,3.8152
32,Rest,287.9555555555562,0.0,3.8152
32,Rest,288.055555555562,0.0,3.8152
32,Rest,288.15555555556784,0.0,3.8152
32,Rest,288.25555555557366,0.0,3.8152
32,Rest,288.3555555555504,0.0,3.8152
32,Rest,288.4555555555562,0.0,3.8152
32,Rest,288.555555555562,0.0,3.8152
32,Rest,288.65555555556784,0.0,3.8152
32,Rest,288.75555555557366,0.0,3.8152
32,Rest,288.8555555555504,0.0,3.8152
32,Rest,288.9555555555562,0.0,3.8153
32,Rest,289.055555555562,0.0,3.8152
32,Rest,289.15555555556784,0.0,3.8153
32,Rest,289.25555555557366,0.0,3.8153
32,Rest,289.3555555555504,0.0,3.8153
32,Rest,289.4555555555562,0.0,3.8153
32,Rest,289.555555555562,0.0,3.8153
32,Rest,289.65555555556784,0.0,3.8153
32,Rest,289.75555555557366,0.0,3.8153
32,Rest,289.8555555555504,0.0,3.8153
32,Rest,289.9555555555562,0.0,3.8153
32,Rest,290.055555555562,0.0,3.8153
32,Rest,290.15555555556784,0.0,3.8154
32,Rest,290.25555555557366,0.0,3.8154
32,Rest,290.3555555555504,0.0,3.8154
32,Rest,290.4555555555562,0.0,3.8154
32,Rest,290.555555555562,0.0,3.8154
32,Rest,290.65555555556784,0.0,3.8154
32,Rest,290.75555555557366,0.0,3.8154
32,Rest,290.8555555555504,0.0,3.8153
32,Rest,290.9555555555562,0.0,3.8154
32,Rest,291.055555555562,0.0,3.8154
32,Rest,291.15555555556784,0.0,3.8154
32,Rest,291.25555555557366,0.0,3.8154
32,Rest,291.3555555555504,0.0,3.8154
32,Rest,291.4555555555562,0.0,3.8154
32,Rest,291.555555555562,0.0,3.8154
32,Rest,291.65555555556784,0.0,3.8154
32,Rest,291.75555555557366,0.0,3.8154
32,Rest,291.8555555555504,0.0,3.8154
32,Rest,291.9555555555562,0.0,3.8154
32,Rest,292.055555555562,0.0,3.8154
32,Rest,292.15555555556784,0.0,3.8154
32,Rest,292.25555555557366,0.0,3.8154
32,Rest,292.3555555555504,0.0,3.8155
32,Rest,292.4555555555562,0.0,3.8155
32,Rest,292.555555555562,0.0,3.8155
32,Rest,292.65555555556784,0.0,3.8155
32,Rest,292.75555555557366,0.0,3.8155
32,Rest,292.8555555555504,0.0,3.8155
32,Rest,292.9555555555562,0.0,3.8155
32,Rest,293.055555555562,0.0,3.8155
32,Rest,293.15555555556784,0.0,3.8155
32,Rest,293.25555555557366,0.0,3.8155
32,Rest,293.3555555555504,0.0,3.8155
32,Rest,293.4555555555562,0.0,3.8155
32,Rest,293.555555555562,0.0,3.8155
32,Rest,293.65555555556784,0.0,3.8155
32,Rest,293.75555555557366,0.0,3.8155
32,Rest,293.8555555555504,0.0,3.8155
32,Rest,293.9555555555562,0.0,3.8155
32,Rest,294.055555555562,0.0,3.8156
32,Rest,294.15555555556784,0.0,3.8155
32,Rest,294.25555555557366,0.0,3.8155
32,Rest,294.3555555555504,0.0,3.8155
32,Rest,294.4555555555562,0.0,3.8156
32,Rest,294.555555555562,0.0,3.8156
32,Rest,294.65555555556784,0.0,3.8156
32,Rest,294.75555555557366,0.0,3.8156
32,Rest,294.8555555555504,0.0,3.8156
32,Rest,294.9555555555562,0.0,3.8156
32,Rest,295.055555555562,0.0,3.8156
32,Rest,295.15555555556784,0.0,3.8156
32,Rest,295.25555555557366,0.0,3.8156
32,Rest,295.3555555555504,0.0,3.8156
32,Rest,295.4555555555562,0.0,3.8156
32,Rest,295.555555555562,0.0,3.8156
32,Rest,295.65555555556784,0.0,3.8156
32,Rest,295.75555555557366,0.0,3.8156
32,Rest,295.8555555555504,0.0,3.8156
32,Rest,295.9555555555562,0.0,3.8156
32,Rest,296.055555555562,0.0,3.8156
32,Rest,296.15555555556784,0.0,3.8156
32,Rest,296.25555555557366,0.0,3.8157
32,Rest,296.3555555555504,0.0,3.8157
32,Rest,296.4555555555562,0.0,3.8157
32,Rest,296.555555555562,0.0,3.8157
32,Rest,296.65555555556784,0.0,3.8157
32,Rest,296.75555555557366,0.0,3.8157
32,Rest,296.8555555555504,0.0,3.8157
32,Rest,296.9555555555562,0.0,3.8157
32,Rest,297.055555555562,0.0,3.8157
32,Rest,297.15555555556784,0.0,3.8157
32,Rest,297.25555555557366,0.0,3.8157
32,Rest,297.3555555555504,0.0,3.8157
32,Rest,297.4555555555562,0.0,3.8157
32,Rest,297.555555555562,0.0,3.8157
32,Rest,297.65555555556784,0.0,3.8157
32,Rest,297.75555555557366,0.0,3.8157
32,Rest,297.8555555555504,0.0,3.8157
32,Rest,297.9555555555562,0.0,3.8157
32,Rest,298.055555555562,0.0,3.8157
32,Rest,298.15555555556784,0.0,3.8157
32,Rest,298.25555555557366,0.0,3.8157
32,Rest,298.3555555555504,0.0,3.8157
32,Rest,298.4555555555562,0.0,3.8157
32,Rest,298.555555555562,0.0,3.8157
32,Rest,298.65555555556784,0.0,3.8158
32,Rest,298.75555555557366,0.0,3.8158
32,Rest,298.8555555555504,0.0,3.8157
32,Rest,298.9555555555562,0.0,3.8158
32,Rest,299.055555555562,0.0,3.8158
32,Rest,299.15555555556784,0.0,3.8158
32,Rest,299.25555555557366,0.0,3.8158
32,Rest,299.3555555555504,0.0,3.8158
32,Rest,299.4555555555562,0.0,3.8158
32,Rest,299.555555555562,0.0,3.8158
32,Rest,299.65555555556784,0.0,3.8158
32,Rest,299.75555555557366,0.0,3.8158
32,Rest,299.8555555555504,0.0,3.8158
32,Rest,299.9555555555562,0.0,3.8158
32,Rest,300.055555555562,0.0,3.8158
32,Rest,300.15555555556784,0.0,3.8158
32,Rest,300.25555555557366,0.0,3.8158
32,Rest,300.3555555555504,0.0,3.8158
32,Rest,300.4555555555562,0.0,3.8158
32,Rest,300.555555555562,0.0,3.8158
32,Rest,300.65555555556784,0.0,3.8158
32,Rest,300.75555555557366,0.0,3.8158
32,Rest,300.8555555555504,0.0,3.8158
32,Rest,300.9555555555562,0.0,3.8158
32,Rest,301.055555555562,0.0,3.8158
32,Rest,301.15555555556784,0.0,3.8158
32,Rest,301.25555555557366,0.0,3.8158
32,Rest,301.3555555555504,0.0,3.8158
32,Rest,301.4555555555562,0.0,3.8158
32,Rest,301.555555555562,0.0,3.8159
32,Rest,301.65555555556784,0.0,3.8159
32,Rest,301.75555555557366,0.0,3.8159
32,Rest,301.8555555555504,0.0,3.8159
32,Rest,301.9555555555562,0.0,3.8159
32,Rest,302.055555555562,0.0,3.8159
32,Rest,302.15555555556784,0.0,3.8159
32,Rest,302.25555555557366,0.0,3.8159
32,Rest,302.3555555555504,0.0,3.8159
32,Rest,302.4555555555562,0.0,3.8159
32,Rest,302.555555555562,0.0,3.8159
32,Rest,302.65555555556784,0.0,3.8159
32,Rest,302.75555555557366,0.0,3.8159
32,Rest,302.8555555555504,0.0,3.8159
32,Rest,302.9555555555562,0.0,3.8159
32,Rest,303.055555555562,0.0,3.8159
32,Rest,303.15555555556784,0.0,3.8159
32,Rest,303.25555555557366,0.0,3.8159
32,Rest,303.3555555555504,0.0,3.8159
32,Rest,303.4555555555562,0.0,3.816
32,Rest,303.555555555562,0.0,3.816
32,Rest,303.65555555556784,0.0,3.816
32,Rest,303.75555555557366,0.0,3.816
32,Rest,303.8555555555504,0.0,3.8159
32,Rest,303.9555555555562,0.0,3.816
32,Rest,304.055555555562,0.0,3.816
32,Rest,304.15555555556784,0.0,3.816
32,Rest,304.25555555557366,0.0,3.816
32,Rest,304.3555555555504,0.0,3.816
32,Rest,304.4555555555562,0.0,3.816
32,Rest,304.555555555562,0.0,3.816
32,Rest,304.65555555556784,0.0,3.816
32,Rest,304.75555555557366,0.0,3.816
32,Rest,304.8555555555504,0.0,3.816
32,Rest,304.9555555555562,0.0,3.816
32,Rest,305.055555555562,0.0,3.816
32,Rest,305.15555555556784,0.0,3.816
32,Rest,305.25555555557366,0.0,3.816
32,Rest,305.3555555555504,0.0,3.816
32,Rest,305.4555555555562,0.0,3.816
32,Rest,305.555555555562,0.0,3.816
32,Rest,305.65555555556784,0.0,3.816
32,Rest,305.75555555557366,0.0,3.816
32,Rest,305.8555555555504,0.0,3.816
32,Rest,305.9555555555562,0.0,3.816
32,Rest,306.055555555562,0.0,3.816
32,Rest,306.15555555556784,0.0,3.8161
32,Rest,306.25555555557366,0.0,3.8161
32,Rest,306.3555555555504,0.0,3.8161
32,Rest,306.4555555555562,0.0,3.8161
32,Rest,306.555555555562,0.0,3.8161
32,Rest,306.65555555556784,0.0,3.8161
32,Rest,306.75555555557366,0.0,3.8161
32,Rest,306.8555555555504,0.0,3.8161
32,Rest,306.9555555555562,0.0,3.8161
32,Rest,307.055555555562,0.0,3.8161
32,Rest,307.15555555556784,0.0,3.8161
32,Rest,307.25555555557366,0.0,3.8161
32,Rest,307.3555555555504,0.0,3.8161
32,Rest,307.4555555555562,0.0,3.8161
32,Rest,307.555555555562,0.0,3.8161
32,Rest,307.65555555556784,0.0,3.8161
32,Rest,307.75555555557366,0.0,3.8161
32,Rest,307.8555555555504,0.0,3.8161
32,Rest,307.9555555555562,0.0,3.8161
32,Rest,308.055555555562,0.0,3.8161
32,Rest,308.15555555556784,0.0,3.8161
32,Rest,308.25555555557366,0.0,3.8162
32,Rest,308.3555555555504,0.0,3.8162
32,Rest,308.4555555555562,0.0,3.8162
32,Rest,308.555555555562,0.0,3.8162
32,Rest,308.65555555556784,0.0,3.8162
32,Rest,308.75555555557366,0.0,3.8162
32,Rest,308.8555555555504,0.0,3.8162
32,Rest,308.9555555555562,0.0,3.8162
32,Rest,309.055555555562,0.0,3.8162
32,Rest,309.15555555556784,0.0,3.8162
32,Rest,309.25555555557366,0.0,3.8162
32,Rest,309.3555555555504,0.0,3.8162
32,Rest,309.4555555555562,0.0,3.8162
32,Rest,309.555555555562,0.0,3.8162
32,Rest,309.65555555556784,0.0,3.8162
32,Rest,309.75555555557366,0.0,3.8162
32,Rest,309.8555555555504,0.0,3.8162
32,Rest,309.9555555555562,0.0,3.8162
32,Rest,310.055555555562,0.0,3.8162
32,Rest,310.15555555556784,0.0,3.8163
32,Rest,310.25555555557366,0.0,3.8162
32,Rest,310.3555555555504,0.0,3.8163
32,Rest,310.4555555555562,0.0,3.8163
32,Rest,310.555555555562,0.0,3.8163
32,Rest,310.65555555556784,0.0,3.8163
32,Rest,310.75555555557366,0.0,3.8163
32,Rest,310.8555555555504,0.0,3.8163
32,Rest,310.9555555555562,0.0,3.8163
32,Rest,311.055555555562,0.0,3.8163
32,Rest,311.15555555556784,0.0,3.8163
32,Rest,311.25555555557366,0.0,3.8163
32,Rest,311.3555555555504,0.0,3.8163
32,Rest,311.4555555555562,0.0,3.8163
32,Rest,311.555555555562,0.0,3.8163
32,Rest,311.65555555556784,0.0,3.8163
32,Rest,311.75555555557366,0.0,3.8163
32,Rest,311.8555555555504,0.0,3.8163
32,Rest,311.9555555555562,0.0,3.8163
32,Rest,312.055555555562,0.0,3.8163
32,Rest,312.15555555556784,0.0,3.8163
32,Rest,312.25555555557366,0.0,3.8163
32,Rest,312.3555555555504,0.0,3.8163
32,Rest,312.4555555555562,0.0,3.8163
32,Rest,312.555555555562,0.0,3.8163
32,Rest,312.65555555556784,0.0,3.8163
32,Rest,312.75555555557366,0.0,3.8163
32,Rest,312.8555555555504,0.0,3.8163
32,Rest,312.9555555555562,0.0,3.8164
32,Rest,313.055555555562,0.0,3.8163
32,Rest,313.15555555556784,0.0,3.8163
32,Rest,313.25555555557366,0.0,3.8164
32,Rest,313.3555555555504,0.0,3.8164
32,Rest,313.4555555555562,0.0,3.8164
32,Rest,313.555555555562,0.0,3.8164
32,Rest,313.65555555556784,0.0,3.8163
32,Rest,313.75555555557366,0.0,3.8164
32,Rest,313.8555555555504,0.0,3.8164
32,Rest,313.9555555555562,0.0,3.8164
32,Rest,314.055555555562,0.0,3.8164
32,Rest,314.15555555556784,0.0,3.8164
32,Rest,314.25555555557366,0.0,3.8164
32,Rest,314.3555555555504,0.0,3.8164
32,Rest,314.4555555555562,0.0,3.8164
32,Rest,314.555555555562,0.0,3.8164
32,Rest,314.65555555556784,0.0,3.8164
32,Rest,314.75555555557366,0.0,3.8164
32,Rest,314.8555555555504,0.0,3.8164
32,Rest,314.9555555555562,0.0,3.8164
32,Rest,315.055555555562,0.0,3.8165
32,Rest,315.15555555556784,0.0,3.8165
32,Rest,315.25555555557366,0.0,3.8165
32,Rest,315.3555555555504,0.0,3.8165
32,Rest,315.4555555555562,0.0,3.8164
32,Rest,315.555555555562,0.0,3.8164
32,Rest,315.65555555556784,0.0,3.8165
32,Rest,315.75555555557366,0.0,3.8164
32,Rest,315.8555555555504,0.0,3.8165
32,Rest,315.9555555555562,0.0,3.8165
32,Rest,316.055555555562,0.0,3.8164
32,Rest,316.15555555556784,0.0,3.8165
32,Rest,316.25555555557366,0.0,3.8165
32,Rest,316.3555555555504,0.0,3.8165
32,Rest,316.4555555555562,0.0,3.8165
32,Rest,316.555555555562,0.0,3.8165
32,Rest,316.65555555556784,0.0,3.8165
32,Rest,316.75555555557366,0.0,3.8165
32,Rest,316.8555555555504,0.0,3.8165
32,Rest,316.9555555555562,0.0,3.8165
32,Rest,317.055555555562,0.0,3.8165
32,Rest,317.15555555556784,0.0,3.8165
32,Rest,317.25555555557366,0.0,3.8165
32,Rest,317.3555555555504,0.0,3.8165
32,Rest,317.4555555555562,0.0,3.8165
32,Rest,317.555555555562,0.0,3.8165
32,Rest,317.65555555556784,0.0,3.8165
32,Rest,317.75555555557366,0.0,3.8165
32,Rest,317.8555555555504,0.0,3.8165
32,Rest,317.9555555555562,0.0,3.8165
32,Rest,318.055555555562,0.0,3.8165
32,Rest,318.15555555556784,0.0,3.8166
32,Rest,318.25555555557366,0.0,3.8166
32,Rest,318.3555555555504,0.0,3.8165
32,Rest,318.4555555555562,0.0,3.8165
32,Rest,318.555555555562,0.0,3.8166
32,Rest,318.65555555556784,0.0,3.8166
32,Rest,318.75555555557366,0.0,3.8166
32,Rest,318.8555555555504,0.0,3.8166
32,Rest,318.9555555555562,0.0,3.8166
32,Rest,319.055555555562,0.0,3.8166
32,Rest,319.15555555556784,0.0,3.8166
32,Rest,319.25555555557366,0.0,3.8166
32,Rest,319.3555555555504,0.0,3.8166
32,Rest,319.4555555555562,0.0,3.8166
32,Rest,319.555555555562,0.0,3.8166
32,Rest,319.65555555556784,0.0,3.8166
32,Rest,319.75555555557366,0.0,3.8166
32,Rest,319.8555555555504,0.0,3.8166
32,Rest,319.9555555555562,0.0,3.8167
32,Rest,320.055555555562,0.0,3.8166
32,Rest,320.15555555556784,0.0,3.8166
32,Rest,320.25555555557366,0.0,3.8166
32,Rest,320.3555555555504,0.0,3.8166
32,Rest,320.4555555555562,0.0,3.8166
32,Rest,320.555555555562,0.0,3.8166
32,Rest,320.65555555556784,0.0,3.8166
32,Rest,320.75555555557366,0.0,3.8166
32,Rest,320.8555555555504,0.0,3.8166
32,Rest,320.9555555555562,0.0,3.8166
32,Rest,321.055555555562,0.0,3.8166
32,Rest,321.15555555556784,0.0,3.8167
32,Rest,321.25555555557366,0.0,3.8167
32,Rest,321.3555555555504,0.0,3.8167
32,Rest,321.4555555555562,0.0,3.8167
32,Rest,321.555555555562,0.0,3.8167
32,Rest,321.65555555556784,0.0,3.8167
32,Rest,321.75555555557366,0.0,3.8167
32,Rest,321.8555555555504,0.0,3.8167
32,Rest,321.9555555555562,0.0,3.8167
32,Rest,322.055555555562,0.0,3.8167
32,Rest,322.15555555556784,0.0,3.8167
32,Rest,322.25555555557366,0.0,3.8167
32,Rest,322.3555555555504,0.0,3.8167
32,Rest,322.4555555555562,0.0,3.8167
32,Rest,322.555555555562,0.0,3.8167
32,Rest,322.65555555556784,0.0,3.8167
32,Rest,322.75555555557366,0.0,3.8167
32,Rest,322.8555555555504,0.0,3.8167
32,Rest,322.9555555555562,0.0,3.8167
32,Rest,323.055555555562,0.0,3.8167
32,Rest,323.15555555556784,0.0,3.8168
32,Rest,323.25555555557366,0.0,3.8168
32,Rest,323.3555555555504,0.0,3.8168
32,Rest,323.4555555555562,0.0,3.8168
32,Rest,323.555555555562,0.0,3.8168
32,Rest,323.65555555556784,0.0,3.8168
32,Rest,323.75555555557366,0.0,3.8168
32,Rest,323.8555555555504,0.0,3.8168
32,Rest,323.9555555555562,0.0,3.8168
32,Rest,324.055555555562,0.0,3.8168
32,Rest,324.15555555556784,0.0,3.8168
32,Rest,324.25555555557366,0.0,3.8168
32,Rest,324.3555555555504,0.0,3.8168
32,Rest,324.4555555555562,0.0,3.8168
32,Rest,324.555555555562,0.0,3.8168
32,Rest,324.65555555556784,0.0,3.8168
32,Rest,324.75555555557366,0.0,3.8168
32,Rest,324.8555555555504,0.0,3.8168
32,Rest,324.9555555555562,0.0,3.8168
32,Rest,325.055555555562,0.0,3.8168
32,Rest,325.15555555556784,0.0,3.8168
32,Rest,325.25555555557366,0.0,3.8168
32,Rest,325.3555555555504,0.0,3.8168
32,Rest,325.4555555555562,0.0,3.8168
32,Rest,325.555555555562,0.0,3.8168
32,Rest,325.65555555556784,0.0,3.8168
32,Rest,325.75555555557366,0.0,3.8168
32,Rest,325.8555555555504,0.0,3.8168
32,Rest,325.9555555555562,0.0,3.8168
32,Rest,326.055555555562,0.0,3.8168
32,Rest,326.15555555556784,0.0,3.8168
32,Rest,326.25555555557366,0.0,3.8168
32,Rest,326.3555555555504,0.0,3.8168
32,Rest,326.4555555555562,0.0,3.8168
32,Rest,326.555555555562,0.0,3.8168
32,Rest,326.65555555556784,0.0,3.8168
32,Rest,326.75555555557366,0.0,3.8168
32,Rest,326.8555555555504,0.0,3.8169
32,Rest,326.9555555555562,0.0,3.8168
32,Rest,327.055555555562,0.0,3.8168
32,Rest,327.15555555556784,0.0,3.8169
32,Rest,327.25555555557366,0.0,3.8169
32,Rest,327.3555555555504,0.0,3.8168
32,Rest,327.4555555555562,0.0,3.8168
32,Rest,327.555555555562,0.0,3.8169
32,Rest,327.65555555556784,0.0,3.8169
32,Rest,327.75555555557366,0.0,3.8169
32,Rest,327.8555555555504,0.0,3.8169
32,Rest,327.9555555555562,0.0,3.8169
32,Rest,328.055555555562,0.0,3.8169
32,Rest,328.15555555556784,0.0,3.8169
32,Rest,328.25555555557366,0.0,3.8169
32,Rest,328.3555555555504,0.0,3.8169
32,Rest,328.4555555555562,0.0,3.8169
32,Rest,328.555555555562,0.0,3.8169
32,Rest,328.65555555556784,0.0,3.8169
32,Rest,328.75555555557366,0.0,3.8169
32,Rest,328.8555555555504,0.0,3.8169
32,Rest,328.9555555555562,0.0,3.8169
32,Rest,329.055555555562,0.0,3.8169
32,Rest,329.15555555556784,0.0,3.8169
32,Rest,329.25555555557366,0.0,3.8169
32,Rest,329.3555555555504,0.0,3.8169
32,Rest,329.4555555555562,0.0,3.8169
32,Rest,329.555555555562,0.0,3.817
32,Rest,329.65555555556784,0.0,3.817
32,Rest,329.75555555557366,0.0,3.8169
32,Rest,329.8555555555504,0.0,3.817
32,Rest,329.9555555555562,0.0,3.817
32,Rest,330.055555555562,0.0,3.817
32,Rest,330.15555555556784,0.0,3.817
32,Rest,330.25555555557366,0.0,3.817
32,Rest,330.3555555555504,0.0,3.817
32,Rest,330.4555555555562,0.0,3.817
32,Rest,330.555555555562,0.0,3.817
32,Rest,330.65555555556784,0.0,3.817
32,Rest,330.75555555557366,0.0,3.817
32,Rest,330.8555555555504,0.0,3.817
32,Rest,330.9555555555562,0.0,3.817
32,Rest,331.055555555562,0.0,3.817
32,Rest,331.15555555556784,0.0,3.817
32,Rest,331.25555555557366,0.0,3.817
32,Rest,331.3555555555504,0.0,3.817
32,Rest,331.4555555555562,0.0,3.817
32,Rest,331.555555555562,0.0,3.817
32,Rest,331.65555555556784,0.0,3.817
32,Rest,331.75555555557366,0.0,3.8171
32,Rest,331.8555555555504,0.0,3.8171
32,Rest,331.9555555555562,0.0,3.817
32,Rest,332.055555555562,0.0,3.817
32,Rest,332.15555555556784,0.0,3.8171
32,Rest,332.25555555557366,0.0,3.8171
32,Rest,332.3555555555504,0.0,3.8171
32,Rest,332.4555555555562,0.0,3.8171
32,Rest,332.555555555562,0.0,3.8171
32,Rest,332.65555555556784,0.0,3.8171
32,Rest,332.75555555557366,0.0,3.8171
32,Rest,332.8555555555504,0.0,3.8171
32,Rest,332.9555555555562,0.0,3.8171
32,Rest,333.055555555562,0.0,3.8171
32,Rest,333.15555555556784,0.0,3.8171
32,Rest,333.25555555557366,0.0,3.8171
32,Rest,333.3555555555504,0.0,3.8171
32,Rest,333.4555555555562,0.0,3.8171
32,Rest,333.555555555562,0.0,3.8171
32,Rest,333.65555555556784,0.0,3.8171
32,Rest,333.75555555557366,0.0,3.8171
32,Rest,333.8555555555504,0.0,3.8171
32,Rest,333.9555555555562,0.0,3.8171
32,Rest,334.055555555562,0.0,3.8171
32,Rest,334.15555555556784,0.0,3.8171
32,Rest,334.25555555557366,0.0,3.8171
32,Rest,334.3555555555504,0.0,3.8171
32,Rest,334.4555555555562,0.0,3.8172
32,Rest,334.555555555562,0.0,3.8171
32,Rest,334.65555555556784,0.0,3.8171
32,Rest,334.75555555557366,0.0,3.8172
32,Rest,334.8555555555504,0.0,3.8172
32,Rest,334.9555555555562,0.0,3.8172
32,Rest,335.055555555562,0.0,3.8172
32,Rest,335.15555555556784,0.0,3.8172
32,Rest,335.25555555557366,0.0,3.8172
32,Rest,335.3555555555504,0.0,3.8172
32,Rest,335.4555555555562,0.0,3.8172
32,Rest,335.555555555562,0.0,3.8172
32,Rest,335.65555555556784,0.0,3.8172
32,Rest,335.75555555557366,0.0,3.8172
32,Rest,335.8555555555504,0.0,3.8172
32,Rest,335.9555555555562,0.0,3.8172
32,Rest,336.055555555562,0.0,3.8172
32,Rest,336.15555555556784,0.0,3.8172
32,Rest,336.25555555557366,0.0,3.8172
32,Rest,336.3555555555504,0.0,3.8172
32,Rest,336.4555555555562,0.0,3.8172
32,Rest,336.555555555562,0.0,3.8173
32,Rest,336.65555555556784,0.0,3.8173
32,Rest,336.75555555557366,0.0,3.8172
32,Rest,336.8555555555504,0.0,3.8173
32,Rest,336.9555555555562,0.0,3.8173
32,Rest,337.055555555562,0.0,3.8173
32,Rest,337.15555555556784,0.0,3.8173
32,Rest,337.25555555557366,0.0,3.8173
32,Rest,337.3555555555504,0.0,3.8173
32,Rest,337.4555555555562,0.0,3.8173
32,Rest,337.555555555562,0.0,3.8173
32,Rest,337.65555555556784,0.0,3.8173
32,Rest,337.75555555557366,0.0,3.8172
32,Rest,337.8555555555504,0.0,3.8173
32,Rest,337.9555555555562,0.0,3.8173
32,Rest,338.055555555562,0.0,3.8172
32,Rest,338.15555555556784,0.0,3.8173
32,Rest,338.25555555557366,0.0,3.8173
32,Rest,338.3555555555504,0.0,3.8173
32,Rest,338.4555555555562,0.0,3.8173
32,Rest,338.555555555562,0.0,3.8173
32,Rest,338.65555555556784,0.0,3.8173
32,Rest,338.75555555557366,0.0,3.8173
32,Rest,338.8555555555504,0.0,3.8173
32,Rest,338.9555555555562,0.0,3.8173
32,Rest,339.055555555562,0.0,3.8173
32,Rest,339.15555555556784,0.0,3.8173
32,Rest,339.25555555557366,0.0,3.8173
32,Rest,339.3555555555504,0.0,3.8173
32,Rest,339.4555555555562,0.0,3.8173
32,Rest,339.555555555562,0.0,3.8173
32,Rest,339.65555555556784,0.0,3.8173
32,Rest,339.75555555557366,0.0,3.8174
32,Rest,339.8555555555504,0.0,3.8173
32,Rest,339.9555555555562,0.0,3.8174
32,Rest,340.055555555562,0.0,3.8174
32,Rest,340.15555555556784,0.0,3.8174
32,Rest,340.25555555557366,0.0,3.8173
32,Rest,340.3555555555504,0.0,3.8173
32,Rest,340.4555555555562,0.0,3.8174
32,Rest,340.555555555562,0.0,3.8173
32,Rest,340.65555555556784,0.0,3.8173
32,Rest,340.75555555557366,0.0,3.8173
32,Rest,340.8555555555504,0.0,3.8174
32,Rest,340.9555555555562,0.0,3.8174
32,Rest,341.055555555562,0.0,3.8174
32,Rest,341.15555555556784,0.0,3.8174
32,Rest,341.25555555557366,0.0,3.8174
32,Rest,341.3555555555504,0.0,3.8173
32,Rest,341.4555555555562,0.0,3.8174
32,Rest,341.555555555562,0.0,3.8174
32,Rest,341.65555555556784,0.0,3.8174
32,Rest,341.75555555557366,0.0,3.8174
32,Rest,341.8555555555504,0.0,3.8174
32,Rest,341.9555555555562,0.0,3.8174
32,Rest,342.055555555562,0.0,3.8174
32,Rest,342.15555555556784,0.0,3.8174
32,Rest,342.25555555557366,0.0,3.8174
32,Rest,342.3555555555504,0.0,3.8174
32,Rest,342.4555555555562,0.0,3.8174
32,Rest,342.555555555562,0.0,3.8174
32,Rest,342.65555555556784,0.0,3.8174
32,Rest,342.75555555557366,0.0,3.8174
32,Rest,342.8555555555504,0.0,3.8174
32,Rest,342.9555555555562,0.0,3.8174
32,Rest,343.055555555562,0.0,3.8174
32,Rest,343.15555555556784,0.0,3.8174
32,Rest,343.25555555557366,0.0,3.8174
32,Rest,343.3555555555504,0.0,3.8174
32,Rest,343.4555555555562,0.0,3.8174
32,Rest,343.555555555562,0.0,3.8174
32,Rest,343.65555555556784,0.0,3.8174
32,Rest,343.75555555557366,0.0,3.8174
32,Rest,343.8555555555504,0.0,3.8175
32,Rest,343.9555555555562,0.0,3.8175
32,Rest,344.055555555562,0.0,3.8175
32,Rest,344.15555555556784,0.0,3.8174
32,Rest,344.25555555557366,0.0,3.8174
32,Rest,344.3555555555504,0.0,3.8175
32,Rest,344.4555555555562,0.0,3.8175
32,Rest,344.555555555562,0.0,3.8175
32,Rest,344.65555555556784,0.0,3.8175
32,Rest,344.75555555557366,0.0,3.8175
32,Rest,344.8555555555504,0.0,3.8175
32,Rest,344.9555555555562,0.0,3.8175
32,Rest,345.055555555562,0.0,3.8175
32,Rest,345.15555555556784,0.0,3.8175
32,Rest,345.25555555557366,0.0,3.8175
32,Rest,345.3555555555504,0.0,3.8175
32,Rest,345.4555555555562,0.0,3.8175
32,Rest,345.555555555562,0.0,3.8175
32,Rest,345.65555555556784,0.0,3.8175
32,Rest,345.75555555557366,0.0,3.8175
32,Rest,345.8555555555504,0.0,3.8175
32,Rest,345.9555555555562,0.0,3.8175
32,Rest,346.055555555562,0.0,3.8176
32,Rest,346.15555555556784,0.0,3.8175
32,Rest,346.25555555557366,0.0,3.8175
32,Rest,346.3555555555504,0.0,3.8175
32,Rest,346.4555555555562,0.0,3.8175
32,Rest,346.555555555562,0.0,3.8175
32,Rest,346.65555555556784,0.0,3.8176
32,Rest,346.75555555557366,0.0,3.8176
32,Rest,346.8555555555504,0.0,3.8175
32,Rest,346.9555555555562,0.0,3.8175
32,Rest,347.055555555562,0.0,3.8176
32,Rest,347.15555555556784,0.0,3.8176
32,Rest,347.25555555557366,0.0,3.8176
32,Rest,347.3555555555504,0.0,3.8176
32,Rest,347.4555555555562,0.0,3.8176
32,Rest,347.555555555562,0.0,3.8176
32,Rest,347.65555555556784,0.0,3.8176
32,Rest,347.75555555557366,0.0,3.8176
32,Rest,347.8555555555504,0.0,3.8176
32,Rest,347.9555555555562,0.0,3.8176
32,Rest,348.055555555562,0.0,3.8176
32,Rest,348.15555555556784,0.0,3.8176
32,Rest,348.25555555557366,0.0,3.8176
32,Rest,348.3555555555504,0.0,3.8176
32,Rest,348.4555555555562,0.0,3.8176
32,Rest,348.555555555562,0.0,3.8176
32,Rest,348.65555555556784,0.0,3.8176
32,Rest,348.75555555557366,0.0,3.8176
32,Rest,348.8555555555504,0.0,3.8176
32,Rest,348.9555555555562,0.0,3.8176
32,Rest,349.055555555562,0.0,3.8176
32,Rest,349.15555555556784,0.0,3.8176
32,Rest,349.25555555557366,0.0,3.8176
32,Rest,349.3555555555504,0.0,3.8176
32,Rest,349.4555555555562,0.0,3.8176
32,Rest,349.555555555562,0.0,3.8176
32,Rest,349.65555555556784,0.0,3.8177
32,Rest,349.75555555557366,0.0,3.8176
32,Rest,349.8555555555504,0.0,3.8176
32,Rest,349.9555555555562,0.0,3.8176
32,Rest,350.055555555562,0.0,3.8177
32,Rest,350.15555555556784,0.0,3.8177
32,Rest,350.25555555557366,0.0,3.8177
32,Rest,350.3555555555504,0.0,3.8177
32,Rest,350.4555555555562,0.0,3.8177
32,Rest,350.555555555562,0.0,3.8176
32,Rest,350.65555555556784,0.0,3.8176
32,Rest,350.75555555557366,0.0,3.8177
32,Rest,350.8555555555504,0.0,3.8177
32,Rest,350.9555555555562,0.0,3.8177
32,Rest,351.055555555562,0.0,3.8177
32,Rest,351.15555555556784,0.0,3.8177
32,Rest,351.25555555557366,0.0,3.8177
32,Rest,351.3555555555504,0.0,3.8177
32,Rest,351.4555555555562,0.0,3.8177
32,Rest,351.555555555562,0.0,3.8177
32,Rest,351.65555555556784,0.0,3.8177
32,Rest,351.75555555557366,0.0,3.8177
32,Rest,351.8555555555504,0.0,3.8177
32,Rest,351.9555555555562,0.0,3.8177
32,Rest,352.055555555562,0.0,3.8177
32,Rest,352.15555555556784,0.0,3.8177
32,Rest,352.25555555557366,0.0,3.8177
32,Rest,352.3555555555504,0.0,3.8177
32,Rest,352.4555555555562,0.0,3.8177
32,Rest,352.555555555562,0.0,3.8177
32,Rest,352.65555555556784,0.0,3.8177
32,Rest,352.75555555557366,0.0,3.8177
32,Rest,352.8555555555504,0.0,3.8177
32,Rest,352.9555555555562,0.0,3.8177
32,Rest,353.055555555562,0.0,3.8177
32,Rest,353.15555555556784,0.0,3.8177
32,Rest,353.25555555557366,0.0,3.8177
32,Rest,353.3555555555504,0.0,3.8177
32,Rest,353.4555555555562,0.0,3.8177
32,Rest,353.555555555562,0.0,3.8177
32,Rest,353.65555555556784,0.0,3.8177
32,Rest,353.75555555557366,0.0,3.8177
32,Rest,353.8555555555504,0.0,3.8178
32,Rest,353.9555555555562,0.0,3.8178
32,Rest,354.055555555562,0.0,3.8177
32,Rest,354.15555555556784,0.0,3.8177
32,Rest,354.25555555557366,0.0,3.8177
32,Rest,354.3555555555504,0.0,3.8178
32,Rest,354.4555555555562,0.0,3.8177
32,Rest,354.555555555562,0.0,3.8177
32,Rest,354.65555555556784,0.0,3.8178
32,Rest,354.75555555557366,0.0,3.8178
32,Rest,354.8555555555504,0.0,3.8178
32,Rest,354.9555555555562,0.0,3.8178
32,Rest,355.055555555562,0.0,3.8178
32,Rest,355.15555555556784,0.0,3.8178
32,Rest,355.25555555557366,0.0,3.8178
32,Rest,355.3555555555504,0.0,3.8178
32,Rest,355.4555555555562,0.0,3.8178
32,Rest,355.555555555562,0.0,3.8178
32,Rest,355.65555555556784,0.0,3.8178
32,Rest,355.75555555557366,0.0,3.8178
32,Rest,355.8555555555504,0.0,3.8178
32,Rest,355.9555555555562,0.0,3.8177
32,Rest,356.055555555562,0.0,3.8177
32,Rest,356.15555555556784,0.0,3.8177
32,Rest,356.25555555557366,0.0,3.8177
32,Rest,356.3555555555504,0.0,3.8178
32,Rest,356.4555555555562,0.0,3.8178
32,Rest,356.555555555562,0.0,3.8178
32,Rest,356.65555555556784,0.0,3.8178
32,Rest,356.75555555557366,0.0,3.8178
32,Rest,356.8555555555504,0.0,3.8178
32,Rest,356.9555555555562,0.0,3.8178
32,Rest,357.055555555562,0.0,3.8178
32,Rest,357.15555555556784,0.0,3.8178
32,Rest,357.25555555557366,0.0,3.8178
32,Rest,357.3555555555504,0.0,3.8178
32,Rest,357.4555555555562,0.0,3.8178
32,Rest,357.555555555562,0.0,3.8178
32,Rest,357.65555555556784,0.0,3.8178
32,Rest,357.75555555557366,0.0,3.8178
32,Rest,357.8555555555504,0.0,3.8178
32,Rest,357.9555555555562,0.0,3.8178
32,Rest,358.055555555562,0.0,3.8178
32,Rest,358.15555555556784,0.0,3.8178
32,Rest,358.25555555557366,0.0,3.8178
32,Rest,358.3555555555504,0.0,3.8178
32,Rest,358.4555555555562,0.0,3.8178
32,Rest,358.555555555562,0.0,3.8178
32,Rest,358.65555555556784,0.0,3.8178
32,Rest,358.75555555557366,0.0,3.8178
32,Rest,358.8555555555504,0.0,3.8178
32,Rest,358.9555555555562,0.0,3.8178
32,Rest,359.055555555562,0.0,3.8179
32,Rest,359.15555555556784,0.0,3.8178
32,Rest,359.25555555557366,0.0,3.8178
32,Rest,359.3555555555504,0.0,3.8178
32,Rest,359.4555555555562,0.0,3.8178
32,Rest,359.555555555562,0.0,3.8178
32,Rest,359.65555555556784,0.0,3.8178
32,Rest,359.75555555557366,0.0,3.8179
32,Rest,359.8555555555504,0.0,3.8178
32,Rest,359.9555555555562,0.0,3.8178
32,Rest,360.055555555562,0.0,3.8178
32,Rest,360.15555555556784,0.0,3.8178
32,Rest,360.25555555557366,0.0,3.8178
32,Rest,360.3555555555504,0.0,3.8178
32,Rest,360.4555555555562,0.0,3.8179
32,Rest,360.555555555562,0.0,3.8179
32,Rest,360.65555555556784,0.0,3.8179
32,Rest,360.75555555557366,0.0,3.8178
32,Rest,360.8555555555504,0.0,3.8179
32,Rest,360.9555555555562,0.0,3.8179
32,Rest,361.055555555562,0.0,3.8179
32,Rest,361.15555555556784,0.0,3.8179
32,Rest,361.25555555557366,0.0,3.8179
32,Rest,361.3555555555504,0.0,3.8179
32,Rest,361.4555555555562,0.0,3.8179
32,Rest,361.555555555562,0.0,3.8179
32,Rest,361.65555555556784,0.0,3.8179
32,Rest,361.75555555557366,0.0,3.8179
32,Rest,361.8555555555504,0.0,3.8179
32,Rest,361.9555555555562,0.0,3.8179
32,Rest,362.055555555562,0.0,3.8179
32,Rest,362.15555555556784,0.0,3.8179
32,Rest,362.25555555557366,0.0,3.8179
32,Rest,362.3555555555504,0.0,3.8179
32,Rest,362.4555555555562,0.0,3.8179
32,Rest,362.555555555562,0.0,3.8179
32,Rest,362.65555555556784,0.0,3.8179
32,Rest,362.75555555557366,0.0,3.8179
32,Rest,362.8555555555504,0.0,3.8179
32,Rest,362.9555555555562,0.0,3.8179
32,Rest,363.055555555562,0.0,3.8179
32,Rest,363.15555555556784,0.0,3.8179
32,Rest,363.25555555557366,0.0,3.8179
32,Rest,363.3555555555504,0.0,3.8179
32,Rest,363.4555555555562,0.0,3.8179
32,Rest,363.555555555562,0.0,3.818
32,Rest,363.65555555556784,0.0,3.8179
32,Rest,363.75555555557366,0.0,3.8179
32,Rest,363.8555555555504,0.0,3.8179
32,Rest,363.9555555555562,0.0,3.818
32,Rest,364.055555555562,0.0,3.818
32,Rest,364.15555555556784,0.0,3.818
32,Rest,364.25555555557366,0.0,3.818
32,Rest,364.3555555555504,0.0,3.818
32,Rest,364.4555555555562,0.0,3.818
32,Rest,364.555555555562,0.0,3.818
32,Rest,364.65555555556784,0.0,3.8179
32,Rest,364.75555555557366,0.0,3.818
32,Rest,364.8555555555504,0.0,3.818
32,Rest,364.9555555555562,0.0,3.818
32,Rest,365.055555555562,0.0,3.818
32,Rest,365.15555555556784,0.0,3.818
32,Rest,365.25555555557366,0.0,3.818
32,Rest,365.3555555555504,0.0,3.818
32,Rest,365.4555555555562,0.0,3.8181
32,Rest,365.555555555562,0.0,3.818
32,Rest,365.65555555556784,0.0,3.818
32,Rest,365.75555555557366,0.0,3.818
32,Rest,365.8555555555504,0.0,3.818
32,Rest,365.9555555555562,0.0,3.8181
32,Rest,366.055555555562,0.0,3.8181
32,Rest,366.15555555556784,0.0,3.818
32,Rest,366.25555555557366,0.0,3.818
32,Rest,366.3555555555504,0.0,3.818
32,Rest,366.4555555555562,0.0,3.818
32,Rest,366.555555555562,0.0,3.8181
32,Rest,366.65555555556784,0.0,3.818
32,Rest,366.75555555557366,0.0,3.8181
32,Rest,366.8555555555504,0.0,3.8181
32,Rest,366.9555555555562,0.0,3.8181
32,Rest,367.055555555562,0.0,3.8181
32,Rest,367.15555555556784,0.0,3.818
32,Rest,367.25555555557366,0.0,3.8181
32,Rest,367.3555555555504,0.0,3.818
32,Rest,367.4555555555562,0.0,3.8181
32,Rest,367.555555555562,0.0,3.8181
32,Rest,367.65555555556784,0.0,3.8181
32,Rest,367.75555555557366,0.0,3.8181
32,Rest,367.8555555555504,0.0,3.8181
32,Rest,367.9555555555562,0.0,3.8181
32,Rest,368.055555555562,0.0,3.8181
32,Rest,368.15555555556784,0.0,3.8181
32,Rest,368.25555555557366,0.0,3.8181
32,Rest,368.3555555555504,0.0,3.8181
32,Rest,368.4555555555562,0.0,3.8181
32,Rest,368.555555555562,0.0,3.8181
32,Rest,368.65555555556784,0.0,3.8181
32,Rest,368.75555555557366,0.0,3.8181
32,Rest,368.8555555555504,0.0,3.8181
32,Rest,368.9555555555562,0.0,3.8181
32,Rest,369.055555555562,0.0,3.8181
32,Rest,369.15555555556784,0.0,3.8181
32,Rest,369.25555555557366,0.0,3.8181
32,Rest,369.3555555555504,0.0,3.818
32,Rest,369.4555555555562,0.0,3.818
32,Rest,369.555555555562,0.0,3.818
32,Rest,369.65555555556784,0.0,3.8181
32,Rest,369.75555555557366,0.0,3.8181
32,Rest,369.8555555555504,0.0,3.8181
32,Rest,369.9555555555562,0.0,3.8181
32,Rest,370.055555555562,0.0,3.8181
32,Rest,370.15555555556784,0.0,3.818
32,Rest,370.25555555557366,0.0,3.8181
32,Rest,370.3555555555504,0.0,3.8181
32,Rest,370.4555555555562,0.0,3.8181
32,Rest,370.555555555562,0.0,3.8181
32,Rest,370.65555555556784,0.0,3.8181
32,Rest,370.75555555557366,0.0,3.8181
32,Rest,370.8555555555504,0.0,3.8181
32,Rest,370.9555555555562,0.0,3.8181
32,Rest,371.055555555562,0.0,3.8181
32,Rest,371.15555555556784,0.0,3.8181
32,Rest,371.25555555557366,0.0,3.8181
32,Rest,371.3555555555504,0.0,3.8181
32,Rest,371.4555555555562,0.0,3.8181
32,Rest,371.555555555562,0.0,3.8181
32,Rest,371.65555555556784,0.0,3.8181
32,Rest,371.75555555557366,0.0,3.8181
32,Rest,371.8555555555504,0.0,3.8181
32,Rest,371.9555555555562,0.0,3.8181
32,Rest,372.055555555562,0.0,3.8181
32,Rest,372.15555555556784,0.0,3.8181
32,Rest,372.25555555557366,0.0,3.8181
32,Rest,372.3555555555504,0.0,3.8181
32,Rest,372.4555555555562,0.0,3.8182
32,Rest,372.555555555562,0.0,3.8182
32,Rest,372.65555555556784,0.0,3.8182
32,Rest,372.75555555557366,0.0,3.8182
32,Rest,372.8555555555504,0.0,3.8182
32,Rest,372.9555555555562,0.0,3.8182
32,Rest,373.055555555562,0.0,3.8182
32,Rest,373.15555555556784,0.0,3.8182
32,Rest,373.25555555557366,0.0,3.8182
32,Rest,373.3555555555504,0.0,3.8182
32,Rest,373.4555555555562,0.0,3.8182
32,Rest,373.555555555562,0.0,3.8182
32,Rest,373.65555555556784,0.0,3.8182
32,Rest,373.75555555557366,0.0,3.8182
32,Rest,373.8555555555504,0.0,3.8182
32,Rest,373.9555555555562,0.0,3.8182
32,Rest,374.055555555562,0.0,3.8182
32,Rest,374.15555555556784,0.0,3.8182
32,Rest,374.25555555557366,0.0,3.8182
32,Rest,374.3555555555504,0.0,3.8182
32,Rest,374.4555555555562,0.0,3.8182
32,Rest,374.555555555562,0.0,3.8182
32,Rest,374.65555555556784,0.0,3.8182
32,Rest,374.75555555557366,0.0,3.8182
32,Rest,374.8555555555504,0.0,3.8182
32,Rest,374.9555555555562,0.0,3.8182
32,Rest,375.055555555562,0.0,3.8182
32,Rest,375.15555555556784,0.0,3.8183
32,Rest,375.25555555557366,0.0,3.8183
32,Rest,375.3555555555504,0.0,3.8183
32,Rest,375.4555555555562,0.0,3.8183
32,Rest,375.555555555562,0.0,3.8183
32,Rest,375.65555555556784,0.0,3.8183
32,Rest,375.75555555557366,0.0,3.8183
32,Rest,375.8555555555504,0.0,3.8183
32,Rest,375.9555555555562,0.0,3.8183
32,Rest,376.055555555562,0.0,3.8183
32,Rest,376.15555555556784,0.0,3.8183
32,Rest,376.25555555557366,0.0,3.8182
32,Rest,376.3555555555504,0.0,3.8183
32,Rest,376.4555555555562,0.0,3.8183
32,Rest,376.555555555562,0.0,3.8183
32,Rest,376.65555555556784,0.0,3.8183
32,Rest,376.75555555557366,0.0,3.8183
32,Rest,376.8555555555504,0.0,3.8183
32,Rest,376.9555555555562,0.0,3.8183
32,Rest,377.055555555562,0.0,3.8183
32,Rest,377.15555555556784,0.0,3.8183
32,Rest,377.25555555557366,0.0,3.8183
32,Rest,377.3555555555504,0.0,3.8183
32,Rest,377.4555555555562,0.0,3.8183
32,Rest,377.555555555562,0.0,3.8183
32,Rest,377.65555555556784,0.0,3.8183
32,Rest,377.75555555557366,0.0,3.8183
32,Rest,377.8555555555504,0.0,3.8183
32,Rest,377.9555555555562,0.0,3.8183
32,Rest,378.055555555562,0.0,3.8183
32,Rest,378.15555555556784,0.0,3.8183
32,Rest,378.25555555557366,0.0,3.8183
32,Rest,378.3555555555504,0.0,3.8183
32,Rest,378.4555555555562,0.0,3.8183
32,Rest,378.555555555562,0.0,3.8183
32,Rest,378.65555555556784,0.0,3.8183
32,Rest,378.75555555557366,0.0,3.8183
32,Rest,378.8555555555504,0.0,3.8183
32,Rest,378.9555555555562,0.0,3.8183
32,Rest,379.055555555562,0.0,3.8183
32,Rest,379.15555555556784,0.0,3.8183
32,Rest,379.25555555557366,0.0,3.8183
32,Rest,379.3555555555504,0.0,3.8183
32,Rest,379.4555555555562,0.0,3.8183
32,Rest,379.555555555562,0.0,3.8183
32,Rest,379.65555555556784,0.0,3.8183
32,Rest,379.75555555557366,0.0,3.8183
32,Rest,379.8555555555504,0.0,3.8183
32,Rest,379.9555555555562,0.0,3.8183
32,Rest,380.055555555562,0.0,3.8184
32,Rest,380.15555555556784,0.0,3.8183
32,Rest,380.25555555557366,0.0,3.8183
32,Rest,380.3555555555504,0.0,3.8183
32,Rest,380.4555555555562,0.0,3.8183
32,Rest,380.555555555562,0.0,3.8183
32,Rest,380.65555555556784,0.0,3.8183
32,Rest,380.75555555557366,0.0,3.8183
32,Rest,380.8555555555504,0.0,3.8183
32,Rest,380.9555555555562,0.0,3.8183
32,Rest,381.055555555562,0.0,3.8183
32,Rest,381.15555555556784,0.0,3.8183
32,Rest,381.25555555557366,0.0,3.8184
32,Rest,381.3555555555504,0.0,3.8184
32,Rest,381.4555555555562,0.0,3.8184
32,Rest,381.555555555562,0.0,3.8184
32,Rest,381.65555555556784,0.0,3.8184
32,Rest,381.75555555557366,0.0,3.8184
32,Rest,381.8555555555504,0.0,3.8184
32,Rest,381.9555555555562,0.0,3.8184
32,Rest,382.055555555562,0.0,3.8183
32,Rest,382.15555555556784,0.0,3.8183
32,Rest,382.25555555557366,0.0,3.8184
32,Rest,382.3555555555504,0.0,3.8184
32,Rest,382.4555555555562,0.0,3.8184
32,Rest,382.555555555562,0.0,3.8184
32,Rest,382.65555555556784,0.0,3.8183
32,Rest,382.75555555557366,0.0,3.8184
32,Rest,382.8555555555504,0.0,3.8184
32,Rest,382.9555555555562,0.0,3.8184
32,Rest,383.055555555562,0.0,3.8184
32,Rest,383.15555555556784,0.0,3.8184
32,Rest,383.25555555557366,0.0,3.8184
32,Rest,383.3555555555504,0.0,3.8184
32,Rest,383.4555555555562,0.0,3.8184
32,Rest,383.555555555562,0.0,3.8184
32,Rest,383.65555555556784,0.0,3.8184
32,Rest,383.75555555557366,0.0,3.8184
32,Rest,383.8555555555504,0.0,3.8184
32,Rest,383.9555555555562,0.0,3.8184
32,Rest,384.055555555562,0.0,3.8184
32,Rest,384.15555555556784,0.0,3.8184
32,Rest,384.25555555557366,0.0,3.8184
32,Rest,384.3555555555504,0.0,3.8184
32,Rest,384.4555555555562,0.0,3.8184
32,Rest,384.555555555562,0.0,3.8184
32,Rest,384.65555555556784,0.0,3.8184
32,Rest,384.75555555557366,0.0,3.8184
32,Rest,384.8555555555504,0.0,3.8184
32,Rest,384.9555555555562,0.0,3.8184
32,Rest,385.055555555562,0.0,3.8184
32,Rest,385.15555555556784,0.0,3.8184
32,Rest,385.25555555557366,0.0,3.8184
32,Rest,385.3555555555504,0.0,3.8184
32,Rest,385.4555555555562,0.0,3.8185
32,Rest,385.555555555562,0.0,3.8185
32,Rest,385.65555555556784,0.0,3.8185
32,Rest,385.75555555557366,0.0,3.8185
32,Rest,385.8555555555504,0.0,3.8185
32,Rest,385.9555555555562,0.0,3.8185
32,Rest,386.055555555562,0.0,3.8185
32,Rest,386.15555555556784,0.0,3.8185
32,Rest,386.25555555557366,0.0,3.8185
32,Rest,386.3555555555504,0.0,3.8185
32,Rest,386.4555555555562,0.0,3.8185
32,Rest,386.555555555562,0.0,3.8185
32,Rest,386.65555555556784,0.0,3.8185
32,Rest,386.75555555557366,0.0,3.8185
32,Rest,386.8555555555504,0.0,3.8185
32,Rest,386.9555555555562,0.0,3.8185
32,Rest,387.055555555562,0.0,3.8185
32,Rest,387.15555555556784,0.0,3.8185
32,Rest,387.25555555557366,0.0,3.8185
32,Rest,387.3555555555504,0.0,3.8185
32,Rest,387.4555555555562,0.0,3.8185
32,Rest,387.555555555562,0.0,3.8185
32,Rest,387.65555555556784,0.0,3.8185
32,Rest,387.75555555557366,0.0,3.8185
32,Rest,387.8555555555504,0.0,3.8185
32,Rest,387.9555555555562,0.0,3.8185
32,Rest,388.055555555562,0.0,3.8185
32,Rest,388.15555555556784,0.0,3.8186
32,Rest,388.25555555557366,0.0,3.8186
32,Rest,388.3555555555504,0.0,3.8186
32,Rest,388.4555555555562,0.0,3.8186
32,Rest,388.555555555562,0.0,3.8186
32,Rest,388.65555555556784,0.0,3.8186
32,Rest,388.75555555557366,0.0,3.8186
32,Rest,388.8555555555504,0.0,3.8185
32,Rest,388.9555555555562,0.0,3.8186
32,Rest,389.055555555562,0.0,3.8186
32,Rest,389.15555555556784,0.0,3.8186
32,Rest,389.25555555557366,0.0,3.8186
32,Rest,389.3555555555504,0.0,3.8186
32,Rest,389.4555555555562,0.0,3.8186
32,Rest,389.555555555562,0.0,3.8186
32,Rest,389.65555555556784,0.0,3.8186
32,Rest,389.75555555557366,0.0,3.8186
32,Rest,389.8555555555504,0.0,3.8186
32,Rest,389.9555555555562,0.0,3.8186
32,Rest,390.055555555562,0.0,3.8186
32,Rest,390.15555555556784,0.0,3.8186
32,Rest,390.25555555557366,0.0,3.8186
32,Rest,390.3555555555504,0.0,3.8186
32,Rest,390.4555555555562,0.0,3.8186
32,Rest,390.555555555562,0.0,3.8186
32,Rest,390.65555555556784,0.0,3.8186
32,Rest,390.75555555557366,0.0,3.8186
32,Rest,390.8555555555504,0.0,3.8186
32,Rest,390.9555555555562,0.0,3.8186
32,Rest,391.055555555562,0.0,3.8187
32,Rest,391.15555555556784,0.0,3.8187
32,Rest,391.25555555557366,0.0,3.8186
32,Rest,391.3555555555504,0.0,3.8187
32,Rest,391.4555555555562,0.0,3.8187
32,Rest,391.555555555562,0.0,3.8187
32,Rest,391.65555555556784,0.0,3.8187
32,Rest,391.75555555557366,0.0,3.8187
32,Rest,391.8555555555504,0.0,3.8187
32,Rest,391.9555555555562,0.0,3.8187
32,Rest,392.055555555562,0.0,3.8187
32,Rest,392.15555555556784,0.0,3.8187
32,Rest,392.25555555557366,0.0,3.8187
32,Rest,392.3555555555504,0.0,3.8187
32,Rest,392.4555555555562,0.0,3.8187
32,Rest,392.555555555562,0.0,3.8187
32,Rest,392.65555555556784,0.0,3.8187
32,Rest,392.75555555557366,0.0,3.8187
32,Rest,392.8555555555504,0.0,3.8187
32,Rest,392.9555555555562,0.0,3.8187
32,Rest,393.055555555562,0.0,3.8187
32,Rest,393.15555555556784,0.0,3.8187
32,Rest,393.25555555557366,0.0,3.8187
32,Rest,393.3555555555504,0.0,3.8187
32,Rest,393.4555555555562,0.0,3.8187
32,Rest,393.555555555562,0.0,3.8187
32,Rest,393.65555555556784,0.0,3.8187
32,Rest,393.75555555557366,0.0,3.8187
32,Rest,393.8555555555504,0.0,3.8187
32,Rest,393.9555555555562,0.0,3.8187
32,Rest,394.055555555562,0.0,3.8187
32,Rest,394.15555555556784,0.0,3.8188
32,Rest,394.25555555557366,0.0,3.8188
32,Rest,394.3555555555504,0.0,3.8188
32,Rest,394.4555555555562,0.0,3.8188
32,Rest,394.555555555562,0.0,3.8188
32,Rest,394.65555555556784,0.0,3.8187
32,Rest,394.75555555557366,0.0,3.8187
32,Rest,394.8555555555504,0.0,3.8187
32,Rest,394.9555555555562,0.0,3.8187
32,Rest,395.055555555562,0.0,3.8187
32,Rest,395.15555555556784,0.0,3.8188
32,Rest,395.25555555557366,0.0,3.8188
32,Rest,395.3555555555504,0.0,3.8188
32,Rest,395.4555555555562,0.0,3.8188
32,Rest,395.555555555562,0.0,3.8188
32,Rest,395.65555555556784,0.0,3.8188
32,Rest,395.75555555557366,0.0,3.8188
32,Rest,395.8555555555504,0.0,3.8188
32,Rest,395.9555555555562,0.0,3.8188
32,Rest,396.055555555562,0.0,3.8188
32,Rest,396.15555555556784,0.0,3.8188
32,Rest,396.25555555557366,0.0,3.8188
32,Rest,396.3555555555504,0.0,3.8188
32,Rest,396.4555555555562,0.0,3.8188
32,Rest,396.555555555562,0.0,3.8187
32,Rest,396.65555555556784,0.0,3.8188
32,Rest,396.75555555557366,0.0,3.8188
32,Rest,396.8555555555504,0.0,3.8188
32,Rest,396.9555555555562,0.0,3.8188
32,Rest,397.055555555562,0.0,3.8188
32,Rest,397.15555555556784,0.0,3.8188
32,Rest,397.25555555557366,0.0,3.8188
32,Rest,397.3555555555504,0.0,3.8188
32,Rest,397.4555555555562,0.0,3.8188
32,Rest,397.555555555562,0.0,3.8188
32,Rest,397.65555555556784,0.0,3.8188
32,Rest,397.75555555557366,0.0,3.8188
32,Rest,397.8555555555504,0.0,3.8188
32,Rest,397.9555555555562,0.0,3.8188
32,Rest,398.055555555562,0.0,3.8188
32,Rest,398.15555555556784,0.0,3.8188
32,Rest,398.25555555557366,0.0,3.8188
32,Rest,398.3555555555504,0.0,3.8188
32,Rest,398.4555555555562,0.0,3.8188
32,Rest,398.555555555562,0.0,3.8188
32,Rest,398.65555555556784,0.0,3.8188
32,Rest,398.75555555557366,0.0,3.8189
32,Rest,398.8555555555504,0.0,3.8189
32,Rest,398.9555555555562,0.0,3.8188
32,Rest,399.055555555562,0.0,3.8189
32,Rest,399.15555555556784,0.0,3.8188
32,Rest,399.25555555557366,0.0,3.8188
32,Rest,399.3555555555504,0.0,3.8188
32,Rest,399.4555555555562,0.0,3.8188
32,Rest,399.555555555562,0.0,3.8188
32,Rest,399.65555555556784,0.0,3.8188
32,Rest,399.75555555557366,0.0,3.8189
32,Rest,399.8555555555504,0.0,3.8189
32,Rest,399.9555555555562,0.0,3.8188
32,Rest,400.055555555562,0.0,3.8189
32,Rest,400.15555555556784,0.0,3.8189
32,Rest,400.25555555557366,0.0,3.8189
32,Rest,400.3555555555504,0.0,3.8189
32,Rest,400.4555555555562,0.0,3.8189
32,Rest,400.555555555562,0.0,3.8189
32,Rest,400.65555555556784,0.0,3.8189
32,Rest,400.75555555557366,0.0,3.8189
32,Rest,400.8555555555504,0.0,3.8189
32,Rest,400.9555555555562,0.0,3.8189
32,Rest,401.055555555562,0.0,3.8189
32,Rest,401.15555555556784,0.0,3.8189
32,Rest,401.25555555557366,0.0,3.8189
32,Rest,401.3555555555504,0.0,3.8189
32,Rest,401.4555555555562,0.0,3.8189
32,Rest,401.555555555562,0.0,3.8189
32,Rest,401.65555555556784,0.0,3.8189
32,Rest,401.75555555557366,0.0,3.8189
32,Rest,401.8555555555504,0.0,3.8189
32,Rest,401.9555555555562,0.0,3.8189
32,Rest,402.055555555562,0.0,3.8189
32,Rest,402.15555555556784,0.0,3.819
32,Rest,402.25555555557366,0.0,3.819
32,Rest,402.3555555555504,0.0,3.819
32,Rest,402.4555555555562,0.0,3.819
32,Rest,402.555555555562,0.0,3.8189
32,Rest,402.65555555556784,0.0,3.8189
32,Rest,402.75555555557366,0.0,3.819
32,Rest,402.8555555555504,0.0,3.8189
32,Rest,402.9555555555562,0.0,3.8189
32,Rest,403.055555555562,0.0,3.819
32,Rest,403.15555555556784,0.0,3.8189
32,Rest,403.25555555557366,0.0,3.8189
32,Rest,403.3555555555504,0.0,3.8189
32,Rest,403.4555555555562,0.0,3.8189
32,Rest,403.555555555562,0.0,3.8189
32,Rest,403.65555555556784,0.0,3.8189
32,Rest,403.75555555557366,0.0,3.819
32,Rest,403.8555555555504,0.0,3.819
32,Rest,403.9555555555562,0.0,3.819
32,Rest,404.055555555562,0.0,3.8189
32,Rest,404.15555555556784,0.0,3.819
32,Rest,404.25555555557366,0.0,3.8189
32,Rest,404.3555555555504,0.0,3.819
32,Rest,404.4555555555562,0.0,3.819
32,Rest,404.555555555562,0.0,3.819
32,Rest,404.65555555556784,0.0,3.819
32,Rest,404.75555555557366,0.0,3.8189
32,Rest,404.8555555555504,0.0,3.8189
32,Rest,404.9555555555562,0.0,3.8189
32,Rest,405.055555555562,0.0,3.819
32,Rest,405.15555555556784,0.0,3.8189
32,Rest,405.25555555557366,0.0,3.819
32,Rest,405.3555555555504,0.0,3.819
32,Rest,405.4555555555562,0.0,3.819
32,Rest,405.555555555562,0.0,3.819
32,Rest,405.65555555556784,0.0,3.819
32,Rest,405.75555555557366,0.0,3.819
32,Rest,405.8555555555504,0.0,3.819
32,Rest,405.9555555555562,0.0,3.819
32,Rest,406.055555555562,0.0,3.819
32,Rest,406.15555555556784,0.0,3.819
32,Rest,406.25555555557366,0.0,3.819
32,Rest,406.3555555555504,0.0,3.819
32,Rest,406.4555555555562,0.0,3.819
32,Rest,406.555555555562,0.0,3.819
32,Rest,406.65555555556784,0.0,3.819
32,Rest,406.75555555557366,0.0,3.819
32,Rest,406.8555555555504,0.0,3.819
32,Rest,406.9555555555562,0.0,3.819
32,Rest,407.055555555562,0.0,3.819
32,Rest,407.15555555556784,0.0,3.819
32,Rest,407.25555555557366,0.0,3.819
32,Rest,407.3555555555504,0.0,3.819
32,Rest,407.4555555555562,0.0,3.819
32,Rest,407.555555555562,0.0,3.819
32,Rest,407.65555555556784,0.0,3.819
32,Rest,407.75555555557366,0.0,3.819
32,Rest,407.8555555555504,0.0,3.819
32,Rest,407.9555555555562,0.0,3.819
32,Rest,408.055555555562,0.0,3.819
32,Rest,408.15555555556784,0.0,3.819
32,Rest,408.25555555557366,0.0,3.819
32,Rest,408.3555555555504,0.0,3.819
32,Rest,408.4555555555562,0.0,3.819
32,Rest,408.555555555562,0.0,3.819
32,Rest,408.65555555556784,0.0,3.819
32,Rest,408.75555555557366,0.0,3.819
32,Rest,408.8555555555504,0.0,3.819
32,Rest,408.9555555555562,0.0,3.819
32,Rest,409.055555555562,0.0,3.819
32,Rest,409.15555555556784,0.0,3.819
32,Rest,409.25555555557366,0.0,3.8191
32,Rest,409.3555555555504,0.0,3.819
32,Rest,409.4555555555562,0.0,3.819
32,Rest,409.555555555562,0.0,3.819
32,Rest,409.65555555556784,0.0,3.8191
32,Rest,409.75555555557366,0.0,3.8191
32,Rest,409.8555555555504,0.0,3.8191
32,Rest,409.9555555555562,0.0,3.8191
32,Rest,410.055555555562,0.0,3.819
32,Rest,410.15555555556784,0.0,3.819
32,Rest,410.25555555557366,0.0,3.8191
32,Rest,410.3555555555504,0.0,3.8191
32,Rest,410.4555555555562,0.0,3.8191
32,Rest,410.555555555562,0.0,3.8191
32,Rest,410.65555555556784,0.0,3.8191
32,Rest,410.75555555557366,0.0,3.8191
32,Rest,410.8555555555504,0.0,3.8191
32,Rest,410.9555555555562,0.0,3.8191
32,Rest,411.055555555562,0.0,3.8191
32,Rest,411.15555555556784,0.0,3.8191
32,Rest,411.25555555557366,0.0,3.8191
32,Rest,411.3555555555504,0.0,3.8191
32,Rest,411.4555555555562,0.0,3.8191
32,Rest,411.555555555562,0.0,3.8191
32,Rest,411.65555555556784,0.0,3.8191
32,Rest,411.75555555557366,0.0,3.8191
32,Rest,411.8555555555504,0.0,3.8191
32,Rest,411.9555555555562,0.0,3.8191
32,Rest,412.055555555562,0.0,3.8191
32,Rest,412.15555555556784,0.0,3.8191
32,Rest,412.25555555557366,0.0,3.8191
32,Rest,412.3555555555504,0.0,3.8191
32,Rest,412.4555555555562,0.0,3.8191
32,Rest,412.555555555562,0.0,3.8191
32,Rest,412.65555555556784,0.0,3.8191
32,Rest,412.75555555557366,0.0,3.8191
32,Rest,412.8555555555504,0.0,3.8191
32,Rest,412.9555555555562,0.0,3.8191
32,Rest,413.055555555562,0.0,3.8191
32,Rest,413.15555555556784,0.0,3.8191
32,Rest,413.25555555557366,0.0,3.8191
32,Rest,413.3555555555504,0.0,3.8192
32,Rest,413.4555555555562,0.0,3.8192
32,Rest,413.555555555562,0.0,3.8192
32,Rest,413.65555555556784,0.0,3.8192
32,Rest,413.75555555557366,0.0,3.8192
32,Rest,413.8555555555504,0.0,3.8192
32,Rest,413.9555555555562,0.0,3.8192
32,Rest,414.055555555562,0.0,3.8192
32,Rest,414.15555555556784,0.0,3.8192
32,Rest,414.25555555557366,0.0,3.8192
32,Rest,414.3555555555504,0.0,3.8192
32,Rest,414.4555555555562,0.0,3.8192
32,Rest,414.555555555562,0.0,3.8191
32,Rest,414.65555555556784,0.0,3.8192
32,Rest,414.75555555557366,0.0,3.8192
32,Rest,414.8555555555504,0.0,3.8192
32,Rest,414.9555555555562,0.0,3.8192
32,Rest,415.055555555562,0.0,3.8192
32,Rest,415.15555555556784,0.0,3.8192
32,Rest,415.25555555557366,0.0,3.8192
32,Rest,415.3555555555504,0.0,3.8192
32,Rest,415.4555555555562,0.0,3.8192
32,Rest,415.555555555562,0.0,3.8192
32,Rest,415.65555555556784,0.0,3.8192
32,Rest,415.75555555557366,0.0,3.8192
32,Rest,415.8555555555504,0.0,3.8192
32,Rest,415.9555555555562,0.0,3.8192
32,Rest,416.055555555562,0.0,3.8192
32,Rest,416.15555555556784,0.0,3.8192
32,Rest,416.25555555557366,0.0,3.8192
32,Rest,416.3555555555504,0.0,3.8192
32,Rest,416.4555555555562,0.0,3.8192
32,Rest,416.555555555562,0.0,3.8192
32,Rest,416.65555555556784,0.0,3.8193
32,Rest,416.75555555557366,0.0,3.8192
32,Rest,416.8555555555504,0.0,3.8192
32,Rest,416.9555555555562,0.0,3.8193
32,Rest,417.055555555562,0.0,3.8193
32,Rest,417.15555555556784,0.0,3.8193
32,Rest,417.25555555557366,0.0,3.8193
32,Rest,417.3555555555504,0.0,3.8193
32,Rest,417.4555555555562,0.0,3.8192
32,Rest,417.555555555562,0.0,3.8192
32,Rest,417.65555555556784,0.0,3.8192
32,Rest,417.75555555557366,0.0,3.8192
32,Rest,417.8555555555504,0.0,3.8193
32,Rest,417.9555555555562,0.0,3.8193
32,Rest,418.055555555562,0.0,3.8192
32,Rest,418.15555555556784,0.0,3.8192
32,Rest,418.25555555557366,0.0,3.8192
32,Rest,418.3555555555504,0.0,3.8193
32,Rest,418.4555555555562,0.0,3.8193
32,Rest,418.555555555562,0.0,3.8193
32,Rest,418.65555555556784,0.0,3.8193
32,Rest,418.75555555557366,0.0,3.8193
32,Rest,418.8555555555504,0.0,3.8193
32,Rest,418.9555555555562,0.0,3.8193
32,Rest,419.055555555562,0.0,3.8193
32,Rest,419.15555555556784,0.0,3.8193
32,Rest,419.25555555557366,0.0,3.8193
32,Rest,419.3555555555504,0.0,3.8193
32,Rest,419.4555555555562,0.0,3.8193
32,Rest,419.555555555562,0.0,3.8193
32,Rest,419.65555555556784,0.0,3.8193
32,Rest,419.75555555557366,0.0,3.8193
32,Rest,419.8555555555504,0.0,3.8193
32,Rest,419.9555555555562,0.0,3.8193
32,Rest,420.055555555562,0.0,3.8193
32,Rest,420.15555555556784,0.0,3.8193
32,Rest,420.25555555557366,0.0,3.8193
32,Rest,420.3555555555504,0.0,3.8193
32,Rest,420.4555555555562,0.0,3.8193
32,Rest,420.555555555562,0.0,3.8193
32,Rest,420.65555555556784,0.0,3.8193
32,Rest,420.75555555557366,0.0,3.8193
32,Rest,420.8555555555504,0.0,3.8194
32,Rest,420.9555555555562,0.0,3.8194
32,Rest,421.055555555562,0.0,3.8194
32,Rest,421.15555555556784,0.0,3.8194
32,Rest,421.25555555557366,0.0,3.8193
32,Rest,421.3555555555504,0.0,3.8193
32,Rest,421.4555555555562,0.0,3.8193
32,Rest,421.555555555562,0.0,3.8193
32,Rest,421.65555555556784,0.0,3.8193
32,Rest,421.75555555557366,0.0,3.8193
32,Rest,421.8555555555504,0.0,3.8194
32,Rest,421.9555555555562,0.0,3.8193
32,Rest,422.055555555562,0.0,3.8193
32,Rest,422.15555555556784,0.0,3.8193
32,Rest,422.25555555557366,0.0,3.8193
32,Rest,422.3555555555504,0.0,3.8193
32,Rest,422.4555555555562,0.0,3.8193
32,Rest,422.555555555562,0.0,3.8193
32,Rest,422.65555555556784,0.0,3.8193
32,Rest,422.75555555557366,0.0,3.8193
32,Rest,422.8555555555504,0.0,3.8193
32,Rest,422.9555555555562,0.0,3.8193
32,Rest,423.055555555562,0.0,3.8193
32,Rest,423.15555555556784,0.0,3.8193
32,Rest,423.25555555557366,0.0,3.8194
32,Rest,423.3555555555504,0.0,3.8194
32,Rest,423.4555555555562,0.0,3.8194
32,Rest,423.555555555562,0.0,3.8194
32,Rest,423.65555555556784,0.0,3.8193
32,Rest,423.75555555557366,0.0,3.8193
32,Rest,423.8555555555504,0.0,3.8193
32,Rest,423.9555555555562,0.0,3.8194
32,Rest,424.055555555562,0.0,3.8193
32,Rest,424.15555555556784,0.0,3.8193
32,Rest,424.25555555557366,0.0,3.8194
32,Rest,424.3555555555504,0.0,3.8194
32,Rest,424.4555555555562,0.0,3.8194
32,Rest,424.555555555562,0.0,3.8194
32,Rest,424.65555555556784,0.0,3.8193
32,Rest,424.75555555557366,0.0,3.8193
32,Rest,424.8555555555504,0.0,3.8194
32,Rest,424.9555555555562,0.0,3.8194
32,Rest,425.055555555562,0.0,3.8194
32,Rest,425.15555555556784,0.0,3.8194
32,Rest,425.25555555557366,0.0,3.8194
32,Rest,425.3555555555504,0.0,3.8194
32,Rest,425.4555555555562,0.0,3.8194
32,Rest,425.555555555562,0.0,3.8194
32,Rest,425.65555555556784,0.0,3.8194
32,Rest,425.75555555557366,0.0,3.8193
32,Rest,425.8555555555504,0.0,3.8194
32,Rest,425.9555555555562,0.0,3.8194
32,Rest,426.055555555562,0.0,3.8194
32,Rest,426.15555555556784,0.0,3.8194
32,Rest,426.25555555557366,0.0,3.8194
32,Rest,426.3555555555504,0.0,3.8194
32,Rest,426.4555555555562,0.0,3.8193
32,Rest,426.555555555562,0.0,3.8193
32,Rest,426.65555555556784,0.0,3.8193
32,Rest,426.75555555557366,0.0,3.8194
32,Rest,426.8555555555504,0.0,3.8194
32,Rest,426.9555555555562,0.0,3.8193
32,Rest,427.055555555562,0.0,3.8193
32,Rest,427.15555555556784,0.0,3.8194
32,Rest,427.25555555557366,0.0,3.8194
32,Rest,427.3555555555504,0.0,3.8194
32,Rest,427.4555555555562,0.0,3.8194
32,Rest,427.555555555562,0.0,3.8194
32,Rest,427.65555555556784,0.0,3.8194
32,Rest,427.75555555557366,0.0,3.8193
32,Rest,427.8555555555504,0.0,3.8193
32,Rest,427.9555555555562,0.0,3.8193
32,Rest,428.055555555562,0.0,3.8194
32,Rest,428.15555555556784,0.0,3.8194
32,Rest,428.25555555557366,0.0,3.8194
32,Rest,428.3555555555504,0.0,3.8194
32,Rest,428.4555555555562,0.0,3.8194
32,Rest,428.555555555562,0.0,3.8194
32,Rest,428.65555555556784,0.0,3.8194
32,Rest,428.75555555557366,0.0,3.8194
32,Rest,428.8555555555504,0.0,3.8194
32,Rest,428.9555555555562,0.0,3.8194
32,Rest,429.055555555562,0.0,3.8194
32,Rest,429.15555555556784,0.0,3.8194
32,Rest,429.25555555557366,0.0,3.8194
32,Rest,429.3555555555504,0.0,3.8194
32,Rest,429.4555555555562,0.0,3.8194
32,Rest,429.555555555562,0.0,3.8194
32,Rest,429.65555555556784,0.0,3.8194
32,Rest,429.75555555557366,0.0,3.8194
32,Rest,429.8555555555504,0.0,3.8194
32,Rest,429.9555555555562,0.0,3.8194
32,Rest,430.055555555562,0.0,3.8194
32,Rest,430.15555555556784,0.0,3.8195
32,Rest,430.25555555557366,0.0,3.8194
32,Rest,430.3555555555504,0.0,3.8194
32,Rest,430.4555555555562,0.0,3.8194
32,Rest,430.555555555562,0.0,3.8195
32,Rest,430.65555555556784,0.0,3.8194
32,Rest,430.75555555557366,0.0,3.8195
32,Rest,430.8555555555504,0.0,3.8195
32,Rest,430.9555555555562,0.0,3.8195
32,Rest,431.055555555562,0.0,3.8194
32,Rest,431.15555555556784,0.0,3.8194
32,Rest,431.25555555557366,0.0,3.8194
32,Rest,431.3555555555504,0.0,3.8194
32,Rest,431.4555555555562,0.0,3.8195
32,Rest,431.555555555562,0.0,3.8195
32,Rest,431.65555555556784,0.0,3.8194
32,Rest,431.75555555557366,0.0,3.8194
32,Rest,431.8555555555504,0.0,3.8194
32,Rest,431.9555555555562,0.0,3.8195
32,Rest,432.055555555562,0.0,3.8195
32,Rest,432.15555555556784,0.0,3.8195
32,Rest,432.25555555557366,0.0,3.8195
32,Rest,432.3555555555504,0.0,3.8194
32,Rest,432.4555555555562,0.0,3.8194
32,Rest,432.555555555562,0.0,3.8195
32,Rest,432.65555555556784,0.0,3.8195
32,Rest,432.75555555557366,0.0,3.8195
32,Rest,432.8555555555504,0.0,3.8195
32,Rest,432.9555555555562,0.0,3.8195
32,Rest,433.055555555562,0.0,3.8195
32,Rest,433.15555555556784,0.0,3.8195
32,Rest,433.25555555557366,0.0,3.8195
32,Rest,433.3555555555504,0.0,3.8195
32,Rest,433.4555555555562,0.0,3.8195
32,Rest,433.555555555562,0.0,3.8195
32,Rest,433.65555555556784,0.0,3.8195
32,Rest,433.75555555557366,0.0,3.8195
32,Rest,433.8555555555504,0.0,3.8195
32,Rest,433.9555555555562,0.0,3.8195
32,Rest,434.055555555562,0.0,3.8195
32,Rest,434.15555555556784,0.0,3.8195
32,Rest,434.25555555557366,0.0,3.8195
32,Rest,434.3555555555504,0.0,3.8196
32,Rest,434.4555555555562,0.0,3.8195
32,Rest,434.555555555562,0.0,3.8195
32,Rest,434.65555555556784,0.0,3.8195
32,Rest,434.75555555557366,0.0,3.8195
32,Rest,434.8555555555504,0.0,3.8196
32,Rest,434.9555555555562,0.0,3.8196
32,Rest,435.055555555562,0.0,3.8196
32,Rest,435.15555555556784,0.0,3.8196
32,Rest,435.25555555557366,0.0,3.8195
32,Rest,435.3555555555504,0.0,3.8195
32,Rest,435.4555555555562,0.0,3.8195
32,Rest,435.555555555562,0.0,3.8196
32,Rest,435.65555555556784,0.0,3.8196
32,Rest,435.75555555557366,0.0,3.8196
32,Rest,435.8555555555504,0.0,3.8195
32,Rest,435.9555555555562,0.0,3.8195
32,Rest,436.055555555562,0.0,3.8195
32,Rest,436.15555555556784,0.0,3.8196
32,Rest,436.25555555557366,0.0,3.8196
32,Rest,436.3555555555504,0.0,3.8195
32,Rest,436.4555555555562,0.0,3.8196
32,Rest,436.555555555562,0.0,3.8196
32,Rest,436.65555555556784,0.0,3.8196
32,Rest,436.75555555557366,0.0,3.8196
32,Rest,436.8555555555504,0.0,3.8196
32,Rest,436.9555555555562,0.0,3.8196
32,Rest,437.055555555562,0.0,3.8195
32,Rest,437.15555555556784,0.0,3.8196
32,Rest,437.25555555557366,0.0,3.8196
32,Rest,437.3555555555504,0.0,3.8196
32,Rest,437.4555555555562,0.0,3.8196
32,Rest,437.555555555562,0.0,3.8196
32,Rest,437.65555555556784,0.0,3.8196
32,Rest,437.75555555557366,0.0,3.8196
32,Rest,437.8555555555504,0.0,3.8196
32,Rest,437.9555555555562,0.0,3.8196
32,Rest,438.055555555562,0.0,3.8196
32,Rest,438.15555555556784,0.0,3.8195
32,Rest,438.25555555557366,0.0,3.8196
32,Rest,438.3555555555504,0.0,3.8195
32,Rest,438.4555555555562,0.0,3.8195
32,Rest,438.555555555562,0.0,3.8195
32,Rest,438.65555555556784,0.0,3.8196
32,Rest,438.75555555557366,0.0,3.8196
32,Rest,438.8555555555504,0.0,3.8196
32,Rest,438.9555555555562,0.0,3.8196
32,Rest,439.055555555562,0.0,3.8196
32,Rest,439.15555555556784,0.0,3.8197
32,Rest,439.25555555557366,0.0,3.8196
32,Rest,439.3555555555504,0.0,3.8196
32,Rest,439.4555555555562,0.0,3.8196
32,Rest,439.555555555562,0.0,3.8196
32,Rest,439.65555555556784,0.0,3.8196
32,Rest,439.75555555557366,0.0,3.8196
32,Rest,439.8555555555504,0.0,3.8196
