Step,Step Type,"t,s","I,A","U,V"
25,CC DChg,0.0,-1.6984,3.8824
25,CC DChg,1.0,-1.6984,3.8824
25,CC DChg,2.0,-1.6987,3.8819
25,CC DChg,3.0,-1.6991,3.8816
25,CC DChg,4.0,-1.6992,3.8808
25,CC DChg,5.0,-1.6994,3.8802
25,CC DChg,6.0,-1.6995,3.8796
25,CC DChg,7.0,-1.6995,3.8792
25,CC DChg,8.0,-1.6996,3.8787
25,CC DChg,8.181818181823473,-1.6996,3.8784
25,CC DChg,8.363636363646947,-1.6996,3.8779
25,CC DChg,8.545454545441316,-1.6996,3.8777
25,CC DChg,8.72727272726479,-1.6997,3.8772
25,CC DChg,8.909090909088263,-1.6997,3.8769
25,CC DChg,9.090909090911737,-1.6997,3.8766
25,CC DChg,9.27272727273521,-1.6997,3.8763
25,CC DChg,9.454545454558684,-1.6997,3.876
25,CC DChg,9.636363636353053,-1.6997,3.8757
25,CC DChg,9.818181818176527,-1.6997,3.8754
25,CC DChg,9.92561983471387,-1.6997,3.8753
25,CC DChg,10.033057851222111,-1.6997,3.8749
25,CC DChg,10.140495867759455,-1.6997,3.8747
25,CC DChg,10.247933884296799,-1.6997,3.8744
25,CC DChg,10.355371900834143,-1.6997,3.8743
25,CC DChg,10.462809917342383,-1.6998,3.874
25,CC DChg,10.570247933879727,-1.6998,3.8738
25,CC DChg,10.677685950417072,-1.6998,3.8736
25,CC DChg,10.785123966954416,-1.6998,3.8733
25,CC DChg,10.892561983462656,-1.6998,3.8731
25,CC DChg,10.993238166789524,-1.6998,3.8729
25,CC DChg,11.093914350116393,-1.6998,3.8727
25,CC DChg,11.194590533414157,-1.6998,3.8725
25,CC DChg,11.295266716741025,-1.6998,3.8723
25,CC DChg,11.395942900067894,-1.6998,3.8721
25,CC DChg,11.496619083394762,-1.6998,3.8719
25,CC DChg,11.59729526672163,-1.6998,3.8717
25,CC DChg,11.697971450048499,-1.6998,3.8716
25,CC DChg,11.798647633346263,-1.6998,3.8714
25,CC DChg,11.899323816673132,-1.6998,3.8712
25,CC DChg,11.999385287897894,-1.6998,3.871
25,CC DChg,12.099446759093553,-1.6998,3.8708
25,CC DChg,12.199508230318315,-1.6998,3.8707
25,CC DChg,12.299569701513974,-1.6998,3.8705
25,CC DChg,12.399631172738736,-1.6998,3.8703
25,CC DChg,12.499692643934395,-1.6998,3.8701
25,CC DChg,12.599754115159158,-1.6998,3.87
25,CC DChg,12.699815586354816,-1.6998,3.8698
25,CC DChg,12.799877057579579,-1.6998,3.8696
25,CC DChg,12.899938528775238,-1.6998,3.8695
25,CC DChg,12.999944117065752,-1.6998,3.8693
25,CC DChg,13.099949705356266,-1.6998,3.8691
25,CC DChg,13.19995529364678,-1.6998,3.869
25,CC DChg,13.299960881937295,-1.6998,3.8688
25,CC DChg,13.39996647022781,-1.6998,3.8687
25,CC DChg,13.499972058547428,-1.6998,3.8685
25,CC DChg,13.599977646837942,-1.6998,3.8684
25,CC DChg,13.699983235128457,-1.6998,3.8682
25,CC DChg,13.799988823418971,-1.6998,3.8681
25,CC DChg,13.899994411709486,-1.6998,3.8679
25,CC DChg,13.999994919722667,-1.6998,3.8678
25,CC DChg,14.099995427764952,-1.6998,3.8676
25,CC DChg,14.199995935778134,-1.6998,3.8674
25,CC DChg,14.299996443820419,-1.6998,3.8673
25,CC DChg,14.3999969518336,-1.6998,3.8672
25,CC DChg,14.499997459875885,-1.6998,3.867
25,CC DChg,14.599997967889067,-1.6998,3.8669
25,CC DChg,14.699998475931352,-1.6998,3.8668
25,CC DChg,14.799998983944533,-1.6998,3.8667
25,CC DChg,14.899999491986819,-1.6998,3.8664
25,CC DChg,14.999999538180418,-1.6998,3.8663
25,CC DChg,15.099999584344914,-1.6998,3.8662
25,CC DChg,15.199999630538514,-1.6998,3.866
25,CC DChg,15.299999676732114,-1.6998,3.866
25,CC DChg,15.39999972289661,-1.6998,3.8658
25,CC DChg,15.49999976909021,-1.6998,3.8657
25,CC DChg,15.599999815225601,-1.6998,3.8655
25,CC DChg,15.699999861448305,-1.6998,3.8654
25,CC DChg,15.799999907641904,-1.6998,3.8653
25,CC DChg,15.8999999538064,-1.6998,3.8651
25,CC DChg,15.999999958003173,-1.6998,3.865
25,CC DChg,16.099999962199945,-1.6998,3.8649
25,CC DChg,16.199999966396717,-1.6998,3.8647
25,CC DChg,16.29999997059349,-1.6998,3.8646
25,CC DChg,16.399999974790262,-1.6998,3.8645
25,CC DChg,16.49999997901614,-1.6998,3.8644
25,CC DChg,16.59999998321291,-1.6998,3.8642
25,CC DChg,16.699999987409683,-1.6998,3.8641
25,CC DChg,16.799999991606455,-1.6998,3.864
25,CC DChg,16.899999995803228,-1.6998,3.8639
25,CC DChg,16.999999996187398,-1.6998,3.8638
25,CC DChg,17.09999999657157,-1.6998,3.8636
25,CC DChg,17.19999999695574,-1.6998,3.8635
25,CC DChg,17.29999999733991,-1.6998,3.8634
25,CC DChg,17.39999999772408,-1.6998,3.8633
25,CC DChg,17.499999998079147,-1.6998,3.8631
25,CC DChg,17.599999998463318,-1.6998,3.863
25,CC DChg,17.69999999884749,-1.6998,3.8629
25,CC DChg,17.79999999923166,-1.6998,3.8627
25,CC DChg,17.89999999961583,-1.6998,3.8626
25,CC DChg,17.999999999650754,-1.6998,3.8625
25,CC DChg,18.09999999968568,-1.6998,3.8624
25,CC DChg,18.199999999720603,-1.6998,3.8623
25,CC DChg,18.299999999755528,-1.6998,3.8622
25,CC DChg,18.399999999790452,-1.6998,3.8621
25,CC DChg,18.49999999985448,-1.6998,3.8619
25,CC DChg,18.5999999998603,-1.6998,3.8618
25,CC DChg,18.699999999895226,-1.6998,3.8617
25,CC DChg,18.79999999993015,-1.6998,3.8616
25,CC DChg,18.899999999965075,-1.6998,3.8615
25,CC DChg,18.999999999970896,-1.6998,3.8614
25,CC DChg,19.099999999976717,-1.6998,3.8613
25,CC DChg,19.199999999982538,-1.6998,3.8612
25,CC DChg,19.29999999998836,-1.6998,3.8611
25,CC DChg,19.39999999999418,-1.6998,3.861
25,CC DChg,19.499999999970896,-1.6998,3.8609
25,CC DChg,19.599999999976717,-1.6998,3.8607
25,CC DChg,19.699999999982538,-1.6998,3.8607
25,CC DChg,19.79999999998836,-1.6998,3.8605
25,CC DChg,19.89999999999418,-1.6998,3.8604
25,CC DChg,20.0,-1.6998,3.8603
25,CC DChg,20.10000000000582,-1.6998,3.8602
25,CC DChg,20.199999999982538,-1.6998,3.8601
25,CC DChg,20.29999999998836,-1.6998,3.86
25,CC DChg,20.39999999999418,-1.6998,3.8599
25,CC DChg,20.5,-1.6998,3.8597
25,CC DChg,20.60000000000582,-1.6998,3.8596
25,CC DChg,20.70000000001164,-1.6998,3.8595
25,CC DChg,20.79999999998836,-1.6998,3.8594
25,CC DChg,20.89999999999418,-1.6998,3.8593
25,CC DChg,21.0,-1.6998,3.8592
25,CC DChg,21.10000000000582,-1.6998,3.8592
25,CC DChg,21.199999999982538,-1.6998,3.859
25,CC DChg,21.29999999998836,-1.6998,3.8589
25,CC DChg,21.39999999999418,-1.6998,3.8588
25,CC DChg,21.5,-1.6998,3.8587
25,CC DChg,21.60000000000582,-1.6998,3.8586
25,CC DChg,21.70000000001164,-1.6998,3.8585
25,CC DChg,21.79999999998836,-1.6998,3.8584
25,CC DChg,21.89999999999418,-1.6998,3.8583
25,CC DChg,22.0,-1.6998,3.8582
25,CC DChg,22.10000000000582,-1.6998,3.8581
25,CC DChg,22.199999999982538,-1.6998,3.858
25,CC DChg,22.29999999998836,-1.6998,3.8578
25,CC DChg,22.39999999999418,-1.6998,3.8578
25,CC DChg,22.5,-1.6998,3.8577
25,CC DChg,22.60000000000582,-1.6998,3.8576
25,CC DChg,22.70000000001164,-1.6998,3.8575
25,CC DChg,22.79999999998836,-1.6998,3.8574
25,CC DChg,22.89999999999418,-1.6999,3.8573
25,CC DChg,23.0,-1.6999,3.8572
25,CC DChg,23.10000000000582,-1.6999,3.8571
25,CC DChg,23.199999999982538,-1.6999,3.857
25,CC DChg,23.29999999998836,-1.6999,3.8569
25,CC DChg,23.39999999999418,-1.6999,3.8568
25,CC DChg,23.5,-1.6999,3.8567
25,CC DChg,23.60000000000582,-1.6999,3.8565
25,CC DChg,23.70000000001164,-1.6999,3.8565
25,CC DChg,23.79999999998836,-1.6999,3.8564
25,CC DChg,23.89999999999418,-1.6999,3.8563
25,CC DChg,24.0,-1.6999,3.8562
25,CC DChg,24.10000000000582,-1.6999,3.8561
25,CC DChg,24.199999999982538,-1.6999,3.856
25,CC DChg,24.29999999998836,-1.6999,3.8559
25,CC DChg,24.39999999999418,-1.6999,3.8558
25,CC DChg,24.5,-1.6999,3.8557
25,CC DChg,24.60000000000582,-1.6999,3.8557
25,CC DChg,24.70000000001164,-1.6999,3.8555
25,CC DChg,24.79999999998836,-1.6999,3.8554
25,CC DChg,24.89999999999418,-1.6999,3.8553
25,CC DChg,25.0,-1.6999,3.8552
25,CC DChg,25.10000000000582,-1.6999,3.8551
25,CC DChg,25.199999999982538,-1.6999,3.855
25,CC DChg,25.29999999998836,-1.6999,3.855
25,CC DChg,25.39999999999418,-1.6999,3.8549
25,CC DChg,25.5,-1.6999,3.8548
25,CC DChg,25.60000000000582,-1.6999,3.8546
25,CC DChg,25.70000000001164,-1.6999,3.8546
25,CC DChg,25.79999999998836,-1.6999,3.8545
25,CC DChg,25.89999999999418,-1.6999,3.8544
25,CC DChg,26.0,-1.6999,3.8543
25,CC DChg,26.10000000000582,-1.6999,3.8542
25,CC DChg,26.199999999982538,-1.6999,3.8541
25,CC DChg,26.29999999998836,-1.6999,3.8541
25,CC DChg,26.39999999999418,-1.6999,3.854
25,CC DChg,26.5,-1.6999,3.8539
25,CC DChg,26.60000000000582,-1.6999,3.8538
25,CC DChg,26.70000000001164,-1.6999,3.8537
25,CC DChg,26.79999999998836,-1.6999,3.8536
25,CC DChg,26.89999999999418,-1.6999,3.8535
25,CC DChg,27.0,-1.6999,3.8534
25,CC DChg,27.10000000000582,-1.6999,3.8533
25,CC DChg,27.199999999982538,-1.6999,3.8532
25,CC DChg,27.29999999998836,-1.6999,3.8531
25,CC DChg,27.39999999999418,-1.6999,3.8531
25,CC DChg,27.5,-1.6999,3.853
25,CC DChg,27.60000000000582,-1.6999,3.8529
25,CC DChg,27.70000000001164,-1.6999,3.8528
25,CC DChg,27.79999999998836,-1.6999,3.8527
25,CC DChg,27.89999999999418,-1.6999,3.8526
25,CC DChg,28.0,-1.6999,3.8526
25,CC DChg,28.10000000000582,-1.6999,3.8525
25,CC DChg,28.199999999982538,-1.6999,3.8524
25,CC DChg,28.29999999998836,-1.6999,3.8523
25,CC DChg,28.39999999999418,-1.6999,3.8522
25,CC DChg,28.5,-1.6999,3.8521
25,CC DChg,28.60000000000582,-1.6998,3.8521
25,CC DChg,28.70000000001164,-1.6998,3.8519
25,CC DChg,28.79999999998836,-1.6998,3.8519
25,CC DChg,28.89999999999418,-1.6998,3.8518
25,CC DChg,29.0,-1.6998,3.8517
25,CC DChg,29.10000000000582,-1.6998,3.8516
25,CC DChg,29.199999999982538,-1.6998,3.8515
25,CC DChg,29.29999999998836,-1.6998,3.8514
25,CC DChg,29.39999999999418,-1.6998,3.8514
25,CC DChg,29.5,-1.6998,3.8513
25,CC DChg,29.60000000000582,-1.6998,3.8512
25,CC DChg,29.70000000001164,-1.6998,3.8511
25,CC DChg,29.79999999998836,-1.6998,3.851
25,CC DChg,29.89999999999418,-1.6998,3.8509
25,CC DChg,30.0,-1.6998,3.8508
25,CC DChg,30.10000000000582,-1.6998,3.8507
25,CC DChg,30.199999999982538,-1.6998,3.8507
25,CC DChg,30.29999999998836,-1.6998,3.8506
25,CC DChg,30.39999999999418,-1.6998,3.8505
25,CC DChg,30.5,-1.6998,3.8504
25,CC DChg,30.60000000000582,-1.6998,3.8503
25,CC DChg,30.70000000001164,-1.6998,3.8502
25,CC DChg,30.79999999998836,-1.6998,3.8501
25,CC DChg,30.89999999999418,-1.6998,3.8501
25,CC DChg,31.0,-1.6998,3.85
25,CC DChg,31.10000000000582,-1.6998,3.8499
25,CC DChg,31.199999999982538,-1.6997,3.8499
25,CC DChg,31.29999999998836,-1.6997,3.8498
25,CC DChg,31.39999999999418,-1.6997,3.8497
25,CC DChg,31.5,-1.6997,3.8496
25,CC DChg,31.60000000000582,-1.6997,3.8495
25,CC DChg,31.70000000001164,-1.6997,3.8494
25,CC DChg,31.79999999998836,-1.6997,3.8494
25,CC DChg,31.89999999999418,-1.6997,3.8493
25,CC DChg,32.0,-1.6997,3.8492
25,CC DChg,32.10000000000582,-1.6997,3.8491
25,CC DChg,32.19999999998254,-1.6997,3.8491
25,CC DChg,32.29999999998836,-1.6997,3.8489
25,CC DChg,32.39999999999418,-1.6997,3.8489
25,CC DChg,32.5,-1.6997,3.8488
25,CC DChg,32.60000000000582,-1.6997,3.8487
25,CC DChg,32.70000000001164,-1.6997,3.8487
25,CC DChg,32.79999999998836,-1.6997,3.8486
25,CC DChg,32.89999999999418,-1.6997,3.8485
25,CC DChg,33.0,-1.6997,3.8484
25,CC DChg,33.10000000000582,-1.6997,3.8483
25,CC DChg,33.19999999998254,-1.6997,3.8482
25,CC DChg,33.29999999998836,-1.6997,3.8482
25,CC DChg,33.39999999999418,-1.6997,3.8481
25,CC DChg,33.5,-1.6997,3.848
25,CC DChg,33.60000000000582,-1.6997,3.8479
25,CC DChg,33.70000000001164,-1.6997,3.8478
25,CC DChg,33.79999999998836,-1.6997,3.8478
25,CC DChg,33.89999999999418,-1.6997,3.8477
25,CC DChg,34.0,-1.6997,3.8476
25,CC DChg,34.10000000000582,-1.6997,3.8476
25,CC DChg,34.19999999998254,-1.6997,3.8475
25,CC DChg,34.29999999998836,-1.6997,3.8474
25,CC DChg,34.39999999999418,-1.6997,3.8473
25,CC DChg,34.5,-1.6997,3.8472
25,CC DChg,34.60000000000582,-1.6997,3.8472
25,CC DChg,34.70000000001164,-1.6997,3.8471
25,CC DChg,34.79999999998836,-1.6997,3.847
25,CC DChg,34.89999999999418,-1.6997,3.847
25,CC DChg,35.0,-1.6997,3.8469
25,CC DChg,35.10000000000582,-1.6997,3.8468
25,CC DChg,35.19999999998254,-1.6997,3.8467
25,CC DChg,35.29999999998836,-1.6997,3.8466
25,CC DChg,35.39999999999418,-1.6997,3.8466
25,CC DChg,35.5,-1.6997,3.8465
25,CC DChg,35.60000000000582,-1.6997,3.8464
25,CC DChg,35.70000000001164,-1.6997,3.8463
25,CC DChg,35.79999999998836,-1.6997,3.8463
25,CC DChg,35.89999999999418,-1.6998,3.8462
25,CC DChg,36.0,-1.6998,3.8461
25,CC DChg,36.10000000000582,-1.6998,3.8461
25,CC DChg,36.19999999998254,-1.6998,3.846
25,CC DChg,36.29999999998836,-1.6998,3.8459
25,CC DChg,36.39999999999418,-1.6998,3.8459
25,CC DChg,36.5,-1.6998,3.8458
25,CC DChg,36.60000000000582,-1.6998,3.8457
25,CC DChg,36.70000000001164,-1.6998,3.8456
25,CC DChg,36.79999999998836,-1.6998,3.8456
25,CC DChg,36.89999999999418,-1.6998,3.8455
25,CC DChg,37.0,-1.6998,3.8454
25,CC DChg,37.10000000000582,-1.6998,3.8454
25,CC DChg,37.19999999998254,-1.6998,3.8452
25,CC DChg,37.29999999998836,-1.6998,3.8452
25,CC DChg,37.39999999999418,-1.6998,3.8451
25,CC DChg,37.5,-1.6998,3.845
25,CC DChg,37.60000000000582,-1.6998,3.845
25,CC DChg,37.70000000001164,-1.6998,3.845
25,CC DChg,37.79999999998836,-1.6998,3.8449
25,CC DChg,37.89999999999418,-1.6998,3.8448
25,CC DChg,38.0,-1.6998,3.8447
25,CC DChg,38.10000000000582,-1.6998,3.8446
25,CC DChg,38.19999999998254,-1.6998,3.8446
25,CC DChg,38.29999999998836,-1.6998,3.8445
25,CC DChg,38.39999999999418,-1.6998,3.8444
25,CC DChg,38.5,-1.6998,3.8444
25,CC DChg,38.60000000000582,-1.6998,3.8443
25,CC DChg,38.70000000001164,-1.6998,3.8442
25,CC DChg,38.79999999998836,-1.6998,3.8442
25,CC DChg,38.89999999999418,-1.6998,3.8441
25,CC DChg,39.0,-1.6998,3.844
25,CC DChg,39.10000000000582,-1.6998,3.8439
25,CC DChg,39.19999999998254,-1.6998,3.8439
25,CC DChg,39.29999999998836,-1.6998,3.8438
25,CC DChg,39.39999999999418,-1.6998,3.8437
25,CC DChg,39.5,-1.6998,3.8437
25,CC DChg,39.60000000000582,-1.6998,3.8436
25,CC DChg,39.70000000001164,-1.6998,3.8435
25,CC DChg,39.79999999998836,-1.6998,3.8435
25,CC DChg,39.89999999999418,-1.6998,3.8434
25,CC DChg,40.0,-1.6998,3.8434
25,CC DChg,40.10000000000582,-1.6998,3.8433
25,CC DChg,40.19999999998254,-1.6998,3.8432
25,CC DChg,40.29999999998836,-1.6998,3.8432
25,CC DChg,40.39999999999418,-1.6998,3.8431
25,CC DChg,40.5,-1.6998,3.843
25,CC DChg,40.60000000000582,-1.6998,3.8429
25,CC DChg,40.70000000001164,-1.6998,3.8429
25,CC DChg,40.79999999998836,-1.6998,3.8428
25,CC DChg,40.89999999999418,-1.6998,3.8427
25,CC DChg,41.0,-1.6998,3.8427
25,CC DChg,41.10000000000582,-1.6998,3.8426
25,CC DChg,41.19999999998254,-1.6998,3.8425
25,CC DChg,41.29999999998836,-1.6998,3.8425
25,CC DChg,41.39999999999418,-1.6998,3.8424
25,CC DChg,41.5,-1.6998,3.8423
25,CC DChg,41.60000000000582,-1.6998,3.8423
25,CC DChg,41.70000000001164,-1.6998,3.8422
25,CC DChg,41.79999999998836,-1.6998,3.8421
25,CC DChg,41.89999999999418,-1.6998,3.8421
25,CC DChg,42.0,-1.6998,3.842
25,CC DChg,42.10000000000582,-1.6998,3.842
25,CC DChg,42.19999999998254,-1.6998,3.8419
25,CC DChg,42.29999999998836,-1.6998,3.8418
25,CC DChg,42.39999999999418,-1.6998,3.8418
25,CC DChg,42.5,-1.6998,3.8417
25,CC DChg,42.60000000000582,-1.6998,3.8417
25,CC DChg,42.70000000001164,-1.6998,3.8416
25,CC DChg,42.79999999998836,-1.6998,3.8415
25,CC DChg,42.89999999999418,-1.6998,3.8414
25,CC DChg,43.0,-1.6998,3.8414
25,CC DChg,43.10000000000582,-1.6998,3.8413
25,CC DChg,43.19999999998254,-1.6998,3.8412
25,CC DChg,43.29999999998836,-1.6998,3.8412
25,CC DChg,43.39999999999418,-1.6998,3.8411
25,CC DChg,43.5,-1.6998,3.8411
25,CC DChg,43.60000000000582,-1.6998,3.841
25,CC DChg,43.70000000001164,-1.6998,3.8409
25,CC DChg,43.79999999998836,-1.6998,3.8409
25,CC DChg,43.89999999999418,-1.6998,3.8408
25,CC DChg,44.0,-1.6998,3.8408
25,CC DChg,44.10000000000582,-1.6998,3.8407
25,CC DChg,44.19999999998254,-1.6999,3.8407
25,CC DChg,44.29999999998836,-1.6999,3.8406
25,CC DChg,44.39999999999418,-1.6999,3.8405
25,CC DChg,44.5,-1.6999,3.8405
25,CC DChg,44.60000000000582,-1.6999,3.8404
25,CC DChg,44.70000000001164,-1.6999,3.8403
25,CC DChg,44.79999999998836,-1.6999,3.8403
25,CC DChg,44.89999999999418,-1.6999,3.8402
25,CC DChg,45.0,-1.6999,3.8401
25,CC DChg,45.10000000000582,-1.6999,3.8401
25,CC DChg,45.19999999998254,-1.6999,3.84
25,CC DChg,45.29999999998836,-1.6999,3.84
25,CC DChg,45.39999999999418,-1.6999,3.8399
25,CC DChg,45.5,-1.6998,3.8399
25,CC DChg,45.60000000000582,-1.6998,3.8398
25,CC DChg,45.70000000001164,-1.6998,3.8397
25,CC DChg,45.79999999998836,-1.6998,3.8396
25,CC DChg,45.89999999999418,-1.6998,3.8396
25,CC DChg,46.0,-1.6998,3.8395
25,CC DChg,46.10000000000582,-1.6998,3.8395
25,CC DChg,46.19999999998254,-1.6998,3.8394
25,CC DChg,46.29999999998836,-1.6998,3.8394
25,CC DChg,46.39999999999418,-1.6998,3.8393
25,CC DChg,46.5,-1.6998,3.8393
25,CC DChg,46.60000000000582,-1.6998,3.8392
25,CC DChg,46.70000000001164,-1.6998,3.8391
25,CC DChg,46.79999999998836,-1.6998,3.839
25,CC DChg,46.89999999999418,-1.6998,3.839
25,CC DChg,47.0,-1.6998,3.8389
25,CC DChg,47.10000000000582,-1.6998,3.8388
25,CC DChg,47.19999999998254,-1.6998,3.8388
25,CC DChg,47.29999999998836,-1.6998,3.8387
25,CC DChg,47.39999999999418,-1.6998,3.8387
25,CC DChg,47.5,-1.6998,3.8386
25,CC DChg,47.60000000000582,-1.6998,3.8386
25,CC DChg,47.70000000001164,-1.6998,3.8386
25,CC DChg,47.79999999998836,-1.6998,3.8385
25,CC DChg,47.89999999999418,-1.6998,3.8384
25,CC DChg,48.0,-1.6998,3.8384
25,CC DChg,48.10000000000582,-1.6998,3.8383
25,CC DChg,48.19999999998254,-1.6998,3.8382
25,CC DChg,48.29999999998836,-1.6998,3.8382
25,CC DChg,48.39999999999418,-1.6998,3.8381
25,CC DChg,48.5,-1.6998,3.8381
25,CC DChg,48.60000000000582,-1.6998,3.838
25,CC DChg,48.70000000001164,-1.6998,3.8379
25,CC DChg,48.79999999998836,-1.6998,3.8379
25,CC DChg,48.89999999999418,-1.6998,3.8378
25,CC DChg,49.0,-1.6998,3.8378
25,CC DChg,49.10000000000582,-1.6998,3.8377
25,CC DChg,49.19999999998254,-1.6998,3.8376
25,CC DChg,49.29999999998836,-1.6998,3.8376
25,CC DChg,49.39999999999418,-1.6998,3.8375
25,CC DChg,49.5,-1.6998,3.8374
25,CC DChg,49.60000000000582,-1.6998,3.8374
25,CC DChg,49.70000000001164,-1.6998,3.8373
25,CC DChg,49.79999999998836,-1.6998,3.8373
25,CC DChg,49.89999999999418,-1.6998,3.8373
25,CC DChg,50.0,-1.6998,3.8372
25,CC DChg,50.10000000000582,-1.6998,3.8371
25,CC DChg,50.19999999998254,-1.6998,3.8371
25,CC DChg,50.29999999998836,-1.6998,3.837
25,CC DChg,50.39999999999418,-1.6998,3.837
25,CC DChg,50.5,-1.6998,3.8369
25,CC DChg,50.60000000000582,-1.6998,3.8369
25,CC DChg,50.70000000001164,-1.6998,3.8368
25,CC DChg,50.79999999998836,-1.6998,3.8368
25,CC DChg,50.89999999999418,-1.6998,3.8367
25,CC DChg,51.0,-1.6998,3.8366
25,CC DChg,51.10000000000582,-1.6998,3.8366
25,CC DChg,51.19999999998254,-1.6998,3.8365
25,CC DChg,51.29999999998836,-1.6998,3.8365
25,CC DChg,51.39999999999418,-1.6998,3.8364
25,CC DChg,51.5,-1.6998,3.8364
25,CC DChg,51.60000000000582,-1.6998,3.8363
25,CC DChg,51.70000000001164,-1.6998,3.8362
25,CC DChg,51.79999999998836,-1.6999,3.8362
25,CC DChg,51.89999999999418,-1.6999,3.8361
25,CC DChg,52.0,-1.6999,3.8361
25,CC DChg,52.10000000000582,-1.6999,3.836
25,CC DChg,52.19999999998254,-1.6999,3.836
25,CC DChg,52.29999999998836,-1.6999,3.8359
25,CC DChg,52.39999999999418,-1.6999,3.8359
25,CC DChg,52.5,-1.6999,3.8358
25,CC DChg,52.60000000000582,-1.6999,3.8357
25,CC DChg,52.70000000001164,-1.6999,3.8357
25,CC DChg,52.79999999998836,-1.6999,3.8357
25,CC DChg,52.89999999999418,-1.6999,3.8356
25,CC DChg,53.0,-1.6999,3.8355
25,CC DChg,53.10000000000582,-1.6998,3.8355
25,CC DChg,53.19999999998254,-1.6998,3.8354
25,CC DChg,53.29999999998836,-1.6998,3.8354
25,CC DChg,53.39999999999418,-1.6998,3.8353
25,CC DChg,53.5,-1.6998,3.8352
25,CC DChg,53.60000000000582,-1.6998,3.8352
25,CC DChg,53.70000000001164,-1.6998,3.8352
25,CC DChg,53.79999999998836,-1.6998,3.8351
25,CC DChg,53.89999999999418,-1.6998,3.835
25,CC DChg,54.0,-1.6998,3.835
25,CC DChg,54.10000000000582,-1.6998,3.8349
25,CC DChg,54.19999999998254,-1.6998,3.8349
25,CC DChg,54.29999999998836,-1.6998,3.8349
25,CC DChg,54.39999999999418,-1.6998,3.8348
25,CC DChg,54.5,-1.6998,3.8347
25,CC DChg,54.60000000000582,-1.6998,3.8347
25,CC DChg,54.70000000001164,-1.6998,3.8346
25,CC DChg,54.79999999998836,-1.6998,3.8346
25,CC DChg,54.89999999999418,-1.6998,3.8346
25,CC DChg,55.0,-1.6998,3.8345
25,CC DChg,55.10000000000582,-1.6998,3.8345
25,CC DChg,55.19999999998254,-1.6998,3.8344
25,CC DChg,55.29999999998836,-1.6998,3.8343
25,CC DChg,55.39999999999418,-1.6998,3.8343
25,CC DChg,55.5,-1.6998,3.8343
25,CC DChg,55.60000000000582,-1.6998,3.8342
25,CC DChg,55.70000000001164,-1.6998,3.8342
25,CC DChg,55.79999999998836,-1.6998,3.8341
25,CC DChg,55.89999999999418,-1.6998,3.8341
25,CC DChg,56.0,-1.6998,3.834
25,CC DChg,56.10000000000582,-1.6998,3.834
25,CC DChg,56.19999999998254,-1.6998,3.8339
25,CC DChg,56.29999999998836,-1.6998,3.8339
25,CC DChg,56.39999999999418,-1.6998,3.8338
25,CC DChg,56.5,-1.6998,3.8338
25,CC DChg,56.60000000000582,-1.6998,3.8338
25,CC DChg,56.70000000001164,-1.6998,3.8337
25,CC DChg,56.79999999998836,-1.6998,3.8336
25,CC DChg,56.89999999999418,-1.6998,3.8336
25,CC DChg,57.0,-1.6998,3.8335
25,CC DChg,57.10000000000582,-1.6998,3.8335
25,CC DChg,57.19999999998254,-1.6998,3.8334
25,CC DChg,57.29999999998836,-1.6998,3.8334
25,CC DChg,57.39999999999418,-1.6998,3.8333
25,CC DChg,57.5,-1.6998,3.8333
25,CC DChg,57.60000000000582,-1.6998,3.8332
25,CC DChg,57.70000000001164,-1.6998,3.8331
25,CC DChg,57.79999999998836,-1.6998,3.8331
25,CC DChg,57.89999999999418,-1.6998,3.8331
25,CC DChg,58.0,-1.6998,3.833
25,CC DChg,58.10000000000582,-1.6998,3.833
25,CC DChg,58.19999999998254,-1.6998,3.833
25,CC DChg,58.29999999998836,-1.6998,3.8329
25,CC DChg,58.39999999999418,-1.6998,3.8328
25,CC DChg,58.5,-1.6998,3.8328
25,CC DChg,58.60000000000582,-1.6998,3.8327
25,CC DChg,58.70000000001164,-1.6998,3.8326
25,CC DChg,58.79999999998836,-1.6998,3.8326
25,CC DChg,58.89999999999418,-1.6998,3.8326
25,CC DChg,59.0,-1.6998,3.8325
25,CC DChg,59.10000000000582,-1.6998,3.8325
25,CC DChg,59.19999999998254,-1.6998,3.8324
25,CC DChg,59.29999999998836,-1.6998,3.8324
25,CC DChg,59.39999999999418,-1.6998,3.8324
25,CC DChg,59.5,-1.6998,3.8323
25,CC DChg,59.60000000000582,-1.6998,3.8323
25,CC DChg,59.70000000001164,-1.6998,3.8322
25,CC DChg,59.79999999998836,-1.6998,3.8321
25,CC DChg,59.89999999999418,-1.6998,3.8321
25,CC DChg,60.0,-1.6998,3.8321
25,CC DChg,60.10000000000582,-1.6998,3.832
25,CC DChg,60.19999999998254,-1.6998,3.832
25,CC DChg,60.29999999998836,-1.6998,3.8319
25,CC DChg,60.39999999999418,-1.6998,3.8319
25,CC DChg,60.5,-1.6998,3.8318
25,CC DChg,60.60000000000582,-1.6998,3.8317
25,CC DChg,60.70000000001164,-1.6998,3.8317
25,CC DChg,60.79999999998836,-1.6998,3.8317
25,CC DChg,60.89999999999418,-1.6998,3.8316
25,CC DChg,61.0,-1.6998,3.8316
25,CC DChg,61.10000000000582,-1.6998,3.8316
25,CC DChg,61.19999999998254,-1.6998,3.8315
25,CC DChg,61.29999999998836,-1.6998,3.8315
25,CC DChg,61.39999999999418,-1.6998,3.8314
25,CC DChg,61.5,-1.6998,3.8314
25,CC DChg,61.60000000000582,-1.6998,3.8313
25,CC DChg,61.70000000001164,-1.6998,3.8312
25,CC DChg,61.79999999998836,-1.6998,3.8313
25,CC DChg,61.89999999999418,-1.6998,3.8312
25,CC DChg,62.0,-1.6998,3.8311
25,CC DChg,62.10000000000582,-1.6998,3.8311
25,CC DChg,62.19999999998254,-1.6998,3.831
25,CC DChg,62.29999999998836,-1.6998,3.831
25,CC DChg,62.39999999999418,-1.6998,3.831
25,CC DChg,62.5,-1.6998,3.8309
25,CC DChg,62.60000000000582,-1.6998,3.8308
25,CC DChg,62.70000000001164,-1.6998,3.8308
25,CC DChg,62.79999999998836,-1.6998,3.8307
25,CC DChg,62.89999999999418,-1.6998,3.8307
25,CC DChg,63.0,-1.6998,3.8307
25,CC DChg,63.10000000000582,-1.6998,3.8306
25,CC DChg,63.19999999998254,-1.6998,3.8306
25,CC DChg,63.29999999998836,-1.6998,3.8305
25,CC DChg,63.39999999999418,-1.6998,3.8305
25,CC DChg,63.5,-1.6998,3.8305
25,CC DChg,63.60000000000582,-1.6998,3.8304
25,CC DChg,63.70000000001164,-1.6998,3.8304
25,CC DChg,63.79999999998836,-1.6998,3.8303
25,CC DChg,63.89999999999418,-1.6998,3.8303
25,CC DChg,64.0,-1.6998,3.8302
25,CC DChg,64.10000000000582,-1.6998,3.8302
25,CC DChg,64.19999999998254,-1.6998,3.8302
25,CC DChg,64.29999999998836,-1.6998,3.8301
25,CC DChg,64.39999999999418,-1.6998,3.8301
25,CC DChg,64.5,-1.6998,3.83
25,CC DChg,64.60000000000582,-1.6998,3.83
25,CC DChg,64.70000000001164,-1.6998,3.8299
25,CC DChg,64.79999999998836,-1.6998,3.8299
25,CC DChg,64.89999999999418,-1.6998,3.8299
25,CC DChg,65.0,-1.6998,3.8298
25,CC DChg,65.10000000000582,-1.6998,3.8297
25,CC DChg,65.19999999998254,-1.6998,3.8297
25,CC DChg,65.29999999998836,-1.6998,3.8297
25,CC DChg,65.39999999999418,-1.6998,3.8296
25,CC DChg,65.5,-1.6998,3.8296
25,CC DChg,65.60000000000582,-1.6998,3.8295
25,CC DChg,65.70000000001164,-1.6998,3.8295
25,CC DChg,65.79999999998836,-1.6998,3.8294
25,CC DChg,65.89999999999418,-1.6998,3.8294
25,CC DChg,66.0,-1.6998,3.8294
25,CC DChg,66.10000000000582,-1.6998,3.8293
25,CC DChg,66.19999999998254,-1.6998,3.8293
25,CC DChg,66.29999999998836,-1.6998,3.8293
25,CC DChg,66.39999999999418,-1.6998,3.8292
25,CC DChg,66.5,-1.6998,3.8292
25,CC DChg,66.60000000000582,-1.6998,3.8291
25,CC DChg,66.70000000001164,-1.6998,3.829
25,CC DChg,66.79999999998836,-1.6998,3.829
25,CC DChg,66.89999999999418,-1.6998,3.829
25,CC DChg,67.0,-1.6998,3.829
25,CC DChg,67.10000000000582,-1.6998,3.8289
25,CC DChg,67.19999999998254,-1.6998,3.8289
25,CC DChg,67.29999999998836,-1.6998,3.8288
25,CC DChg,67.39999999999418,-1.6998,3.8288
25,CC DChg,67.5,-1.6998,3.8288
25,CC DChg,67.60000000000582,-1.6998,3.8287
25,CC DChg,67.70000000001164,-1.6998,3.8287
25,CC DChg,67.79999999998836,-1.6998,3.8287
25,CC DChg,67.89999999999418,-1.6998,3.8286
25,CC DChg,68.0,-1.6998,3.8286
25,CC DChg,68.10000000000582,-1.6998,3.8285
25,CC DChg,68.19999999998254,-1.6998,3.8285
25,CC DChg,68.29999999998836,-1.6998,3.8284
25,CC DChg,68.39999999999418,-1.6998,3.8284
25,CC DChg,68.5,-1.6998,3.8283
25,CC DChg,68.60000000000582,-1.6998,3.8283
25,CC DChg,68.70000000001164,-1.6998,3.8283
25,CC DChg,68.79999999998836,-1.6998,3.8282
25,CC DChg,68.89999999999418,-1.6998,3.8282
25,CC DChg,69.0,-1.6998,3.8282
25,CC DChg,69.10000000000582,-1.6998,3.8281
25,CC DChg,69.19999999998254,-1.6998,3.8281
25,CC DChg,69.29999999998836,-1.6998,3.828
25,CC DChg,69.39999999999418,-1.6998,3.828
25,CC DChg,69.5,-1.6998,3.8279
25,CC DChg,69.60000000000582,-1.6998,3.8279
25,CC DChg,69.70000000001164,-1.6998,3.8279
25,CC DChg,69.79999999998836,-1.6998,3.8278
25,CC DChg,69.89999999999418,-1.6998,3.8277
25,CC DChg,70.0,-1.6998,3.8277
25,CC DChg,70.10000000000582,-1.6998,3.8277
25,CC DChg,70.19999999998254,-1.6998,3.8276
25,CC DChg,70.29999999998836,-1.6998,3.8276
25,CC DChg,70.39999999999418,-1.6998,3.8275
25,CC DChg,70.5,-1.6998,3.8275
25,CC DChg,70.60000000000582,-1.6998,3.8275
25,CC DChg,70.70000000001164,-1.6998,3.8274
25,CC DChg,70.79999999998836,-1.6998,3.8274
25,CC DChg,70.89999999999418,-1.6998,3.8274
25,CC DChg,71.0,-1.6998,3.8273
25,CC DChg,71.10000000000582,-1.6998,3.8273
25,CC DChg,71.19999999998254,-1.6998,3.8272
25,CC DChg,71.29999999998836,-1.6998,3.8272
25,CC DChg,71.39999999999418,-1.6998,3.8272
25,CC DChg,71.5,-1.6998,3.8272
25,CC DChg,71.60000000000582,-1.6998,3.8271
25,CC DChg,71.70000000001164,-1.6998,3.827
25,CC DChg,71.79999999998836,-1.6998,3.827
25,CC DChg,71.89999999999418,-1.6998,3.8269
25,CC DChg,72.0,-1.6998,3.8269
25,CC DChg,72.10000000000582,-1.6998,3.8269
25,CC DChg,72.19999999998254,-1.6998,3.8269
25,CC DChg,72.29999999998836,-1.6998,3.8268
25,CC DChg,72.39999999999418,-1.6998,3.8268
25,CC DChg,72.5,-1.6998,3.8267
25,CC DChg,72.60000000000582,-1.6998,3.8267
25,CC DChg,72.70000000001164,-1.6998,3.8267
25,CC DChg,72.79999999998836,-1.6998,3.8266
25,CC DChg,72.89999999999418,-1.6998,3.8266
25,CC DChg,73.0,-1.6998,3.8266
25,CC DChg,73.10000000000582,-1.6998,3.8265
25,CC DChg,73.19999999998254,-1.6998,3.8265
25,CC DChg,73.29999999998836,-1.6998,3.8264
25,CC DChg,73.39999999999418,-1.6998,3.8264
25,CC DChg,73.5,-1.6998,3.8263
25,CC DChg,73.60000000000582,-1.6998,3.8263
25,CC DChg,73.70000000001164,-1.6998,3.8263
25,CC DChg,73.79999999998836,-1.6998,3.8262
25,CC DChg,73.89999999999418,-1.6998,3.8262
25,CC DChg,74.0,-1.6998,3.8261
25,CC DChg,74.10000000000582,-1.6998,3.8261
25,CC DChg,74.19999999998254,-1.6998,3.8261
25,CC DChg,74.29999999998836,-1.6998,3.826
25,CC DChg,74.39999999999418,-1.6998,3.826
25,CC DChg,74.5,-1.6998,3.8259
25,CC DChg,74.60000000000582,-1.6998,3.8259
25,CC DChg,74.70000000001164,-1.6998,3.8259
25,CC DChg,74.79999999998836,-1.6998,3.8259
25,CC DChg,74.89999999999418,-1.6998,3.8258
25,CC DChg,75.0,-1.6998,3.8258
25,CC DChg,75.10000000000582,-1.6998,3.8258
25,CC DChg,75.19999999998254,-1.6998,3.8257
25,CC DChg,75.29999999998836,-1.6998,3.8257
25,CC DChg,75.39999999999418,-1.6998,3.8256
25,CC DChg,75.5,-1.6998,3.8256
25,CC DChg,75.60000000000582,-1.6998,3.8256
25,CC DChg,75.70000000001164,-1.6998,3.8256
25,CC DChg,75.79999999998836,-1.6998,3.8255
25,CC DChg,75.89999999999418,-1.6998,3.8255
25,CC DChg,76.0,-1.6998,3.8254
25,CC DChg,76.10000000000582,-1.6998,3.8254
25,CC DChg,76.19999999998254,-1.6998,3.8254
25,CC DChg,76.29999999998836,-1.6998,3.8253
25,CC DChg,76.39999999999418,-1.6998,3.8253
25,CC DChg,76.5,-1.6998,3.8252
25,CC DChg,76.60000000000582,-1.6998,3.8252
25,CC DChg,76.70000000001164,-1.6998,3.8251
25,CC DChg,76.79999999998836,-1.6998,3.8251
25,CC DChg,76.89999999999418,-1.6998,3.8251
25,CC DChg,77.0,-1.6998,3.8251
25,CC DChg,77.10000000000582,-1.6998,3.8251
25,CC DChg,77.19999999998254,-1.6998,3.825
25,CC DChg,77.29999999998836,-1.6998,3.8249
25,CC DChg,77.39999999999418,-1.6998,3.8249
25,CC DChg,77.5,-1.6998,3.8249
25,CC DChg,77.60000000000582,-1.6998,3.8248
25,CC DChg,77.70000000001164,-1.6998,3.8248
25,CC DChg,77.79999999998836,-1.6998,3.8248
25,CC DChg,77.89999999999418,-1.6998,3.8247
25,CC DChg,78.0,-1.6998,3.8247
25,CC DChg,78.10000000000582,-1.6998,3.8246
25,CC DChg,78.19999999998254,-1.6998,3.8246
25,CC DChg,78.29999999998836,-1.6998,3.8246
25,CC DChg,78.39999999999418,-1.6998,3.8245
25,CC DChg,78.5,-1.6998,3.8245
25,CC DChg,78.60000000000582,-1.6998,3.8245
25,CC DChg,78.70000000001164,-1.6998,3.8244
25,CC DChg,78.79999999998836,-1.6998,3.8244
25,CC DChg,78.89999999999418,-1.6998,3.8244
25,CC DChg,79.0,-1.6998,3.8243
25,CC DChg,79.10000000000582,-1.6998,3.8243
25,CC DChg,79.19999999998254,-1.6998,3.8243
25,CC DChg,79.29999999998836,-1.6998,3.8243
25,CC DChg,79.39999999999418,-1.6998,3.8242
25,CC DChg,79.5,-1.6998,3.8241
25,CC DChg,79.60000000000582,-1.6998,3.8241
25,CC DChg,79.70000000001164,-1.6998,3.8241
25,CC DChg,79.79999999998836,-1.6998,3.8241
25,CC DChg,79.89999999999418,-1.6998,3.8241
25,CC DChg,80.0,-1.6998,3.824
25,CC DChg,80.10000000000582,-1.6998,3.824
25,CC DChg,80.19999999998254,-1.6998,3.8239
25,CC DChg,80.29999999998836,-1.6998,3.8239
25,CC DChg,80.39999999999418,-1.6998,3.8239
25,CC DChg,80.5,-1.6998,3.8238
25,CC DChg,80.60000000000582,-1.6998,3.8238
25,CC DChg,80.70000000001164,-1.6998,3.8238
25,CC DChg,80.79999999998836,-1.6998,3.8238
25,CC DChg,80.89999999999418,-1.6998,3.8237
25,CC DChg,81.0,-1.6998,3.8237
25,CC DChg,81.10000000000582,-1.6998,3.8236
25,CC DChg,81.19999999998254,-1.6998,3.8236
25,CC DChg,81.29999999998836,-1.6998,3.8236
25,CC DChg,81.39999999999418,-1.6998,3.8235
25,CC DChg,81.5,-1.6998,3.8235
25,CC DChg,81.60000000000582,-1.6998,3.8235
25,CC DChg,81.70000000001164,-1.6998,3.8234
25,CC DChg,81.79999999998836,-1.6998,3.8234
25,CC DChg,81.89999999999418,-1.6998,3.8233
25,CC DChg,82.0,-1.6998,3.8233
25,CC DChg,82.10000000000582,-1.6998,3.8233
25,CC DChg,82.19999999998254,-1.6998,3.8233
25,CC DChg,82.29999999998836,-1.6998,3.8232
25,CC DChg,82.39999999999418,-1.6998,3.8232
25,CC DChg,82.5,-1.6998,3.8232
25,CC DChg,82.60000000000582,-1.6998,3.8231
25,CC DChg,82.70000000001164,-1.6998,3.8231
25,CC DChg,82.79999999998836,-1.6998,3.823
25,CC DChg,82.89999999999418,-1.6998,3.823
25,CC DChg,83.0,-1.6998,3.823
25,CC DChg,83.10000000000582,-1.6998,3.8229
25,CC DChg,83.19999999998254,-1.6998,3.8229
25,CC DChg,83.29999999998836,-1.6998,3.8229
25,CC DChg,83.39999999999418,-1.6998,3.8229
25,CC DChg,83.5,-1.6998,3.8228
25,CC DChg,83.60000000000582,-1.6998,3.8228
25,CC DChg,83.70000000001164,-1.6998,3.8228
25,CC DChg,83.79999999998836,-1.6998,3.8227
25,CC DChg,83.89999999999418,-1.6998,3.8227
25,CC DChg,84.0,-1.6998,3.8227
25,CC DChg,84.10000000000582,-1.6998,3.8226
25,CC DChg,84.19999999998254,-1.6998,3.8226
25,CC DChg,84.29999999998836,-1.6998,3.8226
25,CC DChg,84.39999999999418,-1.6998,3.8225
25,CC DChg,84.5,-1.6998,3.8225
25,CC DChg,84.60000000000582,-1.6998,3.8224
25,CC DChg,84.70000000001164,-1.6998,3.8224
25,CC DChg,84.79999999998836,-1.6998,3.8224
25,CC DChg,84.89999999999418,-1.6998,3.8223
25,CC DChg,85.0,-1.6998,3.8224
25,CC DChg,85.10000000000582,-1.6998,3.8223
25,CC DChg,85.19999999998254,-1.6998,3.8223
25,CC DChg,85.29999999998836,-1.6998,3.8222
25,CC DChg,85.39999999999418,-1.6998,3.8222
25,CC DChg,85.5,-1.6998,3.8222
25,CC DChg,85.60000000000582,-1.6998,3.8221
25,CC DChg,85.70000000001164,-1.6998,3.8221
25,CC DChg,85.79999999998836,-1.6998,3.8221
25,CC DChg,85.89999999999418,-1.6998,3.822
25,CC DChg,86.0,-1.6998,3.822
25,CC DChg,86.10000000000582,-1.6998,3.822
25,CC DChg,86.19999999998254,-1.6998,3.8219
25,CC DChg,86.29999999998836,-1.6998,3.8219
25,CC DChg,86.39999999999418,-1.6998,3.8219
25,CC DChg,86.5,-1.6998,3.8219
25,CC DChg,86.60000000000582,-1.6998,3.8218
25,CC DChg,86.70000000001164,-1.6998,3.8218
25,CC DChg,86.79999999998836,-1.6998,3.8217
25,CC DChg,86.89999999999418,-1.6998,3.8217
25,CC DChg,87.0,-1.6998,3.8217
25,CC DChg,87.10000000000582,-1.6998,3.8216
25,CC DChg,87.19999999998254,-1.6998,3.8216
25,CC DChg,87.29999999998836,-1.6998,3.8216
25,CC DChg,87.39999999999418,-1.6998,3.8216
25,CC DChg,87.5,-1.6998,3.8215
25,CC DChg,87.60000000000582,-1.6998,3.8215
25,CC DChg,87.70000000001164,-1.6998,3.8215
25,CC DChg,87.79999999998836,-1.6998,3.8214
25,CC DChg,87.89999999999418,-1.6998,3.8214
25,CC DChg,88.0,-1.6998,3.8214
25,CC DChg,88.10000000000582,-1.6998,3.8214
25,CC DChg,88.19999999998254,-1.6998,3.8213
25,CC DChg,88.29999999998836,-1.6998,3.8213
25,CC DChg,88.39999999999418,-1.6998,3.8212
25,CC DChg,88.5,-1.6998,3.8212
25,CC DChg,88.60000000000582,-1.6998,3.8212
25,CC DChg,88.70000000001164,-1.6998,3.8212
25,CC DChg,88.79999999998836,-1.6998,3.8211
25,CC DChg,88.89999999999418,-1.6998,3.8211
25,CC DChg,89.0,-1.6998,3.8211
25,CC DChg,89.10000000000582,-1.6998,3.821
25,CC DChg,89.19999999998254,-1.6998,3.821
25,CC DChg,89.29999999998836,-1.6998,3.821
25,CC DChg,89.39999999999418,-1.6998,3.821
25,CC DChg,89.5,-1.6998,3.8209
25,CC DChg,89.60000000000582,-1.6998,3.8209
25,CC DChg,89.70000000001164,-1.6998,3.8208
25,CC DChg,89.79999999998836,-1.6998,3.8208
25,CC DChg,89.89999999999418,-1.6998,3.8208
25,CC DChg,90.0,-1.6998,3.8208
25,CC DChg,90.10000000000582,-1.6998,3.8208
25,CC DChg,90.19999999998254,-1.6998,3.8207
25,CC DChg,90.29999999998836,-1.6998,3.8207
25,CC DChg,90.39999999999418,-1.6998,3.8207
25,CC DChg,90.5,-1.6998,3.8207
25,CC DChg,90.60000000000582,-1.6998,3.8206
25,CC DChg,90.70000000001164,-1.6998,3.8205
25,CC DChg,90.79999999998836,-1.6998,3.8205
25,CC DChg,90.89999999999418,-1.6998,3.8205
25,CC DChg,91.0,-1.6998,3.8205
25,CC DChg,91.10000000000582,-1.6998,3.8204
25,CC DChg,91.19999999998254,-1.6998,3.8204
25,CC DChg,91.29999999998836,-1.6998,3.8204
25,CC DChg,91.39999999999418,-1.6998,3.8203
25,CC DChg,91.5,-1.6998,3.8203
25,CC DChg,91.60000000000582,-1.6998,3.8203
25,CC DChg,91.70000000001164,-1.6998,3.8203
25,CC DChg,91.79999999998836,-1.6998,3.8202
25,CC DChg,91.89999999999418,-1.6998,3.8202
25,CC DChg,92.0,-1.6998,3.8202
25,CC DChg,92.10000000000582,-1.6998,3.8202
25,CC DChg,92.19999999998254,-1.6998,3.8201
25,CC DChg,92.29999999998836,-1.6998,3.8201
25,CC DChg,92.39999999999418,-1.6998,3.82
25,CC DChg,92.5,-1.6999,3.82
25,CC DChg,92.60000000000582,-1.6999,3.82
25,CC DChg,92.70000000001164,-1.6999,3.82
25,CC DChg,92.79999999998836,-1.6999,3.82
25,CC DChg,92.89999999999418,-1.6999,3.82
25,CC DChg,93.0,-1.6999,3.8199
25,CC DChg,93.10000000000582,-1.6999,3.8199
25,CC DChg,93.19999999998254,-1.6999,3.8199
25,CC DChg,93.29999999998836,-1.6999,3.8198
25,CC DChg,93.39999999999418,-1.6999,3.8198
25,CC DChg,93.5,-1.6999,3.8198
25,CC DChg,93.60000000000582,-1.6999,3.8197
25,CC DChg,93.70000000001164,-1.6999,3.8197
25,CC DChg,93.79999999998836,-1.6999,3.8196
25,CC DChg,93.89999999999418,-1.6999,3.8196
25,CC DChg,94.0,-1.6999,3.8196
25,CC DChg,94.10000000000582,-1.6999,3.8196
25,CC DChg,94.19999999998254,-1.6999,3.8196
25,CC DChg,94.29999999998836,-1.6999,3.8195
25,CC DChg,94.39999999999418,-1.6999,3.8195
25,CC DChg,94.5,-1.6999,3.8195
25,CC DChg,94.60000000000582,-1.6999,3.8194
25,CC DChg,94.70000000001164,-1.6999,3.8194
25,CC DChg,94.79999999998836,-1.6999,3.8194
25,CC DChg,94.89999999999418,-1.6999,3.8193
25,CC DChg,95.0,-1.6999,3.8193
25,CC DChg,95.10000000000582,-1.6999,3.8192
25,CC DChg,95.19999999998254,-1.6999,3.8192
25,CC DChg,95.29999999998836,-1.6999,3.8192
25,CC DChg,95.39999999999418,-1.6999,3.8192
25,CC DChg,95.5,-1.6999,3.8191
25,CC DChg,95.60000000000582,-1.6999,3.8191
25,CC DChg,95.70000000001164,-1.6999,3.8191
25,CC DChg,95.79999999998836,-1.6999,3.8191
25,CC DChg,95.89999999999418,-1.6999,3.8191
25,CC DChg,96.0,-1.6999,3.8191
25,CC DChg,96.10000000000582,-1.6999,3.819
25,CC DChg,96.19999999998254,-1.6999,3.819
25,CC DChg,96.29999999998836,-1.6999,3.819
25,CC DChg,96.39999999999418,-1.6999,3.8189
25,CC DChg,96.5,-1.6999,3.8189
25,CC DChg,96.60000000000582,-1.6999,3.8189
25,CC DChg,96.70000000001164,-1.6999,3.8188
25,CC DChg,96.79999999998836,-1.6999,3.8188
25,CC DChg,96.89999999999418,-1.6999,3.8187
25,CC DChg,97.0,-1.6999,3.8187
25,CC DChg,97.10000000000582,-1.6999,3.8187
25,CC DChg,97.19999999998254,-1.6999,3.8187
25,CC DChg,97.29999999998836,-1.6999,3.8187
25,CC DChg,97.39999999999418,-1.6999,3.8186
25,CC DChg,97.5,-1.6999,3.8186
25,CC DChg,97.60000000000582,-1.6999,3.8186
25,CC DChg,97.70000000001164,-1.6999,3.8185
25,CC DChg,97.79999999998836,-1.6999,3.8185
25,CC DChg,97.89999999999418,-1.6999,3.8185
25,CC DChg,98.0,-1.6999,3.8184
25,CC DChg,98.10000000000582,-1.6999,3.8184
25,CC DChg,98.19999999998254,-1.6999,3.8184
25,CC DChg,98.29999999998836,-1.6999,3.8184
25,CC DChg,98.39999999999418,-1.6999,3.8184
25,CC DChg,98.5,-1.6999,3.8184
25,CC DChg,98.60000000000582,-1.6999,3.8183
25,CC DChg,98.70000000001164,-1.6999,3.8183
25,CC DChg,98.79999999998836,-1.6999,3.8183
25,CC DChg,98.89999999999418,-1.6999,3.8182
25,CC DChg,99.0,-1.6999,3.8182
25,CC DChg,99.10000000000582,-1.6999,3.8182
25,CC DChg,99.19999999998254,-1.6999,3.8182
25,CC DChg,99.29999999998836,-1.6999,3.8181
25,CC DChg,99.39999999999418,-1.6999,3.8181
25,CC DChg,99.5,-1.6999,3.8181
25,CC DChg,99.60000000000582,-1.6999,3.8181
25,CC DChg,99.70000000001164,-1.6999,3.818
25,CC DChg,99.79999999998836,-1.6999,3.818
25,CC DChg,99.89999999999418,-1.6999,3.818
25,CC DChg,100.0,-1.6999,3.818
25,CC DChg,100.10000000000582,-1.6999,3.8179
25,CC DChg,100.19999999998254,-1.6999,3.8179
25,CC DChg,100.29999999998836,-1.6999,3.8179
25,CC DChg,100.39999999999418,-1.6999,3.8179
25,CC DChg,100.5,-1.6999,3.8178
25,CC DChg,100.60000000000582,-1.6999,3.8178
25,CC DChg,100.70000000001164,-1.6999,3.8178
25,CC DChg,100.79999999998836,-1.6999,3.8177
25,CC DChg,100.89999999999418,-1.6999,3.8177
25,CC DChg,101.0,-1.6999,3.8177
25,CC DChg,101.10000000000582,-1.6999,3.8177
25,CC DChg,101.19999999998254,-1.6999,3.8176
25,CC DChg,101.29999999998836,-1.6999,3.8176
25,CC DChg,101.39999999999418,-1.6999,3.8175
25,CC DChg,101.5,-1.6999,3.8175
25,CC DChg,101.60000000000582,-1.6999,3.8175
25,CC DChg,101.70000000001164,-1.6999,3.8175
25,CC DChg,101.79999999998836,-1.6999,3.8174
25,CC DChg,101.89999999999418,-1.6999,3.8174
25,CC DChg,102.0,-1.6999,3.8174
25,CC DChg,102.10000000000582,-1.6999,3.8174
25,CC DChg,102.19999999998254,-1.6999,3.8173
25,CC DChg,102.29999999998836,-1.6999,3.8173
25,CC DChg,102.39999999999418,-1.6999,3.8173
25,CC DChg,102.5,-1.6999,3.8173
25,CC DChg,102.60000000000582,-1.6999,3.8172
25,CC DChg,102.70000000001164,-1.6999,3.8172
25,CC DChg,102.79999999998836,-1.6999,3.8172
25,CC DChg,102.89999999999418,-1.6999,3.8172
25,CC DChg,103.0,-1.6999,3.8172
25,CC DChg,103.10000000000582,-1.6999,3.8171
25,CC DChg,103.19999999998254,-1.6999,3.8171
25,CC DChg,103.29999999998836,-1.6999,3.8171
25,CC DChg,103.39999999999418,-1.6999,3.817
25,CC DChg,103.5,-1.6999,3.817
25,CC DChg,103.60000000000582,-1.6999,3.817
25,CC DChg,103.70000000001164,-1.6999,3.817
25,CC DChg,103.79999999998836,-1.6999,3.8169
25,CC DChg,103.89999999999418,-1.6999,3.8169
25,CC DChg,104.0,-1.6999,3.8169
25,CC DChg,104.10000000000582,-1.6999,3.8168
25,CC DChg,104.19999999998254,-1.6999,3.8168
25,CC DChg,104.29999999998836,-1.6999,3.8168
25,CC DChg,104.39999999999418,-1.6999,3.8168
25,CC DChg,104.5,-1.6999,3.8167
25,CC DChg,104.60000000000582,-1.6999,3.8167
25,CC DChg,104.70000000001164,-1.6999,3.8167
25,CC DChg,104.79999999998836,-1.6999,3.8167
25,CC DChg,104.89999999999418,-1.6999,3.8166
25,CC DChg,105.0,-1.6999,3.8166
25,CC DChg,105.10000000000582,-1.6999,3.8166
25,CC DChg,105.19999999998254,-1.6999,3.8166
25,CC DChg,105.29999999998836,-1.6999,3.8166
25,CC DChg,105.39999999999418,-1.6999,3.8165
25,CC DChg,105.5,-1.6999,3.8165
25,CC DChg,105.60000000000582,-1.6999,3.8165
25,CC DChg,105.70000000001164,-1.6999,3.8165
25,CC DChg,105.79999999998836,-1.6999,3.8164
25,CC DChg,105.89999999999418,-1.6999,3.8164
25,CC DChg,106.0,-1.6999,3.8164
25,CC DChg,106.10000000000582,-1.6999,3.8164
25,CC DChg,106.19999999998254,-1.6999,3.8163
25,CC DChg,106.29999999998836,-1.6999,3.8163
25,CC DChg,106.39999999999418,-1.6999,3.8163
25,CC DChg,106.5,-1.6999,3.8162
25,CC DChg,106.60000000000582,-1.6999,3.8162
25,CC DChg,106.70000000001164,-1.6999,3.8162
25,CC DChg,106.79999999998836,-1.6999,3.8162
25,CC DChg,106.89999999999418,-1.6999,3.8161
25,CC DChg,107.0,-1.6999,3.8161
25,CC DChg,107.10000000000582,-1.6999,3.8161
25,CC DChg,107.19999999998254,-1.6999,3.8161
25,CC DChg,107.29999999998836,-1.6999,3.8161
25,CC DChg,107.39999999999418,-1.6999,3.816
25,CC DChg,107.5,-1.6999,3.816
25,CC DChg,107.60000000000582,-1.6999,3.816
25,CC DChg,107.70000000001164,-1.6999,3.8159
25,CC DChg,107.79999999998836,-1.6999,3.816
25,CC DChg,107.89999999999418,-1.6999,3.8159
25,CC DChg,108.0,-1.6999,3.8159
25,CC DChg,108.10000000000582,-1.6999,3.8159
25,CC DChg,108.19999999998254,-1.6999,3.8158
25,CC DChg,108.29999999998836,-1.6999,3.8158
25,CC DChg,108.39999999999418,-1.6999,3.8158
25,CC DChg,108.5,-1.6999,3.8158
25,CC DChg,108.60000000000582,-1.6999,3.8158
25,CC DChg,108.70000000001164,-1.6999,3.8157
25,CC DChg,108.79999999998836,-1.6999,3.8157
25,CC DChg,108.89999999999418,-1.6999,3.8157
25,CC DChg,109.0,-1.6999,3.8156
25,CC DChg,109.10000000000582,-1.6999,3.8156
25,CC DChg,109.19999999998254,-1.6999,3.8156
25,CC DChg,109.29999999998836,-1.6999,3.8156
25,CC DChg,109.39999999999418,-1.6999,3.8155
25,CC DChg,109.5,-1.6999,3.8155
25,CC DChg,109.60000000000582,-1.6999,3.8154
25,CC DChg,109.70000000001164,-1.6999,3.8154
25,CC DChg,109.79999999998836,-1.6999,3.8154
25,CC DChg,109.89999999999418,-1.6999,3.8154
25,CC DChg,110.0,-1.6999,3.8154
25,CC DChg,110.10000000000582,-1.6999,3.8153
25,CC DChg,110.19999999998254,-1.6999,3.8153
25,CC DChg,110.29999999998836,-1.6999,3.8153
25,CC DChg,110.39999999999418,-1.6999,3.8153
25,CC DChg,110.5,-1.6999,3.8153
25,CC DChg,110.60000000000582,-1.6999,3.8153
25,CC DChg,110.70000000001164,-1.6999,3.8152
25,CC DChg,110.79999999998836,-1.6999,3.8152
25,CC DChg,110.89999999999418,-1.6999,3.8152
25,CC DChg,111.0,-1.6999,3.8151
25,CC DChg,111.10000000000582,-1.6999,3.8151
25,CC DChg,111.19999999998254,-1.6999,3.8151
25,CC DChg,111.29999999998836,-1.6999,3.8151
25,CC DChg,111.39999999999418,-1.6999,3.815
25,CC DChg,111.5,-1.6999,3.815
25,CC DChg,111.60000000000582,-1.6999,3.815
25,CC DChg,111.70000000001164,-1.6999,3.815
25,CC DChg,111.79999999998836,-1.6999,3.815
25,CC DChg,111.89999999999418,-1.6999,3.8149
25,CC DChg,112.0,-1.6999,3.8149
25,CC DChg,112.10000000000582,-1.6999,3.8148
25,CC DChg,112.19999999998254,-1.6999,3.8148
25,CC DChg,112.29999999998836,-1.6999,3.8148
25,CC DChg,112.39999999999418,-1.6999,3.8148
25,CC DChg,112.5,-1.6999,3.8148
25,CC DChg,112.60000000000582,-1.6999,3.8148
25,CC DChg,112.70000000001164,-1.6999,3.8147
25,CC DChg,112.79999999998836,-1.6999,3.8147
25,CC DChg,112.89999999999418,-1.6999,3.8147
25,CC DChg,113.0,-1.6999,3.8147
25,CC DChg,113.10000000000582,-1.6999,3.8146
25,CC DChg,113.19999999998254,-1.6999,3.8146
25,CC DChg,113.29999999998836,-1.6999,3.8146
25,CC DChg,113.39999999999418,-1.6999,3.8146
25,CC DChg,113.5,-1.6999,3.8145
25,CC DChg,113.60000000000582,-1.6999,3.8145
25,CC DChg,113.70000000001164,-1.6999,3.8145
25,CC DChg,113.79999999998836,-1.6999,3.8144
25,CC DChg,113.89999999999418,-1.6999,3.8144
25,CC DChg,114.0,-1.6999,3.8144
25,CC DChg,114.10000000000582,-1.6999,3.8144
25,CC DChg,114.19999999998254,-1.6999,3.8144
25,CC DChg,114.29999999998836,-1.6999,3.8143
25,CC DChg,114.39999999999418,-1.6999,3.8143
25,CC DChg,114.5,-1.6999,3.8143
25,CC DChg,114.60000000000582,-1.6999,3.8143
25,CC DChg,114.70000000001164,-1.6999,3.8143
25,CC DChg,114.79999999998836,-1.6999,3.8142
25,CC DChg,114.89999999999418,-1.6999,3.8142
25,CC DChg,115.0,-1.6999,3.8142
25,CC DChg,115.10000000000582,-1.6999,3.8142
25,CC DChg,115.19999999998254,-1.6999,3.8142
25,CC DChg,115.29999999998836,-1.6999,3.8141
25,CC DChg,115.39999999999418,-1.6999,3.8141
25,CC DChg,115.5,-1.6999,3.8141
25,CC DChg,115.60000000000582,-1.6999,3.8141
25,CC DChg,115.70000000001164,-1.6999,3.814
25,CC DChg,115.79999999998836,-1.6999,3.8141
25,CC DChg,115.89999999999418,-1.6999,3.814
25,CC DChg,116.0,-1.6999,3.814
25,CC DChg,116.10000000000582,-1.6999,3.8139
25,CC DChg,116.19999999998254,-1.6999,3.8139
25,CC DChg,116.29999999998836,-1.6999,3.8139
25,CC DChg,116.39999999999418,-1.6999,3.8139
25,CC DChg,116.5,-1.6999,3.8138
25,CC DChg,116.60000000000582,-1.6999,3.8138
25,CC DChg,116.70000000001164,-1.6999,3.8138
25,CC DChg,116.79999999998836,-1.6999,3.8138
25,CC DChg,116.89999999999418,-1.6999,3.8137
25,CC DChg,117.0,-1.6999,3.8138
25,CC DChg,117.10000000000582,-1.6999,3.8138
25,CC DChg,117.19999999998254,-1.6999,3.8137
25,CC DChg,117.29999999998836,-1.6999,3.8137
25,CC DChg,117.39999999999418,-1.6999,3.8137
25,CC DChg,117.5,-1.6999,3.8136
25,CC DChg,117.60000000000582,-1.6999,3.8136
25,CC DChg,117.70000000001164,-1.6999,3.8136
25,CC DChg,117.79999999998836,-1.6999,3.8135
25,CC DChg,117.89999999999418,-1.6999,3.8135
25,CC DChg,118.0,-1.6999,3.8135
25,CC DChg,118.10000000000582,-1.6999,3.8135
25,CC DChg,118.19999999998254,-1.6999,3.8135
25,CC DChg,118.29999999998836,-1.6999,3.8135
25,CC DChg,118.39999999999418,-1.6999,3.8134
25,CC DChg,118.5,-1.6999,3.8134
25,CC DChg,118.60000000000582,-1.6999,3.8133
25,CC DChg,118.70000000001164,-1.6999,3.8133
25,CC DChg,118.79999999998836,-1.6999,3.8133
25,CC DChg,118.89999999999418,-1.6999,3.8133
25,CC DChg,119.0,-1.6999,3.8133
25,CC DChg,119.10000000000582,-1.6999,3.8133
25,CC DChg,119.19999999998254,-1.6999,3.8133
25,CC DChg,119.29999999998836,-1.6999,3.8132
25,CC DChg,119.39999999999418,-1.6999,3.8132
25,CC DChg,119.5,-1.6999,3.8132
25,CC DChg,119.60000000000582,-1.6999,3.8132
25,CC DChg,119.70000000001164,-1.6999,3.8132
25,CC DChg,119.79999999998836,-1.6999,3.8131
25,CC DChg,119.89999999999418,-1.6999,3.8131
25,CC DChg,120.0,-1.6999,3.8131
25,CC DChg,120.10000000000582,-1.6999,3.813
25,CC DChg,120.19999999998254,-1.6999,3.813
25,CC DChg,120.29999999998836,-1.6999,3.813
25,CC DChg,120.39999999999418,-1.6999,3.813
25,CC DChg,120.5,-1.6999,3.813
25,CC DChg,120.60000000000582,-1.6999,3.813
25,CC DChg,120.70000000001164,-1.6999,3.8129
25,CC DChg,120.79999999998836,-1.6999,3.8129
25,CC DChg,120.89999999999418,-1.6999,3.8129
25,CC DChg,121.0,-1.6999,3.8128
25,CC DChg,121.10000000000582,-1.6999,3.8128
25,CC DChg,121.19999999998254,-1.6999,3.8128
25,CC DChg,121.29999999998836,-1.6999,3.8128
25,CC DChg,121.39999999999418,-1.6999,3.8127
25,CC DChg,121.5,-1.6999,3.8127
25,CC DChg,121.60000000000582,-1.6999,3.8127
25,CC DChg,121.70000000001164,-1.6999,3.8127
25,CC DChg,121.79999999998836,-1.6999,3.8127
25,CC DChg,121.89999999999418,-1.6999,3.8127
25,CC DChg,122.0,-1.6999,3.8126
25,CC DChg,122.10000000000582,-1.6999,3.8126
25,CC DChg,122.19999999998254,-1.6999,3.8126
25,CC DChg,122.29999999998836,-1.6999,3.8126
25,CC DChg,122.39999999999418,-1.6999,3.8125
25,CC DChg,122.5,-1.6999,3.8125
25,CC DChg,122.60000000000582,-1.6999,3.8125
25,CC DChg,122.70000000001164,-1.6999,3.8125
25,CC DChg,122.79999999998836,-1.6999,3.8125
25,CC DChg,122.89999999999418,-1.6999,3.8124
25,CC DChg,123.0,-1.6999,3.8124
25,CC DChg,123.10000000000582,-1.6999,3.8124
25,CC DChg,123.19999999998254,-1.6999,3.8124
25,CC DChg,123.29999999998836,-1.6999,3.8124
25,CC DChg,123.39999999999418,-1.6999,3.8124
25,CC DChg,123.5,-1.6999,3.8123
25,CC DChg,123.60000000000582,-1.6999,3.8123
25,CC DChg,123.70000000001164,-1.6999,3.8122
25,CC DChg,123.79999999998836,-1.6999,3.8122
25,CC DChg,123.89999999999418,-1.6999,3.8122
25,CC DChg,124.0,-1.6999,3.8122
25,CC DChg,124.10000000000582,-1.6999,3.8122
25,CC DChg,124.19999999998254,-1.6999,3.8122
25,CC DChg,124.29999999998836,-1.6999,3.8122
25,CC DChg,124.39999999999418,-1.6999,3.8121
25,CC DChg,124.5,-1.6999,3.8121
25,CC DChg,124.60000000000582,-1.6999,3.8121
25,CC DChg,124.70000000001164,-1.6999,3.812
25,CC DChg,124.79999999998836,-1.6999,3.812
25,CC DChg,124.89999999999418,-1.6999,3.812
25,CC DChg,125.0,-1.6999,3.812
25,CC DChg,125.10000000000582,-1.6999,3.812
25,CC DChg,125.19999999998254,-1.6999,3.8119
25,CC DChg,125.29999999998836,-1.6999,3.8119
25,CC DChg,125.39999999999418,-1.6999,3.8119
25,CC DChg,125.5,-1.6999,3.8119
25,CC DChg,125.60000000000582,-1.6999,3.8119
25,CC DChg,125.70000000001164,-1.6999,3.8119
25,CC DChg,125.79999999998836,-1.6999,3.8118
25,CC DChg,125.89999999999418,-1.6999,3.8118
25,CC DChg,126.0,-1.6999,3.8118
25,CC DChg,126.10000000000582,-1.6999,3.8118
25,CC DChg,126.19999999998254,-1.6999,3.8117
25,CC DChg,126.29999999998836,-1.6999,3.8117
25,CC DChg,126.39999999999418,-1.6999,3.8117
25,CC DChg,126.5,-1.6999,3.8117
25,CC DChg,126.60000000000582,-1.6999,3.8117
25,CC DChg,126.70000000001164,-1.6999,3.8116
25,CC DChg,126.79999999998836,-1.6999,3.8116
25,CC DChg,126.89999999999418,-1.6999,3.8116
25,CC DChg,127.0,-1.6999,3.8116
25,CC DChg,127.10000000000582,-1.6999,3.8115
25,CC DChg,127.19999999998254,-1.6999,3.8115
25,CC DChg,127.29999999998836,-1.6999,3.8115
25,CC DChg,127.39999999999418,-1.6999,3.8114
25,CC DChg,127.5,-1.6999,3.8114
25,CC DChg,127.60000000000582,-1.6999,3.8114
25,CC DChg,127.70000000001164,-1.6999,3.8114
25,CC DChg,127.79999999998836,-1.6999,3.8114
25,CC DChg,127.89999999999418,-1.6999,3.8113
25,CC DChg,128.0,-1.6999,3.8113
25,CC DChg,128.10000000000582,-1.6999,3.8113
25,CC DChg,128.19999999998254,-1.6999,3.8113
25,CC DChg,128.29999999998836,-1.6999,3.8112
25,CC DChg,128.39999999999418,-1.6999,3.8112
25,CC DChg,128.5,-1.6999,3.8112
25,CC DChg,128.60000000000582,-1.6999,3.8112
25,CC DChg,128.70000000001164,-1.6999,3.8112
25,CC DChg,128.79999999998836,-1.6999,3.8112
25,CC DChg,128.89999999999418,-1.6999,3.8112
25,CC DChg,129.0,-1.6999,3.8112
25,CC DChg,129.10000000000582,-1.6999,3.8111
25,CC DChg,129.19999999998254,-1.6999,3.8111
25,CC DChg,129.29999999998836,-1.6999,3.811
25,CC DChg,129.39999999999418,-1.6999,3.811
25,CC DChg,129.5,-1.6999,3.811
25,CC DChg,129.60000000000582,-1.6999,3.811
25,CC DChg,129.70000000001164,-1.6999,3.811
25,CC DChg,129.79999999998836,-1.6999,3.8109
25,CC DChg,129.89999999999418,-1.6999,3.8109
25,CC DChg,130.0,-1.6999,3.8109
25,CC DChg,130.10000000000582,-1.6999,3.8108
25,CC DChg,130.19999999998254,-1.6999,3.8108
25,CC DChg,130.29999999998836,-1.6999,3.8108
25,CC DChg,130.39999999999418,-1.6999,3.8108
25,CC DChg,130.5,-1.6999,3.8108
25,CC DChg,130.60000000000582,-1.6999,3.8108
25,CC DChg,130.70000000001164,-1.6999,3.8107
25,CC DChg,130.79999999998836,-1.6999,3.8107
25,CC DChg,130.89999999999418,-1.6999,3.8107
25,CC DChg,131.0,-1.6999,3.8107
25,CC DChg,131.10000000000582,-1.6999,3.8107
25,CC DChg,131.19999999998254,-1.6999,3.8106
25,CC DChg,131.29999999998836,-1.6999,3.8106
25,CC DChg,131.39999999999418,-1.6999,3.8106
25,CC DChg,131.5,-1.6998,3.8106
25,CC DChg,131.60000000000582,-1.6998,3.8106
25,CC DChg,131.70000000001164,-1.6998,3.8106
25,CC DChg,131.79999999998836,-1.6998,3.8105
25,CC DChg,131.89999999999418,-1.6998,3.8105
25,CC DChg,132.0,-1.6998,3.8105
25,CC DChg,132.10000000000582,-1.6998,3.8105
25,CC DChg,132.19999999998254,-1.6998,3.8104
25,CC DChg,132.29999999998836,-1.6998,3.8104
25,CC DChg,132.39999999999418,-1.6998,3.8104
25,CC DChg,132.5,-1.6998,3.8104
25,CC DChg,132.60000000000582,-1.6998,3.8103
25,CC DChg,132.70000000001164,-1.6998,3.8103
25,CC DChg,132.79999999998836,-1.6998,3.8103
25,CC DChg,132.89999999999418,-1.6998,3.8103
25,CC DChg,133.0,-1.6998,3.8103
25,CC DChg,133.10000000000582,-1.6998,3.8103
25,CC DChg,133.19999999998254,-1.6998,3.8102
25,CC DChg,133.29999999998836,-1.6998,3.8102
25,CC DChg,133.39999999999418,-1.6998,3.8102
25,CC DChg,133.5,-1.6998,3.8101
25,CC DChg,133.60000000000582,-1.6998,3.8101
25,CC DChg,133.70000000001164,-1.6998,3.8101
25,CC DChg,133.79999999998836,-1.6998,3.8101
25,CC DChg,133.89999999999418,-1.6998,3.8101
25,CC DChg,134.0,-1.6998,3.8101
25,CC DChg,134.10000000000582,-1.6998,3.8101
25,CC DChg,134.19999999998254,-1.6998,3.81
25,CC DChg,134.29999999998836,-1.6998,3.81
25,CC DChg,134.39999999999418,-1.6998,3.81
25,CC DChg,134.5,-1.6998,3.81
25,CC DChg,134.60000000000582,-1.6998,3.81
25,CC DChg,134.70000000001164,-1.6998,3.8099
25,CC DChg,134.79999999998836,-1.6998,3.8099
25,CC DChg,134.89999999999418,-1.6998,3.8099
25,CC DChg,135.0,-1.6998,3.8099
25,CC DChg,135.10000000000582,-1.6998,3.8099
25,CC DChg,135.19999999998254,-1.6998,3.8098
25,CC DChg,135.29999999998836,-1.6998,3.8098
25,CC DChg,135.39999999999418,-1.6998,3.8098
25,CC DChg,135.5,-1.6998,3.8098
25,CC DChg,135.60000000000582,-1.6998,3.8098
25,CC DChg,135.70000000001164,-1.6998,3.8097
25,CC DChg,135.79999999998836,-1.6998,3.8097
25,CC DChg,135.89999999999418,-1.6998,3.8097
25,CC DChg,136.0,-1.6998,3.8096
25,CC DChg,136.10000000000582,-1.6998,3.8096
25,CC DChg,136.19999999998254,-1.6998,3.8096
25,CC DChg,136.29999999998836,-1.6998,3.8096
25,CC DChg,136.39999999999418,-1.6998,3.8096
25,CC DChg,136.5,-1.6998,3.8096
25,CC DChg,136.60000000000582,-1.6998,3.8095
25,CC DChg,136.70000000001164,-1.6998,3.8096
25,CC DChg,136.79999999998836,-1.6998,3.8096
25,CC DChg,136.89999999999418,-1.6998,3.8095
25,CC DChg,137.0,-1.6998,3.8095
25,CC DChg,137.10000000000582,-1.6998,3.8095
25,CC DChg,137.19999999998254,-1.6998,3.8094
25,CC DChg,137.29999999998836,-1.6998,3.8094
25,CC DChg,137.39999999999418,-1.6998,3.8094
25,CC DChg,137.5,-1.6998,3.8094
25,CC DChg,137.60000000000582,-1.6998,3.8094
25,CC DChg,137.70000000001164,-1.6998,3.8094
25,CC DChg,137.79999999998836,-1.6998,3.8093
25,CC DChg,137.89999999999418,-1.6998,3.8093
25,CC DChg,138.0,-1.6998,3.8093
25,CC DChg,138.10000000000582,-1.6998,3.8093
25,CC DChg,138.19999999998254,-1.6998,3.8093
25,CC DChg,138.29999999998836,-1.6998,3.8092
25,CC DChg,138.39999999999418,-1.6998,3.8092
25,CC DChg,138.5,-1.6998,3.8092
25,CC DChg,138.60000000000582,-1.6998,3.8092
25,CC DChg,138.70000000001164,-1.6998,3.8091
25,CC DChg,138.79999999998836,-1.6998,3.8091
25,CC DChg,138.89999999999418,-1.6998,3.8091
25,CC DChg,139.0,-1.6998,3.8091
25,CC DChg,139.10000000000582,-1.6998,3.8091
25,CC DChg,139.19999999998254,-1.6998,3.8091
25,CC DChg,139.29999999998836,-1.6998,3.809
25,CC DChg,139.39999999999418,-1.6998,3.809
25,CC DChg,139.5,-1.6998,3.809
25,CC DChg,139.60000000000582,-1.6998,3.809
25,CC DChg,139.70000000001164,-1.6998,3.809
25,CC DChg,139.79999999998836,-1.6997,3.8089
25,CC DChg,139.89999999999418,-1.6997,3.8089
25,CC DChg,140.0,-1.6997,3.8089
25,CC DChg,140.10000000000582,-1.6997,3.8089
25,CC DChg,140.19999999998254,-1.6997,3.8089
25,CC DChg,140.29999999998836,-1.6997,3.8088
25,CC DChg,140.39999999999418,-1.6997,3.8088
25,CC DChg,140.5,-1.6997,3.8088
25,CC DChg,140.60000000000582,-1.6997,3.8088
25,CC DChg,140.70000000001164,-1.6997,3.8088
25,CC DChg,140.79999999998836,-1.6997,3.8088
25,CC DChg,140.89999999999418,-1.6997,3.8087
25,CC DChg,141.0,-1.6997,3.8087
25,CC DChg,141.10000000000582,-1.6997,3.8087
25,CC DChg,141.19999999998254,-1.6997,3.8086
25,CC DChg,141.29999999998836,-1.6997,3.8086
25,CC DChg,141.39999999999418,-1.6997,3.8086
25,CC DChg,141.5,-1.6997,3.8085
25,CC DChg,141.60000000000582,-1.6997,3.8085
25,CC DChg,141.70000000001164,-1.6997,3.8086
25,CC DChg,141.79999999998836,-1.6997,3.8086
25,CC DChg,141.89999999999418,-1.6997,3.8085
25,CC DChg,142.0,-1.6997,3.8085
25,CC DChg,142.10000000000582,-1.6997,3.8085
25,CC DChg,142.19999999998254,-1.6997,3.8085
25,CC DChg,142.29999999998836,-1.6997,3.8085
25,CC DChg,142.39999999999418,-1.6997,3.8084
25,CC DChg,142.5,-1.6997,3.8084
25,CC DChg,142.60000000000582,-1.6997,3.8084
25,CC DChg,142.70000000001164,-1.6997,3.8084
25,CC DChg,142.79999999998836,-1.6997,3.8084
25,CC DChg,142.89999999999418,-1.6997,3.8084
25,CC DChg,143.0,-1.6997,3.8084
25,CC DChg,143.10000000000582,-1.6997,3.8083
25,CC DChg,143.19999999998254,-1.6997,3.8083
25,CC DChg,143.29999999998836,-1.6997,3.8083
25,CC DChg,143.39999999999418,-1.6997,3.8083
25,CC DChg,143.5,-1.6997,3.8083
25,CC DChg,143.60000000000582,-1.6997,3.8082
25,CC DChg,143.70000000001164,-1.6997,3.8082
25,CC DChg,143.79999999998836,-1.6997,3.8081
25,CC DChg,143.89999999999418,-1.6997,3.8081
25,CC DChg,144.0,-1.6997,3.8082
25,CC DChg,144.10000000000582,-1.6997,3.8082
25,CC DChg,144.19999999998254,-1.6997,3.8081
25,CC DChg,144.29999999998836,-1.6997,3.8081
25,CC DChg,144.39999999999418,-1.6997,3.808
25,CC DChg,144.5,-1.6997,3.808
25,CC DChg,144.60000000000582,-1.6997,3.808
25,CC DChg,144.70000000001164,-1.6997,3.808
25,CC DChg,144.79999999998836,-1.6997,3.808
25,CC DChg,144.89999999999418,-1.6997,3.808
25,CC DChg,145.0,-1.6997,3.8079
25,CC DChg,145.10000000000582,-1.6997,3.8079
25,CC DChg,145.19999999998254,-1.6997,3.8079
25,CC DChg,145.29999999998836,-1.6997,3.8079
25,CC DChg,145.39999999999418,-1.6997,3.8078
25,CC DChg,145.5,-1.6997,3.8078
25,CC DChg,145.60000000000582,-1.6997,3.8078
25,CC DChg,145.70000000001164,-1.6997,3.8078
25,CC DChg,145.79999999998836,-1.6997,3.8078
25,CC DChg,145.89999999999418,-1.6997,3.8078
25,CC DChg,146.0,-1.6997,3.8077
25,CC DChg,146.10000000000582,-1.6997,3.8077
25,CC DChg,146.19999999998254,-1.6997,3.8077
25,CC DChg,146.29999999998836,-1.6997,3.8077
25,CC DChg,146.39999999999418,-1.6997,3.8077
25,CC DChg,146.5,-1.6997,3.8077
25,CC DChg,146.60000000000582,-1.6997,3.8076
25,CC DChg,146.70000000001164,-1.6997,3.8076
25,CC DChg,146.79999999998836,-1.6997,3.8076
25,CC DChg,146.89999999999418,-1.6997,3.8076
25,CC DChg,147.0,-1.6997,3.8076
25,CC DChg,147.10000000000582,-1.6997,3.8076
25,CC DChg,147.19999999998254,-1.6997,3.8076
25,CC DChg,147.29999999998836,-1.6997,3.8075
25,CC DChg,147.39999999999418,-1.6997,3.8075
25,CC DChg,147.5,-1.6997,3.8075
25,CC DChg,147.60000000000582,-1.6997,3.8075
25,CC DChg,147.70000000001164,-1.6997,3.8075
25,CC DChg,147.79999999998836,-1.6997,3.8075
25,CC DChg,147.89999999999418,-1.6997,3.8074
25,CC DChg,148.0,-1.6997,3.8074
25,CC DChg,148.10000000000582,-1.6997,3.8074
25,CC DChg,148.19999999998254,-1.6997,3.8074
25,CC DChg,148.29999999998836,-1.6997,3.8073
25,CC DChg,148.39999999999418,-1.6998,3.8073
25,CC DChg,148.5,-1.6998,3.8073
25,CC DChg,148.60000000000582,-1.6998,3.8072
25,CC DChg,148.70000000001164,-1.6998,3.8072
25,CC DChg,148.79999999998836,-1.6998,3.8072
25,CC DChg,148.89999999999418,-1.6998,3.8072
25,CC DChg,149.0,-1.6998,3.8072
25,CC DChg,149.10000000000582,-1.6998,3.8071
25,CC DChg,149.19999999998254,-1.6998,3.8072
25,CC DChg,149.29999999998836,-1.6998,3.8071
25,CC DChg,149.39999999999418,-1.6998,3.8071
25,CC DChg,149.5,-1.6998,3.8071
25,CC DChg,149.60000000000582,-1.6998,3.807
25,CC DChg,149.70000000001164,-1.6998,3.807
25,CC DChg,149.79999999998836,-1.6998,3.807
25,CC DChg,149.89999999999418,-1.6998,3.807
25,CC DChg,150.0,-1.6998,3.807
25,CC DChg,150.10000000000582,-1.6998,3.807
25,CC DChg,150.19999999998254,-1.6998,3.8069
25,CC DChg,150.29999999998836,-1.6998,3.8069
25,CC DChg,150.39999999999418,-1.6998,3.8069
25,CC DChg,150.5,-1.6998,3.8069
25,CC DChg,150.60000000000582,-1.6998,3.8068
25,CC DChg,150.70000000001164,-1.6998,3.8068
25,CC DChg,150.79999999998836,-1.6998,3.8068
25,CC DChg,150.89999999999418,-1.6998,3.8068
25,CC DChg,151.0,-1.6998,3.8068
25,CC DChg,151.10000000000582,-1.6998,3.8068
25,CC DChg,151.19999999998254,-1.6998,3.8067
25,CC DChg,151.29999999998836,-1.6998,3.8067
25,CC DChg,151.39999999999418,-1.6998,3.8067
25,CC DChg,151.5,-1.6998,3.8067
25,CC DChg,151.60000000000582,-1.6998,3.8066
25,CC DChg,151.70000000001164,-1.6998,3.8066
25,CC DChg,151.79999999998836,-1.6998,3.8066
25,CC DChg,151.89999999999418,-1.6998,3.8066
25,CC DChg,151.9916666666686,-1.6998,3.8066
25,CC DChg,152.08333333331393,-1.6998,3.8066
26,Rest,152.17499999998836,0.0,3.8657
26,Rest,152.2666666666628,0.0,3.8657
26,Rest,152.3583333333372,0.0,3.8659
26,Rest,152.45000000001164,0.0,3.8664
26,Rest,152.54166666665697,0.0,3.8669
26,Rest,152.6333333333314,0.0,3.8674
26,Rest,152.72500000000582,0.0,3.8678
26,Rest,152.81666666665114,0.0,3.8682
26,Rest,152.90833333332557,0.0,3.8685
26,Rest,153.0075757575687,0.0,3.8688
26,Rest,153.10681818181183,0.0,3.8691
26,Rest,153.20606060602586,0.0,3.8693
26,Rest,153.3053030302981,0.0,3.8696
26,Rest,153.40454545454122,0.0,3.8698
26,Rest,153.50378787878435,0.0,3.87
26,Rest,153.60303030302748,0.0,3.8703
26,Rest,153.7022727272706,0.0,3.8704
26,Rest,153.80151515151374,0.0,3.8707
26,Rest,153.90075757575687,0.0,3.8709
26,Rest,154.0006887052441,0.0,3.871
26,Rest,154.10061983470223,0.0,3.8712
26,Rest,154.20055096418946,0.0,3.8714
26,Rest,154.3004820936767,0.0,3.8715
26,Rest,154.40041322310572,0.0,3.8717
26,Rest,154.50034435262205,0.0,3.8719
26,Rest,154.60027548208018,0.0,3.872
26,Rest,154.7002066115674,0.0,3.8722
26,Rest,154.80013774102554,0.0,3.8723
26,Rest,154.90006887051277,0.0,3.8724
26,Rest,155.00006260955706,0.0,3.8726
26,Rest,155.10005634860136,0.0,3.8727
26,Rest,155.20005008764565,0.0,3.8729
26,Rest,155.30004382668994,0.0,3.873
26,Rest,155.40003756573424,0.0,3.8731
26,Rest,155.50003130477853,0.0,3.8732
26,Rest,155.60002504382282,0.0,3.8734
26,Rest,155.70001878286712,0.0,3.8735
26,Rest,155.8000125219114,0.0,3.8736
26,Rest,155.9000062609557,0.0,3.8737
26,Rest,156.00000569177791,0.0,3.8738
26,Rest,156.10000512260012,0.0,3.8739
26,Rest,156.20000455342233,0.0,3.874
26,Rest,156.30000398424454,0.0,3.8742
26,Rest,156.40000341506675,0.0,3.8743
26,Rest,156.50000284588896,0.0,3.8744
26,Rest,156.60000227671117,0.0,3.8745
26,Rest,156.70000170753337,0.0,3.8746
26,Rest,156.80000113835558,0.0,3.8747
26,Rest,156.9000005691778,0.0,3.8748
26,Rest,157.000000517437,0.0,3.8749
26,Rest,157.1000004656962,0.0,3.875
26,Rest,157.20000041395542,0.0,3.8751
26,Rest,157.30000036218553,0.0,3.8751
26,Rest,157.40000031047384,0.0,3.8753
26,Rest,157.50000025870395,0.0,3.8754
26,Rest,157.60000020696316,0.0,3.8755
26,Rest,157.70000015522237,0.0,3.8756
26,Rest,157.80000010348158,0.0,3.8756
26,Rest,157.9000000517408,0.0,3.8757
26,Rest,158.0000000470318,0.0,3.8758
26,Rest,158.1000000423228,0.0,3.8759
26,Rest,158.2000000376429,0.0,3.876
26,Rest,158.3000000329339,0.0,3.8761
26,Rest,158.4000000282249,0.0,3.8762
26,Rest,158.5000000235159,0.0,3.8763
26,Rest,158.6000000188069,0.0,3.8764
26,Rest,158.7000000140979,0.0,3.8765
26,Rest,158.800000009418,0.0,3.8766
26,Rest,158.900000004709,0.0,3.8766
26,Rest,159.00000000427826,0.0,3.8767
26,Rest,159.10000000384753,0.0,3.8768
26,Rest,159.2000000034168,0.0,3.8769
26,Rest,159.30000000298605,0.0,3.877
26,Rest,159.40000000255532,0.0,3.8771
26,Rest,159.50000000215368,0.0,3.8771
26,Rest,159.60000000172295,0.0,3.8772
26,Rest,159.7000000012922,0.0,3.8773
26,Rest,159.80000000086147,0.0,3.8773
26,Rest,159.90000000043074,0.0,3.8775
26,Rest,160.00000000037835,0.0,3.8775
26,Rest,160.10000000035507,0.0,3.8776
26,Rest,160.20000000030268,0.0,3.8777
26,Rest,160.3000000002794,0.0,3.8778
26,Rest,160.400000000227,0.0,3.8779
26,Rest,160.50000000020373,0.0,3.8779
26,Rest,160.60000000015134,0.0,3.878
26,Rest,160.70000000012806,0.0,3.8781
26,Rest,160.80000000007567,0.0,3.8781
26,Rest,160.9000000000524,0.0,3.8782
26,Rest,161.0000000000582,0.0,3.8783
26,Rest,161.10000000003492,0.0,3.8783
26,Rest,161.20000000004075,0.0,3.8784
26,Rest,161.30000000004657,0.0,3.8785
26,Rest,161.40000000002328,0.0,3.8786
26,Rest,161.5000000000291,0.0,3.8786
26,Rest,161.60000000000582,0.0,3.8787
26,Rest,161.70000000001164,0.0,3.8788
26,Rest,161.80000000001746,0.0,3.8788
26,Rest,161.89999999999418,0.0,3.8789
26,Rest,162.0,0.0,3.879
26,Rest,162.10000000000582,0.0,3.879
26,Rest,162.19999999998254,0.0,3.8791
26,Rest,162.29999999998836,0.0,3.8792
26,Rest,162.39999999999418,0.0,3.8793
26,Rest,162.5,0.0,3.8793
26,Rest,162.60000000000582,0.0,3.8794
26,Rest,162.70000000001164,0.0,3.8794
26,Rest,162.79999999998836,0.0,3.8795
26,Rest,162.89999999999418,0.0,3.8796
26,Rest,163.0,0.0,3.8797
26,Rest,163.10000000000582,0.0,3.8797
26,Rest,163.19999999998254,0.0,3.8798
26,Rest,163.29999999998836,0.0,3.8798
26,Rest,163.39999999999418,0.0,3.8799
26,Rest,163.5,0.0,3.8799
26,Rest,163.60000000000582,0.0,3.88
26,Rest,163.70000000001164,0.0,3.8801
26,Rest,163.79999999998836,0.0,3.8801
26,Rest,163.89999999999418,0.0,3.8802
26,Rest,164.0,0.0,3.8802
26,Rest,164.10000000000582,0.0,3.8803
26,Rest,164.19999999998254,0.0,3.8804
26,Rest,164.29999999998836,0.0,3.8805
26,Rest,164.39999999999418,0.0,3.8805
26,Rest,164.5,0.0,3.8806
26,Rest,164.60000000000582,0.0,3.8806
26,Rest,164.70000000001164,0.0,3.8807
26,Rest,164.79999999998836,0.0,3.8807
26,Rest,164.89999999999418,0.0,3.8808
26,Rest,165.0,0.0,3.8809
26,Rest,165.10000000000582,0.0,3.8809
26,Rest,165.19999999998254,0.0,3.8809
26,Rest,165.29999999998836,0.0,3.881
26,Rest,165.39999999999418,0.0,3.8811
26,Rest,165.5,0.0,3.8811
26,Rest,165.60000000000582,0.0,3.8812
26,Rest,165.70000000001164,0.0,3.8813
26,Rest,165.79999999998836,0.0,3.8813
26,Rest,165.89999999999418,0.0,3.8814
26,Rest,166.0,0.0,3.8814
26,Rest,166.10000000000582,0.0,3.8815
26,Rest,166.19999999998254,0.0,3.8815
26,Rest,166.29999999998836,0.0,3.8816
26,Rest,166.39999999999418,0.0,3.8816
26,Rest,166.5,0.0,3.8817
26,Rest,166.60000000000582,0.0,3.8818
26,Rest,166.70000000001164,0.0,3.8818
26,Rest,166.79999999998836,0.0,3.8818
26,Rest,166.89999999999418,0.0,3.8819
26,Rest,167.0,0.0,3.882
26,Rest,167.10000000000582,0.0,3.882
26,Rest,167.19999999998254,0.0,3.8821
26,Rest,167.29999999998836,0.0,3.8821
26,Rest,167.39999999999418,0.0,3.8822
26,Rest,167.5,0.0,3.8822
26,Rest,167.60000000000582,0.0,3.8823
26,Rest,167.70000000001164,0.0,3.8823
26,Rest,167.79999999998836,0.0,3.8824
26,Rest,167.89999999999418,0.0,3.8824
26,Rest,168.0,0.0,3.8825
26,Rest,168.10000000000582,0.0,3.8825
26,Rest,168.19999999998254,0.0,3.8826
26,Rest,168.29999999998836,0.0,3.8826
26,Rest,168.39999999999418,0.0,3.8827
26,Rest,168.5,0.0,3.8827
26,Rest,168.60000000000582,0.0,3.8828
26,Rest,168.70000000001164,0.0,3.8829
26,Rest,168.79999999998836,0.0,3.8829
26,Rest,168.89999999999418,0.0,3.8829
26,Rest,169.0,0.0,3.883
26,Rest,169.10000000000582,0.0,3.8831
26,Rest,169.19999999998254,0.0,3.8831
26,Rest,169.29999999998836,0.0,3.8831
26,Rest,169.39999999999418,0.0,3.8832
26,Rest,169.5,0.0,3.8832
26,Rest,169.60000000000582,0.0,3.8833
26,Rest,169.70000000001164,0.0,3.8833
26,Rest,169.79999999998836,0.0,3.8834
26,Rest,169.89999999999418,0.0,3.8834
26,Rest,170.0,0.0,3.8835
26,Rest,170.10000000000582,0.0,3.8836
26,Rest,170.19999999998254,0.0,3.8836
26,Rest,170.29999999998836,0.0,3.8836
26,Rest,170.39999999999418,0.0,3.8837
26,Rest,170.5,0.0,3.8837
26,Rest,170.60000000000582,0.0,3.8838
26,Rest,170.70000000001164,0.0,3.8838
26,Rest,170.79999999998836,0.0,3.8839
26,Rest,170.89999999999418,0.0,3.8839
26,Rest,171.0,0.0,3.8839
26,Rest,171.10000000000582,0.0,3.884
26,Rest,171.19999999998254,0.0,3.884
26,Rest,171.29999999998836,0.0,3.8841
26,Rest,171.39999999999418,0.0,3.8841
26,Rest,171.5,0.0,3.8842
26,Rest,171.60000000000582,0.0,3.8843
26,Rest,171.70000000001164,0.0,3.8843
26,Rest,171.79999999998836,0.0,3.8844
26,Rest,171.89999999999418,0.0,3.8844
26,Rest,172.0,0.0,3.8844
26,Rest,172.10000000000582,0.0,3.8844
26,Rest,172.19999999998254,0.0,3.8845
26,Rest,172.29999999998836,0.0,3.8845
26,Rest,172.39999999999418,0.0,3.8846
26,Rest,172.5,0.0,3.8846
26,Rest,172.60000000000582,0.0,3.8847
26,Rest,172.70000000001164,0.0,3.8847
26,Rest,172.79999999998836,0.0,3.8847
26,Rest,172.89999999999418,0.0,3.8848
26,Rest,173.0,0.0,3.8848
26,Rest,173.10000000000582,0.0,3.8849
26,Rest,173.19999999998254,0.0,3.8849
26,Rest,173.29999999998836,0.0,3.885
26,Rest,173.39999999999418,0.0,3.885
26,Rest,173.5,0.0,3.8851
26,Rest,173.60000000000582,0.0,3.8851
26,Rest,173.70000000001164,0.0,3.8852
26,Rest,173.79999999998836,0.0,3.8852
26,Rest,173.89999999999418,0.0,3.8853
26,Rest,174.0,0.0,3.8853
26,Rest,174.10000000000582,0.0,3.8853
26,Rest,174.19999999998254,0.0,3.8854
26,Rest,174.29999999998836,0.0,3.8855
26,Rest,174.39999999999418,0.0,3.8855
26,Rest,174.5,0.0,3.8855
26,Rest,174.60000000000582,0.0,3.8855
26,Rest,174.70000000001164,0.0,3.8856
26,Rest,174.79999999998836,0.0,3.8856
26,Rest,174.89999999999418,0.0,3.8857
26,Rest,175.0,0.0,3.8857
26,Rest,175.10000000000582,0.0,3.8858
26,Rest,175.19999999998254,0.0,3.8858
26,Rest,175.29999999998836,0.0,3.8859
26,Rest,175.39999999999418,0.0,3.8859
26,Rest,175.5,0.0,3.8859
26,Rest,175.60000000000582,0.0,3.886
26,Rest,175.70000000001164,0.0,3.886
26,Rest,175.79999999998836,0.0,3.8861
26,Rest,175.89999999999418,0.0,3.8861
26,Rest,176.0,0.0,3.8861
26,Rest,176.10000000000582,0.0,3.8862
26,Rest,176.19999999998254,0.0,3.8863
26,Rest,176.29999999998836,0.0,3.8863
26,Rest,176.39999999999418,0.0,3.8863
26,Rest,176.5,0.0,3.8863
26,Rest,176.60000000000582,0.0,3.8864
26,Rest,176.70000000001164,0.0,3.8864
26,Rest,176.79999999998836,0.0,3.8865
26,Rest,176.89999999999418,0.0,3.8865
26,Rest,177.0,0.0,3.8866
26,Rest,177.10000000000582,0.0,3.8866
26,Rest,177.19999999998254,0.0,3.8866
26,Rest,177.29999999998836,0.0,3.8867
26,Rest,177.39999999999418,0.0,3.8868
26,Rest,177.5,0.0,3.8868
26,Rest,177.60000000000582,0.0,3.8868
26,Rest,177.70000000001164,0.0,3.8868
26,Rest,177.79999999998836,0.0,3.8869
26,Rest,177.89999999999418,0.0,3.8869
26,Rest,178.0,0.0,3.887
26,Rest,178.10000000000582,0.0,3.887
26,Rest,178.19999999998254,0.0,3.887
26,Rest,178.29999999998836,0.0,3.8871
26,Rest,178.39999999999418,0.0,3.8871
26,Rest,178.5,0.0,3.8872
26,Rest,178.60000000000582,0.0,3.8872
26,Rest,178.70000000001164,0.0,3.8872
26,Rest,178.79999999998836,0.0,3.8872
26,Rest,178.89999999999418,0.0,3.8873
26,Rest,179.0,0.0,3.8873
26,Rest,179.10000000000582,0.0,3.8873
26,Rest,179.19999999998254,0.0,3.8874
26,Rest,179.29999999998836,0.0,3.8874
26,Rest,179.39999999999418,0.0,3.8875
26,Rest,179.5,0.0,3.8875
26,Rest,179.60000000000582,0.0,3.8876
26,Rest,179.70000000001164,0.0,3.8876
26,Rest,179.79999999998836,0.0,3.8876
26,Rest,179.89999999999418,0.0,3.8876
26,Rest,180.0,0.0,3.8877
26,Rest,180.10000000000582,0.0,3.8877
26,Rest,180.19999999998254,0.0,3.8878
26,Rest,180.29999999998836,0.0,3.8878
26,Rest,180.39999999999418,0.0,3.8878
26,Rest,180.5,0.0,3.8879
26,Rest,180.60000000000582,0.0,3.8879
26,Rest,180.70000000001164,0.0,3.8879
26,Rest,180.79999999998836,0.0,3.888
26,Rest,180.89999999999418,0.0,3.888
26,Rest,181.0,0.0,3.888
26,Rest,181.10000000000582,0.0,3.8881
26,Rest,181.19999999998254,0.0,3.8881
26,Rest,181.29999999998836,0.0,3.8881
26,Rest,181.39999999999418,0.0,3.8882
26,Rest,181.5,0.0,3.8882
26,Rest,181.60000000000582,0.0,3.8883
26,Rest,181.70000000001164,0.0,3.8883
26,Rest,181.79999999998836,0.0,3.8883
26,Rest,181.89999999999418,0.0,3.8883
26,Rest,182.0,0.0,3.8884
26,Rest,182.10000000000582,0.0,3.8884
26,Rest,182.19999999998254,0.0,3.8884
26,Rest,182.29999999998836,0.0,3.8885
26,Rest,182.39999999999418,0.0,3.8885
26,Rest,182.5,0.0,3.8886
26,Rest,182.60000000000582,0.0,3.8886
26,Rest,182.70000000001164,0.0,3.8886
26,Rest,182.79999999998836,0.0,3.8887
26,Rest,182.89999999999418,0.0,3.8887
26,Rest,183.0,0.0,3.8887
26,Rest,183.10000000000582,0.0,3.8888
26,Rest,183.19999999998254,0.0,3.8888
26,Rest,183.29999999998836,0.0,3.8889
26,Rest,183.39999999999418,0.0,3.8889
26,Rest,183.5,0.0,3.8889
26,Rest,183.60000000000582,0.0,3.8889
26,Rest,183.70000000001164,0.0,3.889
26,Rest,183.79999999998836,0.0,3.889
26,Rest,183.89999999999418,0.0,3.8891
26,Rest,184.0,0.0,3.8891
26,Rest,184.10000000000582,0.0,3.8891
26,Rest,184.19999999998254,0.0,3.8892
26,Rest,184.29999999998836,0.0,3.8892
26,Rest,184.39999999999418,0.0,3.8892
26,Rest,184.5,0.0,3.8893
26,Rest,184.60000000000582,0.0,3.8893
26,Rest,184.70000000001164,0.0,3.8893
26,Rest,184.79999999998836,0.0,3.8894
26,Rest,184.89999999999418,0.0,3.8894
26,Rest,185.0,0.0,3.8894
26,Rest,185.10000000000582,0.0,3.8895
26,Rest,185.19999999998254,0.0,3.8895
26,Rest,185.29999999998836,0.0,3.8895
26,Rest,185.39999999999418,0.0,3.8895
26,Rest,185.5,0.0,3.8895
26,Rest,185.60000000000582,0.0,3.8896
26,Rest,185.70000000001164,0.0,3.8897
26,Rest,185.79999999998836,0.0,3.8897
26,Rest,185.89999999999418,0.0,3.8897
26,Rest,186.0,0.0,3.8897
26,Rest,186.10000000000582,0.0,3.8897
26,Rest,186.19999999998254,0.0,3.8898
26,Rest,186.29999999998836,0.0,3.8898
26,Rest,186.39999999999418,0.0,3.8899
26,Rest,186.5,0.0,3.8899
26,Rest,186.60000000000582,0.0,3.8899
26,Rest,186.70000000001164,0.0,3.89
26,Rest,186.79999999998836,0.0,3.89
26,Rest,186.89999999999418,0.0,3.89
26,Rest,187.0,0.0,3.8901
26,Rest,187.10000000000582,0.0,3.8901
26,Rest,187.19999999998254,0.0,3.8901
26,Rest,187.29999999998836,0.0,3.8901
26,Rest,187.39999999999418,0.0,3.8902
26,Rest,187.5,0.0,3.8902
26,Rest,187.60000000000582,0.0,3.8902
26,Rest,187.70000000001164,0.0,3.8903
26,Rest,187.79999999998836,0.0,3.8903
26,Rest,187.89999999999418,0.0,3.8904
26,Rest,188.0,0.0,3.8904
26,Rest,188.10000000000582,0.0,3.8904
26,Rest,188.19999999998254,0.0,3.8904
26,Rest,188.29999999998836,0.0,3.8905
26,Rest,188.39999999999418,0.0,3.8905
26,Rest,188.5,0.0,3.8905
26,Rest,188.60000000000582,0.0,3.8906
26,Rest,188.70000000001164,0.0,3.8906
26,Rest,188.79999999998836,0.0,3.8906
26,Rest,188.89999999999418,0.0,3.8906
26,Rest,189.0,0.0,3.8907
26,Rest,189.10000000000582,0.0,3.8907
26,Rest,189.19999999998254,0.0,3.8907
26,Rest,189.29999999998836,0.0,3.8907
26,Rest,189.39999999999418,0.0,3.8908
26,Rest,189.5,0.0,3.8908
26,Rest,189.60000000000582,0.0,3.8908
26,Rest,189.70000000001164,0.0,3.8909
26,Rest,189.79999999998836,0.0,3.8909
26,Rest,189.89999999999418,0.0,3.8909
26,Rest,190.0,0.0,3.891
26,Rest,190.10000000000582,0.0,3.891
26,Rest,190.19999999998254,0.0,3.891
26,Rest,190.29999999998836,0.0,3.891
26,Rest,190.39999999999418,0.0,3.8911
26,Rest,190.5,0.0,3.8911
26,Rest,190.60000000000582,0.0,3.8911
26,Rest,190.70000000001164,0.0,3.8912
26,Rest,190.79999999998836,0.0,3.8912
26,Rest,190.89999999999418,0.0,3.8912
26,Rest,191.0,0.0,3.8912
26,Rest,191.10000000000582,0.0,3.8912
26,Rest,191.19999999998254,0.0,3.8913
26,Rest,191.29999999998836,0.0,3.8913
26,Rest,191.39999999999418,0.0,3.8913
26,Rest,191.5,0.0,3.8914
26,Rest,191.60000000000582,0.0,3.8914
26,Rest,191.70000000001164,0.0,3.8914
26,Rest,191.79999999998836,0.0,3.8915
26,Rest,191.89999999999418,0.0,3.8915
26,Rest,192.0,0.0,3.8915
26,Rest,192.10000000000582,0.0,3.8915
26,Rest,192.19999999998254,0.0,3.8916
26,Rest,192.29999999998836,0.0,3.8916
26,Rest,192.39999999999418,0.0,3.8917
26,Rest,192.5,0.0,3.8917
26,Rest,192.60000000000582,0.0,3.8917
26,Rest,192.70000000001164,0.0,3.8917
26,Rest,192.79999999998836,0.0,3.8917
26,Rest,192.89999999999418,0.0,3.8918
26,Rest,193.0,0.0,3.8918
26,Rest,193.10000000000582,0.0,3.8918
26,Rest,193.19999999998254,0.0,3.8918
26,Rest,193.29999999998836,0.0,3.8918
26,Rest,193.39999999999418,0.0,3.8919
26,Rest,193.5,0.0,3.8919
26,Rest,193.60000000000582,0.0,3.892
26,Rest,193.70000000001164,0.0,3.892
26,Rest,193.79999999998836,0.0,3.892
26,Rest,193.89999999999418,0.0,3.892
26,Rest,194.0,0.0,3.8921
26,Rest,194.10000000000582,0.0,3.8921
26,Rest,194.19999999998254,0.0,3.8921
26,Rest,194.29999999998836,0.0,3.8921
26,Rest,194.39999999999418,0.0,3.8921
26,Rest,194.5,0.0,3.8922
26,Rest,194.60000000000582,0.0,3.8922
26,Rest,194.70000000001164,0.0,3.8922
26,Rest,194.79999999998836,0.0,3.8922
26,Rest,194.89999999999418,0.0,3.8923
26,Rest,195.0,0.0,3.8923
26,Rest,195.10000000000582,0.0,3.8923
26,Rest,195.19999999998254,0.0,3.8924
26,Rest,195.29999999998836,0.0,3.8924
26,Rest,195.39999999999418,0.0,3.8924
26,Rest,195.5,0.0,3.8924
26,Rest,195.60000000000582,0.0,3.8924
26,Rest,195.70000000001164,0.0,3.8925
26,Rest,195.79999999998836,0.0,3.8925
26,Rest,195.89999999999418,0.0,3.8926
26,Rest,196.0,0.0,3.8926
26,Rest,196.10000000000582,0.0,3.8926
26,Rest,196.19999999998254,0.0,3.8926
26,Rest,196.29999999998836,0.0,3.8927
26,Rest,196.39999999999418,0.0,3.8927
26,Rest,196.5,0.0,3.8927
26,Rest,196.60000000000582,0.0,3.8927
26,Rest,196.70000000001164,0.0,3.8927
26,Rest,196.79999999998836,0.0,3.8927
26,Rest,196.89999999999418,0.0,3.8927
26,Rest,197.0,0.0,3.8928
26,Rest,197.10000000000582,0.0,3.8928
26,Rest,197.19999999998254,0.0,3.8929
26,Rest,197.29999999998836,0.0,3.8929
26,Rest,197.39999999999418,0.0,3.8929
26,Rest,197.5,0.0,3.8929
26,Rest,197.60000000000582,0.0,3.893
26,Rest,197.70000000001164,0.0,3.893
26,Rest,197.79999999998836,0.0,3.893
26,Rest,197.89999999999418,0.0,3.893
26,Rest,198.0,0.0,3.893
26,Rest,198.10000000000582,0.0,3.8931
26,Rest,198.19999999998254,0.0,3.8931
26,Rest,198.29999999998836,0.0,3.8931
26,Rest,198.39999999999418,0.0,3.8932
26,Rest,198.5,0.0,3.8932
26,Rest,198.60000000000582,0.0,3.8932
26,Rest,198.70000000001164,0.0,3.8932
26,Rest,198.79999999998836,0.0,3.8933
26,Rest,198.89999999999418,0.0,3.8933
26,Rest,199.0,0.0,3.8933
26,Rest,199.10000000000582,0.0,3.8933
26,Rest,199.19999999998254,0.0,3.8934
26,Rest,199.29999999998836,0.0,3.8934
26,Rest,199.39999999999418,0.0,3.8934
26,Rest,199.5,0.0,3.8934
26,Rest,199.60000000000582,0.0,3.8935
26,Rest,199.70000000001164,0.0,3.8935
26,Rest,199.79999999998836,0.0,3.8935
26,Rest,199.89999999999418,0.0,3.8935
26,Rest,200.0,0.0,3.8935
26,Rest,200.10000000000582,0.0,3.8936
26,Rest,200.19999999998254,0.0,3.8936
26,Rest,200.29999999998836,0.0,3.8936
26,Rest,200.39999999999418,0.0,3.8936
26,Rest,200.5,0.0,3.8936
26,Rest,200.60000000000582,0.0,3.8937
26,Rest,200.70000000001164,0.0,3.8937
26,Rest,200.79999999998836,0.0,3.8937
26,Rest,200.89999999999418,0.0,3.8938
26,Rest,201.0,0.0,3.8938
26,Rest,201.10000000000582,0.0,3.8938
26,Rest,201.19999999998254,0.0,3.8939
26,Rest,201.29999999998836,0.0,3.8939
26,Rest,201.39999999999418,0.0,3.8939
26,Rest,201.5,0.0,3.8939
26,Rest,201.60000000000582,0.0,3.8939
26,Rest,201.70000000001164,0.0,3.8939
26,Rest,201.79999999998836,0.0,3.8939
26,Rest,201.89999999999418,0.0,3.894
26,Rest,202.0,0.0,3.894
26,Rest,202.10000000000582,0.0,3.894
26,Rest,202.19999999998254,0.0,3.894
26,Rest,202.29999999998836,0.0,3.8941
26,Rest,202.39999999999418,0.0,3.8941
26,Rest,202.5,0.0,3.8942
26,Rest,202.60000000000582,0.0,3.8942
26,Rest,202.70000000001164,0.0,3.8942
26,Rest,202.79999999998836,0.0,3.8942
26,Rest,202.89999999999418,0.0,3.8942
26,Rest,203.0,0.0,3.8943
26,Rest,203.10000000000582,0.0,3.8943
26,Rest,203.19999999998254,0.0,3.8943
26,Rest,203.29999999998836,0.0,3.8943
26,Rest,203.39999999999418,0.0,3.8943
26,Rest,203.5,0.0,3.8944
26,Rest,203.60000000000582,0.0,3.8944
26,Rest,203.70000000001164,0.0,3.8944
26,Rest,203.79999999998836,0.0,3.8944
26,Rest,203.89999999999418,0.0,3.8944
26,Rest,204.0,0.0,3.8945
26,Rest,204.10000000000582,0.0,3.8945
26,Rest,204.19999999998254,0.0,3.8945
26,Rest,204.29999999998836,0.0,3.8945
26,Rest,204.39999999999418,0.0,3.8946
26,Rest,204.5,0.0,3.8946
26,Rest,204.60000000000582,0.0,3.8946
26,Rest,204.70000000001164,0.0,3.8946
26,Rest,204.79999999998836,0.0,3.8947
26,Rest,204.89999999999418,0.0,3.8947
26,Rest,205.0,0.0,3.8947
26,Rest,205.10000000000582,0.0,3.8947
26,Rest,205.19999999998254,0.0,3.8948
26,Rest,205.29999999998836,0.0,3.8948
26,Rest,205.39999999999418,0.0,3.8948
26,Rest,205.5,0.0,3.8948
26,Rest,205.60000000000582,0.0,3.8948
26,Rest,205.70000000001164,0.0,3.8948
26,Rest,205.79999999998836,0.0,3.8949
26,Rest,205.89999999999418,0.0,3.8949
26,Rest,206.0,0.0,3.8949
26,Rest,206.10000000000582,0.0,3.8949
26,Rest,206.19999999998254,0.0,3.8949
26,Rest,206.29999999998836,0.0,3.895
26,Rest,206.39999999999418,0.0,3.895
26,Rest,206.5,0.0,3.895
26,Rest,206.60000000000582,0.0,3.8951
26,Rest,206.70000000001164,0.0,3.8951
26,Rest,206.79999999998836,0.0,3.8951
26,Rest,206.89999999999418,0.0,3.8952
26,Rest,207.0,0.0,3.8952
26,Rest,207.10000000000582,0.0,3.8952
26,Rest,207.19999999998254,0.0,3.8952
26,Rest,207.29999999998836,0.0,3.8952
26,Rest,207.39999999999418,0.0,3.8952
26,Rest,207.5,0.0,3.8953
26,Rest,207.60000000000582,0.0,3.8953
26,Rest,207.70000000001164,0.0,3.8953
26,Rest,207.79999999998836,0.0,3.8954
26,Rest,207.89999999999418,0.0,3.8953
26,Rest,208.0,0.0,3.8954
26,Rest,208.10000000000582,0.0,3.8954
26,Rest,208.19999999998254,0.0,3.8954
26,Rest,208.29999999998836,0.0,3.8954
26,Rest,208.39999999999418,0.0,3.8955
26,Rest,208.5,0.0,3.8955
26,Rest,208.60000000000582,0.0,3.8955
26,Rest,208.70000000001164,0.0,3.8956
26,Rest,208.79999999998836,0.0,3.8955
26,Rest,208.89999999999418,0.0,3.8956
26,Rest,209.0,0.0,3.8956
26,Rest,209.10000000000582,0.0,3.8957
26,Rest,209.19999999998254,0.0,3.8957
26,Rest,209.29999999998836,0.0,3.8957
26,Rest,209.39999999999418,0.0,3.8957
26,Rest,209.5,0.0,3.8957
26,Rest,209.60000000000582,0.0,3.8957
26,Rest,209.70000000001164,0.0,3.8957
26,Rest,209.79999999998836,0.0,3.8957
26,Rest,209.89999999999418,0.0,3.8958
26,Rest,210.0,0.0,3.8958
26,Rest,210.10000000000582,0.0,3.8958
26,Rest,210.19999999998254,0.0,3.8958
26,Rest,210.29999999998836,0.0,3.8959
26,Rest,210.39999999999418,0.0,3.8959
26,Rest,210.5,0.0,3.8959
26,Rest,210.60000000000582,0.0,3.8959
26,Rest,210.70000000001164,0.0,3.8959
26,Rest,210.79999999998836,0.0,3.896
26,Rest,210.89999999999418,0.0,3.896
26,Rest,211.0,0.0,3.896
26,Rest,211.10000000000582,0.0,3.896
26,Rest,211.19999999998254,0.0,3.8961
26,Rest,211.29999999998836,0.0,3.8961
26,Rest,211.39999999999418,0.0,3.8961
26,Rest,211.5,0.0,3.8961
26,Rest,211.60000000000582,0.0,3.8961
26,Rest,211.70000000001164,0.0,3.8961
26,Rest,211.79999999998836,0.0,3.8962
26,Rest,211.89999999999418,0.0,3.8962
26,Rest,212.0,0.0,3.8962
26,Rest,212.10000000000582,0.0,3.8962
26,Rest,212.19999999998254,0.0,3.8962
26,Rest,212.29999999998836,0.0,3.8963
26,Rest,212.39999999999418,0.0,3.8963
26,Rest,212.5,0.0,3.8963
26,Rest,212.60000000000582,0.0,3.8963
26,Rest,212.70000000001164,0.0,3.8963
26,Rest,212.79999999998836,0.0,3.8964
26,Rest,212.89999999999418,0.0,3.8964
26,Rest,213.0,0.0,3.8964
26,Rest,213.10000000000582,0.0,3.8965
26,Rest,213.19999999998254,0.0,3.8965
26,Rest,213.29999999998836,0.0,3.8965
26,Rest,213.39999999999418,0.0,3.8965
26,Rest,213.5,0.0,3.8965
26,Rest,213.60000000000582,0.0,3.8965
26,Rest,213.70000000001164,0.0,3.8965
26,Rest,213.79999999998836,0.0,3.8965
26,Rest,213.89999999999418,0.0,3.8965
26,Rest,214.0,0.0,3.8966
26,Rest,214.10000000000582,0.0,3.8966
26,Rest,214.19999999998254,0.0,3.8966
26,Rest,214.29999999998836,0.0,3.8967
26,Rest,214.39999999999418,0.0,3.8967
26,Rest,214.5,0.0,3.8967
26,Rest,214.60000000000582,0.0,3.8967
26,Rest,214.70000000001164,0.0,3.8967
26,Rest,214.79999999998836,0.0,3.8967
26,Rest,214.89999999999418,0.0,3.8967
26,Rest,215.0,0.0,3.8968
26,Rest,215.10000000000582,0.0,3.8968
26,Rest,215.19999999998254,0.0,3.8968
26,Rest,215.29999999998836,0.0,3.8969
26,Rest,215.39999999999418,0.0,3.8969
26,Rest,215.5,0.0,3.8969
26,Rest,215.60000000000582,0.0,3.8969
26,Rest,215.70000000001164,0.0,3.8969
26,Rest,215.79999999998836,0.0,3.897
26,Rest,215.89999999999418,0.0,3.897
26,Rest,216.0,0.0,3.897
26,Rest,216.10000000000582,0.0,3.8971
26,Rest,216.19999999998254,0.0,3.897
26,Rest,216.29999999998836,0.0,3.897
26,Rest,216.39999999999418,0.0,3.8971
26,Rest,216.5,0.0,3.8971
26,Rest,216.60000000000582,0.0,3.8971
26,Rest,216.70000000001164,0.0,3.8971
26,Rest,216.79999999998836,0.0,3.8971
26,Rest,216.89999999999418,0.0,3.8971
26,Rest,217.0,0.0,3.8971
26,Rest,217.10000000000582,0.0,3.8972
26,Rest,217.19999999998254,0.0,3.8972
26,Rest,217.29999999998836,0.0,3.8972
26,Rest,217.39999999999418,0.0,3.8972
26,Rest,217.5,0.0,3.8972
26,Rest,217.60000000000582,0.0,3.8973
26,Rest,217.70000000001164,0.0,3.8973
26,Rest,217.79999999998836,0.0,3.8973
26,Rest,217.89999999999418,0.0,3.8973
26,Rest,218.0,0.0,3.8973
26,Rest,218.10000000000582,0.0,3.8973
26,Rest,218.19999999998254,0.0,3.8974
26,Rest,218.29999999998836,0.0,3.8974
26,Rest,218.39999999999418,0.0,3.8974
26,Rest,218.5,0.0,3.8974
26,Rest,218.60000000000582,0.0,3.8975
26,Rest,218.70000000001164,0.0,3.8974
26,Rest,218.79999999998836,0.0,3.8974
26,Rest,218.89999999999418,0.0,3.8975
26,Rest,219.0,0.0,3.8975
26,Rest,219.10000000000582,0.0,3.8975
26,Rest,219.19999999998254,0.0,3.8975
26,Rest,219.29999999998836,0.0,3.8976
26,Rest,219.39999999999418,0.0,3.8976
26,Rest,219.5,0.0,3.8976
26,Rest,219.60000000000582,0.0,3.8976
26,Rest,219.70000000001164,0.0,3.8976
26,Rest,219.79999999998836,0.0,3.8976
26,Rest,219.89999999999418,0.0,3.8976
26,Rest,220.0,0.0,3.8976
26,Rest,220.10000000000582,0.0,3.8977
26,Rest,220.19999999998254,0.0,3.8977
26,Rest,220.29999999998836,0.0,3.8977
26,Rest,220.39999999999418,0.0,3.8977
26,Rest,220.5,0.0,3.8978
26,Rest,220.60000000000582,0.0,3.8978
26,Rest,220.70000000001164,0.0,3.8978
26,Rest,220.79999999998836,0.0,3.8978
26,Rest,220.89999999999418,0.0,3.8978
26,Rest,221.0,0.0,3.8978
26,Rest,221.10000000000582,0.0,3.8978
26,Rest,221.19999999998254,0.0,3.8978
26,Rest,221.29999999998836,0.0,3.8978
26,Rest,221.39999999999418,0.0,3.8978
26,Rest,221.5,0.0,3.8979
26,Rest,221.60000000000582,0.0,3.8979
26,Rest,221.70000000001164,0.0,3.8979
26,Rest,221.79999999998836,0.0,3.898
26,Rest,221.89999999999418,0.0,3.898
26,Rest,222.0,0.0,3.898
26,Rest,222.10000000000582,0.0,3.8981
26,Rest,222.19999999998254,0.0,3.898
26,Rest,222.29999999998836,0.0,3.8981
26,Rest,222.39999999999418,0.0,3.8981
26,Rest,222.5,0.0,3.8981
26,Rest,222.60000000000582,0.0,3.8981
26,Rest,222.70000000001164,0.0,3.8981
26,Rest,222.79999999998836,0.0,3.8981
26,Rest,222.89999999999418,0.0,3.8982
26,Rest,223.0,0.0,3.8982
26,Rest,223.10000000000582,0.0,3.8981
26,Rest,223.19999999998254,0.0,3.8982
26,Rest,223.29999999998836,0.0,3.8983
26,Rest,223.39999999999418,0.0,3.8983
26,Rest,223.5,0.0,3.8983
26,Rest,223.60000000000582,0.0,3.8982
26,Rest,223.70000000001164,0.0,3.8983
26,Rest,223.79999999998836,0.0,3.8983
26,Rest,223.89999999999418,0.0,3.8983
26,Rest,224.0,0.0,3.8983
26,Rest,224.10000000000582,0.0,3.8984
26,Rest,224.19999999998254,0.0,3.8984
26,Rest,224.29999999998836,0.0,3.8984
26,Rest,224.39999999999418,0.0,3.8984
26,Rest,224.5,0.0,3.8984
26,Rest,224.60000000000582,0.0,3.8984
26,Rest,224.70000000001164,0.0,3.8985
26,Rest,224.79999999998836,0.0,3.8985
26,Rest,224.89999999999418,0.0,3.8985
26,Rest,225.0,0.0,3.8985
26,Rest,225.10000000000582,0.0,3.8985
26,Rest,225.19999999998254,0.0,3.8986
26,Rest,225.29999999998836,0.0,3.8985
26,Rest,225.39999999999418,0.0,3.8985
26,Rest,225.5,0.0,3.8986
26,Rest,225.60000000000582,0.0,3.8986
26,Rest,225.70000000001164,0.0,3.8986
26,Rest,225.79999999998836,0.0,3.8986
26,Rest,225.89999999999418,0.0,3.8986
26,Rest,226.0,0.0,3.8987
26,Rest,226.10000000000582,0.0,3.8987
26,Rest,226.19999999998254,0.0,3.8987
26,Rest,226.29999999998836,0.0,3.8987
26,Rest,226.39999999999418,0.0,3.8987
26,Rest,226.5,0.0,3.8987
26,Rest,226.60000000000582,0.0,3.8987
26,Rest,226.70000000001164,0.0,3.8988
26,Rest,226.79999999998836,0.0,3.8988
26,Rest,226.89999999999418,0.0,3.8988
26,Rest,227.0,0.0,3.8988
26,Rest,227.10000000000582,0.0,3.8988
26,Rest,227.19999999998254,0.0,3.8988
26,Rest,227.29999999998836,0.0,3.8988
26,Rest,227.39999999999418,0.0,3.8988
26,Rest,227.5,0.0,3.8989
26,Rest,227.60000000000582,0.0,3.8989
26,Rest,227.70000000001164,0.0,3.899
26,Rest,227.79999999998836,0.0,3.899
26,Rest,227.89999999999418,0.0,3.899
26,Rest,228.0,0.0,3.899
26,Rest,228.10000000000582,0.0,3.899
26,Rest,228.19999999998254,0.0,3.899
26,Rest,228.29999999998836,0.0,3.899
26,Rest,228.39999999999418,0.0,3.8991
26,Rest,228.5,0.0,3.8991
26,Rest,228.60000000000582,0.0,3.8991
26,Rest,228.70000000001164,0.0,3.8991
26,Rest,228.79999999998836,0.0,3.8991
26,Rest,228.89999999999418,0.0,3.8991
26,Rest,229.0,0.0,3.8992
26,Rest,229.10000000000582,0.0,3.8991
26,Rest,229.19999999998254,0.0,3.8991
26,Rest,229.29999999998836,0.0,3.8992
26,Rest,229.39999999999418,0.0,3.8992
26,Rest,229.5,0.0,3.8992
26,Rest,229.60000000000582,0.0,3.8992
26,Rest,229.70000000001164,0.0,3.8992
26,Rest,229.79999999998836,0.0,3.8993
26,Rest,229.89999999999418,0.0,3.8993
26,Rest,230.0,0.0,3.8993
26,Rest,230.10000000000582,0.0,3.8993
26,Rest,230.19999999998254,0.0,3.8993
26,Rest,230.29999999998836,0.0,3.8993
26,Rest,230.39999999999418,0.0,3.8994
26,Rest,230.5,0.0,3.8994
26,Rest,230.60000000000582,0.0,3.8994
26,Rest,230.70000000001164,0.0,3.8994
26,Rest,230.79999999998836,0.0,3.8994
26,Rest,230.89999999999418,0.0,3.8994
26,Rest,231.0,0.0,3.8994
26,Rest,231.10000000000582,0.0,3.8995
26,Rest,231.19999999998254,0.0,3.8995
26,Rest,231.29999999998836,0.0,3.8995
26,Rest,231.39999999999418,0.0,3.8995
26,Rest,231.5,0.0,3.8995
26,Rest,231.60000000000582,0.0,3.8996
26,Rest,231.70000000001164,0.0,3.8996
26,Rest,231.79999999998836,0.0,3.8996
26,Rest,231.89999999999418,0.0,3.8996
26,Rest,232.0,0.0,3.8996
26,Rest,232.10000000000582,0.0,3.8996
26,Rest,232.19999999998254,0.0,3.8996
26,Rest,232.29999999998836,0.0,3.8997
26,Rest,232.39999999999418,0.0,3.8997
26,Rest,232.5,0.0,3.8997
26,Rest,232.60000000000582,0.0,3.8997
26,Rest,232.70000000001164,0.0,3.8997
26,Rest,232.79999999998836,0.0,3.8997
26,Rest,232.89999999999418,0.0,3.8998
26,Rest,233.0,0.0,3.8998
26,Rest,233.10000000000582,0.0,3.8998
26,Rest,233.19999999998254,0.0,3.8998
26,Rest,233.29999999998836,0.0,3.8998
26,Rest,233.39999999999418,0.0,3.8998
26,Rest,233.5,0.0,3.8999
26,Rest,233.60000000000582,0.0,3.8998
26,Rest,233.70000000001164,0.0,3.8998
26,Rest,233.79999999998836,0.0,3.8999
26,Rest,233.89999999999418,0.0,3.8999
26,Rest,234.0,0.0,3.8999
26,Rest,234.10000000000582,0.0,3.9
26,Rest,234.19999999998254,0.0,3.9
26,Rest,234.29999999998836,0.0,3.9
26,Rest,234.39999999999418,0.0,3.9
26,Rest,234.5,0.0,3.9
26,Rest,234.60000000000582,0.0,3.9
26,Rest,234.70000000001164,0.0,3.9
26,Rest,234.79999999998836,0.0,3.9
26,Rest,234.89999999999418,0.0,3.9
26,Rest,235.0,0.0,3.9001
26,Rest,235.10000000000582,0.0,3.9001
26,Rest,235.19999999998254,0.0,3.9001
26,Rest,235.29999999998836,0.0,3.9001
26,Rest,235.39999999999418,0.0,3.9001
26,Rest,235.5,0.0,3.9002
26,Rest,235.60000000000582,0.0,3.9002
26,Rest,235.70000000001164,0.0,3.9002
26,Rest,235.79999999998836,0.0,3.9002
26,Rest,235.89999999999418,0.0,3.9002
26,Rest,236.0,0.0,3.9002
26,Rest,236.10000000000582,0.0,3.9002
26,Rest,236.19999999998254,0.0,3.9002
26,Rest,236.29999999998836,0.0,3.9003
26,Rest,236.39999999999418,0.0,3.9003
26,Rest,236.5,0.0,3.9003
26,Rest,236.60000000000582,0.0,3.9003
26,Rest,236.70000000001164,0.0,3.9003
26,Rest,236.79999999998836,0.0,3.9003
26,Rest,236.89999999999418,0.0,3.9004
26,Rest,237.0,0.0,3.9004
26,Rest,237.10000000000582,0.0,3.9004
26,Rest,237.19999999998254,0.0,3.9004
26,Rest,237.29999999998836,0.0,3.9004
26,Rest,237.39999999999418,0.0,3.9004
26,Rest,237.5,0.0,3.9004
26,Rest,237.60000000000582,0.0,3.9005
26,Rest,237.70000000001164,0.0,3.9005
26,Rest,237.79999999998836,0.0,3.9005
26,Rest,237.89999999999418,0.0,3.9005
26,Rest,238.0,0.0,3.9005
26,Rest,238.10000000000582,0.0,3.9006
26,Rest,238.19999999998254,0.0,3.9006
26,Rest,238.29999999998836,0.0,3.9006
26,Rest,238.39999999999418,0.0,3.9006
26,Rest,238.5,0.0,3.9006
26,Rest,238.60000000000582,0.0,3.9006
26,Rest,238.70000000001164,0.0,3.9006
26,Rest,238.79999999998836,0.0,3.9006
26,Rest,238.89999999999418,0.0,3.9006
26,Rest,239.0,0.0,3.9006
26,Rest,239.10000000000582,0.0,3.9007
26,Rest,239.19999999998254,0.0,3.9007
26,Rest,239.29999999998836,0.0,3.9007
26,Rest,239.39999999999418,0.0,3.9007
26,Rest,239.5,0.0,3.9008
26,Rest,239.60000000000582,0.0,3.9008
26,Rest,239.70000000001164,0.0,3.9008
26,Rest,239.79999999998836,0.0,3.9008
26,Rest,239.89999999999418,0.0,3.9008
26,Rest,240.0,0.0,3.9008
26,Rest,240.10000000000582,0.0,3.9008
26,Rest,240.19999999998254,0.0,3.9009
26,Rest,240.29999999998836,0.0,3.9009
26,Rest,240.39999999999418,0.0,3.9009
26,Rest,240.5,0.0,3.9009
26,Rest,240.60000000000582,0.0,3.901
26,Rest,240.70000000001164,0.0,3.901
26,Rest,240.79999999998836,0.0,3.9009
26,Rest,240.89999999999418,0.0,3.9009
26,Rest,241.0,0.0,3.901
26,Rest,241.10000000000582,0.0,3.901
26,Rest,241.19999999998254,0.0,3.901
26,Rest,241.29999999998836,0.0,3.901
26,Rest,241.39999999999418,0.0,3.901
26,Rest,241.5,0.0,3.901
26,Rest,241.60000000000582,0.0,3.9011
26,Rest,241.70000000001164,0.0,3.9011
26,Rest,241.79999999998836,0.0,3.9011
26,Rest,241.89999999999418,0.0,3.9011
26,Rest,242.0,0.0,3.9011
26,Rest,242.10000000000582,0.0,3.9011
26,Rest,242.19999999998254,0.0,3.9011
26,Rest,242.29999999998836,0.0,3.9011
26,Rest,242.39999999999418,0.0,3.9012
26,Rest,242.5,0.0,3.9012
26,Rest,242.60000000000582,0.0,3.9012
26,Rest,242.70000000001164,0.0,3.9012
26,Rest,242.79999999998836,0.0,3.9012
26,Rest,242.89999999999418,0.0,3.9012
26,Rest,243.0,0.0,3.9012
26,Rest,243.10000000000582,0.0,3.9013
26,Rest,243.19999999998254,0.0,3.9013
26,Rest,243.29999999998836,0.0,3.9013
26,Rest,243.39999999999418,0.0,3.9013
26,Rest,243.5,0.0,3.9013
26,Rest,243.60000000000582,0.0,3.9014
26,Rest,243.70000000001164,0.0,3.9013
26,Rest,243.79999999998836,0.0,3.9014
26,Rest,243.89999999999418,0.0,3.9014
26,Rest,244.0,0.0,3.9014
26,Rest,244.10000000000582,0.0,3.9015
26,Rest,244.19999999998254,0.0,3.9015
26,Rest,244.29999999998836,0.0,3.9015
26,Rest,244.39999999999418,0.0,3.9015
26,Rest,244.5,0.0,3.9015
26,Rest,244.60000000000582,0.0,3.9015
26,Rest,244.70000000001164,0.0,3.9015
26,Rest,244.79999999998836,0.0,3.9015
26,Rest,244.89999999999418,0.0,3.9015
26,Rest,245.0,0.0,3.9016
26,Rest,245.10000000000582,0.0,3.9016
26,Rest,245.19999999998254,0.0,3.9016
26,Rest,245.29999999998836,0.0,3.9016
26,Rest,245.39999999999418,0.0,3.9016
26,Rest,245.5,0.0,3.9016
26,Rest,245.60000000000582,0.0,3.9016
26,Rest,245.70000000001164,0.0,3.9016
26,Rest,245.79999999998836,0.0,3.9017
26,Rest,245.89999999999418,0.0,3.9016
26,Rest,246.0,0.0,3.9016
26,Rest,246.10000000000582,0.0,3.9017
26,Rest,246.19999999998254,0.0,3.9017
26,Rest,246.29999999998836,0.0,3.9017
26,Rest,246.39999999999418,0.0,3.9017
26,Rest,246.5,0.0,3.9018
26,Rest,246.60000000000582,0.0,3.9018
26,Rest,246.70000000001164,0.0,3.9017
26,Rest,246.79999999998836,0.0,3.9018
26,Rest,246.89999999999418,0.0,3.9018
26,Rest,247.0,0.0,3.9018
26,Rest,247.10000000000582,0.0,3.9018
26,Rest,247.19999999998254,0.0,3.9018
26,Rest,247.29999999998836,0.0,3.9019
26,Rest,247.39999999999418,0.0,3.9019
26,Rest,247.5,0.0,3.9018
26,Rest,247.60000000000582,0.0,3.9018
26,Rest,247.70000000001164,0.0,3.9019
26,Rest,247.79999999998836,0.0,3.9019
26,Rest,247.89999999999418,0.0,3.9019
26,Rest,248.0,0.0,3.9019
26,Rest,248.10000000000582,0.0,3.9019
26,Rest,248.19999999998254,0.0,3.902
26,Rest,248.29999999998836,0.0,3.902
26,Rest,248.39999999999418,0.0,3.902
26,Rest,248.5,0.0,3.902
26,Rest,248.60000000000582,0.0,3.902
26,Rest,248.70000000001164,0.0,3.902
26,Rest,248.79999999998836,0.0,3.9021
26,Rest,248.89999999999418,0.0,3.9021
26,Rest,249.0,0.0,3.9021
26,Rest,249.10000000000582,0.0,3.9021
26,Rest,249.19999999998254,0.0,3.9021
26,Rest,249.29999999998836,0.0,3.9021
26,Rest,249.39999999999418,0.0,3.9021
26,Rest,249.5,0.0,3.9021
26,Rest,249.60000000000582,0.0,3.9021
26,Rest,249.70000000001164,0.0,3.9021
26,Rest,249.79999999998836,0.0,3.9022
26,Rest,249.89999999999418,0.0,3.9022
26,Rest,250.0,0.0,3.9022
26,Rest,250.10000000000582,0.0,3.9022
26,Rest,250.19999999998254,0.0,3.9022
26,Rest,250.29999999998836,0.0,3.9022
26,Rest,250.39999999999418,0.0,3.9022
26,Rest,250.5,0.0,3.9022
26,Rest,250.60000000000582,0.0,3.9022
26,Rest,250.70000000001164,0.0,3.9023
26,Rest,250.79999999998836,0.0,3.9023
26,Rest,250.89999999999418,0.0,3.9023
26,Rest,251.0,0.0,3.9023
26,Rest,251.10000000000582,0.0,3.9023
26,Rest,251.19999999998254,0.0,3.9023
26,Rest,251.29999999998836,0.0,3.9023
26,Rest,251.39999999999418,0.0,3.9024
26,Rest,251.5,0.0,3.9024
26,Rest,251.60000000000582,0.0,3.9024
26,Rest,251.70000000001164,0.0,3.9024
26,Rest,251.79999999998836,0.0,3.9024
26,Rest,251.89999999999418,0.0,3.9025
26,Rest,252.0,0.0,3.9024
26,Rest,252.10000000000582,0.0,3.9024
26,Rest,252.19999999998254,0.0,3.9025
26,Rest,252.29999999998836,0.0,3.9025
26,Rest,252.39999999999418,0.0,3.9025
26,Rest,252.5,0.0,3.9025
26,Rest,252.60000000000582,0.0,3.9025
26,Rest,252.70000000001164,0.0,3.9025
26,Rest,252.79999999998836,0.0,3.9025
26,Rest,252.89999999999418,0.0,3.9026
26,Rest,253.0,0.0,3.9026
26,Rest,253.10000000000582,0.0,3.9026
26,Rest,253.19999999998254,0.0,3.9026
26,Rest,253.29999999998836,0.0,3.9026
26,Rest,253.39999999999418,0.0,3.9027
26,Rest,253.5,0.0,3.9026
26,Rest,253.60000000000582,0.0,3.9027
26,Rest,253.70000000001164,0.0,3.9026
26,Rest,253.79999999998836,0.0,3.9027
26,Rest,253.89999999999418,0.0,3.9027
26,Rest,254.0,0.0,3.9027
26,Rest,254.10000000000582,0.0,3.9027
26,Rest,254.19999999998254,0.0,3.9027
26,Rest,254.29999999998836,0.0,3.9027
26,Rest,254.39999999999418,0.0,3.9028
26,Rest,254.5,0.0,3.9028
26,Rest,254.60000000000582,0.0,3.9028
26,Rest,254.70000000001164,0.0,3.9028
26,Rest,254.79999999998836,0.0,3.9028
26,Rest,254.89999999999418,0.0,3.9028
26,Rest,255.0,0.0,3.9028
26,Rest,255.10000000000582,0.0,3.9028
26,Rest,255.19999999998254,0.0,3.9028
26,Rest,255.29999999998836,0.0,3.9029
26,Rest,255.39999999999418,0.0,3.9029
26,Rest,255.5,0.0,3.9029
26,Rest,255.60000000000582,0.0,3.9029
26,Rest,255.70000000001164,0.0,3.9029
26,Rest,255.79999999998836,0.0,3.9029
26,Rest,255.89999999999418,0.0,3.9029
26,Rest,256.0,0.0,3.9029
26,Rest,256.1000000000058,0.0,3.9029
26,Rest,256.19999999998254,0.0,3.9029
26,Rest,256.29999999998836,0.0,3.903
26,Rest,256.3999999999942,0.0,3.903
26,Rest,256.5,0.0,3.903
26,Rest,256.6000000000058,0.0,3.903
26,Rest,256.70000000001164,0.0,3.903
26,Rest,256.79999999998836,0.0,3.9031
26,Rest,256.8999999999942,0.0,3.9031
26,Rest,257.0,0.0,3.9031
26,Rest,257.1000000000058,0.0,3.9031
26,Rest,257.19999999998254,0.0,3.9031
26,Rest,257.29999999998836,0.0,3.9031
26,Rest,257.3999999999942,0.0,3.9031
26,Rest,257.5,0.0,3.9032
26,Rest,257.6000000000058,0.0,3.9031
26,Rest,257.70000000001164,0.0,3.9032
26,Rest,257.79999999998836,0.0,3.9032
26,Rest,257.8999999999942,0.0,3.9032
26,Rest,258.0,0.0,3.9032
26,Rest,258.1000000000058,0.0,3.9033
26,Rest,258.19999999998254,0.0,3.9033
26,Rest,258.29999999998836,0.0,3.9033
26,Rest,258.3999999999942,0.0,3.9033
26,Rest,258.5,0.0,3.9033
26,Rest,258.6000000000058,0.0,3.9033
26,Rest,258.70000000001164,0.0,3.9033
26,Rest,258.79999999998836,0.0,3.9033
26,Rest,258.8999999999942,0.0,3.9033
26,Rest,259.0,0.0,3.9034
26,Rest,259.1000000000058,0.0,3.9033
26,Rest,259.19999999998254,0.0,3.9034
26,Rest,259.29999999998836,0.0,3.9034
26,Rest,259.3999999999942,0.0,3.9034
26,Rest,259.5,0.0,3.9034
26,Rest,259.6000000000058,0.0,3.9035
26,Rest,259.70000000001164,0.0,3.9035
26,Rest,259.79999999998836,0.0,3.9035
26,Rest,259.8999999999942,0.0,3.9035
26,Rest,260.0,0.0,3.9034
26,Rest,260.1000000000058,0.0,3.9034
26,Rest,260.19999999998254,0.0,3.9035
26,Rest,260.29999999998836,0.0,3.9035
26,Rest,260.3999999999942,0.0,3.9035
26,Rest,260.5,0.0,3.9035
26,Rest,260.6000000000058,0.0,3.9035
26,Rest,260.70000000001164,0.0,3.9036
26,Rest,260.79999999998836,0.0,3.9035
26,Rest,260.8999999999942,0.0,3.9035
26,Rest,261.0,0.0,3.9036
26,Rest,261.1000000000058,0.0,3.9036
26,Rest,261.19999999998254,0.0,3.9036
26,Rest,261.29999999998836,0.0,3.9036
26,Rest,261.3999999999942,0.0,3.9036
26,Rest,261.5,0.0,3.9037
26,Rest,261.6000000000058,0.0,3.9037
26,Rest,261.70000000001164,0.0,3.9037
26,Rest,261.79999999998836,0.0,3.9037
26,Rest,261.8999999999942,0.0,3.9037
26,Rest,262.0,0.0,3.9037
26,Rest,262.1000000000058,0.0,3.9037
26,Rest,262.19999999998254,0.0,3.9037
26,Rest,262.29999999998836,0.0,3.9037
26,Rest,262.3999999999942,0.0,3.9038
26,Rest,262.5,0.0,3.9038
26,Rest,262.6000000000058,0.0,3.9038
26,Rest,262.70000000001164,0.0,3.9038
26,Rest,262.79999999998836,0.0,3.9038
26,Rest,262.8999999999942,0.0,3.9038
26,Rest,263.0,0.0,3.9038
26,Rest,263.1000000000058,0.0,3.9039
26,Rest,263.19999999998254,0.0,3.9039
26,Rest,263.29999999998836,0.0,3.9039
26,Rest,263.3999999999942,0.0,3.9039
26,Rest,263.5,0.0,3.9039
26,Rest,263.6000000000058,0.0,3.9039
26,Rest,263.70000000001164,0.0,3.9039
26,Rest,263.79999999998836,0.0,3.904
26,Rest,263.8999999999942,0.0,3.904
26,Rest,264.0,0.0,3.904
26,Rest,264.1000000000058,0.0,3.904
26,Rest,264.19999999998254,0.0,3.904
26,Rest,264.29999999998836,0.0,3.904
26,Rest,264.3999999999942,0.0,3.904
26,Rest,264.5,0.0,3.9041
26,Rest,264.6000000000058,0.0,3.9041
26,Rest,264.70000000001164,0.0,3.904
26,Rest,264.79999999998836,0.0,3.9041
26,Rest,264.8999999999942,0.0,3.9041
26,Rest,265.0,0.0,3.9041
26,Rest,265.1000000000058,0.0,3.9041
26,Rest,265.19999999998254,0.0,3.9041
26,Rest,265.29999999998836,0.0,3.9042
26,Rest,265.3999999999942,0.0,3.9042
26,Rest,265.5,0.0,3.9042
26,Rest,265.6000000000058,0.0,3.9042
26,Rest,265.70000000001164,0.0,3.9042
26,Rest,265.79999999998836,0.0,3.9042
26,Rest,265.8999999999942,0.0,3.9042
26,Rest,266.0,0.0,3.9042
26,Rest,266.1000000000058,0.0,3.9042
26,Rest,266.19999999998254,0.0,3.9042
26,Rest,266.29999999998836,0.0,3.9042
26,Rest,266.3999999999942,0.0,3.9043
26,Rest,266.5,0.0,3.9043
26,Rest,266.6000000000058,0.0,3.9043
26,Rest,266.70000000001164,0.0,3.9043
26,Rest,266.79999999998836,0.0,3.9043
26,Rest,266.8999999999942,0.0,3.9043
26,Rest,267.0,0.0,3.9043
26,Rest,267.1000000000058,0.0,3.9043
26,Rest,267.19999999998254,0.0,3.9043
26,Rest,267.29999999998836,0.0,3.9043
26,Rest,267.3999999999942,0.0,3.9044
26,Rest,267.5,0.0,3.9044
26,Rest,267.6000000000058,0.0,3.9044
26,Rest,267.70000000001164,0.0,3.9044
26,Rest,267.79999999998836,0.0,3.9044
26,Rest,267.8999999999942,0.0,3.9045
26,Rest,268.0,0.0,3.9045
26,Rest,268.1000000000058,0.0,3.9045
26,Rest,268.19999999998254,0.0,3.9045
26,Rest,268.29999999998836,0.0,3.9045
26,Rest,268.3999999999942,0.0,3.9045
26,Rest,268.5,0.0,3.9045
26,Rest,268.6000000000058,0.0,3.9045
26,Rest,268.70000000001164,0.0,3.9045
26,Rest,268.79999999998836,0.0,3.9045
26,Rest,268.8999999999942,0.0,3.9045
26,Rest,269.0,0.0,3.9045
26,Rest,269.1000000000058,0.0,3.9046
26,Rest,269.19999999998254,0.0,3.9046
26,Rest,269.29999999998836,0.0,3.9046
26,Rest,269.3999999999942,0.0,3.9046
26,Rest,269.5,0.0,3.9046
26,Rest,269.6000000000058,0.0,3.9046
26,Rest,269.70000000001164,0.0,3.9046
26,Rest,269.79999999998836,0.0,3.9046
26,Rest,269.8999999999942,0.0,3.9047
26,Rest,270.0,0.0,3.9047
26,Rest,270.1000000000058,0.0,3.9047
26,Rest,270.19999999998254,0.0,3.9047
26,Rest,270.29999999998836,0.0,3.9047
26,Rest,270.3999999999942,0.0,3.9047
26,Rest,270.5,0.0,3.9047
26,Rest,270.6000000000058,0.0,3.9047
26,Rest,270.70000000001164,0.0,3.9047
26,Rest,270.79999999998836,0.0,3.9047
26,Rest,270.8999999999942,0.0,3.9047
26,Rest,271.0,0.0,3.9047
26,Rest,271.1000000000058,0.0,3.9048
26,Rest,271.19999999998254,0.0,3.9048
26,Rest,271.29999999998836,0.0,3.9048
26,Rest,271.3999999999942,0.0,3.9048
26,Rest,271.5,0.0,3.9049
26,Rest,271.6000000000058,0.0,3.9049
26,Rest,271.70000000001164,0.0,3.9049
26,Rest,271.79999999998836,0.0,3.9049
26,Rest,271.8999999999942,0.0,3.9049
26,Rest,272.0,0.0,3.9049
26,Rest,272.1000000000058,0.0,3.9049
26,Rest,272.19999999998254,0.0,3.905
26,Rest,272.29999999998836,0.0,3.905
26,Rest,272.3999999999942,0.0,3.905
26,Rest,272.5,0.0,3.9049
26,Rest,272.6000000000058,0.0,3.905
26,Rest,272.70000000001164,0.0,3.905
26,Rest,272.79999999998836,0.0,3.905
26,Rest,272.8999999999942,0.0,3.905
26,Rest,273.0,0.0,3.905
26,Rest,273.1000000000058,0.0,3.905
26,Rest,273.19999999998254,0.0,3.905
26,Rest,273.29999999998836,0.0,3.905
26,Rest,273.3999999999942,0.0,3.9051
26,Rest,273.5,0.0,3.9051
26,Rest,273.6000000000058,0.0,3.905
26,Rest,273.70000000001164,0.0,3.9051
26,Rest,273.79999999998836,0.0,3.9051
26,Rest,273.8999999999942,0.0,3.9051
26,Rest,274.0,0.0,3.9052
26,Rest,274.1000000000058,0.0,3.9052
26,Rest,274.19999999998254,0.0,3.9052
26,Rest,274.29999999998836,0.0,3.9052
26,Rest,274.3999999999942,0.0,3.9052
26,Rest,274.5,0.0,3.9052
26,Rest,274.6000000000058,0.0,3.9052
26,Rest,274.70000000001164,0.0,3.9052
26,Rest,274.79999999998836,0.0,3.9052
26,Rest,274.8999999999942,0.0,3.9052
26,Rest,275.0,0.0,3.9053
26,Rest,275.1000000000058,0.0,3.9053
26,Rest,275.19999999998254,0.0,3.9053
26,Rest,275.29999999998836,0.0,3.9053
26,Rest,275.3999999999942,0.0,3.9053
26,Rest,275.5,0.0,3.9053
26,Rest,275.6000000000058,0.0,3.9053
26,Rest,275.70000000001164,0.0,3.9053
26,Rest,275.79999999998836,0.0,3.9053
26,Rest,275.8999999999942,0.0,3.9054
26,Rest,276.0,0.0,3.9054
26,Rest,276.1000000000058,0.0,3.9054
26,Rest,276.19999999998254,0.0,3.9054
26,Rest,276.29999999998836,0.0,3.9054
26,Rest,276.3999999999942,0.0,3.9054
26,Rest,276.5,0.0,3.9054
26,Rest,276.6000000000058,0.0,3.9054
26,Rest,276.70000000001164,0.0,3.9054
26,Rest,276.79999999998836,0.0,3.9054
26,Rest,276.8999999999942,0.0,3.9054
26,Rest,277.0,0.0,3.9054
26,Rest,277.1000000000058,0.0,3.9055
26,Rest,277.19999999998254,0.0,3.9055
26,Rest,277.29999999998836,0.0,3.9055
26,Rest,277.3999999999942,0.0,3.9055
26,Rest,277.5,0.0,3.9055
26,Rest,277.6000000000058,0.0,3.9055
26,Rest,277.70000000001164,0.0,3.9055
26,Rest,277.79999999998836,0.0,3.9055
26,Rest,277.8999999999942,0.0,3.9055
26,Rest,278.0,0.0,3.9056
26,Rest,278.1000000000058,0.0,3.9056
26,Rest,278.19999999998254,0.0,3.9056
26,Rest,278.29999999998836,0.0,3.9056
26,Rest,278.3999999999942,0.0,3.9056
26,Rest,278.5,0.0,3.9057
26,Rest,278.6000000000058,0.0,3.9057
26,Rest,278.70000000001164,0.0,3.9057
26,Rest,278.79999999998836,0.0,3.9057
26,Rest,278.8999999999942,0.0,3.9057
26,Rest,279.0,0.0,3.9057
26,Rest,279.1000000000058,0.0,3.9057
26,Rest,279.19999999998254,0.0,3.9057
26,Rest,279.29999999998836,0.0,3.9057
26,Rest,279.3999999999942,0.0,3.9057
26,Rest,279.5,0.0,3.9058
26,Rest,279.6000000000058,0.0,3.9058
26,Rest,279.70000000001164,0.0,3.9058
26,Rest,279.79999999998836,0.0,3.9058
26,Rest,279.8999999999942,0.0,3.9058
26,Rest,280.0,0.0,3.9058
26,Rest,280.1000000000058,0.0,3.9059
26,Rest,280.19999999998254,0.0,3.9058
26,Rest,280.29999999998836,0.0,3.9058
26,Rest,280.3999999999942,0.0,3.9058
26,Rest,280.5,0.0,3.9059
26,Rest,280.6000000000058,0.0,3.9059
26,Rest,280.70000000001164,0.0,3.9059
26,Rest,280.79999999998836,0.0,3.9059
26,Rest,280.8999999999942,0.0,3.9059
26,Rest,281.0,0.0,3.9059
26,Rest,281.1000000000058,0.0,3.9059
26,Rest,281.19999999998254,0.0,3.906
26,Rest,281.29999999998836,0.0,3.906
26,Rest,281.3999999999942,0.0,3.906
26,Rest,281.5,0.0,3.906
26,Rest,281.6000000000058,0.0,3.906
26,Rest,281.70000000001164,0.0,3.906
26,Rest,281.79999999998836,0.0,3.906
26,Rest,281.8999999999942,0.0,3.906
26,Rest,282.0,0.0,3.906
26,Rest,282.1000000000058,0.0,3.9061
26,Rest,282.19999999998254,0.0,3.9061
26,Rest,282.29999999998836,0.0,3.9061
26,Rest,282.3999999999942,0.0,3.9061
26,Rest,282.5,0.0,3.9061
26,Rest,282.6000000000058,0.0,3.9061
26,Rest,282.70000000001164,0.0,3.9061
26,Rest,282.79999999998836,0.0,3.9061
26,Rest,282.8999999999942,0.0,3.9061
26,Rest,283.0,0.0,3.9061
26,Rest,283.1000000000058,0.0,3.9062
26,Rest,283.19999999998254,0.0,3.9062
26,Rest,283.29999999998836,0.0,3.9062
26,Rest,283.3999999999942,0.0,3.9062
26,Rest,283.5,0.0,3.9062
26,Rest,283.6000000000058,0.0,3.9063
26,Rest,283.70000000001164,0.0,3.9062
26,Rest,283.79999999998836,0.0,3.9062
26,Rest,283.8999999999942,0.0,3.9062
26,Rest,284.0,0.0,3.9062
26,Rest,284.1000000000058,0.0,3.9063
26,Rest,284.19999999998254,0.0,3.9063
26,Rest,284.29999999998836,0.0,3.9063
26,Rest,284.3999999999942,0.0,3.9063
26,Rest,284.5,0.0,3.9063
26,Rest,284.6000000000058,0.0,3.9063
26,Rest,284.70000000001164,0.0,3.9063
26,Rest,284.79999999998836,0.0,3.9063
26,Rest,284.8999999999942,0.0,3.9063
26,Rest,285.0,0.0,3.9063
26,Rest,285.1000000000058,0.0,3.9063
26,Rest,285.19999999998254,0.0,3.9063
26,Rest,285.29999999998836,0.0,3.9063
26,Rest,285.3999999999942,0.0,3.9064
26,Rest,285.5,0.0,3.9064
26,Rest,285.6000000000058,0.0,3.9064
26,Rest,285.70000000001164,0.0,3.9064
26,Rest,285.79999999998836,0.0,3.9064
26,Rest,285.8999999999942,0.0,3.9064
26,Rest,286.0,0.0,3.9064
26,Rest,286.1000000000058,0.0,3.9065
26,Rest,286.19999999998254,0.0,3.9064
26,Rest,286.29999999998836,0.0,3.9064
26,Rest,286.3999999999942,0.0,3.9065
26,Rest,286.5,0.0,3.9065
26,Rest,286.6000000000058,0.0,3.9065
26,Rest,286.70000000001164,0.0,3.9065
26,Rest,286.79999999998836,0.0,3.9065
26,Rest,286.8999999999942,0.0,3.9065
26,Rest,287.0,0.0,3.9065
26,Rest,287.1000000000058,0.0,3.9065
26,Rest,287.19999999998254,0.0,3.9066
26,Rest,287.29999999998836,0.0,3.9066
26,Rest,287.3999999999942,0.0,3.9066
26,Rest,287.5,0.0,3.9066
26,Rest,287.6000000000058,0.0,3.9066
26,Rest,287.70000000001164,0.0,3.9066
26,Rest,287.79999999998836,0.0,3.9066
26,Rest,287.8999999999942,0.0,3.9066
26,Rest,288.0,0.0,3.9067
26,Rest,288.1000000000058,0.0,3.9067
26,Rest,288.19999999998254,0.0,3.9067
26,Rest,288.29999999998836,0.0,3.9067
26,Rest,288.3999999999942,0.0,3.9067
26,Rest,288.5,0.0,3.9067
26,Rest,288.6000000000058,0.0,3.9067
26,Rest,288.70000000001164,0.0,3.9067
26,Rest,288.79999999998836,0.0,3.9068
26,Rest,288.8999999999942,0.0,3.9068
26,Rest,289.0,0.0,3.9067
26,Rest,289.1000000000058,0.0,3.9068
26,Rest,289.19999999998254,0.0,3.9068
26,Rest,289.29999999998836,0.0,3.9068
26,Rest,289.3999999999942,0.0,3.9068
26,Rest,289.5,0.0,3.9068
26,Rest,289.6000000000058,0.0,3.9068
26,Rest,289.70000000001164,0.0,3.9068
26,Rest,289.79999999998836,0.0,3.9068
26,Rest,289.8999999999942,0.0,3.9068
26,Rest,290.0,0.0,3.9068
26,Rest,290.1000000000058,0.0,3.9068
26,Rest,290.19999999998254,0.0,3.9069
26,Rest,290.29999999998836,0.0,3.9069
26,Rest,290.3999999999942,0.0,3.9069
26,Rest,290.5,0.0,3.9069
26,Rest,290.6000000000058,0.0,3.9069
26,Rest,290.70000000001164,0.0,3.9069
26,Rest,290.79999999998836,0.0,3.9069
26,Rest,290.8999999999942,0.0,3.9069
26,Rest,291.0,0.0,3.907
26,Rest,291.1000000000058,0.0,3.907
26,Rest,291.19999999998254,0.0,3.907
26,Rest,291.29999999998836,0.0,3.907
26,Rest,291.3999999999942,0.0,3.907
26,Rest,291.5,0.0,3.907
26,Rest,291.6000000000058,0.0,3.907
26,Rest,291.70000000001164,0.0,3.907
26,Rest,291.79999999998836,0.0,3.907
26,Rest,291.8999999999942,0.0,3.907
26,Rest,292.0,0.0,3.9071
26,Rest,292.1000000000058,0.0,3.9071
26,Rest,292.19999999998254,0.0,3.9071
26,Rest,292.29999999998836,0.0,3.9071
26,Rest,292.3999999999942,0.0,3.9071
26,Rest,292.5,0.0,3.9071
26,Rest,292.6000000000058,0.0,3.9071
26,Rest,292.70000000001164,0.0,3.9071
26,Rest,292.79999999998836,0.0,3.9072
26,Rest,292.8999999999942,0.0,3.9072
26,Rest,293.0,0.0,3.9072
26,Rest,293.1000000000058,0.0,3.9072
26,Rest,293.19999999998254,0.0,3.9072
26,Rest,293.29999999998836,0.0,3.9072
26,Rest,293.3999999999942,0.0,3.9072
26,Rest,293.5,0.0,3.9072
26,Rest,293.6000000000058,0.0,3.9072
26,Rest,293.70000000001164,0.0,3.9072
26,Rest,293.79999999998836,0.0,3.9072
26,Rest,293.8999999999942,0.0,3.9073
26,Rest,294.0,0.0,3.9073
26,Rest,294.1000000000058,0.0,3.9073
26,Rest,294.19999999998254,0.0,3.9073
26,Rest,294.29999999998836,0.0,3.9073
26,Rest,294.3999999999942,0.0,3.9073
26,Rest,294.5,0.0,3.9073
26,Rest,294.6000000000058,0.0,3.9073
26,Rest,294.70000000001164,0.0,3.9074
26,Rest,294.79999999998836,0.0,3.9074
26,Rest,294.8999999999942,0.0,3.9074
26,Rest,295.0,0.0,3.9073
26,Rest,295.1000000000058,0.0,3.9074
26,Rest,295.19999999998254,0.0,3.9074
26,Rest,295.29999999998836,0.0,3.9074
26,Rest,295.3999999999942,0.0,3.9074
26,Rest,295.5,0.0,3.9074
26,Rest,295.6000000000058,0.0,3.9074
26,Rest,295.70000000001164,0.0,3.9074
26,Rest,295.79999999998836,0.0,3.9074
26,Rest,295.8999999999942,0.0,3.9074
26,Rest,296.0,0.0,3.9074
26,Rest,296.1000000000058,0.0,3.9075
26,Rest,296.19999999998254,0.0,3.9075
26,Rest,296.29999999998836,0.0,3.9074
26,Rest,296.3999999999942,0.0,3.9075
26,Rest,296.5,0.0,3.9075
26,Rest,296.6000000000058,0.0,3.9076
26,Rest,296.70000000001164,0.0,3.9075
26,Rest,296.79999999998836,0.0,3.9075
26,Rest,296.8999999999942,0.0,3.9075
26,Rest,297.0,0.0,3.9076
26,Rest,297.1000000000058,0.0,3.9076
26,Rest,297.19999999998254,0.0,3.9076
26,Rest,297.29999999998836,0.0,3.9076
26,Rest,297.3999999999942,0.0,3.9076
26,Rest,297.5,0.0,3.9076
26,Rest,297.6000000000058,0.0,3.9076
26,Rest,297.70000000001164,0.0,3.9076
26,Rest,297.79999999998836,0.0,3.9077
26,Rest,297.8999999999942,0.0,3.9077
26,Rest,298.0,0.0,3.9077
26,Rest,298.1000000000058,0.0,3.9077
26,Rest,298.19999999998254,0.0,3.9077
26,Rest,298.29999999998836,0.0,3.9077
26,Rest,298.3999999999942,0.0,3.9077
26,Rest,298.5,0.0,3.9077
26,Rest,298.6000000000058,0.0,3.9077
26,Rest,298.70000000001164,0.0,3.9077
26,Rest,298.79999999998836,0.0,3.9077
26,Rest,298.8999999999942,0.0,3.9078
26,Rest,299.0,0.0,3.9078
26,Rest,299.1000000000058,0.0,3.9077
26,Rest,299.19999999998254,0.0,3.9078
26,Rest,299.29999999998836,0.0,3.9078
26,Rest,299.3999999999942,0.0,3.9078
26,Rest,299.5,0.0,3.9078
26,Rest,299.6000000000058,0.0,3.9078
26,Rest,299.70000000001164,0.0,3.9078
26,Rest,299.79999999998836,0.0,3.9078
26,Rest,299.8999999999942,0.0,3.9079
26,Rest,300.0,0.0,3.9079
26,Rest,300.1000000000058,0.0,3.9078
26,Rest,300.19999999998254,0.0,3.9078
26,Rest,300.29999999998836,0.0,3.9079
26,Rest,300.3999999999942,0.0,3.9079
26,Rest,300.5,0.0,3.9079
26,Rest,300.6000000000058,0.0,3.9079
26,Rest,300.70000000001164,0.0,3.9079
26,Rest,300.79999999998836,0.0,3.9079
26,Rest,300.8999999999942,0.0,3.908
26,Rest,301.0,0.0,3.908
26,Rest,301.1000000000058,0.0,3.908
26,Rest,301.19999999998254,0.0,3.908
26,Rest,301.29999999998836,0.0,3.908
26,Rest,301.3999999999942,0.0,3.908
26,Rest,301.5,0.0,3.908
26,Rest,301.6000000000058,0.0,3.908
26,Rest,301.70000000001164,0.0,3.908
26,Rest,301.79999999998836,0.0,3.908
26,Rest,301.8999999999942,0.0,3.908
26,Rest,302.0,0.0,3.9081
26,Rest,302.1000000000058,0.0,3.9081
26,Rest,302.19999999998254,0.0,3.9081
26,Rest,302.29999999998836,0.0,3.9081
26,Rest,302.3999999999942,0.0,3.9081
26,Rest,302.5,0.0,3.9081
26,Rest,302.6000000000058,0.0,3.9081
26,Rest,302.70000000001164,0.0,3.9081
26,Rest,302.79999999998836,0.0,3.9082
26,Rest,302.8999999999942,0.0,3.9081
26,Rest,303.0,0.0,3.9081
26,Rest,303.1000000000058,0.0,3.9082
26,Rest,303.19999999998254,0.0,3.9082
26,Rest,303.29999999998836,0.0,3.9082
26,Rest,303.3999999999942,0.0,3.9082
26,Rest,303.5,0.0,3.9082
26,Rest,303.6000000000058,0.0,3.9082
26,Rest,303.70000000001164,0.0,3.9082
26,Rest,303.79999999998836,0.0,3.9082
26,Rest,303.8999999999942,0.0,3.9082
26,Rest,304.0,0.0,3.9083
26,Rest,304.1000000000058,0.0,3.9083
26,Rest,304.19999999998254,0.0,3.9083
26,Rest,304.29999999998836,0.0,3.9083
26,Rest,304.3999999999942,0.0,3.9083
26,Rest,304.5,0.0,3.9083
26,Rest,304.6000000000058,0.0,3.9083
26,Rest,304.70000000001164,0.0,3.9083
26,Rest,304.79999999998836,0.0,3.9083
26,Rest,304.8999999999942,0.0,3.9084
26,Rest,305.0,0.0,3.9084
26,Rest,305.1000000000058,0.0,3.9084
26,Rest,305.19999999998254,0.0,3.9084
26,Rest,305.29999999998836,0.0,3.9084
26,Rest,305.3999999999942,0.0,3.9084
26,Rest,305.5,0.0,3.9084
26,Rest,305.6000000000058,0.0,3.9084
26,Rest,305.70000000001164,0.0,3.9084
26,Rest,305.79999999998836,0.0,3.9084
26,Rest,305.8999999999942,0.0,3.9084
26,Rest,306.0,0.0,3.9084
26,Rest,306.1000000000058,0.0,3.9084
26,Rest,306.19999999998254,0.0,3.9084
26,Rest,306.29999999998836,0.0,3.9085
26,Rest,306.3999999999942,0.0,3.9084
26,Rest,306.5,0.0,3.9084
26,Rest,306.6000000000058,0.0,3.9085
26,Rest,306.70000000001164,0.0,3.9085
26,Rest,306.79999999998836,0.0,3.9085
26,Rest,306.8999999999942,0.0,3.9085
26,Rest,307.0,0.0,3.9085
26,Rest,307.1000000000058,0.0,3.9085
26,Rest,307.19999999998254,0.0,3.9085
26,Rest,307.29999999998836,0.0,3.9086
26,Rest,307.3999999999942,0.0,3.9086
26,Rest,307.5,0.0,3.9086
26,Rest,307.6000000000058,0.0,3.9086
26,Rest,307.70000000001164,0.0,3.9086
26,Rest,307.79999999998836,0.0,3.9086
26,Rest,307.8999999999942,0.0,3.9086
26,Rest,308.0,0.0,3.9086
26,Rest,308.1000000000058,0.0,3.9086
26,Rest,308.19999999998254,0.0,3.9086
26,Rest,308.29999999998836,0.0,3.9086
26,Rest,308.3999999999942,0.0,3.9087
26,Rest,308.5,0.0,3.9087
26,Rest,308.6000000000058,0.0,3.9087
26,Rest,308.70000000001164,0.0,3.9087
26,Rest,308.79999999998836,0.0,3.9087
26,Rest,308.8999999999942,0.0,3.9087
26,Rest,309.0,0.0,3.9087
26,Rest,309.1000000000058,0.0,3.9087
26,Rest,309.19999999998254,0.0,3.9087
26,Rest,309.29999999998836,0.0,3.9087
26,Rest,309.3999999999942,0.0,3.9087
26,Rest,309.5,0.0,3.9087
26,Rest,309.6000000000058,0.0,3.9087
26,Rest,309.70000000001164,0.0,3.9087
26,Rest,309.79999999998836,0.0,3.9088
26,Rest,309.8999999999942,0.0,3.9088
26,Rest,310.0,0.0,3.9088
26,Rest,310.1000000000058,0.0,3.9088
26,Rest,310.19999999998254,0.0,3.9088
26,Rest,310.29999999998836,0.0,3.9088
26,Rest,310.3999999999942,0.0,3.9088
26,Rest,310.5,0.0,3.9088
26,Rest,310.6000000000058,0.0,3.9088
26,Rest,310.70000000001164,0.0,3.9088
26,Rest,310.79999999998836,0.0,3.9089
26,Rest,310.8999999999942,0.0,3.9089
26,Rest,311.0,0.0,3.9088
26,Rest,311.1000000000058,0.0,3.9089
26,Rest,311.19999999998254,0.0,3.9089
26,Rest,311.29999999998836,0.0,3.9089
26,Rest,311.3999999999942,0.0,3.9089
26,Rest,311.5,0.0,3.9089
26,Rest,311.6000000000058,0.0,3.909
26,Rest,311.70000000001164,0.0,3.909
26,Rest,311.79999999998836,0.0,3.909
26,Rest,311.8999999999942,0.0,3.909
26,Rest,312.0,0.0,3.9089
26,Rest,312.1000000000058,0.0,3.9089
26,Rest,312.19999999998254,0.0,3.909
26,Rest,312.29999999998836,0.0,3.909
26,Rest,312.3999999999942,0.0,3.909
26,Rest,312.5,0.0,3.909
26,Rest,312.6000000000058,0.0,3.909
26,Rest,312.70000000001164,0.0,3.909
26,Rest,312.79999999998836,0.0,3.909
26,Rest,312.8999999999942,0.0,3.909
26,Rest,313.0,0.0,3.9091
26,Rest,313.1000000000058,0.0,3.909
26,Rest,313.19999999998254,0.0,3.909
26,Rest,313.29999999998836,0.0,3.909
26,Rest,313.3999999999942,0.0,3.9091
26,Rest,313.5,0.0,3.9091
26,Rest,313.6000000000058,0.0,3.9091
26,Rest,313.70000000001164,0.0,3.9091
26,Rest,313.79999999998836,0.0,3.9091
26,Rest,313.8999999999942,0.0,3.9091
26,Rest,314.0,0.0,3.9091
26,Rest,314.1000000000058,0.0,3.9091
26,Rest,314.19999999998254,0.0,3.9092
26,Rest,314.29999999998836,0.0,3.9091
26,Rest,314.3999999999942,0.0,3.9091
26,Rest,314.5,0.0,3.9092
26,Rest,314.6000000000058,0.0,3.9092
26,Rest,314.70000000001164,0.0,3.9092
26,Rest,314.79999999998836,0.0,3.9092
26,Rest,314.8999999999942,0.0,3.9092
26,Rest,315.0,0.0,3.9092
26,Rest,315.1000000000058,0.0,3.9092
26,Rest,315.19999999998254,0.0,3.9092
26,Rest,315.29999999998836,0.0,3.9092
26,Rest,315.3999999999942,0.0,3.9092
26,Rest,315.5,0.0,3.9093
26,Rest,315.6000000000058,0.0,3.9093
26,Rest,315.70000000001164,0.0,3.9093
26,Rest,315.79999999998836,0.0,3.9093
26,Rest,315.8999999999942,0.0,3.9093
26,Rest,316.0,0.0,3.9093
26,Rest,316.1000000000058,0.0,3.9093
26,Rest,316.19999999998254,0.0,3.9093
26,Rest,316.29999999998836,0.0,3.9094
26,Rest,316.3999999999942,0.0,3.9093
26,Rest,316.5,0.0,3.9094
26,Rest,316.6000000000058,0.0,3.9094
26,Rest,316.70000000001164,0.0,3.9094
26,Rest,316.79999999998836,0.0,3.9094
26,Rest,316.8999999999942,0.0,3.9094
26,Rest,317.0,0.0,3.9094
26,Rest,317.1000000000058,0.0,3.9094
26,Rest,317.19999999998254,0.0,3.9094
26,Rest,317.29999999998836,0.0,3.9094
26,Rest,317.3999999999942,0.0,3.9094
26,Rest,317.5,0.0,3.9095
26,Rest,317.6000000000058,0.0,3.9095
26,Rest,317.70000000001164,0.0,3.9095
26,Rest,317.79999999998836,0.0,3.9095
26,Rest,317.8999999999942,0.0,3.9094
26,Rest,318.0,0.0,3.9094
26,Rest,318.1000000000058,0.0,3.9095
26,Rest,318.19999999998254,0.0,3.9095
26,Rest,318.29999999998836,0.0,3.9095
26,Rest,318.3999999999942,0.0,3.9095
26,Rest,318.5,0.0,3.9095
26,Rest,318.6000000000058,0.0,3.9095
26,Rest,318.70000000001164,0.0,3.9095
26,Rest,318.79999999998836,0.0,3.9095
26,Rest,318.8999999999942,0.0,3.9096
26,Rest,319.0,0.0,3.9096
26,Rest,319.1000000000058,0.0,3.9096
26,Rest,319.19999999998254,0.0,3.9096
26,Rest,319.29999999998836,0.0,3.9095
26,Rest,319.3999999999942,0.0,3.9096
26,Rest,319.5,0.0,3.9096
26,Rest,319.6000000000058,0.0,3.9096
26,Rest,319.70000000001164,0.0,3.9096
26,Rest,319.79999999998836,0.0,3.9096
26,Rest,319.8999999999942,0.0,3.9096
26,Rest,320.0,0.0,3.9096
26,Rest,320.1000000000058,0.0,3.9096
26,Rest,320.19999999998254,0.0,3.9097
26,Rest,320.29999999998836,0.0,3.9097
26,Rest,320.3999999999942,0.0,3.9097
26,Rest,320.5,0.0,3.9097
26,Rest,320.6000000000058,0.0,3.9097
26,Rest,320.70000000001164,0.0,3.9097
26,Rest,320.79999999998836,0.0,3.9097
26,Rest,320.8999999999942,0.0,3.9097
26,Rest,321.0,0.0,3.9097
26,Rest,321.1000000000058,0.0,3.9097
26,Rest,321.19999999998254,0.0,3.9097
26,Rest,321.29999999998836,0.0,3.9097
26,Rest,321.3999999999942,0.0,3.9098
26,Rest,321.5,0.0,3.9098
26,Rest,321.6000000000058,0.0,3.9098
26,Rest,321.70000000001164,0.0,3.9098
26,Rest,321.79999999998836,0.0,3.9098
26,Rest,321.8999999999942,0.0,3.9098
26,Rest,322.0,0.0,3.9098
26,Rest,322.1000000000058,0.0,3.9098
26,Rest,322.19999999998254,0.0,3.9098
26,Rest,322.29999999998836,0.0,3.9098
26,Rest,322.3999999999942,0.0,3.9098
26,Rest,322.5,0.0,3.9098
26,Rest,322.6000000000058,0.0,3.9098
26,Rest,322.70000000001164,0.0,3.9099
26,Rest,322.79999999998836,0.0,3.9099
26,Rest,322.8999999999942,0.0,3.9099
26,Rest,323.0,0.0,3.9099
26,Rest,323.1000000000058,0.0,3.9099
26,Rest,323.19999999998254,0.0,3.9099
26,Rest,323.29999999998836,0.0,3.9099
26,Rest,323.3999999999942,0.0,3.9099
26,Rest,323.5,0.0,3.9099
26,Rest,323.6000000000058,0.0,3.9099
26,Rest,323.70000000001164,0.0,3.9099
26,Rest,323.79999999998836,0.0,3.9099
26,Rest,323.8999999999942,0.0,3.9099
26,Rest,324.0,0.0,3.91
26,Rest,324.1000000000058,0.0,3.91
26,Rest,324.19999999998254,0.0,3.91
26,Rest,324.29999999998836,0.0,3.91
26,Rest,324.3999999999942,0.0,3.91
26,Rest,324.5,0.0,3.91
26,Rest,324.6000000000058,0.0,3.91
26,Rest,324.70000000001164,0.0,3.91
26,Rest,324.79999999998836,0.0,3.91
26,Rest,324.8999999999942,0.0,3.91
26,Rest,325.0,0.0,3.91
26,Rest,325.1000000000058,0.0,3.91
26,Rest,325.19999999998254,0.0,3.9101
26,Rest,325.29999999998836,0.0,3.9101
26,Rest,325.3999999999942,0.0,3.9101
26,Rest,325.5,0.0,3.9101
26,Rest,325.6000000000058,0.0,3.9101
26,Rest,325.70000000001164,0.0,3.9101
26,Rest,325.79999999998836,0.0,3.9101
26,Rest,325.8999999999942,0.0,3.9101
26,Rest,326.0,0.0,3.9101
26,Rest,326.1000000000058,0.0,3.9101
26,Rest,326.19999999998254,0.0,3.9101
26,Rest,326.29999999998836,0.0,3.9101
26,Rest,326.3999999999942,0.0,3.9101
26,Rest,326.5,0.0,3.9102
26,Rest,326.6000000000058,0.0,3.9102
26,Rest,326.70000000001164,0.0,3.9102
26,Rest,326.79999999998836,0.0,3.9102
26,Rest,326.8999999999942,0.0,3.9102
26,Rest,327.0,0.0,3.9102
26,Rest,327.1000000000058,0.0,3.9102
26,Rest,327.19999999998254,0.0,3.9102
26,Rest,327.29999999998836,0.0,3.9102
26,Rest,327.3999999999942,0.0,3.9103
26,Rest,327.5,0.0,3.9102
26,Rest,327.6000000000058,0.0,3.9103
26,Rest,327.70000000001164,0.0,3.9103
26,Rest,327.79999999998836,0.0,3.9103
26,Rest,327.8999999999942,0.0,3.9103
26,Rest,328.0,0.0,3.9103
26,Rest,328.1000000000058,0.0,3.9103
26,Rest,328.19999999998254,0.0,3.9103
26,Rest,328.29999999998836,0.0,3.9103
26,Rest,328.3999999999942,0.0,3.9103
26,Rest,328.5,0.0,3.9103
26,Rest,328.6000000000058,0.0,3.9103
26,Rest,328.70000000001164,0.0,3.9104
26,Rest,328.79999999998836,0.0,3.9104
26,Rest,328.8999999999942,0.0,3.9104
26,Rest,329.0,0.0,3.9104
26,Rest,329.1000000000058,0.0,3.9104
26,Rest,329.19999999998254,0.0,3.9104
26,Rest,329.29999999998836,0.0,3.9104
26,Rest,329.3999999999942,0.0,3.9104
26,Rest,329.5,0.0,3.9104
26,Rest,329.6000000000058,0.0,3.9105
26,Rest,329.70000000001164,0.0,3.9105
26,Rest,329.79999999998836,0.0,3.9104
26,Rest,329.8999999999942,0.0,3.9104
26,Rest,330.0,0.0,3.9104
26,Rest,330.1000000000058,0.0,3.9105
26,Rest,330.19999999998254,0.0,3.9105
26,Rest,330.29999999998836,0.0,3.9105
26,Rest,330.3999999999942,0.0,3.9105
26,Rest,330.5,0.0,3.9105
26,Rest,330.6000000000058,0.0,3.9105
26,Rest,330.70000000001164,0.0,3.9105
26,Rest,330.79999999998836,0.0,3.9105
26,Rest,330.8999999999942,0.0,3.9105
26,Rest,331.0,0.0,3.9105
26,Rest,331.1000000000058,0.0,3.9106
26,Rest,331.19999999998254,0.0,3.9105
26,Rest,331.29999999998836,0.0,3.9106
26,Rest,331.3999999999942,0.0,3.9106
26,Rest,331.5,0.0,3.9106
26,Rest,331.6000000000058,0.0,3.9106
26,Rest,331.70000000001164,0.0,3.9106
26,Rest,331.79999999998836,0.0,3.9106
26,Rest,331.8999999999942,0.0,3.9106
26,Rest,332.0,0.0,3.9106
26,Rest,332.1000000000058,0.0,3.9106
26,Rest,332.19999999998254,0.0,3.9106
26,Rest,332.29999999998836,0.0,3.9106
26,Rest,332.3999999999942,0.0,3.9106
26,Rest,332.5,0.0,3.9106
26,Rest,332.6000000000058,0.0,3.9107
26,Rest,332.70000000001164,0.0,3.9107
26,Rest,332.79999999998836,0.0,3.9107
26,Rest,332.8999999999942,0.0,3.9107
26,Rest,333.0,0.0,3.9108
26,Rest,333.1000000000058,0.0,3.9107
26,Rest,333.19999999998254,0.0,3.9107
26,Rest,333.29999999998836,0.0,3.9107
26,Rest,333.3999999999942,0.0,3.9107
26,Rest,333.5,0.0,3.9108
26,Rest,333.6000000000058,0.0,3.9108
26,Rest,333.70000000001164,0.0,3.9108
26,Rest,333.79999999998836,0.0,3.9108
26,Rest,333.8999999999942,0.0,3.9108
26,Rest,334.0,0.0,3.9108
26,Rest,334.1000000000058,0.0,3.9108
26,Rest,334.19999999998254,0.0,3.9108
26,Rest,334.29999999998836,0.0,3.9108
26,Rest,334.3999999999942,0.0,3.9108
26,Rest,334.5,0.0,3.9108
26,Rest,334.6000000000058,0.0,3.9108
26,Rest,334.70000000001164,0.0,3.9108
26,Rest,334.79999999998836,0.0,3.9109
26,Rest,334.8999999999942,0.0,3.9109
26,Rest,335.0,0.0,3.9109
26,Rest,335.1000000000058,0.0,3.9108
26,Rest,335.19999999998254,0.0,3.9109
26,Rest,335.29999999998836,0.0,3.9109
26,Rest,335.3999999999942,0.0,3.9109
26,Rest,335.5,0.0,3.9109
26,Rest,335.6000000000058,0.0,3.9109
26,Rest,335.70000000001164,0.0,3.9109
26,Rest,335.79999999998836,0.0,3.9109
26,Rest,335.8999999999942,0.0,3.9109
26,Rest,336.0,0.0,3.9109
26,Rest,336.1000000000058,0.0,3.9109
26,Rest,336.19999999998254,0.0,3.9109
26,Rest,336.29999999998836,0.0,3.9109
26,Rest,336.3999999999942,0.0,3.911
26,Rest,336.5,0.0,3.9109
26,Rest,336.6000000000058,0.0,3.911
26,Rest,336.70000000001164,0.0,3.911
26,Rest,336.79999999998836,0.0,3.911
26,Rest,336.8999999999942,0.0,3.911
26,Rest,337.0,0.0,3.911
26,Rest,337.1000000000058,0.0,3.911
26,Rest,337.19999999998254,0.0,3.911
26,Rest,337.29999999998836,0.0,3.911
26,Rest,337.3999999999942,0.0,3.911
26,Rest,337.5,0.0,3.911
26,Rest,337.6000000000058,0.0,3.911
26,Rest,337.70000000001164,0.0,3.9111
26,Rest,337.79999999998836,0.0,3.9111
26,Rest,337.8999999999942,0.0,3.9111
26,Rest,338.0,0.0,3.9111
26,Rest,338.1000000000058,0.0,3.9111
26,Rest,338.19999999998254,0.0,3.9111
26,Rest,338.29999999998836,0.0,3.9111
26,Rest,338.3999999999942,0.0,3.9111
26,Rest,338.5,0.0,3.9111
26,Rest,338.6000000000058,0.0,3.9111
26,Rest,338.70000000001164,0.0,3.9111
26,Rest,338.79999999998836,0.0,3.9111
26,Rest,338.8999999999942,0.0,3.9111
26,Rest,339.0,0.0,3.9111
26,Rest,339.1000000000058,0.0,3.9112
26,Rest,339.19999999998254,0.0,3.9112
26,Rest,339.29999999998836,0.0,3.9112
26,Rest,339.3999999999942,0.0,3.9112
26,Rest,339.5,0.0,3.9112
26,Rest,339.6000000000058,0.0,3.9112
26,Rest,339.70000000001164,0.0,3.9112
26,Rest,339.79999999998836,0.0,3.9112
26,Rest,339.8999999999942,0.0,3.9112
26,Rest,340.0,0.0,3.9112
26,Rest,340.1000000000058,0.0,3.9112
26,Rest,340.19999999998254,0.0,3.9113
26,Rest,340.29999999998836,0.0,3.9112
26,Rest,340.3999999999942,0.0,3.9113
26,Rest,340.5,0.0,3.9113
26,Rest,340.6000000000058,0.0,3.9112
26,Rest,340.70000000001164,0.0,3.9113
26,Rest,340.79999999998836,0.0,3.9113
26,Rest,340.8999999999942,0.0,3.9113
26,Rest,341.0,0.0,3.9113
26,Rest,341.1000000000058,0.0,3.9113
26,Rest,341.19999999998254,0.0,3.9113
26,Rest,341.29999999998836,0.0,3.9113
26,Rest,341.3999999999942,0.0,3.9113
26,Rest,341.5,0.0,3.9113
26,Rest,341.6000000000058,0.0,3.9113
26,Rest,341.70000000001164,0.0,3.9113
26,Rest,341.79999999998836,0.0,3.9114
26,Rest,341.8999999999942,0.0,3.9114
26,Rest,342.0,0.0,3.9114
26,Rest,342.1000000000058,0.0,3.9114
26,Rest,342.19999999998254,0.0,3.9114
26,Rest,342.29999999998836,0.0,3.9114
26,Rest,342.3999999999942,0.0,3.9114
26,Rest,342.5,0.0,3.9114
26,Rest,342.6000000000058,0.0,3.9114
26,Rest,342.70000000001164,0.0,3.9115
26,Rest,342.79999999998836,0.0,3.9114
26,Rest,342.8999999999942,0.0,3.9114
26,Rest,343.0,0.0,3.9114
26,Rest,343.1000000000058,0.0,3.9115
26,Rest,343.19999999998254,0.0,3.9115
26,Rest,343.29999999998836,0.0,3.9115
26,Rest,343.3999999999942,0.0,3.9115
26,Rest,343.5,0.0,3.9115
26,Rest,343.6000000000058,0.0,3.9115
26,Rest,343.70000000001164,0.0,3.9115
26,Rest,343.79999999998836,0.0,3.9115
26,Rest,343.8999999999942,0.0,3.9115
26,Rest,344.0,0.0,3.9115
26,Rest,344.1000000000058,0.0,3.9115
26,Rest,344.19999999998254,0.0,3.9116
26,Rest,344.29999999998836,0.0,3.9115
26,Rest,344.3999999999942,0.0,3.9116
26,Rest,344.5,0.0,3.9116
26,Rest,344.6000000000058,0.0,3.9116
26,Rest,344.70000000001164,0.0,3.9116
26,Rest,344.79999999998836,0.0,3.9116
26,Rest,344.8999999999942,0.0,3.9116
26,Rest,345.0,0.0,3.9116
26,Rest,345.1000000000058,0.0,3.9117
26,Rest,345.19999999998254,0.0,3.9116
26,Rest,345.29999999998836,0.0,3.9116
26,Rest,345.3999999999942,0.0,3.9116
26,Rest,345.5,0.0,3.9116
26,Rest,345.6000000000058,0.0,3.9116
26,Rest,345.70000000001164,0.0,3.9117
26,Rest,345.79999999998836,0.0,3.9116
26,Rest,345.8999999999942,0.0,3.9116
26,Rest,346.0,0.0,3.9116
26,Rest,346.1000000000058,0.0,3.9117
26,Rest,346.19999999998254,0.0,3.9117
26,Rest,346.29999999998836,0.0,3.9117
26,Rest,346.3999999999942,0.0,3.9117
26,Rest,346.5,0.0,3.9117
26,Rest,346.6000000000058,0.0,3.9117
26,Rest,346.70000000001164,0.0,3.9117
26,Rest,346.79999999998836,0.0,3.9117
26,Rest,346.8999999999942,0.0,3.9118
26,Rest,347.0,0.0,3.9118
26,Rest,347.1000000000058,0.0,3.9118
26,Rest,347.19999999998254,0.0,3.9118
26,Rest,347.29999999998836,0.0,3.9118
26,Rest,347.3999999999942,0.0,3.9117
26,Rest,347.5,0.0,3.9118
26,Rest,347.6000000000058,0.0,3.9118
26,Rest,347.70000000001164,0.0,3.9118
26,Rest,347.79999999998836,0.0,3.9118
26,Rest,347.8999999999942,0.0,3.9118
26,Rest,348.0,0.0,3.9118
26,Rest,348.1000000000058,0.0,3.9118
26,Rest,348.19999999998254,0.0,3.9118
26,Rest,348.29999999998836,0.0,3.9118
26,Rest,348.3999999999942,0.0,3.9118
26,Rest,348.5,0.0,3.9118
26,Rest,348.6000000000058,0.0,3.9118
26,Rest,348.70000000001164,0.0,3.9118
26,Rest,348.79999999998836,0.0,3.9118
26,Rest,348.8999999999942,0.0,3.9118
26,Rest,349.0,0.0,3.9118
26,Rest,349.1000000000058,0.0,3.9118
26,Rest,349.19999999998254,0.0,3.9119
26,Rest,349.29999999998836,0.0,3.9119
26,Rest,349.3999999999942,0.0,3.9119
26,Rest,349.5,0.0,3.9119
26,Rest,349.6000000000058,0.0,3.9119
26,Rest,349.70000000001164,0.0,3.9119
26,Rest,349.79999999998836,0.0,3.9119
26,Rest,349.8999999999942,0.0,3.9119
26,Rest,350.0,0.0,3.9119
26,Rest,350.1000000000058,0.0,3.9119
26,Rest,350.19999999998254,0.0,3.9119
26,Rest,350.29999999998836,0.0,3.912
26,Rest,350.3999999999942,0.0,3.912
26,Rest,350.5,0.0,3.912
26,Rest,350.6000000000058,0.0,3.9119
26,Rest,350.70000000001164,0.0,3.9119
26,Rest,350.79999999998836,0.0,3.9119
26,Rest,350.8999999999942,0.0,3.9119
26,Rest,351.0,0.0,3.912
26,Rest,351.1000000000058,0.0,3.912
26,Rest,351.19999999998254,0.0,3.912
26,Rest,351.29999999998836,0.0,3.912
26,Rest,351.3999999999942,0.0,3.912
26,Rest,351.5,0.0,3.912
26,Rest,351.6000000000058,0.0,3.912
26,Rest,351.70000000001164,0.0,3.912
26,Rest,351.79999999998836,0.0,3.912
26,Rest,351.8999999999942,0.0,3.912
26,Rest,352.0,0.0,3.9121
26,Rest,352.1000000000058,0.0,3.912
26,Rest,352.19999999998254,0.0,3.912
26,Rest,352.29999999998836,0.0,3.9121
26,Rest,352.3999999999942,0.0,3.9121
26,Rest,352.5,0.0,3.9121
26,Rest,352.6000000000058,0.0,3.9121
26,Rest,352.70000000001164,0.0,3.9121
26,Rest,352.79999999998836,0.0,3.9121
26,Rest,352.8999999999942,0.0,3.9121
26,Rest,353.0,0.0,3.9121
26,Rest,353.1000000000058,0.0,3.9121
26,Rest,353.19999999998254,0.0,3.9121
26,Rest,353.29999999998836,0.0,3.9121
26,Rest,353.3999999999942,0.0,3.9121
26,Rest,353.5,0.0,3.9122
26,Rest,353.6000000000058,0.0,3.9121
26,Rest,353.70000000001164,0.0,3.9122
26,Rest,353.79999999998836,0.0,3.9122
26,Rest,353.8999999999942,0.0,3.9122
26,Rest,354.0,0.0,3.9122
26,Rest,354.1000000000058,0.0,3.9122
26,Rest,354.19999999998254,0.0,3.9122
26,Rest,354.29999999998836,0.0,3.9122
26,Rest,354.3999999999942,0.0,3.9122
26,Rest,354.5,0.0,3.9122
26,Rest,354.6000000000058,0.0,3.9122
26,Rest,354.70000000001164,0.0,3.9122
26,Rest,354.79999999998836,0.0,3.9122
26,Rest,354.8999999999942,0.0,3.9122
26,Rest,355.0,0.0,3.9122
26,Rest,355.1000000000058,0.0,3.9122
26,Rest,355.19999999998254,0.0,3.9122
26,Rest,355.29999999998836,0.0,3.9123
26,Rest,355.3999999999942,0.0,3.9123
26,Rest,355.5,0.0,3.9122
26,Rest,355.6000000000058,0.0,3.9122
26,Rest,355.70000000001164,0.0,3.9123
26,Rest,355.79999999998836,0.0,3.9123
26,Rest,355.8999999999942,0.0,3.9123
26,Rest,356.0,0.0,3.9123
26,Rest,356.1000000000058,0.0,3.9123
26,Rest,356.19999999998254,0.0,3.9123
26,Rest,356.29999999998836,0.0,3.9123
26,Rest,356.3999999999942,0.0,3.9123
26,Rest,356.5,0.0,3.9123
26,Rest,356.6000000000058,0.0,3.9123
26,Rest,356.70000000001164,0.0,3.9123
26,Rest,356.79999999998836,0.0,3.9123
26,Rest,356.8999999999942,0.0,3.9123
26,Rest,357.0,0.0,3.9123
26,Rest,357.1000000000058,0.0,3.9123
26,Rest,357.19999999998254,0.0,3.9124
26,Rest,357.29999999998836,0.0,3.9124
26,Rest,357.3999999999942,0.0,3.9123
26,Rest,357.5,0.0,3.9124
26,Rest,357.6000000000058,0.0,3.9124
26,Rest,357.70000000001164,0.0,3.9124
26,Rest,357.79999999998836,0.0,3.9124
26,Rest,357.8999999999942,0.0,3.9124
26,Rest,358.0,0.0,3.9124
26,Rest,358.1000000000058,0.0,3.9124
26,Rest,358.19999999998254,0.0,3.9124
26,Rest,358.29999999998836,0.0,3.9125
26,Rest,358.3999999999942,0.0,3.9125
26,Rest,358.5,0.0,3.9124
26,Rest,358.6000000000058,0.0,3.9124
26,Rest,358.70000000001164,0.0,3.9124
26,Rest,358.79999999998836,0.0,3.9125
26,Rest,358.8999999999942,0.0,3.9125
26,Rest,359.0,0.0,3.9125
26,Rest,359.1000000000058,0.0,3.9124
26,Rest,359.19999999998254,0.0,3.9125
26,Rest,359.29999999998836,0.0,3.9125
26,Rest,359.3999999999942,0.0,3.9125
26,Rest,359.5,0.0,3.9125
26,Rest,359.6000000000058,0.0,3.9125
26,Rest,359.70000000001164,0.0,3.9125
26,Rest,359.79999999998836,0.0,3.9125
26,Rest,359.8999999999942,0.0,3.9125
26,Rest,360.0,0.0,3.9125
26,Rest,360.1000000000058,0.0,3.9125
26,Rest,360.19999999998254,0.0,3.9125
26,Rest,360.29999999998836,0.0,3.9125
26,Rest,360.3999999999942,0.0,3.9125
26,Rest,360.5,0.0,3.9126
26,Rest,360.6000000000058,0.0,3.9125
26,Rest,360.70000000001164,0.0,3.9125
26,Rest,360.79999999998836,0.0,3.9126
26,Rest,360.8999999999942,0.0,3.9126
26,Rest,361.0,0.0,3.9126
26,Rest,361.1000000000058,0.0,3.9126
26,Rest,361.19999999998254,0.0,3.9126
26,Rest,361.29999999998836,0.0,3.9126
26,Rest,361.3999999999942,0.0,3.9126
26,Rest,361.5,0.0,3.9126
26,Rest,361.6000000000058,0.0,3.9126
26,Rest,361.70000000001164,0.0,3.9126
26,Rest,361.79999999998836,0.0,3.9126
26,Rest,361.8999999999942,0.0,3.9126
26,Rest,362.0,0.0,3.9126
26,Rest,362.1000000000058,0.0,3.9127
26,Rest,362.19999999998254,0.0,3.9127
26,Rest,362.29999999998836,0.0,3.9127
26,Rest,362.3999999999942,0.0,3.9126
26,Rest,362.5,0.0,3.9127
26,Rest,362.6000000000058,0.0,3.9127
26,Rest,362.70000000001164,0.0,3.9127
26,Rest,362.79999999998836,0.0,3.9127
26,Rest,362.8999999999942,0.0,3.9127
26,Rest,363.0,0.0,3.9127
26,Rest,363.1000000000058,0.0,3.9127
26,Rest,363.19999999998254,0.0,3.9127
26,Rest,363.29999999998836,0.0,3.9127
26,Rest,363.3999999999942,0.0,3.9127
26,Rest,363.5,0.0,3.9127
26,Rest,363.6000000000058,0.0,3.9127
26,Rest,363.70000000001164,0.0,3.9127
26,Rest,363.79999999998836,0.0,3.9127
26,Rest,363.8999999999942,0.0,3.9128
26,Rest,364.0,0.0,3.9127
26,Rest,364.1000000000058,0.0,3.9127
26,Rest,364.19999999998254,0.0,3.9127
26,Rest,364.29999999998836,0.0,3.9128
26,Rest,364.3999999999942,0.0,3.9128
26,Rest,364.5,0.0,3.9128
26,Rest,364.6000000000058,0.0,3.9127
26,Rest,364.70000000001164,0.0,3.9128
26,Rest,364.79999999998836,0.0,3.9128
26,Rest,364.8999999999942,0.0,3.9128
26,Rest,365.0,0.0,3.9128
26,Rest,365.1000000000058,0.0,3.9128
26,Rest,365.19999999998254,0.0,3.9128
26,Rest,365.29999999998836,0.0,3.9128
26,Rest,365.3999999999942,0.0,3.9128
26,Rest,365.5,0.0,3.9128
26,Rest,365.6000000000058,0.0,3.9128
26,Rest,365.70000000001164,0.0,3.9128
26,Rest,365.79999999998836,0.0,3.9128
26,Rest,365.8999999999942,0.0,3.9128
26,Rest,366.0,0.0,3.9129
26,Rest,366.1000000000058,0.0,3.9128
26,Rest,366.19999999998254,0.0,3.9129
26,Rest,366.29999999998836,0.0,3.9128
26,Rest,366.3999999999942,0.0,3.9129
26,Rest,366.5,0.0,3.9129
26,Rest,366.6000000000058,0.0,3.9129
26,Rest,366.70000000001164,0.0,3.9129
26,Rest,366.79999999998836,0.0,3.9129
26,Rest,366.8999999999942,0.0,3.9129
26,Rest,367.0,0.0,3.9129
26,Rest,367.1000000000058,0.0,3.9129
26,Rest,367.19999999998254,0.0,3.9129
26,Rest,367.29999999998836,0.0,3.9129
26,Rest,367.3999999999942,0.0,3.913
26,Rest,367.5,0.0,3.913
26,Rest,367.6000000000058,0.0,3.913
26,Rest,367.70000000001164,0.0,3.913
26,Rest,367.79999999998836,0.0,3.913
26,Rest,367.8999999999942,0.0,3.913
26,Rest,368.0,0.0,3.913
26,Rest,368.1000000000058,0.0,3.913
26,Rest,368.19999999998254,0.0,3.913
26,Rest,368.29999999998836,0.0,3.913
26,Rest,368.3999999999942,0.0,3.913
26,Rest,368.5,0.0,3.913
26,Rest,368.6000000000058,0.0,3.913
26,Rest,368.70000000001164,0.0,3.9131
26,Rest,368.79999999998836,0.0,3.9131
26,Rest,368.8999999999942,0.0,3.913
26,Rest,369.0,0.0,3.913
26,Rest,369.1000000000058,0.0,3.913
26,Rest,369.19999999998254,0.0,3.9131
26,Rest,369.29999999998836,0.0,3.913
26,Rest,369.3999999999942,0.0,3.9131
26,Rest,369.5,0.0,3.9131
26,Rest,369.6000000000058,0.0,3.9131
26,Rest,369.70000000001164,0.0,3.9131
26,Rest,369.79999999998836,0.0,3.9131
26,Rest,369.8999999999942,0.0,3.9131
26,Rest,370.0,0.0,3.9131
26,Rest,370.1000000000058,0.0,3.9131
26,Rest,370.19999999998254,0.0,3.9131
26,Rest,370.29999999998836,0.0,3.9131
26,Rest,370.3999999999942,0.0,3.9131
26,Rest,370.5,0.0,3.9132
26,Rest,370.6000000000058,0.0,3.9132
26,Rest,370.70000000001164,0.0,3.9132
26,Rest,370.79999999998836,0.0,3.9132
26,Rest,370.8999999999942,0.0,3.9132
26,Rest,371.0,0.0,3.9132
26,Rest,371.1000000000058,0.0,3.9132
26,Rest,371.19999999998254,0.0,3.9132
26,Rest,371.29999999998836,0.0,3.9132
26,Rest,371.3999999999942,0.0,3.9132
26,Rest,371.5,0.0,3.9132
26,Rest,371.6000000000058,0.0,3.9132
26,Rest,371.70000000001164,0.0,3.9132
26,Rest,371.79999999998836,0.0,3.9132
26,Rest,371.8999999999942,0.0,3.9132
26,Rest,372.0,0.0,3.9132
26,Rest,372.1000000000058,0.0,3.9132
26,Rest,372.19999999998254,0.0,3.9132
26,Rest,372.29999999998836,0.0,3.9132
26,Rest,372.3999999999942,0.0,3.9132
26,Rest,372.5,0.0,3.9133
26,Rest,372.6000000000058,0.0,3.9133
26,Rest,372.70000000001164,0.0,3.9133
26,Rest,372.79999999998836,0.0,3.9132
26,Rest,372.8999999999942,0.0,3.9133
26,Rest,373.0,0.0,3.9133
26,Rest,373.1000000000058,0.0,3.9133
26,Rest,373.19999999998254,0.0,3.9133
26,Rest,373.29999999998836,0.0,3.9133
26,Rest,373.3999999999942,0.0,3.9134
26,Rest,373.5,0.0,3.9133
26,Rest,373.6000000000058,0.0,3.9133
26,Rest,373.70000000001164,0.0,3.9134
26,Rest,373.79999999998836,0.0,3.9133
26,Rest,373.8999999999942,0.0,3.9134
26,Rest,374.0,0.0,3.9134
26,Rest,374.1000000000058,0.0,3.9134
26,Rest,374.19999999998254,0.0,3.9134
26,Rest,374.29999999998836,0.0,3.9134
26,Rest,374.3999999999942,0.0,3.9134
26,Rest,374.5,0.0,3.9134
26,Rest,374.6000000000058,0.0,3.9134
26,Rest,374.70000000001164,0.0,3.9134
26,Rest,374.79999999998836,0.0,3.9134
26,Rest,374.8999999999942,0.0,3.9134
26,Rest,375.0,0.0,3.9134
26,Rest,375.1000000000058,0.0,3.9135
26,Rest,375.19999999998254,0.0,3.9135
26,Rest,375.29999999998836,0.0,3.9135
26,Rest,375.3999999999942,0.0,3.9135
26,Rest,375.5,0.0,3.9135
26,Rest,375.6000000000058,0.0,3.9135
26,Rest,375.70000000001164,0.0,3.9135
26,Rest,375.79999999998836,0.0,3.9135
26,Rest,375.8999999999942,0.0,3.9135
26,Rest,376.0,0.0,3.9135
26,Rest,376.1000000000058,0.0,3.9135
26,Rest,376.19999999998254,0.0,3.9135
26,Rest,376.29999999998836,0.0,3.9135
26,Rest,376.3999999999942,0.0,3.9135
26,Rest,376.5,0.0,3.9135
26,Rest,376.6000000000058,0.0,3.9135
26,Rest,376.70000000001164,0.0,3.9135
26,Rest,376.79999999998836,0.0,3.9135
26,Rest,376.8999999999942,0.0,3.9135
26,Rest,377.0,0.0,3.9135
26,Rest,377.1000000000058,0.0,3.9135
26,Rest,377.19999999998254,0.0,3.9136
26,Rest,377.29999999998836,0.0,3.9136
26,Rest,377.3999999999942,0.0,3.9136
26,Rest,377.5,0.0,3.9136
26,Rest,377.6000000000058,0.0,3.9136
26,Rest,377.70000000001164,0.0,3.9136
26,Rest,377.79999999998836,0.0,3.9136
26,Rest,377.8999999999942,0.0,3.9136
26,Rest,378.0,0.0,3.9136
26,Rest,378.1000000000058,0.0,3.9136
26,Rest,378.19999999998254,0.0,3.9136
26,Rest,378.29999999998836,0.0,3.9136
26,Rest,378.3999999999942,0.0,3.9136
26,Rest,378.5,0.0,3.9136
26,Rest,378.6000000000058,0.0,3.9136
26,Rest,378.70000000001164,0.0,3.9136
26,Rest,378.79999999998836,0.0,3.9137
26,Rest,378.8999999999942,0.0,3.9137
26,Rest,379.0,0.0,3.9137
26,Rest,379.1000000000058,0.0,3.9137
26,Rest,379.19999999998254,0.0,3.9137
26,Rest,379.29999999998836,0.0,3.9137
26,Rest,379.3999999999942,0.0,3.9137
26,Rest,379.5,0.0,3.9137
26,Rest,379.6000000000058,0.0,3.9137
26,Rest,379.70000000001164,0.0,3.9137
26,Rest,379.79999999998836,0.0,3.9137
26,Rest,379.8999999999942,0.0,3.9137
26,Rest,380.0,0.0,3.9137
26,Rest,380.1000000000058,0.0,3.9137
26,Rest,380.19999999998254,0.0,3.9137
26,Rest,380.29999999998836,0.0,3.9137
26,Rest,380.3999999999942,0.0,3.9137
26,Rest,380.5,0.0,3.9137
26,Rest,380.6000000000058,0.0,3.9138
26,Rest,380.70000000001164,0.0,3.9138
26,Rest,380.79999999998836,0.0,3.9137
26,Rest,380.8999999999942,0.0,3.9137
26,Rest,381.0,0.0,3.9138
26,Rest,381.1000000000058,0.0,3.9138
26,Rest,381.19999999998254,0.0,3.9138
26,Rest,381.29999999998836,0.0,3.9137
26,Rest,381.3999999999942,0.0,3.9138
26,Rest,381.5,0.0,3.9138
26,Rest,381.6000000000058,0.0,3.9138
26,Rest,381.70000000001164,0.0,3.9138
26,Rest,381.79999999998836,0.0,3.9138
26,Rest,381.8999999999942,0.0,3.9138
26,Rest,382.0,0.0,3.9138
26,Rest,382.1000000000058,0.0,3.9138
26,Rest,382.19999999998254,0.0,3.9138
26,Rest,382.29999999998836,0.0,3.9138
26,Rest,382.3999999999942,0.0,3.9138
26,Rest,382.5,0.0,3.9138
26,Rest,382.6000000000058,0.0,3.9138
26,Rest,382.70000000001164,0.0,3.9139
26,Rest,382.79999999998836,0.0,3.9139
26,Rest,382.8999999999942,0.0,3.9139
26,Rest,383.0,0.0,3.9139
26,Rest,383.1000000000058,0.0,3.9139
26,Rest,383.19999999998254,0.0,3.9139
26,Rest,383.29999999998836,0.0,3.9139
26,Rest,383.3999999999942,0.0,3.9139
26,Rest,383.5,0.0,3.9139
26,Rest,383.6000000000058,0.0,3.9139
26,Rest,383.70000000001164,0.0,3.9139
26,Rest,383.79999999998836,0.0,3.9139
26,Rest,383.8999999999942,0.0,3.9139
26,Rest,384.0,0.0,3.9139
26,Rest,384.1000000000058,0.0,3.9139
26,Rest,384.19999999998254,0.0,3.914
26,Rest,384.29999999998836,0.0,3.9139
26,Rest,384.3999999999942,0.0,3.914
26,Rest,384.5,0.0,3.914
26,Rest,384.6000000000058,0.0,3.914
26,Rest,384.70000000001164,0.0,3.914
26,Rest,384.79999999998836,0.0,3.914
26,Rest,384.8999999999942,0.0,3.9139
26,Rest,385.0,0.0,3.914
26,Rest,385.1000000000058,0.0,3.914
26,Rest,385.19999999998254,0.0,3.914
26,Rest,385.29999999998836,0.0,3.914
26,Rest,385.3999999999942,0.0,3.914
26,Rest,385.5,0.0,3.914
26,Rest,385.6000000000058,0.0,3.9141
26,Rest,385.70000000001164,0.0,3.9141
26,Rest,385.79999999998836,0.0,3.914
26,Rest,385.8999999999942,0.0,3.9141
26,Rest,386.0,0.0,3.9141
26,Rest,386.1000000000058,0.0,3.914
26,Rest,386.19999999998254,0.0,3.9141
26,Rest,386.29999999998836,0.0,3.9141
26,Rest,386.3999999999942,0.0,3.9141
26,Rest,386.5,0.0,3.914
26,Rest,386.6000000000058,0.0,3.914
26,Rest,386.70000000001164,0.0,3.914
26,Rest,386.79999999998836,0.0,3.914
26,Rest,386.8999999999942,0.0,3.9141
26,Rest,387.0,0.0,3.9141
26,Rest,387.1000000000058,0.0,3.9141
26,Rest,387.19999999998254,0.0,3.9141
26,Rest,387.29999999998836,0.0,3.9141
26,Rest,387.3999999999942,0.0,3.9141
26,Rest,387.5,0.0,3.9141
26,Rest,387.6000000000058,0.0,3.9141
26,Rest,387.70000000001164,0.0,3.9141
26,Rest,387.79999999998836,0.0,3.9141
26,Rest,387.8999999999942,0.0,3.9141
26,Rest,388.0,0.0,3.9141
26,Rest,388.1000000000058,0.0,3.9141
26,Rest,388.19999999998254,0.0,3.9141
26,Rest,388.29999999998836,0.0,3.9141
26,Rest,388.3999999999942,0.0,3.9141
26,Rest,388.5,0.0,3.9141
26,Rest,388.6000000000058,0.0,3.9141
26,Rest,388.70000000001164,0.0,3.9141
26,Rest,388.79999999998836,0.0,3.9141
26,Rest,388.8999999999942,0.0,3.9141
26,Rest,389.0,0.0,3.9141
26,Rest,389.1000000000058,0.0,3.9141
26,Rest,389.19999999998254,0.0,3.9142
26,Rest,389.29999999998836,0.0,3.9142
26,Rest,389.3999999999942,0.0,3.9142
26,Rest,389.5,0.0,3.9142
26,Rest,389.6000000000058,0.0,3.9142
26,Rest,389.70000000001164,0.0,3.9142
26,Rest,389.79999999998836,0.0,3.9142
26,Rest,389.8999999999942,0.0,3.9142
26,Rest,390.0,0.0,3.9142
26,Rest,390.1000000000058,0.0,3.9142
26,Rest,390.19999999998254,0.0,3.9142
26,Rest,390.29999999998836,0.0,3.9142
26,Rest,390.3999999999942,0.0,3.9142
26,Rest,390.5,0.0,3.9143
26,Rest,390.6000000000058,0.0,3.9142
26,Rest,390.70000000001164,0.0,3.9142
26,Rest,390.79999999998836,0.0,3.9143
26,Rest,390.8999999999942,0.0,3.9143
26,Rest,391.0,0.0,3.9143
26,Rest,391.1000000000058,0.0,3.9143
26,Rest,391.19999999998254,0.0,3.9143
26,Rest,391.29999999998836,0.0,3.9143
26,Rest,391.3999999999942,0.0,3.9144
26,Rest,391.5,0.0,3.9143
26,Rest,391.6000000000058,0.0,3.9143
26,Rest,391.70000000001164,0.0,3.9143
26,Rest,391.79999999998836,0.0,3.9143
26,Rest,391.8999999999942,0.0,3.9143
26,Rest,392.0,0.0,3.9144
26,Rest,392.1000000000058,0.0,3.9144
26,Rest,392.19999999998254,0.0,3.9144
26,Rest,392.29999999998836,0.0,3.9144
26,Rest,392.3999999999942,0.0,3.9144
26,Rest,392.5,0.0,3.9144
26,Rest,392.6000000000058,0.0,3.9143
26,Rest,392.70000000001164,0.0,3.9144
26,Rest,392.79999999998836,0.0,3.9144
26,Rest,392.8999999999942,0.0,3.9144
26,Rest,393.0,0.0,3.9144
26,Rest,393.1000000000058,0.0,3.9144
26,Rest,393.19999999998254,0.0,3.9144
26,Rest,393.29999999998836,0.0,3.9144
26,Rest,393.3999999999942,0.0,3.9144
26,Rest,393.5,0.0,3.9144
26,Rest,393.6000000000058,0.0,3.9144
26,Rest,393.70000000001164,0.0,3.9145
26,Rest,393.79999999998836,0.0,3.9145
26,Rest,393.8999999999942,0.0,3.9144
26,Rest,394.0,0.0,3.9144
26,Rest,394.1000000000058,0.0,3.9144
26,Rest,394.19999999998254,0.0,3.9144
26,Rest,394.29999999998836,0.0,3.9145
26,Rest,394.3999999999942,0.0,3.9145
26,Rest,394.5,0.0,3.9145
26,Rest,394.6000000000058,0.0,3.9145
26,Rest,394.70000000001164,0.0,3.9145
26,Rest,394.79999999998836,0.0,3.9145
26,Rest,394.8999999999942,0.0,3.9144
26,Rest,395.0,0.0,3.9145
26,Rest,395.1000000000058,0.0,3.9145
26,Rest,395.19999999998254,0.0,3.9145
26,Rest,395.29999999998836,0.0,3.9145
26,Rest,395.3999999999942,0.0,3.9145
26,Rest,395.5,0.0,3.9145
26,Rest,395.6000000000058,0.0,3.9145
26,Rest,395.70000000001164,0.0,3.9145
26,Rest,395.79999999998836,0.0,3.9145
26,Rest,395.8999999999942,0.0,3.9145
26,Rest,396.0,0.0,3.9145
26,Rest,396.1000000000058,0.0,3.9145
26,Rest,396.19999999998254,0.0,3.9145
26,Rest,396.29999999998836,0.0,3.9145
26,Rest,396.3999999999942,0.0,3.9145
26,Rest,396.5,0.0,3.9145
26,Rest,396.6000000000058,0.0,3.9146
26,Rest,396.70000000001164,0.0,3.9146
26,Rest,396.79999999998836,0.0,3.9146
26,Rest,396.8999999999942,0.0,3.9146
26,Rest,397.0,0.0,3.9146
26,Rest,397.1000000000058,0.0,3.9146
26,Rest,397.19999999998254,0.0,3.9146
26,Rest,397.29999999998836,0.0,3.9146
26,Rest,397.3999999999942,0.0,3.9146
26,Rest,397.5,0.0,3.9146
26,Rest,397.6000000000058,0.0,3.9146
26,Rest,397.70000000001164,0.0,3.9146
26,Rest,397.79999999998836,0.0,3.9146
26,Rest,397.8999999999942,0.0,3.9146
26,Rest,398.0,0.0,3.9146
26,Rest,398.1000000000058,0.0,3.9146
26,Rest,398.19999999998254,0.0,3.9146
26,Rest,398.29999999998836,0.0,3.9146
26,Rest,398.3999999999942,0.0,3.9146
26,Rest,398.5,0.0,3.9146
26,Rest,398.6000000000058,0.0,3.9147
26,Rest,398.70000000001164,0.0,3.9147
26,Rest,398.79999999998836,0.0,3.9146
26,Rest,398.8999999999942,0.0,3.9147
26,Rest,399.0,0.0,3.9146
26,Rest,399.1000000000058,0.0,3.9147
26,Rest,399.19999999998254,0.0,3.9147
26,Rest,399.29999999998836,0.0,3.9147
26,Rest,399.3999999999942,0.0,3.9147
26,Rest,399.5,0.0,3.9147
26,Rest,399.6000000000058,0.0,3.9147
26,Rest,399.70000000001164,0.0,3.9147
26,Rest,399.79999999998836,0.0,3.9147
26,Rest,399.8999999999942,0.0,3.9147
26,Rest,400.0,0.0,3.9147
26,Rest,400.1000000000058,0.0,3.9147
26,Rest,400.19999999998254,0.0,3.9147
26,Rest,400.29999999998836,0.0,3.9147
26,Rest,400.3999999999942,0.0,3.9147
26,Rest,400.5,0.0,3.9147
26,Rest,400.6000000000058,0.0,3.9147
26,Rest,400.70000000001164,0.0,3.9147
26,Rest,400.79999999998836,0.0,3.9147
26,Rest,400.8999999999942,0.0,3.9147
26,Rest,401.0,0.0,3.9147
26,Rest,401.1000000000058,0.0,3.9147
26,Rest,401.19999999998254,0.0,3.9148
26,Rest,401.29999999998836,0.0,3.9148
26,Rest,401.3999999999942,0.0,3.9147
26,Rest,401.5,0.0,3.9148
26,Rest,401.6000000000058,0.0,3.9148
26,Rest,401.70000000001164,0.0,3.9148
26,Rest,401.79999999998836,0.0,3.9148
26,Rest,401.8999999999942,0.0,3.9148
26,Rest,402.0,0.0,3.9148
26,Rest,402.1000000000058,0.0,3.9148
26,Rest,402.19999999998254,0.0,3.9148
26,Rest,402.29999999998836,0.0,3.9148
26,Rest,402.3999999999942,0.0,3.9148
26,Rest,402.5,0.0,3.9148
26,Rest,402.6000000000058,0.0,3.9148
26,Rest,402.70000000001164,0.0,3.9149
26,Rest,402.79999999998836,0.0,3.9149
26,Rest,402.8999999999942,0.0,3.9149
26,Rest,403.0,0.0,3.9149
26,Rest,403.1000000000058,0.0,3.9149
26,Rest,403.19999999998254,0.0,3.9149
26,Rest,403.29999999998836,0.0,3.9149
26,Rest,403.3999999999942,0.0,3.9149
26,Rest,403.5,0.0,3.9149
26,Rest,403.6000000000058,0.0,3.9149
26,Rest,403.70000000001164,0.0,3.9149
26,Rest,403.79999999998836,0.0,3.9149
26,Rest,403.8999999999942,0.0,3.9149
26,Rest,404.0,0.0,3.9149
26,Rest,404.1000000000058,0.0,3.9149
26,Rest,404.19999999998254,0.0,3.9149
26,Rest,404.29999999998836,0.0,3.9149
26,Rest,404.3999999999942,0.0,3.915
26,Rest,404.5,0.0,3.915
26,Rest,404.6000000000058,0.0,3.9149
26,Rest,404.70000000001164,0.0,3.915
26,Rest,404.79999999998836,0.0,3.915
26,Rest,404.8999999999942,0.0,3.915
26,Rest,405.0,0.0,3.915
26,Rest,405.1000000000058,0.0,3.915
26,Rest,405.19999999998254,0.0,3.915
26,Rest,405.29999999998836,0.0,3.915
26,Rest,405.3999999999942,0.0,3.915
26,Rest,405.5,0.0,3.915
26,Rest,405.6000000000058,0.0,3.915
26,Rest,405.70000000001164,0.0,3.9151
26,Rest,405.79999999998836,0.0,3.9151
26,Rest,405.8999999999942,0.0,3.915
26,Rest,406.0,0.0,3.9151
26,Rest,406.1000000000058,0.0,3.9151
26,Rest,406.19999999998254,0.0,3.9151
26,Rest,406.29999999998836,0.0,3.9151
26,Rest,406.3999999999942,0.0,3.9151
26,Rest,406.5,0.0,3.9151
26,Rest,406.6000000000058,0.0,3.9151
26,Rest,406.70000000001164,0.0,3.9151
26,Rest,406.79999999998836,0.0,3.9151
26,Rest,406.8999999999942,0.0,3.9151
26,Rest,407.0,0.0,3.9151
26,Rest,407.1000000000058,0.0,3.9151
26,Rest,407.19999999998254,0.0,3.9151
26,Rest,407.29999999998836,0.0,3.9151
26,Rest,407.3999999999942,0.0,3.9151
26,Rest,407.5,0.0,3.9152
26,Rest,407.6000000000058,0.0,3.9151
26,Rest,407.70000000001164,0.0,3.9151
26,Rest,407.79999999998836,0.0,3.9151
26,Rest,407.8999999999942,0.0,3.9152
26,Rest,408.0,0.0,3.9152
26,Rest,408.1000000000058,0.0,3.9152
26,Rest,408.19999999998254,0.0,3.9152
26,Rest,408.29999999998836,0.0,3.9152
26,Rest,408.3999999999942,0.0,3.9152
26,Rest,408.5,0.0,3.9152
26,Rest,408.6000000000058,0.0,3.9152
26,Rest,408.70000000001164,0.0,3.9152
26,Rest,408.79999999998836,0.0,3.9152
26,Rest,408.8999999999942,0.0,3.9152
26,Rest,409.0,0.0,3.9152
26,Rest,409.1000000000058,0.0,3.9152
26,Rest,409.19999999998254,0.0,3.9152
26,Rest,409.29999999998836,0.0,3.9152
26,Rest,409.3999999999942,0.0,3.9153
26,Rest,409.5,0.0,3.9153
26,Rest,409.6000000000058,0.0,3.9153
26,Rest,409.70000000001164,0.0,3.9152
26,Rest,409.79999999998836,0.0,3.9152
26,Rest,409.8999999999942,0.0,3.9152
26,Rest,410.0,0.0,3.9152
26,Rest,410.1000000000058,0.0,3.9153
26,Rest,410.19999999998254,0.0,3.9153
26,Rest,410.29999999998836,0.0,3.9152
26,Rest,410.3999999999942,0.0,3.9152
26,Rest,410.5,0.0,3.9153
26,Rest,410.6000000000058,0.0,3.9153
26,Rest,410.70000000001164,0.0,3.9153
26,Rest,410.79999999998836,0.0,3.9153
26,Rest,410.8999999999942,0.0,3.9153
26,Rest,411.0,0.0,3.9153
26,Rest,411.1000000000058,0.0,3.9153
26,Rest,411.19999999998254,0.0,3.9153
26,Rest,411.29999999998836,0.0,3.9153
26,Rest,411.3999999999942,0.0,3.9153
26,Rest,411.5,0.0,3.9153
26,Rest,411.6000000000058,0.0,3.9153
26,Rest,411.70000000001164,0.0,3.9153
26,Rest,411.79999999998836,0.0,3.9153
26,Rest,411.8999999999942,0.0,3.9153
26,Rest,412.0,0.0,3.9153
26,Rest,412.1000000000058,0.0,3.9153
26,Rest,412.19999999998254,0.0,3.9153
26,Rest,412.29999999998836,0.0,3.9153
26,Rest,412.3999999999942,0.0,3.9153
26,Rest,412.5,0.0,3.9153
26,Rest,412.6000000000058,0.0,3.9153
26,Rest,412.70000000001164,0.0,3.9153
26,Rest,412.79999999998836,0.0,3.9154
26,Rest,412.8999999999942,0.0,3.9154
26,Rest,413.0,0.0,3.9154
26,Rest,413.1000000000058,0.0,3.9153
26,Rest,413.19999999998254,0.0,3.9153
26,Rest,413.29999999998836,0.0,3.9154
26,Rest,413.3999999999942,0.0,3.9154
26,Rest,413.5,0.0,3.9154
26,Rest,413.6000000000058,0.0,3.9154
26,Rest,413.70000000001164,0.0,3.9154
26,Rest,413.79999999998836,0.0,3.9154
26,Rest,413.8999999999942,0.0,3.9154
26,Rest,414.0,0.0,3.9154
26,Rest,414.1000000000058,0.0,3.9154
26,Rest,414.19999999998254,0.0,3.9154
26,Rest,414.29999999998836,0.0,3.9155
26,Rest,414.3999999999942,0.0,3.9154
26,Rest,414.5,0.0,3.9154
26,Rest,414.6000000000058,0.0,3.9154
26,Rest,414.70000000001164,0.0,3.9154
26,Rest,414.79999999998836,0.0,3.9154
26,Rest,414.8999999999942,0.0,3.9154
26,Rest,415.0,0.0,3.9154
26,Rest,415.1000000000058,0.0,3.9155
26,Rest,415.19999999998254,0.0,3.9155
26,Rest,415.29999999998836,0.0,3.9154
26,Rest,415.3999999999942,0.0,3.9154
26,Rest,415.5,0.0,3.9155
26,Rest,415.6000000000058,0.0,3.9155
26,Rest,415.70000000001164,0.0,3.9155
26,Rest,415.79999999998836,0.0,3.9155
26,Rest,415.8999999999942,0.0,3.9155
26,Rest,416.0,0.0,3.9155
26,Rest,416.1000000000058,0.0,3.9154
26,Rest,416.19999999998254,0.0,3.9155
26,Rest,416.29999999998836,0.0,3.9155
26,Rest,416.3999999999942,0.0,3.9155
26,Rest,416.5,0.0,3.9155
26,Rest,416.6000000000058,0.0,3.9155
26,Rest,416.70000000001164,0.0,3.9155
26,Rest,416.79999999998836,0.0,3.9155
26,Rest,416.8999999999942,0.0,3.9155
26,Rest,417.0,0.0,3.9155
26,Rest,417.1000000000058,0.0,3.9155
26,Rest,417.19999999998254,0.0,3.9155
26,Rest,417.29999999998836,0.0,3.9155
26,Rest,417.3999999999942,0.0,3.9155
26,Rest,417.5,0.0,3.9155
26,Rest,417.6000000000058,0.0,3.9155
26,Rest,417.70000000001164,0.0,3.9155
26,Rest,417.79999999998836,0.0,3.9156
26,Rest,417.8999999999942,0.0,3.9156
26,Rest,418.0,0.0,3.9156
26,Rest,418.1000000000058,0.0,3.9156
26,Rest,418.19999999998254,0.0,3.9156
26,Rest,418.29999999998836,0.0,3.9155
26,Rest,418.3999999999942,0.0,3.9155
26,Rest,418.5,0.0,3.9156
26,Rest,418.6000000000058,0.0,3.9156
26,Rest,418.70000000001164,0.0,3.9156
26,Rest,418.79999999998836,0.0,3.9156
26,Rest,418.8999999999942,0.0,3.9156
26,Rest,419.0,0.0,3.9155
26,Rest,419.1000000000058,0.0,3.9156
26,Rest,419.19999999998254,0.0,3.9156
26,Rest,419.29999999998836,0.0,3.9156
26,Rest,419.3999999999942,0.0,3.9156
26,Rest,419.5,0.0,3.9156
26,Rest,419.6000000000058,0.0,3.9156
26,Rest,419.70000000001164,0.0,3.9156
26,Rest,419.79999999998836,0.0,3.9156
26,Rest,419.8999999999942,0.0,3.9156
26,Rest,420.0,0.0,3.9156
26,Rest,420.1000000000058,0.0,3.9156
26,Rest,420.19999999998254,0.0,3.9157
26,Rest,420.29999999998836,0.0,3.9157
26,Rest,420.3999999999942,0.0,3.9157
26,Rest,420.5,0.0,3.9157
26,Rest,420.6000000000058,0.0,3.9157
26,Rest,420.70000000001164,0.0,3.9157
26,Rest,420.79999999998836,0.0,3.9157
26,Rest,420.8999999999942,0.0,3.9157
26,Rest,421.0,0.0,3.9157
26,Rest,421.1000000000058,0.0,3.9157
26,Rest,421.19999999998254,0.0,3.9157
26,Rest,421.29999999998836,0.0,3.9157
26,Rest,421.3999999999942,0.0,3.9157
26,Rest,421.5,0.0,3.9157
26,Rest,421.6000000000058,0.0,3.9157
26,Rest,421.70000000001164,0.0,3.9157
26,Rest,421.79999999998836,0.0,3.9157
26,Rest,421.8999999999942,0.0,3.9157
26,Rest,422.0,0.0,3.9157
26,Rest,422.1000000000058,0.0,3.9157
26,Rest,422.19999999998254,0.0,3.9157
26,Rest,422.29999999998836,0.0,3.9157
26,Rest,422.3999999999942,0.0,3.9157
26,Rest,422.5,0.0,3.9157
26,Rest,422.6000000000058,0.0,3.9157
26,Rest,422.70000000001164,0.0,3.9157
26,Rest,422.79999999998836,0.0,3.9157
26,Rest,422.8999999999942,0.0,3.9157
26,Rest,423.0,0.0,3.9157
26,Rest,423.1000000000058,0.0,3.9157
26,Rest,423.19999999998254,0.0,3.9157
26,Rest,423.29999999998836,0.0,3.9157
26,Rest,423.3999999999942,0.0,3.9157
26,Rest,423.5,0.0,3.9157
26,Rest,423.6000000000058,0.0,3.9158
26,Rest,423.70000000001164,0.0,3.9158
26,Rest,423.79999999998836,0.0,3.9158
26,Rest,423.8999999999942,0.0,3.9157
26,Rest,424.0,0.0,3.9158
26,Rest,424.1000000000058,0.0,3.9158
26,Rest,424.19999999998254,0.0,3.9158
26,Rest,424.29999999998836,0.0,3.9158
26,Rest,424.3999999999942,0.0,3.9158
26,Rest,424.5,0.0,3.9158
26,Rest,424.6000000000058,0.0,3.9158
26,Rest,424.70000000001164,0.0,3.9158
26,Rest,424.79999999998836,0.0,3.9158
26,Rest,424.8999999999942,0.0,3.9158
26,Rest,425.0,0.0,3.9158
26,Rest,425.1000000000058,0.0,3.9159
26,Rest,425.19999999998254,0.0,3.9158
26,Rest,425.29999999998836,0.0,3.9158
26,Rest,425.3999999999942,0.0,3.9158
26,Rest,425.5,0.0,3.9158
26,Rest,425.6000000000058,0.0,3.9158
26,Rest,425.70000000001164,0.0,3.9158
26,Rest,425.79999999998836,0.0,3.9159
26,Rest,425.8999999999942,0.0,3.9159
26,Rest,426.0,0.0,3.9158
26,Rest,426.1000000000058,0.0,3.9158
26,Rest,426.19999999998254,0.0,3.9159
26,Rest,426.29999999998836,0.0,3.9159
26,Rest,426.3999999999942,0.0,3.9159
26,Rest,426.5,0.0,3.9159
26,Rest,426.6000000000058,0.0,3.9159
26,Rest,426.70000000001164,0.0,3.9159
26,Rest,426.79999999998836,0.0,3.9159
26,Rest,426.8999999999942,0.0,3.9159
26,Rest,427.0,0.0,3.9159
26,Rest,427.1000000000058,0.0,3.9159
26,Rest,427.19999999998254,0.0,3.9159
26,Rest,427.29999999998836,0.0,3.9159
26,Rest,427.3999999999942,0.0,3.9159
26,Rest,427.5,0.0,3.9159
26,Rest,427.6000000000058,0.0,3.9159
26,Rest,427.70000000001164,0.0,3.9159
26,Rest,427.79999999998836,0.0,3.916
26,Rest,427.8999999999942,0.0,3.9159
26,Rest,428.0,0.0,3.9159
26,Rest,428.1000000000058,0.0,3.916
26,Rest,428.19999999998254,0.0,3.916
26,Rest,428.29999999998836,0.0,3.916
26,Rest,428.3999999999942,0.0,3.916
26,Rest,428.5,0.0,3.916
26,Rest,428.6000000000058,0.0,3.916
26,Rest,428.70000000001164,0.0,3.916
26,Rest,428.79999999998836,0.0,3.916
26,Rest,428.8999999999942,0.0,3.916
26,Rest,429.0,0.0,3.9159
26,Rest,429.1000000000058,0.0,3.916
26,Rest,429.19999999998254,0.0,3.916
26,Rest,429.29999999998836,0.0,3.916
26,Rest,429.3999999999942,0.0,3.916
26,Rest,429.5,0.0,3.916
26,Rest,429.6000000000058,0.0,3.916
26,Rest,429.70000000001164,0.0,3.916
26,Rest,429.79999999998836,0.0,3.916
26,Rest,429.8999999999942,0.0,3.916
26,Rest,430.0,0.0,3.916
26,Rest,430.1000000000058,0.0,3.916
26,Rest,430.19999999998254,0.0,3.916
26,Rest,430.29999999998836,0.0,3.916
26,Rest,430.3999999999942,0.0,3.916
26,Rest,430.5,0.0,3.916
26,Rest,430.6000000000058,0.0,3.916
26,Rest,430.70000000001164,0.0,3.916
26,Rest,430.79999999998836,0.0,3.916
26,Rest,430.8999999999942,0.0,3.9161
26,Rest,431.0,0.0,3.916
26,Rest,431.1000000000058,0.0,3.9161
26,Rest,431.19999999998254,0.0,3.9161
26,Rest,431.29999999998836,0.0,3.9161
26,Rest,431.3999999999942,0.0,3.9161
26,Rest,431.5,0.0,3.916
26,Rest,431.6000000000058,0.0,3.9161
26,Rest,431.70000000001164,0.0,3.9161
26,Rest,431.79999999998836,0.0,3.9161
26,Rest,431.8999999999942,0.0,3.916
26,Rest,432.0,0.0,3.916
26,Rest,432.1000000000058,0.0,3.9161
26,Rest,432.19999999998254,0.0,3.9161
26,Rest,432.29999999998836,0.0,3.9161
26,Rest,432.3999999999942,0.0,3.9161
26,Rest,432.5,0.0,3.9161
26,Rest,432.6000000000058,0.0,3.9161
26,Rest,432.70000000001164,0.0,3.9161
26,Rest,432.79999999998836,0.0,3.9161
26,Rest,432.8999999999942,0.0,3.9161
26,Rest,433.0,0.0,3.9161
26,Rest,433.1000000000058,0.0,3.9161
26,Rest,433.19999999998254,0.0,3.9161
26,Rest,433.29999999998836,0.0,3.9161
26,Rest,433.3999999999942,0.0,3.9161
26,Rest,433.5,0.0,3.9161
26,Rest,433.6000000000058,0.0,3.9161
26,Rest,433.70000000001164,0.0,3.9161
26,Rest,433.79999999998836,0.0,3.9161
26,Rest,433.8999999999942,0.0,3.9161
26,Rest,434.0,0.0,3.9161
26,Rest,434.1000000000058,0.0,3.9161
26,Rest,434.19999999998254,0.0,3.9161
26,Rest,434.29999999998836,0.0,3.9161
26,Rest,434.3999999999942,0.0,3.9161
26,Rest,434.5,0.0,3.9161
26,Rest,434.6000000000058,0.0,3.9161
26,Rest,434.70000000001164,0.0,3.9161
26,Rest,434.79999999998836,0.0,3.9161
26,Rest,434.8999999999942,0.0,3.9162
26,Rest,435.0,0.0,3.9162
26,Rest,435.1000000000058,0.0,3.9161
26,Rest,435.19999999998254,0.0,3.9161
26,Rest,435.29999999998836,0.0,3.9162
26,Rest,435.3999999999942,0.0,3.9162
26,Rest,435.5,0.0,3.9162
26,Rest,435.6000000000058,0.0,3.9161
26,Rest,435.70000000001164,0.0,3.9161
26,Rest,435.79999999998836,0.0,3.9162
26,Rest,435.8999999999942,0.0,3.9162
26,Rest,436.0,0.0,3.9162
26,Rest,436.1000000000058,0.0,3.9162
26,Rest,436.19999999998254,0.0,3.9162
26,Rest,436.29999999998836,0.0,3.9162
26,Rest,436.3999999999942,0.0,3.9162
26,Rest,436.5,0.0,3.9162
26,Rest,436.6000000000058,0.0,3.9162
26,Rest,436.70000000001164,0.0,3.9163
26,Rest,436.79999999998836,0.0,3.9163
26,Rest,436.8999999999942,0.0,3.9163
26,Rest,437.0,0.0,3.9162
26,Rest,437.1000000000058,0.0,3.9162
26,Rest,437.19999999998254,0.0,3.9162
26,Rest,437.29999999998836,0.0,3.9162
26,Rest,437.3999999999942,0.0,3.9162
26,Rest,437.5,0.0,3.9162
26,Rest,437.6000000000058,0.0,3.9162
26,Rest,437.70000000001164,0.0,3.9163
26,Rest,437.79999999998836,0.0,3.9162
26,Rest,437.8999999999942,0.0,3.9162
26,Rest,438.0,0.0,3.9162
26,Rest,438.1000000000058,0.0,3.9163
26,Rest,438.19999999998254,0.0,3.9163
26,Rest,438.29999999998836,0.0,3.9163
26,Rest,438.3999999999942,0.0,3.9163
26,Rest,438.5,0.0,3.9163
26,Rest,438.6000000000058,0.0,3.9163
26,Rest,438.70000000001164,0.0,3.9163
26,Rest,438.79999999998836,0.0,3.9163
26,Rest,438.8999999999942,0.0,3.9163
26,Rest,439.0,0.0,3.9163
26,Rest,439.1000000000058,0.0,3.9163
26,Rest,439.19999999998254,0.0,3.9163
26,Rest,439.29999999998836,0.0,3.9163
26,Rest,439.3999999999942,0.0,3.9163
26,Rest,439.5,0.0,3.9164
26,Rest,439.6000000000058,0.0,3.9164
26,Rest,439.70000000001164,0.0,3.9163
26,Rest,439.79999999998836,0.0,3.9163
26,Rest,439.8999999999942,0.0,3.9163
26,Rest,440.0,0.0,3.9163
26,Rest,440.1000000000058,0.0,3.9163
