Step,Step Type,"t,s","I,A","U,V"
35,CC DChg,0.0,-1.6984,3.7646
35,CC DChg,2.75,-1.6984,3.7646
35,CC DChg,3.0909090909117367,-1.6986,3.7641
35,CC DChg,3.4318181818525773,-1.699,3.7638
35,CC DChg,3.772727272764314,-1.6992,3.7632
35,CC DChg,4.113636363646947,-1.6993,3.7625
35,CC DChg,4.454545454558684,-1.6994,3.762
35,CC DChg,4.795454545441316,-1.6995,3.7616
35,CC DChg,5.136363636353053,-1.6995,3.7611
35,CC DChg,5.477272727293894,-1.6995,3.7607
35,CC DChg,5.818181818147423,-1.6996,3.7604
35,CC DChg,6.159090909088263,-1.6996,3.76
35,CC DChg,6.280991735548014,-1.6996,3.7597
35,CC DChg,6.402892562007764,-1.6996,3.7594
35,CC DChg,6.524793388438411,-1.6996,3.7591
35,CC DChg,6.646694214869058,-1.6996,3.7588
35,CC DChg,6.768595041328808,-1.6997,3.7585
35,CC DChg,6.890495867759455,-1.6997,3.7583
35,CC DChg,7.012396694248309,-1.6997,3.758
35,CC DChg,7.134297520649852,-1.6997,3.7578
35,CC DChg,7.256198347109603,-1.6997,3.7576
35,CC DChg,7.378099173569353,-1.6997,3.7573
35,CC DChg,7.480090157769155,-1.6997,3.7571
35,CC DChg,7.58208114199806,-1.6997,3.7569
35,CC DChg,7.6840721261978615,-1.6997,3.7567
35,CC DChg,7.786063110426767,-1.6997,3.7565
35,CC DChg,7.888054094626568,-1.6997,3.7563
35,CC DChg,7.990045078884577,-1.6997,3.7561
35,CC DChg,8.092036063113483,-1.6997,3.7559
35,CC DChg,8.194027047313284,-1.6998,3.7557
35,CC DChg,8.296018031571293,-1.6998,3.7555
35,CC DChg,8.398009015771095,-1.6998,3.7554
35,CC DChg,8.498190014361171,-1.6998,3.7552
35,CC DChg,8.59837101289304,-1.6998,3.755
35,CC DChg,8.698552011483116,-1.6998,3.7548
35,CC DChg,8.798733010044089,-1.6998,3.7546
35,CC DChg,8.898914008605061,-1.6998,3.7545
35,CC DChg,8.999095007195137,-1.6998,3.7543
35,CC DChg,9.099276005727006,-1.6998,3.7541
35,CC DChg,9.199457004287979,-1.6998,3.754
35,CC DChg,9.299638002878055,-1.6998,3.7538
35,CC DChg,9.399819001439027,-1.6998,3.7537
35,CC DChg,9.49983545584837,-1.6998,3.7535
35,CC DChg,9.599851910228608,-1.6998,3.7534
35,CC DChg,9.699868364696158,-1.6998,3.7532
35,CC DChg,9.7998848191055,-1.6998,3.753
35,CC DChg,9.899901273514843,-1.6998,3.7528
35,CC DChg,9.999917727924185,-1.6998,3.7527
35,CC DChg,10.099934182362631,-1.6998,3.7526
35,CC DChg,10.199950636771973,-1.6998,3.7525
35,CC DChg,10.29996709121042,-1.6998,3.7523
35,CC DChg,10.399983545590658,-1.6998,3.7521
35,CC DChg,10.499985041446052,-1.6998,3.752
35,CC DChg,10.599986537301447,-1.6998,3.7519
35,CC DChg,10.699988033185946,-1.6998,3.7517
35,CC DChg,10.799989529012237,-1.6998,3.7516
35,CC DChg,10.899991024867631,-1.6998,3.7515
35,CC DChg,10.999992520723026,-1.6998,3.7513
35,CC DChg,11.099994016549317,-1.6998,3.7512
35,CC DChg,11.199995512433816,-1.6998,3.7511
35,CC DChg,11.29999700828921,-1.6998,3.7509
35,CC DChg,11.399998504115501,-1.6998,3.7508
35,CC DChg,11.499998640094418,-1.6998,3.7506
35,CC DChg,11.599998776131542,-1.6998,3.7505
35,CC DChg,11.699998912110459,-1.6998,3.7504
35,CC DChg,11.799999048089376,-1.6998,3.7503
35,CC DChg,11.899999184068292,-1.6998,3.7501
35,CC DChg,11.999999320076313,-1.6998,3.75
35,CC DChg,12.099999456084333,-1.6998,3.7499
35,CC DChg,12.199999592034146,-1.6998,3.7498
35,CC DChg,12.299999728013063,-1.6998,3.7496
35,CC DChg,12.39999986399198,-1.6998,3.7495
35,CC DChg,12.499999876396032,-1.6998,3.7494
35,CC DChg,12.59999988877098,-1.6998,3.7493
35,CC DChg,12.699999901116826,-1.6998,3.7492
35,CC DChg,12.799999913433567,-1.6998,3.7491
35,CC DChg,12.89999992583762,-1.6998,3.7489
35,CC DChg,12.99999993815436,-1.6998,3.7488
35,CC DChg,13.099999950558413,-1.6998,3.7487
35,CC DChg,13.199999962904258,-1.6998,3.7486
35,CC DChg,13.299999975279206,-1.6998,3.7485
35,CC DChg,13.399999987654155,-1.6998,3.7483
35,CC DChg,13.499999988765921,-1.6998,3.7482
35,CC DChg,13.599999989877688,-1.6998,3.7481
35,CC DChg,13.699999990989454,-1.6998,3.748
35,CC DChg,13.799999992130324,-1.6998,3.7479
35,CC DChg,13.89999999324209,-1.6998,3.7478
35,CC DChg,13.999999994412065,-1.6998,3.7477
35,CC DChg,14.099999995494727,-1.6998,3.7476
35,CC DChg,14.199999996635597,-1.6998,3.7475
35,CC DChg,14.29999999771826,-1.6998,3.7474
35,CC DChg,14.399999998888234,-1.6998,3.7473
35,CC DChg,14.499999998952262,-1.6998,3.7471
35,CC DChg,14.599999999103602,-1.6998,3.747
35,CC DChg,14.699999999196734,-1.6998,3.7469
35,CC DChg,14.799999999289867,-1.6998,3.7468
35,CC DChg,14.899999999353895,-1.6998,3.7467
35,CC DChg,14.999999999505235,-1.6998,3.7466
35,CC DChg,15.099999999598367,-1.6998,3.7465
35,CC DChg,15.1999999996915,-1.6998,3.7464
35,CC DChg,15.299999999755528,-1.6998,3.7463
35,CC DChg,15.399999999906868,-1.6998,3.7462
35,CC DChg,15.499999999912689,-1.6998,3.7461
35,CC DChg,15.59999999991851,-1.6998,3.746
35,CC DChg,15.69999999992433,-1.6998,3.7459
35,CC DChg,15.799999999959255,-1.6998,3.7457
35,CC DChg,15.899999999965075,-1.6998,3.7457
35,CC DChg,16.0,-1.6998,3.7456
35,CC DChg,16.10000000000582,-1.6998,3.7455
35,CC DChg,16.20000000001164,-1.6998,3.7454
35,CC DChg,16.29999999998836,-1.6998,3.7453
35,CC DChg,16.39999999999418,-1.6998,3.7452
35,CC DChg,16.5,-1.6998,3.7451
35,CC DChg,16.60000000000582,-1.6998,3.745
35,CC DChg,16.70000000001164,-1.6998,3.7449
35,CC DChg,16.79999999998836,-1.6998,3.7448
35,CC DChg,16.89999999999418,-1.6998,3.7447
35,CC DChg,17.0,-1.6998,3.7446
35,CC DChg,17.10000000000582,-1.6998,3.7445
35,CC DChg,17.20000000001164,-1.6998,3.7444
35,CC DChg,17.29999999998836,-1.6998,3.7443
35,CC DChg,17.39999999999418,-1.6998,3.7442
35,CC DChg,17.5,-1.6998,3.7441
35,CC DChg,17.60000000000582,-1.6998,3.744
35,CC DChg,17.70000000001164,-1.6998,3.7439
35,CC DChg,17.79999999998836,-1.6998,3.7438
35,CC DChg,17.89999999999418,-1.6998,3.7437
35,CC DChg,18.0,-1.6998,3.7436
35,CC DChg,18.10000000000582,-1.6998,3.7436
35,CC DChg,18.20000000001164,-1.6998,3.7435
35,CC DChg,18.29999999998836,-1.6998,3.7434
35,CC DChg,18.39999999999418,-1.6998,3.7433
35,CC DChg,18.5,-1.6998,3.7432
35,CC DChg,18.60000000000582,-1.6998,3.7431
35,CC DChg,18.70000000001164,-1.6998,3.743
35,CC DChg,18.79999999998836,-1.6998,3.7429
35,CC DChg,18.89999999999418,-1.6998,3.7429
35,CC DChg,19.0,-1.6998,3.7428
35,CC DChg,19.10000000000582,-1.6998,3.7427
35,CC DChg,19.20000000001164,-1.6998,3.7426
35,CC DChg,19.29999999998836,-1.6998,3.7425
35,CC DChg,19.39999999999418,-1.6998,3.7424
35,CC DChg,19.5,-1.6998,3.7423
35,CC DChg,19.60000000000582,-1.6998,3.7422
35,CC DChg,19.70000000001164,-1.6998,3.7422
35,CC DChg,19.79999999998836,-1.6998,3.7421
35,CC DChg,19.89999999999418,-1.6998,3.742
35,CC DChg,20.0,-1.6998,3.7419
35,CC DChg,20.10000000000582,-1.6998,3.7418
35,CC DChg,20.20000000001164,-1.6998,3.7417
35,CC DChg,20.29999999998836,-1.6998,3.7417
35,CC DChg,20.39999999999418,-1.6998,3.7415
35,CC DChg,20.5,-1.6998,3.7415
35,CC DChg,20.60000000000582,-1.6998,3.7414
35,CC DChg,20.70000000001164,-1.6998,3.7414
35,CC DChg,20.79999999998836,-1.6998,3.7413
35,CC DChg,20.89999999999418,-1.6998,3.7412
35,CC DChg,21.0,-1.6998,3.7411
35,CC DChg,21.10000000000582,-1.6998,3.741
35,CC DChg,21.20000000001164,-1.6998,3.7409
35,CC DChg,21.29999999998836,-1.6998,3.7409
35,CC DChg,21.39999999999418,-1.6998,3.7408
35,CC DChg,21.5,-1.6998,3.7407
35,CC DChg,21.60000000000582,-1.6998,3.7406
35,CC DChg,21.70000000001164,-1.6998,3.7405
35,CC DChg,21.79999999998836,-1.6998,3.7405
35,CC DChg,21.89999999999418,-1.6998,3.7404
35,CC DChg,22.0,-1.6998,3.7403
35,CC DChg,22.10000000000582,-1.6998,3.7403
35,CC DChg,22.20000000001164,-1.6998,3.7402
35,CC DChg,22.29999999998836,-1.6998,3.7401
35,CC DChg,22.39999999999418,-1.6998,3.74
35,CC DChg,22.5,-1.6998,3.74
35,CC DChg,22.60000000000582,-1.6998,3.7398
35,CC DChg,22.70000000001164,-1.6998,3.7398
35,CC DChg,22.79999999998836,-1.6998,3.7397
35,CC DChg,22.89999999999418,-1.6998,3.7396
35,CC DChg,23.0,-1.6998,3.7396
35,CC DChg,23.10000000000582,-1.6998,3.7395
35,CC DChg,23.20000000001164,-1.6998,3.7394
35,CC DChg,23.29999999998836,-1.6998,3.7393
35,CC DChg,23.39999999999418,-1.6998,3.7392
35,CC DChg,23.5,-1.6998,3.7392
35,CC DChg,23.60000000000582,-1.6998,3.7391
35,CC DChg,23.70000000001164,-1.6998,3.739
35,CC DChg,23.79999999998836,-1.6998,3.7389
35,CC DChg,23.89999999999418,-1.6998,3.7389
35,CC DChg,24.0,-1.6998,3.7388
35,CC DChg,24.10000000000582,-1.6998,3.7387
35,CC DChg,24.20000000001164,-1.6998,3.7387
35,CC DChg,24.29999999998836,-1.6998,3.7386
35,CC DChg,24.39999999999418,-1.6998,3.7385
35,CC DChg,24.5,-1.6998,3.7384
35,CC DChg,24.60000000000582,-1.6998,3.7383
35,CC DChg,24.70000000001164,-1.6998,3.7383
35,CC DChg,24.79999999998836,-1.6998,3.7382
35,CC DChg,24.89999999999418,-1.6998,3.7381
35,CC DChg,25.0,-1.6998,3.738
35,CC DChg,25.10000000000582,-1.6998,3.738
35,CC DChg,25.20000000001164,-1.6998,3.7379
35,CC DChg,25.29999999998836,-1.6998,3.7378
35,CC DChg,25.39999999999418,-1.6998,3.7377
35,CC DChg,25.5,-1.6998,3.7377
35,CC DChg,25.60000000000582,-1.6998,3.7376
35,CC DChg,25.70000000001164,-1.6998,3.7376
35,CC DChg,25.79999999998836,-1.6998,3.7375
35,CC DChg,25.89999999999418,-1.6998,3.7375
35,CC DChg,26.0,-1.6998,3.7374
35,CC DChg,26.10000000000582,-1.6998,3.7373
35,CC DChg,26.20000000001164,-1.6998,3.7372
35,CC DChg,26.29999999998836,-1.6998,3.7371
35,CC DChg,26.39999999999418,-1.6998,3.7371
35,CC DChg,26.5,-1.6998,3.737
35,CC DChg,26.60000000000582,-1.6998,3.7369
35,CC DChg,26.70000000001164,-1.6998,3.7369
35,CC DChg,26.79999999998836,-1.6998,3.7368
35,CC DChg,26.89999999999418,-1.6998,3.7367
35,CC DChg,27.0,-1.6998,3.7366
35,CC DChg,27.10000000000582,-1.6998,3.7366
35,CC DChg,27.20000000001164,-1.6998,3.7365
35,CC DChg,27.29999999998836,-1.6998,3.7364
35,CC DChg,27.39999999999418,-1.6998,3.7364
35,CC DChg,27.5,-1.6998,3.7363
35,CC DChg,27.60000000000582,-1.6998,3.7362
35,CC DChg,27.70000000001164,-1.6998,3.7362
35,CC DChg,27.79999999998836,-1.6999,3.7361
35,CC DChg,27.89999999999418,-1.6999,3.7361
35,CC DChg,28.0,-1.6999,3.736
35,CC DChg,28.10000000000582,-1.6999,3.736
35,CC DChg,28.20000000001164,-1.6999,3.7359
35,CC DChg,28.29999999998836,-1.6999,3.7358
35,CC DChg,28.39999999999418,-1.6999,3.7357
35,CC DChg,28.5,-1.6999,3.7357
35,CC DChg,28.60000000000582,-1.6999,3.7356
35,CC DChg,28.70000000001164,-1.6999,3.7355
35,CC DChg,28.79999999998836,-1.6999,3.7355
35,CC DChg,28.89999999999418,-1.6999,3.7354
35,CC DChg,29.0,-1.6999,3.7354
35,CC DChg,29.10000000000582,-1.6999,3.7353
35,CC DChg,29.20000000001164,-1.6999,3.7352
35,CC DChg,29.29999999998836,-1.6999,3.7351
35,CC DChg,29.39999999999418,-1.6999,3.735
35,CC DChg,29.5,-1.6999,3.735
35,CC DChg,29.60000000000582,-1.6999,3.735
35,CC DChg,29.70000000001164,-1.6999,3.7349
35,CC DChg,29.79999999998836,-1.6999,3.7348
35,CC DChg,29.89999999999418,-1.6999,3.7348
35,CC DChg,30.0,-1.6999,3.7347
35,CC DChg,30.10000000000582,-1.6999,3.7346
35,CC DChg,30.20000000001164,-1.6999,3.7346
35,CC DChg,30.29999999998836,-1.6999,3.7345
35,CC DChg,30.39999999999418,-1.6999,3.7344
35,CC DChg,30.5,-1.6999,3.7344
35,CC DChg,30.60000000000582,-1.6999,3.7343
35,CC DChg,30.70000000001164,-1.6999,3.7342
35,CC DChg,30.79999999998836,-1.6999,3.7342
35,CC DChg,30.89999999999418,-1.6999,3.7342
35,CC DChg,31.0,-1.6999,3.7341
35,CC DChg,31.10000000000582,-1.6999,3.734
35,CC DChg,31.20000000001164,-1.6999,3.7339
35,CC DChg,31.29999999998836,-1.6999,3.7339
35,CC DChg,31.39999999999418,-1.6999,3.7338
35,CC DChg,31.5,-1.6999,3.7338
35,CC DChg,31.60000000000582,-1.6999,3.7338
35,CC DChg,31.70000000001164,-1.6999,3.7336
35,CC DChg,31.79999999998836,-1.6999,3.7336
35,CC DChg,31.89999999999418,-1.6999,3.7336
35,CC DChg,32.0,-1.6999,3.7335
35,CC DChg,32.10000000000582,-1.6999,3.7334
35,CC DChg,32.20000000001164,-1.6999,3.7334
35,CC DChg,32.29999999998836,-1.6999,3.7333
35,CC DChg,32.39999999999418,-1.6999,3.7332
35,CC DChg,32.5,-1.6999,3.7332
35,CC DChg,32.60000000000582,-1.6999,3.7331
35,CC DChg,32.70000000001164,-1.6999,3.7331
35,CC DChg,32.79999999998836,-1.6999,3.733
35,CC DChg,32.89999999999418,-1.6999,3.7329
35,CC DChg,33.0,-1.6999,3.7329
35,CC DChg,33.10000000000582,-1.6999,3.7329
35,CC DChg,33.20000000001164,-1.6999,3.7328
35,CC DChg,33.29999999998836,-1.6999,3.7327
35,CC DChg,33.39999999999418,-1.6999,3.7327
35,CC DChg,33.5,-1.6999,3.7326
35,CC DChg,33.60000000000582,-1.6999,3.7326
35,CC DChg,33.70000000001164,-1.7,3.7325
35,CC DChg,33.79999999998836,-1.7,3.7325
35,CC DChg,33.89999999999418,-1.7,3.7324
35,CC DChg,34.0,-1.7,3.7324
35,CC DChg,34.10000000000582,-1.7,3.7323
35,CC DChg,34.20000000001164,-1.7,3.7323
35,CC DChg,34.29999999998836,-1.7,3.7322
35,CC DChg,34.39999999999418,-1.7,3.7321
35,CC DChg,34.5,-1.7,3.732
35,CC DChg,34.60000000000582,-1.7,3.732
35,CC DChg,34.70000000001164,-1.7,3.7319
35,CC DChg,34.79999999998836,-1.7,3.7319
35,CC DChg,34.89999999999418,-1.7,3.7318
35,CC DChg,35.0,-1.7,3.7318
35,CC DChg,35.10000000000582,-1.7,3.7317
35,CC DChg,35.20000000001164,-1.7,3.7317
35,CC DChg,35.29999999998836,-1.7,3.7316
35,CC DChg,35.39999999999418,-1.7,3.7315
35,CC DChg,35.5,-1.7,3.7315
35,CC DChg,35.60000000000582,-1.7,3.7314
35,CC DChg,35.70000000001164,-1.7,3.7314
35,CC DChg,35.79999999998836,-1.7,3.7313
35,CC DChg,35.89999999999418,-1.7,3.7313
35,CC DChg,36.0,-1.7,3.7312
35,CC DChg,36.10000000000582,-1.7,3.7312
35,CC DChg,36.20000000001164,-1.7,3.7311
35,CC DChg,36.29999999998836,-1.7,3.7311
35,CC DChg,36.39999999999418,-1.7,3.731
35,CC DChg,36.5,-1.7,3.731
35,CC DChg,36.60000000000582,-1.7,3.7309
35,CC DChg,36.70000000001164,-1.7,3.7308
35,CC DChg,36.79999999998836,-1.7,3.7308
35,CC DChg,36.89999999999418,-1.7,3.7308
35,CC DChg,37.0,-1.7,3.7307
35,CC DChg,37.10000000000582,-1.7,3.7307
35,CC DChg,37.20000000001164,-1.7,3.7306
35,CC DChg,37.29999999998836,-1.7,3.7306
35,CC DChg,37.39999999999418,-1.7,3.7305
35,CC DChg,37.5,-1.7,3.7304
35,CC DChg,37.60000000000582,-1.7,3.7304
35,CC DChg,37.70000000001164,-1.7,3.7304
35,CC DChg,37.79999999998836,-1.7,3.7303
35,CC DChg,37.89999999999418,-1.7,3.7303
35,CC DChg,38.0,-1.7,3.7302
35,CC DChg,38.10000000000582,-1.7,3.7301
35,CC DChg,38.20000000001164,-1.7,3.7301
35,CC DChg,38.29999999998836,-1.7,3.7301
35,CC DChg,38.39999999999418,-1.7,3.73
35,CC DChg,38.5,-1.7,3.73
35,CC DChg,38.60000000000582,-1.7,3.7299
35,CC DChg,38.70000000001164,-1.7,3.7299
35,CC DChg,38.79999999998836,-1.7,3.7298
35,CC DChg,38.89999999999418,-1.6999,3.7298
35,CC DChg,39.0,-1.6999,3.7297
35,CC DChg,39.10000000000582,-1.6999,3.7297
35,CC DChg,39.20000000001164,-1.6999,3.7296
35,CC DChg,39.29999999998836,-1.6999,3.7296
35,CC DChg,39.39999999999418,-1.6999,3.7295
35,CC DChg,39.5,-1.6999,3.7295
35,CC DChg,39.60000000000582,-1.6999,3.7294
35,CC DChg,39.70000000001164,-1.6999,3.7294
35,CC DChg,39.79999999998836,-1.6999,3.7293
35,CC DChg,39.89999999999418,-1.6999,3.7293
35,CC DChg,40.0,-1.6999,3.7292
35,CC DChg,40.10000000000582,-1.6999,3.7292
35,CC DChg,40.20000000001164,-1.6999,3.7291
35,CC DChg,40.29999999998836,-1.6999,3.7291
35,CC DChg,40.39999999999418,-1.6999,3.7291
35,CC DChg,40.5,-1.6999,3.729
35,CC DChg,40.60000000000582,-1.6999,3.7289
35,CC DChg,40.70000000001164,-1.6999,3.7289
35,CC DChg,40.79999999998836,-1.6999,3.7288
35,CC DChg,40.89999999999418,-1.6999,3.7288
35,CC DChg,41.0,-1.6999,3.7288
35,CC DChg,41.10000000000582,-1.6999,3.7287
35,CC DChg,41.20000000001164,-1.6999,3.7287
35,CC DChg,41.29999999998836,-1.6999,3.7286
35,CC DChg,41.39999999999418,-1.6999,3.7286
35,CC DChg,41.5,-1.6999,3.7285
35,CC DChg,41.60000000000582,-1.6999,3.7285
35,CC DChg,41.70000000001164,-1.6999,3.7284
35,CC DChg,41.79999999998836,-1.6999,3.7284
35,CC DChg,41.89999999999418,-1.6999,3.7283
35,CC DChg,42.0,-1.6999,3.7283
35,CC DChg,42.10000000000582,-1.6999,3.7283
35,CC DChg,42.20000000001164,-1.6999,3.7282
35,CC DChg,42.29999999998836,-1.6999,3.7281
35,CC DChg,42.39999999999418,-1.6999,3.7281
35,CC DChg,42.5,-1.6999,3.728
35,CC DChg,42.60000000000582,-1.6999,3.728
35,CC DChg,42.70000000001164,-1.6999,3.7279
35,CC DChg,42.79999999998836,-1.6999,3.7279
35,CC DChg,42.89999999999418,-1.6999,3.7279
35,CC DChg,43.0,-1.6999,3.7278
35,CC DChg,43.10000000000582,-1.6999,3.7278
35,CC DChg,43.20000000001164,-1.6999,3.7277
35,CC DChg,43.29999999998836,-1.6999,3.7277
35,CC DChg,43.39999999999418,-1.6999,3.7277
35,CC DChg,43.5,-1.6999,3.7276
35,CC DChg,43.60000000000582,-1.6999,3.7276
35,CC DChg,43.70000000001164,-1.6999,3.7275
35,CC DChg,43.79999999998836,-1.6999,3.7275
35,CC DChg,43.89999999999418,-1.6999,3.7274
35,CC DChg,44.0,-1.6999,3.7274
35,CC DChg,44.10000000000582,-1.6999,3.7273
35,CC DChg,44.20000000001164,-1.6999,3.7273
35,CC DChg,44.29999999998836,-1.6999,3.7272
35,CC DChg,44.39999999999418,-1.6998,3.7272
35,CC DChg,44.5,-1.6998,3.7272
35,CC DChg,44.60000000000582,-1.6998,3.7271
35,CC DChg,44.70000000001164,-1.6998,3.7271
35,CC DChg,44.79999999998836,-1.6998,3.727
35,CC DChg,44.89999999999418,-1.6998,3.727
35,CC DChg,45.0,-1.6998,3.727
35,CC DChg,45.10000000000582,-1.6998,3.7269
35,CC DChg,45.20000000001164,-1.6998,3.7269
35,CC DChg,45.29999999998836,-1.6998,3.7268
35,CC DChg,45.39999999999418,-1.6998,3.7268
35,CC DChg,45.5,-1.6998,3.7268
35,CC DChg,45.60000000000582,-1.6998,3.7267
35,CC DChg,45.70000000001164,-1.6998,3.7267
35,CC DChg,45.79999999998836,-1.6998,3.7266
35,CC DChg,45.89999999999418,-1.6998,3.7266
35,CC DChg,46.0,-1.6998,3.7265
35,CC DChg,46.10000000000582,-1.6998,3.7265
35,CC DChg,46.20000000001164,-1.6998,3.7264
35,CC DChg,46.29999999998836,-1.6998,3.7264
35,CC DChg,46.39999999999418,-1.6998,3.7263
35,CC DChg,46.5,-1.6998,3.7263
35,CC DChg,46.60000000000582,-1.6998,3.7263
35,CC DChg,46.70000000001164,-1.6998,3.7262
35,CC DChg,46.79999999998836,-1.6998,3.7262
35,CC DChg,46.89999999999418,-1.6998,3.7262
35,CC DChg,47.0,-1.6998,3.7261
35,CC DChg,47.10000000000582,-1.6998,3.7261
35,CC DChg,47.20000000001164,-1.6998,3.726
35,CC DChg,47.29999999998836,-1.6998,3.726
35,CC DChg,47.39999999999418,-1.6998,3.7259
35,CC DChg,47.5,-1.6998,3.7259
35,CC DChg,47.60000000000582,-1.6998,3.7259
35,CC DChg,47.70000000001164,-1.6998,3.7259
35,CC DChg,47.79999999998836,-1.6998,3.7258
35,CC DChg,47.89999999999418,-1.6998,3.7258
35,CC DChg,48.0,-1.6998,3.7257
35,CC DChg,48.10000000000582,-1.6998,3.7257
35,CC DChg,48.20000000001164,-1.6998,3.7256
35,CC DChg,48.29999999998836,-1.6998,3.7256
35,CC DChg,48.39999999999418,-1.6998,3.7255
35,CC DChg,48.5,-1.6998,3.7255
35,CC DChg,48.60000000000582,-1.6998,3.7254
35,CC DChg,48.70000000001164,-1.6998,3.7254
35,CC DChg,48.79999999998836,-1.6998,3.7254
35,CC DChg,48.89999999999418,-1.6998,3.7253
35,CC DChg,49.0,-1.6998,3.7253
35,CC DChg,49.10000000000582,-1.6998,3.7253
35,CC DChg,49.20000000001164,-1.6998,3.7252
35,CC DChg,49.29999999998836,-1.6998,3.7252
35,CC DChg,49.39999999999418,-1.6998,3.7251
35,CC DChg,49.5,-1.6998,3.7251
35,CC DChg,49.60000000000582,-1.6998,3.725
35,CC DChg,49.70000000001164,-1.6998,3.725
35,CC DChg,49.79999999998836,-1.6998,3.725
35,CC DChg,49.89999999999418,-1.6998,3.7249
35,CC DChg,50.0,-1.6998,3.7249
35,CC DChg,50.10000000000582,-1.6998,3.7248
35,CC DChg,50.20000000001164,-1.6998,3.7248
35,CC DChg,50.29999999998836,-1.6998,3.7248
35,CC DChg,50.39999999999418,-1.6998,3.7247
35,CC DChg,50.5,-1.6998,3.7247
35,CC DChg,50.60000000000582,-1.6998,3.7246
35,CC DChg,50.70000000001164,-1.6998,3.7246
35,CC DChg,50.79999999998836,-1.6998,3.7245
35,CC DChg,50.89999999999418,-1.6998,3.7245
35,CC DChg,51.0,-1.6998,3.7245
35,CC DChg,51.10000000000582,-1.6998,3.7244
35,CC DChg,51.20000000001164,-1.6998,3.7244
35,CC DChg,51.29999999998836,-1.6998,3.7244
35,CC DChg,51.39999999999418,-1.6998,3.7243
35,CC DChg,51.5,-1.6998,3.7243
35,CC DChg,51.60000000000582,-1.6998,3.7243
35,CC DChg,51.70000000001164,-1.6998,3.7242
35,CC DChg,51.79999999998836,-1.6998,3.7241
35,CC DChg,51.89999999999418,-1.6998,3.7241
35,CC DChg,52.0,-1.6998,3.7241
35,CC DChg,52.10000000000582,-1.6998,3.7241
35,CC DChg,52.20000000001164,-1.6998,3.724
35,CC DChg,52.29999999998836,-1.6998,3.724
35,CC DChg,52.39999999999418,-1.6998,3.7239
35,CC DChg,52.5,-1.6998,3.7239
35,CC DChg,52.60000000000582,-1.6998,3.7239
35,CC DChg,52.70000000001164,-1.6998,3.7238
35,CC DChg,52.79999999998836,-1.6998,3.7238
35,CC DChg,52.89999999999418,-1.6999,3.7238
35,CC DChg,53.0,-1.6999,3.7238
35,CC DChg,53.10000000000582,-1.6999,3.7237
35,CC DChg,53.20000000001164,-1.6999,3.7236
35,CC DChg,53.29999999998836,-1.6999,3.7236
35,CC DChg,53.39999999999418,-1.6999,3.7236
35,CC DChg,53.5,-1.6999,3.7235
35,CC DChg,53.60000000000582,-1.6999,3.7235
35,CC DChg,53.70000000001164,-1.6999,3.7235
35,CC DChg,53.79999999998836,-1.6999,3.7234
35,CC DChg,53.89999999999418,-1.6999,3.7234
35,CC DChg,54.0,-1.6999,3.7234
35,CC DChg,54.10000000000582,-1.6999,3.7233
35,CC DChg,54.20000000001164,-1.6999,3.7233
35,CC DChg,54.29999999998836,-1.6999,3.7233
35,CC DChg,54.39999999999418,-1.6999,3.7232
35,CC DChg,54.5,-1.6999,3.7232
35,CC DChg,54.60000000000582,-1.6999,3.7231
35,CC DChg,54.70000000001164,-1.6999,3.7231
35,CC DChg,54.79999999998836,-1.6999,3.7231
35,CC DChg,54.89999999999418,-1.6999,3.723
35,CC DChg,55.0,-1.6999,3.723
35,CC DChg,55.10000000000582,-1.6999,3.723
35,CC DChg,55.20000000001164,-1.6999,3.7229
35,CC DChg,55.29999999998836,-1.6999,3.7229
35,CC DChg,55.39999999999418,-1.6999,3.7229
35,CC DChg,55.5,-1.6998,3.7229
35,CC DChg,55.60000000000582,-1.6998,3.7228
35,CC DChg,55.70000000001164,-1.6998,3.7228
35,CC DChg,55.79999999998836,-1.6998,3.7227
35,CC DChg,55.89999999999418,-1.6998,3.7227
35,CC DChg,56.0,-1.6998,3.7227
35,CC DChg,56.10000000000582,-1.6998,3.7226
35,CC DChg,56.20000000001164,-1.6998,3.7226
35,CC DChg,56.29999999998836,-1.6998,3.7226
35,CC DChg,56.39999999999418,-1.6998,3.7225
35,CC DChg,56.5,-1.6998,3.7224
35,CC DChg,56.60000000000582,-1.6998,3.7224
35,CC DChg,56.70000000001164,-1.6998,3.7224
35,CC DChg,56.79999999998836,-1.6998,3.7224
35,CC DChg,56.89999999999418,-1.6998,3.7224
35,CC DChg,57.0,-1.6998,3.7223
35,CC DChg,57.10000000000582,-1.6998,3.7223
35,CC DChg,57.20000000001164,-1.6998,3.7222
35,CC DChg,57.29999999998836,-1.6998,3.7222
35,CC DChg,57.39999999999418,-1.6998,3.7222
35,CC DChg,57.5,-1.6998,3.7222
35,CC DChg,57.60000000000582,-1.6998,3.7221
35,CC DChg,57.70000000001164,-1.6998,3.7221
35,CC DChg,57.79999999998836,-1.6998,3.7221
35,CC DChg,57.89999999999418,-1.6998,3.722
35,CC DChg,58.0,-1.6998,3.722
35,CC DChg,58.10000000000582,-1.6998,3.722
35,CC DChg,58.20000000001164,-1.6998,3.7219
35,CC DChg,58.29999999998836,-1.6998,3.7219
35,CC DChg,58.39999999999418,-1.6998,3.7218
35,CC DChg,58.5,-1.6998,3.7218
35,CC DChg,58.60000000000582,-1.6998,3.7218
35,CC DChg,58.70000000001164,-1.6998,3.7217
35,CC DChg,58.79999999998836,-1.6998,3.7217
35,CC DChg,58.89999999999418,-1.6998,3.7216
35,CC DChg,59.0,-1.6998,3.7216
35,CC DChg,59.10000000000582,-1.6998,3.7216
35,CC DChg,59.20000000001164,-1.6998,3.7216
35,CC DChg,59.29999999998836,-1.6998,3.7215
35,CC DChg,59.39999999999418,-1.6998,3.7215
35,CC DChg,59.5,-1.6998,3.7215
35,CC DChg,59.60000000000582,-1.6998,3.7214
35,CC DChg,59.70000000001164,-1.6998,3.7214
35,CC DChg,59.79999999998836,-1.6998,3.7214
35,CC DChg,59.89999999999418,-1.6998,3.7213
35,CC DChg,60.0,-1.6998,3.7213
35,CC DChg,60.10000000000582,-1.6998,3.7213
35,CC DChg,60.20000000001164,-1.6998,3.7212
35,CC DChg,60.29999999998836,-1.6998,3.7212
35,CC DChg,60.39999999999418,-1.6998,3.7211
35,CC DChg,60.5,-1.6998,3.7211
35,CC DChg,60.60000000000582,-1.6998,3.7211
35,CC DChg,60.70000000001164,-1.6998,3.7211
35,CC DChg,60.79999999998836,-1.6998,3.721
35,CC DChg,60.89999999999418,-1.6998,3.721
35,CC DChg,61.0,-1.6998,3.721
35,CC DChg,61.10000000000582,-1.6998,3.721
35,CC DChg,61.20000000001164,-1.6998,3.7209
35,CC DChg,61.29999999998836,-1.6998,3.7209
35,CC DChg,61.39999999999418,-1.6998,3.7209
35,CC DChg,61.5,-1.6998,3.7208
35,CC DChg,61.60000000000582,-1.6998,3.7208
35,CC DChg,61.70000000001164,-1.6998,3.7208
35,CC DChg,61.79999999998836,-1.6998,3.7207
35,CC DChg,61.89999999999418,-1.6998,3.7207
35,CC DChg,62.0,-1.6998,3.7206
35,CC DChg,62.10000000000582,-1.6999,3.7206
35,CC DChg,62.20000000001164,-1.6999,3.7206
35,CC DChg,62.29999999998836,-1.6999,3.7205
35,CC DChg,62.39999999999418,-1.6999,3.7205
35,CC DChg,62.5,-1.6999,3.7205
35,CC DChg,62.60000000000582,-1.6999,3.7205
35,CC DChg,62.70000000001164,-1.6999,3.7204
35,CC DChg,62.79999999998836,-1.6999,3.7204
35,CC DChg,62.89999999999418,-1.6999,3.7204
35,CC DChg,63.0,-1.6999,3.7204
35,CC DChg,63.10000000000582,-1.6999,3.7203
35,CC DChg,63.20000000001164,-1.6998,3.7203
35,CC DChg,63.29999999998836,-1.6998,3.7202
35,CC DChg,63.39999999999418,-1.6998,3.7202
35,CC DChg,63.5,-1.6998,3.7202
35,CC DChg,63.60000000000582,-1.6998,3.7202
35,CC DChg,63.70000000001164,-1.6998,3.7201
35,CC DChg,63.79999999998836,-1.6999,3.7201
35,CC DChg,63.89999999999418,-1.6999,3.7201
35,CC DChg,64.0,-1.6999,3.7201
35,CC DChg,64.10000000000582,-1.6999,3.72
35,CC DChg,64.20000000001164,-1.6999,3.72
35,CC DChg,64.29999999998836,-1.6999,3.72
35,CC DChg,64.39999999999418,-1.6999,3.7199
35,CC DChg,64.5,-1.6999,3.7199
35,CC DChg,64.60000000000582,-1.6999,3.7198
35,CC DChg,64.70000000001164,-1.6999,3.7198
35,CC DChg,64.79999999998836,-1.6999,3.7198
35,CC DChg,64.89999999999418,-1.6999,3.7198
35,CC DChg,65.0,-1.6999,3.7197
35,CC DChg,65.10000000000582,-1.6999,3.7197
35,CC DChg,65.20000000001164,-1.6999,3.7197
35,CC DChg,65.29999999998836,-1.6999,3.7197
35,CC DChg,65.39999999999418,-1.6999,3.7196
35,CC DChg,65.5,-1.6999,3.7196
35,CC DChg,65.60000000000582,-1.6999,3.7195
35,CC DChg,65.70000000001164,-1.6999,3.7195
35,CC DChg,65.79999999998836,-1.6999,3.7195
35,CC DChg,65.89999999999418,-1.6999,3.7195
35,CC DChg,66.0,-1.6999,3.7194
35,CC DChg,66.10000000000582,-1.6999,3.7194
35,CC DChg,66.20000000001164,-1.6999,3.7193
35,CC DChg,66.29999999998836,-1.6999,3.7193
35,CC DChg,66.39999999999418,-1.6999,3.7193
35,CC DChg,66.5,-1.6999,3.7193
35,CC DChg,66.60000000000582,-1.6999,3.7193
35,CC DChg,66.70000000001164,-1.6999,3.7193
35,CC DChg,66.79999999998836,-1.6999,3.7192
35,CC DChg,66.89999999999418,-1.6999,3.7192
35,CC DChg,67.0,-1.6999,3.7191
35,CC DChg,67.10000000000582,-1.6999,3.7191
35,CC DChg,67.20000000001164,-1.6999,3.719
35,CC DChg,67.29999999998836,-1.6999,3.719
35,CC DChg,67.39999999999418,-1.6999,3.719
35,CC DChg,67.5,-1.6999,3.719
35,CC DChg,67.60000000000582,-1.6999,3.7189
35,CC DChg,67.70000000001164,-1.6999,3.7189
35,CC DChg,67.79999999998836,-1.6999,3.7189
35,CC DChg,67.89999999999418,-1.6999,3.7189
35,CC DChg,68.0,-1.6999,3.7188
35,CC DChg,68.10000000000582,-1.6999,3.7188
35,CC DChg,68.20000000001164,-1.6999,3.7187
35,CC DChg,68.29999999998836,-1.6999,3.7187
35,CC DChg,68.39999999999418,-1.6999,3.7187
35,CC DChg,68.5,-1.6999,3.7186
35,CC DChg,68.60000000000582,-1.6999,3.7186
35,CC DChg,68.70000000001164,-1.6999,3.7186
35,CC DChg,68.79999999998836,-1.6999,3.7186
35,CC DChg,68.89999999999418,-1.6999,3.7185
35,CC DChg,69.0,-1.6999,3.7185
35,CC DChg,69.10000000000582,-1.6999,3.7185
35,CC DChg,69.20000000001164,-1.6999,3.7184
35,CC DChg,69.29999999998836,-1.6999,3.7184
35,CC DChg,69.39999999999418,-1.6999,3.7184
35,CC DChg,69.5,-1.6999,3.7184
35,CC DChg,69.60000000000582,-1.6999,3.7183
35,CC DChg,69.70000000001164,-1.6999,3.7183
35,CC DChg,69.79999999998836,-1.6999,3.7183
35,CC DChg,69.89999999999418,-1.6999,3.7183
35,CC DChg,70.0,-1.6999,3.7182
35,CC DChg,70.10000000000582,-1.6999,3.7182
35,CC DChg,70.20000000001164,-1.6999,3.7182
35,CC DChg,70.29999999998836,-1.6999,3.7181
35,CC DChg,70.39999999999418,-1.6999,3.7181
35,CC DChg,70.5,-1.6999,3.7181
35,CC DChg,70.60000000000582,-1.6999,3.718
35,CC DChg,70.70000000001164,-1.6999,3.718
35,CC DChg,70.79999999998836,-1.6999,3.718
35,CC DChg,70.89999999999418,-1.6999,3.718
35,CC DChg,71.0,-1.6999,3.718
35,CC DChg,71.10000000000582,-1.6999,3.7179
35,CC DChg,71.20000000001164,-1.6999,3.7179
35,CC DChg,71.29999999998836,-1.6999,3.7179
35,CC DChg,71.39999999999418,-1.6999,3.7178
35,CC DChg,71.5,-1.6999,3.7178
35,CC DChg,71.60000000000582,-1.6999,3.7178
35,CC DChg,71.70000000001164,-1.6999,3.7177
35,CC DChg,71.79999999998836,-1.6999,3.7177
35,CC DChg,71.89999999999418,-1.6999,3.7177
35,CC DChg,72.0,-1.6999,3.7176
35,CC DChg,72.10000000000582,-1.6999,3.7176
35,CC DChg,72.20000000001164,-1.6999,3.7176
35,CC DChg,72.29999999998836,-1.6999,3.7176
35,CC DChg,72.39999999999418,-1.6999,3.7175
35,CC DChg,72.5,-1.6999,3.7175
35,CC DChg,72.60000000000582,-1.6999,3.7175
35,CC DChg,72.70000000001164,-1.6999,3.7174
35,CC DChg,72.79999999998836,-1.6999,3.7174
35,CC DChg,72.89999999999418,-1.6999,3.7174
35,CC DChg,73.0,-1.6999,3.7174
35,CC DChg,73.10000000000582,-1.6999,3.7173
35,CC DChg,73.20000000001164,-1.6999,3.7173
35,CC DChg,73.29999999998836,-1.6999,3.7173
35,CC DChg,73.39999999999418,-1.6999,3.7173
35,CC DChg,73.5,-1.6999,3.7172
35,CC DChg,73.60000000000582,-1.6999,3.7172
35,CC DChg,73.70000000001164,-1.6999,3.7172
35,CC DChg,73.79999999998836,-1.6999,3.7171
35,CC DChg,73.89999999999418,-1.6999,3.7171
35,CC DChg,74.0,-1.6999,3.7171
35,CC DChg,74.10000000000582,-1.6999,3.7171
35,CC DChg,74.20000000001164,-1.6999,3.717
35,CC DChg,74.29999999998836,-1.6999,3.717
35,CC DChg,74.39999999999418,-1.6999,3.717
35,CC DChg,74.5,-1.6999,3.717
35,CC DChg,74.60000000000582,-1.6999,3.7169
35,CC DChg,74.70000000001164,-1.6999,3.7169
35,CC DChg,74.79999999998836,-1.6999,3.7169
35,CC DChg,74.89999999999418,-1.6999,3.7169
35,CC DChg,75.0,-1.6999,3.7168
35,CC DChg,75.10000000000582,-1.6999,3.7168
35,CC DChg,75.20000000001164,-1.6999,3.7168
35,CC DChg,75.29999999998836,-1.6999,3.7167
35,CC DChg,75.39999999999418,-1.6999,3.7167
35,CC DChg,75.5,-1.6999,3.7167
35,CC DChg,75.60000000000582,-1.6999,3.7167
35,CC DChg,75.70000000001164,-1.6999,3.7166
35,CC DChg,75.79999999998836,-1.6999,3.7166
35,CC DChg,75.89999999999418,-1.6999,3.7166
35,CC DChg,76.0,-1.6999,3.7166
35,CC DChg,76.10000000000582,-1.6999,3.7165
35,CC DChg,76.20000000001164,-1.6999,3.7165
35,CC DChg,76.29999999998836,-1.6999,3.7165
35,CC DChg,76.39999999999418,-1.6999,3.7165
35,CC DChg,76.4916666666686,-1.6999,3.7164
35,CC DChg,76.58333333331393,-1.6999,3.7164
35,CC DChg,76.67499999998836,-1.6999,3.7164
35,CC DChg,76.76666666663368,-1.6999,3.7164
35,CC DChg,76.85833333330811,-1.6999,3.7164
35,CC DChg,76.95000000001164,-1.6999,3.7163
35,CC DChg,77.04166666662786,-1.6999,3.7163
35,CC DChg,77.1333333333314,-1.6999,3.7162
35,CC DChg,77.22500000000582,-1.6999,3.7162
36,Rest,77.31666666665114,0.0,3.7718
36,Rest,77.40833333332557,0.0,3.7718
36,Rest,77.5075757575978,0.0,3.7722
36,Rest,77.60681818181183,0.0,3.7726
36,Rest,77.70606060602586,0.0,3.7731
36,Rest,77.80530303029809,0.0,3.7735
36,Rest,77.90454545451212,0.0,3.7739
36,Rest,78.00378787881345,0.0,3.7742
36,Rest,78.10303030302748,0.0,3.7745
36,Rest,78.20227272727061,0.0,3.7747
36,Rest,78.30151515151374,0.0,3.775
36,Rest,78.40075757575687,0.0,3.7752
36,Rest,78.5006887052441,0.0,3.7754
36,Rest,78.60061983470223,0.0,3.7756
36,Rest,78.70055096418946,0.0,3.7758
36,Rest,78.80048209367669,0.0,3.776
36,Rest,78.90041322316392,0.0,3.7761
36,Rest,79.00034435265115,0.0,3.7763
36,Rest,79.10027548208018,0.0,3.7764
36,Rest,79.20020661159651,0.0,3.7766
36,Rest,79.30013774102554,0.0,3.7767
36,Rest,79.40006887051277,0.0,3.7768
36,Rest,79.50006260958617,0.0,3.7769
36,Rest,79.60005634860136,0.0,3.777
36,Rest,79.70005008764565,0.0,3.7772
36,Rest,79.80004382668994,0.0,3.7773
36,Rest,79.90003756573424,0.0,3.7774
36,Rest,80.00003130480764,0.0,3.7775
36,Rest,80.10002504385193,0.0,3.7776
36,Rest,80.20001878286712,0.0,3.7777
36,Rest,80.30001252191141,0.0,3.7778
36,Rest,80.4000062609557,0.0,3.7779
36,Rest,80.50000569174881,0.0,3.778
36,Rest,80.60000512260012,0.0,3.7781
36,Rest,80.70000455345144,0.0,3.7782
36,Rest,80.80000398424454,0.0,3.7783
36,Rest,80.90000341506675,0.0,3.7783
36,Rest,81.00000284588896,0.0,3.7784
36,Rest,81.10000227671117,0.0,3.7785
36,Rest,81.20000170756248,0.0,3.7786
36,Rest,81.30000113841379,0.0,3.7787
36,Rest,81.4000005692069,0.0,3.7788
36,Rest,81.500000517437,0.0,3.7788
36,Rest,81.60000046569621,0.0,3.7789
36,Rest,81.70000041401363,0.0,3.779
36,Rest,81.80000036218553,0.0,3.7791
36,Rest,81.90000031047384,0.0,3.7791
36,Rest,82.00000025870395,0.0,3.7792
36,Rest,82.10000020696316,0.0,3.7793
36,Rest,82.20000015519327,0.0,3.7794
36,Rest,82.30000010348158,0.0,3.7794
36,Rest,82.40000005171169,0.0,3.7795
36,Rest,82.50000004703179,0.0,3.7796
36,Rest,82.60000004232279,0.0,3.7796
36,Rest,82.7000000376429,0.0,3.7797
36,Rest,82.8000000329339,0.0,3.7798
36,Rest,82.900000028254,0.0,3.7798
36,Rest,83.0000000235159,0.0,3.7799
36,Rest,83.1000000188069,0.0,3.78
36,Rest,83.2000000140979,0.0,3.78
36,Rest,83.3000000094471,0.0,3.7801
36,Rest,83.400000004709,0.0,3.7801
36,Rest,83.50000000427826,0.0,3.7802
36,Rest,83.60000000384753,0.0,3.7803
36,Rest,83.7000000034459,0.0,3.7803
36,Rest,83.80000000298605,0.0,3.7804
36,Rest,83.90000000255532,0.0,3.7804
36,Rest,84.00000000212458,0.0,3.7805
36,Rest,84.10000000169384,0.0,3.7805
36,Rest,84.20000000129221,0.0,3.7806
36,Rest,84.30000000089058,0.0,3.7807
36,Rest,84.40000000043074,0.0,3.7807
36,Rest,84.50000000040745,0.0,3.7808
36,Rest,84.60000000041327,0.0,3.7808
36,Rest,84.70000000030268,0.0,3.7809
36,Rest,84.8000000002794,0.0,3.7809
36,Rest,84.90000000022701,0.0,3.781
36,Rest,85.00000000020373,0.0,3.7811
36,Rest,85.10000000012224,0.0,3.7811
36,Rest,85.20000000012806,0.0,3.7811
36,Rest,85.30000000007567,0.0,3.7812
36,Rest,85.40000000005239,0.0,3.7813
36,Rest,85.50000000008731,0.0,3.7813
36,Rest,85.60000000003492,0.0,3.7814
36,Rest,85.70000000004075,0.0,3.7814
36,Rest,85.80000000004657,0.0,3.7815
36,Rest,85.89999999999418,0.0,3.7815
36,Rest,86.0000000000291,0.0,3.7816
36,Rest,86.10000000000582,0.0,3.7816
36,Rest,86.20000000001164,0.0,3.7816
36,Rest,86.29999999998836,0.0,3.7817
36,Rest,86.39999999999418,0.0,3.7817
36,Rest,86.5,0.0,3.7818
36,Rest,86.60000000000582,0.0,3.7818
36,Rest,86.70000000001164,0.0,3.7819
36,Rest,86.79999999998836,0.0,3.782
36,Rest,86.89999999999418,0.0,3.782
36,Rest,87.0,0.0,3.782
36,Rest,87.10000000000582,0.0,3.7821
36,Rest,87.20000000001164,0.0,3.7821
36,Rest,87.29999999998836,0.0,3.7822
36,Rest,87.39999999999418,0.0,3.7822
36,Rest,87.5,0.0,3.7823
36,Rest,87.60000000000582,0.0,3.7823
36,Rest,87.70000000001164,0.0,3.7824
36,Rest,87.79999999998836,0.0,3.7824
36,Rest,87.89999999999418,0.0,3.7825
36,Rest,88.0,0.0,3.7825
36,Rest,88.10000000000582,0.0,3.7825
36,Rest,88.20000000001164,0.0,3.7826
36,Rest,88.29999999998836,0.0,3.7826
36,Rest,88.39999999999418,0.0,3.7827
36,Rest,88.5,0.0,3.7827
36,Rest,88.60000000000582,0.0,3.7828
36,Rest,88.70000000001164,0.0,3.7828
36,Rest,88.79999999998836,0.0,3.7828
36,Rest,88.89999999999418,0.0,3.7829
36,Rest,89.0,0.0,3.7829
36,Rest,89.10000000000582,0.0,3.783
36,Rest,89.20000000001164,0.0,3.783
36,Rest,89.29999999998836,0.0,3.783
36,Rest,89.39999999999418,0.0,3.7831
36,Rest,89.5,0.0,3.7832
36,Rest,89.60000000000582,0.0,3.7832
36,Rest,89.70000000001164,0.0,3.7832
36,Rest,89.79999999998836,0.0,3.7833
36,Rest,89.89999999999418,0.0,3.7833
36,Rest,90.0,0.0,3.7833
36,Rest,90.10000000000582,0.0,3.7834
36,Rest,90.20000000001164,0.0,3.7834
36,Rest,90.29999999998836,0.0,3.7834
36,Rest,90.39999999999418,0.0,3.7835
36,Rest,90.5,0.0,3.7835
36,Rest,90.60000000000582,0.0,3.7836
36,Rest,90.70000000001164,0.0,3.7836
36,Rest,90.79999999998836,0.0,3.7836
36,Rest,90.89999999999418,0.0,3.7837
36,Rest,91.0,0.0,3.7837
36,Rest,91.10000000000582,0.0,3.7837
36,Rest,91.20000000001164,0.0,3.7838
36,Rest,91.29999999998836,0.0,3.7838
36,Rest,91.39999999999418,0.0,3.7839
36,Rest,91.5,0.0,3.7839
36,Rest,91.60000000000582,0.0,3.7839
36,Rest,91.70000000001164,0.0,3.784
36,Rest,91.79999999998836,0.0,3.784
36,Rest,91.89999999999418,0.0,3.7841
36,Rest,92.0,0.0,3.7841
36,Rest,92.10000000000582,0.0,3.7842
36,Rest,92.20000000001164,0.0,3.7842
36,Rest,92.29999999998836,0.0,3.7842
36,Rest,92.39999999999418,0.0,3.7842
36,Rest,92.5,0.0,3.7843
36,Rest,92.60000000000582,0.0,3.7843
36,Rest,92.70000000001164,0.0,3.7844
36,Rest,92.79999999998836,0.0,3.7844
36,Rest,92.89999999999418,0.0,3.7844
36,Rest,93.0,0.0,3.7845
36,Rest,93.10000000000582,0.0,3.7845
36,Rest,93.20000000001164,0.0,3.7845
36,Rest,93.29999999998836,0.0,3.7845
36,Rest,93.39999999999418,0.0,3.7846
36,Rest,93.5,0.0,3.7846
36,Rest,93.60000000000582,0.0,3.7846
36,Rest,93.70000000001164,0.0,3.7847
36,Rest,93.79999999998836,0.0,3.7847
36,Rest,93.89999999999418,0.0,3.7847
36,Rest,94.0,0.0,3.7847
36,Rest,94.10000000000582,0.0,3.7848
36,Rest,94.20000000001164,0.0,3.7849
36,Rest,94.29999999998836,0.0,3.7849
36,Rest,94.39999999999418,0.0,3.7849
36,Rest,94.5,0.0,3.785
36,Rest,94.60000000000582,0.0,3.7851
36,Rest,94.70000000001164,0.0,3.7851
36,Rest,94.79999999998836,0.0,3.7851
36,Rest,94.89999999999418,0.0,3.7852
36,Rest,95.0,0.0,3.7852
36,Rest,95.10000000000582,0.0,3.7852
36,Rest,95.20000000001164,0.0,3.7852
36,Rest,95.29999999998836,0.0,3.7853
36,Rest,95.39999999999418,0.0,3.7853
36,Rest,95.5,0.0,3.7853
36,Rest,95.60000000000582,0.0,3.7853
36,Rest,95.70000000001164,0.0,3.7854
36,Rest,95.79999999998836,0.0,3.7854
36,Rest,95.89999999999418,0.0,3.7855
36,Rest,96.0,0.0,3.7855
36,Rest,96.10000000000582,0.0,3.7855
36,Rest,96.20000000001164,0.0,3.7855
36,Rest,96.29999999998836,0.0,3.7855
36,Rest,96.39999999999418,0.0,3.7856
36,Rest,96.5,0.0,3.7856
36,Rest,96.60000000000582,0.0,3.7857
36,Rest,96.70000000001164,0.0,3.7857
36,Rest,96.79999999998836,0.0,3.7857
36,Rest,96.89999999999418,0.0,3.7857
36,Rest,97.0,0.0,3.7858
36,Rest,97.10000000000582,0.0,3.7858
36,Rest,97.20000000001164,0.0,3.7858
36,Rest,97.29999999998836,0.0,3.7858
36,Rest,97.39999999999418,0.0,3.7859
36,Rest,97.5,0.0,3.7859
36,Rest,97.60000000000582,0.0,3.786
36,Rest,97.70000000001164,0.0,3.786
36,Rest,97.79999999998836,0.0,3.786
36,Rest,97.89999999999418,0.0,3.786
36,Rest,98.0,0.0,3.7861
36,Rest,98.10000000000582,0.0,3.7861
36,Rest,98.20000000001164,0.0,3.7861
36,Rest,98.29999999998836,0.0,3.7862
36,Rest,98.39999999999418,0.0,3.7862
36,Rest,98.5,0.0,3.7862
36,Rest,98.60000000000582,0.0,3.7862
36,Rest,98.70000000001164,0.0,3.7862
36,Rest,98.79999999998836,0.0,3.7863
36,Rest,98.89999999999418,0.0,3.7863
36,Rest,99.0,0.0,3.7863
36,Rest,99.10000000000582,0.0,3.7864
36,Rest,99.20000000001164,0.0,3.7864
36,Rest,99.29999999998836,0.0,3.7864
36,Rest,99.39999999999418,0.0,3.7865
36,Rest,99.5,0.0,3.7865
36,Rest,99.60000000000582,0.0,3.7865
36,Rest,99.70000000001164,0.0,3.7866
36,Rest,99.79999999998836,0.0,3.7866
36,Rest,99.89999999999418,0.0,3.7866
36,Rest,100.0,0.0,3.7866
36,Rest,100.10000000000582,0.0,3.7867
36,Rest,100.20000000001164,0.0,3.7867
36,Rest,100.29999999998836,0.0,3.7867
36,Rest,100.39999999999418,0.0,3.7868
36,Rest,100.5,0.0,3.7868
36,Rest,100.60000000000582,0.0,3.7868
36,Rest,100.70000000001164,0.0,3.7868
36,Rest,100.79999999998836,0.0,3.7868
36,Rest,100.89999999999418,0.0,3.7868
36,Rest,101.0,0.0,3.7868
36,Rest,101.10000000000582,0.0,3.7869
36,Rest,101.20000000001164,0.0,3.787
36,Rest,101.29999999998836,0.0,3.7869
36,Rest,101.39999999999418,0.0,3.787
36,Rest,101.5,0.0,3.787
36,Rest,101.60000000000582,0.0,3.787
36,Rest,101.70000000001164,0.0,3.7871
36,Rest,101.79999999998836,0.0,3.7871
36,Rest,101.89999999999418,0.0,3.7871
36,Rest,102.0,0.0,3.7871
36,Rest,102.10000000000582,0.0,3.7872
36,Rest,102.20000000001164,0.0,3.7872
36,Rest,102.29999999998836,0.0,3.7872
36,Rest,102.39999999999418,0.0,3.7872
36,Rest,102.5,0.0,3.7872
36,Rest,102.60000000000582,0.0,3.7873
36,Rest,102.70000000001164,0.0,3.7873
36,Rest,102.79999999998836,0.0,3.7873
36,Rest,102.89999999999418,0.0,3.7873
36,Rest,103.0,0.0,3.7874
36,Rest,103.10000000000582,0.0,3.7874
36,Rest,103.20000000001164,0.0,3.7874
36,Rest,103.29999999998836,0.0,3.7874
36,Rest,103.39999999999418,0.0,3.7875
36,Rest,103.5,0.0,3.7875
36,Rest,103.60000000000582,0.0,3.7875
36,Rest,103.70000000001164,0.0,3.7875
36,Rest,103.79999999998836,0.0,3.7876
36,Rest,103.89999999999418,0.0,3.7876
36,Rest,104.0,0.0,3.7876
36,Rest,104.10000000000582,0.0,3.7876
36,Rest,104.20000000001164,0.0,3.7877
36,Rest,104.29999999998836,0.0,3.7877
36,Rest,104.39999999999418,0.0,3.7877
36,Rest,104.5,0.0,3.7877
36,Rest,104.60000000000582,0.0,3.7878
36,Rest,104.70000000001164,0.0,3.7878
36,Rest,104.79999999998836,0.0,3.7878
36,Rest,104.89999999999418,0.0,3.7878
36,Rest,105.0,0.0,3.7878
36,Rest,105.10000000000582,0.0,3.7879
36,Rest,105.20000000001164,0.0,3.7879
36,Rest,105.29999999998836,0.0,3.7879
36,Rest,105.39999999999418,0.0,3.7879
36,Rest,105.5,0.0,3.788
36,Rest,105.60000000000582,0.0,3.788
36,Rest,105.70000000001164,0.0,3.788
36,Rest,105.79999999998836,0.0,3.788
36,Rest,105.89999999999418,0.0,3.788
36,Rest,106.0,0.0,3.788
36,Rest,106.10000000000582,0.0,3.7881
36,Rest,106.20000000001164,0.0,3.7881
36,Rest,106.29999999998836,0.0,3.7881
36,Rest,106.39999999999418,0.0,3.7882
36,Rest,106.5,0.0,3.7882
36,Rest,106.60000000000582,0.0,3.7882
36,Rest,106.70000000001164,0.0,3.7882
36,Rest,106.79999999998836,0.0,3.7882
36,Rest,106.89999999999418,0.0,3.7882
36,Rest,107.0,0.0,3.7882
36,Rest,107.10000000000582,0.0,3.7883
36,Rest,107.20000000001164,0.0,3.7883
36,Rest,107.29999999998836,0.0,3.7883
36,Rest,107.39999999999418,0.0,3.7883
36,Rest,107.5,0.0,3.7884
36,Rest,107.60000000000582,0.0,3.7884
36,Rest,107.70000000001164,0.0,3.7884
36,Rest,107.79999999998836,0.0,3.7884
36,Rest,107.89999999999418,0.0,3.7884
36,Rest,108.0,0.0,3.7885
36,Rest,108.10000000000582,0.0,3.7885
36,Rest,108.20000000001164,0.0,3.7885
36,Rest,108.29999999998836,0.0,3.7885
36,Rest,108.39999999999418,0.0,3.7886
36,Rest,108.5,0.0,3.7886
36,Rest,108.60000000000582,0.0,3.7886
36,Rest,108.70000000001164,0.0,3.7886
36,Rest,108.79999999998836,0.0,3.7886
36,Rest,108.89999999999418,0.0,3.7887
36,Rest,109.0,0.0,3.7887
36,Rest,109.10000000000582,0.0,3.7887
36,Rest,109.20000000001164,0.0,3.7887
36,Rest,109.29999999998836,0.0,3.7887
36,Rest,109.39999999999418,0.0,3.7887
36,Rest,109.5,0.0,3.7888
36,Rest,109.60000000000582,0.0,3.7888
36,Rest,109.70000000001164,0.0,3.7888
36,Rest,109.79999999998836,0.0,3.7889
36,Rest,109.89999999999418,0.0,3.7889
36,Rest,110.0,0.0,3.7889
36,Rest,110.10000000000582,0.0,3.7889
36,Rest,110.20000000001164,0.0,3.7889
36,Rest,110.29999999998836,0.0,3.789
36,Rest,110.39999999999418,0.0,3.789
36,Rest,110.5,0.0,3.789
36,Rest,110.60000000000582,0.0,3.789
36,Rest,110.70000000001164,0.0,3.789
36,Rest,110.79999999998836,0.0,3.789
36,Rest,110.89999999999418,0.0,3.7891
36,Rest,111.0,0.0,3.7891
36,Rest,111.10000000000582,0.0,3.7891
36,Rest,111.20000000001164,0.0,3.7891
36,Rest,111.29999999998836,0.0,3.7891
36,Rest,111.39999999999418,0.0,3.7891
36,Rest,111.5,0.0,3.7892
36,Rest,111.60000000000582,0.0,3.7892
36,Rest,111.70000000001164,0.0,3.7892
36,Rest,111.79999999998836,0.0,3.7892
36,Rest,111.89999999999418,0.0,3.7892
36,Rest,112.0,0.0,3.7893
36,Rest,112.10000000000582,0.0,3.7893
36,Rest,112.20000000001164,0.0,3.7893
36,Rest,112.29999999998836,0.0,3.7893
36,Rest,112.39999999999418,0.0,3.7893
36,Rest,112.5,0.0,3.7894
36,Rest,112.60000000000582,0.0,3.7894
36,Rest,112.70000000001164,0.0,3.7894
36,Rest,112.79999999998836,0.0,3.7894
36,Rest,112.89999999999418,0.0,3.7894
36,Rest,113.0,0.0,3.7895
36,Rest,113.10000000000582,0.0,3.7895
36,Rest,113.20000000001164,0.0,3.7895
36,Rest,113.29999999998836,0.0,3.7895
36,Rest,113.39999999999418,0.0,3.7895
36,Rest,113.5,0.0,3.7895
36,Rest,113.60000000000582,0.0,3.7896
36,Rest,113.70000000001164,0.0,3.7896
36,Rest,113.79999999998836,0.0,3.7896
36,Rest,113.89999999999418,0.0,3.7896
36,Rest,114.0,0.0,3.7897
36,Rest,114.10000000000582,0.0,3.7897
36,Rest,114.20000000001164,0.0,3.7897
36,Rest,114.29999999998836,0.0,3.7897
36,Rest,114.39999999999418,0.0,3.7897
36,Rest,114.5,0.0,3.7897
36,Rest,114.60000000000582,0.0,3.7897
36,Rest,114.70000000001164,0.0,3.7898
36,Rest,114.79999999998836,0.0,3.7898
36,Rest,114.89999999999418,0.0,3.7898
36,Rest,115.0,0.0,3.7898
36,Rest,115.10000000000582,0.0,3.7899
36,Rest,115.20000000001164,0.0,3.7899
36,Rest,115.29999999998836,0.0,3.7899
36,Rest,115.39999999999418,0.0,3.7899
36,Rest,115.5,0.0,3.7899
36,Rest,115.60000000000582,0.0,3.7899
36,Rest,115.70000000001164,0.0,3.79
36,Rest,115.79999999998836,0.0,3.79
36,Rest,115.89999999999418,0.0,3.79
36,Rest,116.0,0.0,3.79
36,Rest,116.10000000000582,0.0,3.79
36,Rest,116.20000000001164,0.0,3.79
36,Rest,116.29999999998836,0.0,3.79
36,Rest,116.39999999999418,0.0,3.79
36,Rest,116.5,0.0,3.79
36,Rest,116.60000000000582,0.0,3.79
36,Rest,116.70000000001164,0.0,3.7901
36,Rest,116.79999999998836,0.0,3.7901
36,Rest,116.89999999999418,0.0,3.7901
36,Rest,117.0,0.0,3.7901
36,Rest,117.10000000000582,0.0,3.7902
36,Rest,117.20000000001164,0.0,3.7902
36,Rest,117.29999999998836,0.0,3.7902
36,Rest,117.39999999999418,0.0,3.7902
36,Rest,117.5,0.0,3.7902
36,Rest,117.60000000000582,0.0,3.7902
36,Rest,117.70000000001164,0.0,3.7902
36,Rest,117.79999999998836,0.0,3.7902
36,Rest,117.89999999999418,0.0,3.7903
36,Rest,118.0,0.0,3.7903
36,Rest,118.10000000000582,0.0,3.7903
36,Rest,118.20000000001164,0.0,3.7903
36,Rest,118.29999999998836,0.0,3.7904
36,Rest,118.39999999999418,0.0,3.7904
36,Rest,118.5,0.0,3.7903
36,Rest,118.60000000000582,0.0,3.7904
36,Rest,118.70000000001164,0.0,3.7904
36,Rest,118.79999999998836,0.0,3.7904
36,Rest,118.89999999999418,0.0,3.7904
36,Rest,119.0,0.0,3.7904
36,Rest,119.10000000000582,0.0,3.7905
36,Rest,119.20000000001164,0.0,3.7905
36,Rest,119.29999999998836,0.0,3.7905
36,Rest,119.39999999999418,0.0,3.7905
36,Rest,119.5,0.0,3.7905
36,Rest,119.60000000000582,0.0,3.7906
36,Rest,119.70000000001164,0.0,3.7906
36,Rest,119.79999999998836,0.0,3.7906
36,Rest,119.89999999999418,0.0,3.7906
36,Rest,120.0,0.0,3.7906
36,Rest,120.10000000000582,0.0,3.7907
36,Rest,120.20000000001164,0.0,3.7906
36,Rest,120.29999999998836,0.0,3.7907
36,Rest,120.39999999999418,0.0,3.7907
36,Rest,120.5,0.0,3.7907
36,Rest,120.60000000000582,0.0,3.7907
36,Rest,120.70000000001164,0.0,3.7907
36,Rest,120.79999999998836,0.0,3.7907
36,Rest,120.89999999999418,0.0,3.7907
36,Rest,121.0,0.0,3.7907
36,Rest,121.10000000000582,0.0,3.7908
36,Rest,121.20000000001164,0.0,3.7908
36,Rest,121.29999999998836,0.0,3.7908
36,Rest,121.39999999999418,0.0,3.7908
36,Rest,121.5,0.0,3.7908
36,Rest,121.60000000000582,0.0,3.7908
36,Rest,121.70000000001164,0.0,3.7909
36,Rest,121.79999999998836,0.0,3.7909
36,Rest,121.89999999999418,0.0,3.7909
36,Rest,122.0,0.0,3.7909
36,Rest,122.10000000000582,0.0,3.7909
36,Rest,122.20000000001164,0.0,3.7909
36,Rest,122.29999999998836,0.0,3.7909
36,Rest,122.39999999999418,0.0,3.791
36,Rest,122.5,0.0,3.791
36,Rest,122.60000000000582,0.0,3.791
36,Rest,122.70000000001164,0.0,3.791
36,Rest,122.79999999998836,0.0,3.791
36,Rest,122.89999999999418,0.0,3.791
36,Rest,123.0,0.0,3.791
36,Rest,123.10000000000582,0.0,3.791
36,Rest,123.20000000001164,0.0,3.7911
36,Rest,123.29999999998836,0.0,3.7911
36,Rest,123.39999999999418,0.0,3.7911
36,Rest,123.5,0.0,3.7911
36,Rest,123.60000000000582,0.0,3.7911
36,Rest,123.70000000001164,0.0,3.7912
36,Rest,123.79999999998836,0.0,3.7911
36,Rest,123.89999999999418,0.0,3.7911
36,Rest,124.0,0.0,3.7912
36,Rest,124.10000000000582,0.0,3.7912
36,Rest,124.20000000001164,0.0,3.7912
36,Rest,124.29999999998836,0.0,3.7912
36,Rest,124.39999999999418,0.0,3.7913
36,Rest,124.5,0.0,3.7912
36,Rest,124.60000000000582,0.0,3.7912
36,Rest,124.70000000001164,0.0,3.7913
36,Rest,124.79999999998836,0.0,3.7913
36,Rest,124.89999999999418,0.0,3.7913
36,Rest,125.0,0.0,3.7913
36,Rest,125.10000000000582,0.0,3.7913
36,Rest,125.20000000001164,0.0,3.7913
36,Rest,125.29999999998836,0.0,3.7913
36,Rest,125.39999999999418,0.0,3.7913
36,Rest,125.5,0.0,3.7913
36,Rest,125.60000000000582,0.0,3.7913
36,Rest,125.70000000001164,0.0,3.7913
36,Rest,125.79999999998836,0.0,3.7913
36,Rest,125.89999999999418,0.0,3.7914
36,Rest,126.0,0.0,3.7914
36,Rest,126.10000000000582,0.0,3.7914
36,Rest,126.20000000001164,0.0,3.7914
36,Rest,126.29999999998836,0.0,3.7915
36,Rest,126.39999999999418,0.0,3.7915
36,Rest,126.5,0.0,3.7915
36,Rest,126.60000000000582,0.0,3.7915
36,Rest,126.70000000001164,0.0,3.7915
36,Rest,126.79999999998836,0.0,3.7915
36,Rest,126.89999999999418,0.0,3.7915
36,Rest,127.0,0.0,3.7915
36,Rest,127.10000000000582,0.0,3.7915
36,Rest,127.20000000001164,0.0,3.7915
36,Rest,127.29999999998836,0.0,3.7915
36,Rest,127.39999999999418,0.0,3.7916
36,Rest,127.5,0.0,3.7916
36,Rest,127.60000000000582,0.0,3.7916
36,Rest,127.70000000001164,0.0,3.7916
36,Rest,127.79999999998836,0.0,3.7916
36,Rest,127.89999999999418,0.0,3.7917
36,Rest,128.0,0.0,3.7917
36,Rest,128.10000000000582,0.0,3.7917
36,Rest,128.20000000001164,0.0,3.7917
36,Rest,128.29999999998836,0.0,3.7917
36,Rest,128.39999999999418,0.0,3.7917
36,Rest,128.5,0.0,3.7917
36,Rest,128.60000000000582,0.0,3.7917
36,Rest,128.70000000001164,0.0,3.7917
36,Rest,128.79999999998836,0.0,3.7918
36,Rest,128.89999999999418,0.0,3.7918
36,Rest,129.0,0.0,3.7918
36,Rest,129.10000000000582,0.0,3.7918
36,Rest,129.20000000001164,0.0,3.7918
36,Rest,129.29999999998836,0.0,3.7918
36,Rest,129.39999999999418,0.0,3.7918
36,Rest,129.5,0.0,3.7919
36,Rest,129.60000000000582,0.0,3.7919
36,Rest,129.70000000001164,0.0,3.7919
36,Rest,129.79999999998836,0.0,3.7919
36,Rest,129.89999999999418,0.0,3.7919
36,Rest,130.0,0.0,3.7919
36,Rest,130.10000000000582,0.0,3.792
36,Rest,130.20000000001164,0.0,3.792
36,Rest,130.29999999998836,0.0,3.792
36,Rest,130.39999999999418,0.0,3.792
36,Rest,130.5,0.0,3.792
36,Rest,130.60000000000582,0.0,3.792
36,Rest,130.70000000001164,0.0,3.792
36,Rest,130.79999999998836,0.0,3.792
36,Rest,130.89999999999418,0.0,3.792
36,Rest,131.0,0.0,3.792
36,Rest,131.10000000000582,0.0,3.7921
36,Rest,131.20000000001164,0.0,3.792
36,Rest,131.29999999998836,0.0,3.792
36,Rest,131.39999999999418,0.0,3.7921
36,Rest,131.5,0.0,3.7921
36,Rest,131.60000000000582,0.0,3.7921
36,Rest,131.70000000001164,0.0,3.7921
36,Rest,131.79999999998836,0.0,3.7921
36,Rest,131.89999999999418,0.0,3.7921
36,Rest,132.0,0.0,3.7922
36,Rest,132.10000000000582,0.0,3.7922
36,Rest,132.20000000001164,0.0,3.7922
36,Rest,132.29999999998836,0.0,3.7922
36,Rest,132.39999999999418,0.0,3.7922
36,Rest,132.5,0.0,3.7922
36,Rest,132.60000000000582,0.0,3.7922
36,Rest,132.70000000001164,0.0,3.7923
36,Rest,132.79999999998836,0.0,3.7923
36,Rest,132.89999999999418,0.0,3.7923
36,Rest,133.0,0.0,3.7922
36,Rest,133.10000000000582,0.0,3.7923
36,Rest,133.20000000001164,0.0,3.7923
36,Rest,133.29999999998836,0.0,3.7923
36,Rest,133.39999999999418,0.0,3.7923
36,Rest,133.5,0.0,3.7923
36,Rest,133.60000000000582,0.0,3.7923
36,Rest,133.70000000001164,0.0,3.7923
36,Rest,133.79999999998836,0.0,3.7923
36,Rest,133.89999999999418,0.0,3.7924
36,Rest,134.0,0.0,3.7924
36,Rest,134.10000000000582,0.0,3.7924
36,Rest,134.20000000001164,0.0,3.7924
36,Rest,134.29999999998836,0.0,3.7924
36,Rest,134.39999999999418,0.0,3.7924
36,Rest,134.5,0.0,3.7924
36,Rest,134.60000000000582,0.0,3.7924
36,Rest,134.70000000001164,0.0,3.7925
36,Rest,134.79999999998836,0.0,3.7925
36,Rest,134.89999999999418,0.0,3.7924
36,Rest,135.0,0.0,3.7925
36,Rest,135.10000000000582,0.0,3.7925
36,Rest,135.20000000001164,0.0,3.7925
36,Rest,135.29999999998836,0.0,3.7925
36,Rest,135.39999999999418,0.0,3.7925
36,Rest,135.5,0.0,3.7925
36,Rest,135.60000000000582,0.0,3.7925
36,Rest,135.70000000001164,0.0,3.7925
36,Rest,135.79999999998836,0.0,3.7925
36,Rest,135.89999999999418,0.0,3.7925
36,Rest,136.0,0.0,3.7926
36,Rest,136.10000000000582,0.0,3.7925
36,Rest,136.20000000001164,0.0,3.7926
36,Rest,136.29999999998836,0.0,3.7926
36,Rest,136.39999999999418,0.0,3.7926
36,Rest,136.5,0.0,3.7926
36,Rest,136.60000000000582,0.0,3.7926
36,Rest,136.70000000001164,0.0,3.7926
36,Rest,136.79999999998836,0.0,3.7926
36,Rest,136.89999999999418,0.0,3.7926
36,Rest,137.0,0.0,3.7926
36,Rest,137.10000000000582,0.0,3.7926
36,Rest,137.20000000001164,0.0,3.7927
36,Rest,137.29999999998836,0.0,3.7927
36,Rest,137.39999999999418,0.0,3.7927
36,Rest,137.5,0.0,3.7927
36,Rest,137.60000000000582,0.0,3.7928
36,Rest,137.70000000001164,0.0,3.7928
36,Rest,137.79999999998836,0.0,3.7928
36,Rest,137.89999999999418,0.0,3.7928
36,Rest,138.0,0.0,3.7928
36,Rest,138.10000000000582,0.0,3.7928
36,Rest,138.20000000001164,0.0,3.7928
36,Rest,138.29999999998836,0.0,3.7928
36,Rest,138.39999999999418,0.0,3.7928
36,Rest,138.5,0.0,3.7928
36,Rest,138.60000000000582,0.0,3.7928
36,Rest,138.70000000001164,0.0,3.7928
36,Rest,138.79999999998836,0.0,3.7928
36,Rest,138.89999999999418,0.0,3.7929
36,Rest,139.0,0.0,3.7929
36,Rest,139.10000000000582,0.0,3.7929
36,Rest,139.20000000001164,0.0,3.7929
36,Rest,139.29999999998836,0.0,3.7929
36,Rest,139.39999999999418,0.0,3.7929
36,Rest,139.5,0.0,3.7929
36,Rest,139.60000000000582,0.0,3.7929
36,Rest,139.70000000001164,0.0,3.793
36,Rest,139.79999999998836,0.0,3.793
36,Rest,139.89999999999418,0.0,3.793
36,Rest,140.0,0.0,3.793
36,Rest,140.10000000000582,0.0,3.7931
36,Rest,140.20000000001164,0.0,3.7931
36,Rest,140.29999999998836,0.0,3.7931
36,Rest,140.39999999999418,0.0,3.7931
36,Rest,140.5,0.0,3.7931
36,Rest,140.60000000000582,0.0,3.7931
36,Rest,140.70000000001164,0.0,3.7931
36,Rest,140.79999999998836,0.0,3.7931
36,Rest,140.89999999999418,0.0,3.7931
36,Rest,141.0,0.0,3.7931
36,Rest,141.10000000000582,0.0,3.7932
36,Rest,141.20000000001164,0.0,3.7932
36,Rest,141.29999999998836,0.0,3.7932
36,Rest,141.39999999999418,0.0,3.7932
36,Rest,141.5,0.0,3.7932
36,Rest,141.60000000000582,0.0,3.7932
36,Rest,141.70000000001164,0.0,3.7932
36,Rest,141.79999999998836,0.0,3.7932
36,Rest,141.89999999999418,0.0,3.7932
36,Rest,142.0,0.0,3.7932
36,Rest,142.10000000000582,0.0,3.7933
36,Rest,142.20000000001164,0.0,3.7933
36,Rest,142.29999999998836,0.0,3.7933
36,Rest,142.39999999999418,0.0,3.7932
36,Rest,142.5,0.0,3.7932
36,Rest,142.60000000000582,0.0,3.7933
36,Rest,142.70000000001164,0.0,3.7933
36,Rest,142.79999999998836,0.0,3.7933
36,Rest,142.89999999999418,0.0,3.7933
36,Rest,143.0,0.0,3.7933
36,Rest,143.10000000000582,0.0,3.7933
36,Rest,143.20000000001164,0.0,3.7933
36,Rest,143.29999999998836,0.0,3.7933
36,Rest,143.39999999999418,0.0,3.7933
36,Rest,143.5,0.0,3.7933
36,Rest,143.60000000000582,0.0,3.7934
36,Rest,143.70000000001164,0.0,3.7933
36,Rest,143.79999999998836,0.0,3.7933
36,Rest,143.89999999999418,0.0,3.7934
36,Rest,144.0,0.0,3.7934
36,Rest,144.10000000000582,0.0,3.7934
36,Rest,144.20000000001164,0.0,3.7934
36,Rest,144.29999999998836,0.0,3.7934
36,Rest,144.39999999999418,0.0,3.7934
36,Rest,144.5,0.0,3.7934
36,Rest,144.60000000000582,0.0,3.7934
36,Rest,144.70000000001164,0.0,3.7934
36,Rest,144.79999999998836,0.0,3.7934
36,Rest,144.89999999999418,0.0,3.7934
36,Rest,145.0,0.0,3.7935
36,Rest,145.10000000000582,0.0,3.7935
36,Rest,145.20000000001164,0.0,3.7935
36,Rest,145.29999999998836,0.0,3.7935
36,Rest,145.39999999999418,0.0,3.7935
36,Rest,145.5,0.0,3.7935
36,Rest,145.60000000000582,0.0,3.7935
36,Rest,145.70000000001164,0.0,3.7935
36,Rest,145.79999999998836,0.0,3.7935
36,Rest,145.89999999999418,0.0,3.7935
36,Rest,146.0,0.0,3.7935
36,Rest,146.10000000000582,0.0,3.7935
36,Rest,146.20000000001164,0.0,3.7936
36,Rest,146.29999999998836,0.0,3.7936
36,Rest,146.39999999999418,0.0,3.7936
36,Rest,146.5,0.0,3.7936
36,Rest,146.60000000000582,0.0,3.7936
36,Rest,146.70000000001164,0.0,3.7936
36,Rest,146.79999999998836,0.0,3.7936
36,Rest,146.89999999999418,0.0,3.7936
36,Rest,147.0,0.0,3.7936
36,Rest,147.10000000000582,0.0,3.7936
36,Rest,147.20000000001164,0.0,3.7936
36,Rest,147.29999999998836,0.0,3.7936
36,Rest,147.39999999999418,0.0,3.7936
36,Rest,147.5,0.0,3.7936
36,Rest,147.60000000000582,0.0,3.7937
36,Rest,147.70000000001164,0.0,3.7937
36,Rest,147.79999999998836,0.0,3.7937
36,Rest,147.89999999999418,0.0,3.7937
36,Rest,148.0,0.0,3.7937
36,Rest,148.10000000000582,0.0,3.7937
36,Rest,148.20000000001164,0.0,3.7937
36,Rest,148.29999999998836,0.0,3.7938
36,Rest,148.39999999999418,0.0,3.7938
36,Rest,148.5,0.0,3.7938
36,Rest,148.60000000000582,0.0,3.7938
36,Rest,148.70000000001164,0.0,3.7938
36,Rest,148.79999999998836,0.0,3.7938
36,Rest,148.89999999999418,0.0,3.7938
36,Rest,149.0,0.0,3.7938
36,Rest,149.10000000000582,0.0,3.7938
36,Rest,149.20000000001164,0.0,3.7938
36,Rest,149.29999999998836,0.0,3.7938
36,Rest,149.39999999999418,0.0,3.7938
36,Rest,149.5,0.0,3.7938
36,Rest,149.60000000000582,0.0,3.7938
36,Rest,149.70000000001164,0.0,3.7939
36,Rest,149.79999999998836,0.0,3.7939
36,Rest,149.89999999999418,0.0,3.7939
36,Rest,150.0,0.0,3.7939
36,Rest,150.10000000000582,0.0,3.7939
36,Rest,150.20000000001164,0.0,3.7939
36,Rest,150.29999999998836,0.0,3.7939
36,Rest,150.39999999999418,0.0,3.7939
36,Rest,150.5,0.0,3.7939
36,Rest,150.60000000000582,0.0,3.7939
36,Rest,150.70000000001164,0.0,3.7939
36,Rest,150.79999999998836,0.0,3.7939
36,Rest,150.89999999999418,0.0,3.7939
36,Rest,151.0,0.0,3.794
36,Rest,151.10000000000582,0.0,3.794
36,Rest,151.20000000001164,0.0,3.794
36,Rest,151.29999999998836,0.0,3.794
36,Rest,151.39999999999418,0.0,3.794
36,Rest,151.5,0.0,3.794
36,Rest,151.60000000000582,0.0,3.794
36,Rest,151.70000000001164,0.0,3.794
36,Rest,151.79999999998836,0.0,3.794
36,Rest,151.89999999999418,0.0,3.794
36,Rest,152.0,0.0,3.794
36,Rest,152.10000000000582,0.0,3.794
36,Rest,152.20000000001164,0.0,3.7941
36,Rest,152.29999999998836,0.0,3.7941
36,Rest,152.39999999999418,0.0,3.7941
36,Rest,152.5,0.0,3.7941
36,Rest,152.60000000000582,0.0,3.794
36,Rest,152.70000000001164,0.0,3.7941
36,Rest,152.79999999998836,0.0,3.7941
36,Rest,152.89999999999418,0.0,3.7941
36,Rest,153.0,0.0,3.7941
36,Rest,153.10000000000582,0.0,3.7941
36,Rest,153.20000000001164,0.0,3.7941
36,Rest,153.29999999998836,0.0,3.7941
36,Rest,153.39999999999418,0.0,3.7941
36,Rest,153.5,0.0,3.7941
36,Rest,153.60000000000582,0.0,3.7941
36,Rest,153.70000000001164,0.0,3.7942
36,Rest,153.79999999998836,0.0,3.7942
36,Rest,153.89999999999418,0.0,3.7942
36,Rest,154.0,0.0,3.7942
36,Rest,154.10000000000582,0.0,3.7942
36,Rest,154.20000000001164,0.0,3.7942
36,Rest,154.29999999998836,0.0,3.7942
36,Rest,154.39999999999418,0.0,3.7942
36,Rest,154.5,0.0,3.7942
36,Rest,154.60000000000582,0.0,3.7942
36,Rest,154.70000000001164,0.0,3.7942
36,Rest,154.79999999998836,0.0,3.7942
36,Rest,154.89999999999418,0.0,3.7942
36,Rest,155.0,0.0,3.7942
36,Rest,155.10000000000582,0.0,3.7942
36,Rest,155.20000000001164,0.0,3.7942
36,Rest,155.29999999998836,0.0,3.7943
36,Rest,155.39999999999418,0.0,3.7943
36,Rest,155.5,0.0,3.7943
36,Rest,155.60000000000582,0.0,3.7943
36,Rest,155.70000000001164,0.0,3.7943
36,Rest,155.79999999998836,0.0,3.7943
36,Rest,155.89999999999418,0.0,3.7943
36,Rest,156.0,0.0,3.7943
36,Rest,156.10000000000582,0.0,3.7943
36,Rest,156.20000000001164,0.0,3.7943
36,Rest,156.29999999998836,0.0,3.7943
36,Rest,156.39999999999418,0.0,3.7943
36,Rest,156.5,0.0,3.7943
36,Rest,156.60000000000582,0.0,3.7943
36,Rest,156.70000000001164,0.0,3.7943
36,Rest,156.79999999998836,0.0,3.7943
36,Rest,156.89999999999418,0.0,3.7943
36,Rest,157.0,0.0,3.7943
36,Rest,157.10000000000582,0.0,3.7943
36,Rest,157.20000000001164,0.0,3.7943
36,Rest,157.29999999998836,0.0,3.7943
36,Rest,157.39999999999418,0.0,3.7943
36,Rest,157.5,0.0,3.7943
36,Rest,157.60000000000582,0.0,3.7943
36,Rest,157.70000000001164,0.0,3.7943
36,Rest,157.79999999998836,0.0,3.7943
36,Rest,157.89999999999418,0.0,3.7943
36,Rest,158.0,0.0,3.7944
36,Rest,158.10000000000582,0.0,3.7944
36,Rest,158.20000000001164,0.0,3.7944
36,Rest,158.29999999998836,0.0,3.7943
36,Rest,158.39999999999418,0.0,3.7943
36,Rest,158.5,0.0,3.7944
36,Rest,158.60000000000582,0.0,3.7944
36,Rest,158.70000000001164,0.0,3.7944
36,Rest,158.79999999998836,0.0,3.7944
36,Rest,158.89999999999418,0.0,3.7944
36,Rest,159.0,0.0,3.7944
36,Rest,159.10000000000582,0.0,3.7944
36,Rest,159.20000000001164,0.0,3.7944
36,Rest,159.29999999998836,0.0,3.7944
36,Rest,159.39999999999418,0.0,3.7944
36,Rest,159.5,0.0,3.7944
36,Rest,159.60000000000582,0.0,3.7945
36,Rest,159.70000000001164,0.0,3.7945
36,Rest,159.79999999998836,0.0,3.7945
36,Rest,159.89999999999418,0.0,3.7945
36,Rest,160.0,0.0,3.7945
36,Rest,160.10000000000582,0.0,3.7945
36,Rest,160.20000000001164,0.0,3.7945
36,Rest,160.29999999998836,0.0,3.7945
36,Rest,160.39999999999418,0.0,3.7945
36,Rest,160.5,0.0,3.7945
36,Rest,160.60000000000582,0.0,3.7945
36,Rest,160.70000000001164,0.0,3.7945
36,Rest,160.79999999998836,0.0,3.7945
36,Rest,160.89999999999418,0.0,3.7945
36,Rest,161.0,0.0,3.7945
36,Rest,161.10000000000582,0.0,3.7945
36,Rest,161.20000000001164,0.0,3.7945
36,Rest,161.29999999998836,0.0,3.7945
36,Rest,161.39999999999418,0.0,3.7945
36,Rest,161.5,0.0,3.7946
36,Rest,161.60000000000582,0.0,3.7946
36,Rest,161.70000000001164,0.0,3.7946
36,Rest,161.79999999998836,0.0,3.7946
36,Rest,161.89999999999418,0.0,3.7946
36,Rest,162.0,0.0,3.7946
36,Rest,162.10000000000582,0.0,3.7946
36,Rest,162.20000000001164,0.0,3.7946
36,Rest,162.29999999998836,0.0,3.7947
36,Rest,162.39999999999418,0.0,3.7947
36,Rest,162.5,0.0,3.7946
36,Rest,162.60000000000582,0.0,3.7947
36,Rest,162.70000000001164,0.0,3.7947
36,Rest,162.79999999998836,0.0,3.7946
36,Rest,162.89999999999418,0.0,3.7947
36,Rest,163.0,0.0,3.7947
36,Rest,163.10000000000582,0.0,3.7947
36,Rest,163.20000000001164,0.0,3.7947
36,Rest,163.29999999998836,0.0,3.7947
36,Rest,163.39999999999418,0.0,3.7947
36,Rest,163.5,0.0,3.7947
36,Rest,163.60000000000582,0.0,3.7947
36,Rest,163.70000000001164,0.0,3.7947
36,Rest,163.79999999998836,0.0,3.7947
36,Rest,163.89999999999418,0.0,3.7948
36,Rest,164.0,0.0,3.7948
36,Rest,164.10000000000582,0.0,3.7948
36,Rest,164.20000000001164,0.0,3.7948
36,Rest,164.29999999998836,0.0,3.7948
36,Rest,164.39999999999418,0.0,3.7948
36,Rest,164.5,0.0,3.7948
36,Rest,164.60000000000582,0.0,3.7948
36,Rest,164.70000000001164,0.0,3.7948
36,Rest,164.79999999998836,0.0,3.7948
36,Rest,164.89999999999418,0.0,3.7948
36,Rest,165.0,0.0,3.7948
36,Rest,165.10000000000582,0.0,3.7948
36,Rest,165.20000000001164,0.0,3.7948
36,Rest,165.29999999998836,0.0,3.7949
36,Rest,165.39999999999418,0.0,3.7949
36,Rest,165.5,0.0,3.7949
36,Rest,165.60000000000582,0.0,3.7948
36,Rest,165.70000000001164,0.0,3.7948
36,Rest,165.79999999998836,0.0,3.7949
36,Rest,165.89999999999418,0.0,3.7949
36,Rest,166.0,0.0,3.7949
36,Rest,166.10000000000582,0.0,3.7949
36,Rest,166.20000000001164,0.0,3.7949
36,Rest,166.29999999998836,0.0,3.7948
36,Rest,166.39999999999418,0.0,3.7949
36,Rest,166.5,0.0,3.7949
36,Rest,166.60000000000582,0.0,3.7949
36,Rest,166.70000000001164,0.0,3.7949
36,Rest,166.79999999998836,0.0,3.7949
36,Rest,166.89999999999418,0.0,3.7949
36,Rest,167.0,0.0,3.7949
36,Rest,167.10000000000582,0.0,3.7949
36,Rest,167.20000000001164,0.0,3.7949
36,Rest,167.29999999998836,0.0,3.7949
36,Rest,167.39999999999418,0.0,3.7949
36,Rest,167.5,0.0,3.7949
36,Rest,167.60000000000582,0.0,3.795
36,Rest,167.70000000001164,0.0,3.795
36,Rest,167.79999999998836,0.0,3.795
36,Rest,167.89999999999418,0.0,3.795
36,Rest,168.0,0.0,3.795
36,Rest,168.10000000000582,0.0,3.795
36,Rest,168.20000000001164,0.0,3.795
36,Rest,168.29999999998836,0.0,3.795
36,Rest,168.39999999999418,0.0,3.795
36,Rest,168.5,0.0,3.795
36,Rest,168.60000000000582,0.0,3.795
36,Rest,168.70000000001164,0.0,3.795
36,Rest,168.79999999998836,0.0,3.795
36,Rest,168.89999999999418,0.0,3.795
36,Rest,169.0,0.0,3.795
36,Rest,169.10000000000582,0.0,3.795
36,Rest,169.20000000001164,0.0,3.7951
36,Rest,169.29999999998836,0.0,3.795
36,Rest,169.39999999999418,0.0,3.795
36,Rest,169.5,0.0,3.795
36,Rest,169.60000000000582,0.0,3.7951
36,Rest,169.70000000001164,0.0,3.7951
36,Rest,169.79999999998836,0.0,3.7951
36,Rest,169.89999999999418,0.0,3.7951
36,Rest,170.0,0.0,3.7951
36,Rest,170.10000000000582,0.0,3.7951
36,Rest,170.20000000001164,0.0,3.7951
36,Rest,170.29999999998836,0.0,3.7951
36,Rest,170.39999999999418,0.0,3.7951
36,Rest,170.5,0.0,3.7951
36,Rest,170.60000000000582,0.0,3.7952
36,Rest,170.70000000001164,0.0,3.7952
36,Rest,170.79999999998836,0.0,3.7952
36,Rest,170.89999999999418,0.0,3.7952
36,Rest,171.0,0.0,3.7952
36,Rest,171.10000000000582,0.0,3.7952
36,Rest,171.20000000001164,0.0,3.7952
36,Rest,171.29999999998836,0.0,3.7952
36,Rest,171.39999999999418,0.0,3.7952
36,Rest,171.5,0.0,3.7952
36,Rest,171.60000000000582,0.0,3.7952
36,Rest,171.70000000001164,0.0,3.7952
36,Rest,171.79999999998836,0.0,3.7952
36,Rest,171.89999999999418,0.0,3.7953
36,Rest,172.0,0.0,3.7953
36,Rest,172.10000000000582,0.0,3.7953
36,Rest,172.20000000001164,0.0,3.7953
36,Rest,172.29999999998836,0.0,3.7953
36,Rest,172.39999999999418,0.0,3.7953
36,Rest,172.5,0.0,3.7953
36,Rest,172.60000000000582,0.0,3.7953
36,Rest,172.70000000001164,0.0,3.7953
36,Rest,172.79999999998836,0.0,3.7953
36,Rest,172.89999999999418,0.0,3.7953
36,Rest,173.0,0.0,3.7953
36,Rest,173.10000000000582,0.0,3.7953
36,Rest,173.20000000001164,0.0,3.7953
36,Rest,173.29999999998836,0.0,3.7953
36,Rest,173.39999999999418,0.0,3.7953
36,Rest,173.5,0.0,3.7953
36,Rest,173.60000000000582,0.0,3.7953
36,Rest,173.70000000001164,0.0,3.7953
36,Rest,173.79999999998836,0.0,3.7954
36,Rest,173.89999999999418,0.0,3.7954
36,Rest,174.0,0.0,3.7954
36,Rest,174.10000000000582,0.0,3.7954
36,Rest,174.20000000001164,0.0,3.7954
36,Rest,174.29999999998836,0.0,3.7954
36,Rest,174.39999999999418,0.0,3.7954
36,Rest,174.5,0.0,3.7954
36,Rest,174.60000000000582,0.0,3.7954
36,Rest,174.70000000001164,0.0,3.7954
36,Rest,174.79999999998836,0.0,3.7954
36,Rest,174.89999999999418,0.0,3.7953
36,Rest,175.0,0.0,3.7954
36,Rest,175.10000000000582,0.0,3.7954
36,Rest,175.20000000001164,0.0,3.7954
36,Rest,175.29999999998836,0.0,3.7954
36,Rest,175.39999999999418,0.0,3.7954
36,Rest,175.5,0.0,3.7954
36,Rest,175.60000000000582,0.0,3.7954
36,Rest,175.70000000001164,0.0,3.7954
36,Rest,175.79999999998836,0.0,3.7954
36,Rest,175.89999999999418,0.0,3.7954
36,Rest,176.0,0.0,3.7955
36,Rest,176.10000000000582,0.0,3.7955
36,Rest,176.20000000001164,0.0,3.7954
36,Rest,176.29999999998836,0.0,3.7954
36,Rest,176.39999999999418,0.0,3.7954
36,Rest,176.5,0.0,3.7954
36,Rest,176.60000000000582,0.0,3.7955
36,Rest,176.70000000001164,0.0,3.7954
36,Rest,176.79999999998836,0.0,3.7955
36,Rest,176.89999999999418,0.0,3.7955
36,Rest,177.0,0.0,3.7955
36,Rest,177.10000000000582,0.0,3.7954
36,Rest,177.20000000001164,0.0,3.7955
36,Rest,177.29999999998836,0.0,3.7955
36,Rest,177.39999999999418,0.0,3.7955
36,Rest,177.5,0.0,3.7955
36,Rest,177.60000000000582,0.0,3.7955
36,Rest,177.70000000001164,0.0,3.7955
36,Rest,177.79999999998836,0.0,3.7955
36,Rest,177.89999999999418,0.0,3.7955
36,Rest,178.0,0.0,3.7955
36,Rest,178.10000000000582,0.0,3.7955
36,Rest,178.20000000001164,0.0,3.7955
36,Rest,178.29999999998836,0.0,3.7955
36,Rest,178.39999999999418,0.0,3.7956
36,Rest,178.5,0.0,3.7955
36,Rest,178.60000000000582,0.0,3.7955
36,Rest,178.70000000001164,0.0,3.7956
36,Rest,178.79999999998836,0.0,3.7955
36,Rest,178.89999999999418,0.0,3.7956
36,Rest,179.0,0.0,3.7956
36,Rest,179.10000000000582,0.0,3.7956
36,Rest,179.20000000001164,0.0,3.7956
36,Rest,179.29999999998836,0.0,3.7955
36,Rest,179.39999999999418,0.0,3.7955
36,Rest,179.5,0.0,3.7956
36,Rest,179.60000000000582,0.0,3.7956
36,Rest,179.70000000001164,0.0,3.7956
36,Rest,179.79999999998836,0.0,3.7956
36,Rest,179.89999999999418,0.0,3.7956
36,Rest,180.0,0.0,3.7956
36,Rest,180.10000000000582,0.0,3.7956
36,Rest,180.20000000001164,0.0,3.7956
36,Rest,180.29999999998836,0.0,3.7956
36,Rest,180.39999999999418,0.0,3.7956
36,Rest,180.5,0.0,3.7956
36,Rest,180.60000000000582,0.0,3.7956
36,Rest,180.70000000001164,0.0,3.7956
36,Rest,180.79999999998836,0.0,3.7956
36,Rest,180.89999999999418,0.0,3.7956
36,Rest,181.0,0.0,3.7956
36,Rest,181.10000000000582,0.0,3.7956
36,Rest,181.20000000001164,0.0,3.7956
36,Rest,181.29999999998836,0.0,3.7956
36,Rest,181.39999999999418,0.0,3.7956
36,Rest,181.5,0.0,3.7956
36,Rest,181.60000000000582,0.0,3.7956
36,Rest,181.70000000001164,0.0,3.7956
36,Rest,181.79999999998836,0.0,3.7956
36,Rest,181.89999999999418,0.0,3.7956
36,Rest,182.0,0.0,3.7956
36,Rest,182.10000000000582,0.0,3.7957
36,Rest,182.20000000001164,0.0,3.7957
36,Rest,182.29999999998836,0.0,3.7957
36,Rest,182.39999999999418,0.0,3.7957
36,Rest,182.5,0.0,3.7957
36,Rest,182.60000000000582,0.0,3.7957
36,Rest,182.70000000001164,0.0,3.7957
36,Rest,182.79999999998836,0.0,3.7957
36,Rest,182.89999999999418,0.0,3.7957
36,Rest,183.0,0.0,3.7957
36,Rest,183.10000000000582,0.0,3.7957
36,Rest,183.20000000001164,0.0,3.7958
36,Rest,183.29999999998836,0.0,3.7958
36,Rest,183.39999999999418,0.0,3.7958
36,Rest,183.5,0.0,3.7958
36,Rest,183.60000000000582,0.0,3.7957
36,Rest,183.70000000001164,0.0,3.7958
36,Rest,183.79999999998836,0.0,3.7958
36,Rest,183.89999999999418,0.0,3.7958
36,Rest,184.0,0.0,3.7958
36,Rest,184.10000000000582,0.0,3.7958
36,Rest,184.20000000001164,0.0,3.7958
36,Rest,184.29999999998836,0.0,3.7958
36,Rest,184.39999999999418,0.0,3.7958
36,Rest,184.5,0.0,3.7958
36,Rest,184.60000000000582,0.0,3.7958
36,Rest,184.70000000001164,0.0,3.7958
36,Rest,184.79999999998836,0.0,3.7958
36,Rest,184.89999999999418,0.0,3.7958
36,Rest,185.0,0.0,3.7958
36,Rest,185.10000000000582,0.0,3.7958
36,Rest,185.20000000001164,0.0,3.7958
36,Rest,185.29999999998836,0.0,3.7958
36,Rest,185.39999999999418,0.0,3.7958
36,Rest,185.5,0.0,3.7958
36,Rest,185.60000000000582,0.0,3.7958
36,Rest,185.70000000001164,0.0,3.7958
36,Rest,185.79999999998836,0.0,3.7958
36,Rest,185.89999999999418,0.0,3.7959
36,Rest,186.0,0.0,3.7959
36,Rest,186.10000000000582,0.0,3.7959
36,Rest,186.20000000001164,0.0,3.7959
36,Rest,186.29999999998836,0.0,3.7959
36,Rest,186.39999999999418,0.0,3.7958
36,Rest,186.5,0.0,3.7959
36,Rest,186.60000000000582,0.0,3.7959
36,Rest,186.70000000001164,0.0,3.7959
36,Rest,186.79999999998836,0.0,3.7959
36,Rest,186.89999999999418,0.0,3.7959
36,Rest,187.0,0.0,3.7959
36,Rest,187.10000000000582,0.0,3.7959
36,Rest,187.20000000001164,0.0,3.7959
36,Rest,187.29999999998836,0.0,3.7959
36,Rest,187.39999999999418,0.0,3.7959
36,Rest,187.5,0.0,3.7959
36,Rest,187.60000000000582,0.0,3.7959
36,Rest,187.70000000001164,0.0,3.7959
36,Rest,187.79999999998836,0.0,3.796
36,Rest,187.89999999999418,0.0,3.796
36,Rest,188.0,0.0,3.796
36,Rest,188.10000000000582,0.0,3.796
36,Rest,188.20000000001164,0.0,3.796
36,Rest,188.29999999998836,0.0,3.7959
36,Rest,188.39999999999418,0.0,3.796
36,Rest,188.5,0.0,3.796
36,Rest,188.60000000000582,0.0,3.796
36,Rest,188.70000000001164,0.0,3.796
36,Rest,188.79999999998836,0.0,3.796
36,Rest,188.89999999999418,0.0,3.796
36,Rest,189.0,0.0,3.796
36,Rest,189.10000000000582,0.0,3.796
36,Rest,189.20000000001164,0.0,3.796
36,Rest,189.29999999998836,0.0,3.796
36,Rest,189.39999999999418,0.0,3.796
36,Rest,189.5,0.0,3.796
36,Rest,189.60000000000582,0.0,3.7961
36,Rest,189.70000000001164,0.0,3.796
36,Rest,189.79999999998836,0.0,3.796
36,Rest,189.89999999999418,0.0,3.796
36,Rest,190.0,0.0,3.796
36,Rest,190.10000000000582,0.0,3.796
36,Rest,190.20000000001164,0.0,3.796
36,Rest,190.29999999998836,0.0,3.796
36,Rest,190.39999999999418,0.0,3.796
36,Rest,190.5,0.0,3.796
36,Rest,190.60000000000582,0.0,3.796
36,Rest,190.70000000001164,0.0,3.796
36,Rest,190.79999999998836,0.0,3.796
36,Rest,190.89999999999418,0.0,3.796
36,Rest,191.0,0.0,3.796
36,Rest,191.10000000000582,0.0,3.796
36,Rest,191.20000000001164,0.0,3.796
36,Rest,191.29999999998836,0.0,3.796
36,Rest,191.39999999999418,0.0,3.796
36,Rest,191.5,0.0,3.796
36,Rest,191.60000000000582,0.0,3.796
36,Rest,191.70000000001164,0.0,3.796
36,Rest,191.79999999998836,0.0,3.796
36,Rest,191.89999999999418,0.0,3.7961
36,Rest,192.0,0.0,3.796
36,Rest,192.10000000000582,0.0,3.796
36,Rest,192.20000000001164,0.0,3.796
36,Rest,192.29999999998836,0.0,3.7961
36,Rest,192.39999999999418,0.0,3.7961
36,Rest,192.5,0.0,3.796
36,Rest,192.60000000000582,0.0,3.7961
36,Rest,192.70000000001164,0.0,3.7961
36,Rest,192.79999999998836,0.0,3.7961
36,Rest,192.89999999999418,0.0,3.7961
36,Rest,193.0,0.0,3.7961
36,Rest,193.10000000000582,0.0,3.7961
36,Rest,193.20000000001164,0.0,3.7961
36,Rest,193.29999999998836,0.0,3.7961
36,Rest,193.39999999999418,0.0,3.7961
36,Rest,193.5,0.0,3.7961
36,Rest,193.60000000000582,0.0,3.7962
36,Rest,193.70000000001164,0.0,3.7961
36,Rest,193.79999999998836,0.0,3.7961
36,Rest,193.89999999999418,0.0,3.7961
36,Rest,194.0,0.0,3.7961
36,Rest,194.10000000000582,0.0,3.7961
36,Rest,194.20000000001164,0.0,3.7961
36,Rest,194.29999999998836,0.0,3.7961
36,Rest,194.39999999999418,0.0,3.7961
36,Rest,194.5,0.0,3.7961
36,Rest,194.60000000000582,0.0,3.7961
36,Rest,194.70000000001164,0.0,3.7961
36,Rest,194.79999999998836,0.0,3.7961
36,Rest,194.89999999999418,0.0,3.7962
36,Rest,195.0,0.0,3.7962
36,Rest,195.10000000000582,0.0,3.7962
36,Rest,195.20000000001164,0.0,3.7962
36,Rest,195.29999999998836,0.0,3.7961
36,Rest,195.39999999999418,0.0,3.7962
36,Rest,195.5,0.0,3.7962
36,Rest,195.60000000000582,0.0,3.7961
36,Rest,195.70000000001164,0.0,3.7962
36,Rest,195.79999999998836,0.0,3.7962
36,Rest,195.89999999999418,0.0,3.7962
36,Rest,196.0,0.0,3.7962
36,Rest,196.10000000000582,0.0,3.7962
36,Rest,196.20000000001164,0.0,3.7962
36,Rest,196.29999999998836,0.0,3.7962
36,Rest,196.39999999999418,0.0,3.7962
36,Rest,196.5,0.0,3.7962
36,Rest,196.60000000000582,0.0,3.7962
36,Rest,196.70000000001164,0.0,3.7962
36,Rest,196.79999999998836,0.0,3.7962
36,Rest,196.89999999999418,0.0,3.7963
36,Rest,197.0,0.0,3.7963
36,Rest,197.10000000000582,0.0,3.7963
36,Rest,197.20000000001164,0.0,3.7963
36,Rest,197.29999999998836,0.0,3.7963
36,Rest,197.39999999999418,0.0,3.7963
36,Rest,197.5,0.0,3.7963
36,Rest,197.60000000000582,0.0,3.7963
36,Rest,197.70000000001164,0.0,3.7963
36,Rest,197.79999999998836,0.0,3.7963
36,Rest,197.89999999999418,0.0,3.7963
36,Rest,198.0,0.0,3.7963
36,Rest,198.10000000000582,0.0,3.7963
36,Rest,198.20000000001164,0.0,3.7963
36,Rest,198.29999999998836,0.0,3.7963
36,Rest,198.39999999999418,0.0,3.7963
36,Rest,198.5,0.0,3.7963
36,Rest,198.60000000000582,0.0,3.7963
36,Rest,198.70000000001164,0.0,3.7963
36,Rest,198.79999999998836,0.0,3.7963
36,Rest,198.89999999999418,0.0,3.7963
36,Rest,199.0,0.0,3.7963
36,Rest,199.10000000000582,0.0,3.7963
36,Rest,199.20000000001164,0.0,3.7963
36,Rest,199.29999999998836,0.0,3.7963
36,Rest,199.39999999999418,0.0,3.7963
36,Rest,199.5,0.0,3.7963
36,Rest,199.60000000000582,0.0,3.7963
36,Rest,199.70000000001164,0.0,3.7963
36,Rest,199.79999999998836,0.0,3.7963
36,Rest,199.89999999999418,0.0,3.7963
36,Rest,200.0,0.0,3.7963
36,Rest,200.10000000000582,0.0,3.7963
36,Rest,200.20000000001164,0.0,3.7963
36,Rest,200.29999999998836,0.0,3.7964
36,Rest,200.39999999999418,0.0,3.7963
36,Rest,200.5,0.0,3.7963
36,Rest,200.60000000000582,0.0,3.7963
36,Rest,200.70000000001164,0.0,3.7963
36,Rest,200.79999999998836,0.0,3.7963
36,Rest,200.89999999999418,0.0,3.7964
36,Rest,201.0,0.0,3.7964
36,Rest,201.10000000000582,0.0,3.7963
36,Rest,201.20000000001164,0.0,3.7964
36,Rest,201.29999999998836,0.0,3.7964
36,Rest,201.39999999999418,0.0,3.7964
36,Rest,201.5,0.0,3.7964
36,Rest,201.60000000000582,0.0,3.7964
36,Rest,201.70000000001164,0.0,3.7963
36,Rest,201.79999999998836,0.0,3.7964
36,Rest,201.89999999999418,0.0,3.7964
36,Rest,202.0,0.0,3.7964
36,Rest,202.10000000000582,0.0,3.7964
36,Rest,202.20000000001164,0.0,3.7963
36,Rest,202.29999999998836,0.0,3.7964
36,Rest,202.39999999999418,0.0,3.7963
36,Rest,202.5,0.0,3.7963
36,Rest,202.60000000000582,0.0,3.7964
36,Rest,202.70000000001164,0.0,3.7964
36,Rest,202.79999999998836,0.0,3.7964
36,Rest,202.89999999999418,0.0,3.7964
36,Rest,203.0,0.0,3.7964
36,Rest,203.10000000000582,0.0,3.7964
36,Rest,203.20000000001164,0.0,3.7964
36,Rest,203.29999999998836,0.0,3.7964
36,Rest,203.39999999999418,0.0,3.7964
36,Rest,203.5,0.0,3.7964
36,Rest,203.60000000000582,0.0,3.7964
36,Rest,203.70000000001164,0.0,3.7964
36,Rest,203.79999999998836,0.0,3.7964
36,Rest,203.89999999999418,0.0,3.7964
36,Rest,204.0,0.0,3.7964
36,Rest,204.10000000000582,0.0,3.7964
36,Rest,204.20000000001164,0.0,3.7964
36,Rest,204.29999999998836,0.0,3.7964
36,Rest,204.39999999999418,0.0,3.7964
36,Rest,204.5,0.0,3.7964
36,Rest,204.60000000000582,0.0,3.7964
36,Rest,204.70000000001164,0.0,3.7964
36,Rest,204.79999999998836,0.0,3.7964
36,Rest,204.89999999999418,0.0,3.7965
36,Rest,205.0,0.0,3.7965
36,Rest,205.10000000000582,0.0,3.7965
36,Rest,205.20000000001164,0.0,3.7965
36,Rest,205.29999999998836,0.0,3.7965
36,Rest,205.39999999999418,0.0,3.7965
36,Rest,205.5,0.0,3.7965
36,Rest,205.60000000000582,0.0,3.7965
36,Rest,205.70000000001164,0.0,3.7965
36,Rest,205.79999999998836,0.0,3.7965
36,Rest,205.89999999999418,0.0,3.7965
36,Rest,206.0,0.0,3.7965
36,Rest,206.10000000000582,0.0,3.7965
36,Rest,206.20000000001164,0.0,3.7965
36,Rest,206.29999999998836,0.0,3.7965
36,Rest,206.39999999999418,0.0,3.7965
36,Rest,206.5,0.0,3.7965
36,Rest,206.60000000000582,0.0,3.7965
36,Rest,206.70000000001164,0.0,3.7965
36,Rest,206.79999999998836,0.0,3.7965
36,Rest,206.89999999999418,0.0,3.7965
36,Rest,207.0,0.0,3.7965
36,Rest,207.10000000000582,0.0,3.7965
36,Rest,207.20000000001164,0.0,3.7965
36,Rest,207.29999999998836,0.0,3.7966
36,Rest,207.39999999999418,0.0,3.7965
36,Rest,207.5,0.0,3.7966
36,Rest,207.60000000000582,0.0,3.7966
36,Rest,207.70000000001164,0.0,3.7966
36,Rest,207.79999999998836,0.0,3.7965
36,Rest,207.89999999999418,0.0,3.7966
36,Rest,208.0,0.0,3.7966
36,Rest,208.10000000000582,0.0,3.7966
36,Rest,208.20000000001164,0.0,3.7966
36,Rest,208.29999999998836,0.0,3.7966
36,Rest,208.39999999999418,0.0,3.7965
36,Rest,208.5,0.0,3.7965
36,Rest,208.60000000000582,0.0,3.7965
36,Rest,208.70000000001164,0.0,3.7966
36,Rest,208.79999999998836,0.0,3.7966
36,Rest,208.89999999999418,0.0,3.7966
36,Rest,209.0,0.0,3.7965
36,Rest,209.10000000000582,0.0,3.7965
36,Rest,209.20000000001164,0.0,3.7965
36,Rest,209.29999999998836,0.0,3.7966
36,Rest,209.39999999999418,0.0,3.7966
36,Rest,209.5,0.0,3.7966
36,Rest,209.60000000000582,0.0,3.7966
36,Rest,209.70000000001164,0.0,3.7966
36,Rest,209.79999999998836,0.0,3.7966
36,Rest,209.89999999999418,0.0,3.7966
36,Rest,210.0,0.0,3.7966
36,Rest,210.10000000000582,0.0,3.7966
36,Rest,210.20000000001164,0.0,3.7966
36,Rest,210.29999999998836,0.0,3.7966
36,Rest,210.39999999999418,0.0,3.7966
36,Rest,210.5,0.0,3.7966
36,Rest,210.60000000000582,0.0,3.7966
36,Rest,210.70000000001164,0.0,3.7966
36,Rest,210.79999999998836,0.0,3.7966
36,Rest,210.89999999999418,0.0,3.7966
36,Rest,211.0,0.0,3.7966
36,Rest,211.10000000000582,0.0,3.7966
36,Rest,211.20000000001164,0.0,3.7967
36,Rest,211.29999999998836,0.0,3.7966
36,Rest,211.39999999999418,0.0,3.7966
36,Rest,211.5,0.0,3.7966
36,Rest,211.60000000000582,0.0,3.7966
36,Rest,211.70000000001164,0.0,3.7966
36,Rest,211.79999999998836,0.0,3.7967
36,Rest,211.89999999999418,0.0,3.7966
36,Rest,212.0,0.0,3.7966
36,Rest,212.10000000000582,0.0,3.7966
36,Rest,212.20000000001164,0.0,3.7967
36,Rest,212.29999999998836,0.0,3.7967
36,Rest,212.39999999999418,0.0,3.7967
36,Rest,212.5,0.0,3.7967
36,Rest,212.60000000000582,0.0,3.7967
36,Rest,212.70000000001164,0.0,3.7967
36,Rest,212.79999999998836,0.0,3.7966
36,Rest,212.89999999999418,0.0,3.7967
36,Rest,213.0,0.0,3.7967
36,Rest,213.10000000000582,0.0,3.7967
36,Rest,213.20000000001164,0.0,3.7967
36,Rest,213.29999999998836,0.0,3.7967
36,Rest,213.39999999999418,0.0,3.7966
36,Rest,213.5,0.0,3.7967
36,Rest,213.60000000000582,0.0,3.7967
36,Rest,213.70000000001164,0.0,3.7967
36,Rest,213.79999999998836,0.0,3.7967
36,Rest,213.89999999999418,0.0,3.7967
36,Rest,214.0,0.0,3.7967
36,Rest,214.10000000000582,0.0,3.7967
36,Rest,214.20000000001164,0.0,3.7967
36,Rest,214.29999999998836,0.0,3.7967
36,Rest,214.39999999999418,0.0,3.7967
36,Rest,214.5,0.0,3.7967
36,Rest,214.60000000000582,0.0,3.7967
36,Rest,214.70000000001164,0.0,3.7967
36,Rest,214.79999999998836,0.0,3.7967
36,Rest,214.89999999999418,0.0,3.7967
36,Rest,215.0,0.0,3.7967
36,Rest,215.10000000000582,0.0,3.7967
36,Rest,215.20000000001164,0.0,3.7967
36,Rest,215.29999999998836,0.0,3.7967
36,Rest,215.39999999999418,0.0,3.7967
36,Rest,215.5,0.0,3.7967
36,Rest,215.60000000000582,0.0,3.7967
36,Rest,215.70000000001164,0.0,3.7968
36,Rest,215.79999999998836,0.0,3.7968
36,Rest,215.89999999999418,0.0,3.7968
36,Rest,216.0,0.0,3.7968
36,Rest,216.10000000000582,0.0,3.7968
36,Rest,216.20000000001164,0.0,3.7968
36,Rest,216.29999999998836,0.0,3.7968
36,Rest,216.39999999999418,0.0,3.7968
36,Rest,216.5,0.0,3.7968
36,Rest,216.60000000000582,0.0,3.7968
36,Rest,216.70000000001164,0.0,3.7968
36,Rest,216.79999999998836,0.0,3.7968
36,Rest,216.89999999999418,0.0,3.7968
36,Rest,217.0,0.0,3.7968
36,Rest,217.10000000000582,0.0,3.7968
36,Rest,217.20000000001164,0.0,3.7968
36,Rest,217.29999999998836,0.0,3.7968
36,Rest,217.39999999999418,0.0,3.7968
36,Rest,217.5,0.0,3.7968
36,Rest,217.60000000000582,0.0,3.7968
36,Rest,217.70000000001164,0.0,3.7968
36,Rest,217.79999999998836,0.0,3.7968
36,Rest,217.89999999999418,0.0,3.7968
36,Rest,218.0,0.0,3.7968
36,Rest,218.10000000000582,0.0,3.7968
36,Rest,218.20000000001164,0.0,3.7968
36,Rest,218.29999999998836,0.0,3.7968
36,Rest,218.39999999999418,0.0,3.7968
36,Rest,218.5,0.0,3.7968
36,Rest,218.60000000000582,0.0,3.7968
36,Rest,218.70000000001164,0.0,3.7969
36,Rest,218.79999999998836,0.0,3.7969
36,Rest,218.89999999999418,0.0,3.7969
36,Rest,219.0,0.0,3.7968
36,Rest,219.10000000000582,0.0,3.7969
36,Rest,219.20000000001164,0.0,3.7969
36,Rest,219.29999999998836,0.0,3.7969
36,Rest,219.39999999999418,0.0,3.7968
36,Rest,219.5,0.0,3.7969
36,Rest,219.60000000000582,0.0,3.7969
36,Rest,219.70000000001164,0.0,3.7969
36,Rest,219.79999999998836,0.0,3.7969
36,Rest,219.89999999999418,0.0,3.7969
36,Rest,220.0,0.0,3.7969
36,Rest,220.10000000000582,0.0,3.7969
36,Rest,220.20000000001164,0.0,3.7969
36,Rest,220.29999999998836,0.0,3.7969
36,Rest,220.39999999999418,0.0,3.7969
36,Rest,220.5,0.0,3.7969
36,Rest,220.60000000000582,0.0,3.7969
36,Rest,220.70000000001164,0.0,3.7969
36,Rest,220.79999999998836,0.0,3.7969
36,Rest,220.89999999999418,0.0,3.797
36,Rest,221.0,0.0,3.797
36,Rest,221.10000000000582,0.0,3.7969
36,Rest,221.20000000001164,0.0,3.797
36,Rest,221.29999999998836,0.0,3.797
36,Rest,221.39999999999418,0.0,3.797
36,Rest,221.5,0.0,3.797
36,Rest,221.60000000000582,0.0,3.797
36,Rest,221.70000000001164,0.0,3.797
36,Rest,221.79999999998836,0.0,3.797
36,Rest,221.89999999999418,0.0,3.797
36,Rest,222.0,0.0,3.797
36,Rest,222.10000000000582,0.0,3.797
36,Rest,222.20000000001164,0.0,3.797
36,Rest,222.29999999998836,0.0,3.797
36,Rest,222.39999999999418,0.0,3.797
36,Rest,222.5,0.0,3.797
36,Rest,222.60000000000582,0.0,3.797
36,Rest,222.70000000001164,0.0,3.7969
36,Rest,222.79999999998836,0.0,3.797
36,Rest,222.89999999999418,0.0,3.797
36,Rest,223.0,0.0,3.797
36,Rest,223.10000000000582,0.0,3.797
36,Rest,223.20000000001164,0.0,3.797
36,Rest,223.29999999998836,0.0,3.797
36,Rest,223.39999999999418,0.0,3.797
36,Rest,223.5,0.0,3.797
36,Rest,223.60000000000582,0.0,3.797
36,Rest,223.70000000001164,0.0,3.797
36,Rest,223.79999999998836,0.0,3.797
36,Rest,223.89999999999418,0.0,3.797
36,Rest,224.0,0.0,3.797
36,Rest,224.10000000000582,0.0,3.797
36,Rest,224.20000000001164,0.0,3.797
36,Rest,224.29999999998836,0.0,3.797
36,Rest,224.39999999999418,0.0,3.797
36,Rest,224.5,0.0,3.797
36,Rest,224.60000000000582,0.0,3.797
36,Rest,224.70000000001164,0.0,3.797
36,Rest,224.79999999998836,0.0,3.7971
36,Rest,224.89999999999418,0.0,3.7971
36,Rest,225.0,0.0,3.797
36,Rest,225.10000000000582,0.0,3.7971
36,Rest,225.20000000001164,0.0,3.7971
36,Rest,225.29999999998836,0.0,3.7971
36,Rest,225.39999999999418,0.0,3.7971
36,Rest,225.5,0.0,3.7971
36,Rest,225.60000000000582,0.0,3.7971
36,Rest,225.70000000001164,0.0,3.7971
36,Rest,225.79999999998836,0.0,3.7971
36,Rest,225.89999999999418,0.0,3.7971
36,Rest,226.0,0.0,3.7971
36,Rest,226.10000000000582,0.0,3.797
36,Rest,226.20000000001164,0.0,3.7971
36,Rest,226.29999999998836,0.0,3.7971
36,Rest,226.39999999999418,0.0,3.7971
36,Rest,226.5,0.0,3.7971
36,Rest,226.60000000000582,0.0,3.797
36,Rest,226.70000000001164,0.0,3.797
36,Rest,226.79999999998836,0.0,3.7971
36,Rest,226.89999999999418,0.0,3.7971
36,Rest,227.0,0.0,3.7971
36,Rest,227.10000000000582,0.0,3.7971
36,Rest,227.20000000001164,0.0,3.7971
36,Rest,227.29999999998836,0.0,3.7971
36,Rest,227.39999999999418,0.0,3.7971
36,Rest,227.5,0.0,3.7971
36,Rest,227.60000000000582,0.0,3.7971
36,Rest,227.70000000001164,0.0,3.7971
36,Rest,227.79999999998836,0.0,3.7971
36,Rest,227.89999999999418,0.0,3.7971
36,Rest,228.0,0.0,3.7971
36,Rest,228.10000000000582,0.0,3.7971
36,Rest,228.20000000001164,0.0,3.7971
36,Rest,228.29999999998836,0.0,3.7972
36,Rest,228.39999999999418,0.0,3.7971
36,Rest,228.5,0.0,3.7971
36,Rest,228.60000000000582,0.0,3.7971
36,Rest,228.70000000001164,0.0,3.7971
36,Rest,228.79999999998836,0.0,3.7971
36,Rest,228.89999999999418,0.0,3.7971
36,Rest,229.0,0.0,3.7971
36,Rest,229.10000000000582,0.0,3.7971
36,Rest,229.20000000001164,0.0,3.7971
36,Rest,229.29999999998836,0.0,3.7971
36,Rest,229.39999999999418,0.0,3.7971
36,Rest,229.5,0.0,3.7971
36,Rest,229.60000000000582,0.0,3.7971
36,Rest,229.70000000001164,0.0,3.7971
36,Rest,229.79999999998836,0.0,3.7972
36,Rest,229.89999999999418,0.0,3.7972
36,Rest,230.0,0.0,3.7971
36,Rest,230.10000000000582,0.0,3.7971
36,Rest,230.20000000001164,0.0,3.7971
36,Rest,230.29999999998836,0.0,3.7971
36,Rest,230.39999999999418,0.0,3.7972
36,Rest,230.5,0.0,3.7972
36,Rest,230.60000000000582,0.0,3.7972
36,Rest,230.70000000001164,0.0,3.7972
36,Rest,230.79999999998836,0.0,3.7971
36,Rest,230.89999999999418,0.0,3.7971
36,Rest,231.0,0.0,3.7971
36,Rest,231.10000000000582,0.0,3.7971
36,Rest,231.20000000001164,0.0,3.7971
36,Rest,231.29999999998836,0.0,3.7971
36,Rest,231.39999999999418,0.0,3.7972
36,Rest,231.5,0.0,3.7972
36,Rest,231.60000000000582,0.0,3.7972
36,Rest,231.70000000001164,0.0,3.7972
36,Rest,231.79999999998836,0.0,3.7972
36,Rest,231.89999999999418,0.0,3.7972
36,Rest,232.0,0.0,3.7971
36,Rest,232.10000000000582,0.0,3.7971
36,Rest,232.20000000001164,0.0,3.7972
36,Rest,232.29999999998836,0.0,3.7972
36,Rest,232.39999999999418,0.0,3.7972
36,Rest,232.5,0.0,3.7972
36,Rest,232.60000000000582,0.0,3.7972
36,Rest,232.70000000001164,0.0,3.7972
36,Rest,232.79999999998836,0.0,3.7972
36,Rest,232.89999999999418,0.0,3.7972
36,Rest,233.0,0.0,3.7972
36,Rest,233.10000000000582,0.0,3.7972
36,Rest,233.20000000001164,0.0,3.7972
36,Rest,233.29999999998836,0.0,3.7972
36,Rest,233.39999999999418,0.0,3.7972
36,Rest,233.5,0.0,3.7972
36,Rest,233.60000000000582,0.0,3.7972
36,Rest,233.70000000001164,0.0,3.7972
36,Rest,233.79999999998836,0.0,3.7972
36,Rest,233.89999999999418,0.0,3.7972
36,Rest,234.0,0.0,3.7972
36,Rest,234.10000000000582,0.0,3.7972
36,Rest,234.20000000001164,0.0,3.7972
36,Rest,234.29999999998836,0.0,3.7972
36,Rest,234.39999999999418,0.0,3.7972
36,Rest,234.5,0.0,3.7972
36,Rest,234.60000000000582,0.0,3.7972
36,Rest,234.70000000001164,0.0,3.7972
36,Rest,234.79999999998836,0.0,3.7972
36,Rest,234.89999999999418,0.0,3.7972
36,Rest,235.0,0.0,3.7972
36,Rest,235.10000000000582,0.0,3.7972
36,Rest,235.20000000001164,0.0,3.7972
36,Rest,235.29999999998836,0.0,3.7972
36,Rest,235.39999999999418,0.0,3.7972
36,Rest,235.5,0.0,3.7972
36,Rest,235.60000000000582,0.0,3.7972
36,Rest,235.70000000001164,0.0,3.7972
36,Rest,235.79999999998836,0.0,3.7973
36,Rest,235.89999999999418,0.0,3.7973
36,Rest,236.0,0.0,3.7973
36,Rest,236.10000000000582,0.0,3.7972
36,Rest,236.20000000001164,0.0,3.7972
36,Rest,236.29999999998836,0.0,3.7972
36,Rest,236.39999999999418,0.0,3.7972
36,Rest,236.5,0.0,3.7973
36,Rest,236.60000000000582,0.0,3.7972
36,Rest,236.70000000001164,0.0,3.7972
36,Rest,236.79999999998836,0.0,3.7973
36,Rest,236.89999999999418,0.0,3.7973
36,Rest,237.0,0.0,3.7973
36,Rest,237.10000000000582,0.0,3.7973
36,Rest,237.20000000001164,0.0,3.7973
36,Rest,237.29999999998836,0.0,3.7973
36,Rest,237.39999999999418,0.0,3.7973
36,Rest,237.5,0.0,3.7973
36,Rest,237.60000000000582,0.0,3.7973
36,Rest,237.70000000001164,0.0,3.7973
36,Rest,237.79999999998836,0.0,3.7972
36,Rest,237.89999999999418,0.0,3.7972
36,Rest,238.0,0.0,3.7973
36,Rest,238.10000000000582,0.0,3.7972
36,Rest,238.20000000001164,0.0,3.7973
36,Rest,238.29999999998836,0.0,3.7973
36,Rest,238.39999999999418,0.0,3.7973
36,Rest,238.5,0.0,3.7973
36,Rest,238.60000000000582,0.0,3.7973
36,Rest,238.70000000001164,0.0,3.7973
36,Rest,238.79999999998836,0.0,3.7973
36,Rest,238.89999999999418,0.0,3.7973
36,Rest,239.0,0.0,3.7973
36,Rest,239.10000000000582,0.0,3.7973
36,Rest,239.20000000001164,0.0,3.7973
36,Rest,239.29999999998836,0.0,3.7973
36,Rest,239.39999999999418,0.0,3.7973
36,Rest,239.5,0.0,3.7973
36,Rest,239.60000000000582,0.0,3.7973
36,Rest,239.70000000001164,0.0,3.7973
36,Rest,239.79999999998836,0.0,3.7973
36,Rest,239.89999999999418,0.0,3.7973
36,Rest,240.0,0.0,3.7973
36,Rest,240.10000000000582,0.0,3.7973
36,Rest,240.20000000001164,0.0,3.7973
36,Rest,240.29999999998836,0.0,3.7973
36,Rest,240.39999999999418,0.0,3.7973
36,Rest,240.5,0.0,3.7973
36,Rest,240.60000000000582,0.0,3.7973
36,Rest,240.70000000001164,0.0,3.7973
36,Rest,240.79999999998836,0.0,3.7973
36,Rest,240.89999999999418,0.0,3.7973
36,Rest,241.0,0.0,3.7973
36,Rest,241.10000000000582,0.0,3.7974
36,Rest,241.20000000001164,0.0,3.7973
36,Rest,241.29999999998836,0.0,3.7974
36,Rest,241.39999999999418,0.0,3.7974
36,Rest,241.5,0.0,3.7974
36,Rest,241.60000000000582,0.0,3.7974
36,Rest,241.70000000001164,0.0,3.7974
36,Rest,241.79999999998836,0.0,3.7974
36,Rest,241.89999999999418,0.0,3.7973
36,Rest,242.0,0.0,3.7974
36,Rest,242.10000000000582,0.0,3.7974
36,Rest,242.20000000001164,0.0,3.7974
36,Rest,242.29999999998836,0.0,3.7974
36,Rest,242.39999999999418,0.0,3.7974
36,Rest,242.5,0.0,3.7974
36,Rest,242.60000000000582,0.0,3.7974
36,Rest,242.70000000001164,0.0,3.7974
36,Rest,242.79999999998836,0.0,3.7974
36,Rest,242.89999999999418,0.0,3.7974
36,Rest,243.0,0.0,3.7974
36,Rest,243.10000000000582,0.0,3.7974
36,Rest,243.20000000001164,0.0,3.7974
36,Rest,243.29999999998836,0.0,3.7974
36,Rest,243.39999999999418,0.0,3.7974
36,Rest,243.5,0.0,3.7974
36,Rest,243.60000000000582,0.0,3.7974
36,Rest,243.70000000001164,0.0,3.7974
36,Rest,243.79999999998836,0.0,3.7974
36,Rest,243.89999999999418,0.0,3.7974
36,Rest,244.0,0.0,3.7974
36,Rest,244.10000000000582,0.0,3.7974
36,Rest,244.20000000001164,0.0,3.7974
36,Rest,244.29999999998836,0.0,3.7974
36,Rest,244.39999999999418,0.0,3.7974
36,Rest,244.5,0.0,3.7974
36,Rest,244.60000000000582,0.0,3.7974
36,Rest,244.70000000001164,0.0,3.7974
36,Rest,244.79999999998836,0.0,3.7974
36,Rest,244.89999999999418,0.0,3.7974
36,Rest,245.0,0.0,3.7974
36,Rest,245.10000000000582,0.0,3.7974
36,Rest,245.20000000001164,0.0,3.7974
36,Rest,245.29999999998836,0.0,3.7975
36,Rest,245.39999999999418,0.0,3.7974
36,Rest,245.5,0.0,3.7974
36,Rest,245.60000000000582,0.0,3.7974
36,Rest,245.70000000001164,0.0,3.7974
36,Rest,245.79999999998836,0.0,3.7974
36,Rest,245.89999999999418,0.0,3.7974
36,Rest,246.0,0.0,3.7975
36,Rest,246.10000000000582,0.0,3.7975
36,Rest,246.20000000001164,0.0,3.7974
36,Rest,246.29999999998836,0.0,3.7974
36,Rest,246.39999999999418,0.0,3.7975
36,Rest,246.5,0.0,3.7975
36,Rest,246.60000000000582,0.0,3.7975
36,Rest,246.70000000001164,0.0,3.7975
36,Rest,246.79999999998836,0.0,3.7975
36,Rest,246.89999999999418,0.0,3.7975
36,Rest,247.0,0.0,3.7975
36,Rest,247.10000000000582,0.0,3.7975
36,Rest,247.20000000001164,0.0,3.7975
36,Rest,247.29999999998836,0.0,3.7975
36,Rest,247.39999999999418,0.0,3.7975
36,Rest,247.5,0.0,3.7975
36,Rest,247.60000000000582,0.0,3.7975
36,Rest,247.70000000001164,0.0,3.7975
36,Rest,247.79999999998836,0.0,3.7975
36,Rest,247.89999999999418,0.0,3.7975
36,Rest,248.0,0.0,3.7975
36,Rest,248.10000000000582,0.0,3.7974
36,Rest,248.20000000001164,0.0,3.7974
36,Rest,248.29999999998836,0.0,3.7975
36,Rest,248.39999999999418,0.0,3.7974
36,Rest,248.5,0.0,3.7974
36,Rest,248.60000000000582,0.0,3.7974
36,Rest,248.70000000001164,0.0,3.7974
36,Rest,248.79999999998836,0.0,3.7975
36,Rest,248.89999999999418,0.0,3.7974
36,Rest,249.0,0.0,3.7975
36,Rest,249.10000000000582,0.0,3.7975
36,Rest,249.20000000001164,0.0,3.7975
36,Rest,249.29999999998836,0.0,3.7975
36,Rest,249.39999999999418,0.0,3.7975
36,Rest,249.5,0.0,3.7975
36,Rest,249.60000000000582,0.0,3.7975
36,Rest,249.70000000001164,0.0,3.7975
36,Rest,249.79999999998836,0.0,3.7975
36,Rest,249.89999999999418,0.0,3.7975
36,Rest,250.0,0.0,3.7975
36,Rest,250.10000000000582,0.0,3.7975
36,Rest,250.20000000001164,0.0,3.7974
36,Rest,250.29999999998836,0.0,3.7975
36,Rest,250.39999999999418,0.0,3.7975
36,Rest,250.5,0.0,3.7975
36,Rest,250.60000000000582,0.0,3.7975
36,Rest,250.70000000001164,0.0,3.7975
36,Rest,250.79999999998836,0.0,3.7975
36,Rest,250.89999999999418,0.0,3.7975
36,Rest,251.0,0.0,3.7975
36,Rest,251.10000000000582,0.0,3.7975
36,Rest,251.20000000001164,0.0,3.7975
36,Rest,251.29999999998836,0.0,3.7975
36,Rest,251.39999999999418,0.0,3.7975
36,Rest,251.5,0.0,3.7975
36,Rest,251.60000000000582,0.0,3.7975
36,Rest,251.70000000001164,0.0,3.7975
36,Rest,251.79999999998836,0.0,3.7975
36,Rest,251.89999999999418,0.0,3.7975
36,Rest,252.0,0.0,3.7975
36,Rest,252.10000000000582,0.0,3.7975
36,Rest,252.20000000001164,0.0,3.7975
36,Rest,252.29999999998836,0.0,3.7975
36,Rest,252.39999999999418,0.0,3.7975
36,Rest,252.5,0.0,3.7975
36,Rest,252.60000000000582,0.0,3.7975
36,Rest,252.70000000001164,0.0,3.7976
36,Rest,252.79999999998836,0.0,3.7976
36,Rest,252.89999999999418,0.0,3.7975
36,Rest,253.0,0.0,3.7975
36,Rest,253.10000000000582,0.0,3.7976
36,Rest,253.20000000001164,0.0,3.7976
36,Rest,253.29999999998836,0.0,3.7976
36,Rest,253.39999999999418,0.0,3.7976
36,Rest,253.5,0.0,3.7975
36,Rest,253.60000000000582,0.0,3.7975
36,Rest,253.70000000001164,0.0,3.7975
36,Rest,253.79999999998836,0.0,3.7975
36,Rest,253.89999999999418,0.0,3.7975
36,Rest,254.0,0.0,3.7975
36,Rest,254.10000000000582,0.0,3.7976
36,Rest,254.20000000001164,0.0,3.7975
36,Rest,254.29999999998836,0.0,3.7975
36,Rest,254.39999999999418,0.0,3.7976
36,Rest,254.5,0.0,3.7976
36,Rest,254.60000000000582,0.0,3.7975
36,Rest,254.70000000001164,0.0,3.7975
36,Rest,254.79999999998836,0.0,3.7975
36,Rest,254.89999999999418,0.0,3.7976
36,Rest,255.0,0.0,3.7976
36,Rest,255.10000000000582,0.0,3.7976
36,Rest,255.20000000001164,0.0,3.7975
36,Rest,255.29999999998836,0.0,3.7976
36,Rest,255.39999999999418,0.0,3.7976
36,Rest,255.5,0.0,3.7976
36,Rest,255.60000000000582,0.0,3.7976
36,Rest,255.70000000001164,0.0,3.7976
36,Rest,255.79999999998836,0.0,3.7976
36,Rest,255.89999999999418,0.0,3.7976
36,Rest,256.0,0.0,3.7976
36,Rest,256.1000000000058,0.0,3.7976
36,Rest,256.20000000001164,0.0,3.7976
36,Rest,256.29999999998836,0.0,3.7976
36,Rest,256.3999999999942,0.0,3.7976
36,Rest,256.5,0.0,3.7976
36,Rest,256.6000000000058,0.0,3.7976
36,Rest,256.70000000001164,0.0,3.7976
36,Rest,256.79999999998836,0.0,3.7976
36,Rest,256.8999999999942,0.0,3.7976
36,Rest,257.0,0.0,3.7976
36,Rest,257.1000000000058,0.0,3.7976
36,Rest,257.20000000001164,0.0,3.7976
36,Rest,257.29999999998836,0.0,3.7976
36,Rest,257.3999999999942,0.0,3.7976
36,Rest,257.5,0.0,3.7976
36,Rest,257.6000000000058,0.0,3.7976
36,Rest,257.70000000001164,0.0,3.7976
36,Rest,257.79999999998836,0.0,3.7976
36,Rest,257.8999999999942,0.0,3.7976
36,Rest,258.0,0.0,3.7976
36,Rest,258.1000000000058,0.0,3.7976
36,Rest,258.20000000001164,0.0,3.7976
36,Rest,258.29999999998836,0.0,3.7976
36,Rest,258.3999999999942,0.0,3.7976
36,Rest,258.5,0.0,3.7976
36,Rest,258.6000000000058,0.0,3.7976
36,Rest,258.70000000001164,0.0,3.7976
36,Rest,258.79999999998836,0.0,3.7976
36,Rest,258.8999999999942,0.0,3.7976
36,Rest,259.0,0.0,3.7976
36,Rest,259.1000000000058,0.0,3.7976
36,Rest,259.20000000001164,0.0,3.7976
36,Rest,259.29999999998836,0.0,3.7977
36,Rest,259.3999999999942,0.0,3.7976
36,Rest,259.5,0.0,3.7976
36,Rest,259.6000000000058,0.0,3.7976
36,Rest,259.70000000001164,0.0,3.7977
36,Rest,259.79999999998836,0.0,3.7977
36,Rest,259.8999999999942,0.0,3.7977
36,Rest,260.0,0.0,3.7977
36,Rest,260.1000000000058,0.0,3.7976
36,Rest,260.20000000001164,0.0,3.7976
36,Rest,260.29999999998836,0.0,3.7976
36,Rest,260.3999999999942,0.0,3.7976
36,Rest,260.5,0.0,3.7977
36,Rest,260.6000000000058,0.0,3.7977
36,Rest,260.70000000001164,0.0,3.7977
36,Rest,260.79999999998836,0.0,3.7977
36,Rest,260.8999999999942,0.0,3.7977
36,Rest,261.0,0.0,3.7977
36,Rest,261.1000000000058,0.0,3.7977
36,Rest,261.20000000001164,0.0,3.7977
36,Rest,261.29999999998836,0.0,3.7977
36,Rest,261.3999999999942,0.0,3.7977
36,Rest,261.5,0.0,3.7977
36,Rest,261.6000000000058,0.0,3.7977
36,Rest,261.70000000001164,0.0,3.7977
36,Rest,261.79999999998836,0.0,3.7977
36,Rest,261.8999999999942,0.0,3.7977
36,Rest,262.0,0.0,3.7977
36,Rest,262.1000000000058,0.0,3.7977
36,Rest,262.20000000001164,0.0,3.7977
36,Rest,262.29999999998836,0.0,3.7977
36,Rest,262.3999999999942,0.0,3.7977
36,Rest,262.5,0.0,3.7977
36,Rest,262.6000000000058,0.0,3.7977
36,Rest,262.70000000001164,0.0,3.7977
36,Rest,262.79999999998836,0.0,3.7977
36,Rest,262.8999999999942,0.0,3.7977
36,Rest,263.0,0.0,3.7977
36,Rest,263.1000000000058,0.0,3.7977
36,Rest,263.20000000001164,0.0,3.7977
36,Rest,263.29999999998836,0.0,3.7977
36,Rest,263.3999999999942,0.0,3.7977
36,Rest,263.5,0.0,3.7977
36,Rest,263.6000000000058,0.0,3.7977
36,Rest,263.70000000001164,0.0,3.7977
36,Rest,263.79999999998836,0.0,3.7977
36,Rest,263.8999999999942,0.0,3.7977
36,Rest,264.0,0.0,3.7978
36,Rest,264.1000000000058,0.0,3.7978
36,Rest,264.20000000001164,0.0,3.7978
36,Rest,264.29999999998836,0.0,3.7978
36,Rest,264.3999999999942,0.0,3.7978
36,Rest,264.5,0.0,3.7977
36,Rest,264.6000000000058,0.0,3.7977
36,Rest,264.70000000001164,0.0,3.7977
36,Rest,264.79999999998836,0.0,3.7977
36,Rest,264.8999999999942,0.0,3.7977
36,Rest,265.0,0.0,3.7977
36,Rest,265.1000000000058,0.0,3.7977
36,Rest,265.20000000001164,0.0,3.7977
36,Rest,265.29999999998836,0.0,3.7977
36,Rest,265.3999999999942,0.0,3.7978
36,Rest,265.5,0.0,3.7978
36,Rest,265.6000000000058,0.0,3.7978
36,Rest,265.70000000001164,0.0,3.7978
36,Rest,265.79999999998836,0.0,3.7978
36,Rest,265.8999999999942,0.0,3.7977
36,Rest,266.0,0.0,3.7977
36,Rest,266.1000000000058,0.0,3.7977
36,Rest,266.20000000001164,0.0,3.7978
36,Rest,266.29999999998836,0.0,3.7978
36,Rest,266.3999999999942,0.0,3.7978
36,Rest,266.5,0.0,3.7978
36,Rest,266.6000000000058,0.0,3.7977
36,Rest,266.70000000001164,0.0,3.7977
36,Rest,266.79999999998836,0.0,3.7977
36,Rest,266.8999999999942,0.0,3.7977
36,Rest,267.0,0.0,3.7977
36,Rest,267.1000000000058,0.0,3.7978
36,Rest,267.20000000001164,0.0,3.7978
36,Rest,267.29999999998836,0.0,3.7977
36,Rest,267.3999999999942,0.0,3.7978
36,Rest,267.5,0.0,3.7978
36,Rest,267.6000000000058,0.0,3.7978
36,Rest,267.70000000001164,0.0,3.7978
36,Rest,267.79999999998836,0.0,3.7978
36,Rest,267.8999999999942,0.0,3.7977
36,Rest,268.0,0.0,3.7978
36,Rest,268.1000000000058,0.0,3.7978
36,Rest,268.20000000001164,0.0,3.7978
36,Rest,268.29999999998836,0.0,3.7978
36,Rest,268.3999999999942,0.0,3.7978
36,Rest,268.5,0.0,3.7978
36,Rest,268.6000000000058,0.0,3.7978
36,Rest,268.70000000001164,0.0,3.7978
36,Rest,268.79999999998836,0.0,3.7978
36,Rest,268.8999999999942,0.0,3.7978
36,Rest,269.0,0.0,3.7978
36,Rest,269.1000000000058,0.0,3.7978
36,Rest,269.20000000001164,0.0,3.7978
36,Rest,269.29999999998836,0.0,3.7978
36,Rest,269.3999999999942,0.0,3.7978
36,Rest,269.5,0.0,3.7978
36,Rest,269.6000000000058,0.0,3.7978
36,Rest,269.70000000001164,0.0,3.7978
36,Rest,269.79999999998836,0.0,3.7978
36,Rest,269.8999999999942,0.0,3.7978
36,Rest,270.0,0.0,3.7978
36,Rest,270.1000000000058,0.0,3.7978
36,Rest,270.20000000001164,0.0,3.7978
36,Rest,270.29999999998836,0.0,3.7978
36,Rest,270.3999999999942,0.0,3.7978
36,Rest,270.5,0.0,3.7978
36,Rest,270.6000000000058,0.0,3.7978
36,Rest,270.70000000001164,0.0,3.7978
36,Rest,270.79999999998836,0.0,3.7978
36,Rest,270.8999999999942,0.0,3.7978
36,Rest,271.0,0.0,3.7978
36,Rest,271.1000000000058,0.0,3.7978
36,Rest,271.20000000001164,0.0,3.7978
36,Rest,271.29999999998836,0.0,3.7978
36,Rest,271.3999999999942,0.0,3.7978
36,Rest,271.5,0.0,3.7978
36,Rest,271.6000000000058,0.0,3.7978
36,Rest,271.70000000001164,0.0,3.7979
36,Rest,271.79999999998836,0.0,3.7978
36,Rest,271.8999999999942,0.0,3.7979
36,Rest,272.0,0.0,3.7979
36,Rest,272.1000000000058,0.0,3.7978
36,Rest,272.20000000001164,0.0,3.7978
36,Rest,272.29999999998836,0.0,3.7979
36,Rest,272.3999999999942,0.0,3.7979
36,Rest,272.5,0.0,3.7979
36,Rest,272.6000000000058,0.0,3.7979
36,Rest,272.70000000001164,0.0,3.7979
36,Rest,272.79999999998836,0.0,3.7979
36,Rest,272.8999999999942,0.0,3.7979
36,Rest,273.0,0.0,3.7979
36,Rest,273.1000000000058,0.0,3.7979
36,Rest,273.20000000001164,0.0,3.7979
36,Rest,273.29999999998836,0.0,3.7979
36,Rest,273.3999999999942,0.0,3.7979
36,Rest,273.5,0.0,3.7979
36,Rest,273.6000000000058,0.0,3.7979
36,Rest,273.70000000001164,0.0,3.7979
36,Rest,273.79999999998836,0.0,3.7979
36,Rest,273.8999999999942,0.0,3.7979
36,Rest,274.0,0.0,3.7979
36,Rest,274.1000000000058,0.0,3.7979
36,Rest,274.20000000001164,0.0,3.7979
36,Rest,274.29999999998836,0.0,3.7978
36,Rest,274.3999999999942,0.0,3.7978
36,Rest,274.5,0.0,3.7978
36,Rest,274.6000000000058,0.0,3.7978
36,Rest,274.70000000001164,0.0,3.7978
36,Rest,274.79999999998836,0.0,3.7979
36,Rest,274.8999999999942,0.0,3.7979
36,Rest,275.0,0.0,3.7979
36,Rest,275.1000000000058,0.0,3.7979
36,Rest,275.20000000001164,0.0,3.7978
36,Rest,275.29999999998836,0.0,3.7979
36,Rest,275.3999999999942,0.0,3.7979
36,Rest,275.5,0.0,3.7979
36,Rest,275.6000000000058,0.0,3.7979
36,Rest,275.70000000001164,0.0,3.7979
36,Rest,275.79999999998836,0.0,3.7979
36,Rest,275.8999999999942,0.0,3.7979
36,Rest,276.0,0.0,3.7979
36,Rest,276.1000000000058,0.0,3.7979
36,Rest,276.20000000001164,0.0,3.7979
36,Rest,276.29999999998836,0.0,3.7979
36,Rest,276.3999999999942,0.0,3.7979
36,Rest,276.5,0.0,3.7979
36,Rest,276.6000000000058,0.0,3.7979
36,Rest,276.70000000001164,0.0,3.7979
36,Rest,276.79999999998836,0.0,3.7979
36,Rest,276.8999999999942,0.0,3.7979
36,Rest,277.0,0.0,3.7979
36,Rest,277.1000000000058,0.0,3.7979
36,Rest,277.20000000001164,0.0,3.7979
36,Rest,277.29999999998836,0.0,3.7979
36,Rest,277.3999999999942,0.0,3.7979
36,Rest,277.5,0.0,3.7979
36,Rest,277.6000000000058,0.0,3.7979
36,Rest,277.70000000001164,0.0,3.7979
36,Rest,277.79999999998836,0.0,3.7979
36,Rest,277.8999999999942,0.0,3.7979
36,Rest,278.0,0.0,3.7979
36,Rest,278.1000000000058,0.0,3.7979
36,Rest,278.20000000001164,0.0,3.7979
36,Rest,278.29999999998836,0.0,3.7979
36,Rest,278.3999999999942,0.0,3.7979
36,Rest,278.5,0.0,3.7979
36,Rest,278.6000000000058,0.0,3.7979
36,Rest,278.70000000001164,0.0,3.7979
36,Rest,278.79999999998836,0.0,3.7979
36,Rest,278.8999999999942,0.0,3.7979
36,Rest,279.0,0.0,3.7979
36,Rest,279.1000000000058,0.0,3.7979
36,Rest,279.20000000001164,0.0,3.7979
36,Rest,279.29999999998836,0.0,3.7979
36,Rest,279.3999999999942,0.0,3.7979
36,Rest,279.5,0.0,3.7979
36,Rest,279.6000000000058,0.0,3.7979
36,Rest,279.70000000001164,0.0,3.7979
36,Rest,279.79999999998836,0.0,3.7979
36,Rest,279.8999999999942,0.0,3.7979
36,Rest,280.0,0.0,3.7979
36,Rest,280.1000000000058,0.0,3.7979
36,Rest,280.20000000001164,0.0,3.7979
36,Rest,280.29999999998836,0.0,3.798
36,Rest,280.3999999999942,0.0,3.798
36,Rest,280.5,0.0,3.7979
36,Rest,280.6000000000058,0.0,3.7979
36,Rest,280.70000000001164,0.0,3.7979
36,Rest,280.79999999998836,0.0,3.7979
36,Rest,280.8999999999942,0.0,3.7979
36,Rest,281.0,0.0,3.7979
36,Rest,281.1000000000058,0.0,3.798
36,Rest,281.20000000001164,0.0,3.798
36,Rest,281.29999999998836,0.0,3.798
36,Rest,281.3999999999942,0.0,3.798
36,Rest,281.5,0.0,3.798
36,Rest,281.6000000000058,0.0,3.7979
36,Rest,281.70000000001164,0.0,3.7979
36,Rest,281.79999999998836,0.0,3.798
36,Rest,281.8999999999942,0.0,3.798
36,Rest,282.0,0.0,3.798
36,Rest,282.1000000000058,0.0,3.798
36,Rest,282.20000000001164,0.0,3.7979
36,Rest,282.29999999998836,0.0,3.798
36,Rest,282.3999999999942,0.0,3.798
36,Rest,282.5,0.0,3.798
36,Rest,282.6000000000058,0.0,3.7979
36,Rest,282.70000000001164,0.0,3.7979
36,Rest,282.79999999998836,0.0,3.798
36,Rest,282.8999999999942,0.0,3.798
36,Rest,283.0,0.0,3.798
36,Rest,283.1000000000058,0.0,3.7979
36,Rest,283.20000000001164,0.0,3.798
36,Rest,283.29999999998836,0.0,3.798
36,Rest,283.3999999999942,0.0,3.798
36,Rest,283.5,0.0,3.7979
36,Rest,283.6000000000058,0.0,3.798
36,Rest,283.70000000001164,0.0,3.798
36,Rest,283.79999999998836,0.0,3.7979
36,Rest,283.8999999999942,0.0,3.798
36,Rest,284.0,0.0,3.798
36,Rest,284.1000000000058,0.0,3.7979
36,Rest,284.20000000001164,0.0,3.798
36,Rest,284.29999999998836,0.0,3.7979
36,Rest,284.3999999999942,0.0,3.7979
36,Rest,284.5,0.0,3.7979
36,Rest,284.6000000000058,0.0,3.7979
36,Rest,284.70000000001164,0.0,3.7979
36,Rest,284.79999999998836,0.0,3.7979
36,Rest,284.8999999999942,0.0,3.7979
36,Rest,285.0,0.0,3.7979
36,Rest,285.1000000000058,0.0,3.798
36,Rest,285.20000000001164,0.0,3.7979
36,Rest,285.29999999998836,0.0,3.7979
36,Rest,285.3999999999942,0.0,3.7979
36,Rest,285.5,0.0,3.7979
36,Rest,285.6000000000058,0.0,3.7979
36,Rest,285.70000000001164,0.0,3.7979
36,Rest,285.79999999998836,0.0,3.7979
36,Rest,285.8999999999942,0.0,3.798
36,Rest,286.0,0.0,3.7979
36,Rest,286.1000000000058,0.0,3.7979
36,Rest,286.20000000001164,0.0,3.7979
36,Rest,286.29999999998836,0.0,3.7979
36,Rest,286.3999999999942,0.0,3.7979
36,Rest,286.5,0.0,3.7979
36,Rest,286.6000000000058,0.0,3.798
36,Rest,286.70000000001164,0.0,3.798
36,Rest,286.79999999998836,0.0,3.7979
36,Rest,286.8999999999942,0.0,3.7979
36,Rest,287.0,0.0,3.7979
36,Rest,287.1000000000058,0.0,3.7979
36,Rest,287.20000000001164,0.0,3.7979
36,Rest,287.29999999998836,0.0,3.798
36,Rest,287.3999999999942,0.0,3.798
36,Rest,287.5,0.0,3.798
36,Rest,287.6000000000058,0.0,3.7979
36,Rest,287.70000000001164,0.0,3.7979
36,Rest,287.79999999998836,0.0,3.7979
36,Rest,287.8999999999942,0.0,3.798
36,Rest,288.0,0.0,3.798
36,Rest,288.1000000000058,0.0,3.798
36,Rest,288.20000000001164,0.0,3.7979
36,Rest,288.29999999998836,0.0,3.798
36,Rest,288.3999999999942,0.0,3.798
36,Rest,288.5,0.0,3.7979
36,Rest,288.6000000000058,0.0,3.7979
36,Rest,288.70000000001164,0.0,3.798
36,Rest,288.79999999998836,0.0,3.7979
36,Rest,288.8999999999942,0.0,3.798
36,Rest,289.0,0.0,3.7979
36,Rest,289.1000000000058,0.0,3.7979
36,Rest,289.20000000001164,0.0,3.798
36,Rest,289.29999999998836,0.0,3.798
36,Rest,289.3999999999942,0.0,3.798
36,Rest,289.5,0.0,3.798
36,Rest,289.6000000000058,0.0,3.798
36,Rest,289.70000000001164,0.0,3.798
36,Rest,289.79999999998836,0.0,3.798
36,Rest,289.8999999999942,0.0,3.798
36,Rest,290.0,0.0,3.7979
36,Rest,290.1000000000058,0.0,3.7979
36,Rest,290.20000000001164,0.0,3.798
36,Rest,290.29999999998836,0.0,3.798
36,Rest,290.3999999999942,0.0,3.798
36,Rest,290.5,0.0,3.798
36,Rest,290.6000000000058,0.0,3.798
36,Rest,290.70000000001164,0.0,3.798
36,Rest,290.79999999998836,0.0,3.798
36,Rest,290.8999999999942,0.0,3.798
36,Rest,291.0,0.0,3.798
36,Rest,291.1000000000058,0.0,3.798
36,Rest,291.20000000001164,0.0,3.798
36,Rest,291.29999999998836,0.0,3.798
36,Rest,291.3999999999942,0.0,3.7979
36,Rest,291.5,0.0,3.7979
36,Rest,291.6000000000058,0.0,3.798
36,Rest,291.70000000001164,0.0,3.798
36,Rest,291.79999999998836,0.0,3.798
36,Rest,291.8999999999942,0.0,3.798
36,Rest,292.0,0.0,3.798
36,Rest,292.1000000000058,0.0,3.798
36,Rest,292.20000000001164,0.0,3.798
36,Rest,292.29999999998836,0.0,3.798
36,Rest,292.3999999999942,0.0,3.798
36,Rest,292.5,0.0,3.798
36,Rest,292.6000000000058,0.0,3.798
36,Rest,292.70000000001164,0.0,3.798
36,Rest,292.79999999998836,0.0,3.798
36,Rest,292.8999999999942,0.0,3.798
36,Rest,293.0,0.0,3.798
36,Rest,293.1000000000058,0.0,3.798
36,Rest,293.20000000001164,0.0,3.798
36,Rest,293.29999999998836,0.0,3.798
36,Rest,293.3999999999942,0.0,3.7981
36,Rest,293.5,0.0,3.798
36,Rest,293.6000000000058,0.0,3.798
36,Rest,293.70000000001164,0.0,3.798
36,Rest,293.79999999998836,0.0,3.798
36,Rest,293.8999999999942,0.0,3.798
36,Rest,294.0,0.0,3.798
36,Rest,294.1000000000058,0.0,3.798
36,Rest,294.20000000001164,0.0,3.798
36,Rest,294.29999999998836,0.0,3.798
36,Rest,294.3999999999942,0.0,3.7981
36,Rest,294.5,0.0,3.7981
36,Rest,294.6000000000058,0.0,3.7981
36,Rest,294.70000000001164,0.0,3.798
36,Rest,294.79999999998836,0.0,3.798
36,Rest,294.8999999999942,0.0,3.798
36,Rest,295.0,0.0,3.798
36,Rest,295.1000000000058,0.0,3.798
36,Rest,295.20000000001164,0.0,3.798
36,Rest,295.29999999998836,0.0,3.798
36,Rest,295.3999999999942,0.0,3.798
36,Rest,295.5,0.0,3.798
36,Rest,295.6000000000058,0.0,3.798
36,Rest,295.70000000001164,0.0,3.7981
36,Rest,295.79999999998836,0.0,3.7981
36,Rest,295.8999999999942,0.0,3.7981
36,Rest,296.0,0.0,3.7981
36,Rest,296.1000000000058,0.0,3.7981
36,Rest,296.20000000001164,0.0,3.7981
36,Rest,296.29999999998836,0.0,3.7981
36,Rest,296.3999999999942,0.0,3.7981
36,Rest,296.5,0.0,3.7981
36,Rest,296.6000000000058,0.0,3.798
36,Rest,296.70000000001164,0.0,3.798
36,Rest,296.79999999998836,0.0,3.798
36,Rest,296.8999999999942,0.0,3.798
36,Rest,297.0,0.0,3.798
36,Rest,297.1000000000058,0.0,3.798
36,Rest,297.20000000001164,0.0,3.798
36,Rest,297.29999999998836,0.0,3.798
36,Rest,297.3999999999942,0.0,3.7981
36,Rest,297.5,0.0,3.7981
36,Rest,297.6000000000058,0.0,3.7981
36,Rest,297.70000000001164,0.0,3.7981
36,Rest,297.79999999998836,0.0,3.798
36,Rest,297.8999999999942,0.0,3.7981
36,Rest,298.0,0.0,3.7981
36,Rest,298.1000000000058,0.0,3.7981
36,Rest,298.20000000001164,0.0,3.7981
36,Rest,298.29999999998836,0.0,3.7981
36,Rest,298.3999999999942,0.0,3.7981
36,Rest,298.5,0.0,3.7981
36,Rest,298.6000000000058,0.0,3.7981
36,Rest,298.70000000001164,0.0,3.7981
36,Rest,298.79999999998836,0.0,3.7981
36,Rest,298.8999999999942,0.0,3.7981
36,Rest,299.0,0.0,3.7981
36,Rest,299.1000000000058,0.0,3.7981
36,Rest,299.20000000001164,0.0,3.7981
36,Rest,299.29999999998836,0.0,3.798
36,Rest,299.3999999999942,0.0,3.7981
36,Rest,299.5,0.0,3.7981
36,Rest,299.6000000000058,0.0,3.7981
36,Rest,299.70000000001164,0.0,3.7981
36,Rest,299.79999999998836,0.0,3.7981
36,Rest,299.8999999999942,0.0,3.7981
36,Rest,300.0,0.0,3.7981
36,Rest,300.1000000000058,0.0,3.7981
36,Rest,300.20000000001164,0.0,3.7981
36,Rest,300.29999999998836,0.0,3.7981
36,Rest,300.3999999999942,0.0,3.7981
36,Rest,300.5,0.0,3.7981
36,Rest,300.6000000000058,0.0,3.7981
36,Rest,300.70000000001164,0.0,3.7981
36,Rest,300.79999999998836,0.0,3.7981
36,Rest,300.8999999999942,0.0,3.7981
36,Rest,301.0,0.0,3.7981
36,Rest,301.1000000000058,0.0,3.7981
36,Rest,301.20000000001164,0.0,3.7981
36,Rest,301.29999999998836,0.0,3.7981
36,Rest,301.3999999999942,0.0,3.7981
36,Rest,301.5,0.0,3.7981
36,Rest,301.6000000000058,0.0,3.7981
36,Rest,301.70000000001164,0.0,3.7981
36,Rest,301.79999999998836,0.0,3.7981
36,Rest,301.8999999999942,0.0,3.7981
36,Rest,302.0,0.0,3.7981
36,Rest,302.1000000000058,0.0,3.7981
36,Rest,302.20000000001164,0.0,3.7981
36,Rest,302.29999999998836,0.0,3.7981
36,Rest,302.3999999999942,0.0,3.7981
36,Rest,302.5,0.0,3.7982
36,Rest,302.6000000000058,0.0,3.7981
36,Rest,302.70000000001164,0.0,3.7982
36,Rest,302.79999999998836,0.0,3.7981
36,Rest,302.8999999999942,0.0,3.7981
36,Rest,303.0,0.0,3.7981
36,Rest,303.1000000000058,0.0,3.7981
36,Rest,303.20000000001164,0.0,3.7981
36,Rest,303.29999999998836,0.0,3.7981
36,Rest,303.3999999999942,0.0,3.7981
36,Rest,303.5,0.0,3.7981
36,Rest,303.6000000000058,0.0,3.7981
36,Rest,303.70000000001164,0.0,3.7981
36,Rest,303.79999999998836,0.0,3.7981
36,Rest,303.8999999999942,0.0,3.7981
36,Rest,304.0,0.0,3.7981
36,Rest,304.1000000000058,0.0,3.7981
36,Rest,304.20000000001164,0.0,3.7981
36,Rest,304.29999999998836,0.0,3.7981
36,Rest,304.3999999999942,0.0,3.7981
36,Rest,304.5,0.0,3.7981
36,Rest,304.6000000000058,0.0,3.7981
36,Rest,304.70000000001164,0.0,3.7981
36,Rest,304.79999999998836,0.0,3.7981
36,Rest,304.8999999999942,0.0,3.7981
36,Rest,305.0,0.0,3.7981
36,Rest,305.1000000000058,0.0,3.7982
36,Rest,305.20000000001164,0.0,3.7982
36,Rest,305.29999999998836,0.0,3.7981
36,Rest,305.3999999999942,0.0,3.7981
36,Rest,305.5,0.0,3.7982
36,Rest,305.6000000000058,0.0,3.7982
36,Rest,305.70000000001164,0.0,3.7981
36,Rest,305.79999999998836,0.0,3.7981
36,Rest,305.8999999999942,0.0,3.7981
36,Rest,306.0,0.0,3.7981
36,Rest,306.1000000000058,0.0,3.7981
36,Rest,306.20000000001164,0.0,3.7981
36,Rest,306.29999999998836,0.0,3.7981
36,Rest,306.3999999999942,0.0,3.7981
36,Rest,306.5,0.0,3.7981
36,Rest,306.6000000000058,0.0,3.7982
36,Rest,306.70000000001164,0.0,3.7981
36,Rest,306.79999999998836,0.0,3.7982
36,Rest,306.8999999999942,0.0,3.7982
36,Rest,307.0,0.0,3.7982
36,Rest,307.1000000000058,0.0,3.7982
36,Rest,307.20000000001164,0.0,3.7981
36,Rest,307.29999999998836,0.0,3.7981
36,Rest,307.3999999999942,0.0,3.7982
36,Rest,307.5,0.0,3.7981
36,Rest,307.6000000000058,0.0,3.7982
36,Rest,307.70000000001164,0.0,3.7982
36,Rest,307.79999999998836,0.0,3.7981
36,Rest,307.8999999999942,0.0,3.7981
36,Rest,308.0,0.0,3.7982
36,Rest,308.1000000000058,0.0,3.7982
36,Rest,308.20000000001164,0.0,3.7982
36,Rest,308.29999999998836,0.0,3.7982
36,Rest,308.3999999999942,0.0,3.7982
36,Rest,308.5,0.0,3.7982
36,Rest,308.6000000000058,0.0,3.7982
36,Rest,308.70000000001164,0.0,3.7981
36,Rest,308.79999999998836,0.0,3.7981
36,Rest,308.8999999999942,0.0,3.7981
36,Rest,309.0,0.0,3.7981
36,Rest,309.1000000000058,0.0,3.7981
36,Rest,309.20000000001164,0.0,3.7982
36,Rest,309.29999999998836,0.0,3.7982
36,Rest,309.3999999999942,0.0,3.7981
36,Rest,309.5,0.0,3.7981
36,Rest,309.6000000000058,0.0,3.7981
36,Rest,309.70000000001164,0.0,3.7982
36,Rest,309.79999999998836,0.0,3.7982
36,Rest,309.8999999999942,0.0,3.7982
36,Rest,310.0,0.0,3.7982
36,Rest,310.1000000000058,0.0,3.7982
36,Rest,310.20000000001164,0.0,3.7982
36,Rest,310.29999999998836,0.0,3.7981
36,Rest,310.3999999999942,0.0,3.7981
36,Rest,310.5,0.0,3.7982
36,Rest,310.6000000000058,0.0,3.7982
36,Rest,310.70000000001164,0.0,3.7982
36,Rest,310.79999999998836,0.0,3.7981
36,Rest,310.8999999999942,0.0,3.7982
36,Rest,311.0,0.0,3.7982
36,Rest,311.1000000000058,0.0,3.7982
36,Rest,311.20000000001164,0.0,3.7982
36,Rest,311.29999999998836,0.0,3.7982
36,Rest,311.3999999999942,0.0,3.7982
36,Rest,311.5,0.0,3.7982
36,Rest,311.6000000000058,0.0,3.7982
36,Rest,311.70000000001164,0.0,3.7982
36,Rest,311.79999999998836,0.0,3.7982
36,Rest,311.8999999999942,0.0,3.7981
36,Rest,312.0,0.0,3.7982
36,Rest,312.1000000000058,0.0,3.7982
36,Rest,312.20000000001164,0.0,3.7982
36,Rest,312.29999999998836,0.0,3.7982
36,Rest,312.3999999999942,0.0,3.7982
36,Rest,312.5,0.0,3.7982
36,Rest,312.6000000000058,0.0,3.7982
36,Rest,312.70000000001164,0.0,3.7982
36,Rest,312.79999999998836,0.0,3.7982
36,Rest,312.8999999999942,0.0,3.7982
36,Rest,313.0,0.0,3.7982
36,Rest,313.1000000000058,0.0,3.7982
36,Rest,313.20000000001164,0.0,3.7982
36,Rest,313.29999999998836,0.0,3.7982
36,Rest,313.3999999999942,0.0,3.7982
36,Rest,313.5,0.0,3.7982
36,Rest,313.6000000000058,0.0,3.7982
36,Rest,313.70000000001164,0.0,3.7982
36,Rest,313.79999999998836,0.0,3.7982
36,Rest,313.8999999999942,0.0,3.7982
36,Rest,314.0,0.0,3.7982
36,Rest,314.1000000000058,0.0,3.7982
36,Rest,314.20000000001164,0.0,3.7982
36,Rest,314.29999999998836,0.0,3.7982
36,Rest,314.3999999999942,0.0,3.7982
36,Rest,314.5,0.0,3.7982
36,Rest,314.6000000000058,0.0,3.7982
36,Rest,314.70000000001164,0.0,3.7982
36,Rest,314.79999999998836,0.0,3.7982
36,Rest,314.8999999999942,0.0,3.7982
36,Rest,315.0,0.0,3.7982
36,Rest,315.1000000000058,0.0,3.7983
36,Rest,315.20000000001164,0.0,3.7983
36,Rest,315.29999999998836,0.0,3.7982
36,Rest,315.3999999999942,0.0,3.7982
36,Rest,315.5,0.0,3.7982
36,Rest,315.6000000000058,0.0,3.7982
36,Rest,315.70000000001164,0.0,3.7982
36,Rest,315.79999999998836,0.0,3.7982
36,Rest,315.8999999999942,0.0,3.7982
36,Rest,316.0,0.0,3.7982
36,Rest,316.1000000000058,0.0,3.7982
36,Rest,316.20000000001164,0.0,3.7982
36,Rest,316.29999999998836,0.0,3.7982
36,Rest,316.3999999999942,0.0,3.7982
36,Rest,316.5,0.0,3.7982
36,Rest,316.6000000000058,0.0,3.7982
36,Rest,316.70000000001164,0.0,3.7983
36,Rest,316.79999999998836,0.0,3.7982
36,Rest,316.8999999999942,0.0,3.7983
36,Rest,317.0,0.0,3.7983
36,Rest,317.1000000000058,0.0,3.7983
36,Rest,317.20000000001164,0.0,3.7982
36,Rest,317.29999999998836,0.0,3.7983
36,Rest,317.3999999999942,0.0,3.7982
36,Rest,317.5,0.0,3.7982
36,Rest,317.6000000000058,0.0,3.7983
36,Rest,317.70000000001164,0.0,3.7983
36,Rest,317.79999999998836,0.0,3.7983
36,Rest,317.8999999999942,0.0,3.7983
36,Rest,318.0,0.0,3.7983
36,Rest,318.1000000000058,0.0,3.7983
36,Rest,318.20000000001164,0.0,3.7983
36,Rest,318.29999999998836,0.0,3.7983
36,Rest,318.3999999999942,0.0,3.7983
36,Rest,318.5,0.0,3.7983
36,Rest,318.6000000000058,0.0,3.7983
36,Rest,318.70000000001164,0.0,3.7983
36,Rest,318.79999999998836,0.0,3.7983
36,Rest,318.8999999999942,0.0,3.7983
36,Rest,319.0,0.0,3.7983
36,Rest,319.1000000000058,0.0,3.7983
36,Rest,319.20000000001164,0.0,3.7983
36,Rest,319.29999999998836,0.0,3.7983
36,Rest,319.3999999999942,0.0,3.7983
36,Rest,319.5,0.0,3.7983
36,Rest,319.6000000000058,0.0,3.7983
36,Rest,319.70000000001164,0.0,3.7983
36,Rest,319.79999999998836,0.0,3.7983
36,Rest,319.8999999999942,0.0,3.7983
36,Rest,320.0,0.0,3.7983
36,Rest,320.1000000000058,0.0,3.7983
36,Rest,320.20000000001164,0.0,3.7983
36,Rest,320.29999999998836,0.0,3.7983
36,Rest,320.3999999999942,0.0,3.7983
36,Rest,320.5,0.0,3.7983
36,Rest,320.6000000000058,0.0,3.7983
36,Rest,320.70000000001164,0.0,3.7983
36,Rest,320.79999999998836,0.0,3.7983
36,Rest,320.8999999999942,0.0,3.7983
36,Rest,321.0,0.0,3.7983
36,Rest,321.1000000000058,0.0,3.7983
36,Rest,321.20000000001164,0.0,3.7983
36,Rest,321.29999999998836,0.0,3.7983
36,Rest,321.3999999999942,0.0,3.7983
36,Rest,321.5,0.0,3.7983
36,Rest,321.6000000000058,0.0,3.7983
36,Rest,321.70000000001164,0.0,3.7983
36,Rest,321.79999999998836,0.0,3.7983
36,Rest,321.8999999999942,0.0,3.7983
36,Rest,322.0,0.0,3.7983
36,Rest,322.1000000000058,0.0,3.7983
36,Rest,322.20000000001164,0.0,3.7983
36,Rest,322.29999999998836,0.0,3.7983
36,Rest,322.3999999999942,0.0,3.7984
36,Rest,322.5,0.0,3.7984
36,Rest,322.6000000000058,0.0,3.7983
36,Rest,322.70000000001164,0.0,3.7983
36,Rest,322.79999999998836,0.0,3.7983
36,Rest,322.8999999999942,0.0,3.7983
36,Rest,323.0,0.0,3.7983
36,Rest,323.1000000000058,0.0,3.7983
36,Rest,323.20000000001164,0.0,3.7983
36,Rest,323.29999999998836,0.0,3.7983
36,Rest,323.3999999999942,0.0,3.7983
36,Rest,323.5,0.0,3.7983
36,Rest,323.6000000000058,0.0,3.7983
36,Rest,323.70000000001164,0.0,3.7983
36,Rest,323.79999999998836,0.0,3.7983
36,Rest,323.8999999999942,0.0,3.7983
36,Rest,324.0,0.0,3.7983
36,Rest,324.1000000000058,0.0,3.7983
36,Rest,324.20000000001164,0.0,3.7983
36,Rest,324.29999999998836,0.0,3.7983
36,Rest,324.3999999999942,0.0,3.7983
36,Rest,324.5,0.0,3.7983
36,Rest,324.6000000000058,0.0,3.7983
36,Rest,324.70000000001164,0.0,3.7983
36,Rest,324.79999999998836,0.0,3.7983
36,Rest,324.8999999999942,0.0,3.7983
36,Rest,325.0,0.0,3.7983
36,Rest,325.1000000000058,0.0,3.7984
36,Rest,325.20000000001164,0.0,3.7983
36,Rest,325.29999999998836,0.0,3.7983
36,Rest,325.3999999999942,0.0,3.7983
36,Rest,325.5,0.0,3.7984
36,Rest,325.6000000000058,0.0,3.7983
36,Rest,325.70000000001164,0.0,3.7983
36,Rest,325.79999999998836,0.0,3.7983
36,Rest,325.8999999999942,0.0,3.7983
36,Rest,326.0,0.0,3.7983
36,Rest,326.1000000000058,0.0,3.7983
36,Rest,326.20000000001164,0.0,3.7983
36,Rest,326.29999999998836,0.0,3.7983
36,Rest,326.3999999999942,0.0,3.7983
36,Rest,326.5,0.0,3.7983
36,Rest,326.6000000000058,0.0,3.7983
36,Rest,326.70000000001164,0.0,3.7983
36,Rest,326.79999999998836,0.0,3.7983
36,Rest,326.8999999999942,0.0,3.7983
36,Rest,327.0,0.0,3.7983
36,Rest,327.1000000000058,0.0,3.7983
36,Rest,327.20000000001164,0.0,3.7983
36,Rest,327.29999999998836,0.0,3.7984
36,Rest,327.3999999999942,0.0,3.7984
36,Rest,327.5,0.0,3.7983
36,Rest,327.6000000000058,0.0,3.7983
36,Rest,327.70000000001164,0.0,3.7984
36,Rest,327.79999999998836,0.0,3.7984
36,Rest,327.8999999999942,0.0,3.7983
36,Rest,328.0,0.0,3.7983
36,Rest,328.1000000000058,0.0,3.7983
36,Rest,328.20000000001164,0.0,3.7983
36,Rest,328.29999999998836,0.0,3.7983
36,Rest,328.3999999999942,0.0,3.7983
36,Rest,328.5,0.0,3.7983
36,Rest,328.6000000000058,0.0,3.7983
36,Rest,328.70000000001164,0.0,3.7983
36,Rest,328.79999999998836,0.0,3.7983
36,Rest,328.8999999999942,0.0,3.7983
36,Rest,329.0,0.0,3.7983
36,Rest,329.1000000000058,0.0,3.7983
36,Rest,329.20000000001164,0.0,3.7983
36,Rest,329.29999999998836,0.0,3.7983
36,Rest,329.3999999999942,0.0,3.7984
36,Rest,329.5,0.0,3.7984
36,Rest,329.6000000000058,0.0,3.7983
36,Rest,329.70000000001164,0.0,3.7984
36,Rest,329.79999999998836,0.0,3.7984
36,Rest,329.8999999999942,0.0,3.7984
36,Rest,330.0,0.0,3.7983
36,Rest,330.1000000000058,0.0,3.7984
36,Rest,330.20000000001164,0.0,3.7984
36,Rest,330.29999999998836,0.0,3.7984
36,Rest,330.3999999999942,0.0,3.7984
36,Rest,330.5,0.0,3.7984
36,Rest,330.6000000000058,0.0,3.7984
36,Rest,330.70000000001164,0.0,3.7984
36,Rest,330.79999999998836,0.0,3.7984
36,Rest,330.8999999999942,0.0,3.7984
36,Rest,331.0,0.0,3.7984
36,Rest,331.1000000000058,0.0,3.7984
36,Rest,331.20000000001164,0.0,3.7984
36,Rest,331.29999999998836,0.0,3.7983
36,Rest,331.3999999999942,0.0,3.7983
36,Rest,331.5,0.0,3.7984
36,Rest,331.6000000000058,0.0,3.7984
36,Rest,331.70000000001164,0.0,3.7984
36,Rest,331.79999999998836,0.0,3.7984
36,Rest,331.8999999999942,0.0,3.7983
36,Rest,332.0,0.0,3.7984
36,Rest,332.1000000000058,0.0,3.7984
36,Rest,332.20000000001164,0.0,3.7984
36,Rest,332.29999999998836,0.0,3.7984
36,Rest,332.3999999999942,0.0,3.7984
36,Rest,332.5,0.0,3.7984
36,Rest,332.6000000000058,0.0,3.7984
36,Rest,332.70000000001164,0.0,3.7984
36,Rest,332.79999999998836,0.0,3.7983
36,Rest,332.8999999999942,0.0,3.7983
36,Rest,333.0,0.0,3.7983
36,Rest,333.1000000000058,0.0,3.7983
36,Rest,333.20000000001164,0.0,3.7983
36,Rest,333.29999999998836,0.0,3.7983
36,Rest,333.3999999999942,0.0,3.7983
36,Rest,333.5,0.0,3.7983
36,Rest,333.6000000000058,0.0,3.7984
36,Rest,333.70000000001164,0.0,3.7983
36,Rest,333.79999999998836,0.0,3.7983
36,Rest,333.8999999999942,0.0,3.7983
36,Rest,334.0,0.0,3.7983
36,Rest,334.1000000000058,0.0,3.7984
36,Rest,334.20000000001164,0.0,3.7984
36,Rest,334.29999999998836,0.0,3.7984
36,Rest,334.3999999999942,0.0,3.7984
36,Rest,334.5,0.0,3.7984
36,Rest,334.6000000000058,0.0,3.7984
36,Rest,334.70000000001164,0.0,3.7984
36,Rest,334.79999999998836,0.0,3.7984
36,Rest,334.8999999999942,0.0,3.7984
36,Rest,335.0,0.0,3.7984
36,Rest,335.1000000000058,0.0,3.7984
36,Rest,335.20000000001164,0.0,3.7984
36,Rest,335.29999999998836,0.0,3.7984
36,Rest,335.3999999999942,0.0,3.7984
36,Rest,335.5,0.0,3.7984
36,Rest,335.6000000000058,0.0,3.7984
36,Rest,335.70000000001164,0.0,3.7984
36,Rest,335.79999999998836,0.0,3.7984
36,Rest,335.8999999999942,0.0,3.7984
36,Rest,336.0,0.0,3.7984
36,Rest,336.1000000000058,0.0,3.7984
36,Rest,336.20000000001164,0.0,3.7984
36,Rest,336.29999999998836,0.0,3.7984
36,Rest,336.3999999999942,0.0,3.7984
36,Rest,336.5,0.0,3.7984
36,Rest,336.6000000000058,0.0,3.7984
36,Rest,336.70000000001164,0.0,3.7984
36,Rest,336.79999999998836,0.0,3.7984
36,Rest,336.8999999999942,0.0,3.7984
36,Rest,337.0,0.0,3.7984
36,Rest,337.1000000000058,0.0,3.7984
36,Rest,337.20000000001164,0.0,3.7984
36,Rest,337.29999999998836,0.0,3.7984
36,Rest,337.3999999999942,0.0,3.7984
36,Rest,337.5,0.0,3.7984
36,Rest,337.6000000000058,0.0,3.7984
36,Rest,337.70000000001164,0.0,3.7984
36,Rest,337.79999999998836,0.0,3.7984
36,Rest,337.8999999999942,0.0,3.7984
36,Rest,338.0,0.0,3.7984
36,Rest,338.1000000000058,0.0,3.7984
36,Rest,338.20000000001164,0.0,3.7984
36,Rest,338.29999999998836,0.0,3.7984
36,Rest,338.3999999999942,0.0,3.7984
36,Rest,338.5,0.0,3.7984
36,Rest,338.6000000000058,0.0,3.7984
36,Rest,338.70000000001164,0.0,3.7984
36,Rest,338.79999999998836,0.0,3.7984
36,Rest,338.8999999999942,0.0,3.7984
36,Rest,339.0,0.0,3.7984
36,Rest,339.1000000000058,0.0,3.7984
36,Rest,339.20000000001164,0.0,3.7984
36,Rest,339.29999999998836,0.0,3.7984
36,Rest,339.3999999999942,0.0,3.7984
36,Rest,339.5,0.0,3.7984
36,Rest,339.6000000000058,0.0,3.7984
36,Rest,339.70000000001164,0.0,3.7984
36,Rest,339.79999999998836,0.0,3.7984
36,Rest,339.8999999999942,0.0,3.7984
36,Rest,340.0,0.0,3.7984
36,Rest,340.1000000000058,0.0,3.7984
36,Rest,340.20000000001164,0.0,3.7985
36,Rest,340.29999999998836,0.0,3.7985
36,Rest,340.3999999999942,0.0,3.7985
36,Rest,340.5,0.0,3.7984
36,Rest,340.6000000000058,0.0,3.7984
36,Rest,340.70000000001164,0.0,3.7984
36,Rest,340.79999999998836,0.0,3.7984
36,Rest,340.8999999999942,0.0,3.7984
36,Rest,341.0,0.0,3.7984
36,Rest,341.1000000000058,0.0,3.7984
36,Rest,341.20000000001164,0.0,3.7984
36,Rest,341.29999999998836,0.0,3.7984
36,Rest,341.3999999999942,0.0,3.7984
36,Rest,341.5,0.0,3.7984
36,Rest,341.6000000000058,0.0,3.7984
36,Rest,341.70000000001164,0.0,3.7984
36,Rest,341.79999999998836,0.0,3.7984
36,Rest,341.8999999999942,0.0,3.7984
36,Rest,342.0,0.0,3.7984
36,Rest,342.1000000000058,0.0,3.7984
36,Rest,342.20000000001164,0.0,3.7984
36,Rest,342.29999999998836,0.0,3.7984
36,Rest,342.3999999999942,0.0,3.7985
36,Rest,342.5,0.0,3.7985
36,Rest,342.6000000000058,0.0,3.7985
36,Rest,342.70000000001164,0.0,3.7985
36,Rest,342.79999999998836,0.0,3.7984
36,Rest,342.8999999999942,0.0,3.7984
36,Rest,343.0,0.0,3.7984
36,Rest,343.1000000000058,0.0,3.7985
36,Rest,343.20000000001164,0.0,3.7985
36,Rest,343.29999999998836,0.0,3.7984
36,Rest,343.3999999999942,0.0,3.7984
36,Rest,343.5,0.0,3.7984
36,Rest,343.6000000000058,0.0,3.7984
36,Rest,343.70000000001164,0.0,3.7984
36,Rest,343.79999999998836,0.0,3.7985
36,Rest,343.8999999999942,0.0,3.7985
36,Rest,344.0,0.0,3.7985
36,Rest,344.1000000000058,0.0,3.7984
36,Rest,344.20000000001164,0.0,3.7985
36,Rest,344.29999999998836,0.0,3.7985
36,Rest,344.3999999999942,0.0,3.7984
36,Rest,344.5,0.0,3.7985
36,Rest,344.6000000000058,0.0,3.7985
36,Rest,344.70000000001164,0.0,3.7984
36,Rest,344.79999999998836,0.0,3.7984
36,Rest,344.8999999999942,0.0,3.7984
36,Rest,345.0,0.0,3.7984
36,Rest,345.1000000000058,0.0,3.7985
36,Rest,345.20000000001164,0.0,3.7985
36,Rest,345.29999999998836,0.0,3.7985
36,Rest,345.3999999999942,0.0,3.7985
36,Rest,345.5,0.0,3.7985
36,Rest,345.6000000000058,0.0,3.7985
36,Rest,345.70000000001164,0.0,3.7985
36,Rest,345.79999999998836,0.0,3.7985
36,Rest,345.8999999999942,0.0,3.7985
36,Rest,346.0,0.0,3.7985
36,Rest,346.1000000000058,0.0,3.7984
36,Rest,346.20000000001164,0.0,3.7985
36,Rest,346.29999999998836,0.0,3.7985
36,Rest,346.3999999999942,0.0,3.7985
36,Rest,346.5,0.0,3.7985
36,Rest,346.6000000000058,0.0,3.7985
36,Rest,346.70000000001164,0.0,3.7985
36,Rest,346.79999999998836,0.0,3.7985
36,Rest,346.8999999999942,0.0,3.7984
36,Rest,347.0,0.0,3.7985
36,Rest,347.1000000000058,0.0,3.7985
36,Rest,347.20000000001164,0.0,3.7985
36,Rest,347.29999999998836,0.0,3.7984
36,Rest,347.3999999999942,0.0,3.7984
36,Rest,347.5,0.0,3.7984
36,Rest,347.6000000000058,0.0,3.7985
36,Rest,347.70000000001164,0.0,3.7985
36,Rest,347.79999999998836,0.0,3.7984
36,Rest,347.8999999999942,0.0,3.7985
36,Rest,348.0,0.0,3.7985
36,Rest,348.1000000000058,0.0,3.7985
36,Rest,348.20000000001164,0.0,3.7985
36,Rest,348.29999999998836,0.0,3.7985
36,Rest,348.3999999999942,0.0,3.7984
36,Rest,348.5,0.0,3.7984
36,Rest,348.6000000000058,0.0,3.7984
36,Rest,348.70000000001164,0.0,3.7985
36,Rest,348.79999999998836,0.0,3.7985
36,Rest,348.8999999999942,0.0,3.7985
36,Rest,349.0,0.0,3.7984
36,Rest,349.1000000000058,0.0,3.7985
36,Rest,349.20000000001164,0.0,3.7984
36,Rest,349.29999999998836,0.0,3.7984
36,Rest,349.3999999999942,0.0,3.7985
36,Rest,349.5,0.0,3.7985
36,Rest,349.6000000000058,0.0,3.7985
36,Rest,349.70000000001164,0.0,3.7984
36,Rest,349.79999999998836,0.0,3.7985
36,Rest,349.8999999999942,0.0,3.7985
36,Rest,350.0,0.0,3.7985
36,Rest,350.1000000000058,0.0,3.7985
36,Rest,350.20000000001164,0.0,3.7985
36,Rest,350.29999999998836,0.0,3.7985
36,Rest,350.3999999999942,0.0,3.7985
36,Rest,350.5,0.0,3.7985
36,Rest,350.6000000000058,0.0,3.7985
36,Rest,350.70000000001164,0.0,3.7985
36,Rest,350.79999999998836,0.0,3.7985
36,Rest,350.8999999999942,0.0,3.7985
36,Rest,351.0,0.0,3.7985
36,Rest,351.1000000000058,0.0,3.7985
36,Rest,351.20000000001164,0.0,3.7985
36,Rest,351.29999999998836,0.0,3.7985
36,Rest,351.3999999999942,0.0,3.7985
36,Rest,351.5,0.0,3.7985
36,Rest,351.6000000000058,0.0,3.7985
36,Rest,351.70000000001164,0.0,3.7985
36,Rest,351.79999999998836,0.0,3.7985
36,Rest,351.8999999999942,0.0,3.7985
36,Rest,352.0,0.0,3.7985
36,Rest,352.1000000000058,0.0,3.7985
36,Rest,352.20000000001164,0.0,3.7985
36,Rest,352.29999999998836,0.0,3.7985
36,Rest,352.3999999999942,0.0,3.7985
36,Rest,352.5,0.0,3.7985
36,Rest,352.6000000000058,0.0,3.7985
36,Rest,352.70000000001164,0.0,3.7985
36,Rest,352.79999999998836,0.0,3.7985
36,Rest,352.8999999999942,0.0,3.7985
36,Rest,353.0,0.0,3.7985
36,Rest,353.1000000000058,0.0,3.7985
36,Rest,353.20000000001164,0.0,3.7985
36,Rest,353.29999999998836,0.0,3.7985
36,Rest,353.3999999999942,0.0,3.7985
36,Rest,353.5,0.0,3.7985
36,Rest,353.6000000000058,0.0,3.7985
36,Rest,353.70000000001164,0.0,3.7985
36,Rest,353.79999999998836,0.0,3.7985
36,Rest,353.8999999999942,0.0,3.7985
36,Rest,354.0,0.0,3.7985
36,Rest,354.1000000000058,0.0,3.7985
36,Rest,354.20000000001164,0.0,3.7985
36,Rest,354.29999999998836,0.0,3.7985
36,Rest,354.3999999999942,0.0,3.7985
36,Rest,354.5,0.0,3.7986
36,Rest,354.6000000000058,0.0,3.7986
36,Rest,354.70000000001164,0.0,3.7985
36,Rest,354.79999999998836,0.0,3.7985
36,Rest,354.8999999999942,0.0,3.7985
36,Rest,355.0,0.0,3.7985
36,Rest,355.1000000000058,0.0,3.7985
36,Rest,355.20000000001164,0.0,3.7985
36,Rest,355.29999999998836,0.0,3.7985
36,Rest,355.3999999999942,0.0,3.7985
36,Rest,355.5,0.0,3.7985
36,Rest,355.6000000000058,0.0,3.7985
36,Rest,355.70000000001164,0.0,3.7985
36,Rest,355.79999999998836,0.0,3.7985
36,Rest,355.8999999999942,0.0,3.7985
36,Rest,356.0,0.0,3.7986
36,Rest,356.1000000000058,0.0,3.7985
36,Rest,356.20000000001164,0.0,3.7985
36,Rest,356.29999999998836,0.0,3.7985
36,Rest,356.3999999999942,0.0,3.7985
36,Rest,356.5,0.0,3.7985
36,Rest,356.6000000000058,0.0,3.7985
36,Rest,356.70000000001164,0.0,3.7985
36,Rest,356.79999999998836,0.0,3.7985
36,Rest,356.8999999999942,0.0,3.7985
36,Rest,357.0,0.0,3.7985
36,Rest,357.1000000000058,0.0,3.7985
36,Rest,357.20000000001164,0.0,3.7985
36,Rest,357.29999999998836,0.0,3.7985
36,Rest,357.3999999999942,0.0,3.7985
36,Rest,357.5,0.0,3.7985
36,Rest,357.6000000000058,0.0,3.7985
36,Rest,357.70000000001164,0.0,3.7985
36,Rest,357.79999999998836,0.0,3.7985
36,Rest,357.8999999999942,0.0,3.7985
36,Rest,358.0,0.0,3.7985
36,Rest,358.1000000000058,0.0,3.7985
36,Rest,358.20000000001164,0.0,3.7985
36,Rest,358.29999999998836,0.0,3.7985
36,Rest,358.3999999999942,0.0,3.7985
36,Rest,358.5,0.0,3.7985
36,Rest,358.6000000000058,0.0,3.7985
36,Rest,358.70000000001164,0.0,3.7985
36,Rest,358.79999999998836,0.0,3.7985
36,Rest,358.8999999999942,0.0,3.7985
36,Rest,359.0,0.0,3.7985
36,Rest,359.1000000000058,0.0,3.7985
36,Rest,359.20000000001164,0.0,3.7985
36,Rest,359.29999999998836,0.0,3.7985
36,Rest,359.3999999999942,0.0,3.7985
36,Rest,359.5,0.0,3.7985
36,Rest,359.6000000000058,0.0,3.7985
36,Rest,359.70000000001164,0.0,3.7985
36,Rest,359.79999999998836,0.0,3.7985
36,Rest,359.8999999999942,0.0,3.7985
36,Rest,360.0,0.0,3.7985
36,Rest,360.1000000000058,0.0,3.7985
36,Rest,360.20000000001164,0.0,3.7985
36,Rest,360.29999999998836,0.0,3.7986
36,Rest,360.3999999999942,0.0,3.7986
36,Rest,360.5,0.0,3.7986
36,Rest,360.6000000000058,0.0,3.7986
36,Rest,360.70000000001164,0.0,3.7986
36,Rest,360.79999999998836,0.0,3.7986
36,Rest,360.8999999999942,0.0,3.7986
36,Rest,361.0,0.0,3.7986
36,Rest,361.1000000000058,0.0,3.7986
36,Rest,361.20000000001164,0.0,3.7986
36,Rest,361.29999999998836,0.0,3.7986
36,Rest,361.3999999999942,0.0,3.7986
36,Rest,361.5,0.0,3.7986
36,Rest,361.6000000000058,0.0,3.7986
36,Rest,361.70000000001164,0.0,3.7986
36,Rest,361.79999999998836,0.0,3.7986
36,Rest,361.8999999999942,0.0,3.7986
36,Rest,362.0,0.0,3.7986
36,Rest,362.1000000000058,0.0,3.7986
36,Rest,362.20000000001164,0.0,3.7986
36,Rest,362.29999999998836,0.0,3.7986
36,Rest,362.3999999999942,0.0,3.7986
36,Rest,362.5,0.0,3.7986
36,Rest,362.6000000000058,0.0,3.7986
36,Rest,362.70000000001164,0.0,3.7986
36,Rest,362.79999999998836,0.0,3.7986
36,Rest,362.8999999999942,0.0,3.7986
36,Rest,363.0,0.0,3.7986
36,Rest,363.1000000000058,0.0,3.7986
36,Rest,363.20000000001164,0.0,3.7986
36,Rest,363.29999999998836,0.0,3.7986
36,Rest,363.3999999999942,0.0,3.7986
36,Rest,363.5,0.0,3.7987
36,Rest,363.6000000000058,0.0,3.7987
36,Rest,363.70000000001164,0.0,3.7986
36,Rest,363.79999999998836,0.0,3.7986
36,Rest,363.8999999999942,0.0,3.7986
36,Rest,364.0,0.0,3.7986
36,Rest,364.1000000000058,0.0,3.7986
36,Rest,364.20000000001164,0.0,3.7986
36,Rest,364.29999999998836,0.0,3.7986
36,Rest,364.3999999999942,0.0,3.7986
36,Rest,364.5,0.0,3.7986
36,Rest,364.6000000000058,0.0,3.7986
36,Rest,364.70000000001164,0.0,3.7986
36,Rest,364.79999999998836,0.0,3.7986
36,Rest,364.8999999999942,0.0,3.7986
36,Rest,365.0,0.0,3.7986
36,Rest,365.1000000000058,0.0,3.7986
36,Rest,365.20000000001164,0.0,3.7986
36,Rest,365.29999999998836,0.0,3.7986
