Step,Step Type,"t,s","I,A","U,V"
37,CC DChg,0.0,-1.6987,3.745
37,CC DChg,0.42424242428387515,-1.6987,3.745
37,CC DChg,0.8484848485386465,-1.6988,3.7445
37,CC DChg,1.272727272764314,-1.6991,3.7443
37,CC DChg,1.6969696969899815,-1.6993,3.7437
37,CC DChg,2.121212121244753,-1.6994,3.7432
37,CC DChg,2.545454545499524,-1.6994,3.7427
37,CC DChg,2.9696969697251916,-1.6995,3.7424
37,CC DChg,3.393939393979963,-1.6995,3.742
37,CC DChg,3.8181818182056304,-1.6996,3.7416
37,CC DChg,4.242424242402194,-1.6996,3.7413
37,CC DChg,4.3719008264597505,-1.6996,3.7409
37,CC DChg,4.501377410488203,-1.6996,3.7406
37,CC DChg,4.630853994487552,-1.6996,3.7403
37,CC DChg,4.760330578516005,-1.6996,3.74
37,CC DChg,4.889807162515353,-1.6996,3.7398
37,CC DChg,5.01928374657291,-1.6997,3.7395
37,CC DChg,5.1487603306013625,-1.6997,3.7393
37,CC DChg,5.278236914658919,-1.6997,3.739
37,CC DChg,5.407713498658268,-1.6997,3.7387
37,CC DChg,5.53719008268672,-1.6997,3.7385
37,CC DChg,5.6398697721306235,-1.6997,3.7382
37,CC DChg,5.7425494615745265,-1.6997,3.7381
37,CC DChg,5.845229151047533,-1.6997,3.7379
37,CC DChg,5.947908840491436,-1.6997,3.7377
37,CC DChg,6.0505885299353395,-1.6997,3.7375
37,CC DChg,6.153268219408346,-1.6997,3.7373
37,CC DChg,6.255947908852249,-1.6997,3.737
37,CC DChg,6.358627598325256,-1.6997,3.7368
37,CC DChg,6.461307287769159,-1.6997,3.7367
37,CC DChg,6.563986977242166,-1.6997,3.7365
37,CC DChg,6.664230585360201,-1.6997,3.7363
37,CC DChg,6.764474193478236,-1.6997,3.7362
37,CC DChg,6.864717801596271,-1.6997,3.736
37,CC DChg,6.964961409772513,-1.6997,3.7358
37,CC DChg,7.065205017890548,-1.6998,3.7356
37,CC DChg,7.165448626008583,-1.6998,3.7354
37,CC DChg,7.265692234155722,-1.6998,3.7353
37,CC DChg,7.365935842273757,-1.6998,3.7352
37,CC DChg,7.466179450391792,-1.6998,3.735
37,CC DChg,7.566423058568034,-1.6998,3.7348
37,CC DChg,7.666445204755291,-1.6998,3.7347
37,CC DChg,7.7664673509134445,-1.6998,3.7345
37,CC DChg,7.866489497158909,-1.6998,3.7343
37,CC DChg,7.966511643317062,-1.6998,3.7342
37,CC DChg,8.066533789533423,-1.6998,3.734
37,CC DChg,8.16655593572068,-1.6998,3.7339
37,CC DChg,8.266578081878833,-1.6998,3.7338
37,CC DChg,8.366600228095194,-1.6998,3.7336
37,CC DChg,8.466622374311555,-1.6998,3.7335
37,CC DChg,8.566644520498812,-1.6998,3.7333
37,CC DChg,8.666646533791209,-1.6998,3.7332
37,CC DChg,8.766648547083605,-1.6998,3.733
37,CC DChg,8.866650560376002,-1.6998,3.7329
37,CC DChg,8.966652573639294,-1.6998,3.7328
37,CC DChg,9.066654586960794,-1.6998,3.7326
37,CC DChg,9.16665660025319,-1.6998,3.7325
37,CC DChg,9.266658613516483,-1.6998,3.7324
37,CC DChg,9.366660626779776,-1.6998,3.7322
37,CC DChg,9.46666264013038,-1.6998,3.7321
37,CC DChg,9.566664653393673,-1.6998,3.732
37,CC DChg,9.66666483640438,-1.6998,3.7319
37,CC DChg,9.766665019473294,-1.6998,3.7317
37,CC DChg,9.866665202484,-1.6998,3.7315
37,CC DChg,9.966665385494707,-1.6998,3.7314
37,CC DChg,10.066665568534518,-1.6998,3.7314
37,CC DChg,10.166665751574328,-1.6998,3.7312
37,CC DChg,10.266665934585035,-1.6998,3.7311
37,CC DChg,10.366666117595742,-1.6998,3.731
37,CC DChg,10.466666300635552,-1.6998,3.7309
37,CC DChg,10.566666483646259,-1.6998,3.7307
37,CC DChg,10.66666650029947,-1.6998,3.7306
37,CC DChg,10.766666516923578,-1.6998,3.7305
37,CC DChg,10.86666653357679,-1.6998,3.7304
37,CC DChg,10.966666550200898,-1.6998,3.7303
37,CC DChg,11.06666656685411,-1.6998,3.7302
37,CC DChg,11.166666583478218,-1.6998,3.73
37,CC DChg,11.26666660013143,-1.6998,3.7299
37,CC DChg,11.366666616755538,-1.6998,3.7298
37,CC DChg,11.46666663340875,-1.6998,3.7297
37,CC DChg,11.566666650003754,-1.6998,3.7296
37,CC DChg,11.666666651552077,-1.6998,3.7295
37,CC DChg,11.766666653100401,-1.6998,3.7294
37,CC DChg,11.866666654561413,-1.6998,3.7293
37,CC DChg,11.966666656080633,-1.6998,3.7292
37,CC DChg,12.066666657599853,-1.6998,3.7291
37,CC DChg,12.166666659119073,-1.6998,3.729
37,CC DChg,12.266666660638293,-1.6998,3.7288
37,CC DChg,12.366666662157513,-1.6998,3.7287
37,CC DChg,12.46666666364763,-1.6999,3.7286
37,CC DChg,12.56666666516685,-1.6999,3.7285
37,CC DChg,12.66666666531819,-1.6999,3.7284
37,CC DChg,12.766666665440425,-1.6998,3.7283
37,CC DChg,12.866666665591765,-1.6998,3.7282
37,CC DChg,12.966666665714001,-1.6998,3.7281
37,CC DChg,13.066666665894445,-1.6999,3.728
37,CC DChg,13.166666665987577,-1.6999,3.7279
37,CC DChg,13.266666666138917,-1.6999,3.7278
37,CC DChg,13.366666666290257,-1.6999,3.7277
37,CC DChg,13.466666666412493,-1.6999,3.7276
37,CC DChg,13.56666666653473,-1.6999,3.7275
37,CC DChg,13.66666666654055,-1.6999,3.7274
37,CC DChg,13.766666666575475,-1.6999,3.7273
37,CC DChg,13.866666666581295,-1.6999,3.7272
37,CC DChg,13.966666666587116,-1.6999,3.7271
37,CC DChg,14.066666666592937,-1.6999,3.727
37,CC DChg,14.166666666656965,-1.6999,3.7269
37,CC DChg,14.266666666633682,-1.6999,3.7269
37,CC DChg,14.366666666639503,-1.6999,3.7267
37,CC DChg,14.466666666674428,-1.6999,3.7266
37,CC DChg,14.566666666680248,-1.6999,3.7266
37,CC DChg,14.66666666668607,-1.6999,3.7265
37,CC DChg,14.76666666669189,-1.6999,3.7264
37,CC DChg,14.86666666669771,-1.6999,3.7263
37,CC DChg,14.966666666674428,-1.6999,3.7262
37,CC DChg,15.066666666680248,-1.6999,3.7261
37,CC DChg,15.16666666668607,-1.6999,3.726
37,CC DChg,15.26666666669189,-1.6999,3.7259
37,CC DChg,15.36666666669771,-1.6999,3.7258
37,CC DChg,15.466666666674428,-1.6999,3.7258
37,CC DChg,15.566666666680248,-1.6999,3.7256
37,CC DChg,15.66666666668607,-1.6999,3.7255
37,CC DChg,15.76666666669189,-1.6999,3.7254
37,CC DChg,15.86666666669771,-1.6999,3.7254
37,CC DChg,15.966666666674428,-1.6999,3.7253
37,CC DChg,16.06666666668025,-1.6999,3.7252
37,CC DChg,16.16666666668607,-1.6999,3.7251
37,CC DChg,16.26666666669189,-1.6999,3.725
37,CC DChg,16.36666666669771,-1.6999,3.725
37,CC DChg,16.466666666674428,-1.6999,3.7249
37,CC DChg,16.56666666668025,-1.6999,3.7248
37,CC DChg,16.66666666668607,-1.6999,3.7247
37,CC DChg,16.76666666669189,-1.6999,3.7246
37,CC DChg,16.86666666669771,-1.6999,3.7245
37,CC DChg,16.966666666674428,-1.6999,3.7244
37,CC DChg,17.06666666668025,-1.6999,3.7244
37,CC DChg,17.16666666668607,-1.6999,3.7243
37,CC DChg,17.26666666669189,-1.6999,3.7242
37,CC DChg,17.36666666669771,-1.6999,3.7241
37,CC DChg,17.466666666674428,-1.6999,3.724
37,CC DChg,17.56666666668025,-1.6999,3.724
37,CC DChg,17.66666666668607,-1.6999,3.7238
37,CC DChg,17.76666666669189,-1.6999,3.7237
37,CC DChg,17.86666666669771,-1.6999,3.7237
37,CC DChg,17.966666666674428,-1.6999,3.7236
37,CC DChg,18.06666666668025,-1.6999,3.7235
37,CC DChg,18.16666666668607,-1.6999,3.7235
37,CC DChg,18.26666666669189,-1.6999,3.7234
37,CC DChg,18.36666666669771,-1.6999,3.7233
37,CC DChg,18.466666666674428,-1.6999,3.7232
37,CC DChg,18.56666666668025,-1.6999,3.7231
37,CC DChg,18.66666666668607,-1.6999,3.7231
37,CC DChg,18.76666666669189,-1.6999,3.723
37,CC DChg,18.86666666669771,-1.6999,3.7229
37,CC DChg,18.966666666674428,-1.6999,3.7228
37,CC DChg,19.06666666668025,-1.6999,3.7228
37,CC DChg,19.16666666668607,-1.6999,3.7227
37,CC DChg,19.26666666669189,-1.6999,3.7226
37,CC DChg,19.36666666669771,-1.6999,3.7225
37,CC DChg,19.466666666674428,-1.6999,3.7224
37,CC DChg,19.56666666668025,-1.6999,3.7224
37,CC DChg,19.66666666668607,-1.6999,3.7223
37,CC DChg,19.76666666669189,-1.6999,3.7223
37,CC DChg,19.86666666669771,-1.6999,3.7221
37,CC DChg,19.966666666674428,-1.6999,3.722
37,CC DChg,20.06666666668025,-1.6999,3.722
37,CC DChg,20.16666666668607,-1.6999,3.722
37,CC DChg,20.26666666669189,-1.6999,3.7219
37,CC DChg,20.36666666669771,-1.6999,3.7218
37,CC DChg,20.466666666674428,-1.6999,3.7217
37,CC DChg,20.56666666668025,-1.6999,3.7216
37,CC DChg,20.66666666668607,-1.6999,3.7216
37,CC DChg,20.76666666669189,-1.6999,3.7215
37,CC DChg,20.86666666669771,-1.6999,3.7214
37,CC DChg,20.966666666674428,-1.6999,3.7214
37,CC DChg,21.06666666668025,-1.6999,3.7213
37,CC DChg,21.16666666668607,-1.6999,3.7212
37,CC DChg,21.26666666669189,-1.6999,3.7212
37,CC DChg,21.36666666669771,-1.6999,3.7211
37,CC DChg,21.466666666674428,-1.6999,3.721
37,CC DChg,21.56666666668025,-1.6999,3.721
37,CC DChg,21.66666666668607,-1.6999,3.7208
37,CC DChg,21.76666666669189,-1.6999,3.7208
37,CC DChg,21.86666666669771,-1.6999,3.7207
37,CC DChg,21.966666666674428,-1.6999,3.7206
37,CC DChg,22.06666666668025,-1.6999,3.7206
37,CC DChg,22.16666666668607,-1.6999,3.7205
37,CC DChg,22.26666666669189,-1.6999,3.7204
37,CC DChg,22.36666666669771,-1.6999,3.7203
37,CC DChg,22.466666666674428,-1.6998,3.7203
37,CC DChg,22.56666666668025,-1.6998,3.7202
37,CC DChg,22.66666666668607,-1.6998,3.7202
37,CC DChg,22.76666666669189,-1.6998,3.7201
37,CC DChg,22.86666666669771,-1.6998,3.72
37,CC DChg,22.966666666674428,-1.6998,3.7199
37,CC DChg,23.06666666668025,-1.6998,3.7199
37,CC DChg,23.16666666668607,-1.6998,3.7198
37,CC DChg,23.26666666669189,-1.6998,3.7197
37,CC DChg,23.36666666669771,-1.6998,3.7197
37,CC DChg,23.466666666674428,-1.6998,3.7196
37,CC DChg,23.56666666668025,-1.6998,3.7196
37,CC DChg,23.66666666668607,-1.6998,3.7195
37,CC DChg,23.76666666669189,-1.6998,3.7194
37,CC DChg,23.86666666669771,-1.6998,3.7193
37,CC DChg,23.966666666674428,-1.6998,3.7193
37,CC DChg,24.06666666668025,-1.6998,3.7192
37,CC DChg,24.16666666668607,-1.6998,3.7192
37,CC DChg,24.26666666669189,-1.6998,3.7191
37,CC DChg,24.36666666669771,-1.6998,3.7191
37,CC DChg,24.466666666674428,-1.6998,3.7189
37,CC DChg,24.56666666668025,-1.6998,3.7189
37,CC DChg,24.66666666668607,-1.6998,3.7188
37,CC DChg,24.76666666669189,-1.6998,3.7187
37,CC DChg,24.86666666669771,-1.6998,3.7187
37,CC DChg,24.966666666674428,-1.6998,3.7187
37,CC DChg,25.06666666668025,-1.6998,3.7185
37,CC DChg,25.16666666668607,-1.6998,3.7185
37,CC DChg,25.26666666669189,-1.6998,3.7185
37,CC DChg,25.36666666669771,-1.6998,3.7184
37,CC DChg,25.466666666674428,-1.6998,3.7184
37,CC DChg,25.56666666668025,-1.6998,3.7183
37,CC DChg,25.66666666668607,-1.6998,3.7182
37,CC DChg,25.76666666669189,-1.6998,3.7181
37,CC DChg,25.86666666669771,-1.6998,3.7181
37,CC DChg,25.966666666674428,-1.6998,3.718
37,CC DChg,26.06666666668025,-1.6998,3.718
37,CC DChg,26.16666666668607,-1.6998,3.7179
37,CC DChg,26.26666666669189,-1.6998,3.7179
37,CC DChg,26.36666666669771,-1.6998,3.7178
37,CC DChg,26.466666666674428,-1.6998,3.7177
37,CC DChg,26.56666666668025,-1.6998,3.7176
37,CC DChg,26.66666666668607,-1.6998,3.7176
37,CC DChg,26.76666666669189,-1.6998,3.7175
37,CC DChg,26.86666666669771,-1.6998,3.7175
37,CC DChg,26.966666666674428,-1.6998,3.7174
37,CC DChg,27.06666666668025,-1.6998,3.7174
37,CC DChg,27.16666666668607,-1.6998,3.7174
37,CC DChg,27.26666666669189,-1.6998,3.7172
37,CC DChg,27.36666666669771,-1.6998,3.7172
37,CC DChg,27.466666666674428,-1.6998,3.7171
37,CC DChg,27.56666666668025,-1.6998,3.7171
37,CC DChg,27.66666666668607,-1.6998,3.717
37,CC DChg,27.76666666669189,-1.6998,3.7169
37,CC DChg,27.86666666669771,-1.6998,3.7169
37,CC DChg,27.966666666674428,-1.6998,3.7168
37,CC DChg,28.06666666668025,-1.6998,3.7168
37,CC DChg,28.16666666668607,-1.6998,3.7167
37,CC DChg,28.26666666669189,-1.6998,3.7166
37,CC DChg,28.36666666669771,-1.6998,3.7166
37,CC DChg,28.466666666674428,-1.6998,3.7166
37,CC DChg,28.56666666668025,-1.6998,3.7166
37,CC DChg,28.66666666668607,-1.6998,3.7164
37,CC DChg,28.76666666669189,-1.6998,3.7164
37,CC DChg,28.86666666669771,-1.6998,3.7163
37,CC DChg,28.966666666674428,-1.6998,3.7163
37,CC DChg,29.06666666668025,-1.6998,3.7162
37,CC DChg,29.16666666668607,-1.6998,3.7162
37,CC DChg,29.26666666669189,-1.6998,3.7161
37,CC DChg,29.36666666669771,-1.6998,3.7161
37,CC DChg,29.466666666674428,-1.6998,3.716
37,CC DChg,29.56666666668025,-1.6998,3.7159
37,CC DChg,29.66666666668607,-1.6998,3.7159
37,CC DChg,29.76666666669189,-1.6998,3.7158
37,CC DChg,29.86666666669771,-1.6998,3.7158
37,CC DChg,29.966666666674428,-1.6998,3.7157
37,CC DChg,30.06666666668025,-1.6998,3.7156
37,CC DChg,30.16666666668607,-1.6998,3.7156
37,CC DChg,30.26666666669189,-1.6998,3.7156
37,CC DChg,30.36666666669771,-1.6998,3.7155
37,CC DChg,30.466666666674428,-1.6998,3.7155
37,CC DChg,30.56666666668025,-1.6998,3.7154
37,CC DChg,30.66666666668607,-1.6998,3.7153
37,CC DChg,30.76666666669189,-1.6998,3.7153
37,CC DChg,30.86666666669771,-1.6998,3.7153
37,CC DChg,30.966666666674428,-1.6998,3.7152
37,CC DChg,31.06666666668025,-1.6998,3.7152
37,CC DChg,31.16666666668607,-1.6998,3.7151
37,CC DChg,31.26666666669189,-1.6998,3.715
37,CC DChg,31.36666666669771,-1.6998,3.7149
37,CC DChg,31.466666666674428,-1.6998,3.7149
37,CC DChg,31.56666666668025,-1.6998,3.7148
37,CC DChg,31.66666666668607,-1.6998,3.7148
37,CC DChg,31.76666666669189,-1.6998,3.7147
37,CC DChg,31.86666666669771,-1.6998,3.7147
37,CC DChg,31.966666666674428,-1.6998,3.7146
37,CC DChg,32.06666666668025,-1.6998,3.7146
37,CC DChg,32.16666666668607,-1.6998,3.7146
37,CC DChg,32.26666666669189,-1.6998,3.7145
37,CC DChg,32.36666666669771,-1.6998,3.7144
37,CC DChg,32.46666666667443,-1.6998,3.7144
37,CC DChg,32.56666666668025,-1.6998,3.7144
37,CC DChg,32.66666666668607,-1.6998,3.7143
37,CC DChg,32.76666666669189,-1.6998,3.7143
37,CC DChg,32.86666666669771,-1.6998,3.7142
37,CC DChg,32.96666666667443,-1.6998,3.7141
37,CC DChg,33.06666666668025,-1.6998,3.7141
37,CC DChg,33.16666666668607,-1.6998,3.714
37,CC DChg,33.26666666669189,-1.6998,3.714
37,CC DChg,33.36666666669771,-1.6998,3.7139
37,CC DChg,33.46666666667443,-1.6998,3.7139
37,CC DChg,33.56666666668025,-1.6998,3.7139
37,CC DChg,33.66666666668607,-1.6998,3.7138
37,CC DChg,33.76666666669189,-1.6998,3.7137
37,CC DChg,33.86666666669771,-1.6998,3.7137
37,CC DChg,33.96666666667443,-1.6998,3.7136
37,CC DChg,34.06666666668025,-1.6998,3.7136
37,CC DChg,34.16666666668607,-1.6998,3.7135
37,CC DChg,34.26666666669189,-1.6998,3.7135
37,CC DChg,34.36666666669771,-1.6998,3.7134
37,CC DChg,34.46666666667443,-1.6998,3.7134
37,CC DChg,34.56666666668025,-1.6998,3.7134
37,CC DChg,34.66666666668607,-1.6998,3.7133
37,CC DChg,34.76666666669189,-1.6998,3.7133
37,CC DChg,34.86666666669771,-1.6998,3.7132
37,CC DChg,34.96666666667443,-1.6998,3.7131
37,CC DChg,35.06666666668025,-1.6998,3.7131
37,CC DChg,35.16666666668607,-1.6998,3.7131
37,CC DChg,35.26666666669189,-1.6998,3.713
37,CC DChg,35.36666666669771,-1.6998,3.7129
37,CC DChg,35.46666666667443,-1.6998,3.7129
37,CC DChg,35.56666666668025,-1.6998,3.7129
37,CC DChg,35.66666666668607,-1.6998,3.7128
37,CC DChg,35.76666666669189,-1.6998,3.7128
37,CC DChg,35.86666666669771,-1.6998,3.7127
37,CC DChg,35.96666666667443,-1.6998,3.7127
37,CC DChg,36.06666666668025,-1.6998,3.7126
37,CC DChg,36.16666666668607,-1.6998,3.7126
37,CC DChg,36.26666666669189,-1.6998,3.7126
37,CC DChg,36.36666666669771,-1.6998,3.7125
37,CC DChg,36.46666666667443,-1.6998,3.7125
37,CC DChg,36.56666666668025,-1.6998,3.7124
37,CC DChg,36.66666666668607,-1.6998,3.7124
37,CC DChg,36.76666666669189,-1.6998,3.7123
37,CC DChg,36.86666666669771,-1.6998,3.7123
37,CC DChg,36.96666666667443,-1.6998,3.7122
37,CC DChg,37.06666666668025,-1.6998,3.7122
37,CC DChg,37.16666666668607,-1.6998,3.7121
37,CC DChg,37.26666666669189,-1.6998,3.7121
37,CC DChg,37.36666666669771,-1.6998,3.7121
37,CC DChg,37.46666666667443,-1.6998,3.712
37,CC DChg,37.56666666668025,-1.6998,3.7119
37,CC DChg,37.66666666668607,-1.6998,3.7119
37,CC DChg,37.76666666669189,-1.6998,3.7118
37,CC DChg,37.86666666669771,-1.6998,3.7118
37,CC DChg,37.96666666667443,-1.6998,3.7118
37,CC DChg,38.06666666668025,-1.6998,3.7117
37,CC DChg,38.16666666668607,-1.6998,3.7116
37,CC DChg,38.26666666669189,-1.6998,3.7116
37,CC DChg,38.36666666669771,-1.6998,3.7116
37,CC DChg,38.46666666667443,-1.6998,3.7115
37,CC DChg,38.56666666668025,-1.6998,3.7115
37,CC DChg,38.66666666668607,-1.6998,3.7115
37,CC DChg,38.76666666669189,-1.6998,3.7114
37,CC DChg,38.86666666669771,-1.6998,3.7114
37,CC DChg,38.96666666667443,-1.6998,3.7113
37,CC DChg,39.06666666668025,-1.6998,3.7112
37,CC DChg,39.16666666668607,-1.6998,3.7112
37,CC DChg,39.26666666669189,-1.6998,3.7111
37,CC DChg,39.36666666669771,-1.6998,3.7111
37,CC DChg,39.46666666667443,-1.6998,3.7111
37,CC DChg,39.56666666668025,-1.6998,3.7111
37,CC DChg,39.66666666668607,-1.6998,3.711
37,CC DChg,39.76666666669189,-1.6998,3.711
37,CC DChg,39.86666666669771,-1.6998,3.7109
37,CC DChg,39.96666666667443,-1.6998,3.7109
37,CC DChg,40.06666666668025,-1.6998,3.7108
37,CC DChg,40.16666666668607,-1.6998,3.7108
37,CC DChg,40.26666666669189,-1.6998,3.7108
37,CC DChg,40.36666666669771,-1.6998,3.7107
37,CC DChg,40.46666666667443,-1.6998,3.7106
37,CC DChg,40.56666666668025,-1.6998,3.7106
37,CC DChg,40.66666666668607,-1.6998,3.7106
37,CC DChg,40.76666666669189,-1.6998,3.7105
37,CC DChg,40.86666666669771,-1.6998,3.7105
37,CC DChg,40.96666666667443,-1.6998,3.7105
37,CC DChg,41.06666666668025,-1.6998,3.7104
37,CC DChg,41.16666666668607,-1.6998,3.7104
37,CC DChg,41.26666666669189,-1.6998,3.7103
37,CC DChg,41.36666666669771,-1.6998,3.7103
37,CC DChg,41.46666666667443,-1.6998,3.7103
37,CC DChg,41.56666666668025,-1.6998,3.7102
37,CC DChg,41.66666666668607,-1.6998,3.7101
37,CC DChg,41.76666666669189,-1.6998,3.7101
37,CC DChg,41.86666666669771,-1.6998,3.7101
37,CC DChg,41.96666666667443,-1.6998,3.71
37,CC DChg,42.06666666668025,-1.6998,3.71
37,CC DChg,42.16666666668607,-1.6998,3.71
37,CC DChg,42.26666666669189,-1.6998,3.7099
37,CC DChg,42.36666666669771,-1.6998,3.7099
37,CC DChg,42.46666666667443,-1.6998,3.7099
37,CC DChg,42.56666666668025,-1.6998,3.7099
37,CC DChg,42.66666666668607,-1.6998,3.7098
37,CC DChg,42.76666666669189,-1.6998,3.7097
37,CC DChg,42.86666666669771,-1.6998,3.7097
37,CC DChg,42.96666666667443,-1.6998,3.7097
37,CC DChg,43.06666666668025,-1.6998,3.7096
37,CC DChg,43.16666666668607,-1.6998,3.7095
37,CC DChg,43.26666666669189,-1.6998,3.7095
37,CC DChg,43.36666666669771,-1.6998,3.7095
37,CC DChg,43.46666666667443,-1.6998,3.7094
37,CC DChg,43.56666666668025,-1.6998,3.7094
37,CC DChg,43.66666666668607,-1.6998,3.7094
37,CC DChg,43.76666666669189,-1.6998,3.7093
37,CC DChg,43.86666666669771,-1.6998,3.7093
37,CC DChg,43.96666666667443,-1.6998,3.7092
37,CC DChg,44.06666666668025,-1.6998,3.7092
37,CC DChg,44.16666666668607,-1.6998,3.7092
37,CC DChg,44.26666666669189,-1.6998,3.7092
37,CC DChg,44.36666666669771,-1.6998,3.7091
37,CC DChg,44.46666666667443,-1.6998,3.709
37,CC DChg,44.56666666668025,-1.6998,3.709
37,CC DChg,44.66666666668607,-1.6998,3.7089
37,CC DChg,44.76666666669189,-1.6998,3.7089
37,CC DChg,44.86666666669771,-1.6998,3.7089
37,CC DChg,44.96666666667443,-1.6998,3.7088
37,CC DChg,45.06666666668025,-1.6998,3.7088
37,CC DChg,45.16666666668607,-1.6998,3.7088
37,CC DChg,45.26666666669189,-1.6998,3.7087
37,CC DChg,45.36666666669771,-1.6998,3.7087
37,CC DChg,45.46666666667443,-1.6998,3.7087
37,CC DChg,45.56666666668025,-1.6998,3.7086
37,CC DChg,45.66666666668607,-1.6998,3.7086
37,CC DChg,45.76666666669189,-1.6998,3.7085
37,CC DChg,45.86666666669771,-1.6998,3.7085
37,CC DChg,45.96666666667443,-1.6998,3.7084
37,CC DChg,46.06666666668025,-1.6998,3.7084
37,CC DChg,46.16666666668607,-1.6998,3.7084
37,CC DChg,46.26666666669189,-1.6998,3.7083
37,CC DChg,46.36666666669771,-1.6998,3.7083
37,CC DChg,46.46666666667443,-1.6998,3.7083
37,CC DChg,46.56666666668025,-1.6998,3.7083
37,CC DChg,46.66666666668607,-1.6998,3.7082
37,CC DChg,46.76666666669189,-1.6998,3.7082
37,CC DChg,46.86666666669771,-1.6998,3.7081
37,CC DChg,46.96666666667443,-1.6998,3.7081
37,CC DChg,47.06666666668025,-1.6998,3.708
37,CC DChg,47.16666666668607,-1.6998,3.708
37,CC DChg,47.26666666669189,-1.6998,3.7079
37,CC DChg,47.36666666669771,-1.6998,3.7079
37,CC DChg,47.46666666667443,-1.6998,3.7079
37,CC DChg,47.56666666668025,-1.6998,3.7078
37,CC DChg,47.66666666668607,-1.6998,3.7078
37,CC DChg,47.76666666669189,-1.6998,3.7078
37,CC DChg,47.86666666669771,-1.6998,3.7077
37,CC DChg,47.96666666667443,-1.6998,3.7077
37,CC DChg,48.06666666668025,-1.6998,3.7077
37,CC DChg,48.16666666668607,-1.6998,3.7076
37,CC DChg,48.26666666669189,-1.6998,3.7076
37,CC DChg,48.36666666669771,-1.6998,3.7075
37,CC DChg,48.46666666667443,-1.6998,3.7075
37,CC DChg,48.56666666668025,-1.6998,3.7075
37,CC DChg,48.66666666668607,-1.6998,3.7074
37,CC DChg,48.76666666669189,-1.6998,3.7074
37,CC DChg,48.86666666669771,-1.6998,3.7073
37,CC DChg,48.96666666667443,-1.6998,3.7073
37,CC DChg,49.06666666668025,-1.6998,3.7073
37,CC DChg,49.16666666668607,-1.6998,3.7072
37,CC DChg,49.26666666669189,-1.6998,3.7072
37,CC DChg,49.36666666669771,-1.6998,3.7072
37,CC DChg,49.46666666667443,-1.6998,3.7071
37,CC DChg,49.56666666668025,-1.6998,3.7071
37,CC DChg,49.66666666668607,-1.6998,3.7071
37,CC DChg,49.76666666669189,-1.6998,3.707
37,CC DChg,49.86666666669771,-1.6998,3.707
37,CC DChg,49.96666666667443,-1.6998,3.7069
37,CC DChg,50.06666666668025,-1.6998,3.7069
37,CC DChg,50.16666666668607,-1.6998,3.7069
37,CC DChg,50.26666666669189,-1.6998,3.7068
37,CC DChg,50.36666666669771,-1.6998,3.7068
37,CC DChg,50.46666666667443,-1.6998,3.7068
37,CC DChg,50.56666666668025,-1.6998,3.7068
37,CC DChg,50.66666666668607,-1.6998,3.7067
37,CC DChg,50.76666666669189,-1.6998,3.7067
37,CC DChg,50.86666666669771,-1.6998,3.7066
37,CC DChg,50.96666666667443,-1.6998,3.7066
37,CC DChg,51.06666666668025,-1.6998,3.7066
37,CC DChg,51.16666666668607,-1.6998,3.7065
37,CC DChg,51.26666666669189,-1.6998,3.7065
37,CC DChg,51.36666666669771,-1.6998,3.7065
37,CC DChg,51.46666666667443,-1.6998,3.7064
37,CC DChg,51.56666666668025,-1.6998,3.7063
37,CC DChg,51.66666666668607,-1.6998,3.7063
37,CC DChg,51.76666666669189,-1.6998,3.7063
37,CC DChg,51.86666666669771,-1.6998,3.7063
37,CC DChg,51.96666666667443,-1.6998,3.7062
37,CC DChg,52.06666666668025,-1.6998,3.7062
37,CC DChg,52.16666666668607,-1.6998,3.7062
37,CC DChg,52.26666666669189,-1.6998,3.7061
37,CC DChg,52.36666666669771,-1.6998,3.7061
37,CC DChg,52.46666666667443,-1.6998,3.706
37,CC DChg,52.56666666668025,-1.6998,3.706
37,CC DChg,52.66666666668607,-1.6998,3.706
37,CC DChg,52.76666666669189,-1.6998,3.706
37,CC DChg,52.86666666669771,-1.6998,3.7059
37,CC DChg,52.96666666667443,-1.6998,3.7059
37,CC DChg,53.06666666668025,-1.6998,3.7058
37,CC DChg,53.16666666668607,-1.6998,3.7058
37,CC DChg,53.26666666669189,-1.6998,3.7058
37,CC DChg,53.36666666669771,-1.6998,3.7058
37,CC DChg,53.46666666667443,-1.6998,3.7057
37,CC DChg,53.56666666668025,-1.6998,3.7057
37,CC DChg,53.66666666668607,-1.6998,3.7056
37,CC DChg,53.76666666669189,-1.6998,3.7056
37,CC DChg,53.86666666669771,-1.6998,3.7056
37,CC DChg,53.96666666667443,-1.6998,3.7055
37,CC DChg,54.06666666668025,-1.6998,3.7055
37,CC DChg,54.16666666668607,-1.6998,3.7055
37,CC DChg,54.26666666669189,-1.6998,3.7054
37,CC DChg,54.36666666669771,-1.6998,3.7054
37,CC DChg,54.46666666667443,-1.6998,3.7054
37,CC DChg,54.56666666668025,-1.6998,3.7053
37,CC DChg,54.66666666668607,-1.6998,3.7053
37,CC DChg,54.76666666669189,-1.6998,3.7053
37,CC DChg,54.86666666669771,-1.6998,3.7052
37,CC DChg,54.96666666667443,-1.6998,3.7052
37,CC DChg,55.06666666668025,-1.6998,3.7051
37,CC DChg,55.16666666668607,-1.6998,3.7051
37,CC DChg,55.26666666669189,-1.6998,3.7051
37,CC DChg,55.36666666669771,-1.6998,3.7051
37,CC DChg,55.46666666667443,-1.6998,3.705
37,CC DChg,55.56666666668025,-1.6998,3.705
37,CC DChg,55.66666666668607,-1.6998,3.705
37,CC DChg,55.76666666669189,-1.6998,3.7049
37,CC DChg,55.86666666669771,-1.6998,3.7049
37,CC DChg,55.96666666667443,-1.6998,3.7049
37,CC DChg,56.06666666668025,-1.6998,3.7049
37,CC DChg,56.16666666668607,-1.6998,3.7049
37,CC DChg,56.26666666669189,-1.6998,3.7048
37,CC DChg,56.36666666669771,-1.6998,3.7047
37,CC DChg,56.46666666667443,-1.6998,3.7047
37,CC DChg,56.56666666668025,-1.6998,3.7046
37,CC DChg,56.66666666668607,-1.6998,3.7046
37,CC DChg,56.76666666669189,-1.6998,3.7046
37,CC DChg,56.86666666669771,-1.6998,3.7046
37,CC DChg,56.96666666667443,-1.6998,3.7045
37,CC DChg,57.06666666668025,-1.6998,3.7045
37,CC DChg,57.16666666668607,-1.6998,3.7045
37,CC DChg,57.26666666669189,-1.6998,3.7045
37,CC DChg,57.36666666669771,-1.6998,3.7044
37,CC DChg,57.46666666667443,-1.6998,3.7044
37,CC DChg,57.56666666668025,-1.6998,3.7043
37,CC DChg,57.66666666668607,-1.6998,3.7043
37,CC DChg,57.76666666669189,-1.6998,3.7043
37,CC DChg,57.86666666669771,-1.6998,3.7043
37,CC DChg,57.96666666667443,-1.6998,3.7042
37,CC DChg,58.06666666668025,-1.6998,3.7042
37,CC DChg,58.16666666668607,-1.6998,3.7042
37,CC DChg,58.26666666669189,-1.6998,3.7041
37,CC DChg,58.36666666669771,-1.6998,3.7041
37,CC DChg,58.46666666667443,-1.6998,3.7041
37,CC DChg,58.56666666668025,-1.6998,3.704
37,CC DChg,58.66666666668607,-1.6998,3.704
37,CC DChg,58.76666666669189,-1.6998,3.704
37,CC DChg,58.86666666669771,-1.6998,3.7039
37,CC DChg,58.96666666667443,-1.6998,3.7039
37,CC DChg,59.06666666668025,-1.6998,3.7039
37,CC DChg,59.16666666668607,-1.6998,3.7039
37,CC DChg,59.26666666669189,-1.6998,3.7038
37,CC DChg,59.36666666669771,-1.6998,3.7038
37,CC DChg,59.46666666667443,-1.6998,3.7038
37,CC DChg,59.56666666668025,-1.6998,3.7038
37,CC DChg,59.66666666668607,-1.6998,3.7037
37,CC DChg,59.76666666669189,-1.6998,3.7037
37,CC DChg,59.86666666669771,-1.6998,3.7036
37,CC DChg,59.96666666667443,-1.6998,3.7036
37,CC DChg,60.06666666668025,-1.6998,3.7036
37,CC DChg,60.16666666668607,-1.6998,3.7035
37,CC DChg,60.26666666669189,-1.6998,3.7035
37,CC DChg,60.36666666669771,-1.6998,3.7035
37,CC DChg,60.46666666667443,-1.6999,3.7035
37,CC DChg,60.56666666668025,-1.6999,3.7035
37,CC DChg,60.66666666668607,-1.6999,3.7034
37,CC DChg,60.76666666669189,-1.6999,3.7033
37,CC DChg,60.86666666669771,-1.6999,3.7033
37,CC DChg,60.96666666667443,-1.6999,3.7033
37,CC DChg,61.06666666668025,-1.6999,3.7033
37,CC DChg,61.16666666668607,-1.6998,3.7033
37,CC DChg,61.26666666669189,-1.6998,3.7032
37,CC DChg,61.36666666669771,-1.6999,3.7032
37,CC DChg,61.46666666667443,-1.6998,3.7031
37,CC DChg,61.56666666668025,-1.6998,3.7031
37,CC DChg,61.66666666668607,-1.6998,3.7031
37,CC DChg,61.76666666669189,-1.6999,3.7031
37,CC DChg,61.86666666669771,-1.6999,3.703
37,CC DChg,61.96666666667443,-1.6999,3.703
37,CC DChg,62.06666666668025,-1.6998,3.703
37,CC DChg,62.16666666668607,-1.6998,3.7029
37,CC DChg,62.26666666669189,-1.6998,3.7029
37,CC DChg,62.36666666669771,-1.6999,3.7029
37,CC DChg,62.46666666667443,-1.6999,3.7029
37,CC DChg,62.56666666668025,-1.6999,3.7028
37,CC DChg,62.66666666668607,-1.6999,3.7028
37,CC DChg,62.76666666669189,-1.6999,3.7028
37,CC DChg,62.86666666669771,-1.6998,3.7027
37,CC DChg,62.96666666667443,-1.6998,3.7027
37,CC DChg,63.06666666668025,-1.6998,3.7027
37,CC DChg,63.16666666668607,-1.6998,3.7026
37,CC DChg,63.26666666669189,-1.6998,3.7026
37,CC DChg,63.36666666669771,-1.6998,3.7026
37,CC DChg,63.46666666667443,-1.6999,3.7026
37,CC DChg,63.56666666668025,-1.6999,3.7025
37,CC DChg,63.66666666668607,-1.6999,3.7025
37,CC DChg,63.76666666669189,-1.6999,3.7025
37,CC DChg,63.86666666669771,-1.6999,3.7024
37,CC DChg,63.96666666667443,-1.6998,3.7024
37,CC DChg,64.06666666668025,-1.6998,3.7024
37,CC DChg,64.16666666668607,-1.6999,3.7024
37,CC DChg,64.26666666669189,-1.6999,3.7023
37,CC DChg,64.36666666669771,-1.6999,3.7023
37,CC DChg,64.46666666667443,-1.6999,3.7022
37,CC DChg,64.56666666668025,-1.6999,3.7022
37,CC DChg,64.66666666668607,-1.6999,3.7022
37,CC DChg,64.76666666669189,-1.6999,3.7022
37,CC DChg,64.86666666669771,-1.6999,3.7021
37,CC DChg,64.96666666667443,-1.6999,3.7021
37,CC DChg,65.06666666668025,-1.6999,3.7021
37,CC DChg,65.16666666668607,-1.6999,3.7021
37,CC DChg,65.26666666669189,-1.6999,3.702
37,CC DChg,65.36666666669771,-1.6999,3.702
37,CC DChg,65.46666666667443,-1.6999,3.702
37,CC DChg,65.56666666668025,-1.6998,3.7019
37,CC DChg,65.66666666668607,-1.6999,3.7019
37,CC DChg,65.76666666669189,-1.6999,3.7019
37,CC DChg,65.86666666669771,-1.6999,3.7019
37,CC DChg,65.96666666667443,-1.6999,3.7018
37,CC DChg,66.06666666668025,-1.6999,3.7018
37,CC DChg,66.16666666668607,-1.6999,3.7018
37,CC DChg,66.26666666669189,-1.6999,3.7017
37,CC DChg,66.36666666669771,-1.6999,3.7017
37,CC DChg,66.46666666667443,-1.6999,3.7017
37,CC DChg,66.56666666668025,-1.6999,3.7017
37,CC DChg,66.66666666668607,-1.6999,3.7016
37,CC DChg,66.76666666669189,-1.6999,3.7016
37,CC DChg,66.86666666669771,-1.6999,3.7015
37,CC DChg,66.96666666667443,-1.6999,3.7015
37,CC DChg,67.06666666668025,-1.6999,3.7015
37,CC DChg,67.16666666668607,-1.6999,3.7014
37,CC DChg,67.26666666669189,-1.6999,3.7015
37,CC DChg,67.36666666669771,-1.6999,3.7014
37,CC DChg,67.46666666667443,-1.6999,3.7014
37,CC DChg,67.56666666668025,-1.6999,3.7013
37,CC DChg,67.66666666668607,-1.6999,3.7013
37,CC DChg,67.76666666669189,-1.6999,3.7013
37,CC DChg,67.86666666669771,-1.6999,3.7013
37,CC DChg,67.96666666667443,-1.6999,3.7012
37,CC DChg,68.06666666668025,-1.6999,3.7012
37,CC DChg,68.16666666668607,-1.6999,3.7012
37,CC DChg,68.26666666669189,-1.6999,3.7012
37,CC DChg,68.36666666669771,-1.6998,3.7011
37,CC DChg,68.46666666667443,-1.6998,3.7011
37,CC DChg,68.56666666668025,-1.6999,3.7011
37,CC DChg,68.66666666668607,-1.6999,3.701
37,CC DChg,68.76666666669189,-1.6999,3.701
37,CC DChg,68.86666666669771,-1.6999,3.701
37,CC DChg,68.96666666667443,-1.6999,3.701
37,CC DChg,69.06666666668025,-1.6999,3.7009
37,CC DChg,69.16666666668607,-1.6999,3.7009
37,CC DChg,69.26666666669189,-1.6999,3.7009
37,CC DChg,69.36666666669771,-1.6999,3.7009
37,CC DChg,69.46666666667443,-1.6999,3.7009
37,CC DChg,69.56666666668025,-1.6999,3.7008
37,CC DChg,69.66666666668607,-1.6999,3.7008
37,CC DChg,69.76666666669189,-1.6999,3.7007
37,CC DChg,69.86666666669771,-1.6999,3.7007
37,CC DChg,69.96666666667443,-1.6999,3.7007
37,CC DChg,70.06666666668025,-1.6999,3.7007
37,CC DChg,70.16666666668607,-1.6999,3.7006
37,CC DChg,70.26666666669189,-1.6999,3.7006
37,CC DChg,70.36666666669771,-1.6999,3.7006
37,CC DChg,70.46666666667443,-1.6999,3.7006
37,CC DChg,70.56666666668025,-1.6999,3.7006
37,CC DChg,70.66666666668607,-1.6999,3.7006
37,CC DChg,70.76666666669189,-1.6999,3.7005
37,CC DChg,70.86666666669771,-1.6999,3.7004
37,CC DChg,70.96666666667443,-1.6999,3.7004
37,CC DChg,71.06666666668025,-1.6999,3.7003
37,CC DChg,71.16666666668607,-1.6999,3.7004
37,CC DChg,71.26666666669189,-1.6999,3.7003
37,CC DChg,71.36666666669771,-1.6999,3.7003
37,CC DChg,71.46666666667443,-1.6999,3.7003
37,CC DChg,71.56666666668025,-1.6999,3.7002
37,CC DChg,71.66666666668607,-1.6999,3.7002
37,CC DChg,71.76666666669189,-1.6999,3.7002
37,CC DChg,71.86666666669771,-1.6999,3.7002
37,CC DChg,71.96666666667443,-1.6999,3.7002
37,CC DChg,72.06666666668025,-1.6999,3.7001
37,CC DChg,72.16666666668607,-1.6999,3.7001
37,CC DChg,72.26666666669189,-1.6999,3.7001
37,CC DChg,72.36666666669771,-1.6999,3.7001
37,CC DChg,72.46666666667443,-1.6999,3.7
37,CC DChg,72.56666666668025,-1.6999,3.7
37,CC DChg,72.66666666668607,-1.6999,3.6999
37,CC DChg,72.76666666669189,-1.6999,3.6999
37,CC DChg,72.86666666669771,-1.6999,3.6999
37,CC DChg,72.96666666667443,-1.6999,3.6999
37,CC DChg,73.06666666668025,-1.6999,3.6998
37,CC DChg,73.16666666668607,-1.6999,3.6998
37,CC DChg,73.26666666669189,-1.6999,3.6998
37,CC DChg,73.36666666669771,-1.6999,3.6998
37,CC DChg,73.46666666667443,-1.6999,3.6997
37,CC DChg,73.56666666668025,-1.6999,3.6997
37,CC DChg,73.66666666668607,-1.6999,3.6997
37,CC DChg,73.76666666669189,-1.6999,3.6997
37,CC DChg,73.86666666669771,-1.6999,3.6997
37,CC DChg,73.96666666667443,-1.6999,3.6996
37,CC DChg,74.06666666668025,-1.6999,3.6996
37,CC DChg,74.16666666668607,-1.6999,3.6996
37,CC DChg,74.26666666669189,-1.6999,3.6996
37,CC DChg,74.36666666669771,-1.6999,3.6995
37,CC DChg,74.46666666667443,-1.6999,3.6995
37,CC DChg,74.56666666668025,-1.6999,3.6995
37,CC DChg,74.66666666668607,-1.6999,3.6994
37,CC DChg,74.76666666669189,-1.6999,3.6994
37,CC DChg,74.86666666669771,-1.6999,3.6994
37,CC DChg,74.96666666667443,-1.6999,3.6994
37,CC DChg,75.06666666668025,-1.6999,3.6994
37,CC DChg,75.16666666668607,-1.6999,3.6993
37,CC DChg,75.26666666669189,-1.6999,3.6993
37,CC DChg,75.36666666669771,-1.6999,3.6992
37,CC DChg,75.46666666667443,-1.6999,3.6992
37,CC DChg,75.56666666668025,-1.6999,3.6992
37,CC DChg,75.66666666668607,-1.6999,3.6992
37,CC DChg,75.76666666669189,-1.6999,3.6991
37,CC DChg,75.86666666669771,-1.6999,3.6991
37,CC DChg,75.96666666667443,-1.6999,3.6991
37,CC DChg,76.06666666668025,-1.6999,3.6991
37,CC DChg,76.16666666668607,-1.6999,3.699
37,CC DChg,76.26666666669189,-1.6999,3.699
37,CC DChg,76.36666666669771,-1.6999,3.699
37,CC DChg,76.46666666667443,-1.6999,3.6989
37,CC DChg,76.56666666668025,-1.6999,3.6989
37,CC DChg,76.66666666668607,-1.6999,3.6989
37,CC DChg,76.76666666669189,-1.6999,3.6989
37,CC DChg,76.86666666669771,-1.6999,3.6988
37,CC DChg,76.96666666667443,-1.6999,3.6988
37,CC DChg,77.06666666668025,-1.6999,3.6988
37,CC DChg,77.16666666668607,-1.6999,3.6988
37,CC DChg,77.26666666669189,-1.6999,3.6987
37,CC DChg,77.36666666669771,-1.6999,3.6987
37,CC DChg,77.46666666667443,-1.6999,3.6987
37,CC DChg,77.56666666668025,-1.6999,3.6987
37,CC DChg,77.66666666668607,-1.6999,3.6986
37,CC DChg,77.76666666669189,-1.6999,3.6986
37,CC DChg,77.86666666669771,-1.6999,3.6986
37,CC DChg,77.96666666667443,-1.6999,3.6985
37,CC DChg,78.06666666668025,-1.6999,3.6985
37,CC DChg,78.16666666668607,-1.6999,3.6985
37,CC DChg,78.26666666669189,-1.6999,3.6985
37,CC DChg,78.36666666669771,-1.6999,3.6984
37,CC DChg,78.46666666667443,-1.6999,3.6984
37,CC DChg,78.56666666668025,-1.6999,3.6984
37,CC DChg,78.66666666668607,-1.6999,3.6984
37,CC DChg,78.76666666669189,-1.6999,3.6984
37,CC DChg,78.86666666669771,-1.6999,3.6983
37,CC DChg,78.96666666667443,-1.6999,3.6983
37,CC DChg,79.06666666668025,-1.6999,3.6982
37,CC DChg,79.16666666668607,-1.6999,3.6982
37,CC DChg,79.26666666669189,-1.6999,3.6982
37,CC DChg,79.36666666669771,-1.6999,3.6982
37,CC DChg,79.46666666667443,-1.6999,3.6982
37,CC DChg,79.56666666668025,-1.6999,3.6982
37,CC DChg,79.66666666668607,-1.6999,3.6982
37,CC DChg,79.76666666669189,-1.6999,3.6981
37,CC DChg,79.86666666669771,-1.6998,3.6981
37,CC DChg,79.96666666667443,-1.6999,3.698
37,CC DChg,80.06666666668025,-1.6999,3.698
37,CC DChg,80.16666666668607,-1.6999,3.698
37,CC DChg,80.26666666669189,-1.6998,3.698
37,CC DChg,80.36666666669771,-1.6998,3.6979
37,CC DChg,80.46666666667443,-1.6998,3.6979
37,CC DChg,80.56666666668025,-1.6998,3.6979
37,CC DChg,80.66666666668607,-1.6998,3.6978
37,CC DChg,80.76666666669189,-1.6998,3.6978
37,CC DChg,80.86666666669771,-1.6998,3.6978
37,CC DChg,80.96666666667443,-1.6998,3.6978
37,CC DChg,81.06666666668025,-1.6998,3.6977
37,CC DChg,81.16666666668607,-1.6998,3.6977
37,CC DChg,81.26666666669189,-1.6998,3.6977
37,CC DChg,81.36666666669771,-1.6998,3.6977
37,CC DChg,81.46666666667443,-1.6998,3.6977
37,CC DChg,81.56666666668025,-1.6998,3.6977
37,CC DChg,81.66666666668607,-1.6998,3.6976
37,CC DChg,81.76666666669189,-1.6998,3.6976
37,CC DChg,81.86666666669771,-1.6998,3.6976
37,CC DChg,81.96666666667443,-1.6998,3.6975
37,CC DChg,82.06666666668025,-1.6998,3.6975
37,CC DChg,82.16666666668607,-1.6998,3.6975
37,CC DChg,82.26666666669189,-1.6998,3.6974
37,CC DChg,82.36666666669771,-1.6998,3.6974
37,CC DChg,82.46666666667443,-1.6998,3.6974
37,CC DChg,82.56666666668025,-1.6998,3.6974
37,CC DChg,82.66666666668607,-1.6998,3.6973
37,CC DChg,82.76666666669189,-1.6998,3.6973
37,CC DChg,82.86666666669771,-1.6998,3.6973
37,CC DChg,82.96666666667443,-1.6998,3.6973
37,CC DChg,83.06666666668025,-1.6998,3.6973
37,CC DChg,83.16666666668607,-1.6998,3.6973
37,CC DChg,83.26666666669189,-1.6998,3.6972
37,CC DChg,83.36666666669771,-1.6998,3.6972
37,CC DChg,83.46666666667443,-1.6998,3.6972
37,CC DChg,83.56666666668025,-1.6998,3.6972
37,CC DChg,83.66666666668607,-1.6998,3.6971
37,CC DChg,83.76666666669189,-1.6998,3.6971
37,CC DChg,83.86666666669771,-1.6998,3.6971
37,CC DChg,83.96666666667443,-1.6998,3.697
37,CC DChg,84.06666666668025,-1.6998,3.697
37,CC DChg,84.16666666668607,-1.6998,3.697
37,CC DChg,84.26666666669189,-1.6998,3.697
37,CC DChg,84.36666666669771,-1.6998,3.697
37,CC DChg,84.46666666667443,-1.6998,3.6969
37,CC DChg,84.56666666668025,-1.6998,3.6969
37,CC DChg,84.66666666668607,-1.6998,3.6969
37,CC DChg,84.76666666669189,-1.6998,3.6968
37,CC DChg,84.86666666669771,-1.6998,3.6968
37,CC DChg,84.96666666667443,-1.6998,3.6968
37,CC DChg,85.06666666668025,-1.6998,3.6968
37,CC DChg,85.16666666668607,-1.6998,3.6968
37,CC DChg,85.26666666669189,-1.6998,3.6967
37,CC DChg,85.36666666669771,-1.6998,3.6967
37,CC DChg,85.46666666667443,-1.6998,3.6967
37,CC DChg,85.56666666668025,-1.6998,3.6966
37,CC DChg,85.66666666668607,-1.6998,3.6966
37,CC DChg,85.76666666669189,-1.6998,3.6966
37,CC DChg,85.86666666669771,-1.6998,3.6966
37,CC DChg,85.96666666667443,-1.6998,3.6966
37,CC DChg,86.06666666668025,-1.6998,3.6965
37,CC DChg,86.16666666668607,-1.6998,3.6965
37,CC DChg,86.26666666669189,-1.6998,3.6965
37,CC DChg,86.36666666669771,-1.6998,3.6965
37,CC DChg,86.46666666667443,-1.6998,3.6964
37,CC DChg,86.56666666668025,-1.6998,3.6964
37,CC DChg,86.66666666668607,-1.6998,3.6964
37,CC DChg,86.76666666669189,-1.6998,3.6964
37,CC DChg,86.86666666669771,-1.6998,3.6963
37,CC DChg,86.96666666667443,-1.6998,3.6963
37,CC DChg,87.06666666668025,-1.6998,3.6963
37,CC DChg,87.16666666668607,-1.6998,3.6963
37,CC DChg,87.26666666669189,-1.6998,3.6962
37,CC DChg,87.36666666669771,-1.6998,3.6962
37,CC DChg,87.46666666667443,-1.6998,3.6962
37,CC DChg,87.56666666668025,-1.6998,3.6961
37,CC DChg,87.66666666668607,-1.6998,3.6961
37,CC DChg,87.76666666669189,-1.6998,3.6961
37,CC DChg,87.86666666669771,-1.6998,3.696
37,CC DChg,87.96666666667443,-1.6998,3.6961
37,CC DChg,88.06666666668025,-1.6998,3.696
37,CC DChg,88.16666666668607,-1.6998,3.696
37,CC DChg,88.26666666669189,-1.6998,3.696
37,CC DChg,88.36666666669771,-1.6998,3.696
37,CC DChg,88.46666666667443,-1.6998,3.696
37,CC DChg,88.56666666668025,-1.6998,3.6959
37,CC DChg,88.66666666668607,-1.6998,3.6959
37,CC DChg,88.76666666669189,-1.6998,3.6959
37,CC DChg,88.86666666669771,-1.6998,3.6959
37,CC DChg,88.96666666667443,-1.6998,3.6958
37,CC DChg,89.06666666668025,-1.6998,3.6959
37,CC DChg,89.16666666668607,-1.6998,3.6958
37,CC DChg,89.26666666669189,-1.6998,3.6958
37,CC DChg,89.36666666669771,-1.6998,3.6957
37,CC DChg,89.46666666667443,-1.6998,3.6957
37,CC DChg,89.56666666668025,-1.6998,3.6957
37,CC DChg,89.66666666668607,-1.6998,3.6957
37,CC DChg,89.76666666669189,-1.6998,3.6957
37,CC DChg,89.86666666669771,-1.6998,3.6956
37,CC DChg,89.96666666667443,-1.6998,3.6956
37,CC DChg,90.06666666668025,-1.6998,3.6956
37,CC DChg,90.16666666668607,-1.6998,3.6956
37,CC DChg,90.26666666669189,-1.6998,3.6955
37,CC DChg,90.36666666669771,-1.6998,3.6955
37,CC DChg,90.46666666667443,-1.6998,3.6955
37,CC DChg,90.56666666668025,-1.6998,3.6955
37,CC DChg,90.66666666668607,-1.6998,3.6955
37,CC DChg,90.76666666669189,-1.6998,3.6954
37,CC DChg,90.86666666669771,-1.6998,3.6954
37,CC DChg,90.96666666667443,-1.6998,3.6954
37,CC DChg,91.06666666668025,-1.6998,3.6953
37,CC DChg,91.16666666668607,-1.6998,3.6953
37,CC DChg,91.26666666669189,-1.6998,3.6953
37,CC DChg,91.36666666669771,-1.6998,3.6953
37,CC DChg,91.46666666667443,-1.6998,3.6953
37,CC DChg,91.56666666668025,-1.6998,3.6952
37,CC DChg,91.66666666668607,-1.6998,3.6952
37,CC DChg,91.76666666669189,-1.6998,3.6951
37,CC DChg,91.86666666669771,-1.6998,3.6952
37,CC DChg,91.96666666667443,-1.6998,3.6952
37,CC DChg,92.06666666668025,-1.6998,3.6951
37,CC DChg,92.16666666668607,-1.6998,3.6951
37,CC DChg,92.26666666669189,-1.6998,3.695
37,CC DChg,92.36666666669771,-1.6998,3.695
37,CC DChg,92.46666666667443,-1.6998,3.695
37,CC DChg,92.56666666668025,-1.6998,3.695
37,CC DChg,92.66666666668607,-1.6998,3.6949
37,CC DChg,92.76666666669189,-1.6998,3.6949
37,CC DChg,92.86666666669771,-1.6998,3.6949
37,CC DChg,92.96666666667443,-1.6998,3.6949
37,CC DChg,93.06666666668025,-1.6998,3.6949
37,CC DChg,93.16666666668607,-1.6998,3.6949
37,CC DChg,93.26666666669189,-1.6998,3.6948
37,CC DChg,93.36666666669771,-1.6998,3.6948
37,CC DChg,93.46666666667443,-1.6998,3.6948
37,CC DChg,93.56666666668025,-1.6998,3.6948
37,CC DChg,93.66666666668607,-1.6998,3.6947
37,CC DChg,93.76666666669189,-1.6998,3.6947
37,CC DChg,93.86666666669771,-1.6998,3.6947
37,CC DChg,93.96666666667443,-1.6998,3.6947
37,CC DChg,94.06666666668025,-1.6998,3.6947
37,CC DChg,94.16666666668607,-1.6998,3.6946
37,CC DChg,94.26666666669189,-1.6998,3.6946
37,CC DChg,94.36666666669771,-1.6998,3.6946
37,CC DChg,94.46666666667443,-1.6998,3.6946
37,CC DChg,94.56666666668025,-1.6998,3.6945
37,CC DChg,94.66666666668607,-1.6998,3.6945
37,CC DChg,94.76666666669189,-1.6998,3.6945
37,CC DChg,94.86666666669771,-1.6998,3.6945
37,CC DChg,94.96666666667443,-1.6998,3.6945
37,CC DChg,95.06666666668025,-1.6998,3.6944
37,CC DChg,95.16666666668607,-1.6998,3.6944
37,CC DChg,95.26666666669189,-1.6998,3.6944
37,CC DChg,95.36666666669771,-1.6998,3.6943
37,CC DChg,95.46666666667443,-1.6998,3.6943
37,CC DChg,95.56666666668025,-1.6998,3.6943
37,CC DChg,95.66666666668607,-1.6998,3.6943
37,CC DChg,95.76666666669189,-1.6998,3.6942
37,CC DChg,95.86666666669771,-1.6998,3.6942
37,CC DChg,95.96666666667443,-1.6998,3.6942
37,CC DChg,96.06666666668025,-1.6998,3.6942
37,CC DChg,96.16666666668607,-1.6998,3.6941
37,CC DChg,96.26666666669189,-1.6998,3.6941
37,CC DChg,96.36666666669771,-1.6998,3.6941
37,CC DChg,96.46666666667443,-1.6998,3.6941
37,CC DChg,96.56666666668025,-1.6998,3.6941
37,CC DChg,96.66666666668607,-1.6998,3.6941
37,CC DChg,96.76666666669189,-1.6998,3.694
37,CC DChg,96.86666666669771,-1.6998,3.694
37,CC DChg,96.96666666667443,-1.6998,3.694
37,CC DChg,97.06666666668025,-1.6998,3.694
37,CC DChg,97.16666666668607,-1.6998,3.6939
37,CC DChg,97.26666666669189,-1.6998,3.6939
37,CC DChg,97.36666666669771,-1.6998,3.6938
37,CC DChg,97.46666666667443,-1.6998,3.6938
37,CC DChg,97.56666666668025,-1.6998,3.6938
37,CC DChg,97.66666666668607,-1.6998,3.6938
37,CC DChg,97.76666666669189,-1.6998,3.6938
37,CC DChg,97.86666666669771,-1.6998,3.6938
37,CC DChg,97.96666666667443,-1.6998,3.6937
37,CC DChg,98.06666666668025,-1.6998,3.6937
37,CC DChg,98.16666666668607,-1.6998,3.6937
37,CC DChg,98.26666666669189,-1.6998,3.6937
37,CC DChg,98.36666666669771,-1.6998,3.6937
37,CC DChg,98.46666666667443,-1.6998,3.6936
37,CC DChg,98.56666666668025,-1.6998,3.6936
37,CC DChg,98.66666666668607,-1.6998,3.6936
37,CC DChg,98.76666666669189,-1.6998,3.6936
37,CC DChg,98.86666666669771,-1.6998,3.6935
37,CC DChg,98.96666666667443,-1.6998,3.6935
37,CC DChg,99.06666666668025,-1.6998,3.6935
37,CC DChg,99.16666666668607,-1.6998,3.6935
37,CC DChg,99.26666666669189,-1.6998,3.6934
37,CC DChg,99.36666666669771,-1.6998,3.6934
37,CC DChg,99.46666666667443,-1.6998,3.6934
37,CC DChg,99.56666666668025,-1.6998,3.6934
37,CC DChg,99.66666666668607,-1.6998,3.6934
37,CC DChg,99.76666666669189,-1.6998,3.6933
37,CC DChg,99.86666666669771,-1.6998,3.6933
37,CC DChg,99.96666666667443,-1.6998,3.6933
37,CC DChg,100.06666666668025,-1.6998,3.6933
37,CC DChg,100.16666666668607,-1.6998,3.6933
37,CC DChg,100.26666666669189,-1.6998,3.6932
37,CC DChg,100.36666666669771,-1.6998,3.6932
37,CC DChg,100.46666666667443,-1.6998,3.6932
37,CC DChg,100.56666666668025,-1.6998,3.6931
37,CC DChg,100.66666666668607,-1.6998,3.6931
37,CC DChg,100.76666666669189,-1.6998,3.6931
37,CC DChg,100.86666666669771,-1.6998,3.693
37,CC DChg,100.96666666667443,-1.6998,3.693
37,CC DChg,101.06666666668025,-1.6998,3.693
37,CC DChg,101.16666666668607,-1.6998,3.693
37,CC DChg,101.26666666669189,-1.6998,3.693
37,CC DChg,101.36666666669771,-1.6998,3.693
37,CC DChg,101.46666666667443,-1.6998,3.693
37,CC DChg,101.56666666668025,-1.6998,3.6929
37,CC DChg,101.66666666668607,-1.6998,3.6929
37,CC DChg,101.76666666669189,-1.6998,3.6929
37,CC DChg,101.86666666669771,-1.6998,3.6929
37,CC DChg,101.96666666667443,-1.6998,3.6929
37,CC DChg,102.06666666668025,-1.6998,3.6928
37,CC DChg,102.16666666668607,-1.6998,3.6928
37,CC DChg,102.26666666669189,-1.6998,3.6928
37,CC DChg,102.36666666669771,-1.6998,3.6928
37,CC DChg,102.46666666667443,-1.6998,3.6928
37,CC DChg,102.56666666668025,-1.6998,3.6927
37,CC DChg,102.66666666668607,-1.6998,3.6927
37,CC DChg,102.76666666669189,-1.6998,3.6927
37,CC DChg,102.86666666669771,-1.6998,3.6927
37,CC DChg,102.96666666667443,-1.6998,3.6927
37,CC DChg,103.06666666668025,-1.6998,3.6926
37,CC DChg,103.16666666668607,-1.6998,3.6926
37,CC DChg,103.26666666669189,-1.6998,3.6926
37,CC DChg,103.36666666669771,-1.6998,3.6926
37,CC DChg,103.46666666667443,-1.6998,3.6926
37,CC DChg,103.56666666668025,-1.6998,3.6925
37,CC DChg,103.66666666668607,-1.6998,3.6925
37,CC DChg,103.76666666669189,-1.6998,3.6925
37,CC DChg,103.86666666669771,-1.6998,3.6925
37,CC DChg,103.96666666667443,-1.6998,3.6924
37,CC DChg,104.06666666668025,-1.6998,3.6924
37,CC DChg,104.16666666668607,-1.6998,3.6924
37,CC DChg,104.26666666669189,-1.6998,3.6924
37,CC DChg,104.36666666669771,-1.6998,3.6923
37,CC DChg,104.46666666667443,-1.6998,3.6923
37,CC DChg,104.56666666668025,-1.6998,3.6923
37,CC DChg,104.66666666668607,-1.6998,3.6923
37,CC DChg,104.76666666669189,-1.6998,3.6923
37,CC DChg,104.86666666669771,-1.6998,3.6923
37,CC DChg,104.96666666667443,-1.6998,3.6922
37,CC DChg,105.06666666668025,-1.6998,3.6922
37,CC DChg,105.16666666668607,-1.6998,3.6922
37,CC DChg,105.26666666669189,-1.6998,3.6921
37,CC DChg,105.36666666669771,-1.6998,3.6921
37,CC DChg,105.46666666667443,-1.6998,3.6921
37,CC DChg,105.56666666668025,-1.6998,3.6921
37,CC DChg,105.66666666668607,-1.6998,3.6921
37,CC DChg,105.76666666669189,-1.6998,3.6921
37,CC DChg,105.86666666669771,-1.6998,3.6921
37,CC DChg,105.96666666667443,-1.6998,3.692
37,CC DChg,106.06666666668025,-1.6998,3.692
37,CC DChg,106.16666666668607,-1.6998,3.6919
37,CC DChg,106.26666666669189,-1.6998,3.6919
37,CC DChg,106.36666666669771,-1.6998,3.6919
37,CC DChg,106.46666666667443,-1.6998,3.6919
37,CC DChg,106.56666666668025,-1.6998,3.6918
37,CC DChg,106.66666666668607,-1.6998,3.6918
37,CC DChg,106.76666666669189,-1.6998,3.6918
37,CC DChg,106.86666666669771,-1.6998,3.6918
37,CC DChg,106.96666666667443,-1.6998,3.6918
37,CC DChg,107.06666666668025,-1.6998,3.6918
37,CC DChg,107.16666666668607,-1.6998,3.6917
37,CC DChg,107.26666666669189,-1.6998,3.6917
37,CC DChg,107.36666666669771,-1.6998,3.6916
37,CC DChg,107.46666666667443,-1.6998,3.6917
37,CC DChg,107.56666666668025,-1.6998,3.6916
37,CC DChg,107.66666666668607,-1.6998,3.6916
37,CC DChg,107.76666666669189,-1.6998,3.6916
37,CC DChg,107.86666666669771,-1.6998,3.6916
37,CC DChg,107.96666666667443,-1.6998,3.6915
37,CC DChg,108.06666666668025,-1.6998,3.6915
37,CC DChg,108.16666666668607,-1.6998,3.6915
37,CC DChg,108.26666666669189,-1.6998,3.6915
37,CC DChg,108.36666666669771,-1.6998,3.6915
37,CC DChg,108.46666666667443,-1.6998,3.6915
37,CC DChg,108.56666666668025,-1.6998,3.6914
37,CC DChg,108.66666666668607,-1.6998,3.6914
37,CC DChg,108.76666666669189,-1.6998,3.6914
37,CC DChg,108.86666666669771,-1.6998,3.6914
37,CC DChg,108.96666666667443,-1.6998,3.6913
37,CC DChg,109.06666666668025,-1.6998,3.6913
37,CC DChg,109.16666666668607,-1.6998,3.6913
37,CC DChg,109.26666666669189,-1.6998,3.6913
37,CC DChg,109.36666666669771,-1.6998,3.6913
37,CC DChg,109.46666666667443,-1.6998,3.6913
37,CC DChg,109.56666666668025,-1.6998,3.6912
37,CC DChg,109.66666666668607,-1.6998,3.6912
37,CC DChg,109.76666666669189,-1.6998,3.6912
37,CC DChg,109.86666666669771,-1.6998,3.6911
37,CC DChg,109.96666666667443,-1.6998,3.6911
37,CC DChg,110.06666666668025,-1.6998,3.6911
37,CC DChg,110.16666666668607,-1.6998,3.6911
37,CC DChg,110.26666666669189,-1.6998,3.6911
37,CC DChg,110.36666666669771,-1.6998,3.6911
37,CC DChg,110.46666666667443,-1.6998,3.6911
37,CC DChg,110.56666666668025,-1.6998,3.691
37,CC DChg,110.66666666668607,-1.6998,3.691
37,CC DChg,110.76666666669189,-1.6998,3.691
37,CC DChg,110.86666666669771,-1.6998,3.691
37,CC DChg,110.96666666667443,-1.6998,3.6909
37,CC DChg,111.06666666668025,-1.6998,3.6909
37,CC DChg,111.16666666668607,-1.6998,3.6909
37,CC DChg,111.26666666669189,-1.6998,3.6909
37,CC DChg,111.36666666669771,-1.6998,3.6909
37,CC DChg,111.46666666667443,-1.6998,3.6908
37,CC DChg,111.56666666668025,-1.6998,3.6908
37,CC DChg,111.66666666668607,-1.6998,3.6908
37,CC DChg,111.76666666669189,-1.6998,3.6908
37,CC DChg,111.86666666669771,-1.6998,3.6908
37,CC DChg,111.96666666667443,-1.6998,3.6907
37,CC DChg,112.06666666668025,-1.6998,3.6907
37,CC DChg,112.16666666668607,-1.6998,3.6907
37,CC DChg,112.26666666669189,-1.6998,3.6907
37,CC DChg,112.36666666669771,-1.6998,3.6906
37,CC DChg,112.46666666667443,-1.6998,3.6906
37,CC DChg,112.56666666668025,-1.6998,3.6906
37,CC DChg,112.66666666668607,-1.6998,3.6906
37,CC DChg,112.76666666669189,-1.6998,3.6906
37,CC DChg,112.86666666669771,-1.6998,3.6906
37,CC DChg,112.96666666667443,-1.6998,3.6905
37,CC DChg,113.06666666668025,-1.6998,3.6905
37,CC DChg,113.16666666668607,-1.6998,3.6905
37,CC DChg,113.26666666669189,-1.6998,3.6904
37,CC DChg,113.36666666669771,-1.6998,3.6904
37,CC DChg,113.46666666667443,-1.6998,3.6904
37,CC DChg,113.56666666668025,-1.6998,3.6904
37,CC DChg,113.66666666668607,-1.6998,3.6904
37,CC DChg,113.76666666669189,-1.6998,3.6904
37,CC DChg,113.86666666669771,-1.6998,3.6903
37,CC DChg,113.96666666667443,-1.6998,3.6903
37,CC DChg,114.06666666668025,-1.6998,3.6903
37,CC DChg,114.16666666668607,-1.6998,3.6903
37,CC DChg,114.26666666669189,-1.6998,3.6903
37,CC DChg,114.36666666669771,-1.6998,3.6902
37,CC DChg,114.46666666667443,-1.6998,3.6902
37,CC DChg,114.56666666668025,-1.6998,3.6902
37,CC DChg,114.66666666668607,-1.6998,3.6902
37,CC DChg,114.76666666669189,-1.6998,3.6902
37,CC DChg,114.86666666669771,-1.6998,3.6901
37,CC DChg,114.96666666667443,-1.6998,3.6901
37,CC DChg,115.06666666668025,-1.6998,3.6901
37,CC DChg,115.16666666668607,-1.6998,3.69
37,CC DChg,115.26666666669189,-1.6998,3.69
37,CC DChg,115.36666666669771,-1.6998,3.69
37,CC DChg,115.46666666667443,-1.6998,3.69
37,CC DChg,115.56666666668025,-1.6998,3.69
37,CC DChg,115.66666666668607,-1.6998,3.69
37,CC DChg,115.76666666669189,-1.6998,3.6899
37,CC DChg,115.86666666669771,-1.6998,3.6899
37,CC DChg,115.96666666667443,-1.6998,3.6899
37,CC DChg,116.06666666668025,-1.6998,3.6899
37,CC DChg,116.16666666668607,-1.6998,3.6899
37,CC DChg,116.26666666669189,-1.6998,3.6899
37,CC DChg,116.36666666669771,-1.6998,3.6898
37,CC DChg,116.46666666667443,-1.6998,3.6898
37,CC DChg,116.56666666668025,-1.6998,3.6898
37,CC DChg,116.66666666668607,-1.6998,3.6898
37,CC DChg,116.76666666669189,-1.6998,3.6898
37,CC DChg,116.86666666669771,-1.6998,3.6897
37,CC DChg,116.96666666667443,-1.6998,3.6897
37,CC DChg,117.06666666668025,-1.6998,3.6897
37,CC DChg,117.16666666668607,-1.6998,3.6896
37,CC DChg,117.26666666669189,-1.6998,3.6896
37,CC DChg,117.36666666669771,-1.6998,3.6896
37,CC DChg,117.46666666667443,-1.6998,3.6896
37,CC DChg,117.56666666668025,-1.6998,3.6896
37,CC DChg,117.66666666668607,-1.6998,3.6896
37,CC DChg,117.76666666669189,-1.6998,3.6895
37,CC DChg,117.86666666669771,-1.6998,3.6895
37,CC DChg,117.96666666667443,-1.6998,3.6895
37,CC DChg,118.06666666668025,-1.6998,3.6895
37,CC DChg,118.16666666668607,-1.6998,3.6894
37,CC DChg,118.26666666669189,-1.6998,3.6894
37,CC DChg,118.36666666669771,-1.6998,3.6894
37,CC DChg,118.46666666667443,-1.6998,3.6894
37,CC DChg,118.56666666668025,-1.6998,3.6894
37,CC DChg,118.66666666668607,-1.6998,3.6894
37,CC DChg,118.76666666669189,-1.6998,3.6893
37,CC DChg,118.86666666669771,-1.6998,3.6893
37,CC DChg,118.96666666667443,-1.6998,3.6893
37,CC DChg,119.06666666668025,-1.6998,3.6893
37,CC DChg,119.16666666668607,-1.6998,3.6893
37,CC DChg,119.26666666669189,-1.6998,3.6892
37,CC DChg,119.36666666669771,-1.6998,3.6892
37,CC DChg,119.46666666667443,-1.6998,3.6892
37,CC DChg,119.56666666668025,-1.6998,3.6892
37,CC DChg,119.66666666668607,-1.6998,3.6892
37,CC DChg,119.76666666669189,-1.6998,3.6891
37,CC DChg,119.86666666669771,-1.6998,3.6891
37,CC DChg,119.96666666667443,-1.6998,3.6891
37,CC DChg,120.06666666668025,-1.6998,3.6891
37,CC DChg,120.16666666668607,-1.6998,3.6891
37,CC DChg,120.26666666669189,-1.6998,3.689
37,CC DChg,120.36666666669771,-1.6998,3.689
37,CC DChg,120.46666666667443,-1.6998,3.689
37,CC DChg,120.56666666668025,-1.6998,3.6889
37,CC DChg,120.66666666668607,-1.6998,3.6889
37,CC DChg,120.76666666669189,-1.6998,3.6889
37,CC DChg,120.86666666669771,-1.6998,3.6889
37,CC DChg,120.96666666667443,-1.6998,3.6889
37,CC DChg,121.06666666668025,-1.6998,3.6889
37,CC DChg,121.16666666668607,-1.6998,3.6888
37,CC DChg,121.26666666669189,-1.6998,3.6888
37,CC DChg,121.36666666669771,-1.6998,3.6888
37,CC DChg,121.46666666667443,-1.6998,3.6887
37,CC DChg,121.56666666668025,-1.6998,3.6887
37,CC DChg,121.66666666668607,-1.6998,3.6887
37,CC DChg,121.76666666669189,-1.6998,3.6887
37,CC DChg,121.86666666669771,-1.6998,3.6886
37,CC DChg,121.96666666667443,-1.6998,3.6886
37,CC DChg,122.06666666668025,-1.6998,3.6886
37,CC DChg,122.16666666668607,-1.6998,3.6886
37,CC DChg,122.26666666669189,-1.6998,3.6886
37,CC DChg,122.36666666669771,-1.6998,3.6886
37,CC DChg,122.46666666667443,-1.6998,3.6885
37,CC DChg,122.56666666668025,-1.6998,3.6886
37,CC DChg,122.66666666668607,-1.6998,3.6885
37,CC DChg,122.76666666669189,-1.6998,3.6885
37,CC DChg,122.86666666669771,-1.6998,3.6885
37,CC DChg,122.96666666667443,-1.6998,3.6884
37,CC DChg,123.06666666668025,-1.6998,3.6884
37,CC DChg,123.16666666668607,-1.6998,3.6884
37,CC DChg,123.26666666669189,-1.6998,3.6884
37,CC DChg,123.36666666669771,-1.6998,3.6884
37,CC DChg,123.46666666667443,-1.6998,3.6883
37,CC DChg,123.56666666668025,-1.6998,3.6883
37,CC DChg,123.66666666668607,-1.6998,3.6883
37,CC DChg,123.76666666669189,-1.6998,3.6883
37,CC DChg,123.86666666669771,-1.6998,3.6883
37,CC DChg,123.96666666667443,-1.6998,3.6883
37,CC DChg,124.06666666668025,-1.6998,3.6882
37,CC DChg,124.16666666668607,-1.6998,3.6882
37,CC DChg,124.26666666669189,-1.6998,3.6882
37,CC DChg,124.36666666669771,-1.6998,3.6882
37,CC DChg,124.46666666667443,-1.6998,3.6881
37,CC DChg,124.56666666668025,-1.6998,3.6881
37,CC DChg,124.66666666668607,-1.6998,3.6881
37,CC DChg,124.76666666669189,-1.6998,3.6881
37,CC DChg,124.86666666669771,-1.6998,3.6881
37,CC DChg,124.96666666667443,-1.6998,3.688
37,CC DChg,125.06666666668025,-1.6998,3.688
37,CC DChg,125.16666666668607,-1.6998,3.688
37,CC DChg,125.26666666669189,-1.6998,3.688
37,CC DChg,125.36666666669771,-1.6998,3.688
37,CC DChg,125.46666666667443,-1.6998,3.688
37,CC DChg,125.56666666668025,-1.6998,3.6879
37,CC DChg,125.66666666668607,-1.6998,3.6879
37,CC DChg,125.76666666669189,-1.6998,3.6879
37,CC DChg,125.86666666669771,-1.6998,3.6879
37,CC DChg,125.96666666667443,-1.6998,3.6878
37,CC DChg,126.06666666668025,-1.6999,3.6878
37,CC DChg,126.16666666668607,-1.6999,3.6878
37,CC DChg,126.26666666669189,-1.6999,3.6878
37,CC DChg,126.36666666669771,-1.6999,3.6878
37,CC DChg,126.46666666667443,-1.6999,3.6878
37,CC DChg,126.56666666668025,-1.6999,3.6877
37,CC DChg,126.66666666668607,-1.6999,3.6877
37,CC DChg,126.76666666669189,-1.6999,3.6877
37,CC DChg,126.86666666669771,-1.6999,3.6877
37,CC DChg,126.96666666667443,-1.6999,3.6877
37,CC DChg,127.06666666668025,-1.6999,3.6877
37,CC DChg,127.16666666668607,-1.6999,3.6877
37,CC DChg,127.26666666669189,-1.6999,3.6876
37,CC DChg,127.36666666669771,-1.6999,3.6876
37,CC DChg,127.46666666667443,-1.6999,3.6876
37,CC DChg,127.56666666668025,-1.6999,3.6875
37,CC DChg,127.66666666668607,-1.6999,3.6875
37,CC DChg,127.76666666669189,-1.6999,3.6875
37,CC DChg,127.86666666669771,-1.6999,3.6875
37,CC DChg,127.96666666667443,-1.6999,3.6875
37,CC DChg,128.06666666668025,-1.6999,3.6875
37,CC DChg,128.16666666668607,-1.6999,3.6874
37,CC DChg,128.2666666666919,-1.6999,3.6874
37,CC DChg,128.3666666666977,-1.6999,3.6874
37,CC DChg,128.46666666667443,-1.6999,3.6874
37,CC DChg,128.56666666668025,-1.6999,3.6873
37,CC DChg,128.66666666668607,-1.6999,3.6873
37,CC DChg,128.7666666666919,-1.6999,3.6873
37,CC DChg,128.8666666666977,-1.6999,3.6873
37,CC DChg,128.96666666667443,-1.6999,3.6873
37,CC DChg,129.06666666668025,-1.6999,3.6873
37,CC DChg,129.16666666668607,-1.6999,3.6872
37,CC DChg,129.2666666666919,-1.6999,3.6872
37,CC DChg,129.3666666666977,-1.6999,3.6872
37,CC DChg,129.46666666667443,-1.6999,3.6872
37,CC DChg,129.56666666668025,-1.6999,3.6872
37,CC DChg,129.66666666668607,-1.6999,3.6871
37,CC DChg,129.7666666666919,-1.6999,3.6871
37,CC DChg,129.8666666666977,-1.6999,3.6871
37,CC DChg,129.96666666667443,-1.6999,3.6871
37,CC DChg,130.06666666668025,-1.6999,3.687
37,CC DChg,130.16666666668607,-1.6999,3.687
37,CC DChg,130.2666666666919,-1.6999,3.687
37,CC DChg,130.3666666666977,-1.6999,3.687
37,CC DChg,130.46666666667443,-1.6999,3.687
37,CC DChg,130.56666666668025,-1.6999,3.6869
37,CC DChg,130.66666666668607,-1.6999,3.6869
37,CC DChg,130.7666666666919,-1.6999,3.6869
37,CC DChg,130.8666666666977,-1.6999,3.6869
37,CC DChg,130.96666666667443,-1.6999,3.6869
37,CC DChg,131.06666666668025,-1.6999,3.6869
37,CC DChg,131.16666666668607,-1.6999,3.6868
37,CC DChg,131.2666666666919,-1.6999,3.6868
37,CC DChg,131.3666666666977,-1.6999,3.6868
37,CC DChg,131.46666666667443,-1.6999,3.6868
37,CC DChg,131.56666666668025,-1.6999,3.6867
37,CC DChg,131.66666666668607,-1.6999,3.6867
37,CC DChg,131.7666666666919,-1.6999,3.6867
37,CC DChg,131.8666666666977,-1.6999,3.6866
37,CC DChg,131.96666666667443,-1.6999,3.6867
37,CC DChg,132.06666666668025,-1.6999,3.6867
37,CC DChg,132.16666666668607,-1.6999,3.6867
37,CC DChg,132.2666666666919,-1.6999,3.6866
37,CC DChg,132.3666666666977,-1.6999,3.6866
37,CC DChg,132.46666666667443,-1.6999,3.6866
37,CC DChg,132.56666666668025,-1.6999,3.6866
37,CC DChg,132.66666666668607,-1.6999,3.6865
37,CC DChg,132.7666666666919,-1.6999,3.6865
37,CC DChg,132.8666666666977,-1.6999,3.6865
37,CC DChg,132.96666666667443,-1.6999,3.6865
37,CC DChg,133.06666666668025,-1.6999,3.6865
37,CC DChg,133.16666666668607,-1.6999,3.6864
37,CC DChg,133.2666666666919,-1.6999,3.6864
37,CC DChg,133.3666666666977,-1.6999,3.6864
37,CC DChg,133.46666666667443,-1.6999,3.6864
37,CC DChg,133.56666666668025,-1.6999,3.6864
37,CC DChg,133.66666666668607,-1.6999,3.6864
37,CC DChg,133.7666666666919,-1.6998,3.6863
37,CC DChg,133.8666666666977,-1.6998,3.6863
37,CC DChg,133.96666666667443,-1.6998,3.6863
37,CC DChg,134.06666666668025,-1.6998,3.6862
37,CC DChg,134.16666666668607,-1.6998,3.6862
37,CC DChg,134.2666666666919,-1.6998,3.6862
37,CC DChg,134.3666666666977,-1.6998,3.6862
37,CC DChg,134.46666666667443,-1.6998,3.6861
37,CC DChg,134.56666666668025,-1.6998,3.6861
37,CC DChg,134.66666666668607,-1.6998,3.6861
37,CC DChg,134.7666666666919,-1.6998,3.6861
37,CC DChg,134.8666666666977,-1.6998,3.6861
37,CC DChg,134.96666666667443,-1.6998,3.6861
37,CC DChg,135.06666666668025,-1.6998,3.6861
37,CC DChg,135.16666666668607,-1.6998,3.686
37,CC DChg,135.2666666666919,-1.6998,3.686
37,CC DChg,135.3666666666977,-1.6998,3.686
37,CC DChg,135.46666666667443,-1.6998,3.686
37,CC DChg,135.56666666668025,-1.6998,3.686
37,CC DChg,135.66666666668607,-1.6998,3.686
37,CC DChg,135.7666666666919,-1.6998,3.6859
37,CC DChg,135.8666666666977,-1.6998,3.6859
37,CC DChg,135.96666666667443,-1.6998,3.6859
37,CC DChg,136.06666666668025,-1.6998,3.6859
37,CC DChg,136.16666666668607,-1.6998,3.6858
37,CC DChg,136.2666666666919,-1.6998,3.6858
37,CC DChg,136.3666666666977,-1.6998,3.6858
37,CC DChg,136.46666666667443,-1.6998,3.6858
37,CC DChg,136.56666666668025,-1.6998,3.6858
37,CC DChg,136.66666666668607,-1.6998,3.6857
37,CC DChg,136.7666666666919,-1.6998,3.6858
37,CC DChg,136.8666666666977,-1.6998,3.6858
37,CC DChg,136.96666666667443,-1.6998,3.6857
37,CC DChg,137.06666666668025,-1.6998,3.6857
37,CC DChg,137.16666666668607,-1.6998,3.6856
37,CC DChg,137.2666666666919,-1.6998,3.6856
37,CC DChg,137.3666666666977,-1.6998,3.6856
37,CC DChg,137.46666666667443,-1.6998,3.6856
37,CC DChg,137.56666666668025,-1.6998,3.6856
37,CC DChg,137.66666666668607,-1.6998,3.6856
37,CC DChg,137.7666666666919,-1.6998,3.6856
37,CC DChg,137.8666666666977,-1.6998,3.6855
37,CC DChg,137.96666666667443,-1.6998,3.6855
37,CC DChg,138.06666666668025,-1.6998,3.6855
37,CC DChg,138.16666666668607,-1.6998,3.6854
37,CC DChg,138.2666666666919,-1.6998,3.6854
37,CC DChg,138.3666666666977,-1.6998,3.6854
37,CC DChg,138.46666666667443,-1.6998,3.6854
37,CC DChg,138.56666666668025,-1.6998,3.6854
37,CC DChg,138.66666666668607,-1.6998,3.6854
37,CC DChg,138.7666666666919,-1.6998,3.6854
37,CC DChg,138.8666666666977,-1.6998,3.6853
37,CC DChg,138.96666666667443,-1.6998,3.6853
37,CC DChg,139.06666666668025,-1.6998,3.6853
37,CC DChg,139.16666666668607,-1.6998,3.6853
37,CC DChg,139.2666666666919,-1.6998,3.6852
37,CC DChg,139.3666666666977,-1.6998,3.6852
37,CC DChg,139.46666666667443,-1.6998,3.6852
37,CC DChg,139.56666666668025,-1.6998,3.6852
37,CC DChg,139.66666666668607,-1.6998,3.6852
37,CC DChg,139.7666666666919,-1.6998,3.6852
37,CC DChg,139.8666666666977,-1.6998,3.6851
37,CC DChg,139.96666666667443,-1.6998,3.6851
37,CC DChg,140.06666666668025,-1.6998,3.6851
37,CC DChg,140.16666666668607,-1.6998,3.6851
37,CC DChg,140.2666666666919,-1.6998,3.6851
37,CC DChg,140.3666666666977,-1.6998,3.685
37,CC DChg,140.46666666667443,-1.6998,3.685
37,CC DChg,140.56666666668025,-1.6998,3.685
37,CC DChg,140.66666666668607,-1.6998,3.685
37,CC DChg,140.7666666666919,-1.6998,3.6849
37,CC DChg,140.8666666666977,-1.6998,3.6849
37,CC DChg,140.96666666667443,-1.6998,3.6849
37,CC DChg,141.06666666668025,-1.6998,3.6849
37,CC DChg,141.16666666668607,-1.6998,3.6849
37,CC DChg,141.2666666666919,-1.6998,3.6849
37,CC DChg,141.3666666666977,-1.6998,3.6849
37,CC DChg,141.46666666667443,-1.6998,3.6849
37,CC DChg,141.56666666668025,-1.6998,3.6848
37,CC DChg,141.66666666668607,-1.6998,3.6848
37,CC DChg,141.7666666666919,-1.6998,3.6848
37,CC DChg,141.8666666666977,-1.6998,3.6847
37,CC DChg,141.96666666667443,-1.6998,3.6847
37,CC DChg,142.06666666668025,-1.6998,3.6847
37,CC DChg,142.16666666668607,-1.6998,3.6847
37,CC DChg,142.2666666666919,-1.6998,3.6846
37,CC DChg,142.3666666666977,-1.6998,3.6846
37,CC DChg,142.46666666667443,-1.6998,3.6846
37,CC DChg,142.56666666668025,-1.6998,3.6846
37,CC DChg,142.66666666668607,-1.6998,3.6846
37,CC DChg,142.7666666666919,-1.6998,3.6846
37,CC DChg,142.8666666666977,-1.6998,3.6845
37,CC DChg,142.96666666667443,-1.6998,3.6845
37,CC DChg,143.06666666668025,-1.6998,3.6845
37,CC DChg,143.16666666668607,-1.6998,3.6845
37,CC DChg,143.2666666666919,-1.6998,3.6845
37,CC DChg,143.3666666666977,-1.6998,3.6845
37,CC DChg,143.46666666667443,-1.6998,3.6845
37,CC DChg,143.56666666668025,-1.6998,3.6844
37,CC DChg,143.66666666668607,-1.6998,3.6844
37,CC DChg,143.7666666666919,-1.6998,3.6844
37,CC DChg,143.8666666666977,-1.6998,3.6844
37,CC DChg,143.96666666667443,-1.6998,3.6844
37,CC DChg,144.06666666668025,-1.6998,3.6844
37,CC DChg,144.16666666668607,-1.6998,3.6843
37,CC DChg,144.2666666666919,-1.6998,3.6843
37,CC DChg,144.3666666666977,-1.6998,3.6843
37,CC DChg,144.46666666667443,-1.6998,3.6842
37,CC DChg,144.56666666668025,-1.6998,3.6842
37,CC DChg,144.66666666668607,-1.6998,3.6842
37,CC DChg,144.7666666666919,-1.6998,3.6842
37,CC DChg,144.8666666666977,-1.6998,3.6842
37,CC DChg,144.96666666667443,-1.6998,3.6842
37,CC DChg,145.06666666668025,-1.6998,3.6842
37,CC DChg,145.16666666668607,-1.6998,3.6841
37,CC DChg,145.2666666666919,-1.6998,3.6841
37,CC DChg,145.3666666666977,-1.6998,3.6841
37,CC DChg,145.46666666667443,-1.6998,3.684
37,CC DChg,145.56666666668025,-1.6998,3.684
37,CC DChg,145.66666666668607,-1.6998,3.684
37,CC DChg,145.7666666666919,-1.6998,3.684
37,CC DChg,145.8666666666977,-1.6998,3.684
37,CC DChg,145.96666666667443,-1.6998,3.6839
37,CC DChg,146.06666666668025,-1.6998,3.6839
37,CC DChg,146.16666666668607,-1.6998,3.6839
37,CC DChg,146.2666666666919,-1.6998,3.6839
37,CC DChg,146.3666666666977,-1.6998,3.6839
37,CC DChg,146.46666666667443,-1.6998,3.6839
37,CC DChg,146.56666666668025,-1.6998,3.6839
37,CC DChg,146.65833333335468,-1.6998,3.6838
37,CC DChg,146.75,-1.6998,3.6838
37,CC DChg,146.84166666667443,-1.6998,3.6838
37,CC DChg,146.93333333331975,-1.6998,3.6838
37,CC DChg,147.02499999999418,-1.6998,3.6837
37,CC DChg,147.1166666666977,-1.6998,3.6837
37,CC DChg,147.20833333331393,-1.6998,3.6837
37,CC DChg,147.30000000001746,-1.6998,3.6837
37,CC DChg,147.3916666666919,-1.6998,3.6837
37,CC DChg,147.4833333333372,-1.6998,3.6837
38,Rest,147.57500000001164,0.0,3.7429
38,Rest,147.67424242428388,0.0,3.7429
38,Rest,147.7734848484979,0.0,3.743
38,Rest,147.87272727271193,0.0,3.7435
38,Rest,147.97196969698416,0.0,3.744
38,Rest,148.0712121211982,0.0,3.7444
38,Rest,148.17045454549952,0.0,3.7447
38,Rest,148.26969696971355,0.0,3.7451
38,Rest,148.36893939395668,0.0,3.7454
38,Rest,148.4681818181998,0.0,3.7456
38,Rest,148.56742424244294,0.0,3.7459
38,Rest,148.66735537193017,0.0,3.7461
38,Rest,148.7672865013883,0.0,3.7464
38,Rest,148.86721763087553,0.0,3.7466
38,Rest,148.96714876036276,0.0,3.7468
38,Rest,149.06707988985,0.0,3.747
38,Rest,149.16701101933722,0.0,3.7472
38,Rest,149.26694214876625,0.0,3.7474
38,Rest,149.36687327828258,0.0,3.7475
38,Rest,149.4668044077116,0.0,3.7477
38,Rest,149.56673553719884,0.0,3.7479
38,Rest,149.66672927627224,0.0,3.748
38,Rest,149.76672301528743,0.0,3.7482
38,Rest,149.86671675433172,0.0,3.7483
38,Rest,149.966710493376,0.0,3.7484
38,Rest,150.0667042324203,0.0,3.7486
38,Rest,150.1666979714937,0.0,3.7487
38,Rest,150.266691710538,0.0,3.7489
38,Rest,150.3666854495532,0.0,3.749
38,Rest,150.46667918859748,0.0,3.7491
38,Rest,150.56667292764178,0.0,3.7493
38,Rest,150.66667235843488,0.0,3.7493
38,Rest,150.7666717892862,0.0,3.7494
38,Rest,150.8666712201375,0.0,3.7495
38,Rest,150.9666706509306,0.0,3.7497
38,Rest,151.06667008175282,0.0,3.7497
38,Rest,151.16666951257503,0.0,3.7499
38,Rest,151.26666894339724,0.0,3.75
38,Rest,151.36666837424855,0.0,3.75
38,Rest,151.46666780509986,0.0,3.7502
38,Rest,151.56666723589296,0.0,3.7503
38,Rest,151.66666718412307,0.0,3.7504
38,Rest,151.76666713238228,0.0,3.7505
38,Rest,151.8666670806997,0.0,3.7506
38,Rest,151.9666670288716,0.0,3.7507
38,Rest,152.0666669771599,0.0,3.7508
38,Rest,152.16666692539002,0.0,3.7509
38,Rest,152.26666687364923,0.0,3.7509
38,Rest,152.36666682187933,0.0,3.7511
38,Rest,152.46666677016765,0.0,3.7512
38,Rest,152.56666671839776,0.0,3.7513
38,Rest,152.66666671371786,0.0,3.7514
38,Rest,152.76666670900886,0.0,3.7514
38,Rest,152.86666670432896,0.0,3.7515
38,Rest,152.96666669961996,0.0,3.7516
38,Rest,153.06666669494007,0.0,3.7517
38,Rest,153.16666669020196,0.0,3.7517
38,Rest,153.26666668549296,0.0,3.7518
38,Rest,153.36666668078396,0.0,3.7519
38,Rest,153.46666667613317,0.0,3.752
38,Rest,153.56666667139507,0.0,3.7521
38,Rest,153.66666667096433,0.0,3.7522
38,Rest,153.7666666705336,0.0,3.7522
38,Rest,153.86666667013196,0.0,3.7523
38,Rest,153.96666666967212,0.0,3.7524
38,Rest,154.06666666924139,0.0,3.7524
38,Rest,154.16666666881065,0.0,3.7525
38,Rest,154.2666666683799,0.0,3.7526
38,Rest,154.36666666797828,0.0,3.7527
38,Rest,154.46666666757665,0.0,3.7527
38,Rest,154.5666666671168,0.0,3.7528
38,Rest,154.66666666709352,0.0,3.7529
38,Rest,154.76666666709934,0.0,3.753
38,Rest,154.86666666698875,0.0,3.753
38,Rest,154.96666666696547,0.0,3.7531
38,Rest,155.06666666691308,0.0,3.7532
38,Rest,155.1666666668898,0.0,3.7532
38,Rest,155.2666666668083,0.0,3.7533
38,Rest,155.36666666681413,0.0,3.7534
38,Rest,155.46666666676174,0.0,3.7534
38,Rest,155.56666666673846,0.0,3.7535
38,Rest,155.66666666677338,0.0,3.7536
38,Rest,155.766666666721,0.0,3.7536
38,Rest,155.86666666672681,0.0,3.7537
38,Rest,155.96666666673264,0.0,3.7537
38,Rest,156.06666666668025,0.0,3.7538
38,Rest,156.16666666671517,0.0,3.7539
38,Rest,156.2666666666919,0.0,3.7539
38,Rest,156.3666666666977,0.0,3.754
38,Rest,156.46666666667443,0.0,3.7541
38,Rest,156.56666666668025,0.0,3.7542
38,Rest,156.66666666668607,0.0,3.7542
38,Rest,156.7666666666919,0.0,3.7543
38,Rest,156.8666666666977,0.0,3.7543
38,Rest,156.96666666667443,0.0,3.7544
38,Rest,157.06666666668025,0.0,3.7544
38,Rest,157.16666666668607,0.0,3.7545
38,Rest,157.2666666666919,0.0,3.7545
38,Rest,157.3666666666977,0.0,3.7546
38,Rest,157.46666666667443,0.0,3.7547
38,Rest,157.56666666668025,0.0,3.7547
38,Rest,157.66666666668607,0.0,3.7548
38,Rest,157.7666666666919,0.0,3.7548
38,Rest,157.8666666666977,0.0,3.7549
38,Rest,157.96666666667443,0.0,3.7549
38,Rest,158.06666666668025,0.0,3.755
38,Rest,158.16666666668607,0.0,3.7551
38,Rest,158.2666666666919,0.0,3.7551
38,Rest,158.3666666666977,0.0,3.7552
38,Rest,158.46666666667443,0.0,3.7553
38,Rest,158.56666666668025,0.0,3.7553
38,Rest,158.66666666668607,0.0,3.7554
38,Rest,158.7666666666919,0.0,3.7555
38,Rest,158.8666666666977,0.0,3.7555
38,Rest,158.96666666667443,0.0,3.7555
38,Rest,159.06666666668025,0.0,3.7556
38,Rest,159.16666666668607,0.0,3.7556
38,Rest,159.2666666666919,0.0,3.7556
38,Rest,159.3666666666977,0.0,3.7558
38,Rest,159.46666666667443,0.0,3.7558
38,Rest,159.56666666668025,0.0,3.7558
38,Rest,159.66666666668607,0.0,3.7559
38,Rest,159.7666666666919,0.0,3.7559
38,Rest,159.8666666666977,0.0,3.756
38,Rest,159.96666666667443,0.0,3.756
38,Rest,160.06666666668025,0.0,3.7561
38,Rest,160.16666666668607,0.0,3.7562
38,Rest,160.2666666666919,0.0,3.7562
38,Rest,160.3666666666977,0.0,3.7562
38,Rest,160.46666666667443,0.0,3.7563
38,Rest,160.56666666668025,0.0,3.7564
38,Rest,160.66666666668607,0.0,3.7564
38,Rest,160.7666666666919,0.0,3.7565
38,Rest,160.8666666666977,0.0,3.7565
38,Rest,160.96666666667443,0.0,3.7565
38,Rest,161.06666666668025,0.0,3.7565
38,Rest,161.16666666668607,0.0,3.7566
38,Rest,161.2666666666919,0.0,3.7567
38,Rest,161.3666666666977,0.0,3.7567
38,Rest,161.46666666667443,0.0,3.7568
38,Rest,161.56666666668025,0.0,3.7568
38,Rest,161.66666666668607,0.0,3.7569
38,Rest,161.7666666666919,0.0,3.7569
38,Rest,161.8666666666977,0.0,3.757
38,Rest,161.96666666667443,0.0,3.757
38,Rest,162.06666666668025,0.0,3.7571
38,Rest,162.16666666668607,0.0,3.7571
38,Rest,162.2666666666919,0.0,3.7571
38,Rest,162.3666666666977,0.0,3.7572
38,Rest,162.46666666667443,0.0,3.7572
38,Rest,162.56666666668025,0.0,3.7572
38,Rest,162.66666666668607,0.0,3.7573
38,Rest,162.7666666666919,0.0,3.7573
38,Rest,162.8666666666977,0.0,3.7574
38,Rest,162.96666666667443,0.0,3.7574
38,Rest,163.06666666668025,0.0,3.7575
38,Rest,163.16666666668607,0.0,3.7575
38,Rest,163.2666666666919,0.0,3.7575
38,Rest,163.3666666666977,0.0,3.7576
38,Rest,163.46666666667443,0.0,3.7576
38,Rest,163.56666666668025,0.0,3.7577
38,Rest,163.66666666668607,0.0,3.7577
38,Rest,163.7666666666919,0.0,3.7578
38,Rest,163.8666666666977,0.0,3.7578
38,Rest,163.96666666667443,0.0,3.7578
38,Rest,164.06666666668025,0.0,3.7579
38,Rest,164.16666666668607,0.0,3.7579
38,Rest,164.2666666666919,0.0,3.758
38,Rest,164.3666666666977,0.0,3.758
38,Rest,164.46666666667443,0.0,3.7581
38,Rest,164.56666666668025,0.0,3.7581
38,Rest,164.66666666668607,0.0,3.7581
38,Rest,164.7666666666919,0.0,3.7581
38,Rest,164.8666666666977,0.0,3.7583
38,Rest,164.96666666667443,0.0,3.7583
38,Rest,165.06666666668025,0.0,3.7583
38,Rest,165.16666666668607,0.0,3.7583
38,Rest,165.2666666666919,0.0,3.7584
38,Rest,165.3666666666977,0.0,3.7585
38,Rest,165.46666666667443,0.0,3.7585
38,Rest,165.56666666668025,0.0,3.7585
38,Rest,165.66666666668607,0.0,3.7585
38,Rest,165.7666666666919,0.0,3.7586
38,Rest,165.8666666666977,0.0,3.7586
38,Rest,165.96666666667443,0.0,3.7587
38,Rest,166.06666666668025,0.0,3.7587
38,Rest,166.16666666668607,0.0,3.7588
38,Rest,166.2666666666919,0.0,3.7588
38,Rest,166.3666666666977,0.0,3.7588
38,Rest,166.46666666667443,0.0,3.7589
38,Rest,166.56666666668025,0.0,3.7589
38,Rest,166.66666666668607,0.0,3.7589
38,Rest,166.7666666666919,0.0,3.7589
38,Rest,166.8666666666977,0.0,3.759
38,Rest,166.96666666667443,0.0,3.7591
38,Rest,167.06666666668025,0.0,3.7591
38,Rest,167.16666666668607,0.0,3.7591
38,Rest,167.2666666666919,0.0,3.7592
38,Rest,167.3666666666977,0.0,3.7592
38,Rest,167.46666666667443,0.0,3.7592
38,Rest,167.56666666668025,0.0,3.7593
38,Rest,167.66666666668607,0.0,3.7593
38,Rest,167.7666666666919,0.0,3.7593
38,Rest,167.8666666666977,0.0,3.7594
38,Rest,167.96666666667443,0.0,3.7594
38,Rest,168.06666666668025,0.0,3.7595
38,Rest,168.16666666668607,0.0,3.7595
38,Rest,168.2666666666919,0.0,3.7595
38,Rest,168.3666666666977,0.0,3.7595
38,Rest,168.46666666667443,0.0,3.7596
38,Rest,168.56666666668025,0.0,3.7596
38,Rest,168.66666666668607,0.0,3.7597
38,Rest,168.7666666666919,0.0,3.7597
38,Rest,168.8666666666977,0.0,3.7598
38,Rest,168.96666666667443,0.0,3.7598
38,Rest,169.06666666668025,0.0,3.7598
38,Rest,169.16666666668607,0.0,3.7598
38,Rest,169.2666666666919,0.0,3.7598
38,Rest,169.3666666666977,0.0,3.7599
38,Rest,169.46666666667443,0.0,3.76
38,Rest,169.56666666668025,0.0,3.76
38,Rest,169.66666666668607,0.0,3.76
38,Rest,169.7666666666919,0.0,3.76
38,Rest,169.8666666666977,0.0,3.7601
38,Rest,169.96666666667443,0.0,3.7601
38,Rest,170.06666666668025,0.0,3.7601
38,Rest,170.16666666668607,0.0,3.7602
38,Rest,170.2666666666919,0.0,3.7602
38,Rest,170.3666666666977,0.0,3.7602
38,Rest,170.46666666667443,0.0,3.7603
38,Rest,170.56666666668025,0.0,3.7603
38,Rest,170.66666666668607,0.0,3.7603
38,Rest,170.7666666666919,0.0,3.7604
38,Rest,170.8666666666977,0.0,3.7604
38,Rest,170.96666666667443,0.0,3.7605
38,Rest,171.06666666668025,0.0,3.7605
38,Rest,171.16666666668607,0.0,3.7605
38,Rest,171.2666666666919,0.0,3.7605
38,Rest,171.3666666666977,0.0,3.7606
38,Rest,171.46666666667443,0.0,3.7606
38,Rest,171.56666666668025,0.0,3.7606
38,Rest,171.66666666668607,0.0,3.7606
38,Rest,171.7666666666919,0.0,3.7607
38,Rest,171.8666666666977,0.0,3.7607
38,Rest,171.96666666667443,0.0,3.7607
38,Rest,172.06666666668025,0.0,3.7607
38,Rest,172.16666666668607,0.0,3.7608
38,Rest,172.2666666666919,0.0,3.7609
38,Rest,172.3666666666977,0.0,3.7609
38,Rest,172.46666666667443,0.0,3.7609
38,Rest,172.56666666668025,0.0,3.761
38,Rest,172.66666666668607,0.0,3.761
38,Rest,172.7666666666919,0.0,3.761
38,Rest,172.8666666666977,0.0,3.761
38,Rest,172.96666666667443,0.0,3.7611
38,Rest,173.06666666668025,0.0,3.7611
38,Rest,173.16666666668607,0.0,3.7611
38,Rest,173.2666666666919,0.0,3.7612
38,Rest,173.3666666666977,0.0,3.7612
38,Rest,173.46666666667443,0.0,3.7612
38,Rest,173.56666666668025,0.0,3.7613
38,Rest,173.66666666668607,0.0,3.7613
38,Rest,173.7666666666919,0.0,3.7613
38,Rest,173.8666666666977,0.0,3.7614
38,Rest,173.96666666667443,0.0,3.7614
38,Rest,174.06666666668025,0.0,3.7614
38,Rest,174.16666666668607,0.0,3.7615
38,Rest,174.2666666666919,0.0,3.7615
38,Rest,174.3666666666977,0.0,3.7615
38,Rest,174.46666666667443,0.0,3.7616
38,Rest,174.56666666668025,0.0,3.7616
38,Rest,174.66666666668607,0.0,3.7616
38,Rest,174.7666666666919,0.0,3.7616
38,Rest,174.8666666666977,0.0,3.7616
38,Rest,174.96666666667443,0.0,3.7616
38,Rest,175.06666666668025,0.0,3.7617
38,Rest,175.16666666668607,0.0,3.7617
38,Rest,175.2666666666919,0.0,3.7618
38,Rest,175.3666666666977,0.0,3.7618
38,Rest,175.46666666667443,0.0,3.7618
38,Rest,175.56666666668025,0.0,3.7618
38,Rest,175.66666666668607,0.0,3.7619
38,Rest,175.7666666666919,0.0,3.7619
38,Rest,175.8666666666977,0.0,3.7619
38,Rest,175.96666666667443,0.0,3.762
38,Rest,176.06666666668025,0.0,3.762
38,Rest,176.16666666668607,0.0,3.762
38,Rest,176.2666666666919,0.0,3.762
38,Rest,176.3666666666977,0.0,3.7621
38,Rest,176.46666666667443,0.0,3.7621
38,Rest,176.56666666668025,0.0,3.7621
38,Rest,176.66666666668607,0.0,3.7621
38,Rest,176.7666666666919,0.0,3.7622
38,Rest,176.8666666666977,0.0,3.7622
38,Rest,176.96666666667443,0.0,3.7622
38,Rest,177.06666666668025,0.0,3.7622
38,Rest,177.16666666668607,0.0,3.7623
38,Rest,177.2666666666919,0.0,3.7623
38,Rest,177.3666666666977,0.0,3.7623
38,Rest,177.46666666667443,0.0,3.7624
38,Rest,177.56666666668025,0.0,3.7624
38,Rest,177.66666666668607,0.0,3.7624
38,Rest,177.7666666666919,0.0,3.7625
38,Rest,177.8666666666977,0.0,3.7625
38,Rest,177.96666666667443,0.0,3.7625
38,Rest,178.06666666668025,0.0,3.7625
38,Rest,178.16666666668607,0.0,3.7626
38,Rest,178.2666666666919,0.0,3.7626
38,Rest,178.3666666666977,0.0,3.7626
38,Rest,178.46666666667443,0.0,3.7627
38,Rest,178.56666666668025,0.0,3.7626
38,Rest,178.66666666668607,0.0,3.7627
38,Rest,178.7666666666919,0.0,3.7627
38,Rest,178.8666666666977,0.0,3.7627
38,Rest,178.96666666667443,0.0,3.7628
38,Rest,179.06666666668025,0.0,3.7628
38,Rest,179.16666666668607,0.0,3.7628
38,Rest,179.2666666666919,0.0,3.7628
38,Rest,179.3666666666977,0.0,3.7629
38,Rest,179.46666666667443,0.0,3.7629
38,Rest,179.56666666668025,0.0,3.7629
38,Rest,179.66666666668607,0.0,3.7629
38,Rest,179.7666666666919,0.0,3.7629
38,Rest,179.8666666666977,0.0,3.7629
38,Rest,179.96666666667443,0.0,3.763
38,Rest,180.06666666668025,0.0,3.763
38,Rest,180.16666666668607,0.0,3.763
38,Rest,180.2666666666919,0.0,3.7631
38,Rest,180.3666666666977,0.0,3.7631
38,Rest,180.46666666667443,0.0,3.7631
38,Rest,180.56666666668025,0.0,3.7632
38,Rest,180.66666666668607,0.0,3.7632
38,Rest,180.7666666666919,0.0,3.7632
38,Rest,180.8666666666977,0.0,3.7632
38,Rest,180.96666666667443,0.0,3.7633
38,Rest,181.06666666668025,0.0,3.7633
38,Rest,181.16666666668607,0.0,3.7633
38,Rest,181.2666666666919,0.0,3.7633
38,Rest,181.3666666666977,0.0,3.7633
38,Rest,181.46666666667443,0.0,3.7634
38,Rest,181.56666666668025,0.0,3.7634
38,Rest,181.66666666668607,0.0,3.7634
38,Rest,181.7666666666919,0.0,3.7634
38,Rest,181.8666666666977,0.0,3.7635
38,Rest,181.96666666667443,0.0,3.7635
38,Rest,182.06666666668025,0.0,3.7635
38,Rest,182.16666666668607,0.0,3.7635
38,Rest,182.2666666666919,0.0,3.7635
38,Rest,182.3666666666977,0.0,3.7636
38,Rest,182.46666666667443,0.0,3.7636
38,Rest,182.56666666668025,0.0,3.7637
38,Rest,182.66666666668607,0.0,3.7637
38,Rest,182.7666666666919,0.0,3.7636
38,Rest,182.8666666666977,0.0,3.7636
38,Rest,182.96666666667443,0.0,3.7637
38,Rest,183.06666666668025,0.0,3.7637
38,Rest,183.16666666668607,0.0,3.7638
38,Rest,183.2666666666919,0.0,3.7638
38,Rest,183.3666666666977,0.0,3.7638
38,Rest,183.46666666667443,0.0,3.7638
38,Rest,183.56666666668025,0.0,3.7639
38,Rest,183.66666666668607,0.0,3.7639
38,Rest,183.7666666666919,0.0,3.7639
38,Rest,183.8666666666977,0.0,3.7639
38,Rest,183.96666666667443,0.0,3.7639
38,Rest,184.06666666668025,0.0,3.7639
38,Rest,184.16666666668607,0.0,3.764
38,Rest,184.2666666666919,0.0,3.764
38,Rest,184.3666666666977,0.0,3.764
38,Rest,184.46666666667443,0.0,3.764
38,Rest,184.56666666668025,0.0,3.7641
38,Rest,184.66666666668607,0.0,3.7641
38,Rest,184.7666666666919,0.0,3.7641
38,Rest,184.8666666666977,0.0,3.7641
38,Rest,184.96666666667443,0.0,3.7641
38,Rest,185.06666666668025,0.0,3.7642
38,Rest,185.16666666668607,0.0,3.7642
38,Rest,185.2666666666919,0.0,3.7642
38,Rest,185.3666666666977,0.0,3.7642
38,Rest,185.46666666667443,0.0,3.7642
38,Rest,185.56666666668025,0.0,3.7643
38,Rest,185.66666666668607,0.0,3.7643
38,Rest,185.7666666666919,0.0,3.7643
38,Rest,185.8666666666977,0.0,3.7643
38,Rest,185.96666666667443,0.0,3.7643
38,Rest,186.06666666668025,0.0,3.7643
38,Rest,186.16666666668607,0.0,3.7644
38,Rest,186.2666666666919,0.0,3.7644
38,Rest,186.3666666666977,0.0,3.7644
38,Rest,186.46666666667443,0.0,3.7645
38,Rest,186.56666666668025,0.0,3.7645
38,Rest,186.66666666668607,0.0,3.7645
38,Rest,186.7666666666919,0.0,3.7645
38,Rest,186.8666666666977,0.0,3.7645
38,Rest,186.96666666667443,0.0,3.7646
38,Rest,187.06666666668025,0.0,3.7646
38,Rest,187.16666666668607,0.0,3.7645
38,Rest,187.2666666666919,0.0,3.7646
38,Rest,187.3666666666977,0.0,3.7647
38,Rest,187.46666666667443,0.0,3.7647
38,Rest,187.56666666668025,0.0,3.7647
38,Rest,187.66666666668607,0.0,3.7647
38,Rest,187.7666666666919,0.0,3.7647
38,Rest,187.8666666666977,0.0,3.7647
38,Rest,187.96666666667443,0.0,3.7647
38,Rest,188.06666666668025,0.0,3.7647
38,Rest,188.16666666668607,0.0,3.7648
38,Rest,188.2666666666919,0.0,3.7648
38,Rest,188.3666666666977,0.0,3.7648
38,Rest,188.46666666667443,0.0,3.7648
38,Rest,188.56666666668025,0.0,3.7648
38,Rest,188.66666666668607,0.0,3.7649
38,Rest,188.7666666666919,0.0,3.7649
38,Rest,188.8666666666977,0.0,3.7649
38,Rest,188.96666666667443,0.0,3.7649
38,Rest,189.06666666668025,0.0,3.7649
38,Rest,189.16666666668607,0.0,3.765
38,Rest,189.2666666666919,0.0,3.765
38,Rest,189.3666666666977,0.0,3.765
38,Rest,189.46666666667443,0.0,3.765
38,Rest,189.56666666668025,0.0,3.7651
38,Rest,189.66666666668607,0.0,3.7651
38,Rest,189.7666666666919,0.0,3.7651
38,Rest,189.8666666666977,0.0,3.7651
38,Rest,189.96666666667443,0.0,3.7652
38,Rest,190.06666666668025,0.0,3.7652
38,Rest,190.16666666668607,0.0,3.7652
38,Rest,190.2666666666919,0.0,3.7652
38,Rest,190.3666666666977,0.0,3.7652
38,Rest,190.46666666667443,0.0,3.7652
38,Rest,190.56666666668025,0.0,3.7653
38,Rest,190.66666666668607,0.0,3.7653
38,Rest,190.7666666666919,0.0,3.7653
38,Rest,190.8666666666977,0.0,3.7653
38,Rest,190.96666666667443,0.0,3.7653
38,Rest,191.06666666668025,0.0,3.7653
38,Rest,191.16666666668607,0.0,3.7653
38,Rest,191.2666666666919,0.0,3.7654
38,Rest,191.3666666666977,0.0,3.7654
38,Rest,191.46666666667443,0.0,3.7654
38,Rest,191.56666666668025,0.0,3.7654
38,Rest,191.66666666668607,0.0,3.7654
38,Rest,191.7666666666919,0.0,3.7655
38,Rest,191.8666666666977,0.0,3.7655
38,Rest,191.96666666667443,0.0,3.7655
38,Rest,192.06666666668025,0.0,3.7655
38,Rest,192.16666666668607,0.0,3.7656
38,Rest,192.2666666666919,0.0,3.7656
38,Rest,192.3666666666977,0.0,3.7656
38,Rest,192.46666666667443,0.0,3.7656
38,Rest,192.56666666668025,0.0,3.7656
38,Rest,192.66666666668607,0.0,3.7656
38,Rest,192.7666666666919,0.0,3.7656
38,Rest,192.8666666666977,0.0,3.7657
38,Rest,192.96666666667443,0.0,3.7657
38,Rest,193.06666666668025,0.0,3.7657
38,Rest,193.16666666668607,0.0,3.7657
38,Rest,193.2666666666919,0.0,3.7658
38,Rest,193.3666666666977,0.0,3.7658
38,Rest,193.46666666667443,0.0,3.7658
38,Rest,193.56666666668025,0.0,3.7658
38,Rest,193.66666666668607,0.0,3.7658
38,Rest,193.7666666666919,0.0,3.7658
38,Rest,193.8666666666977,0.0,3.7658
38,Rest,193.96666666667443,0.0,3.7659
38,Rest,194.06666666668025,0.0,3.7658
38,Rest,194.16666666668607,0.0,3.7659
38,Rest,194.2666666666919,0.0,3.7659
38,Rest,194.3666666666977,0.0,3.7659
38,Rest,194.46666666667443,0.0,3.7659
38,Rest,194.56666666668025,0.0,3.766
38,Rest,194.66666666668607,0.0,3.766
38,Rest,194.7666666666919,0.0,3.766
38,Rest,194.8666666666977,0.0,3.766
38,Rest,194.96666666667443,0.0,3.766
38,Rest,195.06666666668025,0.0,3.766
38,Rest,195.16666666668607,0.0,3.766
38,Rest,195.2666666666919,0.0,3.7661
38,Rest,195.3666666666977,0.0,3.7661
38,Rest,195.46666666667443,0.0,3.7661
38,Rest,195.56666666668025,0.0,3.7661
38,Rest,195.66666666668607,0.0,3.7661
38,Rest,195.7666666666919,0.0,3.7662
38,Rest,195.8666666666977,0.0,3.7662
38,Rest,195.96666666667443,0.0,3.7662
38,Rest,196.06666666668025,0.0,3.7662
38,Rest,196.16666666668607,0.0,3.7662
38,Rest,196.2666666666919,0.0,3.7662
38,Rest,196.3666666666977,0.0,3.7663
38,Rest,196.46666666667443,0.0,3.7663
38,Rest,196.56666666668025,0.0,3.7663
38,Rest,196.66666666668607,0.0,3.7663
38,Rest,196.7666666666919,0.0,3.7663
38,Rest,196.8666666666977,0.0,3.7663
38,Rest,196.96666666667443,0.0,3.7664
38,Rest,197.06666666668025,0.0,3.7664
38,Rest,197.16666666668607,0.0,3.7664
38,Rest,197.2666666666919,0.0,3.7664
38,Rest,197.3666666666977,0.0,3.7664
38,Rest,197.46666666667443,0.0,3.7664
38,Rest,197.56666666668025,0.0,3.7664
38,Rest,197.66666666668607,0.0,3.7665
38,Rest,197.7666666666919,0.0,3.7665
38,Rest,197.8666666666977,0.0,3.7665
38,Rest,197.96666666667443,0.0,3.7665
38,Rest,198.06666666668025,0.0,3.7665
38,Rest,198.16666666668607,0.0,3.7665
38,Rest,198.2666666666919,0.0,3.7665
38,Rest,198.3666666666977,0.0,3.7666
38,Rest,198.46666666667443,0.0,3.7666
38,Rest,198.56666666668025,0.0,3.7666
38,Rest,198.66666666668607,0.0,3.7667
38,Rest,198.7666666666919,0.0,3.7666
38,Rest,198.8666666666977,0.0,3.7666
38,Rest,198.96666666667443,0.0,3.7666
38,Rest,199.06666666668025,0.0,3.7667
38,Rest,199.16666666668607,0.0,3.7667
38,Rest,199.2666666666919,0.0,3.7667
38,Rest,199.3666666666977,0.0,3.7667
38,Rest,199.46666666667443,0.0,3.7668
38,Rest,199.56666666668025,0.0,3.7668
38,Rest,199.66666666668607,0.0,3.7668
38,Rest,199.7666666666919,0.0,3.7668
38,Rest,199.8666666666977,0.0,3.7668
38,Rest,199.96666666667443,0.0,3.7668
38,Rest,200.06666666668025,0.0,3.7668
38,Rest,200.16666666668607,0.0,3.7668
38,Rest,200.2666666666919,0.0,3.7668
38,Rest,200.3666666666977,0.0,3.7669
38,Rest,200.46666666667443,0.0,3.7669
38,Rest,200.56666666668025,0.0,3.7669
38,Rest,200.66666666668607,0.0,3.7669
38,Rest,200.7666666666919,0.0,3.767
38,Rest,200.8666666666977,0.0,3.767
38,Rest,200.96666666667443,0.0,3.767
38,Rest,201.06666666668025,0.0,3.767
38,Rest,201.16666666668607,0.0,3.767
38,Rest,201.2666666666919,0.0,3.767
38,Rest,201.3666666666977,0.0,3.767
38,Rest,201.46666666667443,0.0,3.767
38,Rest,201.56666666668025,0.0,3.767
38,Rest,201.66666666668607,0.0,3.767
38,Rest,201.7666666666919,0.0,3.7671
38,Rest,201.8666666666977,0.0,3.7671
38,Rest,201.96666666667443,0.0,3.767
38,Rest,202.06666666668025,0.0,3.7671
38,Rest,202.16666666668607,0.0,3.7671
38,Rest,202.2666666666919,0.0,3.7671
38,Rest,202.3666666666977,0.0,3.7671
38,Rest,202.46666666667443,0.0,3.7671
38,Rest,202.56666666668025,0.0,3.7672
38,Rest,202.66666666668607,0.0,3.7672
38,Rest,202.7666666666919,0.0,3.7672
38,Rest,202.8666666666977,0.0,3.7672
38,Rest,202.96666666667443,0.0,3.7672
38,Rest,203.06666666668025,0.0,3.7672
38,Rest,203.16666666668607,0.0,3.7672
38,Rest,203.2666666666919,0.0,3.7673
38,Rest,203.3666666666977,0.0,3.7673
38,Rest,203.46666666667443,0.0,3.7673
38,Rest,203.56666666668025,0.0,3.7673
38,Rest,203.66666666668607,0.0,3.7673
38,Rest,203.7666666666919,0.0,3.7673
38,Rest,203.8666666666977,0.0,3.7673
38,Rest,203.96666666667443,0.0,3.7674
38,Rest,204.06666666668025,0.0,3.7674
38,Rest,204.16666666668607,0.0,3.7674
38,Rest,204.2666666666919,0.0,3.7674
38,Rest,204.3666666666977,0.0,3.7674
38,Rest,204.46666666667443,0.0,3.7674
38,Rest,204.56666666668025,0.0,3.7674
38,Rest,204.66666666668607,0.0,3.7675
38,Rest,204.7666666666919,0.0,3.7675
38,Rest,204.8666666666977,0.0,3.7675
38,Rest,204.96666666667443,0.0,3.7675
38,Rest,205.06666666668025,0.0,3.7675
38,Rest,205.16666666668607,0.0,3.7675
38,Rest,205.2666666666919,0.0,3.7675
38,Rest,205.3666666666977,0.0,3.7675
38,Rest,205.46666666667443,0.0,3.7676
38,Rest,205.56666666668025,0.0,3.7675
38,Rest,205.66666666668607,0.0,3.7675
38,Rest,205.7666666666919,0.0,3.7675
38,Rest,205.8666666666977,0.0,3.7676
38,Rest,205.96666666667443,0.0,3.7676
38,Rest,206.06666666668025,0.0,3.7676
38,Rest,206.16666666668607,0.0,3.7676
38,Rest,206.2666666666919,0.0,3.7676
38,Rest,206.3666666666977,0.0,3.7676
38,Rest,206.46666666667443,0.0,3.7677
38,Rest,206.56666666668025,0.0,3.7677
38,Rest,206.66666666668607,0.0,3.7677
38,Rest,206.7666666666919,0.0,3.7677
38,Rest,206.8666666666977,0.0,3.7677
38,Rest,206.96666666667443,0.0,3.7677
38,Rest,207.06666666668025,0.0,3.7677
38,Rest,207.16666666668607,0.0,3.7677
38,Rest,207.2666666666919,0.0,3.7678
38,Rest,207.3666666666977,0.0,3.7678
38,Rest,207.46666666667443,0.0,3.7678
38,Rest,207.56666666668025,0.0,3.7678
38,Rest,207.66666666668607,0.0,3.7678
38,Rest,207.7666666666919,0.0,3.7678
38,Rest,207.8666666666977,0.0,3.7679
38,Rest,207.96666666667443,0.0,3.7678
38,Rest,208.06666666668025,0.0,3.7679
38,Rest,208.16666666668607,0.0,3.7679
38,Rest,208.2666666666919,0.0,3.7679
38,Rest,208.3666666666977,0.0,3.7679
38,Rest,208.46666666667443,0.0,3.7679
38,Rest,208.56666666668025,0.0,3.768
38,Rest,208.66666666668607,0.0,3.768
38,Rest,208.7666666666919,0.0,3.7679
38,Rest,208.8666666666977,0.0,3.768
38,Rest,208.96666666667443,0.0,3.768
38,Rest,209.06666666668025,0.0,3.768
38,Rest,209.16666666668607,0.0,3.768
38,Rest,209.2666666666919,0.0,3.768
38,Rest,209.3666666666977,0.0,3.768
38,Rest,209.46666666667443,0.0,3.7681
38,Rest,209.56666666668025,0.0,3.7681
38,Rest,209.66666666668607,0.0,3.7681
38,Rest,209.7666666666919,0.0,3.7681
38,Rest,209.8666666666977,0.0,3.7681
38,Rest,209.96666666667443,0.0,3.7681
38,Rest,210.06666666668025,0.0,3.7681
38,Rest,210.16666666668607,0.0,3.7681
38,Rest,210.2666666666919,0.0,3.7682
38,Rest,210.3666666666977,0.0,3.7682
38,Rest,210.46666666667443,0.0,3.7682
38,Rest,210.56666666668025,0.0,3.7682
38,Rest,210.66666666668607,0.0,3.7682
38,Rest,210.7666666666919,0.0,3.7682
38,Rest,210.8666666666977,0.0,3.7682
38,Rest,210.96666666667443,0.0,3.7682
38,Rest,211.06666666668025,0.0,3.7682
38,Rest,211.16666666668607,0.0,3.7683
38,Rest,211.2666666666919,0.0,3.7683
38,Rest,211.3666666666977,0.0,3.7683
38,Rest,211.46666666667443,0.0,3.7683
38,Rest,211.56666666668025,0.0,3.7683
38,Rest,211.66666666668607,0.0,3.7683
38,Rest,211.7666666666919,0.0,3.7683
38,Rest,211.8666666666977,0.0,3.7683
38,Rest,211.96666666667443,0.0,3.7683
38,Rest,212.06666666668025,0.0,3.7683
38,Rest,212.16666666668607,0.0,3.7683
38,Rest,212.2666666666919,0.0,3.7683
38,Rest,212.3666666666977,0.0,3.7684
38,Rest,212.46666666667443,0.0,3.7684
38,Rest,212.56666666668025,0.0,3.7684
38,Rest,212.66666666668607,0.0,3.7684
38,Rest,212.7666666666919,0.0,3.7685
38,Rest,212.8666666666977,0.0,3.7684
38,Rest,212.96666666667443,0.0,3.7684
38,Rest,213.06666666668025,0.0,3.7684
38,Rest,213.16666666668607,0.0,3.7685
38,Rest,213.2666666666919,0.0,3.7684
38,Rest,213.3666666666977,0.0,3.7685
38,Rest,213.46666666667443,0.0,3.7685
38,Rest,213.56666666668025,0.0,3.7685
38,Rest,213.66666666668607,0.0,3.7685
38,Rest,213.7666666666919,0.0,3.7685
38,Rest,213.8666666666977,0.0,3.7685
38,Rest,213.96666666667443,0.0,3.7686
38,Rest,214.06666666668025,0.0,3.7686
38,Rest,214.16666666668607,0.0,3.7686
38,Rest,214.2666666666919,0.0,3.7686
38,Rest,214.3666666666977,0.0,3.7686
38,Rest,214.46666666667443,0.0,3.7686
38,Rest,214.56666666668025,0.0,3.7686
38,Rest,214.66666666668607,0.0,3.7686
38,Rest,214.7666666666919,0.0,3.7687
38,Rest,214.8666666666977,0.0,3.7686
38,Rest,214.96666666667443,0.0,3.7686
38,Rest,215.06666666668025,0.0,3.7687
38,Rest,215.16666666668607,0.0,3.7687
38,Rest,215.2666666666919,0.0,3.7687
38,Rest,215.3666666666977,0.0,3.7687
38,Rest,215.46666666667443,0.0,3.7687
38,Rest,215.56666666668025,0.0,3.7687
38,Rest,215.66666666668607,0.0,3.7688
38,Rest,215.7666666666919,0.0,3.7688
38,Rest,215.8666666666977,0.0,3.7688
38,Rest,215.96666666667443,0.0,3.7688
38,Rest,216.06666666668025,0.0,3.7688
38,Rest,216.16666666668607,0.0,3.7688
38,Rest,216.2666666666919,0.0,3.7688
38,Rest,216.3666666666977,0.0,3.7688
38,Rest,216.46666666667443,0.0,3.7688
38,Rest,216.56666666668025,0.0,3.7688
38,Rest,216.66666666668607,0.0,3.7688
38,Rest,216.7666666666919,0.0,3.7688
38,Rest,216.8666666666977,0.0,3.7689
38,Rest,216.96666666667443,0.0,3.7689
38,Rest,217.06666666668025,0.0,3.7689
38,Rest,217.16666666668607,0.0,3.7689
38,Rest,217.2666666666919,0.0,3.7689
38,Rest,217.3666666666977,0.0,3.7689
38,Rest,217.46666666667443,0.0,3.7689
38,Rest,217.56666666668025,0.0,3.7689
38,Rest,217.66666666668607,0.0,3.769
38,Rest,217.7666666666919,0.0,3.769
38,Rest,217.8666666666977,0.0,3.769
38,Rest,217.96666666667443,0.0,3.769
38,Rest,218.06666666668025,0.0,3.769
38,Rest,218.16666666668607,0.0,3.769
38,Rest,218.2666666666919,0.0,3.769
38,Rest,218.3666666666977,0.0,3.769
38,Rest,218.46666666667443,0.0,3.769
38,Rest,218.56666666668025,0.0,3.769
38,Rest,218.66666666668607,0.0,3.769
38,Rest,218.7666666666919,0.0,3.769
38,Rest,218.8666666666977,0.0,3.769
38,Rest,218.96666666667443,0.0,3.7691
38,Rest,219.06666666668025,0.0,3.7691
38,Rest,219.16666666668607,0.0,3.7691
38,Rest,219.2666666666919,0.0,3.7691
38,Rest,219.3666666666977,0.0,3.7691
38,Rest,219.46666666667443,0.0,3.7691
38,Rest,219.56666666668025,0.0,3.7691
38,Rest,219.66666666668607,0.0,3.7691
38,Rest,219.7666666666919,0.0,3.7691
38,Rest,219.8666666666977,0.0,3.7691
38,Rest,219.96666666667443,0.0,3.7691
38,Rest,220.06666666668025,0.0,3.7691
38,Rest,220.16666666668607,0.0,3.7692
38,Rest,220.2666666666919,0.0,3.7692
38,Rest,220.3666666666977,0.0,3.7692
38,Rest,220.46666666667443,0.0,3.7692
38,Rest,220.56666666668025,0.0,3.7692
38,Rest,220.66666666668607,0.0,3.7692
38,Rest,220.7666666666919,0.0,3.7692
38,Rest,220.8666666666977,0.0,3.7693
38,Rest,220.96666666667443,0.0,3.7693
38,Rest,221.06666666668025,0.0,3.7693
38,Rest,221.16666666668607,0.0,3.7692
38,Rest,221.2666666666919,0.0,3.7693
38,Rest,221.3666666666977,0.0,3.7693
38,Rest,221.46666666667443,0.0,3.7693
38,Rest,221.56666666668025,0.0,3.7693
38,Rest,221.66666666668607,0.0,3.7693
38,Rest,221.7666666666919,0.0,3.7693
38,Rest,221.8666666666977,0.0,3.7693
38,Rest,221.96666666667443,0.0,3.7693
38,Rest,222.06666666668025,0.0,3.7693
38,Rest,222.16666666668607,0.0,3.7694
38,Rest,222.2666666666919,0.0,3.7694
38,Rest,222.3666666666977,0.0,3.7693
38,Rest,222.46666666667443,0.0,3.7693
38,Rest,222.56666666668025,0.0,3.7693
38,Rest,222.66666666668607,0.0,3.7694
38,Rest,222.7666666666919,0.0,3.7694
38,Rest,222.8666666666977,0.0,3.7694
38,Rest,222.96666666667443,0.0,3.7694
38,Rest,223.06666666668025,0.0,3.7694
38,Rest,223.16666666668607,0.0,3.7694
38,Rest,223.2666666666919,0.0,3.7694
38,Rest,223.3666666666977,0.0,3.7694
38,Rest,223.46666666667443,0.0,3.7694
38,Rest,223.56666666668025,0.0,3.7695
38,Rest,223.66666666668607,0.0,3.7695
38,Rest,223.7666666666919,0.0,3.7695
38,Rest,223.8666666666977,0.0,3.7695
38,Rest,223.96666666667443,0.0,3.7695
38,Rest,224.06666666668025,0.0,3.7695
38,Rest,224.16666666668607,0.0,3.7695
38,Rest,224.2666666666919,0.0,3.7695
38,Rest,224.3666666666977,0.0,3.7695
38,Rest,224.46666666667443,0.0,3.7696
38,Rest,224.56666666668025,0.0,3.7696
38,Rest,224.66666666668607,0.0,3.7696
38,Rest,224.7666666666919,0.0,3.7695
38,Rest,224.8666666666977,0.0,3.7695
38,Rest,224.96666666667443,0.0,3.7696
38,Rest,225.06666666668025,0.0,3.7696
38,Rest,225.16666666668607,0.0,3.7696
38,Rest,225.2666666666919,0.0,3.7696
38,Rest,225.3666666666977,0.0,3.7696
38,Rest,225.46666666667443,0.0,3.7696
38,Rest,225.56666666668025,0.0,3.7696
38,Rest,225.66666666668607,0.0,3.7696
38,Rest,225.7666666666919,0.0,3.7696
38,Rest,225.8666666666977,0.0,3.7697
38,Rest,225.96666666667443,0.0,3.7697
38,Rest,226.06666666668025,0.0,3.7697
38,Rest,226.16666666668607,0.0,3.7697
38,Rest,226.2666666666919,0.0,3.7697
38,Rest,226.3666666666977,0.0,3.7697
38,Rest,226.46666666667443,0.0,3.7697
38,Rest,226.56666666668025,0.0,3.7697
38,Rest,226.66666666668607,0.0,3.7698
38,Rest,226.7666666666919,0.0,3.7698
38,Rest,226.8666666666977,0.0,3.7698
38,Rest,226.96666666667443,0.0,3.7698
38,Rest,227.06666666668025,0.0,3.7698
38,Rest,227.16666666668607,0.0,3.7698
38,Rest,227.2666666666919,0.0,3.7698
38,Rest,227.3666666666977,0.0,3.7698
38,Rest,227.46666666667443,0.0,3.7698
38,Rest,227.56666666668025,0.0,3.7698
38,Rest,227.66666666668607,0.0,3.7698
38,Rest,227.7666666666919,0.0,3.7698
38,Rest,227.8666666666977,0.0,3.7698
38,Rest,227.96666666667443,0.0,3.7698
38,Rest,228.06666666668025,0.0,3.7699
38,Rest,228.16666666668607,0.0,3.7699
38,Rest,228.2666666666919,0.0,3.7699
38,Rest,228.3666666666977,0.0,3.7699
38,Rest,228.46666666667443,0.0,3.7699
38,Rest,228.56666666668025,0.0,3.7699
38,Rest,228.66666666668607,0.0,3.7699
38,Rest,228.7666666666919,0.0,3.7699
38,Rest,228.8666666666977,0.0,3.7699
38,Rest,228.96666666667443,0.0,3.7699
38,Rest,229.06666666668025,0.0,3.7699
38,Rest,229.16666666668607,0.0,3.7699
38,Rest,229.2666666666919,0.0,3.7699
38,Rest,229.3666666666977,0.0,3.7699
38,Rest,229.46666666667443,0.0,3.7699
38,Rest,229.56666666668025,0.0,3.7699
38,Rest,229.66666666668607,0.0,3.77
38,Rest,229.7666666666919,0.0,3.77
38,Rest,229.8666666666977,0.0,3.77
38,Rest,229.96666666667443,0.0,3.77
38,Rest,230.06666666668025,0.0,3.77
38,Rest,230.16666666668607,0.0,3.77
38,Rest,230.2666666666919,0.0,3.77
38,Rest,230.3666666666977,0.0,3.7701
38,Rest,230.46666666667443,0.0,3.77
38,Rest,230.56666666668025,0.0,3.77
38,Rest,230.66666666668607,0.0,3.77
38,Rest,230.7666666666919,0.0,3.7701
38,Rest,230.8666666666977,0.0,3.77
38,Rest,230.96666666667443,0.0,3.7701
38,Rest,231.06666666668025,0.0,3.7701
38,Rest,231.16666666668607,0.0,3.77
38,Rest,231.2666666666919,0.0,3.7701
38,Rest,231.3666666666977,0.0,3.7701
38,Rest,231.46666666667443,0.0,3.7701
38,Rest,231.56666666668025,0.0,3.7702
38,Rest,231.66666666668607,0.0,3.7702
38,Rest,231.7666666666919,0.0,3.7702
38,Rest,231.8666666666977,0.0,3.7702
38,Rest,231.96666666667443,0.0,3.7702
38,Rest,232.06666666668025,0.0,3.7702
38,Rest,232.16666666668607,0.0,3.7702
38,Rest,232.2666666666919,0.0,3.7702
38,Rest,232.3666666666977,0.0,3.7702
38,Rest,232.46666666667443,0.0,3.7702
38,Rest,232.56666666668025,0.0,3.7702
38,Rest,232.66666666668607,0.0,3.7702
38,Rest,232.7666666666919,0.0,3.7702
38,Rest,232.8666666666977,0.0,3.7702
38,Rest,232.96666666667443,0.0,3.7702
38,Rest,233.06666666668025,0.0,3.7702
38,Rest,233.16666666668607,0.0,3.7702
38,Rest,233.2666666666919,0.0,3.7702
38,Rest,233.3666666666977,0.0,3.7703
38,Rest,233.46666666667443,0.0,3.7703
38,Rest,233.56666666668025,0.0,3.7703
38,Rest,233.66666666668607,0.0,3.7703
38,Rest,233.7666666666919,0.0,3.7703
38,Rest,233.8666666666977,0.0,3.7703
38,Rest,233.96666666667443,0.0,3.7702
38,Rest,234.06666666668025,0.0,3.7703
38,Rest,234.16666666668607,0.0,3.7703
38,Rest,234.2666666666919,0.0,3.7703
38,Rest,234.3666666666977,0.0,3.7703
38,Rest,234.46666666667443,0.0,3.7703
38,Rest,234.56666666668025,0.0,3.7703
38,Rest,234.66666666668607,0.0,3.7703
38,Rest,234.7666666666919,0.0,3.7703
38,Rest,234.8666666666977,0.0,3.7703
38,Rest,234.96666666667443,0.0,3.7703
38,Rest,235.06666666668025,0.0,3.7703
38,Rest,235.16666666668607,0.0,3.7703
38,Rest,235.2666666666919,0.0,3.7703
38,Rest,235.3666666666977,0.0,3.7703
38,Rest,235.46666666667443,0.0,3.7704
38,Rest,235.56666666668025,0.0,3.7704
38,Rest,235.66666666668607,0.0,3.7704
38,Rest,235.7666666666919,0.0,3.7704
38,Rest,235.8666666666977,0.0,3.7704
38,Rest,235.96666666667443,0.0,3.7704
38,Rest,236.06666666668025,0.0,3.7704
38,Rest,236.16666666668607,0.0,3.7704
38,Rest,236.2666666666919,0.0,3.7704
38,Rest,236.3666666666977,0.0,3.7704
38,Rest,236.46666666667443,0.0,3.7705
38,Rest,236.56666666668025,0.0,3.7705
38,Rest,236.66666666668607,0.0,3.7705
38,Rest,236.7666666666919,0.0,3.7705
38,Rest,236.8666666666977,0.0,3.7705
38,Rest,236.96666666667443,0.0,3.7704
38,Rest,237.06666666668025,0.0,3.7704
38,Rest,237.16666666668607,0.0,3.7705
38,Rest,237.2666666666919,0.0,3.7705
38,Rest,237.3666666666977,0.0,3.7705
38,Rest,237.46666666667443,0.0,3.7705
38,Rest,237.56666666668025,0.0,3.7705
38,Rest,237.66666666668607,0.0,3.7705
38,Rest,237.7666666666919,0.0,3.7705
38,Rest,237.8666666666977,0.0,3.7705
38,Rest,237.96666666667443,0.0,3.7705
38,Rest,238.06666666668025,0.0,3.7705
38,Rest,238.16666666668607,0.0,3.7705
38,Rest,238.2666666666919,0.0,3.7705
38,Rest,238.3666666666977,0.0,3.7706
38,Rest,238.46666666667443,0.0,3.7705
38,Rest,238.56666666668025,0.0,3.7706
38,Rest,238.66666666668607,0.0,3.7706
38,Rest,238.7666666666919,0.0,3.7706
38,Rest,238.8666666666977,0.0,3.7706
38,Rest,238.96666666667443,0.0,3.7706
38,Rest,239.06666666668025,0.0,3.7706
38,Rest,239.16666666668607,0.0,3.7706
38,Rest,239.2666666666919,0.0,3.7706
38,Rest,239.3666666666977,0.0,3.7706
38,Rest,239.46666666667443,0.0,3.7706
38,Rest,239.56666666668025,0.0,3.7707
38,Rest,239.66666666668607,0.0,3.7707
38,Rest,239.7666666666919,0.0,3.7708
38,Rest,239.8666666666977,0.0,3.7707
38,Rest,239.96666666667443,0.0,3.7707
38,Rest,240.06666666668025,0.0,3.7707
38,Rest,240.16666666668607,0.0,3.7707
38,Rest,240.2666666666919,0.0,3.7707
38,Rest,240.3666666666977,0.0,3.7707
38,Rest,240.46666666667443,0.0,3.7707
38,Rest,240.56666666668025,0.0,3.7708
38,Rest,240.66666666668607,0.0,3.7707
38,Rest,240.7666666666919,0.0,3.7707
38,Rest,240.8666666666977,0.0,3.7707
38,Rest,240.96666666667443,0.0,3.7708
38,Rest,241.06666666668025,0.0,3.7708
38,Rest,241.16666666668607,0.0,3.7708
38,Rest,241.2666666666919,0.0,3.7708
38,Rest,241.3666666666977,0.0,3.7708
38,Rest,241.46666666667443,0.0,3.7708
38,Rest,241.56666666668025,0.0,3.7708
38,Rest,241.66666666668607,0.0,3.7708
38,Rest,241.7666666666919,0.0,3.7708
38,Rest,241.8666666666977,0.0,3.7708
38,Rest,241.96666666667443,0.0,3.7708
38,Rest,242.06666666668025,0.0,3.7708
38,Rest,242.16666666668607,0.0,3.7708
38,Rest,242.2666666666919,0.0,3.7708
38,Rest,242.3666666666977,0.0,3.7708
38,Rest,242.46666666667443,0.0,3.7708
38,Rest,242.56666666668025,0.0,3.7708
38,Rest,242.66666666668607,0.0,3.7708
38,Rest,242.7666666666919,0.0,3.7709
38,Rest,242.8666666666977,0.0,3.7709
38,Rest,242.96666666667443,0.0,3.7709
38,Rest,243.06666666668025,0.0,3.7709
38,Rest,243.16666666668607,0.0,3.7709
38,Rest,243.2666666666919,0.0,3.7709
38,Rest,243.3666666666977,0.0,3.7709
38,Rest,243.46666666667443,0.0,3.7709
38,Rest,243.56666666668025,0.0,3.7709
38,Rest,243.66666666668607,0.0,3.7709
38,Rest,243.7666666666919,0.0,3.7709
38,Rest,243.8666666666977,0.0,3.7709
38,Rest,243.96666666667443,0.0,3.771
38,Rest,244.06666666668025,0.0,3.771
38,Rest,244.16666666668607,0.0,3.771
38,Rest,244.2666666666919,0.0,3.771
38,Rest,244.3666666666977,0.0,3.771
38,Rest,244.46666666667443,0.0,3.771
38,Rest,244.56666666668025,0.0,3.7709
38,Rest,244.66666666668607,0.0,3.771
38,Rest,244.7666666666919,0.0,3.771
38,Rest,244.8666666666977,0.0,3.771
38,Rest,244.96666666667443,0.0,3.771
38,Rest,245.06666666668025,0.0,3.771
38,Rest,245.16666666668607,0.0,3.771
38,Rest,245.2666666666919,0.0,3.771
38,Rest,245.3666666666977,0.0,3.771
38,Rest,245.46666666667443,0.0,3.771
38,Rest,245.56666666668025,0.0,3.771
38,Rest,245.66666666668607,0.0,3.771
38,Rest,245.7666666666919,0.0,3.771
38,Rest,245.8666666666977,0.0,3.771
38,Rest,245.96666666667443,0.0,3.7711
38,Rest,246.06666666668025,0.0,3.7711
38,Rest,246.16666666668607,0.0,3.7711
38,Rest,246.2666666666919,0.0,3.7711
38,Rest,246.3666666666977,0.0,3.7711
38,Rest,246.46666666667443,0.0,3.7711
38,Rest,246.56666666668025,0.0,3.7711
38,Rest,246.66666666668607,0.0,3.7711
38,Rest,246.7666666666919,0.0,3.7711
38,Rest,246.8666666666977,0.0,3.7711
38,Rest,246.96666666667443,0.0,3.7711
38,Rest,247.06666666668025,0.0,3.7711
38,Rest,247.16666666668607,0.0,3.7711
38,Rest,247.2666666666919,0.0,3.7711
38,Rest,247.3666666666977,0.0,3.7711
38,Rest,247.46666666667443,0.0,3.7711
38,Rest,247.56666666668025,0.0,3.7711
38,Rest,247.66666666668607,0.0,3.7711
38,Rest,247.7666666666919,0.0,3.7711
38,Rest,247.8666666666977,0.0,3.7712
38,Rest,247.96666666667443,0.0,3.7712
38,Rest,248.06666666668025,0.0,3.7711
38,Rest,248.16666666668607,0.0,3.7712
38,Rest,248.2666666666919,0.0,3.7712
38,Rest,248.3666666666977,0.0,3.7712
38,Rest,248.46666666667443,0.0,3.7712
38,Rest,248.56666666668025,0.0,3.7712
38,Rest,248.66666666668607,0.0,3.7712
38,Rest,248.7666666666919,0.0,3.7712
38,Rest,248.8666666666977,0.0,3.7712
38,Rest,248.96666666667443,0.0,3.7712
38,Rest,249.06666666668025,0.0,3.7712
38,Rest,249.16666666668607,0.0,3.7712
38,Rest,249.2666666666919,0.0,3.7712
38,Rest,249.3666666666977,0.0,3.7713
38,Rest,249.46666666667443,0.0,3.7712
38,Rest,249.56666666668025,0.0,3.7712
38,Rest,249.66666666668607,0.0,3.7713
38,Rest,249.7666666666919,0.0,3.7713
38,Rest,249.8666666666977,0.0,3.7712
38,Rest,249.96666666667443,0.0,3.7712
38,Rest,250.06666666668025,0.0,3.7712
38,Rest,250.16666666668607,0.0,3.7712
38,Rest,250.2666666666919,0.0,3.7713
38,Rest,250.3666666666977,0.0,3.7713
38,Rest,250.46666666667443,0.0,3.7713
38,Rest,250.56666666668025,0.0,3.7713
38,Rest,250.66666666668607,0.0,3.7713
38,Rest,250.7666666666919,0.0,3.7713
38,Rest,250.8666666666977,0.0,3.7713
38,Rest,250.96666666667443,0.0,3.7713
38,Rest,251.06666666668025,0.0,3.7713
38,Rest,251.16666666668607,0.0,3.7713
38,Rest,251.2666666666919,0.0,3.7713
38,Rest,251.3666666666977,0.0,3.7713
38,Rest,251.46666666667443,0.0,3.7714
38,Rest,251.56666666668025,0.0,3.7713
38,Rest,251.66666666668607,0.0,3.7714
38,Rest,251.7666666666919,0.0,3.7714
38,Rest,251.8666666666977,0.0,3.7714
38,Rest,251.96666666667443,0.0,3.7714
38,Rest,252.06666666668025,0.0,3.7714
38,Rest,252.16666666668607,0.0,3.7714
38,Rest,252.2666666666919,0.0,3.7714
38,Rest,252.3666666666977,0.0,3.7714
38,Rest,252.46666666667443,0.0,3.7714
38,Rest,252.56666666668025,0.0,3.7714
38,Rest,252.66666666668607,0.0,3.7714
38,Rest,252.7666666666919,0.0,3.7714
38,Rest,252.8666666666977,0.0,3.7714
38,Rest,252.96666666667443,0.0,3.7714
38,Rest,253.06666666668025,0.0,3.7714
38,Rest,253.16666666668607,0.0,3.7714
38,Rest,253.2666666666919,0.0,3.7714
38,Rest,253.3666666666977,0.0,3.7714
38,Rest,253.46666666667443,0.0,3.7715
38,Rest,253.56666666668025,0.0,3.7714
38,Rest,253.66666666668607,0.0,3.7714
38,Rest,253.7666666666919,0.0,3.7715
38,Rest,253.8666666666977,0.0,3.7715
38,Rest,253.96666666667443,0.0,3.7715
38,Rest,254.06666666668025,0.0,3.7715
38,Rest,254.16666666668607,0.0,3.7715
38,Rest,254.2666666666919,0.0,3.7715
38,Rest,254.3666666666977,0.0,3.7715
38,Rest,254.46666666667443,0.0,3.7715
38,Rest,254.56666666668025,0.0,3.7715
38,Rest,254.66666666668607,0.0,3.7715
38,Rest,254.7666666666919,0.0,3.7715
38,Rest,254.8666666666977,0.0,3.7715
38,Rest,254.96666666667443,0.0,3.7715
38,Rest,255.06666666668025,0.0,3.7715
38,Rest,255.16666666668607,0.0,3.7715
38,Rest,255.2666666666919,0.0,3.7715
38,Rest,255.3666666666977,0.0,3.7715
38,Rest,255.46666666667443,0.0,3.7715
38,Rest,255.56666666668025,0.0,3.7715
38,Rest,255.66666666668607,0.0,3.7716
38,Rest,255.7666666666919,0.0,3.7716
38,Rest,255.8666666666977,0.0,3.7716
38,Rest,255.96666666667443,0.0,3.7716
38,Rest,256.06666666668025,0.0,3.7716
38,Rest,256.16666666668607,0.0,3.7716
38,Rest,256.2666666666919,0.0,3.7716
38,Rest,256.3666666666977,0.0,3.7716
38,Rest,256.4666666666744,0.0,3.7716
38,Rest,256.56666666668025,0.0,3.7716
38,Rest,256.66666666668607,0.0,3.7716
38,Rest,256.7666666666919,0.0,3.7716
38,Rest,256.8666666666977,0.0,3.7716
38,Rest,256.9666666666744,0.0,3.7716
38,Rest,257.06666666668025,0.0,3.7716
38,Rest,257.16666666668607,0.0,3.7716
38,Rest,257.2666666666919,0.0,3.7716
38,Rest,257.3666666666977,0.0,3.7716
38,Rest,257.4666666666744,0.0,3.7716
38,Rest,257.56666666668025,0.0,3.7717
38,Rest,257.66666666668607,0.0,3.7717
38,Rest,257.7666666666919,0.0,3.7716
38,Rest,257.8666666666977,0.0,3.7716
38,Rest,257.9666666666744,0.0,3.7716
38,Rest,258.06666666668025,0.0,3.7717
38,Rest,258.16666666668607,0.0,3.7717
38,Rest,258.2666666666919,0.0,3.7717
38,Rest,258.3666666666977,0.0,3.7717
38,Rest,258.4666666666744,0.0,3.7717
38,Rest,258.56666666668025,0.0,3.7717
38,Rest,258.66666666668607,0.0,3.7717
38,Rest,258.7666666666919,0.0,3.7717
38,Rest,258.8666666666977,0.0,3.7717
38,Rest,258.9666666666744,0.0,3.7717
38,Rest,259.06666666668025,0.0,3.7717
38,Rest,259.16666666668607,0.0,3.7717
38,Rest,259.2666666666919,0.0,3.7717
38,Rest,259.3666666666977,0.0,3.7717
38,Rest,259.4666666666744,0.0,3.7717
38,Rest,259.56666666668025,0.0,3.7717
38,Rest,259.66666666668607,0.0,3.7717
38,Rest,259.7666666666919,0.0,3.7717
38,Rest,259.8666666666977,0.0,3.7717
38,Rest,259.9666666666744,0.0,3.7717
38,Rest,260.06666666668025,0.0,3.7717
38,Rest,260.16666666668607,0.0,3.7717
38,Rest,260.2666666666919,0.0,3.7718
38,Rest,260.3666666666977,0.0,3.7717
38,Rest,260.4666666666744,0.0,3.7717
38,Rest,260.56666666668025,0.0,3.7718
38,Rest,260.66666666668607,0.0,3.7718
38,Rest,260.7666666666919,0.0,3.7718
38,Rest,260.8666666666977,0.0,3.7718
38,Rest,260.9666666666744,0.0,3.7718
38,Rest,261.06666666668025,0.0,3.7718
38,Rest,261.16666666668607,0.0,3.7718
38,Rest,261.2666666666919,0.0,3.7718
38,Rest,261.3666666666977,0.0,3.7718
38,Rest,261.4666666666744,0.0,3.7718
38,Rest,261.56666666668025,0.0,3.7718
38,Rest,261.66666666668607,0.0,3.7718
38,Rest,261.7666666666919,0.0,3.7718
38,Rest,261.8666666666977,0.0,3.7719
38,Rest,261.9666666666744,0.0,3.7718
38,Rest,262.06666666668025,0.0,3.7718
38,Rest,262.16666666668607,0.0,3.7718
38,Rest,262.2666666666919,0.0,3.7718
38,Rest,262.3666666666977,0.0,3.7718
38,Rest,262.4666666666744,0.0,3.7719
38,Rest,262.56666666668025,0.0,3.7719
38,Rest,262.66666666668607,0.0,3.7719
38,Rest,262.7666666666919,0.0,3.7719
38,Rest,262.8666666666977,0.0,3.7719
38,Rest,262.9666666666744,0.0,3.7719
38,Rest,263.06666666668025,0.0,3.7719
38,Rest,263.16666666668607,0.0,3.7719
38,Rest,263.2666666666919,0.0,3.7719
38,Rest,263.3666666666977,0.0,3.7719
38,Rest,263.4666666666744,0.0,3.7719
38,Rest,263.56666666668025,0.0,3.7719
38,Rest,263.66666666668607,0.0,3.7719
38,Rest,263.7666666666919,0.0,3.7719
38,Rest,263.8666666666977,0.0,3.772
38,Rest,263.9666666666744,0.0,3.7719
38,Rest,264.06666666668025,0.0,3.7719
38,Rest,264.16666666668607,0.0,3.7719
38,Rest,264.2666666666919,0.0,3.7719
38,Rest,264.3666666666977,0.0,3.7719
38,Rest,264.4666666666744,0.0,3.7719
38,Rest,264.56666666668025,0.0,3.772
38,Rest,264.66666666668607,0.0,3.7719
38,Rest,264.7666666666919,0.0,3.7719
38,Rest,264.8666666666977,0.0,3.7719
38,Rest,264.9666666666744,0.0,3.772
38,Rest,265.06666666668025,0.0,3.7719
38,Rest,265.16666666668607,0.0,3.772
38,Rest,265.2666666666919,0.0,3.772
38,Rest,265.3666666666977,0.0,3.7719
38,Rest,265.4666666666744,0.0,3.7719
38,Rest,265.56666666668025,0.0,3.7719
38,Rest,265.66666666668607,0.0,3.772
38,Rest,265.7666666666919,0.0,3.772
38,Rest,265.8666666666977,0.0,3.772
38,Rest,265.9666666666744,0.0,3.772
38,Rest,266.06666666668025,0.0,3.772
38,Rest,266.16666666668607,0.0,3.772
38,Rest,266.2666666666919,0.0,3.772
38,Rest,266.3666666666977,0.0,3.772
38,Rest,266.4666666666744,0.0,3.772
38,Rest,266.56666666668025,0.0,3.772
38,Rest,266.66666666668607,0.0,3.772
38,Rest,266.7666666666919,0.0,3.772
38,Rest,266.8666666666977,0.0,3.772
38,Rest,266.9666666666744,0.0,3.7721
38,Rest,267.06666666668025,0.0,3.7721
38,Rest,267.16666666668607,0.0,3.7721
38,Rest,267.2666666666919,0.0,3.772
38,Rest,267.3666666666977,0.0,3.772
38,Rest,267.4666666666744,0.0,3.772
38,Rest,267.56666666668025,0.0,3.772
38,Rest,267.66666666668607,0.0,3.772
38,Rest,267.7666666666919,0.0,3.772
38,Rest,267.8666666666977,0.0,3.7721
38,Rest,267.9666666666744,0.0,3.7721
38,Rest,268.06666666668025,0.0,3.7721
38,Rest,268.16666666668607,0.0,3.7721
38,Rest,268.2666666666919,0.0,3.7721
38,Rest,268.3666666666977,0.0,3.7721
38,Rest,268.4666666666744,0.0,3.7721
38,Rest,268.56666666668025,0.0,3.7721
38,Rest,268.66666666668607,0.0,3.7722
38,Rest,268.7666666666919,0.0,3.7721
38,Rest,268.8666666666977,0.0,3.772
38,Rest,268.9666666666744,0.0,3.7721
38,Rest,269.06666666668025,0.0,3.7721
38,Rest,269.16666666668607,0.0,3.7721
38,Rest,269.2666666666919,0.0,3.7721
38,Rest,269.3666666666977,0.0,3.7722
38,Rest,269.4666666666744,0.0,3.7721
38,Rest,269.56666666668025,0.0,3.7721
38,Rest,269.66666666668607,0.0,3.7721
38,Rest,269.7666666666919,0.0,3.7721
38,Rest,269.8666666666977,0.0,3.7722
38,Rest,269.9666666666744,0.0,3.7722
38,Rest,270.06666666668025,0.0,3.7722
38,Rest,270.16666666668607,0.0,3.7722
38,Rest,270.2666666666919,0.0,3.7722
38,Rest,270.3666666666977,0.0,3.7722
38,Rest,270.4666666666744,0.0,3.7722
38,Rest,270.56666666668025,0.0,3.7722
38,Rest,270.66666666668607,0.0,3.7722
38,Rest,270.7666666666919,0.0,3.7722
38,Rest,270.8666666666977,0.0,3.7722
38,Rest,270.9666666666744,0.0,3.7722
38,Rest,271.06666666668025,0.0,3.7722
38,Rest,271.16666666668607,0.0,3.7722
38,Rest,271.2666666666919,0.0,3.7722
38,Rest,271.3666666666977,0.0,3.7722
38,Rest,271.4666666666744,0.0,3.7722
38,Rest,271.56666666668025,0.0,3.7722
38,Rest,271.66666666668607,0.0,3.7722
38,Rest,271.7666666666919,0.0,3.7722
38,Rest,271.8666666666977,0.0,3.7722
38,Rest,271.9666666666744,0.0,3.7722
38,Rest,272.06666666668025,0.0,3.7722
38,Rest,272.16666666668607,0.0,3.7723
38,Rest,272.2666666666919,0.0,3.7723
38,Rest,272.3666666666977,0.0,3.7723
38,Rest,272.4666666666744,0.0,3.7723
38,Rest,272.56666666668025,0.0,3.7722
38,Rest,272.66666666668607,0.0,3.7722
38,Rest,272.7666666666919,0.0,3.7723
38,Rest,272.8666666666977,0.0,3.7723
38,Rest,272.9666666666744,0.0,3.7722
38,Rest,273.06666666668025,0.0,3.7723
38,Rest,273.16666666668607,0.0,3.7723
38,Rest,273.2666666666919,0.0,3.7722
38,Rest,273.3666666666977,0.0,3.7723
38,Rest,273.4666666666744,0.0,3.7723
38,Rest,273.56666666668025,0.0,3.7723
38,Rest,273.66666666668607,0.0,3.7723
38,Rest,273.7666666666919,0.0,3.7723
38,Rest,273.8666666666977,0.0,3.7723
38,Rest,273.9666666666744,0.0,3.7723
38,Rest,274.06666666668025,0.0,3.7723
38,Rest,274.16666666668607,0.0,3.7723
38,Rest,274.2666666666919,0.0,3.7723
38,Rest,274.3666666666977,0.0,3.7723
38,Rest,274.4666666666744,0.0,3.7723
38,Rest,274.56666666668025,0.0,3.7724
38,Rest,274.66666666668607,0.0,3.7723
38,Rest,274.7666666666919,0.0,3.7723
38,Rest,274.8666666666977,0.0,3.7723
38,Rest,274.9666666666744,0.0,3.7723
38,Rest,275.06666666668025,0.0,3.7724
38,Rest,275.16666666668607,0.0,3.7724
38,Rest,275.2666666666919,0.0,3.7724
38,Rest,275.3666666666977,0.0,3.7723
38,Rest,275.4666666666744,0.0,3.7723
38,Rest,275.56666666668025,0.0,3.7724
38,Rest,275.66666666668607,0.0,3.7724
38,Rest,275.7666666666919,0.0,3.7724
38,Rest,275.8666666666977,0.0,3.7724
38,Rest,275.9666666666744,0.0,3.7724
38,Rest,276.06666666668025,0.0,3.7724
38,Rest,276.16666666668607,0.0,3.7724
38,Rest,276.2666666666919,0.0,3.7724
38,Rest,276.3666666666977,0.0,3.7723
38,Rest,276.4666666666744,0.0,3.7724
38,Rest,276.56666666668025,0.0,3.7724
38,Rest,276.66666666668607,0.0,3.7724
38,Rest,276.7666666666919,0.0,3.7724
38,Rest,276.8666666666977,0.0,3.7724
38,Rest,276.9666666666744,0.0,3.7724
38,Rest,277.06666666668025,0.0,3.7724
38,Rest,277.16666666668607,0.0,3.7724
38,Rest,277.2666666666919,0.0,3.7724
38,Rest,277.3666666666977,0.0,3.7724
38,Rest,277.4666666666744,0.0,3.7724
38,Rest,277.56666666668025,0.0,3.7724
38,Rest,277.66666666668607,0.0,3.7724
38,Rest,277.7666666666919,0.0,3.7724
38,Rest,277.8666666666977,0.0,3.7725
38,Rest,277.9666666666744,0.0,3.7724
38,Rest,278.06666666668025,0.0,3.7724
38,Rest,278.16666666668607,0.0,3.7724
38,Rest,278.2666666666919,0.0,3.7724
38,Rest,278.3666666666977,0.0,3.7725
38,Rest,278.4666666666744,0.0,3.7725
38,Rest,278.56666666668025,0.0,3.7724
38,Rest,278.66666666668607,0.0,3.7724
38,Rest,278.7666666666919,0.0,3.7725
38,Rest,278.8666666666977,0.0,3.7725
38,Rest,278.9666666666744,0.0,3.7725
38,Rest,279.06666666668025,0.0,3.7725
38,Rest,279.16666666668607,0.0,3.7725
38,Rest,279.2666666666919,0.0,3.7725
38,Rest,279.3666666666977,0.0,3.7725
38,Rest,279.4666666666744,0.0,3.7725
38,Rest,279.56666666668025,0.0,3.7725
38,Rest,279.66666666668607,0.0,3.7725
38,Rest,279.7666666666919,0.0,3.7725
38,Rest,279.8666666666977,0.0,3.7725
38,Rest,279.9666666666744,0.0,3.7725
38,Rest,280.06666666668025,0.0,3.7725
38,Rest,280.16666666668607,0.0,3.7725
38,Rest,280.2666666666919,0.0,3.7725
38,Rest,280.3666666666977,0.0,3.7725
38,Rest,280.4666666666744,0.0,3.7725
38,Rest,280.56666666668025,0.0,3.7725
38,Rest,280.66666666668607,0.0,3.7725
38,Rest,280.7666666666919,0.0,3.7725
38,Rest,280.8666666666977,0.0,3.7725
38,Rest,280.9666666666744,0.0,3.7725
38,Rest,281.06666666668025,0.0,3.7726
38,Rest,281.16666666668607,0.0,3.7725
38,Rest,281.2666666666919,0.0,3.7725
38,Rest,281.3666666666977,0.0,3.7725
38,Rest,281.4666666666744,0.0,3.7726
38,Rest,281.56666666668025,0.0,3.7725
38,Rest,281.66666666668607,0.0,3.7726
38,Rest,281.7666666666919,0.0,3.7726
38,Rest,281.8666666666977,0.0,3.7726
38,Rest,281.9666666666744,0.0,3.7726
38,Rest,282.06666666668025,0.0,3.7725
38,Rest,282.16666666668607,0.0,3.7726
38,Rest,282.2666666666919,0.0,3.7726
38,Rest,282.3666666666977,0.0,3.7726
38,Rest,282.4666666666744,0.0,3.7726
38,Rest,282.56666666668025,0.0,3.7726
38,Rest,282.66666666668607,0.0,3.7726
38,Rest,282.7666666666919,0.0,3.7726
38,Rest,282.8666666666977,0.0,3.7726
38,Rest,282.9666666666744,0.0,3.7726
38,Rest,283.06666666668025,0.0,3.7726
38,Rest,283.16666666668607,0.0,3.7726
38,Rest,283.2666666666919,0.0,3.7726
38,Rest,283.3666666666977,0.0,3.7726
38,Rest,283.4666666666744,0.0,3.7726
38,Rest,283.56666666668025,0.0,3.7726
38,Rest,283.66666666668607,0.0,3.7726
38,Rest,283.7666666666919,0.0,3.7726
38,Rest,283.8666666666977,0.0,3.7726
38,Rest,283.9666666666744,0.0,3.7726
38,Rest,284.06666666668025,0.0,3.7726
38,Rest,284.16666666668607,0.0,3.7726
38,Rest,284.2666666666919,0.0,3.7726
38,Rest,284.3666666666977,0.0,3.7726
38,Rest,284.4666666666744,0.0,3.7726
38,Rest,284.56666666668025,0.0,3.7726
38,Rest,284.66666666668607,0.0,3.7727
38,Rest,284.7666666666919,0.0,3.7727
38,Rest,284.8666666666977,0.0,3.7727
38,Rest,284.9666666666744,0.0,3.7727
38,Rest,285.06666666668025,0.0,3.7726
38,Rest,285.16666666668607,0.0,3.7727
38,Rest,285.2666666666919,0.0,3.7727
38,Rest,285.3666666666977,0.0,3.7727
38,Rest,285.4666666666744,0.0,3.7727
38,Rest,285.56666666668025,0.0,3.7727
38,Rest,285.66666666668607,0.0,3.7727
38,Rest,285.7666666666919,0.0,3.7727
38,Rest,285.8666666666977,0.0,3.7727
38,Rest,285.9666666666744,0.0,3.7727
38,Rest,286.06666666668025,0.0,3.7727
38,Rest,286.16666666668607,0.0,3.7727
38,Rest,286.2666666666919,0.0,3.7727
38,Rest,286.3666666666977,0.0,3.7727
38,Rest,286.4666666666744,0.0,3.7727
38,Rest,286.56666666668025,0.0,3.7727
38,Rest,286.66666666668607,0.0,3.7727
38,Rest,286.7666666666919,0.0,3.7727
38,Rest,286.8666666666977,0.0,3.7727
38,Rest,286.9666666666744,0.0,3.7727
38,Rest,287.06666666668025,0.0,3.7727
38,Rest,287.16666666668607,0.0,3.7727
38,Rest,287.2666666666919,0.0,3.7727
38,Rest,287.3666666666977,0.0,3.7727
38,Rest,287.4666666666744,0.0,3.7727
38,Rest,287.56666666668025,0.0,3.7727
38,Rest,287.66666666668607,0.0,3.7727
38,Rest,287.7666666666919,0.0,3.7727
38,Rest,287.8666666666977,0.0,3.7728
38,Rest,287.9666666666744,0.0,3.7727
38,Rest,288.06666666668025,0.0,3.7727
38,Rest,288.16666666668607,0.0,3.7727
38,Rest,288.2666666666919,0.0,3.7727
38,Rest,288.3666666666977,0.0,3.7727
38,Rest,288.4666666666744,0.0,3.7728
38,Rest,288.56666666668025,0.0,3.7728
38,Rest,288.66666666668607,0.0,3.7728
38,Rest,288.7666666666919,0.0,3.7728
38,Rest,288.8666666666977,0.0,3.7728
38,Rest,288.9666666666744,0.0,3.7728
38,Rest,289.06666666668025,0.0,3.7727
38,Rest,289.16666666668607,0.0,3.7728
38,Rest,289.2666666666919,0.0,3.7728
38,Rest,289.3666666666977,0.0,3.7728
38,Rest,289.4666666666744,0.0,3.7728
38,Rest,289.56666666668025,0.0,3.7728
38,Rest,289.66666666668607,0.0,3.7727
38,Rest,289.7666666666919,0.0,3.7728
38,Rest,289.8666666666977,0.0,3.7728
38,Rest,289.9666666666744,0.0,3.7728
38,Rest,290.06666666668025,0.0,3.7728
38,Rest,290.16666666668607,0.0,3.7728
38,Rest,290.2666666666919,0.0,3.7728
38,Rest,290.3666666666977,0.0,3.7728
38,Rest,290.4666666666744,0.0,3.7728
38,Rest,290.56666666668025,0.0,3.7728
38,Rest,290.66666666668607,0.0,3.7729
38,Rest,290.7666666666919,0.0,3.7728
38,Rest,290.8666666666977,0.0,3.7728
38,Rest,290.9666666666744,0.0,3.7728
38,Rest,291.06666666668025,0.0,3.7728
38,Rest,291.16666666668607,0.0,3.7729
38,Rest,291.2666666666919,0.0,3.7728
38,Rest,291.3666666666977,0.0,3.7728
38,Rest,291.4666666666744,0.0,3.7729
38,Rest,291.56666666668025,0.0,3.7729
38,Rest,291.66666666668607,0.0,3.7728
38,Rest,291.7666666666919,0.0,3.7728
38,Rest,291.8666666666977,0.0,3.7728
38,Rest,291.9666666666744,0.0,3.7728
38,Rest,292.06666666668025,0.0,3.7728
38,Rest,292.16666666668607,0.0,3.7728
38,Rest,292.2666666666919,0.0,3.7728
38,Rest,292.3666666666977,0.0,3.7728
38,Rest,292.4666666666744,0.0,3.7728
38,Rest,292.56666666668025,0.0,3.7729
38,Rest,292.66666666668607,0.0,3.7729
38,Rest,292.7666666666919,0.0,3.7729
38,Rest,292.8666666666977,0.0,3.7729
38,Rest,292.9666666666744,0.0,3.7729
38,Rest,293.06666666668025,0.0,3.7729
38,Rest,293.16666666668607,0.0,3.7729
38,Rest,293.2666666666919,0.0,3.7729
38,Rest,293.3666666666977,0.0,3.7729
38,Rest,293.4666666666744,0.0,3.7729
38,Rest,293.56666666668025,0.0,3.7729
38,Rest,293.66666666668607,0.0,3.7729
38,Rest,293.7666666666919,0.0,3.7729
38,Rest,293.8666666666977,0.0,3.7729
38,Rest,293.9666666666744,0.0,3.7729
38,Rest,294.06666666668025,0.0,3.7729
38,Rest,294.16666666668607,0.0,3.7729
38,Rest,294.2666666666919,0.0,3.7729
38,Rest,294.3666666666977,0.0,3.7729
38,Rest,294.4666666666744,0.0,3.7729
38,Rest,294.56666666668025,0.0,3.7729
38,Rest,294.66666666668607,0.0,3.7729
38,Rest,294.7666666666919,0.0,3.773
38,Rest,294.8666666666977,0.0,3.7729
38,Rest,294.9666666666744,0.0,3.7729
38,Rest,295.06666666668025,0.0,3.7729
38,Rest,295.16666666668607,0.0,3.773
38,Rest,295.2666666666919,0.0,3.7729
38,Rest,295.3666666666977,0.0,3.7729
38,Rest,295.4666666666744,0.0,3.7729
38,Rest,295.56666666668025,0.0,3.7729
38,Rest,295.66666666668607,0.0,3.773
38,Rest,295.7666666666919,0.0,3.773
38,Rest,295.8666666666977,0.0,3.773
38,Rest,295.9666666666744,0.0,3.773
38,Rest,296.06666666668025,0.0,3.773
38,Rest,296.16666666668607,0.0,3.773
38,Rest,296.2666666666919,0.0,3.773
38,Rest,296.3666666666977,0.0,3.773
38,Rest,296.4666666666744,0.0,3.773
38,Rest,296.56666666668025,0.0,3.773
38,Rest,296.66666666668607,0.0,3.773
38,Rest,296.7666666666919,0.0,3.773
38,Rest,296.8666666666977,0.0,3.773
38,Rest,296.9666666666744,0.0,3.7729
38,Rest,297.06666666668025,0.0,3.773
38,Rest,297.16666666668607,0.0,3.773
38,Rest,297.2666666666919,0.0,3.773
38,Rest,297.3666666666977,0.0,3.773
38,Rest,297.4666666666744,0.0,3.773
38,Rest,297.56666666668025,0.0,3.773
38,Rest,297.66666666668607,0.0,3.773
38,Rest,297.7666666666919,0.0,3.773
38,Rest,297.8666666666977,0.0,3.773
38,Rest,297.9666666666744,0.0,3.773
38,Rest,298.06666666668025,0.0,3.773
38,Rest,298.16666666668607,0.0,3.773
38,Rest,298.2666666666919,0.0,3.773
38,Rest,298.3666666666977,0.0,3.773
38,Rest,298.4666666666744,0.0,3.773
38,Rest,298.56666666668025,0.0,3.773
38,Rest,298.66666666668607,0.0,3.773
38,Rest,298.7666666666919,0.0,3.773
38,Rest,298.8666666666977,0.0,3.773
38,Rest,298.9666666666744,0.0,3.7731
38,Rest,299.06666666668025,0.0,3.7731
38,Rest,299.16666666668607,0.0,3.7731
38,Rest,299.2666666666919,0.0,3.7731
38,Rest,299.3666666666977,0.0,3.773
38,Rest,299.4666666666744,0.0,3.7731
38,Rest,299.56666666668025,0.0,3.7731
38,Rest,299.66666666668607,0.0,3.773
38,Rest,299.7666666666919,0.0,3.773
38,Rest,299.8666666666977,0.0,3.7731
38,Rest,299.9666666666744,0.0,3.7731
38,Rest,300.06666666668025,0.0,3.7731
38,Rest,300.16666666668607,0.0,3.7731
38,Rest,300.2666666666919,0.0,3.773
38,Rest,300.3666666666977,0.0,3.773
38,Rest,300.4666666666744,0.0,3.7731
38,Rest,300.56666666668025,0.0,3.7731
38,Rest,300.66666666668607,0.0,3.7731
38,Rest,300.7666666666919,0.0,3.7731
38,Rest,300.8666666666977,0.0,3.7731
38,Rest,300.9666666666744,0.0,3.7731
38,Rest,301.06666666668025,0.0,3.7731
38,Rest,301.16666666668607,0.0,3.7731
38,Rest,301.2666666666919,0.0,3.7731
38,Rest,301.3666666666977,0.0,3.7731
38,Rest,301.4666666666744,0.0,3.7731
38,Rest,301.56666666668025,0.0,3.7731
38,Rest,301.66666666668607,0.0,3.7731
38,Rest,301.7666666666919,0.0,3.7731
38,Rest,301.8666666666977,0.0,3.7732
38,Rest,301.9666666666744,0.0,3.7732
38,Rest,302.06666666668025,0.0,3.7731
38,Rest,302.16666666668607,0.0,3.7731
38,Rest,302.2666666666919,0.0,3.7731
38,Rest,302.3666666666977,0.0,3.7731
38,Rest,302.4666666666744,0.0,3.7731
38,Rest,302.56666666668025,0.0,3.7731
38,Rest,302.66666666668607,0.0,3.7731
38,Rest,302.7666666666919,0.0,3.7731
38,Rest,302.8666666666977,0.0,3.7731
38,Rest,302.9666666666744,0.0,3.7731
38,Rest,303.06666666668025,0.0,3.7731
38,Rest,303.16666666668607,0.0,3.7732
38,Rest,303.2666666666919,0.0,3.7732
38,Rest,303.3666666666977,0.0,3.7731
38,Rest,303.4666666666744,0.0,3.7732
38,Rest,303.56666666668025,0.0,3.7732
38,Rest,303.66666666668607,0.0,3.7732
38,Rest,303.7666666666919,0.0,3.7732
38,Rest,303.8666666666977,0.0,3.7732
38,Rest,303.9666666666744,0.0,3.7732
38,Rest,304.06666666668025,0.0,3.7732
38,Rest,304.16666666668607,0.0,3.7732
38,Rest,304.2666666666919,0.0,3.7732
38,Rest,304.3666666666977,0.0,3.7732
38,Rest,304.4666666666744,0.0,3.7732
38,Rest,304.56666666668025,0.0,3.7731
38,Rest,304.66666666668607,0.0,3.7732
38,Rest,304.7666666666919,0.0,3.7732
38,Rest,304.8666666666977,0.0,3.7732
38,Rest,304.9666666666744,0.0,3.7732
38,Rest,305.06666666668025,0.0,3.7732
38,Rest,305.16666666668607,0.0,3.7732
38,Rest,305.2666666666919,0.0,3.7732
38,Rest,305.3666666666977,0.0,3.7732
38,Rest,305.4666666666744,0.0,3.7732
38,Rest,305.56666666668025,0.0,3.7732
38,Rest,305.66666666668607,0.0,3.7732
38,Rest,305.7666666666919,0.0,3.7732
38,Rest,305.8666666666977,0.0,3.7732
38,Rest,305.9666666666744,0.0,3.7732
38,Rest,306.06666666668025,0.0,3.7732
38,Rest,306.16666666668607,0.0,3.7732
38,Rest,306.2666666666919,0.0,3.7732
38,Rest,306.3666666666977,0.0,3.7733
38,Rest,306.4666666666744,0.0,3.7732
38,Rest,306.56666666668025,0.0,3.7732
38,Rest,306.66666666668607,0.0,3.7732
38,Rest,306.7666666666919,0.0,3.7732
38,Rest,306.8666666666977,0.0,3.7732
38,Rest,306.9666666666744,0.0,3.7732
38,Rest,307.06666666668025,0.0,3.7732
38,Rest,307.16666666668607,0.0,3.7732
38,Rest,307.2666666666919,0.0,3.7732
38,Rest,307.3666666666977,0.0,3.7732
38,Rest,307.4666666666744,0.0,3.7732
38,Rest,307.56666666668025,0.0,3.7732
38,Rest,307.66666666668607,0.0,3.7732
38,Rest,307.7666666666919,0.0,3.7732
38,Rest,307.8666666666977,0.0,3.7732
38,Rest,307.9666666666744,0.0,3.7732
38,Rest,308.06666666668025,0.0,3.7733
38,Rest,308.16666666668607,0.0,3.7733
38,Rest,308.2666666666919,0.0,3.7732
38,Rest,308.3666666666977,0.0,3.7733
38,Rest,308.4666666666744,0.0,3.7733
38,Rest,308.56666666668025,0.0,3.7733
38,Rest,308.66666666668607,0.0,3.7732
38,Rest,308.7666666666919,0.0,3.7733
38,Rest,308.8666666666977,0.0,3.7733
38,Rest,308.9666666666744,0.0,3.7733
38,Rest,309.06666666668025,0.0,3.7732
38,Rest,309.16666666668607,0.0,3.7732
38,Rest,309.2666666666919,0.0,3.7733
38,Rest,309.3666666666977,0.0,3.7733
38,Rest,309.4666666666744,0.0,3.7733
38,Rest,309.56666666668025,0.0,3.7733
38,Rest,309.66666666668607,0.0,3.7733
38,Rest,309.7666666666919,0.0,3.7733
38,Rest,309.8666666666977,0.0,3.7733
38,Rest,309.9666666666744,0.0,3.7733
38,Rest,310.06666666668025,0.0,3.7733
38,Rest,310.16666666668607,0.0,3.7733
38,Rest,310.2666666666919,0.0,3.7733
38,Rest,310.3666666666977,0.0,3.7733
38,Rest,310.4666666666744,0.0,3.7733
38,Rest,310.56666666668025,0.0,3.7733
38,Rest,310.66666666668607,0.0,3.7733
38,Rest,310.7666666666919,0.0,3.7733
38,Rest,310.8666666666977,0.0,3.7733
38,Rest,310.9666666666744,0.0,3.7733
38,Rest,311.06666666668025,0.0,3.7733
38,Rest,311.16666666668607,0.0,3.7733
38,Rest,311.2666666666919,0.0,3.7733
38,Rest,311.3666666666977,0.0,3.7733
38,Rest,311.4666666666744,0.0,3.7733
38,Rest,311.56666666668025,0.0,3.7733
38,Rest,311.66666666668607,0.0,3.7733
38,Rest,311.7666666666919,0.0,3.7733
38,Rest,311.8666666666977,0.0,3.7733
38,Rest,311.9666666666744,0.0,3.7733
38,Rest,312.06666666668025,0.0,3.7733
38,Rest,312.16666666668607,0.0,3.7733
38,Rest,312.2666666666919,0.0,3.7734
38,Rest,312.3666666666977,0.0,3.7734
38,Rest,312.4666666666744,0.0,3.7734
38,Rest,312.56666666668025,0.0,3.7734
38,Rest,312.66666666668607,0.0,3.7733
38,Rest,312.7666666666919,0.0,3.7734
38,Rest,312.8666666666977,0.0,3.7734
38,Rest,312.9666666666744,0.0,3.7734
38,Rest,313.06666666668025,0.0,3.7734
38,Rest,313.16666666668607,0.0,3.7733
38,Rest,313.2666666666919,0.0,3.7734
38,Rest,313.3666666666977,0.0,3.7734
38,Rest,313.4666666666744,0.0,3.7734
38,Rest,313.56666666668025,0.0,3.7734
38,Rest,313.66666666668607,0.0,3.7733
38,Rest,313.7666666666919,0.0,3.7733
38,Rest,313.8666666666977,0.0,3.7734
38,Rest,313.9666666666744,0.0,3.7734
38,Rest,314.06666666668025,0.0,3.7734
38,Rest,314.16666666668607,0.0,3.7734
38,Rest,314.2666666666919,0.0,3.7734
38,Rest,314.3666666666977,0.0,3.7734
38,Rest,314.4666666666744,0.0,3.7734
38,Rest,314.56666666668025,0.0,3.7734
38,Rest,314.66666666668607,0.0,3.7734
38,Rest,314.7666666666919,0.0,3.7734
38,Rest,314.8666666666977,0.0,3.7734
38,Rest,314.9666666666744,0.0,3.7734
38,Rest,315.06666666668025,0.0,3.7734
38,Rest,315.16666666668607,0.0,3.7734
38,Rest,315.2666666666919,0.0,3.7734
38,Rest,315.3666666666977,0.0,3.7734
38,Rest,315.4666666666744,0.0,3.7734
38,Rest,315.56666666668025,0.0,3.7734
38,Rest,315.66666666668607,0.0,3.7734
38,Rest,315.7666666666919,0.0,3.7735
38,Rest,315.8666666666977,0.0,3.7735
38,Rest,315.9666666666744,0.0,3.7734
38,Rest,316.06666666668025,0.0,3.7734
38,Rest,316.16666666668607,0.0,3.7735
38,Rest,316.2666666666919,0.0,3.7735
38,Rest,316.3666666666977,0.0,3.7735
38,Rest,316.4666666666744,0.0,3.7734
38,Rest,316.56666666668025,0.0,3.7734
38,Rest,316.66666666668607,0.0,3.7735
38,Rest,316.7666666666919,0.0,3.7735
38,Rest,316.8666666666977,0.0,3.7735
38,Rest,316.9666666666744,0.0,3.7735
38,Rest,317.06666666668025,0.0,3.7735
38,Rest,317.16666666668607,0.0,3.7734
38,Rest,317.2666666666919,0.0,3.7735
38,Rest,317.3666666666977,0.0,3.7734
38,Rest,317.4666666666744,0.0,3.7734
38,Rest,317.56666666668025,0.0,3.7735
38,Rest,317.66666666668607,0.0,3.7735
38,Rest,317.7666666666919,0.0,3.7735
38,Rest,317.8666666666977,0.0,3.7735
38,Rest,317.9666666666744,0.0,3.7735
38,Rest,318.06666666668025,0.0,3.7735
38,Rest,318.16666666668607,0.0,3.7735
38,Rest,318.2666666666919,0.0,3.7735
38,Rest,318.3666666666977,0.0,3.7735
38,Rest,318.4666666666744,0.0,3.7735
38,Rest,318.56666666668025,0.0,3.7735
38,Rest,318.66666666668607,0.0,3.7735
38,Rest,318.7666666666919,0.0,3.7735
38,Rest,318.8666666666977,0.0,3.7735
38,Rest,318.9666666666744,0.0,3.7735
38,Rest,319.06666666668025,0.0,3.7735
38,Rest,319.16666666668607,0.0,3.7735
38,Rest,319.2666666666919,0.0,3.7735
38,Rest,319.3666666666977,0.0,3.7735
38,Rest,319.4666666666744,0.0,3.7735
38,Rest,319.56666666668025,0.0,3.7735
38,Rest,319.66666666668607,0.0,3.7735
38,Rest,319.7666666666919,0.0,3.7735
38,Rest,319.8666666666977,0.0,3.7735
38,Rest,319.9666666666744,0.0,3.7735
38,Rest,320.06666666668025,0.0,3.7735
38,Rest,320.16666666668607,0.0,3.7735
38,Rest,320.2666666666919,0.0,3.7735
38,Rest,320.3666666666977,0.0,3.7735
38,Rest,320.4666666666744,0.0,3.7735
38,Rest,320.56666666668025,0.0,3.7735
38,Rest,320.66666666668607,0.0,3.7736
38,Rest,320.7666666666919,0.0,3.7736
38,Rest,320.8666666666977,0.0,3.7736
38,Rest,320.9666666666744,0.0,3.7735
38,Rest,321.06666666668025,0.0,3.7735
38,Rest,321.16666666668607,0.0,3.7735
38,Rest,321.2666666666919,0.0,3.7736
38,Rest,321.3666666666977,0.0,3.7735
38,Rest,321.4666666666744,0.0,3.7736
38,Rest,321.56666666668025,0.0,3.7736
38,Rest,321.66666666668607,0.0,3.7736
38,Rest,321.7666666666919,0.0,3.7735
38,Rest,321.8666666666977,0.0,3.7736
38,Rest,321.9666666666744,0.0,3.7736
38,Rest,322.06666666668025,0.0,3.7736
38,Rest,322.16666666668607,0.0,3.7736
38,Rest,322.2666666666919,0.0,3.7736
38,Rest,322.3666666666977,0.0,3.7735
38,Rest,322.4666666666744,0.0,3.7735
38,Rest,322.56666666668025,0.0,3.7736
38,Rest,322.66666666668607,0.0,3.7736
38,Rest,322.7666666666919,0.0,3.7736
38,Rest,322.8666666666977,0.0,3.7736
38,Rest,322.9666666666744,0.0,3.7736
38,Rest,323.06666666668025,0.0,3.7736
38,Rest,323.16666666668607,0.0,3.7736
38,Rest,323.2666666666919,0.0,3.7736
38,Rest,323.3666666666977,0.0,3.7736
38,Rest,323.4666666666744,0.0,3.7736
38,Rest,323.56666666668025,0.0,3.7736
38,Rest,323.66666666668607,0.0,3.7736
38,Rest,323.7666666666919,0.0,3.7736
38,Rest,323.8666666666977,0.0,3.7736
38,Rest,323.9666666666744,0.0,3.7736
38,Rest,324.06666666668025,0.0,3.7736
38,Rest,324.16666666668607,0.0,3.7736
38,Rest,324.2666666666919,0.0,3.7736
38,Rest,324.3666666666977,0.0,3.7736
38,Rest,324.4666666666744,0.0,3.7736
38,Rest,324.56666666668025,0.0,3.7736
38,Rest,324.66666666668607,0.0,3.7736
38,Rest,324.7666666666919,0.0,3.7737
38,Rest,324.8666666666977,0.0,3.7736
38,Rest,324.9666666666744,0.0,3.7736
38,Rest,325.06666666668025,0.0,3.7736
38,Rest,325.16666666668607,0.0,3.7736
38,Rest,325.2666666666919,0.0,3.7736
38,Rest,325.3666666666977,0.0,3.7736
38,Rest,325.4666666666744,0.0,3.7736
38,Rest,325.56666666668025,0.0,3.7736
38,Rest,325.66666666668607,0.0,3.7736
38,Rest,325.7666666666919,0.0,3.7736
38,Rest,325.8666666666977,0.0,3.7737
38,Rest,325.9666666666744,0.0,3.7736
38,Rest,326.06666666668025,0.0,3.7736
38,Rest,326.16666666668607,0.0,3.7736
38,Rest,326.2666666666919,0.0,3.7736
38,Rest,326.3666666666977,0.0,3.7736
38,Rest,326.4666666666744,0.0,3.7736
38,Rest,326.56666666668025,0.0,3.7736
38,Rest,326.66666666668607,0.0,3.7737
38,Rest,326.7666666666919,0.0,3.7737
38,Rest,326.8666666666977,0.0,3.7737
38,Rest,326.9666666666744,0.0,3.7736
38,Rest,327.06666666668025,0.0,3.7736
38,Rest,327.16666666668607,0.0,3.7737
38,Rest,327.2666666666919,0.0,3.7736
38,Rest,327.3666666666977,0.0,3.7737
38,Rest,327.4666666666744,0.0,3.7737
38,Rest,327.56666666668025,0.0,3.7737
38,Rest,327.66666666668607,0.0,3.7737
38,Rest,327.7666666666919,0.0,3.7737
38,Rest,327.8666666666977,0.0,3.7737
38,Rest,327.9666666666744,0.0,3.7737
38,Rest,328.06666666668025,0.0,3.7737
38,Rest,328.16666666668607,0.0,3.7737
38,Rest,328.2666666666919,0.0,3.7737
38,Rest,328.3666666666977,0.0,3.7737
38,Rest,328.4666666666744,0.0,3.7737
38,Rest,328.56666666668025,0.0,3.7737
38,Rest,328.66666666668607,0.0,3.7737
38,Rest,328.7666666666919,0.0,3.7737
38,Rest,328.8666666666977,0.0,3.7737
38,Rest,328.9666666666744,0.0,3.7737
38,Rest,329.06666666668025,0.0,3.7737
38,Rest,329.16666666668607,0.0,3.7737
38,Rest,329.2666666666919,0.0,3.7737
38,Rest,329.3666666666977,0.0,3.7737
38,Rest,329.4666666666744,0.0,3.7737
38,Rest,329.56666666668025,0.0,3.7737
38,Rest,329.66666666668607,0.0,3.7737
38,Rest,329.7666666666919,0.0,3.7737
38,Rest,329.8666666666977,0.0,3.7737
38,Rest,329.9666666666744,0.0,3.7737
38,Rest,330.06666666668025,0.0,3.7737
38,Rest,330.16666666668607,0.0,3.7737
38,Rest,330.2666666666919,0.0,3.7737
38,Rest,330.3666666666977,0.0,3.7737
38,Rest,330.4666666666744,0.0,3.7737
38,Rest,330.56666666668025,0.0,3.7737
38,Rest,330.66666666668607,0.0,3.7737
38,Rest,330.7666666666919,0.0,3.7737
38,Rest,330.8666666666977,0.0,3.7737
38,Rest,330.9666666666744,0.0,3.7737
38,Rest,331.06666666668025,0.0,3.7737
38,Rest,331.16666666668607,0.0,3.7737
38,Rest,331.2666666666919,0.0,3.7737
38,Rest,331.3666666666977,0.0,3.7737
38,Rest,331.4666666666744,0.0,3.7737
38,Rest,331.56666666668025,0.0,3.7737
38,Rest,331.66666666668607,0.0,3.7737
38,Rest,331.7666666666919,0.0,3.7737
38,Rest,331.8666666666977,0.0,3.7737
38,Rest,331.9666666666744,0.0,3.7737
38,Rest,332.06666666668025,0.0,3.7738
38,Rest,332.16666666668607,0.0,3.7738
38,Rest,332.2666666666919,0.0,3.7738
38,Rest,332.3666666666977,0.0,3.7737
38,Rest,332.4666666666744,0.0,3.7738
38,Rest,332.56666666668025,0.0,3.7738
38,Rest,332.66666666668607,0.0,3.7738
38,Rest,332.7666666666919,0.0,3.7738
38,Rest,332.8666666666977,0.0,3.7738
38,Rest,332.9666666666744,0.0,3.7738
38,Rest,333.06666666668025,0.0,3.7737
38,Rest,333.16666666668607,0.0,3.7738
38,Rest,333.2666666666919,0.0,3.7738
38,Rest,333.3666666666977,0.0,3.7738
38,Rest,333.4666666666744,0.0,3.7738
38,Rest,333.56666666668025,0.0,3.7738
38,Rest,333.66666666668607,0.0,3.7738
38,Rest,333.7666666666919,0.0,3.7738
38,Rest,333.8666666666977,0.0,3.7738
38,Rest,333.9666666666744,0.0,3.7738
38,Rest,334.06666666668025,0.0,3.7738
38,Rest,334.16666666668607,0.0,3.7738
38,Rest,334.2666666666919,0.0,3.7738
38,Rest,334.3666666666977,0.0,3.7738
38,Rest,334.4666666666744,0.0,3.7738
38,Rest,334.56666666668025,0.0,3.7738
38,Rest,334.66666666668607,0.0,3.7738
38,Rest,334.7666666666919,0.0,3.7738
38,Rest,334.8666666666977,0.0,3.7738
38,Rest,334.9666666666744,0.0,3.7738
38,Rest,335.06666666668025,0.0,3.7738
38,Rest,335.16666666668607,0.0,3.7738
38,Rest,335.2666666666919,0.0,3.7738
38,Rest,335.3666666666977,0.0,3.7738
38,Rest,335.4666666666744,0.0,3.7738
38,Rest,335.56666666668025,0.0,3.7738
38,Rest,335.66666666668607,0.0,3.7738
38,Rest,335.7666666666919,0.0,3.7738
38,Rest,335.8666666666977,0.0,3.7738
38,Rest,335.9666666666744,0.0,3.7738
38,Rest,336.06666666668025,0.0,3.7738
38,Rest,336.16666666668607,0.0,3.7738
38,Rest,336.2666666666919,0.0,3.7738
38,Rest,336.3666666666977,0.0,3.7738
38,Rest,336.4666666666744,0.0,3.7738
38,Rest,336.56666666668025,0.0,3.7739
38,Rest,336.66666666668607,0.0,3.7739
38,Rest,336.7666666666919,0.0,3.7739
38,Rest,336.8666666666977,0.0,3.7738
38,Rest,336.9666666666744,0.0,3.7738
38,Rest,337.06666666668025,0.0,3.7738
38,Rest,337.16666666668607,0.0,3.7739
38,Rest,337.2666666666919,0.0,3.7739
38,Rest,337.3666666666977,0.0,3.7738
38,Rest,337.4666666666744,0.0,3.7738
38,Rest,337.56666666668025,0.0,3.7739
38,Rest,337.66666666668607,0.0,3.7739
38,Rest,337.7666666666919,0.0,3.7738
38,Rest,337.8666666666977,0.0,3.7738
38,Rest,337.9666666666744,0.0,3.7739
38,Rest,338.06666666668025,0.0,3.7739
38,Rest,338.16666666668607,0.0,3.7738
38,Rest,338.2666666666919,0.0,3.7738
38,Rest,338.3666666666977,0.0,3.7739
38,Rest,338.4666666666744,0.0,3.7739
38,Rest,338.56666666668025,0.0,3.7739
38,Rest,338.66666666668607,0.0,3.7739
38,Rest,338.7666666666919,0.0,3.7738
38,Rest,338.8666666666977,0.0,3.7738
38,Rest,338.9666666666744,0.0,3.7738
38,Rest,339.06666666668025,0.0,3.7739
38,Rest,339.16666666668607,0.0,3.7739
38,Rest,339.2666666666919,0.0,3.7739
38,Rest,339.3666666666977,0.0,3.7739
38,Rest,339.4666666666744,0.0,3.7739
38,Rest,339.56666666668025,0.0,3.7739
38,Rest,339.66666666668607,0.0,3.7739
38,Rest,339.7666666666919,0.0,3.7739
38,Rest,339.8666666666977,0.0,3.7739
38,Rest,339.9666666666744,0.0,3.7739
38,Rest,340.06666666668025,0.0,3.7739
38,Rest,340.16666666668607,0.0,3.7739
38,Rest,340.2666666666919,0.0,3.7739
38,Rest,340.3666666666977,0.0,3.7739
38,Rest,340.4666666666744,0.0,3.7739
38,Rest,340.56666666668025,0.0,3.7739
38,Rest,340.66666666668607,0.0,3.7739
38,Rest,340.7666666666919,0.0,3.7739
38,Rest,340.8666666666977,0.0,3.7739
38,Rest,340.9666666666744,0.0,3.7738
38,Rest,341.06666666668025,0.0,3.7739
38,Rest,341.16666666668607,0.0,3.7739
38,Rest,341.2666666666919,0.0,3.7739
38,Rest,341.3666666666977,0.0,3.7739
38,Rest,341.4666666666744,0.0,3.7739
38,Rest,341.56666666668025,0.0,3.7739
38,Rest,341.66666666668607,0.0,3.7739
38,Rest,341.7666666666919,0.0,3.7739
38,Rest,341.8666666666977,0.0,3.7739
38,Rest,341.9666666666744,0.0,3.7739
38,Rest,342.06666666668025,0.0,3.7739
38,Rest,342.16666666668607,0.0,3.7739
38,Rest,342.2666666666919,0.0,3.7739
38,Rest,342.3666666666977,0.0,3.7739
38,Rest,342.4666666666744,0.0,3.7739
38,Rest,342.56666666668025,0.0,3.7739
38,Rest,342.66666666668607,0.0,3.7739
38,Rest,342.7666666666919,0.0,3.7739
38,Rest,342.8666666666977,0.0,3.7739
38,Rest,342.9666666666744,0.0,3.7739
38,Rest,343.06666666668025,0.0,3.7739
38,Rest,343.16666666668607,0.0,3.7739
38,Rest,343.2666666666919,0.0,3.7739
38,Rest,343.3666666666977,0.0,3.7739
38,Rest,343.4666666666744,0.0,3.7739
38,Rest,343.56666666668025,0.0,3.7739
38,Rest,343.66666666668607,0.0,3.7739
38,Rest,343.7666666666919,0.0,3.7739
38,Rest,343.8666666666977,0.0,3.7739
38,Rest,343.9666666666744,0.0,3.774
38,Rest,344.06666666668025,0.0,3.774
38,Rest,344.16666666668607,0.0,3.774
38,Rest,344.2666666666919,0.0,3.774
38,Rest,344.3666666666977,0.0,3.774
38,Rest,344.4666666666744,0.0,3.774
38,Rest,344.56666666668025,0.0,3.774
38,Rest,344.66666666668607,0.0,3.7739
38,Rest,344.7666666666919,0.0,3.7739
38,Rest,344.8666666666977,0.0,3.7739
38,Rest,344.9666666666744,0.0,3.7739
38,Rest,345.06666666668025,0.0,3.774
38,Rest,345.16666666668607,0.0,3.774
38,Rest,345.2666666666919,0.0,3.774
38,Rest,345.3666666666977,0.0,3.774
38,Rest,345.4666666666744,0.0,3.774
38,Rest,345.56666666668025,0.0,3.774
38,Rest,345.66666666668607,0.0,3.774
38,Rest,345.7666666666919,0.0,3.774
38,Rest,345.8666666666977,0.0,3.774
38,Rest,345.9666666666744,0.0,3.774
38,Rest,346.06666666668025,0.0,3.774
38,Rest,346.16666666668607,0.0,3.774
38,Rest,346.2666666666919,0.0,3.774
38,Rest,346.3666666666977,0.0,3.774
38,Rest,346.4666666666744,0.0,3.774
38,Rest,346.56666666668025,0.0,3.774
38,Rest,346.66666666668607,0.0,3.774
38,Rest,346.7666666666919,0.0,3.774
38,Rest,346.8666666666977,0.0,3.774
38,Rest,346.9666666666744,0.0,3.774
38,Rest,347.06666666668025,0.0,3.774
38,Rest,347.16666666668607,0.0,3.774
38,Rest,347.2666666666919,0.0,3.774
38,Rest,347.3666666666977,0.0,3.7739
38,Rest,347.4666666666744,0.0,3.774
38,Rest,347.56666666668025,0.0,3.774
38,Rest,347.66666666668607,0.0,3.774
38,Rest,347.7666666666919,0.0,3.774
38,Rest,347.8666666666977,0.0,3.774
38,Rest,347.9666666666744,0.0,3.774
38,Rest,348.06666666668025,0.0,3.774
38,Rest,348.16666666668607,0.0,3.774
38,Rest,348.2666666666919,0.0,3.774
38,Rest,348.3666666666977,0.0,3.774
38,Rest,348.4666666666744,0.0,3.774
38,Rest,348.56666666668025,0.0,3.774
38,Rest,348.66666666668607,0.0,3.774
38,Rest,348.7666666666919,0.0,3.774
38,Rest,348.8666666666977,0.0,3.774
38,Rest,348.9666666666744,0.0,3.774
38,Rest,349.06666666668025,0.0,3.774
38,Rest,349.16666666668607,0.0,3.774
38,Rest,349.2666666666919,0.0,3.774
38,Rest,349.3666666666977,0.0,3.774
38,Rest,349.4666666666744,0.0,3.774
38,Rest,349.56666666668025,0.0,3.774
38,Rest,349.66666666668607,0.0,3.774
38,Rest,349.7666666666919,0.0,3.774
38,Rest,349.8666666666977,0.0,3.7741
38,Rest,349.9666666666744,0.0,3.774
38,Rest,350.06666666668025,0.0,3.774
38,Rest,350.16666666668607,0.0,3.774
38,Rest,350.2666666666919,0.0,3.774
38,Rest,350.3666666666977,0.0,3.774
38,Rest,350.4666666666744,0.0,3.774
38,Rest,350.56666666668025,0.0,3.774
38,Rest,350.66666666668607,0.0,3.774
38,Rest,350.7666666666919,0.0,3.7741
38,Rest,350.8666666666977,0.0,3.7741
38,Rest,350.9666666666744,0.0,3.7741
38,Rest,351.06666666668025,0.0,3.7741
38,Rest,351.16666666668607,0.0,3.774
38,Rest,351.2666666666919,0.0,3.7741
38,Rest,351.3666666666977,0.0,3.7741
38,Rest,351.4666666666744,0.0,3.7741
38,Rest,351.56666666668025,0.0,3.7741
38,Rest,351.66666666668607,0.0,3.7741
38,Rest,351.7666666666919,0.0,3.7741
38,Rest,351.8666666666977,0.0,3.7741
38,Rest,351.9666666666744,0.0,3.7741
38,Rest,352.06666666668025,0.0,3.7741
38,Rest,352.16666666668607,0.0,3.7741
38,Rest,352.2666666666919,0.0,3.7741
38,Rest,352.3666666666977,0.0,3.7741
38,Rest,352.4666666666744,0.0,3.7741
38,Rest,352.56666666668025,0.0,3.7741
38,Rest,352.66666666668607,0.0,3.7741
38,Rest,352.7666666666919,0.0,3.7741
38,Rest,352.8666666666977,0.0,3.7741
38,Rest,352.9666666666744,0.0,3.7741
38,Rest,353.06666666668025,0.0,3.7741
38,Rest,353.16666666668607,0.0,3.7741
38,Rest,353.2666666666919,0.0,3.7741
38,Rest,353.3666666666977,0.0,3.7741
38,Rest,353.4666666666744,0.0,3.7741
38,Rest,353.56666666668025,0.0,3.7741
38,Rest,353.66666666668607,0.0,3.7741
38,Rest,353.7666666666919,0.0,3.7741
38,Rest,353.8666666666977,0.0,3.7741
38,Rest,353.9666666666744,0.0,3.7741
38,Rest,354.06666666668025,0.0,3.7741
38,Rest,354.16666666668607,0.0,3.7741
38,Rest,354.2666666666919,0.0,3.7741
38,Rest,354.3666666666977,0.0,3.7741
38,Rest,354.4666666666744,0.0,3.7741
38,Rest,354.56666666668025,0.0,3.7741
38,Rest,354.66666666668607,0.0,3.7741
38,Rest,354.7666666666919,0.0,3.7741
38,Rest,354.8666666666977,0.0,3.7741
38,Rest,354.9666666666744,0.0,3.7741
38,Rest,355.06666666668025,0.0,3.7741
38,Rest,355.16666666668607,0.0,3.7742
38,Rest,355.2666666666919,0.0,3.7741
38,Rest,355.3666666666977,0.0,3.7741
38,Rest,355.4666666666744,0.0,3.7741
38,Rest,355.56666666668025,0.0,3.7741
38,Rest,355.66666666668607,0.0,3.7741
38,Rest,355.7666666666919,0.0,3.7741
38,Rest,355.8666666666977,0.0,3.7741
38,Rest,355.9666666666744,0.0,3.7741
38,Rest,356.06666666668025,0.0,3.7741
38,Rest,356.16666666668607,0.0,3.7741
38,Rest,356.2666666666919,0.0,3.7741
38,Rest,356.3666666666977,0.0,3.7741
38,Rest,356.4666666666744,0.0,3.7741
38,Rest,356.56666666668025,0.0,3.7741
38,Rest,356.66666666668607,0.0,3.7741
38,Rest,356.7666666666919,0.0,3.7742
38,Rest,356.8666666666977,0.0,3.7742
38,Rest,356.9666666666744,0.0,3.7741
38,Rest,357.06666666668025,0.0,3.7741
38,Rest,357.16666666668607,0.0,3.7741
38,Rest,357.2666666666919,0.0,3.7741
38,Rest,357.3666666666977,0.0,3.7742
38,Rest,357.4666666666744,0.0,3.7742
38,Rest,357.56666666668025,0.0,3.7741
38,Rest,357.66666666668607,0.0,3.7741
38,Rest,357.7666666666919,0.0,3.7741
38,Rest,357.8666666666977,0.0,3.7741
38,Rest,357.9666666666744,0.0,3.7741
38,Rest,358.06666666668025,0.0,3.7742
38,Rest,358.16666666668607,0.0,3.7741
38,Rest,358.2666666666919,0.0,3.7742
38,Rest,358.3666666666977,0.0,3.7742
38,Rest,358.4666666666744,0.0,3.7742
38,Rest,358.56666666668025,0.0,3.7742
38,Rest,358.66666666668607,0.0,3.7742
38,Rest,358.7666666666919,0.0,3.7742
38,Rest,358.8666666666977,0.0,3.7742
38,Rest,358.9666666666744,0.0,3.7742
38,Rest,359.06666666668025,0.0,3.7741
38,Rest,359.16666666668607,0.0,3.7741
38,Rest,359.2666666666919,0.0,3.7742
38,Rest,359.3666666666977,0.0,3.7742
38,Rest,359.4666666666744,0.0,3.7741
38,Rest,359.56666666668025,0.0,3.7741
38,Rest,359.66666666668607,0.0,3.7741
38,Rest,359.7666666666919,0.0,3.7741
38,Rest,359.8666666666977,0.0,3.7742
38,Rest,359.9666666666744,0.0,3.7742
38,Rest,360.06666666668025,0.0,3.7741
38,Rest,360.16666666668607,0.0,3.7742
38,Rest,360.2666666666919,0.0,3.7742
38,Rest,360.3666666666977,0.0,3.7742
38,Rest,360.4666666666744,0.0,3.7742
38,Rest,360.56666666668025,0.0,3.7742
38,Rest,360.66666666668607,0.0,3.7742
38,Rest,360.7666666666919,0.0,3.7742
38,Rest,360.8666666666977,0.0,3.7742
38,Rest,360.9666666666744,0.0,3.7742
38,Rest,361.06666666668025,0.0,3.7742
38,Rest,361.16666666668607,0.0,3.7742
38,Rest,361.2666666666919,0.0,3.7742
38,Rest,361.3666666666977,0.0,3.7742
38,Rest,361.4666666666744,0.0,3.7742
38,Rest,361.56666666668025,0.0,3.7742
38,Rest,361.66666666668607,0.0,3.7742
38,Rest,361.7666666666919,0.0,3.7742
38,Rest,361.8666666666977,0.0,3.7742
38,Rest,361.9666666666744,0.0,3.7742
38,Rest,362.06666666668025,0.0,3.7742
38,Rest,362.16666666668607,0.0,3.7742
38,Rest,362.2666666666919,0.0,3.7742
38,Rest,362.3666666666977,0.0,3.7742
38,Rest,362.4666666666744,0.0,3.7742
38,Rest,362.56666666668025,0.0,3.7742
38,Rest,362.66666666668607,0.0,3.7742
38,Rest,362.7666666666919,0.0,3.7742
38,Rest,362.8666666666977,0.0,3.7742
38,Rest,362.9666666666744,0.0,3.7742
38,Rest,363.06666666668025,0.0,3.7742
38,Rest,363.16666666668607,0.0,3.7742
38,Rest,363.2666666666919,0.0,3.7742
38,Rest,363.3666666666977,0.0,3.7742
38,Rest,363.4666666666744,0.0,3.7742
38,Rest,363.56666666668025,0.0,3.7742
38,Rest,363.66666666668607,0.0,3.7742
38,Rest,363.7666666666919,0.0,3.7742
38,Rest,363.8666666666977,0.0,3.7742
38,Rest,363.9666666666744,0.0,3.7742
38,Rest,364.06666666668025,0.0,3.7742
38,Rest,364.16666666668607,0.0,3.7742
38,Rest,364.2666666666919,0.0,3.7742
38,Rest,364.3666666666977,0.0,3.7742
38,Rest,364.4666666666744,0.0,3.7742
38,Rest,364.56666666668025,0.0,3.7742
38,Rest,364.66666666668607,0.0,3.7742
38,Rest,364.7666666666919,0.0,3.7742
38,Rest,364.8666666666977,0.0,3.7742
38,Rest,364.9666666666744,0.0,3.7742
38,Rest,365.06666666668025,0.0,3.7742
38,Rest,365.16666666668607,0.0,3.7742
38,Rest,365.2666666666919,0.0,3.7742
38,Rest,365.3666666666977,0.0,3.7742
38,Rest,365.4666666666744,0.0,3.7742
38,Rest,365.56666666668025,0.0,3.7742
38,Rest,365.66666666668607,0.0,3.7742
38,Rest,365.7666666666919,0.0,3.7742
38,Rest,365.8666666666977,0.0,3.7742
38,Rest,365.9666666666744,0.0,3.7742
38,Rest,366.06666666668025,0.0,3.7742
38,Rest,366.16666666668607,0.0,3.7742
38,Rest,366.2666666666919,0.0,3.7742
38,Rest,366.3666666666977,0.0,3.7742
38,Rest,366.4666666666744,0.0,3.7742
38,Rest,366.56666666668025,0.0,3.7742
38,Rest,366.66666666668607,0.0,3.7742
38,Rest,366.7666666666919,0.0,3.7742
38,Rest,366.8666666666977,0.0,3.7743
38,Rest,366.9666666666744,0.0,3.7743
38,Rest,367.06666666668025,0.0,3.7742
38,Rest,367.16666666668607,0.0,3.7742
38,Rest,367.2666666666919,0.0,3.7742
38,Rest,367.3666666666977,0.0,3.7742
38,Rest,367.4666666666744,0.0,3.7742
38,Rest,367.56666666668025,0.0,3.7742
38,Rest,367.66666666668607,0.0,3.7742
38,Rest,367.7666666666919,0.0,3.7742
38,Rest,367.8666666666977,0.0,3.7742
38,Rest,367.9666666666744,0.0,3.7742
38,Rest,368.06666666668025,0.0,3.7742
38,Rest,368.16666666668607,0.0,3.7743
38,Rest,368.2666666666919,0.0,3.7743
38,Rest,368.3666666666977,0.0,3.7743
38,Rest,368.4666666666744,0.0,3.7743
38,Rest,368.56666666668025,0.0,3.7742
38,Rest,368.66666666668607,0.0,3.7742
38,Rest,368.7666666666919,0.0,3.7742
38,Rest,368.8666666666977,0.0,3.7743
38,Rest,368.9666666666744,0.0,3.7743
38,Rest,369.06666666668025,0.0,3.7743
38,Rest,369.16666666668607,0.0,3.7743
38,Rest,369.2666666666919,0.0,3.7742
38,Rest,369.3666666666977,0.0,3.7742
38,Rest,369.4666666666744,0.0,3.7743
38,Rest,369.56666666668025,0.0,3.7743
38,Rest,369.66666666668607,0.0,3.7743
38,Rest,369.7666666666919,0.0,3.7743
38,Rest,369.8666666666977,0.0,3.7743
38,Rest,369.9666666666744,0.0,3.7743
38,Rest,370.06666666668025,0.0,3.7743
38,Rest,370.16666666668607,0.0,3.7742
38,Rest,370.2666666666919,0.0,3.7743
38,Rest,370.3666666666977,0.0,3.7743
38,Rest,370.4666666666744,0.0,3.7743
38,Rest,370.56666666668025,0.0,3.7743
38,Rest,370.66666666668607,0.0,3.7742
38,Rest,370.7666666666919,0.0,3.7742
38,Rest,370.8666666666977,0.0,3.7742
38,Rest,370.9666666666744,0.0,3.7743
38,Rest,371.06666666668025,0.0,3.7743
38,Rest,371.16666666668607,0.0,3.7743
38,Rest,371.2666666666919,0.0,3.7743
38,Rest,371.3666666666977,0.0,3.7742
38,Rest,371.4666666666744,0.0,3.7742
38,Rest,371.56666666668025,0.0,3.7743
38,Rest,371.66666666668607,0.0,3.7743
38,Rest,371.7666666666919,0.0,3.7743
38,Rest,371.8666666666977,0.0,3.7743
38,Rest,371.9666666666744,0.0,3.7743
38,Rest,372.06666666668025,0.0,3.7743
38,Rest,372.16666666668607,0.0,3.7743
38,Rest,372.2666666666919,0.0,3.7743
38,Rest,372.3666666666977,0.0,3.7743
38,Rest,372.4666666666744,0.0,3.7743
38,Rest,372.56666666668025,0.0,3.7743
38,Rest,372.66666666668607,0.0,3.7743
38,Rest,372.7666666666919,0.0,3.7743
38,Rest,372.8666666666977,0.0,3.7743
38,Rest,372.9666666666744,0.0,3.7743
38,Rest,373.06666666668025,0.0,3.7743
38,Rest,373.16666666668607,0.0,3.7743
38,Rest,373.2666666666919,0.0,3.7743
38,Rest,373.3666666666977,0.0,3.7743
38,Rest,373.4666666666744,0.0,3.7743
38,Rest,373.56666666668025,0.0,3.7743
38,Rest,373.66666666668607,0.0,3.7743
38,Rest,373.7666666666919,0.0,3.7743
38,Rest,373.8666666666977,0.0,3.7743
38,Rest,373.9666666666744,0.0,3.7743
38,Rest,374.06666666668025,0.0,3.7743
38,Rest,374.16666666668607,0.0,3.7743
38,Rest,374.2666666666919,0.0,3.7743
38,Rest,374.3666666666977,0.0,3.7743
38,Rest,374.4666666666744,0.0,3.7743
38,Rest,374.56666666668025,0.0,3.7743
38,Rest,374.66666666668607,0.0,3.7743
38,Rest,374.7666666666919,0.0,3.7743
38,Rest,374.8666666666977,0.0,3.7743
38,Rest,374.9666666666744,0.0,3.7743
38,Rest,375.06666666668025,0.0,3.7743
38,Rest,375.16666666668607,0.0,3.7743
38,Rest,375.2666666666919,0.0,3.7743
38,Rest,375.3666666666977,0.0,3.7743
38,Rest,375.4666666666744,0.0,3.7743
38,Rest,375.56666666668025,0.0,3.7743
38,Rest,375.66666666668607,0.0,3.7743
38,Rest,375.7666666666919,0.0,3.7743
38,Rest,375.8666666666977,0.0,3.7743
38,Rest,375.9666666666744,0.0,3.7743
38,Rest,376.06666666668025,0.0,3.7743
38,Rest,376.16666666668607,0.0,3.7743
38,Rest,376.2666666666919,0.0,3.7743
38,Rest,376.3666666666977,0.0,3.7744
38,Rest,376.4666666666744,0.0,3.7744
38,Rest,376.56666666668025,0.0,3.7743
38,Rest,376.66666666668607,0.0,3.7743
38,Rest,376.7666666666919,0.0,3.7743
38,Rest,376.8666666666977,0.0,3.7743
38,Rest,376.9666666666744,0.0,3.7743
38,Rest,377.06666666668025,0.0,3.7743
38,Rest,377.16666666668607,0.0,3.7744
38,Rest,377.2666666666919,0.0,3.7744
38,Rest,377.3666666666977,0.0,3.7743
38,Rest,377.4666666666744,0.0,3.7743
38,Rest,377.56666666668025,0.0,3.7744
38,Rest,377.66666666668607,0.0,3.7744
38,Rest,377.7666666666919,0.0,3.7744
38,Rest,377.8666666666977,0.0,3.7744
38,Rest,377.9666666666744,0.0,3.7743
38,Rest,378.06666666668025,0.0,3.7743
38,Rest,378.16666666668607,0.0,3.7743
38,Rest,378.2666666666919,0.0,3.7743
38,Rest,378.3666666666977,0.0,3.7743
38,Rest,378.4666666666744,0.0,3.7744
38,Rest,378.56666666668025,0.0,3.7744
38,Rest,378.66666666668607,0.0,3.7744
38,Rest,378.7666666666919,0.0,3.7744
38,Rest,378.8666666666977,0.0,3.7744
38,Rest,378.9666666666744,0.0,3.7744
38,Rest,379.06666666668025,0.0,3.7744
38,Rest,379.16666666668607,0.0,3.7744
38,Rest,379.2666666666919,0.0,3.7744
38,Rest,379.3666666666977,0.0,3.7744
38,Rest,379.4666666666744,0.0,3.7744
38,Rest,379.56666666668025,0.0,3.7744
38,Rest,379.66666666668607,0.0,3.7744
38,Rest,379.7666666666919,0.0,3.7744
38,Rest,379.8666666666977,0.0,3.7744
38,Rest,379.9666666666744,0.0,3.7744
38,Rest,380.06666666668025,0.0,3.7744
38,Rest,380.16666666668607,0.0,3.7744
38,Rest,380.2666666666919,0.0,3.7744
38,Rest,380.3666666666977,0.0,3.7744
38,Rest,380.4666666666744,0.0,3.7744
38,Rest,380.56666666668025,0.0,3.7744
38,Rest,380.66666666668607,0.0,3.7744
38,Rest,380.7666666666919,0.0,3.7744
38,Rest,380.8666666666977,0.0,3.7744
38,Rest,380.9666666666744,0.0,3.7744
38,Rest,381.06666666668025,0.0,3.7744
38,Rest,381.16666666668607,0.0,3.7744
38,Rest,381.2666666666919,0.0,3.7744
38,Rest,381.3666666666977,0.0,3.7744
38,Rest,381.4666666666744,0.0,3.7744
38,Rest,381.56666666668025,0.0,3.7744
38,Rest,381.66666666668607,0.0,3.7744
38,Rest,381.7666666666919,0.0,3.7744
38,Rest,381.8666666666977,0.0,3.7744
38,Rest,381.9666666666744,0.0,3.7744
38,Rest,382.06666666668025,0.0,3.7744
38,Rest,382.16666666668607,0.0,3.7744
38,Rest,382.2666666666919,0.0,3.7744
38,Rest,382.3666666666977,0.0,3.7744
38,Rest,382.4666666666744,0.0,3.7744
38,Rest,382.56666666668025,0.0,3.7744
38,Rest,382.66666666668607,0.0,3.7744
38,Rest,382.7666666666919,0.0,3.7744
38,Rest,382.8666666666977,0.0,3.7745
38,Rest,382.9666666666744,0.0,3.7744
38,Rest,383.06666666668025,0.0,3.7744
38,Rest,383.16666666668607,0.0,3.7744
38,Rest,383.2666666666919,0.0,3.7744
38,Rest,383.3666666666977,0.0,3.7745
38,Rest,383.4666666666744,0.0,3.7744
38,Rest,383.56666666668025,0.0,3.7745
38,Rest,383.66666666668607,0.0,3.7745
38,Rest,383.7666666666919,0.0,3.7744
38,Rest,383.8666666666977,0.0,3.7744
38,Rest,383.9666666666744,0.0,3.7744
38,Rest,384.06666666668025,0.0,3.7745
38,Rest,384.16666666668607,0.0,3.7745
38,Rest,384.2666666666919,0.0,3.7744
38,Rest,384.3666666666977,0.0,3.7744
38,Rest,384.4666666666744,0.0,3.7744
38,Rest,384.56666666668025,0.0,3.7744
38,Rest,384.66666666668607,0.0,3.7745
38,Rest,384.7666666666919,0.0,3.7745
38,Rest,384.8666666666977,0.0,3.7744
38,Rest,384.9666666666744,0.0,3.7745
38,Rest,385.06666666668025,0.0,3.7745
38,Rest,385.16666666668607,0.0,3.7744
38,Rest,385.2666666666919,0.0,3.7745
38,Rest,385.3666666666977,0.0,3.7745
38,Rest,385.4666666666744,0.0,3.7745
38,Rest,385.56666666668025,0.0,3.7745
38,Rest,385.66666666668607,0.0,3.7745
38,Rest,385.7666666666919,0.0,3.7745
38,Rest,385.8666666666977,0.0,3.7745
38,Rest,385.9666666666744,0.0,3.7745
38,Rest,386.06666666668025,0.0,3.7745
38,Rest,386.16666666668607,0.0,3.7745
38,Rest,386.2666666666919,0.0,3.7745
38,Rest,386.3666666666977,0.0,3.7745
38,Rest,386.4666666666744,0.0,3.7745
38,Rest,386.56666666668025,0.0,3.7745
38,Rest,386.66666666668607,0.0,3.7744
38,Rest,386.7666666666919,0.0,3.7744
38,Rest,386.8666666666977,0.0,3.7744
38,Rest,386.9666666666744,0.0,3.7745
38,Rest,387.06666666668025,0.0,3.7745
38,Rest,387.16666666668607,0.0,3.7745
38,Rest,387.2666666666919,0.0,3.7745
38,Rest,387.3666666666977,0.0,3.7745
38,Rest,387.4666666666744,0.0,3.7745
38,Rest,387.56666666668025,0.0,3.7745
38,Rest,387.66666666668607,0.0,3.7745
38,Rest,387.7666666666919,0.0,3.7745
38,Rest,387.8666666666977,0.0,3.7745
38,Rest,387.9666666666744,0.0,3.7745
38,Rest,388.06666666668025,0.0,3.7745
38,Rest,388.16666666668607,0.0,3.7745
38,Rest,388.2666666666919,0.0,3.7745
38,Rest,388.3666666666977,0.0,3.7745
38,Rest,388.4666666666744,0.0,3.7745
38,Rest,388.56666666668025,0.0,3.7745
38,Rest,388.66666666668607,0.0,3.7745
38,Rest,388.7666666666919,0.0,3.7745
38,Rest,388.8666666666977,0.0,3.7745
38,Rest,388.9666666666744,0.0,3.7745
38,Rest,389.06666666668025,0.0,3.7745
38,Rest,389.16666666668607,0.0,3.7745
38,Rest,389.2666666666919,0.0,3.7745
38,Rest,389.3666666666977,0.0,3.7745
38,Rest,389.4666666666744,0.0,3.7745
38,Rest,389.56666666668025,0.0,3.7745
38,Rest,389.66666666668607,0.0,3.7745
38,Rest,389.7666666666919,0.0,3.7745
38,Rest,389.8666666666977,0.0,3.7745
38,Rest,389.9666666666744,0.0,3.7745
38,Rest,390.06666666668025,0.0,3.7745
38,Rest,390.16666666668607,0.0,3.7745
38,Rest,390.2666666666919,0.0,3.7745
38,Rest,390.3666666666977,0.0,3.7745
38,Rest,390.4666666666744,0.0,3.7745
38,Rest,390.56666666668025,0.0,3.7745
38,Rest,390.66666666668607,0.0,3.7746
38,Rest,390.7666666666919,0.0,3.7746
38,Rest,390.8666666666977,0.0,3.7746
38,Rest,390.9666666666744,0.0,3.7745
38,Rest,391.06666666668025,0.0,3.7745
38,Rest,391.16666666668607,0.0,3.7745
38,Rest,391.2666666666919,0.0,3.7746
38,Rest,391.3666666666977,0.0,3.7746
38,Rest,391.4666666666744,0.0,3.7746
38,Rest,391.56666666668025,0.0,3.7745
38,Rest,391.66666666668607,0.0,3.7745
38,Rest,391.7666666666919,0.0,3.7746
38,Rest,391.8666666666977,0.0,3.7746
38,Rest,391.9666666666744,0.0,3.7746
38,Rest,392.06666666668025,0.0,3.7746
38,Rest,392.16666666668607,0.0,3.7745
38,Rest,392.2666666666919,0.0,3.7746
38,Rest,392.3666666666977,0.0,3.7746
38,Rest,392.4666666666744,0.0,3.7745
38,Rest,392.56666666668025,0.0,3.7746
38,Rest,392.66666666668607,0.0,3.7746
38,Rest,392.7666666666919,0.0,3.7746
38,Rest,392.8666666666977,0.0,3.7745
38,Rest,392.9666666666744,0.0,3.7745
38,Rest,393.06666666668025,0.0,3.7746
38,Rest,393.16666666668607,0.0,3.7746
38,Rest,393.2666666666919,0.0,3.7746
38,Rest,393.3666666666977,0.0,3.7745
38,Rest,393.4666666666744,0.0,3.7746
38,Rest,393.56666666668025,0.0,3.7746
38,Rest,393.66666666668607,0.0,3.7746
38,Rest,393.7666666666919,0.0,3.7745
38,Rest,393.8666666666977,0.0,3.7746
38,Rest,393.9666666666744,0.0,3.7746
38,Rest,394.06666666668025,0.0,3.7746
38,Rest,394.16666666668607,0.0,3.7746
38,Rest,394.2666666666919,0.0,3.7746
38,Rest,394.3666666666977,0.0,3.7746
38,Rest,394.4666666666744,0.0,3.7746
38,Rest,394.56666666668025,0.0,3.7746
38,Rest,394.66666666668607,0.0,3.7746
38,Rest,394.7666666666919,0.0,3.7746
38,Rest,394.8666666666977,0.0,3.7746
38,Rest,394.9666666666744,0.0,3.7746
38,Rest,395.06666666668025,0.0,3.7746
38,Rest,395.16666666668607,0.0,3.7746
38,Rest,395.2666666666919,0.0,3.7746
38,Rest,395.3666666666977,0.0,3.7746
38,Rest,395.4666666666744,0.0,3.7746
38,Rest,395.56666666668025,0.0,3.7746
38,Rest,395.66666666668607,0.0,3.7746
38,Rest,395.7666666666919,0.0,3.7746
38,Rest,395.8666666666977,0.0,3.7746
38,Rest,395.9666666666744,0.0,3.7746
38,Rest,396.06666666668025,0.0,3.7745
38,Rest,396.16666666668607,0.0,3.7746
38,Rest,396.2666666666919,0.0,3.7746
38,Rest,396.3666666666977,0.0,3.7746
38,Rest,396.4666666666744,0.0,3.7746
38,Rest,396.56666666668025,0.0,3.7746
38,Rest,396.66666666668607,0.0,3.7746
38,Rest,396.7666666666919,0.0,3.7746
38,Rest,396.8666666666977,0.0,3.7746
38,Rest,396.9666666666744,0.0,3.7746
38,Rest,397.06666666668025,0.0,3.7746
38,Rest,397.16666666668607,0.0,3.7746
38,Rest,397.2666666666919,0.0,3.7746
38,Rest,397.3666666666977,0.0,3.7746
38,Rest,397.4666666666744,0.0,3.7746
38,Rest,397.56666666668025,0.0,3.7746
38,Rest,397.66666666668607,0.0,3.7746
38,Rest,397.7666666666919,0.0,3.7746
38,Rest,397.8666666666977,0.0,3.7746
38,Rest,397.9666666666744,0.0,3.7746
38,Rest,398.06666666668025,0.0,3.7746
38,Rest,398.16666666668607,0.0,3.7746
38,Rest,398.2666666666919,0.0,3.7747
38,Rest,398.3666666666977,0.0,3.7746
38,Rest,398.4666666666744,0.0,3.7746
38,Rest,398.56666666668025,0.0,3.7746
38,Rest,398.66666666668607,0.0,3.7746
38,Rest,398.7666666666919,0.0,3.7746
38,Rest,398.8666666666977,0.0,3.7746
38,Rest,398.9666666666744,0.0,3.7746
38,Rest,399.06666666668025,0.0,3.7746
38,Rest,399.16666666668607,0.0,3.7746
38,Rest,399.2666666666919,0.0,3.7746
38,Rest,399.3666666666977,0.0,3.7746
38,Rest,399.4666666666744,0.0,3.7746
38,Rest,399.56666666668025,0.0,3.7746
38,Rest,399.66666666668607,0.0,3.7746
38,Rest,399.7666666666919,0.0,3.7746
38,Rest,399.8666666666977,0.0,3.7746
38,Rest,399.9666666666744,0.0,3.7746
38,Rest,400.06666666668025,0.0,3.7746
38,Rest,400.16666666668607,0.0,3.7746
38,Rest,400.2666666666919,0.0,3.7746
38,Rest,400.3666666666977,0.0,3.7746
38,Rest,400.4666666666744,0.0,3.7747
38,Rest,400.56666666668025,0.0,3.7747
38,Rest,400.66666666668607,0.0,3.7747
38,Rest,400.7666666666919,0.0,3.7747
38,Rest,400.8666666666977,0.0,3.7746
38,Rest,400.9666666666744,0.0,3.7746
38,Rest,401.06666666668025,0.0,3.7747
38,Rest,401.16666666668607,0.0,3.7746
38,Rest,401.2666666666919,0.0,3.7746
38,Rest,401.3666666666977,0.0,3.7746
38,Rest,401.4666666666744,0.0,3.7746
38,Rest,401.56666666668025,0.0,3.7746
38,Rest,401.66666666668607,0.0,3.7746
38,Rest,401.7666666666919,0.0,3.7746
38,Rest,401.8666666666977,0.0,3.7746
38,Rest,401.9666666666744,0.0,3.7746
38,Rest,402.06666666668025,0.0,3.7746
38,Rest,402.16666666668607,0.0,3.7746
38,Rest,402.2666666666919,0.0,3.7746
38,Rest,402.3666666666977,0.0,3.7746
38,Rest,402.4666666666744,0.0,3.7746
38,Rest,402.56666666668025,0.0,3.7746
38,Rest,402.66666666668607,0.0,3.7746
38,Rest,402.7666666666919,0.0,3.7746
38,Rest,402.8666666666977,0.0,3.7747
38,Rest,402.9666666666744,0.0,3.7747
38,Rest,403.06666666668025,0.0,3.7747
38,Rest,403.16666666668607,0.0,3.7746
38,Rest,403.2666666666919,0.0,3.7747
38,Rest,403.3666666666977,0.0,3.7746
38,Rest,403.4666666666744,0.0,3.7746
38,Rest,403.56666666668025,0.0,3.7746
38,Rest,403.66666666668607,0.0,3.7746
38,Rest,403.7666666666919,0.0,3.7747
38,Rest,403.8666666666977,0.0,3.7747
38,Rest,403.9666666666744,0.0,3.7746
38,Rest,404.06666666668025,0.0,3.7746
38,Rest,404.16666666668607,0.0,3.7746
38,Rest,404.2666666666919,0.0,3.7747
38,Rest,404.3666666666977,0.0,3.7747
38,Rest,404.4666666666744,0.0,3.7746
38,Rest,404.56666666668025,0.0,3.7747
38,Rest,404.66666666668607,0.0,3.7747
38,Rest,404.7666666666919,0.0,3.7746
38,Rest,404.8666666666977,0.0,3.7746
38,Rest,404.9666666666744,0.0,3.7746
38,Rest,405.06666666668025,0.0,3.7746
38,Rest,405.16666666668607,0.0,3.7746
38,Rest,405.2666666666919,0.0,3.7746
38,Rest,405.3666666666977,0.0,3.7747
38,Rest,405.4666666666744,0.0,3.7746
38,Rest,405.56666666668025,0.0,3.7746
38,Rest,405.66666666668607,0.0,3.7747
38,Rest,405.7666666666919,0.0,3.7746
38,Rest,405.8666666666977,0.0,3.7747
38,Rest,405.9666666666744,0.0,3.7747
38,Rest,406.06666666668025,0.0,3.7747
38,Rest,406.16666666668607,0.0,3.7747
38,Rest,406.2666666666919,0.0,3.7746
38,Rest,406.3666666666977,0.0,3.7747
38,Rest,406.4666666666744,0.0,3.7747
38,Rest,406.56666666668025,0.0,3.7747
38,Rest,406.66666666668607,0.0,3.7747
38,Rest,406.7666666666919,0.0,3.7747
38,Rest,406.8666666666977,0.0,3.7747
38,Rest,406.9666666666744,0.0,3.7747
38,Rest,407.06666666668025,0.0,3.7747
38,Rest,407.16666666668607,0.0,3.7747
38,Rest,407.2666666666919,0.0,3.7747
38,Rest,407.3666666666977,0.0,3.7747
38,Rest,407.4666666666744,0.0,3.7747
38,Rest,407.56666666668025,0.0,3.7747
38,Rest,407.66666666668607,0.0,3.7747
38,Rest,407.7666666666919,0.0,3.7747
38,Rest,407.8666666666977,0.0,3.7747
38,Rest,407.9666666666744,0.0,3.7747
38,Rest,408.06666666668025,0.0,3.7747
38,Rest,408.16666666668607,0.0,3.7747
38,Rest,408.2666666666919,0.0,3.7747
38,Rest,408.3666666666977,0.0,3.7747
38,Rest,408.4666666666744,0.0,3.7747
38,Rest,408.56666666668025,0.0,3.7747
38,Rest,408.66666666668607,0.0,3.7747
38,Rest,408.7666666666919,0.0,3.7747
38,Rest,408.8666666666977,0.0,3.7747
38,Rest,408.9666666666744,0.0,3.7747
38,Rest,409.06666666668025,0.0,3.7747
38,Rest,409.16666666668607,0.0,3.7747
38,Rest,409.2666666666919,0.0,3.7747
38,Rest,409.3666666666977,0.0,3.7747
38,Rest,409.4666666666744,0.0,3.7747
38,Rest,409.56666666668025,0.0,3.7747
38,Rest,409.66666666668607,0.0,3.7747
38,Rest,409.7666666666919,0.0,3.7748
38,Rest,409.8666666666977,0.0,3.7747
38,Rest,409.9666666666744,0.0,3.7747
38,Rest,410.06666666668025,0.0,3.7747
38,Rest,410.16666666668607,0.0,3.7747
38,Rest,410.2666666666919,0.0,3.7747
38,Rest,410.3666666666977,0.0,3.7747
38,Rest,410.4666666666744,0.0,3.7747
38,Rest,410.56666666668025,0.0,3.7747
38,Rest,410.66666666668607,0.0,3.7747
38,Rest,410.7666666666919,0.0,3.7747
38,Rest,410.8666666666977,0.0,3.7747
38,Rest,410.9666666666744,0.0,3.7747
38,Rest,411.06666666668025,0.0,3.7747
38,Rest,411.16666666668607,0.0,3.7747
38,Rest,411.2666666666919,0.0,3.7747
38,Rest,411.3666666666977,0.0,3.7747
38,Rest,411.4666666666744,0.0,3.7747
38,Rest,411.56666666668025,0.0,3.7747
38,Rest,411.66666666668607,0.0,3.7747
38,Rest,411.7666666666919,0.0,3.7747
38,Rest,411.8666666666977,0.0,3.7747
38,Rest,411.9666666666744,0.0,3.7747
38,Rest,412.06666666668025,0.0,3.7747
38,Rest,412.16666666668607,0.0,3.7748
38,Rest,412.2666666666919,0.0,3.7747
38,Rest,412.3666666666977,0.0,3.7747
38,Rest,412.4666666666744,0.0,3.7748
38,Rest,412.56666666668025,0.0,3.7748
38,Rest,412.66666666668607,0.0,3.7747
38,Rest,412.7666666666919,0.0,3.7747
38,Rest,412.8666666666977,0.0,3.7748
38,Rest,412.9666666666744,0.0,3.7747
38,Rest,413.06666666668025,0.0,3.7747
38,Rest,413.16666666668607,0.0,3.7747
38,Rest,413.2666666666919,0.0,3.7747
38,Rest,413.3666666666977,0.0,3.7747
38,Rest,413.4666666666744,0.0,3.7747
38,Rest,413.56666666668025,0.0,3.7748
38,Rest,413.66666666668607,0.0,3.7748
38,Rest,413.7666666666919,0.0,3.7747
38,Rest,413.8666666666977,0.0,3.7747
38,Rest,413.9666666666744,0.0,3.7747
38,Rest,414.06666666668025,0.0,3.7747
38,Rest,414.16666666668607,0.0,3.7747
38,Rest,414.2666666666919,0.0,3.7747
38,Rest,414.3666666666977,0.0,3.7747
38,Rest,414.4666666666744,0.0,3.7748
38,Rest,414.56666666668025,0.0,3.7748
38,Rest,414.66666666668607,0.0,3.7747
38,Rest,414.7666666666919,0.0,3.7747
38,Rest,414.8666666666977,0.0,3.7748
38,Rest,414.9666666666744,0.0,3.7748
38,Rest,415.06666666668025,0.0,3.7748
38,Rest,415.16666666668607,0.0,3.7748
38,Rest,415.2666666666919,0.0,3.7748
38,Rest,415.3666666666977,0.0,3.7747
38,Rest,415.4666666666744,0.0,3.7747
38,Rest,415.56666666668025,0.0,3.7748
38,Rest,415.66666666668607,0.0,3.7747
38,Rest,415.7666666666919,0.0,3.7747
38,Rest,415.8666666666977,0.0,3.7747
38,Rest,415.9666666666744,0.0,3.7748
38,Rest,416.06666666668025,0.0,3.7748
38,Rest,416.16666666668607,0.0,3.7748
38,Rest,416.2666666666919,0.0,3.7747
38,Rest,416.3666666666977,0.0,3.7748
38,Rest,416.4666666666744,0.0,3.7748
38,Rest,416.56666666668025,0.0,3.7748
38,Rest,416.66666666668607,0.0,3.7748
38,Rest,416.7666666666919,0.0,3.7748
38,Rest,416.8666666666977,0.0,3.7747
38,Rest,416.9666666666744,0.0,3.7747
38,Rest,417.06666666668025,0.0,3.7748
38,Rest,417.16666666668607,0.0,3.7747
38,Rest,417.2666666666919,0.0,3.7748
38,Rest,417.3666666666977,0.0,3.7748
38,Rest,417.4666666666744,0.0,3.7748
38,Rest,417.56666666668025,0.0,3.7748
38,Rest,417.66666666668607,0.0,3.7748
38,Rest,417.7666666666919,0.0,3.7748
38,Rest,417.8666666666977,0.0,3.7748
38,Rest,417.9666666666744,0.0,3.7748
38,Rest,418.06666666668025,0.0,3.7748
38,Rest,418.16666666668607,0.0,3.7748
38,Rest,418.2666666666919,0.0,3.7748
38,Rest,418.3666666666977,0.0,3.7748
38,Rest,418.4666666666744,0.0,3.7748
38,Rest,418.56666666668025,0.0,3.7748
38,Rest,418.66666666668607,0.0,3.7748
38,Rest,418.7666666666919,0.0,3.7748
38,Rest,418.8666666666977,0.0,3.7748
38,Rest,418.9666666666744,0.0,3.7748
38,Rest,419.06666666668025,0.0,3.7748
38,Rest,419.16666666668607,0.0,3.7748
38,Rest,419.2666666666919,0.0,3.7748
38,Rest,419.3666666666977,0.0,3.7747
38,Rest,419.4666666666744,0.0,3.7748
38,Rest,419.56666666668025,0.0,3.7748
38,Rest,419.66666666668607,0.0,3.7748
38,Rest,419.7666666666919,0.0,3.7748
38,Rest,419.8666666666977,0.0,3.7748
38,Rest,419.9666666666744,0.0,3.7748
38,Rest,420.06666666668025,0.0,3.7748
38,Rest,420.16666666668607,0.0,3.7748
38,Rest,420.2666666666919,0.0,3.7748
38,Rest,420.3666666666977,0.0,3.7748
38,Rest,420.4666666666744,0.0,3.7748
38,Rest,420.56666666668025,0.0,3.7748
38,Rest,420.66666666668607,0.0,3.7748
38,Rest,420.7666666666919,0.0,3.7748
38,Rest,420.8666666666977,0.0,3.7748
38,Rest,420.9666666666744,0.0,3.7748
38,Rest,421.06666666668025,0.0,3.7748
38,Rest,421.16666666668607,0.0,3.7748
38,Rest,421.2666666666919,0.0,3.7748
38,Rest,421.3666666666977,0.0,3.7748
38,Rest,421.4666666666744,0.0,3.7748
38,Rest,421.56666666668025,0.0,3.7748
38,Rest,421.66666666668607,0.0,3.7748
38,Rest,421.7666666666919,0.0,3.7748
38,Rest,421.8666666666977,0.0,3.7748
38,Rest,421.9666666666744,0.0,3.7748
38,Rest,422.06666666668025,0.0,3.7748
38,Rest,422.16666666668607,0.0,3.7748
38,Rest,422.2666666666919,0.0,3.7748
38,Rest,422.3666666666977,0.0,3.7748
38,Rest,422.4666666666744,0.0,3.7749
38,Rest,422.56666666668025,0.0,3.7749
38,Rest,422.66666666668607,0.0,3.7748
38,Rest,422.7666666666919,0.0,3.7748
38,Rest,422.8666666666977,0.0,3.7748
38,Rest,422.9666666666744,0.0,3.7748
38,Rest,423.06666666668025,0.0,3.7748
38,Rest,423.16666666668607,0.0,3.7748
38,Rest,423.2666666666919,0.0,3.7748
38,Rest,423.3666666666977,0.0,3.7748
38,Rest,423.4666666666744,0.0,3.7748
38,Rest,423.56666666668025,0.0,3.7748
38,Rest,423.66666666668607,0.0,3.7748
38,Rest,423.7666666666919,0.0,3.7749
38,Rest,423.8666666666977,0.0,3.7749
38,Rest,423.9666666666744,0.0,3.7748
38,Rest,424.06666666668025,0.0,3.7748
38,Rest,424.16666666668607,0.0,3.7748
38,Rest,424.2666666666919,0.0,3.7748
38,Rest,424.3666666666977,0.0,3.7748
38,Rest,424.4666666666744,0.0,3.7748
38,Rest,424.56666666668025,0.0,3.7748
38,Rest,424.66666666668607,0.0,3.7748
38,Rest,424.7666666666919,0.0,3.7748
38,Rest,424.8666666666977,0.0,3.7748
38,Rest,424.9666666666744,0.0,3.7748
38,Rest,425.06666666668025,0.0,3.7748
38,Rest,425.16666666668607,0.0,3.7748
38,Rest,425.2666666666919,0.0,3.7748
38,Rest,425.3666666666977,0.0,3.7748
38,Rest,425.4666666666744,0.0,3.7748
38,Rest,425.56666666668025,0.0,3.7748
38,Rest,425.66666666668607,0.0,3.7748
38,Rest,425.7666666666919,0.0,3.7748
38,Rest,425.8666666666977,0.0,3.7748
38,Rest,425.9666666666744,0.0,3.7748
38,Rest,426.06666666668025,0.0,3.7748
38,Rest,426.16666666668607,0.0,3.7748
38,Rest,426.2666666666919,0.0,3.7749
38,Rest,426.3666666666977,0.0,3.7749
38,Rest,426.4666666666744,0.0,3.7748
38,Rest,426.56666666668025,0.0,3.7748
38,Rest,426.66666666668607,0.0,3.7748
38,Rest,426.7666666666919,0.0,3.7749
38,Rest,426.8666666666977,0.0,3.7749
38,Rest,426.9666666666744,0.0,3.7749
38,Rest,427.06666666668025,0.0,3.7749
38,Rest,427.16666666668607,0.0,3.7748
38,Rest,427.2666666666919,0.0,3.7748
38,Rest,427.3666666666977,0.0,3.7748
38,Rest,427.4666666666744,0.0,3.7748
38,Rest,427.56666666668025,0.0,3.7749
38,Rest,427.66666666668607,0.0,3.7749
38,Rest,427.7666666666919,0.0,3.7749
38,Rest,427.8666666666977,0.0,3.7748
38,Rest,427.9666666666744,0.0,3.7748
38,Rest,428.06666666668025,0.0,3.7748
38,Rest,428.16666666668607,0.0,3.7749
38,Rest,428.2666666666919,0.0,3.7749
38,Rest,428.3666666666977,0.0,3.7749
38,Rest,428.4666666666744,0.0,3.7749
38,Rest,428.56666666668025,0.0,3.7749
38,Rest,428.66666666668607,0.0,3.7749
38,Rest,428.7666666666919,0.0,3.7749
38,Rest,428.8666666666977,0.0,3.7748
38,Rest,428.9666666666744,0.0,3.7748
38,Rest,429.06666666668025,0.0,3.7748
38,Rest,429.16666666668607,0.0,3.7748
38,Rest,429.2666666666919,0.0,3.7748
38,Rest,429.3666666666977,0.0,3.7749
38,Rest,429.4666666666744,0.0,3.7749
38,Rest,429.56666666668025,0.0,3.7749
38,Rest,429.66666666668607,0.0,3.7748
38,Rest,429.7666666666919,0.0,3.7748
38,Rest,429.8666666666977,0.0,3.7749
38,Rest,429.9666666666744,0.0,3.7749
38,Rest,430.06666666668025,0.0,3.7749
38,Rest,430.16666666668607,0.0,3.7749
38,Rest,430.2666666666919,0.0,3.7749
38,Rest,430.3666666666977,0.0,3.7749
38,Rest,430.4666666666744,0.0,3.7749
38,Rest,430.56666666668025,0.0,3.7748
38,Rest,430.66666666668607,0.0,3.7749
38,Rest,430.7666666666919,0.0,3.7749
38,Rest,430.8666666666977,0.0,3.7749
38,Rest,430.9666666666744,0.0,3.7749
38,Rest,431.06666666668025,0.0,3.7749
38,Rest,431.16666666668607,0.0,3.7749
38,Rest,431.2666666666919,0.0,3.7748
38,Rest,431.3666666666977,0.0,3.7749
38,Rest,431.4666666666744,0.0,3.7748
38,Rest,431.56666666668025,0.0,3.7749
38,Rest,431.66666666668607,0.0,3.7749
38,Rest,431.7666666666919,0.0,3.7749
38,Rest,431.8666666666977,0.0,3.7749
38,Rest,431.9666666666744,0.0,3.7748
38,Rest,432.06666666668025,0.0,3.7748
38,Rest,432.16666666668607,0.0,3.7749
38,Rest,432.2666666666919,0.0,3.7749
38,Rest,432.3666666666977,0.0,3.7749
38,Rest,432.4666666666744,0.0,3.7749
38,Rest,432.56666666668025,0.0,3.7749
38,Rest,432.66666666668607,0.0,3.7748
38,Rest,432.7666666666919,0.0,3.7749
38,Rest,432.8666666666977,0.0,3.7749
38,Rest,432.9666666666744,0.0,3.7749
38,Rest,433.06666666668025,0.0,3.7749
38,Rest,433.16666666668607,0.0,3.7749
38,Rest,433.2666666666919,0.0,3.7749
38,Rest,433.3666666666977,0.0,3.7749
38,Rest,433.4666666666744,0.0,3.7749
38,Rest,433.56666666668025,0.0,3.7749
38,Rest,433.66666666668607,0.0,3.7749
38,Rest,433.7666666666919,0.0,3.7749
38,Rest,433.8666666666977,0.0,3.7749
38,Rest,433.9666666666744,0.0,3.7749
38,Rest,434.06666666668025,0.0,3.7749
38,Rest,434.16666666668607,0.0,3.7749
38,Rest,434.2666666666919,0.0,3.7749
38,Rest,434.3666666666977,0.0,3.7749
38,Rest,434.4666666666744,0.0,3.7749
38,Rest,434.56666666668025,0.0,3.7749
38,Rest,434.66666666668607,0.0,3.7749
38,Rest,434.7666666666919,0.0,3.7749
38,Rest,434.8666666666977,0.0,3.7749
38,Rest,434.9666666666744,0.0,3.7749
38,Rest,435.06666666668025,0.0,3.7749
38,Rest,435.16666666668607,0.0,3.7749
38,Rest,435.2666666666919,0.0,3.7749
38,Rest,435.3666666666977,0.0,3.7749
38,Rest,435.4666666666744,0.0,3.7749
38,Rest,435.56666666668025,0.0,3.7749
