Step,Step Type,"t,s","I,A","U,V"
9,CC DChg,0.0,-1.6985,4.0382
9,CC DChg,2.75,-1.6985,4.0382
9,CC DChg,3.0909090909117367,-1.6987,4.0379
9,CC DChg,3.4318181818161975,-1.6988,4.0378
9,CC DChg,3.772727272727934,-1.6991,4.0372
9,CC DChg,4.113636363639671,-1.6992,4.0366
9,CC DChg,4.454545454544132,-1.6994,4.0361
9,CC DChg,4.795454545455868,-1.6994,4.0357
9,CC DChg,5.136363636360329,-1.6995,4.0354
9,CC DChg,5.477272727272066,-1.6995,4.0351
9,CC DChg,5.818181818176527,-1.6995,4.0347
9,CC DChg,6.159090909088263,-1.6996,4.0345
9,CC DChg,6.280991735533462,-1.6996,4.0343
9,CC DChg,6.4028925619786605,-1.6996,4.0341
9,CC DChg,6.524793388431135,-1.6996,4.0338
9,CC DChg,6.64669421488361,-1.6996,4.0336
9,CC DChg,6.768595041321532,-1.6996,4.0335
9,CC DChg,6.890495867766731,-1.6996,4.0333
9,CC DChg,7.01239669421193,-1.6997,4.0331
9,CC DChg,7.134297520657128,-1.6997,4.0329
9,CC DChg,7.256198347109603,-1.6997,4.0328
9,CC DChg,7.378099173562077,-1.6997,4.0326
9,CC DChg,7.480090157776431,-1.6997,4.0325
9,CC DChg,7.58208114199806,-1.6997,4.0323
9,CC DChg,7.684072126219689,-1.6997,4.0321
9,CC DChg,7.786063110441319,-1.6997,4.032
9,CC DChg,7.888054094662948,-1.6997,4.0319
9,CC DChg,7.990045078891853,-1.6997,4.0318
9,CC DChg,8.092036063113483,-1.6997,4.0316
9,CC DChg,8.194027047335112,-1.6997,4.0315
9,CC DChg,8.296018031556741,-1.6997,4.0314
9,CC DChg,8.39800901577837,-1.6997,4.0312
9,CC DChg,8.49819001434662,-1.6997,4.0311
9,CC DChg,8.598371012907592,-1.6997,4.031
9,CC DChg,8.698552011483116,-1.6997,4.0309
9,CC DChg,8.798733010051365,-1.6997,4.0308
9,CC DChg,8.898914008605061,-1.6997,4.0306
9,CC DChg,8.99909500717331,-1.6997,4.0305
9,CC DChg,9.099276005727006,-1.6997,4.0304
9,CC DChg,9.19945700430253,-1.6997,4.0303
9,CC DChg,9.299638002870779,-1.6998,4.0302
9,CC DChg,9.399819001431752,-1.6998,4.0301
9,CC DChg,9.49983545584837,-1.6998,4.03
9,CC DChg,9.599851910264988,-1.6998,4.0299
9,CC DChg,9.69986836467433,-1.6998,4.0298
9,CC DChg,9.799884819090948,-1.6998,4.0297
9,CC DChg,9.899901273507567,-1.6998,4.0296
9,CC DChg,9.999917727916909,-1.6998,4.0294
9,CC DChg,10.099934182340803,-1.6998,4.0294
9,CC DChg,10.199950636757421,-1.6998,4.0293
9,CC DChg,10.299967091166764,-1.6998,4.0292
9,CC DChg,10.399983545583382,-1.6998,4.0291
9,CC DChg,10.499985041438777,-1.6998,4.029
9,CC DChg,10.599986537294171,-1.6998,4.0289
9,CC DChg,10.699988033149566,-1.6998,4.0289
9,CC DChg,10.79998952900496,-1.6998,4.0287
9,CC DChg,10.899991024860356,-1.6998,4.0287
9,CC DChg,10.999992520723026,-1.6998,4.0286
9,CC DChg,11.099994016578421,-1.6998,4.0285
9,CC DChg,11.199995512433816,-1.6998,4.0285
9,CC DChg,11.29999700828921,-1.6998,4.0284
9,CC DChg,11.399998504151881,-1.6998,4.0283
9,CC DChg,11.499998640130798,-1.6998,4.0282
9,CC DChg,11.59999877611699,-1.6998,4.0281
9,CC DChg,11.699998912103183,-1.6998,4.028
9,CC DChg,11.799999048089376,-1.6998,4.028
9,CC DChg,11.899999184082844,-1.6998,4.0279
9,CC DChg,11.999999320069037,-1.6998,4.0278
9,CC DChg,12.09999945605523,-1.6998,4.0277
9,CC DChg,12.199999592041422,-1.6998,4.0276
9,CC DChg,12.299999728027615,-1.6998,4.0275
9,CC DChg,12.399999864013807,-1.6998,4.0275
9,CC DChg,12.499999876366928,-1.6998,4.0274
9,CC DChg,12.599999888741877,-1.6998,4.0273
9,CC DChg,12.699999901102274,-1.6998,4.0273
9,CC DChg,12.79999991346267,-1.6998,4.0272
9,CC DChg,12.899999925823067,-1.6998,4.0271
9,CC DChg,12.99999993819074,-1.6998,4.027
9,CC DChg,13.099999950551137,-1.6998,4.027
9,CC DChg,13.199999962911534,-1.6998,4.0269
9,CC DChg,13.29999997527193,-1.6998,4.0268
9,CC DChg,13.399999987639603,-1.6998,4.0267
9,CC DChg,13.499999988765921,-1.6998,4.0267
9,CC DChg,13.599999989884964,-1.6998,4.0266
9,CC DChg,13.699999991011282,-1.6998,4.0265
9,CC DChg,13.7999999921376,-1.6998,4.0265
9,CC DChg,13.899999993256642,-1.6998,4.0264
9,CC DChg,13.99999999438296,-1.6998,4.0263
9,CC DChg,14.099999995502003,-1.6998,4.0262
9,CC DChg,14.199999996628321,-1.6998,4.0262
9,CC DChg,14.299999997761915,-1.6998,4.0261
9,CC DChg,14.399999998880958,-1.6998,4.026
9,CC DChg,14.49999999897409,-1.6998,4.026
9,CC DChg,14.599999999081774,-1.6998,4.0259
9,CC DChg,14.699999999182182,-1.6998,4.0258
9,CC DChg,14.79999999928259,-1.6998,4.0257
9,CC DChg,14.899999999382999,-1.6998,4.0257
9,CC DChg,14.999999999490683,-1.6998,4.0256
9,CC DChg,15.099999999591091,-1.6998,4.0256
9,CC DChg,15.1999999996915,-1.6998,4.0255
9,CC DChg,15.299999999791908,-1.6998,4.0255
9,CC DChg,15.399999999899592,-1.6998,4.0254
9,CC DChg,15.499999999912689,-1.6998,4.0253
9,CC DChg,15.59999999991851,-1.6998,4.0252
9,CC DChg,15.699999999917054,-1.6998,4.0251
9,CC DChg,15.799999999937427,-1.6998,4.0251
9,CC DChg,15.899999999943248,-1.6998,4.025
9,CC DChg,15.99999999996362,-1.6998,4.025
9,CC DChg,16.099999999962165,-1.6998,4.025
9,CC DChg,16.19999999997526,-1.6998,4.0249
9,CC DChg,16.299999999981083,-1.6998,4.0248
9,CC DChg,16.400000000001455,-1.6998,4.0248
9,CC DChg,16.499999999992724,-1.6998,4.0247
9,CC DChg,16.599999999998545,-1.6998,4.0247
9,CC DChg,16.69999999999709,-1.6998,4.0246
9,CC DChg,16.80000000000291,-1.6998,4.0245
9,CC DChg,16.900000000001455,-1.6998,4.0245
9,CC DChg,17.0,-1.6998,4.0244
9,CC DChg,17.099999999998545,-1.6998,4.0243
9,CC DChg,17.19999999999709,-1.6998,4.0243
9,CC DChg,17.30000000000291,-1.6998,4.0242
9,CC DChg,17.400000000001455,-1.6998,4.0242
9,CC DChg,17.5,-1.6998,4.0241
9,CC DChg,17.599999999998545,-1.6998,4.0241
9,CC DChg,17.69999999999709,-1.6998,4.024
9,CC DChg,17.80000000000291,-1.6998,4.024
9,CC DChg,17.900000000001455,-1.6998,4.0239
9,CC DChg,18.0,-1.6998,4.0238
9,CC DChg,18.099999999998545,-1.6998,4.0238
9,CC DChg,18.19999999999709,-1.6998,4.0237
9,CC DChg,18.30000000000291,-1.6998,4.0237
9,CC DChg,18.400000000001455,-1.6998,4.0237
9,CC DChg,18.5,-1.6998,4.0235
9,CC DChg,18.599999999998545,-1.6998,4.0235
9,CC DChg,18.69999999999709,-1.6998,4.0235
9,CC DChg,18.80000000000291,-1.6998,4.0234
9,CC DChg,18.900000000001455,-1.6998,4.0234
9,CC DChg,19.0,-1.6998,4.0233
9,CC DChg,19.099999999998545,-1.6998,4.0232
9,CC DChg,19.19999999999709,-1.6998,4.0232
9,CC DChg,19.30000000000291,-1.6998,4.0231
9,CC DChg,19.400000000001455,-1.6998,4.0231
9,CC DChg,19.5,-1.6998,4.0231
9,CC DChg,19.599999999998545,-1.6998,4.023
9,CC DChg,19.69999999999709,-1.6998,4.023
9,CC DChg,19.80000000000291,-1.6998,4.0229
9,CC DChg,19.900000000001455,-1.6998,4.0229
9,CC DChg,20.0,-1.6998,4.0228
9,CC DChg,20.099999999998545,-1.6998,4.0227
9,CC DChg,20.19999999999709,-1.6998,4.0227
9,CC DChg,20.30000000000291,-1.6998,4.0227
9,CC DChg,20.400000000001455,-1.6998,4.0226
9,CC DChg,20.5,-1.6998,4.0226
9,CC DChg,20.599999999998545,-1.6998,4.0225
9,CC DChg,20.69999999999709,-1.6998,4.0225
9,CC DChg,20.80000000000291,-1.6998,4.0224
9,CC DChg,20.900000000001455,-1.6998,4.0223
9,CC DChg,21.0,-1.6998,4.0223
9,CC DChg,21.099999999998545,-1.6998,4.0223
9,CC DChg,21.19999999999709,-1.6998,4.0222
9,CC DChg,21.30000000000291,-1.6998,4.0221
9,CC DChg,21.400000000001455,-1.6998,4.0221
9,CC DChg,21.5,-1.6998,4.0221
9,CC DChg,21.599999999998545,-1.6998,4.0221
9,CC DChg,21.69999999999709,-1.6998,4.022
9,CC DChg,21.80000000000291,-1.6998,4.0219
9,CC DChg,21.900000000001455,-1.6998,4.0219
9,CC DChg,22.0,-1.6998,4.0218
9,CC DChg,22.099999999998545,-1.6998,4.0217
9,CC DChg,22.19999999999709,-1.6998,4.0217
9,CC DChg,22.30000000000291,-1.6998,4.0217
9,CC DChg,22.400000000001455,-1.6998,4.0217
9,CC DChg,22.5,-1.6998,4.0216
9,CC DChg,22.599999999998545,-1.6998,4.0215
9,CC DChg,22.69999999999709,-1.6998,4.0215
9,CC DChg,22.80000000000291,-1.6998,4.0215
9,CC DChg,22.900000000001455,-1.6998,4.0214
9,CC DChg,23.0,-1.6998,4.0214
9,CC DChg,23.099999999998545,-1.6998,4.0213
9,CC DChg,23.19999999999709,-1.6998,4.0213
9,CC DChg,23.30000000000291,-1.6998,4.0212
9,CC DChg,23.400000000001455,-1.6998,4.0212
9,CC DChg,23.5,-1.6998,4.0211
9,CC DChg,23.599999999998545,-1.6998,4.0211
9,CC DChg,23.69999999999709,-1.6998,4.0211
9,CC DChg,23.80000000000291,-1.6998,4.021
9,CC DChg,23.900000000001455,-1.6998,4.021
9,CC DChg,24.0,-1.6998,4.0209
9,CC DChg,24.099999999998545,-1.6998,4.0209
9,CC DChg,24.19999999999709,-1.6998,4.0209
9,CC DChg,24.30000000000291,-1.6998,4.0208
9,CC DChg,24.400000000001455,-1.6998,4.0208
9,CC DChg,24.5,-1.6998,4.0207
9,CC DChg,24.599999999998545,-1.6998,4.0207
9,CC DChg,24.69999999999709,-1.6998,4.0207
9,CC DChg,24.80000000000291,-1.6998,4.0206
9,CC DChg,24.900000000001455,-1.6998,4.0205
9,CC DChg,25.0,-1.6998,4.0205
9,CC DChg,25.099999999998545,-1.6998,4.0205
9,CC DChg,25.19999999999709,-1.6998,4.0204
9,CC DChg,25.30000000000291,-1.6998,4.0204
9,CC DChg,25.400000000001455,-1.6998,4.0204
9,CC DChg,25.5,-1.6998,4.0203
9,CC DChg,25.599999999998545,-1.6998,4.0202
9,CC DChg,25.69999999999709,-1.6998,4.0202
9,CC DChg,25.80000000000291,-1.6998,4.0202
9,CC DChg,25.900000000001455,-1.6998,4.0202
9,CC DChg,26.0,-1.6998,4.0201
9,CC DChg,26.099999999998545,-1.6998,4.0201
9,CC DChg,26.19999999999709,-1.6998,4.02
9,CC DChg,26.30000000000291,-1.6998,4.02
9,CC DChg,26.400000000001455,-1.6998,4.0199
9,CC DChg,26.5,-1.6998,4.0199
9,CC DChg,26.599999999998545,-1.6998,4.0199
9,CC DChg,26.69999999999709,-1.6998,4.0198
9,CC DChg,26.80000000000291,-1.6998,4.0198
9,CC DChg,26.900000000001455,-1.6998,4.0197
9,CC DChg,27.0,-1.6998,4.0197
9,CC DChg,27.099999999998545,-1.6998,4.0196
9,CC DChg,27.19999999999709,-1.6998,4.0196
9,CC DChg,27.30000000000291,-1.6998,4.0195
9,CC DChg,27.400000000001455,-1.6998,4.0195
9,CC DChg,27.5,-1.6998,4.0195
9,CC DChg,27.599999999998545,-1.6998,4.0195
9,CC DChg,27.69999999999709,-1.6998,4.0194
9,CC DChg,27.80000000000291,-1.6998,4.0194
9,CC DChg,27.900000000001455,-1.6998,4.0193
9,CC DChg,28.0,-1.6998,4.0193
9,CC DChg,28.099999999998545,-1.6998,4.0193
9,CC DChg,28.19999999999709,-1.6998,4.0192
9,CC DChg,28.30000000000291,-1.6998,4.0192
9,CC DChg,28.400000000001455,-1.6998,4.0191
9,CC DChg,28.5,-1.6998,4.0191
9,CC DChg,28.599999999998545,-1.6998,4.0191
9,CC DChg,28.69999999999709,-1.6998,4.019
9,CC DChg,28.80000000000291,-1.6998,4.019
9,CC DChg,28.900000000001455,-1.6998,4.019
9,CC DChg,29.0,-1.6998,4.019
9,CC DChg,29.099999999998545,-1.6998,4.0189
9,CC DChg,29.19999999999709,-1.6998,4.0189
9,CC DChg,29.30000000000291,-1.6998,4.0188
9,CC DChg,29.400000000001455,-1.6998,4.0188
9,CC DChg,29.5,-1.6998,4.0187
9,CC DChg,29.599999999998545,-1.6998,4.0187
9,CC DChg,29.69999999999709,-1.6998,4.0186
9,CC DChg,29.80000000000291,-1.6998,4.0186
9,CC DChg,29.900000000001455,-1.6998,4.0186
9,CC DChg,30.0,-1.6998,4.0185
9,CC DChg,30.099999999998545,-1.6998,4.0185
9,CC DChg,30.19999999999709,-1.6998,4.0185
9,CC DChg,30.30000000000291,-1.6998,4.0185
9,CC DChg,30.400000000001455,-1.6998,4.0185
9,CC DChg,30.5,-1.6998,4.0184
9,CC DChg,30.599999999998545,-1.6998,4.0183
9,CC DChg,30.69999999999709,-1.6998,4.0183
9,CC DChg,30.80000000000291,-1.6998,4.0182
9,CC DChg,30.900000000001455,-1.6998,4.0182
9,CC DChg,31.0,-1.6998,4.0182
9,CC DChg,31.099999999998545,-1.6998,4.0181
9,CC DChg,31.19999999999709,-1.6998,4.0181
9,CC DChg,31.30000000000291,-1.6998,4.0181
9,CC DChg,31.400000000001455,-1.6998,4.018
9,CC DChg,31.5,-1.6998,4.018
9,CC DChg,31.599999999998545,-1.6998,4.018
9,CC DChg,31.69999999999709,-1.6998,4.0179
9,CC DChg,31.80000000000291,-1.6998,4.0179
9,CC DChg,31.900000000001455,-1.6998,4.0178
9,CC DChg,32.0,-1.6998,4.0178
9,CC DChg,32.099999999998545,-1.6998,4.0178
9,CC DChg,32.19999999999709,-1.6998,4.0178
9,CC DChg,32.30000000000291,-1.6998,4.0178
9,CC DChg,32.400000000001455,-1.6998,4.0177
9,CC DChg,32.5,-1.6998,4.0176
9,CC DChg,32.599999999998545,-1.6998,4.0176
9,CC DChg,32.69999999999709,-1.6998,4.0176
9,CC DChg,32.80000000000291,-1.6998,4.0176
9,CC DChg,32.900000000001455,-1.6998,4.0175
9,CC DChg,33.0,-1.6998,4.0175
9,CC DChg,33.099999999998545,-1.6998,4.0174
9,CC DChg,33.19999999999709,-1.6998,4.0174
9,CC DChg,33.30000000000291,-1.6998,4.0174
9,CC DChg,33.400000000001455,-1.6998,4.0173
9,CC DChg,33.5,-1.6998,4.0173
9,CC DChg,33.599999999998545,-1.6998,4.0173
9,CC DChg,33.69999999999709,-1.6998,4.0172
9,CC DChg,33.80000000000291,-1.6998,4.0172
9,CC DChg,33.900000000001455,-1.6998,4.0172
9,CC DChg,34.0,-1.6998,4.0172
9,CC DChg,34.099999999998545,-1.6998,4.0171
9,CC DChg,34.19999999999709,-1.6998,4.0171
9,CC DChg,34.30000000000291,-1.6998,4.0171
9,CC DChg,34.400000000001455,-1.6998,4.017
9,CC DChg,34.5,-1.6998,4.017
9,CC DChg,34.599999999998545,-1.6998,4.017
9,CC DChg,34.69999999999709,-1.6998,4.017
9,CC DChg,34.80000000000291,-1.6998,4.0169
9,CC DChg,34.900000000001455,-1.6998,4.0169
9,CC DChg,35.0,-1.6998,4.0168
9,CC DChg,35.099999999998545,-1.6998,4.0168
9,CC DChg,35.19999999999709,-1.6998,4.0168
9,CC DChg,35.30000000000291,-1.6998,4.0168
9,CC DChg,35.400000000001455,-1.6998,4.0167
9,CC DChg,35.5,-1.6998,4.0167
9,CC DChg,35.599999999998545,-1.6998,4.0167
9,CC DChg,35.69999999999709,-1.6998,4.0166
9,CC DChg,35.80000000000291,-1.6998,4.0166
9,CC DChg,35.900000000001455,-1.6998,4.0166
9,CC DChg,36.0,-1.6998,4.0166
9,CC DChg,36.099999999998545,-1.6998,4.0165
9,CC DChg,36.19999999999709,-1.6998,4.0165
9,CC DChg,36.30000000000291,-1.6998,4.0164
9,CC DChg,36.400000000001455,-1.6998,4.0164
9,CC DChg,36.5,-1.6998,4.0164
9,CC DChg,36.599999999998545,-1.6998,4.0163
9,CC DChg,36.69999999999709,-1.6998,4.0163
9,CC DChg,36.80000000000291,-1.6998,4.0163
9,CC DChg,36.900000000001455,-1.6998,4.0162
9,CC DChg,37.0,-1.6998,4.0161
9,CC DChg,37.099999999998545,-1.6998,4.0161
9,CC DChg,37.19999999999709,-1.6998,4.0161
9,CC DChg,37.30000000000291,-1.6998,4.0161
9,CC DChg,37.400000000001455,-1.6998,4.0161
9,CC DChg,37.5,-1.6998,4.0161
9,CC DChg,37.599999999998545,-1.6998,4.0161
9,CC DChg,37.69999999999709,-1.6998,4.016
9,CC DChg,37.80000000000291,-1.6998,4.016
9,CC DChg,37.900000000001455,-1.6998,4.016
9,CC DChg,38.0,-1.6998,4.0159
9,CC DChg,38.099999999998545,-1.6998,4.0159
9,CC DChg,38.19999999999709,-1.6998,4.0159
9,CC DChg,38.30000000000291,-1.6998,4.0158
9,CC DChg,38.400000000001455,-1.6998,4.0158
9,CC DChg,38.5,-1.6998,4.0158
9,CC DChg,38.599999999998545,-1.6998,4.0158
9,CC DChg,38.69999999999709,-1.6998,4.0157
9,CC DChg,38.80000000000291,-1.6998,4.0157
9,CC DChg,38.900000000001455,-1.6998,4.0157
9,CC DChg,39.0,-1.6998,4.0156
9,CC DChg,39.099999999998545,-1.6998,4.0156
9,CC DChg,39.19999999999709,-1.6998,4.0156
9,CC DChg,39.30000000000291,-1.6998,4.0155
9,CC DChg,39.400000000001455,-1.6998,4.0155
9,CC DChg,39.5,-1.6998,4.0155
9,CC DChg,39.599999999998545,-1.6998,4.0155
9,CC DChg,39.69999999999709,-1.6998,4.0154
9,CC DChg,39.80000000000291,-1.6998,4.0154
9,CC DChg,39.900000000001455,-1.6998,4.0153
9,CC DChg,40.0,-1.6998,4.0154
9,CC DChg,40.099999999998545,-1.6998,4.0153
9,CC DChg,40.19999999999709,-1.6998,4.0153
9,CC DChg,40.30000000000291,-1.6998,4.0152
9,CC DChg,40.400000000001455,-1.6998,4.0152
9,CC DChg,40.5,-1.6998,4.0152
9,CC DChg,40.599999999998545,-1.6998,4.0152
9,CC DChg,40.69999999999709,-1.6998,4.0152
9,CC DChg,40.80000000000291,-1.6998,4.0151
9,CC DChg,40.900000000001455,-1.6998,4.0151
9,CC DChg,41.0,-1.6998,4.015
9,CC DChg,41.099999999998545,-1.6998,4.015
9,CC DChg,41.19999999999709,-1.6998,4.015
9,CC DChg,41.30000000000291,-1.6998,4.015
9,CC DChg,41.400000000001455,-1.6998,4.015
9,CC DChg,41.5,-1.6998,4.0149
9,CC DChg,41.599999999998545,-1.6998,4.0149
9,CC DChg,41.69999999999709,-1.6998,4.0149
9,CC DChg,41.80000000000291,-1.6998,4.0149
9,CC DChg,41.900000000001455,-1.6998,4.0148
9,CC DChg,42.0,-1.6998,4.0148
9,CC DChg,42.099999999998545,-1.6998,4.0148
9,CC DChg,42.19999999999709,-1.6998,4.0147
9,CC DChg,42.30000000000291,-1.6998,4.0147
9,CC DChg,42.400000000001455,-1.6998,4.0147
9,CC DChg,42.5,-1.6998,4.0147
9,CC DChg,42.599999999998545,-1.6998,4.0147
9,CC DChg,42.69999999999709,-1.6998,4.0146
9,CC DChg,42.80000000000291,-1.6998,4.0146
9,CC DChg,42.900000000001455,-1.6998,4.0145
9,CC DChg,43.0,-1.6998,4.0145
9,CC DChg,43.099999999998545,-1.6998,4.0145
9,CC DChg,43.19999999999709,-1.6998,4.0145
9,CC DChg,43.30000000000291,-1.6998,4.0145
9,CC DChg,43.400000000001455,-1.6998,4.0144
9,CC DChg,43.5,-1.6998,4.0144
9,CC DChg,43.599999999998545,-1.6998,4.0144
9,CC DChg,43.69999999999709,-1.6998,4.0143
9,CC DChg,43.80000000000291,-1.6998,4.0143
9,CC DChg,43.900000000001455,-1.6998,4.0143
9,CC DChg,44.0,-1.6998,4.0142
9,CC DChg,44.099999999998545,-1.6998,4.0142
9,CC DChg,44.19999999999709,-1.6998,4.0142
9,CC DChg,44.30000000000291,-1.6998,4.0142
9,CC DChg,44.400000000001455,-1.6998,4.0142
9,CC DChg,44.5,-1.6998,4.0142
9,CC DChg,44.599999999998545,-1.6998,4.0141
9,CC DChg,44.69999999999709,-1.6998,4.0141
9,CC DChg,44.80000000000291,-1.6998,4.0141
9,CC DChg,44.900000000001455,-1.6998,4.0141
9,CC DChg,45.0,-1.6998,4.014
9,CC DChg,45.099999999998545,-1.6998,4.014
9,CC DChg,45.19999999999709,-1.6998,4.014
9,CC DChg,45.30000000000291,-1.6998,4.014
9,CC DChg,45.400000000001455,-1.6998,4.014
9,CC DChg,45.5,-1.6998,4.0139
9,CC DChg,45.599999999998545,-1.6998,4.0139
9,CC DChg,45.69999999999709,-1.6998,4.0138
9,CC DChg,45.80000000000291,-1.6998,4.0138
9,CC DChg,45.900000000001455,-1.6998,4.0138
9,CC DChg,46.0,-1.6998,4.0137
9,CC DChg,46.099999999998545,-1.6999,4.0137
9,CC DChg,46.19999999999709,-1.6999,4.0137
9,CC DChg,46.30000000000291,-1.6999,4.0137
9,CC DChg,46.400000000001455,-1.6999,4.0136
9,CC DChg,46.5,-1.6999,4.0136
9,CC DChg,46.599999999998545,-1.6999,4.0136
9,CC DChg,46.69999999999709,-1.6999,4.0136
9,CC DChg,46.80000000000291,-1.6999,4.0136
9,CC DChg,46.900000000001455,-1.6999,4.0135
9,CC DChg,47.0,-1.6999,4.0135
9,CC DChg,47.099999999998545,-1.6999,4.0135
9,CC DChg,47.19999999999709,-1.6999,4.0135
9,CC DChg,47.30000000000291,-1.6999,4.0135
9,CC DChg,47.400000000001455,-1.6999,4.0135
9,CC DChg,47.5,-1.6999,4.0134
9,CC DChg,47.599999999998545,-1.6999,4.0134
9,CC DChg,47.69999999999709,-1.6999,4.0134
9,CC DChg,47.80000000000291,-1.6999,4.0134
9,CC DChg,47.900000000001455,-1.6999,4.0133
9,CC DChg,48.0,-1.6999,4.0133
9,CC DChg,48.099999999998545,-1.6998,4.0133
9,CC DChg,48.19999999999709,-1.6998,4.0132
9,CC DChg,48.30000000000291,-1.6998,4.0132
9,CC DChg,48.400000000001455,-1.6998,4.0132
9,CC DChg,48.5,-1.6998,4.0132
9,CC DChg,48.599999999998545,-1.6998,4.0132
9,CC DChg,48.69999999999709,-1.6998,4.0132
9,CC DChg,48.80000000000291,-1.6998,4.0131
9,CC DChg,48.900000000001455,-1.6998,4.0131
9,CC DChg,49.0,-1.6998,4.0131
9,CC DChg,49.099999999998545,-1.6999,4.013
9,CC DChg,49.19999999999709,-1.6999,4.013
9,CC DChg,49.30000000000291,-1.6999,4.013
9,CC DChg,49.400000000001455,-1.6999,4.0129
9,CC DChg,49.5,-1.6999,4.0129
9,CC DChg,49.599999999998545,-1.6999,4.0129
9,CC DChg,49.69999999999709,-1.6999,4.0129
9,CC DChg,49.80000000000291,-1.6999,4.0129
9,CC DChg,49.900000000001455,-1.6999,4.0128
9,CC DChg,50.0,-1.6999,4.0128
9,CC DChg,50.099999999998545,-1.6999,4.0128
9,CC DChg,50.19999999999709,-1.6999,4.0128
9,CC DChg,50.30000000000291,-1.6999,4.0127
9,CC DChg,50.400000000001455,-1.6999,4.0127
9,CC DChg,50.5,-1.6999,4.0127
9,CC DChg,50.599999999998545,-1.6999,4.0127
9,CC DChg,50.69999999999709,-1.6999,4.0126
9,CC DChg,50.80000000000291,-1.6999,4.0126
9,CC DChg,50.900000000001455,-1.6999,4.0126
9,CC DChg,51.0,-1.6999,4.0126
9,CC DChg,51.099999999998545,-1.6999,4.0126
9,CC DChg,51.19999999999709,-1.6999,4.0126
9,CC DChg,51.30000000000291,-1.6999,4.0125
9,CC DChg,51.400000000001455,-1.6999,4.0125
9,CC DChg,51.5,-1.6999,4.0125
9,CC DChg,51.599999999998545,-1.6999,4.0125
9,CC DChg,51.69999999999709,-1.6999,4.0125
9,CC DChg,51.80000000000291,-1.6999,4.0124
9,CC DChg,51.900000000001455,-1.6999,4.0124
9,CC DChg,52.0,-1.6999,4.0124
9,CC DChg,52.099999999998545,-1.6999,4.0123
9,CC DChg,52.19999999999709,-1.6999,4.0123
9,CC DChg,52.30000000000291,-1.6999,4.0123
9,CC DChg,52.400000000001455,-1.6999,4.0123
9,CC DChg,52.5,-1.6999,4.0122
9,CC DChg,52.599999999998545,-1.6999,4.0122
9,CC DChg,52.69999999999709,-1.6999,4.0122
9,CC DChg,52.80000000000291,-1.6999,4.0122
9,CC DChg,52.900000000001455,-1.6999,4.0122
9,CC DChg,53.0,-1.6999,4.0121
9,CC DChg,53.099999999998545,-1.6999,4.0121
9,CC DChg,53.19999999999709,-1.6999,4.0121
9,CC DChg,53.30000000000291,-1.6999,4.0121
9,CC DChg,53.400000000001455,-1.6999,4.012
9,CC DChg,53.5,-1.6999,4.012
9,CC DChg,53.599999999998545,-1.6999,4.012
9,CC DChg,53.69999999999709,-1.6999,4.0119
9,CC DChg,53.80000000000291,-1.6999,4.0119
9,CC DChg,53.900000000001455,-1.6999,4.0119
9,CC DChg,54.0,-1.6999,4.0119
9,CC DChg,54.099999999998545,-1.6999,4.0119
9,CC DChg,54.19999999999709,-1.6999,4.0119
9,CC DChg,54.30000000000291,-1.6999,4.0119
9,CC DChg,54.400000000001455,-1.6999,4.0118
9,CC DChg,54.5,-1.6999,4.0118
9,CC DChg,54.599999999998545,-1.6999,4.0118
9,CC DChg,54.69999999999709,-1.6999,4.0118
9,CC DChg,54.80000000000291,-1.6999,4.0118
9,CC DChg,54.900000000001455,-1.6999,4.0118
9,CC DChg,55.0,-1.6999,4.0117
9,CC DChg,55.099999999998545,-1.6999,4.0117
9,CC DChg,55.19999999999709,-1.6999,4.0117
9,CC DChg,55.30000000000291,-1.6999,4.0117
9,CC DChg,55.400000000001455,-1.6999,4.0116
9,CC DChg,55.5,-1.6999,4.0116
9,CC DChg,55.599999999998545,-1.6999,4.0116
9,CC DChg,55.69999999999709,-1.6999,4.0116
9,CC DChg,55.80000000000291,-1.6999,4.0115
9,CC DChg,55.900000000001455,-1.6999,4.0115
9,CC DChg,56.0,-1.6999,4.0115
9,CC DChg,56.099999999998545,-1.6999,4.0115
9,CC DChg,56.19999999999709,-1.6999,4.0115
9,CC DChg,56.30000000000291,-1.6999,4.0115
9,CC DChg,56.400000000001455,-1.6999,4.0115
9,CC DChg,56.5,-1.6999,4.0114
9,CC DChg,56.599999999998545,-1.6999,4.0114
9,CC DChg,56.69999999999709,-1.6999,4.0114
9,CC DChg,56.80000000000291,-1.6999,4.0114
9,CC DChg,56.900000000001455,-1.6999,4.0113
9,CC DChg,57.0,-1.6999,4.0113
9,CC DChg,57.099999999998545,-1.6999,4.0113
9,CC DChg,57.19999999999709,-1.6999,4.0113
9,CC DChg,57.30000000000291,-1.6999,4.0112
9,CC DChg,57.400000000001455,-1.6999,4.0112
9,CC DChg,57.5,-1.6999,4.0112
9,CC DChg,57.599999999998545,-1.6999,4.0112
9,CC DChg,57.69999999999709,-1.6999,4.0112
9,CC DChg,57.80000000000291,-1.6999,4.0112
9,CC DChg,57.900000000001455,-1.6999,4.0112
9,CC DChg,58.0,-1.6999,4.0111
9,CC DChg,58.099999999998545,-1.6999,4.0111
9,CC DChg,58.19999999999709,-1.6999,4.0111
9,CC DChg,58.30000000000291,-1.6999,4.011
9,CC DChg,58.400000000001455,-1.6999,4.011
9,CC DChg,58.5,-1.6999,4.0111
9,CC DChg,58.599999999998545,-1.6999,4.011
9,CC DChg,58.69999999999709,-1.6999,4.0109
9,CC DChg,58.80000000000291,-1.6999,4.0109
9,CC DChg,58.900000000001455,-1.6999,4.0109
9,CC DChg,59.0,-1.6999,4.0109
9,CC DChg,59.099999999998545,-1.6998,4.0109
9,CC DChg,59.19999999999709,-1.6998,4.0109
9,CC DChg,59.30000000000291,-1.6998,4.0109
9,CC DChg,59.400000000001455,-1.6998,4.0108
9,CC DChg,59.5,-1.6998,4.0108
9,CC DChg,59.599999999998545,-1.6998,4.0109
9,CC DChg,59.69999999999709,-1.6998,4.0108
9,CC DChg,59.80000000000291,-1.6998,4.0108
9,CC DChg,59.900000000001455,-1.6998,4.0108
9,CC DChg,60.0,-1.6998,4.0108
9,CC DChg,60.099999999998545,-1.6998,4.0107
9,CC DChg,60.19999999999709,-1.6998,4.0107
9,CC DChg,60.30000000000291,-1.6998,4.0107
9,CC DChg,60.400000000001455,-1.6998,4.0106
9,CC DChg,60.5,-1.6998,4.0107
9,CC DChg,60.599999999998545,-1.6998,4.0106
9,CC DChg,60.69999999999709,-1.6998,4.0106
9,CC DChg,60.80000000000291,-1.6998,4.0106
9,CC DChg,60.900000000001455,-1.6998,4.0105
9,CC DChg,61.0,-1.6998,4.0105
9,CC DChg,61.099999999998545,-1.6998,4.0105
9,CC DChg,61.19999999999709,-1.6998,4.0105
9,CC DChg,61.30000000000291,-1.6998,4.0105
9,CC DChg,61.400000000001455,-1.6998,4.0105
9,CC DChg,61.5,-1.6998,4.0105
9,CC DChg,61.599999999998545,-1.6998,4.0104
9,CC DChg,61.69999999999709,-1.6998,4.0104
9,CC DChg,61.80000000000291,-1.6998,4.0104
9,CC DChg,61.900000000001455,-1.6998,4.0104
9,CC DChg,62.0,-1.6998,4.0104
9,CC DChg,62.099999999998545,-1.6998,4.0103
9,CC DChg,62.19999999999709,-1.6998,4.0103
9,CC DChg,62.30000000000291,-1.6998,4.0103
9,CC DChg,62.400000000001455,-1.6998,4.0103
9,CC DChg,62.5,-1.6998,4.0103
9,CC DChg,62.599999999998545,-1.6998,4.0103
9,CC DChg,62.69999999999709,-1.6998,4.0102
9,CC DChg,62.80000000000291,-1.6998,4.0102
9,CC DChg,62.900000000001455,-1.6998,4.0102
9,CC DChg,63.0,-1.6998,4.0102
9,CC DChg,63.099999999998545,-1.6998,4.0102
9,CC DChg,63.19999999999709,-1.6998,4.0101
9,CC DChg,63.30000000000291,-1.6998,4.0101
9,CC DChg,63.400000000001455,-1.6998,4.0101
9,CC DChg,63.5,-1.6998,4.0101
9,CC DChg,63.599999999998545,-1.6998,4.0101
9,CC DChg,63.69999999999709,-1.6998,4.01
9,CC DChg,63.80000000000291,-1.6998,4.01
9,CC DChg,63.900000000001455,-1.6998,4.01
9,CC DChg,64.0,-1.6998,4.01
9,CC DChg,64.09999999999854,-1.6998,4.01
9,CC DChg,64.19999999999709,-1.6998,4.0099
9,CC DChg,64.30000000000291,-1.6998,4.0099
9,CC DChg,64.40000000000146,-1.6998,4.0099
9,CC DChg,64.5,-1.6998,4.0099
9,CC DChg,64.59999999999854,-1.6998,4.0099
9,CC DChg,64.69999999999709,-1.6998,4.0099
9,CC DChg,64.80000000000291,-1.6998,4.0098
9,CC DChg,64.90000000000146,-1.6998,4.0098
9,CC DChg,65.0,-1.6998,4.0098
9,CC DChg,65.09999999999854,-1.6998,4.0098
9,CC DChg,65.19999999999709,-1.6998,4.0098
9,CC DChg,65.30000000000291,-1.6998,4.0098
9,CC DChg,65.40000000000146,-1.6998,4.0098
9,CC DChg,65.5,-1.6998,4.0098
9,CC DChg,65.59999999999854,-1.6998,4.0097
9,CC DChg,65.69999999999709,-1.6998,4.0097
9,CC DChg,65.80000000000291,-1.6998,4.0097
9,CC DChg,65.90000000000146,-1.6998,4.0097
9,CC DChg,66.0,-1.6998,4.0097
9,CC DChg,66.09999999999854,-1.6998,4.0096
9,CC DChg,66.19999999999709,-1.6998,4.0096
9,CC DChg,66.30000000000291,-1.6998,4.0096
9,CC DChg,66.40000000000146,-1.6998,4.0096
9,CC DChg,66.5,-1.6998,4.0096
9,CC DChg,66.59999999999854,-1.6998,4.0096
9,CC DChg,66.69999999999709,-1.6998,4.0095
9,CC DChg,66.80000000000291,-1.6998,4.0095
9,CC DChg,66.90000000000146,-1.6998,4.0095
9,CC DChg,67.0,-1.6998,4.0095
9,CC DChg,67.09999999999854,-1.6998,4.0095
9,CC DChg,67.19999999999709,-1.6998,4.0095
9,CC DChg,67.30000000000291,-1.6998,4.0095
9,CC DChg,67.40000000000146,-1.6998,4.0094
9,CC DChg,67.5,-1.6998,4.0094
9,CC DChg,67.59999999999854,-1.6998,4.0094
9,CC DChg,67.69999999999709,-1.6998,4.0093
9,CC DChg,67.80000000000291,-1.6998,4.0093
9,CC DChg,67.90000000000146,-1.6998,4.0093
9,CC DChg,68.0,-1.6998,4.0094
9,CC DChg,68.09999999999854,-1.6998,4.0093
9,CC DChg,68.19999999999709,-1.6998,4.0093
9,CC DChg,68.30000000000291,-1.6998,4.0093
9,CC DChg,68.40000000000146,-1.6998,4.0092
9,CC DChg,68.5,-1.6998,4.0092
9,CC DChg,68.59999999999854,-1.6998,4.0092
9,CC DChg,68.69999999999709,-1.6998,4.0092
9,CC DChg,68.80000000000291,-1.6998,4.0091
9,CC DChg,68.90000000000146,-1.6998,4.0091
9,CC DChg,69.0,-1.6998,4.0091
9,CC DChg,69.09999999999854,-1.6998,4.0091
9,CC DChg,69.19999999999709,-1.6998,4.0091
9,CC DChg,69.30000000000291,-1.6998,4.009
9,CC DChg,69.40000000000146,-1.6998,4.009
9,CC DChg,69.5,-1.6998,4.009
9,CC DChg,69.59999999999854,-1.6998,4.009
9,CC DChg,69.69999999999709,-1.6998,4.009
9,CC DChg,69.80000000000291,-1.6998,4.009
9,CC DChg,69.90000000000146,-1.6998,4.009
9,CC DChg,70.0,-1.6998,4.009
9,CC DChg,70.09999999999854,-1.6998,4.0089
9,CC DChg,70.19999999999709,-1.6998,4.0089
9,CC DChg,70.30000000000291,-1.6998,4.0089
9,CC DChg,70.40000000000146,-1.6998,4.0089
9,CC DChg,70.5,-1.6998,4.0089
9,CC DChg,70.59999999999854,-1.6998,4.0088
9,CC DChg,70.69999999999709,-1.6998,4.0088
9,CC DChg,70.80000000000291,-1.6998,4.0088
9,CC DChg,70.90000000000146,-1.6998,4.0089
9,CC DChg,71.0,-1.6998,4.0088
9,CC DChg,71.09999999999854,-1.6998,4.0088
9,CC DChg,71.19999999999709,-1.6998,4.0088
9,CC DChg,71.30000000000291,-1.6998,4.0088
9,CC DChg,71.40000000000146,-1.6998,4.0087
9,CC DChg,71.5,-1.6998,4.0087
9,CC DChg,71.59999999999854,-1.6998,4.0087
9,CC DChg,71.69999999999709,-1.6998,4.0087
9,CC DChg,71.80000000000291,-1.6998,4.0087
9,CC DChg,71.90000000000146,-1.6998,4.0087
9,CC DChg,72.0,-1.6998,4.0087
9,CC DChg,72.09999999999854,-1.6998,4.0086
9,CC DChg,72.19999999999709,-1.6998,4.0086
9,CC DChg,72.30000000000291,-1.6998,4.0086
9,CC DChg,72.40000000000146,-1.6998,4.0086
9,CC DChg,72.5,-1.6998,4.0085
9,CC DChg,72.59999999999854,-1.6998,4.0085
9,CC DChg,72.69999999999709,-1.6998,4.0085
9,CC DChg,72.80000000000291,-1.6998,4.0085
9,CC DChg,72.90000000000146,-1.6998,4.0085
9,CC DChg,73.0,-1.6998,4.0085
9,CC DChg,73.09999999999854,-1.6998,4.0085
9,CC DChg,73.19999999999709,-1.6998,4.0085
9,CC DChg,73.30000000000291,-1.6998,4.0084
9,CC DChg,73.40000000000146,-1.6998,4.0084
9,CC DChg,73.5,-1.6998,4.0084
9,CC DChg,73.59999999999854,-1.6998,4.0084
9,CC DChg,73.69999999999709,-1.6998,4.0083
9,CC DChg,73.80000000000291,-1.6998,4.0084
9,CC DChg,73.90000000000146,-1.6998,4.0084
9,CC DChg,74.0,-1.6998,4.0083
9,CC DChg,74.09999999999854,-1.6998,4.0083
9,CC DChg,74.19999999999709,-1.6998,4.0083
9,CC DChg,74.30000000000291,-1.6998,4.0083
9,CC DChg,74.40000000000146,-1.6998,4.0082
9,CC DChg,74.5,-1.6998,4.0083
9,CC DChg,74.59999999999854,-1.6998,4.0082
9,CC DChg,74.69999999999709,-1.6998,4.0082
9,CC DChg,74.80000000000291,-1.6998,4.0082
9,CC DChg,74.90000000000146,-1.6998,4.0082
9,CC DChg,75.0,-1.6998,4.0081
9,CC DChg,75.09999999999854,-1.6998,4.0081
9,CC DChg,75.19999999999709,-1.6998,4.0081
9,CC DChg,75.30000000000291,-1.6998,4.0081
9,CC DChg,75.40000000000146,-1.6998,4.0081
9,CC DChg,75.5,-1.6998,4.0081
9,CC DChg,75.59999999999854,-1.6998,4.008
9,CC DChg,75.69999999999709,-1.6998,4.008
9,CC DChg,75.80000000000291,-1.6998,4.008
9,CC DChg,75.90000000000146,-1.6998,4.008
9,CC DChg,76.0,-1.6998,4.008
9,CC DChg,76.09999999999854,-1.6998,4.0079
9,CC DChg,76.19999999999709,-1.6998,4.008
9,CC DChg,76.30000000000291,-1.6998,4.008
9,CC DChg,76.40000000000146,-1.6998,4.008
9,CC DChg,76.5,-1.6998,4.0079
9,CC DChg,76.59999999999854,-1.6998,4.0079
9,CC DChg,76.69999999999709,-1.6998,4.0079
9,CC DChg,76.80000000000291,-1.6998,4.0079
9,CC DChg,76.90000000000146,-1.6998,4.0079
9,CC DChg,77.0,-1.6998,4.0079
9,CC DChg,77.09999999999854,-1.6998,4.0079
9,CC DChg,77.19999999999709,-1.6998,4.0079
9,CC DChg,77.30000000000291,-1.6998,4.0078
9,CC DChg,77.40000000000146,-1.6998,4.0078
9,CC DChg,77.5,-1.6998,4.0078
9,CC DChg,77.59999999999854,-1.6998,4.0078
9,CC DChg,77.69999999999709,-1.6998,4.0077
9,CC DChg,77.80000000000291,-1.6998,4.0077
9,CC DChg,77.90000000000146,-1.6998,4.0078
9,CC DChg,78.0,-1.6998,4.0077
9,CC DChg,78.09999999999854,-1.6998,4.0077
9,CC DChg,78.19999999999709,-1.6998,4.0077
9,CC DChg,78.30000000000291,-1.6998,4.0077
9,CC DChg,78.40000000000146,-1.6998,4.0076
9,CC DChg,78.5,-1.6998,4.0076
9,CC DChg,78.59999999999854,-1.6998,4.0076
9,CC DChg,78.69999999999709,-1.6998,4.0076
9,CC DChg,78.80000000000291,-1.6998,4.0076
9,CC DChg,78.90000000000146,-1.6998,4.0076
9,CC DChg,79.0,-1.6998,4.0076
9,CC DChg,79.09999999999854,-1.6998,4.0075
9,CC DChg,79.19999999999709,-1.6998,4.0075
9,CC DChg,79.30000000000291,-1.6998,4.0075
9,CC DChg,79.40000000000146,-1.6998,4.0075
9,CC DChg,79.5,-1.6998,4.0075
9,CC DChg,79.59999999999854,-1.6998,4.0075
9,CC DChg,79.69999999999709,-1.6998,4.0075
9,CC DChg,79.80000000000291,-1.6998,4.0075
9,CC DChg,79.90000000000146,-1.6998,4.0074
9,CC DChg,80.0,-1.6998,4.0074
9,CC DChg,80.09999999999854,-1.6998,4.0074
9,CC DChg,80.19999999999709,-1.6998,4.0074
9,CC DChg,80.30000000000291,-1.6998,4.0074
9,CC DChg,80.40000000000146,-1.6998,4.0074
9,CC DChg,80.5,-1.6998,4.0074
9,CC DChg,80.59999999999854,-1.6998,4.0074
9,CC DChg,80.69999999999709,-1.6998,4.0073
9,CC DChg,80.80000000000291,-1.6998,4.0073
9,CC DChg,80.90000000000146,-1.6998,4.0073
9,CC DChg,81.0,-1.6998,4.0073
9,CC DChg,81.09999999999854,-1.6998,4.0073
9,CC DChg,81.19999999999709,-1.6998,4.0073
9,CC DChg,81.30000000000291,-1.6998,4.0072
9,CC DChg,81.40000000000146,-1.6998,4.0072
9,CC DChg,81.5,-1.6998,4.0072
9,CC DChg,81.59999999999854,-1.6998,4.0072
9,CC DChg,81.69999999999709,-1.6998,4.0072
9,CC DChg,81.80000000000291,-1.6998,4.0072
9,CC DChg,81.90000000000146,-1.6998,4.0071
9,CC DChg,82.0,-1.6998,4.0071
9,CC DChg,82.09999999999854,-1.6998,4.0071
9,CC DChg,82.19999999999709,-1.6998,4.0071
9,CC DChg,82.30000000000291,-1.6998,4.0071
9,CC DChg,82.40000000000146,-1.6998,4.0071
9,CC DChg,82.5,-1.6998,4.007
9,CC DChg,82.59999999999854,-1.6998,4.0071
9,CC DChg,82.69999999999709,-1.6998,4.0071
9,CC DChg,82.80000000000291,-1.6998,4.007
9,CC DChg,82.90000000000146,-1.6998,4.007
9,CC DChg,83.0,-1.6998,4.007
9,CC DChg,83.09999999999854,-1.6998,4.007
9,CC DChg,83.19999999999709,-1.6998,4.007
9,CC DChg,83.30000000000291,-1.6998,4.007
9,CC DChg,83.40000000000146,-1.6998,4.007
9,CC DChg,83.5,-1.6998,4.0069
9,CC DChg,83.59999999999854,-1.6998,4.0069
9,CC DChg,83.69999999999709,-1.6998,4.0069
9,CC DChg,83.80000000000291,-1.6998,4.0069
9,CC DChg,83.90000000000146,-1.6998,4.0069
9,CC DChg,84.0,-1.6998,4.0069
9,CC DChg,84.09999999999854,-1.6998,4.0069
9,CC DChg,84.19999999999709,-1.6998,4.0068
9,CC DChg,84.30000000000291,-1.6998,4.0068
9,CC DChg,84.40000000000146,-1.6998,4.0068
9,CC DChg,84.5,-1.6998,4.0068
9,CC DChg,84.59999999999854,-1.6998,4.0068
9,CC DChg,84.69999999999709,-1.6998,4.0068
9,CC DChg,84.80000000000291,-1.6998,4.0067
9,CC DChg,84.90000000000146,-1.6998,4.0067
9,CC DChg,85.0,-1.6998,4.0068
9,CC DChg,85.09999999999854,-1.6998,4.0068
9,CC DChg,85.19999999999709,-1.6998,4.0068
9,CC DChg,85.30000000000291,-1.6998,4.0067
9,CC DChg,85.40000000000146,-1.6998,4.0067
9,CC DChg,85.5,-1.6998,4.0067
9,CC DChg,85.59999999999854,-1.6998,4.0066
9,CC DChg,85.69999999999709,-1.6998,4.0066
9,CC DChg,85.80000000000291,-1.6998,4.0066
9,CC DChg,85.90000000000146,-1.6998,4.0066
9,CC DChg,86.0,-1.6998,4.0066
9,CC DChg,86.09999999999854,-1.6998,4.0066
9,CC DChg,86.19999999999709,-1.6998,4.0066
9,CC DChg,86.30000000000291,-1.6998,4.0065
9,CC DChg,86.40000000000146,-1.6998,4.0065
9,CC DChg,86.5,-1.6998,4.0065
9,CC DChg,86.59999999999854,-1.6998,4.0065
9,CC DChg,86.69999999999709,-1.6998,4.0065
9,CC DChg,86.80000000000291,-1.6998,4.0064
9,CC DChg,86.90000000000146,-1.6998,4.0064
9,CC DChg,87.0,-1.6998,4.0065
9,CC DChg,87.09999999999854,-1.6998,4.0065
9,CC DChg,87.19999999999709,-1.6998,4.0064
9,CC DChg,87.30000000000291,-1.6998,4.0064
9,CC DChg,87.40000000000146,-1.6998,4.0064
9,CC DChg,87.5,-1.6998,4.0064
9,CC DChg,87.59999999999854,-1.6998,4.0064
9,CC DChg,87.69999999999709,-1.6998,4.0064
9,CC DChg,87.80000000000291,-1.6998,4.0064
9,CC DChg,87.90000000000146,-1.6998,4.0063
9,CC DChg,88.0,-1.6998,4.0064
9,CC DChg,88.09999999999854,-1.6998,4.0063
9,CC DChg,88.19999999999709,-1.6998,4.0063
9,CC DChg,88.30000000000291,-1.6998,4.0063
9,CC DChg,88.40000000000146,-1.6998,4.0062
9,CC DChg,88.5,-1.6998,4.0062
9,CC DChg,88.59999999999854,-1.6998,4.0062
9,CC DChg,88.69999999999709,-1.6998,4.0062
9,CC DChg,88.80000000000291,-1.6998,4.0062
9,CC DChg,88.90000000000146,-1.6998,4.0062
9,CC DChg,89.0,-1.6998,4.0062
9,CC DChg,89.09999999999854,-1.6998,4.0062
9,CC DChg,89.19999999999709,-1.6998,4.0062
9,CC DChg,89.30000000000291,-1.6998,4.0062
9,CC DChg,89.40000000000146,-1.6998,4.0061
9,CC DChg,89.5,-1.6998,4.0061
9,CC DChg,89.59999999999854,-1.6998,4.0061
9,CC DChg,89.69999999999709,-1.6998,4.0061
9,CC DChg,89.80000000000291,-1.6998,4.0062
9,CC DChg,89.90000000000146,-1.6998,4.0061
9,CC DChg,90.0,-1.6998,4.0061
9,CC DChg,90.09999999999854,-1.6998,4.0061
9,CC DChg,90.19999999999709,-1.6998,4.006
9,CC DChg,90.30000000000291,-1.6998,4.006
9,CC DChg,90.40000000000146,-1.6998,4.006
9,CC DChg,90.5,-1.6998,4.006
9,CC DChg,90.59999999999854,-1.6998,4.006
9,CC DChg,90.69999999999709,-1.6998,4.006
9,CC DChg,90.80000000000291,-1.6998,4.006
9,CC DChg,90.90000000000146,-1.6998,4.006
9,CC DChg,91.0,-1.6998,4.006
9,CC DChg,91.09999999999854,-1.6998,4.006
9,CC DChg,91.19999999999709,-1.6998,4.0059
9,CC DChg,91.30000000000291,-1.6998,4.0059
9,CC DChg,91.40000000000146,-1.6998,4.0059
9,CC DChg,91.5,-1.6998,4.0059
9,CC DChg,91.59999999999854,-1.6998,4.0059
9,CC DChg,91.69999999999709,-1.6998,4.0058
9,CC DChg,91.80000000000291,-1.6998,4.0058
9,CC DChg,91.90000000000146,-1.6998,4.0058
9,CC DChg,92.0,-1.6998,4.0058
9,CC DChg,92.09999999999854,-1.6998,4.0058
9,CC DChg,92.19999999999709,-1.6998,4.0058
9,CC DChg,92.30000000000291,-1.6998,4.0058
9,CC DChg,92.40000000000146,-1.6998,4.0058
9,CC DChg,92.5,-1.6998,4.0057
9,CC DChg,92.59999999999854,-1.6998,4.0057
9,CC DChg,92.69999999999709,-1.6998,4.0057
9,CC DChg,92.80000000000291,-1.6998,4.0057
9,CC DChg,92.90000000000146,-1.6998,4.0057
9,CC DChg,93.0,-1.6998,4.0057
9,CC DChg,93.09999999999854,-1.6998,4.0057
9,CC DChg,93.19999999999709,-1.6998,4.0057
9,CC DChg,93.30000000000291,-1.6998,4.0056
9,CC DChg,93.40000000000146,-1.6998,4.0056
9,CC DChg,93.5,-1.6998,4.0056
9,CC DChg,93.59999999999854,-1.6998,4.0056
9,CC DChg,93.69999999999709,-1.6998,4.0056
9,CC DChg,93.80000000000291,-1.6998,4.0056
9,CC DChg,93.90000000000146,-1.6998,4.0056
9,CC DChg,94.0,-1.6998,4.0056
9,CC DChg,94.09999999999854,-1.6998,4.0056
9,CC DChg,94.19999999999709,-1.6998,4.0055
9,CC DChg,94.30000000000291,-1.6998,4.0055
9,CC DChg,94.40000000000146,-1.6998,4.0055
9,CC DChg,94.5,-1.6998,4.0055
9,CC DChg,94.59999999999854,-1.6998,4.0055
9,CC DChg,94.69999999999709,-1.6998,4.0055
9,CC DChg,94.80000000000291,-1.6998,4.0055
9,CC DChg,94.90000000000146,-1.6998,4.0055
9,CC DChg,95.0,-1.6998,4.0054
9,CC DChg,95.09999999999854,-1.6998,4.0054
9,CC DChg,95.19999999999709,-1.6998,4.0054
9,CC DChg,95.30000000000291,-1.6998,4.0054
9,CC DChg,95.40000000000146,-1.6998,4.0054
9,CC DChg,95.5,-1.6998,4.0054
9,CC DChg,95.59999999999854,-1.6998,4.0054
9,CC DChg,95.69999999999709,-1.6998,4.0054
9,CC DChg,95.80000000000291,-1.6998,4.0053
9,CC DChg,95.90000000000146,-1.6998,4.0054
9,CC DChg,96.0,-1.6998,4.0053
9,CC DChg,96.09999999999854,-1.6998,4.0053
9,CC DChg,96.19999999999709,-1.6998,4.0053
9,CC DChg,96.30000000000291,-1.6998,4.0053
9,CC DChg,96.40000000000146,-1.6998,4.0053
9,CC DChg,96.5,-1.6998,4.0053
9,CC DChg,96.59999999999854,-1.6998,4.0052
9,CC DChg,96.69999999999709,-1.6998,4.0053
9,CC DChg,96.80000000000291,-1.6998,4.0053
9,CC DChg,96.90000000000146,-1.6998,4.0053
9,CC DChg,97.0,-1.6998,4.0052
9,CC DChg,97.09999999999854,-1.6998,4.0052
9,CC DChg,97.19999999999709,-1.6998,4.0052
9,CC DChg,97.30000000000291,-1.6998,4.0052
9,CC DChg,97.40000000000146,-1.6998,4.0052
9,CC DChg,97.5,-1.6998,4.0051
9,CC DChg,97.59999999999854,-1.6998,4.0051
9,CC DChg,97.69999999999709,-1.6998,4.0051
9,CC DChg,97.80000000000291,-1.6998,4.0051
9,CC DChg,97.90000000000146,-1.6998,4.0051
9,CC DChg,98.0,-1.6998,4.0051
9,CC DChg,98.09999999999854,-1.6998,4.0051
9,CC DChg,98.19999999999709,-1.6998,4.005
9,CC DChg,98.30000000000291,-1.6998,4.005
9,CC DChg,98.40000000000146,-1.6998,4.005
9,CC DChg,98.5,-1.6998,4.005
9,CC DChg,98.59999999999854,-1.6998,4.005
9,CC DChg,98.69999999999709,-1.6998,4.005
9,CC DChg,98.80000000000291,-1.6998,4.005
9,CC DChg,98.90000000000146,-1.6998,4.005
9,CC DChg,99.0,-1.6998,4.0049
9,CC DChg,99.09999999999854,-1.6998,4.0049
9,CC DChg,99.19999999999709,-1.6998,4.005
9,CC DChg,99.30000000000291,-1.6998,4.0049
9,CC DChg,99.40000000000146,-1.6998,4.0049
9,CC DChg,99.5,-1.6999,4.0049
9,CC DChg,99.59999999999854,-1.6999,4.0049
9,CC DChg,99.69999999999709,-1.6998,4.0049
9,CC DChg,99.80000000000291,-1.6998,4.0049
9,CC DChg,99.90000000000146,-1.6998,4.0048
9,CC DChg,100.0,-1.6998,4.0049
9,CC DChg,100.09999999999854,-1.6998,4.0049
9,CC DChg,100.19999999999709,-1.6998,4.0048
9,CC DChg,100.30000000000291,-1.6998,4.0048
9,CC DChg,100.40000000000146,-1.6998,4.0048
9,CC DChg,100.5,-1.6998,4.0048
9,CC DChg,100.59999999999854,-1.6998,4.0048
9,CC DChg,100.69999999999709,-1.6998,4.0048
9,CC DChg,100.80000000000291,-1.6998,4.0047
9,CC DChg,100.90000000000146,-1.6998,4.0048
9,CC DChg,101.0,-1.6999,4.0047
9,CC DChg,101.09999999999854,-1.6999,4.0047
9,CC DChg,101.19999999999709,-1.6999,4.0047
9,CC DChg,101.30000000000291,-1.6999,4.0047
9,CC DChg,101.40000000000146,-1.6999,4.0047
9,CC DChg,101.5,-1.6999,4.0047
9,CC DChg,101.59999999999854,-1.6999,4.0047
9,CC DChg,101.69999999999709,-1.6999,4.0047
9,CC DChg,101.80000000000291,-1.6999,4.0047
9,CC DChg,101.90000000000146,-1.6999,4.0047
9,CC DChg,102.0,-1.6999,4.0046
9,CC DChg,102.09999999999854,-1.6999,4.0046
9,CC DChg,102.19999999999709,-1.6999,4.0046
9,CC DChg,102.30000000000291,-1.6999,4.0046
9,CC DChg,102.40000000000146,-1.6998,4.0046
9,CC DChg,102.5,-1.6998,4.0046
9,CC DChg,102.59999999999854,-1.6998,4.0046
9,CC DChg,102.69999999999709,-1.6998,4.0045
9,CC DChg,102.80000000000291,-1.6998,4.0045
9,CC DChg,102.90000000000146,-1.6998,4.0045
9,CC DChg,103.0,-1.6998,4.0045
9,CC DChg,103.09999999999854,-1.6998,4.0045
9,CC DChg,103.19999999999709,-1.6998,4.0045
9,CC DChg,103.30000000000291,-1.6998,4.0045
9,CC DChg,103.40000000000146,-1.6998,4.0045
9,CC DChg,103.5,-1.6998,4.0045
9,CC DChg,103.59999999999854,-1.6998,4.0045
9,CC DChg,103.69999999999709,-1.6998,4.0044
9,CC DChg,103.80000000000291,-1.6998,4.0044
9,CC DChg,103.90000000000146,-1.6998,4.0043
9,CC DChg,104.0,-1.6998,4.0044
9,CC DChg,104.09999999999854,-1.6998,4.0044
9,CC DChg,104.19999999999709,-1.6998,4.0044
9,CC DChg,104.30000000000291,-1.6998,4.0044
9,CC DChg,104.40000000000146,-1.6998,4.0044
9,CC DChg,104.5,-1.6998,4.0043
9,CC DChg,104.59999999999854,-1.6998,4.0043
9,CC DChg,104.69999999999709,-1.6998,4.0043
9,CC DChg,104.80000000000291,-1.6998,4.0043
9,CC DChg,104.90000000000146,-1.6998,4.0043
9,CC DChg,105.0,-1.6998,4.0043
9,CC DChg,105.09999999999854,-1.6998,4.0042
9,CC DChg,105.19999999999709,-1.6998,4.0043
9,CC DChg,105.30000000000291,-1.6998,4.0043
9,CC DChg,105.40000000000146,-1.6998,4.0042
9,CC DChg,105.5,-1.6998,4.0042
9,CC DChg,105.59999999999854,-1.6998,4.0042
9,CC DChg,105.69999999999709,-1.6998,4.0042
9,CC DChg,105.80000000000291,-1.6998,4.0042
9,CC DChg,105.90000000000146,-1.6998,4.0042
9,CC DChg,106.0,-1.6998,4.0042
9,CC DChg,106.09999999999854,-1.6998,4.0042
9,CC DChg,106.19999999999709,-1.6998,4.0042
9,CC DChg,106.30000000000291,-1.6998,4.0041
9,CC DChg,106.40000000000146,-1.6998,4.0041
9,CC DChg,106.5,-1.6998,4.0041
9,CC DChg,106.59999999999854,-1.6998,4.0041
9,CC DChg,106.69999999999709,-1.6998,4.0041
9,CC DChg,106.80000000000291,-1.6998,4.0041
9,CC DChg,106.90000000000146,-1.6998,4.0041
9,CC DChg,107.0,-1.6998,4.004
9,CC DChg,107.09999999999854,-1.6998,4.0041
9,CC DChg,107.19999999999709,-1.6998,4.004
9,CC DChg,107.30000000000291,-1.6998,4.004
9,CC DChg,107.40000000000146,-1.6998,4.004
9,CC DChg,107.5,-1.6998,4.004
9,CC DChg,107.59999999999854,-1.6998,4.004
9,CC DChg,107.69999999999709,-1.6998,4.0039
9,CC DChg,107.80000000000291,-1.6998,4.0039
9,CC DChg,107.90000000000146,-1.6998,4.0039
9,CC DChg,108.0,-1.6998,4.0039
9,CC DChg,108.09999999999854,-1.6998,4.0039
9,CC DChg,108.19999999999709,-1.6998,4.0039
9,CC DChg,108.30000000000291,-1.6998,4.0039
9,CC DChg,108.40000000000146,-1.6998,4.0039
9,CC DChg,108.5,-1.6998,4.0039
9,CC DChg,108.59999999999854,-1.6998,4.0038
9,CC DChg,108.69999999999709,-1.6998,4.0038
9,CC DChg,108.80000000000291,-1.6998,4.0039
9,CC DChg,108.90000000000146,-1.6998,4.0039
9,CC DChg,109.0,-1.6998,4.0038
9,CC DChg,109.09999999999854,-1.6998,4.0038
9,CC DChg,109.19999999999709,-1.6998,4.0038
9,CC DChg,109.30000000000291,-1.6998,4.0038
9,CC DChg,109.40000000000146,-1.6998,4.0038
9,CC DChg,109.5,-1.6998,4.0038
9,CC DChg,109.59999999999854,-1.6998,4.0038
9,CC DChg,109.69999999999709,-1.6998,4.0037
9,CC DChg,109.80000000000291,-1.6998,4.0037
9,CC DChg,109.90000000000146,-1.6998,4.0037
9,CC DChg,110.0,-1.6998,4.0037
9,CC DChg,110.09999999999854,-1.6998,4.0037
9,CC DChg,110.19999999999709,-1.6998,4.0037
9,CC DChg,110.30000000000291,-1.6998,4.0037
9,CC DChg,110.40000000000146,-1.6998,4.0037
9,CC DChg,110.5,-1.6998,4.0037
9,CC DChg,110.59999999999854,-1.6998,4.0036
9,CC DChg,110.69999999999709,-1.6998,4.0036
9,CC DChg,110.80000000000291,-1.6998,4.0036
9,CC DChg,110.90000000000146,-1.6998,4.0036
9,CC DChg,111.0,-1.6998,4.0036
9,CC DChg,111.09999999999854,-1.6998,4.0036
9,CC DChg,111.19999999999709,-1.6998,4.0036
9,CC DChg,111.30000000000291,-1.6998,4.0036
9,CC DChg,111.40000000000146,-1.6998,4.0036
9,CC DChg,111.5,-1.6998,4.0035
9,CC DChg,111.59999999999854,-1.6998,4.0035
9,CC DChg,111.69999999999709,-1.6998,4.0035
9,CC DChg,111.80000000000291,-1.6998,4.0035
9,CC DChg,111.90000000000146,-1.6998,4.0035
9,CC DChg,112.0,-1.6998,4.0035
9,CC DChg,112.09999999999854,-1.6998,4.0035
9,CC DChg,112.19999999999709,-1.6998,4.0035
9,CC DChg,112.30000000000291,-1.6998,4.0034
9,CC DChg,112.40000000000146,-1.6998,4.0034
9,CC DChg,112.5,-1.6998,4.0035
9,CC DChg,112.59999999999854,-1.6998,4.0034
9,CC DChg,112.69999999999709,-1.6998,4.0034
9,CC DChg,112.80000000000291,-1.6998,4.0034
9,CC DChg,112.90000000000146,-1.6998,4.0034
9,CC DChg,113.0,-1.6998,4.0034
9,CC DChg,113.09999999999854,-1.6998,4.0034
9,CC DChg,113.19999999999709,-1.6998,4.0033
9,CC DChg,113.30000000000291,-1.6998,4.0033
9,CC DChg,113.40000000000146,-1.6998,4.0034
9,CC DChg,113.5,-1.6998,4.0033
9,CC DChg,113.59999999999854,-1.6998,4.0033
9,CC DChg,113.69999999999709,-1.6998,4.0033
9,CC DChg,113.80000000000291,-1.6998,4.0033
9,CC DChg,113.90000000000146,-1.6998,4.0033
9,CC DChg,114.0,-1.6998,4.0033
9,CC DChg,114.09999999999854,-1.6998,4.0032
9,CC DChg,114.19999999999709,-1.6998,4.0033
9,CC DChg,114.30000000000291,-1.6998,4.0032
9,CC DChg,114.40000000000146,-1.6998,4.0032
9,CC DChg,114.5,-1.6998,4.0032
9,CC DChg,114.59999999999854,-1.6998,4.0032
9,CC DChg,114.69999999999709,-1.6998,4.0032
9,CC DChg,114.80000000000291,-1.6998,4.0032
9,CC DChg,114.90000000000146,-1.6998,4.0031
9,CC DChg,115.0,-1.6998,4.0032
9,CC DChg,115.09999999999854,-1.6998,4.0032
9,CC DChg,115.19999999999709,-1.6998,4.0031
9,CC DChg,115.30000000000291,-1.6998,4.0031
9,CC DChg,115.40000000000146,-1.6998,4.0031
9,CC DChg,115.5,-1.6998,4.0031
9,CC DChg,115.59999999999854,-1.6998,4.0031
9,CC DChg,115.69999999999709,-1.6998,4.0031
9,CC DChg,115.80000000000291,-1.6998,4.0031
9,CC DChg,115.90000000000146,-1.6998,4.0031
9,CC DChg,116.0,-1.6998,4.0031
9,CC DChg,116.09999999999854,-1.6998,4.0031
9,CC DChg,116.19999999999709,-1.6998,4.003
9,CC DChg,116.30000000000291,-1.6998,4.003
9,CC DChg,116.40000000000146,-1.6998,4.003
9,CC DChg,116.5,-1.6998,4.003
9,CC DChg,116.59999999999854,-1.6998,4.003
9,CC DChg,116.69999999999709,-1.6998,4.003
9,CC DChg,116.80000000000291,-1.6998,4.003
9,CC DChg,116.90000000000146,-1.6998,4.0029
9,CC DChg,117.0,-1.6998,4.0029
9,CC DChg,117.09999999999854,-1.6998,4.003
9,CC DChg,117.19999999999709,-1.6998,4.003
9,CC DChg,117.30000000000291,-1.6998,4.0029
9,CC DChg,117.40000000000146,-1.6998,4.0029
9,CC DChg,117.5,-1.6998,4.0029
9,CC DChg,117.59999999999854,-1.6998,4.0029
9,CC DChg,117.69999999999709,-1.6998,4.0029
9,CC DChg,117.80000000000291,-1.6998,4.0029
9,CC DChg,117.90000000000146,-1.6998,4.0028
9,CC DChg,118.0,-1.6998,4.0028
9,CC DChg,118.09999999999854,-1.6998,4.0028
9,CC DChg,118.19999999999709,-1.6998,4.0028
9,CC DChg,118.30000000000291,-1.6998,4.0028
9,CC DChg,118.40000000000146,-1.6998,4.0028
9,CC DChg,118.5,-1.6998,4.0027
9,CC DChg,118.59999999999854,-1.6998,4.0027
9,CC DChg,118.69999999999709,-1.6998,4.0027
9,CC DChg,118.80000000000291,-1.6998,4.0027
9,CC DChg,118.90000000000146,-1.6998,4.0027
9,CC DChg,119.0,-1.6998,4.0027
9,CC DChg,119.09999999999854,-1.6998,4.0027
9,CC DChg,119.19999999999709,-1.6998,4.0027
9,CC DChg,119.30000000000291,-1.6998,4.0027
9,CC DChg,119.40000000000146,-1.6998,4.0027
9,CC DChg,119.5,-1.6998,4.0027
9,CC DChg,119.59999999999854,-1.6998,4.0026
9,CC DChg,119.69999999999709,-1.6998,4.0026
9,CC DChg,119.80000000000291,-1.6999,4.0026
9,CC DChg,119.90000000000146,-1.6999,4.0026
9,CC DChg,120.0,-1.6998,4.0026
9,CC DChg,120.09999999999854,-1.6998,4.0026
9,CC DChg,120.19999999999709,-1.6998,4.0026
9,CC DChg,120.30000000000291,-1.6999,4.0025
9,CC DChg,120.40000000000146,-1.6998,4.0025
9,CC DChg,120.5,-1.6999,4.0026
9,CC DChg,120.59999999999854,-1.6999,4.0025
9,CC DChg,120.69999999999709,-1.6999,4.0026
9,CC DChg,120.80000000000291,-1.6999,4.0025
9,CC DChg,120.90000000000146,-1.6999,4.0025
9,CC DChg,121.0,-1.6999,4.0025
9,CC DChg,121.09999999999854,-1.6999,4.0025
9,CC DChg,121.19999999999709,-1.6999,4.0025
9,CC DChg,121.30000000000291,-1.6999,4.0025
9,CC DChg,121.40000000000146,-1.6999,4.0025
9,CC DChg,121.5,-1.6999,4.0025
9,CC DChg,121.59999999999854,-1.6999,4.0025
9,CC DChg,121.69999999999709,-1.6999,4.0024
9,CC DChg,121.80000000000291,-1.6999,4.0024
9,CC DChg,121.90000000000146,-1.6999,4.0024
9,CC DChg,122.0,-1.6999,4.0024
9,CC DChg,122.09999999999854,-1.6999,4.0024
9,CC DChg,122.19999999999709,-1.6999,4.0024
9,CC DChg,122.30000000000291,-1.6999,4.0024
9,CC DChg,122.40000000000146,-1.6999,4.0024
9,CC DChg,122.5,-1.6999,4.0024
9,CC DChg,122.59999999999854,-1.6999,4.0024
9,CC DChg,122.69999999999709,-1.6999,4.0023
9,CC DChg,122.80000000000291,-1.6999,4.0023
9,CC DChg,122.90000000000146,-1.6999,4.0023
9,CC DChg,123.0,-1.6999,4.0023
9,CC DChg,123.09999999999854,-1.6999,4.0022
9,CC DChg,123.19999999999709,-1.6999,4.0023
9,CC DChg,123.30000000000291,-1.6999,4.0023
9,CC DChg,123.40000000000146,-1.6999,4.0023
9,CC DChg,123.5,-1.6999,4.0023
9,CC DChg,123.59999999999854,-1.6999,4.0023
9,CC DChg,123.69999999999709,-1.6999,4.0022
9,CC DChg,123.80000000000291,-1.6999,4.0022
9,CC DChg,123.90000000000146,-1.6999,4.0022
9,CC DChg,124.0,-1.6999,4.0022
9,CC DChg,124.09999999999854,-1.6999,4.0022
9,CC DChg,124.19999999999709,-1.6999,4.0022
9,CC DChg,124.30000000000291,-1.6999,4.0022
9,CC DChg,124.40000000000146,-1.6999,4.0022
9,CC DChg,124.5,-1.6999,4.0022
9,CC DChg,124.59999999999854,-1.6999,4.0021
9,CC DChg,124.69999999999709,-1.6999,4.0021
9,CC DChg,124.80000000000291,-1.6999,4.0021
9,CC DChg,124.90000000000146,-1.6999,4.0021
9,CC DChg,125.0,-1.6999,4.0021
9,CC DChg,125.09999999999854,-1.6999,4.0021
9,CC DChg,125.19999999999709,-1.6999,4.0021
9,CC DChg,125.30000000000291,-1.6999,4.0021
9,CC DChg,125.40000000000146,-1.6999,4.0021
9,CC DChg,125.5,-1.6999,4.0021
9,CC DChg,125.59999999999854,-1.6999,4.002
9,CC DChg,125.69999999999709,-1.6999,4.002
9,CC DChg,125.80000000000291,-1.6999,4.002
9,CC DChg,125.90000000000146,-1.6999,4.002
9,CC DChg,126.0,-1.6999,4.002
9,CC DChg,126.09999999999854,-1.6999,4.002
9,CC DChg,126.19999999999709,-1.6999,4.002
9,CC DChg,126.30000000000291,-1.6999,4.002
9,CC DChg,126.40000000000146,-1.6999,4.002
9,CC DChg,126.5,-1.6999,4.002
9,CC DChg,126.59999999999854,-1.6999,4.002
9,CC DChg,126.69999999999709,-1.6999,4.002
9,CC DChg,126.80000000000291,-1.6999,4.0019
9,CC DChg,126.90000000000146,-1.6999,4.0019
9,CC DChg,127.0,-1.6999,4.0019
9,CC DChg,127.09999999999854,-1.6999,4.0019
9,CC DChg,127.19999999999709,-1.6999,4.0019
9,CC DChg,127.30000000000291,-1.6999,4.0019
9,CC DChg,127.40000000000146,-1.6999,4.0019
9,CC DChg,127.5,-1.6999,4.0019
9,CC DChg,127.59999999999854,-1.6999,4.0018
9,CC DChg,127.69999999999709,-1.6999,4.0018
9,CC DChg,127.80000000000291,-1.6999,4.0018
9,CC DChg,127.90000000000146,-1.6999,4.0018
9,CC DChg,128.0,-1.6999,4.0018
9,CC DChg,128.09999999999854,-1.6999,4.0018
9,CC DChg,128.1999999999971,-1.6999,4.0018
9,CC DChg,128.3000000000029,-1.6999,4.0018
9,CC DChg,128.40000000000146,-1.6999,4.0018
9,CC DChg,128.5,-1.6999,4.0018
9,CC DChg,128.59999999999854,-1.6999,4.0018
9,CC DChg,128.6999999999971,-1.6999,4.0017
9,CC DChg,128.8000000000029,-1.6999,4.0017
9,CC DChg,128.90000000000146,-1.6999,4.0017
9,CC DChg,129.0,-1.6999,4.0017
9,CC DChg,129.09999999999854,-1.6999,4.0017
9,CC DChg,129.1999999999971,-1.6999,4.0017
9,CC DChg,129.3000000000029,-1.6999,4.0017
9,CC DChg,129.40000000000146,-1.6999,4.0017
9,CC DChg,129.5,-1.6999,4.0016
9,CC DChg,129.59999999999854,-1.6999,4.0016
9,CC DChg,129.6999999999971,-1.6999,4.0016
9,CC DChg,129.8000000000029,-1.6999,4.0016
9,CC DChg,129.90000000000146,-1.6999,4.0016
9,CC DChg,130.0,-1.6999,4.0016
9,CC DChg,130.09999999999854,-1.6999,4.0016
9,CC DChg,130.1999999999971,-1.6999,4.0016
9,CC DChg,130.3000000000029,-1.6999,4.0016
9,CC DChg,130.40000000000146,-1.6999,4.0016
9,CC DChg,130.5,-1.6999,4.0016
9,CC DChg,130.59999999999854,-1.6999,4.0016
9,CC DChg,130.6999999999971,-1.6999,4.0015
9,CC DChg,130.8000000000029,-1.6999,4.0015
9,CC DChg,130.90000000000146,-1.6999,4.0015
9,CC DChg,131.0,-1.6999,4.0015
9,CC DChg,131.09999999999854,-1.6999,4.0015
9,CC DChg,131.1999999999971,-1.6999,4.0015
9,CC DChg,131.3000000000029,-1.6999,4.0015
9,CC DChg,131.40000000000146,-1.6999,4.0015
9,CC DChg,131.5,-1.6999,4.0014
9,CC DChg,131.59999999999854,-1.6999,4.0014
9,CC DChg,131.6999999999971,-1.6999,4.0015
9,CC DChg,131.8000000000029,-1.6999,4.0014
9,CC DChg,131.90000000000146,-1.6999,4.0013
9,CC DChg,132.0,-1.6999,4.0014
9,CC DChg,132.09999999999854,-1.6999,4.0014
9,CC DChg,132.1999999999971,-1.6999,4.0013
9,CC DChg,132.3000000000029,-1.6999,4.0013
9,CC DChg,132.40000000000146,-1.6999,4.0013
9,CC DChg,132.5,-1.6999,4.0014
9,CC DChg,132.59999999999854,-1.6999,4.0013
9,CC DChg,132.6999999999971,-1.6999,4.0013
9,CC DChg,132.8000000000029,-1.6999,4.0013
9,CC DChg,132.90000000000146,-1.6999,4.0013
9,CC DChg,133.0,-1.6999,4.0013
9,CC DChg,133.09999999999854,-1.6999,4.0013
9,CC DChg,133.1999999999971,-1.6999,4.0013
9,CC DChg,133.3000000000029,-1.6999,4.0012
9,CC DChg,133.40000000000146,-1.6999,4.0013
9,CC DChg,133.5,-1.6999,4.0013
9,CC DChg,133.59999999999854,-1.6999,4.0012
9,CC DChg,133.6999999999971,-1.6999,4.0012
9,CC DChg,133.8000000000029,-1.6999,4.0012
9,CC DChg,133.90000000000146,-1.6999,4.0012
9,CC DChg,134.0,-1.6999,4.0012
9,CC DChg,134.09999999999854,-1.6999,4.0012
9,CC DChg,134.1999999999971,-1.6998,4.0012
9,CC DChg,134.3000000000029,-1.6998,4.0012
9,CC DChg,134.40000000000146,-1.6998,4.0011
9,CC DChg,134.5,-1.6998,4.0011
9,CC DChg,134.59999999999854,-1.6998,4.0011
9,CC DChg,134.6999999999971,-1.6998,4.0011
9,CC DChg,134.8000000000029,-1.6998,4.0011
9,CC DChg,134.90000000000146,-1.6998,4.0011
9,CC DChg,135.0,-1.6998,4.001
9,CC DChg,135.09999999999854,-1.6998,4.001
9,CC DChg,135.1999999999971,-1.6998,4.0011
9,CC DChg,135.3000000000029,-1.6998,4.0011
9,CC DChg,135.40000000000146,-1.6998,4.0011
9,CC DChg,135.5,-1.6998,4.001
9,CC DChg,135.59999999999854,-1.6998,4.0011
9,CC DChg,135.6999999999971,-1.6998,4.0011
9,CC DChg,135.8000000000029,-1.6998,4.001
9,CC DChg,135.90000000000146,-1.6998,4.001
9,CC DChg,136.0,-1.6998,4.001
9,CC DChg,136.09999999999854,-1.6998,4.001
9,CC DChg,136.1999999999971,-1.6998,4.001
9,CC DChg,136.3000000000029,-1.6998,4.0009
9,CC DChg,136.40000000000146,-1.6998,4.0009
9,CC DChg,136.5,-1.6998,4.0009
9,CC DChg,136.59999999999854,-1.6998,4.0009
9,CC DChg,136.6999999999971,-1.6998,4.0009
9,CC DChg,136.8000000000029,-1.6998,4.0009
9,CC DChg,136.90000000000146,-1.6998,4.0009
9,CC DChg,137.0,-1.6998,4.0009
9,CC DChg,137.09999999999854,-1.6998,4.0009
9,CC DChg,137.1999999999971,-1.6998,4.0009
9,CC DChg,137.3000000000029,-1.6998,4.0009
9,CC DChg,137.40000000000146,-1.6998,4.0009
9,CC DChg,137.5,-1.6998,4.0009
9,CC DChg,137.59999999999854,-1.6998,4.0009
9,CC DChg,137.6999999999971,-1.6998,4.0008
9,CC DChg,137.8000000000029,-1.6998,4.0009
9,CC DChg,137.90000000000146,-1.6998,4.0008
9,CC DChg,138.0,-1.6998,4.0008
9,CC DChg,138.09999999999854,-1.6998,4.0008
9,CC DChg,138.1999999999971,-1.6998,4.0008
9,CC DChg,138.3000000000029,-1.6998,4.0007
9,CC DChg,138.40000000000146,-1.6998,4.0008
9,CC DChg,138.5,-1.6998,4.0007
9,CC DChg,138.59999999999854,-1.6998,4.0007
9,CC DChg,138.6999999999971,-1.6998,4.0007
9,CC DChg,138.8000000000029,-1.6998,4.0007
9,CC DChg,138.90000000000146,-1.6998,4.0007
9,CC DChg,139.0,-1.6998,4.0007
9,CC DChg,139.09999999999854,-1.6998,4.0007
9,CC DChg,139.1999999999971,-1.6998,4.0007
9,CC DChg,139.3000000000029,-1.6998,4.0007
9,CC DChg,139.40000000000146,-1.6998,4.0007
9,CC DChg,139.5,-1.6998,4.0007
9,CC DChg,139.59999999999854,-1.6998,4.0007
9,CC DChg,139.6999999999971,-1.6998,4.0006
9,CC DChg,139.8000000000029,-1.6998,4.0006
9,CC DChg,139.90000000000146,-1.6998,4.0006
9,CC DChg,140.0,-1.6998,4.0006
9,CC DChg,140.09999999999854,-1.6998,4.0006
9,CC DChg,140.1999999999971,-1.6998,4.0006
9,CC DChg,140.3000000000029,-1.6998,4.0006
9,CC DChg,140.40000000000146,-1.6998,4.0006
9,CC DChg,140.5,-1.6998,4.0005
9,CC DChg,140.59999999999854,-1.6998,4.0005
9,CC DChg,140.6999999999971,-1.6998,4.0005
9,CC DChg,140.8000000000029,-1.6998,4.0005
9,CC DChg,140.90000000000146,-1.6998,4.0005
9,CC DChg,141.0,-1.6998,4.0005
9,CC DChg,141.09999999999854,-1.6998,4.0005
9,CC DChg,141.1999999999971,-1.6998,4.0005
9,CC DChg,141.3000000000029,-1.6998,4.0005
9,CC DChg,141.40000000000146,-1.6998,4.0004
9,CC DChg,141.5,-1.6998,4.0005
9,CC DChg,141.59999999999854,-1.6998,4.0005
9,CC DChg,141.6999999999971,-1.6998,4.0005
9,CC DChg,141.8000000000029,-1.6998,4.0005
9,CC DChg,141.90000000000146,-1.6998,4.0004
9,CC DChg,142.0,-1.6998,4.0004
9,CC DChg,142.09999999999854,-1.6998,4.0004
9,CC DChg,142.1999999999971,-1.6998,4.0004
9,CC DChg,142.3000000000029,-1.6998,4.0004
9,CC DChg,142.40000000000146,-1.6998,4.0004
9,CC DChg,142.5,-1.6998,4.0004
9,CC DChg,142.59999999999854,-1.6998,4.0003
9,CC DChg,142.6999999999971,-1.6998,4.0004
9,CC DChg,142.8000000000029,-1.6998,4.0004
9,CC DChg,142.90000000000146,-1.6998,4.0004
9,CC DChg,143.0,-1.6998,4.0004
9,CC DChg,143.09999999999854,-1.6998,4.0003
9,CC DChg,143.1999999999971,-1.6998,4.0003
9,CC DChg,143.3000000000029,-1.6998,4.0003
9,CC DChg,143.40000000000146,-1.6998,4.0003
9,CC DChg,143.5,-1.6998,4.0003
9,CC DChg,143.59999999999854,-1.6998,4.0002
9,CC DChg,143.6999999999971,-1.6998,4.0002
9,CC DChg,143.8000000000029,-1.6998,4.0003
9,CC DChg,143.90000000000146,-1.6998,4.0003
9,CC DChg,144.0,-1.6998,4.0002
9,CC DChg,144.09999999999854,-1.6998,4.0002
9,CC DChg,144.1999999999971,-1.6998,4.0002
9,CC DChg,144.3000000000029,-1.6998,4.0002
9,CC DChg,144.40000000000146,-1.6998,4.0002
9,CC DChg,144.5,-1.6998,4.0002
9,CC DChg,144.59999999999854,-1.6998,4.0002
9,CC DChg,144.6999999999971,-1.6998,4.0002
9,CC DChg,144.8000000000029,-1.6998,4.0002
9,CC DChg,144.90000000000146,-1.6998,4.0002
9,CC DChg,145.0,-1.6998,4.0002
9,CC DChg,145.09999999999854,-1.6998,4.0002
9,CC DChg,145.1999999999971,-1.6998,4.0001
9,CC DChg,145.3000000000029,-1.6998,4.0001
9,CC DChg,145.40000000000146,-1.6998,4.0001
9,CC DChg,145.5,-1.6998,4.0001
9,CC DChg,145.59999999999854,-1.6998,4.0001
9,CC DChg,145.6999999999971,-1.6998,4.0001
9,CC DChg,145.8000000000029,-1.6998,4.0001
9,CC DChg,145.90000000000146,-1.6998,4.0001
9,CC DChg,146.0,-1.6998,4.0
9,CC DChg,146.09999999999854,-1.6998,4.0
9,CC DChg,146.1999999999971,-1.6998,4.0
9,CC DChg,146.3000000000029,-1.6998,4.0
9,CC DChg,146.40000000000146,-1.6998,4.0001
9,CC DChg,146.5,-1.6998,4.0001
9,CC DChg,146.59999999999854,-1.6998,4.0
9,CC DChg,146.6999999999971,-1.6998,4.0
9,CC DChg,146.8000000000029,-1.6998,4.0
9,CC DChg,146.90000000000146,-1.6998,4.0
9,CC DChg,147.0,-1.6998,4.0
9,CC DChg,147.09999999999854,-1.6998,4.0
9,CC DChg,147.1999999999971,-1.6998,3.9999
9,CC DChg,147.3000000000029,-1.6998,3.9999
9,CC DChg,147.40000000000146,-1.6998,3.9999
9,CC DChg,147.5,-1.6998,3.9999
9,CC DChg,147.59999999999854,-1.6998,3.9999
9,CC DChg,147.6999999999971,-1.6998,3.9999
9,CC DChg,147.8000000000029,-1.6998,3.9999
9,CC DChg,147.90000000000146,-1.6998,3.9999
9,CC DChg,148.0,-1.6998,3.9999
9,CC DChg,148.09999999999854,-1.6998,3.9999
9,CC DChg,148.1999999999971,-1.6998,3.9999
9,CC DChg,148.3000000000029,-1.6998,3.9998
9,CC DChg,148.40000000000146,-1.6998,3.9998
9,CC DChg,148.5,-1.6998,3.9999
9,CC DChg,148.59999999999854,-1.6998,3.9999
9,CC DChg,148.6999999999971,-1.6998,3.9999
9,CC DChg,148.8000000000029,-1.6998,3.9998
9,CC DChg,148.90000000000146,-1.6998,3.9998
9,CC DChg,149.0,-1.6998,3.9998
9,CC DChg,149.09999999999854,-1.6998,3.9998
9,CC DChg,149.1999999999971,-1.6998,3.9997
9,CC DChg,149.3000000000029,-1.6999,3.9997
9,CC DChg,149.40000000000146,-1.6999,3.9997
9,CC DChg,149.5,-1.6999,3.9997
9,CC DChg,149.59999999999854,-1.6999,3.9997
9,CC DChg,149.6999999999971,-1.6999,3.9997
9,CC DChg,149.8000000000029,-1.6999,3.9997
9,CC DChg,149.90000000000146,-1.6999,3.9997
9,CC DChg,150.0,-1.6999,3.9997
9,CC DChg,150.09999999999854,-1.6999,3.9997
9,CC DChg,150.1999999999971,-1.6999,3.9997
9,CC DChg,150.3000000000029,-1.6999,3.9996
9,CC DChg,150.40000000000146,-1.6999,3.9996
9,CC DChg,150.5,-1.6999,3.9997
9,CC DChg,150.59999999999854,-1.6999,3.9997
9,CC DChg,150.6999999999971,-1.6999,3.9997
9,CC DChg,150.8000000000029,-1.6999,3.9996
9,CC DChg,150.90000000000146,-1.6999,3.9996
9,CC DChg,151.0,-1.6999,3.9996
9,CC DChg,151.09999999999854,-1.6999,3.9996
9,CC DChg,151.1999999999971,-1.6999,3.9996
9,CC DChg,151.3000000000029,-1.6999,3.9995
9,CC DChg,151.40000000000146,-1.6999,3.9995
9,CC DChg,151.5,-1.6999,3.9995
9,CC DChg,151.59999999999854,-1.6999,3.9995
9,CC DChg,151.6999999999971,-1.6999,3.9995
9,CC DChg,151.8000000000029,-1.6999,3.9995
9,CC DChg,151.90000000000146,-1.6998,3.9995
9,CC DChg,152.0,-1.6998,3.9995
9,CC DChg,152.09999999999854,-1.6998,3.9995
9,CC DChg,152.1999999999971,-1.6998,3.9995
9,CC DChg,152.3000000000029,-1.6998,3.9995
9,CC DChg,152.40000000000146,-1.6998,3.9995
9,CC DChg,152.5,-1.6998,3.9995
9,CC DChg,152.59999999999854,-1.6998,3.9994
9,CC DChg,152.6999999999971,-1.6998,3.9994
9,CC DChg,152.8000000000029,-1.6998,3.9994
9,CC DChg,152.90000000000146,-1.6998,3.9994
9,CC DChg,153.0,-1.6998,3.9994
9,CC DChg,153.09999999999854,-1.6998,3.9994
9,CC DChg,153.1999999999971,-1.6998,3.9994
9,CC DChg,153.3000000000029,-1.6998,3.9994
9,CC DChg,153.40000000000146,-1.6998,3.9993
9,CC DChg,153.5,-1.6998,3.9993
9,CC DChg,153.59999999999854,-1.6998,3.9994
9,CC DChg,153.6999999999971,-1.6998,3.9994
9,CC DChg,153.8000000000029,-1.6998,3.9993
9,CC DChg,153.90000000000146,-1.6998,3.9993
9,CC DChg,154.0,-1.6998,3.9993
9,CC DChg,154.09999999999854,-1.6998,3.9993
9,CC DChg,154.1999999999971,-1.6998,3.9993
9,CC DChg,154.3000000000029,-1.6998,3.9993
9,CC DChg,154.40000000000146,-1.6998,3.9993
9,CC DChg,154.5,-1.6998,3.9992
9,CC DChg,154.59999999999854,-1.6998,3.9992
9,CC DChg,154.6999999999971,-1.6998,3.9992
9,CC DChg,154.8000000000029,-1.6998,3.9992
9,CC DChg,154.90000000000146,-1.6998,3.9992
9,CC DChg,155.0,-1.6998,3.9992
9,CC DChg,155.09999999999854,-1.6998,3.9992
9,CC DChg,155.1999999999971,-1.6998,3.9991
9,CC DChg,155.3000000000029,-1.6998,3.9992
9,CC DChg,155.40000000000146,-1.6998,3.9992
9,CC DChg,155.5,-1.6998,3.9992
9,CC DChg,155.59999999999854,-1.6998,3.9992
9,CC DChg,155.6999999999971,-1.6998,3.9992
9,CC DChg,155.8000000000029,-1.6998,3.9991
9,CC DChg,155.90000000000146,-1.6998,3.9991
9,CC DChg,156.0,-1.6998,3.9991
9,CC DChg,156.09999999999854,-1.6998,3.9992
9,CC DChg,156.1999999999971,-1.6998,3.9991
9,CC DChg,156.3000000000029,-1.6998,3.9991
9,CC DChg,156.40000000000146,-1.6998,3.9991
9,CC DChg,156.5,-1.6998,3.9991
9,CC DChg,156.59999999999854,-1.6998,3.9991
9,CC DChg,156.6999999999971,-1.6998,3.9991
9,CC DChg,156.8000000000029,-1.6998,3.999
9,CC DChg,156.90000000000146,-1.6998,3.999
9,CC DChg,157.0,-1.6998,3.999
9,CC DChg,157.09999999999854,-1.6998,3.999
9,CC DChg,157.1999999999971,-1.6998,3.999
9,CC DChg,157.3000000000029,-1.6998,3.999
9,CC DChg,157.40000000000146,-1.6998,3.999
9,CC DChg,157.5,-1.6998,3.999
9,CC DChg,157.59999999999854,-1.6998,3.999
9,CC DChg,157.6999999999971,-1.6998,3.999
9,CC DChg,157.8000000000029,-1.6998,3.999
9,CC DChg,157.90000000000146,-1.6998,3.999
9,CC DChg,158.0,-1.6998,3.999
9,CC DChg,158.09999999999854,-1.6998,3.999
9,CC DChg,158.1999999999971,-1.6998,3.9989
9,CC DChg,158.3000000000029,-1.6998,3.9989
9,CC DChg,158.40000000000146,-1.6998,3.9989
9,CC DChg,158.5,-1.6998,3.9989
9,CC DChg,158.59999999999854,-1.6998,3.9989
9,CC DChg,158.6999999999971,-1.6998,3.9988
9,CC DChg,158.8000000000029,-1.6998,3.9988
9,CC DChg,158.90000000000146,-1.6998,3.9989
9,CC DChg,159.0,-1.6998,3.9988
9,CC DChg,159.09999999999854,-1.6998,3.9988
9,CC DChg,159.1999999999971,-1.6998,3.9988
9,CC DChg,159.3000000000029,-1.6998,3.9988
9,CC DChg,159.40000000000146,-1.6998,3.9988
9,CC DChg,159.5,-1.6998,3.9988
9,CC DChg,159.59999999999854,-1.6998,3.9988
9,CC DChg,159.6999999999971,-1.6998,3.9987
9,CC DChg,159.8000000000029,-1.6998,3.9988
9,CC DChg,159.90000000000146,-1.6998,3.9988
9,CC DChg,160.0,-1.6998,3.9987
9,CC DChg,160.09999999999854,-1.6998,3.9987
9,CC DChg,160.1999999999971,-1.6998,3.9987
9,CC DChg,160.3000000000029,-1.6999,3.9987
9,CC DChg,160.40000000000146,-1.6999,3.9987
9,CC DChg,160.5,-1.6999,3.9987
9,CC DChg,160.59999999999854,-1.6999,3.9987
9,CC DChg,160.6999999999971,-1.6999,3.9987
9,CC DChg,160.8000000000029,-1.6999,3.9986
9,CC DChg,160.90000000000146,-1.6999,3.9986
9,CC DChg,161.0,-1.6999,3.9986
9,CC DChg,161.09999999999854,-1.6999,3.9987
9,CC DChg,161.1999999999971,-1.6999,3.9986
9,CC DChg,161.3000000000029,-1.6999,3.9986
9,CC DChg,161.40000000000146,-1.6999,3.9986
9,CC DChg,161.5,-1.6999,3.9986
9,CC DChg,161.59999999999854,-1.6999,3.9986
9,CC DChg,161.6999999999971,-1.6999,3.9986
9,CC DChg,161.8000000000029,-1.6999,3.9986
9,CC DChg,161.90000000000146,-1.6999,3.9986
9,CC DChg,162.0,-1.6999,3.9986
9,CC DChg,162.09999999999854,-1.6999,3.9985
9,CC DChg,162.1999999999971,-1.6999,3.9985
9,CC DChg,162.3000000000029,-1.6999,3.9985
9,CC DChg,162.40000000000146,-1.6999,3.9985
9,CC DChg,162.5,-1.6999,3.9985
9,CC DChg,162.59999999999854,-1.6999,3.9985
9,CC DChg,162.6999999999971,-1.6999,3.9985
9,CC DChg,162.8000000000029,-1.6999,3.9985
9,CC DChg,162.90000000000146,-1.6999,3.9985
9,CC DChg,163.0,-1.6999,3.9985
9,CC DChg,163.09999999999854,-1.6999,3.9985
9,CC DChg,163.1999999999971,-1.6999,3.9985
9,CC DChg,163.3000000000029,-1.6999,3.9984
9,CC DChg,163.40000000000146,-1.6999,3.9984
9,CC DChg,163.5,-1.6999,3.9984
9,CC DChg,163.59999999999854,-1.6999,3.9984
9,CC DChg,163.6999999999971,-1.6999,3.9985
9,CC DChg,163.8000000000029,-1.6999,3.9985
9,CC DChg,163.90000000000146,-1.6999,3.9983
9,CC DChg,164.0,-1.6999,3.9983
9,CC DChg,164.09999999999854,-1.6999,3.9984
9,CC DChg,164.1999999999971,-1.6999,3.9984
9,CC DChg,164.3000000000029,-1.6999,3.9984
9,CC DChg,164.40000000000146,-1.6999,3.9983
9,CC DChg,164.5,-1.6999,3.9983
9,CC DChg,164.59999999999854,-1.6999,3.9983
9,CC DChg,164.6999999999971,-1.6999,3.9983
9,CC DChg,164.8000000000029,-1.6999,3.9983
9,CC DChg,164.90000000000146,-1.6999,3.9983
9,CC DChg,165.0,-1.6999,3.9983
9,CC DChg,165.09999999999854,-1.6999,3.9983
9,CC DChg,165.1999999999971,-1.6999,3.9983
9,CC DChg,165.3000000000029,-1.6999,3.9982
9,CC DChg,165.40000000000146,-1.6999,3.9983
9,CC DChg,165.5,-1.6999,3.9983
9,CC DChg,165.59999999999854,-1.6999,3.9983
9,CC DChg,165.6999999999971,-1.6999,3.9983
9,CC DChg,165.8000000000029,-1.6999,3.9982
9,CC DChg,165.90000000000146,-1.6999,3.9982
9,CC DChg,166.0,-1.6999,3.9982
9,CC DChg,166.09999999999854,-1.6999,3.9982
9,CC DChg,166.1999999999971,-1.6999,3.9982
9,CC DChg,166.3000000000029,-1.6999,3.9982
9,CC DChg,166.40000000000146,-1.6999,3.9981
9,CC DChg,166.5,-1.6999,3.9981
9,CC DChg,166.59999999999854,-1.6999,3.9981
9,CC DChg,166.6999999999971,-1.6999,3.9982
9,CC DChg,166.8000000000029,-1.6999,3.9981
9,CC DChg,166.90000000000146,-1.6999,3.9981
9,CC DChg,167.0,-1.6999,3.9981
9,CC DChg,167.09999999999854,-1.6999,3.9981
9,CC DChg,167.1999999999971,-1.6999,3.9981
9,CC DChg,167.3000000000029,-1.6999,3.9981
9,CC DChg,167.40000000000146,-1.6999,3.998
9,CC DChg,167.5,-1.6999,3.998
9,CC DChg,167.59999999999854,-1.6999,3.9981
9,CC DChg,167.6999999999971,-1.6999,3.9981
9,CC DChg,167.8000000000029,-1.6999,3.998
9,CC DChg,167.90000000000146,-1.6999,3.998
9,CC DChg,168.0,-1.6999,3.998
9,CC DChg,168.09999999999854,-1.6999,3.998
9,CC DChg,168.1999999999971,-1.6999,3.998
9,CC DChg,168.3000000000029,-1.6999,3.998
9,CC DChg,168.40000000000146,-1.6999,3.9979
9,CC DChg,168.5,-1.6999,3.998
9,CC DChg,168.59999999999854,-1.6999,3.998
9,CC DChg,168.6999999999971,-1.6999,3.998
9,CC DChg,168.8000000000029,-1.6999,3.998
9,CC DChg,168.90000000000146,-1.6999,3.9979
9,CC DChg,169.0,-1.6999,3.9979
9,CC DChg,169.09999999999854,-1.6999,3.9979
9,CC DChg,169.1999999999971,-1.6999,3.9979
9,CC DChg,169.3000000000029,-1.6999,3.9979
9,CC DChg,169.40000000000146,-1.6999,3.9979
9,CC DChg,169.5,-1.6999,3.9979
9,CC DChg,169.59999999999854,-1.6999,3.9978
9,CC DChg,169.6999999999971,-1.6999,3.9979
9,CC DChg,169.8000000000029,-1.6999,3.9979
9,CC DChg,169.90000000000146,-1.6999,3.9978
9,CC DChg,170.0,-1.6999,3.9978
9,CC DChg,170.09999999999854,-1.6999,3.9978
9,CC DChg,170.1999999999971,-1.6999,3.9979
9,CC DChg,170.3000000000029,-1.6999,3.9979
9,CC DChg,170.40000000000146,-1.6999,3.9978
9,CC DChg,170.5,-1.6999,3.9978
9,CC DChg,170.59999999999854,-1.6999,3.9978
9,CC DChg,170.6999999999971,-1.6999,3.9978
9,CC DChg,170.8000000000029,-1.6998,3.9978
9,CC DChg,170.90000000000146,-1.6998,3.9978
9,CC DChg,171.0,-1.6998,3.9977
9,CC DChg,171.09999999999854,-1.6998,3.9977
9,CC DChg,171.1999999999971,-1.6998,3.9977
9,CC DChg,171.3000000000029,-1.6998,3.9977
9,CC DChg,171.40000000000146,-1.6998,3.9977
9,CC DChg,171.5,-1.6998,3.9977
9,CC DChg,171.59999999999854,-1.6998,3.9976
9,CC DChg,171.6999999999971,-1.6998,3.9977
9,CC DChg,171.8000000000029,-1.6998,3.9977
9,CC DChg,171.90000000000146,-1.6998,3.9977
9,CC DChg,172.0,-1.6998,3.9977
9,CC DChg,172.09999999999854,-1.6998,3.9977
9,CC DChg,172.1999999999971,-1.6998,3.9976
9,CC DChg,172.3000000000029,-1.6998,3.9976
9,CC DChg,172.40000000000146,-1.6998,3.9977
9,CC DChg,172.5,-1.6998,3.9976
9,CC DChg,172.59999999999854,-1.6998,3.9976
9,CC DChg,172.6999999999971,-1.6998,3.9976
9,CC DChg,172.8000000000029,-1.6998,3.9976
9,CC DChg,172.90000000000146,-1.6998,3.9976
9,CC DChg,173.0,-1.6998,3.9976
9,CC DChg,173.09999999999854,-1.6998,3.9975
9,CC DChg,173.1999999999971,-1.6998,3.9975
9,CC DChg,173.3000000000029,-1.6998,3.9975
9,CC DChg,173.40000000000146,-1.6998,3.9975
9,CC DChg,173.5,-1.6998,3.9975
9,CC DChg,173.59999999999854,-1.6998,3.9975
9,CC DChg,173.6999999999971,-1.6998,3.9975
9,CC DChg,173.8000000000029,-1.6998,3.9975
9,CC DChg,173.90000000000146,-1.6998,3.9975
9,CC DChg,174.0,-1.6998,3.9975
9,CC DChg,174.09999999999854,-1.6998,3.9975
9,CC DChg,174.1999999999971,-1.6998,3.9975
9,CC DChg,174.3000000000029,-1.6998,3.9975
9,CC DChg,174.40000000000146,-1.6998,3.9975
9,CC DChg,174.5,-1.6998,3.9974
9,CC DChg,174.59999999999854,-1.6998,3.9974
9,CC DChg,174.6999999999971,-1.6998,3.9974
9,CC DChg,174.8000000000029,-1.6998,3.9974
9,CC DChg,174.90000000000146,-1.6998,3.9974
9,CC DChg,175.0,-1.6998,3.9974
9,CC DChg,175.09999999999854,-1.6998,3.9974
9,CC DChg,175.1999999999971,-1.6998,3.9974
9,CC DChg,175.3000000000029,-1.6998,3.9974
9,CC DChg,175.40000000000146,-1.6998,3.9974
9,CC DChg,175.5,-1.6998,3.9973
9,CC DChg,175.59999999999854,-1.6998,3.9973
9,CC DChg,175.6999999999971,-1.6998,3.9973
9,CC DChg,175.8000000000029,-1.6998,3.9974
9,CC DChg,175.90000000000146,-1.6998,3.9973
9,CC DChg,176.0,-1.6998,3.9973
9,CC DChg,176.09999999999854,-1.6998,3.9973
9,CC DChg,176.1999999999971,-1.6998,3.9973
9,CC DChg,176.3000000000029,-1.6998,3.9973
9,CC DChg,176.40000000000146,-1.6998,3.9972
9,CC DChg,176.5,-1.6998,3.9972
9,CC DChg,176.59999999999854,-1.6998,3.9973
9,CC DChg,176.6999999999971,-1.6998,3.9973
9,CC DChg,176.8000000000029,-1.6998,3.9972
9,CC DChg,176.90000000000146,-1.6998,3.9972
9,CC DChg,177.0,-1.6998,3.9972
9,CC DChg,177.09999999999854,-1.6998,3.9972
9,CC DChg,177.1999999999971,-1.6998,3.9971
9,CC DChg,177.3000000000029,-1.6998,3.9971
9,CC DChg,177.40000000000146,-1.6998,3.9972
9,CC DChg,177.5,-1.6998,3.9972
9,CC DChg,177.59999999999854,-1.6998,3.9971
9,CC DChg,177.6999999999971,-1.6998,3.9971
9,CC DChg,177.8000000000029,-1.6998,3.9971
9,CC DChg,177.90000000000146,-1.6998,3.9971
9,CC DChg,178.0,-1.6998,3.9971
9,CC DChg,178.09999999999854,-1.6998,3.9971
9,CC DChg,178.1999999999971,-1.6998,3.9971
9,CC DChg,178.3000000000029,-1.6998,3.997
9,CC DChg,178.40000000000146,-1.6998,3.997
9,CC DChg,178.5,-1.6998,3.9971
9,CC DChg,178.59999999999854,-1.6998,3.997
9,CC DChg,178.6999999999971,-1.6998,3.997
9,CC DChg,178.8000000000029,-1.6998,3.997
9,CC DChg,178.90000000000146,-1.6998,3.997
9,CC DChg,179.0,-1.6998,3.997
9,CC DChg,179.09999999999854,-1.6998,3.997
9,CC DChg,179.1999999999971,-1.6998,3.997
9,CC DChg,179.3000000000029,-1.6998,3.997
9,CC DChg,179.40000000000146,-1.6998,3.997
9,CC DChg,179.5,-1.6998,3.997
9,CC DChg,179.59999999999854,-1.6998,3.997
9,CC DChg,179.6999999999971,-1.6998,3.997
9,CC DChg,179.8000000000029,-1.6998,3.9969
9,CC DChg,179.90000000000146,-1.6998,3.9969
9,CC DChg,180.0,-1.6998,3.9969
9,CC DChg,180.09999999999854,-1.6999,3.9969
9,CC DChg,180.1999999999971,-1.6999,3.9969
9,CC DChg,180.3000000000029,-1.6999,3.9969
9,CC DChg,180.40000000000146,-1.6999,3.9969
9,CC DChg,180.5,-1.6999,3.9969
9,CC DChg,180.59999999999854,-1.6999,3.9969
9,CC DChg,180.6999999999971,-1.6999,3.9969
9,CC DChg,180.8000000000029,-1.6999,3.9969
9,CC DChg,180.90000000000146,-1.6999,3.9968
9,CC DChg,181.0,-1.6999,3.9968
9,CC DChg,181.09999999999854,-1.6999,3.9968
9,CC DChg,181.1999999999971,-1.6999,3.9968
9,CC DChg,181.3000000000029,-1.6999,3.9968
9,CC DChg,181.40000000000146,-1.6999,3.9968
9,CC DChg,181.5,-1.6999,3.9968
9,CC DChg,181.59999999999854,-1.6999,3.9968
9,CC DChg,181.6999999999971,-1.6999,3.9968
9,CC DChg,181.8000000000029,-1.6999,3.9967
9,CC DChg,181.90000000000146,-1.6999,3.9967
9,CC DChg,182.0,-1.6999,3.9968
9,CC DChg,182.09999999999854,-1.6999,3.9967
9,CC DChg,182.1999999999971,-1.6999,3.9967
9,CC DChg,182.3000000000029,-1.6999,3.9967
9,CC DChg,182.40000000000146,-1.6999,3.9967
9,CC DChg,182.5,-1.6999,3.9967
9,CC DChg,182.59999999999854,-1.6999,3.9967
9,CC DChg,182.6999999999971,-1.6999,3.9967
9,CC DChg,182.8000000000029,-1.6999,3.9966
9,CC DChg,182.90000000000146,-1.6999,3.9966
9,CC DChg,183.0,-1.6999,3.9967
9,CC DChg,183.09999999999854,-1.6999,3.9966
9,CC DChg,183.1999999999971,-1.6999,3.9966
9,CC DChg,183.3000000000029,-1.6999,3.9967
9,CC DChg,183.40000000000146,-1.6999,3.9966
9,CC DChg,183.5,-1.6999,3.9967
9,CC DChg,183.59999999999854,-1.6999,3.9967
9,CC DChg,183.6999999999971,-1.6999,3.9966
9,CC DChg,183.8000000000029,-1.6999,3.9966
9,CC DChg,183.90000000000146,-1.6999,3.9966
9,CC DChg,184.0,-1.6999,3.9966
9,CC DChg,184.09999999999854,-1.6999,3.9966
9,CC DChg,184.1999999999971,-1.6999,3.9966
9,CC DChg,184.3000000000029,-1.6999,3.9965
9,CC DChg,184.40000000000146,-1.6999,3.9965
9,CC DChg,184.5,-1.6999,3.9965
9,CC DChg,184.59999999999854,-1.6999,3.9965
9,CC DChg,184.6999999999971,-1.6999,3.9965
9,CC DChg,184.8000000000029,-1.6999,3.9965
9,CC DChg,184.90000000000146,-1.6999,3.9965
9,CC DChg,185.0,-1.6999,3.9965
9,CC DChg,185.09999999999854,-1.6999,3.9965
9,CC DChg,185.1999999999971,-1.6999,3.9964
9,CC DChg,185.3000000000029,-1.6999,3.9965
9,CC DChg,185.40000000000146,-1.6999,3.9964
9,CC DChg,185.5,-1.6999,3.9964
9,CC DChg,185.59999999999854,-1.6999,3.9964
9,CC DChg,185.6999999999971,-1.6999,3.9964
9,CC DChg,185.8000000000029,-1.6999,3.9964
9,CC DChg,185.90000000000146,-1.6999,3.9964
9,CC DChg,186.0,-1.6999,3.9964
9,CC DChg,186.09999999999854,-1.6999,3.9964
9,CC DChg,186.1999999999971,-1.6999,3.9964
9,CC DChg,186.3000000000029,-1.6999,3.9964
9,CC DChg,186.40000000000146,-1.6999,3.9964
9,CC DChg,186.5,-1.6999,3.9963
9,CC DChg,186.59999999999854,-1.6999,3.9964
9,CC DChg,186.6999999999971,-1.6999,3.9964
9,CC DChg,186.8000000000029,-1.6999,3.9963
9,CC DChg,186.90000000000146,-1.6999,3.9963
9,CC DChg,187.0,-1.6999,3.9963
9,CC DChg,187.09999999999854,-1.6999,3.9963
9,CC DChg,187.1999999999971,-1.6999,3.9963
9,CC DChg,187.3000000000029,-1.6999,3.9963
9,CC DChg,187.40000000000146,-1.6999,3.9962
9,CC DChg,187.5,-1.6999,3.9963
9,CC DChg,187.59999999999854,-1.6999,3.9963
9,CC DChg,187.6999999999971,-1.6999,3.9962
9,CC DChg,187.8000000000029,-1.6999,3.9962
9,CC DChg,187.90000000000146,-1.6999,3.9962
9,CC DChg,188.0,-1.6999,3.9962
9,CC DChg,188.09999999999854,-1.6999,3.9962
9,CC DChg,188.1999999999971,-1.6999,3.9962
9,CC DChg,188.3000000000029,-1.6999,3.9962
9,CC DChg,188.40000000000146,-1.6999,3.9962
9,CC DChg,188.5,-1.6999,3.9962
9,CC DChg,188.59999999999854,-1.6999,3.9962
9,CC DChg,188.6999999999971,-1.6999,3.9962
9,CC DChg,188.8000000000029,-1.6999,3.9962
9,CC DChg,188.90000000000146,-1.6999,3.9961
9,CC DChg,189.0,-1.6999,3.9961
9,CC DChg,189.09999999999854,-1.6999,3.9961
9,CC DChg,189.1999999999971,-1.6999,3.9961
9,CC DChg,189.3000000000029,-1.6999,3.9961
9,CC DChg,189.40000000000146,-1.6999,3.9961
9,CC DChg,189.5,-1.6999,3.996
9,CC DChg,189.59999999999854,-1.6999,3.9961
9,CC DChg,189.6999999999971,-1.6999,3.9961
9,CC DChg,189.8000000000029,-1.6999,3.996
9,CC DChg,189.90000000000146,-1.6999,3.9961
9,CC DChg,190.0,-1.6999,3.9961
9,CC DChg,190.09999999999854,-1.6999,3.996
9,CC DChg,190.1999999999971,-1.6999,3.996
9,CC DChg,190.3000000000029,-1.6999,3.996
9,CC DChg,190.40000000000146,-1.6999,3.996
9,CC DChg,190.5,-1.6999,3.996
9,CC DChg,190.59999999999854,-1.6999,3.996
9,CC DChg,190.6999999999971,-1.6999,3.996
9,CC DChg,190.8000000000029,-1.6999,3.996
9,CC DChg,190.90000000000146,-1.6999,3.996
9,CC DChg,191.0,-1.6999,3.996
9,CC DChg,191.09999999999854,-1.6999,3.9959
9,CC DChg,191.1999999999971,-1.6999,3.9959
9,CC DChg,191.3000000000029,-1.6999,3.9959
9,CC DChg,191.40000000000146,-1.6999,3.9959
9,CC DChg,191.5,-1.6999,3.9959
9,CC DChg,191.59999999999854,-1.6999,3.9959
9,CC DChg,191.6999999999971,-1.6999,3.9959
9,CC DChg,191.8000000000029,-1.6999,3.9959
9,CC DChg,191.90000000000146,-1.6999,3.9959
9,CC DChg,192.0,-1.6999,3.9959
9,CC DChg,192.09999999999854,-1.6999,3.9958
9,CC DChg,192.1999999999971,-1.6999,3.9958
9,CC DChg,192.3000000000029,-1.6999,3.9958
9,CC DChg,192.40000000000146,-1.6999,3.9958
9,CC DChg,192.5,-1.6999,3.9958
9,CC DChg,192.59999999999854,-1.6999,3.9958
9,CC DChg,192.6999999999971,-1.6999,3.9958
9,CC DChg,192.8000000000029,-1.6999,3.9958
9,CC DChg,192.90000000000146,-1.6999,3.9958
9,CC DChg,193.0,-1.6999,3.9958
9,CC DChg,193.09999999999854,-1.6999,3.9958
9,CC DChg,193.1999999999971,-1.6999,3.9958
9,CC DChg,193.3000000000029,-1.6999,3.9957
9,CC DChg,193.40000000000146,-1.6999,3.9957
9,CC DChg,193.5,-1.6999,3.9957
9,CC DChg,193.59999999999854,-1.6999,3.9957
9,CC DChg,193.6999999999971,-1.6999,3.9957
9,CC DChg,193.8000000000029,-1.6999,3.9957
9,CC DChg,193.90000000000146,-1.6999,3.9956
9,CC DChg,194.0,-1.6999,3.9956
9,CC DChg,194.09999999999854,-1.6999,3.9956
9,CC DChg,194.1999999999971,-1.6999,3.9956
9,CC DChg,194.3000000000029,-1.6999,3.9957
9,CC DChg,194.40000000000146,-1.6999,3.9957
9,CC DChg,194.5,-1.6999,3.9957
9,CC DChg,194.59999999999854,-1.6999,3.9957
9,CC DChg,194.6999999999971,-1.6999,3.9956
9,CC DChg,194.8000000000029,-1.6999,3.9956
9,CC DChg,194.90000000000146,-1.6999,3.9956
9,CC DChg,195.0,-1.6999,3.9956
9,CC DChg,195.09999999999854,-1.6999,3.9956
9,CC DChg,195.1999999999971,-1.6999,3.9956
9,CC DChg,195.3000000000029,-1.6999,3.9955
9,CC DChg,195.40000000000146,-1.6999,3.9955
9,CC DChg,195.5,-1.6999,3.9955
9,CC DChg,195.59999999999854,-1.6999,3.9955
9,CC DChg,195.6999999999971,-1.6999,3.9955
9,CC DChg,195.8000000000029,-1.6999,3.9955
9,CC DChg,195.90000000000146,-1.6999,3.9955
9,CC DChg,196.0,-1.6999,3.9955
9,CC DChg,196.09999999999854,-1.6999,3.9955
9,CC DChg,196.1999999999971,-1.6999,3.9954
9,CC DChg,196.3000000000029,-1.6999,3.9955
9,CC DChg,196.40000000000146,-1.6999,3.9955
9,CC DChg,196.5,-1.6999,3.9954
9,CC DChg,196.59999999999854,-1.6999,3.9954
9,CC DChg,196.6999999999971,-1.6999,3.9954
9,CC DChg,196.8000000000029,-1.6999,3.9954
9,CC DChg,196.90000000000146,-1.6999,3.9954
9,CC DChg,197.0,-1.6999,3.9954
9,CC DChg,197.09999999999854,-1.6999,3.9954
9,CC DChg,197.1999999999971,-1.6999,3.9954
9,CC DChg,197.3000000000029,-1.6999,3.9954
9,CC DChg,197.40000000000146,-1.6999,3.9953
9,CC DChg,197.5,-1.6999,3.9953
9,CC DChg,197.59999999999854,-1.6999,3.9953
9,CC DChg,197.6999999999971,-1.6999,3.9953
9,CC DChg,197.8000000000029,-1.6999,3.9954
9,CC DChg,197.90000000000146,-1.6999,3.9953
9,CC DChg,198.0,-1.6999,3.9953
9,CC DChg,198.09999999999854,-1.6999,3.9953
9,CC DChg,198.1999999999971,-1.6999,3.9953
9,CC DChg,198.3000000000029,-1.6999,3.9953
9,CC DChg,198.40000000000146,-1.6999,3.9953
9,CC DChg,198.5,-1.6999,3.9953
9,CC DChg,198.59999999999854,-1.6999,3.9953
9,CC DChg,198.6999999999971,-1.6999,3.9953
9,CC DChg,198.8000000000029,-1.6999,3.9952
9,CC DChg,198.90000000000146,-1.6999,3.9952
9,CC DChg,199.0,-1.6999,3.9952
9,CC DChg,199.09999999999854,-1.6999,3.9952
9,CC DChg,199.1999999999971,-1.6999,3.9952
9,CC DChg,199.3000000000029,-1.6999,3.9952
9,CC DChg,199.40000000000146,-1.6999,3.9952
9,CC DChg,199.5,-1.6999,3.9952
9,CC DChg,199.59999999999854,-1.6999,3.9952
9,CC DChg,199.6999999999971,-1.6999,3.9952
9,CC DChg,199.8000000000029,-1.6999,3.9952
9,CC DChg,199.90000000000146,-1.6999,3.9952
9,CC DChg,200.0,-1.6999,3.9952
9,CC DChg,200.09999999999854,-1.6999,3.9951
9,CC DChg,200.1999999999971,-1.6999,3.9951
9,CC DChg,200.3000000000029,-1.6999,3.9951
9,CC DChg,200.40000000000146,-1.6999,3.9952
9,CC DChg,200.5,-1.6999,3.9951
9,CC DChg,200.59999999999854,-1.6999,3.9951
9,CC DChg,200.6999999999971,-1.6999,3.9951
9,CC DChg,200.8000000000029,-1.6999,3.9951
9,CC DChg,200.90000000000146,-1.6999,3.9951
9,CC DChg,201.0,-1.6999,3.9951
9,CC DChg,201.09999999999854,-1.6999,3.995
9,CC DChg,201.1999999999971,-1.6999,3.995
9,CC DChg,201.3000000000029,-1.6999,3.995
9,CC DChg,201.40000000000146,-1.6999,3.995
9,CC DChg,201.5,-1.6999,3.995
9,CC DChg,201.59999999999854,-1.6999,3.995
9,CC DChg,201.6999999999971,-1.6999,3.995
9,CC DChg,201.8000000000029,-1.6999,3.995
9,CC DChg,201.90000000000146,-1.6999,3.995
9,CC DChg,202.0,-1.6999,3.995
9,CC DChg,202.09999999999854,-1.6999,3.995
9,CC DChg,202.1999999999971,-1.6999,3.9949
9,CC DChg,202.3000000000029,-1.6999,3.9949
9,CC DChg,202.40000000000146,-1.6999,3.995
9,CC DChg,202.5,-1.6999,3.995
9,CC DChg,202.59999999999854,-1.6999,3.9949
9,CC DChg,202.6999999999971,-1.6999,3.995
9,CC DChg,202.8000000000029,-1.6999,3.995
9,CC DChg,202.90000000000146,-1.6999,3.9949
9,CC DChg,203.0,-1.6999,3.9949
9,CC DChg,203.09999999999854,-1.6999,3.9949
9,CC DChg,203.1999999999971,-1.6999,3.9949
9,CC DChg,203.3000000000029,-1.6999,3.9949
9,CC DChg,203.40000000000146,-1.6999,3.9948
9,CC DChg,203.5,-1.6999,3.9949
9,CC DChg,203.59999999999854,-1.6999,3.9949
9,CC DChg,203.6999999999971,-1.6999,3.9948
9,CC DChg,203.8000000000029,-1.6999,3.9948
9,CC DChg,203.90000000000146,-1.6999,3.9948
9,CC DChg,204.0,-1.6999,3.9948
9,CC DChg,204.09999999999854,-1.6999,3.9948
9,CC DChg,204.1999999999971,-1.6999,3.9948
9,CC DChg,204.3000000000029,-1.6999,3.9948
9,CC DChg,204.40000000000146,-1.6999,3.9948
9,CC DChg,204.5,-1.6999,3.9948
9,CC DChg,204.59999999999854,-1.6999,3.9947
9,CC DChg,204.6999999999971,-1.6999,3.9947
9,CC DChg,204.8000000000029,-1.6999,3.9947
9,CC DChg,204.90000000000146,-1.6999,3.9947
9,CC DChg,205.0,-1.6999,3.9947
9,CC DChg,205.09999999999854,-1.6999,3.9947
9,CC DChg,205.1999999999971,-1.6999,3.9947
9,CC DChg,205.3000000000029,-1.6999,3.9947
9,CC DChg,205.40000000000146,-1.6999,3.9947
9,CC DChg,205.5,-1.6999,3.9946
9,CC DChg,205.59999999999854,-1.6999,3.9946
9,CC DChg,205.6999999999971,-1.6999,3.9946
9,CC DChg,205.8000000000029,-1.6999,3.9947
9,CC DChg,205.90000000000146,-1.6999,3.9947
9,CC DChg,206.0,-1.6999,3.9946
9,CC DChg,206.09999999999854,-1.6999,3.9946
9,CC DChg,206.1999999999971,-1.6999,3.9946
9,CC DChg,206.3000000000029,-1.6999,3.9946
9,CC DChg,206.40000000000146,-1.6999,3.9946
9,CC DChg,206.5,-1.6999,3.9946
9,CC DChg,206.59999999999854,-1.6999,3.9946
9,CC DChg,206.6999999999971,-1.6999,3.9946
9,CC DChg,206.8000000000029,-1.6999,3.9945
9,CC DChg,206.90000000000146,-1.6999,3.9946
9,CC DChg,207.0,-1.6999,3.9945
9,CC DChg,207.09999999999854,-1.6999,3.9945
9,CC DChg,207.1999999999971,-1.6999,3.9945
9,CC DChg,207.3000000000029,-1.6999,3.9945
9,CC DChg,207.40000000000146,-1.6999,3.9945
9,CC DChg,207.5,-1.6999,3.9945
9,CC DChg,207.59999999999854,-1.6999,3.9945
9,CC DChg,207.6999999999971,-1.6999,3.9945
9,CC DChg,207.8000000000029,-1.6999,3.9945
9,CC DChg,207.90000000000146,-1.6999,3.9945
9,CC DChg,208.0,-1.6999,3.9945
9,CC DChg,208.09999999999854,-1.6999,3.9945
9,CC DChg,208.1999999999971,-1.6999,3.9945
9,CC DChg,208.3000000000029,-1.6999,3.9944
9,CC DChg,208.40000000000146,-1.6999,3.9945
9,CC DChg,208.5,-1.6999,3.9945
9,CC DChg,208.59999999999854,-1.6999,3.9944
9,CC DChg,208.6999999999971,-1.6999,3.9944
9,CC DChg,208.8000000000029,-1.6999,3.9944
9,CC DChg,208.90000000000146,-1.6999,3.9944
9,CC DChg,209.0,-1.6999,3.9944
9,CC DChg,209.09999999999854,-1.6999,3.9943
9,CC DChg,209.1999999999971,-1.6999,3.9943
9,CC DChg,209.3000000000029,-1.6999,3.9944
9,CC DChg,209.40000000000146,-1.6999,3.9944
9,CC DChg,209.5,-1.6999,3.9944
9,CC DChg,209.59999999999854,-1.6999,3.9943
9,CC DChg,209.6999999999971,-1.6999,3.9943
9,CC DChg,209.8000000000029,-1.6999,3.9943
9,CC DChg,209.90000000000146,-1.6999,3.9943
9,CC DChg,210.0,-1.6999,3.9943
9,CC DChg,210.09999999999854,-1.6999,3.9943
9,CC DChg,210.1999999999971,-1.6999,3.9943
9,CC DChg,210.3000000000029,-1.6999,3.9942
9,CC DChg,210.40000000000146,-1.6999,3.9943
9,CC DChg,210.5,-1.6999,3.9943
9,CC DChg,210.59999999999854,-1.6999,3.9942
9,CC DChg,210.6999999999971,-1.6999,3.9942
9,CC DChg,210.8000000000029,-1.6999,3.9943
9,CC DChg,210.90000000000146,-1.6999,3.9942
9,CC DChg,211.0,-1.6999,3.9942
9,CC DChg,211.09999999999854,-1.6999,3.9942
9,CC DChg,211.1999999999971,-1.6999,3.9942
9,CC DChg,211.3000000000029,-1.6999,3.9942
9,CC DChg,211.40000000000146,-1.6999,3.9942
9,CC DChg,211.5,-1.6999,3.9942
9,CC DChg,211.59999999999854,-1.6999,3.9941
9,CC DChg,211.6999999999971,-1.6999,3.9941
9,CC DChg,211.8000000000029,-1.6999,3.9941
9,CC DChg,211.90000000000146,-1.6999,3.9942
9,CC DChg,212.0,-1.6999,3.9942
9,CC DChg,212.09999999999854,-1.6999,3.9941
9,CC DChg,212.1999999999971,-1.6999,3.9941
9,CC DChg,212.3000000000029,-1.6999,3.9941
9,CC DChg,212.40000000000146,-1.6999,3.9941
9,CC DChg,212.5,-1.6999,3.9941
9,CC DChg,212.59999999999854,-1.6999,3.9941
9,CC DChg,212.6999999999971,-1.6999,3.9941
9,CC DChg,212.8000000000029,-1.6999,3.9941
9,CC DChg,212.90000000000146,-1.6999,3.9941
9,CC DChg,213.0,-1.6999,3.994
9,CC DChg,213.09999999999854,-1.6999,3.994
9,CC DChg,213.1999999999971,-1.6999,3.994
9,CC DChg,213.3000000000029,-1.6999,3.994
9,CC DChg,213.40000000000146,-1.6999,3.994
9,CC DChg,213.5,-1.6999,3.994
9,CC DChg,213.59999999999854,-1.6999,3.994
9,CC DChg,213.6999999999971,-1.6999,3.9939
9,CC DChg,213.8000000000029,-1.6999,3.994
9,CC DChg,213.90000000000146,-1.6999,3.994
9,CC DChg,214.0,-1.6999,3.9939
9,CC DChg,214.09999999999854,-1.6999,3.994
9,CC DChg,214.1999999999971,-1.6999,3.994
9,CC DChg,214.3000000000029,-1.6999,3.9939
9,CC DChg,214.40000000000146,-1.6999,3.9939
9,CC DChg,214.5,-1.6999,3.9939
9,CC DChg,214.59999999999854,-1.6999,3.9939
9,CC DChg,214.6999999999971,-1.6999,3.9939
9,CC DChg,214.8000000000029,-1.6999,3.9939
9,CC DChg,214.90000000000146,-1.6999,3.9939
9,CC DChg,215.0,-1.6999,3.9939
9,CC DChg,215.09999999999854,-1.6999,3.9939
9,CC DChg,215.1999999999971,-1.6999,3.9939
9,CC DChg,215.3000000000029,-1.6999,3.9938
9,CC DChg,215.40000000000146,-1.6999,3.9938
9,CC DChg,215.5,-1.6999,3.9938
9,CC DChg,215.59999999999854,-1.6999,3.9938
9,CC DChg,215.6999999999971,-1.6999,3.9938
9,CC DChg,215.8000000000029,-1.6999,3.9938
9,CC DChg,215.90000000000146,-1.6999,3.9938
9,CC DChg,216.0,-1.6999,3.9938
9,CC DChg,216.09999999999854,-1.6999,3.9937
9,CC DChg,216.1999999999971,-1.6999,3.9937
9,CC DChg,216.3000000000029,-1.6999,3.9937
9,CC DChg,216.40000000000146,-1.6999,3.9937
9,CC DChg,216.5,-1.6999,3.9937
9,CC DChg,216.59999999999854,-1.6999,3.9937
9,CC DChg,216.6999999999971,-1.6999,3.9937
9,CC DChg,216.8000000000029,-1.6999,3.9937
9,CC DChg,216.90000000000146,-1.6999,3.9937
9,CC DChg,217.0,-1.6999,3.9936
9,CC DChg,217.09999999999854,-1.6999,3.9937
9,CC DChg,217.1999999999971,-1.6999,3.9936
9,CC DChg,217.3000000000029,-1.6999,3.9936
9,CC DChg,217.40000000000146,-1.6999,3.9936
9,CC DChg,217.5,-1.6999,3.9936
9,CC DChg,217.59999999999854,-1.6999,3.9936
9,CC DChg,217.6999999999971,-1.6999,3.9936
9,CC DChg,217.8000000000029,-1.6999,3.9936
9,CC DChg,217.90000000000146,-1.6999,3.9936
9,CC DChg,218.0,-1.6999,3.9935
9,CC DChg,218.09999999999854,-1.6999,3.9936
9,CC DChg,218.1999999999971,-1.6999,3.9935
9,CC DChg,218.3000000000029,-1.6999,3.9936
9,CC DChg,218.40000000000146,-1.6999,3.9936
9,CC DChg,218.5,-1.6999,3.9936
9,CC DChg,218.59999999999854,-1.6999,3.9935
9,CC DChg,218.6999999999971,-1.6999,3.9935
9,CC DChg,218.8000000000029,-1.6999,3.9935
9,CC DChg,218.90000000000146,-1.6999,3.9935
9,CC DChg,219.0,-1.6999,3.9935
9,CC DChg,219.09999999999854,-1.6999,3.9935
9,CC DChg,219.1999999999971,-1.6999,3.9935
9,CC DChg,219.3000000000029,-1.6999,3.9935
9,CC DChg,219.40000000000146,-1.6999,3.9935
9,CC DChg,219.5,-1.6999,3.9934
9,CC DChg,219.59999999999854,-1.6999,3.9934
9,CC DChg,219.6999999999971,-1.6999,3.9934
9,CC DChg,219.8000000000029,-1.6999,3.9934
9,CC DChg,219.90000000000146,-1.6999,3.9934
9,CC DChg,220.0,-1.6999,3.9934
9,CC DChg,220.09999999999854,-1.6999,3.9934
9,CC DChg,220.1999999999971,-1.6999,3.9934
9,CC DChg,220.3000000000029,-1.6999,3.9934
9,CC DChg,220.40000000000146,-1.6999,3.9934
9,CC DChg,220.5,-1.6999,3.9934
9,CC DChg,220.59999999999854,-1.6999,3.9934
9,CC DChg,220.6999999999971,-1.6999,3.9933
9,CC DChg,220.8000000000029,-1.6999,3.9933
9,CC DChg,220.90000000000146,-1.6999,3.9933
9,CC DChg,221.0,-1.6999,3.9933
9,CC DChg,221.09999999999854,-1.6999,3.9933
9,CC DChg,221.1999999999971,-1.6999,3.9933
9,CC DChg,221.3000000000029,-1.6999,3.9933
9,CC DChg,221.40000000000146,-1.6999,3.9933
9,CC DChg,221.5,-1.6999,3.9933
9,CC DChg,221.59999999999854,-1.6999,3.9933
9,CC DChg,221.6999999999971,-1.6999,3.9933
9,CC DChg,221.8000000000029,-1.6999,3.9933
9,CC DChg,221.90000000000146,-1.6999,3.9933
9,CC DChg,222.0,-1.6999,3.9932
9,CC DChg,222.09999999999854,-1.6999,3.9932
9,CC DChg,222.1999999999971,-1.6999,3.9933
9,CC DChg,222.3000000000029,-1.6999,3.9933
9,CC DChg,222.40000000000146,-1.6999,3.9932
9,CC DChg,222.5,-1.6999,3.9932
9,CC DChg,222.59999999999854,-1.6999,3.9932
9,CC DChg,222.6999999999971,-1.6999,3.9932
9,CC DChg,222.8000000000029,-1.6999,3.9932
9,CC DChg,222.90000000000146,-1.6999,3.9931
9,CC DChg,223.0,-1.6999,3.9931
9,CC DChg,223.09999999999854,-1.6999,3.9931
9,CC DChg,223.1999999999971,-1.6999,3.9931
9,CC DChg,223.3000000000029,-1.6999,3.9931
9,CC DChg,223.40000000000146,-1.6999,3.9931
9,CC DChg,223.5,-1.6999,3.9931
9,CC DChg,223.59999999999854,-1.6999,3.9931
9,CC DChg,223.6999999999971,-1.6999,3.9931
9,CC DChg,223.8000000000029,-1.6999,3.9931
9,CC DChg,223.90000000000146,-1.6999,3.9931
9,CC DChg,224.0,-1.6999,3.9931
9,CC DChg,224.09999999999854,-1.6999,3.9931
9,CC DChg,224.1999999999971,-1.6999,3.9931
9,CC DChg,224.3000000000029,-1.6999,3.9931
9,CC DChg,224.40000000000146,-1.6999,3.9931
9,CC DChg,224.5,-1.6999,3.993
9,CC DChg,224.59999999999854,-1.6999,3.993
9,CC DChg,224.6999999999971,-1.6999,3.993
9,CC DChg,224.8000000000029,-1.6999,3.993
9,CC DChg,224.90000000000146,-1.6999,3.993
9,CC DChg,225.0,-1.6999,3.993
9,CC DChg,225.09999999999854,-1.6999,3.993
9,CC DChg,225.1999999999971,-1.6999,3.993
9,CC DChg,225.3000000000029,-1.6999,3.993
9,CC DChg,225.40000000000146,-1.6999,3.9929
9,CC DChg,225.5,-1.6999,3.9929
9,CC DChg,225.59999999999854,-1.6999,3.9929
9,CC DChg,225.6999999999971,-1.6999,3.9929
9,CC DChg,225.8000000000029,-1.6999,3.9929
9,CC DChg,225.90000000000146,-1.6999,3.9929
9,CC DChg,226.0,-1.6999,3.9929
9,CC DChg,226.09999999999854,-1.6999,3.9929
9,CC DChg,226.1999999999971,-1.6999,3.9929
9,CC DChg,226.3000000000029,-1.6999,3.9929
9,CC DChg,226.40000000000146,-1.6999,3.9929
9,CC DChg,226.5,-1.6999,3.9929
9,CC DChg,226.59999999999854,-1.6999,3.9929
9,CC DChg,226.6999999999971,-1.6999,3.9928
9,CC DChg,226.8000000000029,-1.6999,3.9928
9,CC DChg,226.90000000000146,-1.6999,3.9928
9,CC DChg,227.0,-1.6999,3.9928
9,CC DChg,227.09999999999854,-1.6999,3.9928
9,CC DChg,227.1999999999971,-1.6999,3.9928
9,CC DChg,227.3000000000029,-1.6999,3.9928
9,CC DChg,227.40000000000146,-1.6999,3.9928
9,CC DChg,227.5,-1.6999,3.9928
9,CC DChg,227.59999999999854,-1.6999,3.9928
9,CC DChg,227.6999999999971,-1.6999,3.9928
9,CC DChg,227.8000000000029,-1.6999,3.9927
9,CC DChg,227.90000000000146,-1.6999,3.9927
9,CC DChg,228.0,-1.6999,3.9927
9,CC DChg,228.09999999999854,-1.6999,3.9927
9,CC DChg,228.1999999999971,-1.6999,3.9927
9,CC DChg,228.3000000000029,-1.6999,3.9927
9,CC DChg,228.40000000000146,-1.6999,3.9927
9,CC DChg,228.5,-1.6999,3.9927
9,CC DChg,228.59999999999854,-1.6999,3.9927
9,CC DChg,228.6999999999971,-1.6999,3.9927
9,CC DChg,228.8000000000029,-1.6999,3.9927
9,CC DChg,228.90000000000146,-1.6999,3.9926
9,CC DChg,229.0,-1.6999,3.9926
9,CC DChg,229.09999999999854,-1.6999,3.9926
9,CC DChg,229.1999999999971,-1.6999,3.9926
9,CC DChg,229.3000000000029,-1.6999,3.9926
9,CC DChg,229.40000000000146,-1.6999,3.9927
9,CC DChg,229.5,-1.6999,3.9926
9,CC DChg,229.59999999999854,-1.6999,3.9926
9,CC DChg,229.6999999999971,-1.6999,3.9926
9,CC DChg,229.8000000000029,-1.6999,3.9925
9,CC DChg,229.90000000000146,-1.6999,3.9926
9,CC DChg,230.0,-1.6999,3.9926
9,CC DChg,230.09999999999854,-1.6999,3.9925
9,CC DChg,230.1999999999971,-1.6999,3.9925
9,CC DChg,230.3000000000029,-1.6999,3.9925
9,CC DChg,230.40000000000146,-1.6999,3.9925
9,CC DChg,230.5,-1.6999,3.9925
9,CC DChg,230.59999999999854,-1.6999,3.9926
9,CC DChg,230.6999999999971,-1.6999,3.9926
9,CC DChg,230.8000000000029,-1.6999,3.9925
9,CC DChg,230.90000000000146,-1.6998,3.9925
9,CC DChg,231.0,-1.6998,3.9925
9,CC DChg,231.09999999999854,-1.6998,3.9925
9,CC DChg,231.1999999999971,-1.6998,3.9925
9,CC DChg,231.3000000000029,-1.6998,3.9925
9,CC DChg,231.40000000000146,-1.6998,3.9924
9,CC DChg,231.5,-1.6998,3.9924
9,CC DChg,231.59999999999854,-1.6998,3.9924
9,CC DChg,231.6999999999971,-1.6998,3.9924
9,CC DChg,231.8000000000029,-1.6998,3.9924
9,CC DChg,231.90000000000146,-1.6998,3.9924
9,CC DChg,232.0,-1.6998,3.9924
9,CC DChg,232.09999999999854,-1.6998,3.9924
9,CC DChg,232.1999999999971,-1.6998,3.9924
9,CC DChg,232.3000000000029,-1.6998,3.9924
9,CC DChg,232.40000000000146,-1.6998,3.9924
9,CC DChg,232.5,-1.6998,3.9924
9,CC DChg,232.59999999999854,-1.6998,3.9923
9,CC DChg,232.6999999999971,-1.6998,3.9923
9,CC DChg,232.8000000000029,-1.6998,3.9923
9,CC DChg,232.90000000000146,-1.6998,3.9923
9,CC DChg,233.0,-1.6998,3.9923
9,CC DChg,233.09999999999854,-1.6998,3.9923
9,CC DChg,233.1999999999971,-1.6998,3.9923
9,CC DChg,233.3000000000029,-1.6998,3.9922
9,CC DChg,233.40000000000146,-1.6998,3.9922
9,CC DChg,233.5,-1.6998,3.9923
9,CC DChg,233.59999999999854,-1.6998,3.9923
9,CC DChg,233.6999999999971,-1.6998,3.9923
9,CC DChg,233.8000000000029,-1.6998,3.9922
9,CC DChg,233.90000000000146,-1.6998,3.9922
9,CC DChg,234.0,-1.6998,3.9922
9,CC DChg,234.09999999999854,-1.6998,3.9922
9,CC DChg,234.1999999999971,-1.6998,3.9922
9,CC DChg,234.3000000000029,-1.6998,3.9922
9,CC DChg,234.40000000000146,-1.6998,3.9922
9,CC DChg,234.5,-1.6998,3.9922
9,CC DChg,234.59999999999854,-1.6998,3.9922
9,CC DChg,234.6999999999971,-1.6998,3.9921
9,CC DChg,234.8000000000029,-1.6998,3.9921
9,CC DChg,234.90000000000146,-1.6998,3.9921
9,CC DChg,235.0,-1.6998,3.9921
9,CC DChg,235.09999999999854,-1.6998,3.9921
9,CC DChg,235.1999999999971,-1.6998,3.9921
9,CC DChg,235.3000000000029,-1.6998,3.9921
9,CC DChg,235.40000000000146,-1.6998,3.9921
9,CC DChg,235.5,-1.6998,3.9921
9,CC DChg,235.59999999999854,-1.6998,3.9921
9,CC DChg,235.6999999999971,-1.6998,3.992
9,CC DChg,235.8000000000029,-1.6998,3.992
9,CC DChg,235.90000000000146,-1.6998,3.9921
9,CC DChg,236.0,-1.6998,3.992
9,CC DChg,236.09999999999854,-1.6998,3.992
9,CC DChg,236.1999999999971,-1.6998,3.992
9,CC DChg,236.3000000000029,-1.6998,3.992
9,CC DChg,236.40000000000146,-1.6998,3.992
9,CC DChg,236.5,-1.6998,3.992
9,CC DChg,236.59999999999854,-1.6998,3.992
9,CC DChg,236.6999999999971,-1.6998,3.992
9,CC DChg,236.8000000000029,-1.6998,3.992
9,CC DChg,236.90000000000146,-1.6998,3.992
9,CC DChg,237.0,-1.6998,3.992
9,CC DChg,237.09999999999854,-1.6998,3.9919
9,CC DChg,237.1999999999971,-1.6999,3.992
9,CC DChg,237.3000000000029,-1.6999,3.9919
9,CC DChg,237.40000000000146,-1.6999,3.9919
9,CC DChg,237.5,-1.6999,3.9919
9,CC DChg,237.59999999999854,-1.6999,3.9919
9,CC DChg,237.6999999999971,-1.6999,3.9919
9,CC DChg,237.8000000000029,-1.6999,3.9919
9,CC DChg,237.90000000000146,-1.6999,3.9918
9,CC DChg,238.0,-1.6999,3.9918
9,CC DChg,238.09999999999854,-1.6999,3.9918
9,CC DChg,238.1999999999971,-1.6999,3.9918
9,CC DChg,238.3000000000029,-1.6999,3.9918
9,CC DChg,238.40000000000146,-1.6999,3.9918
9,CC DChg,238.5,-1.6999,3.9918
9,CC DChg,238.59999999999854,-1.6999,3.9918
9,CC DChg,238.6999999999971,-1.6999,3.9918
9,CC DChg,238.8000000000029,-1.6999,3.9918
9,CC DChg,238.90000000000146,-1.6999,3.9918
9,CC DChg,239.0,-1.6999,3.9917
9,CC DChg,239.09999999999854,-1.6999,3.9917
9,CC DChg,239.1999999999971,-1.6999,3.9917
9,CC DChg,239.3000000000029,-1.6999,3.9917
9,CC DChg,239.40000000000146,-1.6999,3.9917
9,CC DChg,239.5,-1.6999,3.9918
9,CC DChg,239.59999999999854,-1.6999,3.9917
9,CC DChg,239.6999999999971,-1.6999,3.9917
9,CC DChg,239.8000000000029,-1.6999,3.9917
9,CC DChg,239.90000000000146,-1.6998,3.9917
9,CC DChg,240.0,-1.6998,3.9917
9,CC DChg,240.09999999999854,-1.6998,3.9917
9,CC DChg,240.1999999999971,-1.6998,3.9917
9,CC DChg,240.3000000000029,-1.6998,3.9917
9,CC DChg,240.40000000000146,-1.6998,3.9917
9,CC DChg,240.5,-1.6998,3.9916
9,CC DChg,240.59999999999854,-1.6998,3.9916
9,CC DChg,240.6999999999971,-1.6998,3.9916
9,CC DChg,240.8000000000029,-1.6998,3.9916
9,CC DChg,240.90000000000146,-1.6998,3.9916
9,CC DChg,241.0,-1.6998,3.9916
9,CC DChg,241.09999999999854,-1.6998,3.9916
9,CC DChg,241.1999999999971,-1.6998,3.9916
9,CC DChg,241.3000000000029,-1.6998,3.9916
9,CC DChg,241.40000000000146,-1.6998,3.9916
9,CC DChg,241.5,-1.6998,3.9916
9,CC DChg,241.59999999999854,-1.6998,3.9916
9,CC DChg,241.6999999999971,-1.6998,3.9915
9,CC DChg,241.8000000000029,-1.6998,3.9915
9,CC DChg,241.90000000000146,-1.6998,3.9915
9,CC DChg,242.0,-1.6998,3.9915
9,CC DChg,242.09999999999854,-1.6998,3.9915
9,CC DChg,242.1999999999971,-1.6998,3.9915
9,CC DChg,242.3000000000029,-1.6998,3.9915
9,CC DChg,242.40000000000146,-1.6998,3.9915
9,CC DChg,242.5,-1.6998,3.9915
9,CC DChg,242.59999999999854,-1.6998,3.9915
9,CC DChg,242.6999999999971,-1.6998,3.9914
9,CC DChg,242.8000000000029,-1.6998,3.9915
9,CC DChg,242.90000000000146,-1.6998,3.9914
9,CC DChg,243.0,-1.6998,3.9914
9,CC DChg,243.09999999999854,-1.6998,3.9914
9,CC DChg,243.1999999999971,-1.6998,3.9914
9,CC DChg,243.3000000000029,-1.6998,3.9914
9,CC DChg,243.40000000000146,-1.6998,3.9914
9,CC DChg,243.5,-1.6998,3.9914
9,CC DChg,243.59999999999854,-1.6998,3.9914
9,CC DChg,243.6999999999971,-1.6998,3.9914
9,CC DChg,243.8000000000029,-1.6998,3.9914
9,CC DChg,243.90000000000146,-1.6998,3.9913
9,CC DChg,244.0,-1.6998,3.9913
9,CC DChg,244.09999999999854,-1.6998,3.9913
9,CC DChg,244.1999999999971,-1.6998,3.9913
9,CC DChg,244.3000000000029,-1.6998,3.9913
9,CC DChg,244.40000000000146,-1.6998,3.9913
9,CC DChg,244.5,-1.6998,3.9913
9,CC DChg,244.59999999999854,-1.6998,3.9913
9,CC DChg,244.6999999999971,-1.6998,3.9913
9,CC DChg,244.8000000000029,-1.6998,3.9913
9,CC DChg,244.90000000000146,-1.6998,3.9913
9,CC DChg,245.0,-1.6998,3.9912
9,CC DChg,245.09999999999854,-1.6998,3.9912
9,CC DChg,245.1999999999971,-1.6998,3.9912
9,CC DChg,245.3000000000029,-1.6998,3.9912
9,CC DChg,245.40000000000146,-1.6998,3.9912
9,CC DChg,245.5,-1.6998,3.9912
9,CC DChg,245.59999999999854,-1.6998,3.9912
9,CC DChg,245.6999999999971,-1.6998,3.9911
9,CC DChg,245.8000000000029,-1.6998,3.9911
9,CC DChg,245.90000000000146,-1.6998,3.9912
9,CC DChg,246.0,-1.6998,3.9911
9,CC DChg,246.09999999999854,-1.6998,3.9911
9,CC DChg,246.1999999999971,-1.6998,3.9911
9,CC DChg,246.3000000000029,-1.6998,3.9911
9,CC DChg,246.40000000000146,-1.6998,3.9911
9,CC DChg,246.5,-1.6998,3.9911
9,CC DChg,246.59999999999854,-1.6998,3.9911
9,CC DChg,246.6999999999971,-1.6998,3.9911
9,CC DChg,246.8000000000029,-1.6998,3.9911
9,CC DChg,246.90000000000146,-1.6998,3.9911
9,CC DChg,247.0,-1.6999,3.9911
9,CC DChg,247.09999999999854,-1.6999,3.9911
9,CC DChg,247.1999999999971,-1.6999,3.9911
9,CC DChg,247.3000000000029,-1.6999,3.9911
9,CC DChg,247.40000000000146,-1.6999,3.991
9,CC DChg,247.5,-1.6999,3.9911
9,CC DChg,247.59999999999854,-1.6999,3.991
9,CC DChg,247.6999999999971,-1.6999,3.991
9,CC DChg,247.8000000000029,-1.6999,3.991
9,CC DChg,247.90000000000146,-1.6999,3.991
9,CC DChg,248.0,-1.6999,3.991
9,CC DChg,248.09999999999854,-1.6999,3.991
9,CC DChg,248.1999999999971,-1.6999,3.991
9,CC DChg,248.3000000000029,-1.6999,3.9909
9,CC DChg,248.40000000000146,-1.6999,3.9909
9,CC DChg,248.5,-1.6999,3.9909
9,CC DChg,248.59999999999854,-1.6999,3.9909
9,CC DChg,248.6999999999971,-1.6999,3.9909
9,CC DChg,248.8000000000029,-1.6999,3.9909
9,CC DChg,248.90000000000146,-1.6999,3.9909
9,CC DChg,249.0,-1.6999,3.9909
9,CC DChg,249.09999999999854,-1.6999,3.9909
9,CC DChg,249.1999999999971,-1.6999,3.9909
9,CC DChg,249.3000000000029,-1.6999,3.9909
9,CC DChg,249.40000000000146,-1.6999,3.9909
9,CC DChg,249.5,-1.6999,3.9909
9,CC DChg,249.59999999999854,-1.6999,3.9908
9,CC DChg,249.6999999999971,-1.6999,3.9908
9,CC DChg,249.8000000000029,-1.6999,3.9908
9,CC DChg,249.90000000000146,-1.6999,3.9908
9,CC DChg,250.0,-1.6999,3.9908
9,CC DChg,250.09999999999854,-1.6999,3.9908
9,CC DChg,250.1999999999971,-1.6999,3.9908
9,CC DChg,250.3000000000029,-1.6999,3.9908
9,CC DChg,250.40000000000146,-1.6999,3.9908
9,CC DChg,250.5,-1.6999,3.9908
9,CC DChg,250.59999999999854,-1.6999,3.9908
9,CC DChg,250.6999999999971,-1.6999,3.9908
9,CC DChg,250.8000000000029,-1.6999,3.9907
9,CC DChg,250.90000000000146,-1.6999,3.9907
9,CC DChg,251.0,-1.6999,3.9907
9,CC DChg,251.09999999999854,-1.6999,3.9907
9,CC DChg,251.1999999999971,-1.6999,3.9907
9,CC DChg,251.3000000000029,-1.6999,3.9907
9,CC DChg,251.40000000000146,-1.6999,3.9907
9,CC DChg,251.5,-1.6999,3.9907
9,CC DChg,251.59999999999854,-1.6999,3.9907
9,CC DChg,251.6999999999971,-1.6999,3.9907
9,CC DChg,251.8000000000029,-1.6999,3.9907
9,CC DChg,251.90000000000146,-1.6998,3.9907
9,CC DChg,252.0,-1.6998,3.9906
9,CC DChg,252.09999999999854,-1.6998,3.9906
9,CC DChg,252.1999999999971,-1.6998,3.9906
9,CC DChg,252.3000000000029,-1.6998,3.9906
9,CC DChg,252.40000000000146,-1.6998,3.9906
9,CC DChg,252.5,-1.6998,3.9906
9,CC DChg,252.59999999999854,-1.6998,3.9906
9,CC DChg,252.6999999999971,-1.6998,3.9906
9,CC DChg,252.8000000000029,-1.6998,3.9907
9,CC DChg,252.90000000000146,-1.6998,3.9906
9,CC DChg,253.0,-1.6998,3.9906
9,CC DChg,253.09999999999854,-1.6998,3.9905
9,CC DChg,253.1999999999971,-1.6998,3.9905
9,CC DChg,253.3000000000029,-1.6998,3.9905
9,CC DChg,253.40000000000146,-1.6998,3.9906
9,CC DChg,253.5,-1.6998,3.9906
9,CC DChg,253.59999999999854,-1.6999,3.9905
9,CC DChg,253.6999999999971,-1.6998,3.9905
9,CC DChg,253.8000000000029,-1.6998,3.9905
9,CC DChg,253.90000000000146,-1.6998,3.9905
9,CC DChg,254.0,-1.6998,3.9905
9,CC DChg,254.09999999999854,-1.6998,3.9905
9,CC DChg,254.1999999999971,-1.6998,3.9905
9,CC DChg,254.3000000000029,-1.6998,3.9906
9,CC DChg,254.40000000000146,-1.6998,3.9905
9,CC DChg,254.5,-1.6998,3.9905
9,CC DChg,254.59999999999854,-1.6998,3.9904
9,CC DChg,254.6999999999971,-1.6998,3.9904
9,CC DChg,254.8000000000029,-1.6998,3.9904
9,CC DChg,254.90000000000146,-1.6998,3.9904
9,CC DChg,255.0,-1.6998,3.9904
9,CC DChg,255.09999999999854,-1.6998,3.9904
9,CC DChg,255.1999999999971,-1.6998,3.9904
9,CC DChg,255.3000000000029,-1.6998,3.9904
9,CC DChg,255.40000000000146,-1.6998,3.9904
9,CC DChg,255.5,-1.6998,3.9903
9,CC DChg,255.59999999999854,-1.6998,3.9904
9,CC DChg,255.6999999999971,-1.6998,3.9903
9,CC DChg,255.8000000000029,-1.6998,3.9903
9,CC DChg,255.90000000000146,-1.6998,3.9903
9,CC DChg,256.0,-1.6998,3.9903
9,CC DChg,256.09999999999854,-1.6998,3.9903
9,CC DChg,256.1999999999971,-1.6998,3.9903
9,CC DChg,256.3000000000029,-1.6998,3.9903
9,CC DChg,256.40000000000146,-1.6998,3.9903
9,CC DChg,256.5,-1.6998,3.9903
9,CC DChg,256.59999999999854,-1.6998,3.9902
9,CC DChg,256.6999999999971,-1.6998,3.9902
9,CC DChg,256.8000000000029,-1.6998,3.9902
9,CC DChg,256.90000000000146,-1.6998,3.9902
9,CC DChg,257.0,-1.6998,3.9902
9,CC DChg,257.09999999999854,-1.6998,3.9902
9,CC DChg,257.1999999999971,-1.6998,3.9902
9,CC DChg,257.3000000000029,-1.6998,3.9902
9,CC DChg,257.40000000000146,-1.6998,3.9902
9,CC DChg,257.5,-1.6998,3.9902
9,CC DChg,257.59999999999854,-1.6998,3.9902
9,CC DChg,257.6999999999971,-1.6998,3.9902
9,CC DChg,257.8000000000029,-1.6998,3.9902
9,CC DChg,257.90000000000146,-1.6998,3.9902
9,CC DChg,258.0,-1.6998,3.9901
9,CC DChg,258.09999999999854,-1.6998,3.9901
9,CC DChg,258.1999999999971,-1.6998,3.9901
9,CC DChg,258.3000000000029,-1.6998,3.9902
9,CC DChg,258.40000000000146,-1.6998,3.9902
9,CC DChg,258.5,-1.6998,3.9901
9,CC DChg,258.59999999999854,-1.6998,3.9901
9,CC DChg,258.6999999999971,-1.6998,3.9901
9,CC DChg,258.8000000000029,-1.6998,3.9901
9,CC DChg,258.90000000000146,-1.6998,3.9901
9,CC DChg,259.0,-1.6998,3.99
9,CC DChg,259.09999999999854,-1.6998,3.9901
9,CC DChg,259.1999999999971,-1.6998,3.9901
9,CC DChg,259.3000000000029,-1.6998,3.99
9,CC DChg,259.40000000000146,-1.6998,3.99
9,CC DChg,259.5,-1.6998,3.99
9,CC DChg,259.59999999999854,-1.6998,3.9899
9,CC DChg,259.6999999999971,-1.6998,3.99
9,CC DChg,259.8000000000029,-1.6998,3.99
9,CC DChg,259.90000000000146,-1.6998,3.99
9,CC DChg,260.0,-1.6998,3.99
9,CC DChg,260.09999999999854,-1.6998,3.9899
9,CC DChg,260.1999999999971,-1.6998,3.9899
9,CC DChg,260.3000000000029,-1.6998,3.9899
9,CC DChg,260.40000000000146,-1.6998,3.9899
9,CC DChg,260.5,-1.6998,3.9899
9,CC DChg,260.59999999999854,-1.6998,3.9899
9,CC DChg,260.6999999999971,-1.6998,3.9899
9,CC DChg,260.8000000000029,-1.6998,3.9899
9,CC DChg,260.90000000000146,-1.6998,3.9899
9,CC DChg,261.0,-1.6998,3.9899
9,CC DChg,261.09999999999854,-1.6998,3.9899
9,CC DChg,261.1999999999971,-1.6998,3.9899
9,CC DChg,261.3000000000029,-1.6998,3.9898
9,CC DChg,261.40000000000146,-1.6998,3.9898
9,CC DChg,261.5,-1.6998,3.9898
9,CC DChg,261.59999999999854,-1.6998,3.9898
9,CC DChg,261.6999999999971,-1.6998,3.9898
9,CC DChg,261.8000000000029,-1.6998,3.9898
9,CC DChg,261.90000000000146,-1.6998,3.9898
9,CC DChg,262.0,-1.6998,3.9898
9,CC DChg,262.09999999999854,-1.6998,3.9898
9,CC DChg,262.1999999999971,-1.6998,3.9898
9,CC DChg,262.3000000000029,-1.6998,3.9898
9,CC DChg,262.40000000000146,-1.6998,3.9897
9,CC DChg,262.5,-1.6998,3.9897
9,CC DChg,262.59999999999854,-1.6998,3.9897
9,CC DChg,262.6999999999971,-1.6998,3.9897
9,CC DChg,262.8000000000029,-1.6998,3.9898
9,CC DChg,262.90000000000146,-1.6998,3.9897
9,CC DChg,263.0,-1.6998,3.9897
9,CC DChg,263.09999999999854,-1.6998,3.9897
9,CC DChg,263.1999999999971,-1.6998,3.9897
9,CC DChg,263.3000000000029,-1.6998,3.9896
9,CC DChg,263.40000000000146,-1.6998,3.9897
9,CC DChg,263.5,-1.6998,3.9897
9,CC DChg,263.59999999999854,-1.6998,3.9896
9,CC DChg,263.6999999999971,-1.6998,3.9896
9,CC DChg,263.8000000000029,-1.6998,3.9896
9,CC DChg,263.90000000000146,-1.6998,3.9896
9,CC DChg,264.0,-1.6998,3.9896
9,CC DChg,264.09999999999854,-1.6998,3.9896
9,CC DChg,264.1999999999971,-1.6998,3.9896
9,CC DChg,264.3000000000029,-1.6998,3.9896
9,CC DChg,264.40000000000146,-1.6998,3.9896
9,CC DChg,264.5,-1.6998,3.9895
9,CC DChg,264.59999999999854,-1.6998,3.9895
9,CC DChg,264.6999999999971,-1.6998,3.9895
9,CC DChg,264.8000000000029,-1.6998,3.9895
9,CC DChg,264.90000000000146,-1.6998,3.9895
9,CC DChg,265.0,-1.6998,3.9895
9,CC DChg,265.09999999999854,-1.6998,3.9895
9,CC DChg,265.1999999999971,-1.6998,3.9895
9,CC DChg,265.3000000000029,-1.6998,3.9895
9,CC DChg,265.40000000000146,-1.6998,3.9894
9,CC DChg,265.5,-1.6998,3.9895
9,CC DChg,265.59999999999854,-1.6998,3.9895
9,CC DChg,265.6999999999971,-1.6998,3.9895
9,CC DChg,265.8000000000029,-1.6998,3.9894
9,CC DChg,265.90000000000146,-1.6998,3.9894
9,CC DChg,266.0,-1.6998,3.9894
9,CC DChg,266.09999999999854,-1.6998,3.9894
9,CC DChg,266.1999999999971,-1.6998,3.9894
9,CC DChg,266.3000000000029,-1.6998,3.9894
9,CC DChg,266.40000000000146,-1.6998,3.9894
9,CC DChg,266.5,-1.6998,3.9894
9,CC DChg,266.59999999999854,-1.6998,3.9893
9,CC DChg,266.6999999999971,-1.6998,3.9894
9,CC DChg,266.8000000000029,-1.6998,3.9893
9,CC DChg,266.90000000000146,-1.6998,3.9893
9,CC DChg,267.0,-1.6998,3.9893
9,CC DChg,267.09999999999854,-1.6998,3.9893
9,CC DChg,267.1999999999971,-1.6998,3.9893
9,CC DChg,267.3000000000029,-1.6998,3.9893
9,CC DChg,267.40000000000146,-1.6998,3.9893
9,CC DChg,267.5,-1.6998,3.9893
9,CC DChg,267.59999999999854,-1.6998,3.9893
9,CC DChg,267.6999999999971,-1.6998,3.9893
9,CC DChg,267.8000000000029,-1.6998,3.9893
9,CC DChg,267.90000000000146,-1.6998,3.9892
9,CC DChg,268.0,-1.6998,3.9892
9,CC DChg,268.09999999999854,-1.6998,3.9892
9,CC DChg,268.1999999999971,-1.6998,3.9892
9,CC DChg,268.3000000000029,-1.6998,3.9892
9,CC DChg,268.40000000000146,-1.6998,3.9892
9,CC DChg,268.5,-1.6998,3.9892
9,CC DChg,268.59999999999854,-1.6998,3.9892
9,CC DChg,268.6999999999971,-1.6998,3.9891
9,CC DChg,268.8000000000029,-1.6998,3.9891
9,CC DChg,268.90000000000146,-1.6998,3.9892
9,CC DChg,269.0,-1.6998,3.9891
9,CC DChg,269.09999999999854,-1.6998,3.9891
9,CC DChg,269.1999999999971,-1.6998,3.9892
9,CC DChg,269.3000000000029,-1.6998,3.9892
9,CC DChg,269.40000000000146,-1.6998,3.9892
9,CC DChg,269.5,-1.6998,3.9891
9,CC DChg,269.59999999999854,-1.6998,3.9891
9,CC DChg,269.6999999999971,-1.6998,3.9891
9,CC DChg,269.8000000000029,-1.6998,3.9891
9,CC DChg,269.90000000000146,-1.6998,3.9891
9,CC DChg,270.0,-1.6998,3.9891
9,CC DChg,270.09999999999854,-1.6998,3.9891
9,CC DChg,270.1999999999971,-1.6998,3.9891
9,CC DChg,270.3000000000029,-1.6998,3.9891
9,CC DChg,270.40000000000146,-1.6998,3.9891
9,CC DChg,270.5,-1.6998,3.989
9,CC DChg,270.59999999999854,-1.6998,3.9891
9,CC DChg,270.6999999999971,-1.6998,3.9891
9,CC DChg,270.8000000000029,-1.6998,3.989
9,CC DChg,270.90000000000146,-1.6998,3.989
9,CC DChg,271.0,-1.6998,3.989
9,CC DChg,271.09999999999854,-1.6998,3.989
9,CC DChg,271.1999999999971,-1.6998,3.989
9,CC DChg,271.3000000000029,-1.6998,3.989
9,CC DChg,271.40000000000146,-1.6998,3.989
9,CC DChg,271.5,-1.6998,3.9889
9,CC DChg,271.59999999999854,-1.6998,3.9889
9,CC DChg,271.6999999999971,-1.6998,3.9889
9,CC DChg,271.8000000000029,-1.6998,3.9889
9,CC DChg,271.90000000000146,-1.6998,3.9889
9,CC DChg,272.0,-1.6998,3.9889
9,CC DChg,272.09999999999854,-1.6998,3.9889
9,CC DChg,272.1999999999971,-1.6998,3.9889
9,CC DChg,272.3000000000029,-1.6998,3.9889
9,CC DChg,272.40000000000146,-1.6998,3.9889
9,CC DChg,272.5,-1.6998,3.9889
9,CC DChg,272.59999999999854,-1.6998,3.9888
9,CC DChg,272.6999999999971,-1.6998,3.9889
9,CC DChg,272.8000000000029,-1.6998,3.9888
9,CC DChg,272.90000000000146,-1.6998,3.9888
9,CC DChg,273.0,-1.6998,3.9888
9,CC DChg,273.09999999999854,-1.6998,3.9888
9,CC DChg,273.1999999999971,-1.6998,3.9888
9,CC DChg,273.3000000000029,-1.6998,3.9888
9,CC DChg,273.40000000000146,-1.6998,3.9888
9,CC DChg,273.5,-1.6998,3.9888
9,CC DChg,273.59999999999854,-1.6998,3.9888
9,CC DChg,273.6999999999971,-1.6998,3.9888
9,CC DChg,273.8000000000029,-1.6998,3.9887
9,CC DChg,273.90000000000146,-1.6998,3.9887
9,CC DChg,274.0,-1.6998,3.9887
9,CC DChg,274.09999999999854,-1.6998,3.9888
9,CC DChg,274.1999999999971,-1.6998,3.9888
9,CC DChg,274.3000000000029,-1.6998,3.9887
9,CC DChg,274.40000000000146,-1.6998,3.9887
9,CC DChg,274.5,-1.6998,3.9887
9,CC DChg,274.59999999999854,-1.6998,3.9887
9,CC DChg,274.6999999999971,-1.6998,3.9887
9,CC DChg,274.8000000000029,-1.6998,3.9887
9,CC DChg,274.90000000000146,-1.6998,3.9887
9,CC DChg,275.0,-1.6998,3.9887
9,CC DChg,275.09999999999854,-1.6998,3.9887
9,CC DChg,275.1999999999971,-1.6998,3.9886
9,CC DChg,275.3000000000029,-1.6998,3.9887
9,CC DChg,275.40000000000146,-1.6998,3.9886
9,CC DChg,275.5,-1.6998,3.9886
9,CC DChg,275.59999999999854,-1.6998,3.9886
9,CC DChg,275.6999999999971,-1.6998,3.9886
9,CC DChg,275.8000000000029,-1.6998,3.9886
9,CC DChg,275.90000000000146,-1.6998,3.9886
9,CC DChg,276.0,-1.6998,3.9886
9,CC DChg,276.09999999999854,-1.6998,3.9886
9,CC DChg,276.1999999999971,-1.6998,3.9885
9,CC DChg,276.3000000000029,-1.6998,3.9885
9,CC DChg,276.40000000000146,-1.6998,3.9885
9,CC DChg,276.5,-1.6998,3.9885
9,CC DChg,276.59999999999854,-1.6998,3.9885
9,CC DChg,276.6999999999971,-1.6998,3.9885
9,CC DChg,276.8000000000029,-1.6998,3.9885
9,CC DChg,276.90000000000146,-1.6998,3.9885
9,CC DChg,277.0,-1.6998,3.9885
9,CC DChg,277.09999999999854,-1.6998,3.9885
9,CC DChg,277.1999999999971,-1.6998,3.9885
9,CC DChg,277.3000000000029,-1.6998,3.9885
9,CC DChg,277.40000000000146,-1.6998,3.9884
9,CC DChg,277.5,-1.6998,3.9884
9,CC DChg,277.59999999999854,-1.6998,3.9884
9,CC DChg,277.6999999999971,-1.6998,3.9885
9,CC DChg,277.8000000000029,-1.6998,3.9885
9,CC DChg,277.90000000000146,-1.6998,3.9884
9,CC DChg,278.0,-1.6998,3.9884
9,CC DChg,278.09999999999854,-1.6998,3.9884
9,CC DChg,278.1999999999971,-1.6998,3.9884
9,CC DChg,278.3000000000029,-1.6998,3.9884
9,CC DChg,278.40000000000146,-1.6998,3.9884
9,CC DChg,278.5,-1.6998,3.9884
9,CC DChg,278.59999999999854,-1.6998,3.9884
9,CC DChg,278.6999999999971,-1.6998,3.9883
9,CC DChg,278.8000000000029,-1.6998,3.9883
9,CC DChg,278.90000000000146,-1.6998,3.9883
9,CC DChg,279.0,-1.6998,3.9883
9,CC DChg,279.09999999999854,-1.6998,3.9883
9,CC DChg,279.1999999999971,-1.6998,3.9883
9,CC DChg,279.3000000000029,-1.6998,3.9883
9,CC DChg,279.40000000000146,-1.6998,3.9883
9,CC DChg,279.5,-1.6998,3.9883
9,CC DChg,279.59999999999854,-1.6998,3.9883
9,CC DChg,279.6999999999971,-1.6998,3.9883
9,CC DChg,279.8000000000029,-1.6998,3.9883
9,CC DChg,279.90000000000146,-1.6998,3.9882
9,CC DChg,280.0,-1.6998,3.9882
9,CC DChg,280.09999999999854,-1.6998,3.9882
9,CC DChg,280.1999999999971,-1.6998,3.9882
9,CC DChg,280.3000000000029,-1.6998,3.9882
9,CC DChg,280.40000000000146,-1.6998,3.9882
9,CC DChg,280.5,-1.6998,3.9882
9,CC DChg,280.59999999999854,-1.6998,3.9882
9,CC DChg,280.6999999999971,-1.6998,3.9881
9,CC DChg,280.8000000000029,-1.6998,3.9882
9,CC DChg,280.90000000000146,-1.6998,3.9881
9,CC DChg,281.0,-1.6998,3.9881
9,CC DChg,281.09999999999854,-1.6998,3.9881
9,CC DChg,281.1999999999971,-1.6998,3.9881
9,CC DChg,281.3000000000029,-1.6998,3.9881
9,CC DChg,281.40000000000146,-1.6998,3.9881
9,CC DChg,281.5,-1.6998,3.9881
9,CC DChg,281.59999999999854,-1.6998,3.9881
9,CC DChg,281.6999999999971,-1.6998,3.9881
9,CC DChg,281.8000000000029,-1.6998,3.9881
9,CC DChg,281.90000000000146,-1.6998,3.9881
9,CC DChg,282.0,-1.6998,3.9881
9,CC DChg,282.09999999999854,-1.6998,3.988
9,CC DChg,282.1999999999971,-1.6998,3.9881
9,CC DChg,282.3000000000029,-1.6998,3.9881
9,CC DChg,282.40000000000146,-1.6998,3.988
9,CC DChg,282.5,-1.6998,3.988
9,CC DChg,282.59999999999854,-1.6998,3.988
9,CC DChg,282.6999999999971,-1.6998,3.988
9,CC DChg,282.8000000000029,-1.6998,3.988
9,CC DChg,282.90000000000146,-1.6998,3.988
9,CC DChg,283.0,-1.6998,3.988
9,CC DChg,283.09999999999854,-1.6998,3.9879
9,CC DChg,283.1999999999971,-1.6998,3.9879
9,CC DChg,283.3000000000029,-1.6998,3.9879
9,CC DChg,283.40000000000146,-1.6998,3.9879
9,CC DChg,283.5,-1.6998,3.9879
9,CC DChg,283.59999999999854,-1.6998,3.9879
9,CC DChg,283.6999999999971,-1.6998,3.9879
9,CC DChg,283.8000000000029,-1.6998,3.9879
9,CC DChg,283.90000000000146,-1.6998,3.9879
9,CC DChg,284.0,-1.6998,3.9879
9,CC DChg,284.09999999999854,-1.6998,3.9879
9,CC DChg,284.1999999999971,-1.6998,3.9879
9,CC DChg,284.3000000000029,-1.6998,3.9878
9,CC DChg,284.40000000000146,-1.6998,3.9878
9,CC DChg,284.5,-1.6998,3.9878
9,CC DChg,284.59999999999854,-1.6998,3.9878
9,CC DChg,284.6999999999971,-1.6998,3.9878
9,CC DChg,284.8000000000029,-1.6998,3.9878
9,CC DChg,284.90000000000146,-1.6998,3.9878
9,CC DChg,285.0,-1.6998,3.9878
9,CC DChg,285.09999999999854,-1.6998,3.9878
9,CC DChg,285.1999999999971,-1.6998,3.9878
9,CC DChg,285.3000000000029,-1.6998,3.9878
9,CC DChg,285.40000000000146,-1.6998,3.9878
9,CC DChg,285.5,-1.6998,3.9877
9,CC DChg,285.59999999999854,-1.6998,3.9877
9,CC DChg,285.6999999999971,-1.6998,3.9877
9,CC DChg,285.8000000000029,-1.6998,3.9877
9,CC DChg,285.90000000000146,-1.6998,3.9877
9,CC DChg,286.0,-1.6998,3.9877
9,CC DChg,286.09999999999854,-1.6998,3.9877
9,CC DChg,286.1999999999971,-1.6998,3.9877
9,CC DChg,286.3000000000029,-1.6998,3.9877
9,CC DChg,286.40000000000146,-1.6998,3.9877
9,CC DChg,286.5,-1.6998,3.9877
9,CC DChg,286.59999999999854,-1.6998,3.9877
9,CC DChg,286.6999999999971,-1.6998,3.9877
9,CC DChg,286.8000000000029,-1.6998,3.9876
9,CC DChg,286.90000000000146,-1.6998,3.9876
9,CC DChg,287.0,-1.6998,3.9876
9,CC DChg,287.09999999999854,-1.6998,3.9876
9,CC DChg,287.1999999999971,-1.6998,3.9876
9,CC DChg,287.3000000000029,-1.6998,3.9875
9,CC DChg,287.40000000000146,-1.6998,3.9875
9,CC DChg,287.5,-1.6998,3.9875
9,CC DChg,287.59999999999854,-1.6998,3.9876
9,CC DChg,287.6999999999971,-1.6998,3.9875
9,CC DChg,287.8000000000029,-1.6998,3.9875
9,CC DChg,287.90000000000146,-1.6998,3.9875
9,CC DChg,288.0,-1.6998,3.9875
9,CC DChg,288.09999999999854,-1.6998,3.9875
9,CC DChg,288.1999999999971,-1.6998,3.9875
9,CC DChg,288.3000000000029,-1.6998,3.9875
9,CC DChg,288.40000000000146,-1.6998,3.9875
9,CC DChg,288.5,-1.6998,3.9875
9,CC DChg,288.59999999999854,-1.6998,3.9875
9,CC DChg,288.6999999999971,-1.6998,3.9875
9,CC DChg,288.8000000000029,-1.6998,3.9874
9,CC DChg,288.90000000000146,-1.6998,3.9874
9,CC DChg,289.0,-1.6998,3.9874
9,CC DChg,289.09999999999854,-1.6998,3.9874
9,CC DChg,289.1999999999971,-1.6998,3.9874
9,CC DChg,289.3000000000029,-1.6998,3.9874
9,CC DChg,289.40000000000146,-1.6998,3.9874
9,CC DChg,289.5,-1.6998,3.9874
9,CC DChg,289.59999999999854,-1.6998,3.9874
9,CC DChg,289.6999999999971,-1.6998,3.9874
9,CC DChg,289.8000000000029,-1.6998,3.9874
9,CC DChg,289.90000000000146,-1.6998,3.9874
9,CC DChg,290.0,-1.6998,3.9874
9,CC DChg,290.09999999999854,-1.6998,3.9873
9,CC DChg,290.1999999999971,-1.6998,3.9873
9,CC DChg,290.3000000000029,-1.6998,3.9873
9,CC DChg,290.40000000000146,-1.6998,3.9873
9,CC DChg,290.5,-1.6998,3.9872
9,CC DChg,290.59999999999854,-1.6998,3.9872
9,CC DChg,290.6999999999971,-1.6998,3.9873
9,CC DChg,290.8000000000029,-1.6998,3.9873
9,CC DChg,290.90000000000146,-1.6998,3.9873
9,CC DChg,291.0,-1.6998,3.9873
9,CC DChg,291.09999999999854,-1.6998,3.9872
9,CC DChg,291.1999999999971,-1.6998,3.9872
9,CC DChg,291.3000000000029,-1.6998,3.9873
9,CC DChg,291.40000000000146,-1.6998,3.9873
9,CC DChg,291.5,-1.6998,3.9872
9,CC DChg,291.59999999999854,-1.6998,3.9872
9,CC DChg,291.6999999999971,-1.6998,3.9872
9,CC DChg,291.8000000000029,-1.6998,3.9872
9,CC DChg,291.90000000000146,-1.6998,3.9872
9,CC DChg,292.0,-1.6998,3.9872
9,CC DChg,292.09999999999854,-1.6998,3.9871
9,CC DChg,292.1999999999971,-1.6998,3.9871
9,CC DChg,292.3000000000029,-1.6998,3.9871
9,CC DChg,292.40000000000146,-1.6998,3.9871
9,CC DChg,292.4916666666686,-1.6998,3.9871
9,CC DChg,292.58333333333576,-1.6998,3.9871
9,CC DChg,292.6750000000029,-1.6998,3.9871
9,CC DChg,292.76666666667006,-1.6998,3.9871
9,CC DChg,292.8583333333372,-1.6998,3.9871
9,CC DChg,292.9499999999971,-1.6998,3.9871
9,CC DChg,293.04166666665697,-1.6998,3.9871
9,CC DChg,293.1333333333314,-1.6998,3.9871
9,CC DChg,293.22499999999854,-1.6998,3.987
10,Rest,293.3166666666657,0.0,4.0422
10,Rest,293.40833333333285,0.0,4.0422
10,Rest,293.507575757576,0.0,4.0424
10,Rest,293.6068181818191,0.0,4.0426
10,Rest,293.70606060606224,0.0,4.0433
10,Rest,293.80530303031264,0.0,4.0439
10,Rest,293.9045454545485,0.0,4.0444
10,Rest,294.00378787878435,0.0,4.0448
10,Rest,294.1030303030275,0.0,4.0452
10,Rest,294.2022727272706,0.0,4.0456
10,Rest,294.301515151521,0.0,4.046
10,Rest,294.40075757575687,0.0,4.0463
10,Rest,294.5006887052368,0.0,4.0466
10,Rest,294.6006198347095,0.0,4.0469
10,Rest,294.70055096418946,0.0,4.0471
10,Rest,294.80048209366214,0.0,4.0473
10,Rest,294.9004132231421,0.0,4.0476
10,Rest,295.0003443526148,0.0,4.0478
10,Rest,295.10027548209473,0.0,4.0481
10,Rest,295.2002066115674,0.0,4.0483
10,Rest,295.30013774104737,0.0,4.0485
10,Rest,295.40006887052004,0.0,4.0487
10,Rest,295.5000626095716,0.0,4.0489
10,Rest,295.60005634860863,0.0,4.0491
10,Rest,295.7000500876529,0.0,4.0492
10,Rest,295.8000438266972,0.0,4.0494
10,Rest,295.9000375657415,0.0,4.0496
10,Rest,296.00003130477853,0.0,4.0498
10,Rest,296.1000250438228,0.0,4.0499
10,Rest,296.2000187828671,0.0,4.0501
10,Rest,296.3000125219114,0.0,4.0502
10,Rest,296.400006260963,0.0,4.0504
10,Rest,296.5000056917779,0.0,4.0505
10,Rest,296.6000051226001,0.0,4.0507
10,Rest,296.70000455342233,0.0,4.0508
10,Rest,296.80000398424454,0.0,4.0509
10,Rest,296.90000341506675,0.0,4.0511
10,Rest,297.00000284588896,0.0,4.0512
10,Rest,297.10000227671117,0.0,4.0513
10,Rest,297.2000017075334,0.0,4.0514
10,Rest,297.30000113836286,0.0,4.0516
10,Rest,297.4000005691778,0.0,4.0517
10,Rest,297.500000517437,0.0,4.0518
10,Rest,297.60000046568894,0.0,4.052
10,Rest,297.70000041394815,0.0,4.0521
10,Rest,297.80000036220736,0.0,4.0522
10,Rest,297.9000003104593,0.0,4.0523
10,Rest,298.0000002587185,0.0,4.0524
10,Rest,298.10000020697044,0.0,4.0525
10,Rest,298.20000015522965,0.0,4.0526
10,Rest,298.30000010348886,0.0,4.0528
10,Rest,298.4000000517408,0.0,4.0529
10,Rest,298.50000004703907,0.0,4.053
10,Rest,298.60000004233007,0.0,4.0531
10,Rest,298.70000003762834,0.0,4.0532
10,Rest,298.8000000329266,0.0,4.0532
10,Rest,298.90000002823217,0.0,4.0533
10,Rest,299.00000002352317,0.0,4.0535
10,Rest,299.10000001881417,0.0,4.0536
10,Rest,299.20000001411245,0.0,4.0536
10,Rest,299.3000000094107,0.0,4.0538
10,Rest,299.4000000047017,0.0,4.0539
10,Rest,299.500000004271,0.0,4.054
10,Rest,299.6000000038475,0.0,4.054
10,Rest,299.7000000034168,0.0,4.0541
10,Rest,299.80000000299333,0.0,4.0541
10,Rest,299.9000000025626,0.0,4.0542
10,Rest,300.00000000213913,0.0,4.0544
10,Rest,300.1000000017084,0.0,4.0545
10,Rest,300.20000000128493,0.0,4.0546
10,Rest,300.3000000008469,0.0,4.0546
10,Rest,300.40000000043074,0.0,4.0547
10,Rest,300.5000000003929,0.0,4.0547
10,Rest,300.60000000036234,0.0,4.0549
10,Rest,300.70000000030996,0.0,4.055
10,Rest,300.8000000002721,0.0,4.055
10,Rest,300.90000000024156,0.0,4.0551
10,Rest,301.00000000019645,0.0,4.0552
10,Rest,301.1000000001586,0.0,4.0552
10,Rest,301.2000000001208,0.0,4.0553
10,Rest,301.30000000008295,0.0,4.0555
10,Rest,301.40000000003783,0.0,4.0555
10,Rest,301.5000000000364,0.0,4.0556
10,Rest,301.60000000002765,0.0,4.0556
10,Rest,301.7000000000262,0.0,4.0557
10,Rest,301.80000000002474,0.0,4.0558
10,Rest,301.9000000000233,0.0,4.0559
10,Rest,302.00000000001455,0.0,4.0559
10,Rest,302.1000000000131,0.0,4.056
10,Rest,302.20000000001164,0.0,4.0561
10,Rest,302.3000000000102,0.0,4.0562
10,Rest,302.40000000000146,0.0,4.0562
10,Rest,302.5,0.0,4.0562
10,Rest,302.59999999999854,0.0,4.0564
10,Rest,302.6999999999971,0.0,4.0564
10,Rest,302.8000000000029,0.0,4.0565
10,Rest,302.90000000000146,0.0,4.0566
10,Rest,303.0,0.0,4.0566
10,Rest,303.09999999999854,0.0,4.0567
10,Rest,303.1999999999971,0.0,4.0568
10,Rest,303.3000000000029,0.0,4.0568
10,Rest,303.40000000000146,0.0,4.0569
10,Rest,303.5,0.0,4.057
10,Rest,303.59999999999854,0.0,4.057
10,Rest,303.6999999999971,0.0,4.0571
10,Rest,303.8000000000029,0.0,4.0572
10,Rest,303.90000000000146,0.0,4.0572
10,Rest,304.0,0.0,4.0573
10,Rest,304.09999999999854,0.0,4.0573
10,Rest,304.1999999999971,0.0,4.0574
10,Rest,304.3000000000029,0.0,4.0575
10,Rest,304.40000000000146,0.0,4.0575
10,Rest,304.5,0.0,4.0576
10,Rest,304.59999999999854,0.0,4.0577
10,Rest,304.6999999999971,0.0,4.0577
10,Rest,304.8000000000029,0.0,4.0578
10,Rest,304.90000000000146,0.0,4.0579
10,Rest,305.0,0.0,4.0579
10,Rest,305.09999999999854,0.0,4.058
10,Rest,305.1999999999971,0.0,4.058
10,Rest,305.3000000000029,0.0,4.0581
10,Rest,305.40000000000146,0.0,4.0581
10,Rest,305.5,0.0,4.0582
10,Rest,305.59999999999854,0.0,4.0583
10,Rest,305.6999999999971,0.0,4.0583
10,Rest,305.8000000000029,0.0,4.0583
10,Rest,305.90000000000146,0.0,4.0584
10,Rest,306.0,0.0,4.0585
10,Rest,306.09999999999854,0.0,4.0585
10,Rest,306.1999999999971,0.0,4.0586
10,Rest,306.3000000000029,0.0,4.0586
10,Rest,306.40000000000146,0.0,4.0587
10,Rest,306.5,0.0,4.0587
10,Rest,306.59999999999854,0.0,4.0588
10,Rest,306.6999999999971,0.0,4.0589
10,Rest,306.8000000000029,0.0,4.0589
10,Rest,306.90000000000146,0.0,4.059
10,Rest,307.0,0.0,4.059
10,Rest,307.09999999999854,0.0,4.0591
10,Rest,307.1999999999971,0.0,4.0591
10,Rest,307.3000000000029,0.0,4.0592
10,Rest,307.40000000000146,0.0,4.0592
10,Rest,307.5,0.0,4.0593
10,Rest,307.59999999999854,0.0,4.0593
10,Rest,307.6999999999971,0.0,4.0594
10,Rest,307.8000000000029,0.0,4.0594
10,Rest,307.90000000000146,0.0,4.0595
10,Rest,308.0,0.0,4.0596
10,Rest,308.09999999999854,0.0,4.0596
10,Rest,308.1999999999971,0.0,4.0596
10,Rest,308.3000000000029,0.0,4.0597
10,Rest,308.40000000000146,0.0,4.0597
10,Rest,308.5,0.0,4.0597
10,Rest,308.59999999999854,0.0,4.0598
10,Rest,308.6999999999971,0.0,4.0599
10,Rest,308.8000000000029,0.0,4.0599
10,Rest,308.90000000000146,0.0,4.06
10,Rest,309.0,0.0,4.06
10,Rest,309.09999999999854,0.0,4.0601
10,Rest,309.1999999999971,0.0,4.0601
10,Rest,309.3000000000029,0.0,4.0602
10,Rest,309.40000000000146,0.0,4.0603
10,Rest,309.5,0.0,4.0603
10,Rest,309.59999999999854,0.0,4.0604
10,Rest,309.6999999999971,0.0,4.0604
10,Rest,309.8000000000029,0.0,4.0604
10,Rest,309.90000000000146,0.0,4.0604
10,Rest,310.0,0.0,4.0605
10,Rest,310.09999999999854,0.0,4.0606
10,Rest,310.1999999999971,0.0,4.0606
10,Rest,310.3000000000029,0.0,4.0606
10,Rest,310.40000000000146,0.0,4.0607
10,Rest,310.5,0.0,4.0607
10,Rest,310.59999999999854,0.0,4.0608
10,Rest,310.6999999999971,0.0,4.0608
10,Rest,310.8000000000029,0.0,4.0609
10,Rest,310.90000000000146,0.0,4.0609
10,Rest,311.0,0.0,4.0609
10,Rest,311.09999999999854,0.0,4.061
10,Rest,311.1999999999971,0.0,4.0611
10,Rest,311.3000000000029,0.0,4.0611
10,Rest,311.40000000000146,0.0,4.0612
10,Rest,311.5,0.0,4.0612
10,Rest,311.59999999999854,0.0,4.0612
10,Rest,311.6999999999971,0.0,4.0613
10,Rest,311.8000000000029,0.0,4.0613
10,Rest,311.90000000000146,0.0,4.0614
10,Rest,312.0,0.0,4.0614
10,Rest,312.09999999999854,0.0,4.0614
10,Rest,312.1999999999971,0.0,4.0615
10,Rest,312.3000000000029,0.0,4.0616
10,Rest,312.40000000000146,0.0,4.0616
10,Rest,312.5,0.0,4.0616
10,Rest,312.59999999999854,0.0,4.0616
10,Rest,312.6999999999971,0.0,4.0617
10,Rest,312.8000000000029,0.0,4.0617
10,Rest,312.90000000000146,0.0,4.0618
10,Rest,313.0,0.0,4.0619
10,Rest,313.09999999999854,0.0,4.0619
10,Rest,313.1999999999971,0.0,4.0619
10,Rest,313.3000000000029,0.0,4.0619
10,Rest,313.40000000000146,0.0,4.062
10,Rest,313.5,0.0,4.062
10,Rest,313.59999999999854,0.0,4.0621
10,Rest,313.6999999999971,0.0,4.0621
10,Rest,313.8000000000029,0.0,4.0622
10,Rest,313.90000000000146,0.0,4.0622
10,Rest,314.0,0.0,4.0622
10,Rest,314.09999999999854,0.0,4.0623
10,Rest,314.1999999999971,0.0,4.0623
10,Rest,314.3000000000029,0.0,4.0623
10,Rest,314.40000000000146,0.0,4.0623
10,Rest,314.5,0.0,4.0624
10,Rest,314.59999999999854,0.0,4.0625
10,Rest,314.6999999999971,0.0,4.0625
10,Rest,314.8000000000029,0.0,4.0625
10,Rest,314.90000000000146,0.0,4.0625
10,Rest,315.0,0.0,4.0626
10,Rest,315.09999999999854,0.0,4.0626
10,Rest,315.1999999999971,0.0,4.0627
10,Rest,315.3000000000029,0.0,4.0627
10,Rest,315.40000000000146,0.0,4.0627
10,Rest,315.5,0.0,4.0628
10,Rest,315.59999999999854,0.0,4.0628
10,Rest,315.6999999999971,0.0,4.0628
10,Rest,315.8000000000029,0.0,4.0629
10,Rest,315.90000000000146,0.0,4.0629
10,Rest,316.0,0.0,4.0629
10,Rest,316.09999999999854,0.0,4.063
10,Rest,316.1999999999971,0.0,4.063
10,Rest,316.3000000000029,0.0,4.063
10,Rest,316.40000000000146,0.0,4.0631
10,Rest,316.5,0.0,4.0631
10,Rest,316.59999999999854,0.0,4.0632
10,Rest,316.6999999999971,0.0,4.0632
10,Rest,316.8000000000029,0.0,4.0633
10,Rest,316.90000000000146,0.0,4.0633
10,Rest,317.0,0.0,4.0633
10,Rest,317.09999999999854,0.0,4.0634
10,Rest,317.1999999999971,0.0,4.0634
10,Rest,317.3000000000029,0.0,4.0634
10,Rest,317.40000000000146,0.0,4.0634
10,Rest,317.5,0.0,4.0635
10,Rest,317.59999999999854,0.0,4.0635
10,Rest,317.6999999999971,0.0,4.0636
10,Rest,317.8000000000029,0.0,4.0636
10,Rest,317.90000000000146,0.0,4.0636
10,Rest,318.0,0.0,4.0636
10,Rest,318.09999999999854,0.0,4.0637
10,Rest,318.1999999999971,0.0,4.0637
10,Rest,318.3000000000029,0.0,4.0638
10,Rest,318.40000000000146,0.0,4.0638
10,Rest,318.5,0.0,4.0638
10,Rest,318.59999999999854,0.0,4.0639
10,Rest,318.6999999999971,0.0,4.0639
10,Rest,318.8000000000029,0.0,4.0639
10,Rest,318.90000000000146,0.0,4.064
10,Rest,319.0,0.0,4.064
10,Rest,319.09999999999854,0.0,4.064
10,Rest,319.1999999999971,0.0,4.064
10,Rest,319.3000000000029,0.0,4.0641
10,Rest,319.40000000000146,0.0,4.0641
10,Rest,319.5,0.0,4.0641
10,Rest,319.59999999999854,0.0,4.0642
10,Rest,319.6999999999971,0.0,4.0642
10,Rest,319.8000000000029,0.0,4.0642
10,Rest,319.90000000000146,0.0,4.0642
10,Rest,320.0,0.0,4.0643
10,Rest,320.09999999999854,0.0,4.0643
10,Rest,320.1999999999971,0.0,4.0644
10,Rest,320.3000000000029,0.0,4.0644
10,Rest,320.40000000000146,0.0,4.0644
10,Rest,320.5,0.0,4.0644
10,Rest,320.59999999999854,0.0,4.0645
10,Rest,320.6999999999971,0.0,4.0645
10,Rest,320.8000000000029,0.0,4.0645
10,Rest,320.90000000000146,0.0,4.0646
10,Rest,321.0,0.0,4.0646
10,Rest,321.09999999999854,0.0,4.0646
10,Rest,321.1999999999971,0.0,4.0646
10,Rest,321.3000000000029,0.0,4.0647
10,Rest,321.40000000000146,0.0,4.0647
10,Rest,321.5,0.0,4.0647
10,Rest,321.59999999999854,0.0,4.0647
10,Rest,321.6999999999971,0.0,4.0648
10,Rest,321.8000000000029,0.0,4.0648
10,Rest,321.90000000000146,0.0,4.0649
10,Rest,322.0,0.0,4.0649
10,Rest,322.09999999999854,0.0,4.0649
10,Rest,322.1999999999971,0.0,4.0649
10,Rest,322.3000000000029,0.0,4.065
10,Rest,322.40000000000146,0.0,4.065
10,Rest,322.5,0.0,4.065
10,Rest,322.59999999999854,0.0,4.0651
10,Rest,322.6999999999971,0.0,4.0652
10,Rest,322.8000000000029,0.0,4.0652
10,Rest,322.90000000000146,0.0,4.0652
10,Rest,323.0,0.0,4.0652
10,Rest,323.09999999999854,0.0,4.0652
10,Rest,323.1999999999971,0.0,4.0652
10,Rest,323.3000000000029,0.0,4.0653
10,Rest,323.40000000000146,0.0,4.0653
10,Rest,323.5,0.0,4.0653
10,Rest,323.59999999999854,0.0,4.0653
10,Rest,323.6999999999971,0.0,4.0654
10,Rest,323.8000000000029,0.0,4.0654
10,Rest,323.90000000000146,0.0,4.0654
10,Rest,324.0,0.0,4.0654
10,Rest,324.09999999999854,0.0,4.0655
10,Rest,324.1999999999971,0.0,4.0655
10,Rest,324.3000000000029,0.0,4.0655
10,Rest,324.40000000000146,0.0,4.0656
10,Rest,324.5,0.0,4.0656
10,Rest,324.59999999999854,0.0,4.0656
10,Rest,324.6999999999971,0.0,4.0657
10,Rest,324.8000000000029,0.0,4.0657
10,Rest,324.90000000000146,0.0,4.0657
10,Rest,325.0,0.0,4.0658
10,Rest,325.09999999999854,0.0,4.0658
10,Rest,325.1999999999971,0.0,4.0658
10,Rest,325.3000000000029,0.0,4.0659
10,Rest,325.40000000000146,0.0,4.0659
10,Rest,325.5,0.0,4.0659
10,Rest,325.59999999999854,0.0,4.0659
10,Rest,325.6999999999971,0.0,4.0659
10,Rest,325.8000000000029,0.0,4.0659
10,Rest,325.90000000000146,0.0,4.066
10,Rest,326.0,0.0,4.066
10,Rest,326.09999999999854,0.0,4.0661
10,Rest,326.1999999999971,0.0,4.066
10,Rest,326.3000000000029,0.0,4.066
10,Rest,326.40000000000146,0.0,4.0661
10,Rest,326.5,0.0,4.0661
10,Rest,326.59999999999854,0.0,4.0661
10,Rest,326.6999999999971,0.0,4.0662
10,Rest,326.8000000000029,0.0,4.0662
10,Rest,326.90000000000146,0.0,4.0662
10,Rest,327.0,0.0,4.0662
10,Rest,327.09999999999854,0.0,4.0663
10,Rest,327.1999999999971,0.0,4.0663
10,Rest,327.3000000000029,0.0,4.0663
10,Rest,327.40000000000146,0.0,4.0663
10,Rest,327.5,0.0,4.0663
10,Rest,327.59999999999854,0.0,4.0664
10,Rest,327.6999999999971,0.0,4.0664
10,Rest,327.8000000000029,0.0,4.0664
10,Rest,327.90000000000146,0.0,4.0665
10,Rest,328.0,0.0,4.0665
10,Rest,328.09999999999854,0.0,4.0665
10,Rest,328.1999999999971,0.0,4.0665
10,Rest,328.3000000000029,0.0,4.0666
10,Rest,328.40000000000146,0.0,4.0665
10,Rest,328.5,0.0,4.0666
10,Rest,328.59999999999854,0.0,4.0666
10,Rest,328.6999999999971,0.0,4.0666
10,Rest,328.8000000000029,0.0,4.0667
10,Rest,328.90000000000146,0.0,4.0667
10,Rest,329.0,0.0,4.0668
10,Rest,329.09999999999854,0.0,4.0668
10,Rest,329.1999999999971,0.0,4.0668
10,Rest,329.3000000000029,0.0,4.0668
10,Rest,329.40000000000146,0.0,4.0669
10,Rest,329.5,0.0,4.0669
10,Rest,329.59999999999854,0.0,4.0669
10,Rest,329.6999999999971,0.0,4.0669
10,Rest,329.8000000000029,0.0,4.0669
10,Rest,329.90000000000146,0.0,4.067
10,Rest,330.0,0.0,4.067
10,Rest,330.09999999999854,0.0,4.067
10,Rest,330.1999999999971,0.0,4.067
10,Rest,330.3000000000029,0.0,4.067
10,Rest,330.40000000000146,0.0,4.0671
10,Rest,330.5,0.0,4.0671
10,Rest,330.59999999999854,0.0,4.0671
10,Rest,330.6999999999971,0.0,4.0671
10,Rest,330.8000000000029,0.0,4.0672
10,Rest,330.90000000000146,0.0,4.0672
10,Rest,331.0,0.0,4.0672
10,Rest,331.09999999999854,0.0,4.0672
10,Rest,331.1999999999971,0.0,4.0673
10,Rest,331.3000000000029,0.0,4.0673
10,Rest,331.40000000000146,0.0,4.0673
10,Rest,331.5,0.0,4.0673
10,Rest,331.59999999999854,0.0,4.0673
10,Rest,331.6999999999971,0.0,4.0674
10,Rest,331.8000000000029,0.0,4.0674
10,Rest,331.90000000000146,0.0,4.0674
10,Rest,332.0,0.0,4.0674
10,Rest,332.09999999999854,0.0,4.0675
10,Rest,332.1999999999971,0.0,4.0675
10,Rest,332.3000000000029,0.0,4.0674
10,Rest,332.40000000000146,0.0,4.0675
10,Rest,332.5,0.0,4.0675
10,Rest,332.59999999999854,0.0,4.0675
10,Rest,332.6999999999971,0.0,4.0675
10,Rest,332.8000000000029,0.0,4.0676
10,Rest,332.90000000000146,0.0,4.0676
10,Rest,333.0,0.0,4.0676
10,Rest,333.09999999999854,0.0,4.0676
10,Rest,333.1999999999971,0.0,4.0676
10,Rest,333.3000000000029,0.0,4.0677
10,Rest,333.40000000000146,0.0,4.0677
10,Rest,333.5,0.0,4.0677
10,Rest,333.59999999999854,0.0,4.0678
10,Rest,333.6999999999971,0.0,4.0678
10,Rest,333.8000000000029,0.0,4.0678
10,Rest,333.90000000000146,0.0,4.0678
10,Rest,334.0,0.0,4.0678
10,Rest,334.09999999999854,0.0,4.0678
10,Rest,334.1999999999971,0.0,4.0679
10,Rest,334.3000000000029,0.0,4.0679
10,Rest,334.40000000000146,0.0,4.0679
10,Rest,334.5,0.0,4.0679
10,Rest,334.59999999999854,0.0,4.068
10,Rest,334.6999999999971,0.0,4.068
10,Rest,334.8000000000029,0.0,4.068
10,Rest,334.90000000000146,0.0,4.068
10,Rest,335.0,0.0,4.068
10,Rest,335.09999999999854,0.0,4.068
10,Rest,335.1999999999971,0.0,4.0681
10,Rest,335.3000000000029,0.0,4.0681
10,Rest,335.40000000000146,0.0,4.0682
10,Rest,335.5,0.0,4.0681
10,Rest,335.59999999999854,0.0,4.0682
10,Rest,335.6999999999971,0.0,4.0682
10,Rest,335.8000000000029,0.0,4.0682
10,Rest,335.90000000000146,0.0,4.0682
10,Rest,336.0,0.0,4.0682
10,Rest,336.09999999999854,0.0,4.0682
10,Rest,336.1999999999971,0.0,4.0683
10,Rest,336.3000000000029,0.0,4.0683
10,Rest,336.40000000000146,0.0,4.0683
10,Rest,336.5,0.0,4.0683
10,Rest,336.59999999999854,0.0,4.0684
10,Rest,336.6999999999971,0.0,4.0684
10,Rest,336.8000000000029,0.0,4.0684
10,Rest,336.90000000000146,0.0,4.0684
10,Rest,337.0,0.0,4.0684
10,Rest,337.09999999999854,0.0,4.0684
10,Rest,337.1999999999971,0.0,4.0684
10,Rest,337.3000000000029,0.0,4.0685
10,Rest,337.40000000000146,0.0,4.0685
10,Rest,337.5,0.0,4.0685
10,Rest,337.59999999999854,0.0,4.0685
10,Rest,337.6999999999971,0.0,4.0685
10,Rest,337.8000000000029,0.0,4.0686
10,Rest,337.90000000000146,0.0,4.0686
10,Rest,338.0,0.0,4.0686
10,Rest,338.09999999999854,0.0,4.0686
10,Rest,338.1999999999971,0.0,4.0687
10,Rest,338.3000000000029,0.0,4.0687
10,Rest,338.40000000000146,0.0,4.0687
10,Rest,338.5,0.0,4.0687
10,Rest,338.59999999999854,0.0,4.0687
10,Rest,338.6999999999971,0.0,4.0688
10,Rest,338.8000000000029,0.0,4.0688
10,Rest,338.90000000000146,0.0,4.0688
10,Rest,339.0,0.0,4.0688
10,Rest,339.09999999999854,0.0,4.0688
10,Rest,339.1999999999971,0.0,4.0688
10,Rest,339.3000000000029,0.0,4.0688
10,Rest,339.40000000000146,0.0,4.0689
10,Rest,339.5,0.0,4.0689
10,Rest,339.59999999999854,0.0,4.0689
10,Rest,339.6999999999971,0.0,4.0689
10,Rest,339.8000000000029,0.0,4.0689
10,Rest,339.90000000000146,0.0,4.0689
10,Rest,340.0,0.0,4.0689
10,Rest,340.09999999999854,0.0,4.0689
10,Rest,340.1999999999971,0.0,4.069
10,Rest,340.3000000000029,0.0,4.069
10,Rest,340.40000000000146,0.0,4.069
10,Rest,340.5,0.0,4.069
10,Rest,340.59999999999854,0.0,4.069
10,Rest,340.6999999999971,0.0,4.0691
10,Rest,340.8000000000029,0.0,4.0691
10,Rest,340.90000000000146,0.0,4.0691
10,Rest,341.0,0.0,4.0691
10,Rest,341.09999999999854,0.0,4.0691
10,Rest,341.1999999999971,0.0,4.0691
10,Rest,341.3000000000029,0.0,4.0691
10,Rest,341.40000000000146,0.0,4.0692
10,Rest,341.5,0.0,4.0692
10,Rest,341.59999999999854,0.0,4.0692
10,Rest,341.6999999999971,0.0,4.0692
10,Rest,341.8000000000029,0.0,4.0693
10,Rest,341.90000000000146,0.0,4.0693
10,Rest,342.0,0.0,4.0692
10,Rest,342.09999999999854,0.0,4.0693
10,Rest,342.1999999999971,0.0,4.0693
10,Rest,342.3000000000029,0.0,4.0693
10,Rest,342.40000000000146,0.0,4.0694
10,Rest,342.5,0.0,4.0694
10,Rest,342.59999999999854,0.0,4.0694
10,Rest,342.6999999999971,0.0,4.0694
10,Rest,342.8000000000029,0.0,4.0694
10,Rest,342.90000000000146,0.0,4.0694
10,Rest,343.0,0.0,4.0694
10,Rest,343.09999999999854,0.0,4.0694
10,Rest,343.1999999999971,0.0,4.0695
10,Rest,343.3000000000029,0.0,4.0695
10,Rest,343.40000000000146,0.0,4.0695
10,Rest,343.5,0.0,4.0695
10,Rest,343.59999999999854,0.0,4.0695
10,Rest,343.6999999999971,0.0,4.0696
10,Rest,343.8000000000029,0.0,4.0696
10,Rest,343.90000000000146,0.0,4.0696
10,Rest,344.0,0.0,4.0696
10,Rest,344.09999999999854,0.0,4.0696
10,Rest,344.1999999999971,0.0,4.0696
10,Rest,344.3000000000029,0.0,4.0697
10,Rest,344.40000000000146,0.0,4.0697
10,Rest,344.5,0.0,4.0697
10,Rest,344.59999999999854,0.0,4.0697
10,Rest,344.6999999999971,0.0,4.0697
10,Rest,344.8000000000029,0.0,4.0697
10,Rest,344.90000000000146,0.0,4.0698
10,Rest,345.0,0.0,4.0698
10,Rest,345.09999999999854,0.0,4.0698
10,Rest,345.1999999999971,0.0,4.0698
10,Rest,345.3000000000029,0.0,4.0698
10,Rest,345.40000000000146,0.0,4.0698
10,Rest,345.5,0.0,4.0698
10,Rest,345.59999999999854,0.0,4.0699
10,Rest,345.6999999999971,0.0,4.0699
10,Rest,345.8000000000029,0.0,4.0699
10,Rest,345.90000000000146,0.0,4.0699
10,Rest,346.0,0.0,4.0699
10,Rest,346.09999999999854,0.0,4.0699
10,Rest,346.1999999999971,0.0,4.0699
10,Rest,346.3000000000029,0.0,4.07
10,Rest,346.40000000000146,0.0,4.07
10,Rest,346.5,0.0,4.07
10,Rest,346.59999999999854,0.0,4.07
10,Rest,346.6999999999971,0.0,4.07
10,Rest,346.8000000000029,0.0,4.0701
10,Rest,346.90000000000146,0.0,4.0701
10,Rest,347.0,0.0,4.0701
10,Rest,347.09999999999854,0.0,4.0701
10,Rest,347.1999999999971,0.0,4.0701
10,Rest,347.3000000000029,0.0,4.0701
10,Rest,347.40000000000146,0.0,4.0702
10,Rest,347.5,0.0,4.0702
10,Rest,347.59999999999854,0.0,4.0702
10,Rest,347.6999999999971,0.0,4.0702
10,Rest,347.8000000000029,0.0,4.0702
10,Rest,347.90000000000146,0.0,4.0702
10,Rest,348.0,0.0,4.0702
10,Rest,348.09999999999854,0.0,4.0702
10,Rest,348.1999999999971,0.0,4.0703
10,Rest,348.3000000000029,0.0,4.0702
10,Rest,348.40000000000146,0.0,4.0703
10,Rest,348.5,0.0,4.0703
10,Rest,348.59999999999854,0.0,4.0703
10,Rest,348.6999999999971,0.0,4.0703
10,Rest,348.8000000000029,0.0,4.0703
10,Rest,348.90000000000146,0.0,4.0703
10,Rest,349.0,0.0,4.0703
10,Rest,349.09999999999854,0.0,4.0704
10,Rest,349.1999999999971,0.0,4.0704
10,Rest,349.3000000000029,0.0,4.0704
10,Rest,349.40000000000146,0.0,4.0705
10,Rest,349.5,0.0,4.0704
10,Rest,349.59999999999854,0.0,4.0704
10,Rest,349.6999999999971,0.0,4.0704
10,Rest,349.8000000000029,0.0,4.0705
10,Rest,349.90000000000146,0.0,4.0705
10,Rest,350.0,0.0,4.0705
10,Rest,350.09999999999854,0.0,4.0706
10,Rest,350.1999999999971,0.0,4.0705
10,Rest,350.3000000000029,0.0,4.0705
10,Rest,350.40000000000146,0.0,4.0705
10,Rest,350.5,0.0,4.0706
10,Rest,350.59999999999854,0.0,4.0706
10,Rest,350.6999999999971,0.0,4.0706
10,Rest,350.8000000000029,0.0,4.0706
10,Rest,350.90000000000146,0.0,4.0706
10,Rest,351.0,0.0,4.0706
10,Rest,351.09999999999854,0.0,4.0706
10,Rest,351.1999999999971,0.0,4.0707
10,Rest,351.3000000000029,0.0,4.0707
10,Rest,351.40000000000146,0.0,4.0707
10,Rest,351.5,0.0,4.0707
10,Rest,351.59999999999854,0.0,4.0707
10,Rest,351.6999999999971,0.0,4.0707
10,Rest,351.8000000000029,0.0,4.0707
10,Rest,351.90000000000146,0.0,4.0707
10,Rest,352.0,0.0,4.0707
10,Rest,352.09999999999854,0.0,4.0707
10,Rest,352.1999999999971,0.0,4.0707
10,Rest,352.3000000000029,0.0,4.0708
10,Rest,352.40000000000146,0.0,4.0708
10,Rest,352.5,0.0,4.0708
10,Rest,352.59999999999854,0.0,4.0708
10,Rest,352.6999999999971,0.0,4.0708
10,Rest,352.8000000000029,0.0,4.0708
10,Rest,352.90000000000146,0.0,4.0709
10,Rest,353.0,0.0,4.0709
10,Rest,353.09999999999854,0.0,4.0709
10,Rest,353.1999999999971,0.0,4.0708
10,Rest,353.3000000000029,0.0,4.0709
10,Rest,353.40000000000146,0.0,4.0709
10,Rest,353.5,0.0,4.0709
10,Rest,353.59999999999854,0.0,4.0709
10,Rest,353.6999999999971,0.0,4.071
10,Rest,353.8000000000029,0.0,4.071
10,Rest,353.90000000000146,0.0,4.071
10,Rest,354.0,0.0,4.0709
10,Rest,354.09999999999854,0.0,4.071
10,Rest,354.1999999999971,0.0,4.071
10,Rest,354.3000000000029,0.0,4.071
10,Rest,354.40000000000146,0.0,4.071
10,Rest,354.5,0.0,4.071
10,Rest,354.59999999999854,0.0,4.0711
10,Rest,354.6999999999971,0.0,4.0711
10,Rest,354.8000000000029,0.0,4.0711
10,Rest,354.90000000000146,0.0,4.0711
10,Rest,355.0,0.0,4.0711
10,Rest,355.09999999999854,0.0,4.0711
10,Rest,355.1999999999971,0.0,4.0712
10,Rest,355.3000000000029,0.0,4.0712
10,Rest,355.40000000000146,0.0,4.0712
10,Rest,355.5,0.0,4.0712
10,Rest,355.59999999999854,0.0,4.0712
10,Rest,355.6999999999971,0.0,4.0712
10,Rest,355.8000000000029,0.0,4.0711
10,Rest,355.90000000000146,0.0,4.0712
10,Rest,356.0,0.0,4.0712
10,Rest,356.09999999999854,0.0,4.0712
10,Rest,356.1999999999971,0.0,4.0713
10,Rest,356.3000000000029,0.0,4.0713
10,Rest,356.40000000000146,0.0,4.0712
10,Rest,356.5,0.0,4.0712
10,Rest,356.59999999999854,0.0,4.0713
10,Rest,356.6999999999971,0.0,4.0713
10,Rest,356.8000000000029,0.0,4.0713
10,Rest,356.90000000000146,0.0,4.0713
10,Rest,357.0,0.0,4.0713
10,Rest,357.09999999999854,0.0,4.0713
10,Rest,357.1999999999971,0.0,4.0713
10,Rest,357.3000000000029,0.0,4.0714
10,Rest,357.40000000000146,0.0,4.0714
10,Rest,357.5,0.0,4.0714
10,Rest,357.59999999999854,0.0,4.0714
10,Rest,357.6999999999971,0.0,4.0714
10,Rest,357.8000000000029,0.0,4.0714
10,Rest,357.90000000000146,0.0,4.0714
10,Rest,358.0,0.0,4.0714
10,Rest,358.09999999999854,0.0,4.0714
10,Rest,358.1999999999971,0.0,4.0714
10,Rest,358.3000000000029,0.0,4.0714
10,Rest,358.40000000000146,0.0,4.0714
10,Rest,358.5,0.0,4.0714
10,Rest,358.59999999999854,0.0,4.0715
10,Rest,358.6999999999971,0.0,4.0715
10,Rest,358.8000000000029,0.0,4.0715
10,Rest,358.90000000000146,0.0,4.0715
10,Rest,359.0,0.0,4.0715
10,Rest,359.09999999999854,0.0,4.0715
10,Rest,359.1999999999971,0.0,4.0715
10,Rest,359.3000000000029,0.0,4.0715
10,Rest,359.40000000000146,0.0,4.0716
10,Rest,359.5,0.0,4.0716
10,Rest,359.59999999999854,0.0,4.0716
10,Rest,359.6999999999971,0.0,4.0716
10,Rest,359.8000000000029,0.0,4.0716
10,Rest,359.90000000000146,0.0,4.0716
10,Rest,360.0,0.0,4.0716
10,Rest,360.09999999999854,0.0,4.0716
10,Rest,360.1999999999971,0.0,4.0716
10,Rest,360.3000000000029,0.0,4.0716
10,Rest,360.40000000000146,0.0,4.0716
10,Rest,360.5,0.0,4.0716
10,Rest,360.59999999999854,0.0,4.0717
10,Rest,360.6999999999971,0.0,4.0717
10,Rest,360.8000000000029,0.0,4.0717
10,Rest,360.90000000000146,0.0,4.0717
10,Rest,361.0,0.0,4.0717
10,Rest,361.09999999999854,0.0,4.0717
10,Rest,361.1999999999971,0.0,4.0717
10,Rest,361.3000000000029,0.0,4.0718
10,Rest,361.40000000000146,0.0,4.0718
10,Rest,361.5,0.0,4.0718
10,Rest,361.59999999999854,0.0,4.0718
10,Rest,361.6999999999971,0.0,4.0718
10,Rest,361.8000000000029,0.0,4.0718
10,Rest,361.90000000000146,0.0,4.0718
10,Rest,362.0,0.0,4.0718
10,Rest,362.09999999999854,0.0,4.0718
10,Rest,362.1999999999971,0.0,4.0718
10,Rest,362.3000000000029,0.0,4.0718
10,Rest,362.40000000000146,0.0,4.0718
10,Rest,362.5,0.0,4.0718
10,Rest,362.59999999999854,0.0,4.0718
10,Rest,362.6999999999971,0.0,4.0719
10,Rest,362.8000000000029,0.0,4.0719
10,Rest,362.90000000000146,0.0,4.0719
10,Rest,363.0,0.0,4.0719
10,Rest,363.09999999999854,0.0,4.0719
10,Rest,363.1999999999971,0.0,4.0719
10,Rest,363.3000000000029,0.0,4.072
10,Rest,363.40000000000146,0.0,4.072
10,Rest,363.5,0.0,4.072
10,Rest,363.59999999999854,0.0,4.0719
10,Rest,363.6999999999971,0.0,4.0719
10,Rest,363.8000000000029,0.0,4.0719
10,Rest,363.90000000000146,0.0,4.072
10,Rest,364.0,0.0,4.072
10,Rest,364.09999999999854,0.0,4.072
10,Rest,364.1999999999971,0.0,4.072
10,Rest,364.3000000000029,0.0,4.072
10,Rest,364.40000000000146,0.0,4.072
10,Rest,364.5,0.0,4.0721
10,Rest,364.59999999999854,0.0,4.0721
10,Rest,364.6999999999971,0.0,4.0721
10,Rest,364.8000000000029,0.0,4.0721
10,Rest,364.90000000000146,0.0,4.0721
10,Rest,365.0,0.0,4.0721
10,Rest,365.09999999999854,0.0,4.0721
10,Rest,365.1999999999971,0.0,4.0721
10,Rest,365.3000000000029,0.0,4.0722
10,Rest,365.40000000000146,0.0,4.0722
10,Rest,365.5,0.0,4.0722
10,Rest,365.59999999999854,0.0,4.0722
10,Rest,365.6999999999971,0.0,4.0721
10,Rest,365.8000000000029,0.0,4.0721
10,Rest,365.90000000000146,0.0,4.0722
10,Rest,366.0,0.0,4.0722
10,Rest,366.09999999999854,0.0,4.0722
10,Rest,366.1999999999971,0.0,4.0722
10,Rest,366.3000000000029,0.0,4.0722
10,Rest,366.40000000000146,0.0,4.0723
10,Rest,366.5,0.0,4.0723
10,Rest,366.59999999999854,0.0,4.0723
10,Rest,366.6999999999971,0.0,4.0723
10,Rest,366.8000000000029,0.0,4.0723
10,Rest,366.90000000000146,0.0,4.0723
10,Rest,367.0,0.0,4.0723
10,Rest,367.09999999999854,0.0,4.0723
10,Rest,367.1999999999971,0.0,4.0723
10,Rest,367.3000000000029,0.0,4.0723
10,Rest,367.40000000000146,0.0,4.0723
10,Rest,367.5,0.0,4.0724
10,Rest,367.59999999999854,0.0,4.0723
10,Rest,367.6999999999971,0.0,4.0724
10,Rest,367.8000000000029,0.0,4.0724
10,Rest,367.90000000000146,0.0,4.0724
10,Rest,368.0,0.0,4.0724
10,Rest,368.09999999999854,0.0,4.0724
10,Rest,368.1999999999971,0.0,4.0724
10,Rest,368.3000000000029,0.0,4.0724
10,Rest,368.40000000000146,0.0,4.0724
10,Rest,368.5,0.0,4.0724
10,Rest,368.59999999999854,0.0,4.0724
10,Rest,368.6999999999971,0.0,4.0724
10,Rest,368.8000000000029,0.0,4.0725
10,Rest,368.90000000000146,0.0,4.0725
10,Rest,369.0,0.0,4.0725
10,Rest,369.09999999999854,0.0,4.0725
10,Rest,369.1999999999971,0.0,4.0725
10,Rest,369.3000000000029,0.0,4.0725
10,Rest,369.40000000000146,0.0,4.0725
10,Rest,369.5,0.0,4.0725
10,Rest,369.59999999999854,0.0,4.0725
10,Rest,369.6999999999971,0.0,4.0725
10,Rest,369.8000000000029,0.0,4.0725
10,Rest,369.90000000000146,0.0,4.0725
10,Rest,370.0,0.0,4.0725
10,Rest,370.09999999999854,0.0,4.0725
10,Rest,370.1999999999971,0.0,4.0726
10,Rest,370.3000000000029,0.0,4.0726
10,Rest,370.40000000000146,0.0,4.0726
10,Rest,370.5,0.0,4.0726
10,Rest,370.59999999999854,0.0,4.0726
10,Rest,370.6999999999971,0.0,4.0726
10,Rest,370.8000000000029,0.0,4.0727
10,Rest,370.90000000000146,0.0,4.0727
10,Rest,371.0,0.0,4.0727
10,Rest,371.09999999999854,0.0,4.0727
10,Rest,371.1999999999971,0.0,4.0727
10,Rest,371.3000000000029,0.0,4.0726
10,Rest,371.40000000000146,0.0,4.0726
10,Rest,371.5,0.0,4.0727
10,Rest,371.59999999999854,0.0,4.0727
10,Rest,371.6999999999971,0.0,4.0727
10,Rest,371.8000000000029,0.0,4.0727
10,Rest,371.90000000000146,0.0,4.0727
10,Rest,372.0,0.0,4.0727
10,Rest,372.09999999999854,0.0,4.0727
10,Rest,372.1999999999971,0.0,4.0728
10,Rest,372.3000000000029,0.0,4.0727
10,Rest,372.40000000000146,0.0,4.0727
10,Rest,372.5,0.0,4.0727
10,Rest,372.59999999999854,0.0,4.0727
10,Rest,372.6999999999971,0.0,4.0727
10,Rest,372.8000000000029,0.0,4.0728
10,Rest,372.90000000000146,0.0,4.0728
10,Rest,373.0,0.0,4.0727
10,Rest,373.09999999999854,0.0,4.0728
10,Rest,373.1999999999971,0.0,4.0728
10,Rest,373.3000000000029,0.0,4.0728
10,Rest,373.40000000000146,0.0,4.0729
10,Rest,373.5,0.0,4.0728
10,Rest,373.59999999999854,0.0,4.0728
10,Rest,373.6999999999971,0.0,4.0728
10,Rest,373.8000000000029,0.0,4.0728
10,Rest,373.90000000000146,0.0,4.0728
10,Rest,374.0,0.0,4.0728
10,Rest,374.09999999999854,0.0,4.0729
10,Rest,374.1999999999971,0.0,4.0729
10,Rest,374.3000000000029,0.0,4.0729
10,Rest,374.40000000000146,0.0,4.0729
10,Rest,374.5,0.0,4.0729
10,Rest,374.59999999999854,0.0,4.0729
10,Rest,374.6999999999971,0.0,4.0729
10,Rest,374.8000000000029,0.0,4.0729
10,Rest,374.90000000000146,0.0,4.0729
10,Rest,375.0,0.0,4.0729
10,Rest,375.09999999999854,0.0,4.0729
10,Rest,375.1999999999971,0.0,4.0729
10,Rest,375.3000000000029,0.0,4.0729
10,Rest,375.40000000000146,0.0,4.0729
10,Rest,375.5,0.0,4.0729
10,Rest,375.59999999999854,0.0,4.0729
10,Rest,375.6999999999971,0.0,4.073
10,Rest,375.8000000000029,0.0,4.0729
10,Rest,375.90000000000146,0.0,4.0729
10,Rest,376.0,0.0,4.0729
10,Rest,376.09999999999854,0.0,4.0729
10,Rest,376.1999999999971,0.0,4.073
10,Rest,376.3000000000029,0.0,4.073
10,Rest,376.40000000000146,0.0,4.073
10,Rest,376.5,0.0,4.073
10,Rest,376.59999999999854,0.0,4.073
10,Rest,376.6999999999971,0.0,4.073
10,Rest,376.8000000000029,0.0,4.073
10,Rest,376.90000000000146,0.0,4.073
10,Rest,377.0,0.0,4.0731
10,Rest,377.09999999999854,0.0,4.0731
10,Rest,377.1999999999971,0.0,4.0731
10,Rest,377.3000000000029,0.0,4.073
10,Rest,377.40000000000146,0.0,4.073
10,Rest,377.5,0.0,4.0731
10,Rest,377.59999999999854,0.0,4.0731
10,Rest,377.6999999999971,0.0,4.0731
10,Rest,377.8000000000029,0.0,4.0731
10,Rest,377.90000000000146,0.0,4.0731
10,Rest,378.0,0.0,4.0731
10,Rest,378.09999999999854,0.0,4.0731
10,Rest,378.1999999999971,0.0,4.0731
10,Rest,378.3000000000029,0.0,4.0732
10,Rest,378.40000000000146,0.0,4.0732
10,Rest,378.5,0.0,4.0732
10,Rest,378.59999999999854,0.0,4.0732
10,Rest,378.6999999999971,0.0,4.0732
10,Rest,378.8000000000029,0.0,4.0732
10,Rest,378.90000000000146,0.0,4.0732
10,Rest,379.0,0.0,4.0732
10,Rest,379.09999999999854,0.0,4.0732
10,Rest,379.1999999999971,0.0,4.0732
10,Rest,379.3000000000029,0.0,4.0732
10,Rest,379.40000000000146,0.0,4.0732
10,Rest,379.5,0.0,4.0732
10,Rest,379.59999999999854,0.0,4.0732
10,Rest,379.6999999999971,0.0,4.0733
10,Rest,379.8000000000029,0.0,4.0733
10,Rest,379.90000000000146,0.0,4.0733
10,Rest,380.0,0.0,4.0733
10,Rest,380.09999999999854,0.0,4.0733
10,Rest,380.1999999999971,0.0,4.0733
10,Rest,380.3000000000029,0.0,4.0733
10,Rest,380.40000000000146,0.0,4.0733
10,Rest,380.5,0.0,4.0733
10,Rest,380.59999999999854,0.0,4.0733
10,Rest,380.6999999999971,0.0,4.0733
10,Rest,380.8000000000029,0.0,4.0733
10,Rest,380.90000000000146,0.0,4.0733
10,Rest,381.0,0.0,4.0734
10,Rest,381.09999999999854,0.0,4.0734
10,Rest,381.1999999999971,0.0,4.0734
10,Rest,381.3000000000029,0.0,4.0733
10,Rest,381.40000000000146,0.0,4.0734
10,Rest,381.5,0.0,4.0734
10,Rest,381.59999999999854,0.0,4.0734
10,Rest,381.6999999999971,0.0,4.0734
10,Rest,381.8000000000029,0.0,4.0734
10,Rest,381.90000000000146,0.0,4.0734
10,Rest,382.0,0.0,4.0734
10,Rest,382.09999999999854,0.0,4.0734
10,Rest,382.1999999999971,0.0,4.0734
10,Rest,382.3000000000029,0.0,4.0734
10,Rest,382.40000000000146,0.0,4.0734
10,Rest,382.5,0.0,4.0735
10,Rest,382.59999999999854,0.0,4.0735
10,Rest,382.6999999999971,0.0,4.0735
10,Rest,382.8000000000029,0.0,4.0734
10,Rest,382.90000000000146,0.0,4.0735
10,Rest,383.0,0.0,4.0734
10,Rest,383.09999999999854,0.0,4.0734
10,Rest,383.1999999999971,0.0,4.0735
10,Rest,383.3000000000029,0.0,4.0735
10,Rest,383.40000000000146,0.0,4.0735
10,Rest,383.5,0.0,4.0735
10,Rest,383.59999999999854,0.0,4.0735
10,Rest,383.6999999999971,0.0,4.0735
10,Rest,383.8000000000029,0.0,4.0735
10,Rest,383.90000000000146,0.0,4.0735
10,Rest,384.0,0.0,4.0735
10,Rest,384.09999999999854,0.0,4.0735
10,Rest,384.1999999999971,0.0,4.0736
10,Rest,384.3000000000029,0.0,4.0735
10,Rest,384.40000000000146,0.0,4.0735
10,Rest,384.5,0.0,4.0735
10,Rest,384.59999999999854,0.0,4.0736
10,Rest,384.6999999999971,0.0,4.0736
10,Rest,384.8000000000029,0.0,4.0736
10,Rest,384.90000000000146,0.0,4.0736
10,Rest,385.0,0.0,4.0736
10,Rest,385.09999999999854,0.0,4.0736
10,Rest,385.1999999999971,0.0,4.0736
10,Rest,385.3000000000029,0.0,4.0736
10,Rest,385.40000000000146,0.0,4.0736
10,Rest,385.5,0.0,4.0736
10,Rest,385.59999999999854,0.0,4.0736
10,Rest,385.6999999999971,0.0,4.0736
10,Rest,385.8000000000029,0.0,4.0736
10,Rest,385.90000000000146,0.0,4.0736
10,Rest,386.0,0.0,4.0736
10,Rest,386.09999999999854,0.0,4.0737
10,Rest,386.1999999999971,0.0,4.0737
10,Rest,386.3000000000029,0.0,4.0736
10,Rest,386.40000000000146,0.0,4.0737
10,Rest,386.5,0.0,4.0737
10,Rest,386.59999999999854,0.0,4.0737
10,Rest,386.6999999999971,0.0,4.0737
10,Rest,386.8000000000029,0.0,4.0737
10,Rest,386.90000000000146,0.0,4.0737
10,Rest,387.0,0.0,4.0737
10,Rest,387.09999999999854,0.0,4.0737
10,Rest,387.1999999999971,0.0,4.0737
10,Rest,387.3000000000029,0.0,4.0737
10,Rest,387.40000000000146,0.0,4.0737
10,Rest,387.5,0.0,4.0737
10,Rest,387.59999999999854,0.0,4.0737
10,Rest,387.6999999999971,0.0,4.0737
10,Rest,387.8000000000029,0.0,4.0737
10,Rest,387.90000000000146,0.0,4.0738
10,Rest,388.0,0.0,4.0737
10,Rest,388.09999999999854,0.0,4.0738
10,Rest,388.1999999999971,0.0,4.0737
10,Rest,388.3000000000029,0.0,4.0737
10,Rest,388.40000000000146,0.0,4.0738
10,Rest,388.5,0.0,4.0738
10,Rest,388.59999999999854,0.0,4.0738
10,Rest,388.6999999999971,0.0,4.0738
10,Rest,388.8000000000029,0.0,4.0738
10,Rest,388.90000000000146,0.0,4.0738
10,Rest,389.0,0.0,4.0738
10,Rest,389.09999999999854,0.0,4.0738
10,Rest,389.1999999999971,0.0,4.0738
10,Rest,389.3000000000029,0.0,4.0738
10,Rest,389.40000000000146,0.0,4.0738
10,Rest,389.5,0.0,4.0739
10,Rest,389.59999999999854,0.0,4.0739
10,Rest,389.6999999999971,0.0,4.0738
10,Rest,389.8000000000029,0.0,4.0739
10,Rest,389.90000000000146,0.0,4.0739
10,Rest,390.0,0.0,4.0738
10,Rest,390.09999999999854,0.0,4.0738
10,Rest,390.1999999999971,0.0,4.0738
10,Rest,390.3000000000029,0.0,4.0739
10,Rest,390.40000000000146,0.0,4.0739
10,Rest,390.5,0.0,4.0739
10,Rest,390.59999999999854,0.0,4.0739
10,Rest,390.6999999999971,0.0,4.0739
10,Rest,390.8000000000029,0.0,4.074
10,Rest,390.90000000000146,0.0,4.0739
10,Rest,391.0,0.0,4.0739
10,Rest,391.09999999999854,0.0,4.0739
10,Rest,391.1999999999971,0.0,4.0739
10,Rest,391.3000000000029,0.0,4.0739
10,Rest,391.40000000000146,0.0,4.0739
10,Rest,391.5,0.0,4.074
10,Rest,391.59999999999854,0.0,4.074
10,Rest,391.6999999999971,0.0,4.0739
10,Rest,391.8000000000029,0.0,4.0739
10,Rest,391.90000000000146,0.0,4.074
10,Rest,392.0,0.0,4.074
10,Rest,392.09999999999854,0.0,4.074
10,Rest,392.1999999999971,0.0,4.074
10,Rest,392.3000000000029,0.0,4.074
10,Rest,392.40000000000146,0.0,4.074
10,Rest,392.5,0.0,4.074
10,Rest,392.59999999999854,0.0,4.074
10,Rest,392.6999999999971,0.0,4.074
10,Rest,392.8000000000029,0.0,4.074
10,Rest,392.90000000000146,0.0,4.074
10,Rest,393.0,0.0,4.074
10,Rest,393.09999999999854,0.0,4.074
10,Rest,393.1999999999971,0.0,4.074
10,Rest,393.3000000000029,0.0,4.074
10,Rest,393.40000000000146,0.0,4.074
10,Rest,393.5,0.0,4.074
10,Rest,393.59999999999854,0.0,4.0741
10,Rest,393.6999999999971,0.0,4.0741
10,Rest,393.8000000000029,0.0,4.074
10,Rest,393.90000000000146,0.0,4.074
10,Rest,394.0,0.0,4.0741
10,Rest,394.09999999999854,0.0,4.0741
10,Rest,394.1999999999971,0.0,4.0741
10,Rest,394.3000000000029,0.0,4.0741
10,Rest,394.40000000000146,0.0,4.0741
10,Rest,394.5,0.0,4.0741
10,Rest,394.59999999999854,0.0,4.0741
10,Rest,394.6999999999971,0.0,4.0741
10,Rest,394.8000000000029,0.0,4.0741
10,Rest,394.90000000000146,0.0,4.0741
10,Rest,395.0,0.0,4.0741
10,Rest,395.09999999999854,0.0,4.0741
10,Rest,395.1999999999971,0.0,4.0741
10,Rest,395.3000000000029,0.0,4.0741
10,Rest,395.40000000000146,0.0,4.0742
10,Rest,395.5,0.0,4.0741
10,Rest,395.59999999999854,0.0,4.0741
10,Rest,395.6999999999971,0.0,4.0742
10,Rest,395.8000000000029,0.0,4.0742
10,Rest,395.90000000000146,0.0,4.0742
10,Rest,396.0,0.0,4.0741
10,Rest,396.09999999999854,0.0,4.0742
10,Rest,396.1999999999971,0.0,4.0742
10,Rest,396.3000000000029,0.0,4.0742
10,Rest,396.40000000000146,0.0,4.0742
10,Rest,396.5,0.0,4.0742
10,Rest,396.59999999999854,0.0,4.0742
10,Rest,396.6999999999971,0.0,4.0742
10,Rest,396.8000000000029,0.0,4.0742
10,Rest,396.90000000000146,0.0,4.0743
10,Rest,397.0,0.0,4.0743
10,Rest,397.09999999999854,0.0,4.0743
10,Rest,397.1999999999971,0.0,4.0742
10,Rest,397.3000000000029,0.0,4.0742
10,Rest,397.40000000000146,0.0,4.0742
10,Rest,397.5,0.0,4.0743
10,Rest,397.59999999999854,0.0,4.0743
10,Rest,397.6999999999971,0.0,4.0743
10,Rest,397.8000000000029,0.0,4.0743
10,Rest,397.90000000000146,0.0,4.0743
10,Rest,398.0,0.0,4.0743
10,Rest,398.09999999999854,0.0,4.0743
10,Rest,398.1999999999971,0.0,4.0743
10,Rest,398.3000000000029,0.0,4.0744
10,Rest,398.40000000000146,0.0,4.0744
10,Rest,398.5,0.0,4.0744
10,Rest,398.59999999999854,0.0,4.0744
10,Rest,398.6999999999971,0.0,4.0743
10,Rest,398.8000000000029,0.0,4.0743
10,Rest,398.90000000000146,0.0,4.0744
10,Rest,399.0,0.0,4.0743
10,Rest,399.09999999999854,0.0,4.0743
10,Rest,399.1999999999971,0.0,4.0744
10,Rest,399.3000000000029,0.0,4.0744
10,Rest,399.40000000000146,0.0,4.0744
10,Rest,399.5,0.0,4.0744
10,Rest,399.59999999999854,0.0,4.0743
10,Rest,399.6999999999971,0.0,4.0744
10,Rest,399.8000000000029,0.0,4.0744
10,Rest,399.90000000000146,0.0,4.0744
10,Rest,400.0,0.0,4.0744
10,Rest,400.09999999999854,0.0,4.0744
10,Rest,400.1999999999971,0.0,4.0744
10,Rest,400.3000000000029,0.0,4.0744
10,Rest,400.40000000000146,0.0,4.0744
10,Rest,400.5,0.0,4.0744
10,Rest,400.59999999999854,0.0,4.0744
10,Rest,400.6999999999971,0.0,4.0744
10,Rest,400.8000000000029,0.0,4.0744
10,Rest,400.90000000000146,0.0,4.0744
10,Rest,401.0,0.0,4.0744
10,Rest,401.09999999999854,0.0,4.0744
10,Rest,401.1999999999971,0.0,4.0744
10,Rest,401.3000000000029,0.0,4.0744
10,Rest,401.40000000000146,0.0,4.0745
10,Rest,401.5,0.0,4.0744
10,Rest,401.59999999999854,0.0,4.0745
10,Rest,401.6999999999971,0.0,4.0745
10,Rest,401.8000000000029,0.0,4.0745
10,Rest,401.90000000000146,0.0,4.0745
10,Rest,402.0,0.0,4.0745
10,Rest,402.09999999999854,0.0,4.0745
10,Rest,402.1999999999971,0.0,4.0745
10,Rest,402.3000000000029,0.0,4.0745
10,Rest,402.40000000000146,0.0,4.0745
10,Rest,402.5,0.0,4.0745
10,Rest,402.59999999999854,0.0,4.0745
10,Rest,402.6999999999971,0.0,4.0745
10,Rest,402.8000000000029,0.0,4.0745
10,Rest,402.90000000000146,0.0,4.0745
10,Rest,403.0,0.0,4.0745
10,Rest,403.09999999999854,0.0,4.0745
10,Rest,403.1999999999971,0.0,4.0745
10,Rest,403.3000000000029,0.0,4.0745
10,Rest,403.40000000000146,0.0,4.0745
10,Rest,403.5,0.0,4.0745
10,Rest,403.59999999999854,0.0,4.0745
10,Rest,403.6999999999971,0.0,4.0745
10,Rest,403.8000000000029,0.0,4.0745
10,Rest,403.90000000000146,0.0,4.0745
10,Rest,404.0,0.0,4.0745
10,Rest,404.09999999999854,0.0,4.0746
10,Rest,404.1999999999971,0.0,4.0745
10,Rest,404.3000000000029,0.0,4.0745
10,Rest,404.40000000000146,0.0,4.0745
10,Rest,404.5,0.0,4.0745
10,Rest,404.59999999999854,0.0,4.0745
10,Rest,404.6999999999971,0.0,4.0746
10,Rest,404.8000000000029,0.0,4.0745
10,Rest,404.90000000000146,0.0,4.0746
10,Rest,405.0,0.0,4.0746
10,Rest,405.09999999999854,0.0,4.0745
10,Rest,405.1999999999971,0.0,4.0746
10,Rest,405.3000000000029,0.0,4.0746
10,Rest,405.40000000000146,0.0,4.0746
10,Rest,405.5,0.0,4.0746
10,Rest,405.59999999999854,0.0,4.0746
10,Rest,405.6999999999971,0.0,4.0746
10,Rest,405.8000000000029,0.0,4.0746
10,Rest,405.90000000000146,0.0,4.0746
10,Rest,406.0,0.0,4.0746
10,Rest,406.09999999999854,0.0,4.0746
10,Rest,406.1999999999971,0.0,4.0746
10,Rest,406.3000000000029,0.0,4.0747
10,Rest,406.40000000000146,0.0,4.0747
10,Rest,406.5,0.0,4.0747
10,Rest,406.59999999999854,0.0,4.0746
10,Rest,406.6999999999971,0.0,4.0746
10,Rest,406.8000000000029,0.0,4.0746
10,Rest,406.90000000000146,0.0,4.0746
10,Rest,407.0,0.0,4.0747
10,Rest,407.09999999999854,0.0,4.0747
10,Rest,407.1999999999971,0.0,4.0747
10,Rest,407.3000000000029,0.0,4.0747
10,Rest,407.40000000000146,0.0,4.0747
10,Rest,407.5,0.0,4.0747
10,Rest,407.59999999999854,0.0,4.0747
10,Rest,407.6999999999971,0.0,4.0747
10,Rest,407.8000000000029,0.0,4.0747
10,Rest,407.90000000000146,0.0,4.0747
10,Rest,408.0,0.0,4.0747
10,Rest,408.09999999999854,0.0,4.0748
10,Rest,408.1999999999971,0.0,4.0748
10,Rest,408.3000000000029,0.0,4.0747
10,Rest,408.40000000000146,0.0,4.0747
10,Rest,408.5,0.0,4.0747
10,Rest,408.59999999999854,0.0,4.0747
10,Rest,408.6999999999971,0.0,4.0748
10,Rest,408.8000000000029,0.0,4.0748
10,Rest,408.90000000000146,0.0,4.0748
10,Rest,409.0,0.0,4.0748
10,Rest,409.09999999999854,0.0,4.0748
10,Rest,409.1999999999971,0.0,4.0747
10,Rest,409.3000000000029,0.0,4.0747
10,Rest,409.40000000000146,0.0,4.0748
10,Rest,409.5,0.0,4.0748
10,Rest,409.59999999999854,0.0,4.0748
10,Rest,409.6999999999971,0.0,4.0748
10,Rest,409.8000000000029,0.0,4.0748
10,Rest,409.90000000000146,0.0,4.0748
10,Rest,410.0,0.0,4.0748
10,Rest,410.09999999999854,0.0,4.0748
10,Rest,410.1999999999971,0.0,4.0748
10,Rest,410.3000000000029,0.0,4.0748
10,Rest,410.40000000000146,0.0,4.0749
10,Rest,410.5,0.0,4.0749
10,Rest,410.59999999999854,0.0,4.0748
10,Rest,410.6999999999971,0.0,4.0748
10,Rest,410.8000000000029,0.0,4.0748
10,Rest,410.90000000000146,0.0,4.0748
10,Rest,411.0,0.0,4.0748
10,Rest,411.09999999999854,0.0,4.0749
10,Rest,411.1999999999971,0.0,4.0749
10,Rest,411.3000000000029,0.0,4.0748
10,Rest,411.40000000000146,0.0,4.0748
10,Rest,411.5,0.0,4.0749
10,Rest,411.59999999999854,0.0,4.0749
10,Rest,411.6999999999971,0.0,4.0749
10,Rest,411.8000000000029,0.0,4.0749
10,Rest,411.90000000000146,0.0,4.0749
10,Rest,412.0,0.0,4.0749
10,Rest,412.09999999999854,0.0,4.0749
10,Rest,412.1999999999971,0.0,4.0749
10,Rest,412.3000000000029,0.0,4.0749
10,Rest,412.40000000000146,0.0,4.0749
10,Rest,412.5,0.0,4.0749
10,Rest,412.59999999999854,0.0,4.0749
10,Rest,412.6999999999971,0.0,4.0749
10,Rest,412.8000000000029,0.0,4.0749
10,Rest,412.90000000000146,0.0,4.0749
10,Rest,413.0,0.0,4.0749
10,Rest,413.09999999999854,0.0,4.0749
10,Rest,413.1999999999971,0.0,4.075
10,Rest,413.3000000000029,0.0,4.075
10,Rest,413.40000000000146,0.0,4.0749
10,Rest,413.5,0.0,4.0749
10,Rest,413.59999999999854,0.0,4.0749
10,Rest,413.6999999999971,0.0,4.075
10,Rest,413.8000000000029,0.0,4.0749
10,Rest,413.90000000000146,0.0,4.075
10,Rest,414.0,0.0,4.0749
10,Rest,414.09999999999854,0.0,4.0749
10,Rest,414.1999999999971,0.0,4.0749
10,Rest,414.3000000000029,0.0,4.075
10,Rest,414.40000000000146,0.0,4.075
10,Rest,414.5,0.0,4.075
10,Rest,414.59999999999854,0.0,4.075
10,Rest,414.6999999999971,0.0,4.075
10,Rest,414.8000000000029,0.0,4.075
10,Rest,414.90000000000146,0.0,4.075
10,Rest,415.0,0.0,4.075
10,Rest,415.09999999999854,0.0,4.075
10,Rest,415.1999999999971,0.0,4.075
10,Rest,415.3000000000029,0.0,4.075
10,Rest,415.40000000000146,0.0,4.075
10,Rest,415.5,0.0,4.075
10,Rest,415.59999999999854,0.0,4.075
10,Rest,415.6999999999971,0.0,4.075
10,Rest,415.8000000000029,0.0,4.075
10,Rest,415.90000000000146,0.0,4.075
10,Rest,416.0,0.0,4.075
10,Rest,416.09999999999854,0.0,4.075
10,Rest,416.1999999999971,0.0,4.075
10,Rest,416.3000000000029,0.0,4.075
10,Rest,416.40000000000146,0.0,4.075
10,Rest,416.5,0.0,4.075
10,Rest,416.59999999999854,0.0,4.075
10,Rest,416.6999999999971,0.0,4.075
10,Rest,416.8000000000029,0.0,4.075
10,Rest,416.90000000000146,0.0,4.075
10,Rest,417.0,0.0,4.075
10,Rest,417.09999999999854,0.0,4.075
10,Rest,417.1999999999971,0.0,4.075
10,Rest,417.3000000000029,0.0,4.0751
10,Rest,417.40000000000146,0.0,4.0751
10,Rest,417.5,0.0,4.0751
10,Rest,417.59999999999854,0.0,4.0751
10,Rest,417.6999999999971,0.0,4.0751
10,Rest,417.8000000000029,0.0,4.0751
10,Rest,417.90000000000146,0.0,4.0751
10,Rest,418.0,0.0,4.0751
10,Rest,418.09999999999854,0.0,4.0751
10,Rest,418.1999999999971,0.0,4.0751
10,Rest,418.3000000000029,0.0,4.0751
10,Rest,418.40000000000146,0.0,4.0751
10,Rest,418.5,0.0,4.0751
10,Rest,418.59999999999854,0.0,4.0751
10,Rest,418.6999999999971,0.0,4.0751
10,Rest,418.8000000000029,0.0,4.0751
10,Rest,418.90000000000146,0.0,4.0751
10,Rest,419.0,0.0,4.0751
10,Rest,419.09999999999854,0.0,4.0751
10,Rest,419.1999999999971,0.0,4.0751
10,Rest,419.3000000000029,0.0,4.0751
10,Rest,419.40000000000146,0.0,4.0751
10,Rest,419.5,0.0,4.0751
10,Rest,419.59999999999854,0.0,4.0751
10,Rest,419.6999999999971,0.0,4.0751
10,Rest,419.8000000000029,0.0,4.0751
10,Rest,419.90000000000146,0.0,4.0751
10,Rest,420.0,0.0,4.0751
10,Rest,420.09999999999854,0.0,4.0751
10,Rest,420.1999999999971,0.0,4.0751
10,Rest,420.3000000000029,0.0,4.0751
10,Rest,420.40000000000146,0.0,4.0751
10,Rest,420.5,0.0,4.0752
10,Rest,420.59999999999854,0.0,4.0752
10,Rest,420.6999999999971,0.0,4.0752
10,Rest,420.8000000000029,0.0,4.0752
10,Rest,420.90000000000146,0.0,4.0752
10,Rest,421.0,0.0,4.0752
10,Rest,421.09999999999854,0.0,4.0752
10,Rest,421.1999999999971,0.0,4.0752
10,Rest,421.3000000000029,0.0,4.0752
10,Rest,421.40000000000146,0.0,4.0752
10,Rest,421.5,0.0,4.0752
10,Rest,421.59999999999854,0.0,4.0752
10,Rest,421.6999999999971,0.0,4.0752
10,Rest,421.8000000000029,0.0,4.0752
10,Rest,421.90000000000146,0.0,4.0752
10,Rest,422.0,0.0,4.0752
10,Rest,422.09999999999854,0.0,4.0752
10,Rest,422.1999999999971,0.0,4.0752
10,Rest,422.3000000000029,0.0,4.0752
10,Rest,422.40000000000146,0.0,4.0752
10,Rest,422.5,0.0,4.0752
10,Rest,422.59999999999854,0.0,4.0753
10,Rest,422.6999999999971,0.0,4.0753
10,Rest,422.8000000000029,0.0,4.0752
10,Rest,422.90000000000146,0.0,4.0753
10,Rest,423.0,0.0,4.0752
10,Rest,423.09999999999854,0.0,4.0753
10,Rest,423.1999999999971,0.0,4.0753
10,Rest,423.3000000000029,0.0,4.0753
10,Rest,423.40000000000146,0.0,4.0752
10,Rest,423.5,0.0,4.0752
10,Rest,423.59999999999854,0.0,4.0752
10,Rest,423.6999999999971,0.0,4.0753
10,Rest,423.8000000000029,0.0,4.0753
10,Rest,423.90000000000146,0.0,4.0752
10,Rest,424.0,0.0,4.0752
10,Rest,424.09999999999854,0.0,4.0752
10,Rest,424.1999999999971,0.0,4.0753
10,Rest,424.3000000000029,0.0,4.0752
10,Rest,424.40000000000146,0.0,4.0752
10,Rest,424.5,0.0,4.0753
10,Rest,424.59999999999854,0.0,4.0753
10,Rest,424.6999999999971,0.0,4.0753
10,Rest,424.8000000000029,0.0,4.0753
10,Rest,424.90000000000146,0.0,4.0753
10,Rest,425.0,0.0,4.0753
10,Rest,425.09999999999854,0.0,4.0753
10,Rest,425.1999999999971,0.0,4.0753
10,Rest,425.3000000000029,0.0,4.0753
10,Rest,425.40000000000146,0.0,4.0753
10,Rest,425.5,0.0,4.0753
10,Rest,425.59999999999854,0.0,4.0753
10,Rest,425.6999999999971,0.0,4.0753
10,Rest,425.8000000000029,0.0,4.0754
10,Rest,425.90000000000146,0.0,4.0753
10,Rest,426.0,0.0,4.0754
10,Rest,426.09999999999854,0.0,4.0753
10,Rest,426.1999999999971,0.0,4.0753
10,Rest,426.3000000000029,0.0,4.0753
10,Rest,426.40000000000146,0.0,4.0753
10,Rest,426.5,0.0,4.0753
10,Rest,426.59999999999854,0.0,4.0753
10,Rest,426.6999999999971,0.0,4.0753
10,Rest,426.8000000000029,0.0,4.0753
10,Rest,426.90000000000146,0.0,4.0753
10,Rest,427.0,0.0,4.0754
10,Rest,427.09999999999854,0.0,4.0754
10,Rest,427.1999999999971,0.0,4.0754
10,Rest,427.3000000000029,0.0,4.0753
10,Rest,427.40000000000146,0.0,4.0753
10,Rest,427.5,0.0,4.0754
10,Rest,427.59999999999854,0.0,4.0754
10,Rest,427.6999999999971,0.0,4.0754
10,Rest,427.8000000000029,0.0,4.0754
10,Rest,427.90000000000146,0.0,4.0754
10,Rest,428.0,0.0,4.0754
10,Rest,428.09999999999854,0.0,4.0754
10,Rest,428.1999999999971,0.0,4.0754
10,Rest,428.3000000000029,0.0,4.0754
10,Rest,428.40000000000146,0.0,4.0755
10,Rest,428.5,0.0,4.0754
10,Rest,428.59999999999854,0.0,4.0754
10,Rest,428.6999999999971,0.0,4.0754
10,Rest,428.8000000000029,0.0,4.0754
10,Rest,428.90000000000146,0.0,4.0754
10,Rest,429.0,0.0,4.0754
10,Rest,429.09999999999854,0.0,4.0755
10,Rest,429.1999999999971,0.0,4.0754
10,Rest,429.3000000000029,0.0,4.0754
10,Rest,429.40000000000146,0.0,4.0755
10,Rest,429.5,0.0,4.0755
10,Rest,429.59999999999854,0.0,4.0754
10,Rest,429.6999999999971,0.0,4.0755
10,Rest,429.8000000000029,0.0,4.0755
10,Rest,429.90000000000146,0.0,4.0755
10,Rest,430.0,0.0,4.0754
10,Rest,430.09999999999854,0.0,4.0755
10,Rest,430.1999999999971,0.0,4.0754
10,Rest,430.3000000000029,0.0,4.0754
10,Rest,430.40000000000146,0.0,4.0755
10,Rest,430.5,0.0,4.0755
10,Rest,430.59999999999854,0.0,4.0755
10,Rest,430.6999999999971,0.0,4.0754
10,Rest,430.8000000000029,0.0,4.0754
10,Rest,430.90000000000146,0.0,4.0755
10,Rest,431.0,0.0,4.0755
10,Rest,431.09999999999854,0.0,4.0755
10,Rest,431.1999999999971,0.0,4.0755
10,Rest,431.3000000000029,0.0,4.0755
10,Rest,431.40000000000146,0.0,4.0755
10,Rest,431.5,0.0,4.0755
10,Rest,431.59999999999854,0.0,4.0755
10,Rest,431.6999999999971,0.0,4.0755
10,Rest,431.8000000000029,0.0,4.0755
10,Rest,431.90000000000146,0.0,4.0755
10,Rest,432.0,0.0,4.0755
10,Rest,432.09999999999854,0.0,4.0756
10,Rest,432.1999999999971,0.0,4.0755
10,Rest,432.3000000000029,0.0,4.0755
10,Rest,432.40000000000146,0.0,4.0755
10,Rest,432.5,0.0,4.0756
10,Rest,432.59999999999854,0.0,4.0755
10,Rest,432.6999999999971,0.0,4.0755
10,Rest,432.8000000000029,0.0,4.0755
10,Rest,432.90000000000146,0.0,4.0755
10,Rest,433.0,0.0,4.0755
10,Rest,433.09999999999854,0.0,4.0755
10,Rest,433.1999999999971,0.0,4.0755
10,Rest,433.3000000000029,0.0,4.0755
10,Rest,433.40000000000146,0.0,4.0755
10,Rest,433.5,0.0,4.0755
10,Rest,433.59999999999854,0.0,4.0755
10,Rest,433.6999999999971,0.0,4.0755
10,Rest,433.8000000000029,0.0,4.0755
10,Rest,433.90000000000146,0.0,4.0756
10,Rest,434.0,0.0,4.0756
10,Rest,434.09999999999854,0.0,4.0756
10,Rest,434.1999999999971,0.0,4.0756
10,Rest,434.3000000000029,0.0,4.0756
10,Rest,434.40000000000146,0.0,4.0756
10,Rest,434.5,0.0,4.0756
10,Rest,434.59999999999854,0.0,4.0756
10,Rest,434.6999999999971,0.0,4.0756
10,Rest,434.8000000000029,0.0,4.0756
10,Rest,434.90000000000146,0.0,4.0756
10,Rest,435.0,0.0,4.0756
10,Rest,435.09999999999854,0.0,4.0756
10,Rest,435.1999999999971,0.0,4.0756
10,Rest,435.3000000000029,0.0,4.0755
10,Rest,435.40000000000146,0.0,4.0756
10,Rest,435.5,0.0,4.0756
10,Rest,435.59999999999854,0.0,4.0756
10,Rest,435.6999999999971,0.0,4.0756
10,Rest,435.8000000000029,0.0,4.0756
10,Rest,435.90000000000146,0.0,4.0756
10,Rest,436.0,0.0,4.0756
10,Rest,436.09999999999854,0.0,4.0756
10,Rest,436.1999999999971,0.0,4.0756
10,Rest,436.3000000000029,0.0,4.0756
10,Rest,436.40000000000146,0.0,4.0756
10,Rest,436.5,0.0,4.0756
10,Rest,436.59999999999854,0.0,4.0756
10,Rest,436.6999999999971,0.0,4.0756
10,Rest,436.8000000000029,0.0,4.0756
10,Rest,436.90000000000146,0.0,4.0757
10,Rest,437.0,0.0,4.0757
10,Rest,437.09999999999854,0.0,4.0757
10,Rest,437.1999999999971,0.0,4.0756
10,Rest,437.3000000000029,0.0,4.0756
10,Rest,437.40000000000146,0.0,4.0756
10,Rest,437.5,0.0,4.0756
10,Rest,437.59999999999854,0.0,4.0757
10,Rest,437.6999999999971,0.0,4.0757
10,Rest,437.8000000000029,0.0,4.0756
10,Rest,437.90000000000146,0.0,4.0756
10,Rest,438.0,0.0,4.0757
10,Rest,438.09999999999854,0.0,4.0757
10,Rest,438.1999999999971,0.0,4.0757
10,Rest,438.3000000000029,0.0,4.0757
10,Rest,438.40000000000146,0.0,4.0756
10,Rest,438.5,0.0,4.0757
10,Rest,438.59999999999854,0.0,4.0757
10,Rest,438.6999999999971,0.0,4.0756
10,Rest,438.8000000000029,0.0,4.0757
10,Rest,438.90000000000146,0.0,4.0757
10,Rest,439.0,0.0,4.0757
10,Rest,439.09999999999854,0.0,4.0757
10,Rest,439.1999999999971,0.0,4.0757
10,Rest,439.3000000000029,0.0,4.0757
10,Rest,439.40000000000146,0.0,4.0757
10,Rest,439.5,0.0,4.0757
10,Rest,439.59999999999854,0.0,4.0757
10,Rest,439.6999999999971,0.0,4.0757
10,Rest,439.8000000000029,0.0,4.0757
10,Rest,439.90000000000146,0.0,4.0757
10,Rest,440.0,0.0,4.0757
10,Rest,440.09999999999854,0.0,4.0757
10,Rest,440.1999999999971,0.0,4.0757
10,Rest,440.3000000000029,0.0,4.0757
10,Rest,440.40000000000146,0.0,4.0757
10,Rest,440.5,0.0,4.0757
10,Rest,440.59999999999854,0.0,4.0757
10,Rest,440.6999999999971,0.0,4.0757
10,Rest,440.8000000000029,0.0,4.0757
10,Rest,440.90000000000146,0.0,4.0758
10,Rest,441.0,0.0,4.0758
10,Rest,441.09999999999854,0.0,4.0757
10,Rest,441.1999999999971,0.0,4.0757
10,Rest,441.3000000000029,0.0,4.0757
10,Rest,441.40000000000146,0.0,4.0757
10,Rest,441.5,0.0,4.0758
10,Rest,441.59999999999854,0.0,4.0758
10,Rest,441.6999999999971,0.0,4.0758
10,Rest,441.8000000000029,0.0,4.0757
10,Rest,441.90000000000146,0.0,4.0758
10,Rest,442.0,0.0,4.0758
10,Rest,442.09999999999854,0.0,4.0757
10,Rest,442.1999999999971,0.0,4.0758
10,Rest,442.3000000000029,0.0,4.0758
10,Rest,442.40000000000146,0.0,4.0758
10,Rest,442.5,0.0,4.0758
10,Rest,442.59999999999854,0.0,4.0758
10,Rest,442.6999999999971,0.0,4.0758
10,Rest,442.8000000000029,0.0,4.0758
10,Rest,442.90000000000146,0.0,4.0758
10,Rest,443.0,0.0,4.0758
10,Rest,443.09999999999854,0.0,4.0758
10,Rest,443.1999999999971,0.0,4.0758
10,Rest,443.3000000000029,0.0,4.0758
10,Rest,443.40000000000146,0.0,4.0758
10,Rest,443.5,0.0,4.0758
10,Rest,443.59999999999854,0.0,4.0758
10,Rest,443.6999999999971,0.0,4.0758
10,Rest,443.8000000000029,0.0,4.0758
10,Rest,443.90000000000146,0.0,4.0758
10,Rest,444.0,0.0,4.0758
10,Rest,444.09999999999854,0.0,4.0758
10,Rest,444.1999999999971,0.0,4.0758
10,Rest,444.3000000000029,0.0,4.0758
10,Rest,444.40000000000146,0.0,4.0758
10,Rest,444.5,0.0,4.0758
10,Rest,444.59999999999854,0.0,4.0758
10,Rest,444.6999999999971,0.0,4.0758
10,Rest,444.8000000000029,0.0,4.0758
10,Rest,444.90000000000146,0.0,4.0758
10,Rest,445.0,0.0,4.0758
10,Rest,445.09999999999854,0.0,4.0758
10,Rest,445.1999999999971,0.0,4.0758
10,Rest,445.3000000000029,0.0,4.0758
10,Rest,445.40000000000146,0.0,4.0759
10,Rest,445.5,0.0,4.0759
10,Rest,445.59999999999854,0.0,4.0758
10,Rest,445.6999999999971,0.0,4.0759
10,Rest,445.8000000000029,0.0,4.0759
10,Rest,445.90000000000146,0.0,4.0759
10,Rest,446.0,0.0,4.0759
10,Rest,446.09999999999854,0.0,4.0759
10,Rest,446.1999999999971,0.0,4.0758
10,Rest,446.3000000000029,0.0,4.0759
10,Rest,446.40000000000146,0.0,4.0759
10,Rest,446.5,0.0,4.0758
10,Rest,446.59999999999854,0.0,4.0758
10,Rest,446.6999999999971,0.0,4.0758
10,Rest,446.8000000000029,0.0,4.0758
10,Rest,446.90000000000146,0.0,4.0759
10,Rest,447.0,0.0,4.0759
10,Rest,447.09999999999854,0.0,4.0759
10,Rest,447.1999999999971,0.0,4.0759
10,Rest,447.3000000000029,0.0,4.0759
10,Rest,447.40000000000146,0.0,4.0759
10,Rest,447.5,0.0,4.0759
10,Rest,447.59999999999854,0.0,4.0759
10,Rest,447.6999999999971,0.0,4.0759
10,Rest,447.8000000000029,0.0,4.0759
10,Rest,447.90000000000146,0.0,4.0759
10,Rest,448.0,0.0,4.0759
10,Rest,448.09999999999854,0.0,4.0759
10,Rest,448.1999999999971,0.0,4.0759
10,Rest,448.3000000000029,0.0,4.0759
10,Rest,448.40000000000146,0.0,4.0759
10,Rest,448.5,0.0,4.0759
10,Rest,448.59999999999854,0.0,4.0759
10,Rest,448.6999999999971,0.0,4.0759
10,Rest,448.8000000000029,0.0,4.0759
10,Rest,448.90000000000146,0.0,4.0759
10,Rest,449.0,0.0,4.0759
10,Rest,449.09999999999854,0.0,4.0759
10,Rest,449.1999999999971,0.0,4.0759
10,Rest,449.3000000000029,0.0,4.0759
10,Rest,449.40000000000146,0.0,4.0759
10,Rest,449.5,0.0,4.0759
10,Rest,449.59999999999854,0.0,4.0759
10,Rest,449.6999999999971,0.0,4.0759
10,Rest,449.8000000000029,0.0,4.0759
10,Rest,449.90000000000146,0.0,4.0759
10,Rest,450.0,0.0,4.0759
10,Rest,450.09999999999854,0.0,4.0759
10,Rest,450.1999999999971,0.0,4.076
10,Rest,450.3000000000029,0.0,4.076
10,Rest,450.40000000000146,0.0,4.076
10,Rest,450.5,0.0,4.0759
10,Rest,450.59999999999854,0.0,4.076
10,Rest,450.6999999999971,0.0,4.076
10,Rest,450.8000000000029,0.0,4.076
10,Rest,450.90000000000146,0.0,4.076
10,Rest,451.0,0.0,4.076
10,Rest,451.09999999999854,0.0,4.0759
10,Rest,451.1999999999971,0.0,4.076
10,Rest,451.3000000000029,0.0,4.076
10,Rest,451.40000000000146,0.0,4.076
10,Rest,451.5,0.0,4.076
10,Rest,451.59999999999854,0.0,4.076
10,Rest,451.6999999999971,0.0,4.076
10,Rest,451.8000000000029,0.0,4.076
10,Rest,451.90000000000146,0.0,4.076
10,Rest,452.0,0.0,4.076
10,Rest,452.09999999999854,0.0,4.076
10,Rest,452.1999999999971,0.0,4.076
10,Rest,452.3000000000029,0.0,4.076
10,Rest,452.40000000000146,0.0,4.076
10,Rest,452.5,0.0,4.076
10,Rest,452.59999999999854,0.0,4.076
10,Rest,452.6999999999971,0.0,4.076
10,Rest,452.8000000000029,0.0,4.076
10,Rest,452.90000000000146,0.0,4.076
10,Rest,453.0,0.0,4.076
10,Rest,453.09999999999854,0.0,4.076
10,Rest,453.1999999999971,0.0,4.076
10,Rest,453.3000000000029,0.0,4.076
10,Rest,453.40000000000146,0.0,4.076
10,Rest,453.5,0.0,4.076
10,Rest,453.59999999999854,0.0,4.076
10,Rest,453.6999999999971,0.0,4.076
10,Rest,453.8000000000029,0.0,4.076
10,Rest,453.90000000000146,0.0,4.076
10,Rest,454.0,0.0,4.076
10,Rest,454.09999999999854,0.0,4.076
10,Rest,454.1999999999971,0.0,4.076
10,Rest,454.3000000000029,0.0,4.076
10,Rest,454.40000000000146,0.0,4.076
10,Rest,454.5,0.0,4.076
10,Rest,454.59999999999854,0.0,4.076
10,Rest,454.6999999999971,0.0,4.076
10,Rest,454.8000000000029,0.0,4.076
10,Rest,454.90000000000146,0.0,4.076
10,Rest,455.0,0.0,4.076
10,Rest,455.09999999999854,0.0,4.0761
10,Rest,455.1999999999971,0.0,4.0761
10,Rest,455.3000000000029,0.0,4.076
10,Rest,455.40000000000146,0.0,4.076
10,Rest,455.5,0.0,4.076
10,Rest,455.59999999999854,0.0,4.076
10,Rest,455.6999999999971,0.0,4.0761
10,Rest,455.8000000000029,0.0,4.0761
10,Rest,455.90000000000146,0.0,4.076
10,Rest,456.0,0.0,4.0761
10,Rest,456.09999999999854,0.0,4.0761
10,Rest,456.1999999999971,0.0,4.0761
10,Rest,456.3000000000029,0.0,4.0761
10,Rest,456.40000000000146,0.0,4.0761
10,Rest,456.5,0.0,4.0761
10,Rest,456.59999999999854,0.0,4.0761
10,Rest,456.6999999999971,0.0,4.0761
10,Rest,456.8000000000029,0.0,4.0761
10,Rest,456.90000000000146,0.0,4.0761
10,Rest,457.0,0.0,4.0761
10,Rest,457.09999999999854,0.0,4.0761
10,Rest,457.1999999999971,0.0,4.0761
10,Rest,457.3000000000029,0.0,4.0761
10,Rest,457.40000000000146,0.0,4.0761
10,Rest,457.5,0.0,4.0761
10,Rest,457.59999999999854,0.0,4.0761
10,Rest,457.6999999999971,0.0,4.0761
10,Rest,457.8000000000029,0.0,4.0761
10,Rest,457.90000000000146,0.0,4.0761
10,Rest,458.0,0.0,4.0761
10,Rest,458.09999999999854,0.0,4.0761
10,Rest,458.1999999999971,0.0,4.0761
10,Rest,458.3000000000029,0.0,4.0761
10,Rest,458.40000000000146,0.0,4.0761
10,Rest,458.5,0.0,4.0761
10,Rest,458.59999999999854,0.0,4.0761
10,Rest,458.6999999999971,0.0,4.0761
10,Rest,458.8000000000029,0.0,4.0761
10,Rest,458.90000000000146,0.0,4.0761
10,Rest,459.0,0.0,4.0761
10,Rest,459.09999999999854,0.0,4.0761
10,Rest,459.1999999999971,0.0,4.0761
10,Rest,459.3000000000029,0.0,4.0761
10,Rest,459.40000000000146,0.0,4.0761
10,Rest,459.5,0.0,4.0761
10,Rest,459.59999999999854,0.0,4.0761
10,Rest,459.6999999999971,0.0,4.0761
10,Rest,459.8000000000029,0.0,4.0761
10,Rest,459.90000000000146,0.0,4.0761
10,Rest,460.0,0.0,4.0761
10,Rest,460.09999999999854,0.0,4.0762
10,Rest,460.1999999999971,0.0,4.0762
10,Rest,460.3000000000029,0.0,4.0762
10,Rest,460.40000000000146,0.0,4.0761
10,Rest,460.5,0.0,4.0762
10,Rest,460.59999999999854,0.0,4.0762
10,Rest,460.6999999999971,0.0,4.0761
10,Rest,460.8000000000029,0.0,4.0762
10,Rest,460.90000000000146,0.0,4.0762
10,Rest,461.0,0.0,4.0761
10,Rest,461.09999999999854,0.0,4.0762
10,Rest,461.1999999999971,0.0,4.0762
10,Rest,461.3000000000029,0.0,4.0762
10,Rest,461.40000000000146,0.0,4.0762
10,Rest,461.5,0.0,4.0762
10,Rest,461.59999999999854,0.0,4.0761
10,Rest,461.6999999999971,0.0,4.0762
10,Rest,461.8000000000029,0.0,4.0762
10,Rest,461.90000000000146,0.0,4.0762
10,Rest,462.0,0.0,4.0762
10,Rest,462.09999999999854,0.0,4.0762
10,Rest,462.1999999999971,0.0,4.0762
10,Rest,462.3000000000029,0.0,4.0762
10,Rest,462.40000000000146,0.0,4.0762
10,Rest,462.5,0.0,4.0762
10,Rest,462.59999999999854,0.0,4.0762
10,Rest,462.6999999999971,0.0,4.0762
10,Rest,462.8000000000029,0.0,4.0762
10,Rest,462.90000000000146,0.0,4.0762
10,Rest,463.0,0.0,4.0762
10,Rest,463.09999999999854,0.0,4.0762
10,Rest,463.1999999999971,0.0,4.0762
10,Rest,463.3000000000029,0.0,4.0762
10,Rest,463.40000000000146,0.0,4.0762
10,Rest,463.5,0.0,4.0762
10,Rest,463.59999999999854,0.0,4.0762
10,Rest,463.6999999999971,0.0,4.0763
10,Rest,463.8000000000029,0.0,4.0762
10,Rest,463.90000000000146,0.0,4.0762
10,Rest,464.0,0.0,4.0762
10,Rest,464.09999999999854,0.0,4.0762
10,Rest,464.1999999999971,0.0,4.0763
10,Rest,464.3000000000029,0.0,4.0763
10,Rest,464.40000000000146,0.0,4.0763
10,Rest,464.5,0.0,4.0763
10,Rest,464.59999999999854,0.0,4.0762
10,Rest,464.6999999999971,0.0,4.0763
10,Rest,464.8000000000029,0.0,4.0762
10,Rest,464.90000000000146,0.0,4.0763
10,Rest,465.0,0.0,4.0763
10,Rest,465.09999999999854,0.0,4.0763
10,Rest,465.1999999999971,0.0,4.0763
10,Rest,465.3000000000029,0.0,4.0763
10,Rest,465.40000000000146,0.0,4.0763
10,Rest,465.5,0.0,4.0763
10,Rest,465.59999999999854,0.0,4.0763
10,Rest,465.6999999999971,0.0,4.0763
10,Rest,465.8000000000029,0.0,4.0763
10,Rest,465.90000000000146,0.0,4.0763
10,Rest,466.0,0.0,4.0763
10,Rest,466.09999999999854,0.0,4.0763
10,Rest,466.1999999999971,0.0,4.0763
10,Rest,466.3000000000029,0.0,4.0763
10,Rest,466.40000000000146,0.0,4.0763
10,Rest,466.5,0.0,4.0763
10,Rest,466.59999999999854,0.0,4.0763
10,Rest,466.6999999999971,0.0,4.0763
10,Rest,466.8000000000029,0.0,4.0763
10,Rest,466.90000000000146,0.0,4.0763
10,Rest,467.0,0.0,4.0763
10,Rest,467.09999999999854,0.0,4.0763
10,Rest,467.1999999999971,0.0,4.0763
10,Rest,467.3000000000029,0.0,4.0763
10,Rest,467.40000000000146,0.0,4.0763
10,Rest,467.5,0.0,4.0763
10,Rest,467.59999999999854,0.0,4.0763
10,Rest,467.6999999999971,0.0,4.0763
10,Rest,467.8000000000029,0.0,4.0763
10,Rest,467.90000000000146,0.0,4.0763
10,Rest,468.0,0.0,4.0763
10,Rest,468.09999999999854,0.0,4.0763
10,Rest,468.1999999999971,0.0,4.0763
10,Rest,468.3000000000029,0.0,4.0763
10,Rest,468.40000000000146,0.0,4.0763
10,Rest,468.5,0.0,4.0763
10,Rest,468.59999999999854,0.0,4.0763
10,Rest,468.6999999999971,0.0,4.0763
10,Rest,468.8000000000029,0.0,4.0763
10,Rest,468.90000000000146,0.0,4.0763
10,Rest,469.0,0.0,4.0763
10,Rest,469.09999999999854,0.0,4.0763
10,Rest,469.1999999999971,0.0,4.0763
10,Rest,469.3000000000029,0.0,4.0764
10,Rest,469.40000000000146,0.0,4.0764
10,Rest,469.5,0.0,4.0764
10,Rest,469.59999999999854,0.0,4.0764
10,Rest,469.6999999999971,0.0,4.0763
10,Rest,469.8000000000029,0.0,4.0764
10,Rest,469.90000000000146,0.0,4.0764
10,Rest,470.0,0.0,4.0763
10,Rest,470.09999999999854,0.0,4.0764
10,Rest,470.1999999999971,0.0,4.0764
10,Rest,470.3000000000029,0.0,4.0764
10,Rest,470.40000000000146,0.0,4.0764
10,Rest,470.5,0.0,4.0763
10,Rest,470.59999999999854,0.0,4.0764
10,Rest,470.6999999999971,0.0,4.0764
10,Rest,470.8000000000029,0.0,4.0764
10,Rest,470.90000000000146,0.0,4.0764
10,Rest,471.0,0.0,4.0764
10,Rest,471.09999999999854,0.0,4.0763
10,Rest,471.1999999999971,0.0,4.0763
10,Rest,471.3000000000029,0.0,4.0764
10,Rest,471.40000000000146,0.0,4.0764
10,Rest,471.5,0.0,4.0764
10,Rest,471.59999999999854,0.0,4.0764
10,Rest,471.6999999999971,0.0,4.0764
10,Rest,471.8000000000029,0.0,4.0764
10,Rest,471.90000000000146,0.0,4.0764
10,Rest,472.0,0.0,4.0764
10,Rest,472.09999999999854,0.0,4.0764
10,Rest,472.1999999999971,0.0,4.0764
10,Rest,472.3000000000029,0.0,4.0764
10,Rest,472.40000000000146,0.0,4.0764
10,Rest,472.5,0.0,4.0764
10,Rest,472.59999999999854,0.0,4.0764
10,Rest,472.6999999999971,0.0,4.0764
10,Rest,472.8000000000029,0.0,4.0764
10,Rest,472.90000000000146,0.0,4.0764
10,Rest,473.0,0.0,4.0764
10,Rest,473.09999999999854,0.0,4.0764
10,Rest,473.1999999999971,0.0,4.0764
10,Rest,473.3000000000029,0.0,4.0764
10,Rest,473.40000000000146,0.0,4.0765
10,Rest,473.5,0.0,4.0764
10,Rest,473.59999999999854,0.0,4.0764
10,Rest,473.6999999999971,0.0,4.0764
10,Rest,473.8000000000029,0.0,4.0764
10,Rest,473.90000000000146,0.0,4.0764
10,Rest,474.0,0.0,4.0764
10,Rest,474.09999999999854,0.0,4.0764
10,Rest,474.1999999999971,0.0,4.0765
10,Rest,474.3000000000029,0.0,4.0764
10,Rest,474.40000000000146,0.0,4.0765
10,Rest,474.5,0.0,4.0764
10,Rest,474.59999999999854,0.0,4.0764
10,Rest,474.6999999999971,0.0,4.0764
10,Rest,474.8000000000029,0.0,4.0764
10,Rest,474.90000000000146,0.0,4.0764
10,Rest,475.0,0.0,4.0764
10,Rest,475.09999999999854,0.0,4.0765
10,Rest,475.1999999999971,0.0,4.0765
10,Rest,475.3000000000029,0.0,4.0764
10,Rest,475.40000000000146,0.0,4.0764
10,Rest,475.5,0.0,4.0765
10,Rest,475.59999999999854,0.0,4.0764
10,Rest,475.6999999999971,0.0,4.0764
10,Rest,475.8000000000029,0.0,4.0764
10,Rest,475.90000000000146,0.0,4.0765
10,Rest,476.0,0.0,4.0765
10,Rest,476.09999999999854,0.0,4.0764
10,Rest,476.1999999999971,0.0,4.0765
10,Rest,476.3000000000029,0.0,4.0765
10,Rest,476.40000000000146,0.0,4.0765
10,Rest,476.5,0.0,4.0765
10,Rest,476.59999999999854,0.0,4.0765
10,Rest,476.6999999999971,0.0,4.0765
10,Rest,476.8000000000029,0.0,4.0764
10,Rest,476.90000000000146,0.0,4.0764
10,Rest,477.0,0.0,4.0765
10,Rest,477.09999999999854,0.0,4.0765
10,Rest,477.1999999999971,0.0,4.0765
10,Rest,477.3000000000029,0.0,4.0765
10,Rest,477.40000000000146,0.0,4.0765
10,Rest,477.5,0.0,4.0765
10,Rest,477.59999999999854,0.0,4.0764
10,Rest,477.6999999999971,0.0,4.0764
10,Rest,477.8000000000029,0.0,4.0765
10,Rest,477.90000000000146,0.0,4.0765
10,Rest,478.0,0.0,4.0765
10,Rest,478.09999999999854,0.0,4.0765
10,Rest,478.1999999999971,0.0,4.0765
10,Rest,478.3000000000029,0.0,4.0765
10,Rest,478.40000000000146,0.0,4.0764
10,Rest,478.5,0.0,4.0765
10,Rest,478.59999999999854,0.0,4.0765
10,Rest,478.6999999999971,0.0,4.0765
10,Rest,478.8000000000029,0.0,4.0765
10,Rest,478.90000000000146,0.0,4.0765
10,Rest,479.0,0.0,4.0765
10,Rest,479.09999999999854,0.0,4.0765
10,Rest,479.1999999999971,0.0,4.0765
10,Rest,479.3000000000029,0.0,4.0765
10,Rest,479.40000000000146,0.0,4.0765
10,Rest,479.5,0.0,4.0765
10,Rest,479.59999999999854,0.0,4.0765
10,Rest,479.6999999999971,0.0,4.0765
10,Rest,479.8000000000029,0.0,4.0765
10,Rest,479.90000000000146,0.0,4.0765
10,Rest,480.0,0.0,4.0765
10,Rest,480.09999999999854,0.0,4.0765
10,Rest,480.1999999999971,0.0,4.0765
10,Rest,480.3000000000029,0.0,4.0765
10,Rest,480.40000000000146,0.0,4.0765
10,Rest,480.5,0.0,4.0765
10,Rest,480.59999999999854,0.0,4.0765
10,Rest,480.6999999999971,0.0,4.0765
10,Rest,480.8000000000029,0.0,4.0765
10,Rest,480.90000000000146,0.0,4.0765
10,Rest,481.0,0.0,4.0765
10,Rest,481.09999999999854,0.0,4.0765
10,Rest,481.1999999999971,0.0,4.0765
10,Rest,481.3000000000029,0.0,4.0765
10,Rest,481.40000000000146,0.0,4.0765
10,Rest,481.5,0.0,4.0765
10,Rest,481.59999999999854,0.0,4.0765
10,Rest,481.6999999999971,0.0,4.0766
10,Rest,481.8000000000029,0.0,4.0765
10,Rest,481.90000000000146,0.0,4.0765
10,Rest,482.0,0.0,4.0765
10,Rest,482.09999999999854,0.0,4.0765
10,Rest,482.1999999999971,0.0,4.0765
10,Rest,482.3000000000029,0.0,4.0765
10,Rest,482.40000000000146,0.0,4.0765
10,Rest,482.5,0.0,4.0765
10,Rest,482.59999999999854,0.0,4.0765
10,Rest,482.6999999999971,0.0,4.0766
10,Rest,482.8000000000029,0.0,4.0765
10,Rest,482.90000000000146,0.0,4.0766
10,Rest,483.0,0.0,4.0765
10,Rest,483.09999999999854,0.0,4.0765
10,Rest,483.1999999999971,0.0,4.0766
10,Rest,483.3000000000029,0.0,4.0766
10,Rest,483.40000000000146,0.0,4.0765
10,Rest,483.5,0.0,4.0765
10,Rest,483.59999999999854,0.0,4.0765
10,Rest,483.6999999999971,0.0,4.0766
10,Rest,483.8000000000029,0.0,4.0766
10,Rest,483.90000000000146,0.0,4.0765
10,Rest,484.0,0.0,4.0765
10,Rest,484.09999999999854,0.0,4.0766
10,Rest,484.1999999999971,0.0,4.0766
10,Rest,484.3000000000029,0.0,4.0766
10,Rest,484.40000000000146,0.0,4.0766
10,Rest,484.5,0.0,4.0766
10,Rest,484.59999999999854,0.0,4.0766
10,Rest,484.6999999999971,0.0,4.0766
10,Rest,484.8000000000029,0.0,4.0765
10,Rest,484.90000000000146,0.0,4.0766
10,Rest,485.0,0.0,4.0766
10,Rest,485.09999999999854,0.0,4.0766
10,Rest,485.1999999999971,0.0,4.0766
10,Rest,485.3000000000029,0.0,4.0766
10,Rest,485.40000000000146,0.0,4.0766
10,Rest,485.5,0.0,4.0766
10,Rest,485.59999999999854,0.0,4.0766
10,Rest,485.6999999999971,0.0,4.0766
10,Rest,485.8000000000029,0.0,4.0766
10,Rest,485.90000000000146,0.0,4.0766
10,Rest,486.0,0.0,4.0766
10,Rest,486.09999999999854,0.0,4.0766
10,Rest,486.1999999999971,0.0,4.0766
10,Rest,486.3000000000029,0.0,4.0766
10,Rest,486.40000000000146,0.0,4.0766
10,Rest,486.5,0.0,4.0766
10,Rest,486.59999999999854,0.0,4.0766
10,Rest,486.6999999999971,0.0,4.0766
10,Rest,486.8000000000029,0.0,4.0766
10,Rest,486.90000000000146,0.0,4.0766
10,Rest,487.0,0.0,4.0766
10,Rest,487.09999999999854,0.0,4.0766
10,Rest,487.1999999999971,0.0,4.0766
10,Rest,487.3000000000029,0.0,4.0766
10,Rest,487.40000000000146,0.0,4.0766
10,Rest,487.5,0.0,4.0766
10,Rest,487.59999999999854,0.0,4.0766
10,Rest,487.6999999999971,0.0,4.0766
10,Rest,487.8000000000029,0.0,4.0766
10,Rest,487.90000000000146,0.0,4.0766
10,Rest,488.0,0.0,4.0766
10,Rest,488.09999999999854,0.0,4.0766
10,Rest,488.1999999999971,0.0,4.0766
10,Rest,488.3000000000029,0.0,4.0766
10,Rest,488.40000000000146,0.0,4.0767
10,Rest,488.5,0.0,4.0767
10,Rest,488.59999999999854,0.0,4.0766
10,Rest,488.6999999999971,0.0,4.0767
10,Rest,488.8000000000029,0.0,4.0767
10,Rest,488.90000000000146,0.0,4.0767
10,Rest,489.0,0.0,4.0766
10,Rest,489.09999999999854,0.0,4.0766
10,Rest,489.1999999999971,0.0,4.0767
10,Rest,489.3000000000029,0.0,4.0767
10,Rest,489.40000000000146,0.0,4.0767
10,Rest,489.5,0.0,4.0767
10,Rest,489.59999999999854,0.0,4.0766
10,Rest,489.6999999999971,0.0,4.0766
10,Rest,489.8000000000029,0.0,4.0767
10,Rest,489.90000000000146,0.0,4.0767
10,Rest,490.0,0.0,4.0766
10,Rest,490.09999999999854,0.0,4.0767
10,Rest,490.1999999999971,0.0,4.0767
10,Rest,490.3000000000029,0.0,4.0767
10,Rest,490.40000000000146,0.0,4.0767
10,Rest,490.5,0.0,4.0767
10,Rest,490.59999999999854,0.0,4.0766
10,Rest,490.6999999999971,0.0,4.0767
10,Rest,490.8000000000029,0.0,4.0767
10,Rest,490.90000000000146,0.0,4.0767
10,Rest,491.0,0.0,4.0767
10,Rest,491.09999999999854,0.0,4.0767
10,Rest,491.1999999999971,0.0,4.0767
10,Rest,491.3000000000029,0.0,4.0767
10,Rest,491.40000000000146,0.0,4.0767
10,Rest,491.5,0.0,4.0767
10,Rest,491.59999999999854,0.0,4.0767
10,Rest,491.6999999999971,0.0,4.0767
10,Rest,491.8000000000029,0.0,4.0767
10,Rest,491.90000000000146,0.0,4.0767
10,Rest,492.0,0.0,4.0767
10,Rest,492.09999999999854,0.0,4.0767
10,Rest,492.1999999999971,0.0,4.0767
10,Rest,492.3000000000029,0.0,4.0767
10,Rest,492.40000000000146,0.0,4.0767
10,Rest,492.5,0.0,4.0767
10,Rest,492.59999999999854,0.0,4.0767
10,Rest,492.6999999999971,0.0,4.0767
10,Rest,492.8000000000029,0.0,4.0767
10,Rest,492.90000000000146,0.0,4.0767
10,Rest,493.0,0.0,4.0767
10,Rest,493.09999999999854,0.0,4.0767
10,Rest,493.1999999999971,0.0,4.0767
10,Rest,493.3000000000029,0.0,4.0767
10,Rest,493.40000000000146,0.0,4.0767
10,Rest,493.5,0.0,4.0767
10,Rest,493.59999999999854,0.0,4.0767
10,Rest,493.6999999999971,0.0,4.0767
10,Rest,493.8000000000029,0.0,4.0768
10,Rest,493.90000000000146,0.0,4.0767
10,Rest,494.0,0.0,4.0767
10,Rest,494.09999999999854,0.0,4.0767
10,Rest,494.1999999999971,0.0,4.0767
10,Rest,494.3000000000029,0.0,4.0768
10,Rest,494.40000000000146,0.0,4.0768
10,Rest,494.5,0.0,4.0768
10,Rest,494.59999999999854,0.0,4.0768
10,Rest,494.6999999999971,0.0,4.0768
10,Rest,494.8000000000029,0.0,4.0768
10,Rest,494.90000000000146,0.0,4.0768
10,Rest,495.0,0.0,4.0768
10,Rest,495.09999999999854,0.0,4.0768
10,Rest,495.1999999999971,0.0,4.0768
10,Rest,495.3000000000029,0.0,4.0767
10,Rest,495.40000000000146,0.0,4.0768
10,Rest,495.5,0.0,4.0768
10,Rest,495.59999999999854,0.0,4.0768
10,Rest,495.6999999999971,0.0,4.0768
10,Rest,495.8000000000029,0.0,4.0767
10,Rest,495.90000000000146,0.0,4.0768
10,Rest,496.0,0.0,4.0768
10,Rest,496.09999999999854,0.0,4.0768
10,Rest,496.1999999999971,0.0,4.0768
10,Rest,496.3000000000029,0.0,4.0768
10,Rest,496.40000000000146,0.0,4.0768
10,Rest,496.5,0.0,4.0768
10,Rest,496.59999999999854,0.0,4.0768
10,Rest,496.6999999999971,0.0,4.0768
10,Rest,496.8000000000029,0.0,4.0768
10,Rest,496.90000000000146,0.0,4.0768
10,Rest,497.0,0.0,4.0768
10,Rest,497.09999999999854,0.0,4.0768
10,Rest,497.1999999999971,0.0,4.0768
10,Rest,497.3000000000029,0.0,4.0768
10,Rest,497.40000000000146,0.0,4.0768
10,Rest,497.5,0.0,4.0768
10,Rest,497.59999999999854,0.0,4.0767
10,Rest,497.6999999999971,0.0,4.0768
10,Rest,497.8000000000029,0.0,4.0768
10,Rest,497.90000000000146,0.0,4.0768
10,Rest,498.0,0.0,4.0768
10,Rest,498.09999999999854,0.0,4.0768
10,Rest,498.1999999999971,0.0,4.0768
10,Rest,498.3000000000029,0.0,4.0768
10,Rest,498.40000000000146,0.0,4.0768
10,Rest,498.5,0.0,4.0768
10,Rest,498.59999999999854,0.0,4.0768
10,Rest,498.6999999999971,0.0,4.0768
10,Rest,498.8000000000029,0.0,4.0768
10,Rest,498.90000000000146,0.0,4.0768
10,Rest,499.0,0.0,4.0768
10,Rest,499.09999999999854,0.0,4.0768
10,Rest,499.1999999999971,0.0,4.0768
10,Rest,499.3000000000029,0.0,4.0768
10,Rest,499.40000000000146,0.0,4.0768
10,Rest,499.5,0.0,4.0769
10,Rest,499.59999999999854,0.0,4.0768
10,Rest,499.6999999999971,0.0,4.0768
10,Rest,499.8000000000029,0.0,4.0768
10,Rest,499.90000000000146,0.0,4.0768
10,Rest,500.0,0.0,4.0768
10,Rest,500.09999999999854,0.0,4.0768
10,Rest,500.1999999999971,0.0,4.0768
10,Rest,500.3000000000029,0.0,4.0769
10,Rest,500.40000000000146,0.0,4.0769
10,Rest,500.5,0.0,4.0769
10,Rest,500.59999999999854,0.0,4.0769
10,Rest,500.6999999999971,0.0,4.0769
10,Rest,500.8000000000029,0.0,4.0769
10,Rest,500.90000000000146,0.0,4.0769
10,Rest,501.0,0.0,4.0769
10,Rest,501.09999999999854,0.0,4.0769
10,Rest,501.1999999999971,0.0,4.0768
10,Rest,501.3000000000029,0.0,4.0768
10,Rest,501.40000000000146,0.0,4.0769
10,Rest,501.5,0.0,4.0769
10,Rest,501.59999999999854,0.0,4.0769
10,Rest,501.6999999999971,0.0,4.0769
10,Rest,501.8000000000029,0.0,4.0768
10,Rest,501.90000000000146,0.0,4.0769
10,Rest,502.0,0.0,4.0769
10,Rest,502.09999999999854,0.0,4.0769
10,Rest,502.1999999999971,0.0,4.0769
10,Rest,502.3000000000029,0.0,4.0769
10,Rest,502.40000000000146,0.0,4.0769
10,Rest,502.5,0.0,4.0769
10,Rest,502.59999999999854,0.0,4.0769
10,Rest,502.6999999999971,0.0,4.0769
10,Rest,502.8000000000029,0.0,4.0769
10,Rest,502.90000000000146,0.0,4.0769
10,Rest,503.0,0.0,4.0769
10,Rest,503.09999999999854,0.0,4.0769
10,Rest,503.1999999999971,0.0,4.0769
10,Rest,503.3000000000029,0.0,4.0769
10,Rest,503.40000000000146,0.0,4.0769
10,Rest,503.5,0.0,4.0769
10,Rest,503.59999999999854,0.0,4.077
10,Rest,503.6999999999971,0.0,4.077
10,Rest,503.8000000000029,0.0,4.0769
10,Rest,503.90000000000146,0.0,4.0769
10,Rest,504.0,0.0,4.0769
10,Rest,504.09999999999854,0.0,4.0769
10,Rest,504.1999999999971,0.0,4.0769
10,Rest,504.3000000000029,0.0,4.0769
10,Rest,504.40000000000146,0.0,4.0769
10,Rest,504.5,0.0,4.0769
10,Rest,504.59999999999854,0.0,4.0769
10,Rest,504.6999999999971,0.0,4.0769
10,Rest,504.8000000000029,0.0,4.0769
10,Rest,504.90000000000146,0.0,4.0769
10,Rest,505.0,0.0,4.0769
10,Rest,505.09999999999854,0.0,4.0769
10,Rest,505.1999999999971,0.0,4.0769
10,Rest,505.3000000000029,0.0,4.0769
10,Rest,505.40000000000146,0.0,4.077
10,Rest,505.5,0.0,4.077
10,Rest,505.59999999999854,0.0,4.077
10,Rest,505.6999999999971,0.0,4.077
10,Rest,505.8000000000029,0.0,4.077
10,Rest,505.90000000000146,0.0,4.077
10,Rest,506.0,0.0,4.0769
10,Rest,506.09999999999854,0.0,4.077
10,Rest,506.1999999999971,0.0,4.077
10,Rest,506.3000000000029,0.0,4.077
10,Rest,506.40000000000146,0.0,4.0769
10,Rest,506.5,0.0,4.0769
10,Rest,506.59999999999854,0.0,4.0769
10,Rest,506.6999999999971,0.0,4.077
10,Rest,506.8000000000029,0.0,4.077
10,Rest,506.90000000000146,0.0,4.0769
10,Rest,507.0,0.0,4.077
10,Rest,507.09999999999854,0.0,4.077
10,Rest,507.1999999999971,0.0,4.077
10,Rest,507.3000000000029,0.0,4.077
10,Rest,507.40000000000146,0.0,4.077
10,Rest,507.5,0.0,4.077
10,Rest,507.59999999999854,0.0,4.0769
10,Rest,507.6999999999971,0.0,4.077
10,Rest,507.8000000000029,0.0,4.077
10,Rest,507.90000000000146,0.0,4.0769
10,Rest,508.0,0.0,4.0769
10,Rest,508.09999999999854,0.0,4.0769
10,Rest,508.1999999999971,0.0,4.0769
10,Rest,508.3000000000029,0.0,4.0769
10,Rest,508.40000000000146,0.0,4.0769
10,Rest,508.5,0.0,4.0769
10,Rest,508.59999999999854,0.0,4.0769
10,Rest,508.6999999999971,0.0,4.0769
10,Rest,508.8000000000029,0.0,4.077
10,Rest,508.90000000000146,0.0,4.077
10,Rest,509.0,0.0,4.077
10,Rest,509.09999999999854,0.0,4.0769
10,Rest,509.1999999999971,0.0,4.0769
10,Rest,509.3000000000029,0.0,4.0769
10,Rest,509.40000000000146,0.0,4.077
10,Rest,509.5,0.0,4.077
10,Rest,509.59999999999854,0.0,4.077
10,Rest,509.6999999999971,0.0,4.077
10,Rest,509.8000000000029,0.0,4.077
10,Rest,509.90000000000146,0.0,4.077
10,Rest,510.0,0.0,4.077
10,Rest,510.09999999999854,0.0,4.077
10,Rest,510.1999999999971,0.0,4.077
10,Rest,510.3000000000029,0.0,4.077
10,Rest,510.40000000000146,0.0,4.0769
10,Rest,510.5,0.0,4.0769
10,Rest,510.59999999999854,0.0,4.0769
10,Rest,510.6999999999971,0.0,4.077
10,Rest,510.8000000000029,0.0,4.077
10,Rest,510.90000000000146,0.0,4.077
10,Rest,511.0,0.0,4.077
10,Rest,511.09999999999854,0.0,4.077
10,Rest,511.1999999999971,0.0,4.077
10,Rest,511.3000000000029,0.0,4.077
10,Rest,511.40000000000146,0.0,4.077
10,Rest,511.5,0.0,4.077
10,Rest,511.59999999999854,0.0,4.077
10,Rest,511.6999999999971,0.0,4.077
10,Rest,511.8000000000029,0.0,4.077
10,Rest,511.90000000000146,0.0,4.077
10,Rest,512.0,0.0,4.077
10,Rest,512.0999999999985,0.0,4.077
10,Rest,512.1999999999971,0.0,4.077
10,Rest,512.3000000000029,0.0,4.077
10,Rest,512.4000000000015,0.0,4.077
10,Rest,512.5,0.0,4.077
10,Rest,512.5999999999985,0.0,4.077
10,Rest,512.6999999999971,0.0,4.077
10,Rest,512.8000000000029,0.0,4.077
10,Rest,512.9000000000015,0.0,4.077
10,Rest,513.0,0.0,4.077
10,Rest,513.0999999999985,0.0,4.077
10,Rest,513.1999999999971,0.0,4.077
10,Rest,513.3000000000029,0.0,4.077
10,Rest,513.4000000000015,0.0,4.077
10,Rest,513.5,0.0,4.077
10,Rest,513.5999999999985,0.0,4.077
10,Rest,513.6999999999971,0.0,4.077
10,Rest,513.8000000000029,0.0,4.077
10,Rest,513.9000000000015,0.0,4.077
10,Rest,514.0,0.0,4.077
10,Rest,514.0999999999985,0.0,4.077
10,Rest,514.1999999999971,0.0,4.077
10,Rest,514.3000000000029,0.0,4.077
10,Rest,514.4000000000015,0.0,4.077
10,Rest,514.5,0.0,4.077
10,Rest,514.5999999999985,0.0,4.077
10,Rest,514.6999999999971,0.0,4.077
10,Rest,514.8000000000029,0.0,4.077
10,Rest,514.9000000000015,0.0,4.077
10,Rest,515.0,0.0,4.077
10,Rest,515.0999999999985,0.0,4.077
10,Rest,515.1999999999971,0.0,4.077
10,Rest,515.3000000000029,0.0,4.0771
10,Rest,515.4000000000015,0.0,4.077
10,Rest,515.5,0.0,4.077
10,Rest,515.5999999999985,0.0,4.0771
10,Rest,515.6999999999971,0.0,4.077
10,Rest,515.8000000000029,0.0,4.077
10,Rest,515.9000000000015,0.0,4.077
10,Rest,516.0,0.0,4.077
10,Rest,516.0999999999985,0.0,4.077
10,Rest,516.1999999999971,0.0,4.077
10,Rest,516.3000000000029,0.0,4.077
10,Rest,516.4000000000015,0.0,4.077
10,Rest,516.5,0.0,4.077
10,Rest,516.5999999999985,0.0,4.0771
10,Rest,516.6999999999971,0.0,4.077
10,Rest,516.8000000000029,0.0,4.0771
10,Rest,516.9000000000015,0.0,4.0771
10,Rest,517.0,0.0,4.077
10,Rest,517.0999999999985,0.0,4.077
10,Rest,517.1999999999971,0.0,4.0771
10,Rest,517.3000000000029,0.0,4.0771
10,Rest,517.4000000000015,0.0,4.0771
10,Rest,517.5,0.0,4.0771
10,Rest,517.5999999999985,0.0,4.0771
10,Rest,517.6999999999971,0.0,4.0771
10,Rest,517.8000000000029,0.0,4.077
10,Rest,517.9000000000015,0.0,4.077
10,Rest,518.0,0.0,4.0771
10,Rest,518.0999999999985,0.0,4.077
10,Rest,518.1999999999971,0.0,4.077
10,Rest,518.3000000000029,0.0,4.077
10,Rest,518.4000000000015,0.0,4.077
10,Rest,518.5,0.0,4.077
10,Rest,518.5999999999985,0.0,4.077
10,Rest,518.6999999999971,0.0,4.077
10,Rest,518.8000000000029,0.0,4.077
10,Rest,518.9000000000015,0.0,4.0771
10,Rest,519.0,0.0,4.077
10,Rest,519.0999999999985,0.0,4.077
10,Rest,519.1999999999971,0.0,4.077
10,Rest,519.3000000000029,0.0,4.077
10,Rest,519.4000000000015,0.0,4.077
10,Rest,519.5,0.0,4.077
10,Rest,519.5999999999985,0.0,4.0771
10,Rest,519.6999999999971,0.0,4.0771
10,Rest,519.8000000000029,0.0,4.0771
10,Rest,519.9000000000015,0.0,4.0771
10,Rest,520.0,0.0,4.0771
10,Rest,520.0999999999985,0.0,4.077
10,Rest,520.1999999999971,0.0,4.077
10,Rest,520.3000000000029,0.0,4.0771
10,Rest,520.4000000000015,0.0,4.077
10,Rest,520.5,0.0,4.077
10,Rest,520.5999999999985,0.0,4.0771
10,Rest,520.6999999999971,0.0,4.0771
10,Rest,520.8000000000029,0.0,4.0771
10,Rest,520.9000000000015,0.0,4.0771
10,Rest,521.0,0.0,4.0771
10,Rest,521.0999999999985,0.0,4.0771
10,Rest,521.1999999999971,0.0,4.0771
10,Rest,521.3000000000029,0.0,4.077
10,Rest,521.4000000000015,0.0,4.0771
10,Rest,521.5,0.0,4.0771
10,Rest,521.5999999999985,0.0,4.077
10,Rest,521.6999999999971,0.0,4.0771
10,Rest,521.8000000000029,0.0,4.0771
10,Rest,521.9000000000015,0.0,4.0771
10,Rest,522.0,0.0,4.0771
10,Rest,522.0999999999985,0.0,4.0771
10,Rest,522.1999999999971,0.0,4.0771
10,Rest,522.3000000000029,0.0,4.0771
10,Rest,522.4000000000015,0.0,4.0771
10,Rest,522.5,0.0,4.0771
10,Rest,522.5999999999985,0.0,4.0771
10,Rest,522.6999999999971,0.0,4.0771
10,Rest,522.8000000000029,0.0,4.0771
10,Rest,522.9000000000015,0.0,4.0771
10,Rest,523.0,0.0,4.0771
10,Rest,523.0999999999985,0.0,4.0771
10,Rest,523.1999999999971,0.0,4.0771
10,Rest,523.3000000000029,0.0,4.0771
10,Rest,523.4000000000015,0.0,4.0771
10,Rest,523.5,0.0,4.0771
10,Rest,523.5999999999985,0.0,4.0771
10,Rest,523.6999999999971,0.0,4.0771
10,Rest,523.8000000000029,0.0,4.0771
10,Rest,523.9000000000015,0.0,4.0771
10,Rest,524.0,0.0,4.0771
10,Rest,524.0999999999985,0.0,4.0771
10,Rest,524.1999999999971,0.0,4.0771
10,Rest,524.3000000000029,0.0,4.0771
10,Rest,524.4000000000015,0.0,4.0771
10,Rest,524.5,0.0,4.0771
10,Rest,524.5999999999985,0.0,4.0771
10,Rest,524.6999999999971,0.0,4.0771
10,Rest,524.8000000000029,0.0,4.077
10,Rest,524.9000000000015,0.0,4.0771
10,Rest,525.0,0.0,4.0771
10,Rest,525.0999999999985,0.0,4.0771
10,Rest,525.1999999999971,0.0,4.0771
10,Rest,525.3000000000029,0.0,4.0771
10,Rest,525.4000000000015,0.0,4.0771
10,Rest,525.5,0.0,4.0771
10,Rest,525.5999999999985,0.0,4.0771
10,Rest,525.6999999999971,0.0,4.0771
10,Rest,525.8000000000029,0.0,4.0771
10,Rest,525.9000000000015,0.0,4.0771
10,Rest,526.0,0.0,4.0771
10,Rest,526.0999999999985,0.0,4.0771
10,Rest,526.1999999999971,0.0,4.0771
10,Rest,526.3000000000029,0.0,4.0771
10,Rest,526.4000000000015,0.0,4.0771
10,Rest,526.5,0.0,4.0771
10,Rest,526.5999999999985,0.0,4.0771
10,Rest,526.6999999999971,0.0,4.0771
10,Rest,526.8000000000029,0.0,4.0771
10,Rest,526.9000000000015,0.0,4.0771
10,Rest,527.0,0.0,4.0771
10,Rest,527.0999999999985,0.0,4.0771
10,Rest,527.1999999999971,0.0,4.0771
10,Rest,527.3000000000029,0.0,4.0771
10,Rest,527.4000000000015,0.0,4.0771
10,Rest,527.5,0.0,4.0771
10,Rest,527.5999999999985,0.0,4.0771
10,Rest,527.6999999999971,0.0,4.0771
10,Rest,527.8000000000029,0.0,4.0772
10,Rest,527.9000000000015,0.0,4.0772
10,Rest,528.0,0.0,4.0771
10,Rest,528.0999999999985,0.0,4.0771
10,Rest,528.1999999999971,0.0,4.0772
10,Rest,528.3000000000029,0.0,4.0772
10,Rest,528.4000000000015,0.0,4.0771
10,Rest,528.5,0.0,4.0772
10,Rest,528.5999999999985,0.0,4.0771
10,Rest,528.6999999999971,0.0,4.0771
10,Rest,528.8000000000029,0.0,4.0771
10,Rest,528.9000000000015,0.0,4.0771
10,Rest,529.0,0.0,4.0772
10,Rest,529.0999999999985,0.0,4.0772
10,Rest,529.1999999999971,0.0,4.0771
10,Rest,529.3000000000029,0.0,4.0772
10,Rest,529.4000000000015,0.0,4.0772
10,Rest,529.5,0.0,4.0772
10,Rest,529.5999999999985,0.0,4.0772
10,Rest,529.6999999999971,0.0,4.0772
10,Rest,529.8000000000029,0.0,4.0772
10,Rest,529.9000000000015,0.0,4.0772
10,Rest,530.0,0.0,4.0772
10,Rest,530.0999999999985,0.0,4.0772
10,Rest,530.1999999999971,0.0,4.0772
10,Rest,530.3000000000029,0.0,4.0772
10,Rest,530.4000000000015,0.0,4.0772
10,Rest,530.5,0.0,4.0772
10,Rest,530.5999999999985,0.0,4.0772
10,Rest,530.6999999999971,0.0,4.0772
10,Rest,530.8000000000029,0.0,4.0772
10,Rest,530.9000000000015,0.0,4.0772
10,Rest,531.0,0.0,4.0772
10,Rest,531.0999999999985,0.0,4.0772
10,Rest,531.1999999999971,0.0,4.0772
10,Rest,531.3000000000029,0.0,4.0772
10,Rest,531.4000000000015,0.0,4.0772
10,Rest,531.5,0.0,4.0772
10,Rest,531.5999999999985,0.0,4.0772
10,Rest,531.6999999999971,0.0,4.0772
10,Rest,531.8000000000029,0.0,4.0772
10,Rest,531.9000000000015,0.0,4.0772
10,Rest,532.0,0.0,4.0772
10,Rest,532.0999999999985,0.0,4.0772
10,Rest,532.1999999999971,0.0,4.0772
10,Rest,532.3000000000029,0.0,4.0772
10,Rest,532.4000000000015,0.0,4.0772
10,Rest,532.5,0.0,4.0772
10,Rest,532.5999999999985,0.0,4.0772
10,Rest,532.6999999999971,0.0,4.0772
10,Rest,532.8000000000029,0.0,4.0772
10,Rest,532.9000000000015,0.0,4.0772
10,Rest,533.0,0.0,4.0772
10,Rest,533.0999999999985,0.0,4.0772
10,Rest,533.1999999999971,0.0,4.0772
10,Rest,533.3000000000029,0.0,4.0773
10,Rest,533.4000000000015,0.0,4.0772
10,Rest,533.5,0.0,4.0772
10,Rest,533.5999999999985,0.0,4.0772
10,Rest,533.6999999999971,0.0,4.0772
10,Rest,533.8000000000029,0.0,4.0772
10,Rest,533.9000000000015,0.0,4.0772
10,Rest,534.0,0.0,4.0772
10,Rest,534.0999999999985,0.0,4.0772
10,Rest,534.1999999999971,0.0,4.0772
10,Rest,534.3000000000029,0.0,4.0772
10,Rest,534.4000000000015,0.0,4.0772
10,Rest,534.5,0.0,4.0772
10,Rest,534.5999999999985,0.0,4.0772
10,Rest,534.6999999999971,0.0,4.0772
10,Rest,534.8000000000029,0.0,4.0772
10,Rest,534.9000000000015,0.0,4.0772
10,Rest,535.0,0.0,4.0772
10,Rest,535.0999999999985,0.0,4.0772
10,Rest,535.1999999999971,0.0,4.0772
10,Rest,535.3000000000029,0.0,4.0772
10,Rest,535.4000000000015,0.0,4.0772
10,Rest,535.5,0.0,4.0772
10,Rest,535.5999999999985,0.0,4.0772
10,Rest,535.6999999999971,0.0,4.0772
10,Rest,535.8000000000029,0.0,4.0772
10,Rest,535.9000000000015,0.0,4.0772
10,Rest,536.0,0.0,4.0772
10,Rest,536.0999999999985,0.0,4.0772
10,Rest,536.1999999999971,0.0,4.0772
10,Rest,536.3000000000029,0.0,4.0772
10,Rest,536.4000000000015,0.0,4.0772
10,Rest,536.5,0.0,4.0772
10,Rest,536.5999999999985,0.0,4.0772
10,Rest,536.6999999999971,0.0,4.0772
10,Rest,536.8000000000029,0.0,4.0772
10,Rest,536.9000000000015,0.0,4.0772
10,Rest,537.0,0.0,4.0772
10,Rest,537.0999999999985,0.0,4.0772
10,Rest,537.1999999999971,0.0,4.0772
10,Rest,537.3000000000029,0.0,4.0772
10,Rest,537.4000000000015,0.0,4.0772
10,Rest,537.5,0.0,4.0772
10,Rest,537.5999999999985,0.0,4.0772
10,Rest,537.6999999999971,0.0,4.0772
10,Rest,537.8000000000029,0.0,4.0773
10,Rest,537.9000000000015,0.0,4.0773
10,Rest,538.0,0.0,4.0772
10,Rest,538.0999999999985,0.0,4.0772
10,Rest,538.1999999999971,0.0,4.0772
10,Rest,538.3000000000029,0.0,4.0772
10,Rest,538.4000000000015,0.0,4.0773
10,Rest,538.5,0.0,4.0773
10,Rest,538.5999999999985,0.0,4.0772
10,Rest,538.6999999999971,0.0,4.0772
10,Rest,538.8000000000029,0.0,4.0772
10,Rest,538.9000000000015,0.0,4.0772
10,Rest,539.0,0.0,4.0772
10,Rest,539.0999999999985,0.0,4.0772
10,Rest,539.1999999999971,0.0,4.0772
10,Rest,539.3000000000029,0.0,4.0772
10,Rest,539.4000000000015,0.0,4.0773
10,Rest,539.5,0.0,4.0773
10,Rest,539.5999999999985,0.0,4.0773
10,Rest,539.6999999999971,0.0,4.0772
10,Rest,539.8000000000029,0.0,4.0772
10,Rest,539.9000000000015,0.0,4.0773
10,Rest,540.0,0.0,4.0772
10,Rest,540.0999999999985,0.0,4.0772
10,Rest,540.1999999999971,0.0,4.0772
10,Rest,540.3000000000029,0.0,4.0772
10,Rest,540.4000000000015,0.0,4.0772
10,Rest,540.5,0.0,4.0772
10,Rest,540.5999999999985,0.0,4.0773
10,Rest,540.6999999999971,0.0,4.0772
10,Rest,540.8000000000029,0.0,4.0773
10,Rest,540.9000000000015,0.0,4.0773
10,Rest,541.0,0.0,4.0772
10,Rest,541.0999999999985,0.0,4.0772
10,Rest,541.1999999999971,0.0,4.0772
10,Rest,541.3000000000029,0.0,4.0773
10,Rest,541.4000000000015,0.0,4.0772
10,Rest,541.5,0.0,4.0773
10,Rest,541.5999999999985,0.0,4.0772
10,Rest,541.6999999999971,0.0,4.0773
10,Rest,541.8000000000029,0.0,4.0773
10,Rest,541.9000000000015,0.0,4.0772
10,Rest,542.0,0.0,4.0773
10,Rest,542.0999999999985,0.0,4.0772
10,Rest,542.1999999999971,0.0,4.0773
10,Rest,542.3000000000029,0.0,4.0773
10,Rest,542.4000000000015,0.0,4.0773
10,Rest,542.5,0.0,4.0772
10,Rest,542.5999999999985,0.0,4.0773
10,Rest,542.6999999999971,0.0,4.0773
10,Rest,542.8000000000029,0.0,4.0773
10,Rest,542.9000000000015,0.0,4.0773
10,Rest,543.0,0.0,4.0773
10,Rest,543.0999999999985,0.0,4.0772
10,Rest,543.1999999999971,0.0,4.0772
10,Rest,543.3000000000029,0.0,4.0772
10,Rest,543.4000000000015,0.0,4.0773
10,Rest,543.5,0.0,4.0773
10,Rest,543.5999999999985,0.0,4.0773
10,Rest,543.6999999999971,0.0,4.0773
10,Rest,543.8000000000029,0.0,4.0772
10,Rest,543.9000000000015,0.0,4.0772
10,Rest,544.0,0.0,4.0773
10,Rest,544.0999999999985,0.0,4.0774
10,Rest,544.1999999999971,0.0,4.0773
10,Rest,544.3000000000029,0.0,4.0773
10,Rest,544.4000000000015,0.0,4.0773
10,Rest,544.5,0.0,4.0773
10,Rest,544.5999999999985,0.0,4.0773
10,Rest,544.6999999999971,0.0,4.0773
10,Rest,544.8000000000029,0.0,4.0773
10,Rest,544.9000000000015,0.0,4.0773
10,Rest,545.0,0.0,4.0773
10,Rest,545.0999999999985,0.0,4.0773
10,Rest,545.1999999999971,0.0,4.0773
10,Rest,545.3000000000029,0.0,4.0773
10,Rest,545.4000000000015,0.0,4.0773
10,Rest,545.5,0.0,4.0773
10,Rest,545.5999999999985,0.0,4.0773
10,Rest,545.6999999999971,0.0,4.0773
10,Rest,545.8000000000029,0.0,4.0773
10,Rest,545.9000000000015,0.0,4.0773
10,Rest,546.0,0.0,4.0773
10,Rest,546.0999999999985,0.0,4.0773
10,Rest,546.1999999999971,0.0,4.0773
10,Rest,546.3000000000029,0.0,4.0773
10,Rest,546.4000000000015,0.0,4.0773
10,Rest,546.5,0.0,4.0773
10,Rest,546.5999999999985,0.0,4.0773
10,Rest,546.6999999999971,0.0,4.0773
10,Rest,546.8000000000029,0.0,4.0773
10,Rest,546.9000000000015,0.0,4.0773
10,Rest,547.0,0.0,4.0773
10,Rest,547.0999999999985,0.0,4.0774
10,Rest,547.1999999999971,0.0,4.0773
10,Rest,547.3000000000029,0.0,4.0773
10,Rest,547.4000000000015,0.0,4.0773
10,Rest,547.5,0.0,4.0773
10,Rest,547.5999999999985,0.0,4.0773
10,Rest,547.6999999999971,0.0,4.0773
10,Rest,547.8000000000029,0.0,4.0773
10,Rest,547.9000000000015,0.0,4.0773
10,Rest,548.0,0.0,4.0773
10,Rest,548.0999999999985,0.0,4.0773
10,Rest,548.1999999999971,0.0,4.0773
10,Rest,548.3000000000029,0.0,4.0773
10,Rest,548.4000000000015,0.0,4.0773
10,Rest,548.5,0.0,4.0773
10,Rest,548.5999999999985,0.0,4.0773
10,Rest,548.6999999999971,0.0,4.0774
10,Rest,548.8000000000029,0.0,4.0774
10,Rest,548.9000000000015,0.0,4.0774
10,Rest,549.0,0.0,4.0774
10,Rest,549.0999999999985,0.0,4.0773
10,Rest,549.1999999999971,0.0,4.0773
10,Rest,549.3000000000029,0.0,4.0773
10,Rest,549.4000000000015,0.0,4.0773
10,Rest,549.5,0.0,4.0773
10,Rest,549.5999999999985,0.0,4.0774
10,Rest,549.6999999999971,0.0,4.0774
10,Rest,549.8000000000029,0.0,4.0774
10,Rest,549.9000000000015,0.0,4.0774
10,Rest,550.0,0.0,4.0773
10,Rest,550.0999999999985,0.0,4.0774
10,Rest,550.1999999999971,0.0,4.0774
10,Rest,550.3000000000029,0.0,4.0774
10,Rest,550.4000000000015,0.0,4.0774
10,Rest,550.5,0.0,4.0773
10,Rest,550.5999999999985,0.0,4.0773
10,Rest,550.6999999999971,0.0,4.0773
10,Rest,550.8000000000029,0.0,4.0774
10,Rest,550.9000000000015,0.0,4.0774
10,Rest,551.0,0.0,4.0774
10,Rest,551.0999999999985,0.0,4.0774
10,Rest,551.1999999999971,0.0,4.0774
10,Rest,551.3000000000029,0.0,4.0774
10,Rest,551.4000000000015,0.0,4.0774
10,Rest,551.5,0.0,4.0774
10,Rest,551.5999999999985,0.0,4.0774
10,Rest,551.6999999999971,0.0,4.0773
10,Rest,551.8000000000029,0.0,4.0774
10,Rest,551.9000000000015,0.0,4.0774
10,Rest,552.0,0.0,4.0774
10,Rest,552.0999999999985,0.0,4.0774
10,Rest,552.1999999999971,0.0,4.0773
10,Rest,552.3000000000029,0.0,4.0773
10,Rest,552.4000000000015,0.0,4.0774
10,Rest,552.5,0.0,4.0774
10,Rest,552.5999999999985,0.0,4.0774
10,Rest,552.6999999999971,0.0,4.0773
10,Rest,552.8000000000029,0.0,4.0774
10,Rest,552.9000000000015,0.0,4.0774
10,Rest,553.0,0.0,4.0774
10,Rest,553.0999999999985,0.0,4.0774
10,Rest,553.1999999999971,0.0,4.0774
10,Rest,553.3000000000029,0.0,4.0774
10,Rest,553.4000000000015,0.0,4.0774
10,Rest,553.5,0.0,4.0774
10,Rest,553.5999999999985,0.0,4.0774
10,Rest,553.6999999999971,0.0,4.0774
10,Rest,553.8000000000029,0.0,4.0774
10,Rest,553.9000000000015,0.0,4.0774
10,Rest,554.0,0.0,4.0774
10,Rest,554.0999999999985,0.0,4.0774
10,Rest,554.1999999999971,0.0,4.0774
10,Rest,554.3000000000029,0.0,4.0774
10,Rest,554.4000000000015,0.0,4.0774
10,Rest,554.5,0.0,4.0774
10,Rest,554.5999999999985,0.0,4.0774
10,Rest,554.6999999999971,0.0,4.0774
10,Rest,554.8000000000029,0.0,4.0774
10,Rest,554.9000000000015,0.0,4.0774
10,Rest,555.0,0.0,4.0774
10,Rest,555.0999999999985,0.0,4.0774
10,Rest,555.1999999999971,0.0,4.0774
10,Rest,555.3000000000029,0.0,4.0774
10,Rest,555.4000000000015,0.0,4.0774
10,Rest,555.5,0.0,4.0775
10,Rest,555.5999999999985,0.0,4.0773
10,Rest,555.6999999999971,0.0,4.0773
10,Rest,555.8000000000029,0.0,4.0774
10,Rest,555.9000000000015,0.0,4.0774
10,Rest,556.0,0.0,4.0774
10,Rest,556.0999999999985,0.0,4.0774
10,Rest,556.1999999999971,0.0,4.0774
10,Rest,556.3000000000029,0.0,4.0774
10,Rest,556.4000000000015,0.0,4.0775
10,Rest,556.5,0.0,4.0774
10,Rest,556.5999999999985,0.0,4.0774
10,Rest,556.6999999999971,0.0,4.0774
10,Rest,556.8000000000029,0.0,4.0774
10,Rest,556.9000000000015,0.0,4.0774
10,Rest,557.0,0.0,4.0774
10,Rest,557.0999999999985,0.0,4.0774
10,Rest,557.1999999999971,0.0,4.0774
10,Rest,557.3000000000029,0.0,4.0774
10,Rest,557.4000000000015,0.0,4.0774
10,Rest,557.5,0.0,4.0774
10,Rest,557.5999999999985,0.0,4.0774
10,Rest,557.6999999999971,0.0,4.0774
10,Rest,557.8000000000029,0.0,4.0774
10,Rest,557.9000000000015,0.0,4.0774
10,Rest,558.0,0.0,4.0774
10,Rest,558.0999999999985,0.0,4.0774
10,Rest,558.1999999999971,0.0,4.0774
10,Rest,558.3000000000029,0.0,4.0775
10,Rest,558.4000000000015,0.0,4.0775
10,Rest,558.5,0.0,4.0775
10,Rest,558.5999999999985,0.0,4.0774
10,Rest,558.6999999999971,0.0,4.0774
10,Rest,558.8000000000029,0.0,4.0774
10,Rest,558.9000000000015,0.0,4.0774
10,Rest,559.0,0.0,4.0774
10,Rest,559.0999999999985,0.0,4.0775
10,Rest,559.1999999999971,0.0,4.0775
10,Rest,559.3000000000029,0.0,4.0775
10,Rest,559.4000000000015,0.0,4.0775
10,Rest,559.5,0.0,4.0775
10,Rest,559.5999999999985,0.0,4.0775
10,Rest,559.6999999999971,0.0,4.0774
10,Rest,559.8000000000029,0.0,4.0775
10,Rest,559.9000000000015,0.0,4.0775
10,Rest,560.0,0.0,4.0774
10,Rest,560.0999999999985,0.0,4.0775
10,Rest,560.1999999999971,0.0,4.0775
10,Rest,560.3000000000029,0.0,4.0775
10,Rest,560.4000000000015,0.0,4.0775
10,Rest,560.5,0.0,4.0775
10,Rest,560.5999999999985,0.0,4.0774
10,Rest,560.6999999999971,0.0,4.0774
10,Rest,560.8000000000029,0.0,4.0775
10,Rest,560.9000000000015,0.0,4.0775
10,Rest,561.0,0.0,4.0775
10,Rest,561.0999999999985,0.0,4.0774
10,Rest,561.1999999999971,0.0,4.0775
10,Rest,561.3000000000029,0.0,4.0775
10,Rest,561.4000000000015,0.0,4.0775
10,Rest,561.5,0.0,4.0775
10,Rest,561.5999999999985,0.0,4.0775
10,Rest,561.6999999999971,0.0,4.0775
10,Rest,561.8000000000029,0.0,4.0775
10,Rest,561.9000000000015,0.0,4.0774
10,Rest,562.0,0.0,4.0774
10,Rest,562.0999999999985,0.0,4.0775
10,Rest,562.1999999999971,0.0,4.0775
10,Rest,562.3000000000029,0.0,4.0775
10,Rest,562.4000000000015,0.0,4.0775
10,Rest,562.5,0.0,4.0775
10,Rest,562.5999999999985,0.0,4.0774
10,Rest,562.6999999999971,0.0,4.0774
10,Rest,562.8000000000029,0.0,4.0775
10,Rest,562.9000000000015,0.0,4.0775
10,Rest,563.0,0.0,4.0775
10,Rest,563.0999999999985,0.0,4.0775
10,Rest,563.1999999999971,0.0,4.0775
10,Rest,563.3000000000029,0.0,4.0775
10,Rest,563.4000000000015,0.0,4.0775
10,Rest,563.5,0.0,4.0775
10,Rest,563.5999999999985,0.0,4.0775
10,Rest,563.6999999999971,0.0,4.0775
10,Rest,563.8000000000029,0.0,4.0775
10,Rest,563.9000000000015,0.0,4.0775
10,Rest,564.0,0.0,4.0775
10,Rest,564.0999999999985,0.0,4.0775
10,Rest,564.1999999999971,0.0,4.0775
10,Rest,564.3000000000029,0.0,4.0775
10,Rest,564.4000000000015,0.0,4.0775
10,Rest,564.5,0.0,4.0775
10,Rest,564.5999999999985,0.0,4.0775
10,Rest,564.6999999999971,0.0,4.0775
10,Rest,564.8000000000029,0.0,4.0775
10,Rest,564.9000000000015,0.0,4.0775
10,Rest,565.0,0.0,4.0775
10,Rest,565.0999999999985,0.0,4.0775
10,Rest,565.1999999999971,0.0,4.0775
10,Rest,565.3000000000029,0.0,4.0775
10,Rest,565.4000000000015,0.0,4.0775
10,Rest,565.5,0.0,4.0775
10,Rest,565.5999999999985,0.0,4.0775
10,Rest,565.6999999999971,0.0,4.0775
10,Rest,565.8000000000029,0.0,4.0775
10,Rest,565.9000000000015,0.0,4.0775
10,Rest,566.0,0.0,4.0775
10,Rest,566.0999999999985,0.0,4.0775
10,Rest,566.1999999999971,0.0,4.0775
10,Rest,566.3000000000029,0.0,4.0775
10,Rest,566.4000000000015,0.0,4.0775
10,Rest,566.5,0.0,4.0775
10,Rest,566.5999999999985,0.0,4.0775
10,Rest,566.6999999999971,0.0,4.0775
10,Rest,566.8000000000029,0.0,4.0775
10,Rest,566.9000000000015,0.0,4.0776
10,Rest,567.0,0.0,4.0775
10,Rest,567.0999999999985,0.0,4.0775
10,Rest,567.1999999999971,0.0,4.0775
10,Rest,567.3000000000029,0.0,4.0775
10,Rest,567.4000000000015,0.0,4.0775
10,Rest,567.5,0.0,4.0775
10,Rest,567.5999999999985,0.0,4.0775
10,Rest,567.6999999999971,0.0,4.0775
10,Rest,567.8000000000029,0.0,4.0775
10,Rest,567.9000000000015,0.0,4.0775
10,Rest,568.0,0.0,4.0775
10,Rest,568.0999999999985,0.0,4.0775
10,Rest,568.1999999999971,0.0,4.0775
10,Rest,568.3000000000029,0.0,4.0775
10,Rest,568.4000000000015,0.0,4.0775
10,Rest,568.5,0.0,4.0775
10,Rest,568.5999999999985,0.0,4.0775
10,Rest,568.6999999999971,0.0,4.0775
10,Rest,568.8000000000029,0.0,4.0775
10,Rest,568.9000000000015,0.0,4.0775
10,Rest,569.0,0.0,4.0775
10,Rest,569.0999999999985,0.0,4.0775
10,Rest,569.1999999999971,0.0,4.0776
10,Rest,569.3000000000029,0.0,4.0776
10,Rest,569.4000000000015,0.0,4.0775
10,Rest,569.5,0.0,4.0776
10,Rest,569.5999999999985,0.0,4.0776
10,Rest,569.6999999999971,0.0,4.0775
10,Rest,569.8000000000029,0.0,4.0776
10,Rest,569.9000000000015,0.0,4.0776
10,Rest,570.0,0.0,4.0775
10,Rest,570.0999999999985,0.0,4.0776
10,Rest,570.1999999999971,0.0,4.0776
10,Rest,570.3000000000029,0.0,4.0776
10,Rest,570.4000000000015,0.0,4.0776
10,Rest,570.5,0.0,4.0776
10,Rest,570.5999999999985,0.0,4.0776
10,Rest,570.6999999999971,0.0,4.0776
10,Rest,570.8000000000029,0.0,4.0776
10,Rest,570.9000000000015,0.0,4.0776
10,Rest,571.0,0.0,4.0775
10,Rest,571.0999999999985,0.0,4.0775
10,Rest,571.1999999999971,0.0,4.0776
10,Rest,571.3000000000029,0.0,4.0776
10,Rest,571.4000000000015,0.0,4.0776
10,Rest,571.5,0.0,4.0775
10,Rest,571.5999999999985,0.0,4.0776
10,Rest,571.6999999999971,0.0,4.0775
10,Rest,571.8000000000029,0.0,4.0775
10,Rest,571.9000000000015,0.0,4.0775
10,Rest,572.0,0.0,4.0775
10,Rest,572.0999999999985,0.0,4.0776
10,Rest,572.1999999999971,0.0,4.0776
10,Rest,572.3000000000029,0.0,4.0776
10,Rest,572.4000000000015,0.0,4.0776
10,Rest,572.5,0.0,4.0776
10,Rest,572.5999999999985,0.0,4.0776
10,Rest,572.6999999999971,0.0,4.0776
10,Rest,572.8000000000029,0.0,4.0776
10,Rest,572.9000000000015,0.0,4.0776
10,Rest,573.0,0.0,4.0776
10,Rest,573.0999999999985,0.0,4.0776
10,Rest,573.1999999999971,0.0,4.0776
10,Rest,573.3000000000029,0.0,4.0776
10,Rest,573.4000000000015,0.0,4.0776
10,Rest,573.5,0.0,4.0776
10,Rest,573.5999999999985,0.0,4.0776
10,Rest,573.6999999999971,0.0,4.0776
10,Rest,573.8000000000029,0.0,4.0776
10,Rest,573.9000000000015,0.0,4.0776
10,Rest,574.0,0.0,4.0776
10,Rest,574.0999999999985,0.0,4.0776
10,Rest,574.1999999999971,0.0,4.0776
10,Rest,574.3000000000029,0.0,4.0776
10,Rest,574.4000000000015,0.0,4.0776
10,Rest,574.5,0.0,4.0776
10,Rest,574.5999999999985,0.0,4.0776
10,Rest,574.6999999999971,0.0,4.0775
10,Rest,574.8000000000029,0.0,4.0776
10,Rest,574.9000000000015,0.0,4.0776
10,Rest,575.0,0.0,4.0776
10,Rest,575.0999999999985,0.0,4.0776
10,Rest,575.1999999999971,0.0,4.0776
10,Rest,575.3000000000029,0.0,4.0776
10,Rest,575.4000000000015,0.0,4.0776
10,Rest,575.5,0.0,4.0776
10,Rest,575.5999999999985,0.0,4.0776
10,Rest,575.6999999999971,0.0,4.0776
10,Rest,575.8000000000029,0.0,4.0776
10,Rest,575.9000000000015,0.0,4.0776
10,Rest,576.0,0.0,4.0776
10,Rest,576.0999999999985,0.0,4.0776
10,Rest,576.1999999999971,0.0,4.0776
10,Rest,576.3000000000029,0.0,4.0776
10,Rest,576.4000000000015,0.0,4.0776
10,Rest,576.5,0.0,4.0776
10,Rest,576.5999999999985,0.0,4.0776
10,Rest,576.6999999999971,0.0,4.0776
10,Rest,576.8000000000029,0.0,4.0776
10,Rest,576.9000000000015,0.0,4.0776
10,Rest,577.0,0.0,4.0776
10,Rest,577.0999999999985,0.0,4.0776
10,Rest,577.1999999999971,0.0,4.0776
10,Rest,577.3000000000029,0.0,4.0776
10,Rest,577.4000000000015,0.0,4.0776
10,Rest,577.5,0.0,4.0776
10,Rest,577.5999999999985,0.0,4.0776
10,Rest,577.6999999999971,0.0,4.0776
10,Rest,577.8000000000029,0.0,4.0776
10,Rest,577.9000000000015,0.0,4.0776
10,Rest,578.0,0.0,4.0776
10,Rest,578.0999999999985,0.0,4.0776
10,Rest,578.1999999999971,0.0,4.0776
10,Rest,578.3000000000029,0.0,4.0776
10,Rest,578.4000000000015,0.0,4.0776
10,Rest,578.5,0.0,4.0776
10,Rest,578.5999999999985,0.0,4.0776
10,Rest,578.6999999999971,0.0,4.0776
10,Rest,578.8000000000029,0.0,4.0776
10,Rest,578.9000000000015,0.0,4.0776
10,Rest,579.0,0.0,4.0776
10,Rest,579.0999999999985,0.0,4.0776
10,Rest,579.1999999999971,0.0,4.0776
10,Rest,579.3000000000029,0.0,4.0776
10,Rest,579.4000000000015,0.0,4.0776
10,Rest,579.5,0.0,4.0776
10,Rest,579.5999999999985,0.0,4.0776
10,Rest,579.6999999999971,0.0,4.0776
10,Rest,579.8000000000029,0.0,4.0776
10,Rest,579.9000000000015,0.0,4.0776
10,Rest,580.0,0.0,4.0776
10,Rest,580.0999999999985,0.0,4.0776
10,Rest,580.1999999999971,0.0,4.0776
10,Rest,580.3000000000029,0.0,4.0776
10,Rest,580.4000000000015,0.0,4.0776
10,Rest,580.5,0.0,4.0776
10,Rest,580.5999999999985,0.0,4.0776
10,Rest,580.6999999999971,0.0,4.0776
10,Rest,580.8000000000029,0.0,4.0776
10,Rest,580.9000000000015,0.0,4.0776
10,Rest,581.0,0.0,4.0777
10,Rest,581.0999999999985,0.0,4.0777
10,Rest,581.1999999999971,0.0,4.0777
10,Rest,581.3000000000029,0.0,4.0777
