Step,Step Type,"t,s","I,A","U,V"
13,CC DChg,0.0,-1.6986,4.0199
13,CC DChg,2.75,-1.6986,4.0199
13,CC DChg,3.0909090909117367,-1.6988,4.0196
13,CC DChg,3.4318181818234734,-1.6989,4.0196
13,CC DChg,3.772727272720658,-1.6992,4.0191
13,CC DChg,4.113636363632395,-1.6993,4.0184
13,CC DChg,4.454545454544132,-1.6994,4.0179
13,CC DChg,4.795454545455868,-1.6995,4.0175
13,CC DChg,5.136363636367605,-1.6995,4.0171
13,CC DChg,5.477272727279342,-1.6996,4.0168
13,CC DChg,5.818181818176527,-1.6996,4.0164
13,CC DChg,6.159090909088263,-1.6996,4.0162
13,CC DChg,6.280991735533462,-1.6996,4.0159
13,CC DChg,6.4028925619786605,-1.6997,4.0156
13,CC DChg,6.524793388423859,-1.6997,4.0154
13,CC DChg,6.646694214869058,-1.6997,4.0152
13,CC DChg,6.768595041314256,-1.6997,4.0149
13,CC DChg,6.890495867774007,-1.6997,4.0147
13,CC DChg,7.0123966942192055,-1.6997,4.0145
13,CC DChg,7.134297520664404,-1.6997,4.0143
13,CC DChg,7.256198347109603,-1.6997,4.0141
13,CC DChg,7.378099173554801,-1.6997,4.014
13,CC DChg,7.480090157783707,-1.6998,4.0138
13,CC DChg,7.58208114199806,-1.6998,4.0136
13,CC DChg,7.684072126226965,-1.6998,4.0134
13,CC DChg,7.786063110441319,-1.6998,4.0132
13,CC DChg,7.888054094670224,-1.6998,4.0131
13,CC DChg,7.990045078884577,-1.6998,4.0129
13,CC DChg,8.092036063113483,-1.6998,4.0128
13,CC DChg,8.194027047327836,-1.6998,4.0127
13,CC DChg,8.296018031556741,-1.6998,4.0125
13,CC DChg,8.398009015771095,-1.6998,4.0123
13,CC DChg,8.498190014332067,-1.6998,4.0122
13,CC DChg,8.598371012907592,-1.6998,4.0121
13,CC DChg,8.698552011468564,-1.6998,4.0119
13,CC DChg,8.798733010029537,-1.6998,4.0118
13,CC DChg,8.898914008605061,-1.6998,4.0116
13,CC DChg,8.999095007166034,-1.6998,4.0115
13,CC DChg,9.099276005741558,-1.6998,4.0114
13,CC DChg,9.19945700430253,-1.6998,4.0113
13,CC DChg,9.299638002863503,-1.6998,4.0112
13,CC DChg,9.399819001439027,-1.6998,4.0111
13,CC DChg,9.49983545584837,-1.6998,4.0108
13,CC DChg,9.599851910272264,-1.6998,4.0107
13,CC DChg,9.699868364681606,-1.6998,4.0107
13,CC DChg,9.799884819090948,-1.6999,4.0106
13,CC DChg,9.899901273514843,-1.6999,4.0104
13,CC DChg,9.999917727924185,-1.6998,4.0103
13,CC DChg,10.099934182348079,-1.6998,4.0102
13,CC DChg,10.199950636757421,-1.6998,4.0101
13,CC DChg,10.299967091166764,-1.6999,4.0099
13,CC DChg,10.399983545590658,-1.6999,4.0099
13,CC DChg,10.499985041446052,-1.6999,4.0098
13,CC DChg,10.599986537301447,-1.6999,4.0097
13,CC DChg,10.699988033156842,-1.6999,4.0096
13,CC DChg,10.799989529012237,-1.6999,4.0094
13,CC DChg,10.899991024867631,-1.6999,4.0093
13,CC DChg,10.999992520723026,-1.6999,4.0092
13,CC DChg,11.099994016578421,-1.6999,4.0091
13,CC DChg,11.199995512433816,-1.6999,4.009
13,CC DChg,11.29999700828921,-1.6999,4.0089
13,CC DChg,11.399998504144605,-1.6999,4.0088
13,CC DChg,11.499998640138074,-1.6999,4.0087
13,CC DChg,11.59999877611699,-1.6999,4.0086
13,CC DChg,11.699998912110459,-1.6999,4.0085
13,CC DChg,11.799999048089376,-1.6999,4.0084
13,CC DChg,11.899999184082844,-1.6999,4.0083
13,CC DChg,11.999999320061761,-1.6999,4.0082
13,CC DChg,12.09999945605523,-1.6999,4.0082
13,CC DChg,12.199999592034146,-1.6999,4.0081
13,CC DChg,12.299999728027615,-1.6999,4.008
13,CC DChg,12.399999864006531,-1.6999,4.0079
13,CC DChg,12.499999876366928,-1.6999,4.0078
13,CC DChg,12.599999888727325,-1.6999,4.0077
13,CC DChg,12.699999901102274,-1.6999,4.0076
13,CC DChg,12.79999991346267,-1.6999,4.0075
13,CC DChg,12.899999925823067,-1.6999,4.0074
13,CC DChg,12.999999938183464,-1.6999,4.0073
13,CC DChg,13.099999950543861,-1.6999,4.0072
13,CC DChg,13.199999962904258,-1.6999,4.0071
13,CC DChg,13.299999975279206,-1.6999,4.0071
13,CC DChg,13.399999987639603,-1.6999,4.007
13,CC DChg,13.499999988765921,-1.6999,4.0069
13,CC DChg,13.59999998989224,-1.6999,4.0068
13,CC DChg,13.699999991004006,-1.6999,4.0067
13,CC DChg,13.799999992130324,-1.6999,4.0066
13,CC DChg,13.899999993256642,-1.6999,4.0065
13,CC DChg,13.99999999438296,-1.6999,4.0065
13,CC DChg,14.099999995509279,-1.6999,4.0064
13,CC DChg,14.199999996635597,-1.6999,4.0063
13,CC DChg,14.299999997747364,-1.6999,4.0062
13,CC DChg,14.399999998873682,-1.6999,4.0061
13,CC DChg,14.499999998981366,-1.6999,4.006
13,CC DChg,14.599999999074498,-1.6999,4.006
13,CC DChg,14.699999999182182,-1.6999,4.0059
13,CC DChg,14.799999999289867,-1.6999,4.0058
13,CC DChg,14.899999999382999,-1.6999,4.0057
13,CC DChg,14.999999999490683,-1.6999,4.0057
13,CC DChg,15.099999999583815,-1.6999,4.0056
13,CC DChg,15.1999999996915,-1.6999,4.0055
13,CC DChg,15.299999999799184,-1.6999,4.0054
13,CC DChg,15.399999999892316,-1.6999,4.0054
13,CC DChg,15.499999999898137,-1.6999,4.0053
13,CC DChg,15.59999999991851,-1.6999,4.0052
13,CC DChg,15.69999999992433,-1.6999,4.0051
13,CC DChg,15.79999999993015,-1.6999,4.0051
13,CC DChg,15.899999999935972,-1.6999,4.005
13,CC DChg,15.999999999956344,-1.6999,4.0049
13,CC DChg,16.099999999962165,-1.6999,4.0048
13,CC DChg,16.199999999967986,-1.6999,4.0047
13,CC DChg,16.299999999973807,-1.6999,4.0047
13,CC DChg,16.39999999999418,-1.6999,4.0046
13,CC DChg,16.5,-1.6999,4.0045
13,CC DChg,16.59999999999127,-1.6999,4.0045
13,CC DChg,16.69999999999709,-1.6999,4.0044
13,CC DChg,16.80000000000291,-1.6999,4.0043
13,CC DChg,16.89999999999418,-1.6999,4.0043
13,CC DChg,17.0,-1.6999,4.0042
13,CC DChg,17.09999999999127,-1.6999,4.0041
13,CC DChg,17.19999999999709,-1.6999,4.004
13,CC DChg,17.30000000000291,-1.6999,4.004
13,CC DChg,17.39999999999418,-1.6999,4.0039
13,CC DChg,17.5,-1.6999,4.0038
13,CC DChg,17.59999999999127,-1.6999,4.0037
13,CC DChg,17.69999999999709,-1.6999,4.0037
13,CC DChg,17.80000000000291,-1.6999,4.0036
13,CC DChg,17.89999999999418,-1.6999,4.0035
13,CC DChg,18.0,-1.6999,4.0035
13,CC DChg,18.09999999999127,-1.6999,4.0034
13,CC DChg,18.19999999999709,-1.6999,4.0033
13,CC DChg,18.30000000000291,-1.6999,4.0032
13,CC DChg,18.39999999999418,-1.6999,4.0032
13,CC DChg,18.5,-1.6999,4.0031
13,CC DChg,18.59999999999127,-1.6999,4.003
13,CC DChg,18.69999999999709,-1.6999,4.003
13,CC DChg,18.80000000000291,-1.6999,4.003
13,CC DChg,18.89999999999418,-1.6999,4.0029
13,CC DChg,19.0,-1.6999,4.0028
13,CC DChg,19.09999999999127,-1.6999,4.0027
13,CC DChg,19.19999999999709,-1.6999,4.0027
13,CC DChg,19.30000000000291,-1.6999,4.0026
13,CC DChg,19.39999999999418,-1.6999,4.0025
13,CC DChg,19.5,-1.6999,4.0025
13,CC DChg,19.59999999999127,-1.6999,4.0024
13,CC DChg,19.69999999999709,-1.6999,4.0023
13,CC DChg,19.80000000000291,-1.6999,4.0023
13,CC DChg,19.89999999999418,-1.6999,4.0022
13,CC DChg,20.0,-1.6999,4.0021
13,CC DChg,20.09999999999127,-1.6999,4.0021
13,CC DChg,20.19999999999709,-1.6999,4.002
13,CC DChg,20.30000000000291,-1.6999,4.002
13,CC DChg,20.39999999999418,-1.6999,4.0019
13,CC DChg,20.5,-1.6999,4.0018
13,CC DChg,20.59999999999127,-1.6999,4.0018
13,CC DChg,20.69999999999709,-1.6999,4.0017
13,CC DChg,20.80000000000291,-1.6999,4.0017
13,CC DChg,20.89999999999418,-1.6999,4.0016
13,CC DChg,21.0,-1.6999,4.0015
13,CC DChg,21.09999999999127,-1.6999,4.0014
13,CC DChg,21.19999999999709,-1.6999,4.0014
13,CC DChg,21.30000000000291,-1.6999,4.0013
13,CC DChg,21.39999999999418,-1.6999,4.0013
13,CC DChg,21.5,-1.6999,4.0012
13,CC DChg,21.59999999999127,-1.6999,4.0011
13,CC DChg,21.69999999999709,-1.6999,4.0011
13,CC DChg,21.80000000000291,-1.6999,4.001
13,CC DChg,21.89999999999418,-1.6999,4.001
13,CC DChg,22.0,-1.6999,4.0009
13,CC DChg,22.09999999999127,-1.6999,4.0008
13,CC DChg,22.19999999999709,-1.6999,4.0008
13,CC DChg,22.30000000000291,-1.6999,4.0007
13,CC DChg,22.39999999999418,-1.6999,4.0007
13,CC DChg,22.5,-1.6999,4.0006
13,CC DChg,22.59999999999127,-1.6999,4.0006
13,CC DChg,22.69999999999709,-1.6999,4.0005
13,CC DChg,22.80000000000291,-1.6999,4.0005
13,CC DChg,22.89999999999418,-1.6999,4.0004
13,CC DChg,23.0,-1.6999,4.0003
13,CC DChg,23.09999999999127,-1.6999,4.0003
13,CC DChg,23.19999999999709,-1.6999,4.0002
13,CC DChg,23.30000000000291,-1.6999,4.0002
13,CC DChg,23.39999999999418,-1.6999,4.0001
13,CC DChg,23.5,-1.6999,4.0001
13,CC DChg,23.59999999999127,-1.6999,4.0
13,CC DChg,23.69999999999709,-1.6999,3.9999
13,CC DChg,23.80000000000291,-1.6999,3.9999
13,CC DChg,23.89999999999418,-1.6999,3.9999
13,CC DChg,24.0,-1.6999,3.9998
13,CC DChg,24.09999999999127,-1.6999,3.9997
13,CC DChg,24.19999999999709,-1.6999,3.9996
13,CC DChg,24.30000000000291,-1.6999,3.9996
13,CC DChg,24.39999999999418,-1.6999,3.9996
13,CC DChg,24.5,-1.6999,3.9995
13,CC DChg,24.59999999999127,-1.6999,3.9995
13,CC DChg,24.69999999999709,-1.6999,3.9994
13,CC DChg,24.80000000000291,-1.6999,3.9993
13,CC DChg,24.89999999999418,-1.6999,3.9993
13,CC DChg,25.0,-1.6999,3.9993
13,CC DChg,25.09999999999127,-1.6999,3.9992
13,CC DChg,25.19999999999709,-1.6999,3.9991
13,CC DChg,25.30000000000291,-1.6999,3.9991
13,CC DChg,25.39999999999418,-1.6999,3.999
13,CC DChg,25.5,-1.6999,3.9989
13,CC DChg,25.59999999999127,-1.6999,3.9989
13,CC DChg,25.69999999999709,-1.6999,3.9988
13,CC DChg,25.80000000000291,-1.6999,3.9988
13,CC DChg,25.89999999999418,-1.6999,3.9988
13,CC DChg,26.0,-1.6999,3.9987
13,CC DChg,26.09999999999127,-1.6999,3.9986
13,CC DChg,26.19999999999709,-1.6999,3.9986
13,CC DChg,26.30000000000291,-1.6999,3.9985
13,CC DChg,26.39999999999418,-1.6999,3.9985
13,CC DChg,26.5,-1.6999,3.9985
13,CC DChg,26.59999999999127,-1.6999,3.9984
13,CC DChg,26.69999999999709,-1.6999,3.9983
13,CC DChg,26.80000000000291,-1.6999,3.9983
13,CC DChg,26.89999999999418,-1.6999,3.9982
13,CC DChg,27.0,-1.6999,3.9982
13,CC DChg,27.09999999999127,-1.6999,3.9981
13,CC DChg,27.19999999999709,-1.6999,3.9981
13,CC DChg,27.30000000000291,-1.6999,3.998
13,CC DChg,27.39999999999418,-1.6999,3.998
13,CC DChg,27.5,-1.6999,3.9979
13,CC DChg,27.59999999999127,-1.6999,3.9979
13,CC DChg,27.69999999999709,-1.6999,3.9978
13,CC DChg,27.80000000000291,-1.6999,3.9978
13,CC DChg,27.89999999999418,-1.6999,3.9977
13,CC DChg,28.0,-1.6999,3.9977
13,CC DChg,28.09999999999127,-1.6999,3.9977
13,CC DChg,28.19999999999709,-1.6999,3.9975
13,CC DChg,28.30000000000291,-1.6999,3.9975
13,CC DChg,28.39999999999418,-1.6999,3.9975
13,CC DChg,28.5,-1.6999,3.9974
13,CC DChg,28.59999999999127,-1.6999,3.9974
13,CC DChg,28.69999999999709,-1.6999,3.9973
13,CC DChg,28.80000000000291,-1.6999,3.9973
13,CC DChg,28.89999999999418,-1.6999,3.9972
13,CC DChg,29.0,-1.6999,3.9972
13,CC DChg,29.09999999999127,-1.6999,3.9971
13,CC DChg,29.19999999999709,-1.6999,3.9971
13,CC DChg,29.30000000000291,-1.6999,3.997
13,CC DChg,29.39999999999418,-1.6999,3.997
13,CC DChg,29.5,-1.6999,3.9969
13,CC DChg,29.59999999999127,-1.6999,3.9969
13,CC DChg,29.69999999999709,-1.6999,3.9968
13,CC DChg,29.80000000000291,-1.6999,3.9968
13,CC DChg,29.89999999999418,-1.6999,3.9967
13,CC DChg,30.0,-1.6999,3.9967
13,CC DChg,30.09999999999127,-1.6999,3.9967
13,CC DChg,30.19999999999709,-1.6999,3.9966
13,CC DChg,30.30000000000291,-1.6999,3.9966
13,CC DChg,30.39999999999418,-1.6999,3.9965
13,CC DChg,30.5,-1.6999,3.9965
13,CC DChg,30.59999999999127,-1.6999,3.9964
13,CC DChg,30.69999999999709,-1.6999,3.9964
13,CC DChg,30.80000000000291,-1.6999,3.9963
13,CC DChg,30.89999999999418,-1.6999,3.9963
13,CC DChg,31.0,-1.6999,3.9962
13,CC DChg,31.09999999999127,-1.6999,3.9962
13,CC DChg,31.19999999999709,-1.6999,3.9961
13,CC DChg,31.30000000000291,-1.6999,3.9961
13,CC DChg,31.39999999999418,-1.6999,3.996
13,CC DChg,31.5,-1.6999,3.996
13,CC DChg,31.59999999999127,-1.6999,3.9959
13,CC DChg,31.69999999999709,-1.6999,3.9959
13,CC DChg,31.80000000000291,-1.6999,3.9959
13,CC DChg,31.89999999999418,-1.6999,3.9958
13,CC DChg,32.0,-1.6999,3.9958
13,CC DChg,32.09999999999127,-1.6999,3.9957
13,CC DChg,32.19999999999709,-1.6999,3.9957
13,CC DChg,32.30000000000291,-1.6999,3.9957
13,CC DChg,32.39999999999418,-1.6999,3.9956
13,CC DChg,32.5,-1.6999,3.9955
13,CC DChg,32.59999999999127,-1.6999,3.9955
13,CC DChg,32.69999999999709,-1.6999,3.9955
13,CC DChg,32.80000000000291,-1.6999,3.9954
13,CC DChg,32.89999999999418,-1.6999,3.9953
13,CC DChg,33.0,-1.6999,3.9953
13,CC DChg,33.09999999999127,-1.6999,3.9953
13,CC DChg,33.19999999999709,-1.6999,3.9952
13,CC DChg,33.30000000000291,-1.6999,3.9952
13,CC DChg,33.39999999999418,-1.6999,3.9951
13,CC DChg,33.5,-1.6999,3.9951
13,CC DChg,33.59999999999127,-1.6999,3.9951
13,CC DChg,33.69999999999709,-1.6999,3.995
13,CC DChg,33.80000000000291,-1.6999,3.995
13,CC DChg,33.89999999999418,-1.6999,3.995
13,CC DChg,34.0,-1.6999,3.9949
13,CC DChg,34.09999999999127,-1.6999,3.9949
13,CC DChg,34.19999999999709,-1.6999,3.9948
13,CC DChg,34.30000000000291,-1.6999,3.9947
13,CC DChg,34.39999999999418,-1.6999,3.9947
13,CC DChg,34.5,-1.6999,3.9947
13,CC DChg,34.59999999999127,-1.6999,3.9947
13,CC DChg,34.69999999999709,-1.6999,3.9946
13,CC DChg,34.80000000000291,-1.6999,3.9946
13,CC DChg,34.89999999999418,-1.6999,3.9945
13,CC DChg,35.0,-1.6999,3.9945
13,CC DChg,35.09999999999127,-1.6999,3.9944
13,CC DChg,35.19999999999709,-1.6999,3.9944
13,CC DChg,35.30000000000291,-1.6999,3.9944
13,CC DChg,35.39999999999418,-1.6999,3.9943
13,CC DChg,35.5,-1.6999,3.9943
13,CC DChg,35.59999999999127,-1.6999,3.9942
13,CC DChg,35.69999999999709,-1.6999,3.9942
13,CC DChg,35.80000000000291,-1.6999,3.9942
13,CC DChg,35.89999999999418,-1.6999,3.9941
13,CC DChg,36.0,-1.6999,3.9941
13,CC DChg,36.09999999999127,-1.6999,3.994
13,CC DChg,36.19999999999709,-1.6999,3.994
13,CC DChg,36.30000000000291,-1.6999,3.994
13,CC DChg,36.39999999999418,-1.6999,3.9939
13,CC DChg,36.5,-1.6999,3.9938
13,CC DChg,36.59999999999127,-1.6999,3.9938
13,CC DChg,36.69999999999709,-1.6999,3.9938
13,CC DChg,36.80000000000291,-1.6999,3.9938
13,CC DChg,36.89999999999418,-1.6999,3.9937
13,CC DChg,37.0,-1.6999,3.9937
13,CC DChg,37.09999999999127,-1.6999,3.9936
13,CC DChg,37.19999999999709,-1.6999,3.9936
13,CC DChg,37.30000000000291,-1.6999,3.9935
13,CC DChg,37.39999999999418,-1.6999,3.9935
13,CC DChg,37.5,-1.6999,3.9934
13,CC DChg,37.59999999999127,-1.6999,3.9934
13,CC DChg,37.69999999999709,-1.6999,3.9934
13,CC DChg,37.80000000000291,-1.6999,3.9933
13,CC DChg,37.89999999999418,-1.6999,3.9933
13,CC DChg,38.0,-1.6999,3.9932
13,CC DChg,38.09999999999127,-1.6999,3.9931
13,CC DChg,38.19999999999709,-1.6999,3.9931
13,CC DChg,38.30000000000291,-1.6999,3.9931
13,CC DChg,38.39999999999418,-1.6999,3.993
13,CC DChg,38.5,-1.6999,3.993
13,CC DChg,38.59999999999127,-1.6999,3.993
13,CC DChg,38.69999999999709,-1.6999,3.9929
13,CC DChg,38.80000000000291,-1.6999,3.9929
13,CC DChg,38.89999999999418,-1.6999,3.9929
13,CC DChg,39.0,-1.6999,3.9928
13,CC DChg,39.09999999999127,-1.6999,3.9928
13,CC DChg,39.19999999999709,-1.6999,3.9928
13,CC DChg,39.30000000000291,-1.6999,3.9927
13,CC DChg,39.39999999999418,-1.6999,3.9926
13,CC DChg,39.5,-1.6999,3.9926
13,CC DChg,39.59999999999127,-1.6999,3.9926
13,CC DChg,39.69999999999709,-1.6999,3.9925
13,CC DChg,39.80000000000291,-1.6999,3.9925
13,CC DChg,39.89999999999418,-1.6999,3.9925
13,CC DChg,40.0,-1.6999,3.9924
13,CC DChg,40.09999999999127,-1.6999,3.9924
13,CC DChg,40.19999999999709,-1.6999,3.9924
13,CC DChg,40.30000000000291,-1.6999,3.9923
13,CC DChg,40.39999999999418,-1.6999,3.9923
13,CC DChg,40.5,-1.6999,3.9923
13,CC DChg,40.59999999999127,-1.6999,3.9922
13,CC DChg,40.69999999999709,-1.6999,3.9922
13,CC DChg,40.80000000000291,-1.6999,3.9921
13,CC DChg,40.89999999999418,-1.6999,3.9921
13,CC DChg,41.0,-1.6999,3.9921
13,CC DChg,41.09999999999127,-1.6999,3.992
13,CC DChg,41.19999999999709,-1.6999,3.992
13,CC DChg,41.30000000000291,-1.6999,3.9919
13,CC DChg,41.39999999999418,-1.6999,3.9919
13,CC DChg,41.5,-1.6999,3.9919
13,CC DChg,41.59999999999127,-1.6999,3.9919
13,CC DChg,41.69999999999709,-1.6999,3.9918
13,CC DChg,41.80000000000291,-1.6999,3.9918
13,CC DChg,41.89999999999418,-1.6999,3.9918
13,CC DChg,42.0,-1.6999,3.9917
13,CC DChg,42.09999999999127,-1.6999,3.9916
13,CC DChg,42.19999999999709,-1.6999,3.9916
13,CC DChg,42.30000000000291,-1.6999,3.9916
13,CC DChg,42.39999999999418,-1.6999,3.9915
13,CC DChg,42.5,-1.6999,3.9915
13,CC DChg,42.59999999999127,-1.6999,3.9914
13,CC DChg,42.69999999999709,-1.6999,3.9914
13,CC DChg,42.80000000000291,-1.6999,3.9914
13,CC DChg,42.89999999999418,-1.6999,3.9913
13,CC DChg,43.0,-1.6999,3.9912
13,CC DChg,43.09999999999127,-1.6999,3.9912
13,CC DChg,43.19999999999709,-1.6999,3.9912
13,CC DChg,43.30000000000291,-1.6999,3.9912
13,CC DChg,43.39999999999418,-1.6999,3.9912
13,CC DChg,43.5,-1.6999,3.9911
13,CC DChg,43.59999999999127,-1.6999,3.9911
13,CC DChg,43.69999999999709,-1.6999,3.9911
13,CC DChg,43.80000000000291,-1.6999,3.991
13,CC DChg,43.89999999999418,-1.6999,3.991
13,CC DChg,44.0,-1.6999,3.991
13,CC DChg,44.09999999999127,-1.6999,3.9909
13,CC DChg,44.19999999999709,-1.6999,3.9909
13,CC DChg,44.30000000000291,-1.6999,3.9909
13,CC DChg,44.39999999999418,-1.6999,3.9908
13,CC DChg,44.5,-1.6999,3.9908
13,CC DChg,44.59999999999127,-1.6999,3.9908
13,CC DChg,44.69999999999709,-1.6999,3.9907
13,CC DChg,44.80000000000291,-1.6999,3.9907
13,CC DChg,44.89999999999418,-1.6999,3.9907
13,CC DChg,45.0,-1.6999,3.9906
13,CC DChg,45.09999999999127,-1.6999,3.9906
13,CC DChg,45.19999999999709,-1.6999,3.9906
13,CC DChg,45.30000000000291,-1.6999,3.9905
13,CC DChg,45.39999999999418,-1.6999,3.9905
13,CC DChg,45.5,-1.6999,3.9905
13,CC DChg,45.59999999999127,-1.6999,3.9904
13,CC DChg,45.69999999999709,-1.6999,3.9903
13,CC DChg,45.80000000000291,-1.6999,3.9903
13,CC DChg,45.89999999999418,-1.6999,3.9903
13,CC DChg,46.0,-1.6999,3.9902
13,CC DChg,46.09999999999127,-1.6999,3.9902
13,CC DChg,46.19999999999709,-1.6999,3.9902
13,CC DChg,46.30000000000291,-1.6999,3.9901
13,CC DChg,46.39999999999418,-1.6999,3.9901
13,CC DChg,46.5,-1.6999,3.9901
13,CC DChg,46.59999999999127,-1.6999,3.9901
13,CC DChg,46.69999999999709,-1.6999,3.99
13,CC DChg,46.80000000000291,-1.6999,3.99
13,CC DChg,46.89999999999418,-1.6999,3.9899
13,CC DChg,47.0,-1.6999,3.9899
13,CC DChg,47.09999999999127,-1.6999,3.9899
13,CC DChg,47.19999999999709,-1.6999,3.9898
13,CC DChg,47.30000000000291,-1.6999,3.9898
13,CC DChg,47.39999999999418,-1.6999,3.9898
13,CC DChg,47.5,-1.6999,3.9898
13,CC DChg,47.59999999999127,-1.6999,3.9897
13,CC DChg,47.69999999999709,-1.6998,3.9896
13,CC DChg,47.80000000000291,-1.6998,3.9896
13,CC DChg,47.89999999999418,-1.6998,3.9896
13,CC DChg,48.0,-1.6998,3.9896
13,CC DChg,48.09999999999127,-1.6998,3.9895
13,CC DChg,48.19999999999709,-1.6998,3.9895
13,CC DChg,48.30000000000291,-1.6998,3.9895
13,CC DChg,48.39999999999418,-1.6998,3.9894
13,CC DChg,48.5,-1.6998,3.9894
13,CC DChg,48.59999999999127,-1.6998,3.9894
13,CC DChg,48.69999999999709,-1.6998,3.9894
13,CC DChg,48.80000000000291,-1.6998,3.9893
13,CC DChg,48.89999999999418,-1.6998,3.9893
13,CC DChg,49.0,-1.6998,3.9893
13,CC DChg,49.09999999999127,-1.6998,3.9892
13,CC DChg,49.19999999999709,-1.6998,3.9892
13,CC DChg,49.30000000000291,-1.6998,3.9892
13,CC DChg,49.39999999999418,-1.6998,3.9891
13,CC DChg,49.5,-1.6998,3.9891
13,CC DChg,49.59999999999127,-1.6998,3.989
13,CC DChg,49.69999999999709,-1.6998,3.989
13,CC DChg,49.80000000000291,-1.6998,3.989
13,CC DChg,49.89999999999418,-1.6998,3.989
13,CC DChg,50.0,-1.6998,3.9889
13,CC DChg,50.09999999999127,-1.6998,3.9889
13,CC DChg,50.19999999999709,-1.6998,3.9888
13,CC DChg,50.30000000000291,-1.6998,3.9888
13,CC DChg,50.39999999999418,-1.6999,3.9888
13,CC DChg,50.5,-1.6999,3.9887
13,CC DChg,50.59999999999127,-1.6999,3.9887
13,CC DChg,50.69999999999709,-1.6999,3.9887
13,CC DChg,50.80000000000291,-1.6999,3.9887
13,CC DChg,50.89999999999418,-1.6999,3.9887
13,CC DChg,51.0,-1.6999,3.9886
13,CC DChg,51.09999999999127,-1.6999,3.9886
13,CC DChg,51.19999999999709,-1.6999,3.9886
13,CC DChg,51.30000000000291,-1.6999,3.9885
13,CC DChg,51.39999999999418,-1.6999,3.9885
13,CC DChg,51.5,-1.6999,3.9885
13,CC DChg,51.59999999999127,-1.6999,3.9884
13,CC DChg,51.69999999999709,-1.6999,3.9884
13,CC DChg,51.80000000000291,-1.6999,3.9884
13,CC DChg,51.89999999999418,-1.6999,3.9883
13,CC DChg,52.0,-1.6999,3.9883
13,CC DChg,52.09999999999127,-1.6999,3.9883
13,CC DChg,52.19999999999709,-1.6999,3.9883
13,CC DChg,52.30000000000291,-1.6999,3.9882
13,CC DChg,52.39999999999418,-1.6999,3.9882
13,CC DChg,52.5,-1.6999,3.9882
13,CC DChg,52.59999999999127,-1.6998,3.9881
13,CC DChg,52.69999999999709,-1.6998,3.9881
13,CC DChg,52.80000000000291,-1.6999,3.988
13,CC DChg,52.89999999999418,-1.6999,3.988
13,CC DChg,53.0,-1.6999,3.988
13,CC DChg,53.09999999999127,-1.6999,3.988
13,CC DChg,53.19999999999709,-1.6999,3.9879
13,CC DChg,53.30000000000291,-1.6999,3.9879
13,CC DChg,53.39999999999418,-1.6999,3.9878
13,CC DChg,53.5,-1.6999,3.9878
13,CC DChg,53.59999999999127,-1.6999,3.9878
13,CC DChg,53.69999999999709,-1.6999,3.9878
13,CC DChg,53.80000000000291,-1.6999,3.9878
13,CC DChg,53.89999999999418,-1.6999,3.9877
13,CC DChg,54.0,-1.6999,3.9877
13,CC DChg,54.09999999999127,-1.6999,3.9877
13,CC DChg,54.19999999999709,-1.6999,3.9876
13,CC DChg,54.30000000000291,-1.6999,3.9876
13,CC DChg,54.39999999999418,-1.6999,3.9876
13,CC DChg,54.5,-1.6999,3.9876
13,CC DChg,54.59999999999127,-1.6999,3.9875
13,CC DChg,54.69999999999709,-1.6999,3.9875
13,CC DChg,54.80000000000291,-1.6999,3.9874
13,CC DChg,54.89999999999418,-1.6999,3.9874
13,CC DChg,55.0,-1.6999,3.9874
13,CC DChg,55.09999999999127,-1.6999,3.9874
13,CC DChg,55.19999999999709,-1.6999,3.9874
13,CC DChg,55.30000000000291,-1.6999,3.9873
13,CC DChg,55.39999999999418,-1.6999,3.9873
13,CC DChg,55.5,-1.6999,3.9873
13,CC DChg,55.59999999999127,-1.6999,3.9872
13,CC DChg,55.69999999999709,-1.6999,3.9872
13,CC DChg,55.80000000000291,-1.6999,3.9871
13,CC DChg,55.89999999999418,-1.6999,3.9871
13,CC DChg,56.0,-1.6999,3.9871
13,CC DChg,56.09999999999127,-1.6999,3.9871
13,CC DChg,56.19999999999709,-1.6999,3.9871
13,CC DChg,56.30000000000291,-1.6999,3.9871
13,CC DChg,56.39999999999418,-1.6999,3.987
13,CC DChg,56.5,-1.6999,3.987
13,CC DChg,56.59999999999127,-1.6999,3.9869
13,CC DChg,56.69999999999709,-1.6999,3.9869
13,CC DChg,56.80000000000291,-1.6999,3.9869
13,CC DChg,56.89999999999418,-1.6999,3.9869
13,CC DChg,57.0,-1.6999,3.9868
13,CC DChg,57.09999999999127,-1.6999,3.9868
13,CC DChg,57.19999999999709,-1.6999,3.9868
13,CC DChg,57.30000000000291,-1.6999,3.9868
13,CC DChg,57.39999999999418,-1.6999,3.9867
13,CC DChg,57.5,-1.6999,3.9867
13,CC DChg,57.59999999999127,-1.6999,3.9867
13,CC DChg,57.69999999999709,-1.6999,3.9866
13,CC DChg,57.80000000000291,-1.6999,3.9866
13,CC DChg,57.89999999999418,-1.6999,3.9866
13,CC DChg,58.0,-1.6999,3.9866
13,CC DChg,58.09999999999127,-1.6999,3.9865
13,CC DChg,58.19999999999709,-1.6999,3.9865
13,CC DChg,58.30000000000291,-1.6999,3.9865
13,CC DChg,58.39999999999418,-1.6999,3.9865
13,CC DChg,58.5,-1.6999,3.9864
13,CC DChg,58.59999999999127,-1.6999,3.9864
13,CC DChg,58.69999999999709,-1.6999,3.9863
13,CC DChg,58.80000000000291,-1.6999,3.9863
13,CC DChg,58.89999999999418,-1.6999,3.9863
13,CC DChg,59.0,-1.6999,3.9863
13,CC DChg,59.09999999999127,-1.6999,3.9862
13,CC DChg,59.19999999999709,-1.6999,3.9862
13,CC DChg,59.30000000000291,-1.6999,3.9861
13,CC DChg,59.39999999999418,-1.6999,3.9861
13,CC DChg,59.5,-1.6999,3.9861
13,CC DChg,59.59999999999127,-1.6999,3.9861
13,CC DChg,59.69999999999709,-1.6999,3.9861
13,CC DChg,59.80000000000291,-1.6999,3.986
13,CC DChg,59.89999999999418,-1.6999,3.986
13,CC DChg,60.0,-1.6999,3.986
13,CC DChg,60.09999999999127,-1.6999,3.986
13,CC DChg,60.19999999999709,-1.6999,3.9859
13,CC DChg,60.30000000000291,-1.6999,3.9859
13,CC DChg,60.39999999999418,-1.6999,3.9859
13,CC DChg,60.5,-1.6999,3.9858
13,CC DChg,60.59999999999127,-1.6999,3.9858
13,CC DChg,60.69999999999709,-1.6999,3.9858
13,CC DChg,60.80000000000291,-1.6999,3.9857
13,CC DChg,60.89999999999418,-1.6999,3.9857
13,CC DChg,61.0,-1.6999,3.9857
13,CC DChg,61.09999999999127,-1.6999,3.9857
13,CC DChg,61.19999999999709,-1.6999,3.9856
13,CC DChg,61.30000000000291,-1.6999,3.9856
13,CC DChg,61.39999999999418,-1.6999,3.9856
13,CC DChg,61.5,-1.6999,3.9855
13,CC DChg,61.59999999999127,-1.6999,3.9855
13,CC DChg,61.69999999999709,-1.6999,3.9855
13,CC DChg,61.80000000000291,-1.6999,3.9855
13,CC DChg,61.89999999999418,-1.6999,3.9854
13,CC DChg,62.0,-1.6999,3.9854
13,CC DChg,62.09999999999127,-1.6999,3.9854
13,CC DChg,62.19999999999709,-1.6999,3.9853
13,CC DChg,62.30000000000291,-1.6999,3.9853
13,CC DChg,62.39999999999418,-1.6999,3.9853
13,CC DChg,62.5,-1.6999,3.9853
13,CC DChg,62.59999999999127,-1.6999,3.9853
13,CC DChg,62.69999999999709,-1.6999,3.9853
13,CC DChg,62.80000000000291,-1.6999,3.9852
13,CC DChg,62.89999999999418,-1.6999,3.9852
13,CC DChg,63.0,-1.6999,3.9852
13,CC DChg,63.09999999999127,-1.6999,3.9851
13,CC DChg,63.19999999999709,-1.6999,3.9851
13,CC DChg,63.30000000000291,-1.6999,3.9851
13,CC DChg,63.39999999999418,-1.6999,3.985
13,CC DChg,63.5,-1.6999,3.985
13,CC DChg,63.59999999999127,-1.6999,3.985
13,CC DChg,63.69999999999709,-1.6999,3.985
13,CC DChg,63.80000000000291,-1.6999,3.9849
13,CC DChg,63.89999999999418,-1.6999,3.9849
13,CC DChg,64.0,-1.6999,3.9849
13,CC DChg,64.09999999999127,-1.6999,3.9849
13,CC DChg,64.19999999999709,-1.6999,3.9849
13,CC DChg,64.30000000000291,-1.6999,3.9849
13,CC DChg,64.39999999999418,-1.6999,3.9848
13,CC DChg,64.5,-1.6999,3.9848
13,CC DChg,64.59999999999127,-1.6999,3.9848
13,CC DChg,64.69999999999709,-1.6999,3.9848
13,CC DChg,64.80000000000291,-1.6999,3.9847
13,CC DChg,64.89999999999418,-1.6999,3.9847
13,CC DChg,65.0,-1.6999,3.9847
13,CC DChg,65.09999999999127,-1.6999,3.9846
13,CC DChg,65.19999999999709,-1.6999,3.9846
13,CC DChg,65.30000000000291,-1.6999,3.9845
13,CC DChg,65.39999999999418,-1.6999,3.9845
13,CC DChg,65.5,-1.6999,3.9845
13,CC DChg,65.59999999999127,-1.6999,3.9845
13,CC DChg,65.69999999999709,-1.6999,3.9845
13,CC DChg,65.80000000000291,-1.6999,3.9845
13,CC DChg,65.89999999999418,-1.6999,3.9844
13,CC DChg,66.0,-1.6999,3.9844
13,CC DChg,66.09999999999127,-1.6999,3.9844
13,CC DChg,66.19999999999709,-1.6999,3.9844
13,CC DChg,66.30000000000291,-1.6999,3.9844
13,CC DChg,66.39999999999418,-1.6999,3.9843
13,CC DChg,66.5,-1.6999,3.9843
13,CC DChg,66.59999999999127,-1.6999,3.9843
13,CC DChg,66.69999999999709,-1.6999,3.9843
13,CC DChg,66.80000000000291,-1.6999,3.9842
13,CC DChg,66.89999999999418,-1.6999,3.9842
13,CC DChg,67.0,-1.6999,3.9841
13,CC DChg,67.09999999999127,-1.6999,3.9841
13,CC DChg,67.19999999999709,-1.6999,3.9841
13,CC DChg,67.30000000000291,-1.6999,3.9841
13,CC DChg,67.39999999999418,-1.6999,3.9841
13,CC DChg,67.5,-1.6999,3.984
13,CC DChg,67.59999999999127,-1.6999,3.984
13,CC DChg,67.69999999999709,-1.6999,3.984
13,CC DChg,67.80000000000291,-1.6999,3.9839
13,CC DChg,67.89999999999418,-1.6999,3.9839
13,CC DChg,68.0,-1.6999,3.9839
13,CC DChg,68.09999999999127,-1.6999,3.9839
13,CC DChg,68.19999999999709,-1.6999,3.9839
13,CC DChg,68.30000000000291,-1.6999,3.9838
13,CC DChg,68.39999999999418,-1.6999,3.9838
13,CC DChg,68.5,-1.6999,3.9838
13,CC DChg,68.59999999999127,-1.6999,3.9838
13,CC DChg,68.69999999999709,-1.6999,3.9837
13,CC DChg,68.80000000000291,-1.6999,3.9837
13,CC DChg,68.89999999999418,-1.6999,3.9837
13,CC DChg,69.0,-1.6999,3.9837
13,CC DChg,69.09999999999127,-1.6999,3.9837
13,CC DChg,69.19999999999709,-1.6999,3.9836
13,CC DChg,69.30000000000291,-1.6999,3.9836
13,CC DChg,69.39999999999418,-1.6999,3.9835
13,CC DChg,69.5,-1.6999,3.9835
13,CC DChg,69.59999999999127,-1.6999,3.9835
13,CC DChg,69.69999999999709,-1.6999,3.9835
13,CC DChg,69.80000000000291,-1.6999,3.9835
13,CC DChg,69.89999999999418,-1.6999,3.9834
13,CC DChg,70.0,-1.6999,3.9834
13,CC DChg,70.09999999999127,-1.6999,3.9834
13,CC DChg,70.19999999999709,-1.6999,3.9834
13,CC DChg,70.30000000000291,-1.6999,3.9834
13,CC DChg,70.39999999999418,-1.6999,3.9833
13,CC DChg,70.5,-1.6999,3.9832
13,CC DChg,70.59999999999127,-1.6999,3.9832
13,CC DChg,70.69999999999709,-1.6999,3.9832
13,CC DChg,70.80000000000291,-1.6999,3.9832
13,CC DChg,70.89999999999418,-1.6999,3.9832
13,CC DChg,71.0,-1.6999,3.9832
13,CC DChg,71.09999999999127,-1.6999,3.9832
13,CC DChg,71.19999999999709,-1.6999,3.9832
13,CC DChg,71.30000000000291,-1.6999,3.9831
13,CC DChg,71.39999999999418,-1.6999,3.9831
13,CC DChg,71.5,-1.6999,3.9831
13,CC DChg,71.59999999999127,-1.6999,3.9831
13,CC DChg,71.69999999999709,-1.6999,3.983
13,CC DChg,71.80000000000291,-1.6999,3.983
13,CC DChg,71.89999999999418,-1.6999,3.9829
13,CC DChg,72.0,-1.6999,3.9829
13,CC DChg,72.09999999999127,-1.6999,3.9829
13,CC DChg,72.19999999999709,-1.6999,3.9829
13,CC DChg,72.30000000000291,-1.6999,3.9828
13,CC DChg,72.39999999999418,-1.6999,3.9828
13,CC DChg,72.5,-1.6999,3.9828
13,CC DChg,72.59999999999127,-1.6999,3.9828
13,CC DChg,72.69999999999709,-1.6999,3.9828
13,CC DChg,72.80000000000291,-1.6999,3.9827
13,CC DChg,72.89999999999418,-1.6999,3.9827
13,CC DChg,73.0,-1.6999,3.9827
13,CC DChg,73.09999999999127,-1.6999,3.9827
13,CC DChg,73.19999999999709,-1.6999,3.9826
13,CC DChg,73.30000000000291,-1.6999,3.9826
13,CC DChg,73.39999999999418,-1.6999,3.9826
13,CC DChg,73.5,-1.6999,3.9826
13,CC DChg,73.59999999999127,-1.6999,3.9826
13,CC DChg,73.69999999999709,-1.6999,3.9826
13,CC DChg,73.80000000000291,-1.6999,3.9825
13,CC DChg,73.89999999999418,-1.6999,3.9825
13,CC DChg,74.0,-1.6999,3.9825
13,CC DChg,74.09999999999127,-1.6999,3.9825
13,CC DChg,74.19999999999709,-1.6999,3.9824
13,CC DChg,74.30000000000291,-1.6999,3.9824
13,CC DChg,74.39999999999418,-1.6999,3.9824
13,CC DChg,74.5,-1.6999,3.9823
13,CC DChg,74.59999999999127,-1.6999,3.9823
13,CC DChg,74.69999999999709,-1.6999,3.9823
13,CC DChg,74.80000000000291,-1.6999,3.9823
13,CC DChg,74.89999999999418,-1.6999,3.9823
13,CC DChg,75.0,-1.6999,3.9822
13,CC DChg,75.09999999999127,-1.6999,3.9822
13,CC DChg,75.19999999999709,-1.6999,3.9822
13,CC DChg,75.30000000000291,-1.6999,3.9822
13,CC DChg,75.39999999999418,-1.6999,3.9821
13,CC DChg,75.5,-1.6999,3.9821
13,CC DChg,75.59999999999127,-1.6999,3.9821
13,CC DChg,75.69999999999709,-1.6999,3.9821
13,CC DChg,75.80000000000291,-1.6999,3.9821
13,CC DChg,75.89999999999418,-1.6999,3.982
13,CC DChg,76.0,-1.6999,3.982
13,CC DChg,76.09999999999127,-1.6999,3.982
13,CC DChg,76.19999999999709,-1.6999,3.982
13,CC DChg,76.30000000000291,-1.6999,3.9819
13,CC DChg,76.39999999999418,-1.6999,3.9819
13,CC DChg,76.5,-1.6999,3.9819
13,CC DChg,76.59999999999127,-1.6999,3.9819
13,CC DChg,76.69999999999709,-1.6999,3.9819
13,CC DChg,76.80000000000291,-1.6999,3.9818
13,CC DChg,76.89999999999418,-1.6999,3.9818
13,CC DChg,77.0,-1.6999,3.9818
13,CC DChg,77.09999999999127,-1.6999,3.9818
13,CC DChg,77.19999999999709,-1.6999,3.9817
13,CC DChg,77.30000000000291,-1.6999,3.9817
13,CC DChg,77.39999999999418,-1.6999,3.9817
13,CC DChg,77.5,-1.6999,3.9817
13,CC DChg,77.59999999999127,-1.6999,3.9817
13,CC DChg,77.69999999999709,-1.6999,3.9816
13,CC DChg,77.80000000000291,-1.6999,3.9816
13,CC DChg,77.89999999999418,-1.6999,3.9816
13,CC DChg,78.0,-1.6999,3.9816
13,CC DChg,78.09999999999127,-1.6999,3.9815
13,CC DChg,78.19999999999709,-1.6999,3.9815
13,CC DChg,78.30000000000291,-1.6999,3.9815
13,CC DChg,78.39999999999418,-1.6999,3.9815
13,CC DChg,78.5,-1.6999,3.9814
13,CC DChg,78.59999999999127,-1.6999,3.9814
13,CC DChg,78.69999999999709,-1.6999,3.9814
13,CC DChg,78.80000000000291,-1.6999,3.9814
13,CC DChg,78.89999999999418,-1.6999,3.9813
13,CC DChg,79.0,-1.6999,3.9813
13,CC DChg,79.09999999999127,-1.6999,3.9813
13,CC DChg,79.19999999999709,-1.6999,3.9813
13,CC DChg,79.30000000000291,-1.6999,3.9813
13,CC DChg,79.39999999999418,-1.6999,3.9813
13,CC DChg,79.5,-1.6999,3.9813
13,CC DChg,79.59999999999127,-1.6999,3.9812
13,CC DChg,79.69999999999709,-1.6999,3.9812
13,CC DChg,79.80000000000291,-1.6999,3.9812
13,CC DChg,79.89999999999418,-1.6999,3.9812
13,CC DChg,80.0,-1.6999,3.9811
13,CC DChg,80.09999999999127,-1.6999,3.9811
13,CC DChg,80.19999999999709,-1.6999,3.9811
13,CC DChg,80.30000000000291,-1.6999,3.9811
13,CC DChg,80.39999999999418,-1.6999,3.9811
13,CC DChg,80.5,-1.6999,3.981
13,CC DChg,80.59999999999127,-1.6999,3.981
13,CC DChg,80.69999999999709,-1.6999,3.981
13,CC DChg,80.80000000000291,-1.6999,3.981
13,CC DChg,80.89999999999418,-1.6999,3.9809
13,CC DChg,81.0,-1.6999,3.9809
13,CC DChg,81.09999999999127,-1.6999,3.9809
13,CC DChg,81.19999999999709,-1.6999,3.9808
13,CC DChg,81.30000000000291,-1.6999,3.9808
13,CC DChg,81.39999999999418,-1.6999,3.9808
13,CC DChg,81.5,-1.6999,3.9808
13,CC DChg,81.59999999999127,-1.6999,3.9808
13,CC DChg,81.69999999999709,-1.6999,3.9808
13,CC DChg,81.80000000000291,-1.6999,3.9808
13,CC DChg,81.89999999999418,-1.6999,3.9807
13,CC DChg,82.0,-1.6999,3.9807
13,CC DChg,82.09999999999127,-1.6999,3.9807
13,CC DChg,82.19999999999709,-1.6999,3.9807
13,CC DChg,82.30000000000291,-1.6999,3.9806
13,CC DChg,82.39999999999418,-1.6999,3.9806
13,CC DChg,82.5,-1.6999,3.9806
13,CC DChg,82.59999999999127,-1.6999,3.9806
13,CC DChg,82.69999999999709,-1.6999,3.9805
13,CC DChg,82.80000000000291,-1.6999,3.9805
13,CC DChg,82.89999999999418,-1.6999,3.9806
13,CC DChg,83.0,-1.6999,3.9805
13,CC DChg,83.09999999999127,-1.6999,3.9805
13,CC DChg,83.19999999999709,-1.6999,3.9805
13,CC DChg,83.30000000000291,-1.6999,3.9804
13,CC DChg,83.39999999999418,-1.6999,3.9804
13,CC DChg,83.5,-1.6999,3.9804
13,CC DChg,83.59999999999127,-1.6999,3.9804
13,CC DChg,83.69999999999709,-1.6999,3.9803
13,CC DChg,83.80000000000291,-1.6999,3.9803
13,CC DChg,83.89999999999418,-1.6999,3.9803
13,CC DChg,84.0,-1.6999,3.9803
13,CC DChg,84.09999999999127,-1.6999,3.9803
13,CC DChg,84.19999999999709,-1.6999,3.9802
13,CC DChg,84.30000000000291,-1.6999,3.9802
13,CC DChg,84.39999999999418,-1.6999,3.9802
13,CC DChg,84.5,-1.6999,3.9802
13,CC DChg,84.59999999999127,-1.6999,3.9802
13,CC DChg,84.69999999999709,-1.6999,3.9801
13,CC DChg,84.80000000000291,-1.6999,3.9801
13,CC DChg,84.89999999999418,-1.6999,3.9801
13,CC DChg,85.0,-1.6999,3.9801
13,CC DChg,85.09999999999127,-1.6999,3.98
13,CC DChg,85.19999999999709,-1.6999,3.98
13,CC DChg,85.30000000000291,-1.6999,3.98
13,CC DChg,85.39999999999418,-1.6999,3.9799
13,CC DChg,85.5,-1.6999,3.9799
13,CC DChg,85.59999999999127,-1.6999,3.9799
13,CC DChg,85.69999999999709,-1.6999,3.9799
13,CC DChg,85.80000000000291,-1.6999,3.9799
13,CC DChg,85.89999999999418,-1.6999,3.9799
13,CC DChg,86.0,-1.6999,3.9799
13,CC DChg,86.09999999999127,-1.6999,3.9798
13,CC DChg,86.19999999999709,-1.6999,3.9798
13,CC DChg,86.30000000000291,-1.6999,3.9798
13,CC DChg,86.39999999999418,-1.6999,3.9798
13,CC DChg,86.5,-1.6999,3.9797
13,CC DChg,86.59999999999127,-1.6999,3.9797
13,CC DChg,86.69999999999709,-1.6999,3.9797
13,CC DChg,86.80000000000291,-1.6999,3.9797
13,CC DChg,86.89999999999418,-1.6999,3.9797
13,CC DChg,87.0,-1.6999,3.9797
13,CC DChg,87.09999999999127,-1.6999,3.9796
13,CC DChg,87.19999999999709,-1.6999,3.9797
13,CC DChg,87.30000000000291,-1.6999,3.9796
13,CC DChg,87.39999999999418,-1.6999,3.9796
13,CC DChg,87.5,-1.6999,3.9796
13,CC DChg,87.59999999999127,-1.6999,3.9796
13,CC DChg,87.69999999999709,-1.6999,3.9795
13,CC DChg,87.80000000000291,-1.6999,3.9795
13,CC DChg,87.89999999999418,-1.6999,3.9795
13,CC DChg,88.0,-1.6999,3.9795
13,CC DChg,88.09999999999127,-1.6999,3.9795
13,CC DChg,88.19999999999709,-1.6999,3.9795
13,CC DChg,88.30000000000291,-1.6999,3.9794
13,CC DChg,88.39999999999418,-1.6999,3.9794
13,CC DChg,88.5,-1.6999,3.9793
13,CC DChg,88.59999999999127,-1.6999,3.9793
13,CC DChg,88.69999999999709,-1.6999,3.9794
13,CC DChg,88.80000000000291,-1.6999,3.9794
13,CC DChg,88.89999999999418,-1.6999,3.9793
13,CC DChg,89.0,-1.6999,3.9793
13,CC DChg,89.09999999999127,-1.6999,3.9793
13,CC DChg,89.19999999999709,-1.6999,3.9793
13,CC DChg,89.30000000000291,-1.6999,3.9792
13,CC DChg,89.39999999999418,-1.6999,3.9792
13,CC DChg,89.5,-1.6999,3.9792
13,CC DChg,89.59999999999127,-1.6999,3.9791
13,CC DChg,89.69999999999709,-1.6999,3.9792
13,CC DChg,89.80000000000291,-1.6999,3.9792
13,CC DChg,89.89999999999418,-1.6999,3.9791
13,CC DChg,90.0,-1.6999,3.979
13,CC DChg,90.09999999999127,-1.6999,3.979
13,CC DChg,90.19999999999709,-1.6999,3.979
13,CC DChg,90.30000000000291,-1.6999,3.979
13,CC DChg,90.39999999999418,-1.6999,3.979
13,CC DChg,90.5,-1.6999,3.979
13,CC DChg,90.59999999999127,-1.6999,3.979
13,CC DChg,90.69999999999709,-1.6999,3.9789
13,CC DChg,90.80000000000291,-1.6999,3.9789
13,CC DChg,90.89999999999418,-1.6999,3.9789
13,CC DChg,91.0,-1.6999,3.9789
13,CC DChg,91.09999999999127,-1.6999,3.9789
13,CC DChg,91.19999999999709,-1.6999,3.9789
13,CC DChg,91.30000000000291,-1.6999,3.9788
13,CC DChg,91.39999999999418,-1.6999,3.9788
13,CC DChg,91.5,-1.6999,3.9788
13,CC DChg,91.59999999999127,-1.6999,3.9788
13,CC DChg,91.69999999999709,-1.6999,3.9787
13,CC DChg,91.80000000000291,-1.6999,3.9787
13,CC DChg,91.89999999999418,-1.6999,3.9787
13,CC DChg,92.0,-1.6999,3.9787
13,CC DChg,92.09999999999127,-1.6999,3.9787
13,CC DChg,92.19999999999709,-1.6999,3.9786
13,CC DChg,92.30000000000291,-1.6999,3.9786
13,CC DChg,92.39999999999418,-1.6999,3.9786
13,CC DChg,92.5,-1.6999,3.9786
13,CC DChg,92.59999999999127,-1.6999,3.9786
13,CC DChg,92.69999999999709,-1.6999,3.9785
13,CC DChg,92.80000000000291,-1.6999,3.9785
13,CC DChg,92.89999999999418,-1.6999,3.9785
13,CC DChg,93.0,-1.6999,3.9785
13,CC DChg,93.09999999999127,-1.6999,3.9785
13,CC DChg,93.19999999999709,-1.6999,3.9784
13,CC DChg,93.30000000000291,-1.6999,3.9785
13,CC DChg,93.39999999999418,-1.6999,3.9785
13,CC DChg,93.5,-1.6999,3.9784
13,CC DChg,93.59999999999127,-1.6999,3.9784
13,CC DChg,93.69999999999709,-1.6999,3.9784
13,CC DChg,93.80000000000291,-1.6999,3.9783
13,CC DChg,93.89999999999418,-1.6999,3.9784
13,CC DChg,94.0,-1.6999,3.9784
13,CC DChg,94.09999999999127,-1.6999,3.9783
13,CC DChg,94.19999999999709,-1.6999,3.9783
13,CC DChg,94.30000000000291,-1.6999,3.9783
13,CC DChg,94.39999999999418,-1.6999,3.9782
13,CC DChg,94.5,-1.6999,3.9782
13,CC DChg,94.59999999999127,-1.6999,3.9782
13,CC DChg,94.69999999999709,-1.6999,3.9782
13,CC DChg,94.80000000000291,-1.6999,3.9781
13,CC DChg,94.89999999999418,-1.6999,3.9781
13,CC DChg,95.0,-1.6999,3.9781
13,CC DChg,95.09999999999127,-1.6999,3.9781
13,CC DChg,95.19999999999709,-1.6999,3.9781
13,CC DChg,95.30000000000291,-1.6999,3.978
13,CC DChg,95.39999999999418,-1.6999,3.978
13,CC DChg,95.5,-1.6999,3.978
13,CC DChg,95.59999999999127,-1.6999,3.978
13,CC DChg,95.69999999999709,-1.6999,3.978
13,CC DChg,95.80000000000291,-1.6999,3.978
13,CC DChg,95.89999999999418,-1.6999,3.9779
13,CC DChg,96.0,-1.6999,3.9779
13,CC DChg,96.09999999999127,-1.6999,3.9779
13,CC DChg,96.19999999999709,-1.6999,3.9779
13,CC DChg,96.30000000000291,-1.6999,3.9779
13,CC DChg,96.39999999999418,-1.6999,3.9779
13,CC DChg,96.5,-1.6999,3.9778
13,CC DChg,96.59999999999127,-1.6999,3.9778
13,CC DChg,96.69999999999709,-1.6999,3.9778
13,CC DChg,96.80000000000291,-1.6999,3.9778
13,CC DChg,96.89999999999418,-1.6999,3.9778
13,CC DChg,97.0,-1.6999,3.9778
13,CC DChg,97.09999999999127,-1.6999,3.9777
13,CC DChg,97.19999999999709,-1.6999,3.9777
13,CC DChg,97.30000000000291,-1.6999,3.9777
13,CC DChg,97.39999999999418,-1.6999,3.9777
13,CC DChg,97.5,-1.6999,3.9777
13,CC DChg,97.59999999999127,-1.6999,3.9777
13,CC DChg,97.69999999999709,-1.6999,3.9777
13,CC DChg,97.80000000000291,-1.6999,3.9776
13,CC DChg,97.89999999999418,-1.6999,3.9776
13,CC DChg,98.0,-1.6999,3.9776
13,CC DChg,98.09999999999127,-1.6999,3.9776
13,CC DChg,98.19999999999709,-1.6999,3.9776
13,CC DChg,98.30000000000291,-1.6999,3.9775
13,CC DChg,98.39999999999418,-1.6999,3.9775
13,CC DChg,98.5,-1.6999,3.9775
13,CC DChg,98.59999999999127,-1.6999,3.9775
13,CC DChg,98.69999999999709,-1.6999,3.9774
13,CC DChg,98.80000000000291,-1.6999,3.9774
13,CC DChg,98.89999999999418,-1.6999,3.9774
13,CC DChg,99.0,-1.6999,3.9773
13,CC DChg,99.09999999999127,-1.6999,3.9774
13,CC DChg,99.19999999999709,-1.6999,3.9773
13,CC DChg,99.30000000000291,-1.6999,3.9773
13,CC DChg,99.39999999999418,-1.6999,3.9773
13,CC DChg,99.5,-1.6999,3.9773
13,CC DChg,99.59999999999127,-1.6999,3.9773
13,CC DChg,99.69999999999709,-1.6999,3.9773
13,CC DChg,99.80000000000291,-1.6999,3.9773
13,CC DChg,99.89999999999418,-1.6999,3.9772
13,CC DChg,100.0,-1.6999,3.9772
13,CC DChg,100.09999999999127,-1.6999,3.9772
13,CC DChg,100.19999999999709,-1.6999,3.9772
13,CC DChg,100.30000000000291,-1.6999,3.9772
13,CC DChg,100.39999999999418,-1.6999,3.9771
13,CC DChg,100.5,-1.6999,3.9771
13,CC DChg,100.59999999999127,-1.6999,3.977
13,CC DChg,100.69999999999709,-1.6999,3.9771
13,CC DChg,100.80000000000291,-1.6999,3.9771
13,CC DChg,100.89999999999418,-1.6999,3.977
13,CC DChg,101.0,-1.6999,3.977
13,CC DChg,101.09999999999127,-1.6999,3.977
13,CC DChg,101.19999999999709,-1.6999,3.977
13,CC DChg,101.30000000000291,-1.6999,3.977
13,CC DChg,101.39999999999418,-1.6999,3.9769
13,CC DChg,101.5,-1.6999,3.9769
13,CC DChg,101.59999999999127,-1.6999,3.9769
13,CC DChg,101.69999999999709,-1.6999,3.9769
13,CC DChg,101.80000000000291,-1.6999,3.9768
13,CC DChg,101.89999999999418,-1.6999,3.9768
13,CC DChg,102.0,-1.6999,3.9768
13,CC DChg,102.09999999999127,-1.6999,3.9768
13,CC DChg,102.19999999999709,-1.6999,3.9768
13,CC DChg,102.30000000000291,-1.6999,3.9768
13,CC DChg,102.39999999999418,-1.6999,3.9767
13,CC DChg,102.5,-1.6999,3.9767
13,CC DChg,102.59999999999127,-1.6999,3.9767
13,CC DChg,102.69999999999709,-1.6999,3.9767
13,CC DChg,102.80000000000291,-1.6999,3.9767
13,CC DChg,102.89999999999418,-1.6999,3.9766
13,CC DChg,103.0,-1.6999,3.9767
13,CC DChg,103.09999999999127,-1.6999,3.9767
13,CC DChg,103.19999999999709,-1.6999,3.9767
13,CC DChg,103.30000000000291,-1.6999,3.9766
13,CC DChg,103.39999999999418,-1.6999,3.9766
13,CC DChg,103.5,-1.6999,3.9766
13,CC DChg,103.59999999999127,-1.6999,3.9765
13,CC DChg,103.69999999999709,-1.6999,3.9765
13,CC DChg,103.80000000000291,-1.6999,3.9765
13,CC DChg,103.89999999999418,-1.6999,3.9765
13,CC DChg,104.0,-1.6999,3.9765
13,CC DChg,104.09999999999127,-1.6999,3.9764
13,CC DChg,104.19999999999709,-1.6999,3.9764
13,CC DChg,104.30000000000291,-1.6999,3.9764
13,CC DChg,104.39999999999418,-1.6999,3.9764
13,CC DChg,104.5,-1.6999,3.9764
13,CC DChg,104.59999999999127,-1.6999,3.9764
13,CC DChg,104.69999999999709,-1.6999,3.9763
13,CC DChg,104.80000000000291,-1.6999,3.9763
13,CC DChg,104.89999999999418,-1.6999,3.9763
13,CC DChg,105.0,-1.6999,3.9763
13,CC DChg,105.09999999999127,-1.6999,3.9763
13,CC DChg,105.19999999999709,-1.6999,3.9763
13,CC DChg,105.30000000000291,-1.6999,3.9762
13,CC DChg,105.39999999999418,-1.6999,3.9762
13,CC DChg,105.5,-1.6999,3.9762
13,CC DChg,105.59999999999127,-1.6999,3.9762
13,CC DChg,105.69999999999709,-1.6999,3.9762
13,CC DChg,105.80000000000291,-1.6999,3.9761
13,CC DChg,105.89999999999418,-1.6999,3.9761
13,CC DChg,106.0,-1.6999,3.9761
13,CC DChg,106.09999999999127,-1.6999,3.9761
13,CC DChg,106.19999999999709,-1.6999,3.9761
13,CC DChg,106.30000000000291,-1.6999,3.9761
13,CC DChg,106.39999999999418,-1.6999,3.976
13,CC DChg,106.5,-1.6999,3.976
13,CC DChg,106.59999999999127,-1.6999,3.976
13,CC DChg,106.69999999999709,-1.6999,3.976
13,CC DChg,106.80000000000291,-1.6999,3.976
13,CC DChg,106.89999999999418,-1.6999,3.976
13,CC DChg,107.0,-1.6999,3.9759
13,CC DChg,107.09999999999127,-1.6999,3.976
13,CC DChg,107.19999999999709,-1.6999,3.976
13,CC DChg,107.30000000000291,-1.6999,3.9759
13,CC DChg,107.39999999999418,-1.6999,3.9759
13,CC DChg,107.5,-1.6999,3.9759
13,CC DChg,107.59999999999127,-1.6999,3.9758
13,CC DChg,107.69999999999709,-1.6999,3.9758
13,CC DChg,107.80000000000291,-1.6999,3.9758
13,CC DChg,107.89999999999418,-1.6999,3.9758
13,CC DChg,108.0,-1.6999,3.9758
13,CC DChg,108.09999999999127,-1.6999,3.9758
13,CC DChg,108.19999999999709,-1.6999,3.9758
13,CC DChg,108.30000000000291,-1.6999,3.9757
13,CC DChg,108.39999999999418,-1.6999,3.9757
13,CC DChg,108.5,-1.6999,3.9757
13,CC DChg,108.59999999999127,-1.6999,3.9757
13,CC DChg,108.69999999999709,-1.6999,3.9756
13,CC DChg,108.80000000000291,-1.6999,3.9756
13,CC DChg,108.89999999999418,-1.6999,3.9756
13,CC DChg,109.0,-1.6999,3.9756
13,CC DChg,109.09999999999127,-1.6999,3.9755
13,CC DChg,109.19999999999709,-1.6999,3.9755
13,CC DChg,109.30000000000291,-1.6999,3.9755
13,CC DChg,109.39999999999418,-1.6999,3.9755
13,CC DChg,109.5,-1.6999,3.9755
13,CC DChg,109.59999999999127,-1.6999,3.9755
13,CC DChg,109.69999999999709,-1.6999,3.9754
13,CC DChg,109.80000000000291,-1.6999,3.9754
13,CC DChg,109.89999999999418,-1.6999,3.9754
13,CC DChg,110.0,-1.6999,3.9754
13,CC DChg,110.09999999999127,-1.6999,3.9754
13,CC DChg,110.19999999999709,-1.6999,3.9754
13,CC DChg,110.30000000000291,-1.6999,3.9753
13,CC DChg,110.39999999999418,-1.6999,3.9754
13,CC DChg,110.5,-1.6999,3.9753
13,CC DChg,110.59999999999127,-1.6999,3.9753
13,CC DChg,110.69999999999709,-1.6999,3.9753
13,CC DChg,110.80000000000291,-1.6999,3.9753
13,CC DChg,110.89999999999418,-1.6999,3.9753
13,CC DChg,111.0,-1.6999,3.9752
13,CC DChg,111.09999999999127,-1.6999,3.9752
13,CC DChg,111.19999999999709,-1.6999,3.9752
13,CC DChg,111.30000000000291,-1.6999,3.9752
13,CC DChg,111.39999999999418,-1.6999,3.9752
13,CC DChg,111.5,-1.6999,3.9751
13,CC DChg,111.59999999999127,-1.6999,3.9751
13,CC DChg,111.69999999999709,-1.6999,3.9751
13,CC DChg,111.80000000000291,-1.6999,3.9751
13,CC DChg,111.89999999999418,-1.6999,3.9751
13,CC DChg,112.0,-1.6999,3.9751
13,CC DChg,112.09999999999127,-1.6999,3.9751
13,CC DChg,112.19999999999709,-1.6999,3.9751
13,CC DChg,112.30000000000291,-1.6999,3.975
13,CC DChg,112.39999999999418,-1.6999,3.975
13,CC DChg,112.5,-1.6999,3.975
13,CC DChg,112.59999999999127,-1.6999,3.975
13,CC DChg,112.69999999999709,-1.6999,3.9749
13,CC DChg,112.80000000000291,-1.6999,3.9749
13,CC DChg,112.89999999999418,-1.6999,3.9749
13,CC DChg,113.0,-1.6999,3.9749
13,CC DChg,113.09999999999127,-1.6999,3.9749
13,CC DChg,113.19999999999709,-1.6999,3.9748
13,CC DChg,113.30000000000291,-1.6999,3.9748
13,CC DChg,113.39999999999418,-1.6999,3.9748
13,CC DChg,113.5,-1.6999,3.9748
13,CC DChg,113.59999999999127,-1.6999,3.9748
13,CC DChg,113.69999999999709,-1.6999,3.9748
13,CC DChg,113.80000000000291,-1.6999,3.9747
13,CC DChg,113.89999999999418,-1.6999,3.9747
13,CC DChg,114.0,-1.6999,3.9747
13,CC DChg,114.09999999999127,-1.6999,3.9747
13,CC DChg,114.19999999999709,-1.6999,3.9747
13,CC DChg,114.30000000000291,-1.6999,3.9747
13,CC DChg,114.39999999999418,-1.6999,3.9747
13,CC DChg,114.5,-1.6999,3.9746
13,CC DChg,114.59999999999127,-1.6999,3.9746
13,CC DChg,114.69999999999709,-1.6999,3.9746
13,CC DChg,114.80000000000291,-1.6999,3.9746
13,CC DChg,114.89999999999418,-1.6999,3.9746
13,CC DChg,115.0,-1.6999,3.9746
13,CC DChg,115.09999999999127,-1.6999,3.9746
13,CC DChg,115.19999999999709,-1.6999,3.9745
13,CC DChg,115.30000000000291,-1.6999,3.9745
13,CC DChg,115.39999999999418,-1.6999,3.9745
13,CC DChg,115.5,-1.6999,3.9744
13,CC DChg,115.59999999999127,-1.6999,3.9744
13,CC DChg,115.69999999999709,-1.6999,3.9744
13,CC DChg,115.80000000000291,-1.6999,3.9744
13,CC DChg,115.89999999999418,-1.6999,3.9744
13,CC DChg,116.0,-1.6999,3.9744
13,CC DChg,116.09999999999127,-1.6999,3.9744
13,CC DChg,116.19999999999709,-1.6999,3.9744
13,CC DChg,116.30000000000291,-1.6999,3.9743
13,CC DChg,116.39999999999418,-1.6999,3.9743
13,CC DChg,116.5,-1.6999,3.9743
13,CC DChg,116.59999999999127,-1.6999,3.9743
13,CC DChg,116.69999999999709,-1.6999,3.9742
13,CC DChg,116.80000000000291,-1.6999,3.9743
13,CC DChg,116.89999999999418,-1.6999,3.9743
13,CC DChg,117.0,-1.6999,3.9742
13,CC DChg,117.09999999999127,-1.6999,3.9742
13,CC DChg,117.19999999999709,-1.6999,3.9742
13,CC DChg,117.30000000000291,-1.6999,3.9742
13,CC DChg,117.39999999999418,-1.6999,3.9742
13,CC DChg,117.5,-1.6999,3.9741
13,CC DChg,117.59999999999127,-1.6999,3.9741
13,CC DChg,117.69999999999709,-1.6999,3.9741
13,CC DChg,117.80000000000291,-1.6999,3.9741
13,CC DChg,117.89999999999418,-1.6999,3.9741
13,CC DChg,118.0,-1.6999,3.9741
13,CC DChg,118.09999999999127,-1.6999,3.974
13,CC DChg,118.19999999999709,-1.6999,3.974
13,CC DChg,118.30000000000291,-1.6999,3.974
13,CC DChg,118.39999999999418,-1.6999,3.9739
13,CC DChg,118.5,-1.6999,3.974
13,CC DChg,118.59999999999127,-1.6999,3.974
13,CC DChg,118.69999999999709,-1.6999,3.9739
13,CC DChg,118.80000000000291,-1.6999,3.9739
13,CC DChg,118.89999999999418,-1.6999,3.9739
13,CC DChg,119.0,-1.6999,3.9739
13,CC DChg,119.09999999999127,-1.6999,3.9739
13,CC DChg,119.19999999999709,-1.6999,3.9738
13,CC DChg,119.30000000000291,-1.6999,3.9738
13,CC DChg,119.39999999999418,-1.6999,3.9738
13,CC DChg,119.5,-1.6999,3.9738
13,CC DChg,119.59999999999127,-1.6999,3.9738
13,CC DChg,119.69999999999709,-1.6999,3.9737
13,CC DChg,119.80000000000291,-1.6999,3.9737
13,CC DChg,119.89999999999418,-1.6999,3.9737
13,CC DChg,120.0,-1.6999,3.9737
13,CC DChg,120.09999999999127,-1.6999,3.9737
13,CC DChg,120.19999999999709,-1.6999,3.9736
13,CC DChg,120.30000000000291,-1.6999,3.9736
13,CC DChg,120.39999999999418,-1.6999,3.9736
13,CC DChg,120.5,-1.6999,3.9736
13,CC DChg,120.59999999999127,-1.6999,3.9736
13,CC DChg,120.69999999999709,-1.6999,3.9735
13,CC DChg,120.80000000000291,-1.6999,3.9735
13,CC DChg,120.89999999999418,-1.6999,3.9735
13,CC DChg,121.0,-1.6999,3.9735
13,CC DChg,121.09999999999127,-1.6999,3.9735
13,CC DChg,121.19999999999709,-1.6999,3.9735
13,CC DChg,121.30000000000291,-1.6999,3.9735
13,CC DChg,121.39999999999418,-1.6999,3.9735
13,CC DChg,121.5,-1.6999,3.9735
13,CC DChg,121.59999999999127,-1.6999,3.9735
13,CC DChg,121.69999999999709,-1.6999,3.9734
13,CC DChg,121.80000000000291,-1.6999,3.9734
13,CC DChg,121.89999999999418,-1.6999,3.9734
13,CC DChg,122.0,-1.6999,3.9734
13,CC DChg,122.09999999999127,-1.6999,3.9734
13,CC DChg,122.19999999999709,-1.6999,3.9733
13,CC DChg,122.30000000000291,-1.6999,3.9733
13,CC DChg,122.39999999999418,-1.6999,3.9733
13,CC DChg,122.5,-1.6999,3.9733
13,CC DChg,122.59999999999127,-1.6999,3.9733
13,CC DChg,122.69999999999709,-1.6999,3.9733
13,CC DChg,122.80000000000291,-1.6999,3.9732
13,CC DChg,122.89999999999418,-1.6999,3.9732
13,CC DChg,123.0,-1.6999,3.9732
13,CC DChg,123.09999999999127,-1.6999,3.9732
13,CC DChg,123.19999999999709,-1.6999,3.9731
13,CC DChg,123.30000000000291,-1.6999,3.9732
13,CC DChg,123.39999999999418,-1.6999,3.9731
13,CC DChg,123.5,-1.6999,3.9731
13,CC DChg,123.59999999999127,-1.6999,3.9731
13,CC DChg,123.69999999999709,-1.6999,3.9731
13,CC DChg,123.80000000000291,-1.6999,3.9731
13,CC DChg,123.89999999999418,-1.6999,3.973
13,CC DChg,124.0,-1.6999,3.973
13,CC DChg,124.09999999999127,-1.6999,3.973
13,CC DChg,124.19999999999709,-1.6999,3.973
13,CC DChg,124.30000000000291,-1.6999,3.973
13,CC DChg,124.39999999999418,-1.6999,3.973
13,CC DChg,124.5,-1.6999,3.9729
13,CC DChg,124.59999999999127,-1.6999,3.9729
13,CC DChg,124.69999999999709,-1.6999,3.9729
13,CC DChg,124.80000000000291,-1.6999,3.9729
13,CC DChg,124.89999999999418,-1.6999,3.9729
13,CC DChg,125.0,-1.6999,3.9728
13,CC DChg,125.09999999999127,-1.6999,3.9728
13,CC DChg,125.19999999999709,-1.6999,3.9728
13,CC DChg,125.30000000000291,-1.6999,3.9728
13,CC DChg,125.39999999999418,-1.6999,3.9728
13,CC DChg,125.5,-1.6999,3.9728
13,CC DChg,125.59999999999127,-1.6999,3.9728
13,CC DChg,125.69999999999709,-1.6999,3.9727
13,CC DChg,125.80000000000291,-1.6999,3.9727
13,CC DChg,125.89999999999418,-1.6999,3.9727
13,CC DChg,126.0,-1.6999,3.9727
13,CC DChg,126.09999999999127,-1.6999,3.9727
13,CC DChg,126.19999999999709,-1.6999,3.9727
13,CC DChg,126.30000000000291,-1.6999,3.9726
13,CC DChg,126.39999999999418,-1.6999,3.9726
13,CC DChg,126.5,-1.6999,3.9726
13,CC DChg,126.59999999999127,-1.6999,3.9726
13,CC DChg,126.69999999999709,-1.6999,3.9726
13,CC DChg,126.80000000000291,-1.6999,3.9726
13,CC DChg,126.89999999999418,-1.6999,3.9726
13,CC DChg,127.0,-1.6999,3.9725
13,CC DChg,127.09999999999127,-1.6999,3.9725
13,CC DChg,127.19999999999709,-1.6999,3.9725
13,CC DChg,127.30000000000291,-1.6999,3.9725
13,CC DChg,127.39999999999418,-1.6999,3.9725
13,CC DChg,127.5,-1.6999,3.9725
13,CC DChg,127.59999999999127,-1.6999,3.9724
13,CC DChg,127.69999999999709,-1.6999,3.9724
13,CC DChg,127.80000000000291,-1.6999,3.9724
13,CC DChg,127.89999999999418,-1.6999,3.9724
13,CC DChg,128.0,-1.6999,3.9724
13,CC DChg,128.09999999999127,-1.6999,3.9724
13,CC DChg,128.1999999999971,-1.6999,3.9723
13,CC DChg,128.3000000000029,-1.6999,3.9723
13,CC DChg,128.39999999999418,-1.6999,3.9723
13,CC DChg,128.5,-1.6999,3.9723
13,CC DChg,128.59999999999127,-1.6999,3.9723
13,CC DChg,128.6999999999971,-1.6999,3.9723
13,CC DChg,128.8000000000029,-1.6999,3.9722
13,CC DChg,128.89999999999418,-1.6999,3.9722
13,CC DChg,129.0,-1.6999,3.9723
13,CC DChg,129.09999999999127,-1.6999,3.9722
13,CC DChg,129.1999999999971,-1.6999,3.9722
13,CC DChg,129.3000000000029,-1.6999,3.9722
13,CC DChg,129.39999999999418,-1.6999,3.9722
13,CC DChg,129.5,-1.6999,3.9722
13,CC DChg,129.59999999999127,-1.6999,3.9722
13,CC DChg,129.6999999999971,-1.6999,3.9722
13,CC DChg,129.8000000000029,-1.6999,3.9721
13,CC DChg,129.89999999999418,-1.6999,3.9721
13,CC DChg,130.0,-1.6999,3.9721
13,CC DChg,130.09999999999127,-1.6999,3.9721
13,CC DChg,130.1999999999971,-1.6999,3.972
13,CC DChg,130.3000000000029,-1.6999,3.972
13,CC DChg,130.39999999999418,-1.6999,3.9721
13,CC DChg,130.5,-1.6999,3.972
13,CC DChg,130.59999999999127,-1.6999,3.972
13,CC DChg,130.6999999999971,-1.6999,3.9719
13,CC DChg,130.8000000000029,-1.6999,3.9719
13,CC DChg,130.89999999999418,-1.6999,3.9719
13,CC DChg,131.0,-1.6999,3.9719
13,CC DChg,131.09999999999127,-1.6999,3.9719
13,CC DChg,131.1999999999971,-1.6999,3.9719
13,CC DChg,131.3000000000029,-1.6999,3.9719
13,CC DChg,131.39999999999418,-1.6999,3.9719
13,CC DChg,131.5,-1.6999,3.9718
13,CC DChg,131.59999999999127,-1.6999,3.9718
13,CC DChg,131.6999999999971,-1.6999,3.9718
13,CC DChg,131.8000000000029,-1.6999,3.9718
13,CC DChg,131.89999999999418,-1.6999,3.9718
13,CC DChg,132.0,-1.6999,3.9717
13,CC DChg,132.09999999999127,-1.6999,3.9717
13,CC DChg,132.1999999999971,-1.6999,3.9717
13,CC DChg,132.3000000000029,-1.6999,3.9717
13,CC DChg,132.39999999999418,-1.6999,3.9717
13,CC DChg,132.5,-1.6999,3.9717
13,CC DChg,132.59999999999127,-1.6999,3.9717
13,CC DChg,132.6999999999971,-1.6999,3.9716
13,CC DChg,132.8000000000029,-1.6999,3.9716
13,CC DChg,132.89999999999418,-1.6999,3.9716
13,CC DChg,133.0,-1.6999,3.9716
13,CC DChg,133.09999999999127,-1.6999,3.9715
13,CC DChg,133.1999999999971,-1.6999,3.9715
13,CC DChg,133.3000000000029,-1.6999,3.9715
13,CC DChg,133.39999999999418,-1.6999,3.9715
13,CC DChg,133.5,-1.6999,3.9715
13,CC DChg,133.59999999999127,-1.6999,3.9715
13,CC DChg,133.6999999999971,-1.6999,3.9715
13,CC DChg,133.8000000000029,-1.6999,3.9714
13,CC DChg,133.89999999999418,-1.6999,3.9714
13,CC DChg,134.0,-1.6999,3.9714
13,CC DChg,134.09999999999127,-1.6999,3.9714
13,CC DChg,134.1999999999971,-1.6999,3.9714
13,CC DChg,134.3000000000029,-1.6999,3.9714
13,CC DChg,134.39999999999418,-1.6999,3.9714
13,CC DChg,134.5,-1.6999,3.9713
13,CC DChg,134.59999999999127,-1.6999,3.9713
13,CC DChg,134.6999999999971,-1.6999,3.9713
13,CC DChg,134.8000000000029,-1.6999,3.9713
13,CC DChg,134.89999999999418,-1.6999,3.9713
13,CC DChg,135.0,-1.6999,3.9712
13,CC DChg,135.09999999999127,-1.6999,3.9713
13,CC DChg,135.1999999999971,-1.6999,3.9713
13,CC DChg,135.3000000000029,-1.6999,3.9712
13,CC DChg,135.39999999999418,-1.6999,3.9712
13,CC DChg,135.5,-1.6999,3.9712
13,CC DChg,135.59999999999127,-1.6999,3.9712
13,CC DChg,135.6999999999971,-1.6999,3.9712
13,CC DChg,135.8000000000029,-1.6999,3.9711
13,CC DChg,135.89999999999418,-1.6999,3.9712
13,CC DChg,136.0,-1.6999,3.9711
13,CC DChg,136.09999999999127,-1.6999,3.9711
13,CC DChg,136.1999999999971,-1.6999,3.9711
13,CC DChg,136.3000000000029,-1.6999,3.9711
13,CC DChg,136.39999999999418,-1.6999,3.971
13,CC DChg,136.5,-1.6999,3.971
13,CC DChg,136.59999999999127,-1.6999,3.971
13,CC DChg,136.6999999999971,-1.6999,3.971
13,CC DChg,136.8000000000029,-1.6999,3.971
13,CC DChg,136.89999999999418,-1.6999,3.971
13,CC DChg,137.0,-1.6999,3.971
13,CC DChg,137.09999999999127,-1.6999,3.9709
13,CC DChg,137.1999999999971,-1.6999,3.9709
13,CC DChg,137.3000000000029,-1.6999,3.9709
13,CC DChg,137.39999999999418,-1.6999,3.9709
13,CC DChg,137.5,-1.6999,3.9709
13,CC DChg,137.59999999999127,-1.6999,3.9709
13,CC DChg,137.6999999999971,-1.6999,3.9708
13,CC DChg,137.8000000000029,-1.6999,3.9708
13,CC DChg,137.89999999999418,-1.6999,3.9708
13,CC DChg,138.0,-1.6999,3.9708
13,CC DChg,138.09999999999127,-1.6999,3.9708
13,CC DChg,138.1999999999971,-1.6999,3.9708
13,CC DChg,138.3000000000029,-1.6999,3.9708
13,CC DChg,138.39999999999418,-1.6999,3.9707
13,CC DChg,138.5,-1.6999,3.9707
13,CC DChg,138.59999999999127,-1.6999,3.9707
13,CC DChg,138.6999999999971,-1.6999,3.9707
13,CC DChg,138.8000000000029,-1.6999,3.9707
13,CC DChg,138.89999999999418,-1.6999,3.9707
13,CC DChg,139.0,-1.6999,3.9706
13,CC DChg,139.09999999999127,-1.6999,3.9706
13,CC DChg,139.1999999999971,-1.6999,3.9706
13,CC DChg,139.3000000000029,-1.6999,3.9706
13,CC DChg,139.39999999999418,-1.6999,3.9705
13,CC DChg,139.5,-1.6999,3.9705
13,CC DChg,139.59999999999127,-1.6999,3.9705
13,CC DChg,139.6999999999971,-1.6999,3.9705
13,CC DChg,139.8000000000029,-1.6999,3.9705
13,CC DChg,139.89999999999418,-1.6999,3.9705
13,CC DChg,140.0,-1.6999,3.9705
13,CC DChg,140.09999999999127,-1.6999,3.9705
13,CC DChg,140.1999999999971,-1.6999,3.9705
13,CC DChg,140.3000000000029,-1.6999,3.9704
13,CC DChg,140.39999999999418,-1.6999,3.9704
13,CC DChg,140.5,-1.6999,3.9704
13,CC DChg,140.59999999999127,-1.6999,3.9704
13,CC DChg,140.6999999999971,-1.6999,3.9704
13,CC DChg,140.8000000000029,-1.6999,3.9704
13,CC DChg,140.89999999999418,-1.6999,3.9704
13,CC DChg,141.0,-1.6999,3.9704
13,CC DChg,141.09999999999127,-1.6999,3.9704
13,CC DChg,141.1999999999971,-1.6999,3.9703
13,CC DChg,141.3000000000029,-1.6999,3.9703
13,CC DChg,141.39999999999418,-1.6999,3.9703
13,CC DChg,141.5,-1.6999,3.9703
13,CC DChg,141.59999999999127,-1.6999,3.9703
13,CC DChg,141.6999999999971,-1.6999,3.9702
13,CC DChg,141.8000000000029,-1.6999,3.9702
13,CC DChg,141.89999999999418,-1.6999,3.9702
13,CC DChg,142.0,-1.6999,3.9702
13,CC DChg,142.09999999999127,-1.6999,3.9702
13,CC DChg,142.1999999999971,-1.6999,3.9702
13,CC DChg,142.3000000000029,-1.6999,3.9702
13,CC DChg,142.39999999999418,-1.6999,3.9702
13,CC DChg,142.5,-1.6999,3.9701
13,CC DChg,142.59999999999127,-1.6999,3.9701
13,CC DChg,142.6999999999971,-1.6999,3.9701
13,CC DChg,142.8000000000029,-1.6999,3.9701
13,CC DChg,142.89999999999418,-1.6999,3.9701
13,CC DChg,143.0,-1.6999,3.9701
13,CC DChg,143.09999999999127,-1.6999,3.9701
13,CC DChg,143.1999999999971,-1.6999,3.9701
13,CC DChg,143.3000000000029,-1.6999,3.97
13,CC DChg,143.39999999999418,-1.6999,3.97
13,CC DChg,143.5,-1.6999,3.97
13,CC DChg,143.59999999999127,-1.6999,3.97
13,CC DChg,143.6999999999971,-1.6999,3.97
13,CC DChg,143.8000000000029,-1.6999,3.97
13,CC DChg,143.89999999999418,-1.6999,3.9699
13,CC DChg,144.0,-1.6999,3.9699
13,CC DChg,144.09999999999127,-1.6999,3.9699
13,CC DChg,144.1999999999971,-1.6999,3.9699
13,CC DChg,144.3000000000029,-1.6998,3.9699
13,CC DChg,144.39999999999418,-1.6998,3.9699
13,CC DChg,144.5,-1.6998,3.9698
13,CC DChg,144.59999999999127,-1.6998,3.9698
13,CC DChg,144.6999999999971,-1.6998,3.9698
13,CC DChg,144.8000000000029,-1.6998,3.9698
13,CC DChg,144.89999999999418,-1.6998,3.9698
13,CC DChg,145.0,-1.6998,3.9698
13,CC DChg,145.09999999999127,-1.6998,3.9698
13,CC DChg,145.1999999999971,-1.6998,3.9697
13,CC DChg,145.3000000000029,-1.6998,3.9697
13,CC DChg,145.39999999999418,-1.6998,3.9697
13,CC DChg,145.5,-1.6998,3.9697
13,CC DChg,145.59999999999127,-1.6998,3.9697
13,CC DChg,145.6999999999971,-1.6998,3.9697
13,CC DChg,145.8000000000029,-1.6998,3.9696
13,CC DChg,145.89999999999418,-1.6998,3.9696
13,CC DChg,146.0,-1.6998,3.9696
13,CC DChg,146.09999999999127,-1.6998,3.9696
13,CC DChg,146.1999999999971,-1.6998,3.9695
13,CC DChg,146.3000000000029,-1.6998,3.9696
13,CC DChg,146.39999999999418,-1.6998,3.9695
13,CC DChg,146.5,-1.6998,3.9695
13,CC DChg,146.59999999999127,-1.6998,3.9695
13,CC DChg,146.6999999999971,-1.6998,3.9695
13,CC DChg,146.8000000000029,-1.6998,3.9695
13,CC DChg,146.89999999999418,-1.6998,3.9695
13,CC DChg,147.0,-1.6998,3.9695
13,CC DChg,147.09999999999127,-1.6998,3.9694
13,CC DChg,147.1999999999971,-1.6998,3.9694
13,CC DChg,147.3000000000029,-1.6998,3.9694
13,CC DChg,147.39999999999418,-1.6998,3.9694
13,CC DChg,147.5,-1.6998,3.9694
13,CC DChg,147.59999999999127,-1.6998,3.9694
13,CC DChg,147.6999999999971,-1.6998,3.9694
13,CC DChg,147.8000000000029,-1.6998,3.9693
13,CC DChg,147.89999999999418,-1.6998,3.9693
13,CC DChg,148.0,-1.6998,3.9693
13,CC DChg,148.09999999999127,-1.6998,3.9693
13,CC DChg,148.1999999999971,-1.6998,3.9693
13,CC DChg,148.3000000000029,-1.6998,3.9692
13,CC DChg,148.39999999999418,-1.6998,3.9692
13,CC DChg,148.4916666666686,-1.6998,3.9692
13,CC DChg,148.58333333332848,-1.6998,3.9692
13,CC DChg,148.67499999998836,-1.6998,3.9692
13,CC DChg,148.7666666666628,-1.6998,3.9692
13,CC DChg,148.8583333333372,-1.6998,3.9692
13,CC DChg,148.9499999999971,-1.6998,3.9691
13,CC DChg,149.04166666665697,-1.6998,3.9691
13,CC DChg,149.1333333333314,-1.6998,3.9691
13,CC DChg,149.22500000000582,-1.6998,3.9691
14,Rest,149.3166666666657,0.0,4.0242
14,Rest,149.40833333332557,0.0,4.0242
14,Rest,149.5075757575687,0.0,4.0244
14,Rest,149.60681818181183,0.0,4.0245
14,Rest,149.70606060605496,0.0,4.0253
14,Rest,149.8053030302981,0.0,4.0259
14,Rest,149.90454545454122,0.0,4.0264
14,Rest,150.00378787878435,0.0,4.0268
14,Rest,150.10303030302748,0.0,4.0272
14,Rest,150.2022727272706,0.0,4.0276
14,Rest,150.30151515151374,0.0,4.0279
14,Rest,150.40075757575687,0.0,4.0283
14,Rest,150.50068870522955,0.0,4.0286
14,Rest,150.60061983471678,0.0,4.0288
14,Rest,150.70055096418946,0.0,4.0291
14,Rest,150.80048209366214,0.0,4.0294
14,Rest,150.90041322313482,0.0,4.0296
14,Rest,151.00034435262205,0.0,4.0298
14,Rest,151.10027548209473,0.0,4.03
14,Rest,151.2002066115674,0.0,4.0303
14,Rest,151.3001377410401,0.0,4.0305
14,Rest,151.40006887052732,0.0,4.0306
14,Rest,151.50006260957161,0.0,4.0308
14,Rest,151.6000563486159,0.0,4.031
14,Rest,151.7000500876602,0.0,4.0312
14,Rest,151.8000438267045,0.0,4.0314
14,Rest,151.9000375657488,0.0,4.0316
14,Rest,152.00003130477853,0.0,4.0318
14,Rest,152.10002504382282,0.0,4.0319
14,Rest,152.20001878286712,0.0,4.032
14,Rest,152.3000125219114,0.0,4.0322
14,Rest,152.4000062609557,0.0,4.0324
14,Rest,152.50000569177791,0.0,4.0325
14,Rest,152.60000512260012,0.0,4.0326
14,Rest,152.70000455342233,0.0,4.0328
14,Rest,152.80000398424454,0.0,4.033
14,Rest,152.90000341506675,0.0,4.033
14,Rest,153.00000284588896,0.0,4.0332
14,Rest,153.10000227671117,0.0,4.0334
14,Rest,153.20000170753337,0.0,4.0335
14,Rest,153.30000113835558,0.0,4.0336
14,Rest,153.4000005691778,0.0,4.0337
14,Rest,153.500000517437,0.0,4.0338
14,Rest,153.6000004656962,0.0,4.0339
14,Rest,153.70000041394087,0.0,4.0341
14,Rest,153.80000036220008,0.0,4.0343
14,Rest,153.9000003104593,0.0,4.0343
14,Rest,154.0000002587185,0.0,4.0345
14,Rest,154.1000002069777,0.0,4.0345
14,Rest,154.20000015523692,0.0,4.0347
14,Rest,154.30000010348158,0.0,4.0348
14,Rest,154.4000000517408,0.0,4.0349
14,Rest,154.5000000470318,0.0,4.035
14,Rest,154.60000004233734,0.0,4.0351
14,Rest,154.70000003762834,0.0,4.0352
14,Rest,154.80000003291934,0.0,4.0353
14,Rest,154.9000000282249,0.0,4.0354
14,Rest,155.0000000235159,0.0,4.0355
14,Rest,155.10000001882145,0.0,4.0356
14,Rest,155.20000001411245,0.0,4.0357
14,Rest,155.30000000940345,0.0,4.0358
14,Rest,155.400000004709,0.0,4.0359
14,Rest,155.50000000427826,0.0,4.036
14,Rest,155.60000000384753,0.0,4.0361
14,Rest,155.70000000343134,0.0,4.0362
14,Rest,155.8000000030006,0.0,4.0363
14,Rest,155.90000000256987,0.0,4.0364
14,Rest,156.00000000213913,0.0,4.0364
14,Rest,156.1000000017084,0.0,4.0366
14,Rest,156.20000000127766,0.0,4.0367
14,Rest,156.30000000086147,0.0,4.0367
14,Rest,156.40000000043074,0.0,4.0368
14,Rest,156.5000000003929,0.0,4.0369
14,Rest,156.60000000035507,0.0,4.037
14,Rest,156.70000000031723,0.0,4.037
14,Rest,156.8000000002794,0.0,4.0371
14,Rest,156.90000000024156,0.0,4.0372
14,Rest,157.00000000018917,0.0,4.0373
14,Rest,157.10000000015134,0.0,4.0374
14,Rest,157.2000000001135,0.0,4.0375
14,Rest,157.30000000007567,0.0,4.0375
14,Rest,157.40000000003783,0.0,4.0376
14,Rest,157.5000000000291,0.0,4.0377
14,Rest,157.60000000003492,0.0,4.0378
14,Rest,157.7000000000262,0.0,4.0379
14,Rest,157.80000000001746,0.0,4.038
14,Rest,157.90000000002328,0.0,4.038
14,Rest,158.00000000001455,0.0,4.0381
14,Rest,158.10000000002037,0.0,4.0382
14,Rest,158.20000000001164,0.0,4.0383
14,Rest,158.3000000000029,0.0,4.0384
14,Rest,158.40000000000873,0.0,4.0384
14,Rest,158.50000000001455,0.0,4.0385
14,Rest,158.60000000000582,0.0,4.0386
14,Rest,158.70000000001164,0.0,4.0386
14,Rest,158.8000000000029,0.0,4.0387
14,Rest,158.90000000000873,0.0,4.0388
14,Rest,159.0,0.0,4.0388
14,Rest,159.10000000000582,0.0,4.0389
14,Rest,159.1999999999971,0.0,4.039
14,Rest,159.3000000000029,0.0,4.039
14,Rest,159.39999999999418,0.0,4.0391
14,Rest,159.5,0.0,4.0392
14,Rest,159.59999999999127,0.0,4.0392
14,Rest,159.6999999999971,0.0,4.0393
14,Rest,159.8000000000029,0.0,4.0394
14,Rest,159.89999999999418,0.0,4.0395
14,Rest,160.0,0.0,4.0395
14,Rest,160.09999999999127,0.0,4.0396
14,Rest,160.1999999999971,0.0,4.0397
14,Rest,160.3000000000029,0.0,4.0397
14,Rest,160.39999999999418,0.0,4.0398
14,Rest,160.5,0.0,4.0398
14,Rest,160.59999999999127,0.0,4.0399
14,Rest,160.6999999999971,0.0,4.04
14,Rest,160.8000000000029,0.0,4.04
14,Rest,160.89999999999418,0.0,4.0401
14,Rest,161.0,0.0,4.0402
14,Rest,161.09999999999127,0.0,4.0402
14,Rest,161.1999999999971,0.0,4.0403
14,Rest,161.3000000000029,0.0,4.0403
14,Rest,161.39999999999418,0.0,4.0404
14,Rest,161.5,0.0,4.0405
14,Rest,161.59999999999127,0.0,4.0405
14,Rest,161.6999999999971,0.0,4.0406
14,Rest,161.8000000000029,0.0,4.0406
14,Rest,161.89999999999418,0.0,4.0407
14,Rest,162.0,0.0,4.0408
14,Rest,162.09999999999127,0.0,4.0408
14,Rest,162.1999999999971,0.0,4.0409
14,Rest,162.3000000000029,0.0,4.041
14,Rest,162.39999999999418,0.0,4.041
14,Rest,162.5,0.0,4.041
14,Rest,162.59999999999127,0.0,4.0411
14,Rest,162.6999999999971,0.0,4.0412
14,Rest,162.8000000000029,0.0,4.0412
14,Rest,162.89999999999418,0.0,4.0413
14,Rest,163.0,0.0,4.0414
14,Rest,163.09999999999127,0.0,4.0414
14,Rest,163.1999999999971,0.0,4.0414
14,Rest,163.3000000000029,0.0,4.0415
14,Rest,163.39999999999418,0.0,4.0416
14,Rest,163.5,0.0,4.0416
14,Rest,163.59999999999127,0.0,4.0417
14,Rest,163.6999999999971,0.0,4.0417
14,Rest,163.8000000000029,0.0,4.0418
14,Rest,163.89999999999418,0.0,4.0418
14,Rest,164.0,0.0,4.0419
14,Rest,164.09999999999127,0.0,4.0419
14,Rest,164.1999999999971,0.0,4.042
14,Rest,164.3000000000029,0.0,4.042
14,Rest,164.39999999999418,0.0,4.0421
14,Rest,164.5,0.0,4.0421
14,Rest,164.59999999999127,0.0,4.0422
14,Rest,164.6999999999971,0.0,4.0423
14,Rest,164.8000000000029,0.0,4.0423
14,Rest,164.89999999999418,0.0,4.0423
14,Rest,165.0,0.0,4.0424
14,Rest,165.09999999999127,0.0,4.0425
14,Rest,165.1999999999971,0.0,4.0425
14,Rest,165.3000000000029,0.0,4.0426
14,Rest,165.39999999999418,0.0,4.0426
14,Rest,165.5,0.0,4.0427
14,Rest,165.59999999999127,0.0,4.0427
14,Rest,165.6999999999971,0.0,4.0427
14,Rest,165.8000000000029,0.0,4.0428
14,Rest,165.89999999999418,0.0,4.0429
14,Rest,166.0,0.0,4.0429
14,Rest,166.09999999999127,0.0,4.0429
14,Rest,166.1999999999971,0.0,4.043
14,Rest,166.3000000000029,0.0,4.0431
14,Rest,166.39999999999418,0.0,4.0431
14,Rest,166.5,0.0,4.0431
14,Rest,166.59999999999127,0.0,4.0432
14,Rest,166.6999999999971,0.0,4.0432
14,Rest,166.8000000000029,0.0,4.0433
14,Rest,166.89999999999418,0.0,4.0433
14,Rest,167.0,0.0,4.0434
14,Rest,167.09999999999127,0.0,4.0434
14,Rest,167.1999999999971,0.0,4.0434
14,Rest,167.3000000000029,0.0,4.0435
14,Rest,167.39999999999418,0.0,4.0435
14,Rest,167.5,0.0,4.0436
14,Rest,167.59999999999127,0.0,4.0436
14,Rest,167.6999999999971,0.0,4.0437
14,Rest,167.8000000000029,0.0,4.0437
14,Rest,167.89999999999418,0.0,4.0437
14,Rest,168.0,0.0,4.0438
14,Rest,168.09999999999127,0.0,4.0438
14,Rest,168.1999999999971,0.0,4.0438
14,Rest,168.3000000000029,0.0,4.0439
14,Rest,168.39999999999418,0.0,4.0439
14,Rest,168.5,0.0,4.044
14,Rest,168.59999999999127,0.0,4.0441
14,Rest,168.6999999999971,0.0,4.0441
14,Rest,168.8000000000029,0.0,4.0441
14,Rest,168.89999999999418,0.0,4.0442
14,Rest,169.0,0.0,4.0442
14,Rest,169.09999999999127,0.0,4.0442
14,Rest,169.1999999999971,0.0,4.0443
14,Rest,169.3000000000029,0.0,4.0444
14,Rest,169.39999999999418,0.0,4.0444
14,Rest,169.5,0.0,4.0445
14,Rest,169.59999999999127,0.0,4.0445
14,Rest,169.6999999999971,0.0,4.0445
14,Rest,169.8000000000029,0.0,4.0445
14,Rest,169.89999999999418,0.0,4.0446
14,Rest,170.0,0.0,4.0446
14,Rest,170.09999999999127,0.0,4.0447
14,Rest,170.1999999999971,0.0,4.0447
14,Rest,170.3000000000029,0.0,4.0448
14,Rest,170.39999999999418,0.0,4.0448
14,Rest,170.5,0.0,4.0449
14,Rest,170.59999999999127,0.0,4.0449
14,Rest,170.6999999999971,0.0,4.045
14,Rest,170.8000000000029,0.0,4.045
14,Rest,170.89999999999418,0.0,4.045
14,Rest,171.0,0.0,4.0451
14,Rest,171.09999999999127,0.0,4.0451
14,Rest,171.1999999999971,0.0,4.0451
14,Rest,171.3000000000029,0.0,4.0451
14,Rest,171.39999999999418,0.0,4.0452
14,Rest,171.5,0.0,4.0452
14,Rest,171.59999999999127,0.0,4.0453
14,Rest,171.6999999999971,0.0,4.0453
14,Rest,171.8000000000029,0.0,4.0453
14,Rest,171.89999999999418,0.0,4.0454
14,Rest,172.0,0.0,4.0454
14,Rest,172.09999999999127,0.0,4.0455
14,Rest,172.1999999999971,0.0,4.0455
14,Rest,172.3000000000029,0.0,4.0455
14,Rest,172.39999999999418,0.0,4.0456
14,Rest,172.5,0.0,4.0456
14,Rest,172.59999999999127,0.0,4.0456
14,Rest,172.6999999999971,0.0,4.0457
14,Rest,172.8000000000029,0.0,4.0457
14,Rest,172.89999999999418,0.0,4.0457
14,Rest,173.0,0.0,4.0458
14,Rest,173.09999999999127,0.0,4.0458
14,Rest,173.1999999999971,0.0,4.0458
14,Rest,173.3000000000029,0.0,4.0459
14,Rest,173.39999999999418,0.0,4.046
14,Rest,173.5,0.0,4.0459
14,Rest,173.59999999999127,0.0,4.046
14,Rest,173.6999999999971,0.0,4.046
14,Rest,173.8000000000029,0.0,4.0461
14,Rest,173.89999999999418,0.0,4.0461
14,Rest,174.0,0.0,4.0461
14,Rest,174.09999999999127,0.0,4.0462
14,Rest,174.1999999999971,0.0,4.0462
14,Rest,174.3000000000029,0.0,4.0463
14,Rest,174.39999999999418,0.0,4.0463
14,Rest,174.5,0.0,4.0463
14,Rest,174.59999999999127,0.0,4.0464
14,Rest,174.6999999999971,0.0,4.0464
14,Rest,174.8000000000029,0.0,4.0465
14,Rest,174.89999999999418,0.0,4.0465
14,Rest,175.0,0.0,4.0465
14,Rest,175.09999999999127,0.0,4.0465
14,Rest,175.1999999999971,0.0,4.0465
14,Rest,175.3000000000029,0.0,4.0466
14,Rest,175.39999999999418,0.0,4.0467
14,Rest,175.5,0.0,4.0467
14,Rest,175.59999999999127,0.0,4.0467
14,Rest,175.6999999999971,0.0,4.0468
14,Rest,175.8000000000029,0.0,4.0468
14,Rest,175.89999999999418,0.0,4.0468
14,Rest,176.0,0.0,4.0468
14,Rest,176.09999999999127,0.0,4.0469
14,Rest,176.1999999999971,0.0,4.0469
14,Rest,176.3000000000029,0.0,4.047
14,Rest,176.39999999999418,0.0,4.047
14,Rest,176.5,0.0,4.047
14,Rest,176.59999999999127,0.0,4.0471
14,Rest,176.6999999999971,0.0,4.0471
14,Rest,176.8000000000029,0.0,4.0471
14,Rest,176.89999999999418,0.0,4.0471
14,Rest,177.0,0.0,4.0472
14,Rest,177.09999999999127,0.0,4.0473
14,Rest,177.1999999999971,0.0,4.0473
14,Rest,177.3000000000029,0.0,4.0473
14,Rest,177.39999999999418,0.0,4.0473
14,Rest,177.5,0.0,4.0474
14,Rest,177.59999999999127,0.0,4.0473
14,Rest,177.6999999999971,0.0,4.0474
14,Rest,177.8000000000029,0.0,4.0474
14,Rest,177.89999999999418,0.0,4.0474
14,Rest,178.0,0.0,4.0475
14,Rest,178.09999999999127,0.0,4.0476
14,Rest,178.1999999999971,0.0,4.0476
14,Rest,178.3000000000029,0.0,4.0476
14,Rest,178.39999999999418,0.0,4.0476
14,Rest,178.5,0.0,4.0477
14,Rest,178.59999999999127,0.0,4.0477
14,Rest,178.6999999999971,0.0,4.0477
14,Rest,178.8000000000029,0.0,4.0477
14,Rest,178.89999999999418,0.0,4.0478
14,Rest,179.0,0.0,4.0478
14,Rest,179.09999999999127,0.0,4.0478
14,Rest,179.1999999999971,0.0,4.0479
14,Rest,179.3000000000029,0.0,4.0479
14,Rest,179.39999999999418,0.0,4.0479
14,Rest,179.5,0.0,4.0479
14,Rest,179.59999999999127,0.0,4.0479
14,Rest,179.6999999999971,0.0,4.048
14,Rest,179.8000000000029,0.0,4.048
14,Rest,179.89999999999418,0.0,4.0481
14,Rest,180.0,0.0,4.0481
14,Rest,180.09999999999127,0.0,4.0481
14,Rest,180.1999999999971,0.0,4.0482
14,Rest,180.3000000000029,0.0,4.0482
14,Rest,180.39999999999418,0.0,4.0482
14,Rest,180.5,0.0,4.0482
14,Rest,180.59999999999127,0.0,4.0483
14,Rest,180.6999999999971,0.0,4.0483
14,Rest,180.8000000000029,0.0,4.0483
14,Rest,180.89999999999418,0.0,4.0483
14,Rest,181.0,0.0,4.0484
14,Rest,181.09999999999127,0.0,4.0484
14,Rest,181.1999999999971,0.0,4.0484
14,Rest,181.3000000000029,0.0,4.0484
14,Rest,181.39999999999418,0.0,4.0485
14,Rest,181.5,0.0,4.0485
14,Rest,181.59999999999127,0.0,4.0485
14,Rest,181.6999999999971,0.0,4.0485
14,Rest,181.8000000000029,0.0,4.0486
14,Rest,181.89999999999418,0.0,4.0486
14,Rest,182.0,0.0,4.0486
14,Rest,182.09999999999127,0.0,4.0487
14,Rest,182.1999999999971,0.0,4.0487
14,Rest,182.3000000000029,0.0,4.0487
14,Rest,182.39999999999418,0.0,4.0487
14,Rest,182.5,0.0,4.0487
14,Rest,182.59999999999127,0.0,4.0488
14,Rest,182.6999999999971,0.0,4.0488
14,Rest,182.8000000000029,0.0,4.0488
14,Rest,182.89999999999418,0.0,4.0489
14,Rest,183.0,0.0,4.0489
14,Rest,183.09999999999127,0.0,4.0489
14,Rest,183.1999999999971,0.0,4.049
14,Rest,183.3000000000029,0.0,4.049
14,Rest,183.39999999999418,0.0,4.049
14,Rest,183.5,0.0,4.049
14,Rest,183.59999999999127,0.0,4.049
14,Rest,183.6999999999971,0.0,4.0491
14,Rest,183.8000000000029,0.0,4.0491
14,Rest,183.89999999999418,0.0,4.0492
14,Rest,184.0,0.0,4.0492
14,Rest,184.09999999999127,0.0,4.0492
14,Rest,184.1999999999971,0.0,4.0492
14,Rest,184.3000000000029,0.0,4.0493
14,Rest,184.39999999999418,0.0,4.0493
14,Rest,184.5,0.0,4.0493
14,Rest,184.59999999999127,0.0,4.0493
14,Rest,184.6999999999971,0.0,4.0493
14,Rest,184.8000000000029,0.0,4.0493
14,Rest,184.89999999999418,0.0,4.0494
14,Rest,185.0,0.0,4.0494
14,Rest,185.09999999999127,0.0,4.0494
14,Rest,185.1999999999971,0.0,4.0494
14,Rest,185.3000000000029,0.0,4.0495
14,Rest,185.39999999999418,0.0,4.0495
14,Rest,185.5,0.0,4.0495
14,Rest,185.59999999999127,0.0,4.0496
14,Rest,185.6999999999971,0.0,4.0496
14,Rest,185.8000000000029,0.0,4.0496
14,Rest,185.89999999999418,0.0,4.0497
14,Rest,186.0,0.0,4.0497
14,Rest,186.09999999999127,0.0,4.0497
14,Rest,186.1999999999971,0.0,4.0497
14,Rest,186.3000000000029,0.0,4.0497
14,Rest,186.39999999999418,0.0,4.0498
14,Rest,186.5,0.0,4.0498
14,Rest,186.59999999999127,0.0,4.0498
14,Rest,186.6999999999971,0.0,4.0498
14,Rest,186.8000000000029,0.0,4.0499
14,Rest,186.89999999999418,0.0,4.0499
14,Rest,187.0,0.0,4.0499
14,Rest,187.09999999999127,0.0,4.0499
14,Rest,187.1999999999971,0.0,4.0499
14,Rest,187.3000000000029,0.0,4.05
14,Rest,187.39999999999418,0.0,4.05
14,Rest,187.5,0.0,4.05
14,Rest,187.59999999999127,0.0,4.05
14,Rest,187.6999999999971,0.0,4.0501
14,Rest,187.8000000000029,0.0,4.0501
14,Rest,187.89999999999418,0.0,4.0501
14,Rest,188.0,0.0,4.0501
14,Rest,188.09999999999127,0.0,4.0501
14,Rest,188.1999999999971,0.0,4.0502
14,Rest,188.3000000000029,0.0,4.0503
14,Rest,188.39999999999418,0.0,4.0503
14,Rest,188.5,0.0,4.0503
14,Rest,188.59999999999127,0.0,4.0503
14,Rest,188.6999999999971,0.0,4.0503
14,Rest,188.8000000000029,0.0,4.0503
14,Rest,188.89999999999418,0.0,4.0503
14,Rest,189.0,0.0,4.0504
14,Rest,189.09999999999127,0.0,4.0504
14,Rest,189.1999999999971,0.0,4.0504
14,Rest,189.3000000000029,0.0,4.0504
14,Rest,189.39999999999418,0.0,4.0504
14,Rest,189.5,0.0,4.0504
14,Rest,189.59999999999127,0.0,4.0505
14,Rest,189.6999999999971,0.0,4.0506
14,Rest,189.8000000000029,0.0,4.0505
14,Rest,189.89999999999418,0.0,4.0505
14,Rest,190.0,0.0,4.0505
14,Rest,190.09999999999127,0.0,4.0506
14,Rest,190.1999999999971,0.0,4.0506
14,Rest,190.3000000000029,0.0,4.0506
14,Rest,190.39999999999418,0.0,4.0507
14,Rest,190.5,0.0,4.0507
14,Rest,190.59999999999127,0.0,4.0507
14,Rest,190.6999999999971,0.0,4.0507
14,Rest,190.8000000000029,0.0,4.0507
14,Rest,190.89999999999418,0.0,4.0508
14,Rest,191.0,0.0,4.0507
14,Rest,191.09999999999127,0.0,4.0508
14,Rest,191.1999999999971,0.0,4.0508
14,Rest,191.3000000000029,0.0,4.0508
14,Rest,191.39999999999418,0.0,4.0509
14,Rest,191.5,0.0,4.0509
14,Rest,191.59999999999127,0.0,4.0509
14,Rest,191.6999999999971,0.0,4.0509
14,Rest,191.8000000000029,0.0,4.0509
14,Rest,191.89999999999418,0.0,4.0509
14,Rest,192.0,0.0,4.051
14,Rest,192.09999999999127,0.0,4.051
14,Rest,192.1999999999971,0.0,4.051
14,Rest,192.3000000000029,0.0,4.051
14,Rest,192.39999999999418,0.0,4.051
14,Rest,192.5,0.0,4.0511
14,Rest,192.59999999999127,0.0,4.0511
14,Rest,192.6999999999971,0.0,4.0511
14,Rest,192.8000000000029,0.0,4.0511
14,Rest,192.89999999999418,0.0,4.0511
14,Rest,193.0,0.0,4.0512
14,Rest,193.09999999999127,0.0,4.0512
14,Rest,193.1999999999971,0.0,4.0512
14,Rest,193.3000000000029,0.0,4.0512
14,Rest,193.39999999999418,0.0,4.0512
14,Rest,193.5,0.0,4.0513
14,Rest,193.59999999999127,0.0,4.0513
14,Rest,193.6999999999971,0.0,4.0513
14,Rest,193.8000000000029,0.0,4.0513
14,Rest,193.89999999999418,0.0,4.0513
14,Rest,194.0,0.0,4.0514
14,Rest,194.09999999999127,0.0,4.0514
14,Rest,194.1999999999971,0.0,4.0514
14,Rest,194.3000000000029,0.0,4.0514
14,Rest,194.39999999999418,0.0,4.0514
14,Rest,194.5,0.0,4.0514
14,Rest,194.59999999999127,0.0,4.0515
14,Rest,194.6999999999971,0.0,4.0515
14,Rest,194.8000000000029,0.0,4.0515
14,Rest,194.89999999999418,0.0,4.0515
14,Rest,195.0,0.0,4.0516
14,Rest,195.09999999999127,0.0,4.0516
14,Rest,195.1999999999971,0.0,4.0516
14,Rest,195.3000000000029,0.0,4.0516
14,Rest,195.39999999999418,0.0,4.0516
14,Rest,195.5,0.0,4.0516
14,Rest,195.59999999999127,0.0,4.0516
14,Rest,195.6999999999971,0.0,4.0517
14,Rest,195.8000000000029,0.0,4.0517
14,Rest,195.89999999999418,0.0,4.0517
14,Rest,196.0,0.0,4.0517
14,Rest,196.09999999999127,0.0,4.0518
14,Rest,196.1999999999971,0.0,4.0517
14,Rest,196.3000000000029,0.0,4.0518
14,Rest,196.39999999999418,0.0,4.0518
14,Rest,196.5,0.0,4.0518
14,Rest,196.59999999999127,0.0,4.0518
14,Rest,196.6999999999971,0.0,4.0518
14,Rest,196.8000000000029,0.0,4.0518
14,Rest,196.89999999999418,0.0,4.0519
14,Rest,197.0,0.0,4.0519
14,Rest,197.09999999999127,0.0,4.0519
14,Rest,197.1999999999971,0.0,4.0519
14,Rest,197.3000000000029,0.0,4.0519
14,Rest,197.39999999999418,0.0,4.0519
14,Rest,197.5,0.0,4.052
14,Rest,197.59999999999127,0.0,4.052
14,Rest,197.6999999999971,0.0,4.052
14,Rest,197.8000000000029,0.0,4.052
14,Rest,197.89999999999418,0.0,4.052
14,Rest,198.0,0.0,4.052
14,Rest,198.09999999999127,0.0,4.0521
14,Rest,198.1999999999971,0.0,4.0521
14,Rest,198.3000000000029,0.0,4.0521
14,Rest,198.39999999999418,0.0,4.0522
14,Rest,198.5,0.0,4.0522
14,Rest,198.59999999999127,0.0,4.0522
14,Rest,198.6999999999971,0.0,4.0522
14,Rest,198.8000000000029,0.0,4.0522
14,Rest,198.89999999999418,0.0,4.0522
14,Rest,199.0,0.0,4.0523
14,Rest,199.09999999999127,0.0,4.0523
14,Rest,199.1999999999971,0.0,4.0523
14,Rest,199.3000000000029,0.0,4.0523
14,Rest,199.39999999999418,0.0,4.0523
14,Rest,199.5,0.0,4.0523
14,Rest,199.59999999999127,0.0,4.0523
14,Rest,199.6999999999971,0.0,4.0523
14,Rest,199.8000000000029,0.0,4.0524
14,Rest,199.89999999999418,0.0,4.0524
14,Rest,200.0,0.0,4.0524
14,Rest,200.09999999999127,0.0,4.0524
14,Rest,200.1999999999971,0.0,4.0524
14,Rest,200.3000000000029,0.0,4.0524
14,Rest,200.39999999999418,0.0,4.0524
14,Rest,200.5,0.0,4.0525
14,Rest,200.59999999999127,0.0,4.0525
14,Rest,200.6999999999971,0.0,4.0525
14,Rest,200.8000000000029,0.0,4.0525
14,Rest,200.89999999999418,0.0,4.0525
14,Rest,201.0,0.0,4.0525
14,Rest,201.09999999999127,0.0,4.0526
14,Rest,201.1999999999971,0.0,4.0526
14,Rest,201.3000000000029,0.0,4.0526
14,Rest,201.39999999999418,0.0,4.0526
14,Rest,201.5,0.0,4.0526
14,Rest,201.59999999999127,0.0,4.0526
14,Rest,201.6999999999971,0.0,4.0527
14,Rest,201.8000000000029,0.0,4.0527
14,Rest,201.89999999999418,0.0,4.0526
14,Rest,202.0,0.0,4.0526
14,Rest,202.09999999999127,0.0,4.0527
14,Rest,202.1999999999971,0.0,4.0527
14,Rest,202.3000000000029,0.0,4.0528
14,Rest,202.39999999999418,0.0,4.0528
14,Rest,202.5,0.0,4.0528
14,Rest,202.59999999999127,0.0,4.0528
14,Rest,202.6999999999971,0.0,4.0528
14,Rest,202.8000000000029,0.0,4.0528
14,Rest,202.89999999999418,0.0,4.0528
14,Rest,203.0,0.0,4.0528
14,Rest,203.09999999999127,0.0,4.0528
14,Rest,203.1999999999971,0.0,4.0529
14,Rest,203.3000000000029,0.0,4.0529
14,Rest,203.39999999999418,0.0,4.0529
14,Rest,203.5,0.0,4.053
14,Rest,203.59999999999127,0.0,4.053
14,Rest,203.6999999999971,0.0,4.053
14,Rest,203.8000000000029,0.0,4.053
14,Rest,203.89999999999418,0.0,4.053
14,Rest,204.0,0.0,4.053
14,Rest,204.09999999999127,0.0,4.053
14,Rest,204.1999999999971,0.0,4.053
14,Rest,204.3000000000029,0.0,4.053
14,Rest,204.39999999999418,0.0,4.0531
14,Rest,204.5,0.0,4.053
14,Rest,204.59999999999127,0.0,4.053
14,Rest,204.6999999999971,0.0,4.053
14,Rest,204.8000000000029,0.0,4.053
14,Rest,204.89999999999418,0.0,4.0531
14,Rest,205.0,0.0,4.0531
14,Rest,205.09999999999127,0.0,4.0531
14,Rest,205.1999999999971,0.0,4.0531
14,Rest,205.3000000000029,0.0,4.0531
14,Rest,205.39999999999418,0.0,4.0532
14,Rest,205.5,0.0,4.0532
14,Rest,205.59999999999127,0.0,4.0532
14,Rest,205.6999999999971,0.0,4.0532
14,Rest,205.8000000000029,0.0,4.0533
14,Rest,205.89999999999418,0.0,4.0533
14,Rest,206.0,0.0,4.0533
14,Rest,206.09999999999127,0.0,4.0533
14,Rest,206.1999999999971,0.0,4.0533
14,Rest,206.3000000000029,0.0,4.0533
14,Rest,206.39999999999418,0.0,4.0533
14,Rest,206.5,0.0,4.0533
14,Rest,206.59999999999127,0.0,4.0533
14,Rest,206.6999999999971,0.0,4.0534
14,Rest,206.8000000000029,0.0,4.0534
14,Rest,206.89999999999418,0.0,4.0534
14,Rest,207.0,0.0,4.0534
14,Rest,207.09999999999127,0.0,4.0534
14,Rest,207.1999999999971,0.0,4.0534
14,Rest,207.3000000000029,0.0,4.0534
14,Rest,207.39999999999418,0.0,4.0535
14,Rest,207.5,0.0,4.0535
14,Rest,207.59999999999127,0.0,4.0535
14,Rest,207.6999999999971,0.0,4.0535
14,Rest,207.8000000000029,0.0,4.0535
14,Rest,207.89999999999418,0.0,4.0535
14,Rest,208.0,0.0,4.0535
14,Rest,208.09999999999127,0.0,4.0535
14,Rest,208.1999999999971,0.0,4.0536
14,Rest,208.3000000000029,0.0,4.0536
14,Rest,208.39999999999418,0.0,4.0535
14,Rest,208.5,0.0,4.0536
14,Rest,208.59999999999127,0.0,4.0536
14,Rest,208.6999999999971,0.0,4.0536
14,Rest,208.8000000000029,0.0,4.0536
14,Rest,208.89999999999418,0.0,4.0537
14,Rest,209.0,0.0,4.0537
14,Rest,209.09999999999127,0.0,4.0537
14,Rest,209.1999999999971,0.0,4.0537
14,Rest,209.3000000000029,0.0,4.0537
14,Rest,209.39999999999418,0.0,4.0537
14,Rest,209.5,0.0,4.0538
14,Rest,209.59999999999127,0.0,4.0538
14,Rest,209.6999999999971,0.0,4.0538
14,Rest,209.8000000000029,0.0,4.0537
14,Rest,209.89999999999418,0.0,4.0538
14,Rest,210.0,0.0,4.0538
14,Rest,210.09999999999127,0.0,4.0538
14,Rest,210.1999999999971,0.0,4.0538
14,Rest,210.3000000000029,0.0,4.0538
14,Rest,210.39999999999418,0.0,4.0538
14,Rest,210.5,0.0,4.0538
14,Rest,210.59999999999127,0.0,4.0538
14,Rest,210.6999999999971,0.0,4.0539
14,Rest,210.8000000000029,0.0,4.0539
14,Rest,210.89999999999418,0.0,4.0539
14,Rest,211.0,0.0,4.0539
14,Rest,211.09999999999127,0.0,4.0539
14,Rest,211.1999999999971,0.0,4.0539
14,Rest,211.3000000000029,0.0,4.0539
14,Rest,211.39999999999418,0.0,4.054
14,Rest,211.5,0.0,4.054
14,Rest,211.59999999999127,0.0,4.054
14,Rest,211.6999999999971,0.0,4.054
14,Rest,211.8000000000029,0.0,4.054
14,Rest,211.89999999999418,0.0,4.054
14,Rest,212.0,0.0,4.054
14,Rest,212.09999999999127,0.0,4.054
14,Rest,212.1999999999971,0.0,4.0541
14,Rest,212.3000000000029,0.0,4.054
14,Rest,212.39999999999418,0.0,4.0541
14,Rest,212.5,0.0,4.0541
14,Rest,212.59999999999127,0.0,4.0541
14,Rest,212.6999999999971,0.0,4.0541
14,Rest,212.8000000000029,0.0,4.0541
14,Rest,212.89999999999418,0.0,4.0541
14,Rest,213.0,0.0,4.0541
14,Rest,213.09999999999127,0.0,4.0541
14,Rest,213.1999999999971,0.0,4.0541
14,Rest,213.3000000000029,0.0,4.0541
14,Rest,213.39999999999418,0.0,4.0542
14,Rest,213.5,0.0,4.0542
14,Rest,213.59999999999127,0.0,4.0542
14,Rest,213.6999999999971,0.0,4.0542
14,Rest,213.8000000000029,0.0,4.0542
14,Rest,213.89999999999418,0.0,4.0542
14,Rest,214.0,0.0,4.0543
14,Rest,214.09999999999127,0.0,4.0542
14,Rest,214.1999999999971,0.0,4.0543
14,Rest,214.3000000000029,0.0,4.0543
14,Rest,214.39999999999418,0.0,4.0543
14,Rest,214.5,0.0,4.0543
14,Rest,214.59999999999127,0.0,4.0543
14,Rest,214.6999999999971,0.0,4.0543
14,Rest,214.8000000000029,0.0,4.0543
14,Rest,214.89999999999418,0.0,4.0544
14,Rest,215.0,0.0,4.0544
14,Rest,215.09999999999127,0.0,4.0544
14,Rest,215.1999999999971,0.0,4.0544
14,Rest,215.3000000000029,0.0,4.0544
14,Rest,215.39999999999418,0.0,4.0544
14,Rest,215.5,0.0,4.0544
14,Rest,215.59999999999127,0.0,4.0544
14,Rest,215.6999999999971,0.0,4.0544
14,Rest,215.8000000000029,0.0,4.0545
14,Rest,215.89999999999418,0.0,4.0545
14,Rest,216.0,0.0,4.0545
14,Rest,216.09999999999127,0.0,4.0545
14,Rest,216.1999999999971,0.0,4.0545
14,Rest,216.3000000000029,0.0,4.0545
14,Rest,216.39999999999418,0.0,4.0545
14,Rest,216.5,0.0,4.0545
14,Rest,216.59999999999127,0.0,4.0545
14,Rest,216.6999999999971,0.0,4.0546
14,Rest,216.8000000000029,0.0,4.0546
14,Rest,216.89999999999418,0.0,4.0546
14,Rest,217.0,0.0,4.0546
14,Rest,217.09999999999127,0.0,4.0546
14,Rest,217.1999999999971,0.0,4.0546
14,Rest,217.3000000000029,0.0,4.0546
14,Rest,217.39999999999418,0.0,4.0546
14,Rest,217.5,0.0,4.0546
14,Rest,217.59999999999127,0.0,4.0546
14,Rest,217.6999999999971,0.0,4.0546
14,Rest,217.8000000000029,0.0,4.0547
14,Rest,217.89999999999418,0.0,4.0547
14,Rest,218.0,0.0,4.0547
14,Rest,218.09999999999127,0.0,4.0547
14,Rest,218.1999999999971,0.0,4.0547
14,Rest,218.3000000000029,0.0,4.0547
14,Rest,218.39999999999418,0.0,4.0547
14,Rest,218.5,0.0,4.0548
14,Rest,218.59999999999127,0.0,4.0548
14,Rest,218.6999999999971,0.0,4.0548
14,Rest,218.8000000000029,0.0,4.0548
14,Rest,218.89999999999418,0.0,4.0548
14,Rest,219.0,0.0,4.0548
14,Rest,219.09999999999127,0.0,4.0548
14,Rest,219.1999999999971,0.0,4.0548
14,Rest,219.3000000000029,0.0,4.0548
14,Rest,219.39999999999418,0.0,4.0548
14,Rest,219.5,0.0,4.0548
14,Rest,219.59999999999127,0.0,4.0548
14,Rest,219.6999999999971,0.0,4.0548
14,Rest,219.8000000000029,0.0,4.0549
14,Rest,219.89999999999418,0.0,4.0549
14,Rest,220.0,0.0,4.0549
14,Rest,220.09999999999127,0.0,4.0549
14,Rest,220.1999999999971,0.0,4.0549
14,Rest,220.3000000000029,0.0,4.0549
14,Rest,220.39999999999418,0.0,4.0549
14,Rest,220.5,0.0,4.0549
14,Rest,220.59999999999127,0.0,4.0549
14,Rest,220.6999999999971,0.0,4.055
14,Rest,220.8000000000029,0.0,4.055
14,Rest,220.89999999999418,0.0,4.055
14,Rest,221.0,0.0,4.055
14,Rest,221.09999999999127,0.0,4.055
14,Rest,221.1999999999971,0.0,4.055
14,Rest,221.3000000000029,0.0,4.055
14,Rest,221.39999999999418,0.0,4.055
14,Rest,221.5,0.0,4.055
14,Rest,221.59999999999127,0.0,4.055
14,Rest,221.6999999999971,0.0,4.055
14,Rest,221.8000000000029,0.0,4.055
14,Rest,221.89999999999418,0.0,4.055
14,Rest,222.0,0.0,4.0551
14,Rest,222.09999999999127,0.0,4.0551
14,Rest,222.1999999999971,0.0,4.0551
14,Rest,222.3000000000029,0.0,4.0551
14,Rest,222.39999999999418,0.0,4.0551
14,Rest,222.5,0.0,4.0551
14,Rest,222.59999999999127,0.0,4.0551
14,Rest,222.6999999999971,0.0,4.0551
14,Rest,222.8000000000029,0.0,4.0551
14,Rest,222.89999999999418,0.0,4.0551
14,Rest,223.0,0.0,4.0551
14,Rest,223.09999999999127,0.0,4.0551
14,Rest,223.1999999999971,0.0,4.0552
14,Rest,223.3000000000029,0.0,4.0551
14,Rest,223.39999999999418,0.0,4.0552
14,Rest,223.5,0.0,4.0552
14,Rest,223.59999999999127,0.0,4.0552
14,Rest,223.6999999999971,0.0,4.0551
14,Rest,223.8000000000029,0.0,4.0552
14,Rest,223.89999999999418,0.0,4.0552
14,Rest,224.0,0.0,4.0552
14,Rest,224.09999999999127,0.0,4.0552
14,Rest,224.1999999999971,0.0,4.0552
14,Rest,224.3000000000029,0.0,4.0552
14,Rest,224.39999999999418,0.0,4.0553
14,Rest,224.5,0.0,4.0553
14,Rest,224.59999999999127,0.0,4.0552
14,Rest,224.6999999999971,0.0,4.0553
14,Rest,224.8000000000029,0.0,4.0553
14,Rest,224.89999999999418,0.0,4.0553
14,Rest,225.0,0.0,4.0553
14,Rest,225.09999999999127,0.0,4.0553
14,Rest,225.1999999999971,0.0,4.0553
14,Rest,225.3000000000029,0.0,4.0553
14,Rest,225.39999999999418,0.0,4.0553
14,Rest,225.5,0.0,4.0554
14,Rest,225.59999999999127,0.0,4.0553
14,Rest,225.6999999999971,0.0,4.0553
14,Rest,225.8000000000029,0.0,4.0554
14,Rest,225.89999999999418,0.0,4.0554
14,Rest,226.0,0.0,4.0553
14,Rest,226.09999999999127,0.0,4.0554
14,Rest,226.1999999999971,0.0,4.0554
14,Rest,226.3000000000029,0.0,4.0554
14,Rest,226.39999999999418,0.0,4.0554
14,Rest,226.5,0.0,4.0554
14,Rest,226.59999999999127,0.0,4.0554
14,Rest,226.6999999999971,0.0,4.0555
14,Rest,226.8000000000029,0.0,4.0555
14,Rest,226.89999999999418,0.0,4.0555
14,Rest,227.0,0.0,4.0554
14,Rest,227.09999999999127,0.0,4.0554
14,Rest,227.1999999999971,0.0,4.0555
14,Rest,227.3000000000029,0.0,4.0555
14,Rest,227.39999999999418,0.0,4.0555
14,Rest,227.5,0.0,4.0555
14,Rest,227.59999999999127,0.0,4.0555
14,Rest,227.6999999999971,0.0,4.0555
14,Rest,227.8000000000029,0.0,4.0555
14,Rest,227.89999999999418,0.0,4.0555
14,Rest,228.0,0.0,4.0555
14,Rest,228.09999999999127,0.0,4.0556
14,Rest,228.1999999999971,0.0,4.0556
14,Rest,228.3000000000029,0.0,4.0556
14,Rest,228.39999999999418,0.0,4.0556
14,Rest,228.5,0.0,4.0556
14,Rest,228.59999999999127,0.0,4.0556
14,Rest,228.6999999999971,0.0,4.0556
14,Rest,228.8000000000029,0.0,4.0556
14,Rest,228.89999999999418,0.0,4.0557
14,Rest,229.0,0.0,4.0556
14,Rest,229.09999999999127,0.0,4.0556
14,Rest,229.1999999999971,0.0,4.0556
14,Rest,229.3000000000029,0.0,4.0556
14,Rest,229.39999999999418,0.0,4.0556
14,Rest,229.5,0.0,4.0556
14,Rest,229.59999999999127,0.0,4.0556
14,Rest,229.6999999999971,0.0,4.0557
14,Rest,229.8000000000029,0.0,4.0557
14,Rest,229.89999999999418,0.0,4.0556
14,Rest,230.0,0.0,4.0557
14,Rest,230.09999999999127,0.0,4.0557
14,Rest,230.1999999999971,0.0,4.0557
14,Rest,230.3000000000029,0.0,4.0557
14,Rest,230.39999999999418,0.0,4.0557
14,Rest,230.5,0.0,4.0557
14,Rest,230.59999999999127,0.0,4.0557
14,Rest,230.6999999999971,0.0,4.0558
14,Rest,230.8000000000029,0.0,4.0558
14,Rest,230.89999999999418,0.0,4.0558
14,Rest,231.0,0.0,4.0558
14,Rest,231.09999999999127,0.0,4.0557
14,Rest,231.1999999999971,0.0,4.0558
14,Rest,231.3000000000029,0.0,4.0558
14,Rest,231.39999999999418,0.0,4.0558
14,Rest,231.5,0.0,4.0558
14,Rest,231.59999999999127,0.0,4.0558
14,Rest,231.6999999999971,0.0,4.0559
14,Rest,231.8000000000029,0.0,4.0559
14,Rest,231.89999999999418,0.0,4.0558
14,Rest,232.0,0.0,4.0558
14,Rest,232.09999999999127,0.0,4.0558
14,Rest,232.1999999999971,0.0,4.0558
14,Rest,232.3000000000029,0.0,4.0558
14,Rest,232.39999999999418,0.0,4.0559
14,Rest,232.5,0.0,4.0559
14,Rest,232.59999999999127,0.0,4.0559
14,Rest,232.6999999999971,0.0,4.0559
14,Rest,232.8000000000029,0.0,4.0559
14,Rest,232.89999999999418,0.0,4.0559
14,Rest,233.0,0.0,4.0559
14,Rest,233.09999999999127,0.0,4.0559
14,Rest,233.1999999999971,0.0,4.0559
14,Rest,233.3000000000029,0.0,4.0559
14,Rest,233.39999999999418,0.0,4.0559
14,Rest,233.5,0.0,4.0559
14,Rest,233.59999999999127,0.0,4.056
14,Rest,233.6999999999971,0.0,4.056
14,Rest,233.8000000000029,0.0,4.056
14,Rest,233.89999999999418,0.0,4.056
14,Rest,234.0,0.0,4.056
14,Rest,234.09999999999127,0.0,4.056
14,Rest,234.1999999999971,0.0,4.056
14,Rest,234.3000000000029,0.0,4.056
14,Rest,234.39999999999418,0.0,4.056
14,Rest,234.5,0.0,4.056
14,Rest,234.59999999999127,0.0,4.056
14,Rest,234.6999999999971,0.0,4.056
14,Rest,234.8000000000029,0.0,4.056
14,Rest,234.89999999999418,0.0,4.056
14,Rest,235.0,0.0,4.0561
14,Rest,235.09999999999127,0.0,4.056
14,Rest,235.1999999999971,0.0,4.056
14,Rest,235.3000000000029,0.0,4.056
14,Rest,235.39999999999418,0.0,4.056
14,Rest,235.5,0.0,4.056
14,Rest,235.59999999999127,0.0,4.0561
14,Rest,235.6999999999971,0.0,4.056
14,Rest,235.8000000000029,0.0,4.056
14,Rest,235.89999999999418,0.0,4.0561
14,Rest,236.0,0.0,4.0561
14,Rest,236.09999999999127,0.0,4.0561
14,Rest,236.1999999999971,0.0,4.0561
14,Rest,236.3000000000029,0.0,4.0561
14,Rest,236.39999999999418,0.0,4.0562
14,Rest,236.5,0.0,4.0561
14,Rest,236.59999999999127,0.0,4.0561
14,Rest,236.6999999999971,0.0,4.0561
14,Rest,236.8000000000029,0.0,4.0562
14,Rest,236.89999999999418,0.0,4.0562
14,Rest,237.0,0.0,4.0562
14,Rest,237.09999999999127,0.0,4.0561
14,Rest,237.1999999999971,0.0,4.0561
14,Rest,237.3000000000029,0.0,4.0562
14,Rest,237.39999999999418,0.0,4.0562
14,Rest,237.5,0.0,4.0562
14,Rest,237.59999999999127,0.0,4.0562
14,Rest,237.6999999999971,0.0,4.0562
14,Rest,237.8000000000029,0.0,4.0562
14,Rest,237.89999999999418,0.0,4.0562
14,Rest,238.0,0.0,4.0562
14,Rest,238.09999999999127,0.0,4.0562
14,Rest,238.1999999999971,0.0,4.0562
14,Rest,238.3000000000029,0.0,4.0562
14,Rest,238.39999999999418,0.0,4.0562
14,Rest,238.5,0.0,4.0562
14,Rest,238.59999999999127,0.0,4.0563
14,Rest,238.6999999999971,0.0,4.0563
14,Rest,238.8000000000029,0.0,4.0563
14,Rest,238.89999999999418,0.0,4.0563
14,Rest,239.0,0.0,4.0563
14,Rest,239.09999999999127,0.0,4.0563
14,Rest,239.1999999999971,0.0,4.0563
14,Rest,239.3000000000029,0.0,4.0563
14,Rest,239.39999999999418,0.0,4.0563
14,Rest,239.5,0.0,4.0563
14,Rest,239.59999999999127,0.0,4.0563
14,Rest,239.6999999999971,0.0,4.0563
14,Rest,239.8000000000029,0.0,4.0563
14,Rest,239.89999999999418,0.0,4.0563
14,Rest,240.0,0.0,4.0563
14,Rest,240.09999999999127,0.0,4.0563
14,Rest,240.1999999999971,0.0,4.0564
14,Rest,240.3000000000029,0.0,4.0564
14,Rest,240.39999999999418,0.0,4.0564
14,Rest,240.5,0.0,4.0564
14,Rest,240.59999999999127,0.0,4.0563
14,Rest,240.6999999999971,0.0,4.0564
14,Rest,240.8000000000029,0.0,4.0564
14,Rest,240.89999999999418,0.0,4.0564
14,Rest,241.0,0.0,4.0564
14,Rest,241.09999999999127,0.0,4.0564
14,Rest,241.1999999999971,0.0,4.0564
14,Rest,241.3000000000029,0.0,4.0564
14,Rest,241.39999999999418,0.0,4.0564
14,Rest,241.5,0.0,4.0564
14,Rest,241.59999999999127,0.0,4.0564
14,Rest,241.6999999999971,0.0,4.0565
14,Rest,241.8000000000029,0.0,4.0565
14,Rest,241.89999999999418,0.0,4.0564
14,Rest,242.0,0.0,4.0564
14,Rest,242.09999999999127,0.0,4.0564
14,Rest,242.1999999999971,0.0,4.0565
14,Rest,242.3000000000029,0.0,4.0565
14,Rest,242.39999999999418,0.0,4.0565
14,Rest,242.5,0.0,4.0565
14,Rest,242.59999999999127,0.0,4.0565
14,Rest,242.6999999999971,0.0,4.0565
14,Rest,242.8000000000029,0.0,4.0565
14,Rest,242.89999999999418,0.0,4.0565
14,Rest,243.0,0.0,4.0565
14,Rest,243.09999999999127,0.0,4.0565
14,Rest,243.1999999999971,0.0,4.0565
14,Rest,243.3000000000029,0.0,4.0565
14,Rest,243.39999999999418,0.0,4.0566
14,Rest,243.5,0.0,4.0565
14,Rest,243.59999999999127,0.0,4.0565
14,Rest,243.6999999999971,0.0,4.0566
14,Rest,243.8000000000029,0.0,4.0566
14,Rest,243.89999999999418,0.0,4.0566
14,Rest,244.0,0.0,4.0566
14,Rest,244.09999999999127,0.0,4.0566
14,Rest,244.1999999999971,0.0,4.0566
14,Rest,244.3000000000029,0.0,4.0566
14,Rest,244.39999999999418,0.0,4.0566
14,Rest,244.5,0.0,4.0566
14,Rest,244.59999999999127,0.0,4.0566
14,Rest,244.6999999999971,0.0,4.0566
14,Rest,244.8000000000029,0.0,4.0566
14,Rest,244.89999999999418,0.0,4.0566
14,Rest,245.0,0.0,4.0566
14,Rest,245.09999999999127,0.0,4.0566
14,Rest,245.1999999999971,0.0,4.0566
14,Rest,245.3000000000029,0.0,4.0566
14,Rest,245.39999999999418,0.0,4.0566
14,Rest,245.5,0.0,4.0567
14,Rest,245.59999999999127,0.0,4.0567
14,Rest,245.6999999999971,0.0,4.0567
14,Rest,245.8000000000029,0.0,4.0567
14,Rest,245.89999999999418,0.0,4.0567
14,Rest,246.0,0.0,4.0567
14,Rest,246.09999999999127,0.0,4.0567
14,Rest,246.1999999999971,0.0,4.0567
14,Rest,246.3000000000029,0.0,4.0567
14,Rest,246.39999999999418,0.0,4.0567
14,Rest,246.5,0.0,4.0567
14,Rest,246.59999999999127,0.0,4.0567
14,Rest,246.6999999999971,0.0,4.0567
14,Rest,246.8000000000029,0.0,4.0567
14,Rest,246.89999999999418,0.0,4.0567
14,Rest,247.0,0.0,4.0567
14,Rest,247.09999999999127,0.0,4.0567
14,Rest,247.1999999999971,0.0,4.0568
14,Rest,247.3000000000029,0.0,4.0568
14,Rest,247.39999999999418,0.0,4.0568
14,Rest,247.5,0.0,4.0568
14,Rest,247.59999999999127,0.0,4.0568
14,Rest,247.6999999999971,0.0,4.0567
14,Rest,247.8000000000029,0.0,4.0568
14,Rest,247.89999999999418,0.0,4.0568
14,Rest,248.0,0.0,4.0568
14,Rest,248.09999999999127,0.0,4.0568
14,Rest,248.1999999999971,0.0,4.0568
14,Rest,248.3000000000029,0.0,4.0568
14,Rest,248.39999999999418,0.0,4.0568
14,Rest,248.5,0.0,4.0568
14,Rest,248.59999999999127,0.0,4.0568
14,Rest,248.6999999999971,0.0,4.0568
14,Rest,248.8000000000029,0.0,4.0568
14,Rest,248.89999999999418,0.0,4.0568
14,Rest,249.0,0.0,4.0568
14,Rest,249.09999999999127,0.0,4.0568
14,Rest,249.1999999999971,0.0,4.0568
14,Rest,249.3000000000029,0.0,4.0568
14,Rest,249.39999999999418,0.0,4.0568
14,Rest,249.5,0.0,4.0568
14,Rest,249.59999999999127,0.0,4.0568
14,Rest,249.6999999999971,0.0,4.0568
14,Rest,249.8000000000029,0.0,4.0568
14,Rest,249.89999999999418,0.0,4.0568
14,Rest,250.0,0.0,4.0569
14,Rest,250.09999999999127,0.0,4.0569
14,Rest,250.1999999999971,0.0,4.0569
14,Rest,250.3000000000029,0.0,4.0569
14,Rest,250.39999999999418,0.0,4.0569
14,Rest,250.5,0.0,4.0569
14,Rest,250.59999999999127,0.0,4.057
14,Rest,250.6999999999971,0.0,4.0569
14,Rest,250.8000000000029,0.0,4.0569
14,Rest,250.89999999999418,0.0,4.0569
14,Rest,251.0,0.0,4.0569
14,Rest,251.09999999999127,0.0,4.0569
14,Rest,251.1999999999971,0.0,4.0569
14,Rest,251.3000000000029,0.0,4.0569
14,Rest,251.39999999999418,0.0,4.0569
14,Rest,251.5,0.0,4.0569
14,Rest,251.59999999999127,0.0,4.057
14,Rest,251.6999999999971,0.0,4.057
14,Rest,251.8000000000029,0.0,4.057
14,Rest,251.89999999999418,0.0,4.057
14,Rest,252.0,0.0,4.0569
14,Rest,252.09999999999127,0.0,4.057
14,Rest,252.1999999999971,0.0,4.057
14,Rest,252.3000000000029,0.0,4.057
14,Rest,252.39999999999418,0.0,4.057
14,Rest,252.5,0.0,4.057
14,Rest,252.59999999999127,0.0,4.057
14,Rest,252.6999999999971,0.0,4.057
14,Rest,252.8000000000029,0.0,4.057
14,Rest,252.89999999999418,0.0,4.057
14,Rest,253.0,0.0,4.057
14,Rest,253.09999999999127,0.0,4.057
14,Rest,253.1999999999971,0.0,4.057
14,Rest,253.3000000000029,0.0,4.057
14,Rest,253.39999999999418,0.0,4.057
14,Rest,253.5,0.0,4.057
14,Rest,253.59999999999127,0.0,4.0571
14,Rest,253.6999999999971,0.0,4.057
14,Rest,253.8000000000029,0.0,4.057
14,Rest,253.89999999999418,0.0,4.0571
14,Rest,254.0,0.0,4.057
14,Rest,254.09999999999127,0.0,4.0571
14,Rest,254.1999999999971,0.0,4.0571
14,Rest,254.3000000000029,0.0,4.0571
14,Rest,254.39999999999418,0.0,4.057
14,Rest,254.5,0.0,4.0571
14,Rest,254.59999999999127,0.0,4.0571
14,Rest,254.6999999999971,0.0,4.0571
14,Rest,254.8000000000029,0.0,4.0571
14,Rest,254.89999999999418,0.0,4.0571
14,Rest,255.0,0.0,4.0571
14,Rest,255.09999999999127,0.0,4.0571
14,Rest,255.1999999999971,0.0,4.0571
14,Rest,255.3000000000029,0.0,4.0571
14,Rest,255.39999999999418,0.0,4.0571
14,Rest,255.5,0.0,4.0571
14,Rest,255.59999999999127,0.0,4.0571
14,Rest,255.6999999999971,0.0,4.0571
14,Rest,255.8000000000029,0.0,4.0571
14,Rest,255.89999999999418,0.0,4.0571
14,Rest,256.0,0.0,4.0571
14,Rest,256.09999999999127,0.0,4.0571
14,Rest,256.1999999999971,0.0,4.0571
14,Rest,256.3000000000029,0.0,4.0571
14,Rest,256.3999999999942,0.0,4.0571
14,Rest,256.5,0.0,4.0571
14,Rest,256.59999999999127,0.0,4.0571
14,Rest,256.6999999999971,0.0,4.0572
14,Rest,256.8000000000029,0.0,4.0572
14,Rest,256.8999999999942,0.0,4.0572
14,Rest,257.0,0.0,4.0572
14,Rest,257.09999999999127,0.0,4.0572
14,Rest,257.1999999999971,0.0,4.0572
14,Rest,257.3000000000029,0.0,4.0572
14,Rest,257.3999999999942,0.0,4.0572
14,Rest,257.5,0.0,4.0572
14,Rest,257.59999999999127,0.0,4.0572
14,Rest,257.6999999999971,0.0,4.0572
14,Rest,257.8000000000029,0.0,4.0572
14,Rest,257.8999999999942,0.0,4.0572
14,Rest,258.0,0.0,4.0572
14,Rest,258.09999999999127,0.0,4.0573
14,Rest,258.1999999999971,0.0,4.0572
14,Rest,258.3000000000029,0.0,4.0572
14,Rest,258.3999999999942,0.0,4.0573
14,Rest,258.5,0.0,4.0573
14,Rest,258.59999999999127,0.0,4.0572
14,Rest,258.6999999999971,0.0,4.0573
14,Rest,258.8000000000029,0.0,4.0573
14,Rest,258.8999999999942,0.0,4.0573
14,Rest,259.0,0.0,4.0573
14,Rest,259.09999999999127,0.0,4.0573
14,Rest,259.1999999999971,0.0,4.0572
14,Rest,259.3000000000029,0.0,4.0573
14,Rest,259.3999999999942,0.0,4.0573
14,Rest,259.5,0.0,4.0573
14,Rest,259.59999999999127,0.0,4.0573
14,Rest,259.6999999999971,0.0,4.0573
14,Rest,259.8000000000029,0.0,4.0573
14,Rest,259.8999999999942,0.0,4.0573
14,Rest,260.0,0.0,4.0573
14,Rest,260.09999999999127,0.0,4.0573
14,Rest,260.1999999999971,0.0,4.0573
14,Rest,260.3000000000029,0.0,4.0573
14,Rest,260.3999999999942,0.0,4.0573
14,Rest,260.5,0.0,4.0573
14,Rest,260.59999999999127,0.0,4.0573
14,Rest,260.6999999999971,0.0,4.0574
14,Rest,260.8000000000029,0.0,4.0573
14,Rest,260.8999999999942,0.0,4.0574
14,Rest,261.0,0.0,4.0574
14,Rest,261.09999999999127,0.0,4.0574
14,Rest,261.1999999999971,0.0,4.0574
14,Rest,261.3000000000029,0.0,4.0574
14,Rest,261.3999999999942,0.0,4.0574
14,Rest,261.5,0.0,4.0574
14,Rest,261.59999999999127,0.0,4.0574
14,Rest,261.6999999999971,0.0,4.0574
14,Rest,261.8000000000029,0.0,4.0574
14,Rest,261.8999999999942,0.0,4.0574
14,Rest,262.0,0.0,4.0574
14,Rest,262.09999999999127,0.0,4.0574
14,Rest,262.1999999999971,0.0,4.0574
14,Rest,262.3000000000029,0.0,4.0574
14,Rest,262.3999999999942,0.0,4.0574
14,Rest,262.5,0.0,4.0575
14,Rest,262.59999999999127,0.0,4.0575
14,Rest,262.6999999999971,0.0,4.0574
14,Rest,262.8000000000029,0.0,4.0574
14,Rest,262.8999999999942,0.0,4.0574
14,Rest,263.0,0.0,4.0574
14,Rest,263.09999999999127,0.0,4.0574
14,Rest,263.1999999999971,0.0,4.0574
14,Rest,263.3000000000029,0.0,4.0575
14,Rest,263.3999999999942,0.0,4.0574
14,Rest,263.5,0.0,4.0575
14,Rest,263.59999999999127,0.0,4.0575
14,Rest,263.6999999999971,0.0,4.0575
14,Rest,263.8000000000029,0.0,4.0575
14,Rest,263.8999999999942,0.0,4.0575
14,Rest,264.0,0.0,4.0575
14,Rest,264.09999999999127,0.0,4.0575
14,Rest,264.1999999999971,0.0,4.0575
14,Rest,264.3000000000029,0.0,4.0575
14,Rest,264.3999999999942,0.0,4.0575
14,Rest,264.5,0.0,4.0575
14,Rest,264.59999999999127,0.0,4.0575
14,Rest,264.6999999999971,0.0,4.0575
14,Rest,264.8000000000029,0.0,4.0575
14,Rest,264.8999999999942,0.0,4.0575
14,Rest,265.0,0.0,4.0575
14,Rest,265.09999999999127,0.0,4.0575
14,Rest,265.1999999999971,0.0,4.0575
14,Rest,265.3000000000029,0.0,4.0575
14,Rest,265.3999999999942,0.0,4.0575
14,Rest,265.5,0.0,4.0575
14,Rest,265.59999999999127,0.0,4.0576
14,Rest,265.6999999999971,0.0,4.0576
14,Rest,265.8000000000029,0.0,4.0575
14,Rest,265.8999999999942,0.0,4.0575
14,Rest,266.0,0.0,4.0575
14,Rest,266.09999999999127,0.0,4.0575
14,Rest,266.1999999999971,0.0,4.0576
14,Rest,266.3000000000029,0.0,4.0575
14,Rest,266.3999999999942,0.0,4.0575
14,Rest,266.5,0.0,4.0575
14,Rest,266.59999999999127,0.0,4.0575
14,Rest,266.6999999999971,0.0,4.0575
14,Rest,266.8000000000029,0.0,4.0576
14,Rest,266.8999999999942,0.0,4.0576
14,Rest,267.0,0.0,4.0576
14,Rest,267.09999999999127,0.0,4.0576
14,Rest,267.1999999999971,0.0,4.0576
14,Rest,267.3000000000029,0.0,4.0576
14,Rest,267.3999999999942,0.0,4.0576
14,Rest,267.5,0.0,4.0576
14,Rest,267.59999999999127,0.0,4.0576
14,Rest,267.6999999999971,0.0,4.0576
14,Rest,267.8000000000029,0.0,4.0576
14,Rest,267.8999999999942,0.0,4.0576
14,Rest,268.0,0.0,4.0576
14,Rest,268.09999999999127,0.0,4.0576
14,Rest,268.1999999999971,0.0,4.0576
14,Rest,268.3000000000029,0.0,4.0576
14,Rest,268.3999999999942,0.0,4.0576
14,Rest,268.5,0.0,4.0576
14,Rest,268.59999999999127,0.0,4.0576
14,Rest,268.6999999999971,0.0,4.0576
14,Rest,268.8000000000029,0.0,4.0576
14,Rest,268.8999999999942,0.0,4.0576
14,Rest,269.0,0.0,4.0576
14,Rest,269.09999999999127,0.0,4.0576
14,Rest,269.1999999999971,0.0,4.0576
14,Rest,269.3000000000029,0.0,4.0577
14,Rest,269.3999999999942,0.0,4.0577
14,Rest,269.5,0.0,4.0577
14,Rest,269.59999999999127,0.0,4.0577
14,Rest,269.6999999999971,0.0,4.0577
14,Rest,269.8000000000029,0.0,4.0577
14,Rest,269.8999999999942,0.0,4.0577
14,Rest,270.0,0.0,4.0577
14,Rest,270.09999999999127,0.0,4.0577
14,Rest,270.1999999999971,0.0,4.0577
14,Rest,270.3000000000029,0.0,4.0577
14,Rest,270.3999999999942,0.0,4.0577
14,Rest,270.5,0.0,4.0577
14,Rest,270.59999999999127,0.0,4.0577
14,Rest,270.6999999999971,0.0,4.0577
14,Rest,270.8000000000029,0.0,4.0577
14,Rest,270.8999999999942,0.0,4.0577
14,Rest,271.0,0.0,4.0577
14,Rest,271.09999999999127,0.0,4.0577
14,Rest,271.1999999999971,0.0,4.0578
14,Rest,271.3000000000029,0.0,4.0577
14,Rest,271.3999999999942,0.0,4.0577
14,Rest,271.5,0.0,4.0577
14,Rest,271.59999999999127,0.0,4.0578
14,Rest,271.6999999999971,0.0,4.0577
14,Rest,271.8000000000029,0.0,4.0577
14,Rest,271.8999999999942,0.0,4.0577
14,Rest,272.0,0.0,4.0578
14,Rest,272.09999999999127,0.0,4.0577
14,Rest,272.1999999999971,0.0,4.0577
14,Rest,272.3000000000029,0.0,4.0577
14,Rest,272.3999999999942,0.0,4.0578
14,Rest,272.5,0.0,4.0577
14,Rest,272.59999999999127,0.0,4.0577
14,Rest,272.6999999999971,0.0,4.0578
14,Rest,272.8000000000029,0.0,4.0578
14,Rest,272.8999999999942,0.0,4.0578
14,Rest,273.0,0.0,4.0578
14,Rest,273.09999999999127,0.0,4.0578
14,Rest,273.1999999999971,0.0,4.0578
14,Rest,273.3000000000029,0.0,4.0578
14,Rest,273.3999999999942,0.0,4.0578
14,Rest,273.5,0.0,4.0578
14,Rest,273.59999999999127,0.0,4.0578
14,Rest,273.6999999999971,0.0,4.0578
14,Rest,273.8000000000029,0.0,4.0579
14,Rest,273.8999999999942,0.0,4.0579
14,Rest,274.0,0.0,4.0579
14,Rest,274.09999999999127,0.0,4.0579
14,Rest,274.1999999999971,0.0,4.0579
14,Rest,274.3000000000029,0.0,4.0579
14,Rest,274.3999999999942,0.0,4.0578
14,Rest,274.5,0.0,4.0578
14,Rest,274.59999999999127,0.0,4.0578
14,Rest,274.6999999999971,0.0,4.0578
14,Rest,274.8000000000029,0.0,4.0578
14,Rest,274.8999999999942,0.0,4.0579
14,Rest,275.0,0.0,4.0579
14,Rest,275.09999999999127,0.0,4.0579
14,Rest,275.1999999999971,0.0,4.0579
14,Rest,275.3000000000029,0.0,4.0579
14,Rest,275.3999999999942,0.0,4.0579
14,Rest,275.5,0.0,4.0579
14,Rest,275.59999999999127,0.0,4.0579
14,Rest,275.6999999999971,0.0,4.0579
14,Rest,275.8000000000029,0.0,4.0579
14,Rest,275.8999999999942,0.0,4.0579
14,Rest,276.0,0.0,4.0579
14,Rest,276.09999999999127,0.0,4.0579
14,Rest,276.1999999999971,0.0,4.0579
14,Rest,276.3000000000029,0.0,4.0579
14,Rest,276.3999999999942,0.0,4.0579
14,Rest,276.5,0.0,4.0579
14,Rest,276.59999999999127,0.0,4.0579
14,Rest,276.6999999999971,0.0,4.0579
14,Rest,276.8000000000029,0.0,4.0579
14,Rest,276.8999999999942,0.0,4.0579
14,Rest,277.0,0.0,4.0579
14,Rest,277.09999999999127,0.0,4.0579
14,Rest,277.1999999999971,0.0,4.0579
14,Rest,277.3000000000029,0.0,4.0579
14,Rest,277.3999999999942,0.0,4.0579
14,Rest,277.5,0.0,4.0579
14,Rest,277.59999999999127,0.0,4.0579
14,Rest,277.6999999999971,0.0,4.0579
14,Rest,277.8000000000029,0.0,4.0579
14,Rest,277.8999999999942,0.0,4.0579
14,Rest,278.0,0.0,4.0579
14,Rest,278.09999999999127,0.0,4.0579
14,Rest,278.1999999999971,0.0,4.058
14,Rest,278.3000000000029,0.0,4.058
14,Rest,278.3999999999942,0.0,4.0579
14,Rest,278.5,0.0,4.0579
14,Rest,278.59999999999127,0.0,4.0579
14,Rest,278.6999999999971,0.0,4.058
14,Rest,278.8000000000029,0.0,4.058
14,Rest,278.8999999999942,0.0,4.058
14,Rest,279.0,0.0,4.058
14,Rest,279.09999999999127,0.0,4.058
14,Rest,279.1999999999971,0.0,4.058
14,Rest,279.3000000000029,0.0,4.058
14,Rest,279.3999999999942,0.0,4.058
14,Rest,279.5,0.0,4.058
14,Rest,279.59999999999127,0.0,4.058
14,Rest,279.6999999999971,0.0,4.0579
14,Rest,279.8000000000029,0.0,4.0579
14,Rest,279.8999999999942,0.0,4.058
14,Rest,280.0,0.0,4.058
14,Rest,280.09999999999127,0.0,4.058
14,Rest,280.1999999999971,0.0,4.058
14,Rest,280.3000000000029,0.0,4.058
14,Rest,280.3999999999942,0.0,4.058
14,Rest,280.5,0.0,4.0579
14,Rest,280.59999999999127,0.0,4.058
14,Rest,280.6999999999971,0.0,4.058
14,Rest,280.8000000000029,0.0,4.058
14,Rest,280.8999999999942,0.0,4.058
14,Rest,281.0,0.0,4.058
14,Rest,281.09999999999127,0.0,4.058
14,Rest,281.1999999999971,0.0,4.058
14,Rest,281.3000000000029,0.0,4.058
14,Rest,281.3999999999942,0.0,4.058
14,Rest,281.5,0.0,4.058
14,Rest,281.59999999999127,0.0,4.058
14,Rest,281.6999999999971,0.0,4.058
14,Rest,281.8000000000029,0.0,4.058
14,Rest,281.8999999999942,0.0,4.058
14,Rest,282.0,0.0,4.058
14,Rest,282.09999999999127,0.0,4.058
14,Rest,282.1999999999971,0.0,4.058
14,Rest,282.3000000000029,0.0,4.058
14,Rest,282.3999999999942,0.0,4.058
14,Rest,282.5,0.0,4.058
14,Rest,282.59999999999127,0.0,4.0581
14,Rest,282.6999999999971,0.0,4.0581
14,Rest,282.8000000000029,0.0,4.058
14,Rest,282.8999999999942,0.0,4.058
14,Rest,283.0,0.0,4.0581
14,Rest,283.09999999999127,0.0,4.0581
14,Rest,283.1999999999971,0.0,4.058
14,Rest,283.3000000000029,0.0,4.058
14,Rest,283.3999999999942,0.0,4.0581
14,Rest,283.5,0.0,4.0581
14,Rest,283.59999999999127,0.0,4.0581
14,Rest,283.6999999999971,0.0,4.0581
14,Rest,283.8000000000029,0.0,4.0581
14,Rest,283.8999999999942,0.0,4.0581
14,Rest,284.0,0.0,4.0581
14,Rest,284.09999999999127,0.0,4.0581
14,Rest,284.1999999999971,0.0,4.0581
14,Rest,284.3000000000029,0.0,4.0581
14,Rest,284.3999999999942,0.0,4.0581
14,Rest,284.5,0.0,4.0581
14,Rest,284.59999999999127,0.0,4.0581
14,Rest,284.6999999999971,0.0,4.0581
14,Rest,284.8000000000029,0.0,4.0581
14,Rest,284.8999999999942,0.0,4.0581
14,Rest,285.0,0.0,4.0581
14,Rest,285.09999999999127,0.0,4.0581
14,Rest,285.1999999999971,0.0,4.0581
14,Rest,285.3000000000029,0.0,4.0581
14,Rest,285.3999999999942,0.0,4.0581
14,Rest,285.5,0.0,4.0581
14,Rest,285.59999999999127,0.0,4.0581
14,Rest,285.6999999999971,0.0,4.0581
14,Rest,285.8000000000029,0.0,4.0581
14,Rest,285.8999999999942,0.0,4.0581
14,Rest,286.0,0.0,4.0581
14,Rest,286.09999999999127,0.0,4.0581
14,Rest,286.1999999999971,0.0,4.0581
14,Rest,286.3000000000029,0.0,4.0581
14,Rest,286.3999999999942,0.0,4.0581
14,Rest,286.5,0.0,4.0581
14,Rest,286.59999999999127,0.0,4.0582
14,Rest,286.6999999999971,0.0,4.0582
14,Rest,286.8000000000029,0.0,4.0582
14,Rest,286.8999999999942,0.0,4.0581
14,Rest,287.0,0.0,4.0581
14,Rest,287.09999999999127,0.0,4.0582
14,Rest,287.1999999999971,0.0,4.0582
14,Rest,287.3000000000029,0.0,4.0581
14,Rest,287.3999999999942,0.0,4.0582
14,Rest,287.5,0.0,4.0582
14,Rest,287.59999999999127,0.0,4.0582
14,Rest,287.6999999999971,0.0,4.0582
14,Rest,287.8000000000029,0.0,4.0582
14,Rest,287.8999999999942,0.0,4.0582
14,Rest,288.0,0.0,4.0582
14,Rest,288.09999999999127,0.0,4.0582
14,Rest,288.1999999999971,0.0,4.0582
14,Rest,288.3000000000029,0.0,4.0582
14,Rest,288.3999999999942,0.0,4.0582
14,Rest,288.5,0.0,4.0582
14,Rest,288.59999999999127,0.0,4.0582
14,Rest,288.6999999999971,0.0,4.0582
14,Rest,288.8000000000029,0.0,4.0582
14,Rest,288.8999999999942,0.0,4.0582
14,Rest,289.0,0.0,4.0582
14,Rest,289.09999999999127,0.0,4.0582
14,Rest,289.1999999999971,0.0,4.0582
14,Rest,289.3000000000029,0.0,4.0582
14,Rest,289.3999999999942,0.0,4.0582
14,Rest,289.5,0.0,4.0582
14,Rest,289.59999999999127,0.0,4.0582
14,Rest,289.6999999999971,0.0,4.0582
14,Rest,289.8000000000029,0.0,4.0582
14,Rest,289.8999999999942,0.0,4.0582
14,Rest,290.0,0.0,4.0582
14,Rest,290.09999999999127,0.0,4.0582
14,Rest,290.1999999999971,0.0,4.0582
14,Rest,290.3000000000029,0.0,4.0582
14,Rest,290.3999999999942,0.0,4.0582
14,Rest,290.5,0.0,4.0582
14,Rest,290.59999999999127,0.0,4.0582
14,Rest,290.6999999999971,0.0,4.0582
14,Rest,290.8000000000029,0.0,4.0582
14,Rest,290.8999999999942,0.0,4.0582
14,Rest,291.0,0.0,4.0582
14,Rest,291.09999999999127,0.0,4.0582
14,Rest,291.1999999999971,0.0,4.0582
14,Rest,291.3000000000029,0.0,4.0582
14,Rest,291.3999999999942,0.0,4.0582
14,Rest,291.5,0.0,4.0583
14,Rest,291.59999999999127,0.0,4.0582
14,Rest,291.6999999999971,0.0,4.0582
14,Rest,291.8000000000029,0.0,4.0582
14,Rest,291.8999999999942,0.0,4.0582
14,Rest,292.0,0.0,4.0582
14,Rest,292.09999999999127,0.0,4.0582
14,Rest,292.1999999999971,0.0,4.0582
14,Rest,292.3000000000029,0.0,4.0582
14,Rest,292.3999999999942,0.0,4.0582
14,Rest,292.5,0.0,4.0582
14,Rest,292.59999999999127,0.0,4.0582
14,Rest,292.6999999999971,0.0,4.0583
14,Rest,292.8000000000029,0.0,4.0583
14,Rest,292.8999999999942,0.0,4.0583
14,Rest,293.0,0.0,4.0583
14,Rest,293.09999999999127,0.0,4.0583
14,Rest,293.1999999999971,0.0,4.0583
14,Rest,293.3000000000029,0.0,4.0583
14,Rest,293.3999999999942,0.0,4.0583
14,Rest,293.5,0.0,4.0582
14,Rest,293.59999999999127,0.0,4.0583
14,Rest,293.6999999999971,0.0,4.0583
14,Rest,293.8000000000029,0.0,4.0583
14,Rest,293.8999999999942,0.0,4.0583
14,Rest,294.0,0.0,4.0583
14,Rest,294.09999999999127,0.0,4.0583
14,Rest,294.1999999999971,0.0,4.0583
14,Rest,294.3000000000029,0.0,4.0583
14,Rest,294.3999999999942,0.0,4.0584
14,Rest,294.5,0.0,4.0583
14,Rest,294.59999999999127,0.0,4.0583
14,Rest,294.6999999999971,0.0,4.0583
14,Rest,294.8000000000029,0.0,4.0583
14,Rest,294.8999999999942,0.0,4.0583
14,Rest,295.0,0.0,4.0584
14,Rest,295.09999999999127,0.0,4.0583
14,Rest,295.1999999999971,0.0,4.0583
14,Rest,295.3000000000029,0.0,4.0583
14,Rest,295.3999999999942,0.0,4.0583
14,Rest,295.5,0.0,4.0583
14,Rest,295.59999999999127,0.0,4.0584
14,Rest,295.6999999999971,0.0,4.0584
14,Rest,295.8000000000029,0.0,4.0584
14,Rest,295.8999999999942,0.0,4.0583
14,Rest,296.0,0.0,4.0583
14,Rest,296.09999999999127,0.0,4.0583
14,Rest,296.1999999999971,0.0,4.0583
14,Rest,296.3000000000029,0.0,4.0584
14,Rest,296.3999999999942,0.0,4.0584
14,Rest,296.5,0.0,4.0584
14,Rest,296.59999999999127,0.0,4.0584
14,Rest,296.6999999999971,0.0,4.0583
14,Rest,296.8000000000029,0.0,4.0584
14,Rest,296.8999999999942,0.0,4.0584
14,Rest,297.0,0.0,4.0584
14,Rest,297.09999999999127,0.0,4.0584
14,Rest,297.1999999999971,0.0,4.0584
14,Rest,297.3000000000029,0.0,4.0584
14,Rest,297.3999999999942,0.0,4.0583
14,Rest,297.5,0.0,4.0583
14,Rest,297.59999999999127,0.0,4.0584
14,Rest,297.6999999999971,0.0,4.0584
14,Rest,297.8000000000029,0.0,4.0584
14,Rest,297.8999999999942,0.0,4.0584
14,Rest,298.0,0.0,4.0584
14,Rest,298.09999999999127,0.0,4.0584
14,Rest,298.1999999999971,0.0,4.0584
14,Rest,298.3000000000029,0.0,4.0584
14,Rest,298.3999999999942,0.0,4.0584
14,Rest,298.5,0.0,4.0584
14,Rest,298.59999999999127,0.0,4.0584
14,Rest,298.6999999999971,0.0,4.0584
14,Rest,298.8000000000029,0.0,4.0584
14,Rest,298.8999999999942,0.0,4.0584
14,Rest,299.0,0.0,4.0584
14,Rest,299.09999999999127,0.0,4.0584
14,Rest,299.1999999999971,0.0,4.0584
14,Rest,299.3000000000029,0.0,4.0584
14,Rest,299.3999999999942,0.0,4.0584
14,Rest,299.5,0.0,4.0584
14,Rest,299.59999999999127,0.0,4.0584
14,Rest,299.6999999999971,0.0,4.0584
14,Rest,299.8000000000029,0.0,4.0584
14,Rest,299.8999999999942,0.0,4.0584
14,Rest,300.0,0.0,4.0584
14,Rest,300.09999999999127,0.0,4.0584
14,Rest,300.1999999999971,0.0,4.0584
14,Rest,300.3000000000029,0.0,4.0584
14,Rest,300.3999999999942,0.0,4.0584
14,Rest,300.5,0.0,4.0584
14,Rest,300.59999999999127,0.0,4.0584
14,Rest,300.6999999999971,0.0,4.0585
14,Rest,300.8000000000029,0.0,4.0584
14,Rest,300.8999999999942,0.0,4.0584
14,Rest,301.0,0.0,4.0584
14,Rest,301.09999999999127,0.0,4.0584
14,Rest,301.1999999999971,0.0,4.0584
14,Rest,301.3000000000029,0.0,4.0584
14,Rest,301.3999999999942,0.0,4.0584
14,Rest,301.5,0.0,4.0585
14,Rest,301.59999999999127,0.0,4.0585
14,Rest,301.6999999999971,0.0,4.0584
14,Rest,301.8000000000029,0.0,4.0584
14,Rest,301.8999999999942,0.0,4.0584
14,Rest,302.0,0.0,4.0584
14,Rest,302.09999999999127,0.0,4.0585
14,Rest,302.1999999999971,0.0,4.0585
14,Rest,302.3000000000029,0.0,4.0585
14,Rest,302.3999999999942,0.0,4.0585
14,Rest,302.5,0.0,4.0585
14,Rest,302.59999999999127,0.0,4.0585
14,Rest,302.6999999999971,0.0,4.0585
14,Rest,302.8000000000029,0.0,4.0584
14,Rest,302.8999999999942,0.0,4.0585
14,Rest,303.0,0.0,4.0585
14,Rest,303.09999999999127,0.0,4.0585
14,Rest,303.1999999999971,0.0,4.0585
14,Rest,303.3000000000029,0.0,4.0585
14,Rest,303.3999999999942,0.0,4.0585
14,Rest,303.5,0.0,4.0585
14,Rest,303.59999999999127,0.0,4.0585
14,Rest,303.6999999999971,0.0,4.0585
14,Rest,303.8000000000029,0.0,4.0585
14,Rest,303.8999999999942,0.0,4.0585
14,Rest,304.0,0.0,4.0585
14,Rest,304.09999999999127,0.0,4.0585
14,Rest,304.1999999999971,0.0,4.0586
14,Rest,304.3000000000029,0.0,4.0586
14,Rest,304.3999999999942,0.0,4.0586
14,Rest,304.5,0.0,4.0586
14,Rest,304.59999999999127,0.0,4.0585
14,Rest,304.6999999999971,0.0,4.0585
14,Rest,304.8000000000029,0.0,4.0585
14,Rest,304.8999999999942,0.0,4.0586
14,Rest,305.0,0.0,4.0586
14,Rest,305.09999999999127,0.0,4.0586
14,Rest,305.1999999999971,0.0,4.0585
14,Rest,305.3000000000029,0.0,4.0586
14,Rest,305.3999999999942,0.0,4.0586
14,Rest,305.5,0.0,4.0586
14,Rest,305.59999999999127,0.0,4.0586
14,Rest,305.6999999999971,0.0,4.0586
14,Rest,305.8000000000029,0.0,4.0586
14,Rest,305.8999999999942,0.0,4.0586
14,Rest,306.0,0.0,4.0586
14,Rest,306.09999999999127,0.0,4.0585
14,Rest,306.1999999999971,0.0,4.0586
14,Rest,306.3000000000029,0.0,4.0586
14,Rest,306.3999999999942,0.0,4.0586
14,Rest,306.5,0.0,4.0586
14,Rest,306.59999999999127,0.0,4.0586
14,Rest,306.6999999999971,0.0,4.0586
14,Rest,306.8000000000029,0.0,4.0586
14,Rest,306.8999999999942,0.0,4.0586
14,Rest,307.0,0.0,4.0586
14,Rest,307.09999999999127,0.0,4.0586
14,Rest,307.1999999999971,0.0,4.0586
14,Rest,307.3000000000029,0.0,4.0586
14,Rest,307.3999999999942,0.0,4.0586
14,Rest,307.5,0.0,4.0586
14,Rest,307.59999999999127,0.0,4.0586
14,Rest,307.6999999999971,0.0,4.0586
14,Rest,307.8000000000029,0.0,4.0586
14,Rest,307.8999999999942,0.0,4.0586
14,Rest,308.0,0.0,4.0586
14,Rest,308.09999999999127,0.0,4.0586
14,Rest,308.1999999999971,0.0,4.0586
14,Rest,308.3000000000029,0.0,4.0585
14,Rest,308.3999999999942,0.0,4.0586
14,Rest,308.5,0.0,4.0586
14,Rest,308.59999999999127,0.0,4.0586
14,Rest,308.6999999999971,0.0,4.0586
14,Rest,308.8000000000029,0.0,4.0586
14,Rest,308.8999999999942,0.0,4.0586
14,Rest,309.0,0.0,4.0586
14,Rest,309.09999999999127,0.0,4.0586
14,Rest,309.1999999999971,0.0,4.0586
14,Rest,309.3000000000029,0.0,4.0586
14,Rest,309.3999999999942,0.0,4.0586
14,Rest,309.5,0.0,4.0586
14,Rest,309.59999999999127,0.0,4.0586
14,Rest,309.6999999999971,0.0,4.0586
14,Rest,309.8000000000029,0.0,4.0586
14,Rest,309.8999999999942,0.0,4.0586
14,Rest,310.0,0.0,4.0586
14,Rest,310.09999999999127,0.0,4.0586
14,Rest,310.1999999999971,0.0,4.0586
14,Rest,310.3000000000029,0.0,4.0586
14,Rest,310.3999999999942,0.0,4.0586
14,Rest,310.5,0.0,4.0586
14,Rest,310.59999999999127,0.0,4.0586
14,Rest,310.6999999999971,0.0,4.0586
14,Rest,310.8000000000029,0.0,4.0586
14,Rest,310.8999999999942,0.0,4.0586
14,Rest,311.0,0.0,4.0586
14,Rest,311.09999999999127,0.0,4.0586
14,Rest,311.1999999999971,0.0,4.0586
14,Rest,311.3000000000029,0.0,4.0586
14,Rest,311.3999999999942,0.0,4.0586
14,Rest,311.5,0.0,4.0586
14,Rest,311.59999999999127,0.0,4.0586
14,Rest,311.6999999999971,0.0,4.0586
14,Rest,311.8000000000029,0.0,4.0586
14,Rest,311.8999999999942,0.0,4.0587
14,Rest,312.0,0.0,4.0587
14,Rest,312.09999999999127,0.0,4.0587
14,Rest,312.1999999999971,0.0,4.0586
14,Rest,312.3000000000029,0.0,4.0586
14,Rest,312.3999999999942,0.0,4.0586
14,Rest,312.5,0.0,4.0587
14,Rest,312.59999999999127,0.0,4.0586
14,Rest,312.6999999999971,0.0,4.0586
14,Rest,312.8000000000029,0.0,4.0586
14,Rest,312.8999999999942,0.0,4.0586
14,Rest,313.0,0.0,4.0586
14,Rest,313.09999999999127,0.0,4.0587
14,Rest,313.1999999999971,0.0,4.0587
14,Rest,313.3000000000029,0.0,4.0586
14,Rest,313.3999999999942,0.0,4.0587
14,Rest,313.5,0.0,4.0587
14,Rest,313.59999999999127,0.0,4.0587
14,Rest,313.6999999999971,0.0,4.0586
14,Rest,313.8000000000029,0.0,4.0586
14,Rest,313.8999999999942,0.0,4.0587
14,Rest,314.0,0.0,4.0586
14,Rest,314.09999999999127,0.0,4.0587
14,Rest,314.1999999999971,0.0,4.0587
14,Rest,314.3000000000029,0.0,4.0587
14,Rest,314.3999999999942,0.0,4.0587
14,Rest,314.5,0.0,4.0587
14,Rest,314.59999999999127,0.0,4.0587
14,Rest,314.6999999999971,0.0,4.0587
14,Rest,314.8000000000029,0.0,4.0587
14,Rest,314.8999999999942,0.0,4.0587
14,Rest,315.0,0.0,4.0587
14,Rest,315.09999999999127,0.0,4.0587
14,Rest,315.1999999999971,0.0,4.0587
14,Rest,315.3000000000029,0.0,4.0587
14,Rest,315.3999999999942,0.0,4.0587
14,Rest,315.5,0.0,4.0587
14,Rest,315.59999999999127,0.0,4.0587
14,Rest,315.6999999999971,0.0,4.0587
14,Rest,315.8000000000029,0.0,4.0587
14,Rest,315.8999999999942,0.0,4.0587
14,Rest,316.0,0.0,4.0587
14,Rest,316.09999999999127,0.0,4.0587
14,Rest,316.1999999999971,0.0,4.0587
14,Rest,316.3000000000029,0.0,4.0587
14,Rest,316.3999999999942,0.0,4.0587
14,Rest,316.5,0.0,4.0587
14,Rest,316.59999999999127,0.0,4.0587
14,Rest,316.6999999999971,0.0,4.0587
14,Rest,316.8000000000029,0.0,4.0587
14,Rest,316.8999999999942,0.0,4.0587
14,Rest,317.0,0.0,4.0588
14,Rest,317.09999999999127,0.0,4.0588
14,Rest,317.1999999999971,0.0,4.0588
14,Rest,317.3000000000029,0.0,4.0587
14,Rest,317.3999999999942,0.0,4.0587
14,Rest,317.5,0.0,4.0587
14,Rest,317.59999999999127,0.0,4.0587
14,Rest,317.6999999999971,0.0,4.0587
14,Rest,317.8000000000029,0.0,4.0587
14,Rest,317.8999999999942,0.0,4.0587
14,Rest,318.0,0.0,4.0587
14,Rest,318.09999999999127,0.0,4.0587
14,Rest,318.1999999999971,0.0,4.0587
14,Rest,318.3000000000029,0.0,4.0587
14,Rest,318.3999999999942,0.0,4.0587
14,Rest,318.5,0.0,4.0588
14,Rest,318.59999999999127,0.0,4.0587
14,Rest,318.6999999999971,0.0,4.0587
14,Rest,318.8000000000029,0.0,4.0587
14,Rest,318.8999999999942,0.0,4.0587
14,Rest,319.0,0.0,4.0588
14,Rest,319.09999999999127,0.0,4.0587
14,Rest,319.1999999999971,0.0,4.0587
14,Rest,319.3000000000029,0.0,4.0588
14,Rest,319.3999999999942,0.0,4.0588
14,Rest,319.5,0.0,4.0588
14,Rest,319.59999999999127,0.0,4.0588
14,Rest,319.6999999999971,0.0,4.0587
14,Rest,319.8000000000029,0.0,4.0587
14,Rest,319.8999999999942,0.0,4.0588
14,Rest,320.0,0.0,4.0588
14,Rest,320.09999999999127,0.0,4.0588
14,Rest,320.1999999999971,0.0,4.0588
14,Rest,320.3000000000029,0.0,4.0588
14,Rest,320.3999999999942,0.0,4.0588
14,Rest,320.5,0.0,4.0588
14,Rest,320.59999999999127,0.0,4.0588
14,Rest,320.6999999999971,0.0,4.0588
14,Rest,320.8000000000029,0.0,4.0588
14,Rest,320.8999999999942,0.0,4.0588
14,Rest,321.0,0.0,4.0588
14,Rest,321.09999999999127,0.0,4.0588
14,Rest,321.1999999999971,0.0,4.0588
14,Rest,321.3000000000029,0.0,4.0588
14,Rest,321.3999999999942,0.0,4.0588
14,Rest,321.5,0.0,4.0588
14,Rest,321.59999999999127,0.0,4.0588
14,Rest,321.6999999999971,0.0,4.0588
14,Rest,321.8000000000029,0.0,4.0588
14,Rest,321.8999999999942,0.0,4.0588
14,Rest,322.0,0.0,4.0588
14,Rest,322.09999999999127,0.0,4.0588
14,Rest,322.1999999999971,0.0,4.0588
14,Rest,322.3000000000029,0.0,4.0588
14,Rest,322.3999999999942,0.0,4.0588
14,Rest,322.5,0.0,4.0588
14,Rest,322.59999999999127,0.0,4.0588
14,Rest,322.6999999999971,0.0,4.0588
14,Rest,322.8000000000029,0.0,4.0588
14,Rest,322.8999999999942,0.0,4.0588
14,Rest,323.0,0.0,4.0588
14,Rest,323.09999999999127,0.0,4.0588
14,Rest,323.1999999999971,0.0,4.0588
14,Rest,323.3000000000029,0.0,4.0588
14,Rest,323.3999999999942,0.0,4.0588
14,Rest,323.5,0.0,4.0588
14,Rest,323.59999999999127,0.0,4.0588
14,Rest,323.6999999999971,0.0,4.0588
14,Rest,323.8000000000029,0.0,4.0588
14,Rest,323.8999999999942,0.0,4.0588
14,Rest,324.0,0.0,4.0588
14,Rest,324.09999999999127,0.0,4.0588
14,Rest,324.1999999999971,0.0,4.0588
14,Rest,324.3000000000029,0.0,4.0588
14,Rest,324.3999999999942,0.0,4.0588
14,Rest,324.5,0.0,4.0588
14,Rest,324.59999999999127,0.0,4.0588
14,Rest,324.6999999999971,0.0,4.0588
14,Rest,324.8000000000029,0.0,4.0588
14,Rest,324.8999999999942,0.0,4.0588
14,Rest,325.0,0.0,4.0588
14,Rest,325.09999999999127,0.0,4.0589
14,Rest,325.1999999999971,0.0,4.0588
14,Rest,325.3000000000029,0.0,4.0589
14,Rest,325.3999999999942,0.0,4.0589
14,Rest,325.5,0.0,4.0589
14,Rest,325.59999999999127,0.0,4.0589
14,Rest,325.6999999999971,0.0,4.0588
14,Rest,325.8000000000029,0.0,4.0588
14,Rest,325.8999999999942,0.0,4.0589
14,Rest,326.0,0.0,4.0589
14,Rest,326.09999999999127,0.0,4.0589
14,Rest,326.1999999999971,0.0,4.0589
14,Rest,326.3000000000029,0.0,4.0589
14,Rest,326.3999999999942,0.0,4.0588
14,Rest,326.5,0.0,4.0589
14,Rest,326.59999999999127,0.0,4.0588
14,Rest,326.6999999999971,0.0,4.0589
14,Rest,326.8000000000029,0.0,4.0589
14,Rest,326.8999999999942,0.0,4.0589
14,Rest,327.0,0.0,4.0589
14,Rest,327.09999999999127,0.0,4.0589
14,Rest,327.1999999999971,0.0,4.0589
14,Rest,327.3000000000029,0.0,4.0588
14,Rest,327.3999999999942,0.0,4.0589
14,Rest,327.5,0.0,4.0589
14,Rest,327.59999999999127,0.0,4.0589
14,Rest,327.6999999999971,0.0,4.0589
14,Rest,327.8000000000029,0.0,4.0589
14,Rest,327.8999999999942,0.0,4.0589
14,Rest,328.0,0.0,4.0589
14,Rest,328.09999999999127,0.0,4.0589
14,Rest,328.1999999999971,0.0,4.0589
14,Rest,328.3000000000029,0.0,4.0589
14,Rest,328.3999999999942,0.0,4.0589
14,Rest,328.5,0.0,4.0589
14,Rest,328.59999999999127,0.0,4.0589
14,Rest,328.6999999999971,0.0,4.0589
14,Rest,328.8000000000029,0.0,4.0589
14,Rest,328.8999999999942,0.0,4.0589
14,Rest,329.0,0.0,4.059
14,Rest,329.09999999999127,0.0,4.0589
14,Rest,329.1999999999971,0.0,4.0589
14,Rest,329.3000000000029,0.0,4.0589
14,Rest,329.3999999999942,0.0,4.059
14,Rest,329.5,0.0,4.059
14,Rest,329.59999999999127,0.0,4.059
14,Rest,329.6999999999971,0.0,4.059
14,Rest,329.8000000000029,0.0,4.0589
14,Rest,329.8999999999942,0.0,4.0589
14,Rest,330.0,0.0,4.0589
14,Rest,330.09999999999127,0.0,4.0589
14,Rest,330.1999999999971,0.0,4.0589
14,Rest,330.3000000000029,0.0,4.0589
14,Rest,330.3999999999942,0.0,4.059
14,Rest,330.5,0.0,4.059
14,Rest,330.59999999999127,0.0,4.059
14,Rest,330.6999999999971,0.0,4.0589
14,Rest,330.8000000000029,0.0,4.0589
14,Rest,330.8999999999942,0.0,4.0589
14,Rest,331.0,0.0,4.059
14,Rest,331.09999999999127,0.0,4.059
14,Rest,331.1999999999971,0.0,4.0589
14,Rest,331.3000000000029,0.0,4.0589
14,Rest,331.3999999999942,0.0,4.059
14,Rest,331.5,0.0,4.059
14,Rest,331.59999999999127,0.0,4.059
14,Rest,331.6999999999971,0.0,4.059
14,Rest,331.8000000000029,0.0,4.059
14,Rest,331.8999999999942,0.0,4.0589
14,Rest,332.0,0.0,4.0589
14,Rest,332.09999999999127,0.0,4.0589
14,Rest,332.1999999999971,0.0,4.0589
14,Rest,332.3000000000029,0.0,4.0589
14,Rest,332.3999999999942,0.0,4.059
14,Rest,332.5,0.0,4.059
14,Rest,332.59999999999127,0.0,4.059
14,Rest,332.6999999999971,0.0,4.059
14,Rest,332.8000000000029,0.0,4.0589
14,Rest,332.8999999999942,0.0,4.0589
14,Rest,333.0,0.0,4.0589
14,Rest,333.09999999999127,0.0,4.0589
14,Rest,333.1999999999971,0.0,4.059
14,Rest,333.3000000000029,0.0,4.059
14,Rest,333.3999999999942,0.0,4.059
14,Rest,333.5,0.0,4.0589
14,Rest,333.59999999999127,0.0,4.059
14,Rest,333.6999999999971,0.0,4.059
14,Rest,333.8000000000029,0.0,4.0589
14,Rest,333.8999999999942,0.0,4.059
14,Rest,334.0,0.0,4.059
14,Rest,334.09999999999127,0.0,4.0589
14,Rest,334.1999999999971,0.0,4.0589
14,Rest,334.3000000000029,0.0,4.0589
14,Rest,334.3999999999942,0.0,4.0589
14,Rest,334.5,0.0,4.0589
14,Rest,334.59999999999127,0.0,4.0589
14,Rest,334.6999999999971,0.0,4.059
14,Rest,334.8000000000029,0.0,4.0589
14,Rest,334.8999999999942,0.0,4.0589
14,Rest,335.0,0.0,4.0589
14,Rest,335.09999999999127,0.0,4.059
14,Rest,335.1999999999971,0.0,4.059
14,Rest,335.3000000000029,0.0,4.059
14,Rest,335.3999999999942,0.0,4.059
14,Rest,335.5,0.0,4.059
14,Rest,335.59999999999127,0.0,4.059
14,Rest,335.6999999999971,0.0,4.059
14,Rest,335.8000000000029,0.0,4.059
14,Rest,335.8999999999942,0.0,4.059
14,Rest,336.0,0.0,4.059
14,Rest,336.09999999999127,0.0,4.059
14,Rest,336.1999999999971,0.0,4.059
14,Rest,336.3000000000029,0.0,4.059
14,Rest,336.3999999999942,0.0,4.059
14,Rest,336.5,0.0,4.059
14,Rest,336.59999999999127,0.0,4.059
14,Rest,336.6999999999971,0.0,4.059
14,Rest,336.8000000000029,0.0,4.059
14,Rest,336.8999999999942,0.0,4.059
14,Rest,337.0,0.0,4.059
14,Rest,337.09999999999127,0.0,4.059
14,Rest,337.1999999999971,0.0,4.059
14,Rest,337.3000000000029,0.0,4.059
14,Rest,337.3999999999942,0.0,4.059
14,Rest,337.5,0.0,4.059
14,Rest,337.59999999999127,0.0,4.059
14,Rest,337.6999999999971,0.0,4.059
14,Rest,337.8000000000029,0.0,4.059
14,Rest,337.8999999999942,0.0,4.059
14,Rest,338.0,0.0,4.059
14,Rest,338.09999999999127,0.0,4.059
14,Rest,338.1999999999971,0.0,4.059
14,Rest,338.3000000000029,0.0,4.059
14,Rest,338.3999999999942,0.0,4.0589
14,Rest,338.5,0.0,4.059
14,Rest,338.59999999999127,0.0,4.059
14,Rest,338.6999999999971,0.0,4.059
14,Rest,338.8000000000029,0.0,4.059
14,Rest,338.8999999999942,0.0,4.059
14,Rest,339.0,0.0,4.0589
14,Rest,339.09999999999127,0.0,4.059
14,Rest,339.1999999999971,0.0,4.059
14,Rest,339.3000000000029,0.0,4.059
14,Rest,339.3999999999942,0.0,4.059
14,Rest,339.5,0.0,4.059
14,Rest,339.59999999999127,0.0,4.059
14,Rest,339.6999999999971,0.0,4.059
14,Rest,339.8000000000029,0.0,4.059
14,Rest,339.8999999999942,0.0,4.059
14,Rest,340.0,0.0,4.059
14,Rest,340.09999999999127,0.0,4.059
14,Rest,340.1999999999971,0.0,4.059
14,Rest,340.3000000000029,0.0,4.059
14,Rest,340.3999999999942,0.0,4.059
14,Rest,340.5,0.0,4.0591
14,Rest,340.59999999999127,0.0,4.059
14,Rest,340.6999999999971,0.0,4.059
14,Rest,340.8000000000029,0.0,4.059
14,Rest,340.8999999999942,0.0,4.059
14,Rest,341.0,0.0,4.059
14,Rest,341.09999999999127,0.0,4.059
14,Rest,341.1999999999971,0.0,4.059
14,Rest,341.3000000000029,0.0,4.059
14,Rest,341.3999999999942,0.0,4.059
14,Rest,341.5,0.0,4.059
14,Rest,341.59999999999127,0.0,4.0591
14,Rest,341.6999999999971,0.0,4.0591
14,Rest,341.8000000000029,0.0,4.0591
14,Rest,341.8999999999942,0.0,4.0591
14,Rest,342.0,0.0,4.059
14,Rest,342.09999999999127,0.0,4.059
14,Rest,342.1999999999971,0.0,4.0591
14,Rest,342.3000000000029,0.0,4.059
14,Rest,342.3999999999942,0.0,4.0591
14,Rest,342.5,0.0,4.0591
14,Rest,342.59999999999127,0.0,4.0591
14,Rest,342.6999999999971,0.0,4.0591
14,Rest,342.8000000000029,0.0,4.059
14,Rest,342.8999999999942,0.0,4.059
14,Rest,343.0,0.0,4.0591
14,Rest,343.09999999999127,0.0,4.0591
14,Rest,343.1999999999971,0.0,4.059
14,Rest,343.3000000000029,0.0,4.059
14,Rest,343.3999999999942,0.0,4.059
14,Rest,343.5,0.0,4.059
14,Rest,343.59999999999127,0.0,4.0591
14,Rest,343.6999999999971,0.0,4.0591
14,Rest,343.8000000000029,0.0,4.0591
14,Rest,343.8999999999942,0.0,4.059
14,Rest,344.0,0.0,4.059
14,Rest,344.09999999999127,0.0,4.0591
14,Rest,344.1999999999971,0.0,4.0591
14,Rest,344.3000000000029,0.0,4.0591
14,Rest,344.3999999999942,0.0,4.0591
14,Rest,344.5,0.0,4.0591
14,Rest,344.59999999999127,0.0,4.0591
14,Rest,344.6999999999971,0.0,4.0591
14,Rest,344.8000000000029,0.0,4.0591
14,Rest,344.8999999999942,0.0,4.0591
14,Rest,345.0,0.0,4.0591
14,Rest,345.09999999999127,0.0,4.0591
14,Rest,345.1999999999971,0.0,4.0591
14,Rest,345.3000000000029,0.0,4.0591
14,Rest,345.3999999999942,0.0,4.0591
14,Rest,345.5,0.0,4.0591
14,Rest,345.59999999999127,0.0,4.0591
14,Rest,345.6999999999971,0.0,4.0591
14,Rest,345.8000000000029,0.0,4.0591
14,Rest,345.8999999999942,0.0,4.0591
14,Rest,346.0,0.0,4.0591
14,Rest,346.09999999999127,0.0,4.0591
14,Rest,346.1999999999971,0.0,4.0591
14,Rest,346.3000000000029,0.0,4.0591
14,Rest,346.3999999999942,0.0,4.0591
14,Rest,346.5,0.0,4.0591
14,Rest,346.59999999999127,0.0,4.0591
14,Rest,346.6999999999971,0.0,4.0591
14,Rest,346.8000000000029,0.0,4.0591
14,Rest,346.8999999999942,0.0,4.0591
14,Rest,347.0,0.0,4.0591
14,Rest,347.09999999999127,0.0,4.0591
14,Rest,347.1999999999971,0.0,4.0591
14,Rest,347.3000000000029,0.0,4.0591
14,Rest,347.3999999999942,0.0,4.0591
14,Rest,347.5,0.0,4.0591
14,Rest,347.59999999999127,0.0,4.0591
14,Rest,347.6999999999971,0.0,4.0591
14,Rest,347.8000000000029,0.0,4.0591
14,Rest,347.8999999999942,0.0,4.0591
14,Rest,348.0,0.0,4.0591
14,Rest,348.09999999999127,0.0,4.0591
14,Rest,348.1999999999971,0.0,4.0591
14,Rest,348.3000000000029,0.0,4.0591
14,Rest,348.3999999999942,0.0,4.0591
14,Rest,348.5,0.0,4.0591
14,Rest,348.59999999999127,0.0,4.0591
14,Rest,348.6999999999971,0.0,4.0591
14,Rest,348.8000000000029,0.0,4.0591
14,Rest,348.8999999999942,0.0,4.0591
14,Rest,349.0,0.0,4.0592
14,Rest,349.09999999999127,0.0,4.0591
14,Rest,349.1999999999971,0.0,4.0591
14,Rest,349.3000000000029,0.0,4.0591
14,Rest,349.3999999999942,0.0,4.0591
14,Rest,349.5,0.0,4.0591
14,Rest,349.59999999999127,0.0,4.0591
14,Rest,349.6999999999971,0.0,4.0591
14,Rest,349.8000000000029,0.0,4.0591
14,Rest,349.8999999999942,0.0,4.0591
14,Rest,350.0,0.0,4.0591
14,Rest,350.09999999999127,0.0,4.0591
14,Rest,350.1999999999971,0.0,4.0591
14,Rest,350.3000000000029,0.0,4.0591
14,Rest,350.3999999999942,0.0,4.0591
14,Rest,350.5,0.0,4.0591
14,Rest,350.59999999999127,0.0,4.0591
14,Rest,350.6999999999971,0.0,4.0591
14,Rest,350.8000000000029,0.0,4.0591
14,Rest,350.8999999999942,0.0,4.0591
14,Rest,351.0,0.0,4.0592
14,Rest,351.09999999999127,0.0,4.0592
14,Rest,351.1999999999971,0.0,4.0592
14,Rest,351.3000000000029,0.0,4.0591
14,Rest,351.3999999999942,0.0,4.0592
14,Rest,351.5,0.0,4.0592
14,Rest,351.59999999999127,0.0,4.0592
14,Rest,351.6999999999971,0.0,4.0592
14,Rest,351.8000000000029,0.0,4.0592
14,Rest,351.8999999999942,0.0,4.0592
14,Rest,352.0,0.0,4.0592
14,Rest,352.09999999999127,0.0,4.0592
14,Rest,352.1999999999971,0.0,4.0592
14,Rest,352.3000000000029,0.0,4.0592
14,Rest,352.3999999999942,0.0,4.0592
14,Rest,352.5,0.0,4.0592
14,Rest,352.59999999999127,0.0,4.0592
14,Rest,352.6999999999971,0.0,4.0592
14,Rest,352.8000000000029,0.0,4.0592
14,Rest,352.8999999999942,0.0,4.0592
14,Rest,353.0,0.0,4.0592
14,Rest,353.09999999999127,0.0,4.0592
14,Rest,353.1999999999971,0.0,4.0592
14,Rest,353.3000000000029,0.0,4.0592
14,Rest,353.3999999999942,0.0,4.0592
14,Rest,353.5,0.0,4.0592
14,Rest,353.59999999999127,0.0,4.0592
14,Rest,353.6999999999971,0.0,4.0592
14,Rest,353.8000000000029,0.0,4.0592
14,Rest,353.8999999999942,0.0,4.0592
14,Rest,354.0,0.0,4.0592
14,Rest,354.09999999999127,0.0,4.0592
14,Rest,354.1999999999971,0.0,4.0592
14,Rest,354.3000000000029,0.0,4.0592
14,Rest,354.3999999999942,0.0,4.0592
14,Rest,354.5,0.0,4.0591
14,Rest,354.59999999999127,0.0,4.0592
14,Rest,354.6999999999971,0.0,4.0592
14,Rest,354.8000000000029,0.0,4.0592
14,Rest,354.8999999999942,0.0,4.0592
14,Rest,355.0,0.0,4.0592
14,Rest,355.09999999999127,0.0,4.0592
14,Rest,355.1999999999971,0.0,4.0592
14,Rest,355.3000000000029,0.0,4.0592
14,Rest,355.3999999999942,0.0,4.0592
14,Rest,355.5,0.0,4.0592
14,Rest,355.59999999999127,0.0,4.0592
14,Rest,355.6999999999971,0.0,4.0592
14,Rest,355.8000000000029,0.0,4.0592
14,Rest,355.8999999999942,0.0,4.0592
14,Rest,356.0,0.0,4.0592
14,Rest,356.09999999999127,0.0,4.0592
14,Rest,356.1999999999971,0.0,4.0592
14,Rest,356.3000000000029,0.0,4.0592
14,Rest,356.3999999999942,0.0,4.0592
14,Rest,356.5,0.0,4.0592
14,Rest,356.59999999999127,0.0,4.0592
14,Rest,356.6999999999971,0.0,4.0592
14,Rest,356.8000000000029,0.0,4.0592
14,Rest,356.8999999999942,0.0,4.0592
14,Rest,357.0,0.0,4.0592
14,Rest,357.09999999999127,0.0,4.0592
14,Rest,357.1999999999971,0.0,4.0592
14,Rest,357.3000000000029,0.0,4.0592
14,Rest,357.3999999999942,0.0,4.0592
14,Rest,357.5,0.0,4.0592
14,Rest,357.59999999999127,0.0,4.0592
14,Rest,357.6999999999971,0.0,4.0592
14,Rest,357.8000000000029,0.0,4.0592
14,Rest,357.8999999999942,0.0,4.0592
14,Rest,358.0,0.0,4.0592
14,Rest,358.09999999999127,0.0,4.0592
14,Rest,358.1999999999971,0.0,4.0592
14,Rest,358.3000000000029,0.0,4.0592
14,Rest,358.3999999999942,0.0,4.0593
14,Rest,358.5,0.0,4.0593
14,Rest,358.59999999999127,0.0,4.0592
14,Rest,358.6999999999971,0.0,4.0592
14,Rest,358.8000000000029,0.0,4.0592
14,Rest,358.8999999999942,0.0,4.0592
14,Rest,359.0,0.0,4.0592
14,Rest,359.09999999999127,0.0,4.0592
14,Rest,359.1999999999971,0.0,4.0592
14,Rest,359.3000000000029,0.0,4.0592
14,Rest,359.3999999999942,0.0,4.0592
14,Rest,359.5,0.0,4.0592
14,Rest,359.59999999999127,0.0,4.0593
14,Rest,359.6999999999971,0.0,4.0592
14,Rest,359.8000000000029,0.0,4.0593
14,Rest,359.8999999999942,0.0,4.0593
14,Rest,360.0,0.0,4.0592
14,Rest,360.09999999999127,0.0,4.0592
14,Rest,360.1999999999971,0.0,4.0592
14,Rest,360.3000000000029,0.0,4.0592
14,Rest,360.3999999999942,0.0,4.0592
14,Rest,360.5,0.0,4.0593
14,Rest,360.59999999999127,0.0,4.0593
14,Rest,360.6999999999971,0.0,4.0593
14,Rest,360.8000000000029,0.0,4.0592
14,Rest,360.8999999999942,0.0,4.0592
14,Rest,361.0,0.0,4.0592
14,Rest,361.09999999999127,0.0,4.0592
14,Rest,361.1999999999971,0.0,4.0593
14,Rest,361.3000000000029,0.0,4.0593
14,Rest,361.3999999999942,0.0,4.0593
14,Rest,361.5,0.0,4.0593
14,Rest,361.59999999999127,0.0,4.0593
14,Rest,361.6999999999971,0.0,4.0593
14,Rest,361.8000000000029,0.0,4.0593
14,Rest,361.8999999999942,0.0,4.0593
14,Rest,362.0,0.0,4.0593
14,Rest,362.09999999999127,0.0,4.0593
14,Rest,362.1999999999971,0.0,4.0593
14,Rest,362.3000000000029,0.0,4.0593
14,Rest,362.3999999999942,0.0,4.0593
14,Rest,362.5,0.0,4.0593
14,Rest,362.59999999999127,0.0,4.0593
14,Rest,362.6999999999971,0.0,4.0593
14,Rest,362.8000000000029,0.0,4.0593
14,Rest,362.8999999999942,0.0,4.0593
14,Rest,363.0,0.0,4.0593
14,Rest,363.09999999999127,0.0,4.0593
14,Rest,363.1999999999971,0.0,4.0593
14,Rest,363.3000000000029,0.0,4.0593
14,Rest,363.3999999999942,0.0,4.0593
14,Rest,363.5,0.0,4.0592
14,Rest,363.59999999999127,0.0,4.0593
14,Rest,363.6999999999971,0.0,4.0593
14,Rest,363.8000000000029,0.0,4.0593
14,Rest,363.8999999999942,0.0,4.0592
14,Rest,364.0,0.0,4.0592
14,Rest,364.09999999999127,0.0,4.0592
14,Rest,364.1999999999971,0.0,4.0593
14,Rest,364.3000000000029,0.0,4.0593
14,Rest,364.3999999999942,0.0,4.0593
14,Rest,364.5,0.0,4.0593
14,Rest,364.59999999999127,0.0,4.0593
14,Rest,364.6999999999971,0.0,4.0593
14,Rest,364.8000000000029,0.0,4.0593
14,Rest,364.8999999999942,0.0,4.0593
14,Rest,365.0,0.0,4.0593
14,Rest,365.09999999999127,0.0,4.0593
14,Rest,365.1999999999971,0.0,4.0593
14,Rest,365.3000000000029,0.0,4.0593
14,Rest,365.3999999999942,0.0,4.0593
14,Rest,365.5,0.0,4.0593
14,Rest,365.59999999999127,0.0,4.0593
14,Rest,365.6999999999971,0.0,4.0593
14,Rest,365.8000000000029,0.0,4.0593
14,Rest,365.8999999999942,0.0,4.0593
14,Rest,366.0,0.0,4.0593
14,Rest,366.09999999999127,0.0,4.0593
14,Rest,366.1999999999971,0.0,4.0593
14,Rest,366.3000000000029,0.0,4.0593
14,Rest,366.3999999999942,0.0,4.0593
14,Rest,366.5,0.0,4.0593
14,Rest,366.59999999999127,0.0,4.0593
14,Rest,366.6999999999971,0.0,4.0593
14,Rest,366.8000000000029,0.0,4.0593
14,Rest,366.8999999999942,0.0,4.0593
14,Rest,367.0,0.0,4.0593
14,Rest,367.09999999999127,0.0,4.0593
14,Rest,367.1999999999971,0.0,4.0593
14,Rest,367.3000000000029,0.0,4.0593
14,Rest,367.3999999999942,0.0,4.0594
14,Rest,367.5,0.0,4.0593
14,Rest,367.59999999999127,0.0,4.0593
14,Rest,367.6999999999971,0.0,4.0593
14,Rest,367.8000000000029,0.0,4.0593
14,Rest,367.8999999999942,0.0,4.0593
14,Rest,368.0,0.0,4.0593
14,Rest,368.09999999999127,0.0,4.0593
14,Rest,368.1999999999971,0.0,4.0593
14,Rest,368.3000000000029,0.0,4.0593
14,Rest,368.3999999999942,0.0,4.0594
14,Rest,368.5,0.0,4.0593
14,Rest,368.59999999999127,0.0,4.0593
14,Rest,368.6999999999971,0.0,4.0593
14,Rest,368.8000000000029,0.0,4.0593
14,Rest,368.8999999999942,0.0,4.0593
14,Rest,369.0,0.0,4.0593
14,Rest,369.09999999999127,0.0,4.0593
14,Rest,369.1999999999971,0.0,4.0593
14,Rest,369.3000000000029,0.0,4.0593
14,Rest,369.3999999999942,0.0,4.0593
14,Rest,369.5,0.0,4.0593
14,Rest,369.59999999999127,0.0,4.0593
14,Rest,369.6999999999971,0.0,4.0594
14,Rest,369.8000000000029,0.0,4.0594
14,Rest,369.8999999999942,0.0,4.0594
14,Rest,370.0,0.0,4.0593
14,Rest,370.09999999999127,0.0,4.0593
14,Rest,370.1999999999971,0.0,4.0593
14,Rest,370.3000000000029,0.0,4.0594
14,Rest,370.3999999999942,0.0,4.0593
14,Rest,370.5,0.0,4.0593
14,Rest,370.59999999999127,0.0,4.0593
14,Rest,370.6999999999971,0.0,4.0593
14,Rest,370.8000000000029,0.0,4.0593
14,Rest,370.8999999999942,0.0,4.0594
14,Rest,371.0,0.0,4.0594
14,Rest,371.09999999999127,0.0,4.0593
14,Rest,371.1999999999971,0.0,4.0593
14,Rest,371.3000000000029,0.0,4.0594
14,Rest,371.3999999999942,0.0,4.0593
14,Rest,371.5,0.0,4.0593
14,Rest,371.59999999999127,0.0,4.0594
14,Rest,371.6999999999971,0.0,4.0593
14,Rest,371.8000000000029,0.0,4.0593
14,Rest,371.8999999999942,0.0,4.0593
14,Rest,372.0,0.0,4.0594
14,Rest,372.09999999999127,0.0,4.0594
14,Rest,372.1999999999971,0.0,4.0594
14,Rest,372.3000000000029,0.0,4.0593
14,Rest,372.3999999999942,0.0,4.0593
14,Rest,372.5,0.0,4.0593
14,Rest,372.59999999999127,0.0,4.0593
14,Rest,372.6999999999971,0.0,4.0593
14,Rest,372.8000000000029,0.0,4.0593
14,Rest,372.8999999999942,0.0,4.0594
14,Rest,373.0,0.0,4.0593
14,Rest,373.09999999999127,0.0,4.0593
14,Rest,373.1999999999971,0.0,4.0593
14,Rest,373.3000000000029,0.0,4.0593
14,Rest,373.3999999999942,0.0,4.0594
14,Rest,373.5,0.0,4.0594
14,Rest,373.59999999999127,0.0,4.0594
14,Rest,373.6999999999971,0.0,4.0594
14,Rest,373.8000000000029,0.0,4.0594
14,Rest,373.8999999999942,0.0,4.0594
14,Rest,374.0,0.0,4.0593
14,Rest,374.09999999999127,0.0,4.0593
14,Rest,374.1999999999971,0.0,4.0593
14,Rest,374.3000000000029,0.0,4.0593
14,Rest,374.3999999999942,0.0,4.0594
14,Rest,374.5,0.0,4.0594
14,Rest,374.59999999999127,0.0,4.0593
14,Rest,374.6999999999971,0.0,4.0593
14,Rest,374.8000000000029,0.0,4.0593
14,Rest,374.8999999999942,0.0,4.0593
14,Rest,375.0,0.0,4.0593
14,Rest,375.09999999999127,0.0,4.0593
14,Rest,375.1999999999971,0.0,4.0594
14,Rest,375.3000000000029,0.0,4.0593
14,Rest,375.3999999999942,0.0,4.0593
14,Rest,375.5,0.0,4.0593
14,Rest,375.59999999999127,0.0,4.0593
14,Rest,375.6999999999971,0.0,4.0593
14,Rest,375.8000000000029,0.0,4.0594
14,Rest,375.8999999999942,0.0,4.0594
14,Rest,376.0,0.0,4.0594
14,Rest,376.09999999999127,0.0,4.0594
14,Rest,376.1999999999971,0.0,4.0594
14,Rest,376.3000000000029,0.0,4.0594
14,Rest,376.3999999999942,0.0,4.0594
14,Rest,376.5,0.0,4.0594
14,Rest,376.59999999999127,0.0,4.0594
14,Rest,376.6999999999971,0.0,4.0594
14,Rest,376.8000000000029,0.0,4.0594
14,Rest,376.8999999999942,0.0,4.0594
14,Rest,377.0,0.0,4.0594
14,Rest,377.09999999999127,0.0,4.0594
14,Rest,377.1999999999971,0.0,4.0594
14,Rest,377.3000000000029,0.0,4.0594
14,Rest,377.3999999999942,0.0,4.0594
14,Rest,377.5,0.0,4.0594
14,Rest,377.59999999999127,0.0,4.0594
14,Rest,377.6999999999971,0.0,4.0593
14,Rest,377.8000000000029,0.0,4.0593
14,Rest,377.8999999999942,0.0,4.0594
14,Rest,378.0,0.0,4.0594
14,Rest,378.09999999999127,0.0,4.0594
14,Rest,378.1999999999971,0.0,4.0594
14,Rest,378.3000000000029,0.0,4.0594
14,Rest,378.3999999999942,0.0,4.0594
14,Rest,378.5,0.0,4.0594
14,Rest,378.59999999999127,0.0,4.0594
14,Rest,378.6999999999971,0.0,4.0594
14,Rest,378.8000000000029,0.0,4.0594
14,Rest,378.8999999999942,0.0,4.0594
14,Rest,379.0,0.0,4.0594
14,Rest,379.09999999999127,0.0,4.0594
14,Rest,379.1999999999971,0.0,4.0594
14,Rest,379.3000000000029,0.0,4.0594
14,Rest,379.3999999999942,0.0,4.0594
14,Rest,379.5,0.0,4.0594
14,Rest,379.59999999999127,0.0,4.0594
14,Rest,379.6999999999971,0.0,4.0594
14,Rest,379.8000000000029,0.0,4.0595
14,Rest,379.8999999999942,0.0,4.0594
14,Rest,380.0,0.0,4.0594
14,Rest,380.09999999999127,0.0,4.0594
14,Rest,380.1999999999971,0.0,4.0594
14,Rest,380.3000000000029,0.0,4.0594
14,Rest,380.3999999999942,0.0,4.0594
14,Rest,380.5,0.0,4.0594
14,Rest,380.59999999999127,0.0,4.0594
14,Rest,380.6999999999971,0.0,4.0594
14,Rest,380.8000000000029,0.0,4.0594
14,Rest,380.8999999999942,0.0,4.0594
14,Rest,381.0,0.0,4.0594
14,Rest,381.09999999999127,0.0,4.0594
14,Rest,381.1999999999971,0.0,4.0594
14,Rest,381.3000000000029,0.0,4.0594
14,Rest,381.3999999999942,0.0,4.0594
14,Rest,381.5,0.0,4.0594
14,Rest,381.59999999999127,0.0,4.0594
14,Rest,381.6999999999971,0.0,4.0594
14,Rest,381.8000000000029,0.0,4.0594
14,Rest,381.8999999999942,0.0,4.0594
14,Rest,382.0,0.0,4.0594
14,Rest,382.09999999999127,0.0,4.0594
14,Rest,382.1999999999971,0.0,4.0594
14,Rest,382.3000000000029,0.0,4.0594
14,Rest,382.3999999999942,0.0,4.0594
14,Rest,382.5,0.0,4.0594
14,Rest,382.59999999999127,0.0,4.0594
14,Rest,382.6999999999971,0.0,4.0594
14,Rest,382.8000000000029,0.0,4.0594
14,Rest,382.8999999999942,0.0,4.0594
14,Rest,383.0,0.0,4.0594
14,Rest,383.09999999999127,0.0,4.0594
14,Rest,383.1999999999971,0.0,4.0594
14,Rest,383.3000000000029,0.0,4.0594
14,Rest,383.3999999999942,0.0,4.0594
14,Rest,383.5,0.0,4.0594
14,Rest,383.59999999999127,0.0,4.0594
14,Rest,383.6999999999971,0.0,4.0594
14,Rest,383.8000000000029,0.0,4.0594
14,Rest,383.8999999999942,0.0,4.0595
14,Rest,384.0,0.0,4.0595
14,Rest,384.09999999999127,0.0,4.0594
14,Rest,384.1999999999971,0.0,4.0594
14,Rest,384.3000000000029,0.0,4.0594
14,Rest,384.3999999999942,0.0,4.0594
14,Rest,384.5,0.0,4.0595
14,Rest,384.59999999999127,0.0,4.0595
14,Rest,384.6999999999971,0.0,4.0594
14,Rest,384.8000000000029,0.0,4.0594
14,Rest,384.8999999999942,0.0,4.0594
14,Rest,385.0,0.0,4.0594
14,Rest,385.09999999999127,0.0,4.0594
14,Rest,385.1999999999971,0.0,4.0594
14,Rest,385.3000000000029,0.0,4.0594
14,Rest,385.3999999999942,0.0,4.0594
14,Rest,385.5,0.0,4.0595
14,Rest,385.59999999999127,0.0,4.0594
14,Rest,385.6999999999971,0.0,4.0594
14,Rest,385.8000000000029,0.0,4.0594
14,Rest,385.8999999999942,0.0,4.0594
14,Rest,386.0,0.0,4.0594
14,Rest,386.09999999999127,0.0,4.0594
14,Rest,386.1999999999971,0.0,4.0594
14,Rest,386.3000000000029,0.0,4.0595
14,Rest,386.3999999999942,0.0,4.0595
14,Rest,386.5,0.0,4.0595
14,Rest,386.59999999999127,0.0,4.0595
14,Rest,386.6999999999971,0.0,4.0594
14,Rest,386.8000000000029,0.0,4.0595
14,Rest,386.8999999999942,0.0,4.0595
14,Rest,387.0,0.0,4.0595
14,Rest,387.09999999999127,0.0,4.0595
14,Rest,387.1999999999971,0.0,4.0595
14,Rest,387.3000000000029,0.0,4.0595
14,Rest,387.3999999999942,0.0,4.0595
14,Rest,387.5,0.0,4.0594
14,Rest,387.59999999999127,0.0,4.0595
14,Rest,387.6999999999971,0.0,4.0595
14,Rest,387.8000000000029,0.0,4.0595
14,Rest,387.8999999999942,0.0,4.0595
14,Rest,388.0,0.0,4.0594
14,Rest,388.09999999999127,0.0,4.0595
14,Rest,388.1999999999971,0.0,4.0595
14,Rest,388.3000000000029,0.0,4.0595
14,Rest,388.3999999999942,0.0,4.0594
14,Rest,388.5,0.0,4.0595
14,Rest,388.59999999999127,0.0,4.0595
14,Rest,388.6999999999971,0.0,4.0595
14,Rest,388.8000000000029,0.0,4.0595
14,Rest,388.8999999999942,0.0,4.0595
14,Rest,389.0,0.0,4.0595
14,Rest,389.09999999999127,0.0,4.0595
14,Rest,389.1999999999971,0.0,4.0595
14,Rest,389.3000000000029,0.0,4.0595
14,Rest,389.3999999999942,0.0,4.0595
14,Rest,389.5,0.0,4.0595
14,Rest,389.59999999999127,0.0,4.0594
14,Rest,389.6999999999971,0.0,4.0595
14,Rest,389.8000000000029,0.0,4.0595
14,Rest,389.8999999999942,0.0,4.0595
14,Rest,390.0,0.0,4.0594
14,Rest,390.09999999999127,0.0,4.0594
14,Rest,390.1999999999971,0.0,4.0595
14,Rest,390.3000000000029,0.0,4.0595
14,Rest,390.3999999999942,0.0,4.0595
14,Rest,390.5,0.0,4.0594
14,Rest,390.59999999999127,0.0,4.0595
14,Rest,390.6999999999971,0.0,4.0594
14,Rest,390.8000000000029,0.0,4.0595
14,Rest,390.8999999999942,0.0,4.0595
14,Rest,391.0,0.0,4.0595
14,Rest,391.09999999999127,0.0,4.0595
14,Rest,391.1999999999971,0.0,4.0595
14,Rest,391.3000000000029,0.0,4.0595
14,Rest,391.3999999999942,0.0,4.0595
14,Rest,391.5,0.0,4.0595
14,Rest,391.59999999999127,0.0,4.0595
14,Rest,391.6999999999971,0.0,4.0595
14,Rest,391.8000000000029,0.0,4.0595
14,Rest,391.8999999999942,0.0,4.0595
14,Rest,392.0,0.0,4.0595
14,Rest,392.09999999999127,0.0,4.0595
14,Rest,392.1999999999971,0.0,4.0595
14,Rest,392.3000000000029,0.0,4.0595
14,Rest,392.3999999999942,0.0,4.0595
14,Rest,392.5,0.0,4.0595
14,Rest,392.59999999999127,0.0,4.0595
14,Rest,392.6999999999971,0.0,4.0595
14,Rest,392.8000000000029,0.0,4.0595
14,Rest,392.8999999999942,0.0,4.0595
14,Rest,393.0,0.0,4.0595
14,Rest,393.09999999999127,0.0,4.0595
14,Rest,393.1999999999971,0.0,4.0596
14,Rest,393.3000000000029,0.0,4.0595
14,Rest,393.3999999999942,0.0,4.0595
14,Rest,393.5,0.0,4.0595
14,Rest,393.59999999999127,0.0,4.0595
14,Rest,393.6999999999971,0.0,4.0595
14,Rest,393.8000000000029,0.0,4.0595
14,Rest,393.8999999999942,0.0,4.0595
14,Rest,394.0,0.0,4.0595
14,Rest,394.09999999999127,0.0,4.0595
14,Rest,394.1999999999971,0.0,4.0595
14,Rest,394.3000000000029,0.0,4.0595
14,Rest,394.3999999999942,0.0,4.0595
14,Rest,394.5,0.0,4.0595
14,Rest,394.59999999999127,0.0,4.0595
14,Rest,394.6999999999971,0.0,4.0595
14,Rest,394.8000000000029,0.0,4.0595
14,Rest,394.8999999999942,0.0,4.0595
14,Rest,395.0,0.0,4.0595
14,Rest,395.09999999999127,0.0,4.0595
14,Rest,395.1999999999971,0.0,4.0595
14,Rest,395.3000000000029,0.0,4.0595
14,Rest,395.3999999999942,0.0,4.0595
14,Rest,395.5,0.0,4.0595
14,Rest,395.59999999999127,0.0,4.0595
14,Rest,395.6999999999971,0.0,4.0595
14,Rest,395.8000000000029,0.0,4.0595
14,Rest,395.8999999999942,0.0,4.0595
14,Rest,396.0,0.0,4.0595
14,Rest,396.09999999999127,0.0,4.0595
14,Rest,396.1999999999971,0.0,4.0595
14,Rest,396.3000000000029,0.0,4.0596
14,Rest,396.3999999999942,0.0,4.0595
14,Rest,396.5,0.0,4.0595
14,Rest,396.59999999999127,0.0,4.0595
14,Rest,396.6999999999971,0.0,4.0595
14,Rest,396.8000000000029,0.0,4.0595
14,Rest,396.8999999999942,0.0,4.0595
14,Rest,397.0,0.0,4.0595
14,Rest,397.09999999999127,0.0,4.0595
14,Rest,397.1999999999971,0.0,4.0595
14,Rest,397.3000000000029,0.0,4.0595
14,Rest,397.3999999999942,0.0,4.0595
14,Rest,397.5,0.0,4.0595
14,Rest,397.59999999999127,0.0,4.0595
14,Rest,397.6999999999971,0.0,4.0595
14,Rest,397.8000000000029,0.0,4.0595
14,Rest,397.8999999999942,0.0,4.0595
14,Rest,398.0,0.0,4.0595
14,Rest,398.09999999999127,0.0,4.0595
14,Rest,398.1999999999971,0.0,4.0595
14,Rest,398.3000000000029,0.0,4.0596
14,Rest,398.3999999999942,0.0,4.0596
14,Rest,398.5,0.0,4.0595
14,Rest,398.59999999999127,0.0,4.0595
14,Rest,398.6999999999971,0.0,4.0595
14,Rest,398.8000000000029,0.0,4.0595
14,Rest,398.8999999999942,0.0,4.0595
14,Rest,399.0,0.0,4.0595
14,Rest,399.09999999999127,0.0,4.0595
14,Rest,399.1999999999971,0.0,4.0595
14,Rest,399.3000000000029,0.0,4.0595
14,Rest,399.3999999999942,0.0,4.0595
14,Rest,399.5,0.0,4.0595
14,Rest,399.59999999999127,0.0,4.0595
14,Rest,399.6999999999971,0.0,4.0596
14,Rest,399.8000000000029,0.0,4.0595
14,Rest,399.8999999999942,0.0,4.0595
14,Rest,400.0,0.0,4.0595
14,Rest,400.09999999999127,0.0,4.0595
14,Rest,400.1999999999971,0.0,4.0595
14,Rest,400.3000000000029,0.0,4.0596
14,Rest,400.3999999999942,0.0,4.0595
14,Rest,400.5,0.0,4.0595
14,Rest,400.59999999999127,0.0,4.0595
14,Rest,400.6999999999971,0.0,4.0595
14,Rest,400.8000000000029,0.0,4.0595
14,Rest,400.8999999999942,0.0,4.0595
14,Rest,401.0,0.0,4.0595
14,Rest,401.09999999999127,0.0,4.0596
14,Rest,401.1999999999971,0.0,4.0596
14,Rest,401.3000000000029,0.0,4.0596
14,Rest,401.3999999999942,0.0,4.0596
14,Rest,401.5,0.0,4.0595
14,Rest,401.59999999999127,0.0,4.0596
14,Rest,401.6999999999971,0.0,4.0595
14,Rest,401.8000000000029,0.0,4.0595
14,Rest,401.8999999999942,0.0,4.0596
14,Rest,402.0,0.0,4.0595
14,Rest,402.09999999999127,0.0,4.0595
14,Rest,402.1999999999971,0.0,4.0595
14,Rest,402.3000000000029,0.0,4.0595
14,Rest,402.3999999999942,0.0,4.0595
14,Rest,402.5,0.0,4.0596
14,Rest,402.59999999999127,0.0,4.0596
14,Rest,402.6999999999971,0.0,4.0595
14,Rest,402.8000000000029,0.0,4.0596
14,Rest,402.8999999999942,0.0,4.0595
14,Rest,403.0,0.0,4.0596
14,Rest,403.09999999999127,0.0,4.0596
14,Rest,403.1999999999971,0.0,4.0595
14,Rest,403.3000000000029,0.0,4.0595
14,Rest,403.3999999999942,0.0,4.0595
14,Rest,403.5,0.0,4.0595
14,Rest,403.59999999999127,0.0,4.0595
14,Rest,403.6999999999971,0.0,4.0596
14,Rest,403.8000000000029,0.0,4.0595
14,Rest,403.8999999999942,0.0,4.0595
14,Rest,404.0,0.0,4.0595
14,Rest,404.09999999999127,0.0,4.0596
14,Rest,404.1999999999971,0.0,4.0595
14,Rest,404.3000000000029,0.0,4.0595
14,Rest,404.3999999999942,0.0,4.0596
14,Rest,404.5,0.0,4.0596
14,Rest,404.59999999999127,0.0,4.0596
14,Rest,404.6999999999971,0.0,4.0595
14,Rest,404.8000000000029,0.0,4.0595
14,Rest,404.8999999999942,0.0,4.0596
14,Rest,405.0,0.0,4.0596
14,Rest,405.09999999999127,0.0,4.0596
14,Rest,405.1999999999971,0.0,4.0596
14,Rest,405.3000000000029,0.0,4.0596
14,Rest,405.3999999999942,0.0,4.0596
14,Rest,405.5,0.0,4.0596
14,Rest,405.59999999999127,0.0,4.0595
14,Rest,405.6999999999971,0.0,4.0595
14,Rest,405.8000000000029,0.0,4.0595
14,Rest,405.8999999999942,0.0,4.0596
14,Rest,406.0,0.0,4.0596
14,Rest,406.09999999999127,0.0,4.0596
14,Rest,406.1999999999971,0.0,4.0596
14,Rest,406.3000000000029,0.0,4.0596
14,Rest,406.3999999999942,0.0,4.0596
14,Rest,406.5,0.0,4.0596
14,Rest,406.59999999999127,0.0,4.0596
14,Rest,406.6999999999971,0.0,4.0596
14,Rest,406.8000000000029,0.0,4.0596
14,Rest,406.8999999999942,0.0,4.0596
14,Rest,407.0,0.0,4.0596
14,Rest,407.09999999999127,0.0,4.0596
14,Rest,407.1999999999971,0.0,4.0595
14,Rest,407.3000000000029,0.0,4.0595
14,Rest,407.3999999999942,0.0,4.0596
14,Rest,407.5,0.0,4.0596
14,Rest,407.59999999999127,0.0,4.0596
14,Rest,407.6999999999971,0.0,4.0596
14,Rest,407.8000000000029,0.0,4.0596
14,Rest,407.8999999999942,0.0,4.0595
14,Rest,408.0,0.0,4.0596
14,Rest,408.09999999999127,0.0,4.0596
14,Rest,408.1999999999971,0.0,4.0596
14,Rest,408.3000000000029,0.0,4.0596
14,Rest,408.3999999999942,0.0,4.0596
14,Rest,408.5,0.0,4.0596
14,Rest,408.59999999999127,0.0,4.0596
14,Rest,408.6999999999971,0.0,4.0596
14,Rest,408.8000000000029,0.0,4.0596
14,Rest,408.8999999999942,0.0,4.0596
14,Rest,409.0,0.0,4.0596
14,Rest,409.09999999999127,0.0,4.0595
14,Rest,409.1999999999971,0.0,4.0596
14,Rest,409.3000000000029,0.0,4.0596
14,Rest,409.3999999999942,0.0,4.0596
14,Rest,409.5,0.0,4.0596
14,Rest,409.59999999999127,0.0,4.0596
14,Rest,409.6999999999971,0.0,4.0596
14,Rest,409.8000000000029,0.0,4.0596
14,Rest,409.8999999999942,0.0,4.0596
14,Rest,410.0,0.0,4.0596
14,Rest,410.09999999999127,0.0,4.0596
14,Rest,410.1999999999971,0.0,4.0596
14,Rest,410.3000000000029,0.0,4.0596
14,Rest,410.3999999999942,0.0,4.0596
14,Rest,410.5,0.0,4.0596
14,Rest,410.59999999999127,0.0,4.0596
14,Rest,410.6999999999971,0.0,4.0596
14,Rest,410.8000000000029,0.0,4.0596
14,Rest,410.8999999999942,0.0,4.0596
14,Rest,411.0,0.0,4.0595
14,Rest,411.09999999999127,0.0,4.0596
14,Rest,411.1999999999971,0.0,4.0596
14,Rest,411.3000000000029,0.0,4.0596
14,Rest,411.3999999999942,0.0,4.0596
14,Rest,411.5,0.0,4.0596
14,Rest,411.59999999999127,0.0,4.0596
14,Rest,411.6999999999971,0.0,4.0596
14,Rest,411.8000000000029,0.0,4.0596
14,Rest,411.8999999999942,0.0,4.0596
14,Rest,412.0,0.0,4.0596
14,Rest,412.09999999999127,0.0,4.0596
14,Rest,412.1999999999971,0.0,4.0596
14,Rest,412.3000000000029,0.0,4.0596
14,Rest,412.3999999999942,0.0,4.0596
14,Rest,412.5,0.0,4.0596
14,Rest,412.59999999999127,0.0,4.0596
14,Rest,412.6999999999971,0.0,4.0596
14,Rest,412.8000000000029,0.0,4.0596
14,Rest,412.8999999999942,0.0,4.0596
14,Rest,413.0,0.0,4.0596
14,Rest,413.09999999999127,0.0,4.0596
14,Rest,413.1999999999971,0.0,4.0596
14,Rest,413.3000000000029,0.0,4.0596
14,Rest,413.3999999999942,0.0,4.0596
14,Rest,413.5,0.0,4.0596
14,Rest,413.59999999999127,0.0,4.0596
14,Rest,413.6999999999971,0.0,4.0596
14,Rest,413.8000000000029,0.0,4.0596
14,Rest,413.8999999999942,0.0,4.0596
14,Rest,414.0,0.0,4.0596
14,Rest,414.09999999999127,0.0,4.0596
14,Rest,414.1999999999971,0.0,4.0596
14,Rest,414.3000000000029,0.0,4.0596
14,Rest,414.3999999999942,0.0,4.0596
14,Rest,414.5,0.0,4.0596
14,Rest,414.59999999999127,0.0,4.0596
14,Rest,414.6999999999971,0.0,4.0596
14,Rest,414.8000000000029,0.0,4.0596
14,Rest,414.8999999999942,0.0,4.0596
14,Rest,415.0,0.0,4.0596
14,Rest,415.09999999999127,0.0,4.0596
14,Rest,415.1999999999971,0.0,4.0596
14,Rest,415.3000000000029,0.0,4.0596
14,Rest,415.3999999999942,0.0,4.0596
14,Rest,415.5,0.0,4.0596
14,Rest,415.59999999999127,0.0,4.0596
14,Rest,415.6999999999971,0.0,4.0596
14,Rest,415.8000000000029,0.0,4.0596
14,Rest,415.8999999999942,0.0,4.0596
14,Rest,416.0,0.0,4.0596
14,Rest,416.09999999999127,0.0,4.0596
14,Rest,416.1999999999971,0.0,4.0596
14,Rest,416.3000000000029,0.0,4.0596
14,Rest,416.3999999999942,0.0,4.0596
14,Rest,416.5,0.0,4.0596
14,Rest,416.59999999999127,0.0,4.0596
14,Rest,416.6999999999971,0.0,4.0596
14,Rest,416.8000000000029,0.0,4.0596
14,Rest,416.8999999999942,0.0,4.0597
14,Rest,417.0,0.0,4.0596
14,Rest,417.09999999999127,0.0,4.0596
14,Rest,417.1999999999971,0.0,4.0596
14,Rest,417.3000000000029,0.0,4.0596
14,Rest,417.3999999999942,0.0,4.0596
14,Rest,417.5,0.0,4.0596
14,Rest,417.59999999999127,0.0,4.0596
14,Rest,417.6999999999971,0.0,4.0596
14,Rest,417.8000000000029,0.0,4.0596
14,Rest,417.8999999999942,0.0,4.0596
14,Rest,418.0,0.0,4.0596
14,Rest,418.09999999999127,0.0,4.0597
14,Rest,418.1999999999971,0.0,4.0597
14,Rest,418.3000000000029,0.0,4.0596
14,Rest,418.3999999999942,0.0,4.0596
14,Rest,418.5,0.0,4.0597
14,Rest,418.59999999999127,0.0,4.0596
14,Rest,418.6999999999971,0.0,4.0596
14,Rest,418.8000000000029,0.0,4.0596
14,Rest,418.8999999999942,0.0,4.0596
14,Rest,419.0,0.0,4.0596
14,Rest,419.09999999999127,0.0,4.0597
14,Rest,419.1999999999971,0.0,4.0597
14,Rest,419.3000000000029,0.0,4.0596
14,Rest,419.3999999999942,0.0,4.0596
14,Rest,419.5,0.0,4.0596
14,Rest,419.59999999999127,0.0,4.0597
14,Rest,419.6999999999971,0.0,4.0597
14,Rest,419.8000000000029,0.0,4.0597
14,Rest,419.8999999999942,0.0,4.0596
14,Rest,420.0,0.0,4.0596
14,Rest,420.09999999999127,0.0,4.0596
14,Rest,420.1999999999971,0.0,4.0596
14,Rest,420.3000000000029,0.0,4.0596
14,Rest,420.3999999999942,0.0,4.0596
14,Rest,420.5,0.0,4.0596
14,Rest,420.59999999999127,0.0,4.0596
14,Rest,420.6999999999971,0.0,4.0596
14,Rest,420.8000000000029,0.0,4.0597
14,Rest,420.8999999999942,0.0,4.0597
14,Rest,421.0,0.0,4.0596
14,Rest,421.09999999999127,0.0,4.0597
14,Rest,421.1999999999971,0.0,4.0596
14,Rest,421.3000000000029,0.0,4.0596
14,Rest,421.3999999999942,0.0,4.0596
14,Rest,421.5,0.0,4.0596
14,Rest,421.59999999999127,0.0,4.0596
14,Rest,421.6999999999971,0.0,4.0597
14,Rest,421.8000000000029,0.0,4.0597
14,Rest,421.8999999999942,0.0,4.0596
14,Rest,422.0,0.0,4.0596
14,Rest,422.09999999999127,0.0,4.0596
14,Rest,422.1999999999971,0.0,4.0596
14,Rest,422.3000000000029,0.0,4.0596
14,Rest,422.3999999999942,0.0,4.0596
14,Rest,422.5,0.0,4.0596
14,Rest,422.59999999999127,0.0,4.0596
14,Rest,422.6999999999971,0.0,4.0596
14,Rest,422.8000000000029,0.0,4.0596
14,Rest,422.8999999999942,0.0,4.0596
14,Rest,423.0,0.0,4.0596
14,Rest,423.09999999999127,0.0,4.0596
14,Rest,423.1999999999971,0.0,4.0596
14,Rest,423.3000000000029,0.0,4.0596
14,Rest,423.3999999999942,0.0,4.0597
14,Rest,423.5,0.0,4.0596
14,Rest,423.59999999999127,0.0,4.0596
14,Rest,423.6999999999971,0.0,4.0596
14,Rest,423.8000000000029,0.0,4.0597
14,Rest,423.8999999999942,0.0,4.0597
14,Rest,424.0,0.0,4.0597
14,Rest,424.09999999999127,0.0,4.0597
14,Rest,424.1999999999971,0.0,4.0597
14,Rest,424.3000000000029,0.0,4.0597
14,Rest,424.3999999999942,0.0,4.0597
14,Rest,424.5,0.0,4.0597
14,Rest,424.59999999999127,0.0,4.0597
14,Rest,424.6999999999971,0.0,4.0597
14,Rest,424.8000000000029,0.0,4.0597
14,Rest,424.8999999999942,0.0,4.0596
14,Rest,425.0,0.0,4.0597
14,Rest,425.09999999999127,0.0,4.0597
14,Rest,425.1999999999971,0.0,4.0597
14,Rest,425.3000000000029,0.0,4.0596
14,Rest,425.3999999999942,0.0,4.0596
14,Rest,425.5,0.0,4.0596
14,Rest,425.59999999999127,0.0,4.0597
14,Rest,425.6999999999971,0.0,4.0597
14,Rest,425.8000000000029,0.0,4.0597
14,Rest,425.8999999999942,0.0,4.0597
14,Rest,426.0,0.0,4.0596
14,Rest,426.09999999999127,0.0,4.0597
14,Rest,426.1999999999971,0.0,4.0597
14,Rest,426.3000000000029,0.0,4.0597
14,Rest,426.3999999999942,0.0,4.0597
14,Rest,426.5,0.0,4.0596
14,Rest,426.59999999999127,0.0,4.0596
14,Rest,426.6999999999971,0.0,4.0597
14,Rest,426.8000000000029,0.0,4.0596
14,Rest,426.8999999999942,0.0,4.0596
14,Rest,427.0,0.0,4.0596
14,Rest,427.09999999999127,0.0,4.0597
14,Rest,427.1999999999971,0.0,4.0597
14,Rest,427.3000000000029,0.0,4.0597
14,Rest,427.3999999999942,0.0,4.0597
14,Rest,427.5,0.0,4.0596
14,Rest,427.59999999999127,0.0,4.0596
14,Rest,427.6999999999971,0.0,4.0597
14,Rest,427.8000000000029,0.0,4.0597
14,Rest,427.8999999999942,0.0,4.0597
14,Rest,428.0,0.0,4.0597
14,Rest,428.09999999999127,0.0,4.0597
14,Rest,428.1999999999971,0.0,4.0597
14,Rest,428.3000000000029,0.0,4.0597
14,Rest,428.3999999999942,0.0,4.0597
14,Rest,428.5,0.0,4.0597
14,Rest,428.59999999999127,0.0,4.0597
14,Rest,428.6999999999971,0.0,4.0597
14,Rest,428.8000000000029,0.0,4.0597
14,Rest,428.8999999999942,0.0,4.0597
14,Rest,429.0,0.0,4.0597
14,Rest,429.09999999999127,0.0,4.0597
14,Rest,429.1999999999971,0.0,4.0597
14,Rest,429.3000000000029,0.0,4.0597
14,Rest,429.3999999999942,0.0,4.0597
14,Rest,429.5,0.0,4.0597
14,Rest,429.59999999999127,0.0,4.0596
14,Rest,429.6999999999971,0.0,4.0597
14,Rest,429.8000000000029,0.0,4.0597
14,Rest,429.8999999999942,0.0,4.0597
14,Rest,430.0,0.0,4.0597
14,Rest,430.09999999999127,0.0,4.0597
14,Rest,430.1999999999971,0.0,4.0597
14,Rest,430.3000000000029,0.0,4.0597
14,Rest,430.3999999999942,0.0,4.0597
14,Rest,430.5,0.0,4.0597
14,Rest,430.59999999999127,0.0,4.0597
14,Rest,430.6999999999971,0.0,4.0597
14,Rest,430.8000000000029,0.0,4.0597
14,Rest,430.8999999999942,0.0,4.0597
14,Rest,431.0,0.0,4.0597
14,Rest,431.09999999999127,0.0,4.0597
14,Rest,431.1999999999971,0.0,4.0597
14,Rest,431.3000000000029,0.0,4.0597
14,Rest,431.3999999999942,0.0,4.0597
14,Rest,431.5,0.0,4.0597
14,Rest,431.59999999999127,0.0,4.0597
14,Rest,431.6999999999971,0.0,4.0597
14,Rest,431.8000000000029,0.0,4.0597
14,Rest,431.8999999999942,0.0,4.0597
14,Rest,432.0,0.0,4.0597
14,Rest,432.09999999999127,0.0,4.0597
14,Rest,432.1999999999971,0.0,4.0597
14,Rest,432.3000000000029,0.0,4.0597
14,Rest,432.3999999999942,0.0,4.0597
14,Rest,432.5,0.0,4.0597
14,Rest,432.59999999999127,0.0,4.0597
14,Rest,432.6999999999971,0.0,4.0597
14,Rest,432.8000000000029,0.0,4.0597
14,Rest,432.8999999999942,0.0,4.0597
14,Rest,433.0,0.0,4.0597
14,Rest,433.09999999999127,0.0,4.0597
14,Rest,433.1999999999971,0.0,4.0597
14,Rest,433.3000000000029,0.0,4.0597
14,Rest,433.3999999999942,0.0,4.0597
14,Rest,433.5,0.0,4.0597
14,Rest,433.59999999999127,0.0,4.0597
14,Rest,433.6999999999971,0.0,4.0597
14,Rest,433.8000000000029,0.0,4.0597
14,Rest,433.8999999999942,0.0,4.0597
14,Rest,434.0,0.0,4.0597
14,Rest,434.09999999999127,0.0,4.0597
14,Rest,434.1999999999971,0.0,4.0598
14,Rest,434.3000000000029,0.0,4.0598
14,Rest,434.3999999999942,0.0,4.0597
14,Rest,434.5,0.0,4.0597
14,Rest,434.59999999999127,0.0,4.0597
14,Rest,434.6999999999971,0.0,4.0597
14,Rest,434.8000000000029,0.0,4.0597
14,Rest,434.8999999999942,0.0,4.0597
14,Rest,435.0,0.0,4.0597
14,Rest,435.09999999999127,0.0,4.0597
14,Rest,435.1999999999971,0.0,4.0597
14,Rest,435.3000000000029,0.0,4.0597
14,Rest,435.3999999999942,0.0,4.0597
14,Rest,435.5,0.0,4.0597
14,Rest,435.59999999999127,0.0,4.0597
14,Rest,435.6999999999971,0.0,4.0597
14,Rest,435.8000000000029,0.0,4.0597
14,Rest,435.8999999999942,0.0,4.0597
14,Rest,436.0,0.0,4.0597
14,Rest,436.09999999999127,0.0,4.0597
14,Rest,436.1999999999971,0.0,4.0597
14,Rest,436.3000000000029,0.0,4.0597
14,Rest,436.3999999999942,0.0,4.0597
14,Rest,436.5,0.0,4.0597
14,Rest,436.59999999999127,0.0,4.0597
14,Rest,436.6999999999971,0.0,4.0597
14,Rest,436.8000000000029,0.0,4.0597
14,Rest,436.8999999999942,0.0,4.0597
14,Rest,437.0,0.0,4.0597
14,Rest,437.09999999999127,0.0,4.0597
14,Rest,437.1999999999971,0.0,4.0597
14,Rest,437.3000000000029,0.0,4.0597
